x,y,z,type,is_movable,volume
198.945524,-225.965274,0.0,CD8_Tcell,1,597.513185804255
-328.816335,279.965308,0.0,CD4_Tcell,1,450.53855414171
-371.890272,305.317630,0.0,mesenchymal_tumor_class1,1,1016.2613210379224
-310.366907,399.587879,0.0,CD8_Tcell,1,713.8279105832409
320.474451,-108.541654,0.0,CD4_Tcell,1,479.4280061536943
69.672095,-50.428071,0.0,apCAF,1,454.7579602557063
211.145648,-372.615781,0.0,apCAF,1,237.09892876749018
-149.109876,-129.001144,0.0,apCAF,1,191.24439152212108
-382.040307,-60.635292,0.0,mesenchymal_tumor_class1,1,1069.26588612414
267.087526,410.092201,0.0,epithelial_tumor_class1,1,615.0936338326526
159.810901,338.466354,0.0,CD8_Tcell,1,671.3792168153818
6.765996,262.131233,0.0,CAF,1,775.5305016109301
-287.220037,-78.653625,0.0,CD8_Tcell,1,1072.2928544680706
-71.477189,258.427477,0.0,apCAF,1,819.9493443443673
-123.854687,57.929665,0.0,CD4_Tcell,1,881.3688128717076
-339.266157,144.763089,0.0,CD8_Tcell,1,512.85038664685
-161.097982,-416.387083,0.0,CD8_Tcell,1,773.5523685452058
22.423034,-167.523576,0.0,CD4_Tcell,1,437.98130969038704
315.662566,66.454397,0.0,mesenchymal_tumor_class1,1,654.5215366115988
-27.793000,-28.440578,0.0,CD4_Tcell,1,1011.2834445629859
-129.960027,-56.578411,0.0,CD8_Tcell,1,1052.439973015183
-367.685528,-42.202324,0.0,epithelial_tumor_class1,1,1102.1375172876535
-30.522026,-346.324184,0.0,CD8_Tcell,1,560.7288174584371
-40.269117,-35.579763,0.0,CD8_Tcell,1,469.09062614930383
195.484841,284.708311,0.0,CAF,1,477.7119079083388
-56.903589,-101.427472,0.0,CD8_Tcell,1,1001.3765102539733
80.300259,-458.343495,0.0,epithelial_tumor_class1,1,993.507340933282
-474.584729,-73.081532,0.0,epithelial_tumor_class1,1,1100.6418232882415
-211.210509,-427.135485,0.0,CD4_Tcell,1,775.5509122777905
107.072179,253.844919,0.0,CD4_Tcell,1,730.6054740908226
219.641989,271.327291,0.0,CD4_Tcell,1,767.9017206922773
387.179398,-304.072087,0.0,epithelial_tumor_class1_class2,1,2430.415299772374
101.777648,-243.650570,0.0,CD8_Tcell,1,366.52657105633944
255.749943,-229.084203,0.0,CD8_Tcell,1,402.9129357963365
391.511869,-91.894688,0.0,CD4_Tcell,1,991.7508944049911
163.041792,-393.751280,0.0,CD4_Tcell,1,430.4112715834941
-224.602393,-410.534990,0.0,CD4_Tcell,1,541.8714674989466
-159.536846,-8.574230,0.0,epithelial_tumor_class1,1,2637.258447580374
-104.405480,82.167757,0.0,CD4_Tcell,1,1028.0701372719848
66.419031,467.399157,0.0,epithelial_tumor_class1_class2,1,991.3661966224662
-281.744110,8.202347,0.0,CD4_Tcell,1,672.9748813284093
97.684256,-158.001691,0.0,epithelial_tumor_class1,1,3268.892095983761
-162.781309,91.197229,0.0,CD4_Tcell,1,999.0790734551881
-171.010768,-168.841122,0.0,CD4_Tcell,1,629.5457965821954
-176.429715,430.994068,0.0,CD4_Tcell,1,464.52178283964423
19.454334,154.743844,0.0,CD4_Tcell,1,575.0550570489692
-59.492566,292.846585,0.0,epithelial_tumor_class1,1,1167.6345030694342
84.027328,-205.659062,0.0,CD4_Tcell,1,864.4738167136169
289.402787,-181.903228,0.0,CD8_Tcell,1,949.1167943186114
65.435669,-126.959882,0.0,CD8_Tcell,1,522.876541617511
357.793548,104.644559,0.0,epithelial_tumor_class1_class2,1,649.36729995808
41.707655,486.521415,0.0,apCAF,1,180.25712716804034
-45.180025,-97.545474,0.0,CD4_Tcell,1,539.7688495473623
378.485292,-316.581563,0.0,CD8_Tcell,1,653.0097858914216
399.960930,227.831780,0.0,CD4_Tcell,1,489.5255568426101
-356.533745,-149.895395,0.0,CD8_Tcell,1,477.65280526290655
306.064014,-151.465253,0.0,CD4_Tcell,1,488.60997623217037
24.844216,-75.991317,0.0,epithelial_tumor_class1_class2,1,839.9364754864977
170.783152,15.254035,0.0,CD8_Tcell,1,693.1723648278579
-291.002630,11.901809,0.0,CAF,1,390.40807217567783
-236.749886,26.300105,0.0,CD4_Tcell,1,759.4573222789596
389.444836,90.702578,0.0,CD4_Tcell,1,627.0802153293405
-217.102813,348.959828,0.0,CD4_Tcell,1,409.39757644689007
224.923478,-275.062317,0.0,CD4_Tcell,1,429.9290103835163
133.599440,197.023899,0.0,CAF,1,1054.7563204040896
-98.643817,-450.037743,0.0,CD4_Tcell,1,755.0378739447527
84.530364,-167.859323,0.0,CD8_Tcell,1,764.0758492549592
296.015651,364.609085,0.0,CD8_Tcell,1,378.9871581838178
-394.099796,75.434712,0.0,epithelial_tumor_class1_class2,1,5258.712818616296
224.475683,187.326846,0.0,epithelial_tumor_class1,1,573.6850302758428
282.970421,-9.305706,0.0,CD4_Tcell,1,534.2733812429713
-431.563761,-179.331386,0.0,epithelial_tumor_class1,1,1355.90252681316
-23.623021,457.228447,0.0,CD8_Tcell,1,406.829952188273
304.111369,-173.978025,0.0,CD8_Tcell,1,614.4118411141843
-353.645116,-102.192648,0.0,CD4_Tcell,1,908.8562986226596
220.804643,57.947058,0.0,CD8_Tcell,1,582.4605504560996
-263.012929,-135.606460,0.0,CD4_Tcell,1,588.7565741918527
309.521640,-242.482570,0.0,CD8_Tcell,1,347.0313972832882
446.670457,166.452973,0.0,CD8_Tcell,1,599.5739690738683
11.637728,-269.765382,0.0,CD4_Tcell,1,551.4089643113465
405.643700,-154.830221,0.0,epithelial_tumor_class1,1,742.0806414473398
-5.550624,-226.862613,0.0,CD8_Tcell,1,780.090950427553
-20.727082,310.214156,0.0,CD8_Tcell,1,454.11480572705835
-413.214453,17.033530,0.0,CAF,1,667.401094861404
126.353847,289.372771,0.0,CD8_Tcell,1,826.5334886993323
191.241481,359.777551,0.0,CAF,1,608.194214620087
345.791423,108.321398,0.0,epithelial_tumor_class1_class2,1,1550.8536393613263
-227.076596,-353.282596,0.0,CD4_Tcell,1,486.90195292406275
-165.585376,376.907353,0.0,CD4_Tcell,1,587.3818212449339
97.577225,-209.915269,0.0,apCAF,1,173.65744506832576
350.047860,-100.735335,0.0,CAF,1,572.3171812252377
182.369016,-342.675861,0.0,CD4_Tcell,1,726.337860960654
309.219866,-184.394405,0.0,CAF,1,1054.7563204040896
-310.080137,-279.929341,0.0,CD8_Tcell,1,401.8586159267375
-410.345240,174.658571,0.0,apCAF,1,641.0534239815291
177.327976,281.011466,0.0,CD4_Tcell,1,797.5337749409583
117.542238,-109.556766,0.0,epithelial_tumor_class1,1,571.6007643542753
-380.554216,228.849617,0.0,CD4_Tcell,1,672.1025191939751
-156.999220,-241.338247,0.0,CD8_Tcell,1,540.5225970892601
-370.067440,81.118244,0.0,CAF,1,934.503699313045
-320.493243,360.035406,0.0,CD4_Tcell,1,681.36552831434
-136.892856,230.164040,0.0,epithelial_tumor_class1,1,1913.997833718175
-161.014794,-61.149908,0.0,CD4_Tcell,1,690.9967039617694
230.196198,-197.705543,0.0,CD4_Tcell,1,438.34398475537273
332.654915,-335.435145,0.0,CD8_Tcell,1,528.0725185749624
-52.601082,430.173929,0.0,epithelial_tumor_class1,1,517.7303510845094
-223.695316,323.005548,0.0,CD4_Tcell,1,309.90703133598396
-70.039900,124.717435,0.0,CD8_Tcell,1,996.8575391574659
-384.678589,290.579102,0.0,CAF,1,997.002321345379
-195.518615,-5.116065,0.0,CAF,1,523.5202397088843
461.527757,70.861405,0.0,CD4_Tcell,1,792.4291980475283
420.290255,185.426438,0.0,epithelial_tumor_class1,1,3787.872745379202
277.339116,238.739988,0.0,CAF,1,505.5727417810505
-451.414474,106.353732,0.0,CD8_Tcell,1,558.9221354897179
-50.569226,-298.757932,0.0,epithelial_tumor_class1,1,1347.5074185539452
-199.033724,312.393786,0.0,CAF,1,747.5044696829877
-283.869640,48.314006,0.0,CD8_Tcell,1,537.4798425355185
59.183145,-142.669067,0.0,CD4_Tcell,1,433.56168834645007
-87.922029,-469.146540,0.0,CD4_Tcell,1,283.54064129535925
369.705101,-57.377989,0.0,CD8_Tcell,1,794.2734534373528
-387.141378,238.620073,0.0,CD8_Tcell,1,1072.2928544680706
-252.933854,-22.962001,0.0,CD4_Tcell,1,565.5932221928227
-38.014795,-488.629351,0.0,CD4_Tcell,1,373.3549238312085
233.818753,-372.905634,0.0,CD4_Tcell,1,402.8337979153897
192.187176,-4.427363,0.0,CD4_Tcell,1,534.7830067623233
377.675789,-206.495071,0.0,CAF,1,483.40849044037174
182.034776,-103.643017,0.0,CD4_Tcell,1,385.77669115935345
374.113005,17.184344,0.0,CD4_Tcell,1,436.3100169353362
-261.159096,135.923526,0.0,CD4_Tcell,1,529.5430313772296
-102.487280,-85.994752,0.0,CD4_Tcell,1,522.9864039179108
-456.591120,-192.828873,0.0,CD8_Tcell,1,401.832281522749
453.592945,-206.005974,0.0,CD4_Tcell,1,389.59491948006524
-68.465948,345.102939,0.0,CD8_Tcell,1,428.7318077635213
123.486046,-174.941761,0.0,CD4_Tcell,1,668.8424988900937
-298.931948,-141.813527,0.0,epithelial_tumor_class1,1,1155.7172311261213
230.095122,-174.125560,0.0,CAF,1,792.1393505740632
291.392670,240.465953,0.0,CD8_Tcell,1,477.25398990782156
157.236418,-33.120198,0.0,CD4_Tcell,1,627.1510771887727
71.570568,-167.728114,0.0,CAF,1,1054.7563204040896
-105.555954,24.661060,0.0,CD4_Tcell,1,994.9284491480565
-275.159423,-310.879409,0.0,CD8_Tcell,1,387.36778544013936
25.450475,415.714047,0.0,CAF,1,555.7943055182764
-302.640080,-164.872809,0.0,CD8_Tcell,1,645.7749395225069
-461.165168,-144.941786,0.0,CD4_Tcell,1,442.89432909314763
-135.284283,154.720615,0.0,CAF,1,760.1821425374823
-120.757104,-386.181295,0.0,CD4_Tcell,1,402.6623680573749
166.257480,117.922165,0.0,CD8_Tcell,1,624.8154531909094
-360.916362,-115.939410,0.0,epithelial_tumor_class1_class2,1,3639.3793546800707
71.307096,-329.209587,0.0,CD8_Tcell,1,728.0585612152558
431.379965,-72.757402,0.0,CD8_Tcell,1,1070.1510678733748
455.847438,153.027734,0.0,CAF,1,1054.7563204040896
198.204473,-67.039074,0.0,CD8_Tcell,1,560.811031741693
311.091384,105.197573,0.0,CD4_Tcell,1,442.07997022612824
242.702258,392.760872,0.0,CD8_Tcell,1,485.48164454766896
230.306733,297.151525,0.0,CD8_Tcell,1,508.1397462114786
-393.561584,-180.287150,0.0,CD8_Tcell,1,557.4795872839937
-154.514435,-38.114519,0.0,CD4_Tcell,1,505.7569082388529
-401.615552,-165.944428,0.0,CD4_Tcell,1,530.3664422729294
-128.138349,-290.142467,0.0,epithelial_tumor_class1,1,3787.872745379202
-155.557931,-451.876916,0.0,CD4_Tcell,1,492.2942351853424
251.208443,231.981698,0.0,epithelial_tumor_class1_class2,1,673.6064221356419
-374.098858,-97.073531,0.0,apCAF,1,213.8392481633694
211.989598,184.349871,0.0,CD8_Tcell,1,338.68102192041704
-430.033686,244.983018,0.0,CD8_Tcell,1,802.9317457195286
-120.733379,-220.466872,0.0,CD4_Tcell,1,653.1735980286026
-81.631924,-255.688519,0.0,CD4_Tcell,1,545.0920918899258
352.849991,326.266592,0.0,CAF,1,634.0857728809622
188.516200,326.432202,0.0,CD4_Tcell,1,878.6154625105801
180.159067,-30.839259,0.0,CD4_Tcell,1,767.0909495086966
-7.270752,-61.206587,0.0,CD8_Tcell,1,546.6910118834054
431.230963,131.405508,0.0,CD8_Tcell,1,542.0643462650572
179.430022,294.970259,0.0,CD4_Tcell,1,551.2788996900377
-10.658744,-190.018643,0.0,CAF,1,1054.7563204040896
-297.840157,-128.888784,0.0,CD4_Tcell,1,860.4864043953658
393.593735,-65.028732,0.0,CAF,1,606.3561948604498
258.688104,77.039570,0.0,CD4_Tcell,1,411.84212010591494
45.271348,260.498833,0.0,CD4_Tcell,1,476.6783152911064
-437.544415,168.375701,0.0,CD8_Tcell,1,403.63884938673544
-204.606012,342.056626,0.0,epithelial_tumor_class1,1,3787.872745379202
-49.824291,-41.002926,0.0,CD8_Tcell,1,982.3066246940624
-312.514533,112.745334,0.0,CD4_Tcell,1,634.1393138564367
96.039149,20.745877,0.0,CD8_Tcell,1,516.2662382033699
87.523308,293.297779,0.0,apCAF,1,513.594374277417
15.048277,60.002221,0.0,CD4_Tcell,1,366.6504240996563
-83.752362,-275.868947,0.0,epithelial_tumor_class1_class2,1,1726.2903296376717
-33.363736,247.653232,0.0,CD8_Tcell,1,552.2874356391347
278.257466,-98.167973,0.0,CD4_Tcell,1,593.3374997108511
-276.971403,-10.776819,0.0,epithelial_tumor_class1,1,1307.2361839108642
-67.173810,-259.015405,0.0,CAF,1,590.5418516677128
36.962168,293.382510,0.0,CD4_Tcell,1,487.4259218974756
352.503516,185.736044,0.0,epithelial_tumor_class1,1,1790.8958902046213
479.026377,52.602103,0.0,apCAF,1,1092.8244532799033
333.233622,280.983941,0.0,CD4_Tcell,1,1028.0701372719848
-390.964392,142.236394,0.0,epithelial_tumor_class1,1,744.8588024324272
-57.561228,55.148096,0.0,CD4_Tcell,1,1011.3078061857841
-44.359609,-371.982846,0.0,epithelial_tumor_class1_class2,1,777.32801149703
353.902352,-134.046539,0.0,CD8_Tcell,1,941.2687237266168
-23.058679,394.887459,0.0,CD4_Tcell,1,641.0534239815291
233.917849,236.633199,0.0,CD4_Tcell,1,1028.0701372719848
-120.502291,223.266908,0.0,CD4_Tcell,1,326.024455822675
64.099652,314.548341,0.0,CD8_Tcell,1,420.902262545496
261.382337,-132.225020,0.0,CD4_Tcell,1,437.28442000815676
-6.818499,65.463067,0.0,CD4_Tcell,1,465.53773338922883
200.967621,-332.934661,0.0,CD4_Tcell,1,361.5830168928875
27.285346,-262.908579,0.0,CD4_Tcell,1,654.5215366115988
258.057679,-403.333864,0.0,CD4_Tcell,1,523.9444268223112
-223.422346,380.890139,0.0,CD4_Tcell,1,425.00316979007175
-41.034958,370.972591,0.0,CD4_Tcell,1,871.1615485172767
301.335504,-311.674341,0.0,CD4_Tcell,1,509.2645737621704
457.323230,-165.007381,0.0,CAF,1,1054.7563204040896
151.761500,183.821396,0.0,CD4_Tcell,1,491.2999248674616
-310.126541,101.673676,0.0,CD4_Tcell,1,903.196244985097
-442.600475,-206.477272,0.0,epithelial_tumor_class1,1,1389.6810774664414
-395.033238,-308.304382,0.0,CD4_Tcell,1,364.8325918619373
-161.268694,-286.272144,0.0,CD8_Tcell,1,898.3249225754599
-242.949983,240.854623,0.0,CD4_Tcell,1,818.784854267769
-492.280501,-87.407105,0.0,CD4_Tcell,1,653.5195136126807
142.987514,-353.290126,0.0,CD4_Tcell,1,583.6080672181911
-123.410528,-318.130410,0.0,CD4_Tcell,1,644.4570810130606
163.156305,-282.037521,0.0,CAF,1,1054.7563204040896
268.632641,-4.829719,0.0,epithelial_tumor_class1,1,452.43426817855067
-464.866629,-26.129165,0.0,CD8_Tcell,1,868.4074991287832
65.860214,125.127745,0.0,CD8_Tcell,1,671.6388040854093
231.260145,53.085530,0.0,CD8_Tcell,1,1072.2928544680706
39.596601,49.222475,0.0,apCAF,1,244.73794492707003
399.170592,-299.625185,0.0,CD4_Tcell,1,368.7477627102695
-306.033524,334.586986,0.0,CD4_Tcell,1,1028.0701372719848
295.925490,-48.724919,0.0,CAF,1,1054.7563204040896
-29.082307,-317.110174,0.0,CD4_Tcell,1,995.5069145906215
-294.522053,-369.525326,0.0,epithelial_tumor_class1,1,808.2700918364045
-14.475222,86.291810,0.0,CD8_Tcell,1,463.9129225755802
310.755101,-255.286930,0.0,CD4_Tcell,1,738.6571814977152
96.022216,-177.341397,0.0,apCAF,1,105.77540259023151
323.149641,-14.438645,0.0,CD4_Tcell,1,1028.0701372719848
198.934545,-113.080549,0.0,apCAF,1,211.5904132805968
-326.471482,-291.813892,0.0,CD4_Tcell,1,415.8301737563489
53.021018,278.051462,0.0,CAF,1,1054.7563204040896
30.511310,-274.659140,0.0,CD4_Tcell,1,472.2361910328044
94.381328,347.815138,0.0,CD4_Tcell,1,589.8953351488432
-232.406785,240.277189,0.0,CD4_Tcell,1,450.3964642745404
105.222296,345.915841,0.0,CD4_Tcell,1,818.6578857266234
-131.424976,-326.574489,0.0,epithelial_tumor_class1_class2,1,1039.0872045584997
367.227932,-273.493706,0.0,CD4_Tcell,1,349.5450091588492
-306.674917,136.393333,0.0,CD4_Tcell,1,570.43578358482
-345.717115,270.513510,0.0,CD8_Tcell,1,627.1510771887727
-113.265391,109.260526,0.0,CD8_Tcell,1,476.4865266756503
-298.898763,-359.290460,0.0,CD4_Tcell,1,642.3666398558132
35.518278,-256.678313,0.0,CD8_Tcell,1,504.4686818321455
-334.982608,-298.442255,0.0,epithelial_tumor_class1,1,977.7737898531941
-133.369064,48.809331,0.0,CD4_Tcell,1,588.5188094028864
-384.734553,61.124665,0.0,epithelial_tumor_class1,1,716.5351462877132
-363.560418,-194.927507,0.0,CD8_Tcell,1,443.4143560195234
393.184427,-103.388961,0.0,CD4_Tcell,1,601.8290612213278
228.877853,250.306789,0.0,CAF,1,1054.7563204040896
-450.365170,-107.601755,0.0,CD8_Tcell,1,510.2057702460496
178.831247,395.040042,0.0,CD4_Tcell,1,784.2784676004139
-252.280463,-45.315943,0.0,epithelial_tumor_class1_class2,1,786.3572339339163
-359.206341,-185.537099,0.0,CD4_Tcell,1,743.568081267428
-297.636472,206.139092,0.0,CAF,1,479.59095261864303
416.364203,62.235777,0.0,epithelial_tumor_class1,1,1179.5524350997937
-77.657788,-68.302432,0.0,epithelial_tumor_class1_class2,1,1591.1757141451546
-143.504134,-104.184438,0.0,CD8_Tcell,1,479.56132324288455
394.773774,42.277006,0.0,epithelial_tumor_class1_class2,1,808.2700918364045
-365.063529,281.145921,0.0,CD4_Tcell,1,384.0877396571825
472.970199,92.188427,0.0,CAF,1,464.33326919972683
135.021556,181.536009,0.0,CD8_Tcell,1,767.8206178781293
338.443487,156.594790,0.0,CAF,1,693.1155505255398
5.001886,-229.096416,0.0,CD8_Tcell,1,547.6777601283023
-39.937327,86.290384,0.0,CD4_Tcell,1,507.8010821755886
43.595391,180.582189,0.0,CD4_Tcell,1,405.477316090466
235.756244,-358.319353,0.0,CD4_Tcell,1,472.07491485851324
-164.312029,-107.761060,0.0,CD4_Tcell,1,917.5961173017993
187.004230,-374.071992,0.0,epithelial_tumor_class1,1,831.6336448573242
151.135441,-397.874698,0.0,epithelial_tumor_class1,1,2077.928759519606
171.150791,-423.496952,0.0,CD8_Tcell,1,731.8026086417901
-293.750964,192.855846,0.0,CD8_Tcell,1,441.40677347084977
-441.399670,49.264373,0.0,CD4_Tcell,1,522.9550131190887
-259.871175,398.188759,0.0,CD4_Tcell,1,622.309370286899
381.160627,-22.934658,0.0,CD4_Tcell,1,510.9781070364043
-56.620812,82.563885,0.0,CD4_Tcell,1,942.4536251001128
-67.257392,159.440850,0.0,CD4_Tcell,1,330.9513468912731
410.975202,-220.262271,0.0,CD8_Tcell,1,404.49787073690175
464.708889,128.987483,0.0,CD4_Tcell,1,492.20378795336615
19.419081,-477.802025,0.0,CD4_Tcell,1,439.279493098256
-0.773222,173.572089,0.0,CD8_Tcell,1,445.1319230574685
52.327476,417.910319,0.0,epithelial_tumor_class1,1,1385.0490783859627
407.552203,-178.233606,0.0,CD4_Tcell,1,676.2110472928218
12.898797,416.201928,0.0,CD4_Tcell,1,1028.0701372719848
300.866727,355.368126,0.0,apCAF,1,854.8767370152711
-352.359771,311.319327,0.0,CD4_Tcell,1,311.9378559054014
237.853343,284.319817,0.0,CD8_Tcell,1,698.4696765492724
-95.394181,-51.637774,0.0,CD8_Tcell,1,1072.2928544680706
-72.500326,-249.961955,0.0,CD4_Tcell,1,623.4380412926223
-204.005120,87.694232,0.0,CAF,1,1054.7563204040896
-351.179632,321.494009,0.0,epithelial_tumor_class1_class2,1,885.7995091571785
-228.262300,401.185747,0.0,CD8_Tcell,1,1033.6147300581129
-11.101825,-385.022860,0.0,CD8_Tcell,1,640.9635432391216
62.936072,76.389217,0.0,epithelial_tumor_class1,1,1415.890500197133
376.856403,221.454250,0.0,CD8_Tcell,1,1042.713079206449
-109.044914,224.963089,0.0,CD4_Tcell,1,793.7136581971992
47.673650,-367.458500,0.0,CD4_Tcell,1,316.82326759693433
12.333955,459.400298,0.0,CAF,1,538.5675127070364
101.232180,425.596822,0.0,epithelial_tumor_class1,1,839.9364754864977
-95.602570,235.416319,0.0,CD8_Tcell,1,1072.2928544680706
-265.793898,310.928568,0.0,epithelial_tumor_class1,1,1095.1863170027134
-383.521067,-123.402851,0.0,CD4_Tcell,1,306.8058504544173
-127.549745,453.149797,0.0,CD8_Tcell,1,940.572187066326
209.830477,-124.382462,0.0,CD4_Tcell,1,537.7036548047241
-436.526655,73.088358,0.0,CD4_Tcell,1,1028.0701372719848
249.490639,156.683731,0.0,CAF,1,1054.7563204040896
-19.289177,447.690062,0.0,CD4_Tcell,1,512.2773868114133
-139.260861,-345.634536,0.0,CAF,1,494.27176269229324
-219.468705,312.652815,0.0,CD4_Tcell,1,765.9568289022104
300.429312,-408.835811,0.0,CAF,1,600.5200761523813
-242.531283,17.341365,0.0,CD4_Tcell,1,524.2902301328597
406.128555,46.146004,0.0,epithelial_tumor_class1_class2,1,993.507340933282
395.078935,79.563357,0.0,CD4_Tcell,1,435.1981871416208
-110.158376,-245.969541,0.0,apCAF,1,488.50498268410047
239.052514,256.561905,0.0,CAF,1,746.9867797484874
281.882293,191.153811,0.0,epithelial_tumor_class1,1,2744.088271878751
-141.251990,144.398953,0.0,CD4_Tcell,1,1028.0701372719848
133.103165,360.327059,0.0,CD8_Tcell,1,609.9142067633074
-310.737631,-153.034652,0.0,epithelial_tumor_class1,1,884.8185820975424
-51.746336,302.486029,0.0,epithelial_tumor_class1_class2,1,831.6336448573242
308.895854,184.129353,0.0,CD4_Tcell,1,764.844049067076
232.042695,169.003822,0.0,CAF,1,1015.894745545306
-480.245021,109.152825,0.0,CD8_Tcell,1,982.8323824131363
-183.065906,80.733529,0.0,CAF,1,596.8787314188972
207.918089,335.011409,0.0,CAF,1,581.6851426807183
-155.302722,-161.360527,0.0,CD4_Tcell,1,828.3236286785066
15.146392,177.361333,0.0,CAF,1,1054.7563204040896
-475.513082,159.101916,0.0,CD8_Tcell,1,291.5354963408954
-141.049712,260.307913,0.0,CD4_Tcell,1,360.9207171985504
432.742025,195.364420,0.0,CD4_Tcell,1,1028.0701372719848
2.076394,-278.033610,0.0,epithelial_tumor_class1,1,1805.1973426459635
143.016835,250.782402,0.0,CD8_Tcell,1,735.2048727321004
42.120189,-249.843706,0.0,CD4_Tcell,1,398.23533321544886
-287.046317,79.499594,0.0,epithelial_tumor_class1,1,3024.609216229506
-16.700447,101.525495,0.0,CD4_Tcell,1,354.511684435538
-94.026290,488.027816,0.0,epithelial_tumor_class1,1,1553.8684878787717
-213.199139,-277.369228,0.0,CD4_Tcell,1,611.8639624251101
-469.624817,-102.315387,0.0,CD4_Tcell,1,1028.0701372719848
-443.371338,-175.309035,0.0,CD4_Tcell,1,738.5979082055414
-315.051961,-95.596487,0.0,CD4_Tcell,1,361.48484733748984
-225.566372,-23.096636,0.0,CAF,1,729.5468056914552
452.367748,-80.412448,0.0,CD8_Tcell,1,427.6740704448399
45.657578,-330.873002,0.0,CD8_Tcell,1,586.9070962213971
-416.059411,4.006816,0.0,epithelial_tumor_class1,1,2075.0557934481617
-104.259277,-41.927408,0.0,CD4_Tcell,1,992.1356916954777
-111.971619,-150.346127,0.0,apCAF,1,141.3057936548782
-183.566499,-3.858296,0.0,epithelial_tumor_class1,1,1448.0837379196767
204.126766,-359.526779,0.0,CAF,1,849.0529908222913
-55.416541,68.883795,0.0,CD8_Tcell,1,505.09718537463164
413.207534,167.219551,0.0,CD4_Tcell,1,371.6149569993792
-181.679580,-428.113148,0.0,CD4_Tcell,1,478.24405112530513
24.082695,-125.578246,0.0,epithelial_tumor_class1,1,3787.872745379202
-357.853709,27.831694,0.0,CD8_Tcell,1,389.556226112529
-239.125745,-222.030119,0.0,CD8_Tcell,1,429.17189940329035
77.173259,76.479578,0.0,CAF,1,1054.7563204040896
-34.494386,427.806874,0.0,CD8_Tcell,1,405.7423021835924
-255.013734,249.384880,0.0,epithelial_tumor_class1_class2,1,3024.609216229506
257.036217,350.009660,0.0,mesenchymal_tumor_class1,1,556.7428806996054
-183.565071,158.603636,0.0,CAF,1,1054.7563204040896
-206.320448,-82.988382,0.0,CD8_Tcell,1,600.8643616971917
239.754673,-383.342357,0.0,CD8_Tcell,1,902.4960403599052
-385.588981,-231.259882,0.0,CD4_Tcell,1,580.2877790163612
-217.837075,-231.475035,0.0,CD8_Tcell,1,400.34625580840867
-317.772784,28.560865,0.0,CAF,1,433.57553971504245
-497.205408,41.883779,0.0,CD4_Tcell,1,407.9860455847816
0.072824,444.222056,0.0,CD4_Tcell,1,706.3414778006978
-402.053879,129.327706,0.0,apCAF,1,201.86944030026012
-103.891662,348.566730,0.0,apCAF,1,379.35450424561225
-253.900160,-303.295192,0.0,CD4_Tcell,1,908.493348925345
99.489824,310.481740,0.0,CD4_Tcell,1,540.5225970892601
-317.383866,-346.865854,0.0,CD4_Tcell,1,1028.0701372719848
379.518691,284.830996,0.0,CAF,1,1054.7563204040896
-292.527679,340.203920,0.0,epithelial_tumor_class1,1,2452.907230130346
-422.154466,-254.718367,0.0,apCAF,1,235.8414228094391
-177.819649,-61.816334,0.0,CD4_Tcell,1,1028.0701372719848
372.129475,-179.227009,0.0,CAF,1,918.8753363206964
120.552873,31.187437,0.0,CD4_Tcell,1,453.9576824627561
-410.617497,55.881252,0.0,CAF,1,309.6634836759565
-224.632159,391.045790,0.0,CD4_Tcell,1,381.16937184161657
-108.908452,-100.415774,0.0,epithelial_tumor_class1_class2,1,5258.712818616296
51.788587,-129.444479,0.0,CD8_Tcell,1,394.5818608337107
30.960244,-174.577822,0.0,CAF,1,1026.7089158387664
-151.913088,-66.262434,0.0,CD4_Tcell,1,509.49590810632264
14.122856,194.217577,0.0,CAF,1,642.6367006610967
57.467507,192.741875,0.0,CD8_Tcell,1,459.11874136600204
-436.546997,-70.890348,0.0,CD4_Tcell,1,624.7447673790914
286.686381,-204.750241,0.0,CAF,1,886.2902444385497
-89.716533,-215.815160,0.0,CD4_Tcell,1,647.4926495764136
34.880405,-468.608478,0.0,CD4_Tcell,1,278.952929860803
337.487537,-247.946685,0.0,CD4_Tcell,1,791.477107486748
318.362923,251.462566,0.0,CD8_Tcell,1,589.1813134366026
-386.086176,-40.027455,0.0,CD8_Tcell,1,438.02314659997575
-139.158928,-314.967301,0.0,CAF,1,454.5435079856059
-76.688538,289.459540,0.0,CAF,1,768.307320430731
142.799943,-190.060933,0.0,CD4_Tcell,1,299.8200303740986
440.694319,157.819691,0.0,CD8_Tcell,1,612.6659571828702
213.685366,65.570674,0.0,CD4_Tcell,1,543.7700968971227
246.987153,-97.261068,0.0,CD4_Tcell,1,787.1196805136215
93.168938,-389.656268,0.0,CD8_Tcell,1,464.7828859486943
-187.454954,199.577707,0.0,CD4_Tcell,1,356.6597929564455
295.840402,-194.862225,0.0,epithelial_tumor_class1,1,1778.408758981231
12.377207,306.072803,0.0,CD4_Tcell,1,478.4363110289318
-42.394275,-25.070533,0.0,CAF,1,861.011513683902
-99.706323,200.322081,0.0,CD4_Tcell,1,633.5148566484816
-138.661515,93.184973,0.0,CD4_Tcell,1,598.9724186266251
-151.796423,459.986171,0.0,CD8_Tcell,1,451.9468565559073
-202.747944,-267.586620,0.0,CD4_Tcell,1,734.9685378907672
0.736466,-45.653501,0.0,apCAF,1,526.2421493255797
-174.662739,-131.349548,0.0,epithelial_tumor_class1_class2,1,1389.6810774664414
215.609653,-133.520722,0.0,CD8_Tcell,1,687.7511758785913
-234.661493,113.077001,0.0,apCAF,1,899.0905403660241
250.610027,-298.634569,0.0,epithelial_tumor_class1,1,2116.4355852813446
102.785959,-384.180809,0.0,CD4_Tcell,1,1028.0701372719848
-127.023312,-394.394954,0.0,CD4_Tcell,1,796.2867409977813
373.279492,231.418734,0.0,CD8_Tcell,1,332.1907769915874
212.566814,-337.368818,0.0,CD4_Tcell,1,571.8339506801423
232.081249,-104.041544,0.0,CD4_Tcell,1,484.228096103793
-155.541966,-177.311875,0.0,CD4_Tcell,1,466.1480141639699
39.669112,445.272715,0.0,CD8_Tcell,1,659.3271892986838
-308.378566,-24.909952,0.0,CD4_Tcell,1,733.9646798434238
-332.596768,-47.007034,0.0,CD4_Tcell,1,610.4534560806757
395.828048,100.075255,0.0,CAF,1,530.2555488158854
-334.777799,-99.834829,0.0,CD8_Tcell,1,529.7962977364284
-363.962565,-256.430051,0.0,CD8_Tcell,1,1072.2928544680706
-180.683571,-95.202277,0.0,CD4_Tcell,1,604.037964897588
-402.078630,-20.472745,0.0,CD4_Tcell,1,477.5346145968347
-95.444050,106.798370,0.0,apCAF,1,1092.8244532799033
-6.075274,183.504629,0.0,CD4_Tcell,1,591.9726693162261
-174.548353,-434.963552,0.0,CD8_Tcell,1,535.3248388577614
135.909941,71.181702,0.0,CD8_Tcell,1,576.0923777764654
-211.818882,-299.035467,0.0,CD8_Tcell,1,401.80594826927444
404.320254,79.962910,0.0,CD8_Tcell,1,377.8991816501284
473.527495,-9.167292,0.0,CD4_Tcell,1,855.6392611375214
-42.703586,32.567239,0.0,epithelial_tumor_class1,1,3787.872745379202
45.183680,-94.109404,0.0,CD8_Tcell,1,503.58047003892966
75.444366,210.830388,0.0,CD4_Tcell,1,406.7237545310447
24.175005,109.717735,0.0,CD4_Tcell,1,309.76310138112945
-463.200566,42.920818,0.0,CD8_Tcell,1,1012.623914892763
-181.747782,417.561973,0.0,CD4_Tcell,1,306.7838524727483
421.834089,217.025236,0.0,CD4_Tcell,1,1028.0701372719848
72.706801,114.426471,0.0,apCAF,1,269.63373211879383
-324.332722,334.802528,0.0,CD4_Tcell,1,487.3510461837753
269.233525,244.170006,0.0,CD4_Tcell,1,405.7025469119976
-134.365359,441.294758,0.0,CD8_Tcell,1,1072.2928544680706
-83.967081,3.831669,0.0,CD4_Tcell,1,359.53741168079273
248.657714,289.005463,0.0,CAF,1,563.4296388829436
-19.998958,149.581609,0.0,CAF,1,490.4723563865158
327.644671,-355.360218,0.0,CD4_Tcell,1,553.5416836895937
-41.647910,-150.720555,0.0,CD4_Tcell,1,441.75731143557306
279.864047,84.542144,0.0,CD8_Tcell,1,1072.2928544680706
17.277787,268.838676,0.0,CD8_Tcell,1,393.77591106914014
91.344220,-101.285578,0.0,CD4_Tcell,1,351.9742894046036
279.414343,-371.661139,0.0,epithelial_tumor_class1_class2,1,993.507340933282
12.489716,134.096527,0.0,epithelial_tumor_class1,1,757.5066278675911
74.807236,428.938212,0.0,CD4_Tcell,1,374.17043769241155
-454.434343,-202.538262,0.0,CD4_Tcell,1,647.9632900077916
-131.710922,209.225050,0.0,epithelial_tumor_class1,1,1182.9298910418945
145.411023,8.173473,0.0,CD4_Tcell,1,470.27405415027715
-204.386864,288.285402,0.0,CD8_Tcell,1,1072.2928544680706
-198.577007,96.868977,0.0,apCAF,1,334.34101037640795
273.050118,-112.446043,0.0,CD4_Tcell,1,640.5322326205606
-142.034566,104.619246,0.0,CAF,1,809.9707400944953
213.094509,211.692209,0.0,CD4_Tcell,1,351.75736353214705
443.229426,-4.801615,0.0,CD8_Tcell,1,356.4409459786336
-252.269408,131.398206,0.0,CD4_Tcell,1,505.066514560833
96.313963,-65.582402,0.0,CAF,1,515.846206028726
-231.179074,309.917504,0.0,CD8_Tcell,1,1072.2928544680706
4.384998,-259.153240,0.0,apCAF,1,249.61383233313438
-67.533036,-59.921183,0.0,CAF,1,860.8583347467198
165.924922,133.833938,0.0,CD4_Tcell,1,350.40960490127947
2.206130,-62.611225,0.0,CD4_Tcell,1,383.67904060362474
189.669668,-150.510402,0.0,epithelial_tumor_class1,1,1634.0014529804344
-125.243987,82.671488,0.0,CD8_Tcell,1,327.8145340235607
14.353312,-249.132407,0.0,CD4_Tcell,1,575.8915087483663
175.259779,-455.952855,0.0,CAF,1,458.68716670840354
-322.929556,-378.329549,0.0,CD4_Tcell,1,405.3448663198129
197.972608,-423.064319,0.0,CD4_Tcell,1,707.934425620993
-65.166667,-286.490641,0.0,CD4_Tcell,1,867.7253943008961
214.145011,12.895231,0.0,CD4_Tcell,1,285.3603716035739
65.960569,-90.514524,0.0,CD4_Tcell,1,471.7964334152726
12.844138,-167.515049,0.0,CD4_Tcell,1,483.09579423779775
-125.431894,468.841728,0.0,CD8_Tcell,1,380.77544870906337
401.304992,-209.806403,0.0,CD8_Tcell,1,1072.2928544680706
288.884846,2.818413,0.0,epithelial_tumor_class1,1,2532.5639483551586
434.822642,43.812405,0.0,CAF,1,406.51141466283303
-102.406913,-347.735473,0.0,CD4_Tcell,1,726.8655144533784
258.215517,-179.069301,0.0,epithelial_tumor_class1_class2,1,1249.0613562128565
-127.526414,148.329043,0.0,CD8_Tcell,1,354.40268962333624
90.456675,-350.975440,0.0,CD4_Tcell,1,542.7558710254259
-289.749961,100.529659,0.0,CD4_Tcell,1,345.8386866250731
-330.932747,289.413905,0.0,CD4_Tcell,1,500.9983506615137
-427.512867,167.516214,0.0,CD4_Tcell,1,690.6565783410732
194.363289,186.078102,0.0,CAF,1,737.4723180465617
-348.428814,230.908425,0.0,CD8_Tcell,1,886.2902444385497
112.688476,-192.075243,0.0,CD8_Tcell,1,1072.2928544680706
-477.530808,-5.919275,0.0,CD4_Tcell,1,483.6319274637868
3.265506,-146.912812,0.0,CD4_Tcell,1,415.80323244413233
-66.250175,334.906163,0.0,CAF,1,799.240159248799
351.950834,-147.711041,0.0,CD4_Tcell,1,464.9860337750864
74.182128,389.569458,0.0,CD4_Tcell,1,580.5401487594773
-49.880413,-270.076781,0.0,CD8_Tcell,1,370.69085275158494
-196.443657,204.190690,0.0,epithelial_tumor_class1_class2,1,777.32801149703
-334.084863,59.226320,0.0,apCAF,1,210.92142098244034
67.189599,-180.593913,0.0,CD8_Tcell,1,699.459963319507
-351.324400,-335.517912,0.0,CD4_Tcell,1,415.7493533107622
-275.353949,-26.396078,0.0,epithelial_tumor_class1_class2,1,1790.8958902046213
149.877141,-328.389352,0.0,CD4_Tcell,1,326.91867810984485
-221.920148,150.421429,0.0,apCAF,1,351.43214186951934
-340.783824,293.292367,0.0,CD8_Tcell,1,759.5177063620148
-19.090965,-291.933266,0.0,CAF,1,1054.7563204040896
356.166290,2.714113,0.0,CD4_Tcell,1,553.0527900707664
244.602170,239.978411,0.0,CD8_Tcell,1,503.3050302425282
-74.494065,-190.378630,0.0,CAF,1,1013.3799744324004
-489.161132,-138.195510,0.0,CD8_Tcell,1,341.0951720783873
209.678453,194.679785,0.0,CD4_Tcell,1,1028.0701372719848
273.869918,56.061033,0.0,CAF,1,619.1949846330646
35.743382,-114.593374,0.0,CD8_Tcell,1,1072.2928544680706
228.669265,-206.578597,0.0,CD8_Tcell,1,330.96291605475176
-157.909193,-394.503816,0.0,CD4_Tcell,1,1028.0701372719848
-466.640515,-48.834241,0.0,epithelial_tumor_class1,1,1550.8536393613263
-166.324669,234.559288,0.0,CD8_Tcell,1,1031.0461102517359
-162.295002,55.726104,0.0,CAF,1,766.5237493718323
-4.593894,-481.217113,0.0,CD4_Tcell,1,669.823097695104
-201.260159,-115.312893,0.0,CD8_Tcell,1,671.2309112676927
258.788773,418.240013,0.0,CD4_Tcell,1,1028.0701372719848
328.710351,82.716717,0.0,CD8_Tcell,1,1057.125272066966
23.388235,-326.312209,0.0,CD8_Tcell,1,374.17043769241155
96.059606,6.365880,0.0,CD4_Tcell,1,790.5051072804956
45.423532,-190.476017,0.0,CD8_Tcell,1,1072.2928544680706
-23.104735,-303.851485,0.0,CD4_Tcell,1,1028.0701372719848
-14.420127,-452.858883,0.0,CD8_Tcell,1,330.56971572971554
-309.950664,-327.186388,0.0,CD4_Tcell,1,436.2126563181599
283.971243,-193.029779,0.0,CD4_Tcell,1,380.12797231300993
-182.723898,-140.495940,0.0,CD4_Tcell,1,612.6833996300488
-297.630981,-154.820897,0.0,CD4_Tcell,1,846.6270440881179
-232.961104,231.252888,0.0,CD4_Tcell,1,306.7618555426079
-217.927039,55.588302,0.0,CD4_Tcell,1,450.6096102804527
-341.703949,-122.968448,0.0,apCAF,1,293.5387303423336
-42.596677,-199.324466,0.0,CD4_Tcell,1,1028.0701372719848
101.849691,300.957648,0.0,CD8_Tcell,1,451.3632647226409
149.736121,401.173763,0.0,CAF,1,580.4223671089113
-265.968860,-44.999612,0.0,CAF,1,527.062135746749
-258.872934,299.103769,0.0,epithelial_tumor_class1_class2,1,1634.0014529804344
-336.405092,-250.104365,0.0,epithelial_tumor_class1,1,2029.9517257185544
76.655554,349.033051,0.0,CD4_Tcell,1,1028.0701372719848
-115.429859,-5.584922,0.0,epithelial_tumor_class1,1,1726.2903296376717
296.068146,95.314443,0.0,CD4_Tcell,1,470.7860271445645
-113.521941,-201.911958,0.0,CD4_Tcell,1,497.8324937004868
86.416888,372.549447,0.0,epithelial_tumor_class1,1,2186.2650852357647
-260.911453,-192.136295,0.0,CD8_Tcell,1,986.374174819244
144.412773,-167.337049,0.0,CD4_Tcell,1,438.17657139572236
50.672355,251.430079,0.0,CD4_Tcell,1,779.4763991438017
-20.456092,-342.499402,0.0,CD4_Tcell,1,756.4622714505782
4.818017,248.112897,0.0,CD8_Tcell,1,437.15905842494647
466.667768,-56.699905,0.0,CD4_Tcell,1,421.64961912078564
248.969257,-331.048539,0.0,CD4_Tcell,1,506.678411423522
127.017850,-146.985739,0.0,CD8_Tcell,1,563.3966499115505
49.259329,268.421463,0.0,apCAF,1,272.8760302235327
-131.577315,102.209801,0.0,CD4_Tcell,1,507.58564706410186
28.687267,-225.084484,0.0,CD4_Tcell,1,314.92794052231807
184.697507,351.620888,0.0,apCAF,1,589.4022585513126
-243.898331,76.378901,0.0,CD4_Tcell,1,1028.0701372719848
389.463659,-193.039083,0.0,CD8_Tcell,1,543.0616157324156
317.031514,309.182521,0.0,CD4_Tcell,1,312.460861821566
170.597960,-289.960840,0.0,CD4_Tcell,1,395.9232070768201
-81.121113,-338.045912,0.0,epithelial_tumor_class1_class2,1,1367.8452462750622
267.677656,234.003863,0.0,CD8_Tcell,1,681.2344760804265
-131.898103,-221.680415,0.0,CD4_Tcell,1,519.7128537471277
-269.443644,70.988810,0.0,epithelial_tumor_class1,1,808.0393233594702
-173.889744,213.579955,0.0,epithelial_tumor_class1,1,2424.650228508365
158.534266,224.334011,0.0,CD4_Tcell,1,359.0608093866281
-292.608644,-44.748728,0.0,CD4_Tcell,1,587.2800729121246
277.123997,-385.103288,0.0,CAF,1,1054.7563204040896
117.933119,-260.715962,0.0,CD4_Tcell,1,445.1319230574685
286.486665,51.119944,0.0,CD4_Tcell,1,436.86664124402745
196.754113,338.933979,0.0,apCAF,1,526.2421493255797
-250.415144,-407.204301,0.0,apCAF,1,316.1831678502308
-288.902165,-176.801708,0.0,epithelial_tumor_class1,1,3085.9060081643215
470.111956,60.800616,0.0,CD4_Tcell,1,526.8570593441315
222.274186,-10.213713,0.0,CD8_Tcell,1,499.1246168454986
8.553516,-53.845473,0.0,CAF,1,1054.7563204040896
240.113575,294.732017,0.0,CD4_Tcell,1,572.2838462440076
-495.363745,-12.750006,0.0,CAF,1,698.4506417389064
477.267944,-18.959467,0.0,CD4_Tcell,1,405.8350745836715
250.011442,184.927349,0.0,epithelial_tumor_class1_class2,1,2548.275380130983
-382.622023,112.672125,0.0,CD4_Tcell,1,366.1923071635961
109.500003,-141.147650,0.0,CD8_Tcell,1,275.3656728517767
133.764624,-480.780726,0.0,CD4_Tcell,1,403.63884938673544
-422.628865,-94.729858,0.0,epithelial_tumor_class1_class2,1,693.1723648278579
126.067898,400.485557,0.0,CD8_Tcell,1,524.8249526541588
-180.452511,-21.215470,0.0,CD8_Tcell,1,469.6893968143775
189.717407,-251.564450,0.0,CD4_Tcell,1,768.4087426765428
121.670301,-94.996131,0.0,CD8_Tcell,1,1072.2928544680706
-259.593157,125.298650,0.0,CD8_Tcell,1,405.22568619000197
246.176888,-264.003444,0.0,CD8_Tcell,1,323.192124748934
311.831124,259.765696,0.0,CD4_Tcell,1,646.3712729582232
5.981470,-445.876587,0.0,CD4_Tcell,1,283.38413120544413
221.391879,-266.070269,0.0,CD4_Tcell,1,516.8577807785748
116.533174,-134.627885,0.0,CAF,1,717.755632170634
-264.002685,-308.508136,0.0,CD8_Tcell,1,643.7537550005559
89.571745,-214.390972,0.0,CD4_Tcell,1,365.09191347383614
-340.003000,-189.773440,0.0,CD8_Tcell,1,698.8123622763158
-434.379212,-94.873742,0.0,CD4_Tcell,1,1028.0701372719848
365.652983,212.969144,0.0,epithelial_tumor_class1,1,1959.7963020217508
445.325141,191.280467,0.0,CD4_Tcell,1,299.17060093136797
184.406326,2.291216,0.0,CD4_Tcell,1,604.2971740451477
127.620297,-489.778050,0.0,CD4_Tcell,1,960.0642478403527
194.370331,351.049185,0.0,CD4_Tcell,1,270.9478000355068
-32.073085,92.210285,0.0,apCAF,1,490.9838344035439
-235.671375,-284.986632,0.0,CAF,1,454.7150644067169
-150.010605,-443.678393,0.0,CD4_Tcell,1,521.9825212673725
64.170221,-27.326885,0.0,CAF,1,386.0843042105279
-39.621619,477.519166,0.0,apCAF,1,274.2210143412576
416.354487,-228.028636,0.0,CAF,1,480.62874979889125
-381.568559,169.350561,0.0,CD8_Tcell,1,343.56820996201856
-361.046805,-309.160027,0.0,epithelial_tumor_class1_class2,1,3777.3616798171342
-226.056851,-333.804051,0.0,epithelial_tumor_class1,1,1340.9692294695524
-150.902054,38.113522,0.0,CD8_Tcell,1,430.64564280642816
-60.250901,117.665362,0.0,CD4_Tcell,1,413.4101133074716
374.764376,162.998233,0.0,CD8_Tcell,1,280.7737341980666
-201.587248,374.011953,0.0,CD8_Tcell,1,313.69836594062446
-40.461669,-350.139467,0.0,CD8_Tcell,1,708.8375174692488
-324.263453,-99.297821,0.0,epithelial_tumor_class1,1,700.0317081569731
102.946459,118.093708,0.0,CD8_Tcell,1,992.5687076064082
17.366000,-67.752769,0.0,apCAF,1,176.62450464710372
47.540024,398.428162,0.0,CD8_Tcell,1,349.47302377894556
-472.733305,-153.111304,0.0,CD8_Tcell,1,325.6008442848157
-294.120235,-23.796792,0.0,CD4_Tcell,1,522.1236145718533
-22.302837,-138.660590,0.0,CD8_Tcell,1,412.36434317210177
-87.685077,-320.640186,0.0,CD8_Tcell,1,351.81761177588123
231.685048,339.116786,0.0,CD4_Tcell,1,284.88900753772185
28.607546,88.573415,0.0,CD4_Tcell,1,684.7975741686109
500.217571,-69.800395,0.0,CD8_Tcell,1,521.6220649753911
-318.494730,79.161026,0.0,CD8_Tcell,1,545.4309958641688
-35.985488,-181.498123,0.0,apCAF,1,809.9707400944953
-261.463959,78.743697,0.0,CAF,1,641.0534239815291
-227.562828,-74.602157,0.0,CD8_Tcell,1,920.4531511302921
-58.613912,-450.657645,0.0,CD8_Tcell,1,1072.2928544680706
-351.046291,246.088888,0.0,CD8_Tcell,1,1072.2928544680706
-245.552457,-164.626672,0.0,epithelial_tumor_class1,1,1363.4105715122123
393.892611,151.158964,0.0,CD4_Tcell,1,548.0177348832367
-408.184112,-159.205449,0.0,CD4_Tcell,1,349.2571269393345
468.195753,49.127298,0.0,CD8_Tcell,1,504.48400498024694
-203.903488,-92.388015,0.0,CD8_Tcell,1,374.23321866930917
-236.140642,392.254160,0.0,CAF,1,670.6379074784468
-350.319803,-191.181510,0.0,CD4_Tcell,1,495.0279383178577
-32.790742,-54.907407,0.0,CD4_Tcell,1,376.2081154037393
240.246637,-366.494591,0.0,CD4_Tcell,1,380.902491018828
276.251902,-306.459700,0.0,CD8_Tcell,1,663.3283659843049
-9.473110,165.416306,0.0,CD8_Tcell,1,364.7214916294549
296.766364,33.489906,0.0,CAF,1,529.812129564593
230.348816,-399.137830,0.0,CD4_Tcell,1,623.314526487212
251.216798,-168.501721,0.0,CD8_Tcell,1,902.1347860595839
-80.134675,-228.679156,0.0,CD4_Tcell,1,394.59486902692396
-92.888570,185.758233,0.0,CD8_Tcell,1,441.11246492571587
-388.288471,-79.737223,0.0,epithelial_tumor_class1_class2,1,966.6918637250656
-299.763152,253.236203,0.0,CAF,1,454.7579602557063
-453.802305,-34.326945,0.0,CD8_Tcell,1,356.85439878887286
-208.569939,176.994935,0.0,CD8_Tcell,1,1072.2928544680706
86.182076,-279.836543,0.0,apCAF,1,173.65744506832576
19.523884,-99.373797,0.0,CD4_Tcell,1,334.7255380403675
27.801988,17.893405,0.0,epithelial_tumor_class1,1,1489.2275099174199
-221.503546,-1.997665,0.0,CD8_Tcell,1,775.8366992171559
483.363857,-47.569003,0.0,epithelial_tumor_class1_class2,1,5258.712818616296
-79.523359,-31.096023,0.0,CAF,1,723.5475090214532
-264.259771,339.642074,0.0,CD8_Tcell,1,270.13863885656497
235.605666,208.695798,0.0,apCAF,1,171.84990817838462
-24.416986,-69.720910,0.0,CD4_Tcell,1,576.7120179711975
-313.907024,-131.682812,0.0,CD4_Tcell,1,459.50738993976336
-446.746708,-120.546764,0.0,CD8_Tcell,1,325.2919540429847
-3.142078,48.399779,0.0,CD4_Tcell,1,449.47360826898966
115.842715,-149.292269,0.0,epithelial_tumor_class1,1,1040.9487596499598
-397.870305,121.824747,0.0,apCAF,1,508.41694693975575
-133.923366,264.934727,0.0,CD4_Tcell,1,284.40770551136194
184.577595,23.905717,0.0,CAF,1,328.58535671379764
-49.838964,-503.561573,0.0,CD4_Tcell,1,770.6016423228609
-61.901277,165.678601,0.0,CD8_Tcell,1,254.3792791132903
363.531585,162.373108,0.0,CD8_Tcell,1,487.18634660582205
-493.742844,-112.486213,0.0,CD4_Tcell,1,356.55035827370244
-104.771927,-266.622935,0.0,epithelial_tumor_class1,1,1676.940254258283
46.170616,102.228436,0.0,CAF,1,490.9838344035439
-446.829677,167.858392,0.0,CD4_Tcell,1,439.06993540869695
405.129745,-228.972774,0.0,CD4_Tcell,1,861.1647107908526
465.274698,16.644367,0.0,epithelial_tumor_class1_class2,1,839.9364754864977
2.951062,212.493959,0.0,epithelial_tumor_class1,1,3397.9481947310655
-210.761287,108.998345,0.0,CD4_Tcell,1,427.3584607157509
-74.341713,-410.923478,0.0,CAF,1,606.2349467167214
-454.490036,-182.116962,0.0,CD4_Tcell,1,350.6379996234786
496.813141,20.039058,0.0,apCAF,1,544.6726910326988
430.685616,176.533073,0.0,CD4_Tcell,1,270.0174038055313
428.556762,7.766845,0.0,CD4_Tcell,1,399.1915377235346
381.647167,104.172766,0.0,CD4_Tcell,1,321.54374919436134
-167.414653,350.776293,0.0,CD8_Tcell,1,349.137222680927
183.305758,466.625728,0.0,CD8_Tcell,1,379.7981689695199
-204.169547,-8.708690,0.0,CD4_Tcell,1,348.9694028280855
-469.953824,12.783176,0.0,CD4_Tcell,1,464.69584071058307
350.218162,-355.700914,0.0,CD8_Tcell,1,293.41059101382905
133.328939,-64.613632,0.0,apCAF,1,410.6386730773365
9.475177,3.965228,0.0,CD8_Tcell,1,448.32535307617576
391.608206,-203.237032,0.0,CD8_Tcell,1,644.8901515376012
325.547082,-254.891151,0.0,epithelial_tumor_class1_class2,1,2205.259640735925
348.276763,-197.950677,0.0,CD4_Tcell,1,426.9607393792959
162.947839,-309.758304,0.0,epithelial_tumor_class1,1,2181.421704028738
280.639972,-226.845709,0.0,apCAF,1,258.48807374996085
16.570913,-235.839609,0.0,epithelial_tumor_class1,1,2408.27849573751
391.000111,-170.792196,0.0,CAF,1,1054.7563204040896
185.557675,140.084015,0.0,epithelial_tumor_class1,1,3787.872745379202
-316.039534,63.627594,0.0,CD8_Tcell,1,396.87570837001925
-9.794759,404.183912,0.0,epithelial_tumor_class1_class2,1,1988.1810627608268
238.573532,95.266209,0.0,CD8_Tcell,1,337.84756505801624
-188.918885,-148.701686,0.0,CD8_Tcell,1,524.730563449839
199.336357,-10.716054,0.0,CAF,1,378.17730276108745
483.624562,-31.836995,0.0,CD4_Tcell,1,506.92433450683285
305.596880,97.287863,0.0,CD4_Tcell,1,494.31711149916697
-35.207977,-6.407699,0.0,apCAF,1,259.1951656805647
-215.433900,-409.598095,0.0,CD8_Tcell,1,301.26294819010684
-226.010247,-188.935745,0.0,CD8_Tcell,1,277.0886262707834
-60.630863,-30.982219,0.0,epithelial_tumor_class1_class2,1,2637.258447580374
145.717319,97.271372,0.0,CD8_Tcell,1,657.0402113292797
167.488702,36.719344,0.0,apCAF,1,695.8081666145033
180.436788,-53.297978,0.0,CD8_Tcell,1,379.7981689695199
-312.956837,220.660484,0.0,epithelial_tumor_class1,1,712.3804148559278
-412.047571,30.089438,0.0,epithelial_tumor_class1_class2,1,1902.2802714225004
58.228321,352.659910,0.0,CD8_Tcell,1,386.41773616758314
102.742533,-320.454866,0.0,epithelial_tumor_class1_class2,1,4301.117616826921
-392.670202,-90.058811,0.0,epithelial_tumor_class1,1,548.8439735443496
-170.096009,7.106977,0.0,CD4_Tcell,1,394.9722310055415
39.692589,-43.182725,0.0,CD4_Tcell,1,455.1012241702958
-397.278734,-208.571410,0.0,CD4_Tcell,1,476.0736182429703
-196.687898,214.706004,0.0,CD4_Tcell,1,467.3410514297851
362.263706,172.066844,0.0,CD8_Tcell,1,491.2397067038336
-260.472417,-225.144241,0.0,epithelial_tumor_class1,1,1591.1757141451546
311.016768,48.478682,0.0,CAF,1,485.974701299789
333.804222,175.453208,0.0,CAF,1,488.54997807705905
111.117339,186.919060,0.0,CAF,1,729.2333226850712
73.203954,371.366861,0.0,CD8_Tcell,1,593.7986030057824
-81.276340,148.775561,0.0,CD4_Tcell,1,1028.0701372719848
-129.754052,186.938235,0.0,CD4_Tcell,1,514.2925158389681
-280.896393,-195.758923,0.0,CAF,1,519.4471865055203
-250.153000,289.621328,0.0,CD8_Tcell,1,726.0252979414796
-219.928151,100.279598,0.0,CD4_Tcell,1,341.0951720783873
-10.806063,-427.395717,0.0,CD4_Tcell,1,367.7415341800202
205.437976,382.759796,0.0,epithelial_tumor_class1_class2,1,4192.875602702746
-289.682036,212.450378,0.0,CAF,1,622.996991899962
-117.503415,459.017024,0.0,CD4_Tcell,1,718.4148825209973
-11.231519,505.054864,0.0,CD4_Tcell,1,407.6137308607888
-79.629558,-297.665712,0.0,CD4_Tcell,1,1028.0701372719848
106.347317,-444.130556,0.0,CD8_Tcell,1,479.76875450238117
305.100836,-139.531948,0.0,CD4_Tcell,1,392.33574359825053
-415.047111,-121.018318,0.0,CAF,1,1011.2103620420081
299.503220,78.043491,0.0,epithelial_tumor_class1,1,984.4107811037819
83.746532,273.244431,0.0,CD8_Tcell,1,343.058429747481
125.863390,-43.871652,0.0,CAF,1,738.2818375331259
-206.482434,100.839021,0.0,CAF,1,392.1025343254189
171.860267,-185.767329,0.0,epithelial_tumor_class1,1,1984.742185324051
-382.486965,-286.281224,0.0,CD8_Tcell,1,723.313679170083
111.622488,-405.853106,0.0,CD8_Tcell,1,427.63289514925424
-168.494974,-459.991817,0.0,epithelial_tumor_class1,1,2436.58353048987
-237.389387,-101.166775,0.0,CD8_Tcell,1,311.30435562574905
245.587668,346.335786,0.0,CD4_Tcell,1,803.4122762673909
480.378559,9.787932,0.0,CD4_Tcell,1,416.6119781314446
-49.787677,155.432663,0.0,CD8_Tcell,1,404.1276815008292
-436.890855,-115.290603,0.0,apCAF,1,406.51141466283303
186.585131,265.496503,0.0,epithelial_tumor_class1,1,1043.9318701635673
-112.264074,140.035468,0.0,CD4_Tcell,1,743.0323741788113
-302.612750,-223.798451,0.0,epithelial_tumor_class1,1,886.0448541484169
-347.913140,-292.837826,0.0,CD4_Tcell,1,489.5706148817475
-288.802383,-353.820812,0.0,CD4_Tcell,1,424.01980916033847
124.141792,-310.406109,0.0,CD8_Tcell,1,569.3886552227149
-244.714726,-232.859034,0.0,epithelial_tumor_class1_class2,1,1494.246841664402
429.456381,236.789613,0.0,CD4_Tcell,1,505.7569082388529
20.385300,-155.507902,0.0,CD4_Tcell,1,504.4686818321455
344.503113,-238.211841,0.0,CD4_Tcell,1,1028.0701372719848
404.208699,24.921380,0.0,CAF,1,351.52848293612266
208.899814,274.176055,0.0,apCAF,1,374.63518322309477
362.615529,-285.782819,0.0,CD8_Tcell,1,345.4337884081817
37.993403,62.131039,0.0,CD4_Tcell,1,1028.0701372719848
41.236886,-170.353656,0.0,CD4_Tcell,1,478.65821339902254
238.138864,179.517431,0.0,CD8_Tcell,1,350.9507005639918
395.782651,-220.721239,0.0,CD8_Tcell,1,852.7005932260496
-139.518934,401.323984,0.0,CD8_Tcell,1,431.680649196466
-301.812886,34.442243,0.0,CD4_Tcell,1,308.86731079765104
322.028544,-88.569143,0.0,apCAF,1,587.5175039688959
115.658773,-416.887730,0.0,CD4_Tcell,1,1028.0701372719848
155.278291,-215.920593,0.0,CD4_Tcell,1,433.96349782168267
-377.327096,90.031632,0.0,CD8_Tcell,1,404.6301359447669
-187.036515,-172.168059,0.0,CD8_Tcell,1,374.1578823396575
-342.261470,-110.691731,0.0,epithelial_tumor_class1,1,2281.41601298861
360.067680,48.686070,0.0,CAF,1,769.3422461617945
-300.278119,53.896892,0.0,CD4_Tcell,1,573.8352926444072
-294.660976,245.470253,0.0,apCAF,1,387.16223758626944
-111.617444,-292.832543,0.0,CD8_Tcell,1,592.9960956570967
-194.464270,-90.635543,0.0,CD4_Tcell,1,546.3354264880392
200.630928,360.144826,0.0,CD4_Tcell,1,297.3571890482739
-137.412755,284.182639,0.0,CAF,1,626.5312168947324
23.779927,184.575738,0.0,CD4_Tcell,1,503.7794612655689
435.828673,-40.587813,0.0,epithelial_tumor_class1,1,2156.4644033161485
-239.015912,-200.749941,0.0,epithelial_tumor_class1,1,452.43426817855067
370.538320,95.664344,0.0,epithelial_tumor_class1,1,3787.872745379202
-188.176700,217.524083,0.0,CD4_Tcell,1,299.70089802305387
103.812958,-177.229352,0.0,CAF,1,428.4706457577012
-143.099499,-199.915661,0.0,CD4_Tcell,1,269.5429157732726
-371.950517,-318.474151,0.0,CAF,1,429.07560363486925
-221.619624,456.659685,0.0,CD4_Tcell,1,977.7499697925386
180.819901,-425.462943,0.0,CD4_Tcell,1,327.6421270985028
311.524572,-329.654733,0.0,CD4_Tcell,1,926.6675534095322
-159.073014,296.659476,0.0,CD8_Tcell,1,926.3688087780466
202.664846,423.117067,0.0,epithelial_tumor_class1,1,1039.0872045584997
-502.170252,-68.691508,0.0,CAF,1,386.4305643059555
397.511104,185.909990,0.0,CAF,1,747.7634043207219
-365.269555,-167.149372,0.0,CD4_Tcell,1,407.79985989633855
144.325291,-485.272294,0.0,CAF,1,597.6847371054774
-376.475935,-17.849529,0.0,apCAF,1,470.28867679659817
-120.616454,-444.346393,0.0,CD8_Tcell,1,540.009331091386
-138.347011,-152.935767,0.0,CD8_Tcell,1,421.9624121984607
-308.283015,361.541461,0.0,CD4_Tcell,1,315.9587759434959
-178.210883,-119.819595,0.0,CD4_Tcell,1,569.056501699741
-418.982205,110.603818,0.0,CD4_Tcell,1,349.80904012421524
225.822796,-229.718115,0.0,CAF,1,606.4081632991772
-27.177045,-267.866546,0.0,CD4_Tcell,1,871.9337244186211
386.239361,-213.390481,0.0,CD4_Tcell,1,962.8908279348224
171.524831,356.693245,0.0,apCAF,1,157.94498324677807
263.400967,84.902085,0.0,CD8_Tcell,1,394.8681071301109
92.966694,-405.215245,0.0,CD4_Tcell,1,1028.0701372719848
-175.551409,-412.161264,0.0,CAF,1,1054.7563204040896
39.532632,-457.556083,0.0,CD4_Tcell,1,299.49519830011053
-445.697887,-143.816020,0.0,epithelial_tumor_class1,1,786.3572339339163
176.361939,-40.070946,0.0,CD4_Tcell,1,333.8054936436972
37.165601,-324.172292,0.0,epithelial_tumor_class1_class2,1,744.8588024324272
214.342061,415.763778,0.0,CD4_Tcell,1,548.0015424197321
425.558698,-148.696443,0.0,CD4_Tcell,1,306.11341904125277
-331.740641,305.232559,0.0,CAF,1,669.656513404081
21.219739,-196.494689,0.0,CAF,1,709.5297665964682
409.483891,176.854238,0.0,CD4_Tcell,1,293.6241772844548
42.134955,-305.988587,0.0,CD8_Tcell,1,510.8081261149018
458.184807,-7.633809,0.0,CD8_Tcell,1,397.00630684485805
-186.012799,-44.145574,0.0,CD4_Tcell,1,484.34738859254537
-155.838959,-430.037893,0.0,CD8_Tcell,1,1072.2928544680706
-12.312949,426.026097,0.0,CD4_Tcell,1,233.10156715974654
115.967067,197.287932,0.0,apCAF,1,490.60771303997393
-23.076235,166.774723,0.0,CD4_Tcell,1,392.6986973468624
-246.666176,-246.014686,0.0,CD8_Tcell,1,463.31907239245186
-423.515657,231.464316,0.0,CD4_Tcell,1,380.0011022879194
262.832023,-264.174009,0.0,CD8_Tcell,1,387.53484663027626
-217.434651,-205.006029,0.0,CD4_Tcell,1,298.42491722827225
-91.095623,-387.709842,0.0,CAF,1,260.8500590182597
34.351435,-60.325257,0.0,epithelial_tumor_class1,1,1367.8452462750622
-0.411770,505.996742,0.0,CD4_Tcell,1,1028.0701372719848
-398.922209,149.606990,0.0,CD4_Tcell,1,596.9301569270324
464.732141,-69.176875,0.0,epithelial_tumor_class1,1,1840.1941075779512
-456.212994,-136.357452,0.0,CD4_Tcell,1,419.09866938179937
-315.226791,342.198418,0.0,CD4_Tcell,1,745.7532530523589
149.531022,356.176687,0.0,CD8_Tcell,1,531.5396903178887
44.938411,339.920998,0.0,CAF,1,610.0011609713202
-334.917628,-221.272344,0.0,CD4_Tcell,1,416.5175704795634
371.474460,-322.959961,0.0,CD4_Tcell,1,287.8620125941899
289.188182,76.877460,0.0,CD8_Tcell,1,312.42746101207814
465.065705,-112.805674,0.0,CD4_Tcell,1,324.4806195514424
-329.054254,136.926466,0.0,mesenchymal_tumor_class1,1,694.347222287203
316.896164,-137.214190,0.0,apCAF,1,628.5871786657139
-182.767624,230.543490,0.0,CD8_Tcell,1,427.6191706380443
-364.473010,-280.698303,0.0,CAF,1,1054.7563204040896
53.951831,-266.983048,0.0,CD8_Tcell,1,267.79113897848265
-394.704109,-318.993041,0.0,CD4_Tcell,1,1028.0701372719848
359.049912,-162.304639,0.0,epithelial_tumor_class1_class2,1,1591.1757141451546
-135.768152,375.870810,0.0,CD4_Tcell,1,761.5726701305301
-222.660370,-138.439027,0.0,CD4_Tcell,1,445.59727176037984
-275.660952,364.399879,0.0,CD4_Tcell,1,390.873238458388
207.727152,104.866447,0.0,CD4_Tcell,1,394.93318240747413
112.373610,-305.697370,0.0,epithelial_tumor_class1_class2,1,1790.8958902046213
64.998411,-284.545091,0.0,CD4_Tcell,1,316.0709586214352
-477.966898,-50.251498,0.0,CD4_Tcell,1,315.38705716891957
316.048138,-310.477303,0.0,CD8_Tcell,1,488.91004069164563
-149.692913,-462.948182,0.0,CD4_Tcell,1,682.7332176190346
-272.524734,343.779347,0.0,CD4_Tcell,1,499.6725422966525
-374.528393,-244.368754,0.0,CAF,1,562.6217797265215
360.612422,-125.901490,0.0,CD4_Tcell,1,374.9368454561947
-15.057875,-372.532590,0.0,epithelial_tumor_class1,1,668.2878673786392
-200.583670,300.275638,0.0,CAF,1,1012.526386223884
225.767548,-356.728734,0.0,CD4_Tcell,1,618.0012658349875
-23.365183,120.182253,0.0,CD4_Tcell,1,367.5678038876773
-282.213051,93.569000,0.0,epithelial_tumor_class1,1,862.4347573704464
326.320231,-344.390839,0.0,epithelial_tumor_class1,1,884.7517270911159
-264.048020,-16.632205,0.0,epithelial_tumor_class1,1,1700.8068665193477
-127.700339,249.699559,0.0,CD4_Tcell,1,656.8574819003607
131.386480,-293.528473,0.0,CD8_Tcell,1,465.65393625506124
310.690807,-394.735933,0.0,epithelial_tumor_class1,1,840.367057564285
74.119062,219.333071,0.0,CD4_Tcell,1,269.8760087636464
27.312087,345.516935,0.0,CD8_Tcell,1,571.4175910057915
-157.106866,-313.511480,0.0,CD8_Tcell,1,390.44682192916287
-332.419320,-124.043899,0.0,CAF,1,597.1358884974877
-220.945312,-320.784573,0.0,CD8_Tcell,1,475.2779686103925
-423.367398,67.286212,0.0,CAF,1,353.1810573478552
-134.592203,365.298515,0.0,CAF,1,503.58047003892966
-32.476660,-203.049649,0.0,CD4_Tcell,1,387.49628978554955
333.622669,121.371069,0.0,CD8_Tcell,1,398.1829826212389
73.823555,194.140527,0.0,CD8_Tcell,1,858.3881022474822
283.088570,-144.592872,0.0,CD4_Tcell,1,264.1709926723293
419.719621,-100.589812,0.0,CAF,1,516.9823736079491
-383.474482,37.974862,0.0,CD4_Tcell,1,391.00251685603695
1.762393,-158.801872,0.0,CD4_Tcell,1,768.5710368345555
289.700160,343.486975,0.0,CD8_Tcell,1,395.2326207726866
214.997714,-188.384539,0.0,CD4_Tcell,1,490.7280509695826
81.889264,443.471899,0.0,CD4_Tcell,1,356.3315560689483
-465.611249,157.153489,0.0,apCAF,1,257.7920630034869
-13.250129,40.556671,0.0,CD8_Tcell,1,616.1610386717658
-456.919765,-11.117434,0.0,CD4_Tcell,1,338.97481862203796
-307.435980,-244.413956,0.0,CAF,1,379.35450424561225
184.352138,-139.766685,0.0,apCAF,1,429.5985252781707
116.356505,-396.712495,0.0,apCAF,1,723.9373374184939
99.028312,-419.442627,0.0,CAF,1,532.3492865295525
-113.617051,33.213359,0.0,CAF,1,692.6800773406203
-278.194358,-419.101149,0.0,epithelial_tumor_class1_class2,1,1127.2743518586108
-149.342858,-370.167391,0.0,CD4_Tcell,1,372.0525677937402
-123.975633,352.152385,0.0,CD4_Tcell,1,373.9570348914769
149.503701,19.504981,0.0,epithelial_tumor_class1,1,1578.8820133707404
-280.648406,249.348972,0.0,epithelial_tumor_class1_class2,1,2548.275380130983
241.725261,129.409540,0.0,CAF,1,473.4542774447482
254.248012,36.695347,0.0,apCAF,1,1092.8244532799033
128.318343,-460.023251,0.0,epithelial_tumor_class1,1,452.43426817855067
135.745391,-391.809027,0.0,CD8_Tcell,1,915.7023167013499
307.800703,373.413227,0.0,apCAF,1,124.12523118646381
-381.033744,-223.260958,0.0,CD8_Tcell,1,274.29246238989595
-132.175553,328.043421,0.0,CD4_Tcell,1,656.4555964183313
30.323883,-23.885915,0.0,CAF,1,593.7473575133473
445.197434,-54.119829,0.0,apCAF,1,340.54067378080725
331.694845,219.775226,0.0,CD8_Tcell,1,462.63894101807216
-19.684126,352.712489,0.0,CD4_Tcell,1,638.342728418863
-43.318908,127.426311,0.0,CAF,1,248.6564681639904
106.631181,97.095838,0.0,CD8_Tcell,1,706.6100000830124
224.305858,-242.313047,0.0,CD8_Tcell,1,1072.2928544680706
-501.720184,54.959008,0.0,epithelial_tumor_class1,1,1127.2743518586108
209.359971,-5.987785,0.0,CD4_Tcell,1,466.5697096311579
-43.318579,-2.870799,0.0,CD4_Tcell,1,490.62275420518137
-214.892442,285.737886,0.0,CD8_Tcell,1,371.7274526970491
-270.367489,-274.110642,0.0,CD4_Tcell,1,742.0806414473398
398.470761,87.771367,0.0,CD8_Tcell,1,305.9377294957938
-124.167732,261.597399,0.0,epithelial_tumor_class1_class2,1,649.36729995808
-53.277197,333.100394,0.0,CD8_Tcell,1,968.5132810321832
-111.813385,431.583176,0.0,CD4_Tcell,1,706.4181915098678
-78.982036,138.374360,0.0,CD4_Tcell,1,351.15525935708945
81.530589,-188.136639,0.0,CD4_Tcell,1,1028.0701372719848
-83.480431,193.136033,0.0,CD4_Tcell,1,574.6204224312262
265.521121,22.105712,0.0,epithelial_tumor_class1,1,859.2619797628228
-379.762805,101.747671,0.0,CD8_Tcell,1,533.5095501890665
-349.330132,-200.816918,0.0,CD4_Tcell,1,457.06399682812366
282.715537,-68.528106,0.0,CD4_Tcell,1,546.9335449115437
-236.885616,2.809436,0.0,CD4_Tcell,1,436.9919469204824
387.485122,-330.691112,0.0,CD4_Tcell,1,342.43079012359425
-84.082478,402.355325,0.0,CD4_Tcell,1,449.67227063441123
384.464220,-99.204221,0.0,apCAF,1,261.5317828353617
351.344494,95.910142,0.0,CD4_Tcell,1,300.6548409197422
507.786320,-13.983448,0.0,mesenchymal_tumor_class1,1,611.8116827439196
-327.737586,-370.523923,0.0,CAF,1,401.4900389585284
120.019946,-6.799915,0.0,epithelial_tumor_class1,1,966.6918637250656
194.287233,-365.326481,0.0,CD8_Tcell,1,715.0066519998662
218.291312,-92.221530,0.0,mesenchymal_tumor_class1,1,719.579250013454
-205.053859,249.089666,0.0,CD8_Tcell,1,287.3878969378814
-158.061624,-469.124637,0.0,CD4_Tcell,1,504.5146522073197
103.057596,-266.656445,0.0,CD8_Tcell,1,408.58488339256314
-223.034582,430.289616,0.0,CD8_Tcell,1,608.142144188316
162.371275,68.252023,0.0,CD8_Tcell,1,782.3675987145183
404.964432,93.613620,0.0,CD4_Tcell,1,395.8189161280867
-107.759235,157.653227,0.0,epithelial_tumor_class1,1,1218.4935667544974
-386.175868,-50.751237,0.0,CD4_Tcell,1,349.7370184978974
-375.585831,3.432190,0.0,CAF,1,641.2511911908091
327.503726,-125.456399,0.0,CD4_Tcell,1,407.95944416041857
-165.016934,24.479468,0.0,CD8_Tcell,1,471.0933892260175
-169.387226,-68.644563,0.0,CD8_Tcell,1,404.88151926745115
-91.759185,144.183600,0.0,CAF,1,552.9713357982595
-100.431567,-338.443928,0.0,CD8_Tcell,1,252.56828624661787
-210.554127,306.163879,0.0,CD8_Tcell,1,641.4310148552667
-341.514907,-229.574464,0.0,CD4_Tcell,1,891.8347124512284
17.735849,468.014236,0.0,CD8_Tcell,1,562.2922633428465
295.073584,-167.246630,0.0,CD8_Tcell,1,449.8000130614404
198.655729,195.551873,0.0,CD4_Tcell,1,462.1039869333384
-31.851240,304.245271,0.0,CD8_Tcell,1,548.8277648094181
-120.320217,187.533621,0.0,CD4_Tcell,1,359.7330627672397
258.713729,238.838434,0.0,CD4_Tcell,1,442.122067734692
119.596295,86.486209,0.0,CD4_Tcell,1,431.62540703692946
273.823076,-217.009427,0.0,apCAF,1,400.0967534421068
299.108949,291.882732,0.0,CD4_Tcell,1,377.25497086322207
402.693446,34.617106,0.0,CD8_Tcell,1,411.3069648987396
113.395426,55.366081,0.0,CD4_Tcell,1,859.9833750440048
-412.924032,118.261575,0.0,CD8_Tcell,1,293.4746560156436
-237.739559,-449.249329,0.0,CD8_Tcell,1,488.44499312449375
-495.087570,13.795298,0.0,CAF,1,1001.8122105722066
-303.315537,277.182051,0.0,CD8_Tcell,1,385.81513385187606
406.679122,266.860435,0.0,CD4_Tcell,1,271.79915659102244
183.549063,-475.333235,0.0,CD4_Tcell,1,277.8807092563437
471.623342,-87.161089,0.0,CD8_Tcell,1,633.5148566484816
359.655604,-72.366542,0.0,CD8_Tcell,1,288.65336362692864
-23.770750,-354.606090,0.0,CD4_Tcell,1,313.8546791895715
305.830851,-200.104188,0.0,CD8_Tcell,1,223.75057076691417
-38.485861,269.199198,0.0,CD8_Tcell,1,375.8679899977161
79.079432,-262.361666,0.0,CAF,1,634.371359577915
-168.065987,-80.875205,0.0,CAF,1,427.37217964807024
8.982827,296.962286,0.0,CD4_Tcell,1,483.8852393102255
341.659640,-282.559744,0.0,CD4_Tcell,1,318.9405964480471
-93.561988,17.034000,0.0,CAF,1,477.8744653216261
106.246079,-168.619963,0.0,CD8_Tcell,1,326.03590987951225
-449.419288,223.667594,0.0,CD8_Tcell,1,442.122067734692
-317.225949,-365.267380,0.0,CD8_Tcell,1,789.6371849495774
12.634458,-148.255339,0.0,CD4_Tcell,1,473.2780391928968
-366.311453,234.808497,0.0,epithelial_tumor_class1,1,1623.9921298302725
94.284727,-276.655941,0.0,CAF,1,290.7813333088014
348.743285,214.211567,0.0,CD4_Tcell,1,785.3688479518031
475.790100,-62.049698,0.0,CD8_Tcell,1,717.5811922589927
-360.239082,-330.412182,0.0,CAF,1,647.5288445928724
-21.648724,131.138452,0.0,CAF,1,356.8787294941147
247.080484,314.701336,0.0,CD4_Tcell,1,343.79362246395925
-25.418676,-229.486695,0.0,CD4_Tcell,1,462.0461787724129
344.998367,239.865855,0.0,CD8_Tcell,1,633.9073247282902
-92.063380,458.830412,0.0,CD4_Tcell,1,484.34738859254537
236.179913,-267.548505,0.0,CD8_Tcell,1,1072.2928544680706
112.076379,-216.187293,0.0,CD8_Tcell,1,537.7196437724442
303.965336,284.464071,0.0,CD4_Tcell,1,352.98778941068804
48.910608,67.919979,0.0,CAF,1,948.9066370800679
-349.607039,140.919475,0.0,CD4_Tcell,1,815.994577571904
412.743076,203.085787,0.0,epithelial_tumor_class1,1,1207.9865245945455
26.589877,369.544223,0.0,CAF,1,405.808566740794
150.927025,472.576194,0.0,epithelial_tumor_class1,1,1038.2936170127473
-123.112880,-17.235964,0.0,CAF,1,585.1629874522599
-120.787476,156.794990,0.0,epithelial_tumor_class1,1,1113.8660509247802
66.222961,386.011952,0.0,apCAF,1,186.2874849805699
-253.247387,-177.533976,0.0,CD4_Tcell,1,1028.0701372719848
-443.627926,-153.805780,0.0,CD4_Tcell,1,359.24406808425084
-288.975713,285.442530,0.0,CD8_Tcell,1,623.5792210489411
-149.890874,-274.393418,0.0,CD8_Tcell,1,380.5214488405937
269.268871,-182.982620,0.0,CD4_Tcell,1,537.7676125773673
-82.965963,393.573412,0.0,CD8_Tcell,1,288.67448615029707
243.451165,367.771847,0.0,CD8_Tcell,1,420.0066009980994
53.781186,157.277083,0.0,CAF,1,790.939306836251
81.813164,-97.816811,0.0,CD8_Tcell,1,801.5538958547783
225.955049,101.252623,0.0,CD8_Tcell,1,1072.2928544680706
-332.474836,87.233481,0.0,CD4_Tcell,1,391.3258375537162
87.878677,155.834961,0.0,CD4_Tcell,1,1028.0701372719848
107.193052,175.736483,0.0,CD4_Tcell,1,286.08413920239263
-414.135394,264.363279,0.0,CAF,1,679.9996667848079
-47.737488,359.346832,0.0,CD8_Tcell,1,270.5632473028573
27.910423,-350.023989,0.0,CAF,1,549.0222906918165
-111.952635,336.167740,0.0,CD4_Tcell,1,308.60222342041743
-93.408957,-422.622274,0.0,CD4_Tcell,1,552.0433223068752
366.613777,109.468653,0.0,CD4_Tcell,1,429.66736237028397
-206.840989,-395.786464,0.0,apCAF,1,152.13935597187893
-35.297688,-455.765968,0.0,CD8_Tcell,1,1000.7231966694548
282.963261,387.918952,0.0,epithelial_tumor_class1_class2,1,3397.9481947310655
4.081043,-100.103468,0.0,CD8_Tcell,1,666.2199522528657
-346.187182,73.141478,0.0,CD4_Tcell,1,381.6398936941509
-306.031917,188.019660,0.0,CD4_Tcell,1,489.7959465512172
-120.347682,302.384724,0.0,CD8_Tcell,1,394.1137562550804
-407.713202,-237.514321,0.0,apCAF,1,975.7028915056706
-143.193440,83.940427,0.0,CD4_Tcell,1,507.7241340680243
199.701283,92.663813,0.0,apCAF,1,394.7900262338278
406.414370,251.435985,0.0,CD4_Tcell,1,1028.0701372719848
35.925891,78.735629,0.0,CD4_Tcell,1,393.46422539165945
-141.720866,-229.209685,0.0,apCAF,1,392.2450401185022
170.804230,-433.724314,0.0,CD8_Tcell,1,419.2205541931655
415.236744,-239.105276,0.0,epithelial_tumor_class1,1,1034.232822090497
249.083205,257.344220,0.0,CD4_Tcell,1,364.7585225337911
-357.352630,343.395054,0.0,CD4_Tcell,1,300.9262161629518
-479.537388,-136.615091,0.0,CD4_Tcell,1,666.2199522528657
393.690892,53.715613,0.0,CD4_Tcell,1,780.2138994331469
-389.237168,-246.415194,0.0,apCAF,1,675.577879298051
-208.117632,-288.754009,0.0,CD8_Tcell,1,1072.2928544680706
43.188392,192.871388,0.0,CD8_Tcell,1,396.17097149630655
-265.102778,87.523288,0.0,CD8_Tcell,1,300.3944742252936
124.117705,-361.358239,0.0,CD8_Tcell,1,511.1635837719081
-131.222679,-161.936959,0.0,CD8_Tcell,1,471.23979912952495
-21.778304,-214.802672,0.0,apCAF,1,114.92227646857268
-140.898414,41.066728,0.0,apCAF,1,322.6685832001728
-142.341653,-119.544435,0.0,apCAF,1,527.062135746749
-289.174563,-12.277608,0.0,apCAF,1,701.4433440226019
-461.943193,-186.029628,0.0,CAF,1,276.8420513119313
-253.379636,-390.437832,0.0,CD8_Tcell,1,1072.2928544680706
-277.299222,-402.828032,0.0,CAF,1,513.5013365003878
-214.398018,-88.469884,0.0,CAF,1,340.54067378080725
-254.877015,-211.425502,0.0,CD4_Tcell,1,1028.0701372719848
18.365187,341.208342,0.0,CD4_Tcell,1,458.1696342248007
337.352034,251.343536,0.0,CD8_Tcell,1,333.7822232881512
-0.260873,280.630221,0.0,CD4_Tcell,1,264.51957324708343
-248.750789,-437.079552,0.0,epithelial_tumor_class1,1,1109.9214205066714
174.945930,-475.752636,0.0,CAF,1,398.4840612001257
-377.020368,176.909953,0.0,CD4_Tcell,1,323.36296717998283
373.983662,65.471222,0.0,CD8_Tcell,1,1072.2928544680706
426.490275,-88.155419,0.0,CD8_Tcell,1,453.6149938788363
-187.889282,-14.960376,0.0,CD4_Tcell,1,491.3752044921636
209.258114,306.360037,0.0,epithelial_tumor_class1,1,1266.5295750262449
56.389940,-405.577048,0.0,CD8_Tcell,1,397.54206013254054
300.963359,-39.400923,0.0,CD8_Tcell,1,329.1498570630717
-41.053476,489.401902,0.0,CD8_Tcell,1,747.6040528530266
-285.393514,327.568598,0.0,CAF,1,373.06664146727064
-351.530583,-28.901675,0.0,CD4_Tcell,1,761.5928351600556
-192.533174,353.067509,0.0,epithelial_tumor_class1,1,1242.7340773434503
-62.103300,-5.192664,0.0,apCAF,1,798.4074729196236
431.806313,105.794940,0.0,CAF,1,899.3383333428411
408.946312,-134.260242,0.0,CD4_Tcell,1,333.22405915087563
25.293255,118.481462,0.0,CD8_Tcell,1,389.2854442716481
-247.487565,376.973468,0.0,CAF,1,1051.5395823965061
416.029693,-166.223743,0.0,apCAF,1,445.0896347025326
300.283394,-394.788486,0.0,CD4_Tcell,1,395.45404203497225
190.521477,162.718961,0.0,CD4_Tcell,1,226.21026372589685
-303.009887,303.772584,0.0,CD4_Tcell,1,500.2513429282985
14.594137,278.178764,0.0,apCAF,1,519.7597456024939
-325.022185,224.648480,0.0,epithelial_tumor_class1,1,1541.8970396142297
-28.342824,-430.348010,0.0,CD8_Tcell,1,517.4653599422924
-480.819857,-15.038574,0.0,CD4_Tcell,1,470.4349199315656
335.927507,-374.942093,0.0,CAF,1,1054.7563204040896
462.119131,-100.778778,0.0,CAF,1,465.81374676686363
171.182416,-108.332099,0.0,CD4_Tcell,1,337.0857411008402
115.517690,21.463900,0.0,CD4_Tcell,1,989.7083269966424
-75.684187,-83.416422,0.0,apCAF,1,692.6800773406203
-381.406274,322.542506,0.0,CD8_Tcell,1,503.07557381625077
-415.132343,-247.467478,0.0,CD4_Tcell,1,1028.0701372719848
128.893003,243.299339,0.0,CD8_Tcell,1,570.0865982783813
-278.799269,-162.081394,0.0,CAF,1,275.1814954607605
154.625408,461.101318,0.0,CD8_Tcell,1,430.7421733282272
-103.113275,-31.386531,0.0,CD4_Tcell,1,309.23205374934344
-0.336629,-368.930362,0.0,CD4_Tcell,1,331.44906442163483
-7.677480,343.530477,0.0,CAF,1,495.36089977349553
-196.562967,41.383131,0.0,epithelial_tumor_class1,1,1218.7142583666855
-305.985110,-37.329100,0.0,mesenchymal_tumor_class1,1,1406.1261222852265
-173.347998,32.992211,0.0,CD4_Tcell,1,880.9243356008645
29.933698,-157.221309,0.0,epithelial_tumor_class1,1,452.43426817855067
-8.000292,455.204065,0.0,CD4_Tcell,1,280.37993735709153
-128.956714,-432.315931,0.0,CD4_Tcell,1,340.54067378080725
349.384929,134.661363,0.0,CD4_Tcell,1,404.206988743792
21.465940,100.214949,0.0,CD4_Tcell,1,372.69084405936064
-241.317308,329.384126,0.0,CD4_Tcell,1,457.6955715562528
-145.411068,369.135479,0.0,CD4_Tcell,1,949.3503387514057
-69.844126,37.338653,0.0,CD4_Tcell,1,397.398274165386
215.019370,427.134942,0.0,CAF,1,1054.7563204040896
-360.153605,167.967289,0.0,apCAF,1,266.2270477805155
276.178129,-150.185808,0.0,CD8_Tcell,1,495.70915544192246
-450.384717,75.576095,0.0,CAF,1,410.6386730773365
55.270698,334.536820,0.0,apCAF,1,1092.8244532799033
-471.506523,35.653776,0.0,CD4_Tcell,1,465.14569144482164
143.244609,209.398851,0.0,CD4_Tcell,1,383.5386172931279
15.711153,-506.348322,0.0,CD8_Tcell,1,219.28902988873983
-264.914470,288.199150,0.0,CD4_Tcell,1,535.2132552870719
440.580590,202.479948,0.0,CD4_Tcell,1,338.97481862203796
130.379486,476.955792,0.0,CD4_Tcell,1,461.2518053844366
229.328859,144.120222,0.0,CD4_Tcell,1,757.3057154927558
338.776281,-268.160757,0.0,CD8_Tcell,1,545.4309958641688
-140.964188,17.891921,0.0,CAF,1,351.9983977830562
-170.003929,-421.962539,0.0,CD4_Tcell,1,466.88978613039944
0.263210,83.385879,0.0,CD4_Tcell,1,318.5344225163729
-166.275611,150.718989,0.0,CAF,1,510.1748929728391
47.390451,-394.573191,0.0,CD4_Tcell,1,799.3026340521203
265.708779,202.180186,0.0,CD4_Tcell,1,499.10940241469905
-91.606196,-239.852140,0.0,CAF,1,643.3752530357759
-328.648841,-150.125068,0.0,CD4_Tcell,1,312.1269608326925
486.000795,-22.394128,0.0,CD8_Tcell,1,460.61696262421935
-176.809760,399.163609,0.0,CD4_Tcell,1,339.9985555375553
-64.438275,-316.075627,0.0,CD4_Tcell,1,526.1318315307221
171.832759,418.873031,0.0,CD4_Tcell,1,507.69335700168256
-3.415790,423.634475,0.0,CD8_Tcell,1,647.4926495764136
-313.000214,302.194275,0.0,CD4_Tcell,1,585.4506116530554
-306.402273,80.811680,0.0,CAF,1,422.9425905529335
66.492764,252.785354,0.0,epithelial_tumor_class1,1,913.6972795387212
-396.719952,-145.160937,0.0,CD8_Tcell,1,468.8716909217398
-259.863534,368.563506,0.0,CAF,1,294.5330753306409
465.146808,-42.761326,0.0,CD4_Tcell,1,367.46855400585906
-263.324782,-124.707661,0.0,epithelial_tumor_class1_class2,1,777.32801149703
190.223884,293.919720,0.0,CD4_Tcell,1,799.760882091691
-193.648124,14.256366,0.0,CD4_Tcell,1,1028.0701372719848
282.055617,-349.158797,0.0,CD4_Tcell,1,988.6760972868134
296.982813,-362.643313,0.0,CD4_Tcell,1,463.5797246612258
64.115901,-236.404017,0.0,CD8_Tcell,1,533.6368047746873
-272.972298,-302.157141,0.0,CD8_Tcell,1,374.10766373728745
-141.821438,-48.795011,0.0,CD4_Tcell,1,382.8880114288634
-266.686605,-385.635320,0.0,CD4_Tcell,1,1028.0701372719848
88.049628,175.281973,0.0,CD4_Tcell,1,393.3084442490989
-147.187811,221.620831,0.0,CD8_Tcell,1,765.8556225280632
-206.976821,420.576377,0.0,CD8_Tcell,1,427.9349086967165
-27.659622,-463.441807,0.0,CD8_Tcell,1,414.00081416597016
-464.894837,104.832337,0.0,epithelial_tumor_class1_class2,1,2532.5639483551586
-200.373509,-235.687994,0.0,CD4_Tcell,1,296.8081425688516
415.085711,76.194237,0.0,epithelial_tumor_class1,1,1388.5672535193573
-42.781082,448.528589,0.0,CAF,1,368.90942691365984
429.989401,64.414869,0.0,epithelial_tumor_class1,1,1592.1316259747803
-48.542865,241.936793,0.0,CAF,1,1054.7563204040896
-46.975294,291.423660,0.0,CD4_Tcell,1,693.7027813718894
-8.582434,192.984875,0.0,CD8_Tcell,1,407.0025628053727
-373.255635,-67.361730,0.0,CAF,1,440.580239198867
-71.236158,-277.164243,0.0,CAF,1,569.189347603537
89.055563,309.658917,0.0,apCAF,1,311.7710620601991
-93.739559,330.445949,0.0,CD4_Tcell,1,332.88713671552625
-81.821110,-311.969692,0.0,CD4_Tcell,1,552.3851011185477
-149.669118,-29.620588,0.0,CAF,1,473.74810508062427
274.569396,209.054293,0.0,CAF,1,516.9979491193244
300.562492,245.618529,0.0,CAF,1,763.7121447384833
-199.471036,-428.239495,0.0,CAF,1,946.8767162703275
-151.542879,305.343049,0.0,CD8_Tcell,1,676.7327767133235
14.823497,27.181656,0.0,CAF,1,1000.940936281637
-243.755450,-279.672753,0.0,CD4_Tcell,1,484.52636405868293
237.999748,-449.142634,0.0,CD4_Tcell,1,569.6544710818987
-235.191745,282.503639,0.0,CD8_Tcell,1,528.467549816567
-227.118388,-294.101783,0.0,CD8_Tcell,1,220.31940865084067
34.561268,115.998669,0.0,CD8_Tcell,1,491.5709675039515
157.001677,-378.189207,0.0,CAF,1,531.6031583750544
-98.366965,259.487655,0.0,CD8_Tcell,1,318.1511305795363
18.315518,-360.197381,0.0,apCAF,1,316.1831678502308
-485.559948,-110.558909,0.0,CAF,1,269.63373211879383
250.016633,-208.458715,0.0,CD4_Tcell,1,504.9898429584258
-320.297179,-79.076918,0.0,CD4_Tcell,1,585.7383300887119
-88.160328,-288.693567,0.0,CD4_Tcell,1,959.7583675097874
207.991512,324.350533,0.0,CD4_Tcell,1,690.3354510886985
-121.335619,360.491579,0.0,apCAF,1,325.1890340587572
60.704092,400.767331,0.0,CD4_Tcell,1,384.4711585156042
-301.171232,6.623957,0.0,epithelial_tumor_class1_class2,1,1389.6810774664414
-196.634735,-101.758317,0.0,CD4_Tcell,1,1028.0701372719848
-341.911937,-312.077725,0.0,CD8_Tcell,1,348.430346119481
122.344023,488.303620,0.0,CAF,1,749.7771645414387
-369.255602,264.050072,0.0,CD8_Tcell,1,323.8302436528252
207.698663,-107.523044,0.0,epithelial_tumor_class1,1,1249.0613562128565
304.300052,367.047118,0.0,CD4_Tcell,1,298.56531351746065
-84.705910,-207.525608,0.0,CAF,1,337.5661426942626
-194.387990,172.270075,0.0,CD4_Tcell,1,647.3840726198814
71.821173,-19.735856,0.0,CD4_Tcell,1,352.2516022247806
-109.736111,58.508629,0.0,CD4_Tcell,1,500.57139810905625
-323.491542,-8.419916,0.0,epithelial_tumor_class1,1,3087.648897927207
-357.080755,-1.533224,0.0,CD4_Tcell,1,374.37136153706314
305.027115,-213.176453,0.0,CD4_Tcell,1,511.79763459473855
-16.671427,282.028485,0.0,CD8_Tcell,1,379.8488955240868
-53.481005,9.260845,0.0,CD8_Tcell,1,1072.2928544680706
-134.496310,242.292023,0.0,CD4_Tcell,1,423.89699584142096
271.997160,-318.420902,0.0,epithelial_tumor_class1,1,1619.4862968713667
271.322798,-191.041615,0.0,CAF,1,146.69960435248248
-338.548639,-30.212435,0.0,apCAF,1,119.69063251253415
-12.961830,326.338437,0.0,CD4_Tcell,1,359.2562875473244
354.979447,336.080623,0.0,CAF,1,438.42770742365525
237.936683,-287.505948,0.0,CD8_Tcell,1,282.0405212459672
-28.807319,155.630887,0.0,CD4_Tcell,1,814.3698474311531
-392.925756,-44.962194,0.0,CAF,1,216.0691326474285
43.777281,-465.930073,0.0,CD4_Tcell,1,601.8980078138569
-444.471364,176.458929,0.0,CD8_Tcell,1,310.94908255717706
362.359506,-220.134401,0.0,CD4_Tcell,1,278.2618569027355
-305.529824,260.059238,0.0,CD4_Tcell,1,302.22020111103797
-373.444279,316.581859,0.0,CD4_Tcell,1,527.4250935807107
372.903758,202.787358,0.0,CAF,1,445.0896347025326
-297.831288,150.373819,0.0,CD4_Tcell,1,796.1205680874783
-387.534765,304.381367,0.0,CD4_Tcell,1,444.7232478125164
426.658846,39.603700,0.0,CD4_Tcell,1,404.88151926745115
-41.236965,209.959871,0.0,CD4_Tcell,1,697.9368325723412
-214.095623,321.525124,0.0,CD4_Tcell,1,433.90806107186546
11.433069,289.546094,0.0,apCAF,1,105.77540259023151
-405.582714,258.545204,0.0,CAF,1,489.42043216950196
475.726358,17.840851,0.0,CAF,1,425.74168716810965
173.854530,74.366931,0.0,CD4_Tcell,1,656.0356187194557
-22.756465,299.631085,0.0,CAF,1,561.9299439520718
359.078655,-265.020471,0.0,CD4_Tcell,1,431.9569306975771
413.788735,279.807944,0.0,CD4_Tcell,1,389.27255302913795
-110.319324,-141.371143,0.0,CD4_Tcell,1,373.29224112340756
-57.035270,394.748420,0.0,CD4_Tcell,1,200.44163313648187
309.793141,350.964119,0.0,CD4_Tcell,1,281.57282117710554
152.820539,-187.186449,0.0,CD4_Tcell,1,1028.0701372719848
19.587286,-2.691867,0.0,epithelial_tumor_class1,1,693.1723648278579
-143.518696,4.200411,0.0,CD4_Tcell,1,314.3686454543334
121.776513,-448.574843,0.0,CD4_Tcell,1,359.57409085447927
-397.328967,-283.294784,0.0,epithelial_tumor_class1,1,1952.0815700036376
110.119782,323.127412,0.0,CD8_Tcell,1,362.4304671490845
292.517911,23.830943,0.0,CAF,1,709.2412747138771
386.564872,-111.665299,0.0,CD4_Tcell,1,313.75418614155785
142.372577,-470.222283,0.0,CD4_Tcell,1,793.8380344013776
129.548790,-195.652335,0.0,CD8_Tcell,1,623.6851198521991
491.731350,41.651047,0.0,epithelial_tumor_class1,1,694.0818159491366
-284.857023,-263.206720,0.0,CD8_Tcell,1,730.5858598189725
86.217507,-307.697606,0.0,epithelial_tumor_class1_class2,1,5258.712818616296
136.319716,445.410384,0.0,CD8_Tcell,1,347.1747065673162
65.829317,-475.361281,0.0,CAF,1,628.5871786657139
409.104799,-71.025070,0.0,CAF,1,511.73575290956416
-29.835339,-336.376245,0.0,CD4_Tcell,1,477.65280526290655
160.188712,286.757111,0.0,CAF,1,183.93921922423007
-109.988527,-192.269233,0.0,CAF,1,642.5286672578327
-121.098283,-271.226751,0.0,CD8_Tcell,1,411.7752003343796
-7.280972,-239.205190,0.0,CD8_Tcell,1,1072.2928544680706
200.814192,-30.605816,0.0,CAF,1,323.853049134893
-146.562566,162.754950,0.0,CD4_Tcell,1,427.5642755297139
359.170963,199.798009,0.0,CD4_Tcell,1,407.8929456584096
21.310153,-271.817717,0.0,CD4_Tcell,1,462.91380753688844
276.053255,155.855139,0.0,CD4_Tcell,1,300.01504231229563
-11.972920,-180.066207,0.0,CD4_Tcell,1,216.31300953101933
109.717317,403.755588,0.0,CD8_Tcell,1,544.4469489346483
350.077789,54.658000,0.0,CD8_Tcell,1,646.8956265225593
290.011041,-108.342545,0.0,CD8_Tcell,1,265.9569594908264
-17.407089,-84.586204,0.0,CD4_Tcell,1,506.84747499722386
-307.931266,-111.304855,0.0,CD4_Tcell,1,425.0305070436948
338.876878,-258.342673,0.0,CAF,1,448.92050022859144
-330.338118,-80.574869,0.0,CD4_Tcell,1,450.6096102804527
-53.898497,-214.497949,0.0,CAF,1,513.594374277417
-388.630018,-130.279745,0.0,apCAF,1,352.6738794122797
-182.391152,345.712466,0.0,CD4_Tcell,1,842.328064088593
376.840180,122.702839,0.0,CD4_Tcell,1,390.7439885596967
237.915580,-71.128089,0.0,CD4_Tcell,1,376.06952103594983
331.240211,210.404898,0.0,CD4_Tcell,1,403.2823829521836
-390.257630,-297.019842,0.0,epithelial_tumor_class1,1,1902.2802714225004
15.918102,391.042989,0.0,CAF,1,541.0682984585551
212.513986,130.771652,0.0,CD8_Tcell,1,934.0877412604709
-1.090691,57.738007,0.0,apCAF,1,465.81374676686363
270.165308,420.190867,0.0,CD8_Tcell,1,617.1069842646406
-313.740518,247.724626,0.0,apCAF,1,105.77540259023151
-246.878624,87.927131,0.0,CD4_Tcell,1,761.7340003335628
-60.984947,258.655787,0.0,CD4_Tcell,1,354.7660925648906
192.595335,419.497487,0.0,CAF,1,360.9207171985504
168.530108,-384.281884,0.0,CD4_Tcell,1,1028.0701372719848
-225.859582,300.501017,0.0,CAF,1,370.41641479125013
-366.135247,105.080345,0.0,CAF,1,541.8875389816344
410.432608,-114.925141,0.0,CD4_Tcell,1,269.0891399161379
290.500965,-311.004100,0.0,CAF,1,860.7708120829135
-293.531049,225.534923,0.0,epithelial_tumor_class1,1,2430.415299772374
425.001415,81.295604,0.0,CD4_Tcell,1,317.048068573119
-486.826749,7.604532,0.0,CD4_Tcell,1,292.0567348359334
-11.866545,49.820110,0.0,CD4_Tcell,1,286.0211543631457
-193.223194,-49.120292,0.0,CD8_Tcell,1,246.2262762019165
18.066343,361.130695,0.0,CD8_Tcell,1,425.7143194280441
438.008368,184.560071,0.0,CAF,1,790.1123970163195
262.060261,-39.131715,0.0,CD4_Tcell,1,260.5934852081137
78.577677,-247.548688,0.0,CD8_Tcell,1,479.11702903689695
124.273725,-18.389478,0.0,CD8_Tcell,1,1003.871391886326
109.740713,108.740589,0.0,CD8_Tcell,1,631.4837527436072
305.214502,-90.911646,0.0,CD4_Tcell,1,849.7252761149688
72.345889,-503.419023,0.0,apCAF,1,390.6406091578821
-479.027802,11.588002,0.0,CD4_Tcell,1,344.1141150651838
62.050441,410.497137,0.0,CAF,1,627.7358912331032
-219.885082,-359.232576,0.0,CD4_Tcell,1,313.8881816400872
-52.270800,448.020482,0.0,CD8_Tcell,1,305.54267383021715
-163.696541,428.489621,0.0,CD8_Tcell,1,814.9604086180279
-125.876791,428.577618,0.0,CD8_Tcell,1,455.115530580787
156.983242,-409.254264,0.0,CAF,1,477.6380303632748
336.994725,-82.342369,0.0,CD4_Tcell,1,467.8946119045094
-260.464852,54.290122,0.0,CD4_Tcell,1,858.8249669056634
-103.115067,-420.429749,0.0,CD4_Tcell,1,481.31154532662157
282.809963,27.106315,0.0,CD8_Tcell,1,438.55331141355896
25.408607,195.341389,0.0,epithelial_tumor_class1,1,883.2149912566433
97.704858,45.169299,0.0,CD4_Tcell,1,427.01558281777653
413.487259,11.342905,0.0,CAF,1,1054.7563204040896
397.883139,-82.199555,0.0,CD4_Tcell,1,379.5699553609421
-51.228921,488.848186,0.0,CD4_Tcell,1,397.1891928377007
386.240025,113.687614,0.0,CAF,1,1054.7563204040896
442.885345,105.826303,0.0,CD8_Tcell,1,548.5198594761055
7.448343,-502.829173,0.0,CD8_Tcell,1,602.6912721406893
142.522061,300.521747,0.0,CD8_Tcell,1,849.6818921649385
-502.387315,70.687545,0.0,CD8_Tcell,1,455.7882701227979
-230.104135,156.787928,0.0,CD4_Tcell,1,900.6005307645619
-132.528716,-146.262875,0.0,CD4_Tcell,1,310.3612562977696
416.290364,29.082543,0.0,apCAF,1,259.1951656805647
-43.712469,-70.440990,0.0,CAF,1,662.1152969541178
176.031710,327.745540,0.0,CD4_Tcell,1,591.9215289326467
-6.709355,392.994258,0.0,CD4_Tcell,1,231.05610737552416
341.301711,192.630470,0.0,CD4_Tcell,1,440.1463722657067
269.914112,-299.206384,0.0,CAF,1,160.25231969533908
-160.358718,-193.291571,0.0,CAF,1,681.4216987021807
198.528940,432.993187,0.0,CAF,1,361.70575382900665
-291.395084,356.912991,0.0,CD8_Tcell,1,377.4822557075175
-260.832699,-240.115697,0.0,CD4_Tcell,1,300.1450972381553
352.161292,-340.035217,0.0,CD4_Tcell,1,393.2046130008095
-343.276099,165.251748,0.0,CD4_Tcell,1,1028.0701372719848
-34.366382,-502.234255,0.0,CD4_Tcell,1,275.3452046402253
-5.382489,-289.797441,0.0,CD4_Tcell,1,555.5981832021445
-496.161621,-36.921243,0.0,CD4_Tcell,1,547.6777601283023
423.771494,-51.199579,0.0,CAF,1,679.9435745717493
483.136292,107.410717,0.0,CD8_Tcell,1,401.3847726630857
-129.893490,478.358114,0.0,epithelial_tumor_class1,1,911.0360270012349
-213.083709,94.233864,0.0,CD8_Tcell,1,462.61001403135566
117.171671,-319.471298,0.0,CD4_Tcell,1,350.5177795078532
76.711765,-57.954823,0.0,CD4_Tcell,1,269.0790617970175
-265.318064,-205.871726,0.0,CAF,1,410.4383267846182
84.496333,-138.781607,0.0,CD8_Tcell,1,374.4592883324974
-198.029651,243.343294,0.0,CAF,1,507.8626462590343
318.551116,78.003058,0.0,CD8_Tcell,1,486.79720420998126
10.121067,502.992103,0.0,CD4_Tcell,1,432.6204872066012
390.701877,236.566328,0.0,CAF,1,362.3567233137973
-48.065592,411.992663,0.0,CD4_Tcell,1,213.6663626275694
-61.706626,222.281534,0.0,CD4_Tcell,1,399.584941821162
317.290052,324.851778,0.0,epithelial_tumor_class1,1,3787.872745379202
245.393798,-436.956623,0.0,CD4_Tcell,1,352.11895618841015
358.774366,286.999365,0.0,CD8_Tcell,1,405.7423021835924
-125.101294,400.262039,0.0,CD8_Tcell,1,342.3242859044136
-286.190930,307.601866,0.0,CAF,1,769.565587212728
405.790231,-85.989721,0.0,CD8_Tcell,1,327.66511119505105
-343.989779,308.642889,0.0,CAF,1,402.490986842028
340.513464,259.971815,0.0,apCAF,1,488.54997807705905
-332.700810,-316.985728,0.0,CAF,1,937.6273215267086
-222.163445,31.648667,0.0,apCAF,1,389.14365625651925
48.164063,-208.359980,0.0,CD8_Tcell,1,541.1004099720363
418.311096,270.508294,0.0,CD8_Tcell,1,822.0269893329352
-382.423839,-329.298943,0.0,CAF,1,639.6342903691901
-8.321920,415.782926,0.0,CD8_Tcell,1,246.8442262590104
41.989116,-485.731298,0.0,CD8_Tcell,1,387.0466488788322
-161.781763,43.026905,0.0,CD8_Tcell,1,252.0758752611702
-46.541727,474.799442,0.0,CD8_Tcell,1,165.35633046175286
138.565478,241.501320,0.0,CD8_Tcell,1,433.28472292212643
488.266094,-139.679133,0.0,CD8_Tcell,1,288.94917273120615
-318.961817,135.904692,0.0,CD8_Tcell,1,297.02337429025596
-144.748477,-244.641433,0.0,CD8_Tcell,1,736.0521552797821
79.504948,94.534712,0.0,CD4_Tcell,1,375.76725148372947
-46.155387,466.654503,0.0,CD4_Tcell,1,448.63703117767653
-115.920439,369.407076,0.0,CD4_Tcell,1,981.5661025666408
142.167278,-279.437074,0.0,CAF,1,408.8245824934667
-54.807347,-315.967762,0.0,CD4_Tcell,1,413.9739519278417
-439.292224,140.506477,0.0,CAF,1,316.1831678502308
-230.284067,254.135523,0.0,CD4_Tcell,1,366.5513394333411
-154.572988,-301.393825,0.0,CD8_Tcell,1,482.38156648524597
368.708534,118.519756,0.0,CD4_Tcell,1,410.1712997760879
-165.440337,65.702076,0.0,apCAF,1,141.37796432132612
-221.851194,-391.305909,0.0,CD8_Tcell,1,270.35088750615455
276.184689,169.573273,0.0,CD8_Tcell,1,1072.2928544680706
96.922290,435.137348,0.0,CD8_Tcell,1,411.90904712738217
-201.856006,-46.161284,0.0,CD4_Tcell,1,593.2009223693223
-196.708886,399.597930,0.0,CAF,1,648.8871316312393
139.119148,-24.799748,0.0,CAF,1,706.9169660129436
269.181905,-121.689437,0.0,CD8_Tcell,1,427.28987045800693
269.813894,-364.874433,0.0,apCAF,1,105.77540259023151
-390.206547,210.488742,0.0,CAF,1,639.2753485760115
-174.047356,473.935909,0.0,CD4_Tcell,1,740.6149796227024
-1.345706,270.645984,0.0,CD8_Tcell,1,932.4712999812656
-262.545951,102.941443,0.0,CAF,1,477.2982917582307
-231.708171,-393.616391,0.0,apCAF,1,956.7970470624394
501.495519,47.039526,0.0,CAF,1,655.0685260654056
-13.747512,118.858807,0.0,CD8_Tcell,1,611.1149048640186
-402.380959,-48.129818,0.0,CD8_Tcell,1,1022.2121357377141
-358.351272,-61.078833,0.0,CD4_Tcell,1,490.60771303997393
-284.268327,-274.189666,0.0,CD4_Tcell,1,281.06413611648935
-89.012487,-33.333291,0.0,CAF,1,305.92675113177864
379.350870,7.639826,0.0,CAF,1,989.7083269966424
-211.142349,-210.943589,0.0,CD8_Tcell,1,314.5475477688464
339.886233,76.860098,0.0,CD4_Tcell,1,651.5730545468945
-75.984606,187.129998,0.0,CAF,1,368.5239979482449
-106.600565,453.232148,0.0,epithelial_tumor_class1,1,1309.1161279857877
307.175291,199.174268,0.0,CD4_Tcell,1,517.7147608665628
-156.711499,224.752644,0.0,CAF,1,344.7081457221491
61.287229,207.145145,0.0,CD4_Tcell,1,316.6659701562339
-130.468816,-120.309334,0.0,epithelial_tumor_class1_class2,1,1367.8452462750622
-42.647836,-141.027343,0.0,CD8_Tcell,1,529.8596269414817
304.763262,125.643703,0.0,CAF,1,573.6683360765206
-338.485512,73.292115,0.0,apCAF,1,137.68980564897603
-34.308285,386.839767,0.0,CD8_Tcell,1,1072.2928544680706
48.330492,457.360950,0.0,CAF,1,417.3407452750892
212.172811,-168.734805,0.0,apCAF,1,316.84574291119515
75.410583,400.388863,0.0,CAF,1,781.3415340071072
-104.225950,37.218158,0.0,CD8_Tcell,1,311.90449237846894
-147.455769,212.055838,0.0,apCAF,1,247.13930467508243
-7.410114,15.614732,0.0,CD4_Tcell,1,294.4688563816097
287.602222,-216.989655,0.0,CAF,1,1054.7563204040896
202.695512,129.153328,0.0,CD8_Tcell,1,245.93192513486525
-323.408699,183.004519,0.0,CD8_Tcell,1,388.4352325892633
-302.618389,-49.719331,0.0,CD4_Tcell,1,855.6828476346631
4.229643,-194.891581,0.0,apCAF,1,106.63650328016212
259.395017,248.991273,0.0,CD4_Tcell,1,528.3253158827915
388.918001,226.373110,0.0,CD4_Tcell,1,589.5552529070028
-175.494668,-332.199417,0.0,CD4_Tcell,1,1028.0701372719848
-313.072588,86.840573,0.0,CAF,1,340.5760493211197
-195.911441,-204.796363,0.0,epithelial_tumor_class1,1,2999.1930305958094
-121.922379,70.030148,0.0,CD8_Tcell,1,989.0360958622152
481.123671,25.872073,0.0,CD4_Tcell,1,526.5889627853128
-22.098065,-479.559898,0.0,CD4_Tcell,1,217.22918216963518
53.125923,-49.831563,0.0,CAF,1,267.36943653877427
-19.269590,363.569998,0.0,CAF,1,406.94944664716184
448.893325,125.220082,0.0,apCAF,1,198.50175577826607
339.196822,1.911067,0.0,CD4_Tcell,1,342.6201854978361
-316.380975,369.068628,0.0,CD4_Tcell,1,373.21703113549603
-43.959046,-275.678741,0.0,CAF,1,211.31578404017517
-415.913815,187.663778,0.0,CD8_Tcell,1,600.1415139790716
-287.715822,261.008581,0.0,CAF,1,484.7352244873879
-160.586589,-360.267122,0.0,CD4_Tcell,1,365.3760733450147
-389.520489,160.425616,0.0,CAF,1,320.88597152763566
239.500105,10.083428,0.0,CD8_Tcell,1,520.150620758292
387.844116,321.060283,0.0,apCAF,1,417.3407452750892
-272.877245,199.938290,0.0,CD4_Tcell,1,1028.0701372719848
-92.724879,-84.986863,0.0,CAF,1,313.5309450626354
-452.598234,57.709124,0.0,CD4_Tcell,1,567.2319660974193
-122.210908,90.631600,0.0,CAF,1,319.49399891772543
-243.862233,344.134303,0.0,CAF,1,650.4832753635055
118.649125,127.433685,0.0,CAF,1,850.8103548706093
-251.164145,366.469783,0.0,CAF,1,469.1344213715842
41.747424,-70.721447,0.0,apCAF,1,162.72611746906844
20.283153,-429.567560,0.0,epithelial_tumor_class1,1,2148.6843372449493
22.400610,-489.031887,0.0,CD8_Tcell,1,517.0446775304642
-123.756480,493.184092,0.0,CD8_Tcell,1,406.4318062698273
23.702781,-248.388494,0.0,CD8_Tcell,1,296.6252773770705
-323.076208,376.581809,0.0,CD4_Tcell,1,734.3976044651338
-132.800058,355.542422,0.0,CD4_Tcell,1,518.5258672822446
-217.708550,268.038692,0.0,CD8_Tcell,1,498.68352386912244
-360.886720,-293.238368,0.0,CD4_Tcell,1,1028.0701372719848
-51.929771,-253.601840,0.0,CD8_Tcell,1,413.061327049337
-44.695153,498.800448,0.0,CAF,1,313.0959295829762
-454.536871,129.490474,0.0,apCAF,1,423.7196406949471
-158.891080,-51.806861,0.0,CD4_Tcell,1,276.8112397314018
-49.669345,-332.404360,0.0,CAF,1,487.53076078030216
57.724852,-454.953464,0.0,CD4_Tcell,1,511.9523606327894
407.651433,-16.757391,0.0,CAF,1,1024.7414914089395
489.113012,-81.159223,0.0,CAF,1,450.83704012898994
-225.385021,-197.105205,0.0,CD4_Tcell,1,299.1381541000166
-84.816932,204.527674,0.0,CD4_Tcell,1,783.1890969485876
416.881172,-206.389832,0.0,CAF,1,252.16272476953117
218.668134,-109.816780,0.0,CD4_Tcell,1,388.2936511082194
-120.533418,-139.108058,0.0,CD4_Tcell,1,902.473459141215
432.528585,-95.577698,0.0,apCAF,1,427.37217964807024
-205.217512,164.127556,0.0,apCAF,1,105.77540259023151
26.519787,-138.932201,0.0,CD4_Tcell,1,249.28805331398772
-104.250635,-358.758962,0.0,CAF,1,735.185176227206
358.256233,119.347408,0.0,CD4_Tcell,1,433.7417791499292
-427.425225,209.280313,0.0,CAF,1,438.81855416719264
-95.788136,-67.299022,0.0,CD4_Tcell,1,471.37159397624947
-46.146537,-50.633735,0.0,CAF,1,297.74515865746383
224.756205,-188.256262,0.0,CAF,1,479.3687620458637
-122.038851,47.177869,0.0,CD4_Tcell,1,509.9742210623401
109.293954,471.958150,0.0,apCAF,1,448.92050022859144
385.061929,-224.320593,0.0,CD4_Tcell,1,483.06602068186135
-307.858534,206.661258,0.0,CD8_Tcell,1,652.100217186835
-13.908656,-143.089287,0.0,CD8_Tcell,1,484.7799881009856
42.420738,-276.698895,0.0,CD8_Tcell,1,299.7225561028045
-52.157842,369.524559,0.0,CD8_Tcell,1,620.7420776990535
19.366821,-207.186503,0.0,CD8_Tcell,1,630.0077007500084
291.432694,86.260043,0.0,CD4_Tcell,1,639.957452838334
254.247340,-368.600376,0.0,epithelial_tumor_class1,1,3777.3616798171342
118.875701,462.627728,0.0,CD8_Tcell,1,1072.2928544680706
-231.537308,-425.710423,0.0,CD8_Tcell,1,675.8013052030038
185.141036,402.552067,0.0,CD8_Tcell,1,286.45173506304474
-227.410996,50.138042,0.0,CD4_Tcell,1,989.8043848741378
-206.626673,217.749281,0.0,CAF,1,727.7650681142953
209.211915,-202.767612,0.0,CD8_Tcell,1,343.73429382846757
193.670832,-167.780353,0.0,CD4_Tcell,1,258.9986220757041
161.601293,471.936806,0.0,CD8_Tcell,1,359.62300029979167
14.640555,50.628584,0.0,CD8_Tcell,1,505.6648194203985
233.565480,-214.295565,0.0,CAF,1,477.31305965092014
167.684103,-122.963781,0.0,CD4_Tcell,1,313.69836594062446
-253.505698,-10.960109,0.0,CD4_Tcell,1,398.798391923257
140.250533,401.110408,0.0,CD8_Tcell,1,335.5772070816635
-477.473434,-146.078266,0.0,CAF,1,313.3078099018811
395.277779,166.561776,0.0,CD8_Tcell,1,577.9694082152172
-178.214691,-204.499697,0.0,CD8_Tcell,1,904.3263702857781
-152.349552,265.115981,0.0,CD8_Tcell,1,414.6996402971393
-87.522809,-399.984288,0.0,CD4_Tcell,1,468.47777919752735
130.083605,30.155772,0.0,CD8_Tcell,1,468.65282382613134
21.761161,-303.602210,0.0,apCAF,1,172.37361997116068
-81.586289,-220.324131,0.0,CD8_Tcell,1,254.26280656758814
28.475755,327.214799,0.0,CD4_Tcell,1,380.966022768967
-30.617725,446.857853,0.0,CAF,1,519.290953957616
-333.648556,125.622522,0.0,CD4_Tcell,1,639.6342903691901
401.924013,-290.429557,0.0,apCAF,1,572.3171812252377
217.083139,-299.607133,0.0,CAF,1,606.5294345368003
1.496776,348.684077,0.0,CD4_Tcell,1,268.40440089084893
-236.581324,-335.537014,0.0,CD4_Tcell,1,234.46882697178563
-219.915622,-343.788911,0.0,CD4_Tcell,1,487.20131776115846
-54.010889,198.016159,0.0,CD8_Tcell,1,590.4397387231174
191.335290,-21.461357,0.0,epithelial_tumor_class1,1,2963.630641366161
-375.484513,124.654039,0.0,CD8_Tcell,1,305.98164557828903
-272.818069,-360.008005,0.0,epithelial_tumor_class1,1,673.6064221356419
163.855559,424.808877,0.0,CD4_Tcell,1,479.45763003798317
-179.704863,280.382479,0.0,CAF,1,396.3796953730771
-186.912794,-315.295258,0.0,apCAF,1,429.2957294172089
426.274532,-242.271218,0.0,CAF,1,592.1602092571103
-29.000081,59.405249,0.0,mesenchymal_tumor_class1,1,1996.9022795837236
-9.370433,439.224002,0.0,CD4_Tcell,1,491.97771834263165
-42.835855,102.993343,0.0,CD8_Tcell,1,1054.3174373024294
-182.169653,-295.614128,0.0,CAF,1,339.36289036285774
180.038336,-129.614601,0.0,CD8_Tcell,1,1072.2928544680706
-244.800724,7.920405,0.0,CD8_Tcell,1,431.62540703692946
-60.067306,323.273249,0.0,CD8_Tcell,1,467.0498792601599
316.461045,-263.872763,0.0,CD4_Tcell,1,435.1981871416208
-227.595807,365.979178,0.0,CD8_Tcell,1,863.5525536843633
69.475155,262.881059,0.0,CAF,1,383.5769111611023
57.472231,-302.297629,0.0,CD4_Tcell,1,473.3955265003938
-219.037552,-41.159568,0.0,CD8_Tcell,1,346.61363714203054
-445.838303,-185.561937,0.0,CD4_Tcell,1,504.3154674163246
81.818822,13.532567,0.0,CAF,1,336.2782897178188
-277.974951,-346.243249,0.0,CD4_Tcell,1,681.1595966349072
-144.712034,297.172636,0.0,CAF,1,571.6007643542753
364.935175,127.304222,0.0,CAF,1,508.41694693975575
-344.069669,129.803634,0.0,CD4_Tcell,1,337.3200263620282
357.136281,17.480068,0.0,epithelial_tumor_class1,1,497.6806259867121
-397.190369,244.508746,0.0,CAF,1,342.27695778531796
-433.267059,-14.518584,0.0,CAF,1,683.8399467702004
200.737267,207.162041,0.0,apCAF,1,159.78906686432052
169.245826,448.806934,0.0,CAF,1,387.1108619866964
245.271309,215.644050,0.0,CD8_Tcell,1,631.1990334154543
56.379433,167.643942,0.0,CAF,1,508.1397462114786
432.078352,52.674158,0.0,CAF,1,429.7224373381554
-239.749246,257.106771,0.0,CD4_Tcell,1,301.9045190919416
200.695882,-456.729789,0.0,CAF,1,276.0621957367408
-325.339339,162.740273,0.0,apCAF,1,131.68638477172084
363.356358,304.099823,0.0,apCAF,1,838.2156179684969
182.797736,-271.048995,0.0,CD8_Tcell,1,315.9699930165908
199.018142,-40.213382,0.0,CD8_Tcell,1,702.168975010651
283.088289,-363.118122,0.0,CAF,1,125.93294003567178
323.747265,-303.671336,0.0,CAF,1,655.5245833364177
-216.526967,373.789839,0.0,CAF,1,600.3307751726215
373.987322,182.756317,0.0,CAF,1,782.0391603355787
240.387208,-209.280247,0.0,CAF,1,198.50175577826607
-195.533101,275.907417,0.0,CD8_Tcell,1,258.3409249809765
28.858829,-388.024035,0.0,CD4_Tcell,1,483.304243384875
155.250744,318.453293,0.0,CD4_Tcell,1,374.1578823396575
-118.957707,-305.185346,0.0,CD8_Tcell,1,654.065944735337
-4.203504,228.942572,0.0,CAF,1,342.34795159993956
203.351876,-234.681855,0.0,CD8_Tcell,1,392.4783058873828
252.959830,276.643589,0.0,CAF,1,404.00874008799605
-372.034748,-289.710516,0.0,CAF,1,671.3050613112166
-253.309635,352.004421,0.0,epithelial_tumor_class1_class2,1,1388.5672535193573
-203.933049,0.826879,0.0,CD4_Tcell,1,579.1446201537827
-25.398900,-91.039084,0.0,CAF,1,535.6915797838866
151.883214,72.801237,0.0,CD8_Tcell,1,782.2649518448202
-59.334247,314.516762,0.0,apCAF,1,192.92678947228913
-159.545425,333.055665,0.0,CD8_Tcell,1,239.22643323336513
-302.612734,197.458951,0.0,CD8_Tcell,1,571.950567621577
112.608258,424.183139,0.0,CD4_Tcell,1,282.4775083143573
-396.397108,-156.097941,0.0,CAF,1,961.2648675053475
241.728987,275.334667,0.0,CD8_Tcell,1,328.6889920263447
172.698154,-82.577562,0.0,CAF,1,434.47651161646274
-97.250369,470.946126,0.0,CAF,1,309.51962914395887
-7.099029,-134.781939,0.0,CAF,1,846.4539392236164
336.649061,-353.055886,0.0,CD4_Tcell,1,285.2136693333234
222.939194,-251.947845,0.0,apCAF,1,161.00969732103582
368.609819,292.890570,0.0,CD4_Tcell,1,619.7221135845924
89.196396,-416.177827,0.0,CAF,1,634.8356208284749
-417.583461,-50.143726,0.0,CD4_Tcell,1,477.31305965092014
-322.566394,269.163670,0.0,CD4_Tcell,1,357.609165009447
335.912327,341.392713,0.0,CD8_Tcell,1,381.16937184161657
-326.409662,64.978814,0.0,CD4_Tcell,1,859.7865908494532
-228.945624,-366.703679,0.0,CD4_Tcell,1,491.751717965138
433.923361,-192.173402,0.0,CD4_Tcell,1,442.76789756480906
205.748621,70.612944,0.0,apCAF,1,342.27695778531796
69.063630,98.931860,0.0,epithelial_tumor_class1,1,758.2101010100071
154.548013,435.113200,0.0,apCAF,1,131.68638477172084
307.321144,-48.174498,0.0,CD8_Tcell,1,371.86497826729357
-11.580080,-76.747747,0.0,apCAF,1,163.62143161939963
179.075235,428.858734,0.0,CD8_Tcell,1,478.3771486484591
47.290780,239.197996,0.0,CD4_Tcell,1,226.0666628591858
66.788165,-104.701479,0.0,CD4_Tcell,1,401.55583973834985
83.521570,-324.125050,0.0,CD8_Tcell,1,543.6734495668976
-211.453868,41.593292,0.0,apCAF,1,432.6619820365887
43.170945,-124.005426,0.0,CAF,1,751.5946359010813
-82.631059,315.376923,0.0,apCAF,1,342.33611861584245
155.404384,300.226687,0.0,CD8_Tcell,1,261.2352354173198
-104.931327,0.928691,0.0,CD4_Tcell,1,385.3924046741565
38.401575,399.998558,0.0,CD4_Tcell,1,493.6371705883385
348.417695,-22.516622,0.0,epithelial_tumor_class1,1,876.9086100852202
-24.461732,99.817591,0.0,CD4_Tcell,1,188.41714291031897
-58.723948,-167.670871,0.0,epithelial_tumor_class1,1,1988.1810627608268
-53.377946,221.782400,0.0,CD4_Tcell,1,225.22423493413913
-337.112726,319.451186,0.0,CAF,1,750.8752855305
-117.582328,-47.783947,0.0,epithelial_tumor_class1_class2,1,2029.9517257185544
440.723612,85.762390,0.0,CAF,1,210.31369375887832
-232.936104,-9.039113,0.0,epithelial_tumor_class1_class2,1,1926.5120601938359
-12.774745,206.570784,0.0,CD4_Tcell,1,631.7151502322345
134.350507,46.638812,0.0,CD4_Tcell,1,381.3727932627827
158.545415,404.742150,0.0,CD8_Tcell,1,340.01033459460916
-112.163274,346.382196,0.0,CD8_Tcell,1,281.20941213558115
213.769068,-218.060579,0.0,CAF,1,1016.7013280180954
-76.432022,161.335899,0.0,apCAF,1,548.1958730344345
280.314635,423.924003,0.0,CD4_Tcell,1,709.337429984179
-456.977841,-156.884615,0.0,CD4_Tcell,1,643.3572328343081
61.632850,-345.621661,0.0,apCAF,1,494.27176269229324
-168.714659,-199.298095,0.0,CD4_Tcell,1,472.5148454790129
24.595092,-311.268809,0.0,CD4_Tcell,1,440.77627252487343
262.775348,-308.017485,0.0,CAF,1,370.55361683365436
-420.716428,55.594886,0.0,CAF,1,862.8949095471525
161.172708,-41.497609,0.0,CD4_Tcell,1,257.3515769644464
168.879542,-253.034156,0.0,CAF,1,1054.7563204040896
-167.773334,-185.176682,0.0,epithelial_tumor_class1_class2,1,668.2878673786392
-3.899566,-345.671395,0.0,CD4_Tcell,1,355.0327458820881
167.830559,-46.600188,0.0,CAF,1,259.55903343143405
282.046162,-107.728028,0.0,CD8_Tcell,1,267.87151349285307
445.961973,-130.513144,0.0,CAF,1,1054.7563204040896
-165.371444,-97.112480,0.0,apCAF,1,427.37217964807024
-140.138908,-482.126819,0.0,CD8_Tcell,1,190.00301676317724
-266.914356,-65.342078,0.0,CD4_Tcell,1,673.2534535913402
176.012300,459.732927,0.0,CAF,1,713.1907711355915
261.421602,156.932055,0.0,CD8_Tcell,1,743.0125381184207
232.560205,272.788242,0.0,CD4_Tcell,1,492.9729426372617
301.013023,-331.092718,0.0,CD8_Tcell,1,309.9402522712092
194.639272,176.454059,0.0,CD4_Tcell,1,272.75397748215624
-34.873516,-44.474039,0.0,CD8_Tcell,1,248.6564681639904
324.749985,179.367354,0.0,CAF,1,283.4362948343685
10.803888,-195.801333,0.0,apCAF,1,211.31578404017517
198.681554,-447.341655,0.0,CD4_Tcell,1,612.5787499126419
101.461943,-104.893441,0.0,CAF,1,275.4373195802387
-42.344442,352.723278,0.0,CAF,1,389.14365625651925
470.444046,-174.425185,0.0,CAF,1,419.0715870768394
120.957015,-350.457101,0.0,apCAF,1,1092.8244532799033
-270.554819,353.228934,0.0,CD4_Tcell,1,421.75839917419984
-325.659357,4.201360,0.0,CD8_Tcell,1,180.02575145545103
-469.053061,117.583298,0.0,CD4_Tcell,1,509.86618875585276
-192.364437,-359.686276,0.0,CD4_Tcell,1,430.204544076154
406.239905,-54.020710,0.0,CD8_Tcell,1,681.4404228507819
386.189081,-281.883134,0.0,CD4_Tcell,1,415.07625680910485
-33.022649,397.108268,0.0,CD8_Tcell,1,267.87151349285307
-159.845811,-204.397717,0.0,CAF,1,468.52153626769416
211.103080,-83.279433,0.0,CAF,1,535.00606979545
302.474117,-246.596218,0.0,CAF,1,229.9652642480836
39.740326,-85.929440,0.0,CAF,1,489.7959465512172
76.111823,-197.652793,0.0,CD4_Tcell,1,432.05365706550833
-151.861491,-199.037377,0.0,CD8_Tcell,1,462.8269958252941
406.612350,-167.987114,0.0,apCAF,1,476.22105814516556
-321.865318,-125.313357,0.0,CD8_Tcell,1,661.8214425077729
-152.587462,-340.062644,0.0,CD4_Tcell,1,759.0950849896273
452.158095,88.690811,0.0,CD4_Tcell,1,577.600384515982
263.062740,-293.662355,0.0,CAF,1,675.7640641318218
-136.099317,60.030219,0.0,CD8_Tcell,1,1072.2928544680706
112.290039,-75.802817,0.0,CD8_Tcell,1,304.0970461765654
-418.338950,-212.953370,0.0,CD4_Tcell,1,539.4803659496833
243.174304,-414.101635,0.0,CAF,1,517.3718552496142
-68.343499,277.739864,0.0,CAF,1,390.27892484722224
76.788668,361.027006,0.0,epithelial_tumor_class1_class2,1,757.5066278675911
-310.844355,-1.210005,0.0,CAF,1,706.3031230288884
200.421633,-244.672130,0.0,CAF,1,846.8001725516604
321.457958,-25.573793,0.0,CD4_Tcell,1,495.9969679887003
401.819605,-198.055102,0.0,CAF,1,664.3403879311609
-30.444579,211.865865,0.0,apCAF,1,339.72771230371353
76.336919,472.387920,0.0,CD4_Tcell,1,343.98351997265223
415.925763,159.323563,0.0,apCAF,1,191.24439152212108
-301.265992,92.811714,0.0,CD4_Tcell,1,213.23455652045726
184.527240,-413.693926,0.0,CAF,1,675.577879298051
19.880787,-180.521520,0.0,CAF,1,1054.7563204040896
-322.251980,303.701595,0.0,CAF,1,306.7948513321401
410.132247,-192.858268,0.0,apCAF,1,354.49957279743785
438.867809,117.097129,0.0,epithelial_tumor_class1,1,1368.471039637488
-398.748796,-113.828144,0.0,epithelial_tumor_class1,1,453.18687572914956
-425.407952,-236.564677,0.0,CAF,1,330.0035926852334
-180.792673,-352.823824,0.0,epithelial_tumor_class1,1,1785.837100078769
382.472241,333.941842,0.0,CD8_Tcell,1,730.6839346888266
35.760522,-301.224160,0.0,apCAF,1,113.00688178609609
-413.217451,198.124956,0.0,CD4_Tcell,1,208.79523028170377
-245.172663,430.253095,0.0,CD8_Tcell,1,262.8888687747202
-269.696721,-285.295505,0.0,CD4_Tcell,1,731.0959449888549
-447.036648,41.673428,0.0,CD4_Tcell,1,370.84060330186634
37.689706,-374.786761,0.0,CD4_Tcell,1,261.49223021977815
387.724798,-57.889070,0.0,CD8_Tcell,1,266.3571554805706
-214.991117,-221.566619,0.0,CD4_Tcell,1,265.29751282606657
206.943409,-72.837923,0.0,epithelial_tumor_class1_class2,1,649.36729995808
-137.167597,-387.257835,0.0,CAF,1,311.7710620601991
209.415442,-285.368550,0.0,CD8_Tcell,1,389.7755224066867
-50.967727,-177.076377,0.0,CAF,1,340.9063391769299
155.265386,-429.608458,0.0,CAF,1,720.9975927861489
-253.461160,-77.500767,0.0,CAF,1,489.72082831405703
431.089842,-104.947071,0.0,CD4_Tcell,1,191.4852804155805
-177.837613,-264.372075,0.0,CAF,1,394.1137562550804
263.595853,-194.302409,0.0,CAF,1,560.5644129977587
-142.726086,354.850705,0.0,CD4_Tcell,1,513.0208203086919
140.239382,265.759701,0.0,epithelial_tumor_class1_class2,1,1017.9487041335432
327.784884,-80.723705,0.0,CD8_Tcell,1,390.6406091578821
-70.314656,326.007395,0.0,CD8_Tcell,1,273.34423637022024
35.480930,134.679104,0.0,CD4_Tcell,1,378.11408143941526
308.480879,-287.652423,0.0,apCAF,1,520.4947529567855
-49.487713,-115.126655,0.0,CD8_Tcell,1,354.3300388279174
303.935657,-263.324089,0.0,CD4_Tcell,1,420.23718008670016
350.320848,-291.143353,0.0,CAF,1,602.6912721406893
404.845798,102.480172,0.0,CD8_Tcell,1,335.77574813243484
89.254357,405.017820,0.0,CD4_Tcell,1,368.73532895895687
190.337546,450.667539,0.0,CD4_Tcell,1,794.8335118261948
387.115990,15.456525,0.0,CD4_Tcell,1,394.1397523473021
250.009018,-186.760979,0.0,CAF,1,398.94251539752855
140.894536,276.350557,0.0,CAF,1,349.68900957277754
-46.651008,-320.906324,0.0,CD4_Tcell,1,496.23942283917296
-140.883109,-279.613723,0.0,CD4_Tcell,1,328.0675069007154
101.517104,379.089018,0.0,CD4_Tcell,1,389.4401613817146
57.106884,370.222388,0.0,CD4_Tcell,1,1015.4061153611854
-446.486455,114.203704,0.0,CAF,1,301.23035024681366
-37.795234,296.253107,0.0,CAF,1,487.1414349800069
-162.945724,-370.608872,0.0,CD4_Tcell,1,469.98166487283686
493.362608,-35.486917,0.0,CD4_Tcell,1,491.2999248674616
202.882883,-152.717584,0.0,CD4_Tcell,1,261.0870458081844
-76.010274,-238.812028,0.0,apCAF,1,1092.8244532799033
-195.807675,138.666089,0.0,CD4_Tcell,1,872.5517935661973
-311.073504,269.563176,0.0,CAF,1,385.9561122409009
-431.989448,59.535879,0.0,CD4_Tcell,1,588.6886348616864
-25.062803,-256.948745,0.0,CD4_Tcell,1,265.48724166511147
422.804955,250.649131,0.0,CAF,1,353.8822449754045
-399.960190,49.660849,0.0,CAF,1,646.3712729582232
44.828268,409.389194,0.0,CD4_Tcell,1,318.55697868276286
-324.873211,-329.407878,0.0,CD4_Tcell,1,173.43175311021133
419.923800,236.410703,0.0,CD8_Tcell,1,407.029122617607
168.808484,-203.816851,0.0,epithelial_tumor_class1,1,1494.246841664402
255.473449,402.978431,0.0,CD4_Tcell,1,222.90502075718118
2.968919,338.800132,0.0,apCAF,1,216.40015287054683
-198.966128,-281.842646,0.0,CD8_Tcell,1,561.7159193067869
-324.112812,113.332840,0.0,epithelial_tumor_class1_class2,1,1039.0872045584997
473.289210,139.204360,0.0,apCAF,1,340.6821906412041
-362.235422,314.950669,0.0,CAF,1,1054.7563204040896
45.377620,136.400319,0.0,CD4_Tcell,1,719.6569192135754
300.147271,-271.198673,0.0,CD8_Tcell,1,286.9668980836099
65.386459,-320.042486,0.0,CAF,1,390.6793742964786
-301.085823,-12.650632,0.0,epithelial_tumor_class1_class2,1,1100.6418232882415
-119.239854,-210.111744,0.0,CD8_Tcell,1,549.054716140363
-216.631979,-178.876261,0.0,CD4_Tcell,1,185.13835903551796
-344.157554,-216.936639,0.0,apCAF,1,153.58412298413663
-35.214026,-167.496907,0.0,CD4_Tcell,1,504.65258008911707
-93.524884,-40.736272,0.0,CD8_Tcell,1,379.08847133122885
-63.822041,-117.088927,0.0,CD8_Tcell,1,242.86009600169913
40.689820,-134.685911,0.0,CD8_Tcell,1,632.3027977165054
-116.811075,-280.246096,0.0,CD4_Tcell,1,649.0502536050209
-382.547269,-311.006508,0.0,epithelial_tumor_class1,1,2381.7456434094297
-43.103746,-251.313902,0.0,CD4_Tcell,1,381.0803977208325
-401.212825,-59.308220,0.0,apCAF,1,520.4947529567855
21.368148,306.134152,0.0,CD4_Tcell,1,297.02337429025596
11.642559,13.283551,0.0,CD4_Tcell,1,178.31972184335638
-275.733497,62.011086,0.0,CD4_Tcell,1,583.4561035398385
-52.863702,183.451799,0.0,CD4_Tcell,1,339.9161097552964
107.307737,-63.284054,0.0,CD8_Tcell,1,1025.6265210769889
-32.221823,101.559310,0.0,CD4_Tcell,1,355.9792297198382
-158.111320,31.556267,0.0,CD4_Tcell,1,542.8845916480761
-385.927470,-151.578895,0.0,CAF,1,236.5898416338421
-346.878582,285.825918,0.0,CD4_Tcell,1,263.67355184978163
220.084694,175.711440,0.0,epithelial_tumor_class1,1,1561.113552404319
234.464956,356.083899,0.0,CD8_Tcell,1,237.20083374980703
-156.591132,350.207578,0.0,CD4_Tcell,1,413.5443141309486
69.937214,419.190693,0.0,epithelial_tumor_class1,1,1111.5552339808503
308.581489,-9.945634,0.0,CD4_Tcell,1,195.07412234739655
-378.291340,29.423727,0.0,CAF,1,514.3390810912265
-330.884520,-193.181269,0.0,CD8_Tcell,1,316.9019358470958
128.740156,-253.318257,0.0,apCAF,1,245.61884155510498
244.602511,-178.748442,0.0,CD8_Tcell,1,555.3857694298649
207.520312,449.004842,0.0,CAF,1,361.0433042218894
214.481302,-64.670713,0.0,CAF,1,749.8969074961203
-420.294503,244.112776,0.0,CD4_Tcell,1,270.51267536357886
-240.817879,-176.375779,0.0,CD8_Tcell,1,781.8749756213937
159.035616,-128.766389,0.0,CD4_Tcell,1,744.9382801772999
-236.210005,90.940360,0.0,CD8_Tcell,1,667.087217809338
224.535757,320.498296,0.0,CD8_Tcell,1,1012.01446344969
418.804494,-215.914523,0.0,CAF,1,228.1728884771734
-369.341135,-81.352357,0.0,epithelial_tumor_class1,1,606.182988174906
142.097547,333.356744,0.0,epithelial_tumor_class1_class2,1,1207.9865245945455
-503.300821,7.519606,0.0,CD4_Tcell,1,294.89715907644944
71.714942,-269.359508,0.0,CD4_Tcell,1,471.5913066575173
188.604254,-199.373874,0.0,CD8_Tcell,1,413.4772100894532
218.784793,-350.192025,0.0,apCAF,1,328.58535671379764
91.395013,338.372457,0.0,CAF,1,435.15653030905895
257.075290,-343.931718,0.0,CD4_Tcell,1,684.3092603342405
3.160933,-301.703501,0.0,CD4_Tcell,1,265.3274639997288
-186.682847,-225.290579,0.0,CAF,1,316.45257834563233
258.272053,-154.606227,0.0,CAF,1,695.8081666145033
350.756924,315.979030,0.0,CAF,1,439.3633348403426
-80.279241,-42.297646,0.0,CD4_Tcell,1,758.6525069704628
-17.328350,244.925591,0.0,CAF,1,583.06787177013
-59.351636,377.244302,0.0,CAF,1,471.98696151477117
-29.786318,-283.632842,0.0,epithelial_tumor_class1_class2,1,1578.8820133707404
53.551010,438.475177,0.0,CD4_Tcell,1,541.8714674989466
348.507623,11.527835,0.0,CD8_Tcell,1,722.3788635453739
-148.290006,-349.964623,0.0,CAF,1,558.5448659315286
-77.286247,-375.491951,0.0,CAF,1,187.1326652116278
209.162986,438.363977,0.0,CD8_Tcell,1,1072.2928544680706
393.787773,123.549571,0.0,CD8_Tcell,1,952.6005747787118
-106.518870,441.089761,0.0,CD8_Tcell,1,643.7357277321447
177.990455,170.275524,0.0,CAF,1,482.054447500564
-84.087896,-246.354201,0.0,CD8_Tcell,1,403.612437264944
-250.255960,-135.554685,0.0,CD8_Tcell,1,276.5750935615325
33.226418,53.364250,0.0,CD8_Tcell,1,215.2517438476334
-242.201777,359.952676,0.0,CD4_Tcell,1,1028.0701372719848
8.111628,-348.555481,0.0,CD8_Tcell,1,245.80855743875958
-61.992750,269.192105,0.0,CAF,1,957.9244497955884
-399.944684,-81.772824,0.0,CAF,1,257.7920630034869
131.508132,148.912534,0.0,CD4_Tcell,1,500.2665805567753
254.898768,89.912165,0.0,CD4_Tcell,1,259.85431120842
94.536819,87.709377,0.0,CD4_Tcell,1,871.2718314374574
-340.990559,177.184537,0.0,apCAF,1,781.1159202304699
64.782425,-115.720077,0.0,CD4_Tcell,1,1028.0701372719848
-386.630030,-140.689244,0.0,CAF,1,1006.4918311881402
-21.109010,492.458887,0.0,CAF,1,379.6967294092459
-400.737717,-247.901679,0.0,CAF,1,975.7028915056706
-162.473597,-136.538478,0.0,CD4_Tcell,1,535.9787112302259
-79.640417,387.219581,0.0,apCAF,1,121.36619854617405
283.007031,66.518278,0.0,epithelial_tumor_class1_class2,1,808.2700918364045
-164.419767,-303.086176,0.0,CD4_Tcell,1,564.1557220928373
27.801163,427.246986,0.0,epithelial_tumor_class1_class2,1,1242.7340773434503
246.327587,199.193922,0.0,CD4_Tcell,1,1028.0701372719848
55.431108,488.768221,0.0,CAF,1,466.409726253314
116.722107,-68.394247,0.0,apCAF,1,370.55361683365436
383.334689,-232.773381,0.0,CD4_Tcell,1,222.63844821586838
-176.534562,43.677286,0.0,CD8_Tcell,1,471.3130154554936
-308.481029,-300.974578,0.0,CD8_Tcell,1,249.3455231194666
358.738122,-187.521680,0.0,CD4_Tcell,1,315.0062947278823
-137.143438,-406.758770,0.0,epithelial_tumor_class1_class2,1,1561.113552404319
-319.857984,258.637518,0.0,CD8_Tcell,1,341.39036306516664
-413.553339,-27.452124,0.0,CD4_Tcell,1,249.2305923397142
247.935901,324.633718,0.0,CD8_Tcell,1,744.7793303407619
202.434198,-57.888392,0.0,CAF,1,512.6799907363674
102.283145,-145.079755,0.0,CD8_Tcell,1,306.46499989138283
-16.884408,232.178837,0.0,CD8_Tcell,1,1026.167623315982
-176.788961,-36.911951,0.0,epithelial_tumor_class1,1,1346.3572824310122
-462.747591,168.479977,0.0,CD4_Tcell,1,1028.0701372719848
-215.183436,-418.008004,0.0,CAF,1,322.6685832001728
73.090215,273.081696,0.0,CAF,1,1054.7563204040896
31.599890,210.192159,0.0,CD4_Tcell,1,243.71761433643778
-185.155974,38.829925,0.0,CD8_Tcell,1,543.6090243759348
161.575669,188.959609,0.0,CD4_Tcell,1,357.2681711979446
248.721337,166.768420,0.0,CD4_Tcell,1,229.71122918213533
-308.014505,-88.540774,0.0,CD4_Tcell,1,475.92620877589655
401.489230,-187.237371,0.0,CD4_Tcell,1,663.1628603075474
173.928108,472.335560,0.0,CAF,1,431.07324462848584
-3.393842,-37.521157,0.0,CD4_Tcell,1,291.3441768418307
302.946809,382.536075,0.0,CD8_Tcell,1,579.8673253280273
247.688337,-156.630084,0.0,CAF,1,615.8809442573835
172.219768,-140.160703,0.0,CD4_Tcell,1,548.2768576812356
116.165885,100.803126,0.0,CD4_Tcell,1,436.15702818322217
325.483335,154.073098,0.0,CAF,1,483.8852393102255
12.190951,400.769499,0.0,apCAF,1,645.4498213871587
53.942862,-469.341193,0.0,CAF,1,691.1479067410935
-158.213633,-349.061062,0.0,apCAF,1,479.59095261864303
-182.035943,362.798073,0.0,CAF,1,553.7699326113392
-53.311798,43.064108,0.0,CD4_Tcell,1,607.2920811231497
-128.287080,299.686878,0.0,apCAF,1,236.5898416338421
-204.707365,-244.444569,0.0,CD8_Tcell,1,743.6673145316994
239.867703,-279.079218,0.0,CD4_Tcell,1,401.55583973834985
-393.854099,-122.379580,0.0,CD4_Tcell,1,551.7667475012438
245.539101,2.034551,0.0,CAF,1,546.9658880672928
345.136578,-56.177275,0.0,CAF,1,816.8183166432821
-17.912890,-96.138525,0.0,CAF,1,272.01227402024466
315.174721,367.702197,0.0,CD8_Tcell,1,1013.9655692409021
148.083379,-26.299626,0.0,CD8_Tcell,1,189.3963103915845
-16.162824,-1.544057,0.0,epithelial_tumor_class1,1,2205.259640735925
297.986558,-219.197089,0.0,CAF,1,333.39841854620545
-241.024817,-139.958070,0.0,epithelial_tumor_class1,1,991.3661966224662
436.896747,-148.835009,0.0,CD8_Tcell,1,502.6015848865194
243.539323,172.858961,0.0,CAF,1,309.77417133364776
-263.422017,-364.874783,0.0,CAF,1,569.9702348507315
-70.923352,-40.352151,0.0,CD4_Tcell,1,248.12141504444324
-273.356680,-190.473703,0.0,CD4_Tcell,1,314.9503261122058
245.803783,-145.941425,0.0,CAF,1,725.7128246047728
-293.510126,-192.863944,0.0,epithelial_tumor_class1,1,1896.3098072653347
414.246400,-37.869328,0.0,CD4_Tcell,1,587.0935648209571
176.062800,239.470420,0.0,CD4_Tcell,1,643.4653590905222
419.870277,-156.639334,0.0,CD8_Tcell,1,731.2136906581627
-344.650072,-57.225844,0.0,CD4_Tcell,1,236.2847394254695
-151.999771,-137.203612,0.0,CD4_Tcell,1,537.3359960204624
-395.252514,-195.726363,0.0,CD4_Tcell,1,310.4277654481382
-358.771526,-231.448089,0.0,CAF,1,1054.7563204040896
307.958473,72.099153,0.0,CAF,1,302.5361031123091
-440.444721,-166.258343,0.0,CAF,1,247.13930467508243
23.849975,6.679728,0.0,CAF,1,464.7828859486943
398.532192,111.031411,0.0,CD4_Tcell,1,1028.0701372719848
201.159057,-122.300473,0.0,CD4_Tcell,1,150.85437493002718
471.336462,40.236713,0.0,CD4_Tcell,1,220.12541636012048
-443.606580,-65.783114,0.0,CD4_Tcell,1,166.09315940674333
383.298539,-256.146185,0.0,CD8_Tcell,1,172.70335421758855
-178.851881,6.157113,0.0,CD4_Tcell,1,278.47833890670233
-272.375355,-375.357524,0.0,CD4_Tcell,1,691.6016474196364
-305.980724,-98.332034,0.0,CAF,1,541.260986597222
114.400333,-338.969097,0.0,CAF,1,447.4619097958924
-60.689347,-140.879902,0.0,CD4_Tcell,1,497.24038428149225
56.021114,-151.215952,0.0,CAF,1,361.12913165209494
-9.431614,359.868445,0.0,CAF,1,461.8005478738373
297.647177,-386.738238,0.0,CD4_Tcell,1,251.79616250230092
105.240081,18.961553,0.0,CAF,1,355.7485211870068
191.464695,462.315734,0.0,CD8_Tcell,1,303.35411172118125
68.443718,480.031510,0.0,CAF,1,724.6783970782028
-172.854499,-368.430564,0.0,CD8_Tcell,1,531.6825005509559
-433.267191,38.353125,0.0,CD4_Tcell,1,812.1156883674457
434.171255,-10.195291,0.0,CD4_Tcell,1,204.40116944389786
244.653680,303.398209,0.0,CAF,1,416.558029155192
264.040675,94.866506,0.0,CD8_Tcell,1,585.7891137136262
-108.090783,248.825808,0.0,CD4_Tcell,1,1028.0701372719848
-364.256317,-176.460985,0.0,CD8_Tcell,1,453.54362213817774
385.332888,79.771547,0.0,CAF,1,538.5194963458614
87.213870,282.357676,0.0,CD4_Tcell,1,626.460401735923
-192.066850,-295.305570,0.0,CD4_Tcell,1,222.2744762375493
-192.096342,3.726109,0.0,apCAF,1,352.6738794122797
152.932486,-264.043095,0.0,CAF,1,454.7579602557063
28.275133,166.229116,0.0,CD4_Tcell,1,726.7286908701955
190.614550,-112.293288,0.0,CAF,1,424.0061620647448
-48.150370,50.858247,0.0,CAF,1,287.60908607370624
390.049699,137.936470,0.0,CD8_Tcell,1,457.96847677082087
292.406541,104.214865,0.0,CAF,1,462.7112637604846
-76.697381,-20.730771,0.0,CAF,1,351.43214186951934
425.055522,27.946282,0.0,CD8_Tcell,1,487.6955379671518
215.942646,406.251420,0.0,CAF,1,399.6636536438337
-3.768500,478.625912,0.0,apCAF,1,105.77540259023151
-17.750104,31.305238,0.0,CD8_Tcell,1,526.4155370147887
-342.958172,327.120465,0.0,CAF,1,268.9782944454087
311.288214,-167.161554,0.0,CD8_Tcell,1,414.1485772473208
-141.470870,-212.458299,0.0,CAF,1,369.6188200578461
-374.140467,-139.801019,0.0,CAF,1,1049.4656389950005
110.029770,337.516267,0.0,CD4_Tcell,1,243.6515798375186
450.866877,136.167966,0.0,CAF,1,982.0915960440977
217.461409,-415.714854,0.0,apCAF,1,160.25231969533908
-270.147291,266.500700,0.0,CAF,1,241.46975070163788
321.294302,-73.518545,0.0,CD8_Tcell,1,576.360275797105
-228.163303,-130.540164,0.0,CD8_Tcell,1,489.28529399153894
47.248570,-220.725856,0.0,CD4_Tcell,1,153.1061356944404
300.621130,-254.735735,0.0,CAF,1,392.2450401185022
-211.641523,227.009814,0.0,apCAF,1,508.41694693975575
-332.090001,208.601193,0.0,CAF,1,1051.5395823965061
412.161016,-200.640779,0.0,CD8_Tcell,1,182.5817972820334
-187.666329,274.784934,0.0,CAF,1,267.1386919657439
360.932870,-151.868516,0.0,CAF,1,159.2130331318884
37.392088,24.035397,0.0,CAF,1,333.98005578602863
-57.992952,-394.519795,0.0,CAF,1,644.43904061665
-136.808430,165.723048,0.0,CAF,1,676.4532454486516
451.093492,36.355332,0.0,CAF,1,1054.7563204040896
-17.330058,-234.527664,0.0,CD4_Tcell,1,444.624639553937
126.877291,6.517860,0.0,CAF,1,725.9862338701454
-319.171233,-36.516878,0.0,CD4_Tcell,1,1028.0701372719848
90.821127,454.534149,0.0,CD4_Tcell,1,472.08957481135695
40.151927,423.085535,0.0,CAF,1,1054.7563204040896
-65.742242,359.633847,0.0,CD8_Tcell,1,417.6514039971615
440.052563,-23.689035,0.0,CD8_Tcell,1,445.9641384726407
127.536757,-55.525205,0.0,apCAF,1,982.0915960440977
-488.280049,-3.005524,0.0,CAF,1,1016.872476137082
-331.010687,-173.819566,0.0,CD8_Tcell,1,299.1057096147845
-299.252202,76.845779,0.0,CD4_Tcell,1,182.62071015553647
65.716700,-385.890253,0.0,CD4_Tcell,1,628.1969097870655
-324.284754,-242.993293,0.0,CAF,1,997.0747176960288
72.886163,-81.305895,0.0,CD8_Tcell,1,359.9899625167068
-64.744816,437.721279,0.0,CAF,1,976.3690680986473
234.228870,-113.066123,0.0,CD4_Tcell,1,358.03571230436023
346.030733,-69.941569,0.0,CD8_Tcell,1,297.63735549213305
0.500471,301.978264,0.0,CD4_Tcell,1,504.2082357855657
-358.394218,49.285690,0.0,CD4_Tcell,1,236.08148374678686
169.063643,-373.165473,0.0,CAF,1,483.2595706637039
78.516466,-177.003435,0.0,CD4_Tcell,1,614.1148071559672
-100.948734,51.314630,0.0,CAF,1,597.1187423947741
413.595448,-26.033102,0.0,epithelial_tumor_class1,1,452.43426817855067
326.627394,-2.654919,0.0,CAF,1,916.1812245942908
-310.562966,-232.745106,0.0,CD4_Tcell,1,909.3782081499744
-145.078741,-360.606372,0.0,CD4_Tcell,1,907.8810904468695
-42.450587,250.526771,0.0,CD4_Tcell,1,256.0916318302606
-23.385405,-327.730306,0.0,CD4_Tcell,1,249.02954846570282
-6.835074,-445.667419,0.0,CAF,1,838.1296368476126
414.722142,-50.743254,0.0,CD8_Tcell,1,196.35380061175613
-220.543870,-49.853592,0.0,CAF,1,373.041580451036
273.343673,-72.935180,0.0,CD4_Tcell,1,281.74944705144725
319.237845,-197.207814,0.0,epithelial_tumor_class1_class2,1,4126.2719873811775
-208.897387,149.050135,0.0,CD4_Tcell,1,578.8422707893762
-48.887574,-285.356902,0.0,CAF,1,139.50299580918812
487.670212,-104.640671,0.0,CAF,1,255.52648759083291
-103.636784,124.247695,0.0,CAF,1,918.0300048775604
418.719365,-62.340695,0.0,CAF,1,180.25712716804034
-31.296749,-440.544061,0.0,CAF,1,403.58602629536284
-270.437595,129.773025,0.0,CAF,1,956.7970470624394
-129.732734,-4.606515,0.0,CD8_Tcell,1,610.4882572696463
-86.166742,-416.517353,0.0,CAF,1,352.6738794122797
137.338540,-286.783564,0.0,CD8_Tcell,1,307.48830958154565
-387.416713,249.277547,0.0,CAF,1,335.6706284124109
-474.178767,-169.877650,0.0,apCAF,1,105.77540259023151
443.142120,94.944732,0.0,CAF,1,819.9493443443673
172.469331,-264.976605,0.0,CD4_Tcell,1,633.782430944048
37.365688,408.161997,0.0,CD4_Tcell,1,154.11175191838745
-99.420409,-135.468472,0.0,CAF,1,476.22105814516556
-339.294799,-180.802962,0.0,apCAF,1,178.55730091520627
-200.796855,360.766831,0.0,CAF,1,414.36356812290785
-389.751322,-202.714870,0.0,CAF,1,433.04939507273116
-174.233238,260.596566,0.0,CD8_Tcell,1,455.08691805961934
313.057500,-56.703742,0.0,CAF,1,589.4022585513126
-122.971650,270.734420,0.0,CAF,1,237.70151809856762
15.647762,107.231282,0.0,CD8_Tcell,1,405.98088835367173
-40.829499,-474.661894,0.0,CAF,1,587.5175039688959
-22.779984,193.745474,0.0,CD4_Tcell,1,147.82567198483332
168.848683,287.970678,0.0,CAF,1,594.6018340553552
19.412771,-389.840903,0.0,CD8_Tcell,1,449.1189995941464
101.156124,73.879050,0.0,CD4_Tcell,1,378.40495786901
-196.608992,110.913859,0.0,CD4_Tcell,1,508.04736836425377
-306.002589,-132.956343,0.0,CD8_Tcell,1,139.75029148823245
405.582247,211.496996,0.0,CD8_Tcell,1,366.56372404026746
-133.067819,85.702597,0.0,CD8_Tcell,1,291.418568919991
18.595011,70.140536,0.0,CD4_Tcell,1,202.91133428326495
48.147943,-143.719510,0.0,apCAF,1,1092.8244532799033
-486.420720,136.869671,0.0,CD8_Tcell,1,280.6286082814947
-329.794962,-30.959743,0.0,CD4_Tcell,1,787.3464488235919
20.422031,215.119157,0.0,epithelial_tumor_class1_class2,1,2430.415299772374
-133.217949,-194.467945,0.0,CD8_Tcell,1,788.439670270044
-475.637312,177.012828,0.0,CAF,1,608.2810052779016
-231.037239,9.124868,0.0,CD8_Tcell,1,248.4175102192936
351.129148,303.101148,0.0,apCAF,1,305.92675113177864
39.005177,-366.959282,0.0,CD4_Tcell,1,191.84699289868263
-190.346941,-325.739827,0.0,CAF,1,1054.7563204040896
-82.628784,-349.355621,0.0,apCAF,1,387.7148123906368
-3.631529,125.205922,0.0,CAF,1,313.5644244715765
-29.370031,333.625983,0.0,CD8_Tcell,1,798.4699043231617
199.581773,-49.554192,0.0,CD8_Tcell,1,237.88713539309052
105.567618,-334.532458,0.0,CD4_Tcell,1,326.024455822675
37.297868,434.043264,0.0,CAF,1,526.2421493255797
-22.547934,221.171965,0.0,CD8_Tcell,1,315.0286840306016
239.133022,-237.677702,0.0,CD8_Tcell,1,258.3311170491255
-451.117579,21.885762,0.0,CAF,1,409.8510202748562
-0.728945,-421.743551,0.0,CAF,1,357.56043832952327
157.030498,127.844271,0.0,CD8_Tcell,1,1072.2928544680706
20.319440,407.089272,0.0,CAF,1,503.44273758268343
224.182902,-137.661608,0.0,CD4_Tcell,1,277.21196863544174
-290.393572,-163.794721,0.0,CD4_Tcell,1,280.4420913103922
402.416876,-98.161329,0.0,epithelial_tumor_class1_class2,1,649.36729995808
-244.586979,-91.515833,0.0,CAF,1,222.60292127641873
447.718286,-185.981756,0.0,CD4_Tcell,1,364.6227548044001
-293.201494,-206.220779,0.0,apCAF,1,768.307320430731
229.846393,348.260466,0.0,epithelial_tumor_class1,1,604.2971740451477
236.176583,-247.999898,0.0,epithelial_tumor_class1_class2,1,1309.1161279857877
124.627012,154.588767,0.0,CAF,1,267.15875143900087
31.870970,-34.086128,0.0,CAF,1,232.62565681884934
-269.590356,-76.255358,0.0,CD8_Tcell,1,318.9857481869922
-292.699088,46.998225,0.0,CD8_Tcell,1,245.23022921535065
66.064287,200.374559,0.0,CD8_Tcell,1,279.8416543996286
-352.429671,-47.691030,0.0,CD8_Tcell,1,428.3057559902256
433.879954,152.517604,0.0,CD8_Tcell,1,159.6467073559917
58.321844,449.483045,0.0,epithelial_tumor_class1,1,1399.8533373146058
170.269462,-54.898424,0.0,CAF,1,432.6619820365887
189.879652,-272.477360,0.0,apCAF,1,113.00688178609609
254.861468,-86.293458,0.0,CD4_Tcell,1,566.7019253597845
-234.098120,346.361027,0.0,CD4_Tcell,1,418.3272808186061
-269.499588,210.267597,0.0,CD4_Tcell,1,286.3256667454092
251.336471,410.287701,0.0,CAF,1,417.7324707492071
9.657007,86.097188,0.0,epithelial_tumor_class1_class2,1,712.3804148559278
-179.536872,385.463449,0.0,CD4_Tcell,1,367.8035939770711
49.707932,495.582601,0.0,CD8_Tcell,1,210.00599688785667
396.653635,289.821571,0.0,epithelial_tumor_class1,1,1263.3055357077224
52.974988,405.760951,0.0,apCAF,1,429.7224373381554
-157.443471,-21.616634,0.0,CD4_Tcell,1,338.84552714971437
150.410575,-46.430042,0.0,CAF,1,364.7832111958227
-235.511200,-434.811798,0.0,CAF,1,378.4429092671877
-464.079063,22.978139,0.0,CAF,1,519.7597456024939
-21.075919,439.052527,0.0,CAF,1,240.25288773262844
-46.876859,-166.947621,0.0,CAF,1,281.666319794878
254.277793,-126.426104,0.0,CD4_Tcell,1,372.1276212651462
50.942435,323.789816,0.0,CD8_Tcell,1,572.7506537864061
18.618952,286.970042,0.0,CAF,1,429.5985252781707
-169.646327,-269.958139,0.0,CD8_Tcell,1,647.2936010954462
270.902372,45.384947,0.0,CAF,1,329.34585508132614
-237.455668,-345.824122,0.0,CAF,1,423.44688323141315
-232.865542,72.110149,0.0,CD8_Tcell,1,709.3566620810785
59.554122,145.424804,0.0,CAF,1,701.4433440226019
62.805911,-396.019520,0.0,CD4_Tcell,1,597.8734814588089
-276.821668,418.420334,0.0,CD4_Tcell,1,188.87048277662205
-187.189775,-237.240200,0.0,CD4_Tcell,1,193.75953093527065
-121.977213,120.054370,0.0,CD4_Tcell,1,134.95504838283026
399.346203,140.125242,0.0,CD8_Tcell,1,228.48904247407668
-374.213712,109.979747,0.0,CAF,1,354.49957279743785
-351.182978,279.186175,0.0,CAF,1,192.92678947228913
-347.820332,-69.742089,0.0,epithelial_tumor_class1,1,2643.4018809515046
28.967128,-463.023983,0.0,CAF,1,284.4913712410212
-414.901794,72.067471,0.0,CD4_Tcell,1,515.2243550075096
-43.923087,-84.604392,0.0,epithelial_tumor_class1_class2,1,1102.1375172876535
-116.114383,130.197270,0.0,CAF,1,506.7706232569303
275.902032,221.755659,0.0,CAF,1,391.7917324103101
-226.257407,-111.388399,0.0,CAF,1,1054.7563204040896
467.933515,78.223367,0.0,CD4_Tcell,1,271.69771123764747
144.687090,109.162299,0.0,CAF,1,208.98250838096223
-319.498270,-154.543123,0.0,apCAF,1,105.77540259023151
-156.664452,321.570105,0.0,CD4_Tcell,1,990.5009903711183
71.665370,436.909048,0.0,CAF,1,288.1678299268115
196.607042,-433.102915,0.0,CAF,1,408.2521234322175
317.165720,155.811556,0.0,CAF,1,199.84595106401702
-236.277504,60.926074,0.0,apCAF,1,961.2648675053475
124.500002,71.218824,0.0,CD4_Tcell,1,1021.6724250119357
-228.008627,-239.682099,0.0,CAF,1,411.7216697368386
178.815938,361.333065,0.0,CAF,1,559.8742651786577
198.869592,253.049430,0.0,CAF,1,386.82837742831333
344.181456,-88.402076,0.0,apCAF,1,403.58602629536284
32.879563,-490.016453,0.0,CD4_Tcell,1,714.5427301725099
-208.592198,16.484258,0.0,CAF,1,330.5350365428741
262.880576,108.791265,0.0,CAF,1,217.3078314020974
478.882869,-78.806055,0.0,CAF,1,792.3463772702077
-437.197282,219.309671,0.0,CD8_Tcell,1,460.83332080694237
197.813201,123.252048,0.0,CD8_Tcell,1,224.87533216159264
-197.909569,-302.679925,0.0,CD8_Tcell,1,211.2728946991167
141.746429,-263.274200,0.0,CD4_Tcell,1,1028.0701372719848
-371.699879,-186.994140,0.0,CAF,1,392.56904532272506
-385.706757,86.604188,0.0,CAF,1,135.15872846175782
-506.185518,40.048272,0.0,CAF,1,398.3793210084683
-146.072138,-487.744712,0.0,CD8_Tcell,1,408.9178241221136
-128.966019,-44.401801,0.0,CD4_Tcell,1,272.24581613859067
-50.418660,-475.757082,0.0,CAF,1,370.51619473543633
2.606495,-109.164420,0.0,CD4_Tcell,1,223.00281731084158
117.446387,-383.203568,0.0,CD4_Tcell,1,593.2521364160237
-411.822406,-151.289311,0.0,CD8_Tcell,1,343.20064323074655
47.331665,-11.990147,0.0,CAF,1,341.6384550694122
253.134117,10.791945,0.0,CAF,1,835.3170035568639
344.666191,-361.336615,0.0,apCAF,1,227.80290772664202
-5.488338,-465.632979,0.0,CD4_Tcell,1,214.8524974150885
169.670624,-131.056697,0.0,CD8_Tcell,1,292.50400487180286
-321.807692,-53.687906,0.0,CAF,1,641.0893786310611
268.003864,-376.517622,0.0,epithelial_tumor_class1,1,1003.532038693397
-207.520348,237.415212,0.0,epithelial_tumor_class1,1,1017.9487041335432
244.818507,-229.088301,0.0,CD8_Tcell,1,1072.2928544680706
-387.076408,314.892732,0.0,CD4_Tcell,1,404.55077336071435
-17.308575,186.845523,0.0,CD8_Tcell,1,706.7251018909116
333.812310,-291.188462,0.0,CAF,1,554.3734639238295
-429.835402,-24.625064,0.0,CD8_Tcell,1,591.5636287146632
-86.153174,-17.850904,0.0,CD8_Tcell,1,221.05231475702467
88.950980,184.328682,0.0,CAF,1,393.5681023357963
65.671892,359.469921,0.0,CAF,1,723.9373374184939
-70.673581,479.247835,0.0,CAF,1,698.52678305538
-104.515148,-460.148733,0.0,CAF,1,899.0905403660241
-36.566229,257.200992,0.0,apCAF,1,503.58047003892966
-327.528559,18.945321,0.0,CD4_Tcell,1,393.0099786672509
-238.216975,382.062080,0.0,CD8_Tcell,1,325.41777462228856
-175.446983,-159.792499,0.0,CD4_Tcell,1,451.97533731063663
-30.422912,482.239596,0.0,CD4_Tcell,1,287.58801555372736
121.489800,-404.730150,0.0,CD4_Tcell,1,215.10413868778082
-121.632839,7.217544,0.0,CD4_Tcell,1,1028.0701372719848
180.570715,339.303645,0.0,CAF,1,391.26115916077464
-287.869152,-414.547166,0.0,CAF,1,318.5344225163729
-104.618986,340.016625,0.0,CD4_Tcell,1,286.58835082697067
255.066825,-308.738583,0.0,CAF,1,121.5381697135264
313.257308,-15.538764,0.0,CAF,1,210.8528862275734
-45.133705,-107.226863,0.0,CD4_Tcell,1,415.8436448488511
178.047501,-95.735626,0.0,CAF,1,342.33611861584245
82.261484,-114.277049,0.0,apCAF,1,191.6942143404883
-214.864175,212.895628,0.0,CAF,1,264.2805135478189
-45.313992,-394.312513,0.0,apCAF,1,342.33611861584245
-155.652834,-80.403250,0.0,CAF,1,925.6107453996533
-209.539610,356.772660,0.0,CAF,1,272.8862029285466
333.551905,233.759507,0.0,CD8_Tcell,1,410.02448430058337
116.925094,342.468578,0.0,CD8_Tcell,1,374.63518322309477
334.185256,-322.034565,0.0,epithelial_tumor_class1,1,2548.275380130983
335.601843,45.659995,0.0,CD4_Tcell,1,594.3283124293495
-431.270797,1.028132,0.0,CD4_Tcell,1,547.0305782039944
375.341616,-280.445765,0.0,CAF,1,1054.7563204040896
-392.855671,202.127748,0.0,CD8_Tcell,1,168.5084973107345
0.516665,-437.460029,0.0,apCAF,1,158.26313078764343
159.007934,-240.882260,0.0,CD4_Tcell,1,416.90878076441106
31.450616,-367.744736,0.0,CD4_Tcell,1,236.6175912144988
69.158693,-436.339212,0.0,CAF,1,602.2083326444528
371.427651,255.927595,0.0,CAF,1,989.7083269966424
357.302538,-5.942989,0.0,CAF,1,201.86944030026012
314.111945,290.077618,0.0,CD4_Tcell,1,303.933059420944
-161.522666,81.058507,0.0,apCAF,1,271.0794411514349
-156.315403,374.631959,0.0,CD8_Tcell,1,342.70306792917205
-118.832200,24.510167,0.0,CAF,1,423.0788463665421
-106.657722,-19.477960,0.0,CD8_Tcell,1,361.2762960330683
265.739794,-211.974538,0.0,CD4_Tcell,1,490.63779567780904
-64.086251,-411.830003,0.0,CAF,1,537.8475669249717
-179.682155,-108.928679,0.0,apCAF,1,838.2156179684969
179.490853,-438.186962,0.0,CD8_Tcell,1,563.1987431240386
155.900773,-205.337322,0.0,CAF,1,862.3909418874387
-93.015342,71.776019,0.0,CD4_Tcell,1,551.2138750498962
-387.811016,279.963878,0.0,CAF,1,483.8852393102255
363.894885,225.991424,0.0,CD4_Tcell,1,213.0792488553398
110.861706,494.358834,0.0,apCAF,1,241.46975070163788
474.029885,-107.190264,0.0,CAF,1,1054.7563204040896
-160.572232,466.156429,0.0,apCAF,1,369.6188200578461
-169.318375,-52.150308,0.0,apCAF,1,1092.8244532799033
71.391166,86.814951,0.0,apCAF,1,707.5695637682475
299.430139,-206.665707,0.0,CAF,1,199.27619763902985
325.607779,353.187024,0.0,CD4_Tcell,1,395.83195149499255
-450.543632,-167.843400,0.0,CD4_Tcell,1,447.5043482765708
289.562053,-152.379372,0.0,CD4_Tcell,1,972.1629765138498
39.504949,170.040943,0.0,CAF,1,435.837258183584
386.024164,158.895144,0.0,epithelial_tumor_class1,1,885.7995091571785
-165.554985,-438.969164,0.0,CAF,1,465.5667822930884
235.233740,42.953817,0.0,apCAF,1,390.27892484722224
-75.181740,319.441930,0.0,CD4_Tcell,1,298.6409297548315
-333.046833,151.376715,0.0,CAF,1,291.43982612518005
233.803577,-63.879274,0.0,CD4_Tcell,1,240.15011041333415
83.366227,390.893154,0.0,CD8_Tcell,1,289.4884870423844
142.559109,-46.373207,0.0,CAF,1,162.2005678790957
362.370262,-174.087132,0.0,CAF,1,523.2532764273708
69.615970,-139.412826,0.0,CAF,1,244.73794492707003
-349.629984,-265.983369,0.0,CD4_Tcell,1,195.96196930482657
191.269212,88.568900,0.0,CD4_Tcell,1,469.8647431045829
241.930819,402.563263,0.0,apCAF,1,510.1748929728391
135.602496,-33.860939,0.0,CD8_Tcell,1,308.86731079765104
34.225318,-236.223516,0.0,CAF,1,205.0479017908001
-20.603433,290.188741,0.0,CD4_Tcell,1,398.57572392620966
-315.942455,331.756531,0.0,CAF,1,277.05779639732543
-62.614801,-155.870142,0.0,CD4_Tcell,1,384.0877396571825
-278.534372,-232.822716,0.0,apCAF,1,394.1137562550804
332.550719,14.456681,0.0,apCAF,1,1092.8244532799033
-77.893862,438.979569,0.0,CAF,1,639.8856295519486
-355.263021,361.150430,0.0,CD8_Tcell,1,1072.2928544680706
-357.585272,266.519654,0.0,apCAF,1,769.3422461617945
4.473679,184.859627,0.0,CD4_Tcell,1,669.4529478926397
-419.261867,-163.413230,0.0,CAF,1,320.3196423326191
216.779885,-34.234409,0.0,apCAF,1,723.5475090214532
386.386766,25.464208,0.0,CD8_Tcell,1,334.39925320387124
-92.991663,-264.230362,0.0,CD4_Tcell,1,421.3098020125238
35.334533,-343.031562,0.0,CD4_Tcell,1,561.7982300455765
-135.066147,343.417016,0.0,CD8_Tcell,1,252.3075182763715
376.840220,131.168991,0.0,CD4_Tcell,1,254.42781983658065
211.073811,367.291608,0.0,CD4_Tcell,1,1028.0701372719848
-411.074706,-19.762746,0.0,CD4_Tcell,1,304.83024052429744
412.939315,-285.817039,0.0,CAF,1,165.09422610476213
164.710606,297.974499,0.0,CAF,1,739.2500888428268
-374.665039,-108.038912,0.0,CAF,1,1054.7563204040896
136.483489,110.750410,0.0,CAF,1,427.85252726813314
-18.335747,-506.022367,0.0,CD8_Tcell,1,653.4830956960766
436.420370,-227.940606,0.0,CAF,1,623.0675458197596
-364.309909,-101.007619,0.0,CAF,1,440.83229272508936
316.771754,356.649463,0.0,CAF,1,503.51925251303277
-352.964454,166.018959,0.0,CD8_Tcell,1,173.15366911226084
-358.551702,200.327202,0.0,CD4_Tcell,1,671.434837027172
-313.695902,-379.102497,0.0,apCAF,1,427.90744704565
28.316204,-42.353535,0.0,CD4_Tcell,1,583.5236396952889
236.211415,-349.463217,0.0,CD4_Tcell,1,275.6728177589995
-74.436380,353.993725,0.0,CD8_Tcell,1,786.5014428035574
161.494097,-61.625396,0.0,epithelial_tumor_class1,1,1080.1494112820149
11.441554,-157.147329,0.0,CAF,1,296.5930148479873
230.099677,262.562553,0.0,CD4_Tcell,1,439.2096331281104
99.831169,466.080281,0.0,CD8_Tcell,1,1072.2928544680706
406.688479,192.445095,0.0,CD8_Tcell,1,749.7572086216986
474.136161,-28.053891,0.0,CAF,1,531.6348942981368
-324.357626,55.366659,0.0,CD4_Tcell,1,254.22399028778986
332.845601,-199.379344,0.0,CD4_Tcell,1,235.30648880982295
406.684645,67.424800,0.0,CAF,1,363.7102838146783
-58.992508,29.725328,0.0,CD4_Tcell,1,262.51198144764527
-110.847570,-381.531262,0.0,CD4_Tcell,1,1019.2950566415569
-257.528738,224.580689,0.0,CD4_Tcell,1,235.2604117188577
-18.404323,77.803465,0.0,CAF,1,394.85509293252244
-66.934343,317.073577,0.0,CAF,1,365.12896944662094
29.280515,454.931484,0.0,CD8_Tcell,1,527.9303555334244
173.614377,-299.244299,0.0,CD4_Tcell,1,591.0015056132204
-38.554789,-129.171305,0.0,CD4_Tcell,1,215.1562269188432
343.908478,-139.946355,0.0,CAF,1,706.7251018909116
48.608398,-350.374207,0.0,CD4_Tcell,1,519.5409410737457
462.476395,-80.932610,0.0,CD8_Tcell,1,349.10125675555867
-396.515784,-68.618844,0.0,CD4_Tcell,1,287.84092972277557
-103.286304,189.299771,0.0,CD4_Tcell,1,1028.0701372719848
-462.647774,186.958922,0.0,CAF,1,272.8760302235327
-151.050571,396.822317,0.0,CAF,1,124.12523118646381
242.603272,434.512582,0.0,CAF,1,268.4647722601281
280.692402,-161.319668,0.0,CD4_Tcell,1,1028.0701372719848
371.865355,193.182455,0.0,CD4_Tcell,1,500.19039550854575
-396.638183,313.602574,0.0,CAF,1,542.771959990417
-384.951291,-24.290159,0.0,CAF,1,452.6307249562066
-248.904882,174.302204,0.0,CAF,1,249.73846986778284
369.617488,-289.874548,0.0,CD8_Tcell,1,222.1236774414191
-376.999687,199.129690,0.0,CD4_Tcell,1,457.4658407469482
-370.343343,21.339408,0.0,CAF,1,309.27628451886
150.865013,-453.588445,0.0,CAF,1,245.61884155510498
-133.164930,461.555213,0.0,CAF,1,274.2210143412576
136.946240,-232.614445,0.0,CAF,1,163.62143161939963
-364.387441,151.776264,0.0,CD8_Tcell,1,219.772994910094
226.824677,42.999625,0.0,apCAF,1,105.77540259023151
119.447930,382.039569,0.0,CD8_Tcell,1,226.21026372589685
449.962363,-175.214994,0.0,CAF,1,191.6942143404883
463.415752,99.008254,0.0,CD4_Tcell,1,578.1539789916774
341.763538,51.745577,0.0,CAF,1,171.17067015124297
45.044020,-445.876500,0.0,CAF,1,781.1159202304699
-203.147841,10.080553,0.0,CAF,1,292.0780230629676
90.361940,213.790219,0.0,CD4_Tcell,1,428.69056460408683
44.981389,212.789585,0.0,CAF,1,394.048771025533
-210.178426,-155.090493,0.0,apCAF,1,607.6216033212808
-315.842384,-164.991373,0.0,CAF,1,417.0977285428744
-108.603114,-321.759567,0.0,CD8_Tcell,1,290.1662225531381
141.676351,131.273557,0.0,CD4_Tcell,1,225.44808026536148
182.347072,181.867620,0.0,apCAF,1,378.4429092671877
-281.970931,-369.273402,0.0,CAF,1,849.6818921649385
-17.134672,-202.135019,0.0,CAF,1,325.1890340587572
-377.373803,-33.863663,0.0,apCAF,1,488.50498268410047
-239.583909,-418.579901,0.0,CD8_Tcell,1,279.2317450835017
-318.558436,-286.342490,0.0,CAF,1,520.4947529567855
-131.643585,-417.196842,0.0,CD8_Tcell,1,408.22551044314906
-72.203880,429.108727,0.0,CAF,1,602.3980280953915
-325.863625,321.680646,0.0,CD4_Tcell,1,829.79603296048
-280.749670,207.721043,0.0,apCAF,1,465.81374676686363
41.231398,-290.181281,0.0,CAF,1,270.0881198428339
-188.738655,29.343839,0.0,CAF,1,548.1958730344345
-358.050463,-211.179954,0.0,epithelial_tumor_class1,1,1825.3108783496918
-131.584673,383.791789,0.0,apCAF,1,105.77540259023151
270.165534,-358.003379,0.0,CD4_Tcell,1,126.04840050109368
360.102700,357.130503,0.0,apCAF,1,391.26115916077464
-102.745725,135.814460,0.0,CD4_Tcell,1,255.05941127483635
-147.481321,-409.569769,0.0,CAF,1,182.17743103063668
-449.008680,5.199124,0.0,CD4_Tcell,1,146.9418642352355
-38.412895,239.797610,0.0,CAF,1,275.88795503321523
-222.707803,408.835213,0.0,CD4_Tcell,1,134.82149459902178
384.948433,-180.820121,0.0,CD4_Tcell,1,658.6863014155061
-6.317840,373.808363,0.0,apCAF,1,455.0010876914942
224.006928,-214.253364,0.0,CAF,1,430.687011263922
290.784180,-58.290570,0.0,CAF,1,393.2305690994888
327.356819,-241.992678,0.0,CAF,1,340.6821906412041
319.065788,-156.748895,0.0,CD8_Tcell,1,319.49399891772543
259.584542,229.176251,0.0,CAF,1,163.95439753564358
28.673614,-213.056989,0.0,CD8_Tcell,1,769.8092812878824
123.314699,422.326943,0.0,CAF,1,414.37700752249555
-166.825020,-146.775035,0.0,CAF,1,943.2441115341168
327.759785,304.846417,0.0,apCAF,1,276.8420513119313
-366.743687,-91.431979,0.0,CAF,1,575.0550570489692
-113.901441,200.577198,0.0,CAF,1,972.4952209249711
-135.247593,74.073044,0.0,epithelial_tumor_class1,1,1926.5120601938359
-385.075181,-113.773100,0.0,apCAF,1,723.9373374184939
254.759899,-434.046340,0.0,apCAF,1,607.6216033212808
347.644883,-273.127709,0.0,apCAF,1,554.3734639238295
-212.426988,254.821317,0.0,CD8_Tcell,1,231.13805938594163
300.664370,164.760829,0.0,CAF,1,453.2011419924586
-379.963824,-204.267849,0.0,apCAF,1,594.6018340553552
-196.395124,-414.649613,0.0,CD4_Tcell,1,1028.0701372719848
80.417433,-130.236505,0.0,CAF,1,522.7353126973368
-123.483119,140.546318,0.0,apCAF,1,351.9983977830562
-390.521708,-189.719965,0.0,CAF,1,171.29742457361598
72.256703,-314.079155,0.0,CD8_Tcell,1,397.7643430216367
110.618661,-85.495279,0.0,CD4_Tcell,1,300.6548409197422
211.579465,266.363480,0.0,CD4_Tcell,1,227.51442031743758
408.588951,137.812001,0.0,CAF,1,171.85738229657395
-4.412444,-213.058590,0.0,CAF,1,193.71905136097803
36.341396,149.238773,0.0,CD4_Tcell,1,431.25264572680777
205.741818,216.644688,0.0,CD8_Tcell,1,378.08879488374833
250.543762,-278.068860,0.0,CAF,1,346.82844331490435
-104.954140,-10.925989,0.0,apCAF,1,333.39841854620545
-253.497993,-200.356168,0.0,CD4_Tcell,1,490.93868969351666
-172.513119,421.103892,0.0,CAF,1,778.4528643952759
-186.120032,436.839983,0.0,CD8_Tcell,1,114.06579920683085
-59.625846,147.434529,0.0,CAF,1,709.7028992713977
-340.324735,-16.697342,0.0,CAF,1,198.71576199284218
297.881633,-147.463655,0.0,CAF,1,182.34843611744452
146.747735,382.065738,0.0,CAF,1,435.35095160582824
48.302611,87.856968,0.0,CAF,1,180.65092071008922
302.414539,-79.094955,0.0,CD4_Tcell,1,305.68529356507804
167.676698,310.124834,0.0,CD4_Tcell,1,187.56017367363467
-258.548750,376.396735,0.0,CD8_Tcell,1,232.62565681884934
412.238008,-122.901010,0.0,CD4_Tcell,1,304.2720303867214
373.568382,-125.462237,0.0,CAF,1,460.71792134692026
76.761791,-107.495135,0.0,apCAF,1,573.6683360765206
-171.873670,-239.493579,0.0,CD8_Tcell,1,332.1443875707946
226.033117,-344.697490,0.0,CAF,1,271.109825924495
419.858785,-257.769772,0.0,apCAF,1,210.31369375887832
346.761549,252.361694,0.0,CD4_Tcell,1,488.56497715534874
-93.770053,-123.110357,0.0,CAF,1,256.34524260984455
346.720298,89.178980,0.0,CD8_Tcell,1,270.18916416950333
-183.977668,169.520417,0.0,CAF,1,169.43228168300516
-161.954435,-168.260712,0.0,CAF,1,222.31884180997977
-24.368417,-165.873457,0.0,apCAF,1,400.0967534421068
108.863537,165.593944,0.0,CD4_Tcell,1,196.345632136817
-213.729798,451.583452,0.0,CD4_Tcell,1,140.43512757571926
319.870861,4.510274,0.0,CD4_Tcell,1,118.76312649102067
34.364878,414.703511,0.0,CAF,1,242.96364501600402
-208.399796,202.966640,0.0,CAF,1,1054.7563204040896
247.743791,-341.211360,0.0,CAF,1,150.42994108197402
-102.957124,-253.259534,0.0,CAF,1,645.4498213871587
33.253556,-147.415042,0.0,CAF,1,731.9204301706834
-103.750306,-473.536267,0.0,CAF,1,795.87135207173
112.218703,-159.057326,0.0,CAF,1,294.7900444942716
-153.530646,46.024180,0.0,CD8_Tcell,1,203.8981659033243
-323.730925,-253.833808,0.0,CAF,1,416.14008249563284
272.206072,127.171095,0.0,apCAF,1,390.6406091578821
378.482225,-171.482071,0.0,CAF,1,143.13728910640722
55.761239,-437.889399,0.0,CD4_Tcell,1,306.49797439102
-345.414017,-139.014900,0.0,CAF,1,195.94565432272344
-38.221608,344.203156,0.0,CD4_Tcell,1,503.7794612655689
100.095392,-289.113600,0.0,CD4_Tcell,1,558.7744880459485
408.488335,-252.425696,0.0,CAF,1,603.8306509569591
-108.511277,-309.623800,0.0,CD8_Tcell,1,195.6439904696262
-116.429275,-263.012154,0.0,CD4_Tcell,1,472.98440597184344
-208.828403,-233.359938,0.0,apCAF,1,416.14008249563284
416.294861,41.729227,0.0,CD4_Tcell,1,491.0139324143696
-152.942083,404.662677,0.0,CD8_Tcell,1,514.4166960909586
-333.501961,330.645048,0.0,CD4_Tcell,1,584.1316996325796
469.818092,-35.857021,0.0,CD8_Tcell,1,247.0821743811603
-371.764597,-332.204829,0.0,CD4_Tcell,1,188.66360608135562
45.794874,300.264130,0.0,CAF,1,1054.7563204040896
144.430965,36.841389,0.0,CD8_Tcell,1,198.69106112195257
162.153316,-116.417778,0.0,CD4_Tcell,1,345.8386866250731
-62.756623,-276.618668,0.0,CAF,1,158.31973503935973
398.421807,63.173524,0.0,apCAF,1,482.054447500564
-309.624637,-201.710992,0.0,CAF,1,340.3638328232977
81.848229,-477.012455,0.0,CD8_Tcell,1,492.6863012313004
381.643715,314.590651,0.0,CD4_Tcell,1,304.107980723723
-449.313973,159.631449,0.0,CAF,1,244.43532845789224
-233.426631,-64.008364,0.0,CAF,1,938.6005327752093
-315.127806,-241.872617,0.0,CAF,1,116.26490677372206
11.854248,444.323167,0.0,CD4_Tcell,1,178.31206151307137
449.371588,73.274745,0.0,epithelial_tumor_class1_class2,1,1010.6745311372897
-329.338716,239.815157,0.0,CAF,1,295.9053047321026
101.623698,-398.615639,0.0,CAF,1,414.2963754837244
-39.823334,54.230469,0.0,CD8_Tcell,1,306.9708688369509
-166.180836,256.488427,0.0,apCAF,1,325.64662242597035
53.525440,94.621476,0.0,CD4_Tcell,1,522.2960964692616
-17.193835,-161.417364,0.0,CD4_Tcell,1,177.95227340369198
473.547426,-166.273167,0.0,CAF,1,284.54367065345997
-486.796647,-69.867010,0.0,CD4_Tcell,1,1009.3844431413086
491.206196,10.261557,0.0,CAF,1,1000.6022438638964
44.468492,388.381822,0.0,CAF,1,169.1584906532322
450.536634,1.081200,0.0,CAF,1,518.1046102168042
-352.534703,-175.722724,0.0,CAF,1,720.5505167546157
316.210481,-273.590347,0.0,apCAF,1,529.812129564593
62.507683,-276.824064,0.0,CD4_Tcell,1,246.01735771578365
267.981026,-101.168109,0.0,CAF,1,375.0374355077611
320.502022,-64.393631,0.0,CAF,1,267.3995434492488
79.513206,-226.497687,0.0,CAF,1,428.0035679646481
-329.622529,76.762722,0.0,CAF,1,1054.7563204040896
-67.791509,390.845460,0.0,CD4_Tcell,1,168.93671457825272
246.846098,-251.320627,0.0,apCAF,1,353.8822449754045
-145.470922,125.120785,0.0,apCAF,1,260.8500590182597
-219.093550,-351.843719,0.0,CD4_Tcell,1,139.21052316823864
-198.075438,232.228657,0.0,CAF,1,390.6406091578821
248.623260,-427.201241,0.0,CD8_Tcell,1,203.20370565808017
14.853617,251.252853,0.0,CD4_Tcell,1,820.2459361878354
-352.741890,-221.164487,0.0,CAF,1,216.78386161177897
-327.727719,-273.978648,0.0,CAF,1,544.6726910326988
261.665626,7.923538,0.0,CD4_Tcell,1,131.95569053716181
-129.347572,-384.451137,0.0,CD4_Tcell,1,289.07600990222835
250.368827,245.505834,0.0,CD4_Tcell,1,119.23901449098823
-24.787033,278.411423,0.0,CAF,1,354.97213112672466
368.886042,-150.914693,0.0,CD8_Tcell,1,282.67534113232944
-282.221958,195.967356,0.0,CD8_Tcell,1,163.7878581700574
-186.420571,-409.898116,0.0,CAF,1,459.5937860644541
79.257506,422.273324,0.0,CAF,1,153.58412298413663
281.758581,323.609479,0.0,CD8_Tcell,1,604.5737455272908
-255.477427,-259.980188,0.0,CD8_Tcell,1,132.64628271478404
-278.224309,263.190836,0.0,CD8_Tcell,1,482.57493360932784
214.409715,316.497500,0.0,CAF,1,423.7196406949471
-185.058250,-211.604137,0.0,CD4_Tcell,1,241.8919278559469
-405.777139,301.788439,0.0,CD4_Tcell,1,125.6597623358209
-259.607553,13.891749,0.0,CAF,1,196.9016046702719
-117.944481,-60.293706,0.0,CAF,1,423.89699584142096
167.515767,-154.570105,0.0,CAF,1,976.9641248034515
-217.532205,-162.278222,0.0,CAF,1,368.5364269484108
421.222783,-76.172708,0.0,apCAF,1,349.68900957277754
95.971926,147.998148,0.0,CD4_Tcell,1,525.0137650191425
-5.741636,-109.853029,0.0,CD8_Tcell,1,411.561105780435
306.342882,-337.207553,0.0,CD8_Tcell,1,126.1578491784869
240.874744,-307.557761,0.0,CD4_Tcell,1,266.777793128723
86.124989,108.429804,0.0,apCAF,1,208.07270705720876
422.093603,-250.074627,0.0,CD4_Tcell,1,179.39433489906222
62.431621,-6.127819,0.0,CAF,1,457.52326624077676
191.036804,-339.376779,0.0,CD8_Tcell,1,211.8051328577157
26.712814,464.221740,0.0,CD4_Tcell,1,414.3366901954926
50.026584,-317.351252,0.0,CAF,1,471.0933892260175
-215.085626,-68.361751,0.0,CAF,1,210.92142098244034
13.598239,-452.402782,0.0,CAF,1,256.0623798162967
312.844392,-215.023223,0.0,CD4_Tcell,1,121.22400031981459
220.072184,300.713258,0.0,CD8_Tcell,1,692.1880229886234
264.863772,-283.492391,0.0,CD8_Tcell,1,488.1001484632147
-273.820093,35.086545,0.0,CD8_Tcell,1,190.97964717378548
-322.389516,212.587990,0.0,CD4_Tcell,1,305.7730816110365
-26.339567,-40.214910,0.0,CD4_Tcell,1,750.1963206582595
-287.204296,-29.029494,0.0,CD8_Tcell,1,208.23406736215858
-385.639439,7.689463,0.0,CAF,1,721.0753640120115
113.553145,-34.982270,0.0,CD8_Tcell,1,351.4923529730783
-230.360641,270.631013,0.0,CAF,1,384.2794172063752
259.422354,359.677288,0.0,apCAF,1,379.6967294092459
368.374519,154.685637,0.0,CAF,1,311.31546226736344
-113.857074,215.970730,0.0,apCAF,1,196.2149673459828
159.688677,-109.166902,0.0,CAF,1,151.05317418071172
433.992129,-218.709334,0.0,CAF,1,320.79531403583326
-262.522247,-265.681202,0.0,CD8_Tcell,1,859.7647277921674
-89.691557,-500.165990,0.0,CD4_Tcell,1,477.41644342914554
371.013523,146.725628,0.0,CD4_Tcell,1,306.28917583549304
25.095228,128.196586,0.0,CAF,1,458.28460778366843
-110.744200,465.662774,0.0,CD8_Tcell,1,252.86790801042665
-220.786227,438.243988,0.0,CD8_Tcell,1,114.06579920683085
18.490679,-84.717128,0.0,CD4_Tcell,1,505.14319392344566
152.123471,-175.001574,0.0,apCAF,1,641.0893786310611
204.594723,-160.017011,0.0,CAF,1,142.8926213363927
-154.937737,274.140849,0.0,epithelial_tumor_class1,1,452.43426817855067
-170.156727,-393.699932,0.0,CD8_Tcell,1,154.27862228721204
202.368412,351.493313,0.0,CAF,1,267.2991958695064
-220.299910,258.443610,0.0,CD8_Tcell,1,383.0027707228534
-163.596367,164.914841,0.0,CAF,1,191.24439152212108
-317.256195,-46.093358,0.0,CD4_Tcell,1,180.349732934105
-358.102884,276.607667,0.0,CD8_Tcell,1,229.83822331683524
-10.560284,288.108379,0.0,apCAF,1,294.5330753306409
-196.424885,-218.163100,0.0,CD4_Tcell,1,289.11829720612604
177.329014,-284.781455,0.0,CAF,1,125.8539814086449
255.527634,-260.872289,0.0,CD4_Tcell,1,178.51130141039494
-218.383838,-57.847937,0.0,apCAF,1,232.62565681884934
-84.522489,-88.515763,0.0,CAF,1,439.041999419941
502.873429,-27.250802,0.0,epithelial_tumor_class1,1,1010.6745311372897
303.440323,-56.456690,0.0,CAF,1,361.4357692237373
132.501390,100.565656,0.0,CD4_Tcell,1,1028.0701372719848
48.021787,145.047748,0.0,CAF,1,177.0587333407852
57.687974,-102.823731,0.0,CAF,1,439.06993540869695
-257.171608,-379.901294,0.0,apCAF,1,477.31305965092014
176.139154,-120.256077,0.0,CAF,1,227.80290772664202
-212.311149,166.693951,0.0,CD4_Tcell,1,410.27809667707294
298.881986,-278.109431,0.0,CAF,1,105.10510847318554
-380.346102,208.206701,0.0,CD8_Tcell,1,456.59069725812697
-326.008145,-231.208522,0.0,CD4_Tcell,1,780.9108544888927
-47.252441,394.224779,0.0,CD4_Tcell,1,204.2501816225543
-39.089860,456.504377,0.0,CD4_Tcell,1,342.2532953616977
-178.870444,237.782082,0.0,CD8_Tcell,1,117.93167898815983
311.855110,-112.903936,0.0,apCAF,1,373.58063968012675
-327.308935,-161.108986,0.0,apCAF,1,105.77540259023151
-340.640792,377.142427,0.0,CAF,1,263.3257150860441
198.921926,329.311653,0.0,apCAF,1,479.3687620458637
-435.254169,-82.382271,0.0,CD4_Tcell,1,1028.0701372719848
15.061680,-307.205678,0.0,apCAF,1,288.9597410781101
-286.231185,364.533511,0.0,apCAF,1,438.81855416719264
366.349489,18.745370,0.0,CD8_Tcell,1,139.01576868730427
347.820894,-323.111995,0.0,CD4_Tcell,1,590.6099335043609
-222.928287,-418.921517,0.0,CD4_Tcell,1,137.4127509056237
-64.725275,469.704297,0.0,apCAF,1,488.50498268410047
-286.483787,-340.699822,0.0,CD4_Tcell,1,434.04666179944775
-178.946400,16.056918,0.0,CAF,1,838.2156179684969
-85.676622,181.009623,0.0,CD8_Tcell,1,250.8524575075905
-203.757129,186.709517,0.0,CAF,1,204.17471560295778
-196.849244,-228.167495,0.0,CD4_Tcell,1,303.10309919363857
-217.617361,114.301809,0.0,CAF,1,267.078519570643
200.790079,369.422483,0.0,CD8_Tcell,1,141.7260401678798
409.860694,-62.414191,0.0,CD4_Tcell,1,209.08470725576316
-68.157192,-495.204434,0.0,CD8_Tcell,1,900.7809410300231
320.188102,215.961980,0.0,CAF,1,339.72771230371353
-198.168650,-332.779781,0.0,CD8_Tcell,1,226.66839731133095
4.365995,393.105682,0.0,CD4_Tcell,1,732.3132599337561
-79.769740,250.007690,0.0,CD4_Tcell,1,909.8776128844786
-9.458757,-270.085820,0.0,CAF,1,378.10143802065625
-219.360562,15.802233,0.0,CAF,1,119.69063251253415
-126.346350,39.033648,0.0,CAF,1,323.1238046288374
-353.778298,-355.956102,0.0,CD8_Tcell,1,147.0496208497406
-254.670208,167.244372,0.0,apCAF,1,217.36901615013858
-440.757149,-9.599435,0.0,CD4_Tcell,1,178.9025491099137
-95.758456,-278.127943,0.0,CD4_Tcell,1,278.14850635571236
21.051710,-144.933453,0.0,apCAF,1,313.5644244715765
93.244226,383.478908,0.0,CD4_Tcell,1,473.4689659403089
285.527019,129.463497,0.0,apCAF,1,197.63085901724747
-31.779626,462.500774,0.0,CD4_Tcell,1,560.7452596722429
128.904285,367.667136,0.0,CAF,1,136.62871222507442
-39.706254,-445.629895,0.0,CD4_Tcell,1,477.31305965092014
234.518406,-224.164766,0.0,CAF,1,544.8662339169948
262.633332,63.805716,0.0,CD4_Tcell,1,163.7878581700574
430.880881,-113.827621,0.0,apCAF,1,339.36289036285774
267.354879,175.745079,0.0,CD4_Tcell,1,235.43553667044335
-12.623307,-69.023552,0.0,CD8_Tcell,1,357.12209737537063
152.240999,-113.640055,0.0,CD4_Tcell,1,610.5578636154819
-47.174885,217.256083,0.0,CD4_Tcell,1,249.30720893453542
309.997979,-102.206201,0.0,apCAF,1,1092.8244532799033
-185.117033,-80.070204,0.0,CAF,1,192.91871632091457
456.361227,126.176918,0.0,CAF,1,250.41030828590593
302.211538,88.317880,0.0,CAF,1,350.10923666381933
-301.586428,-302.811651,0.0,CD8_Tcell,1,141.20741869763788
375.493435,112.053130,0.0,CD8_Tcell,1,395.93624473333125
-378.189185,73.864535,0.0,CAF,1,470.28867679659817
106.288062,-343.155585,0.0,CD4_Tcell,1,352.81873781426265
21.259834,-26.243943,0.0,CD4_Tcell,1,299.7225561028045
27.483477,139.548248,0.0,apCAF,1,485.974701299789
271.432836,400.256228,0.0,CAF,1,688.2411255516447
-157.712490,-128.223554,0.0,CD8_Tcell,1,392.5560816900694
-253.092272,-287.769519,0.0,CD4_Tcell,1,182.49620841869816
438.353412,-88.699043,0.0,CD8_Tcell,1,340.9653419701074
440.663116,67.928304,0.0,CAF,1,266.70765612273857
-26.028301,-108.576715,0.0,CD8_Tcell,1,168.43473996312855
104.547848,88.087125,0.0,CD4_Tcell,1,215.81673918565755
14.957018,-189.457236,0.0,CD8_Tcell,1,246.10281007963133
109.665287,380.749211,0.0,CAF,1,227.1901632283806
-243.474294,-42.971519,0.0,CAF,1,162.72611746906844
-77.387604,276.690950,0.0,CAF,1,400.0967534421068
-18.946411,174.407244,0.0,CAF,1,296.21679151217893
-428.720445,-225.030316,0.0,CD8_Tcell,1,419.3560094747421
478.789387,-136.851503,0.0,CAF,1,233.73406503781825
102.529196,-350.639056,0.0,CAF,1,266.2270477805155
106.967239,-370.360880,0.0,CD4_Tcell,1,550.7913395192852
218.086633,398.320952,0.0,CD4_Tcell,1,202.95308444107548
48.662376,481.812820,0.0,CD8_Tcell,1,491.0741321260734
200.087425,298.731945,0.0,apCAF,1,594.6018340553552
53.843940,-256.762587,0.0,CAF,1,753.2548885294044
377.019636,-289.803277,0.0,apCAF,1,136.21220714408148
-164.032677,-448.050588,0.0,CD4_Tcell,1,356.817904804524
94.509228,-92.553009,0.0,CD4_Tcell,1,495.345761923855
246.431331,147.833362,0.0,CD4_Tcell,1,118.76312649102067
159.786118,-249.080675,0.0,CD8_Tcell,1,195.570659620904
280.226221,-180.008590,0.0,CAF,1,146.95533093221974
192.482401,387.908460,0.0,CD4_Tcell,1,229.85636915600347
-111.371592,44.548861,0.0,CAF,1,918.4183359960215
-68.497496,-176.140286,0.0,apCAF,1,516.9823736079491
241.618155,359.313925,0.0,CD8_Tcell,1,269.78513802181277
203.966612,182.458713,0.0,CD8_Tcell,1,252.037281881593
366.042568,179.054689,0.0,CD4_Tcell,1,118.76312649102067
-334.256673,160.885093,0.0,apCAF,1,222.60292127641873
-454.229236,176.638986,0.0,CAF,1,709.9915163125896
394.982993,-1.296317,0.0,CD4_Tcell,1,155.10780075619127
-8.480872,-256.999362,0.0,CAF,1,154.31340210213878
-85.983936,159.146398,0.0,CAF,1,158.35511954954842
-187.712613,59.626710,0.0,CD4_Tcell,1,650.6103536073518
-257.151966,266.775050,0.0,CD8_Tcell,1,290.887474668301
54.256413,-185.237268,0.0,CD8_Tcell,1,252.28820927382046
317.592325,190.279797,0.0,CD8_Tcell,1,516.7799204264886
-154.760131,383.678411,0.0,CAF,1,473.07248318197395
-410.002106,273.377473,0.0,CD8_Tcell,1,353.67662840984167
219.506733,138.016056,0.0,CD4_Tcell,1,162.524402807735
-169.835686,-89.336207,0.0,CAF,1,262.3533998728665
61.421155,-190.967319,0.0,CAF,1,607.6216033212808
482.566780,-113.706484,0.0,CAF,1,213.8392481633694
90.233412,445.527419,0.0,CAF,1,309.32051950585173
366.480939,-341.233785,0.0,CD8_Tcell,1,114.06579920683085
-246.257355,-291.471832,0.0,CD4_Tcell,1,239.54338817347158
-368.120101,-325.927273,0.0,CD4_Tcell,1,212.3124468933238
-352.082531,174.783600,0.0,CD8_Tcell,1,641.8627288053157
110.243309,305.073624,0.0,CAF,1,294.5330753306409
-386.916068,177.281672,0.0,CAF,1,259.1951656805647
-41.154213,309.925154,0.0,apCAF,1,270.0881198428339
-113.952687,-394.026637,0.0,apCAF,1,541.0682984585551
106.104593,-134.225005,0.0,apCAF,1,207.80113079340578
163.861308,479.964980,0.0,CD4_Tcell,1,254.00087334135665
-108.054885,-157.778354,0.0,CD4_Tcell,1,320.6593598166138
53.888420,-33.590174,0.0,CD8_Tcell,1,128.85917192492533
-384.570277,151.702526,0.0,CAF,1,809.9287200829124
104.276997,51.405690,0.0,CD4_Tcell,1,276.58535799254133
308.057892,334.751236,0.0,CAF,1,215.17359153099088
-7.022403,81.974985,0.0,CD4_Tcell,1,135.2415319972124
280.660516,-296.257305,0.0,epithelial_tumor_class1,1,777.32801149703
121.748318,143.188739,0.0,apCAF,1,1092.8244532799033
-83.680258,446.259863,0.0,CD4_Tcell,1,257.1755231401563
170.421100,430.766177,0.0,CAF,1,270.0881198428339
191.411288,257.119131,0.0,CAF,1,161.00969732103582
-235.709874,-237.986963,0.0,CD4_Tcell,1,146.51808428581657
-320.144573,244.522802,0.0,CAF,1,316.1046186020911
318.818350,-292.792205,0.0,epithelial_tumor_class1_class2,1,1179.5524350997937
85.240557,-384.999463,0.0,apCAF,1,354.2573979618789
-64.342816,-466.056044,0.0,CD4_Tcell,1,180.3034260874634
-56.383177,278.326909,0.0,CAF,1,222.62956612665624
-190.634271,-23.499504,0.0,CD8_Tcell,1,283.2381070939891
-200.061113,-464.755073,0.0,CAF,1,232.2965601707939
188.855230,-234.768685,0.0,CAF,1,222.47860675147342
74.462440,-207.111591,0.0,CAF,1,223.51894493565504
-439.535131,-26.550168,0.0,CD4_Tcell,1,387.1879270905521
73.755718,458.825776,0.0,CAF,1,217.40398401914857
-380.506979,-254.037702,0.0,apCAF,1,972.4952209249711
316.801444,200.962305,0.0,CD8_Tcell,1,390.5889262954682
367.477003,-188.797702,0.0,CD8_Tcell,1,410.5184574800918
-75.288620,-307.111707,0.0,CAF,1,118.92297400928321
160.590931,29.635249,0.0,CD8_Tcell,1,354.4511290036067
2.391727,322.238164,0.0,CD8_Tcell,1,182.41064630720257
-92.893992,215.339842,0.0,apCAF,1,124.12523118646381
9.470551,373.604853,0.0,CD4_Tcell,1,981.4944588922081
159.535088,180.140012,0.0,CD4_Tcell,1,163.83853211957103
261.782742,56.622401,0.0,CAF,1,237.02483438801588
273.290091,-230.669274,0.0,CD8_Tcell,1,340.7765569927411
208.120813,38.035161,0.0,CD4_Tcell,1,791.7667934023281
91.955208,-228.825793,0.0,CAF,1,105.0459266938708
-8.425182,144.277030,0.0,CAF,1,911.2178281834574
176.991200,57.552136,0.0,CD8_Tcell,1,162.43080626377161
-348.573263,-18.773550,0.0,CAF,1,488.50498268410047
-35.462289,470.747785,0.0,CD4_Tcell,1,251.60337776027157
-380.047048,-213.207562,0.0,CAF,1,216.2258895894456
231.289185,153.494231,0.0,CAF,1,252.72290016580428
-458.230384,72.754555,0.0,CAF,1,216.7576852550016
120.297817,312.998742,0.0,CAF,1,207.80113079340578
376.029042,-92.062436,0.0,CAF,1,105.0459266938708
248.236923,95.336964,0.0,CD8_Tcell,1,152.49796903547931
-107.875260,-336.363590,0.0,CD4_Tcell,1,118.76312649102067
217.558633,-48.383338,0.0,CD8_Tcell,1,244.93667265858946
414.584708,-57.414291,0.0,CAF,1,105.0459266938708
272.501298,91.627449,0.0,CD4_Tcell,1,242.53081760848798
399.548156,-114.032282,0.0,CD4_Tcell,1,781.6697770460379
143.252296,485.411443,0.0,apCAF,1,516.9979491193244
353.880834,260.705193,0.0,CD4_Tcell,1,899.6988407586127
298.452730,15.821684,0.0,CAF,1,253.89421139937338
155.479665,451.269600,0.0,CAF,1,353.60407687769197
328.348888,254.493648,0.0,CD4_Tcell,1,600.9676730143968
-473.047513,95.655830,0.0,CD4_Tcell,1,233.29394556561596
-163.138701,-405.217003,0.0,CD4_Tcell,1,759.598223451565
-251.151732,-220.226787,0.0,CAF,1,149.98582572173285
-233.428947,435.454186,0.0,CD8_Tcell,1,1072.2928544680706
218.470521,-367.689424,0.0,apCAF,1,519.7597456024939
88.070256,27.818984,0.0,apCAF,1,105.77540259023151
-227.813873,-31.745726,0.0,CD4_Tcell,1,157.72606315571332
221.033273,381.283652,0.0,apCAF,1,760.1821425374823
344.708595,230.552062,0.0,CAF,1,265.8969646885507
18.864057,371.682250,0.0,CAF,1,168.0294592421437
216.227499,104.642381,0.0,apCAF,1,258.48807374996085
-140.646625,-271.056559,0.0,CAF,1,270.6644100893254
-247.923990,-316.677596,0.0,CAF,1,1054.7563204040896
354.947071,-216.210641,0.0,apCAF,1,341.6384550694122
436.576767,-253.117291,0.0,CD8_Tcell,1,443.8081603769109
-196.574509,-311.854497,0.0,CAF,1,726.2987856783076
145.848419,-292.294195,0.0,CD8_Tcell,1,151.45129649282083
299.093498,-184.003991,0.0,CD4_Tcell,1,233.33976554353333
387.292378,-321.599011,0.0,CD4_Tcell,1,450.05557048878654
463.680924,35.672517,0.0,CAF,1,305.7072390010968
-21.608881,327.811831,0.0,CAF,1,251.63228919621798
107.951261,314.330302,0.0,CD8_Tcell,1,174.81907994779405
-269.218592,400.813172,0.0,CD4_Tcell,1,149.58346319757342
-214.837539,-395.049160,0.0,CD4_Tcell,1,255.92589987053643
-98.398283,-218.233583,0.0,CD4_Tcell,1,202.90298493884768
-89.101302,-230.997840,0.0,CD8_Tcell,1,238.3330110971397
-44.334206,387.478772,0.0,CAF,1,211.5904132805968
202.290197,-187.197212,0.0,CD4_Tcell,1,295.5082076936236
-249.651868,196.102001,0.0,CD4_Tcell,1,193.2579826325039
-52.224677,251.591614,0.0,CD8_Tcell,1,271.7484307584874
-30.869650,-215.697842,0.0,CD8_Tcell,1,404.1144646356335
-91.368345,-0.355414,0.0,CD4_Tcell,1,287.0510649398221
43.308138,93.573639,0.0,apCAF,1,252.72290016580428
-99.912337,398.361945,0.0,CD8_Tcell,1,375.81761849046285
-183.537045,-275.352410,0.0,apCAF,1,263.3257150860441
-198.226281,149.346490,0.0,CD4_Tcell,1,214.86117143158938
124.481854,179.595719,0.0,CD4_Tcell,1,535.037941005628
190.138887,377.966099,0.0,apCAF,1,918.0300048775604
233.905669,-390.965634,0.0,CAF,1,197.63085901724747
144.504676,-203.001718,0.0,CD4_Tcell,1,547.4511884247274
-21.833662,342.042904,0.0,apCAF,1,713.1907711355915
214.894831,282.219195,0.0,CAF,1,186.6742135720001
317.091481,-149.299521,0.0,CAF,1,174.35078782895212
-92.511893,301.060435,0.0,apCAF,1,428.0035679646481
-10.138698,174.496990,0.0,apCAF,1,427.37217964807024
96.278220,-187.111517,0.0,CD4_Tcell,1,381.4618128880475
332.587565,359.727255,0.0,CAF,1,526.8097415761317
148.971517,134.944232,0.0,CD4_Tcell,1,354.5964736265862
-205.919514,-162.076153,0.0,CAF,1,105.0459266938708
167.568385,98.011040,0.0,CD4_Tcell,1,270.1588482258134
2.607382,361.273958,0.0,CD4_Tcell,1,604.4008784642336
486.690602,-149.751393,0.0,apCAF,1,171.85738229657395
29.809834,226.104110,0.0,CD8_Tcell,1,114.06579920683085
-66.696248,-228.020297,0.0,apCAF,1,1092.8244532799033
15.165188,-334.907820,0.0,CAF,1,158.5958740499299
310.011089,-37.182836,0.0,CD4_Tcell,1,213.25181758464282
-401.206954,106.429386,0.0,CD4_Tcell,1,1028.0701372719848
455.877359,-215.777965,0.0,CD4_Tcell,1,300.0367155237816
-436.903446,-188.572381,0.0,CD4_Tcell,1,189.59574208946623
-71.760179,-26.687002,0.0,CD4_Tcell,1,158.68090445150648
104.520546,133.954597,0.0,CD8_Tcell,1,249.18271494005648
32.999146,-202.887041,0.0,CD4_Tcell,1,629.989931028659
368.247466,-314.022800,0.0,CAF,1,261.5317828353617
-348.557588,258.861547,0.0,CD4_Tcell,1,526.0372856928224
10.694744,-71.833576,0.0,CD4_Tcell,1,306.7948513321401
-508.211228,47.659689,0.0,CAF,1,152.13935597187893
-22.518767,-177.944203,0.0,CAF,1,577.2650447620931
1.969054,9.601677,0.0,CAF,1,281.71827241386234
23.144203,-92.641915,0.0,CD8_Tcell,1,155.5619653877364
-279.185696,-381.345536,0.0,CD4_Tcell,1,185.53136166200912
-2.965707,-502.417104,0.0,CD4_Tcell,1,582.8653844487503
82.528033,146.604330,0.0,CD4_Tcell,1,338.6340302077058
110.949609,395.326236,0.0,CAF,1,172.49347472848564
20.629996,506.264341,0.0,CAF,1,1054.7563204040896
79.760866,-286.482641,0.0,epithelial_tumor_class1,1,808.9206757411206
279.194720,373.895592,0.0,CD4_Tcell,1,587.0766114982663
-338.808691,-80.048651,0.0,CAF,1,217.52640109290493
-112.687057,75.419809,0.0,CD4_Tcell,1,362.0618480038492
-3.459562,-252.515097,0.0,apCAF,1,151.05317418071172
-272.416970,-38.040864,0.0,CD8_Tcell,1,375.6161774646392
243.275423,424.461608,0.0,CAF,1,217.64886411224018
-192.907340,161.110388,0.0,CAF,1,112.53279080578369
2.520099,-116.560487,0.0,CAF,1,201.1214891893652
-344.922227,301.016512,0.0,CD4_Tcell,1,125.13273954740005
388.421211,-289.217882,0.0,CAF,1,117.60634506008469
-409.268386,47.764863,0.0,CAF,1,274.2822547660703
-208.938167,-202.781643,0.0,CAF,1,318.2300184758161
244.504032,118.533922,0.0,apCAF,1,1092.8244532799033
-157.218215,62.882172,0.0,CD4_Tcell,1,124.36003172652099
227.298473,-367.574457,0.0,CD4_Tcell,1,237.32130455082705
16.281053,426.795532,0.0,apCAF,1,480.62874979889125
-279.279438,409.518546,0.0,CAF,1,194.83835869098442
160.522041,13.769459,0.0,CD4_Tcell,1,140.85364691235637
-85.147009,-50.583304,0.0,CAF,1,258.48807374996085
14.552542,-114.566656,0.0,CAF,1,490.60771303997393
-374.486465,-280.857017,0.0,apCAF,1,194.83835869098442
-349.453686,218.053768,0.0,CD4_Tcell,1,267.4999161403698
143.632270,-409.128418,0.0,CD8_Tcell,1,114.06579920683085
-293.373225,91.611841,0.0,CD8_Tcell,1,327.7455639976931
-198.058394,-16.274948,0.0,apCAF,1,644.43904061665
120.981233,-163.909785,0.0,CAF,1,854.8767370152711
-284.904158,-407.116925,0.0,CAF,1,223.24298466204152
-350.809374,-134.603160,0.0,apCAF,1,159.78906686432052
307.341127,-274.731387,0.0,CD8_Tcell,1,252.80989821821328
28.576973,-319.305838,0.0,CD4_Tcell,1,321.124028703594
382.977257,-292.952284,0.0,CD4_Tcell,1,186.8796336695323
-186.535639,258.757989,0.0,CAF,1,268.7063482648759
185.864654,368.140130,0.0,CD4_Tcell,1,431.0180543019103
205.960208,-326.319899,0.0,CD8_Tcell,1,242.35219118653217
-368.245531,272.719479,0.0,CAF,1,373.58063968012675
-480.126462,3.108432,0.0,CD4_Tcell,1,258.733445849821
-15.700900,432.002081,0.0,CD4_Tcell,1,118.76312649102067
-283.531333,372.627500,0.0,CD8_Tcell,1,233.14736194570366
197.884020,-270.595761,0.0,apCAF,1,596.8787314188972
-7.003406,335.252558,0.0,CD4_Tcell,1,164.17179240065894
451.424061,176.680869,0.0,CD4_Tcell,1,194.5297146451454
25.629995,147.998062,0.0,CD4_Tcell,1,195.75809711008517
94.380503,-145.340761,0.0,CAF,1,216.40015287054683
-309.243005,349.536295,0.0,CAF,1,236.67309688512947
240.595432,140.797794,0.0,apCAF,1,946.8767162703275
247.739129,-121.665853,0.0,CD4_Tcell,1,199.6393933811331
392.751619,249.018013,0.0,CD8_Tcell,1,124.72787731840299
-186.528351,-285.504071,0.0,epithelial_tumor_class1_class2,1,1207.9865245945455
261.443770,-162.964118,0.0,CD4_Tcell,1,118.76312649102067
-269.546887,173.470639,0.0,CD4_Tcell,1,286.67244365238133
407.734034,-44.546252,0.0,CD4_Tcell,1,295.6047661468028
227.304962,280.753579,0.0,CD4_Tcell,1,402.5041682856377
130.571090,322.642672,0.0,CD4_Tcell,1,217.61386998931735
241.542190,226.166687,0.0,apCAF,1,835.3170035568639
-392.399759,322.929876,0.0,CD4_Tcell,1,433.1047586636519
-412.415632,250.165837,0.0,CD4_Tcell,1,870.5441361386514
291.851908,166.175259,0.0,CD4_Tcell,1,301.5564355146777
24.193480,-470.035649,0.0,CD8_Tcell,1,356.9638956716161
-290.604712,-90.376671,0.0,CD8_Tcell,1,490.53251182513657
341.823081,165.165215,0.0,apCAF,1,216.0691326474285
45.249138,-384.707346,0.0,CAF,1,341.99308067496054
-165.547108,-210.080895,0.0,CAF,1,141.37796432132612
310.525663,246.085736,0.0,CD4_Tcell,1,333.8985858815055
-116.530307,282.741429,0.0,apCAF,1,311.7710620601991
-38.919502,-437.894546,0.0,CAF,1,105.0459266938708
-341.677165,-145.465136,0.0,CAF,1,239.29166579241667
224.826586,218.718582,0.0,CD8_Tcell,1,229.24900329553958
383.629130,-128.829677,0.0,CD8_Tcell,1,824.8735269907636
357.539022,-251.266090,0.0,CD4_Tcell,1,387.92055575861013
13.632865,95.506929,0.0,CAF,1,427.90744704565
72.113944,308.250628,0.0,CD8_Tcell,1,283.38413120544413
-384.351994,125.734490,0.0,CD4_Tcell,1,153.80613550504376
53.208915,-477.802882,0.0,CD8_Tcell,1,114.06579920683085
-462.937154,-76.001680,0.0,CD4_Tcell,1,736.7422842346964
-34.907959,-230.127931,0.0,apCAF,1,439.06993540869695
98.451014,260.518831,0.0,mesenchymal_tumor_class1,1,628.9598588014669
-332.381163,6.720207,0.0,CD8_Tcell,1,207.94537624116523
-29.837436,-153.104793,0.0,apCAF,1,356.8787294941147
11.410663,-23.914756,0.0,CD4_Tcell,1,118.76312649102067
19.024972,435.407821,0.0,CD8_Tcell,1,300.25350504973903
-71.194318,446.288016,0.0,CD4_Tcell,1,399.45377841701116
237.605796,245.669021,0.0,CAF,1,132.7783963391759
431.795295,218.698031,0.0,CAF,1,237.09892876749018
-200.344930,-406.227999,0.0,CAF,1,117.75731844425592
-93.059884,309.480973,0.0,CD4_Tcell,1,223.2162908896571
-169.173188,127.715512,0.0,CD4_Tcell,1,134.86600273213696
-145.419142,-326.549761,0.0,apCAF,1,470.28867679659817
-72.720485,3.186645,0.0,CD8_Tcell,1,404.55077336071435
83.261645,-41.804283,0.0,apCAF,1,738.2818375331259
-279.021686,-389.950723,0.0,CAF,1,545.3825724127914
-15.035977,-275.236700,0.0,CAF,1,125.50210654816384
-280.491678,36.129083,0.0,CD8_Tcell,1,134.68802895567075
96.592516,246.371313,0.0,epithelial_tumor_class1,1,452.43426817855067
-43.843595,425.097607,0.0,apCAF,1,569.189347603537
-349.241026,-39.600162,0.0,CD8_Tcell,1,114.06579920683085
333.242924,-384.230129,0.0,CAF,1,157.94498324677807
236.307561,418.095114,0.0,apCAF,1,778.4528643952759
411.313078,-211.821731,0.0,CD4_Tcell,1,240.80464837585083
-229.162923,104.618241,0.0,CAF,1,288.9597410781101
-154.492784,233.658919,0.0,CD8_Tcell,1,471.6352573850435
-467.228072,176.778646,0.0,CAF,1,131.68638477172084
-79.461506,-464.143166,0.0,CD4_Tcell,1,527.5987409981864
-453.302718,-219.306165,0.0,CAF,1,249.61383233313438
51.661223,-308.795948,0.0,CAF,1,245.19233777740234
34.198661,-0.620299,0.0,apCAF,1,108.35297554736928
382.080185,150.457902,0.0,CAF,1,158.26313078764343
150.993974,-197.026083,0.0,CD4_Tcell,1,220.29294844806319
6.503112,424.881839,0.0,CD8_Tcell,1,375.930960710945
121.033223,-236.884122,0.0,CD4_Tcell,1,173.04852570711063
323.827009,-53.262405,0.0,apCAF,1,294.5330753306409
390.883687,311.245763,0.0,apCAF,1,750.8752855305
-180.432190,-51.511794,0.0,CD4_Tcell,1,349.43703479546195
133.594907,55.546661,0.0,CD4_Tcell,1,277.7777561584851
-143.518529,481.017134,0.0,CAF,1,456.4760071959268
-148.552229,-252.778360,0.0,CD4_Tcell,1,161.86279985787323
-296.665991,-33.818266,0.0,CD8_Tcell,1,114.06579920683085
-273.835071,11.748063,0.0,CAF,1,141.3057936548782
-77.565876,-355.009667,0.0,CD4_Tcell,1,120.70946287904557
-185.480866,67.630809,0.0,apCAF,1,105.77540259023151
-125.587734,335.676473,0.0,apCAF,1,432.4407069341937
-261.463430,213.316330,0.0,CD4_Tcell,1,167.0007702976091
-247.364214,-427.209725,0.0,CD8_Tcell,1,136.62229803267957
-215.203695,-21.025180,0.0,CD8_Tcell,1,518.2918074004556
-224.810275,-83.591112,0.0,CAF,1,159.78906686432052
-226.970239,417.443345,0.0,CD4_Tcell,1,177.52422195752777
-323.941578,349.426418,0.0,CD4_Tcell,1,774.2861279999375
223.828113,309.543997,0.0,CAF,1,290.5266993976536
-372.266501,12.304132,0.0,CD8_Tcell,1,293.2718154961667
-226.481513,93.957627,0.0,apCAF,1,453.2011419924586
-177.747252,171.155668,0.0,CD8_Tcell,1,114.06579920683085
-363.604799,-346.065923,0.0,apCAF,1,594.6018340553552
233.742866,134.644948,0.0,CD4_Tcell,1,126.956301357902
149.593166,-228.263806,0.0,CAF,1,217.36901615013858
98.280520,371.332595,0.0,CAF,1,243.60441964180242
137.620244,-197.431192,0.0,CAF,1,109.1573144841012
33.830624,-49.560648,0.0,CAF,1,246.7110420641663
-345.280671,-98.962245,0.0,CAF,1,108.35297554736928
-66.434821,-242.879840,0.0,CD8_Tcell,1,132.0434506489738
-270.163461,418.283486,0.0,CAF,1,121.36619854617405
54.304293,184.738831,0.0,CD4_Tcell,1,233.42225662179766
222.032324,289.642835,0.0,CAF,1,798.4074729196236
374.374997,51.394631,0.0,CAF,1,429.2957294172089
-408.535359,-129.486224,0.0,CAF,1,370.4538301707701
-112.661679,66.687586,0.0,CD4_Tcell,1,206.1428808852459
-101.228022,176.460471,0.0,CAF,1,125.95724164017865
387.450996,99.184287,0.0,CD4_Tcell,1,165.0723965858684
-47.978108,120.532528,0.0,CD4_Tcell,1,361.59528933686335
-472.548053,1.306110,0.0,apCAF,1,236.5898416338421
333.968561,292.924825,0.0,CAF,1,108.69405968909035
160.524145,-147.622034,0.0,CAF,1,212.38129754035862
-188.730436,-107.236317,0.0,apCAF,1,158.31973503935973
-70.988130,-158.109676,0.0,CD8_Tcell,1,301.14343389439676
194.974611,168.691950,0.0,CD4_Tcell,1,179.18675301187778
300.410658,-352.836346,0.0,CAF,1,512.6025505284421
-452.211193,91.766857,0.0,CD4_Tcell,1,127.88082599246914
-152.976589,-421.193989,0.0,CAF,1,107.0829918988273
351.206075,-265.587165,0.0,CAF,1,137.68980564897603
284.871440,-77.711512,0.0,CAF,1,172.37361997116068
-172.896348,-304.991836,0.0,CAF,1,189.31657688746392
-10.808451,308.824552,0.0,CAF,1,605.109842887684
433.987270,228.750756,0.0,CD4_Tcell,1,329.588077682763
74.286148,-122.382928,0.0,CD4_Tcell,1,513.0208203086919
317.781917,-319.590545,0.0,CAF,1,354.2573979618789
38.742557,-241.126709,0.0,CD8_Tcell,1,114.06579920683085
-356.919681,-82.379157,0.0,CAF,1,362.47963526394346
49.604161,-284.014482,0.0,CD4_Tcell,1,362.25841376142836
-48.129555,-436.785010,0.0,CD8_Tcell,1,1072.2928544680706
179.587955,194.913815,0.0,CAF,1,105.0459266938708
46.201864,-79.780301,0.0,CAF,1,274.08835802731335
81.096796,-150.525373,0.0,CD4_Tcell,1,160.0241450312214
-130.269664,94.304986,0.0,CD8_Tcell,1,120.4438950742219
384.242285,168.201666,0.0,apCAF,1,182.34843611744452
-288.984424,-144.277590,0.0,CD8_Tcell,1,155.24744943850604
57.028309,288.597345,0.0,CD4_Tcell,1,148.06916967217575
141.929988,351.247751,0.0,CD8_Tcell,1,114.06579920683085
-313.063005,-389.129833,0.0,CD4_Tcell,1,327.5846715594992
47.159179,431.954161,0.0,CD4_Tcell,1,283.1651138531076
322.722096,17.927439,0.0,CAF,1,274.87471567245194
-41.674462,113.944301,0.0,apCAF,1,434.47651161646274
326.936059,-216.440533,0.0,apCAF,1,1092.8244532799033
403.957723,-242.577658,0.0,CAF,1,707.5695637682475
225.786121,-304.695425,0.0,CAF,1,268.17306115389425
-241.171325,265.496157,0.0,CD4_Tcell,1,154.84269902520512
452.199087,26.754317,0.0,CD8_Tcell,1,157.43683450565288
-39.510661,222.980120,0.0,CAF,1,760.0814454912327
-236.114280,-21.525544,0.0,apCAF,1,549.0222906918165
-190.031694,-258.620988,0.0,CAF,1,105.0459266938708
-95.824478,-493.411651,0.0,CD4_Tcell,1,327.20563345491513
-191.099699,226.001751,0.0,CD4_Tcell,1,467.8363218071673
334.506534,-180.317418,0.0,CAF,1,130.16516715863332
310.712652,-127.030434,0.0,CD8_Tcell,1,516.0950864712169
-168.329847,293.498198,0.0,CD4_Tcell,1,218.11289047060956
-419.129824,-171.836496,0.0,apCAF,1,305.8279576739363
-152.676341,98.709421,0.0,apCAF,1,1092.8244532799033
252.447470,432.087125,0.0,CD4_Tcell,1,118.76312649102067
193.614087,-472.486537,0.0,CD4_Tcell,1,118.76312649102067
-378.772712,143.187928,0.0,mesenchymal_tumor_class1,1,370.12615256842275
122.242534,189.494695,0.0,apCAF,1,559.8742651786577
302.852738,223.643293,0.0,apCAF,1,329.34585508132614
188.489916,343.010999,0.0,CD4_Tcell,1,311.83777246161196
-221.593372,-174.608521,0.0,CD8_Tcell,1,114.06579920683085
180.847593,82.088216,0.0,CD8_Tcell,1,532.0793298512284
217.592788,-101.621365,0.0,CD8_Tcell,1,181.277535627828
-245.871140,-14.033813,0.0,CD8_Tcell,1,205.99947030062302
55.407088,42.944806,0.0,CD4_Tcell,1,155.14270507235636
-141.379276,-220.792614,0.0,apCAF,1,245.19233777740234
23.317232,248.165749,0.0,CAF,1,137.509355657525
-488.650176,30.318700,0.0,apCAF,1,515.846206028726
-421.284468,271.299865,0.0,CAF,1,383.23235809762275
-231.800688,-416.179978,0.0,CD4_Tcell,1,286.59886153067606
-266.498847,9.234595,0.0,CAF,1,387.7148123906368
-191.537173,237.563371,0.0,CD4_Tcell,1,219.67614499919608
283.944547,151.243833,0.0,apCAF,1,454.7150644067169
-182.800061,182.158622,0.0,epithelial_tumor_class1_class2,1,1385.0490783859627
181.297064,-7.816195,0.0,CD8_Tcell,1,189.99502538461326
271.883311,-328.713887,0.0,CD8_Tcell,1,114.06579920683085
-398.079429,60.003486,0.0,apCAF,1,571.6007643542753
466.007100,144.150187,0.0,CAF,1,293.5387303423336
-174.657962,92.445054,0.0,apCAF,1,792.3463772702077
-12.205948,295.967501,0.0,CD8_Tcell,1,248.85731122070464
41.211285,-315.158233,0.0,apCAF,1,323.1238046288374
339.474592,-132.129641,0.0,CD4_Tcell,1,118.76312649102067
-70.666331,-75.840341,0.0,CD8_Tcell,1,117.53090678183621
88.814329,224.459359,0.0,CAF,1,952.2026663575175
-35.966713,-273.594465,0.0,apCAF,1,398.3793210084683
77.572225,33.313716,0.0,CD4_Tcell,1,155.31730520124484
-197.835841,443.247231,0.0,CD8_Tcell,1,224.90215803457716
298.747691,345.026630,0.0,apCAF,1,414.36356812290785
-152.985515,341.643870,0.0,CD8_Tcell,1,114.06579920683085
-404.207847,141.871831,0.0,CAF,1,298.3277455844967
73.770435,-241.189128,0.0,apCAF,1,126.9318714159172
117.382100,240.680842,0.0,CD4_Tcell,1,118.76312649102067
-279.549089,-0.729443,0.0,CD4_Tcell,1,193.73524251407773
-420.178465,-57.473257,0.0,CAF,1,105.0459266938708
-296.601820,-282.215542,0.0,CD4_Tcell,1,188.59998211929732
321.709507,-98.294229,0.0,CAF,1,171.84990817838462
-136.525576,113.553090,0.0,CD8_Tcell,1,114.06579920683085
-186.148826,208.796209,0.0,apCAF,1,465.81374676686363
52.188769,58.668739,0.0,CD4_Tcell,1,213.20003718643216
-242.460675,-363.777003,0.0,CD4_Tcell,1,183.6343865174304
104.152983,277.232815,0.0,CD4_Tcell,1,129.31619922125105
-194.493828,293.275183,0.0,CD4_Tcell,1,118.76312649102067
470.145863,-150.005488,0.0,CD8_Tcell,1,114.06579920683085
-172.803522,176.143862,0.0,CAF,1,105.0459266938708
-280.540177,-280.489425,0.0,CAF,1,144.6578003012864
181.321361,-460.881190,0.0,CD8_Tcell,1,114.06579920683085
210.706417,258.010221,0.0,CAF,1,410.7989970447567
127.077618,-136.675412,0.0,CD4_Tcell,1,584.5373075106002
-468.910663,-36.577279,0.0,CAF,1,618.2469059389119
12.970850,-293.440110,0.0,CD8_Tcell,1,127.1457396995323
313.810079,-0.294521,0.0,apCAF,1,430.687011263922
352.838692,62.477106,0.0,CAF,1,105.0459266938708
-85.834817,93.298459,0.0,CAF,1,105.0459266938708
-81.039067,48.068450,0.0,epithelial_tumor_class1,1,452.43426817855067
244.880660,-115.224431,0.0,CD4_Tcell,1,167.7718921222256
-211.563153,275.080526,0.0,CAF,1,363.3531094374171
72.807857,294.100296,0.0,CAF,1,126.83418298800356
329.757736,-267.222340,0.0,CAF,1,267.79113897848265
-301.367332,106.628028,0.0,CAF,1,114.66526918683758
81.693643,-445.885704,0.0,CD4_Tcell,1,201.4952333784125
203.319556,279.595953,0.0,CD4_Tcell,1,151.48565009621322
-84.837821,-377.710990,0.0,CD4_Tcell,1,206.04164297763847
-158.765008,-384.573201,0.0,CD8_Tcell,1,213.26044846603995
149.005315,342.764541,0.0,CAF,1,544.1245684344269
220.313986,391.912983,0.0,CD4_Tcell,1,129.48322111179266
-31.312837,165.254336,0.0,CAF,1,235.8414228094391
-124.985861,-35.668789,0.0,apCAF,1,394.85509293252244
-156.547039,-330.224566,0.0,apCAF,1,506.7706232569303
188.122006,-426.054383,0.0,CD4_Tcell,1,118.76312649102067
-87.946354,-68.045127,0.0,CD4_Tcell,1,118.76312649102067
208.091952,-351.050342,0.0,CD8_Tcell,1,177.1121086871022
-70.135929,299.117186,0.0,apCAF,1,605.109842887684
-89.169867,-117.847122,0.0,CD4_Tcell,1,118.76312649102067
-208.026059,-15.930142,0.0,CD4_Tcell,1,233.31227283691518
-248.126036,-379.143001,0.0,CAF,1,316.84574291119515
-65.402063,-91.951899,0.0,CAF,1,105.0459266938708
308.429873,15.754001,0.0,apCAF,1,313.3078099018811
-193.583487,194.715901,0.0,CD4_Tcell,1,148.19101872370538
-122.907857,-354.431537,0.0,CAF,1,401.50319853938646
-46.542348,-495.470501,0.0,CD4_Tcell,1,118.76312649102067
372.217340,-218.743767,0.0,CAF,1,330.22303299796624
-84.634349,-103.018512,0.0,apCAF,1,299.65758499364745
335.547044,-222.640618,0.0,CD4_Tcell,1,314.98390648600343
-431.698035,-55.881921,0.0,CD4_Tcell,1,252.8002307821431
327.265262,46.622350,0.0,CD4_Tcell,1,134.21208501656218
-408.978910,219.628816,0.0,CAF,1,854.2670440011539
-40.906527,164.277404,0.0,CD4_Tcell,1,167.46315918273322
-344.086805,-257.843266,0.0,CD4_Tcell,1,118.76312649102067
31.823018,157.009023,0.0,CAF,1,333.41004466797165
-339.616022,-38.766061,0.0,apCAF,1,720.9975927861489
166.757350,-358.504589,0.0,CD4_Tcell,1,118.76312649102067
-272.595029,-324.457680,0.0,CAF,1,162.27968776684023
-71.010405,-139.304837,0.0,apCAF,1,706.7251018909116
336.926614,89.833364,0.0,CAF,1,394.6208862710274
-268.836778,-110.773763,0.0,apCAF,1,435.837258183584
-160.067563,280.430319,0.0,apCAF,1,158.01564581876522
-267.853044,-397.646137,0.0,apCAF,1,819.9493443443673
35.758302,460.504379,0.0,CD4_Tcell,1,139.24299992203908
-360.055616,226.194886,0.0,CAF,1,158.01564581876522
-54.088284,-308.238100,0.0,CAF,1,129.619419305994
-117.367072,82.997174,0.0,CD8_Tcell,1,138.16746898170882
-378.087060,-43.737579,0.0,CD8_Tcell,1,290.0178776222015
-258.849156,-142.796903,0.0,apCAF,1,125.93294003567178
-219.287621,-434.645604,0.0,apCAF,1,634.0857728809622
-190.257515,391.145619,0.0,CAF,1,610.3664588945597
-218.932650,180.360172,0.0,CD4_Tcell,1,391.92121324089555
109.250707,463.832651,0.0,CD8_Tcell,1,142.357970925908
53.435191,344.755259,0.0,apCAF,1,257.7920630034869
-394.583707,-257.274255,0.0,CAF,1,178.55730091520627
199.968638,320.409810,0.0,CD8_Tcell,1,131.96195782662335
-334.330583,96.775956,0.0,CD4_Tcell,1,118.76312649102067
251.363739,-194.662943,0.0,CD4_Tcell,1,172.05178544286392
-244.477876,387.132734,0.0,CAF,1,125.97546989509108
6.665972,-189.013644,0.0,apCAF,1,105.77540259023151
393.289260,-232.541088,0.0,apCAF,1,997.002321345379
-351.241604,106.973377,0.0,CD8_Tcell,1,114.06579920683085
-204.490161,-70.885480,0.0,CAF,1,113.00688178609609
321.232774,-230.929727,0.0,CAF,1,105.0459266938708
-280.911309,315.725924,0.0,CD8_Tcell,1,176.0086649514233
-94.195989,152.901431,0.0,CD4_Tcell,1,118.76312649102067
-165.609691,-388.754921,0.0,CD4_Tcell,1,141.39765149430912
17.582330,-262.465653,0.0,CAF,1,339.3158355973768
229.600418,425.244038,0.0,CD4_Tcell,1,287.81984788078574
-167.813013,-376.796494,0.0,CD4_Tcell,1,118.76312649102067
-406.503835,-201.651737,0.0,apCAF,1,105.77540259023151
60.205731,-336.970935,0.0,CAF,1,173.65744506832576
62.385694,-268.386575,0.0,apCAF,1,394.85509293252244
178.725991,437.496156,0.0,CD8_Tcell,1,215.54715671073367
297.379475,-86.637244,0.0,CD4_Tcell,1,118.76312649102067
181.252958,-247.684192,0.0,CD4_Tcell,1,187.0219358268013
233.461449,-438.468750,0.0,apCAF,1,427.37217964807024
471.263053,110.311260,0.0,CD8_Tcell,1,258.12520781940515
-371.888088,97.238395,0.0,CD4_Tcell,1,276.7906999478508
283.501002,208.720279,0.0,CAF,1,259.87400435195224
270.314715,263.866507,0.0,CD4_Tcell,1,568.3262186973992
-346.619086,0.755276,0.0,apCAF,1,1016.7013280180954
98.249264,443.681091,0.0,apCAF,1,274.2210143412576
-72.972159,228.738934,0.0,CD4_Tcell,1,118.76312649102067
-100.292648,64.739997,0.0,apCAF,1,535.00606979545
2.315468,435.710132,0.0,CD8_Tcell,1,147.37320675135007
216.448723,-196.168356,0.0,CD8_Tcell,1,114.06579920683085
254.823745,-138.959424,0.0,apCAF,1,428.4706457577012
-70.033842,-165.862207,0.0,apCAF,1,204.17471560295778
-271.225399,-340.400866,0.0,CD4_Tcell,1,174.79640136962595
186.000922,171.435025,0.0,CD8_Tcell,1,141.10908940910167
311.651845,-144.585469,0.0,CAF,1,217.7713730857749
-200.665352,270.934734,0.0,apCAF,1,136.62871222507442
-93.102902,167.829713,0.0,CD8_Tcell,1,157.32406077383754
342.491494,-338.405923,0.0,apCAF,1,610.0011609713202
-102.206661,-488.749016,0.0,CD4_Tcell,1,200.19328863029094
396.125022,-145.515696,0.0,CD8_Tcell,1,133.09960885943505
343.872292,-314.898962,0.0,CD4_Tcell,1,140.19354969760468
340.469626,-183.152151,0.0,CAF,1,105.0459266938708
256.766664,-329.408333,0.0,CAF,1,115.6381999547325
9.643300,342.879791,0.0,CAF,1,288.27333437899574
-56.410441,360.449362,0.0,CD4_Tcell,1,443.3440583359857
481.001636,-69.647866,0.0,CD8_Tcell,1,205.30865923406793
33.477843,125.013548,0.0,CD4_Tcell,1,306.7288621189591
-258.721602,115.797510,0.0,apCAF,1,508.1397462114786
-67.606888,461.302495,0.0,apCAF,1,267.36943653877427
-204.137882,142.241643,0.0,CAF,1,129.31619922125105
75.463976,-411.559605,0.0,CD8_Tcell,1,269.50255949953356
-370.841322,59.147794,0.0,CAF,1,170.9024554653356
472.117364,-141.646063,0.0,CAF,1,304.6112532909161
148.574806,433.588066,0.0,CD8_Tcell,1,114.06579920683085
231.518819,-55.755956,0.0,CAF,1,403.0844367598963
-186.755718,21.070042,0.0,CAF,1,169.15109499215367
468.945754,-18.059139,0.0,apCAF,1,177.0587333407852
-404.418758,-120.163899,0.0,CAF,1,157.0634778119019
-253.607668,98.224416,0.0,CD4_Tcell,1,118.76312649102067
-240.149774,313.243990,0.0,CAF,1,139.58756410415654
276.057551,-209.003955,0.0,CD4_Tcell,1,193.15292916316602
-349.563581,119.316330,0.0,CAF,1,132.67144045511273
-270.424023,379.975489,0.0,CD8_Tcell,1,262.7499736095483
24.135582,240.702295,0.0,CD4_Tcell,1,334.4691535248311
322.542575,-326.425712,0.0,CAF,1,256.22817068536
-253.793257,-85.434419,0.0,CD4_Tcell,1,118.92297400928321
-13.537309,-475.622451,0.0,CAF,1,158.33388821083156
89.260473,-293.293287,0.0,CD4_Tcell,1,255.11776466127904
-240.090042,232.476222,0.0,CD4_Tcell,1,118.76312649102067
-286.881145,-118.229002,0.0,CD8_Tcell,1,243.32158625587036
55.790581,-121.528359,0.0,CD4_Tcell,1,337.7068343329199
-65.820802,-48.357185,0.0,apCAF,1,270.6644100893254
427.814350,-58.960849,0.0,apCAF,1,149.98582572173285
137.297550,-210.260542,0.0,apCAF,1,455.0010876914942
-197.464513,-290.605262,0.0,CD4_Tcell,1,164.54180455056905
379.027459,-198.817242,0.0,CAF,1,105.0459266938708
-121.732374,-188.025980,0.0,CD4_Tcell,1,262.621043341327
21.116537,134.895489,0.0,CD8_Tcell,1,114.06579920683085
406.720316,183.397792,0.0,CAF,1,105.0459266938708
-99.638621,354.792813,0.0,CD4_Tcell,1,118.76312649102067
-114.267940,89.300074,0.0,CAF,1,232.15952822519384
-288.100071,-52.019152,0.0,CD4_Tcell,1,158.85105642106464
-2.458885,-68.400444,0.0,CAF,1,105.0459266938708
379.440234,-330.905185,0.0,CD8_Tcell,1,213.47629619308628
366.458551,32.768188,0.0,CAF,1,276.31856531312286
254.046179,-26.254956,0.0,CAF,1,105.0459266938708
-188.842258,299.340030,0.0,CD8_Tcell,1,128.13877398375647
-414.946020,40.543124,0.0,CAF,1,132.3697574431294
160.904694,-179.851653,0.0,CD8_Tcell,1,422.425085267134
211.563829,56.238051,0.0,CAF,1,314.0557296553151
-474.361632,-20.120822,0.0,CAF,1,163.66483636714923
-157.285675,-185.162298,0.0,apCAF,1,141.37796432132612
3.034941,-214.190424,0.0,CAF,1,256.8334261440456
222.602607,337.362434,0.0,CD4_Tcell,1,118.76312649102067
-211.105181,-358.919345,0.0,apCAF,1,390.27892484722224
-96.272925,425.744837,0.0,CD4_Tcell,1,304.90691084421667
86.997252,436.074421,0.0,CD8_Tcell,1,325.7038511361096
-480.556480,63.039013,0.0,CD4_Tcell,1,150.41626293861341
1.303550,19.234483,0.0,apCAF,1,626.5312168947324
191.021242,-242.092820,0.0,apCAF,1,244.43532845789224
-124.842916,-423.955258,0.0,CD8_Tcell,1,519.1191343404103
-262.580978,-4.242306,0.0,apCAF,1,312.38293030219484
-496.615885,-95.163916,0.0,CD4_Tcell,1,179.98720809662564
-434.201250,187.096594,0.0,CD8_Tcell,1,268.1831166381381
34.105193,483.940250,0.0,CD8_Tcell,1,366.27894865011046
-163.770391,-250.121994,0.0,apCAF,1,105.77540259023151
-422.700428,78.822472,0.0,apCAF,1,639.2753485760115
-106.690901,69.480845,0.0,CAF,1,105.0459266938708
205.972652,234.276449,0.0,CD4_Tcell,1,118.83528420108357
112.252067,-362.426980,0.0,apCAF,1,368.5239979482449
192.430254,-134.072330,0.0,CD8_Tcell,1,183.61095180759173
280.175723,-269.972993,0.0,CD8_Tcell,1,114.06579920683085
-393.081853,-234.649199,0.0,CD4_Tcell,1,118.76312649102067
-318.137292,-107.980380,0.0,CAF,1,176.62450464710372
318.876815,-121.464323,0.0,apCAF,1,494.27176269229324
-320.947018,-210.656799,0.0,CD4_Tcell,1,136.78913228818132
4.729783,-29.150485,0.0,CD8_Tcell,1,235.0209078071843
336.690040,113.590779,0.0,CAF,1,155.52000540748847
-321.918008,-315.247868,0.0,apCAF,1,477.8744653216261
24.010291,276.690903,0.0,CAF,1,225.78860914696443
114.748951,170.459324,0.0,apCAF,1,274.2210143412576
-280.553910,142.363205,0.0,CAF,1,744.5806748430653
-350.289301,-227.481140,0.0,CD4_Tcell,1,118.76312649102067
418.774422,227.364585,0.0,CAF,1,387.16223758626944
-286.426841,-3.787862,0.0,apCAF,1,124.12523118646381
-21.658733,421.915421,0.0,apCAF,1,1092.8244532799033
166.445123,209.223925,0.0,apCAF,1,283.4362948343685
-66.697827,-369.009442,0.0,CAF,1,257.19508070990696
80.225247,257.741235,0.0,CD8_Tcell,1,114.06579920683085
-283.997977,-360.342115,0.0,CAF,1,148.17070590799608
-47.221261,69.056539,0.0,apCAF,1,144.6578003012864
-367.619760,33.972133,0.0,apCAF,1,417.7324707492071
394.545072,-121.488734,0.0,CAF,1,105.0459266938708
177.139947,-153.577845,0.0,CD4_Tcell,1,133.69300418549352
470.626176,-0.755649,0.0,CD8_Tcell,1,114.06579920683085
71.653634,-157.825036,0.0,CD8_Tcell,1,193.56528039657292
431.230708,208.610716,0.0,epithelial_tumor_class1_class2,1,885.7995091571785
28.828781,-4.811605,0.0,CD4_Tcell,1,239.84195433145277
-151.880460,26.498907,0.0,CAF,1,105.0459266938708
74.215315,-298.407862,0.0,apCAF,1,354.2573979618789
333.115091,-237.547218,0.0,CAF,1,106.63650328016212
19.981087,479.518712,0.0,CD4_Tcell,1,211.85668716225132
363.242875,-66.316255,0.0,apCAF,1,105.77540259023151
-53.744295,475.010808,0.0,apCAF,1,229.9652642480836
-236.291456,247.259454,0.0,CAF,1,125.68402878486924
165.566892,253.965624,0.0,apCAF,1,541.0682984585551
-2.747813,-375.865810,0.0,CD4_Tcell,1,118.76312649102067
-440.108017,-247.046259,0.0,apCAF,1,253.20647533614772
-263.893849,-375.833497,0.0,CD8_Tcell,1,114.06579920683085
-433.993983,151.560867,0.0,CAF,1,105.0459266938708
-418.686233,174.130562,0.0,CD8_Tcell,1,114.06579920683085
122.926489,-467.087101,0.0,CD8_Tcell,1,293.78443499147755
-243.752910,-391.780388,0.0,CD8_Tcell,1,160.35221427707376
-135.545388,429.723441,0.0,CD4_Tcell,1,118.76312649102067
343.512916,-228.145225,0.0,CD4_Tcell,1,239.80462000213885
-337.228857,107.616959,0.0,CD4_Tcell,1,176.3658293949781
186.575973,-263.356456,0.0,CAF,1,294.83288721403795
-319.191368,168.489761,0.0,CD4_Tcell,1,367.8408332065012
-45.787014,-489.143958,0.0,apCAF,1,153.58412298413663
-137.292793,301.554947,0.0,CD4_Tcell,1,135.73267719005622
-115.792729,53.103666,0.0,CAF,1,136.21220714408148
358.312503,134.867978,0.0,CAF,1,199.68069352582373
-231.490637,-174.256885,0.0,CAF,1,135.05049792235528
219.696026,35.011382,0.0,CAF,1,114.92227646857268
422.214338,51.984617,0.0,apCAF,1,404.00874008799605
27.315019,74.752396,0.0,apCAF,1,169.1584906532322
-153.221932,-406.046434,0.0,CD4_Tcell,1,139.69820497321996
444.411409,-12.385501,0.0,CAF,1,147.38669978905565
-432.844644,-202.799889,0.0,CAF,1,180.0565901040659
-378.144645,-7.885559,0.0,CAF,1,196.2149673459828
-354.221244,-126.729987,0.0,CD4_Tcell,1,131.75524203288734
-330.520598,-55.591124,0.0,CAF,1,190.44288775506763
-141.334320,434.038042,0.0,CD4_Tcell,1,141.2467631996958
-92.269138,448.915596,0.0,apCAF,1,537.8475669249717
329.244133,-21.433272,0.0,apCAF,1,114.92227646857268
-122.284560,-68.186039,0.0,CAF,1,344.0547495626466
282.274968,360.695038,0.0,apCAF,1,487.53076078030216
-290.286301,-278.767818,0.0,CAF,1,167.2648881492534
-31.161818,26.574597,0.0,CD8_Tcell,1,155.31031868218687
-285.442181,17.058097,0.0,CD4_Tcell,1,118.76312649102067
303.528413,312.010507,0.0,CD4_Tcell,1,118.76312649102067
178.388549,39.821337,0.0,CD4_Tcell,1,162.92799896475518
12.250618,-96.436466,0.0,CD4_Tcell,1,185.29549341869085
-17.390265,56.083580,0.0,apCAF,1,324.6747597574306
5.360313,-293.516004,0.0,CAF,1,379.5065789200696
-180.327390,-219.297488,0.0,apCAF,1,105.77540259023151
-401.668018,97.056554,0.0,CD4_Tcell,1,127.5803244702923
-196.838990,-140.329171,0.0,CD4_Tcell,1,118.76312649102067
-212.266533,432.090414,0.0,CD8_Tcell,1,114.06579920683085
-39.584522,-286.783565,0.0,CAF,1,121.04049205718577
-256.260223,-370.889854,0.0,CAF,1,312.38293030219484
121.825764,170.660619,0.0,CD4_Tcell,1,118.76312649102067
-501.202227,-2.599814,0.0,apCAF,1,1000.940936281637
-103.772425,145.541156,0.0,CAF,1,212.87228930044256
-405.239564,-192.203144,0.0,apCAF,1,1092.8244532799033
330.672482,-87.613800,0.0,CAF,1,105.0459266938708
-91.448156,-94.993611,0.0,CD8_Tcell,1,114.06579920683085
218.866031,-205.195646,0.0,apCAF,1,739.2500888428268
307.624140,-20.686093,0.0,CD8_Tcell,1,255.84793310797414
227.706142,-94.956756,0.0,CD4_Tcell,1,315.89147907983624
72.767430,-31.320132,0.0,CAF,1,295.2829864129309
388.588633,32.811050,0.0,CD4_Tcell,1,159.41199906665076
-128.752134,197.445408,0.0,apCAF,1,729.5468056914552
-12.985997,-251.746127,0.0,CAF,1,194.27005682420787
-115.327077,354.239120,0.0,CAF,1,358.1698400431612
267.206590,273.635814,0.0,CAF,1,186.2874849805699
213.021588,224.570283,0.0,CD4_Tcell,1,118.76312649102067
149.305817,-257.253382,0.0,CAF,1,105.0459266938708
-165.822284,-382.518086,0.0,CD8_Tcell,1,114.06579920683085
392.421733,301.851114,0.0,CD4_Tcell,1,244.8798823335991
77.362385,176.307425,0.0,CAF,1,143.90616570483627
498.491422,-19.026510,0.0,CD8_Tcell,1,123.96285021757471
-191.290151,152.133813,0.0,CD4_Tcell,1,206.159757093251
-108.400970,403.276287,0.0,apCAF,1,634.8356208284749
-163.553609,360.678411,0.0,CD4_Tcell,1,118.76312649102067
239.439367,265.231396,0.0,CD4_Tcell,1,118.76312649102067
-431.138940,-149.644586,0.0,CAF,1,105.0459266938708
-346.518751,150.538507,0.0,CAF,1,334.34101037640795
-333.947957,-143.778938,0.0,CAF,1,280.2142383796736
-314.632671,323.712011,0.0,CD4_Tcell,1,289.98609600209284
210.128025,-19.570058,0.0,CD8_Tcell,1,114.06579920683085
-135.164491,-460.971032,0.0,apCAF,1,403.58602629536284
197.821365,136.081066,0.0,CD4_Tcell,1,141.16152601374955
-280.130384,425.731806,0.0,CD4_Tcell,1,192.11253802484214
326.802965,290.833442,0.0,CAF,1,105.0459266938708
-466.817051,-14.299609,0.0,CD8_Tcell,1,937.1409682787952
-244.032369,114.189593,0.0,CAF,1,171.89475613818934
-187.644286,282.273580,0.0,CD4_Tcell,1,118.76312649102067
-341.014146,-94.909526,0.0,CAF,1,105.0459266938708
-67.613469,286.202177,0.0,CD4_Tcell,1,260.15966675252974
342.812546,172.026748,0.0,CD8_Tcell,1,138.54909920873763
344.128481,351.738610,0.0,apCAF,1,105.77540259023151
-13.660849,262.582450,0.0,CD4_Tcell,1,118.76312649102067
-174.135277,-343.361716,0.0,apCAF,1,105.77540259023151
127.486571,-262.018576,0.0,CAF,1,494.3322283845011
-55.381220,-288.819430,0.0,CAF,1,297.5942415129878
-20.621579,270.572563,0.0,CD4_Tcell,1,118.76312649102067
-471.889319,129.789598,0.0,CAF,1,105.0459266938708
233.378051,366.866815,0.0,apCAF,1,549.0222906918165
90.447743,-193.476830,0.0,CD4_Tcell,1,295.69061353905613
-145.339487,115.535258,0.0,apCAF,1,744.5806748430653
0.901519,-202.196276,0.0,CAF,1,121.33656475049168
-66.217879,453.353309,0.0,CD4_Tcell,1,283.04001176129583
424.808535,-264.016569,0.0,apCAF,1,328.58535671379764
207.278753,29.409917,0.0,CAF,1,105.0459266938708
-360.215433,187.621809,0.0,CAF,1,126.9318714159172
95.632297,317.695972,0.0,CD4_Tcell,1,128.13877398375647
174.773367,-355.435456,0.0,CAF,1,455.0010876914942
-355.411822,156.480425,0.0,apCAF,1,1092.8244532799033
204.330485,-341.205258,0.0,CAF,1,123.91476454945791
-223.502841,-226.377419,0.0,CD4_Tcell,1,118.76312649102067
-167.564775,-231.447781,0.0,CAF,1,105.0459266938708
153.416411,-274.689001,0.0,apCAF,1,854.2670440011539
249.328291,-76.357803,0.0,apCAF,1,225.78860914696443
440.425956,-244.637692,0.0,apCAF,1,402.490986842028
63.245578,-135.351191,0.0,CD8_Tcell,1,207.83506489558576
85.021581,198.762049,0.0,apCAF,1,257.19508070990696
82.888348,-409.862600,0.0,CD8_Tcell,1,135.4582549653009
-27.601069,-506.359382,0.0,CD4_Tcell,1,246.1787843461276
-305.698257,180.209674,0.0,CAF,1,105.0459266938708
-153.656869,109.437511,0.0,CD4_Tcell,1,352.6376710081748
-113.591204,-453.081479,0.0,CAF,1,695.9220924165536
-154.491560,-89.687355,0.0,CAF,1,151.9809181506932
-401.814665,157.357581,0.0,CD4_Tcell,1,118.76312649102067
-132.746729,12.538102,0.0,apCAF,1,669.656513404081
-285.027479,-20.569637,0.0,CAF,1,222.52299948155866
27.307671,310.772010,0.0,CAF,1,164.15729343463354
128.391403,-101.390304,0.0,CAF,1,105.0459266938708
-173.127659,-445.570370,0.0,CD4_Tcell,1,315.90269456011544
-328.629409,341.756584,0.0,CD8_Tcell,1,149.49490390387342
290.177779,-14.333296,0.0,CAF,1,149.50171491594142
-184.873553,-125.078908,0.0,CD4_Tcell,1,155.58994290044086
50.247682,-420.924649,0.0,CD4_Tcell,1,135.62414042703566
-126.446899,-363.294314,0.0,CD4_Tcell,1,513.1602941144625
137.072619,88.769542,0.0,apCAF,1,1092.8244532799033
23.945891,-284.486852,0.0,CD4_Tcell,1,142.357970925908
-236.910416,-356.643996,0.0,apCAF,1,701.4433440226019
-219.157307,162.005437,0.0,CAF,1,210.13416741895963
199.681725,404.532874,0.0,CD4_Tcell,1,159.11361227819847
-254.955684,217.092477,0.0,CD8_Tcell,1,286.1996354219118
109.242175,-98.832088,0.0,CD8_Tcell,1,214.7050748501269
150.333421,305.703809,0.0,CAF,1,179.3328124504317
-100.610367,269.583686,0.0,CAF,1,105.0459266938708
-259.297076,-293.659157,0.0,apCAF,1,535.00606979545
155.335044,381.244909,0.0,CAF,1,253.20647533614772
116.555399,296.661014,0.0,apCAF,1,1092.8244532799033
-128.566653,-25.454721,0.0,apCAF,1,427.90744704565
150.558131,-285.312480,0.0,apCAF,1,560.5644129977587
427.297223,225.822002,0.0,CD8_Tcell,1,114.06579920683085
160.091780,262.787069,0.0,apCAF,1,227.80290772664202
-111.658172,301.967847,0.0,CAF,1,299.65758499364745
85.233250,-488.273447,0.0,CAF,1,106.40286585996517
-181.651393,-70.588936,0.0,CD8_Tcell,1,152.16002988895517
-269.813056,-231.259127,0.0,CAF,1,252.64558532116536
-349.414195,-164.847758,0.0,CD4_Tcell,1,220.1518631461988
-113.140857,119.951992,0.0,CD4_Tcell,1,303.8346956713104
-366.756125,245.140031,0.0,CD4_Tcell,1,118.76312649102067
260.181699,270.158684,0.0,CAF,1,187.4255175297658
377.812202,295.828278,0.0,CAF,1,305.8279576739363
121.083702,280.533887,0.0,CAF,1,105.0459266938708
-315.910970,177.260186,0.0,CD8_Tcell,1,498.51628074520283
-127.169690,22.609176,0.0,CD8_Tcell,1,114.06579920683085
231.254213,63.977229,0.0,apCAF,1,392.2450401185022
-236.306692,-326.393133,0.0,apCAF,1,615.8809442573835
230.791950,289.074346,0.0,CD8_Tcell,1,114.06579920683085
-9.398995,-200.273304,0.0,CD8_Tcell,1,210.52754887729853
-17.884780,-332.652895,0.0,CD4_Tcell,1,176.31260409653297
223.504482,-27.506088,0.0,apCAF,1,256.8334261440456
150.541821,62.963437,0.0,CD4_Tcell,1,118.76312649102067
305.161618,-322.588441,0.0,CD4_Tcell,1,173.627341501121
-82.503040,469.617586,0.0,epithelial_tumor_class1,1,3639.3793546800707
296.735653,194.666701,0.0,apCAF,1,1092.8244532799033
69.810300,-257.616073,0.0,CAF,1,325.64662242597035
15.906429,351.102825,0.0,CAF,1,397.2545228727966
276.928914,-185.597870,0.0,CD4_Tcell,1,118.76312649102067
-35.056744,359.848922,0.0,CAF,1,208.07270705720876
-190.438182,94.690515,0.0,CD4_Tcell,1,118.76312649102067
-377.185977,-301.020791,0.0,CD4_Tcell,1,118.76312649102067
-190.902990,-141.022559,0.0,CAF,1,105.0459266938708
-217.628555,386.953510,0.0,apCAF,1,197.63085901724747
-1.040872,254.645432,0.0,apCAF,1,281.71827241386234
-193.199046,305.825921,0.0,CD8_Tcell,1,114.06579920683085
-176.096928,111.446738,0.0,apCAF,1,272.01227402024466
421.584741,164.327868,0.0,CD8_Tcell,1,156.85943837841938
369.853016,-167.551353,0.0,apCAF,1,297.74515865746383
-64.299791,3.207152,0.0,CAF,1,105.0459266938708
-61.853616,246.006951,0.0,CD4_Tcell,1,138.47142264586228
139.011225,-402.371757,0.0,CAF,1,528.3727243580213
-175.012016,229.869942,0.0,CAF,1,126.11527827863634
159.066579,-163.631062,0.0,apCAF,1,667.401094861404
-373.803886,-218.637677,0.0,CAF,1,394.7900262338278
-230.327869,-99.006213,0.0,CD4_Tcell,1,134.71344418891925
49.923793,-198.805408,0.0,apCAF,1,126.9318714159172
-443.889977,60.818865,0.0,CD4_Tcell,1,291.1210765714624
374.551723,316.918776,0.0,apCAF,1,149.50171491594142
471.770391,-96.389868,0.0,CD4_Tcell,1,248.8286127365513
4.039896,332.235266,0.0,CAF,1,105.0459266938708
-358.120533,16.803409,0.0,CD4_Tcell,1,187.2750957732781
201.877594,-383.817592,0.0,apCAF,1,781.3415340071072
-279.388550,-169.223510,0.0,CD4_Tcell,1,128.60641831094748
-69.206767,134.070452,0.0,CAF,1,136.34027226612986
-244.783312,227.594517,0.0,CD8_Tcell,1,216.0691326474285
-175.542332,-75.608776,0.0,CAF,1,374.63518322309477
62.886513,-310.429705,0.0,apCAF,1,464.33326919972683
227.040701,358.792223,0.0,CAF,1,280.8670558461613
-11.434838,-356.122698,0.0,CD4_Tcell,1,118.76312649102067
65.711490,327.449042,0.0,apCAF,1,1012.526386223884
371.738160,-196.958324,0.0,apCAF,1,406.51141466283303
106.149756,-117.697436,0.0,CAF,1,358.3649947278095
-134.795371,-37.593967,0.0,CAF,1,400.8192815524381
-297.104837,-346.552351,0.0,apCAF,1,618.2469059389119
-11.114075,351.076696,0.0,CD4_Tcell,1,162.21495139998225
489.473416,-97.753569,0.0,CD4_Tcell,1,135.01867641025186
-61.267625,350.791387,0.0,CD8_Tcell,1,366.2541925453132
431.098586,-159.931539,0.0,CD4_Tcell,1,126.62676152450699
-464.973357,-194.624807,0.0,CAF,1,105.0459266938708
-453.693955,-148.575379,0.0,CD8_Tcell,1,192.0642388786852
241.433833,-374.579696,0.0,CAF,1,105.0459266938708
2.436235,0.519817,0.0,CD4_Tcell,1,118.76312649102067
283.134168,247.005421,0.0,CD4_Tcell,1,291.92902719579257
-28.163109,227.753322,0.0,CD8_Tcell,1,114.06579920683085
20.777896,447.021569,0.0,CAF,1,145.47892112324095
-77.628711,-428.184706,0.0,CAF,1,105.0459266938708
6.836782,493.198209,0.0,CAF,1,105.0459266938708
279.415636,-35.085965,0.0,CD8_Tcell,1,114.06579920683085
28.852927,-189.715177,0.0,CAF,1,146.63235722799544
168.157460,336.959535,0.0,CD4_Tcell,1,118.76312649102067
28.079506,-413.391212,0.0,CD8_Tcell,1,169.8694782583527
140.066680,149.052967,0.0,CAF,1,201.1712950225238
40.970691,372.041917,0.0,epithelial_tumor_class1_class2,1,4192.875602702746
-67.784370,-323.858994,0.0,CD4_Tcell,1,171.19303403350202
257.290732,-281.127574,0.0,CD4_Tcell,1,118.76312649102067
-196.825486,-55.002911,0.0,CAF,1,105.0459266938708
-253.648906,-238.529856,0.0,CAF,1,137.65112451203558
-324.476183,-88.581158,0.0,CD4_Tcell,1,577.7345567722489
-459.090451,86.629233,0.0,CD4_Tcell,1,118.76312649102067
92.781596,-244.589347,0.0,CD8_Tcell,1,114.06579920683085
182.893050,-448.589544,0.0,CAF,1,826.448308332993
-67.978677,-300.006920,0.0,apCAF,1,744.5806748430653
-116.844764,232.490547,0.0,CD4_Tcell,1,151.27274147605166
-171.842369,-3.581462,0.0,CD8_Tcell,1,437.38194002925104
-113.786152,-367.057125,0.0,CAF,1,192.91064339476085
135.536229,-270.819629,0.0,CD8_Tcell,1,181.32400910280975
307.730111,-69.864904,0.0,CD4_Tcell,1,118.76312649102067
283.496830,-88.262527,0.0,CAF,1,266.19702894481725
-9.689993,-334.698718,0.0,apCAF,1,513.5013365003878
-144.291420,-387.629318,0.0,CAF,1,105.0459266938708
400.885292,300.489104,0.0,CAF,1,432.4407069341937
-151.972626,-384.184748,0.0,CD4_Tcell,1,124.22754376985313
-491.693294,117.126688,0.0,CAF,1,105.0459266938708
-203.265352,-339.667003,0.0,apCAF,1,281.71827241386234
-281.282411,353.820295,0.0,apCAF,1,946.8767162703275
332.555200,5.058143,0.0,CD8_Tcell,1,114.06579920683085
-25.634565,-208.561976,0.0,CAF,1,324.6747597574306
-18.847099,48.637208,0.0,CAF,1,105.0459266938708
-28.564666,241.079404,0.0,CD4_Tcell,1,118.76312649102067
-245.766626,-84.809663,0.0,CD4_Tcell,1,118.76312649102067
-221.404657,-286.017271,0.0,apCAF,1,975.7028915056706
-28.652815,-364.813952,0.0,CAF,1,165.80838244026802
-344.369295,23.643737,0.0,CAF,1,106.33772568132798
143.871689,69.346855,0.0,CD8_Tcell,1,114.06579920683085
-51.921806,-359.089844,0.0,CD4_Tcell,1,146.04817417526382
456.230014,20.590768,0.0,CAF,1,271.0794411514349
340.754121,-147.932119,0.0,CAF,1,120.07275493998714
120.504242,-286.803939,0.0,CD4_Tcell,1,303.57249609942585
180.283389,31.454908,0.0,CD4_Tcell,1,118.76312649102067
56.521043,-135.390503,0.0,CD4_Tcell,1,118.76312649102067
-275.851518,170.388587,0.0,CAF,1,105.0459266938708
48.637913,-482.111679,0.0,CD4_Tcell,1,118.76312649102067
-279.694342,-85.753013,0.0,CD4_Tcell,1,118.76312649102067
-471.810625,-184.510422,0.0,apCAF,1,242.96364501600402
328.513718,194.790112,0.0,CD8_Tcell,1,317.03682599959086
-247.364792,23.781579,0.0,CD4_Tcell,1,118.76312649102067
9.705854,437.437076,0.0,CAF,1,215.912451486281
