x,y,z,ecm
-790,-790,0,6.394113475177305
-770,-790,0,6.394113475177305
-750,-790,0,6.394113475177305
-730,-790,0,6.394113475177305
-710,-790,0,6.394113475177305
-690,-790,0,6.394113475177305
-670,-790,0,6.394113475177305
-650,-790,0,6.394113475177305
-630,-790,0,6.394113475177305
-610,-790,0,6.394113475177305
-590,-790,0,6.394113475177305
-570,-790,0,6.394113475177305
-550,-790,0,6.394113475177305
-530,-790,0,6.394113475177305
-510,-790,0,6.394113475177305
-490,-790,0,6.394113475177305
-470,-790,0,6.394113475177305
-450,-790,0,6.394113475177305
-430,-790,0,6.394113475177305
-410,-790,0,6.394113475177305
-390,-790,0,6.394113475177305
-370,-790,0,6.394113475177305
-350,-790,0,6.394113475177305
-330,-790,0,6.394113475177305
-310,-790,0,6.394113475177305
-290,-790,0,6.394113475177305
-270,-790,0,6.394113475177305
-250,-790,0,6.394113475177305
-230,-790,0,6.394113475177305
-210,-790,0,6.394113475177305
-190,-790,0,6.394113475177305
-170,-790,0,6.394113475177305
-150,-790,0,6.394113475177305
-130,-790,0,6.394113475177305
-110,-790,0,6.394113475177305
-90,-790,0,6.394113475177305
-70,-790,0,6.394113475177305
-50,-790,0,6.394113475177305
-30,-790,0,6.394113475177305
-10,-790,0,6.394113475177305
10,-790,0,6.394113475177305
30,-790,0,6.394113475177305
50,-790,0,6.394113475177305
70,-790,0,6.394113475177305
90,-790,0,6.394113475177305
110,-790,0,6.394113475177305
130,-790,0,6.394113475177305
150,-790,0,6.394113475177305
170,-790,0,6.394113475177305
190,-790,0,6.394113475177305
210,-790,0,6.394113475177305
230,-790,0,6.394113475177305
250,-790,0,6.394113475177305
270,-790,0,6.394113475177305
290,-790,0,6.394113475177305
310,-790,0,6.394113475177305
330,-790,0,6.394113475177305
350,-790,0,6.394113475177305
370,-790,0,6.394113475177305
390,-790,0,6.394113475177305
410,-790,0,6.394113475177305
430,-790,0,6.394113475177305
450,-790,0,6.394113475177305
470,-790,0,6.394113475177305
490,-790,0,6.394113475177305
510,-790,0,6.394113475177305
530,-790,0,6.394113475177305
550,-790,0,6.394113475177305
570,-790,0,6.394113475177305
590,-790,0,6.394113475177305
610,-790,0,6.394113475177305
630,-790,0,6.394113475177305
650,-790,0,6.394113475177305
670,-790,0,6.394113475177305
690,-790,0,6.394113475177305
710,-790,0,6.394113475177305
730,-790,0,6.394113475177305
750,-790,0,6.394113475177305
770,-790,0,6.394113475177305
790,-790,0,6.394113475177305
-790,-770,0,6.394113475177305
-770,-770,0,6.394113475177305
-750,-770,0,6.394113475177305
-730,-770,0,6.394113475177305
-710,-770,0,6.394113475177305
-690,-770,0,6.394113475177305
-670,-770,0,6.394113475177305
-650,-770,0,6.394113475177305
-630,-770,0,6.394113475177305
-610,-770,0,6.394113475177305
-590,-770,0,6.394113475177305
-570,-770,0,6.394113475177305
-550,-770,0,6.394113475177305
-530,-770,0,6.394113475177305
-510,-770,0,6.394113475177305
-490,-770,0,6.394113475177305
-470,-770,0,6.394113475177305
-450,-770,0,6.394113475177305
-430,-770,0,6.394113475177305
-410,-770,0,6.394113475177305
-390,-770,0,6.394113475177305
-370,-770,0,6.394113475177305
-350,-770,0,6.394113475177305
-330,-770,0,6.394113475177305
-310,-770,0,6.394113475177305
-290,-770,0,6.394113475177305
-270,-770,0,6.394113475177305
-250,-770,0,6.394113475177305
-230,-770,0,6.394113475177305
-210,-770,0,6.394113475177305
-190,-770,0,6.394113475177305
-170,-770,0,6.394113475177305
-150,-770,0,6.394113475177305
-130,-770,0,6.394113475177305
-110,-770,0,6.394113475177305
-90,-770,0,6.394113475177305
-70,-770,0,6.394113475177305
-50,-770,0,6.394113475177305
-30,-770,0,6.394113475177305
-10,-770,0,6.394113475177305
10,-770,0,6.394113475177305
30,-770,0,6.394113475177305
50,-770,0,6.394113475177305
70,-770,0,6.394113475177305
90,-770,0,6.394113475177305
110,-770,0,6.394113475177305
130,-770,0,6.394113475177305
150,-770,0,6.394113475177305
170,-770,0,6.394113475177305
190,-770,0,6.394113475177305
210,-770,0,6.394113475177305
230,-770,0,6.394113475177305
250,-770,0,6.394113475177305
270,-770,0,6.394113475177305
290,-770,0,6.394113475177305
310,-770,0,6.394113475177305
330,-770,0,6.394113475177305
350,-770,0,6.394113475177305
370,-770,0,6.394113475177305
390,-770,0,6.394113475177305
410,-770,0,6.394113475177305
430,-770,0,6.394113475177305
450,-770,0,6.394113475177305
470,-770,0,6.394113475177305
490,-770,0,6.394113475177305
510,-770,0,6.394113475177305
530,-770,0,6.394113475177305
550,-770,0,6.394113475177305
570,-770,0,6.394113475177305
590,-770,0,6.394113475177305
610,-770,0,6.394113475177305
630,-770,0,6.394113475177305
650,-770,0,6.394113475177305
670,-770,0,6.394113475177305
690,-770,0,6.394113475177305
710,-770,0,6.394113475177305
730,-770,0,6.394113475177305
750,-770,0,6.394113475177305
770,-770,0,6.394113475177305
790,-770,0,6.394113475177305
-790,-750,0,6.394113475177305
-770,-750,0,6.394113475177305
-750,-750,0,6.394113475177305
-730,-750,0,6.394113475177305
-710,-750,0,6.394113475177305
-690,-750,0,6.394113475177305
-670,-750,0,6.394113475177305
-650,-750,0,6.394113475177305
-630,-750,0,6.394113475177305
-610,-750,0,6.394113475177305
-590,-750,0,6.394113475177305
-570,-750,0,6.394113475177305
-550,-750,0,6.394113475177305
-530,-750,0,6.394113475177305
-510,-750,0,6.394113475177305
-490,-750,0,6.394113475177305
-470,-750,0,6.394113475177305
-450,-750,0,6.394113475177305
-430,-750,0,6.394113475177305
-410,-750,0,6.394113475177305
-390,-750,0,6.394113475177305
-370,-750,0,6.394113475177305
-350,-750,0,6.394113475177305
-330,-750,0,6.394113475177305
-310,-750,0,6.394113475177305
-290,-750,0,6.394113475177305
-270,-750,0,6.394113475177305
-250,-750,0,6.394113475177305
-230,-750,0,6.394113475177305
-210,-750,0,6.394113475177305
-190,-750,0,6.394113475177305
-170,-750,0,6.394113475177305
-150,-750,0,6.394113475177305
-130,-750,0,6.394113475177305
-110,-750,0,6.394113475177305
-90,-750,0,6.394113475177305
-70,-750,0,6.394113475177305
-50,-750,0,6.394113475177305
-30,-750,0,6.394113475177305
-10,-750,0,6.394113475177305
10,-750,0,6.394113475177305
30,-750,0,6.394113475177305
50,-750,0,6.394113475177305
70,-750,0,6.394113475177305
90,-750,0,6.394113475177305
110,-750,0,6.394113475177305
130,-750,0,6.394113475177305
150,-750,0,6.394113475177305
170,-750,0,6.394113475177305
190,-750,0,6.394113475177305
210,-750,0,6.394113475177305
230,-750,0,6.394113475177305
250,-750,0,6.394113475177305
270,-750,0,6.394113475177305
290,-750,0,6.394113475177305
310,-750,0,6.394113475177305
330,-750,0,6.394113475177305
350,-750,0,6.394113475177305
370,-750,0,6.394113475177305
390,-750,0,6.394113475177305
410,-750,0,6.394113475177305
430,-750,0,6.394113475177305
450,-750,0,6.394113475177305
470,-750,0,6.394113475177305
490,-750,0,6.394113475177305
510,-750,0,6.394113475177305
530,-750,0,6.394113475177305
550,-750,0,6.394113475177305
570,-750,0,6.394113475177305
590,-750,0,6.394113475177305
610,-750,0,6.394113475177305
630,-750,0,6.394113475177305
650,-750,0,6.394113475177305
670,-750,0,6.394113475177305
690,-750,0,6.394113475177305
710,-750,0,6.394113475177305
730,-750,0,6.394113475177305
750,-750,0,6.394113475177305
770,-750,0,6.394113475177305
790,-750,0,6.394113475177305
-790,-730,0,6.394113475177305
-770,-730,0,6.394113475177305
-750,-730,0,6.394113475177305
-730,-730,0,6.394113475177305
-710,-730,0,6.394113475177305
-690,-730,0,6.394113475177305
-670,-730,0,6.394113475177305
-650,-730,0,6.394113475177305
-630,-730,0,6.394113475177305
-610,-730,0,6.394113475177305
-590,-730,0,6.394113475177305
-570,-730,0,6.394113475177305
-550,-730,0,6.394113475177305
-530,-730,0,6.394113475177305
-510,-730,0,6.394113475177305
-490,-730,0,6.394113475177305
-470,-730,0,6.394113475177305
-450,-730,0,6.394113475177305
-430,-730,0,6.394113475177305
-410,-730,0,6.394113475177305
-390,-730,0,6.394113475177305
-370,-730,0,6.394113475177305
-350,-730,0,6.394113475177305
-330,-730,0,6.394113475177305
-310,-730,0,6.394113475177305
-290,-730,0,6.394113475177305
-270,-730,0,6.394113475177305
-250,-730,0,6.394113475177305
-230,-730,0,6.394113475177305
-210,-730,0,6.394113475177305
-190,-730,0,6.394113475177305
-170,-730,0,6.394113475177305
-150,-730,0,6.394113475177305
-130,-730,0,6.394113475177305
-110,-730,0,6.394113475177305
-90,-730,0,6.394113475177305
-70,-730,0,6.394113475177305
-50,-730,0,6.394113475177305
-30,-730,0,6.394113475177305
-10,-730,0,6.394113475177305
10,-730,0,6.394113475177305
30,-730,0,6.394113475177305
50,-730,0,6.394113475177305
70,-730,0,6.394113475177305
90,-730,0,6.394113475177305
110,-730,0,6.394113475177305
130,-730,0,6.394113475177305
150,-730,0,6.394113475177305
170,-730,0,6.394113475177305
190,-730,0,6.394113475177305
210,-730,0,6.394113475177305
230,-730,0,6.394113475177305
250,-730,0,6.394113475177305
270,-730,0,6.394113475177305
290,-730,0,6.394113475177305
310,-730,0,6.394113475177305
330,-730,0,6.394113475177305
350,-730,0,6.394113475177305
370,-730,0,6.394113475177305
390,-730,0,6.394113475177305
410,-730,0,6.394113475177305
430,-730,0,6.394113475177305
450,-730,0,6.394113475177305
470,-730,0,6.394113475177305
490,-730,0,6.394113475177305
510,-730,0,6.394113475177305
530,-730,0,6.394113475177305
550,-730,0,6.394113475177305
570,-730,0,6.394113475177305
590,-730,0,6.394113475177305
610,-730,0,6.394113475177305
630,-730,0,6.394113475177305
650,-730,0,6.394113475177305
670,-730,0,6.394113475177305
690,-730,0,6.394113475177305
710,-730,0,6.394113475177305
730,-730,0,6.394113475177305
750,-730,0,6.394113475177305
770,-730,0,6.394113475177305
790,-730,0,6.394113475177305
-790,-710,0,6.394113475177305
-770,-710,0,6.394113475177305
-750,-710,0,6.394113475177305
-730,-710,0,6.394113475177305
-710,-710,0,6.394113475177305
-690,-710,0,6.394113475177305
-670,-710,0,6.394113475177305
-650,-710,0,6.394113475177305
-630,-710,0,6.394113475177305
-610,-710,0,6.394113475177305
-590,-710,0,6.394113475177305
-570,-710,0,6.394113475177305
-550,-710,0,6.394113475177305
-530,-710,0,6.394113475177305
-510,-710,0,6.394113475177305
-490,-710,0,6.394113475177305
-470,-710,0,6.394113475177305
-450,-710,0,6.394113475177305
-430,-710,0,6.394113475177305
-410,-710,0,6.394113475177305
-390,-710,0,6.394113475177305
-370,-710,0,6.394113475177305
-350,-710,0,6.394113475177305
-330,-710,0,6.394113475177305
-310,-710,0,6.394113475177305
-290,-710,0,6.394113475177305
-270,-710,0,6.394113475177305
-250,-710,0,6.394113475177305
-230,-710,0,6.394113475177305
-210,-710,0,6.394113475177305
-190,-710,0,6.394113475177305
-170,-710,0,6.394113475177305
-150,-710,0,6.394113475177305
-130,-710,0,6.394113475177305
-110,-710,0,6.394113475177305
-90,-710,0,6.394113475177305
-70,-710,0,6.394113475177305
-50,-710,0,6.394113475177305
-30,-710,0,6.394113475177305
-10,-710,0,6.394113475177305
10,-710,0,6.394113475177305
30,-710,0,6.394113475177305
50,-710,0,6.394113475177305
70,-710,0,6.394113475177305
90,-710,0,6.394113475177305
110,-710,0,6.394113475177305
130,-710,0,6.394113475177305
150,-710,0,6.394113475177305
170,-710,0,6.394113475177305
190,-710,0,6.394113475177305
210,-710,0,6.394113475177305
230,-710,0,6.394113475177305
250,-710,0,6.394113475177305
270,-710,0,6.394113475177305
290,-710,0,6.394113475177305
310,-710,0,6.394113475177305
330,-710,0,6.394113475177305
350,-710,0,6.394113475177305
370,-710,0,6.394113475177305
390,-710,0,6.394113475177305
410,-710,0,6.394113475177305
430,-710,0,6.394113475177305
450,-710,0,6.394113475177305
470,-710,0,6.394113475177305
490,-710,0,6.394113475177305
510,-710,0,6.394113475177305
530,-710,0,6.394113475177305
550,-710,0,6.394113475177305
570,-710,0,6.394113475177305
590,-710,0,6.394113475177305
610,-710,0,6.394113475177305
630,-710,0,6.394113475177305
650,-710,0,6.394113475177305
670,-710,0,6.394113475177305
690,-710,0,6.394113475177305
710,-710,0,6.394113475177305
730,-710,0,6.394113475177305
750,-710,0,6.394113475177305
770,-710,0,6.394113475177305
790,-710,0,6.394113475177305
-790,-690,0,6.394113475177305
-770,-690,0,6.394113475177305
-750,-690,0,6.394113475177305
-730,-690,0,6.394113475177305
-710,-690,0,6.394113475177305
-690,-690,0,6.394113475177305
-670,-690,0,6.394113475177305
-650,-690,0,6.394113475177305
-630,-690,0,6.394113475177305
-610,-690,0,6.394113475177305
-590,-690,0,6.394113475177305
-570,-690,0,6.394113475177305
-550,-690,0,6.394113475177305
-530,-690,0,6.394113475177305
-510,-690,0,6.394113475177305
-490,-690,0,6.394113475177305
-470,-690,0,6.394113475177305
-450,-690,0,6.394113475177305
-430,-690,0,6.394113475177305
-410,-690,0,6.394113475177305
-390,-690,0,6.394113475177305
-370,-690,0,6.394113475177305
-350,-690,0,6.394113475177305
-330,-690,0,6.394113475177305
-310,-690,0,6.394113475177305
-290,-690,0,6.394113475177305
-270,-690,0,6.394113475177305
-250,-690,0,6.394113475177305
-230,-690,0,6.394113475177305
-210,-690,0,6.394113475177305
-190,-690,0,6.394113475177305
-170,-690,0,6.394113475177305
-150,-690,0,6.394113475177305
-130,-690,0,6.394113475177305
-110,-690,0,6.394113475177305
-90,-690,0,6.394113475177305
-70,-690,0,6.394113475177305
-50,-690,0,6.394113475177305
-30,-690,0,6.394113475177305
-10,-690,0,6.394113475177305
10,-690,0,6.394113475177305
30,-690,0,6.394113475177305
50,-690,0,6.394113475177305
70,-690,0,6.394113475177305
90,-690,0,6.394113475177305
110,-690,0,6.394113475177305
130,-690,0,6.394113475177305
150,-690,0,6.394113475177305
170,-690,0,6.394113475177305
190,-690,0,6.394113475177305
210,-690,0,6.394113475177305
230,-690,0,6.394113475177305
250,-690,0,6.394113475177305
270,-690,0,6.394113475177305
290,-690,0,6.394113475177305
310,-690,0,6.394113475177305
330,-690,0,6.394113475177305
350,-690,0,6.394113475177305
370,-690,0,6.394113475177305
390,-690,0,6.394113475177305
410,-690,0,6.394113475177305
430,-690,0,6.394113475177305
450,-690,0,6.394113475177305
470,-690,0,6.394113475177305
490,-690,0,6.394113475177305
510,-690,0,6.394113475177305
530,-690,0,6.394113475177305
550,-690,0,6.394113475177305
570,-690,0,6.394113475177305
590,-690,0,6.394113475177305
610,-690,0,6.394113475177305
630,-690,0,6.394113475177305
650,-690,0,6.394113475177305
670,-690,0,6.394113475177305
690,-690,0,6.394113475177305
710,-690,0,6.394113475177305
730,-690,0,6.394113475177305
750,-690,0,6.394113475177305
770,-690,0,6.394113475177305
790,-690,0,6.394113475177305
-790,-670,0,6.394113475177305
-770,-670,0,6.394113475177305
-750,-670,0,6.394113475177305
-730,-670,0,6.394113475177305
-710,-670,0,6.394113475177305
-690,-670,0,6.394113475177305
-670,-670,0,6.394113475177305
-650,-670,0,6.394113475177305
-630,-670,0,6.394113475177305
-610,-670,0,6.394113475177305
-590,-670,0,6.394113475177305
-570,-670,0,6.394113475177305
-550,-670,0,6.394113475177305
-530,-670,0,6.394113475177305
-510,-670,0,6.394113475177305
-490,-670,0,6.394113475177305
-470,-670,0,6.394113475177305
-450,-670,0,6.394113475177305
-430,-670,0,6.394113475177305
-410,-670,0,6.394113475177305
-390,-670,0,6.394113475177305
-370,-670,0,6.394113475177305
-350,-670,0,6.394113475177305
-330,-670,0,6.394113475177305
-310,-670,0,6.394113475177305
-290,-670,0,6.394113475177305
-270,-670,0,6.394113475177305
-250,-670,0,6.394113475177305
-230,-670,0,6.394113475177305
-210,-670,0,6.394113475177305
-190,-670,0,6.394113475177305
-170,-670,0,6.394113475177305
-150,-670,0,6.394113475177305
-130,-670,0,6.394113475177305
-110,-670,0,6.394113475177305
-90,-670,0,6.394113475177305
-70,-670,0,6.394113475177305
-50,-670,0,6.394113475177305
-30,-670,0,6.394113475177305
-10,-670,0,6.394113475177305
10,-670,0,6.394113475177305
30,-670,0,6.394113475177305
50,-670,0,6.394113475177305
70,-670,0,6.394113475177305
90,-670,0,6.394113475177305
110,-670,0,6.394113475177305
130,-670,0,6.394113475177305
150,-670,0,6.394113475177305
170,-670,0,6.394113475177305
190,-670,0,6.394113475177305
210,-670,0,6.394113475177305
230,-670,0,6.394113475177305
250,-670,0,6.394113475177305
270,-670,0,6.394113475177305
290,-670,0,6.394113475177305
310,-670,0,6.394113475177305
330,-670,0,6.394113475177305
350,-670,0,6.394113475177305
370,-670,0,6.394113475177305
390,-670,0,6.394113475177305
410,-670,0,6.394113475177305
430,-670,0,6.394113475177305
450,-670,0,6.394113475177305
470,-670,0,6.394113475177305
490,-670,0,6.394113475177305
510,-670,0,6.394113475177305
530,-670,0,6.394113475177305
550,-670,0,6.394113475177305
570,-670,0,6.394113475177305
590,-670,0,6.394113475177305
610,-670,0,6.394113475177305
630,-670,0,6.394113475177305
650,-670,0,6.394113475177305
670,-670,0,6.394113475177305
690,-670,0,6.394113475177305
710,-670,0,6.394113475177305
730,-670,0,6.394113475177305
750,-670,0,6.394113475177305
770,-670,0,6.394113475177305
790,-670,0,6.394113475177305
-790,-650,0,6.394113475177305
-770,-650,0,6.394113475177305
-750,-650,0,6.394113475177305
-730,-650,0,6.394113475177305
-710,-650,0,6.394113475177305
-690,-650,0,6.394113475177305
-670,-650,0,6.394113475177305
-650,-650,0,6.394113475177305
-630,-650,0,6.394113475177305
-610,-650,0,6.394113475177305
-590,-650,0,6.394113475177305
-570,-650,0,6.394113475177305
-550,-650,0,6.394113475177305
-530,-650,0,6.394113475177305
-510,-650,0,6.394113475177305
-490,-650,0,6.394113475177305
-470,-650,0,6.394113475177305
-450,-650,0,6.394113475177305
-430,-650,0,6.394113475177305
-410,-650,0,6.394113475177305
-390,-650,0,6.394113475177305
-370,-650,0,6.394113475177305
-350,-650,0,6.394113475177305
-330,-650,0,6.394113475177305
-310,-650,0,6.394113475177305
-290,-650,0,6.394113475177305
-270,-650,0,6.394113475177305
-250,-650,0,6.394113475177305
-230,-650,0,6.394113475177305
-210,-650,0,6.394113475177305
-190,-650,0,6.394113475177305
-170,-650,0,6.394113475177305
-150,-650,0,6.394113475177305
-130,-650,0,6.394113475177305
-110,-650,0,6.394113475177305
-90,-650,0,6.394113475177305
-70,-650,0,6.394113475177305
-50,-650,0,6.394113475177305
-30,-650,0,6.394113475177305
-10,-650,0,6.394113475177305
10,-650,0,6.394113475177305
30,-650,0,6.394113475177305
50,-650,0,6.394113475177305
70,-650,0,6.394113475177305
90,-650,0,6.394113475177305
110,-650,0,6.394113475177305
130,-650,0,6.394113475177305
150,-650,0,6.394113475177305
170,-650,0,6.394113475177305
190,-650,0,6.394113475177305
210,-650,0,6.394113475177305
230,-650,0,6.394113475177305
250,-650,0,6.394113475177305
270,-650,0,6.394113475177305
290,-650,0,6.394113475177305
310,-650,0,6.394113475177305
330,-650,0,6.394113475177305
350,-650,0,6.394113475177305
370,-650,0,6.394113475177305
390,-650,0,6.394113475177305
410,-650,0,6.394113475177305
430,-650,0,6.394113475177305
450,-650,0,6.394113475177305
470,-650,0,6.394113475177305
490,-650,0,6.394113475177305
510,-650,0,6.394113475177305
530,-650,0,6.394113475177305
550,-650,0,6.394113475177305
570,-650,0,6.394113475177305
590,-650,0,6.394113475177305
610,-650,0,6.394113475177305
630,-650,0,6.394113475177305
650,-650,0,6.394113475177305
670,-650,0,6.394113475177305
690,-650,0,6.394113475177305
710,-650,0,6.394113475177305
730,-650,0,6.394113475177305
750,-650,0,6.394113475177305
770,-650,0,6.394113475177305
790,-650,0,6.394113475177305
-790,-630,0,6.394113475177305
-770,-630,0,6.394113475177305
-750,-630,0,6.394113475177305
-730,-630,0,6.394113475177305
-710,-630,0,6.394113475177305
-690,-630,0,6.394113475177305
-670,-630,0,6.394113475177305
-650,-630,0,6.394113475177305
-630,-630,0,6.394113475177305
-610,-630,0,6.394113475177305
-590,-630,0,6.394113475177305
-570,-630,0,6.394113475177305
-550,-630,0,6.394113475177305
-530,-630,0,6.394113475177305
-510,-630,0,6.394113475177305
-490,-630,0,6.394113475177305
-470,-630,0,6.394113475177305
-450,-630,0,6.394113475177305
-430,-630,0,6.394113475177305
-410,-630,0,6.394113475177305
-390,-630,0,6.394113475177305
-370,-630,0,6.394113475177305
-350,-630,0,6.394113475177305
-330,-630,0,6.394113475177305
-310,-630,0,6.394113475177305
-290,-630,0,6.394113475177305
-270,-630,0,6.394113475177305
-250,-630,0,6.394113475177305
-230,-630,0,6.394113475177305
-210,-630,0,6.394113475177305
-190,-630,0,6.394113475177305
-170,-630,0,6.394113475177305
-150,-630,0,6.394113475177305
-130,-630,0,6.394113475177305
-110,-630,0,6.394113475177305
-90,-630,0,6.394113475177305
-70,-630,0,6.394113475177305
-50,-630,0,6.394113475177305
-30,-630,0,6.394113475177305
-10,-630,0,6.394113475177305
10,-630,0,6.394113475177305
30,-630,0,6.394113475177305
50,-630,0,6.394113475177305
70,-630,0,6.394113475177305
90,-630,0,6.394113475177305
110,-630,0,6.394113475177305
130,-630,0,6.394113475177305
150,-630,0,6.394113475177305
170,-630,0,6.394113475177305
190,-630,0,6.394113475177305
210,-630,0,6.394113475177305
230,-630,0,6.394113475177305
250,-630,0,6.394113475177305
270,-630,0,6.394113475177305
290,-630,0,6.394113475177305
310,-630,0,6.394113475177305
330,-630,0,6.394113475177305
350,-630,0,6.394113475177305
370,-630,0,6.394113475177305
390,-630,0,6.394113475177305
410,-630,0,6.394113475177305
430,-630,0,6.394113475177305
450,-630,0,6.394113475177305
470,-630,0,6.394113475177305
490,-630,0,6.394113475177305
510,-630,0,6.394113475177305
530,-630,0,6.394113475177305
550,-630,0,6.394113475177305
570,-630,0,6.394113475177305
590,-630,0,6.394113475177305
610,-630,0,6.394113475177305
630,-630,0,6.394113475177305
650,-630,0,6.394113475177305
670,-630,0,6.394113475177305
690,-630,0,6.394113475177305
710,-630,0,6.394113475177305
730,-630,0,6.394113475177305
750,-630,0,6.394113475177305
770,-630,0,6.394113475177305
790,-630,0,6.394113475177305
-790,-610,0,6.394113475177305
-770,-610,0,6.394113475177305
-750,-610,0,6.394113475177305
-730,-610,0,6.394113475177305
-710,-610,0,6.394113475177305
-690,-610,0,6.394113475177305
-670,-610,0,6.394113475177305
-650,-610,0,6.394113475177305
-630,-610,0,6.394113475177305
-610,-610,0,6.394113475177305
-590,-610,0,6.394113475177305
-570,-610,0,6.394113475177305
-550,-610,0,6.394113475177305
-530,-610,0,6.394113475177305
-510,-610,0,6.394113475177305
-490,-610,0,6.394113475177305
-470,-610,0,6.394113475177305
-450,-610,0,6.394113475177305
-430,-610,0,6.394113475177305
-410,-610,0,6.394113475177305
-390,-610,0,6.394113475177305
-370,-610,0,6.394113475177305
-350,-610,0,6.394113475177305
-330,-610,0,6.394113475177305
-310,-610,0,6.394113475177305
-290,-610,0,6.394113475177305
-270,-610,0,6.394113475177305
-250,-610,0,6.394113475177305
-230,-610,0,6.394113475177305
-210,-610,0,6.394113475177305
-190,-610,0,6.394113475177305
-170,-610,0,6.394113475177305
-150,-610,0,6.394113475177305
-130,-610,0,6.394113475177305
-110,-610,0,6.394113475177305
-90,-610,0,6.394113475177305
-70,-610,0,6.394113475177305
-50,-610,0,6.394113475177305
-30,-610,0,6.394113475177305
-10,-610,0,6.394113475177305
10,-610,0,6.394113475177305
30,-610,0,6.394113475177305
50,-610,0,6.394113475177305
70,-610,0,6.394113475177305
90,-610,0,6.394113475177305
110,-610,0,6.394113475177305
130,-610,0,6.394113475177305
150,-610,0,6.394113475177305
170,-610,0,6.394113475177305
190,-610,0,6.394113475177305
210,-610,0,6.394113475177305
230,-610,0,6.394113475177305
250,-610,0,6.394113475177305
270,-610,0,6.394113475177305
290,-610,0,6.394113475177305
310,-610,0,6.394113475177305
330,-610,0,6.394113475177305
350,-610,0,6.394113475177305
370,-610,0,6.394113475177305
390,-610,0,6.394113475177305
410,-610,0,6.394113475177305
430,-610,0,6.394113475177305
450,-610,0,6.394113475177305
470,-610,0,6.394113475177305
490,-610,0,6.394113475177305
510,-610,0,6.394113475177305
530,-610,0,6.394113475177305
550,-610,0,6.394113475177305
570,-610,0,6.394113475177305
590,-610,0,6.394113475177305
610,-610,0,6.394113475177305
630,-610,0,6.394113475177305
650,-610,0,6.394113475177305
670,-610,0,6.394113475177305
690,-610,0,6.394113475177305
710,-610,0,6.394113475177305
730,-610,0,6.394113475177305
750,-610,0,6.394113475177305
770,-610,0,6.394113475177305
790,-610,0,6.394113475177305
-790,-590,0,6.394113475177305
-770,-590,0,6.394113475177305
-750,-590,0,6.394113475177305
-730,-590,0,6.394113475177305
-710,-590,0,6.394113475177305
-690,-590,0,6.394113475177305
-670,-590,0,6.394113475177305
-650,-590,0,6.394113475177305
-630,-590,0,6.394113475177305
-610,-590,0,6.394113475177305
-590,-590,0,6.394113475177305
-570,-590,0,6.394113475177305
-550,-590,0,6.394113475177305
-530,-590,0,6.394113475177305
-510,-590,0,6.394113475177305
-490,-590,0,6.394113475177305
-470,-590,0,6.394113475177305
-450,-590,0,6.394113475177305
-430,-590,0,6.394113475177305
-410,-590,0,6.394113475177305
-390,-590,0,6.394113475177305
-370,-590,0,6.394113475177305
-350,-590,0,6.394113475177305
-330,-590,0,6.394113475177305
-310,-590,0,6.394113475177305
-290,-590,0,6.394113475177305
-270,-590,0,6.394113475177305
-250,-590,0,6.394113475177305
-230,-590,0,6.394113475177305
-210,-590,0,6.394113475177305
-190,-590,0,6.394113475177305
-170,-590,0,6.394113475177305
-150,-590,0,6.394113475177305
-130,-590,0,6.394113475177305
-110,-590,0,6.394113475177305
-90,-590,0,6.394113475177305
-70,-590,0,6.394113475177305
-50,-590,0,6.394113475177305
-30,-590,0,6.394113475177305
-10,-590,0,6.394113475177305
10,-590,0,6.394113475177305
30,-590,0,6.394113475177305
50,-590,0,6.394113475177305
70,-590,0,6.394113475177305
90,-590,0,6.394113475177305
110,-590,0,6.394113475177305
130,-590,0,6.394113475177305
150,-590,0,6.394113475177305
170,-590,0,6.394113475177305
190,-590,0,6.394113475177305
210,-590,0,6.394113475177305
230,-590,0,6.394113475177305
250,-590,0,6.394113475177305
270,-590,0,6.394113475177305
290,-590,0,6.394113475177305
310,-590,0,6.394113475177305
330,-590,0,6.394113475177305
350,-590,0,6.394113475177305
370,-590,0,6.394113475177305
390,-590,0,6.394113475177305
410,-590,0,6.394113475177305
430,-590,0,6.394113475177305
450,-590,0,6.394113475177305
470,-590,0,6.394113475177305
490,-590,0,6.394113475177305
510,-590,0,6.394113475177305
530,-590,0,6.394113475177305
550,-590,0,6.394113475177305
570,-590,0,6.394113475177305
590,-590,0,6.394113475177305
610,-590,0,6.394113475177305
630,-590,0,6.394113475177305
650,-590,0,6.394113475177305
670,-590,0,6.394113475177305
690,-590,0,6.394113475177305
710,-590,0,6.394113475177305
730,-590,0,6.394113475177305
750,-590,0,6.394113475177305
770,-590,0,6.394113475177305
790,-590,0,6.394113475177305
-790,-570,0,6.394113475177305
-770,-570,0,6.394113475177305
-750,-570,0,6.394113475177305
-730,-570,0,6.394113475177305
-710,-570,0,6.394113475177305
-690,-570,0,6.394113475177305
-670,-570,0,6.394113475177305
-650,-570,0,6.394113475177305
-630,-570,0,6.394113475177305
-610,-570,0,6.394113475177305
-590,-570,0,6.394113475177305
-570,-570,0,6.394113475177305
-550,-570,0,6.394113475177305
-530,-570,0,6.394113475177305
-510,-570,0,6.394113475177305
-490,-570,0,6.394113475177305
-470,-570,0,6.394113475177305
-450,-570,0,6.394113475177305
-430,-570,0,6.394113475177305
-410,-570,0,6.394113475177305
-390,-570,0,6.394113475177305
-370,-570,0,6.394113475177305
-350,-570,0,6.394113475177305
-330,-570,0,6.394113475177305
-310,-570,0,6.394113475177305
-290,-570,0,6.394113475177305
-270,-570,0,6.394113475177305
-250,-570,0,6.394113475177305
-230,-570,0,6.394113475177305
-210,-570,0,6.394113475177305
-190,-570,0,6.394113475177305
-170,-570,0,6.394113475177305
-150,-570,0,6.394113475177305
-130,-570,0,6.394113475177305
-110,-570,0,6.394113475177305
-90,-570,0,6.394113475177305
-70,-570,0,6.394113475177305
-50,-570,0,6.394113475177305
-30,-570,0,6.394113475177305
-10,-570,0,6.394113475177305
10,-570,0,6.394113475177305
30,-570,0,6.394113475177305
50,-570,0,6.394113475177305
70,-570,0,6.394113475177305
90,-570,0,6.394113475177305
110,-570,0,6.394113475177305
130,-570,0,6.394113475177305
150,-570,0,6.394113475177305
170,-570,0,6.394113475177305
190,-570,0,6.394113475177305
210,-570,0,6.394113475177305
230,-570,0,6.394113475177305
250,-570,0,6.394113475177305
270,-570,0,6.394113475177305
290,-570,0,6.394113475177305
310,-570,0,6.394113475177305
330,-570,0,6.394113475177305
350,-570,0,6.394113475177305
370,-570,0,6.394113475177305
390,-570,0,6.394113475177305
410,-570,0,6.394113475177305
430,-570,0,6.394113475177305
450,-570,0,6.394113475177305
470,-570,0,6.394113475177305
490,-570,0,6.394113475177305
510,-570,0,6.394113475177305
530,-570,0,6.394113475177305
550,-570,0,6.394113475177305
570,-570,0,6.394113475177305
590,-570,0,6.394113475177305
610,-570,0,6.394113475177305
630,-570,0,6.394113475177305
650,-570,0,6.394113475177305
670,-570,0,6.394113475177305
690,-570,0,6.394113475177305
710,-570,0,6.394113475177305
730,-570,0,6.394113475177305
750,-570,0,6.394113475177305
770,-570,0,6.394113475177305
790,-570,0,6.394113475177305
-790,-550,0,6.394113475177305
-770,-550,0,6.394113475177305
-750,-550,0,6.394113475177305
-730,-550,0,6.394113475177305
-710,-550,0,6.394113475177305
-690,-550,0,6.394113475177305
-670,-550,0,6.394113475177305
-650,-550,0,6.394113475177305
-630,-550,0,6.394113475177305
-610,-550,0,6.394113475177305
-590,-550,0,6.394113475177305
-570,-550,0,6.394113475177305
-550,-550,0,6.394113475177305
-530,-550,0,6.394113475177305
-510,-550,0,6.394113475177305
-490,-550,0,6.394113475177305
-470,-550,0,6.394113475177305
-450,-550,0,6.394113475177305
-430,-550,0,6.394113475177305
-410,-550,0,6.394113475177305
-390,-550,0,6.394113475177305
-370,-550,0,6.394113475177305
-350,-550,0,6.394113475177305
-330,-550,0,6.394113475177305
-310,-550,0,6.394113475177305
-290,-550,0,6.394113475177305
-270,-550,0,6.394113475177305
-250,-550,0,6.394113475177305
-230,-550,0,6.394113475177305
-210,-550,0,6.394113475177305
-190,-550,0,6.394113475177305
-170,-550,0,6.394113475177305
-150,-550,0,6.394113475177305
-130,-550,0,6.394113475177305
-110,-550,0,6.394113475177305
-90,-550,0,6.394113475177305
-70,-550,0,6.394113475177305
-50,-550,0,6.394113475177305
-30,-550,0,6.394113475177305
-10,-550,0,6.394113475177305
10,-550,0,6.394113475177305
30,-550,0,6.394113475177305
50,-550,0,6.394113475177305
70,-550,0,6.394113475177305
90,-550,0,6.394113475177305
110,-550,0,6.394113475177305
130,-550,0,6.394113475177305
150,-550,0,6.394113475177305
170,-550,0,6.394113475177305
190,-550,0,6.394113475177305
210,-550,0,6.394113475177305
230,-550,0,6.394113475177305
250,-550,0,6.394113475177305
270,-550,0,6.394113475177305
290,-550,0,6.394113475177305
310,-550,0,6.394113475177305
330,-550,0,6.394113475177305
350,-550,0,6.394113475177305
370,-550,0,6.394113475177305
390,-550,0,6.394113475177305
410,-550,0,6.394113475177305
430,-550,0,6.394113475177305
450,-550,0,6.394113475177305
470,-550,0,6.394113475177305
490,-550,0,6.394113475177305
510,-550,0,6.394113475177305
530,-550,0,6.394113475177305
550,-550,0,6.394113475177305
570,-550,0,6.394113475177305
590,-550,0,6.394113475177305
610,-550,0,6.394113475177305
630,-550,0,6.394113475177305
650,-550,0,6.394113475177305
670,-550,0,6.394113475177305
690,-550,0,6.394113475177305
710,-550,0,6.394113475177305
730,-550,0,6.394113475177305
750,-550,0,6.394113475177305
770,-550,0,6.394113475177305
790,-550,0,6.394113475177305
-790,-530,0,6.394113475177305
-770,-530,0,6.394113475177305
-750,-530,0,6.394113475177305
-730,-530,0,6.394113475177305
-710,-530,0,6.394113475177305
-690,-530,0,6.394113475177305
-670,-530,0,6.394113475177305
-650,-530,0,6.394113475177305
-630,-530,0,6.394113475177305
-610,-530,0,6.394113475177305
-590,-530,0,6.394113475177305
-570,-530,0,6.394113475177305
-550,-530,0,6.394113475177305
-530,-530,0,6.394113475177305
-510,-530,0,6.394113475177305
-490,-530,0,6.394113475177305
-470,-530,0,6.394113475177305
-450,-530,0,6.394113475177305
-430,-530,0,6.394113475177305
-410,-530,0,6.394113475177305
-390,-530,0,6.394113475177305
-370,-530,0,6.394113475177305
-350,-530,0,6.394113475177305
-330,-530,0,6.394113475177305
-310,-530,0,6.394113475177305
-290,-530,0,6.394113475177305
-270,-530,0,6.394113475177305
-250,-530,0,6.394113475177305
-230,-530,0,6.394113475177305
-210,-530,0,6.394113475177305
-190,-530,0,6.394113475177305
-170,-530,0,6.394113475177305
-150,-530,0,6.394113475177305
-130,-530,0,6.394113475177305
-110,-530,0,6.394113475177305
-90,-530,0,6.394113475177305
-70,-530,0,6.394113475177305
-50,-530,0,6.394113475177305
-30,-530,0,6.394113475177305
-10,-530,0,6.394113475177305
10,-530,0,6.394113475177305
30,-530,0,6.394113475177305
50,-530,0,6.394113475177305
70,-530,0,6.394113475177305
90,-530,0,6.394113475177305
110,-530,0,6.394113475177305
130,-530,0,6.394113475177305
150,-530,0,6.394113475177305
170,-530,0,6.394113475177305
190,-530,0,6.394113475177305
210,-530,0,6.394113475177305
230,-530,0,6.394113475177305
250,-530,0,6.394113475177305
270,-530,0,6.394113475177305
290,-530,0,6.394113475177305
310,-530,0,6.394113475177305
330,-530,0,6.394113475177305
350,-530,0,6.394113475177305
370,-530,0,6.394113475177305
390,-530,0,6.394113475177305
410,-530,0,6.394113475177305
430,-530,0,6.394113475177305
450,-530,0,6.394113475177305
470,-530,0,6.394113475177305
490,-530,0,6.394113475177305
510,-530,0,6.394113475177305
530,-530,0,6.394113475177305
550,-530,0,6.394113475177305
570,-530,0,6.394113475177305
590,-530,0,6.394113475177305
610,-530,0,6.394113475177305
630,-530,0,6.394113475177305
650,-530,0,6.394113475177305
670,-530,0,6.394113475177305
690,-530,0,6.394113475177305
710,-530,0,6.394113475177305
730,-530,0,6.394113475177305
750,-530,0,6.394113475177305
770,-530,0,6.394113475177305
790,-530,0,6.394113475177305
-790,-510,0,6.394113475177305
-770,-510,0,6.394113475177305
-750,-510,0,6.394113475177305
-730,-510,0,6.394113475177305
-710,-510,0,6.394113475177305
-690,-510,0,6.394113475177305
-670,-510,0,6.394113475177305
-650,-510,0,6.394113475177305
-630,-510,0,6.394113475177305
-610,-510,0,6.394113475177305
-590,-510,0,6.394113475177305
-570,-510,0,6.394113475177305
-550,-510,0,6.394113475177305
-530,-510,0,6.394113475177305
-510,-510,0,6.394113475177305
-490,-510,0,6.394113475177305
-470,-510,0,6.394113475177305
-450,-510,0,6.394113475177305
-430,-510,0,6.394113475177305
-410,-510,0,6.394113475177305
-390,-510,0,6.394113475177305
-370,-510,0,6.394113475177305
-350,-510,0,6.394113475177305
-330,-510,0,6.394113475177305
-310,-510,0,6.394113475177305
-290,-510,0,6.394113475177305
-270,-510,0,6.394113475177305
-250,-510,0,6.394113475177305
-230,-510,0,6.394113475177305
-210,-510,0,6.394113475177305
-190,-510,0,6.394113475177305
-170,-510,0,6.394113475177305
-150,-510,0,6.394113475177305
-130,-510,0,6.394113475177305
-110,-510,0,6.394113475177305
-90,-510,0,6.394113475177305
-70,-510,0,6.394113475177305
-50,-510,0,6.394113475177305
-30,-510,0,6.394113475177305
-10,-510,0,6.394113475177305
10,-510,0,6.394113475177305
30,-510,0,6.394113475177305
50,-510,0,6.394113475177305
70,-510,0,6.394113475177305
90,-510,0,6.394113475177305
110,-510,0,6.394113475177305
130,-510,0,6.394113475177305
150,-510,0,6.394113475177305
170,-510,0,6.394113475177305
190,-510,0,6.394113475177305
210,-510,0,6.394113475177305
230,-510,0,6.394113475177305
250,-510,0,6.394113475177305
270,-510,0,6.394113475177305
290,-510,0,6.394113475177305
310,-510,0,6.394113475177305
330,-510,0,6.394113475177305
350,-510,0,6.394113475177305
370,-510,0,6.394113475177305
390,-510,0,6.394113475177305
410,-510,0,6.394113475177305
430,-510,0,6.394113475177305
450,-510,0,6.394113475177305
470,-510,0,6.394113475177305
490,-510,0,6.394113475177305
510,-510,0,6.394113475177305
530,-510,0,6.394113475177305
550,-510,0,6.394113475177305
570,-510,0,6.394113475177305
590,-510,0,6.394113475177305
610,-510,0,6.394113475177305
630,-510,0,6.394113475177305
650,-510,0,6.394113475177305
670,-510,0,6.394113475177305
690,-510,0,6.394113475177305
710,-510,0,6.394113475177305
730,-510,0,6.394113475177305
750,-510,0,6.394113475177305
770,-510,0,6.394113475177305
790,-510,0,6.394113475177305
-790,-490,0,6.394113475177305
-770,-490,0,6.394113475177305
-750,-490,0,6.394113475177305
-730,-490,0,6.394113475177305
-710,-490,0,6.394113475177305
-690,-490,0,6.394113475177305
-670,-490,0,6.394113475177305
-650,-490,0,6.394113475177305
-630,-490,0,6.394113475177305
-610,-490,0,6.394113475177305
-590,-490,0,6.394113475177305
-570,-490,0,6.394113475177305
-550,-490,0,6.394113475177305
-530,-490,0,6.394113475177305
-510,-490,0,6.394113475177305
-490,-490,0,6.394113475177305
-470,-490,0,6.394113475177305
-450,-490,0,6.394113475177305
-430,-490,0,6.394113475177305
-410,-490,0,6.394113475177305
-390,-490,0,6.394113475177305
-370,-490,0,6.394113475177305
-350,-490,0,6.394113475177305
-330,-490,0,6.394113475177305
-310,-490,0,6.394113475177305
-290,-490,0,6.394113475177305
-270,-490,0,6.394113475177305
-250,-490,0,6.394113475177305
-230,-490,0,6.394113475177305
-210,-490,0,6.394113475177305
-190,-490,0,6.394113475177305
-170,-490,0,6.394113475177305
-150,-490,0,6.394113475177305
-130,-490,0,6.394113475177305
-110,-490,0,6.394113475177305
-90,-490,0,6.394113475177305
-70,-490,0,6.394113475177305
-50,-490,0,6.394113475177305
-30,-490,0,6.394113475177305
-10,-490,0,6.394113475177305
10,-490,0,6.394113475177305
30,-490,0,6.394113475177305
50,-490,0,6.394113475177305
70,-490,0,6.394113475177305
90,-490,0,6.394113475177305
110,-490,0,6.394113475177305
130,-490,0,6.394113475177305
150,-490,0,6.394113475177305
170,-490,0,6.394113475177305
190,-490,0,6.394113475177305
210,-490,0,6.394113475177305
230,-490,0,6.394113475177305
250,-490,0,6.394113475177305
270,-490,0,6.394113475177305
290,-490,0,6.394113475177305
310,-490,0,6.394113475177305
330,-490,0,6.394113475177305
350,-490,0,6.394113475177305
370,-490,0,6.394113475177305
390,-490,0,6.394113475177305
410,-490,0,6.394113475177305
430,-490,0,6.394113475177305
450,-490,0,6.394113475177305
470,-490,0,6.394113475177305
490,-490,0,6.394113475177305
510,-490,0,6.394113475177305
530,-490,0,6.394113475177305
550,-490,0,6.394113475177305
570,-490,0,6.394113475177305
590,-490,0,6.394113475177305
610,-490,0,6.394113475177305
630,-490,0,6.394113475177305
650,-490,0,6.394113475177305
670,-490,0,6.394113475177305
690,-490,0,6.394113475177305
710,-490,0,6.394113475177305
730,-490,0,6.394113475177305
750,-490,0,6.394113475177305
770,-490,0,6.394113475177305
790,-490,0,6.394113475177305
-790,-470,0,6.394113475177305
-770,-470,0,6.394113475177305
-750,-470,0,6.394113475177305
-730,-470,0,6.394113475177305
-710,-470,0,6.394113475177305
-690,-470,0,6.394113475177305
-670,-470,0,6.394113475177305
-650,-470,0,6.394113475177305
-630,-470,0,6.394113475177305
-610,-470,0,6.394113475177305
-590,-470,0,6.394113475177305
-570,-470,0,6.394113475177305
-550,-470,0,6.394113475177305
-530,-470,0,6.394113475177305
-510,-470,0,6.394113475177305
-490,-470,0,6.394113475177305
-470,-470,0,6.394113475177305
-450,-470,0,6.394113475177305
-430,-470,0,6.394113475177305
-410,-470,0,6.394113475177305
-390,-470,0,6.394113475177305
-370,-470,0,6.394113475177305
-350,-470,0,6.394113475177305
-330,-470,0,6.394113475177305
-310,-470,0,6.394113475177305
-290,-470,0,6.394113475177305
-270,-470,0,6.394113475177305
-250,-470,0,6.394113475177305
-230,-470,0,6.394113475177305
-210,-470,0,6.394113475177305
-190,-470,0,6.394113475177305
-170,-470,0,6.394113475177305
-150,-470,0,6.394113475177305
-130,-470,0,6.394113475177305
-110,-470,0,6.394113475177305
-90,-470,0,6.394113475177305
-70,-470,0,6.394113475177305
-50,-470,0,6.394113475177305
-30,-470,0,6.394113475177305
-10,-470,0,6.394113475177305
10,-470,0,6.394113475177305
30,-470,0,6.394113475177305
50,-470,0,6.394113475177305
70,-470,0,6.394113475177305
90,-470,0,6.394113475177305
110,-470,0,6.394113475177305
130,-470,0,6.394113475177305
150,-470,0,6.394113475177305
170,-470,0,6.394113475177305
190,-470,0,6.394113475177305
210,-470,0,6.394113475177305
230,-470,0,6.394113475177305
250,-470,0,6.394113475177305
270,-470,0,6.394113475177305
290,-470,0,6.394113475177305
310,-470,0,6.394113475177305
330,-470,0,6.394113475177305
350,-470,0,6.394113475177305
370,-470,0,6.394113475177305
390,-470,0,6.394113475177305
410,-470,0,6.394113475177305
430,-470,0,6.394113475177305
450,-470,0,6.394113475177305
470,-470,0,6.394113475177305
490,-470,0,6.394113475177305
510,-470,0,6.394113475177305
530,-470,0,6.394113475177305
550,-470,0,6.394113475177305
570,-470,0,6.394113475177305
590,-470,0,6.394113475177305
610,-470,0,6.394113475177305
630,-470,0,6.394113475177305
650,-470,0,6.394113475177305
670,-470,0,6.394113475177305
690,-470,0,6.394113475177305
710,-470,0,6.394113475177305
730,-470,0,6.394113475177305
750,-470,0,6.394113475177305
770,-470,0,6.394113475177305
790,-470,0,6.394113475177305
-790,-450,0,6.394113475177305
-770,-450,0,6.394113475177305
-750,-450,0,6.394113475177305
-730,-450,0,6.394113475177305
-710,-450,0,6.394113475177305
-690,-450,0,6.394113475177305
-670,-450,0,6.394113475177305
-650,-450,0,6.394113475177305
-630,-450,0,6.394113475177305
-610,-450,0,6.394113475177305
-590,-450,0,6.394113475177305
-570,-450,0,6.394113475177305
-550,-450,0,6.394113475177305
-530,-450,0,6.394113475177305
-510,-450,0,6.394113475177305
-490,-450,0,6.394113475177305
-470,-450,0,6.394113475177305
-450,-450,0,6.394113475177305
-430,-450,0,6.394113475177305
-410,-450,0,6.394113475177305
-390,-450,0,6.394113475177305
-370,-450,0,6.394113475177305
-350,-450,0,6.394113475177305
-330,-450,0,6.394113475177305
-310,-450,0,6.394113475177305
-290,-450,0,6.394113475177305
-270,-450,0,6.394113475177305
-250,-450,0,6.394113475177305
-230,-450,0,6.394113475177305
-210,-450,0,6.394113475177305
-190,-450,0,6.394113475177305
-170,-450,0,6.394113475177305
-150,-450,0,6.394113475177305
-130,-450,0,6.394113475177305
-110,-450,0,6.394113475177305
-90,-450,0,6.394113475177305
-70,-450,0,6.394113475177305
-50,-450,0,6.394113475177305
-30,-450,0,6.394113475177305
-10,-450,0,6.394113475177305
10,-450,0,6.394113475177305
30,-450,0,6.394113475177305
50,-450,0,6.394113475177305
70,-450,0,6.394113475177305
90,-450,0,6.394113475177305
110,-450,0,6.394113475177305
130,-450,0,6.394113475177305
150,-450,0,6.394113475177305
170,-450,0,6.394113475177305
190,-450,0,6.394113475177305
210,-450,0,6.394113475177305
230,-450,0,6.394113475177305
250,-450,0,6.394113475177305
270,-450,0,6.394113475177305
290,-450,0,6.394113475177305
310,-450,0,6.394113475177305
330,-450,0,6.394113475177305
350,-450,0,6.394113475177305
370,-450,0,6.394113475177305
390,-450,0,6.394113475177305
410,-450,0,6.394113475177305
430,-450,0,6.394113475177305
450,-450,0,6.394113475177305
470,-450,0,6.394113475177305
490,-450,0,6.394113475177305
510,-450,0,6.394113475177305
530,-450,0,6.394113475177305
550,-450,0,6.394113475177305
570,-450,0,6.394113475177305
590,-450,0,6.394113475177305
610,-450,0,6.394113475177305
630,-450,0,6.394113475177305
650,-450,0,6.394113475177305
670,-450,0,6.394113475177305
690,-450,0,6.394113475177305
710,-450,0,6.394113475177305
730,-450,0,6.394113475177305
750,-450,0,6.394113475177305
770,-450,0,6.394113475177305
790,-450,0,6.394113475177305
-790,-430,0,6.394113475177305
-770,-430,0,6.394113475177305
-750,-430,0,6.394113475177305
-730,-430,0,6.394113475177305
-710,-430,0,6.394113475177305
-690,-430,0,6.394113475177305
-670,-430,0,6.394113475177305
-650,-430,0,6.394113475177305
-630,-430,0,6.394113475177305
-610,-430,0,6.394113475177305
-590,-430,0,6.394113475177305
-570,-430,0,6.394113475177305
-550,-430,0,6.394113475177305
-530,-430,0,6.394113475177305
-510,-430,0,6.394113475177305
-490,-430,0,6.394113475177305
-470,-430,0,6.394113475177305
-450,-430,0,6.394113475177305
-430,-430,0,6.394113475177305
-410,-430,0,6.394113475177305
-390,-430,0,6.394113475177305
-370,-430,0,6.394113475177305
-350,-430,0,6.394113475177305
-330,-430,0,6.394113475177305
-310,-430,0,6.394113475177305
-290,-430,0,6.394113475177305
-270,-430,0,6.394113475177305
-250,-430,0,6.394113475177305
-230,-430,0,6.394113475177305
-210,-430,0,6.394113475177305
-190,-430,0,6.394113475177305
-170,-430,0,6.394113475177305
-150,-430,0,6.394113475177305
-130,-430,0,6.394113475177305
-110,-430,0,6.394113475177305
-90,-430,0,6.394113475177305
-70,-430,0,6.394113475177305
-50,-430,0,6.394113475177305
-30,-430,0,6.394113475177305
-10,-430,0,6.394113475177305
10,-430,0,6.394113475177305
30,-430,0,6.394113475177305
50,-430,0,6.394113475177305
70,-430,0,6.394113475177305
90,-430,0,6.394113475177305
110,-430,0,6.394113475177305
130,-430,0,6.394113475177305
150,-430,0,6.394113475177305
170,-430,0,6.394113475177305
190,-430,0,6.394113475177305
210,-430,0,6.394113475177305
230,-430,0,6.394113475177305
250,-430,0,6.394113475177305
270,-430,0,6.394113475177305
290,-430,0,6.394113475177305
310,-430,0,6.394113475177305
330,-430,0,6.394113475177305
350,-430,0,6.394113475177305
370,-430,0,6.394113475177305
390,-430,0,6.394113475177305
410,-430,0,6.394113475177305
430,-430,0,6.394113475177305
450,-430,0,6.394113475177305
470,-430,0,6.394113475177305
490,-430,0,6.394113475177305
510,-430,0,6.394113475177305
530,-430,0,6.394113475177305
550,-430,0,6.394113475177305
570,-430,0,6.394113475177305
590,-430,0,6.394113475177305
610,-430,0,6.394113475177305
630,-430,0,6.394113475177305
650,-430,0,6.394113475177305
670,-430,0,6.394113475177305
690,-430,0,6.394113475177305
710,-430,0,6.394113475177305
730,-430,0,6.394113475177305
750,-430,0,6.394113475177305
770,-430,0,6.394113475177305
790,-430,0,6.394113475177305
-790,-410,0,6.394113475177305
-770,-410,0,6.394113475177305
-750,-410,0,6.394113475177305
-730,-410,0,6.394113475177305
-710,-410,0,6.394113475177305
-690,-410,0,6.394113475177305
-670,-410,0,6.394113475177305
-650,-410,0,6.394113475177305
-630,-410,0,6.394113475177305
-610,-410,0,6.394113475177305
-590,-410,0,6.394113475177305
-570,-410,0,6.394113475177305
-550,-410,0,6.394113475177305
-530,-410,0,6.394113475177305
-510,-410,0,6.394113475177305
-490,-410,0,6.394113475177305
-470,-410,0,6.394113475177305
-450,-410,0,6.394113475177305
-430,-410,0,6.394113475177305
-410,-410,0,6.394113475177305
-390,-410,0,6.394113475177305
-370,-410,0,6.394113475177305
-350,-410,0,6.394113475177305
-330,-410,0,6.394113475177305
-310,-410,0,6.394113475177305
-290,-410,0,6.394113475177305
-270,-410,0,6.394113475177305
-250,-410,0,6.394113475177305
-230,-410,0,6.394113475177305
-210,-410,0,6.394113475177305
-190,-410,0,6.394113475177305
-170,-410,0,6.394113475177305
-150,-410,0,6.394113475177305
-130,-410,0,6.394113475177305
-110,-410,0,6.394113475177305
-90,-410,0,6.394113475177305
-70,-410,0,6.394113475177305
-50,-410,0,6.394113475177305
-30,-410,0,6.394113475177305
-10,-410,0,6.394113475177305
10,-410,0,6.394113475177305
30,-410,0,6.394113475177305
50,-410,0,6.394113475177305
70,-410,0,6.394113475177305
90,-410,0,6.394113475177305
110,-410,0,6.394113475177305
130,-410,0,6.394113475177305
150,-410,0,6.394113475177305
170,-410,0,6.394113475177305
190,-410,0,6.394113475177305
210,-410,0,6.394113475177305
230,-410,0,6.394113475177305
250,-410,0,6.394113475177305
270,-410,0,6.394113475177305
290,-410,0,6.394113475177305
310,-410,0,6.394113475177305
330,-410,0,6.394113475177305
350,-410,0,6.394113475177305
370,-410,0,6.394113475177305
390,-410,0,6.394113475177305
410,-410,0,6.394113475177305
430,-410,0,6.394113475177305
450,-410,0,6.394113475177305
470,-410,0,6.394113475177305
490,-410,0,6.394113475177305
510,-410,0,6.394113475177305
530,-410,0,6.394113475177305
550,-410,0,6.394113475177305
570,-410,0,6.394113475177305
590,-410,0,6.394113475177305
610,-410,0,6.394113475177305
630,-410,0,6.394113475177305
650,-410,0,6.394113475177305
670,-410,0,6.394113475177305
690,-410,0,6.394113475177305
710,-410,0,6.394113475177305
730,-410,0,6.394113475177305
750,-410,0,6.394113475177305
770,-410,0,6.394113475177305
790,-410,0,6.394113475177305
-790,-390,0,6.394113475177305
-770,-390,0,6.394113475177305
-750,-390,0,6.394113475177305
-730,-390,0,6.394113475177305
-710,-390,0,6.394113475177305
-690,-390,0,6.394113475177305
-670,-390,0,6.394113475177305
-650,-390,0,6.394113475177305
-630,-390,0,6.394113475177305
-610,-390,0,6.394113475177305
-590,-390,0,6.394113475177305
-570,-390,0,6.394113475177305
-550,-390,0,6.394113475177305
-530,-390,0,6.394113475177305
-510,-390,0,6.394113475177305
-490,-390,0,6.394113475177305
-470,-390,0,6.394113475177305
-450,-390,0,6.394113475177305
-430,-390,0,6.394113475177305
-410,-390,0,6.394113475177305
-390,-390,0,6.394113475177305
-370,-390,0,6.394113475177305
-350,-390,0,6.394113475177305
-330,-390,0,6.394113475177305
-310,-390,0,6.394113475177305
-290,-390,0,6.394113475177305
-270,-390,0,6.394113475177305
-250,-390,0,6.394113475177305
-230,-390,0,6.394113475177305
-210,-390,0,6.394113475177305
-190,-390,0,6.394113475177305
-170,-390,0,6.394113475177305
-150,-390,0,6.394113475177305
-130,-390,0,6.394113475177305
-110,-390,0,6.394113475177305
-90,-390,0,6.394113475177305
-70,-390,0,6.394113475177305
-50,-390,0,6.394113475177305
-30,-390,0,6.394113475177305
-10,-390,0,6.394113475177305
10,-390,0,6.394113475177305
30,-390,0,6.394113475177305
50,-390,0,6.394113475177305
70,-390,0,6.394113475177305
90,-390,0,6.394113475177305
110,-390,0,6.394113475177305
130,-390,0,6.394113475177305
150,-390,0,6.394113475177305
170,-390,0,6.394113475177305
190,-390,0,6.394113475177305
210,-390,0,6.394113475177305
230,-390,0,6.394113475177305
250,-390,0,6.394113475177305
270,-390,0,6.394113475177305
290,-390,0,6.394113475177305
310,-390,0,6.394113475177305
330,-390,0,6.394113475177305
350,-390,0,6.394113475177305
370,-390,0,6.394113475177305
390,-390,0,6.394113475177305
410,-390,0,6.394113475177305
430,-390,0,6.394113475177305
450,-390,0,6.394113475177305
470,-390,0,6.394113475177305
490,-390,0,6.394113475177305
510,-390,0,6.394113475177305
530,-390,0,6.394113475177305
550,-390,0,6.394113475177305
570,-390,0,6.394113475177305
590,-390,0,6.394113475177305
610,-390,0,6.394113475177305
630,-390,0,6.394113475177305
650,-390,0,6.394113475177305
670,-390,0,6.394113475177305
690,-390,0,6.394113475177305
710,-390,0,6.394113475177305
730,-390,0,6.394113475177305
750,-390,0,6.394113475177305
770,-390,0,6.394113475177305
790,-390,0,6.394113475177305
-790,-370,0,6.394113475177305
-770,-370,0,6.394113475177305
-750,-370,0,6.394113475177305
-730,-370,0,6.394113475177305
-710,-370,0,6.394113475177305
-690,-370,0,6.394113475177305
-670,-370,0,6.394113475177305
-650,-370,0,6.394113475177305
-630,-370,0,6.394113475177305
-610,-370,0,6.394113475177305
-590,-370,0,6.394113475177305
-570,-370,0,6.394113475177305
-550,-370,0,6.394113475177305
-530,-370,0,6.394113475177305
-510,-370,0,6.394113475177305
-490,-370,0,6.394113475177305
-470,-370,0,6.394113475177305
-450,-370,0,6.394113475177305
-430,-370,0,6.394113475177305
-410,-370,0,6.394113475177305
-390,-370,0,6.394113475177305
-370,-370,0,6.394113475177305
-350,-370,0,6.394113475177305
-330,-370,0,6.394113475177305
-310,-370,0,6.394113475177305
-290,-370,0,6.394113475177305
-270,-370,0,6.394113475177305
-250,-370,0,6.394113475177305
-230,-370,0,6.394113475177305
-210,-370,0,6.394113475177305
-190,-370,0,6.394113475177305
-170,-370,0,6.394113475177305
-150,-370,0,6.394113475177305
-130,-370,0,6.394113475177305
-110,-370,0,6.394113475177305
-90,-370,0,6.394113475177305
-70,-370,0,6.394113475177305
-50,-370,0,6.394113475177305
-30,-370,0,6.394113475177305
-10,-370,0,6.394113475177305
10,-370,0,6.394113475177305
30,-370,0,6.394113475177305
50,-370,0,6.394113475177305
70,-370,0,6.394113475177305
90,-370,0,6.394113475177305
110,-370,0,6.394113475177305
130,-370,0,6.394113475177305
150,-370,0,6.394113475177305
170,-370,0,6.394113475177305
190,-370,0,6.394113475177305
210,-370,0,6.394113475177305
230,-370,0,6.394113475177305
250,-370,0,6.394113475177305
270,-370,0,6.394113475177305
290,-370,0,6.394113475177305
310,-370,0,6.394113475177305
330,-370,0,6.394113475177305
350,-370,0,6.394113475177305
370,-370,0,6.394113475177305
390,-370,0,6.394113475177305
410,-370,0,6.394113475177305
430,-370,0,6.394113475177305
450,-370,0,6.394113475177305
470,-370,0,6.394113475177305
490,-370,0,6.394113475177305
510,-370,0,6.394113475177305
530,-370,0,6.394113475177305
550,-370,0,6.394113475177305
570,-370,0,6.394113475177305
590,-370,0,6.394113475177305
610,-370,0,6.394113475177305
630,-370,0,6.394113475177305
650,-370,0,6.394113475177305
670,-370,0,6.394113475177305
690,-370,0,6.394113475177305
710,-370,0,6.394113475177305
730,-370,0,6.394113475177305
750,-370,0,6.394113475177305
770,-370,0,6.394113475177305
790,-370,0,6.394113475177305
-790,-350,0,6.394113475177305
-770,-350,0,6.394113475177305
-750,-350,0,6.394113475177305
-730,-350,0,6.394113475177305
-710,-350,0,6.394113475177305
-690,-350,0,6.394113475177305
-670,-350,0,6.394113475177305
-650,-350,0,6.394113475177305
-630,-350,0,6.394113475177305
-610,-350,0,6.394113475177305
-590,-350,0,6.394113475177305
-570,-350,0,6.394113475177305
-550,-350,0,6.394113475177305
-530,-350,0,6.394113475177305
-510,-350,0,6.394113475177305
-490,-350,0,6.394113475177305
-470,-350,0,6.394113475177305
-450,-350,0,6.394113475177305
-430,-350,0,6.394113475177305
-410,-350,0,6.394113475177305
-390,-350,0,6.394113475177305
-370,-350,0,6.394113475177305
-350,-350,0,6.394113475177305
-330,-350,0,6.394113475177305
-310,-350,0,6.394113475177305
-290,-350,0,6.394113475177305
-270,-350,0,6.394113475177305
-250,-350,0,6.394113475177305
-230,-350,0,6.394113475177305
-210,-350,0,6.394113475177305
-190,-350,0,6.394113475177305
-170,-350,0,6.394113475177305
-150,-350,0,6.394113475177305
-130,-350,0,6.394113475177305
-110,-350,0,6.394113475177305
-90,-350,0,6.394113475177305
-70,-350,0,6.394113475177305
-50,-350,0,6.394113475177305
-30,-350,0,6.394113475177305
-10,-350,0,6.394113475177305
10,-350,0,6.394113475177305
30,-350,0,6.394113475177305
50,-350,0,6.394113475177305
70,-350,0,6.394113475177305
90,-350,0,6.394113475177305
110,-350,0,6.394113475177305
130,-350,0,6.394113475177305
150,-350,0,6.394113475177305
170,-350,0,6.394113475177305
190,-350,0,6.394113475177305
210,-350,0,6.394113475177305
230,-350,0,6.394113475177305
250,-350,0,6.394113475177305
270,-350,0,6.394113475177305
290,-350,0,6.394113475177305
310,-350,0,6.394113475177305
330,-350,0,6.394113475177305
350,-350,0,6.394113475177305
370,-350,0,6.394113475177305
390,-350,0,6.394113475177305
410,-350,0,6.394113475177305
430,-350,0,6.394113475177305
450,-350,0,6.394113475177305
470,-350,0,6.394113475177305
490,-350,0,6.394113475177305
510,-350,0,6.394113475177305
530,-350,0,6.394113475177305
550,-350,0,6.394113475177305
570,-350,0,6.394113475177305
590,-350,0,6.394113475177305
610,-350,0,6.394113475177305
630,-350,0,6.394113475177305
650,-350,0,6.394113475177305
670,-350,0,6.394113475177305
690,-350,0,6.394113475177305
710,-350,0,6.394113475177305
730,-350,0,6.394113475177305
750,-350,0,6.394113475177305
770,-350,0,6.394113475177305
790,-350,0,6.394113475177305
-790,-330,0,6.394113475177305
-770,-330,0,6.394113475177305
-750,-330,0,6.394113475177305
-730,-330,0,6.394113475177305
-710,-330,0,6.394113475177305
-690,-330,0,6.394113475177305
-670,-330,0,6.394113475177305
-650,-330,0,6.394113475177305
-630,-330,0,6.394113475177305
-610,-330,0,6.394113475177305
-590,-330,0,6.394113475177305
-570,-330,0,6.394113475177305
-550,-330,0,6.394113475177305
-530,-330,0,6.394113475177305
-510,-330,0,6.394113475177305
-490,-330,0,6.394113475177305
-470,-330,0,6.394113475177305
-450,-330,0,6.394113475177305
-430,-330,0,6.394113475177305
-410,-330,0,6.394113475177305
-390,-330,0,6.394113475177305
-370,-330,0,6.394113475177305
-350,-330,0,6.394113475177305
-330,-330,0,6.394113475177305
-310,-330,0,6.394113475177305
-290,-330,0,6.394113475177305
-270,-330,0,6.394113475177305
-250,-330,0,6.394113475177305
-230,-330,0,6.394113475177305
-210,-330,0,6.394113475177305
-190,-330,0,6.394113475177305
-170,-330,0,6.394113475177305
-150,-330,0,6.394113475177305
-130,-330,0,6.394113475177305
-110,-330,0,6.394113475177305
-90,-330,0,6.394113475177305
-70,-330,0,6.394113475177305
-50,-330,0,6.394113475177305
-30,-330,0,6.394113475177305
-10,-330,0,6.394113475177305
10,-330,0,6.394113475177305
30,-330,0,6.394113475177305
50,-330,0,6.394113475177305
70,-330,0,6.394113475177305
90,-330,0,6.394113475177305
110,-330,0,6.394113475177305
130,-330,0,6.394113475177305
150,-330,0,6.394113475177305
170,-330,0,6.394113475177305
190,-330,0,6.394113475177305
210,-330,0,6.394113475177305
230,-330,0,6.394113475177305
250,-330,0,6.394113475177305
270,-330,0,6.394113475177305
290,-330,0,6.394113475177305
310,-330,0,6.394113475177305
330,-330,0,6.394113475177305
350,-330,0,6.394113475177305
370,-330,0,6.394113475177305
390,-330,0,6.394113475177305
410,-330,0,6.394113475177305
430,-330,0,6.394113475177305
450,-330,0,6.394113475177305
470,-330,0,6.394113475177305
490,-330,0,6.394113475177305
510,-330,0,6.394113475177305
530,-330,0,6.394113475177305
550,-330,0,6.394113475177305
570,-330,0,6.394113475177305
590,-330,0,6.394113475177305
610,-330,0,6.394113475177305
630,-330,0,6.394113475177305
650,-330,0,6.394113475177305
670,-330,0,6.394113475177305
690,-330,0,6.394113475177305
710,-330,0,6.394113475177305
730,-330,0,6.394113475177305
750,-330,0,6.394113475177305
770,-330,0,6.394113475177305
790,-330,0,6.394113475177305
-790,-310,0,6.394113475177305
-770,-310,0,6.394113475177305
-750,-310,0,6.394113475177305
-730,-310,0,6.394113475177305
-710,-310,0,6.394113475177305
-690,-310,0,6.394113475177305
-670,-310,0,6.394113475177305
-650,-310,0,6.394113475177305
-630,-310,0,6.394113475177305
-610,-310,0,6.394113475177305
-590,-310,0,6.394113475177305
-570,-310,0,6.394113475177305
-550,-310,0,6.394113475177305
-530,-310,0,6.394113475177305
-510,-310,0,6.394113475177305
-490,-310,0,6.394113475177305
-470,-310,0,6.394113475177305
-450,-310,0,6.394113475177305
-430,-310,0,6.394113475177305
-410,-310,0,6.394113475177305
-390,-310,0,6.394113475177305
-370,-310,0,6.394113475177305
-350,-310,0,6.394113475177305
-330,-310,0,6.394113475177305
-310,-310,0,6.394113475177305
-290,-310,0,6.394113475177305
-270,-310,0,6.394113475177305
-250,-310,0,6.394113475177305
-230,-310,0,6.394113475177305
-210,-310,0,6.394113475177305
-190,-310,0,6.394113475177305
-170,-310,0,6.394113475177305
-150,-310,0,6.394113475177305
-130,-310,0,6.394113475177305
-110,-310,0,6.394113475177305
-90,-310,0,6.394113475177305
-70,-310,0,6.394113475177305
-50,-310,0,6.394113475177305
-30,-310,0,6.394113475177305
-10,-310,0,6.394113475177305
10,-310,0,6.394113475177305
30,-310,0,6.394113475177305
50,-310,0,6.394113475177305
70,-310,0,6.394113475177305
90,-310,0,6.394113475177305
110,-310,0,6.394113475177305
130,-310,0,6.394113475177305
150,-310,0,6.394113475177305
170,-310,0,6.394113475177305
190,-310,0,6.394113475177305
210,-310,0,6.394113475177305
230,-310,0,6.394113475177305
250,-310,0,6.394113475177305
270,-310,0,6.394113475177305
290,-310,0,6.394113475177305
310,-310,0,6.394113475177305
330,-310,0,6.394113475177305
350,-310,0,6.394113475177305
370,-310,0,6.394113475177305
390,-310,0,6.394113475177305
410,-310,0,6.394113475177305
430,-310,0,6.394113475177305
450,-310,0,6.394113475177305
470,-310,0,6.394113475177305
490,-310,0,6.394113475177305
510,-310,0,6.394113475177305
530,-310,0,6.394113475177305
550,-310,0,6.394113475177305
570,-310,0,6.394113475177305
590,-310,0,6.394113475177305
610,-310,0,6.394113475177305
630,-310,0,6.394113475177305
650,-310,0,6.394113475177305
670,-310,0,6.394113475177305
690,-310,0,6.394113475177305
710,-310,0,6.394113475177305
730,-310,0,6.394113475177305
750,-310,0,6.394113475177305
770,-310,0,6.394113475177305
790,-310,0,6.394113475177305
-790,-290,0,6.394113475177305
-770,-290,0,6.394113475177305
-750,-290,0,6.394113475177305
-730,-290,0,6.394113475177305
-710,-290,0,6.394113475177305
-690,-290,0,6.394113475177305
-670,-290,0,6.394113475177305
-650,-290,0,6.394113475177305
-630,-290,0,6.394113475177305
-610,-290,0,6.394113475177305
-590,-290,0,6.394113475177305
-570,-290,0,6.394113475177305
-550,-290,0,6.394113475177305
-530,-290,0,6.394113475177305
-510,-290,0,6.394113475177305
-490,-290,0,6.394113475177305
-470,-290,0,6.394113475177305
-450,-290,0,6.394113475177305
-430,-290,0,6.394113475177305
-410,-290,0,6.394113475177305
-390,-290,0,6.394113475177305
-370,-290,0,6.394113475177305
-350,-290,0,6.394113475177305
-330,-290,0,6.394113475177305
-310,-290,0,6.394113475177305
-290,-290,0,6.394113475177305
-270,-290,0,6.394113475177305
-250,-290,0,6.394113475177305
-230,-290,0,6.394113475177305
-210,-290,0,6.394113475177305
-190,-290,0,6.394113475177305
-170,-290,0,6.394113475177305
-150,-290,0,6.394113475177305
-130,-290,0,6.394113475177305
-110,-290,0,6.394113475177305
-90,-290,0,6.394113475177305
-70,-290,0,6.394113475177305
-50,-290,0,6.394113475177305
-30,-290,0,6.394113475177305
-10,-290,0,6.394113475177305
10,-290,0,6.394113475177305
30,-290,0,6.394113475177305
50,-290,0,6.394113475177305
70,-290,0,6.394113475177305
90,-290,0,6.394113475177305
110,-290,0,6.394113475177305
130,-290,0,6.394113475177305
150,-290,0,6.394113475177305
170,-290,0,6.394113475177305
190,-290,0,6.394113475177305
210,-290,0,6.394113475177305
230,-290,0,6.394113475177305
250,-290,0,6.394113475177305
270,-290,0,6.394113475177305
290,-290,0,6.394113475177305
310,-290,0,6.394113475177305
330,-290,0,6.394113475177305
350,-290,0,6.394113475177305
370,-290,0,6.394113475177305
390,-290,0,6.394113475177305
410,-290,0,6.394113475177305
430,-290,0,6.394113475177305
450,-290,0,6.394113475177305
470,-290,0,6.394113475177305
490,-290,0,6.394113475177305
510,-290,0,6.394113475177305
530,-290,0,6.394113475177305
550,-290,0,6.394113475177305
570,-290,0,6.394113475177305
590,-290,0,6.394113475177305
610,-290,0,6.394113475177305
630,-290,0,6.394113475177305
650,-290,0,6.394113475177305
670,-290,0,6.394113475177305
690,-290,0,6.394113475177305
710,-290,0,6.394113475177305
730,-290,0,6.394113475177305
750,-290,0,6.394113475177305
770,-290,0,6.394113475177305
790,-290,0,6.394113475177305
-790,-270,0,6.394113475177305
-770,-270,0,6.394113475177305
-750,-270,0,6.394113475177305
-730,-270,0,6.394113475177305
-710,-270,0,6.394113475177305
-690,-270,0,6.394113475177305
-670,-270,0,6.394113475177305
-650,-270,0,6.394113475177305
-630,-270,0,6.394113475177305
-610,-270,0,6.394113475177305
-590,-270,0,6.394113475177305
-570,-270,0,6.394113475177305
-550,-270,0,6.394113475177305
-530,-270,0,6.394113475177305
-510,-270,0,6.394113475177305
-490,-270,0,6.394113475177305
-470,-270,0,6.394113475177305
-450,-270,0,6.394113475177305
-430,-270,0,6.394113475177305
-410,-270,0,6.394113475177305
-390,-270,0,6.394113475177305
-370,-270,0,6.394113475177305
-350,-270,0,6.394113475177305
-330,-270,0,6.394113475177305
-310,-270,0,6.394113475177305
-290,-270,0,6.394113475177305
-270,-270,0,6.394113475177305
-250,-270,0,6.394113475177305
-230,-270,0,6.394113475177305
-210,-270,0,6.394113475177305
-190,-270,0,6.394113475177305
-170,-270,0,6.394113475177305
-150,-270,0,6.394113475177305
-130,-270,0,6.394113475177305
-110,-270,0,6.394113475177305
-90,-270,0,6.394113475177305
-70,-270,0,6.394113475177305
-50,-270,0,6.394113475177305
-30,-270,0,6.394113475177305
-10,-270,0,6.394113475177305
10,-270,0,6.394113475177305
30,-270,0,6.394113475177305
50,-270,0,6.394113475177305
70,-270,0,6.394113475177305
90,-270,0,6.394113475177305
110,-270,0,6.394113475177305
130,-270,0,6.394113475177305
150,-270,0,6.394113475177305
170,-270,0,6.394113475177305
190,-270,0,6.394113475177305
210,-270,0,6.394113475177305
230,-270,0,6.394113475177305
250,-270,0,6.394113475177305
270,-270,0,6.394113475177305
290,-270,0,6.394113475177305
310,-270,0,6.394113475177305
330,-270,0,6.394113475177305
350,-270,0,6.394113475177305
370,-270,0,6.394113475177305
390,-270,0,6.394113475177305
410,-270,0,6.394113475177305
430,-270,0,6.394113475177305
450,-270,0,6.394113475177305
470,-270,0,6.394113475177305
490,-270,0,6.394113475177305
510,-270,0,6.394113475177305
530,-270,0,6.394113475177305
550,-270,0,6.394113475177305
570,-270,0,6.394113475177305
590,-270,0,6.394113475177305
610,-270,0,6.394113475177305
630,-270,0,6.394113475177305
650,-270,0,6.394113475177305
670,-270,0,6.394113475177305
690,-270,0,6.394113475177305
710,-270,0,6.394113475177305
730,-270,0,6.394113475177305
750,-270,0,6.394113475177305
770,-270,0,6.394113475177305
790,-270,0,6.394113475177305
-790,-250,0,6.394113475177305
-770,-250,0,6.394113475177305
-750,-250,0,6.394113475177305
-730,-250,0,6.394113475177305
-710,-250,0,6.394113475177305
-690,-250,0,6.394113475177305
-670,-250,0,6.394113475177305
-650,-250,0,6.394113475177305
-630,-250,0,6.394113475177305
-610,-250,0,6.394113475177305
-590,-250,0,6.394113475177305
-570,-250,0,6.394113475177305
-550,-250,0,6.394113475177305
-530,-250,0,6.394113475177305
-510,-250,0,6.394113475177305
-490,-250,0,6.394113475177305
-470,-250,0,6.394113475177305
-450,-250,0,6.394113475177305
-430,-250,0,6.394113475177305
-410,-250,0,6.394113475177305
-390,-250,0,6.394113475177305
-370,-250,0,6.394113475177305
-350,-250,0,6.394113475177305
-330,-250,0,6.394113475177305
-310,-250,0,6.394113475177305
-290,-250,0,6.394113475177305
-270,-250,0,6.394113475177305
-250,-250,0,6.394113475177305
-230,-250,0,6.394113475177305
-210,-250,0,6.394113475177305
-190,-250,0,6.394113475177305
-170,-250,0,6.394113475177305
-150,-250,0,6.394113475177305
-130,-250,0,6.394113475177305
-110,-250,0,6.394113475177305
-90,-250,0,6.394113475177305
-70,-250,0,6.394113475177305
-50,-250,0,6.394113475177305
-30,-250,0,6.394113475177305
-10,-250,0,6.394113475177305
10,-250,0,6.394113475177305
30,-250,0,6.394113475177305
50,-250,0,6.394113475177305
70,-250,0,6.394113475177305
90,-250,0,6.394113475177305
110,-250,0,6.394113475177305
130,-250,0,6.394113475177305
150,-250,0,6.394113475177305
170,-250,0,6.394113475177305
190,-250,0,6.394113475177305
210,-250,0,6.394113475177305
230,-250,0,6.394113475177305
250,-250,0,6.394113475177305
270,-250,0,6.394113475177305
290,-250,0,6.394113475177305
310,-250,0,6.394113475177305
330,-250,0,6.394113475177305
350,-250,0,6.394113475177305
370,-250,0,6.394113475177305
390,-250,0,6.394113475177305
410,-250,0,6.394113475177305
430,-250,0,6.394113475177305
450,-250,0,6.394113475177305
470,-250,0,6.394113475177305
490,-250,0,6.394113475177305
510,-250,0,6.394113475177305
530,-250,0,6.394113475177305
550,-250,0,6.394113475177305
570,-250,0,6.394113475177305
590,-250,0,6.394113475177305
610,-250,0,6.394113475177305
630,-250,0,6.394113475177305
650,-250,0,6.394113475177305
670,-250,0,6.394113475177305
690,-250,0,6.394113475177305
710,-250,0,6.394113475177305
730,-250,0,6.394113475177305
750,-250,0,6.394113475177305
770,-250,0,6.394113475177305
790,-250,0,6.394113475177305
-790,-230,0,6.394113475177305
-770,-230,0,6.394113475177305
-750,-230,0,6.394113475177305
-730,-230,0,6.394113475177305
-710,-230,0,6.394113475177305
-690,-230,0,6.394113475177305
-670,-230,0,6.394113475177305
-650,-230,0,6.394113475177305
-630,-230,0,6.394113475177305
-610,-230,0,6.394113475177305
-590,-230,0,6.394113475177305
-570,-230,0,6.394113475177305
-550,-230,0,6.394113475177305
-530,-230,0,6.394113475177305
-510,-230,0,6.394113475177305
-490,-230,0,6.394113475177305
-470,-230,0,6.394113475177305
-450,-230,0,6.394113475177305
-430,-230,0,6.394113475177305
-410,-230,0,6.394113475177305
-390,-230,0,6.394113475177305
-370,-230,0,6.394113475177305
-350,-230,0,6.394113475177305
-330,-230,0,6.394113475177305
-310,-230,0,6.394113475177305
-290,-230,0,6.394113475177305
-270,-230,0,6.394113475177305
-250,-230,0,6.394113475177305
-230,-230,0,6.394113475177305
-210,-230,0,6.394113475177305
-190,-230,0,6.394113475177305
-170,-230,0,6.394113475177305
-150,-230,0,6.394113475177305
-130,-230,0,6.394113475177305
-110,-230,0,6.394113475177305
-90,-230,0,6.394113475177305
-70,-230,0,6.394113475177305
-50,-230,0,6.394113475177305
-30,-230,0,6.394113475177305
-10,-230,0,6.394113475177305
10,-230,0,6.394113475177305
30,-230,0,6.394113475177305
50,-230,0,6.394113475177305
70,-230,0,6.394113475177305
90,-230,0,6.394113475177305
110,-230,0,6.394113475177305
130,-230,0,6.394113475177305
150,-230,0,6.394113475177305
170,-230,0,6.394113475177305
190,-230,0,6.394113475177305
210,-230,0,6.394113475177305
230,-230,0,6.394113475177305
250,-230,0,6.394113475177305
270,-230,0,6.394113475177305
290,-230,0,6.394113475177305
310,-230,0,6.394113475177305
330,-230,0,6.394113475177305
350,-230,0,6.394113475177305
370,-230,0,6.394113475177305
390,-230,0,6.394113475177305
410,-230,0,6.394113475177305
430,-230,0,6.394113475177305
450,-230,0,6.394113475177305
470,-230,0,6.394113475177305
490,-230,0,6.394113475177305
510,-230,0,6.394113475177305
530,-230,0,6.394113475177305
550,-230,0,6.394113475177305
570,-230,0,6.394113475177305
590,-230,0,6.394113475177305
610,-230,0,6.394113475177305
630,-230,0,6.394113475177305
650,-230,0,6.394113475177305
670,-230,0,6.394113475177305
690,-230,0,6.394113475177305
710,-230,0,6.394113475177305
730,-230,0,6.394113475177305
750,-230,0,6.394113475177305
770,-230,0,6.394113475177305
790,-230,0,6.394113475177305
-790,-210,0,6.394113475177305
-770,-210,0,6.394113475177305
-750,-210,0,6.394113475177305
-730,-210,0,6.394113475177305
-710,-210,0,6.394113475177305
-690,-210,0,6.394113475177305
-670,-210,0,6.394113475177305
-650,-210,0,6.394113475177305
-630,-210,0,6.394113475177305
-610,-210,0,6.394113475177305
-590,-210,0,6.394113475177305
-570,-210,0,6.394113475177305
-550,-210,0,6.394113475177305
-530,-210,0,6.394113475177305
-510,-210,0,6.394113475177305
-490,-210,0,6.394113475177305
-470,-210,0,6.394113475177305
-450,-210,0,6.394113475177305
-430,-210,0,6.394113475177305
-410,-210,0,6.394113475177305
-390,-210,0,6.394113475177305
-370,-210,0,6.394113475177305
-350,-210,0,6.394113475177305
-330,-210,0,6.394113475177305
-310,-210,0,6.394113475177305
-290,-210,0,6.394113475177305
-270,-210,0,6.394113475177305
-250,-210,0,6.394113475177305
-230,-210,0,6.394113475177305
-210,-210,0,6.394113475177305
-190,-210,0,6.394113475177305
-170,-210,0,6.394113475177305
-150,-210,0,6.394113475177305
-130,-210,0,6.394113475177305
-110,-210,0,6.394113475177305
-90,-210,0,6.394113475177305
-70,-210,0,6.394113475177305
-50,-210,0,6.394113475177305
-30,-210,0,6.394113475177305
-10,-210,0,6.394113475177305
10,-210,0,6.394113475177305
30,-210,0,6.394113475177305
50,-210,0,6.394113475177305
70,-210,0,6.394113475177305
90,-210,0,6.394113475177305
110,-210,0,6.394113475177305
130,-210,0,6.394113475177305
150,-210,0,6.394113475177305
170,-210,0,6.394113475177305
190,-210,0,6.394113475177305
210,-210,0,6.394113475177305
230,-210,0,6.394113475177305
250,-210,0,6.394113475177305
270,-210,0,6.394113475177305
290,-210,0,6.394113475177305
310,-210,0,6.394113475177305
330,-210,0,6.394113475177305
350,-210,0,6.394113475177305
370,-210,0,6.394113475177305
390,-210,0,6.394113475177305
410,-210,0,6.394113475177305
430,-210,0,6.394113475177305
450,-210,0,6.394113475177305
470,-210,0,6.394113475177305
490,-210,0,6.394113475177305
510,-210,0,6.394113475177305
530,-210,0,6.394113475177305
550,-210,0,6.394113475177305
570,-210,0,6.394113475177305
590,-210,0,6.394113475177305
610,-210,0,6.394113475177305
630,-210,0,6.394113475177305
650,-210,0,6.394113475177305
670,-210,0,6.394113475177305
690,-210,0,6.394113475177305
710,-210,0,6.394113475177305
730,-210,0,6.394113475177305
750,-210,0,6.394113475177305
770,-210,0,6.394113475177305
790,-210,0,6.394113475177305
-790,-190,0,6.394113475177305
-770,-190,0,6.394113475177305
-750,-190,0,6.394113475177305
-730,-190,0,6.394113475177305
-710,-190,0,6.394113475177305
-690,-190,0,6.394113475177305
-670,-190,0,6.394113475177305
-650,-190,0,6.394113475177305
-630,-190,0,6.394113475177305
-610,-190,0,6.394113475177305
-590,-190,0,6.394113475177305
-570,-190,0,6.394113475177305
-550,-190,0,6.394113475177305
-530,-190,0,6.394113475177305
-510,-190,0,6.394113475177305
-490,-190,0,6.394113475177305
-470,-190,0,6.394113475177305
-450,-190,0,6.394113475177305
-430,-190,0,6.394113475177305
-410,-190,0,6.394113475177305
-390,-190,0,6.394113475177305
-370,-190,0,6.394113475177305
-350,-190,0,6.394113475177305
-330,-190,0,6.394113475177305
-310,-190,0,6.394113475177305
-290,-190,0,6.394113475177305
-270,-190,0,6.394113475177305
-250,-190,0,6.394113475177305
-230,-190,0,6.394113475177305
-210,-190,0,6.394113475177305
-190,-190,0,6.394113475177305
-170,-190,0,6.394113475177305
-150,-190,0,6.394113475177305
-130,-190,0,6.394113475177305
-110,-190,0,6.394113475177305
-90,-190,0,6.394113475177305
-70,-190,0,6.394113475177305
-50,-190,0,6.394113475177305
-30,-190,0,6.394113475177305
-10,-190,0,6.394113475177305
10,-190,0,6.394113475177305
30,-190,0,6.394113475177305
50,-190,0,6.394113475177305
70,-190,0,6.394113475177305
90,-190,0,6.394113475177305
110,-190,0,6.394113475177305
130,-190,0,6.394113475177305
150,-190,0,6.394113475177305
170,-190,0,6.394113475177305
190,-190,0,6.394113475177305
210,-190,0,6.394113475177305
230,-190,0,6.394113475177305
250,-190,0,6.394113475177305
270,-190,0,6.394113475177305
290,-190,0,6.394113475177305
310,-190,0,6.394113475177305
330,-190,0,6.394113475177305
350,-190,0,6.394113475177305
370,-190,0,6.394113475177305
390,-190,0,6.394113475177305
410,-190,0,6.394113475177305
430,-190,0,6.394113475177305
450,-190,0,6.394113475177305
470,-190,0,6.394113475177305
490,-190,0,6.394113475177305
510,-190,0,6.394113475177305
530,-190,0,6.394113475177305
550,-190,0,6.394113475177305
570,-190,0,6.394113475177305
590,-190,0,6.394113475177305
610,-190,0,6.394113475177305
630,-190,0,6.394113475177305
650,-190,0,6.394113475177305
670,-190,0,6.394113475177305
690,-190,0,6.394113475177305
710,-190,0,6.394113475177305
730,-190,0,6.394113475177305
750,-190,0,6.394113475177305
770,-190,0,6.394113475177305
790,-190,0,6.394113475177305
-790,-170,0,6.394113475177305
-770,-170,0,6.394113475177305
-750,-170,0,6.394113475177305
-730,-170,0,6.394113475177305
-710,-170,0,6.394113475177305
-690,-170,0,6.394113475177305
-670,-170,0,6.394113475177305
-650,-170,0,6.394113475177305
-630,-170,0,6.394113475177305
-610,-170,0,6.394113475177305
-590,-170,0,6.394113475177305
-570,-170,0,6.394113475177305
-550,-170,0,6.394113475177305
-530,-170,0,6.394113475177305
-510,-170,0,6.394113475177305
-490,-170,0,6.394113475177305
-470,-170,0,6.394113475177305
-450,-170,0,6.394113475177305
-430,-170,0,6.394113475177305
-410,-170,0,6.394113475177305
-390,-170,0,6.394113475177305
-370,-170,0,6.394113475177305
-350,-170,0,6.394113475177305
-330,-170,0,6.394113475177305
-310,-170,0,6.394113475177305
-290,-170,0,6.394113475177305
-270,-170,0,6.394113475177305
-250,-170,0,6.394113475177305
-230,-170,0,6.394113475177305
-210,-170,0,6.394113475177305
-190,-170,0,6.394113475177305
-170,-170,0,6.394113475177305
-150,-170,0,6.394113475177305
-130,-170,0,6.394113475177305
-110,-170,0,6.394113475177305
-90,-170,0,6.394113475177305
-70,-170,0,6.394113475177305
-50,-170,0,6.394113475177305
-30,-170,0,6.394113475177305
-10,-170,0,6.394113475177305
10,-170,0,6.394113475177305
30,-170,0,6.394113475177305
50,-170,0,6.394113475177305
70,-170,0,6.394113475177305
90,-170,0,6.394113475177305
110,-170,0,6.394113475177305
130,-170,0,6.394113475177305
150,-170,0,6.394113475177305
170,-170,0,6.394113475177305
190,-170,0,6.394113475177305
210,-170,0,6.394113475177305
230,-170,0,6.394113475177305
250,-170,0,6.394113475177305
270,-170,0,6.394113475177305
290,-170,0,6.394113475177305
310,-170,0,6.394113475177305
330,-170,0,6.394113475177305
350,-170,0,6.394113475177305
370,-170,0,6.394113475177305
390,-170,0,6.394113475177305
410,-170,0,6.394113475177305
430,-170,0,6.394113475177305
450,-170,0,6.394113475177305
470,-170,0,6.394113475177305
490,-170,0,6.394113475177305
510,-170,0,6.394113475177305
530,-170,0,6.394113475177305
550,-170,0,6.394113475177305
570,-170,0,6.394113475177305
590,-170,0,6.394113475177305
610,-170,0,6.394113475177305
630,-170,0,6.394113475177305
650,-170,0,6.394113475177305
670,-170,0,6.394113475177305
690,-170,0,6.394113475177305
710,-170,0,6.394113475177305
730,-170,0,6.394113475177305
750,-170,0,6.394113475177305
770,-170,0,6.394113475177305
790,-170,0,6.394113475177305
-790,-150,0,6.394113475177305
-770,-150,0,6.394113475177305
-750,-150,0,6.394113475177305
-730,-150,0,6.394113475177305
-710,-150,0,6.394113475177305
-690,-150,0,6.394113475177305
-670,-150,0,6.394113475177305
-650,-150,0,6.394113475177305
-630,-150,0,6.394113475177305
-610,-150,0,6.394113475177305
-590,-150,0,6.394113475177305
-570,-150,0,6.394113475177305
-550,-150,0,6.394113475177305
-530,-150,0,6.394113475177305
-510,-150,0,6.394113475177305
-490,-150,0,6.394113475177305
-470,-150,0,6.394113475177305
-450,-150,0,6.394113475177305
-430,-150,0,6.394113475177305
-410,-150,0,6.394113475177305
-390,-150,0,6.394113475177305
-370,-150,0,6.394113475177305
-350,-150,0,6.394113475177305
-330,-150,0,6.394113475177305
-310,-150,0,6.394113475177305
-290,-150,0,6.394113475177305
-270,-150,0,6.394113475177305
-250,-150,0,6.394113475177305
-230,-150,0,6.394113475177305
-210,-150,0,6.394113475177305
-190,-150,0,6.394113475177305
-170,-150,0,6.394113475177305
-150,-150,0,6.394113475177305
-130,-150,0,6.394113475177305
-110,-150,0,6.394113475177305
-90,-150,0,6.394113475177305
-70,-150,0,6.394113475177305
-50,-150,0,6.394113475177305
-30,-150,0,6.394113475177305
-10,-150,0,6.394113475177305
10,-150,0,6.394113475177305
30,-150,0,6.394113475177305
50,-150,0,6.394113475177305
70,-150,0,6.394113475177305
90,-150,0,6.394113475177305
110,-150,0,6.394113475177305
130,-150,0,6.394113475177305
150,-150,0,6.394113475177305
170,-150,0,6.394113475177305
190,-150,0,6.394113475177305
210,-150,0,6.394113475177305
230,-150,0,6.394113475177305
250,-150,0,6.394113475177305
270,-150,0,6.394113475177305
290,-150,0,6.394113475177305
310,-150,0,6.394113475177305
330,-150,0,6.394113475177305
350,-150,0,6.394113475177305
370,-150,0,6.394113475177305
390,-150,0,6.394113475177305
410,-150,0,6.394113475177305
430,-150,0,6.394113475177305
450,-150,0,6.394113475177305
470,-150,0,6.394113475177305
490,-150,0,6.394113475177305
510,-150,0,6.394113475177305
530,-150,0,6.394113475177305
550,-150,0,6.394113475177305
570,-150,0,6.394113475177305
590,-150,0,6.394113475177305
610,-150,0,6.394113475177305
630,-150,0,6.394113475177305
650,-150,0,6.394113475177305
670,-150,0,6.394113475177305
690,-150,0,6.394113475177305
710,-150,0,6.394113475177305
730,-150,0,6.394113475177305
750,-150,0,6.394113475177305
770,-150,0,6.394113475177305
790,-150,0,6.394113475177305
-790,-130,0,6.394113475177305
-770,-130,0,6.394113475177305
-750,-130,0,6.394113475177305
-730,-130,0,6.394113475177305
-710,-130,0,6.394113475177305
-690,-130,0,6.394113475177305
-670,-130,0,6.394113475177305
-650,-130,0,6.394113475177305
-630,-130,0,6.394113475177305
-610,-130,0,6.394113475177305
-590,-130,0,6.394113475177305
-570,-130,0,6.394113475177305
-550,-130,0,6.394113475177305
-530,-130,0,6.394113475177305
-510,-130,0,6.394113475177305
-490,-130,0,6.394113475177305
-470,-130,0,6.394113475177305
-450,-130,0,6.394113475177305
-430,-130,0,6.394113475177305
-410,-130,0,6.394113475177305
-390,-130,0,6.394113475177305
-370,-130,0,6.394113475177305
-350,-130,0,6.394113475177305
-330,-130,0,6.394113475177305
-310,-130,0,6.394113475177305
-290,-130,0,6.394113475177305
-270,-130,0,6.394113475177305
-250,-130,0,6.394113475177305
-230,-130,0,6.394113475177305
-210,-130,0,6.394113475177305
-190,-130,0,6.394113475177305
-170,-130,0,6.394113475177305
-150,-130,0,6.394113475177305
-130,-130,0,6.394113475177305
-110,-130,0,6.394113475177305
-90,-130,0,6.394113475177305
-70,-130,0,6.394113475177305
-50,-130,0,6.394113475177305
-30,-130,0,6.394113475177305
-10,-130,0,6.394113475177305
10,-130,0,6.394113475177305
30,-130,0,6.394113475177305
50,-130,0,6.394113475177305
70,-130,0,6.394113475177305
90,-130,0,6.394113475177305
110,-130,0,6.394113475177305
130,-130,0,6.394113475177305
150,-130,0,6.394113475177305
170,-130,0,6.394113475177305
190,-130,0,6.394113475177305
210,-130,0,6.394113475177305
230,-130,0,6.394113475177305
250,-130,0,6.394113475177305
270,-130,0,6.394113475177305
290,-130,0,6.394113475177305
310,-130,0,6.394113475177305
330,-130,0,6.394113475177305
350,-130,0,6.394113475177305
370,-130,0,6.394113475177305
390,-130,0,6.394113475177305
410,-130,0,6.394113475177305
430,-130,0,6.394113475177305
450,-130,0,6.394113475177305
470,-130,0,6.394113475177305
490,-130,0,6.394113475177305
510,-130,0,6.394113475177305
530,-130,0,6.394113475177305
550,-130,0,6.394113475177305
570,-130,0,6.394113475177305
590,-130,0,6.394113475177305
610,-130,0,6.394113475177305
630,-130,0,6.394113475177305
650,-130,0,6.394113475177305
670,-130,0,6.394113475177305
690,-130,0,6.394113475177305
710,-130,0,6.394113475177305
730,-130,0,6.394113475177305
750,-130,0,6.394113475177305
770,-130,0,6.394113475177305
790,-130,0,6.394113475177305
-790,-110,0,6.394113475177305
-770,-110,0,6.394113475177305
-750,-110,0,6.394113475177305
-730,-110,0,6.394113475177305
-710,-110,0,6.394113475177305
-690,-110,0,6.394113475177305
-670,-110,0,6.394113475177305
-650,-110,0,6.394113475177305
-630,-110,0,6.394113475177305
-610,-110,0,6.394113475177305
-590,-110,0,6.394113475177305
-570,-110,0,6.394113475177305
-550,-110,0,6.394113475177305
-530,-110,0,6.394113475177305
-510,-110,0,6.394113475177305
-490,-110,0,6.394113475177305
-470,-110,0,6.394113475177305
-450,-110,0,6.394113475177305
-430,-110,0,6.394113475177305
-410,-110,0,6.394113475177305
-390,-110,0,6.394113475177305
-370,-110,0,6.394113475177305
-350,-110,0,6.394113475177305
-330,-110,0,6.394113475177305
-310,-110,0,6.394113475177305
-290,-110,0,6.394113475177305
-270,-110,0,6.394113475177305
-250,-110,0,6.394113475177305
-230,-110,0,6.394113475177305
-210,-110,0,6.394113475177305
-190,-110,0,6.394113475177305
-170,-110,0,6.394113475177305
-150,-110,0,6.394113475177305
-130,-110,0,6.394113475177305
-110,-110,0,6.394113475177305
-90,-110,0,6.394113475177305
-70,-110,0,6.394113475177305
-50,-110,0,6.394113475177305
-30,-110,0,6.394113475177305
-10,-110,0,6.394113475177305
10,-110,0,6.394113475177305
30,-110,0,6.394113475177305
50,-110,0,6.394113475177305
70,-110,0,6.394113475177305
90,-110,0,6.394113475177305
110,-110,0,6.394113475177305
130,-110,0,6.394113475177305
150,-110,0,6.394113475177305
170,-110,0,6.394113475177305
190,-110,0,6.394113475177305
210,-110,0,6.394113475177305
230,-110,0,6.394113475177305
250,-110,0,6.394113475177305
270,-110,0,6.394113475177305
290,-110,0,6.394113475177305
310,-110,0,6.394113475177305
330,-110,0,6.394113475177305
350,-110,0,6.394113475177305
370,-110,0,6.394113475177305
390,-110,0,6.394113475177305
410,-110,0,6.394113475177305
430,-110,0,6.394113475177305
450,-110,0,6.394113475177305
470,-110,0,6.394113475177305
490,-110,0,6.394113475177305
510,-110,0,6.394113475177305
530,-110,0,6.394113475177305
550,-110,0,6.394113475177305
570,-110,0,6.394113475177305
590,-110,0,6.394113475177305
610,-110,0,6.394113475177305
630,-110,0,6.394113475177305
650,-110,0,6.394113475177305
670,-110,0,6.394113475177305
690,-110,0,6.394113475177305
710,-110,0,6.394113475177305
730,-110,0,6.394113475177305
750,-110,0,6.394113475177305
770,-110,0,6.394113475177305
790,-110,0,6.394113475177305
-790,-90,0,6.394113475177305
-770,-90,0,6.394113475177305
-750,-90,0,6.394113475177305
-730,-90,0,6.394113475177305
-710,-90,0,6.394113475177305
-690,-90,0,6.394113475177305
-670,-90,0,6.394113475177305
-650,-90,0,6.394113475177305
-630,-90,0,6.394113475177305
-610,-90,0,6.394113475177305
-590,-90,0,6.394113475177305
-570,-90,0,6.394113475177305
-550,-90,0,6.394113475177305
-530,-90,0,6.394113475177305
-510,-90,0,6.394113475177305
-490,-90,0,6.394113475177305
-470,-90,0,6.394113475177305
-450,-90,0,6.394113475177305
-430,-90,0,6.394113475177305
-410,-90,0,6.394113475177305
-390,-90,0,6.394113475177305
-370,-90,0,6.394113475177305
-350,-90,0,6.394113475177305
-330,-90,0,6.394113475177305
-310,-90,0,6.394113475177305
-290,-90,0,6.394113475177305
-270,-90,0,6.394113475177305
-250,-90,0,6.394113475177305
-230,-90,0,6.394113475177305
-210,-90,0,6.394113475177305
-190,-90,0,6.394113475177305
-170,-90,0,6.394113475177305
-150,-90,0,6.394113475177305
-130,-90,0,6.394113475177305
-110,-90,0,6.394113475177305
-90,-90,0,6.394113475177305
-70,-90,0,6.394113475177305
-50,-90,0,6.394113475177305
-30,-90,0,6.394113475177305
-10,-90,0,6.394113475177305
10,-90,0,6.394113475177305
30,-90,0,6.394113475177305
50,-90,0,6.394113475177305
70,-90,0,6.394113475177305
90,-90,0,6.394113475177305
110,-90,0,6.394113475177305
130,-90,0,6.394113475177305
150,-90,0,6.394113475177305
170,-90,0,6.394113475177305
190,-90,0,6.394113475177305
210,-90,0,6.394113475177305
230,-90,0,6.394113475177305
250,-90,0,6.394113475177305
270,-90,0,6.394113475177305
290,-90,0,6.394113475177305
310,-90,0,6.394113475177305
330,-90,0,6.394113475177305
350,-90,0,6.394113475177305
370,-90,0,6.394113475177305
390,-90,0,6.394113475177305
410,-90,0,6.394113475177305
430,-90,0,6.394113475177305
450,-90,0,6.394113475177305
470,-90,0,6.394113475177305
490,-90,0,6.394113475177305
510,-90,0,6.394113475177305
530,-90,0,6.394113475177305
550,-90,0,6.394113475177305
570,-90,0,6.394113475177305
590,-90,0,6.394113475177305
610,-90,0,6.394113475177305
630,-90,0,6.394113475177305
650,-90,0,6.394113475177305
670,-90,0,6.394113475177305
690,-90,0,6.394113475177305
710,-90,0,6.394113475177305
730,-90,0,6.394113475177305
750,-90,0,6.394113475177305
770,-90,0,6.394113475177305
790,-90,0,6.394113475177305
-790,-70,0,6.394113475177305
-770,-70,0,6.394113475177305
-750,-70,0,6.394113475177305
-730,-70,0,6.394113475177305
-710,-70,0,6.394113475177305
-690,-70,0,6.394113475177305
-670,-70,0,6.394113475177305
-650,-70,0,6.394113475177305
-630,-70,0,6.394113475177305
-610,-70,0,6.394113475177305
-590,-70,0,6.394113475177305
-570,-70,0,6.394113475177305
-550,-70,0,6.394113475177305
-530,-70,0,6.394113475177305
-510,-70,0,6.394113475177305
-490,-70,0,6.394113475177305
-470,-70,0,6.394113475177305
-450,-70,0,6.394113475177305
-430,-70,0,6.394113475177305
-410,-70,0,6.394113475177305
-390,-70,0,6.394113475177305
-370,-70,0,6.394113475177305
-350,-70,0,6.394113475177305
-330,-70,0,6.394113475177305
-310,-70,0,6.394113475177305
-290,-70,0,6.394113475177305
-270,-70,0,6.394113475177305
-250,-70,0,6.394113475177305
-230,-70,0,6.394113475177305
-210,-70,0,6.394113475177305
-190,-70,0,6.394113475177305
-170,-70,0,6.394113475177305
-150,-70,0,6.394113475177305
-130,-70,0,6.394113475177305
-110,-70,0,6.394113475177305
-90,-70,0,6.394113475177305
-70,-70,0,6.394113475177305
-50,-70,0,6.394113475177305
-30,-70,0,6.394113475177305
-10,-70,0,6.394113475177305
10,-70,0,6.394113475177305
30,-70,0,6.394113475177305
50,-70,0,6.394113475177305
70,-70,0,6.394113475177305
90,-70,0,6.394113475177305
110,-70,0,6.394113475177305
130,-70,0,6.394113475177305
150,-70,0,6.394113475177305
170,-70,0,6.394113475177305
190,-70,0,6.394113475177305
210,-70,0,6.394113475177305
230,-70,0,6.394113475177305
250,-70,0,6.394113475177305
270,-70,0,6.394113475177305
290,-70,0,6.394113475177305
310,-70,0,6.394113475177305
330,-70,0,6.394113475177305
350,-70,0,6.394113475177305
370,-70,0,6.394113475177305
390,-70,0,6.394113475177305
410,-70,0,6.394113475177305
430,-70,0,6.394113475177305
450,-70,0,6.394113475177305
470,-70,0,6.394113475177305
490,-70,0,6.394113475177305
510,-70,0,6.394113475177305
530,-70,0,6.394113475177305
550,-70,0,6.394113475177305
570,-70,0,6.394113475177305
590,-70,0,6.394113475177305
610,-70,0,6.394113475177305
630,-70,0,6.394113475177305
650,-70,0,6.394113475177305
670,-70,0,6.394113475177305
690,-70,0,6.394113475177305
710,-70,0,6.394113475177305
730,-70,0,6.394113475177305
750,-70,0,6.394113475177305
770,-70,0,6.394113475177305
790,-70,0,6.394113475177305
-790,-50,0,6.394113475177305
-770,-50,0,6.394113475177305
-750,-50,0,6.394113475177305
-730,-50,0,6.394113475177305
-710,-50,0,6.394113475177305
-690,-50,0,6.394113475177305
-670,-50,0,6.394113475177305
-650,-50,0,6.394113475177305
-630,-50,0,6.394113475177305
-610,-50,0,6.394113475177305
-590,-50,0,6.394113475177305
-570,-50,0,6.394113475177305
-550,-50,0,6.394113475177305
-530,-50,0,6.394113475177305
-510,-50,0,6.394113475177305
-490,-50,0,6.394113475177305
-470,-50,0,6.394113475177305
-450,-50,0,6.394113475177305
-430,-50,0,6.394113475177305
-410,-50,0,6.394113475177305
-390,-50,0,6.394113475177305
-370,-50,0,6.394113475177305
-350,-50,0,6.394113475177305
-330,-50,0,6.394113475177305
-310,-50,0,6.394113475177305
-290,-50,0,6.394113475177305
-270,-50,0,6.394113475177305
-250,-50,0,6.394113475177305
-230,-50,0,6.394113475177305
-210,-50,0,6.394113475177305
-190,-50,0,6.394113475177305
-170,-50,0,6.394113475177305
-150,-50,0,6.394113475177305
-130,-50,0,6.394113475177305
-110,-50,0,6.394113475177305
-90,-50,0,6.394113475177305
-70,-50,0,6.394113475177305
-50,-50,0,6.394113475177305
-30,-50,0,6.394113475177305
-10,-50,0,6.394113475177305
10,-50,0,6.394113475177305
30,-50,0,6.394113475177305
50,-50,0,6.394113475177305
70,-50,0,6.394113475177305
90,-50,0,6.394113475177305
110,-50,0,6.394113475177305
130,-50,0,6.394113475177305
150,-50,0,6.394113475177305
170,-50,0,6.394113475177305
190,-50,0,6.394113475177305
210,-50,0,6.394113475177305
230,-50,0,6.394113475177305
250,-50,0,6.394113475177305
270,-50,0,6.394113475177305
290,-50,0,6.394113475177305
310,-50,0,6.394113475177305
330,-50,0,6.394113475177305
350,-50,0,6.394113475177305
370,-50,0,6.394113475177305
390,-50,0,6.394113475177305
410,-50,0,6.394113475177305
430,-50,0,6.394113475177305
450,-50,0,6.394113475177305
470,-50,0,6.394113475177305
490,-50,0,6.394113475177305
510,-50,0,6.394113475177305
530,-50,0,6.394113475177305
550,-50,0,6.394113475177305
570,-50,0,6.394113475177305
590,-50,0,6.394113475177305
610,-50,0,6.394113475177305
630,-50,0,6.394113475177305
650,-50,0,6.394113475177305
670,-50,0,6.394113475177305
690,-50,0,6.394113475177305
710,-50,0,6.394113475177305
730,-50,0,6.394113475177305
750,-50,0,6.394113475177305
770,-50,0,6.394113475177305
790,-50,0,6.394113475177305
-790,-30,0,6.394113475177305
-770,-30,0,6.394113475177305
-750,-30,0,6.394113475177305
-730,-30,0,6.394113475177305
-710,-30,0,6.394113475177305
-690,-30,0,6.394113475177305
-670,-30,0,6.394113475177305
-650,-30,0,6.394113475177305
-630,-30,0,6.394113475177305
-610,-30,0,6.394113475177305
-590,-30,0,6.394113475177305
-570,-30,0,6.394113475177305
-550,-30,0,6.394113475177305
-530,-30,0,6.394113475177305
-510,-30,0,6.394113475177305
-490,-30,0,6.394113475177305
-470,-30,0,6.394113475177305
-450,-30,0,6.394113475177305
-430,-30,0,6.394113475177305
-410,-30,0,6.394113475177305
-390,-30,0,6.394113475177305
-370,-30,0,6.394113475177305
-350,-30,0,6.394113475177305
-330,-30,0,6.394113475177305
-310,-30,0,6.394113475177305
-290,-30,0,6.394113475177305
-270,-30,0,6.394113475177305
-250,-30,0,6.394113475177305
-230,-30,0,6.394113475177305
-210,-30,0,6.394113475177305
-190,-30,0,6.394113475177305
-170,-30,0,6.394113475177305
-150,-30,0,6.394113475177305
-130,-30,0,6.394113475177305
-110,-30,0,6.394113475177305
-90,-30,0,6.394113475177305
-70,-30,0,6.394113475177305
-50,-30,0,6.394113475177305
-30,-30,0,6.394113475177305
-10,-30,0,6.394113475177305
10,-30,0,6.394113475177305
30,-30,0,6.394113475177305
50,-30,0,6.394113475177305
70,-30,0,6.394113475177305
90,-30,0,6.394113475177305
110,-30,0,6.394113475177305
130,-30,0,6.394113475177305
150,-30,0,6.394113475177305
170,-30,0,6.394113475177305
190,-30,0,6.394113475177305
210,-30,0,6.394113475177305
230,-30,0,6.394113475177305
250,-30,0,6.394113475177305
270,-30,0,6.394113475177305
290,-30,0,6.394113475177305
310,-30,0,6.394113475177305
330,-30,0,6.394113475177305
350,-30,0,6.394113475177305
370,-30,0,6.394113475177305
390,-30,0,6.394113475177305
410,-30,0,6.394113475177305
430,-30,0,6.394113475177305
450,-30,0,6.394113475177305
470,-30,0,6.394113475177305
490,-30,0,6.394113475177305
510,-30,0,6.394113475177305
530,-30,0,6.394113475177305
550,-30,0,6.394113475177305
570,-30,0,6.394113475177305
590,-30,0,6.394113475177305
610,-30,0,6.394113475177305
630,-30,0,6.394113475177305
650,-30,0,6.394113475177305
670,-30,0,6.394113475177305
690,-30,0,6.394113475177305
710,-30,0,6.394113475177305
730,-30,0,6.394113475177305
750,-30,0,6.394113475177305
770,-30,0,6.394113475177305
790,-30,0,6.394113475177305
-790,-10,0,6.394113475177305
-770,-10,0,6.394113475177305
-750,-10,0,6.394113475177305
-730,-10,0,6.394113475177305
-710,-10,0,6.394113475177305
-690,-10,0,6.394113475177305
-670,-10,0,6.394113475177305
-650,-10,0,6.394113475177305
-630,-10,0,6.394113475177305
-610,-10,0,6.394113475177305
-590,-10,0,6.394113475177305
-570,-10,0,6.394113475177305
-550,-10,0,6.394113475177305
-530,-10,0,6.394113475177305
-510,-10,0,6.394113475177305
-490,-10,0,6.394113475177305
-470,-10,0,6.394113475177305
-450,-10,0,6.394113475177305
-430,-10,0,6.394113475177305
-410,-10,0,6.394113475177305
-390,-10,0,6.394113475177305
-370,-10,0,6.394113475177305
-350,-10,0,6.394113475177305
-330,-10,0,6.394113475177305
-310,-10,0,6.394113475177305
-290,-10,0,6.394113475177305
-270,-10,0,6.394113475177305
-250,-10,0,6.394113475177305
-230,-10,0,6.394113475177305
-210,-10,0,6.394113475177305
-190,-10,0,6.394113475177305
-170,-10,0,6.394113475177305
-150,-10,0,6.394113475177305
-130,-10,0,6.394113475177305
-110,-10,0,6.394113475177305
-90,-10,0,6.394113475177305
-70,-10,0,6.394113475177305
-50,-10,0,6.394113475177305
-30,-10,0,6.394113475177305
-10,-10,0,6.394113475177305
10,-10,0,6.394113475177305
30,-10,0,6.394113475177305
50,-10,0,6.394113475177305
70,-10,0,6.394113475177305
90,-10,0,6.394113475177305
110,-10,0,6.394113475177305
130,-10,0,6.394113475177305
150,-10,0,6.394113475177305
170,-10,0,6.394113475177305
190,-10,0,6.394113475177305
210,-10,0,6.394113475177305
230,-10,0,6.394113475177305
250,-10,0,6.394113475177305
270,-10,0,6.394113475177305
290,-10,0,6.394113475177305
310,-10,0,6.394113475177305
330,-10,0,6.394113475177305
350,-10,0,6.394113475177305
370,-10,0,6.394113475177305
390,-10,0,6.394113475177305
410,-10,0,6.394113475177305
430,-10,0,6.394113475177305
450,-10,0,6.394113475177305
470,-10,0,6.394113475177305
490,-10,0,6.394113475177305
510,-10,0,6.394113475177305
530,-10,0,6.394113475177305
550,-10,0,6.394113475177305
570,-10,0,6.394113475177305
590,-10,0,6.394113475177305
610,-10,0,6.394113475177305
630,-10,0,6.394113475177305
650,-10,0,6.394113475177305
670,-10,0,6.394113475177305
690,-10,0,6.394113475177305
710,-10,0,6.394113475177305
730,-10,0,6.394113475177305
750,-10,0,6.394113475177305
770,-10,0,6.394113475177305
790,-10,0,6.394113475177305
-790,10,0,6.394113475177305
-770,10,0,6.394113475177305
-750,10,0,6.394113475177305
-730,10,0,6.394113475177305
-710,10,0,6.394113475177305
-690,10,0,6.394113475177305
-670,10,0,6.394113475177305
-650,10,0,6.394113475177305
-630,10,0,6.394113475177305
-610,10,0,6.394113475177305
-590,10,0,6.394113475177305
-570,10,0,6.394113475177305
-550,10,0,6.394113475177305
-530,10,0,6.394113475177305
-510,10,0,6.394113475177305
-490,10,0,6.394113475177305
-470,10,0,6.394113475177305
-450,10,0,6.394113475177305
-430,10,0,6.394113475177305
-410,10,0,6.394113475177305
-390,10,0,6.394113475177305
-370,10,0,6.394113475177305
-350,10,0,6.394113475177305
-330,10,0,6.394113475177305
-310,10,0,6.394113475177305
-290,10,0,6.394113475177305
-270,10,0,6.394113475177305
-250,10,0,6.394113475177305
-230,10,0,6.394113475177305
-210,10,0,6.394113475177305
-190,10,0,6.394113475177305
-170,10,0,6.394113475177305
-150,10,0,6.394113475177305
-130,10,0,6.394113475177305
-110,10,0,6.394113475177305
-90,10,0,6.394113475177305
-70,10,0,6.394113475177305
-50,10,0,6.394113475177305
-30,10,0,6.394113475177305
-10,10,0,6.394113475177305
10,10,0,6.394113475177305
30,10,0,6.394113475177305
50,10,0,6.394113475177305
70,10,0,6.394113475177305
90,10,0,6.394113475177305
110,10,0,6.394113475177305
130,10,0,6.394113475177305
150,10,0,6.394113475177305
170,10,0,6.394113475177305
190,10,0,6.394113475177305
210,10,0,6.394113475177305
230,10,0,6.394113475177305
250,10,0,6.394113475177305
270,10,0,6.394113475177305
290,10,0,6.394113475177305
310,10,0,6.394113475177305
330,10,0,6.394113475177305
350,10,0,6.394113475177305
370,10,0,6.394113475177305
390,10,0,6.394113475177305
410,10,0,6.394113475177305
430,10,0,6.394113475177305
450,10,0,6.394113475177305
470,10,0,6.394113475177305
490,10,0,6.394113475177305
510,10,0,6.394113475177305
530,10,0,6.394113475177305
550,10,0,6.394113475177305
570,10,0,6.394113475177305
590,10,0,6.394113475177305
610,10,0,6.394113475177305
630,10,0,6.394113475177305
650,10,0,6.394113475177305
670,10,0,6.394113475177305
690,10,0,6.394113475177305
710,10,0,6.394113475177305
730,10,0,6.394113475177305
750,10,0,6.394113475177305
770,10,0,6.394113475177305
790,10,0,6.394113475177305
-790,30,0,6.394113475177305
-770,30,0,6.394113475177305
-750,30,0,6.394113475177305
-730,30,0,6.394113475177305
-710,30,0,6.394113475177305
-690,30,0,6.394113475177305
-670,30,0,6.394113475177305
-650,30,0,6.394113475177305
-630,30,0,6.394113475177305
-610,30,0,6.394113475177305
-590,30,0,6.394113475177305
-570,30,0,6.394113475177305
-550,30,0,6.394113475177305
-530,30,0,6.394113475177305
-510,30,0,6.394113475177305
-490,30,0,6.394113475177305
-470,30,0,6.394113475177305
-450,30,0,6.394113475177305
-430,30,0,6.394113475177305
-410,30,0,6.394113475177305
-390,30,0,6.394113475177305
-370,30,0,6.394113475177305
-350,30,0,6.394113475177305
-330,30,0,6.394113475177305
-310,30,0,6.394113475177305
-290,30,0,6.394113475177305
-270,30,0,6.394113475177305
-250,30,0,6.394113475177305
-230,30,0,6.394113475177305
-210,30,0,6.394113475177305
-190,30,0,6.394113475177305
-170,30,0,6.394113475177305
-150,30,0,6.394113475177305
-130,30,0,6.394113475177305
-110,30,0,6.394113475177305
-90,30,0,6.394113475177305
-70,30,0,6.394113475177305
-50,30,0,6.394113475177305
-30,30,0,6.394113475177305
-10,30,0,6.394113475177305
10,30,0,6.394113475177305
30,30,0,6.394113475177305
50,30,0,6.394113475177305
70,30,0,6.394113475177305
90,30,0,6.394113475177305
110,30,0,6.394113475177305
130,30,0,6.394113475177305
150,30,0,6.394113475177305
170,30,0,6.394113475177305
190,30,0,6.394113475177305
210,30,0,6.394113475177305
230,30,0,6.394113475177305
250,30,0,6.394113475177305
270,30,0,6.394113475177305
290,30,0,6.394113475177305
310,30,0,6.394113475177305
330,30,0,6.394113475177305
350,30,0,6.394113475177305
370,30,0,6.394113475177305
390,30,0,6.394113475177305
410,30,0,6.394113475177305
430,30,0,6.394113475177305
450,30,0,6.394113475177305
470,30,0,6.394113475177305
490,30,0,6.394113475177305
510,30,0,6.394113475177305
530,30,0,6.394113475177305
550,30,0,6.394113475177305
570,30,0,6.394113475177305
590,30,0,6.394113475177305
610,30,0,6.394113475177305
630,30,0,6.394113475177305
650,30,0,6.394113475177305
670,30,0,6.394113475177305
690,30,0,6.394113475177305
710,30,0,6.394113475177305
730,30,0,6.394113475177305
750,30,0,6.394113475177305
770,30,0,6.394113475177305
790,30,0,6.394113475177305
-790,50,0,6.394113475177305
-770,50,0,6.394113475177305
-750,50,0,6.394113475177305
-730,50,0,6.394113475177305
-710,50,0,6.394113475177305
-690,50,0,6.394113475177305
-670,50,0,6.394113475177305
-650,50,0,6.394113475177305
-630,50,0,6.394113475177305
-610,50,0,6.394113475177305
-590,50,0,6.394113475177305
-570,50,0,6.394113475177305
-550,50,0,6.394113475177305
-530,50,0,6.394113475177305
-510,50,0,6.394113475177305
-490,50,0,6.394113475177305
-470,50,0,6.394113475177305
-450,50,0,6.394113475177305
-430,50,0,6.394113475177305
-410,50,0,6.394113475177305
-390,50,0,6.394113475177305
-370,50,0,6.394113475177305
-350,50,0,6.394113475177305
-330,50,0,6.394113475177305
-310,50,0,6.394113475177305
-290,50,0,6.394113475177305
-270,50,0,6.394113475177305
-250,50,0,6.394113475177305
-230,50,0,6.394113475177305
-210,50,0,6.394113475177305
-190,50,0,6.394113475177305
-170,50,0,6.394113475177305
-150,50,0,6.394113475177305
-130,50,0,6.394113475177305
-110,50,0,6.394113475177305
-90,50,0,6.394113475177305
-70,50,0,6.394113475177305
-50,50,0,6.394113475177305
-30,50,0,6.394113475177305
-10,50,0,6.394113475177305
10,50,0,6.394113475177305
30,50,0,6.394113475177305
50,50,0,6.394113475177305
70,50,0,6.394113475177305
90,50,0,6.394113475177305
110,50,0,6.394113475177305
130,50,0,6.394113475177305
150,50,0,6.394113475177305
170,50,0,6.394113475177305
190,50,0,6.394113475177305
210,50,0,6.394113475177305
230,50,0,6.394113475177305
250,50,0,6.394113475177305
270,50,0,6.394113475177305
290,50,0,6.394113475177305
310,50,0,6.394113475177305
330,50,0,6.394113475177305
350,50,0,6.394113475177305
370,50,0,6.394113475177305
390,50,0,6.394113475177305
410,50,0,6.394113475177305
430,50,0,6.394113475177305
450,50,0,6.394113475177305
470,50,0,6.394113475177305
490,50,0,6.394113475177305
510,50,0,6.394113475177305
530,50,0,6.394113475177305
550,50,0,6.394113475177305
570,50,0,6.394113475177305
590,50,0,6.394113475177305
610,50,0,6.394113475177305
630,50,0,6.394113475177305
650,50,0,6.394113475177305
670,50,0,6.394113475177305
690,50,0,6.394113475177305
710,50,0,6.394113475177305
730,50,0,6.394113475177305
750,50,0,6.394113475177305
770,50,0,6.394113475177305
790,50,0,6.394113475177305
-790,70,0,6.394113475177305
-770,70,0,6.394113475177305
-750,70,0,6.394113475177305
-730,70,0,6.394113475177305
-710,70,0,6.394113475177305
-690,70,0,6.394113475177305
-670,70,0,6.394113475177305
-650,70,0,6.394113475177305
-630,70,0,6.394113475177305
-610,70,0,6.394113475177305
-590,70,0,6.394113475177305
-570,70,0,6.394113475177305
-550,70,0,6.394113475177305
-530,70,0,6.394113475177305
-510,70,0,6.394113475177305
-490,70,0,6.394113475177305
-470,70,0,6.394113475177305
-450,70,0,6.394113475177305
-430,70,0,6.394113475177305
-410,70,0,6.394113475177305
-390,70,0,6.394113475177305
-370,70,0,6.394113475177305
-350,70,0,6.394113475177305
-330,70,0,6.394113475177305
-310,70,0,6.394113475177305
-290,70,0,6.394113475177305
-270,70,0,6.394113475177305
-250,70,0,6.394113475177305
-230,70,0,6.394113475177305
-210,70,0,6.394113475177305
-190,70,0,6.394113475177305
-170,70,0,6.394113475177305
-150,70,0,6.394113475177305
-130,70,0,6.394113475177305
-110,70,0,6.394113475177305
-90,70,0,6.394113475177305
-70,70,0,6.394113475177305
-50,70,0,6.394113475177305
-30,70,0,6.394113475177305
-10,70,0,6.394113475177305
10,70,0,6.394113475177305
30,70,0,6.394113475177305
50,70,0,6.394113475177305
70,70,0,6.394113475177305
90,70,0,6.394113475177305
110,70,0,6.394113475177305
130,70,0,6.394113475177305
150,70,0,6.394113475177305
170,70,0,6.394113475177305
190,70,0,6.394113475177305
210,70,0,6.394113475177305
230,70,0,6.394113475177305
250,70,0,6.394113475177305
270,70,0,6.394113475177305
290,70,0,6.394113475177305
310,70,0,6.394113475177305
330,70,0,6.394113475177305
350,70,0,6.394113475177305
370,70,0,6.394113475177305
390,70,0,6.394113475177305
410,70,0,6.394113475177305
430,70,0,6.394113475177305
450,70,0,6.394113475177305
470,70,0,6.394113475177305
490,70,0,6.394113475177305
510,70,0,6.394113475177305
530,70,0,6.394113475177305
550,70,0,6.394113475177305
570,70,0,6.394113475177305
590,70,0,6.394113475177305
610,70,0,6.394113475177305
630,70,0,6.394113475177305
650,70,0,6.394113475177305
670,70,0,6.394113475177305
690,70,0,6.394113475177305
710,70,0,6.394113475177305
730,70,0,6.394113475177305
750,70,0,6.394113475177305
770,70,0,6.394113475177305
790,70,0,6.394113475177305
-790,90,0,6.394113475177305
-770,90,0,6.394113475177305
-750,90,0,6.394113475177305
-730,90,0,6.394113475177305
-710,90,0,6.394113475177305
-690,90,0,6.394113475177305
-670,90,0,6.394113475177305
-650,90,0,6.394113475177305
-630,90,0,6.394113475177305
-610,90,0,6.394113475177305
-590,90,0,6.394113475177305
-570,90,0,6.394113475177305
-550,90,0,6.394113475177305
-530,90,0,6.394113475177305
-510,90,0,6.394113475177305
-490,90,0,6.394113475177305
-470,90,0,6.394113475177305
-450,90,0,6.394113475177305
-430,90,0,6.394113475177305
-410,90,0,6.394113475177305
-390,90,0,6.394113475177305
-370,90,0,6.394113475177305
-350,90,0,6.394113475177305
-330,90,0,6.394113475177305
-310,90,0,6.394113475177305
-290,90,0,6.394113475177305
-270,90,0,6.394113475177305
-250,90,0,6.394113475177305
-230,90,0,6.394113475177305
-210,90,0,6.394113475177305
-190,90,0,6.394113475177305
-170,90,0,6.394113475177305
-150,90,0,6.394113475177305
-130,90,0,6.394113475177305
-110,90,0,6.394113475177305
-90,90,0,6.394113475177305
-70,90,0,6.394113475177305
-50,90,0,6.394113475177305
-30,90,0,6.394113475177305
-10,90,0,6.394113475177305
10,90,0,6.394113475177305
30,90,0,6.394113475177305
50,90,0,6.394113475177305
70,90,0,6.394113475177305
90,90,0,6.394113475177305
110,90,0,6.394113475177305
130,90,0,6.394113475177305
150,90,0,6.394113475177305
170,90,0,6.394113475177305
190,90,0,6.394113475177305
210,90,0,6.394113475177305
230,90,0,6.394113475177305
250,90,0,6.394113475177305
270,90,0,6.394113475177305
290,90,0,6.394113475177305
310,90,0,6.394113475177305
330,90,0,6.394113475177305
350,90,0,6.394113475177305
370,90,0,6.394113475177305
390,90,0,6.394113475177305
410,90,0,6.394113475177305
430,90,0,6.394113475177305
450,90,0,6.394113475177305
470,90,0,6.394113475177305
490,90,0,6.394113475177305
510,90,0,6.394113475177305
530,90,0,6.394113475177305
550,90,0,6.394113475177305
570,90,0,6.394113475177305
590,90,0,6.394113475177305
610,90,0,6.394113475177305
630,90,0,6.394113475177305
650,90,0,6.394113475177305
670,90,0,6.394113475177305
690,90,0,6.394113475177305
710,90,0,6.394113475177305
730,90,0,6.394113475177305
750,90,0,6.394113475177305
770,90,0,6.394113475177305
790,90,0,6.394113475177305
-790,110,0,6.394113475177305
-770,110,0,6.394113475177305
-750,110,0,6.394113475177305
-730,110,0,6.394113475177305
-710,110,0,6.394113475177305
-690,110,0,6.394113475177305
-670,110,0,6.394113475177305
-650,110,0,6.394113475177305
-630,110,0,6.394113475177305
-610,110,0,6.394113475177305
-590,110,0,6.394113475177305
-570,110,0,6.394113475177305
-550,110,0,6.394113475177305
-530,110,0,6.394113475177305
-510,110,0,6.394113475177305
-490,110,0,6.394113475177305
-470,110,0,6.394113475177305
-450,110,0,6.394113475177305
-430,110,0,6.394113475177305
-410,110,0,6.394113475177305
-390,110,0,6.394113475177305
-370,110,0,6.394113475177305
-350,110,0,6.394113475177305
-330,110,0,6.394113475177305
-310,110,0,6.394113475177305
-290,110,0,6.394113475177305
-270,110,0,6.394113475177305
-250,110,0,6.394113475177305
-230,110,0,6.394113475177305
-210,110,0,6.394113475177305
-190,110,0,6.394113475177305
-170,110,0,6.394113475177305
-150,110,0,6.394113475177305
-130,110,0,6.394113475177305
-110,110,0,6.394113475177305
-90,110,0,6.394113475177305
-70,110,0,6.394113475177305
-50,110,0,6.394113475177305
-30,110,0,6.394113475177305
-10,110,0,6.394113475177305
10,110,0,6.394113475177305
30,110,0,6.394113475177305
50,110,0,6.394113475177305
70,110,0,6.394113475177305
90,110,0,6.394113475177305
110,110,0,6.394113475177305
130,110,0,6.394113475177305
150,110,0,6.394113475177305
170,110,0,6.394113475177305
190,110,0,6.394113475177305
210,110,0,6.394113475177305
230,110,0,6.394113475177305
250,110,0,6.394113475177305
270,110,0,6.394113475177305
290,110,0,6.394113475177305
310,110,0,6.394113475177305
330,110,0,6.394113475177305
350,110,0,6.394113475177305
370,110,0,6.394113475177305
390,110,0,6.394113475177305
410,110,0,6.394113475177305
430,110,0,6.394113475177305
450,110,0,6.394113475177305
470,110,0,6.394113475177305
490,110,0,6.394113475177305
510,110,0,6.394113475177305
530,110,0,6.394113475177305
550,110,0,6.394113475177305
570,110,0,6.394113475177305
590,110,0,6.394113475177305
610,110,0,6.394113475177305
630,110,0,6.394113475177305
650,110,0,6.394113475177305
670,110,0,6.394113475177305
690,110,0,6.394113475177305
710,110,0,6.394113475177305
730,110,0,6.394113475177305
750,110,0,6.394113475177305
770,110,0,6.394113475177305
790,110,0,6.394113475177305
-790,130,0,6.394113475177305
-770,130,0,6.394113475177305
-750,130,0,6.394113475177305
-730,130,0,6.394113475177305
-710,130,0,6.394113475177305
-690,130,0,6.394113475177305
-670,130,0,6.394113475177305
-650,130,0,6.394113475177305
-630,130,0,6.394113475177305
-610,130,0,6.394113475177305
-590,130,0,6.394113475177305
-570,130,0,6.394113475177305
-550,130,0,6.394113475177305
-530,130,0,6.394113475177305
-510,130,0,6.394113475177305
-490,130,0,6.394113475177305
-470,130,0,6.394113475177305
-450,130,0,6.394113475177305
-430,130,0,6.394113475177305
-410,130,0,6.394113475177305
-390,130,0,6.394113475177305
-370,130,0,6.394113475177305
-350,130,0,6.394113475177305
-330,130,0,6.394113475177305
-310,130,0,6.394113475177305
-290,130,0,6.394113475177305
-270,130,0,6.394113475177305
-250,130,0,6.394113475177305
-230,130,0,6.394113475177305
-210,130,0,6.394113475177305
-190,130,0,6.394113475177305
-170,130,0,6.394113475177305
-150,130,0,6.394113475177305
-130,130,0,6.394113475177305
-110,130,0,6.394113475177305
-90,130,0,6.394113475177305
-70,130,0,6.394113475177305
-50,130,0,6.394113475177305
-30,130,0,6.394113475177305
-10,130,0,6.394113475177305
10,130,0,6.394113475177305
30,130,0,6.394113475177305
50,130,0,6.394113475177305
70,130,0,6.394113475177305
90,130,0,6.394113475177305
110,130,0,6.394113475177305
130,130,0,6.394113475177305
150,130,0,6.394113475177305
170,130,0,6.394113475177305
190,130,0,6.394113475177305
210,130,0,6.394113475177305
230,130,0,6.394113475177305
250,130,0,6.394113475177305
270,130,0,6.394113475177305
290,130,0,6.394113475177305
310,130,0,6.394113475177305
330,130,0,6.394113475177305
350,130,0,6.394113475177305
370,130,0,6.394113475177305
390,130,0,6.394113475177305
410,130,0,6.394113475177305
430,130,0,6.394113475177305
450,130,0,6.394113475177305
470,130,0,6.394113475177305
490,130,0,6.394113475177305
510,130,0,6.394113475177305
530,130,0,6.394113475177305
550,130,0,6.394113475177305
570,130,0,6.394113475177305
590,130,0,6.394113475177305
610,130,0,6.394113475177305
630,130,0,6.394113475177305
650,130,0,6.394113475177305
670,130,0,6.394113475177305
690,130,0,6.394113475177305
710,130,0,6.394113475177305
730,130,0,6.394113475177305
750,130,0,6.394113475177305
770,130,0,6.394113475177305
790,130,0,6.394113475177305
-790,150,0,6.394113475177305
-770,150,0,6.394113475177305
-750,150,0,6.394113475177305
-730,150,0,6.394113475177305
-710,150,0,6.394113475177305
-690,150,0,6.394113475177305
-670,150,0,6.394113475177305
-650,150,0,6.394113475177305
-630,150,0,6.394113475177305
-610,150,0,6.394113475177305
-590,150,0,6.394113475177305
-570,150,0,6.394113475177305
-550,150,0,6.394113475177305
-530,150,0,6.394113475177305
-510,150,0,6.394113475177305
-490,150,0,6.394113475177305
-470,150,0,6.394113475177305
-450,150,0,6.394113475177305
-430,150,0,6.394113475177305
-410,150,0,6.394113475177305
-390,150,0,6.394113475177305
-370,150,0,6.394113475177305
-350,150,0,6.394113475177305
-330,150,0,6.394113475177305
-310,150,0,6.394113475177305
-290,150,0,6.394113475177305
-270,150,0,6.394113475177305
-250,150,0,6.394113475177305
-230,150,0,6.394113475177305
-210,150,0,6.394113475177305
-190,150,0,6.394113475177305
-170,150,0,6.394113475177305
-150,150,0,6.394113475177305
-130,150,0,6.394113475177305
-110,150,0,6.394113475177305
-90,150,0,6.394113475177305
-70,150,0,6.394113475177305
-50,150,0,6.394113475177305
-30,150,0,6.394113475177305
-10,150,0,6.394113475177305
10,150,0,6.394113475177305
30,150,0,6.394113475177305
50,150,0,6.394113475177305
70,150,0,6.394113475177305
90,150,0,6.394113475177305
110,150,0,6.394113475177305
130,150,0,6.394113475177305
150,150,0,6.394113475177305
170,150,0,6.394113475177305
190,150,0,6.394113475177305
210,150,0,6.394113475177305
230,150,0,6.394113475177305
250,150,0,6.394113475177305
270,150,0,6.394113475177305
290,150,0,6.394113475177305
310,150,0,6.394113475177305
330,150,0,6.394113475177305
350,150,0,6.394113475177305
370,150,0,6.394113475177305
390,150,0,6.394113475177305
410,150,0,6.394113475177305
430,150,0,6.394113475177305
450,150,0,6.394113475177305
470,150,0,6.394113475177305
490,150,0,6.394113475177305
510,150,0,6.394113475177305
530,150,0,6.394113475177305
550,150,0,6.394113475177305
570,150,0,6.394113475177305
590,150,0,6.394113475177305
610,150,0,6.394113475177305
630,150,0,6.394113475177305
650,150,0,6.394113475177305
670,150,0,6.394113475177305
690,150,0,6.394113475177305
710,150,0,6.394113475177305
730,150,0,6.394113475177305
750,150,0,6.394113475177305
770,150,0,6.394113475177305
790,150,0,6.394113475177305
-790,170,0,6.394113475177305
-770,170,0,6.394113475177305
-750,170,0,6.394113475177305
-730,170,0,6.394113475177305
-710,170,0,6.394113475177305
-690,170,0,6.394113475177305
-670,170,0,6.394113475177305
-650,170,0,6.394113475177305
-630,170,0,6.394113475177305
-610,170,0,6.394113475177305
-590,170,0,6.394113475177305
-570,170,0,6.394113475177305
-550,170,0,6.394113475177305
-530,170,0,6.394113475177305
-510,170,0,6.394113475177305
-490,170,0,6.394113475177305
-470,170,0,6.394113475177305
-450,170,0,6.394113475177305
-430,170,0,6.394113475177305
-410,170,0,6.394113475177305
-390,170,0,6.394113475177305
-370,170,0,6.394113475177305
-350,170,0,6.394113475177305
-330,170,0,6.394113475177305
-310,170,0,6.394113475177305
-290,170,0,6.394113475177305
-270,170,0,6.394113475177305
-250,170,0,6.394113475177305
-230,170,0,6.394113475177305
-210,170,0,6.394113475177305
-190,170,0,6.394113475177305
-170,170,0,6.394113475177305
-150,170,0,6.394113475177305
-130,170,0,6.394113475177305
-110,170,0,6.394113475177305
-90,170,0,6.394113475177305
-70,170,0,6.394113475177305
-50,170,0,6.394113475177305
-30,170,0,6.394113475177305
-10,170,0,6.394113475177305
10,170,0,6.394113475177305
30,170,0,6.394113475177305
50,170,0,6.394113475177305
70,170,0,6.394113475177305
90,170,0,6.394113475177305
110,170,0,6.394113475177305
130,170,0,6.394113475177305
150,170,0,6.394113475177305
170,170,0,6.394113475177305
190,170,0,6.394113475177305
210,170,0,6.394113475177305
230,170,0,6.394113475177305
250,170,0,6.394113475177305
270,170,0,6.394113475177305
290,170,0,6.394113475177305
310,170,0,6.394113475177305
330,170,0,6.394113475177305
350,170,0,6.394113475177305
370,170,0,6.394113475177305
390,170,0,6.394113475177305
410,170,0,6.394113475177305
430,170,0,6.394113475177305
450,170,0,6.394113475177305
470,170,0,6.394113475177305
490,170,0,6.394113475177305
510,170,0,6.394113475177305
530,170,0,6.394113475177305
550,170,0,6.394113475177305
570,170,0,6.394113475177305
590,170,0,6.394113475177305
610,170,0,6.394113475177305
630,170,0,6.394113475177305
650,170,0,6.394113475177305
670,170,0,6.394113475177305
690,170,0,6.394113475177305
710,170,0,6.394113475177305
730,170,0,6.394113475177305
750,170,0,6.394113475177305
770,170,0,6.394113475177305
790,170,0,6.394113475177305
-790,190,0,6.394113475177305
-770,190,0,6.394113475177305
-750,190,0,6.394113475177305
-730,190,0,6.394113475177305
-710,190,0,6.394113475177305
-690,190,0,6.394113475177305
-670,190,0,6.394113475177305
-650,190,0,6.394113475177305
-630,190,0,6.394113475177305
-610,190,0,6.394113475177305
-590,190,0,6.394113475177305
-570,190,0,6.394113475177305
-550,190,0,6.394113475177305
-530,190,0,6.394113475177305
-510,190,0,6.394113475177305
-490,190,0,6.394113475177305
-470,190,0,6.394113475177305
-450,190,0,6.394113475177305
-430,190,0,6.394113475177305
-410,190,0,6.394113475177305
-390,190,0,6.394113475177305
-370,190,0,6.394113475177305
-350,190,0,6.394113475177305
-330,190,0,6.394113475177305
-310,190,0,6.394113475177305
-290,190,0,6.394113475177305
-270,190,0,6.394113475177305
-250,190,0,6.394113475177305
-230,190,0,6.394113475177305
-210,190,0,6.394113475177305
-190,190,0,6.394113475177305
-170,190,0,6.394113475177305
-150,190,0,6.394113475177305
-130,190,0,6.394113475177305
-110,190,0,6.394113475177305
-90,190,0,6.394113475177305
-70,190,0,6.394113475177305
-50,190,0,6.394113475177305
-30,190,0,6.394113475177305
-10,190,0,6.394113475177305
10,190,0,6.394113475177305
30,190,0,6.394113475177305
50,190,0,6.394113475177305
70,190,0,6.394113475177305
90,190,0,6.394113475177305
110,190,0,6.394113475177305
130,190,0,6.394113475177305
150,190,0,6.394113475177305
170,190,0,6.394113475177305
190,190,0,6.394113475177305
210,190,0,6.394113475177305
230,190,0,6.394113475177305
250,190,0,6.394113475177305
270,190,0,6.394113475177305
290,190,0,6.394113475177305
310,190,0,6.394113475177305
330,190,0,6.394113475177305
350,190,0,6.394113475177305
370,190,0,6.394113475177305
390,190,0,6.394113475177305
410,190,0,6.394113475177305
430,190,0,6.394113475177305
450,190,0,6.394113475177305
470,190,0,6.394113475177305
490,190,0,6.394113475177305
510,190,0,6.394113475177305
530,190,0,6.394113475177305
550,190,0,6.394113475177305
570,190,0,6.394113475177305
590,190,0,6.394113475177305
610,190,0,6.394113475177305
630,190,0,6.394113475177305
650,190,0,6.394113475177305
670,190,0,6.394113475177305
690,190,0,6.394113475177305
710,190,0,6.394113475177305
730,190,0,6.394113475177305
750,190,0,6.394113475177305
770,190,0,6.394113475177305
790,190,0,6.394113475177305
-790,210,0,6.394113475177305
-770,210,0,6.394113475177305
-750,210,0,6.394113475177305
-730,210,0,6.394113475177305
-710,210,0,6.394113475177305
-690,210,0,6.394113475177305
-670,210,0,6.394113475177305
-650,210,0,6.394113475177305
-630,210,0,6.394113475177305
-610,210,0,6.394113475177305
-590,210,0,6.394113475177305
-570,210,0,6.394113475177305
-550,210,0,6.394113475177305
-530,210,0,6.394113475177305
-510,210,0,6.394113475177305
-490,210,0,6.394113475177305
-470,210,0,6.394113475177305
-450,210,0,6.394113475177305
-430,210,0,6.394113475177305
-410,210,0,6.394113475177305
-390,210,0,6.394113475177305
-370,210,0,6.394113475177305
-350,210,0,6.394113475177305
-330,210,0,6.394113475177305
-310,210,0,6.394113475177305
-290,210,0,6.394113475177305
-270,210,0,6.394113475177305
-250,210,0,6.394113475177305
-230,210,0,6.394113475177305
-210,210,0,6.394113475177305
-190,210,0,6.394113475177305
-170,210,0,6.394113475177305
-150,210,0,6.394113475177305
-130,210,0,6.394113475177305
-110,210,0,6.394113475177305
-90,210,0,6.394113475177305
-70,210,0,6.394113475177305
-50,210,0,6.394113475177305
-30,210,0,6.394113475177305
-10,210,0,6.394113475177305
10,210,0,6.394113475177305
30,210,0,6.394113475177305
50,210,0,6.394113475177305
70,210,0,6.394113475177305
90,210,0,6.394113475177305
110,210,0,6.394113475177305
130,210,0,6.394113475177305
150,210,0,6.394113475177305
170,210,0,6.394113475177305
190,210,0,6.394113475177305
210,210,0,6.394113475177305
230,210,0,6.394113475177305
250,210,0,6.394113475177305
270,210,0,6.394113475177305
290,210,0,6.394113475177305
310,210,0,6.394113475177305
330,210,0,6.394113475177305
350,210,0,6.394113475177305
370,210,0,6.394113475177305
390,210,0,6.394113475177305
410,210,0,6.394113475177305
430,210,0,6.394113475177305
450,210,0,6.394113475177305
470,210,0,6.394113475177305
490,210,0,6.394113475177305
510,210,0,6.394113475177305
530,210,0,6.394113475177305
550,210,0,6.394113475177305
570,210,0,6.394113475177305
590,210,0,6.394113475177305
610,210,0,6.394113475177305
630,210,0,6.394113475177305
650,210,0,6.394113475177305
670,210,0,6.394113475177305
690,210,0,6.394113475177305
710,210,0,6.394113475177305
730,210,0,6.394113475177305
750,210,0,6.394113475177305
770,210,0,6.394113475177305
790,210,0,6.394113475177305
-790,230,0,6.394113475177305
-770,230,0,6.394113475177305
-750,230,0,6.394113475177305
-730,230,0,6.394113475177305
-710,230,0,6.394113475177305
-690,230,0,6.394113475177305
-670,230,0,6.394113475177305
-650,230,0,6.394113475177305
-630,230,0,6.394113475177305
-610,230,0,6.394113475177305
-590,230,0,6.394113475177305
-570,230,0,6.394113475177305
-550,230,0,6.394113475177305
-530,230,0,6.394113475177305
-510,230,0,6.394113475177305
-490,230,0,6.394113475177305
-470,230,0,6.394113475177305
-450,230,0,6.394113475177305
-430,230,0,6.394113475177305
-410,230,0,6.394113475177305
-390,230,0,6.394113475177305
-370,230,0,6.394113475177305
-350,230,0,6.394113475177305
-330,230,0,6.394113475177305
-310,230,0,6.394113475177305
-290,230,0,6.394113475177305
-270,230,0,6.394113475177305
-250,230,0,6.394113475177305
-230,230,0,6.394113475177305
-210,230,0,6.394113475177305
-190,230,0,6.394113475177305
-170,230,0,6.394113475177305
-150,230,0,6.394113475177305
-130,230,0,6.394113475177305
-110,230,0,6.394113475177305
-90,230,0,6.394113475177305
-70,230,0,6.394113475177305
-50,230,0,6.394113475177305
-30,230,0,6.394113475177305
-10,230,0,6.394113475177305
10,230,0,6.394113475177305
30,230,0,6.394113475177305
50,230,0,6.394113475177305
70,230,0,6.394113475177305
90,230,0,6.394113475177305
110,230,0,6.394113475177305
130,230,0,6.394113475177305
150,230,0,6.394113475177305
170,230,0,6.394113475177305
190,230,0,6.394113475177305
210,230,0,6.394113475177305
230,230,0,6.394113475177305
250,230,0,6.394113475177305
270,230,0,6.394113475177305
290,230,0,6.394113475177305
310,230,0,6.394113475177305
330,230,0,6.394113475177305
350,230,0,6.394113475177305
370,230,0,6.394113475177305
390,230,0,6.394113475177305
410,230,0,6.394113475177305
430,230,0,6.394113475177305
450,230,0,6.394113475177305
470,230,0,6.394113475177305
490,230,0,6.394113475177305
510,230,0,6.394113475177305
530,230,0,6.394113475177305
550,230,0,6.394113475177305
570,230,0,6.394113475177305
590,230,0,6.394113475177305
610,230,0,6.394113475177305
630,230,0,6.394113475177305
650,230,0,6.394113475177305
670,230,0,6.394113475177305
690,230,0,6.394113475177305
710,230,0,6.394113475177305
730,230,0,6.394113475177305
750,230,0,6.394113475177305
770,230,0,6.394113475177305
790,230,0,6.394113475177305
-790,250,0,6.394113475177305
-770,250,0,6.394113475177305
-750,250,0,6.394113475177305
-730,250,0,6.394113475177305
-710,250,0,6.394113475177305
-690,250,0,6.394113475177305
-670,250,0,6.394113475177305
-650,250,0,6.394113475177305
-630,250,0,6.394113475177305
-610,250,0,6.394113475177305
-590,250,0,6.394113475177305
-570,250,0,6.394113475177305
-550,250,0,6.394113475177305
-530,250,0,6.394113475177305
-510,250,0,6.394113475177305
-490,250,0,6.394113475177305
-470,250,0,6.394113475177305
-450,250,0,6.394113475177305
-430,250,0,6.394113475177305
-410,250,0,6.394113475177305
-390,250,0,6.394113475177305
-370,250,0,6.394113475177305
-350,250,0,6.394113475177305
-330,250,0,6.394113475177305
-310,250,0,6.394113475177305
-290,250,0,6.394113475177305
-270,250,0,6.394113475177305
-250,250,0,6.394113475177305
-230,250,0,6.394113475177305
-210,250,0,6.394113475177305
-190,250,0,6.394113475177305
-170,250,0,6.394113475177305
-150,250,0,6.394113475177305
-130,250,0,6.394113475177305
-110,250,0,6.394113475177305
-90,250,0,6.394113475177305
-70,250,0,6.394113475177305
-50,250,0,6.394113475177305
-30,250,0,6.394113475177305
-10,250,0,6.394113475177305
10,250,0,6.394113475177305
30,250,0,6.394113475177305
50,250,0,6.394113475177305
70,250,0,6.394113475177305
90,250,0,6.394113475177305
110,250,0,6.394113475177305
130,250,0,6.394113475177305
150,250,0,6.394113475177305
170,250,0,6.394113475177305
190,250,0,6.394113475177305
210,250,0,6.394113475177305
230,250,0,6.394113475177305
250,250,0,6.394113475177305
270,250,0,6.394113475177305
290,250,0,6.394113475177305
310,250,0,6.394113475177305
330,250,0,6.394113475177305
350,250,0,6.394113475177305
370,250,0,6.394113475177305
390,250,0,6.394113475177305
410,250,0,6.394113475177305
430,250,0,6.394113475177305
450,250,0,6.394113475177305
470,250,0,6.394113475177305
490,250,0,6.394113475177305
510,250,0,6.394113475177305
530,250,0,6.394113475177305
550,250,0,6.394113475177305
570,250,0,6.394113475177305
590,250,0,6.394113475177305
610,250,0,6.394113475177305
630,250,0,6.394113475177305
650,250,0,6.394113475177305
670,250,0,6.394113475177305
690,250,0,6.394113475177305
710,250,0,6.394113475177305
730,250,0,6.394113475177305
750,250,0,6.394113475177305
770,250,0,6.394113475177305
790,250,0,6.394113475177305
-790,270,0,6.394113475177305
-770,270,0,6.394113475177305
-750,270,0,6.394113475177305
-730,270,0,6.394113475177305
-710,270,0,6.394113475177305
-690,270,0,6.394113475177305
-670,270,0,6.394113475177305
-650,270,0,6.394113475177305
-630,270,0,6.394113475177305
-610,270,0,6.394113475177305
-590,270,0,6.394113475177305
-570,270,0,6.394113475177305
-550,270,0,6.394113475177305
-530,270,0,6.394113475177305
-510,270,0,6.394113475177305
-490,270,0,6.394113475177305
-470,270,0,6.394113475177305
-450,270,0,6.394113475177305
-430,270,0,6.394113475177305
-410,270,0,6.394113475177305
-390,270,0,6.394113475177305
-370,270,0,6.394113475177305
-350,270,0,6.394113475177305
-330,270,0,6.394113475177305
-310,270,0,6.394113475177305
-290,270,0,6.394113475177305
-270,270,0,6.394113475177305
-250,270,0,6.394113475177305
-230,270,0,6.394113475177305
-210,270,0,6.394113475177305
-190,270,0,6.394113475177305
-170,270,0,6.394113475177305
-150,270,0,6.394113475177305
-130,270,0,6.394113475177305
-110,270,0,6.394113475177305
-90,270,0,6.394113475177305
-70,270,0,6.394113475177305
-50,270,0,6.394113475177305
-30,270,0,6.394113475177305
-10,270,0,6.394113475177305
10,270,0,6.394113475177305
30,270,0,6.394113475177305
50,270,0,6.394113475177305
70,270,0,6.394113475177305
90,270,0,6.394113475177305
110,270,0,6.394113475177305
130,270,0,6.394113475177305
150,270,0,6.394113475177305
170,270,0,6.394113475177305
190,270,0,6.394113475177305
210,270,0,6.394113475177305
230,270,0,6.394113475177305
250,270,0,6.394113475177305
270,270,0,6.394113475177305
290,270,0,6.394113475177305
310,270,0,6.394113475177305
330,270,0,6.394113475177305
350,270,0,6.394113475177305
370,270,0,6.394113475177305
390,270,0,6.394113475177305
410,270,0,6.394113475177305
430,270,0,6.394113475177305
450,270,0,6.394113475177305
470,270,0,6.394113475177305
490,270,0,6.394113475177305
510,270,0,6.394113475177305
530,270,0,6.394113475177305
550,270,0,6.394113475177305
570,270,0,6.394113475177305
590,270,0,6.394113475177305
610,270,0,6.394113475177305
630,270,0,6.394113475177305
650,270,0,6.394113475177305
670,270,0,6.394113475177305
690,270,0,6.394113475177305
710,270,0,6.394113475177305
730,270,0,6.394113475177305
750,270,0,6.394113475177305
770,270,0,6.394113475177305
790,270,0,6.394113475177305
-790,290,0,6.394113475177305
-770,290,0,6.394113475177305
-750,290,0,6.394113475177305
-730,290,0,6.394113475177305
-710,290,0,6.394113475177305
-690,290,0,6.394113475177305
-670,290,0,6.394113475177305
-650,290,0,6.394113475177305
-630,290,0,6.394113475177305
-610,290,0,6.394113475177305
-590,290,0,6.394113475177305
-570,290,0,6.394113475177305
-550,290,0,6.394113475177305
-530,290,0,6.394113475177305
-510,290,0,6.394113475177305
-490,290,0,6.394113475177305
-470,290,0,6.394113475177305
-450,290,0,6.394113475177305
-430,290,0,6.394113475177305
-410,290,0,6.394113475177305
-390,290,0,6.394113475177305
-370,290,0,6.394113475177305
-350,290,0,6.394113475177305
-330,290,0,6.394113475177305
-310,290,0,6.394113475177305
-290,290,0,6.394113475177305
-270,290,0,6.394113475177305
-250,290,0,6.394113475177305
-230,290,0,6.394113475177305
-210,290,0,6.394113475177305
-190,290,0,6.394113475177305
-170,290,0,6.394113475177305
-150,290,0,6.394113475177305
-130,290,0,6.394113475177305
-110,290,0,6.394113475177305
-90,290,0,6.394113475177305
-70,290,0,6.394113475177305
-50,290,0,6.394113475177305
-30,290,0,6.394113475177305
-10,290,0,6.394113475177305
10,290,0,6.394113475177305
30,290,0,6.394113475177305
50,290,0,6.394113475177305
70,290,0,6.394113475177305
90,290,0,6.394113475177305
110,290,0,6.394113475177305
130,290,0,6.394113475177305
150,290,0,6.394113475177305
170,290,0,6.394113475177305
190,290,0,6.394113475177305
210,290,0,6.394113475177305
230,290,0,6.394113475177305
250,290,0,6.394113475177305
270,290,0,6.394113475177305
290,290,0,6.394113475177305
310,290,0,6.394113475177305
330,290,0,6.394113475177305
350,290,0,6.394113475177305
370,290,0,6.394113475177305
390,290,0,6.394113475177305
410,290,0,6.394113475177305
430,290,0,6.394113475177305
450,290,0,6.394113475177305
470,290,0,6.394113475177305
490,290,0,6.394113475177305
510,290,0,6.394113475177305
530,290,0,6.394113475177305
550,290,0,6.394113475177305
570,290,0,6.394113475177305
590,290,0,6.394113475177305
610,290,0,6.394113475177305
630,290,0,6.394113475177305
650,290,0,6.394113475177305
670,290,0,6.394113475177305
690,290,0,6.394113475177305
710,290,0,6.394113475177305
730,290,0,6.394113475177305
750,290,0,6.394113475177305
770,290,0,6.394113475177305
790,290,0,6.394113475177305
-790,310,0,6.394113475177305
-770,310,0,6.394113475177305
-750,310,0,6.394113475177305
-730,310,0,6.394113475177305
-710,310,0,6.394113475177305
-690,310,0,6.394113475177305
-670,310,0,6.394113475177305
-650,310,0,6.394113475177305
-630,310,0,6.394113475177305
-610,310,0,6.394113475177305
-590,310,0,6.394113475177305
-570,310,0,6.394113475177305
-550,310,0,6.394113475177305
-530,310,0,6.394113475177305
-510,310,0,6.394113475177305
-490,310,0,6.394113475177305
-470,310,0,6.394113475177305
-450,310,0,6.394113475177305
-430,310,0,6.394113475177305
-410,310,0,6.394113475177305
-390,310,0,6.394113475177305
-370,310,0,6.394113475177305
-350,310,0,6.394113475177305
-330,310,0,6.394113475177305
-310,310,0,6.394113475177305
-290,310,0,6.394113475177305
-270,310,0,6.394113475177305
-250,310,0,6.394113475177305
-230,310,0,6.394113475177305
-210,310,0,6.394113475177305
-190,310,0,6.394113475177305
-170,310,0,6.394113475177305
-150,310,0,6.394113475177305
-130,310,0,6.394113475177305
-110,310,0,6.394113475177305
-90,310,0,6.394113475177305
-70,310,0,6.394113475177305
-50,310,0,6.394113475177305
-30,310,0,6.394113475177305
-10,310,0,6.394113475177305
10,310,0,6.394113475177305
30,310,0,6.394113475177305
50,310,0,6.394113475177305
70,310,0,6.394113475177305
90,310,0,6.394113475177305
110,310,0,6.394113475177305
130,310,0,6.394113475177305
150,310,0,6.394113475177305
170,310,0,6.394113475177305
190,310,0,6.394113475177305
210,310,0,6.394113475177305
230,310,0,6.394113475177305
250,310,0,6.394113475177305
270,310,0,6.394113475177305
290,310,0,6.394113475177305
310,310,0,6.394113475177305
330,310,0,6.394113475177305
350,310,0,6.394113475177305
370,310,0,6.394113475177305
390,310,0,6.394113475177305
410,310,0,6.394113475177305
430,310,0,6.394113475177305
450,310,0,6.394113475177305
470,310,0,6.394113475177305
490,310,0,6.394113475177305
510,310,0,6.394113475177305
530,310,0,6.394113475177305
550,310,0,6.394113475177305
570,310,0,6.394113475177305
590,310,0,6.394113475177305
610,310,0,6.394113475177305
630,310,0,6.394113475177305
650,310,0,6.394113475177305
670,310,0,6.394113475177305
690,310,0,6.394113475177305
710,310,0,6.394113475177305
730,310,0,6.394113475177305
750,310,0,6.394113475177305
770,310,0,6.394113475177305
790,310,0,6.394113475177305
-790,330,0,6.394113475177305
-770,330,0,6.394113475177305
-750,330,0,6.394113475177305
-730,330,0,6.394113475177305
-710,330,0,6.394113475177305
-690,330,0,6.394113475177305
-670,330,0,6.394113475177305
-650,330,0,6.394113475177305
-630,330,0,6.394113475177305
-610,330,0,6.394113475177305
-590,330,0,6.394113475177305
-570,330,0,6.394113475177305
-550,330,0,6.394113475177305
-530,330,0,6.394113475177305
-510,330,0,6.394113475177305
-490,330,0,6.394113475177305
-470,330,0,6.394113475177305
-450,330,0,6.394113475177305
-430,330,0,6.394113475177305
-410,330,0,6.394113475177305
-390,330,0,6.394113475177305
-370,330,0,6.394113475177305
-350,330,0,6.394113475177305
-330,330,0,6.394113475177305
-310,330,0,6.394113475177305
-290,330,0,6.394113475177305
-270,330,0,6.394113475177305
-250,330,0,6.394113475177305
-230,330,0,6.394113475177305
-210,330,0,6.394113475177305
-190,330,0,6.394113475177305
-170,330,0,6.394113475177305
-150,330,0,6.394113475177305
-130,330,0,6.394113475177305
-110,330,0,6.394113475177305
-90,330,0,6.394113475177305
-70,330,0,6.394113475177305
-50,330,0,6.394113475177305
-30,330,0,6.394113475177305
-10,330,0,6.394113475177305
10,330,0,6.394113475177305
30,330,0,6.394113475177305
50,330,0,6.394113475177305
70,330,0,6.394113475177305
90,330,0,6.394113475177305
110,330,0,6.394113475177305
130,330,0,6.394113475177305
150,330,0,6.394113475177305
170,330,0,6.394113475177305
190,330,0,6.394113475177305
210,330,0,6.394113475177305
230,330,0,6.394113475177305
250,330,0,6.394113475177305
270,330,0,6.394113475177305
290,330,0,6.394113475177305
310,330,0,6.394113475177305
330,330,0,6.394113475177305
350,330,0,6.394113475177305
370,330,0,6.394113475177305
390,330,0,6.394113475177305
410,330,0,6.394113475177305
430,330,0,6.394113475177305
450,330,0,6.394113475177305
470,330,0,6.394113475177305
490,330,0,6.394113475177305
510,330,0,6.394113475177305
530,330,0,6.394113475177305
550,330,0,6.394113475177305
570,330,0,6.394113475177305
590,330,0,6.394113475177305
610,330,0,6.394113475177305
630,330,0,6.394113475177305
650,330,0,6.394113475177305
670,330,0,6.394113475177305
690,330,0,6.394113475177305
710,330,0,6.394113475177305
730,330,0,6.394113475177305
750,330,0,6.394113475177305
770,330,0,6.394113475177305
790,330,0,6.394113475177305
-790,350,0,6.394113475177305
-770,350,0,6.394113475177305
-750,350,0,6.394113475177305
-730,350,0,6.394113475177305
-710,350,0,6.394113475177305
-690,350,0,6.394113475177305
-670,350,0,6.394113475177305
-650,350,0,6.394113475177305
-630,350,0,6.394113475177305
-610,350,0,6.394113475177305
-590,350,0,6.394113475177305
-570,350,0,6.394113475177305
-550,350,0,6.394113475177305
-530,350,0,6.394113475177305
-510,350,0,6.394113475177305
-490,350,0,6.394113475177305
-470,350,0,6.394113475177305
-450,350,0,6.394113475177305
-430,350,0,6.394113475177305
-410,350,0,6.394113475177305
-390,350,0,6.394113475177305
-370,350,0,6.394113475177305
-350,350,0,6.394113475177305
-330,350,0,6.394113475177305
-310,350,0,6.394113475177305
-290,350,0,6.394113475177305
-270,350,0,6.394113475177305
-250,350,0,6.394113475177305
-230,350,0,6.394113475177305
-210,350,0,6.394113475177305
-190,350,0,6.394113475177305
-170,350,0,6.394113475177305
-150,350,0,6.394113475177305
-130,350,0,6.394113475177305
-110,350,0,6.394113475177305
-90,350,0,6.394113475177305
-70,350,0,6.394113475177305
-50,350,0,6.394113475177305
-30,350,0,6.394113475177305
-10,350,0,6.394113475177305
10,350,0,6.394113475177305
30,350,0,6.394113475177305
50,350,0,6.394113475177305
70,350,0,6.394113475177305
90,350,0,6.394113475177305
110,350,0,6.394113475177305
130,350,0,6.394113475177305
150,350,0,6.394113475177305
170,350,0,6.394113475177305
190,350,0,6.394113475177305
210,350,0,6.394113475177305
230,350,0,6.394113475177305
250,350,0,6.394113475177305
270,350,0,6.394113475177305
290,350,0,6.394113475177305
310,350,0,6.394113475177305
330,350,0,6.394113475177305
350,350,0,6.394113475177305
370,350,0,6.394113475177305
390,350,0,6.394113475177305
410,350,0,6.394113475177305
430,350,0,6.394113475177305
450,350,0,6.394113475177305
470,350,0,6.394113475177305
490,350,0,6.394113475177305
510,350,0,6.394113475177305
530,350,0,6.394113475177305
550,350,0,6.394113475177305
570,350,0,6.394113475177305
590,350,0,6.394113475177305
610,350,0,6.394113475177305
630,350,0,6.394113475177305
650,350,0,6.394113475177305
670,350,0,6.394113475177305
690,350,0,6.394113475177305
710,350,0,6.394113475177305
730,350,0,6.394113475177305
750,350,0,6.394113475177305
770,350,0,6.394113475177305
790,350,0,6.394113475177305
-790,370,0,6.394113475177305
-770,370,0,6.394113475177305
-750,370,0,6.394113475177305
-730,370,0,6.394113475177305
-710,370,0,6.394113475177305
-690,370,0,6.394113475177305
-670,370,0,6.394113475177305
-650,370,0,6.394113475177305
-630,370,0,6.394113475177305
-610,370,0,6.394113475177305
-590,370,0,6.394113475177305
-570,370,0,6.394113475177305
-550,370,0,6.394113475177305
-530,370,0,6.394113475177305
-510,370,0,6.394113475177305
-490,370,0,6.394113475177305
-470,370,0,6.394113475177305
-450,370,0,6.394113475177305
-430,370,0,6.394113475177305
-410,370,0,6.394113475177305
-390,370,0,6.394113475177305
-370,370,0,6.394113475177305
-350,370,0,6.394113475177305
-330,370,0,6.394113475177305
-310,370,0,6.394113475177305
-290,370,0,6.394113475177305
-270,370,0,6.394113475177305
-250,370,0,6.394113475177305
-230,370,0,6.394113475177305
-210,370,0,6.394113475177305
-190,370,0,6.394113475177305
-170,370,0,6.394113475177305
-150,370,0,6.394113475177305
-130,370,0,6.394113475177305
-110,370,0,6.394113475177305
-90,370,0,6.394113475177305
-70,370,0,6.394113475177305
-50,370,0,6.394113475177305
-30,370,0,6.394113475177305
-10,370,0,6.394113475177305
10,370,0,6.394113475177305
30,370,0,6.394113475177305
50,370,0,6.394113475177305
70,370,0,6.394113475177305
90,370,0,6.394113475177305
110,370,0,6.394113475177305
130,370,0,6.394113475177305
150,370,0,6.394113475177305
170,370,0,6.394113475177305
190,370,0,6.394113475177305
210,370,0,6.394113475177305
230,370,0,6.394113475177305
250,370,0,6.394113475177305
270,370,0,6.394113475177305
290,370,0,6.394113475177305
310,370,0,6.394113475177305
330,370,0,6.394113475177305
350,370,0,6.394113475177305
370,370,0,6.394113475177305
390,370,0,6.394113475177305
410,370,0,6.394113475177305
430,370,0,6.394113475177305
450,370,0,6.394113475177305
470,370,0,6.394113475177305
490,370,0,6.394113475177305
510,370,0,6.394113475177305
530,370,0,6.394113475177305
550,370,0,6.394113475177305
570,370,0,6.394113475177305
590,370,0,6.394113475177305
610,370,0,6.394113475177305
630,370,0,6.394113475177305
650,370,0,6.394113475177305
670,370,0,6.394113475177305
690,370,0,6.394113475177305
710,370,0,6.394113475177305
730,370,0,6.394113475177305
750,370,0,6.394113475177305
770,370,0,6.394113475177305
790,370,0,6.394113475177305
-790,390,0,6.394113475177305
-770,390,0,6.394113475177305
-750,390,0,6.394113475177305
-730,390,0,6.394113475177305
-710,390,0,6.394113475177305
-690,390,0,6.394113475177305
-670,390,0,6.394113475177305
-650,390,0,6.394113475177305
-630,390,0,6.394113475177305
-610,390,0,6.394113475177305
-590,390,0,6.394113475177305
-570,390,0,6.394113475177305
-550,390,0,6.394113475177305
-530,390,0,6.394113475177305
-510,390,0,6.394113475177305
-490,390,0,6.394113475177305
-470,390,0,6.394113475177305
-450,390,0,6.394113475177305
-430,390,0,6.394113475177305
-410,390,0,6.394113475177305
-390,390,0,6.394113475177305
-370,390,0,6.394113475177305
-350,390,0,6.394113475177305
-330,390,0,6.394113475177305
-310,390,0,6.394113475177305
-290,390,0,6.394113475177305
-270,390,0,6.394113475177305
-250,390,0,6.394113475177305
-230,390,0,6.394113475177305
-210,390,0,6.394113475177305
-190,390,0,6.394113475177305
-170,390,0,6.394113475177305
-150,390,0,6.394113475177305
-130,390,0,6.394113475177305
-110,390,0,6.394113475177305
-90,390,0,6.394113475177305
-70,390,0,6.394113475177305
-50,390,0,6.394113475177305
-30,390,0,6.394113475177305
-10,390,0,6.394113475177305
10,390,0,6.394113475177305
30,390,0,6.394113475177305
50,390,0,6.394113475177305
70,390,0,6.394113475177305
90,390,0,6.394113475177305
110,390,0,6.394113475177305
130,390,0,6.394113475177305
150,390,0,6.394113475177305
170,390,0,6.394113475177305
190,390,0,6.394113475177305
210,390,0,6.394113475177305
230,390,0,6.394113475177305
250,390,0,6.394113475177305
270,390,0,6.394113475177305
290,390,0,6.394113475177305
310,390,0,6.394113475177305
330,390,0,6.394113475177305
350,390,0,6.394113475177305
370,390,0,6.394113475177305
390,390,0,6.394113475177305
410,390,0,6.394113475177305
430,390,0,6.394113475177305
450,390,0,6.394113475177305
470,390,0,6.394113475177305
490,390,0,6.394113475177305
510,390,0,6.394113475177305
530,390,0,6.394113475177305
550,390,0,6.394113475177305
570,390,0,6.394113475177305
590,390,0,6.394113475177305
610,390,0,6.394113475177305
630,390,0,6.394113475177305
650,390,0,6.394113475177305
670,390,0,6.394113475177305
690,390,0,6.394113475177305
710,390,0,6.394113475177305
730,390,0,6.394113475177305
750,390,0,6.394113475177305
770,390,0,6.394113475177305
790,390,0,6.394113475177305
-790,410,0,6.394113475177305
-770,410,0,6.394113475177305
-750,410,0,6.394113475177305
-730,410,0,6.394113475177305
-710,410,0,6.394113475177305
-690,410,0,6.394113475177305
-670,410,0,6.394113475177305
-650,410,0,6.394113475177305
-630,410,0,6.394113475177305
-610,410,0,6.394113475177305
-590,410,0,6.394113475177305
-570,410,0,6.394113475177305
-550,410,0,6.394113475177305
-530,410,0,6.394113475177305
-510,410,0,6.394113475177305
-490,410,0,6.394113475177305
-470,410,0,6.394113475177305
-450,410,0,6.394113475177305
-430,410,0,6.394113475177305
-410,410,0,6.394113475177305
-390,410,0,6.394113475177305
-370,410,0,6.394113475177305
-350,410,0,6.394113475177305
-330,410,0,6.394113475177305
-310,410,0,6.394113475177305
-290,410,0,6.394113475177305
-270,410,0,6.394113475177305
-250,410,0,6.394113475177305
-230,410,0,6.394113475177305
-210,410,0,6.394113475177305
-190,410,0,6.394113475177305
-170,410,0,6.394113475177305
-150,410,0,6.394113475177305
-130,410,0,6.394113475177305
-110,410,0,6.394113475177305
-90,410,0,6.394113475177305
-70,410,0,6.394113475177305
-50,410,0,6.394113475177305
-30,410,0,6.394113475177305
-10,410,0,6.394113475177305
10,410,0,6.394113475177305
30,410,0,6.394113475177305
50,410,0,6.394113475177305
70,410,0,6.394113475177305
90,410,0,6.394113475177305
110,410,0,6.394113475177305
130,410,0,6.394113475177305
150,410,0,6.394113475177305
170,410,0,6.394113475177305
190,410,0,6.394113475177305
210,410,0,6.394113475177305
230,410,0,6.394113475177305
250,410,0,6.394113475177305
270,410,0,6.394113475177305
290,410,0,6.394113475177305
310,410,0,6.394113475177305
330,410,0,6.394113475177305
350,410,0,6.394113475177305
370,410,0,6.394113475177305
390,410,0,6.394113475177305
410,410,0,6.394113475177305
430,410,0,6.394113475177305
450,410,0,6.394113475177305
470,410,0,6.394113475177305
490,410,0,6.394113475177305
510,410,0,6.394113475177305
530,410,0,6.394113475177305
550,410,0,6.394113475177305
570,410,0,6.394113475177305
590,410,0,6.394113475177305
610,410,0,6.394113475177305
630,410,0,6.394113475177305
650,410,0,6.394113475177305
670,410,0,6.394113475177305
690,410,0,6.394113475177305
710,410,0,6.394113475177305
730,410,0,6.394113475177305
750,410,0,6.394113475177305
770,410,0,6.394113475177305
790,410,0,6.394113475177305
-790,430,0,6.394113475177305
-770,430,0,6.394113475177305
-750,430,0,6.394113475177305
-730,430,0,6.394113475177305
-710,430,0,6.394113475177305
-690,430,0,6.394113475177305
-670,430,0,6.394113475177305
-650,430,0,6.394113475177305
-630,430,0,6.394113475177305
-610,430,0,6.394113475177305
-590,430,0,6.394113475177305
-570,430,0,6.394113475177305
-550,430,0,6.394113475177305
-530,430,0,6.394113475177305
-510,430,0,6.394113475177305
-490,430,0,6.394113475177305
-470,430,0,6.394113475177305
-450,430,0,6.394113475177305
-430,430,0,6.394113475177305
-410,430,0,6.394113475177305
-390,430,0,6.394113475177305
-370,430,0,6.394113475177305
-350,430,0,6.394113475177305
-330,430,0,6.394113475177305
-310,430,0,6.394113475177305
-290,430,0,6.394113475177305
-270,430,0,6.394113475177305
-250,430,0,6.394113475177305
-230,430,0,6.394113475177305
-210,430,0,6.394113475177305
-190,430,0,6.394113475177305
-170,430,0,6.394113475177305
-150,430,0,6.394113475177305
-130,430,0,6.394113475177305
-110,430,0,6.394113475177305
-90,430,0,6.394113475177305
-70,430,0,6.394113475177305
-50,430,0,6.394113475177305
-30,430,0,6.394113475177305
-10,430,0,6.394113475177305
10,430,0,6.394113475177305
30,430,0,6.394113475177305
50,430,0,6.394113475177305
70,430,0,6.394113475177305
90,430,0,6.394113475177305
110,430,0,6.394113475177305
130,430,0,6.394113475177305
150,430,0,6.394113475177305
170,430,0,6.394113475177305
190,430,0,6.394113475177305
210,430,0,6.394113475177305
230,430,0,6.394113475177305
250,430,0,6.394113475177305
270,430,0,6.394113475177305
290,430,0,6.394113475177305
310,430,0,6.394113475177305
330,430,0,6.394113475177305
350,430,0,6.394113475177305
370,430,0,6.394113475177305
390,430,0,6.394113475177305
410,430,0,6.394113475177305
430,430,0,6.394113475177305
450,430,0,6.394113475177305
470,430,0,6.394113475177305
490,430,0,6.394113475177305
510,430,0,6.394113475177305
530,430,0,6.394113475177305
550,430,0,6.394113475177305
570,430,0,6.394113475177305
590,430,0,6.394113475177305
610,430,0,6.394113475177305
630,430,0,6.394113475177305
650,430,0,6.394113475177305
670,430,0,6.394113475177305
690,430,0,6.394113475177305
710,430,0,6.394113475177305
730,430,0,6.394113475177305
750,430,0,6.394113475177305
770,430,0,6.394113475177305
790,430,0,6.394113475177305
-790,450,0,6.394113475177305
-770,450,0,6.394113475177305
-750,450,0,6.394113475177305
-730,450,0,6.394113475177305
-710,450,0,6.394113475177305
-690,450,0,6.394113475177305
-670,450,0,6.394113475177305
-650,450,0,6.394113475177305
-630,450,0,6.394113475177305
-610,450,0,6.394113475177305
-590,450,0,6.394113475177305
-570,450,0,6.394113475177305
-550,450,0,6.394113475177305
-530,450,0,6.394113475177305
-510,450,0,6.394113475177305
-490,450,0,6.394113475177305
-470,450,0,6.394113475177305
-450,450,0,6.394113475177305
-430,450,0,6.394113475177305
-410,450,0,6.394113475177305
-390,450,0,6.394113475177305
-370,450,0,6.394113475177305
-350,450,0,6.394113475177305
-330,450,0,6.394113475177305
-310,450,0,6.394113475177305
-290,450,0,6.394113475177305
-270,450,0,6.394113475177305
-250,450,0,6.394113475177305
-230,450,0,6.394113475177305
-210,450,0,6.394113475177305
-190,450,0,6.394113475177305
-170,450,0,6.394113475177305
-150,450,0,6.394113475177305
-130,450,0,6.394113475177305
-110,450,0,6.394113475177305
-90,450,0,6.394113475177305
-70,450,0,6.394113475177305
-50,450,0,6.394113475177305
-30,450,0,6.394113475177305
-10,450,0,6.394113475177305
10,450,0,6.394113475177305
30,450,0,6.394113475177305
50,450,0,6.394113475177305
70,450,0,6.394113475177305
90,450,0,6.394113475177305
110,450,0,6.394113475177305
130,450,0,6.394113475177305
150,450,0,6.394113475177305
170,450,0,6.394113475177305
190,450,0,6.394113475177305
210,450,0,6.394113475177305
230,450,0,6.394113475177305
250,450,0,6.394113475177305
270,450,0,6.394113475177305
290,450,0,6.394113475177305
310,450,0,6.394113475177305
330,450,0,6.394113475177305
350,450,0,6.394113475177305
370,450,0,6.394113475177305
390,450,0,6.394113475177305
410,450,0,6.394113475177305
430,450,0,6.394113475177305
450,450,0,6.394113475177305
470,450,0,6.394113475177305
490,450,0,6.394113475177305
510,450,0,6.394113475177305
530,450,0,6.394113475177305
550,450,0,6.394113475177305
570,450,0,6.394113475177305
590,450,0,6.394113475177305
610,450,0,6.394113475177305
630,450,0,6.394113475177305
650,450,0,6.394113475177305
670,450,0,6.394113475177305
690,450,0,6.394113475177305
710,450,0,6.394113475177305
730,450,0,6.394113475177305
750,450,0,6.394113475177305
770,450,0,6.394113475177305
790,450,0,6.394113475177305
-790,470,0,6.394113475177305
-770,470,0,6.394113475177305
-750,470,0,6.394113475177305
-730,470,0,6.394113475177305
-710,470,0,6.394113475177305
-690,470,0,6.394113475177305
-670,470,0,6.394113475177305
-650,470,0,6.394113475177305
-630,470,0,6.394113475177305
-610,470,0,6.394113475177305
-590,470,0,6.394113475177305
-570,470,0,6.394113475177305
-550,470,0,6.394113475177305
-530,470,0,6.394113475177305
-510,470,0,6.394113475177305
-490,470,0,6.394113475177305
-470,470,0,6.394113475177305
-450,470,0,6.394113475177305
-430,470,0,6.394113475177305
-410,470,0,6.394113475177305
-390,470,0,6.394113475177305
-370,470,0,6.394113475177305
-350,470,0,6.394113475177305
-330,470,0,6.394113475177305
-310,470,0,6.394113475177305
-290,470,0,6.394113475177305
-270,470,0,6.394113475177305
-250,470,0,6.394113475177305
-230,470,0,6.394113475177305
-210,470,0,6.394113475177305
-190,470,0,6.394113475177305
-170,470,0,6.394113475177305
-150,470,0,6.394113475177305
-130,470,0,6.394113475177305
-110,470,0,6.394113475177305
-90,470,0,6.394113475177305
-70,470,0,6.394113475177305
-50,470,0,6.394113475177305
-30,470,0,6.394113475177305
-10,470,0,6.394113475177305
10,470,0,6.394113475177305
30,470,0,6.394113475177305
50,470,0,6.394113475177305
70,470,0,6.394113475177305
90,470,0,6.394113475177305
110,470,0,6.394113475177305
130,470,0,6.394113475177305
150,470,0,6.394113475177305
170,470,0,6.394113475177305
190,470,0,6.394113475177305
210,470,0,6.394113475177305
230,470,0,6.394113475177305
250,470,0,6.394113475177305
270,470,0,6.394113475177305
290,470,0,6.394113475177305
310,470,0,6.394113475177305
330,470,0,6.394113475177305
350,470,0,6.394113475177305
370,470,0,6.394113475177305
390,470,0,6.394113475177305
410,470,0,6.394113475177305
430,470,0,6.394113475177305
450,470,0,6.394113475177305
470,470,0,6.394113475177305
490,470,0,6.394113475177305
510,470,0,6.394113475177305
530,470,0,6.394113475177305
550,470,0,6.394113475177305
570,470,0,6.394113475177305
590,470,0,6.394113475177305
610,470,0,6.394113475177305
630,470,0,6.394113475177305
650,470,0,6.394113475177305
670,470,0,6.394113475177305
690,470,0,6.394113475177305
710,470,0,6.394113475177305
730,470,0,6.394113475177305
750,470,0,6.394113475177305
770,470,0,6.394113475177305
790,470,0,6.394113475177305
-790,490,0,6.394113475177305
-770,490,0,6.394113475177305
-750,490,0,6.394113475177305
-730,490,0,6.394113475177305
-710,490,0,6.394113475177305
-690,490,0,6.394113475177305
-670,490,0,6.394113475177305
-650,490,0,6.394113475177305
-630,490,0,6.394113475177305
-610,490,0,6.394113475177305
-590,490,0,6.394113475177305
-570,490,0,6.394113475177305
-550,490,0,6.394113475177305
-530,490,0,6.394113475177305
-510,490,0,6.394113475177305
-490,490,0,6.394113475177305
-470,490,0,6.394113475177305
-450,490,0,6.394113475177305
-430,490,0,6.394113475177305
-410,490,0,6.394113475177305
-390,490,0,6.394113475177305
-370,490,0,6.394113475177305
-350,490,0,6.394113475177305
-330,490,0,6.394113475177305
-310,490,0,6.394113475177305
-290,490,0,6.394113475177305
-270,490,0,6.394113475177305
-250,490,0,6.394113475177305
-230,490,0,6.394113475177305
-210,490,0,6.394113475177305
-190,490,0,6.394113475177305
-170,490,0,6.394113475177305
-150,490,0,6.394113475177305
-130,490,0,6.394113475177305
-110,490,0,6.394113475177305
-90,490,0,6.394113475177305
-70,490,0,6.394113475177305
-50,490,0,6.394113475177305
-30,490,0,6.394113475177305
-10,490,0,6.394113475177305
10,490,0,6.394113475177305
30,490,0,6.394113475177305
50,490,0,6.394113475177305
70,490,0,6.394113475177305
90,490,0,6.394113475177305
110,490,0,6.394113475177305
130,490,0,6.394113475177305
150,490,0,6.394113475177305
170,490,0,6.394113475177305
190,490,0,6.394113475177305
210,490,0,6.394113475177305
230,490,0,6.394113475177305
250,490,0,6.394113475177305
270,490,0,6.394113475177305
290,490,0,6.394113475177305
310,490,0,6.394113475177305
330,490,0,6.394113475177305
350,490,0,6.394113475177305
370,490,0,6.394113475177305
390,490,0,6.394113475177305
410,490,0,6.394113475177305
430,490,0,6.394113475177305
450,490,0,6.394113475177305
470,490,0,6.394113475177305
490,490,0,6.394113475177305
510,490,0,6.394113475177305
530,490,0,6.394113475177305
550,490,0,6.394113475177305
570,490,0,6.394113475177305
590,490,0,6.394113475177305
610,490,0,6.394113475177305
630,490,0,6.394113475177305
650,490,0,6.394113475177305
670,490,0,6.394113475177305
690,490,0,6.394113475177305
710,490,0,6.394113475177305
730,490,0,6.394113475177305
750,490,0,6.394113475177305
770,490,0,6.394113475177305
790,490,0,6.394113475177305
-790,510,0,6.394113475177305
-770,510,0,6.394113475177305
-750,510,0,6.394113475177305
-730,510,0,6.394113475177305
-710,510,0,6.394113475177305
-690,510,0,6.394113475177305
-670,510,0,6.394113475177305
-650,510,0,6.394113475177305
-630,510,0,6.394113475177305
-610,510,0,6.394113475177305
-590,510,0,6.394113475177305
-570,510,0,6.394113475177305
-550,510,0,6.394113475177305
-530,510,0,6.394113475177305
-510,510,0,6.394113475177305
-490,510,0,6.394113475177305
-470,510,0,6.394113475177305
-450,510,0,6.394113475177305
-430,510,0,6.394113475177305
-410,510,0,6.394113475177305
-390,510,0,6.394113475177305
-370,510,0,6.394113475177305
-350,510,0,6.394113475177305
-330,510,0,6.394113475177305
-310,510,0,6.394113475177305
-290,510,0,6.394113475177305
-270,510,0,6.394113475177305
-250,510,0,6.394113475177305
-230,510,0,6.394113475177305
-210,510,0,6.394113475177305
-190,510,0,6.394113475177305
-170,510,0,6.394113475177305
-150,510,0,6.394113475177305
-130,510,0,6.394113475177305
-110,510,0,6.394113475177305
-90,510,0,6.394113475177305
-70,510,0,6.394113475177305
-50,510,0,6.394113475177305
-30,510,0,6.394113475177305
-10,510,0,6.394113475177305
10,510,0,6.394113475177305
30,510,0,6.394113475177305
50,510,0,6.394113475177305
70,510,0,6.394113475177305
90,510,0,6.394113475177305
110,510,0,6.394113475177305
130,510,0,6.394113475177305
150,510,0,6.394113475177305
170,510,0,6.394113475177305
190,510,0,6.394113475177305
210,510,0,6.394113475177305
230,510,0,6.394113475177305
250,510,0,6.394113475177305
270,510,0,6.394113475177305
290,510,0,6.394113475177305
310,510,0,6.394113475177305
330,510,0,6.394113475177305
350,510,0,6.394113475177305
370,510,0,6.394113475177305
390,510,0,6.394113475177305
410,510,0,6.394113475177305
430,510,0,6.394113475177305
450,510,0,6.394113475177305
470,510,0,6.394113475177305
490,510,0,6.394113475177305
510,510,0,6.394113475177305
530,510,0,6.394113475177305
550,510,0,6.394113475177305
570,510,0,6.394113475177305
590,510,0,6.394113475177305
610,510,0,6.394113475177305
630,510,0,6.394113475177305
650,510,0,6.394113475177305
670,510,0,6.394113475177305
690,510,0,6.394113475177305
710,510,0,6.394113475177305
730,510,0,6.394113475177305
750,510,0,6.394113475177305
770,510,0,6.394113475177305
790,510,0,6.394113475177305
-790,530,0,6.394113475177305
-770,530,0,6.394113475177305
-750,530,0,6.394113475177305
-730,530,0,6.394113475177305
-710,530,0,6.394113475177305
-690,530,0,6.394113475177305
-670,530,0,6.394113475177305
-650,530,0,6.394113475177305
-630,530,0,6.394113475177305
-610,530,0,6.394113475177305
-590,530,0,6.394113475177305
-570,530,0,6.394113475177305
-550,530,0,6.394113475177305
-530,530,0,6.394113475177305
-510,530,0,6.394113475177305
-490,530,0,6.394113475177305
-470,530,0,6.394113475177305
-450,530,0,6.394113475177305
-430,530,0,6.394113475177305
-410,530,0,6.394113475177305
-390,530,0,6.394113475177305
-370,530,0,6.394113475177305
-350,530,0,6.394113475177305
-330,530,0,6.394113475177305
-310,530,0,6.394113475177305
-290,530,0,6.394113475177305
-270,530,0,6.394113475177305
-250,530,0,6.394113475177305
-230,530,0,6.394113475177305
-210,530,0,6.394113475177305
-190,530,0,6.394113475177305
-170,530,0,6.394113475177305
-150,530,0,6.394113475177305
-130,530,0,6.394113475177305
-110,530,0,6.394113475177305
-90,530,0,6.394113475177305
-70,530,0,6.394113475177305
-50,530,0,6.394113475177305
-30,530,0,6.394113475177305
-10,530,0,6.394113475177305
10,530,0,6.394113475177305
30,530,0,6.394113475177305
50,530,0,6.394113475177305
70,530,0,6.394113475177305
90,530,0,6.394113475177305
110,530,0,6.394113475177305
130,530,0,6.394113475177305
150,530,0,6.394113475177305
170,530,0,6.394113475177305
190,530,0,6.394113475177305
210,530,0,6.394113475177305
230,530,0,6.394113475177305
250,530,0,6.394113475177305
270,530,0,6.394113475177305
290,530,0,6.394113475177305
310,530,0,6.394113475177305
330,530,0,6.394113475177305
350,530,0,6.394113475177305
370,530,0,6.394113475177305
390,530,0,6.394113475177305
410,530,0,6.394113475177305
430,530,0,6.394113475177305
450,530,0,6.394113475177305
470,530,0,6.394113475177305
490,530,0,6.394113475177305
510,530,0,6.394113475177305
530,530,0,6.394113475177305
550,530,0,6.394113475177305
570,530,0,6.394113475177305
590,530,0,6.394113475177305
610,530,0,6.394113475177305
630,530,0,6.394113475177305
650,530,0,6.394113475177305
670,530,0,6.394113475177305
690,530,0,6.394113475177305
710,530,0,6.394113475177305
730,530,0,6.394113475177305
750,530,0,6.394113475177305
770,530,0,6.394113475177305
790,530,0,6.394113475177305
-790,550,0,6.394113475177305
-770,550,0,6.394113475177305
-750,550,0,6.394113475177305
-730,550,0,6.394113475177305
-710,550,0,6.394113475177305
-690,550,0,6.394113475177305
-670,550,0,6.394113475177305
-650,550,0,6.394113475177305
-630,550,0,6.394113475177305
-610,550,0,6.394113475177305
-590,550,0,6.394113475177305
-570,550,0,6.394113475177305
-550,550,0,6.394113475177305
-530,550,0,6.394113475177305
-510,550,0,6.394113475177305
-490,550,0,6.394113475177305
-470,550,0,6.394113475177305
-450,550,0,6.394113475177305
-430,550,0,6.394113475177305
-410,550,0,6.394113475177305
-390,550,0,6.394113475177305
-370,550,0,6.394113475177305
-350,550,0,6.394113475177305
-330,550,0,6.394113475177305
-310,550,0,6.394113475177305
-290,550,0,6.394113475177305
-270,550,0,6.394113475177305
-250,550,0,6.394113475177305
-230,550,0,6.394113475177305
-210,550,0,6.394113475177305
-190,550,0,6.394113475177305
-170,550,0,6.394113475177305
-150,550,0,6.394113475177305
-130,550,0,6.394113475177305
-110,550,0,6.394113475177305
-90,550,0,6.394113475177305
-70,550,0,6.394113475177305
-50,550,0,6.394113475177305
-30,550,0,6.394113475177305
-10,550,0,6.394113475177305
10,550,0,6.394113475177305
30,550,0,6.394113475177305
50,550,0,6.394113475177305
70,550,0,6.394113475177305
90,550,0,6.394113475177305
110,550,0,6.394113475177305
130,550,0,6.394113475177305
150,550,0,6.394113475177305
170,550,0,6.394113475177305
190,550,0,6.394113475177305
210,550,0,6.394113475177305
230,550,0,6.394113475177305
250,550,0,6.394113475177305
270,550,0,6.394113475177305
290,550,0,6.394113475177305
310,550,0,6.394113475177305
330,550,0,6.394113475177305
350,550,0,6.394113475177305
370,550,0,6.394113475177305
390,550,0,6.394113475177305
410,550,0,6.394113475177305
430,550,0,6.394113475177305
450,550,0,6.394113475177305
470,550,0,6.394113475177305
490,550,0,6.394113475177305
510,550,0,6.394113475177305
530,550,0,6.394113475177305
550,550,0,6.394113475177305
570,550,0,6.394113475177305
590,550,0,6.394113475177305
610,550,0,6.394113475177305
630,550,0,6.394113475177305
650,550,0,6.394113475177305
670,550,0,6.394113475177305
690,550,0,6.394113475177305
710,550,0,6.394113475177305
730,550,0,6.394113475177305
750,550,0,6.394113475177305
770,550,0,6.394113475177305
790,550,0,6.394113475177305
-790,570,0,6.394113475177305
-770,570,0,6.394113475177305
-750,570,0,6.394113475177305
-730,570,0,6.394113475177305
-710,570,0,6.394113475177305
-690,570,0,6.394113475177305
-670,570,0,6.394113475177305
-650,570,0,6.394113475177305
-630,570,0,6.394113475177305
-610,570,0,6.394113475177305
-590,570,0,6.394113475177305
-570,570,0,6.394113475177305
-550,570,0,6.394113475177305
-530,570,0,6.394113475177305
-510,570,0,6.394113475177305
-490,570,0,6.394113475177305
-470,570,0,6.394113475177305
-450,570,0,6.394113475177305
-430,570,0,6.394113475177305
-410,570,0,6.394113475177305
-390,570,0,6.394113475177305
-370,570,0,6.394113475177305
-350,570,0,6.394113475177305
-330,570,0,6.394113475177305
-310,570,0,6.394113475177305
-290,570,0,6.394113475177305
-270,570,0,6.394113475177305
-250,570,0,6.394113475177305
-230,570,0,6.394113475177305
-210,570,0,6.394113475177305
-190,570,0,6.394113475177305
-170,570,0,6.394113475177305
-150,570,0,6.394113475177305
-130,570,0,6.394113475177305
-110,570,0,6.394113475177305
-90,570,0,6.394113475177305
-70,570,0,6.394113475177305
-50,570,0,6.394113475177305
-30,570,0,6.394113475177305
-10,570,0,6.394113475177305
10,570,0,6.394113475177305
30,570,0,6.394113475177305
50,570,0,6.394113475177305
70,570,0,6.394113475177305
90,570,0,6.394113475177305
110,570,0,6.394113475177305
130,570,0,6.394113475177305
150,570,0,6.394113475177305
170,570,0,6.394113475177305
190,570,0,6.394113475177305
210,570,0,6.394113475177305
230,570,0,6.394113475177305
250,570,0,6.394113475177305
270,570,0,6.394113475177305
290,570,0,6.394113475177305
310,570,0,6.394113475177305
330,570,0,6.394113475177305
350,570,0,6.394113475177305
370,570,0,6.394113475177305
390,570,0,6.394113475177305
410,570,0,6.394113475177305
430,570,0,6.394113475177305
450,570,0,6.394113475177305
470,570,0,6.394113475177305
490,570,0,6.394113475177305
510,570,0,6.394113475177305
530,570,0,6.394113475177305
550,570,0,6.394113475177305
570,570,0,6.394113475177305
590,570,0,6.394113475177305
610,570,0,6.394113475177305
630,570,0,6.394113475177305
650,570,0,6.394113475177305
670,570,0,6.394113475177305
690,570,0,6.394113475177305
710,570,0,6.394113475177305
730,570,0,6.394113475177305
750,570,0,6.394113475177305
770,570,0,6.394113475177305
790,570,0,6.394113475177305
-790,590,0,6.394113475177305
-770,590,0,6.394113475177305
-750,590,0,6.394113475177305
-730,590,0,6.394113475177305
-710,590,0,6.394113475177305
-690,590,0,6.394113475177305
-670,590,0,6.394113475177305
-650,590,0,6.394113475177305
-630,590,0,6.394113475177305
-610,590,0,6.394113475177305
-590,590,0,6.394113475177305
-570,590,0,6.394113475177305
-550,590,0,6.394113475177305
-530,590,0,6.394113475177305
-510,590,0,6.394113475177305
-490,590,0,6.394113475177305
-470,590,0,6.394113475177305
-450,590,0,6.394113475177305
-430,590,0,6.394113475177305
-410,590,0,6.394113475177305
-390,590,0,6.394113475177305
-370,590,0,6.394113475177305
-350,590,0,6.394113475177305
-330,590,0,6.394113475177305
-310,590,0,6.394113475177305
-290,590,0,6.394113475177305
-270,590,0,6.394113475177305
-250,590,0,6.394113475177305
-230,590,0,6.394113475177305
-210,590,0,6.394113475177305
-190,590,0,6.394113475177305
-170,590,0,6.394113475177305
-150,590,0,6.394113475177305
-130,590,0,6.394113475177305
-110,590,0,6.394113475177305
-90,590,0,6.394113475177305
-70,590,0,6.394113475177305
-50,590,0,6.394113475177305
-30,590,0,6.394113475177305
-10,590,0,6.394113475177305
10,590,0,6.394113475177305
30,590,0,6.394113475177305
50,590,0,6.394113475177305
70,590,0,6.394113475177305
90,590,0,6.394113475177305
110,590,0,6.394113475177305
130,590,0,6.394113475177305
150,590,0,6.394113475177305
170,590,0,6.394113475177305
190,590,0,6.394113475177305
210,590,0,6.394113475177305
230,590,0,6.394113475177305
250,590,0,6.394113475177305
270,590,0,6.394113475177305
290,590,0,6.394113475177305
310,590,0,6.394113475177305
330,590,0,6.394113475177305
350,590,0,6.394113475177305
370,590,0,6.394113475177305
390,590,0,6.394113475177305
410,590,0,6.394113475177305
430,590,0,6.394113475177305
450,590,0,6.394113475177305
470,590,0,6.394113475177305
490,590,0,6.394113475177305
510,590,0,6.394113475177305
530,590,0,6.394113475177305
550,590,0,6.394113475177305
570,590,0,6.394113475177305
590,590,0,6.394113475177305
610,590,0,6.394113475177305
630,590,0,6.394113475177305
650,590,0,6.394113475177305
670,590,0,6.394113475177305
690,590,0,6.394113475177305
710,590,0,6.394113475177305
730,590,0,6.394113475177305
750,590,0,6.394113475177305
770,590,0,6.394113475177305
790,590,0,6.394113475177305
-790,610,0,6.394113475177305
-770,610,0,6.394113475177305
-750,610,0,6.394113475177305
-730,610,0,6.394113475177305
-710,610,0,6.394113475177305
-690,610,0,6.394113475177305
-670,610,0,6.394113475177305
-650,610,0,6.394113475177305
-630,610,0,6.394113475177305
-610,610,0,6.394113475177305
-590,610,0,6.394113475177305
-570,610,0,6.394113475177305
-550,610,0,6.394113475177305
-530,610,0,6.394113475177305
-510,610,0,6.394113475177305
-490,610,0,6.394113475177305
-470,610,0,6.394113475177305
-450,610,0,6.394113475177305
-430,610,0,6.394113475177305
-410,610,0,6.394113475177305
-390,610,0,6.394113475177305
-370,610,0,6.394113475177305
-350,610,0,6.394113475177305
-330,610,0,6.394113475177305
-310,610,0,6.394113475177305
-290,610,0,6.394113475177305
-270,610,0,6.394113475177305
-250,610,0,6.394113475177305
-230,610,0,6.394113475177305
-210,610,0,6.394113475177305
-190,610,0,6.394113475177305
-170,610,0,6.394113475177305
-150,610,0,6.394113475177305
-130,610,0,6.394113475177305
-110,610,0,6.394113475177305
-90,610,0,6.394113475177305
-70,610,0,6.394113475177305
-50,610,0,6.394113475177305
-30,610,0,6.394113475177305
-10,610,0,6.394113475177305
10,610,0,6.394113475177305
30,610,0,6.394113475177305
50,610,0,6.394113475177305
70,610,0,6.394113475177305
90,610,0,6.394113475177305
110,610,0,6.394113475177305
130,610,0,6.394113475177305
150,610,0,6.394113475177305
170,610,0,6.394113475177305
190,610,0,6.394113475177305
210,610,0,6.394113475177305
230,610,0,6.394113475177305
250,610,0,6.394113475177305
270,610,0,6.394113475177305
290,610,0,6.394113475177305
310,610,0,6.394113475177305
330,610,0,6.394113475177305
350,610,0,6.394113475177305
370,610,0,6.394113475177305
390,610,0,6.394113475177305
410,610,0,6.394113475177305
430,610,0,6.394113475177305
450,610,0,6.394113475177305
470,610,0,6.394113475177305
490,610,0,6.394113475177305
510,610,0,6.394113475177305
530,610,0,6.394113475177305
550,610,0,6.394113475177305
570,610,0,6.394113475177305
590,610,0,6.394113475177305
610,610,0,6.394113475177305
630,610,0,6.394113475177305
650,610,0,6.394113475177305
670,610,0,6.394113475177305
690,610,0,6.394113475177305
710,610,0,6.394113475177305
730,610,0,6.394113475177305
750,610,0,6.394113475177305
770,610,0,6.394113475177305
790,610,0,6.394113475177305
-790,630,0,6.394113475177305
-770,630,0,6.394113475177305
-750,630,0,6.394113475177305
-730,630,0,6.394113475177305
-710,630,0,6.394113475177305
-690,630,0,6.394113475177305
-670,630,0,6.394113475177305
-650,630,0,6.394113475177305
-630,630,0,6.394113475177305
-610,630,0,6.394113475177305
-590,630,0,6.394113475177305
-570,630,0,6.394113475177305
-550,630,0,6.394113475177305
-530,630,0,6.394113475177305
-510,630,0,6.394113475177305
-490,630,0,6.394113475177305
-470,630,0,6.394113475177305
-450,630,0,6.394113475177305
-430,630,0,6.394113475177305
-410,630,0,6.394113475177305
-390,630,0,6.394113475177305
-370,630,0,6.394113475177305
-350,630,0,6.394113475177305
-330,630,0,6.394113475177305
-310,630,0,6.394113475177305
-290,630,0,6.394113475177305
-270,630,0,6.394113475177305
-250,630,0,6.394113475177305
-230,630,0,6.394113475177305
-210,630,0,6.394113475177305
-190,630,0,6.394113475177305
-170,630,0,6.394113475177305
-150,630,0,6.394113475177305
-130,630,0,6.394113475177305
-110,630,0,6.394113475177305
-90,630,0,6.394113475177305
-70,630,0,6.394113475177305
-50,630,0,6.394113475177305
-30,630,0,6.394113475177305
-10,630,0,6.394113475177305
10,630,0,6.394113475177305
30,630,0,6.394113475177305
50,630,0,6.394113475177305
70,630,0,6.394113475177305
90,630,0,6.394113475177305
110,630,0,6.394113475177305
130,630,0,6.394113475177305
150,630,0,6.394113475177305
170,630,0,6.394113475177305
190,630,0,6.394113475177305
210,630,0,6.394113475177305
230,630,0,6.394113475177305
250,630,0,6.394113475177305
270,630,0,6.394113475177305
290,630,0,6.394113475177305
310,630,0,6.394113475177305
330,630,0,6.394113475177305
350,630,0,6.394113475177305
370,630,0,6.394113475177305
390,630,0,6.394113475177305
410,630,0,6.394113475177305
430,630,0,6.394113475177305
450,630,0,6.394113475177305
470,630,0,6.394113475177305
490,630,0,6.394113475177305
510,630,0,6.394113475177305
530,630,0,6.394113475177305
550,630,0,6.394113475177305
570,630,0,6.394113475177305
590,630,0,6.394113475177305
610,630,0,6.394113475177305
630,630,0,6.394113475177305
650,630,0,6.394113475177305
670,630,0,6.394113475177305
690,630,0,6.394113475177305
710,630,0,6.394113475177305
730,630,0,6.394113475177305
750,630,0,6.394113475177305
770,630,0,6.394113475177305
790,630,0,6.394113475177305
-790,650,0,6.394113475177305
-770,650,0,6.394113475177305
-750,650,0,6.394113475177305
-730,650,0,6.394113475177305
-710,650,0,6.394113475177305
-690,650,0,6.394113475177305
-670,650,0,6.394113475177305
-650,650,0,6.394113475177305
-630,650,0,6.394113475177305
-610,650,0,6.394113475177305
-590,650,0,6.394113475177305
-570,650,0,6.394113475177305
-550,650,0,6.394113475177305
-530,650,0,6.394113475177305
-510,650,0,6.394113475177305
-490,650,0,6.394113475177305
-470,650,0,6.394113475177305
-450,650,0,6.394113475177305
-430,650,0,6.394113475177305
-410,650,0,6.394113475177305
-390,650,0,6.394113475177305
-370,650,0,6.394113475177305
-350,650,0,6.394113475177305
-330,650,0,6.394113475177305
-310,650,0,6.394113475177305
-290,650,0,6.394113475177305
-270,650,0,6.394113475177305
-250,650,0,6.394113475177305
-230,650,0,6.394113475177305
-210,650,0,6.394113475177305
-190,650,0,6.394113475177305
-170,650,0,6.394113475177305
-150,650,0,6.394113475177305
-130,650,0,6.394113475177305
-110,650,0,6.394113475177305
-90,650,0,6.394113475177305
-70,650,0,6.394113475177305
-50,650,0,6.394113475177305
-30,650,0,6.394113475177305
-10,650,0,6.394113475177305
10,650,0,6.394113475177305
30,650,0,6.394113475177305
50,650,0,6.394113475177305
70,650,0,6.394113475177305
90,650,0,6.394113475177305
110,650,0,6.394113475177305
130,650,0,6.394113475177305
150,650,0,6.394113475177305
170,650,0,6.394113475177305
190,650,0,6.394113475177305
210,650,0,6.394113475177305
230,650,0,6.394113475177305
250,650,0,6.394113475177305
270,650,0,6.394113475177305
290,650,0,6.394113475177305
310,650,0,6.394113475177305
330,650,0,6.394113475177305
350,650,0,6.394113475177305
370,650,0,6.394113475177305
390,650,0,6.394113475177305
410,650,0,6.394113475177305
430,650,0,6.394113475177305
450,650,0,6.394113475177305
470,650,0,6.394113475177305
490,650,0,6.394113475177305
510,650,0,6.394113475177305
530,650,0,6.394113475177305
550,650,0,6.394113475177305
570,650,0,6.394113475177305
590,650,0,6.394113475177305
610,650,0,6.394113475177305
630,650,0,6.394113475177305
650,650,0,6.394113475177305
670,650,0,6.394113475177305
690,650,0,6.394113475177305
710,650,0,6.394113475177305
730,650,0,6.394113475177305
750,650,0,6.394113475177305
770,650,0,6.394113475177305
790,650,0,6.394113475177305
-790,670,0,6.394113475177305
-770,670,0,6.394113475177305
-750,670,0,6.394113475177305
-730,670,0,6.394113475177305
-710,670,0,6.394113475177305
-690,670,0,6.394113475177305
-670,670,0,6.394113475177305
-650,670,0,6.394113475177305
-630,670,0,6.394113475177305
-610,670,0,6.394113475177305
-590,670,0,6.394113475177305
-570,670,0,6.394113475177305
-550,670,0,6.394113475177305
-530,670,0,6.394113475177305
-510,670,0,6.394113475177305
-490,670,0,6.394113475177305
-470,670,0,6.394113475177305
-450,670,0,6.394113475177305
-430,670,0,6.394113475177305
-410,670,0,6.394113475177305
-390,670,0,6.394113475177305
-370,670,0,6.394113475177305
-350,670,0,6.394113475177305
-330,670,0,6.394113475177305
-310,670,0,6.394113475177305
-290,670,0,6.394113475177305
-270,670,0,6.394113475177305
-250,670,0,6.394113475177305
-230,670,0,6.394113475177305
-210,670,0,6.394113475177305
-190,670,0,6.394113475177305
-170,670,0,6.394113475177305
-150,670,0,6.394113475177305
-130,670,0,6.394113475177305
-110,670,0,6.394113475177305
-90,670,0,6.394113475177305
-70,670,0,6.394113475177305
-50,670,0,6.394113475177305
-30,670,0,6.394113475177305
-10,670,0,6.394113475177305
10,670,0,6.394113475177305
30,670,0,6.394113475177305
50,670,0,6.394113475177305
70,670,0,6.394113475177305
90,670,0,6.394113475177305
110,670,0,6.394113475177305
130,670,0,6.394113475177305
150,670,0,6.394113475177305
170,670,0,6.394113475177305
190,670,0,6.394113475177305
210,670,0,6.394113475177305
230,670,0,6.394113475177305
250,670,0,6.394113475177305
270,670,0,6.394113475177305
290,670,0,6.394113475177305
310,670,0,6.394113475177305
330,670,0,6.394113475177305
350,670,0,6.394113475177305
370,670,0,6.394113475177305
390,670,0,6.394113475177305
410,670,0,6.394113475177305
430,670,0,6.394113475177305
450,670,0,6.394113475177305
470,670,0,6.394113475177305
490,670,0,6.394113475177305
510,670,0,6.394113475177305
530,670,0,6.394113475177305
550,670,0,6.394113475177305
570,670,0,6.394113475177305
590,670,0,6.394113475177305
610,670,0,6.394113475177305
630,670,0,6.394113475177305
650,670,0,6.394113475177305
670,670,0,6.394113475177305
690,670,0,6.394113475177305
710,670,0,6.394113475177305
730,670,0,6.394113475177305
750,670,0,6.394113475177305
770,670,0,6.394113475177305
790,670,0,6.394113475177305
-790,690,0,6.394113475177305
-770,690,0,6.394113475177305
-750,690,0,6.394113475177305
-730,690,0,6.394113475177305
-710,690,0,6.394113475177305
-690,690,0,6.394113475177305
-670,690,0,6.394113475177305
-650,690,0,6.394113475177305
-630,690,0,6.394113475177305
-610,690,0,6.394113475177305
-590,690,0,6.394113475177305
-570,690,0,6.394113475177305
-550,690,0,6.394113475177305
-530,690,0,6.394113475177305
-510,690,0,6.394113475177305
-490,690,0,6.394113475177305
-470,690,0,6.394113475177305
-450,690,0,6.394113475177305
-430,690,0,6.394113475177305
-410,690,0,6.394113475177305
-390,690,0,6.394113475177305
-370,690,0,6.394113475177305
-350,690,0,6.394113475177305
-330,690,0,6.394113475177305
-310,690,0,6.394113475177305
-290,690,0,6.394113475177305
-270,690,0,6.394113475177305
-250,690,0,6.394113475177305
-230,690,0,6.394113475177305
-210,690,0,6.394113475177305
-190,690,0,6.394113475177305
-170,690,0,6.394113475177305
-150,690,0,6.394113475177305
-130,690,0,6.394113475177305
-110,690,0,6.394113475177305
-90,690,0,6.394113475177305
-70,690,0,6.394113475177305
-50,690,0,6.394113475177305
-30,690,0,6.394113475177305
-10,690,0,6.394113475177305
10,690,0,6.394113475177305
30,690,0,6.394113475177305
50,690,0,6.394113475177305
70,690,0,6.394113475177305
90,690,0,6.394113475177305
110,690,0,6.394113475177305
130,690,0,6.394113475177305
150,690,0,6.394113475177305
170,690,0,6.394113475177305
190,690,0,6.394113475177305
210,690,0,6.394113475177305
230,690,0,6.394113475177305
250,690,0,6.394113475177305
270,690,0,6.394113475177305
290,690,0,6.394113475177305
310,690,0,6.394113475177305
330,690,0,6.394113475177305
350,690,0,6.394113475177305
370,690,0,6.394113475177305
390,690,0,6.394113475177305
410,690,0,6.394113475177305
430,690,0,6.394113475177305
450,690,0,6.394113475177305
470,690,0,6.394113475177305
490,690,0,6.394113475177305
510,690,0,6.394113475177305
530,690,0,6.394113475177305
550,690,0,6.394113475177305
570,690,0,6.394113475177305
590,690,0,6.394113475177305
610,690,0,6.394113475177305
630,690,0,6.394113475177305
650,690,0,6.394113475177305
670,690,0,6.394113475177305
690,690,0,6.394113475177305
710,690,0,6.394113475177305
730,690,0,6.394113475177305
750,690,0,6.394113475177305
770,690,0,6.394113475177305
790,690,0,6.394113475177305
-790,710,0,6.394113475177305
-770,710,0,6.394113475177305
-750,710,0,6.394113475177305
-730,710,0,6.394113475177305
-710,710,0,6.394113475177305
-690,710,0,6.394113475177305
-670,710,0,6.394113475177305
-650,710,0,6.394113475177305
-630,710,0,6.394113475177305
-610,710,0,6.394113475177305
-590,710,0,6.394113475177305
-570,710,0,6.394113475177305
-550,710,0,6.394113475177305
-530,710,0,6.394113475177305
-510,710,0,6.394113475177305
-490,710,0,6.394113475177305
-470,710,0,6.394113475177305
-450,710,0,6.394113475177305
-430,710,0,6.394113475177305
-410,710,0,6.394113475177305
-390,710,0,6.394113475177305
-370,710,0,6.394113475177305
-350,710,0,6.394113475177305
-330,710,0,6.394113475177305
-310,710,0,6.394113475177305
-290,710,0,6.394113475177305
-270,710,0,6.394113475177305
-250,710,0,6.394113475177305
-230,710,0,6.394113475177305
-210,710,0,6.394113475177305
-190,710,0,6.394113475177305
-170,710,0,6.394113475177305
-150,710,0,6.394113475177305
-130,710,0,6.394113475177305
-110,710,0,6.394113475177305
-90,710,0,6.394113475177305
-70,710,0,6.394113475177305
-50,710,0,6.394113475177305
-30,710,0,6.394113475177305
-10,710,0,6.394113475177305
10,710,0,6.394113475177305
30,710,0,6.394113475177305
50,710,0,6.394113475177305
70,710,0,6.394113475177305
90,710,0,6.394113475177305
110,710,0,6.394113475177305
130,710,0,6.394113475177305
150,710,0,6.394113475177305
170,710,0,6.394113475177305
190,710,0,6.394113475177305
210,710,0,6.394113475177305
230,710,0,6.394113475177305
250,710,0,6.394113475177305
270,710,0,6.394113475177305
290,710,0,6.394113475177305
310,710,0,6.394113475177305
330,710,0,6.394113475177305
350,710,0,6.394113475177305
370,710,0,6.394113475177305
390,710,0,6.394113475177305
410,710,0,6.394113475177305
430,710,0,6.394113475177305
450,710,0,6.394113475177305
470,710,0,6.394113475177305
490,710,0,6.394113475177305
510,710,0,6.394113475177305
530,710,0,6.394113475177305
550,710,0,6.394113475177305
570,710,0,6.394113475177305
590,710,0,6.394113475177305
610,710,0,6.394113475177305
630,710,0,6.394113475177305
650,710,0,6.394113475177305
670,710,0,6.394113475177305
690,710,0,6.394113475177305
710,710,0,6.394113475177305
730,710,0,6.394113475177305
750,710,0,6.394113475177305
770,710,0,6.394113475177305
790,710,0,6.394113475177305
-790,730,0,6.394113475177305
-770,730,0,6.394113475177305
-750,730,0,6.394113475177305
-730,730,0,6.394113475177305
-710,730,0,6.394113475177305
-690,730,0,6.394113475177305
-670,730,0,6.394113475177305
-650,730,0,6.394113475177305
-630,730,0,6.394113475177305
-610,730,0,6.394113475177305
-590,730,0,6.394113475177305
-570,730,0,6.394113475177305
-550,730,0,6.394113475177305
-530,730,0,6.394113475177305
-510,730,0,6.394113475177305
-490,730,0,6.394113475177305
-470,730,0,6.394113475177305
-450,730,0,6.394113475177305
-430,730,0,6.394113475177305
-410,730,0,6.394113475177305
-390,730,0,6.394113475177305
-370,730,0,6.394113475177305
-350,730,0,6.394113475177305
-330,730,0,6.394113475177305
-310,730,0,6.394113475177305
-290,730,0,6.394113475177305
-270,730,0,6.394113475177305
-250,730,0,6.394113475177305
-230,730,0,6.394113475177305
-210,730,0,6.394113475177305
-190,730,0,6.394113475177305
-170,730,0,6.394113475177305
-150,730,0,6.394113475177305
-130,730,0,6.394113475177305
-110,730,0,6.394113475177305
-90,730,0,6.394113475177305
-70,730,0,6.394113475177305
-50,730,0,6.394113475177305
-30,730,0,6.394113475177305
-10,730,0,6.394113475177305
10,730,0,6.394113475177305
30,730,0,6.394113475177305
50,730,0,6.394113475177305
70,730,0,6.394113475177305
90,730,0,6.394113475177305
110,730,0,6.394113475177305
130,730,0,6.394113475177305
150,730,0,6.394113475177305
170,730,0,6.394113475177305
190,730,0,6.394113475177305
210,730,0,6.394113475177305
230,730,0,6.394113475177305
250,730,0,6.394113475177305
270,730,0,6.394113475177305
290,730,0,6.394113475177305
310,730,0,6.394113475177305
330,730,0,6.394113475177305
350,730,0,6.394113475177305
370,730,0,6.394113475177305
390,730,0,6.394113475177305
410,730,0,6.394113475177305
430,730,0,6.394113475177305
450,730,0,6.394113475177305
470,730,0,6.394113475177305
490,730,0,6.394113475177305
510,730,0,6.394113475177305
530,730,0,6.394113475177305
550,730,0,6.394113475177305
570,730,0,6.394113475177305
590,730,0,6.394113475177305
610,730,0,6.394113475177305
630,730,0,6.394113475177305
650,730,0,6.394113475177305
670,730,0,6.394113475177305
690,730,0,6.394113475177305
710,730,0,6.394113475177305
730,730,0,6.394113475177305
750,730,0,6.394113475177305
770,730,0,6.394113475177305
790,730,0,6.394113475177305
-790,750,0,6.394113475177305
-770,750,0,6.394113475177305
-750,750,0,6.394113475177305
-730,750,0,6.394113475177305
-710,750,0,6.394113475177305
-690,750,0,6.394113475177305
-670,750,0,6.394113475177305
-650,750,0,6.394113475177305
-630,750,0,6.394113475177305
-610,750,0,6.394113475177305
-590,750,0,6.394113475177305
-570,750,0,6.394113475177305
-550,750,0,6.394113475177305
-530,750,0,6.394113475177305
-510,750,0,6.394113475177305
-490,750,0,6.394113475177305
-470,750,0,6.394113475177305
-450,750,0,6.394113475177305
-430,750,0,6.394113475177305
-410,750,0,6.394113475177305
-390,750,0,6.394113475177305
-370,750,0,6.394113475177305
-350,750,0,6.394113475177305
-330,750,0,6.394113475177305
-310,750,0,6.394113475177305
-290,750,0,6.394113475177305
-270,750,0,6.394113475177305
-250,750,0,6.394113475177305
-230,750,0,6.394113475177305
-210,750,0,6.394113475177305
-190,750,0,6.394113475177305
-170,750,0,6.394113475177305
-150,750,0,6.394113475177305
-130,750,0,6.394113475177305
-110,750,0,6.394113475177305
-90,750,0,6.394113475177305
-70,750,0,6.394113475177305
-50,750,0,6.394113475177305
-30,750,0,6.394113475177305
-10,750,0,6.394113475177305
10,750,0,6.394113475177305
30,750,0,6.394113475177305
50,750,0,6.394113475177305
70,750,0,6.394113475177305
90,750,0,6.394113475177305
110,750,0,6.394113475177305
130,750,0,6.394113475177305
150,750,0,6.394113475177305
170,750,0,6.394113475177305
190,750,0,6.394113475177305
210,750,0,6.394113475177305
230,750,0,6.394113475177305
250,750,0,6.394113475177305
270,750,0,6.394113475177305
290,750,0,6.394113475177305
310,750,0,6.394113475177305
330,750,0,6.394113475177305
350,750,0,6.394113475177305
370,750,0,6.394113475177305
390,750,0,6.394113475177305
410,750,0,6.394113475177305
430,750,0,6.394113475177305
450,750,0,6.394113475177305
470,750,0,6.394113475177305
490,750,0,6.394113475177305
510,750,0,6.394113475177305
530,750,0,6.394113475177305
550,750,0,6.394113475177305
570,750,0,6.394113475177305
590,750,0,6.394113475177305
610,750,0,6.394113475177305
630,750,0,6.394113475177305
650,750,0,6.394113475177305
670,750,0,6.394113475177305
690,750,0,6.394113475177305
710,750,0,6.394113475177305
730,750,0,6.394113475177305
750,750,0,6.394113475177305
770,750,0,6.394113475177305
790,750,0,6.394113475177305
-790,770,0,6.394113475177305
-770,770,0,6.394113475177305
-750,770,0,6.394113475177305
-730,770,0,6.394113475177305
-710,770,0,6.394113475177305
-690,770,0,6.394113475177305
-670,770,0,6.394113475177305
-650,770,0,6.394113475177305
-630,770,0,6.394113475177305
-610,770,0,6.394113475177305
-590,770,0,6.394113475177305
-570,770,0,6.394113475177305
-550,770,0,6.394113475177305
-530,770,0,6.394113475177305
-510,770,0,6.394113475177305
-490,770,0,6.394113475177305
-470,770,0,6.394113475177305
-450,770,0,6.394113475177305
-430,770,0,6.394113475177305
-410,770,0,6.394113475177305
-390,770,0,6.394113475177305
-370,770,0,6.394113475177305
-350,770,0,6.394113475177305
-330,770,0,6.394113475177305
-310,770,0,6.394113475177305
-290,770,0,6.394113475177305
-270,770,0,6.394113475177305
-250,770,0,6.394113475177305
-230,770,0,6.394113475177305
-210,770,0,6.394113475177305
-190,770,0,6.394113475177305
-170,770,0,6.394113475177305
-150,770,0,6.394113475177305
-130,770,0,6.394113475177305
-110,770,0,6.394113475177305
-90,770,0,6.394113475177305
-70,770,0,6.394113475177305
-50,770,0,6.394113475177305
-30,770,0,6.394113475177305
-10,770,0,6.394113475177305
10,770,0,6.394113475177305
30,770,0,6.394113475177305
50,770,0,6.394113475177305
70,770,0,6.394113475177305
90,770,0,6.394113475177305
110,770,0,6.394113475177305
130,770,0,6.394113475177305
150,770,0,6.394113475177305
170,770,0,6.394113475177305
190,770,0,6.394113475177305
210,770,0,6.394113475177305
230,770,0,6.394113475177305
250,770,0,6.394113475177305
270,770,0,6.394113475177305
290,770,0,6.394113475177305
310,770,0,6.394113475177305
330,770,0,6.394113475177305
350,770,0,6.394113475177305
370,770,0,6.394113475177305
390,770,0,6.394113475177305
410,770,0,6.394113475177305
430,770,0,6.394113475177305
450,770,0,6.394113475177305
470,770,0,6.394113475177305
490,770,0,6.394113475177305
510,770,0,6.394113475177305
530,770,0,6.394113475177305
550,770,0,6.394113475177305
570,770,0,6.394113475177305
590,770,0,6.394113475177305
610,770,0,6.394113475177305
630,770,0,6.394113475177305
650,770,0,6.394113475177305
670,770,0,6.394113475177305
690,770,0,6.394113475177305
710,770,0,6.394113475177305
730,770,0,6.394113475177305
750,770,0,6.394113475177305
770,770,0,6.394113475177305
790,770,0,6.394113475177305
-790,790,0,6.394113475177305
-770,790,0,6.394113475177305
-750,790,0,6.394113475177305
-730,790,0,6.394113475177305
-710,790,0,6.394113475177305
-690,790,0,6.394113475177305
-670,790,0,6.394113475177305
-650,790,0,6.394113475177305
-630,790,0,6.394113475177305
-610,790,0,6.394113475177305
-590,790,0,6.394113475177305
-570,790,0,6.394113475177305
-550,790,0,6.394113475177305
-530,790,0,6.394113475177305
-510,790,0,6.394113475177305
-490,790,0,6.394113475177305
-470,790,0,6.394113475177305
-450,790,0,6.394113475177305
-430,790,0,6.394113475177305
-410,790,0,6.394113475177305
-390,790,0,6.394113475177305
-370,790,0,6.394113475177305
-350,790,0,6.394113475177305
-330,790,0,6.394113475177305
-310,790,0,6.394113475177305
-290,790,0,6.394113475177305
-270,790,0,6.394113475177305
-250,790,0,6.394113475177305
-230,790,0,6.394113475177305
-210,790,0,6.394113475177305
-190,790,0,6.394113475177305
-170,790,0,6.394113475177305
-150,790,0,6.394113475177305
-130,790,0,6.394113475177305
-110,790,0,6.394113475177305
-90,790,0,6.394113475177305
-70,790,0,6.394113475177305
-50,790,0,6.394113475177305
-30,790,0,6.394113475177305
-10,790,0,6.394113475177305
10,790,0,6.394113475177305
30,790,0,6.394113475177305
50,790,0,6.394113475177305
70,790,0,6.394113475177305
90,790,0,6.394113475177305
110,790,0,6.394113475177305
130,790,0,6.394113475177305
150,790,0,6.394113475177305
170,790,0,6.394113475177305
190,790,0,6.394113475177305
210,790,0,6.394113475177305
230,790,0,6.394113475177305
250,790,0,6.394113475177305
270,790,0,6.394113475177305
290,790,0,6.394113475177305
310,790,0,6.394113475177305
330,790,0,6.394113475177305
350,790,0,6.394113475177305
370,790,0,6.394113475177305
390,790,0,6.394113475177305
410,790,0,6.394113475177305
430,790,0,6.394113475177305
450,790,0,6.394113475177305
470,790,0,6.394113475177305
490,790,0,6.394113475177305
510,790,0,6.394113475177305
530,790,0,6.394113475177305
550,790,0,6.394113475177305
570,790,0,6.394113475177305
590,790,0,6.394113475177305
610,790,0,6.394113475177305
630,790,0,6.394113475177305
650,790,0,6.394113475177305
670,790,0,6.394113475177305
690,790,0,6.394113475177305
710,790,0,6.394113475177305
730,790,0,6.394113475177305
750,790,0,6.394113475177305
770,790,0,6.394113475177305
790,790,0,6.394113475177305
