x,y,z,ecm
-790,-790,0,7.187919730127154
-770,-790,0,7.187919730127154
-750,-790,0,7.187919730127154
-730,-790,0,7.187919730127154
-710,-790,0,7.187919730127154
-690,-790,0,7.187919730127154
-670,-790,0,7.187919730127154
-650,-790,0,7.187919730127154
-630,-790,0,7.187919730127154
-610,-790,0,7.187919730127154
-590,-790,0,7.187919730127154
-570,-790,0,7.187919730127154
-550,-790,0,7.187919730127154
-530,-790,0,7.187919730127154
-510,-790,0,7.187919730127154
-490,-790,0,7.187919730127154
-470,-790,0,7.187919730127154
-450,-790,0,7.187919730127154
-430,-790,0,7.187919730127154
-410,-790,0,7.187919730127154
-390,-790,0,7.187919730127154
-370,-790,0,7.187919730127154
-350,-790,0,7.187919730127154
-330,-790,0,7.187919730127154
-310,-790,0,7.187919730127154
-290,-790,0,7.187919730127154
-270,-790,0,7.187919730127154
-250,-790,0,7.187919730127154
-230,-790,0,7.187919730127154
-210,-790,0,7.187919730127154
-190,-790,0,7.187919730127154
-170,-790,0,7.187919730127154
-150,-790,0,7.187919730127154
-130,-790,0,7.187919730127154
-110,-790,0,7.187919730127154
-90,-790,0,7.187919730127154
-70,-790,0,7.187919730127154
-50,-790,0,7.187919730127154
-30,-790,0,7.187919730127154
-10,-790,0,7.187919730127154
10,-790,0,7.187919730127154
30,-790,0,7.187919730127154
50,-790,0,7.187919730127154
70,-790,0,7.187919730127154
90,-790,0,7.187919730127154
110,-790,0,7.187919730127154
130,-790,0,7.187919730127154
150,-790,0,7.187919730127154
170,-790,0,7.187919730127154
190,-790,0,7.187919730127154
210,-790,0,7.187919730127154
230,-790,0,7.187919730127154
250,-790,0,7.187919730127154
270,-790,0,7.187919730127154
290,-790,0,7.187919730127154
310,-790,0,7.187919730127154
330,-790,0,7.187919730127154
350,-790,0,7.187919730127154
370,-790,0,7.187919730127154
390,-790,0,7.187919730127154
410,-790,0,7.187919730127154
430,-790,0,7.187919730127154
450,-790,0,7.187919730127154
470,-790,0,7.187919730127154
490,-790,0,7.187919730127154
510,-790,0,7.187919730127154
530,-790,0,7.187919730127154
550,-790,0,7.187919730127154
570,-790,0,7.187919730127154
590,-790,0,7.187919730127154
610,-790,0,7.187919730127154
630,-790,0,7.187919730127154
650,-790,0,7.187919730127154
670,-790,0,7.187919730127154
690,-790,0,7.187919730127154
710,-790,0,7.187919730127154
730,-790,0,7.187919730127154
750,-790,0,7.187919730127154
770,-790,0,7.187919730127154
790,-790,0,7.187919730127154
-790,-770,0,7.187919730127154
-770,-770,0,7.187919730127154
-750,-770,0,7.187919730127154
-730,-770,0,7.187919730127154
-710,-770,0,7.187919730127154
-690,-770,0,7.187919730127154
-670,-770,0,7.187919730127154
-650,-770,0,7.187919730127154
-630,-770,0,7.187919730127154
-610,-770,0,7.187919730127154
-590,-770,0,7.187919730127154
-570,-770,0,7.187919730127154
-550,-770,0,7.187919730127154
-530,-770,0,7.187919730127154
-510,-770,0,7.187919730127154
-490,-770,0,7.187919730127154
-470,-770,0,7.187919730127154
-450,-770,0,7.187919730127154
-430,-770,0,7.187919730127154
-410,-770,0,7.187919730127154
-390,-770,0,7.187919730127154
-370,-770,0,7.187919730127154
-350,-770,0,7.187919730127154
-330,-770,0,7.187919730127154
-310,-770,0,7.187919730127154
-290,-770,0,7.187919730127154
-270,-770,0,7.187919730127154
-250,-770,0,7.187919730127154
-230,-770,0,7.187919730127154
-210,-770,0,7.187919730127154
-190,-770,0,7.187919730127154
-170,-770,0,7.187919730127154
-150,-770,0,7.187919730127154
-130,-770,0,7.187919730127154
-110,-770,0,7.187919730127154
-90,-770,0,7.187919730127154
-70,-770,0,7.187919730127154
-50,-770,0,7.187919730127154
-30,-770,0,7.187919730127154
-10,-770,0,7.187919730127154
10,-770,0,7.187919730127154
30,-770,0,7.187919730127154
50,-770,0,7.187919730127154
70,-770,0,7.187919730127154
90,-770,0,7.187919730127154
110,-770,0,7.187919730127154
130,-770,0,7.187919730127154
150,-770,0,7.187919730127154
170,-770,0,7.187919730127154
190,-770,0,7.187919730127154
210,-770,0,7.187919730127154
230,-770,0,7.187919730127154
250,-770,0,7.187919730127154
270,-770,0,7.187919730127154
290,-770,0,7.187919730127154
310,-770,0,7.187919730127154
330,-770,0,7.187919730127154
350,-770,0,7.187919730127154
370,-770,0,7.187919730127154
390,-770,0,7.187919730127154
410,-770,0,7.187919730127154
430,-770,0,7.187919730127154
450,-770,0,7.187919730127154
470,-770,0,7.187919730127154
490,-770,0,7.187919730127154
510,-770,0,7.187919730127154
530,-770,0,7.187919730127154
550,-770,0,7.187919730127154
570,-770,0,7.187919730127154
590,-770,0,7.187919730127154
610,-770,0,7.187919730127154
630,-770,0,7.187919730127154
650,-770,0,7.187919730127154
670,-770,0,7.187919730127154
690,-770,0,7.187919730127154
710,-770,0,7.187919730127154
730,-770,0,7.187919730127154
750,-770,0,7.187919730127154
770,-770,0,7.187919730127154
790,-770,0,7.187919730127154
-790,-750,0,7.187919730127154
-770,-750,0,7.187919730127154
-750,-750,0,7.187919730127154
-730,-750,0,7.187919730127154
-710,-750,0,7.187919730127154
-690,-750,0,7.187919730127154
-670,-750,0,7.187919730127154
-650,-750,0,7.187919730127154
-630,-750,0,7.187919730127154
-610,-750,0,7.187919730127154
-590,-750,0,7.187919730127154
-570,-750,0,7.187919730127154
-550,-750,0,7.187919730127154
-530,-750,0,7.187919730127154
-510,-750,0,7.187919730127154
-490,-750,0,7.187919730127154
-470,-750,0,7.187919730127154
-450,-750,0,7.187919730127154
-430,-750,0,7.187919730127154
-410,-750,0,7.187919730127154
-390,-750,0,7.187919730127154
-370,-750,0,7.187919730127154
-350,-750,0,7.187919730127154
-330,-750,0,7.187919730127154
-310,-750,0,7.187919730127154
-290,-750,0,7.187919730127154
-270,-750,0,7.187919730127154
-250,-750,0,7.187919730127154
-230,-750,0,7.187919730127154
-210,-750,0,7.187919730127154
-190,-750,0,7.187919730127154
-170,-750,0,7.187919730127154
-150,-750,0,7.187919730127154
-130,-750,0,7.187919730127154
-110,-750,0,7.187919730127154
-90,-750,0,7.187919730127154
-70,-750,0,7.187919730127154
-50,-750,0,7.187919730127154
-30,-750,0,7.187919730127154
-10,-750,0,7.187919730127154
10,-750,0,7.187919730127154
30,-750,0,7.187919730127154
50,-750,0,7.187919730127154
70,-750,0,7.187919730127154
90,-750,0,7.187919730127154
110,-750,0,7.187919730127154
130,-750,0,7.187919730127154
150,-750,0,7.187919730127154
170,-750,0,7.187919730127154
190,-750,0,7.187919730127154
210,-750,0,7.187919730127154
230,-750,0,7.187919730127154
250,-750,0,7.187919730127154
270,-750,0,7.187919730127154
290,-750,0,7.187919730127154
310,-750,0,7.187919730127154
330,-750,0,7.187919730127154
350,-750,0,7.187919730127154
370,-750,0,7.187919730127154
390,-750,0,7.187919730127154
410,-750,0,7.187919730127154
430,-750,0,7.187919730127154
450,-750,0,7.187919730127154
470,-750,0,7.187919730127154
490,-750,0,7.187919730127154
510,-750,0,7.187919730127154
530,-750,0,7.187919730127154
550,-750,0,7.187919730127154
570,-750,0,7.187919730127154
590,-750,0,7.187919730127154
610,-750,0,7.187919730127154
630,-750,0,7.187919730127154
650,-750,0,7.187919730127154
670,-750,0,7.187919730127154
690,-750,0,7.187919730127154
710,-750,0,7.187919730127154
730,-750,0,7.187919730127154
750,-750,0,7.187919730127154
770,-750,0,7.187919730127154
790,-750,0,7.187919730127154
-790,-730,0,7.187919730127154
-770,-730,0,7.187919730127154
-750,-730,0,7.187919730127154
-730,-730,0,7.187919730127154
-710,-730,0,7.187919730127154
-690,-730,0,7.187919730127154
-670,-730,0,7.187919730127154
-650,-730,0,7.187919730127154
-630,-730,0,7.187919730127154
-610,-730,0,7.187919730127154
-590,-730,0,7.187919730127154
-570,-730,0,7.187919730127154
-550,-730,0,7.187919730127154
-530,-730,0,7.187919730127154
-510,-730,0,7.187919730127154
-490,-730,0,7.187919730127154
-470,-730,0,7.187919730127154
-450,-730,0,7.187919730127154
-430,-730,0,7.187919730127154
-410,-730,0,7.187919730127154
-390,-730,0,7.187919730127154
-370,-730,0,7.187919730127154
-350,-730,0,7.187919730127154
-330,-730,0,7.187919730127154
-310,-730,0,7.187919730127154
-290,-730,0,7.187919730127154
-270,-730,0,7.187919730127154
-250,-730,0,7.187919730127154
-230,-730,0,7.187919730127154
-210,-730,0,7.187919730127154
-190,-730,0,7.187919730127154
-170,-730,0,7.187919730127154
-150,-730,0,7.187919730127154
-130,-730,0,7.187919730127154
-110,-730,0,7.187919730127154
-90,-730,0,7.187919730127154
-70,-730,0,7.187919730127154
-50,-730,0,7.187919730127154
-30,-730,0,7.187919730127154
-10,-730,0,7.187919730127154
10,-730,0,7.187919730127154
30,-730,0,7.187919730127154
50,-730,0,7.187919730127154
70,-730,0,7.187919730127154
90,-730,0,7.187919730127154
110,-730,0,7.187919730127154
130,-730,0,7.187919730127154
150,-730,0,7.187919730127154
170,-730,0,7.187919730127154
190,-730,0,7.187919730127154
210,-730,0,7.187919730127154
230,-730,0,7.187919730127154
250,-730,0,7.187919730127154
270,-730,0,7.187919730127154
290,-730,0,7.187919730127154
310,-730,0,7.187919730127154
330,-730,0,7.187919730127154
350,-730,0,7.187919730127154
370,-730,0,7.187919730127154
390,-730,0,7.187919730127154
410,-730,0,7.187919730127154
430,-730,0,7.187919730127154
450,-730,0,7.187919730127154
470,-730,0,7.187919730127154
490,-730,0,7.187919730127154
510,-730,0,7.187919730127154
530,-730,0,7.187919730127154
550,-730,0,7.187919730127154
570,-730,0,7.187919730127154
590,-730,0,7.187919730127154
610,-730,0,7.187919730127154
630,-730,0,7.187919730127154
650,-730,0,7.187919730127154
670,-730,0,7.187919730127154
690,-730,0,7.187919730127154
710,-730,0,7.187919730127154
730,-730,0,7.187919730127154
750,-730,0,7.187919730127154
770,-730,0,7.187919730127154
790,-730,0,7.187919730127154
-790,-710,0,7.187919730127154
-770,-710,0,7.187919730127154
-750,-710,0,7.187919730127154
-730,-710,0,7.187919730127154
-710,-710,0,7.187919730127154
-690,-710,0,7.187919730127154
-670,-710,0,7.187919730127154
-650,-710,0,7.187919730127154
-630,-710,0,7.187919730127154
-610,-710,0,7.187919730127154
-590,-710,0,7.187919730127154
-570,-710,0,7.187919730127154
-550,-710,0,7.187919730127154
-530,-710,0,7.187919730127154
-510,-710,0,7.187919730127154
-490,-710,0,7.187919730127154
-470,-710,0,7.187919730127154
-450,-710,0,7.187919730127154
-430,-710,0,7.187919730127154
-410,-710,0,7.187919730127154
-390,-710,0,7.187919730127154
-370,-710,0,7.187919730127154
-350,-710,0,7.187919730127154
-330,-710,0,7.187919730127154
-310,-710,0,7.187919730127154
-290,-710,0,7.187919730127154
-270,-710,0,7.187919730127154
-250,-710,0,7.187919730127154
-230,-710,0,7.187919730127154
-210,-710,0,7.187919730127154
-190,-710,0,7.187919730127154
-170,-710,0,7.187919730127154
-150,-710,0,7.187919730127154
-130,-710,0,7.187919730127154
-110,-710,0,7.187919730127154
-90,-710,0,7.187919730127154
-70,-710,0,7.187919730127154
-50,-710,0,7.187919730127154
-30,-710,0,7.187919730127154
-10,-710,0,7.187919730127154
10,-710,0,7.187919730127154
30,-710,0,7.187919730127154
50,-710,0,7.187919730127154
70,-710,0,7.187919730127154
90,-710,0,7.187919730127154
110,-710,0,7.187919730127154
130,-710,0,7.187919730127154
150,-710,0,7.187919730127154
170,-710,0,7.187919730127154
190,-710,0,7.187919730127154
210,-710,0,7.187919730127154
230,-710,0,7.187919730127154
250,-710,0,7.187919730127154
270,-710,0,7.187919730127154
290,-710,0,7.187919730127154
310,-710,0,7.187919730127154
330,-710,0,7.187919730127154
350,-710,0,7.187919730127154
370,-710,0,7.187919730127154
390,-710,0,7.187919730127154
410,-710,0,7.187919730127154
430,-710,0,7.187919730127154
450,-710,0,7.187919730127154
470,-710,0,7.187919730127154
490,-710,0,7.187919730127154
510,-710,0,7.187919730127154
530,-710,0,7.187919730127154
550,-710,0,7.187919730127154
570,-710,0,7.187919730127154
590,-710,0,7.187919730127154
610,-710,0,7.187919730127154
630,-710,0,7.187919730127154
650,-710,0,7.187919730127154
670,-710,0,7.187919730127154
690,-710,0,7.187919730127154
710,-710,0,7.187919730127154
730,-710,0,7.187919730127154
750,-710,0,7.187919730127154
770,-710,0,7.187919730127154
790,-710,0,7.187919730127154
-790,-690,0,7.187919730127154
-770,-690,0,7.187919730127154
-750,-690,0,7.187919730127154
-730,-690,0,7.187919730127154
-710,-690,0,7.187919730127154
-690,-690,0,7.187919730127154
-670,-690,0,7.187919730127154
-650,-690,0,7.187919730127154
-630,-690,0,7.187919730127154
-610,-690,0,7.187919730127154
-590,-690,0,7.187919730127154
-570,-690,0,7.187919730127154
-550,-690,0,7.187919730127154
-530,-690,0,7.187919730127154
-510,-690,0,7.187919730127154
-490,-690,0,7.187919730127154
-470,-690,0,7.187919730127154
-450,-690,0,7.187919730127154
-430,-690,0,7.187919730127154
-410,-690,0,7.187919730127154
-390,-690,0,7.187919730127154
-370,-690,0,7.187919730127154
-350,-690,0,7.187919730127154
-330,-690,0,7.187919730127154
-310,-690,0,7.187919730127154
-290,-690,0,7.187919730127154
-270,-690,0,7.187919730127154
-250,-690,0,7.187919730127154
-230,-690,0,7.187919730127154
-210,-690,0,7.187919730127154
-190,-690,0,7.187919730127154
-170,-690,0,7.187919730127154
-150,-690,0,7.187919730127154
-130,-690,0,7.187919730127154
-110,-690,0,7.187919730127154
-90,-690,0,7.187919730127154
-70,-690,0,7.187919730127154
-50,-690,0,7.187919730127154
-30,-690,0,7.187919730127154
-10,-690,0,7.187919730127154
10,-690,0,7.187919730127154
30,-690,0,7.187919730127154
50,-690,0,7.187919730127154
70,-690,0,7.187919730127154
90,-690,0,7.187919730127154
110,-690,0,7.187919730127154
130,-690,0,7.187919730127154
150,-690,0,7.187919730127154
170,-690,0,7.187919730127154
190,-690,0,7.187919730127154
210,-690,0,7.187919730127154
230,-690,0,7.187919730127154
250,-690,0,7.187919730127154
270,-690,0,7.187919730127154
290,-690,0,7.187919730127154
310,-690,0,7.187919730127154
330,-690,0,7.187919730127154
350,-690,0,7.187919730127154
370,-690,0,7.187919730127154
390,-690,0,7.187919730127154
410,-690,0,7.187919730127154
430,-690,0,7.187919730127154
450,-690,0,7.187919730127154
470,-690,0,7.187919730127154
490,-690,0,7.187919730127154
510,-690,0,7.187919730127154
530,-690,0,7.187919730127154
550,-690,0,7.187919730127154
570,-690,0,7.187919730127154
590,-690,0,7.187919730127154
610,-690,0,7.187919730127154
630,-690,0,7.187919730127154
650,-690,0,7.187919730127154
670,-690,0,7.187919730127154
690,-690,0,7.187919730127154
710,-690,0,7.187919730127154
730,-690,0,7.187919730127154
750,-690,0,7.187919730127154
770,-690,0,7.187919730127154
790,-690,0,7.187919730127154
-790,-670,0,7.187919730127154
-770,-670,0,7.187919730127154
-750,-670,0,7.187919730127154
-730,-670,0,7.187919730127154
-710,-670,0,7.187919730127154
-690,-670,0,7.187919730127154
-670,-670,0,7.187919730127154
-650,-670,0,7.187919730127154
-630,-670,0,7.187919730127154
-610,-670,0,7.187919730127154
-590,-670,0,7.187919730127154
-570,-670,0,7.187919730127154
-550,-670,0,7.187919730127154
-530,-670,0,7.187919730127154
-510,-670,0,7.187919730127154
-490,-670,0,7.187919730127154
-470,-670,0,7.187919730127154
-450,-670,0,7.187919730127154
-430,-670,0,7.187919730127154
-410,-670,0,7.187919730127154
-390,-670,0,7.187919730127154
-370,-670,0,7.187919730127154
-350,-670,0,7.187919730127154
-330,-670,0,7.187919730127154
-310,-670,0,7.187919730127154
-290,-670,0,7.187919730127154
-270,-670,0,7.187919730127154
-250,-670,0,7.187919730127154
-230,-670,0,7.187919730127154
-210,-670,0,7.187919730127154
-190,-670,0,7.187919730127154
-170,-670,0,7.187919730127154
-150,-670,0,7.187919730127154
-130,-670,0,7.187919730127154
-110,-670,0,7.187919730127154
-90,-670,0,7.187919730127154
-70,-670,0,7.187919730127154
-50,-670,0,7.187919730127154
-30,-670,0,7.187919730127154
-10,-670,0,7.187919730127154
10,-670,0,7.187919730127154
30,-670,0,7.187919730127154
50,-670,0,7.187919730127154
70,-670,0,7.187919730127154
90,-670,0,7.187919730127154
110,-670,0,7.187919730127154
130,-670,0,7.187919730127154
150,-670,0,7.187919730127154
170,-670,0,7.187919730127154
190,-670,0,7.187919730127154
210,-670,0,7.187919730127154
230,-670,0,7.187919730127154
250,-670,0,7.187919730127154
270,-670,0,7.187919730127154
290,-670,0,7.187919730127154
310,-670,0,7.187919730127154
330,-670,0,7.187919730127154
350,-670,0,7.187919730127154
370,-670,0,7.187919730127154
390,-670,0,7.187919730127154
410,-670,0,7.187919730127154
430,-670,0,7.187919730127154
450,-670,0,7.187919730127154
470,-670,0,7.187919730127154
490,-670,0,7.187919730127154
510,-670,0,7.187919730127154
530,-670,0,7.187919730127154
550,-670,0,7.187919730127154
570,-670,0,7.187919730127154
590,-670,0,7.187919730127154
610,-670,0,7.187919730127154
630,-670,0,7.187919730127154
650,-670,0,7.187919730127154
670,-670,0,7.187919730127154
690,-670,0,7.187919730127154
710,-670,0,7.187919730127154
730,-670,0,7.187919730127154
750,-670,0,7.187919730127154
770,-670,0,7.187919730127154
790,-670,0,7.187919730127154
-790,-650,0,7.187919730127154
-770,-650,0,7.187919730127154
-750,-650,0,7.187919730127154
-730,-650,0,7.187919730127154
-710,-650,0,7.187919730127154
-690,-650,0,7.187919730127154
-670,-650,0,7.187919730127154
-650,-650,0,7.187919730127154
-630,-650,0,7.187919730127154
-610,-650,0,7.187919730127154
-590,-650,0,7.187919730127154
-570,-650,0,7.187919730127154
-550,-650,0,7.187919730127154
-530,-650,0,7.187919730127154
-510,-650,0,7.187919730127154
-490,-650,0,7.187919730127154
-470,-650,0,7.187919730127154
-450,-650,0,7.187919730127154
-430,-650,0,7.187919730127154
-410,-650,0,7.187919730127154
-390,-650,0,7.187919730127154
-370,-650,0,7.187919730127154
-350,-650,0,7.187919730127154
-330,-650,0,7.187919730127154
-310,-650,0,7.187919730127154
-290,-650,0,7.187919730127154
-270,-650,0,7.187919730127154
-250,-650,0,7.187919730127154
-230,-650,0,7.187919730127154
-210,-650,0,7.187919730127154
-190,-650,0,7.187919730127154
-170,-650,0,7.187919730127154
-150,-650,0,7.187919730127154
-130,-650,0,7.187919730127154
-110,-650,0,7.187919730127154
-90,-650,0,7.187919730127154
-70,-650,0,7.187919730127154
-50,-650,0,7.187919730127154
-30,-650,0,7.187919730127154
-10,-650,0,7.187919730127154
10,-650,0,7.187919730127154
30,-650,0,7.187919730127154
50,-650,0,7.187919730127154
70,-650,0,7.187919730127154
90,-650,0,7.187919730127154
110,-650,0,7.187919730127154
130,-650,0,7.187919730127154
150,-650,0,7.187919730127154
170,-650,0,7.187919730127154
190,-650,0,7.187919730127154
210,-650,0,7.187919730127154
230,-650,0,7.187919730127154
250,-650,0,7.187919730127154
270,-650,0,7.187919730127154
290,-650,0,7.187919730127154
310,-650,0,7.187919730127154
330,-650,0,7.187919730127154
350,-650,0,7.187919730127154
370,-650,0,7.187919730127154
390,-650,0,7.187919730127154
410,-650,0,7.187919730127154
430,-650,0,7.187919730127154
450,-650,0,7.187919730127154
470,-650,0,7.187919730127154
490,-650,0,7.187919730127154
510,-650,0,7.187919730127154
530,-650,0,7.187919730127154
550,-650,0,7.187919730127154
570,-650,0,7.187919730127154
590,-650,0,7.187919730127154
610,-650,0,7.187919730127154
630,-650,0,7.187919730127154
650,-650,0,7.187919730127154
670,-650,0,7.187919730127154
690,-650,0,7.187919730127154
710,-650,0,7.187919730127154
730,-650,0,7.187919730127154
750,-650,0,7.187919730127154
770,-650,0,7.187919730127154
790,-650,0,7.187919730127154
-790,-630,0,7.187919730127154
-770,-630,0,7.187919730127154
-750,-630,0,7.187919730127154
-730,-630,0,7.187919730127154
-710,-630,0,7.187919730127154
-690,-630,0,7.187919730127154
-670,-630,0,7.187919730127154
-650,-630,0,7.187919730127154
-630,-630,0,7.187919730127154
-610,-630,0,7.187919730127154
-590,-630,0,7.187919730127154
-570,-630,0,7.187919730127154
-550,-630,0,7.187919730127154
-530,-630,0,7.187919730127154
-510,-630,0,7.187919730127154
-490,-630,0,7.187919730127154
-470,-630,0,7.187919730127154
-450,-630,0,7.187919730127154
-430,-630,0,7.187919730127154
-410,-630,0,7.187919730127154
-390,-630,0,7.187919730127154
-370,-630,0,7.187919730127154
-350,-630,0,7.187919730127154
-330,-630,0,7.187919730127154
-310,-630,0,7.187919730127154
-290,-630,0,7.187919730127154
-270,-630,0,7.187919730127154
-250,-630,0,7.187919730127154
-230,-630,0,7.187919730127154
-210,-630,0,7.187919730127154
-190,-630,0,7.187919730127154
-170,-630,0,7.187919730127154
-150,-630,0,7.187919730127154
-130,-630,0,7.187919730127154
-110,-630,0,7.187919730127154
-90,-630,0,7.187919730127154
-70,-630,0,7.187919730127154
-50,-630,0,7.187919730127154
-30,-630,0,7.187919730127154
-10,-630,0,7.187919730127154
10,-630,0,7.187919730127154
30,-630,0,7.187919730127154
50,-630,0,7.187919730127154
70,-630,0,7.187919730127154
90,-630,0,7.187919730127154
110,-630,0,7.187919730127154
130,-630,0,7.187919730127154
150,-630,0,7.187919730127154
170,-630,0,7.187919730127154
190,-630,0,7.187919730127154
210,-630,0,7.187919730127154
230,-630,0,7.187919730127154
250,-630,0,7.187919730127154
270,-630,0,7.187919730127154
290,-630,0,7.187919730127154
310,-630,0,7.187919730127154
330,-630,0,7.187919730127154
350,-630,0,7.187919730127154
370,-630,0,7.187919730127154
390,-630,0,7.187919730127154
410,-630,0,7.187919730127154
430,-630,0,7.187919730127154
450,-630,0,7.187919730127154
470,-630,0,7.187919730127154
490,-630,0,7.187919730127154
510,-630,0,7.187919730127154
530,-630,0,7.187919730127154
550,-630,0,7.187919730127154
570,-630,0,7.187919730127154
590,-630,0,7.187919730127154
610,-630,0,7.187919730127154
630,-630,0,7.187919730127154
650,-630,0,7.187919730127154
670,-630,0,7.187919730127154
690,-630,0,7.187919730127154
710,-630,0,7.187919730127154
730,-630,0,7.187919730127154
750,-630,0,7.187919730127154
770,-630,0,7.187919730127154
790,-630,0,7.187919730127154
-790,-610,0,7.187919730127154
-770,-610,0,7.187919730127154
-750,-610,0,7.187919730127154
-730,-610,0,7.187919730127154
-710,-610,0,7.187919730127154
-690,-610,0,7.187919730127154
-670,-610,0,7.187919730127154
-650,-610,0,7.187919730127154
-630,-610,0,7.187919730127154
-610,-610,0,7.187919730127154
-590,-610,0,7.187919730127154
-570,-610,0,7.187919730127154
-550,-610,0,7.187919730127154
-530,-610,0,7.187919730127154
-510,-610,0,7.187919730127154
-490,-610,0,7.187919730127154
-470,-610,0,7.187919730127154
-450,-610,0,7.187919730127154
-430,-610,0,7.187919730127154
-410,-610,0,7.187919730127154
-390,-610,0,7.187919730127154
-370,-610,0,7.187919730127154
-350,-610,0,7.187919730127154
-330,-610,0,7.187919730127154
-310,-610,0,7.187919730127154
-290,-610,0,7.187919730127154
-270,-610,0,7.187919730127154
-250,-610,0,7.187919730127154
-230,-610,0,7.187919730127154
-210,-610,0,7.187919730127154
-190,-610,0,7.187919730127154
-170,-610,0,7.187919730127154
-150,-610,0,7.187919730127154
-130,-610,0,7.187919730127154
-110,-610,0,7.187919730127154
-90,-610,0,7.187919730127154
-70,-610,0,7.187919730127154
-50,-610,0,7.187919730127154
-30,-610,0,7.187919730127154
-10,-610,0,7.187919730127154
10,-610,0,7.187919730127154
30,-610,0,7.187919730127154
50,-610,0,7.187919730127154
70,-610,0,7.187919730127154
90,-610,0,7.187919730127154
110,-610,0,7.187919730127154
130,-610,0,7.187919730127154
150,-610,0,7.187919730127154
170,-610,0,7.187919730127154
190,-610,0,7.187919730127154
210,-610,0,7.187919730127154
230,-610,0,7.187919730127154
250,-610,0,7.187919730127154
270,-610,0,7.187919730127154
290,-610,0,7.187919730127154
310,-610,0,7.187919730127154
330,-610,0,7.187919730127154
350,-610,0,7.187919730127154
370,-610,0,7.187919730127154
390,-610,0,7.187919730127154
410,-610,0,7.187919730127154
430,-610,0,7.187919730127154
450,-610,0,7.187919730127154
470,-610,0,7.187919730127154
490,-610,0,7.187919730127154
510,-610,0,7.187919730127154
530,-610,0,7.187919730127154
550,-610,0,7.187919730127154
570,-610,0,7.187919730127154
590,-610,0,7.187919730127154
610,-610,0,7.187919730127154
630,-610,0,7.187919730127154
650,-610,0,7.187919730127154
670,-610,0,7.187919730127154
690,-610,0,7.187919730127154
710,-610,0,7.187919730127154
730,-610,0,7.187919730127154
750,-610,0,7.187919730127154
770,-610,0,7.187919730127154
790,-610,0,7.187919730127154
-790,-590,0,7.187919730127154
-770,-590,0,7.187919730127154
-750,-590,0,7.187919730127154
-730,-590,0,7.187919730127154
-710,-590,0,7.187919730127154
-690,-590,0,7.187919730127154
-670,-590,0,7.187919730127154
-650,-590,0,7.187919730127154
-630,-590,0,7.187919730127154
-610,-590,0,7.187919730127154
-590,-590,0,7.187919730127154
-570,-590,0,7.187919730127154
-550,-590,0,7.187919730127154
-530,-590,0,7.187919730127154
-510,-590,0,7.187919730127154
-490,-590,0,7.187919730127154
-470,-590,0,7.187919730127154
-450,-590,0,7.187919730127154
-430,-590,0,7.187919730127154
-410,-590,0,7.187919730127154
-390,-590,0,7.187919730127154
-370,-590,0,7.187919730127154
-350,-590,0,7.187919730127154
-330,-590,0,7.187919730127154
-310,-590,0,7.187919730127154
-290,-590,0,7.187919730127154
-270,-590,0,7.187919730127154
-250,-590,0,7.187919730127154
-230,-590,0,7.187919730127154
-210,-590,0,7.187919730127154
-190,-590,0,7.187919730127154
-170,-590,0,7.187919730127154
-150,-590,0,7.187919730127154
-130,-590,0,7.187919730127154
-110,-590,0,7.187919730127154
-90,-590,0,7.187919730127154
-70,-590,0,7.187919730127154
-50,-590,0,7.187919730127154
-30,-590,0,7.187919730127154
-10,-590,0,7.187919730127154
10,-590,0,7.187919730127154
30,-590,0,7.187919730127154
50,-590,0,7.187919730127154
70,-590,0,7.187919730127154
90,-590,0,7.187919730127154
110,-590,0,7.187919730127154
130,-590,0,7.187919730127154
150,-590,0,7.187919730127154
170,-590,0,7.187919730127154
190,-590,0,7.187919730127154
210,-590,0,7.187919730127154
230,-590,0,7.187919730127154
250,-590,0,7.187919730127154
270,-590,0,7.187919730127154
290,-590,0,7.187919730127154
310,-590,0,7.187919730127154
330,-590,0,7.187919730127154
350,-590,0,7.187919730127154
370,-590,0,7.187919730127154
390,-590,0,7.187919730127154
410,-590,0,7.187919730127154
430,-590,0,7.187919730127154
450,-590,0,7.187919730127154
470,-590,0,7.187919730127154
490,-590,0,7.187919730127154
510,-590,0,7.187919730127154
530,-590,0,7.187919730127154
550,-590,0,7.187919730127154
570,-590,0,7.187919730127154
590,-590,0,7.187919730127154
610,-590,0,7.187919730127154
630,-590,0,7.187919730127154
650,-590,0,7.187919730127154
670,-590,0,7.187919730127154
690,-590,0,7.187919730127154
710,-590,0,7.187919730127154
730,-590,0,7.187919730127154
750,-590,0,7.187919730127154
770,-590,0,7.187919730127154
790,-590,0,7.187919730127154
-790,-570,0,7.187919730127154
-770,-570,0,7.187919730127154
-750,-570,0,7.187919730127154
-730,-570,0,7.187919730127154
-710,-570,0,7.187919730127154
-690,-570,0,7.187919730127154
-670,-570,0,7.187919730127154
-650,-570,0,7.187919730127154
-630,-570,0,7.187919730127154
-610,-570,0,7.187919730127154
-590,-570,0,7.187919730127154
-570,-570,0,7.187919730127154
-550,-570,0,7.187919730127154
-530,-570,0,7.187919730127154
-510,-570,0,7.187919730127154
-490,-570,0,7.187919730127154
-470,-570,0,7.187919730127154
-450,-570,0,7.187919730127154
-430,-570,0,7.187919730127154
-410,-570,0,7.187919730127154
-390,-570,0,7.187919730127154
-370,-570,0,7.187919730127154
-350,-570,0,7.187919730127154
-330,-570,0,7.187919730127154
-310,-570,0,7.187919730127154
-290,-570,0,7.187919730127154
-270,-570,0,7.187919730127154
-250,-570,0,7.187919730127154
-230,-570,0,7.187919730127154
-210,-570,0,7.187919730127154
-190,-570,0,7.187919730127154
-170,-570,0,7.187919730127154
-150,-570,0,7.187919730127154
-130,-570,0,7.187919730127154
-110,-570,0,7.187919730127154
-90,-570,0,7.187919730127154
-70,-570,0,7.187919730127154
-50,-570,0,7.187919730127154
-30,-570,0,7.187919730127154
-10,-570,0,7.187919730127154
10,-570,0,7.187919730127154
30,-570,0,7.187919730127154
50,-570,0,7.187919730127154
70,-570,0,7.187919730127154
90,-570,0,7.187919730127154
110,-570,0,7.187919730127154
130,-570,0,7.187919730127154
150,-570,0,7.187919730127154
170,-570,0,7.187919730127154
190,-570,0,7.187919730127154
210,-570,0,7.187919730127154
230,-570,0,7.187919730127154
250,-570,0,7.187919730127154
270,-570,0,7.187919730127154
290,-570,0,7.187919730127154
310,-570,0,7.187919730127154
330,-570,0,7.187919730127154
350,-570,0,7.187919730127154
370,-570,0,7.187919730127154
390,-570,0,7.187919730127154
410,-570,0,7.187919730127154
430,-570,0,7.187919730127154
450,-570,0,7.187919730127154
470,-570,0,7.187919730127154
490,-570,0,7.187919730127154
510,-570,0,7.187919730127154
530,-570,0,7.187919730127154
550,-570,0,7.187919730127154
570,-570,0,7.187919730127154
590,-570,0,7.187919730127154
610,-570,0,7.187919730127154
630,-570,0,7.187919730127154
650,-570,0,7.187919730127154
670,-570,0,7.187919730127154
690,-570,0,7.187919730127154
710,-570,0,7.187919730127154
730,-570,0,7.187919730127154
750,-570,0,7.187919730127154
770,-570,0,7.187919730127154
790,-570,0,7.187919730127154
-790,-550,0,7.187919730127154
-770,-550,0,7.187919730127154
-750,-550,0,7.187919730127154
-730,-550,0,7.187919730127154
-710,-550,0,7.187919730127154
-690,-550,0,7.187919730127154
-670,-550,0,7.187919730127154
-650,-550,0,7.187919730127154
-630,-550,0,7.187919730127154
-610,-550,0,7.187919730127154
-590,-550,0,7.187919730127154
-570,-550,0,7.187919730127154
-550,-550,0,7.187919730127154
-530,-550,0,7.187919730127154
-510,-550,0,7.187919730127154
-490,-550,0,7.187919730127154
-470,-550,0,7.187919730127154
-450,-550,0,7.187919730127154
-430,-550,0,7.187919730127154
-410,-550,0,7.187919730127154
-390,-550,0,7.187919730127154
-370,-550,0,7.187919730127154
-350,-550,0,7.187919730127154
-330,-550,0,7.187919730127154
-310,-550,0,7.187919730127154
-290,-550,0,7.187919730127154
-270,-550,0,7.187919730127154
-250,-550,0,7.187919730127154
-230,-550,0,7.187919730127154
-210,-550,0,7.187919730127154
-190,-550,0,7.187919730127154
-170,-550,0,7.187919730127154
-150,-550,0,7.187919730127154
-130,-550,0,7.187919730127154
-110,-550,0,7.187919730127154
-90,-550,0,7.187919730127154
-70,-550,0,7.187919730127154
-50,-550,0,7.187919730127154
-30,-550,0,7.187919730127154
-10,-550,0,7.187919730127154
10,-550,0,7.187919730127154
30,-550,0,7.187919730127154
50,-550,0,7.187919730127154
70,-550,0,7.187919730127154
90,-550,0,7.187919730127154
110,-550,0,7.187919730127154
130,-550,0,7.187919730127154
150,-550,0,7.187919730127154
170,-550,0,7.187919730127154
190,-550,0,7.187919730127154
210,-550,0,7.187919730127154
230,-550,0,7.187919730127154
250,-550,0,7.187919730127154
270,-550,0,7.187919730127154
290,-550,0,7.187919730127154
310,-550,0,7.187919730127154
330,-550,0,7.187919730127154
350,-550,0,7.187919730127154
370,-550,0,7.187919730127154
390,-550,0,7.187919730127154
410,-550,0,7.187919730127154
430,-550,0,7.187919730127154
450,-550,0,7.187919730127154
470,-550,0,7.187919730127154
490,-550,0,7.187919730127154
510,-550,0,7.187919730127154
530,-550,0,7.187919730127154
550,-550,0,7.187919730127154
570,-550,0,7.187919730127154
590,-550,0,7.187919730127154
610,-550,0,7.187919730127154
630,-550,0,7.187919730127154
650,-550,0,7.187919730127154
670,-550,0,7.187919730127154
690,-550,0,7.187919730127154
710,-550,0,7.187919730127154
730,-550,0,7.187919730127154
750,-550,0,7.187919730127154
770,-550,0,7.187919730127154
790,-550,0,7.187919730127154
-790,-530,0,7.187919730127154
-770,-530,0,7.187919730127154
-750,-530,0,7.187919730127154
-730,-530,0,7.187919730127154
-710,-530,0,7.187919730127154
-690,-530,0,7.187919730127154
-670,-530,0,7.187919730127154
-650,-530,0,7.187919730127154
-630,-530,0,7.187919730127154
-610,-530,0,7.187919730127154
-590,-530,0,7.187919730127154
-570,-530,0,7.187919730127154
-550,-530,0,7.187919730127154
-530,-530,0,7.187919730127154
-510,-530,0,7.187919730127154
-490,-530,0,7.187919730127154
-470,-530,0,7.187919730127154
-450,-530,0,7.187919730127154
-430,-530,0,7.187919730127154
-410,-530,0,7.187919730127154
-390,-530,0,7.187919730127154
-370,-530,0,7.187919730127154
-350,-530,0,7.187919730127154
-330,-530,0,7.187919730127154
-310,-530,0,7.187919730127154
-290,-530,0,7.187919730127154
-270,-530,0,7.187919730127154
-250,-530,0,7.187919730127154
-230,-530,0,7.187919730127154
-210,-530,0,7.187919730127154
-190,-530,0,7.187919730127154
-170,-530,0,7.187919730127154
-150,-530,0,7.187919730127154
-130,-530,0,7.187919730127154
-110,-530,0,7.187919730127154
-90,-530,0,7.187919730127154
-70,-530,0,7.187919730127154
-50,-530,0,7.187919730127154
-30,-530,0,7.187919730127154
-10,-530,0,7.187919730127154
10,-530,0,7.187919730127154
30,-530,0,7.187919730127154
50,-530,0,7.187919730127154
70,-530,0,7.187919730127154
90,-530,0,7.187919730127154
110,-530,0,7.187919730127154
130,-530,0,7.187919730127154
150,-530,0,7.187919730127154
170,-530,0,7.187919730127154
190,-530,0,7.187919730127154
210,-530,0,7.187919730127154
230,-530,0,7.187919730127154
250,-530,0,7.187919730127154
270,-530,0,7.187919730127154
290,-530,0,7.187919730127154
310,-530,0,7.187919730127154
330,-530,0,7.187919730127154
350,-530,0,7.187919730127154
370,-530,0,7.187919730127154
390,-530,0,7.187919730127154
410,-530,0,7.187919730127154
430,-530,0,7.187919730127154
450,-530,0,7.187919730127154
470,-530,0,7.187919730127154
490,-530,0,7.187919730127154
510,-530,0,7.187919730127154
530,-530,0,7.187919730127154
550,-530,0,7.187919730127154
570,-530,0,7.187919730127154
590,-530,0,7.187919730127154
610,-530,0,7.187919730127154
630,-530,0,7.187919730127154
650,-530,0,7.187919730127154
670,-530,0,7.187919730127154
690,-530,0,7.187919730127154
710,-530,0,7.187919730127154
730,-530,0,7.187919730127154
750,-530,0,7.187919730127154
770,-530,0,7.187919730127154
790,-530,0,7.187919730127154
-790,-510,0,7.187919730127154
-770,-510,0,7.187919730127154
-750,-510,0,7.187919730127154
-730,-510,0,7.187919730127154
-710,-510,0,7.187919730127154
-690,-510,0,7.187919730127154
-670,-510,0,7.187919730127154
-650,-510,0,7.187919730127154
-630,-510,0,7.187919730127154
-610,-510,0,7.187919730127154
-590,-510,0,7.187919730127154
-570,-510,0,7.187919730127154
-550,-510,0,7.187919730127154
-530,-510,0,7.187919730127154
-510,-510,0,7.187919730127154
-490,-510,0,7.187919730127154
-470,-510,0,7.187919730127154
-450,-510,0,7.187919730127154
-430,-510,0,7.187919730127154
-410,-510,0,7.187919730127154
-390,-510,0,7.187919730127154
-370,-510,0,7.187919730127154
-350,-510,0,7.187919730127154
-330,-510,0,7.187919730127154
-310,-510,0,7.187919730127154
-290,-510,0,7.187919730127154
-270,-510,0,7.187919730127154
-250,-510,0,7.187919730127154
-230,-510,0,7.187919730127154
-210,-510,0,7.187919730127154
-190,-510,0,7.187919730127154
-170,-510,0,7.187919730127154
-150,-510,0,7.187919730127154
-130,-510,0,7.187919730127154
-110,-510,0,7.187919730127154
-90,-510,0,7.187919730127154
-70,-510,0,7.187919730127154
-50,-510,0,7.187919730127154
-30,-510,0,7.187919730127154
-10,-510,0,7.187919730127154
10,-510,0,7.187919730127154
30,-510,0,7.187919730127154
50,-510,0,7.187919730127154
70,-510,0,7.187919730127154
90,-510,0,7.187919730127154
110,-510,0,7.187919730127154
130,-510,0,7.187919730127154
150,-510,0,7.187919730127154
170,-510,0,7.187919730127154
190,-510,0,7.187919730127154
210,-510,0,7.187919730127154
230,-510,0,7.187919730127154
250,-510,0,7.187919730127154
270,-510,0,7.187919730127154
290,-510,0,7.187919730127154
310,-510,0,7.187919730127154
330,-510,0,7.187919730127154
350,-510,0,7.187919730127154
370,-510,0,7.187919730127154
390,-510,0,7.187919730127154
410,-510,0,7.187919730127154
430,-510,0,7.187919730127154
450,-510,0,7.187919730127154
470,-510,0,7.187919730127154
490,-510,0,7.187919730127154
510,-510,0,7.187919730127154
530,-510,0,7.187919730127154
550,-510,0,7.187919730127154
570,-510,0,7.187919730127154
590,-510,0,7.187919730127154
610,-510,0,7.187919730127154
630,-510,0,7.187919730127154
650,-510,0,7.187919730127154
670,-510,0,7.187919730127154
690,-510,0,7.187919730127154
710,-510,0,7.187919730127154
730,-510,0,7.187919730127154
750,-510,0,7.187919730127154
770,-510,0,7.187919730127154
790,-510,0,7.187919730127154
-790,-490,0,7.187919730127154
-770,-490,0,7.187919730127154
-750,-490,0,7.187919730127154
-730,-490,0,7.187919730127154
-710,-490,0,7.187919730127154
-690,-490,0,7.187919730127154
-670,-490,0,7.187919730127154
-650,-490,0,7.187919730127154
-630,-490,0,7.187919730127154
-610,-490,0,7.187919730127154
-590,-490,0,7.187919730127154
-570,-490,0,7.187919730127154
-550,-490,0,7.187919730127154
-530,-490,0,7.187919730127154
-510,-490,0,7.187919730127154
-490,-490,0,7.187919730127154
-470,-490,0,7.187919730127154
-450,-490,0,7.187919730127154
-430,-490,0,7.187919730127154
-410,-490,0,7.187919730127154
-390,-490,0,7.187919730127154
-370,-490,0,7.187919730127154
-350,-490,0,7.187919730127154
-330,-490,0,7.187919730127154
-310,-490,0,7.187919730127154
-290,-490,0,7.187919730127154
-270,-490,0,7.187919730127154
-250,-490,0,7.187919730127154
-230,-490,0,7.187919730127154
-210,-490,0,7.187919730127154
-190,-490,0,7.187919730127154
-170,-490,0,7.187919730127154
-150,-490,0,7.187919730127154
-130,-490,0,7.187919730127154
-110,-490,0,7.187919730127154
-90,-490,0,7.187919730127154
-70,-490,0,7.187919730127154
-50,-490,0,7.187919730127154
-30,-490,0,7.187919730127154
-10,-490,0,7.187919730127154
10,-490,0,7.187919730127154
30,-490,0,7.187919730127154
50,-490,0,7.187919730127154
70,-490,0,7.187919730127154
90,-490,0,7.187919730127154
110,-490,0,7.187919730127154
130,-490,0,7.187919730127154
150,-490,0,7.187919730127154
170,-490,0,7.187919730127154
190,-490,0,7.187919730127154
210,-490,0,7.187919730127154
230,-490,0,7.187919730127154
250,-490,0,7.187919730127154
270,-490,0,7.187919730127154
290,-490,0,7.187919730127154
310,-490,0,7.187919730127154
330,-490,0,7.187919730127154
350,-490,0,7.187919730127154
370,-490,0,7.187919730127154
390,-490,0,7.187919730127154
410,-490,0,7.187919730127154
430,-490,0,7.187919730127154
450,-490,0,7.187919730127154
470,-490,0,7.187919730127154
490,-490,0,7.187919730127154
510,-490,0,7.187919730127154
530,-490,0,7.187919730127154
550,-490,0,7.187919730127154
570,-490,0,7.187919730127154
590,-490,0,7.187919730127154
610,-490,0,7.187919730127154
630,-490,0,7.187919730127154
650,-490,0,7.187919730127154
670,-490,0,7.187919730127154
690,-490,0,7.187919730127154
710,-490,0,7.187919730127154
730,-490,0,7.187919730127154
750,-490,0,7.187919730127154
770,-490,0,7.187919730127154
790,-490,0,7.187919730127154
-790,-470,0,7.187919730127154
-770,-470,0,7.187919730127154
-750,-470,0,7.187919730127154
-730,-470,0,7.187919730127154
-710,-470,0,7.187919730127154
-690,-470,0,7.187919730127154
-670,-470,0,7.187919730127154
-650,-470,0,7.187919730127154
-630,-470,0,7.187919730127154
-610,-470,0,7.187919730127154
-590,-470,0,7.187919730127154
-570,-470,0,7.187919730127154
-550,-470,0,7.187919730127154
-530,-470,0,7.187919730127154
-510,-470,0,7.187919730127154
-490,-470,0,7.187919730127154
-470,-470,0,7.187919730127154
-450,-470,0,7.187919730127154
-430,-470,0,7.187919730127154
-410,-470,0,7.187919730127154
-390,-470,0,7.187919730127154
-370,-470,0,7.187919730127154
-350,-470,0,7.187919730127154
-330,-470,0,7.187919730127154
-310,-470,0,7.187919730127154
-290,-470,0,7.187919730127154
-270,-470,0,7.187919730127154
-250,-470,0,7.187919730127154
-230,-470,0,7.187919730127154
-210,-470,0,7.187919730127154
-190,-470,0,7.187919730127154
-170,-470,0,7.187919730127154
-150,-470,0,7.187919730127154
-130,-470,0,7.187919730127154
-110,-470,0,7.187919730127154
-90,-470,0,7.187919730127154
-70,-470,0,7.187919730127154
-50,-470,0,7.187919730127154
-30,-470,0,7.187919730127154
-10,-470,0,7.187919730127154
10,-470,0,7.187919730127154
30,-470,0,7.187919730127154
50,-470,0,7.187919730127154
70,-470,0,7.187919730127154
90,-470,0,7.187919730127154
110,-470,0,7.187919730127154
130,-470,0,7.187919730127154
150,-470,0,7.187919730127154
170,-470,0,7.187919730127154
190,-470,0,7.187919730127154
210,-470,0,7.187919730127154
230,-470,0,7.187919730127154
250,-470,0,7.187919730127154
270,-470,0,7.187919730127154
290,-470,0,7.187919730127154
310,-470,0,7.187919730127154
330,-470,0,7.187919730127154
350,-470,0,7.187919730127154
370,-470,0,7.187919730127154
390,-470,0,7.187919730127154
410,-470,0,7.187919730127154
430,-470,0,7.187919730127154
450,-470,0,7.187919730127154
470,-470,0,7.187919730127154
490,-470,0,7.187919730127154
510,-470,0,7.187919730127154
530,-470,0,7.187919730127154
550,-470,0,7.187919730127154
570,-470,0,7.187919730127154
590,-470,0,7.187919730127154
610,-470,0,7.187919730127154
630,-470,0,7.187919730127154
650,-470,0,7.187919730127154
670,-470,0,7.187919730127154
690,-470,0,7.187919730127154
710,-470,0,7.187919730127154
730,-470,0,7.187919730127154
750,-470,0,7.187919730127154
770,-470,0,7.187919730127154
790,-470,0,7.187919730127154
-790,-450,0,7.187919730127154
-770,-450,0,7.187919730127154
-750,-450,0,7.187919730127154
-730,-450,0,7.187919730127154
-710,-450,0,7.187919730127154
-690,-450,0,7.187919730127154
-670,-450,0,7.187919730127154
-650,-450,0,7.187919730127154
-630,-450,0,7.187919730127154
-610,-450,0,7.187919730127154
-590,-450,0,7.187919730127154
-570,-450,0,7.187919730127154
-550,-450,0,7.187919730127154
-530,-450,0,7.187919730127154
-510,-450,0,7.187919730127154
-490,-450,0,7.187919730127154
-470,-450,0,7.187919730127154
-450,-450,0,7.187919730127154
-430,-450,0,7.187919730127154
-410,-450,0,7.187919730127154
-390,-450,0,7.187919730127154
-370,-450,0,7.187919730127154
-350,-450,0,7.187919730127154
-330,-450,0,7.187919730127154
-310,-450,0,7.187919730127154
-290,-450,0,7.187919730127154
-270,-450,0,7.187919730127154
-250,-450,0,7.187919730127154
-230,-450,0,7.187919730127154
-210,-450,0,7.187919730127154
-190,-450,0,7.187919730127154
-170,-450,0,7.187919730127154
-150,-450,0,7.187919730127154
-130,-450,0,7.187919730127154
-110,-450,0,7.187919730127154
-90,-450,0,7.187919730127154
-70,-450,0,7.187919730127154
-50,-450,0,7.187919730127154
-30,-450,0,7.187919730127154
-10,-450,0,7.187919730127154
10,-450,0,7.187919730127154
30,-450,0,7.187919730127154
50,-450,0,7.187919730127154
70,-450,0,7.187919730127154
90,-450,0,7.187919730127154
110,-450,0,7.187919730127154
130,-450,0,7.187919730127154
150,-450,0,7.187919730127154
170,-450,0,7.187919730127154
190,-450,0,7.187919730127154
210,-450,0,7.187919730127154
230,-450,0,7.187919730127154
250,-450,0,7.187919730127154
270,-450,0,7.187919730127154
290,-450,0,7.187919730127154
310,-450,0,7.187919730127154
330,-450,0,7.187919730127154
350,-450,0,7.187919730127154
370,-450,0,7.187919730127154
390,-450,0,7.187919730127154
410,-450,0,7.187919730127154
430,-450,0,7.187919730127154
450,-450,0,7.187919730127154
470,-450,0,7.187919730127154
490,-450,0,7.187919730127154
510,-450,0,7.187919730127154
530,-450,0,7.187919730127154
550,-450,0,7.187919730127154
570,-450,0,7.187919730127154
590,-450,0,7.187919730127154
610,-450,0,7.187919730127154
630,-450,0,7.187919730127154
650,-450,0,7.187919730127154
670,-450,0,7.187919730127154
690,-450,0,7.187919730127154
710,-450,0,7.187919730127154
730,-450,0,7.187919730127154
750,-450,0,7.187919730127154
770,-450,0,7.187919730127154
790,-450,0,7.187919730127154
-790,-430,0,7.187919730127154
-770,-430,0,7.187919730127154
-750,-430,0,7.187919730127154
-730,-430,0,7.187919730127154
-710,-430,0,7.187919730127154
-690,-430,0,7.187919730127154
-670,-430,0,7.187919730127154
-650,-430,0,7.187919730127154
-630,-430,0,7.187919730127154
-610,-430,0,7.187919730127154
-590,-430,0,7.187919730127154
-570,-430,0,7.187919730127154
-550,-430,0,7.187919730127154
-530,-430,0,7.187919730127154
-510,-430,0,7.187919730127154
-490,-430,0,7.187919730127154
-470,-430,0,7.187919730127154
-450,-430,0,7.187919730127154
-430,-430,0,7.187919730127154
-410,-430,0,7.187919730127154
-390,-430,0,7.187919730127154
-370,-430,0,7.187919730127154
-350,-430,0,7.187919730127154
-330,-430,0,7.187919730127154
-310,-430,0,7.187919730127154
-290,-430,0,7.187919730127154
-270,-430,0,7.187919730127154
-250,-430,0,7.187919730127154
-230,-430,0,7.187919730127154
-210,-430,0,7.187919730127154
-190,-430,0,7.187919730127154
-170,-430,0,7.187919730127154
-150,-430,0,7.187919730127154
-130,-430,0,7.187919730127154
-110,-430,0,7.187919730127154
-90,-430,0,7.187919730127154
-70,-430,0,7.187919730127154
-50,-430,0,7.187919730127154
-30,-430,0,7.187919730127154
-10,-430,0,7.187919730127154
10,-430,0,7.187919730127154
30,-430,0,7.187919730127154
50,-430,0,7.187919730127154
70,-430,0,7.187919730127154
90,-430,0,7.187919730127154
110,-430,0,7.187919730127154
130,-430,0,7.187919730127154
150,-430,0,7.187919730127154
170,-430,0,7.187919730127154
190,-430,0,7.187919730127154
210,-430,0,7.187919730127154
230,-430,0,7.187919730127154
250,-430,0,7.187919730127154
270,-430,0,7.187919730127154
290,-430,0,7.187919730127154
310,-430,0,7.187919730127154
330,-430,0,7.187919730127154
350,-430,0,7.187919730127154
370,-430,0,7.187919730127154
390,-430,0,7.187919730127154
410,-430,0,7.187919730127154
430,-430,0,7.187919730127154
450,-430,0,7.187919730127154
470,-430,0,7.187919730127154
490,-430,0,7.187919730127154
510,-430,0,7.187919730127154
530,-430,0,7.187919730127154
550,-430,0,7.187919730127154
570,-430,0,7.187919730127154
590,-430,0,7.187919730127154
610,-430,0,7.187919730127154
630,-430,0,7.187919730127154
650,-430,0,7.187919730127154
670,-430,0,7.187919730127154
690,-430,0,7.187919730127154
710,-430,0,7.187919730127154
730,-430,0,7.187919730127154
750,-430,0,7.187919730127154
770,-430,0,7.187919730127154
790,-430,0,7.187919730127154
-790,-410,0,7.187919730127154
-770,-410,0,7.187919730127154
-750,-410,0,7.187919730127154
-730,-410,0,7.187919730127154
-710,-410,0,7.187919730127154
-690,-410,0,7.187919730127154
-670,-410,0,7.187919730127154
-650,-410,0,7.187919730127154
-630,-410,0,7.187919730127154
-610,-410,0,7.187919730127154
-590,-410,0,7.187919730127154
-570,-410,0,7.187919730127154
-550,-410,0,7.187919730127154
-530,-410,0,7.187919730127154
-510,-410,0,7.187919730127154
-490,-410,0,7.187919730127154
-470,-410,0,7.187919730127154
-450,-410,0,7.187919730127154
-430,-410,0,7.187919730127154
-410,-410,0,7.187919730127154
-390,-410,0,7.187919730127154
-370,-410,0,7.187919730127154
-350,-410,0,7.187919730127154
-330,-410,0,7.187919730127154
-310,-410,0,7.187919730127154
-290,-410,0,7.187919730127154
-270,-410,0,7.187919730127154
-250,-410,0,7.187919730127154
-230,-410,0,7.187919730127154
-210,-410,0,7.187919730127154
-190,-410,0,7.187919730127154
-170,-410,0,7.187919730127154
-150,-410,0,7.187919730127154
-130,-410,0,7.187919730127154
-110,-410,0,7.187919730127154
-90,-410,0,7.187919730127154
-70,-410,0,7.187919730127154
-50,-410,0,7.187919730127154
-30,-410,0,7.187919730127154
-10,-410,0,7.187919730127154
10,-410,0,7.187919730127154
30,-410,0,7.187919730127154
50,-410,0,7.187919730127154
70,-410,0,7.187919730127154
90,-410,0,7.187919730127154
110,-410,0,7.187919730127154
130,-410,0,7.187919730127154
150,-410,0,7.187919730127154
170,-410,0,7.187919730127154
190,-410,0,7.187919730127154
210,-410,0,7.187919730127154
230,-410,0,7.187919730127154
250,-410,0,7.187919730127154
270,-410,0,7.187919730127154
290,-410,0,7.187919730127154
310,-410,0,7.187919730127154
330,-410,0,7.187919730127154
350,-410,0,7.187919730127154
370,-410,0,7.187919730127154
390,-410,0,7.187919730127154
410,-410,0,7.187919730127154
430,-410,0,7.187919730127154
450,-410,0,7.187919730127154
470,-410,0,7.187919730127154
490,-410,0,7.187919730127154
510,-410,0,7.187919730127154
530,-410,0,7.187919730127154
550,-410,0,7.187919730127154
570,-410,0,7.187919730127154
590,-410,0,7.187919730127154
610,-410,0,7.187919730127154
630,-410,0,7.187919730127154
650,-410,0,7.187919730127154
670,-410,0,7.187919730127154
690,-410,0,7.187919730127154
710,-410,0,7.187919730127154
730,-410,0,7.187919730127154
750,-410,0,7.187919730127154
770,-410,0,7.187919730127154
790,-410,0,7.187919730127154
-790,-390,0,7.187919730127154
-770,-390,0,7.187919730127154
-750,-390,0,7.187919730127154
-730,-390,0,7.187919730127154
-710,-390,0,7.187919730127154
-690,-390,0,7.187919730127154
-670,-390,0,7.187919730127154
-650,-390,0,7.187919730127154
-630,-390,0,7.187919730127154
-610,-390,0,7.187919730127154
-590,-390,0,7.187919730127154
-570,-390,0,7.187919730127154
-550,-390,0,7.187919730127154
-530,-390,0,7.187919730127154
-510,-390,0,7.187919730127154
-490,-390,0,7.187919730127154
-470,-390,0,7.187919730127154
-450,-390,0,7.187919730127154
-430,-390,0,7.187919730127154
-410,-390,0,7.187919730127154
-390,-390,0,7.187919730127154
-370,-390,0,7.187919730127154
-350,-390,0,7.187919730127154
-330,-390,0,7.187919730127154
-310,-390,0,7.187919730127154
-290,-390,0,7.187919730127154
-270,-390,0,7.187919730127154
-250,-390,0,7.187919730127154
-230,-390,0,7.187919730127154
-210,-390,0,7.187919730127154
-190,-390,0,7.187919730127154
-170,-390,0,7.187919730127154
-150,-390,0,7.187919730127154
-130,-390,0,7.187919730127154
-110,-390,0,7.187919730127154
-90,-390,0,7.187919730127154
-70,-390,0,7.187919730127154
-50,-390,0,7.187919730127154
-30,-390,0,7.187919730127154
-10,-390,0,7.187919730127154
10,-390,0,7.187919730127154
30,-390,0,7.187919730127154
50,-390,0,7.187919730127154
70,-390,0,7.187919730127154
90,-390,0,7.187919730127154
110,-390,0,7.187919730127154
130,-390,0,7.187919730127154
150,-390,0,7.187919730127154
170,-390,0,7.187919730127154
190,-390,0,7.187919730127154
210,-390,0,7.187919730127154
230,-390,0,7.187919730127154
250,-390,0,7.187919730127154
270,-390,0,7.187919730127154
290,-390,0,7.187919730127154
310,-390,0,7.187919730127154
330,-390,0,7.187919730127154
350,-390,0,7.187919730127154
370,-390,0,7.187919730127154
390,-390,0,7.187919730127154
410,-390,0,7.187919730127154
430,-390,0,7.187919730127154
450,-390,0,7.187919730127154
470,-390,0,7.187919730127154
490,-390,0,7.187919730127154
510,-390,0,7.187919730127154
530,-390,0,7.187919730127154
550,-390,0,7.187919730127154
570,-390,0,7.187919730127154
590,-390,0,7.187919730127154
610,-390,0,7.187919730127154
630,-390,0,7.187919730127154
650,-390,0,7.187919730127154
670,-390,0,7.187919730127154
690,-390,0,7.187919730127154
710,-390,0,7.187919730127154
730,-390,0,7.187919730127154
750,-390,0,7.187919730127154
770,-390,0,7.187919730127154
790,-390,0,7.187919730127154
-790,-370,0,7.187919730127154
-770,-370,0,7.187919730127154
-750,-370,0,7.187919730127154
-730,-370,0,7.187919730127154
-710,-370,0,7.187919730127154
-690,-370,0,7.187919730127154
-670,-370,0,7.187919730127154
-650,-370,0,7.187919730127154
-630,-370,0,7.187919730127154
-610,-370,0,7.187919730127154
-590,-370,0,7.187919730127154
-570,-370,0,7.187919730127154
-550,-370,0,7.187919730127154
-530,-370,0,7.187919730127154
-510,-370,0,7.187919730127154
-490,-370,0,7.187919730127154
-470,-370,0,7.187919730127154
-450,-370,0,7.187919730127154
-430,-370,0,7.187919730127154
-410,-370,0,7.187919730127154
-390,-370,0,7.187919730127154
-370,-370,0,7.187919730127154
-350,-370,0,7.187919730127154
-330,-370,0,7.187919730127154
-310,-370,0,7.187919730127154
-290,-370,0,7.187919730127154
-270,-370,0,7.187919730127154
-250,-370,0,7.187919730127154
-230,-370,0,7.187919730127154
-210,-370,0,7.187919730127154
-190,-370,0,7.187919730127154
-170,-370,0,7.187919730127154
-150,-370,0,7.187919730127154
-130,-370,0,7.187919730127154
-110,-370,0,7.187919730127154
-90,-370,0,7.187919730127154
-70,-370,0,7.187919730127154
-50,-370,0,7.187919730127154
-30,-370,0,7.187919730127154
-10,-370,0,7.187919730127154
10,-370,0,7.187919730127154
30,-370,0,7.187919730127154
50,-370,0,7.187919730127154
70,-370,0,7.187919730127154
90,-370,0,7.187919730127154
110,-370,0,7.187919730127154
130,-370,0,7.187919730127154
150,-370,0,7.187919730127154
170,-370,0,7.187919730127154
190,-370,0,7.187919730127154
210,-370,0,7.187919730127154
230,-370,0,7.187919730127154
250,-370,0,7.187919730127154
270,-370,0,7.187919730127154
290,-370,0,7.187919730127154
310,-370,0,7.187919730127154
330,-370,0,7.187919730127154
350,-370,0,7.187919730127154
370,-370,0,7.187919730127154
390,-370,0,7.187919730127154
410,-370,0,7.187919730127154
430,-370,0,7.187919730127154
450,-370,0,7.187919730127154
470,-370,0,7.187919730127154
490,-370,0,7.187919730127154
510,-370,0,7.187919730127154
530,-370,0,7.187919730127154
550,-370,0,7.187919730127154
570,-370,0,7.187919730127154
590,-370,0,7.187919730127154
610,-370,0,7.187919730127154
630,-370,0,7.187919730127154
650,-370,0,7.187919730127154
670,-370,0,7.187919730127154
690,-370,0,7.187919730127154
710,-370,0,7.187919730127154
730,-370,0,7.187919730127154
750,-370,0,7.187919730127154
770,-370,0,7.187919730127154
790,-370,0,7.187919730127154
-790,-350,0,7.187919730127154
-770,-350,0,7.187919730127154
-750,-350,0,7.187919730127154
-730,-350,0,7.187919730127154
-710,-350,0,7.187919730127154
-690,-350,0,7.187919730127154
-670,-350,0,7.187919730127154
-650,-350,0,7.187919730127154
-630,-350,0,7.187919730127154
-610,-350,0,7.187919730127154
-590,-350,0,7.187919730127154
-570,-350,0,7.187919730127154
-550,-350,0,7.187919730127154
-530,-350,0,7.187919730127154
-510,-350,0,7.187919730127154
-490,-350,0,7.187919730127154
-470,-350,0,7.187919730127154
-450,-350,0,7.187919730127154
-430,-350,0,7.187919730127154
-410,-350,0,7.187919730127154
-390,-350,0,7.187919730127154
-370,-350,0,7.187919730127154
-350,-350,0,7.187919730127154
-330,-350,0,7.187919730127154
-310,-350,0,7.187919730127154
-290,-350,0,7.187919730127154
-270,-350,0,7.187919730127154
-250,-350,0,7.187919730127154
-230,-350,0,7.187919730127154
-210,-350,0,7.187919730127154
-190,-350,0,7.187919730127154
-170,-350,0,7.187919730127154
-150,-350,0,7.187919730127154
-130,-350,0,7.187919730127154
-110,-350,0,7.187919730127154
-90,-350,0,7.187919730127154
-70,-350,0,7.187919730127154
-50,-350,0,7.187919730127154
-30,-350,0,7.187919730127154
-10,-350,0,7.187919730127154
10,-350,0,7.187919730127154
30,-350,0,7.187919730127154
50,-350,0,7.187919730127154
70,-350,0,7.187919730127154
90,-350,0,7.187919730127154
110,-350,0,7.187919730127154
130,-350,0,7.187919730127154
150,-350,0,7.187919730127154
170,-350,0,7.187919730127154
190,-350,0,7.187919730127154
210,-350,0,7.187919730127154
230,-350,0,7.187919730127154
250,-350,0,7.187919730127154
270,-350,0,7.187919730127154
290,-350,0,7.187919730127154
310,-350,0,7.187919730127154
330,-350,0,7.187919730127154
350,-350,0,7.187919730127154
370,-350,0,7.187919730127154
390,-350,0,7.187919730127154
410,-350,0,7.187919730127154
430,-350,0,7.187919730127154
450,-350,0,7.187919730127154
470,-350,0,7.187919730127154
490,-350,0,7.187919730127154
510,-350,0,7.187919730127154
530,-350,0,7.187919730127154
550,-350,0,7.187919730127154
570,-350,0,7.187919730127154
590,-350,0,7.187919730127154
610,-350,0,7.187919730127154
630,-350,0,7.187919730127154
650,-350,0,7.187919730127154
670,-350,0,7.187919730127154
690,-350,0,7.187919730127154
710,-350,0,7.187919730127154
730,-350,0,7.187919730127154
750,-350,0,7.187919730127154
770,-350,0,7.187919730127154
790,-350,0,7.187919730127154
-790,-330,0,7.187919730127154
-770,-330,0,7.187919730127154
-750,-330,0,7.187919730127154
-730,-330,0,7.187919730127154
-710,-330,0,7.187919730127154
-690,-330,0,7.187919730127154
-670,-330,0,7.187919730127154
-650,-330,0,7.187919730127154
-630,-330,0,7.187919730127154
-610,-330,0,7.187919730127154
-590,-330,0,7.187919730127154
-570,-330,0,7.187919730127154
-550,-330,0,7.187919730127154
-530,-330,0,7.187919730127154
-510,-330,0,7.187919730127154
-490,-330,0,7.187919730127154
-470,-330,0,7.187919730127154
-450,-330,0,7.187919730127154
-430,-330,0,7.187919730127154
-410,-330,0,7.187919730127154
-390,-330,0,7.187919730127154
-370,-330,0,7.187919730127154
-350,-330,0,7.187919730127154
-330,-330,0,7.187919730127154
-310,-330,0,7.187919730127154
-290,-330,0,7.187919730127154
-270,-330,0,7.187919730127154
-250,-330,0,7.187919730127154
-230,-330,0,7.187919730127154
-210,-330,0,7.187919730127154
-190,-330,0,7.187919730127154
-170,-330,0,7.187919730127154
-150,-330,0,7.187919730127154
-130,-330,0,7.187919730127154
-110,-330,0,7.187919730127154
-90,-330,0,7.187919730127154
-70,-330,0,7.187919730127154
-50,-330,0,7.187919730127154
-30,-330,0,7.187919730127154
-10,-330,0,7.187919730127154
10,-330,0,7.187919730127154
30,-330,0,7.187919730127154
50,-330,0,7.187919730127154
70,-330,0,7.187919730127154
90,-330,0,7.187919730127154
110,-330,0,7.187919730127154
130,-330,0,7.187919730127154
150,-330,0,7.187919730127154
170,-330,0,7.187919730127154
190,-330,0,7.187919730127154
210,-330,0,7.187919730127154
230,-330,0,7.187919730127154
250,-330,0,7.187919730127154
270,-330,0,7.187919730127154
290,-330,0,7.187919730127154
310,-330,0,7.187919730127154
330,-330,0,7.187919730127154
350,-330,0,7.187919730127154
370,-330,0,7.187919730127154
390,-330,0,7.187919730127154
410,-330,0,7.187919730127154
430,-330,0,7.187919730127154
450,-330,0,7.187919730127154
470,-330,0,7.187919730127154
490,-330,0,7.187919730127154
510,-330,0,7.187919730127154
530,-330,0,7.187919730127154
550,-330,0,7.187919730127154
570,-330,0,7.187919730127154
590,-330,0,7.187919730127154
610,-330,0,7.187919730127154
630,-330,0,7.187919730127154
650,-330,0,7.187919730127154
670,-330,0,7.187919730127154
690,-330,0,7.187919730127154
710,-330,0,7.187919730127154
730,-330,0,7.187919730127154
750,-330,0,7.187919730127154
770,-330,0,7.187919730127154
790,-330,0,7.187919730127154
-790,-310,0,7.187919730127154
-770,-310,0,7.187919730127154
-750,-310,0,7.187919730127154
-730,-310,0,7.187919730127154
-710,-310,0,7.187919730127154
-690,-310,0,7.187919730127154
-670,-310,0,7.187919730127154
-650,-310,0,7.187919730127154
-630,-310,0,7.187919730127154
-610,-310,0,7.187919730127154
-590,-310,0,7.187919730127154
-570,-310,0,7.187919730127154
-550,-310,0,7.187919730127154
-530,-310,0,7.187919730127154
-510,-310,0,7.187919730127154
-490,-310,0,7.187919730127154
-470,-310,0,7.187919730127154
-450,-310,0,7.187919730127154
-430,-310,0,7.187919730127154
-410,-310,0,7.187919730127154
-390,-310,0,7.187919730127154
-370,-310,0,7.187919730127154
-350,-310,0,7.187919730127154
-330,-310,0,7.187919730127154
-310,-310,0,7.187919730127154
-290,-310,0,7.187919730127154
-270,-310,0,7.187919730127154
-250,-310,0,7.187919730127154
-230,-310,0,7.187919730127154
-210,-310,0,7.187919730127154
-190,-310,0,7.187919730127154
-170,-310,0,7.187919730127154
-150,-310,0,7.187919730127154
-130,-310,0,7.187919730127154
-110,-310,0,7.187919730127154
-90,-310,0,7.187919730127154
-70,-310,0,7.187919730127154
-50,-310,0,7.187919730127154
-30,-310,0,7.187919730127154
-10,-310,0,7.187919730127154
10,-310,0,7.187919730127154
30,-310,0,7.187919730127154
50,-310,0,7.187919730127154
70,-310,0,7.187919730127154
90,-310,0,7.187919730127154
110,-310,0,7.187919730127154
130,-310,0,7.187919730127154
150,-310,0,7.187919730127154
170,-310,0,7.187919730127154
190,-310,0,7.187919730127154
210,-310,0,7.187919730127154
230,-310,0,7.187919730127154
250,-310,0,7.187919730127154
270,-310,0,7.187919730127154
290,-310,0,7.187919730127154
310,-310,0,7.187919730127154
330,-310,0,7.187919730127154
350,-310,0,7.187919730127154
370,-310,0,7.187919730127154
390,-310,0,7.187919730127154
410,-310,0,7.187919730127154
430,-310,0,7.187919730127154
450,-310,0,7.187919730127154
470,-310,0,7.187919730127154
490,-310,0,7.187919730127154
510,-310,0,7.187919730127154
530,-310,0,7.187919730127154
550,-310,0,7.187919730127154
570,-310,0,7.187919730127154
590,-310,0,7.187919730127154
610,-310,0,7.187919730127154
630,-310,0,7.187919730127154
650,-310,0,7.187919730127154
670,-310,0,7.187919730127154
690,-310,0,7.187919730127154
710,-310,0,7.187919730127154
730,-310,0,7.187919730127154
750,-310,0,7.187919730127154
770,-310,0,7.187919730127154
790,-310,0,7.187919730127154
-790,-290,0,7.187919730127154
-770,-290,0,7.187919730127154
-750,-290,0,7.187919730127154
-730,-290,0,7.187919730127154
-710,-290,0,7.187919730127154
-690,-290,0,7.187919730127154
-670,-290,0,7.187919730127154
-650,-290,0,7.187919730127154
-630,-290,0,7.187919730127154
-610,-290,0,7.187919730127154
-590,-290,0,7.187919730127154
-570,-290,0,7.187919730127154
-550,-290,0,7.187919730127154
-530,-290,0,7.187919730127154
-510,-290,0,7.187919730127154
-490,-290,0,7.187919730127154
-470,-290,0,7.187919730127154
-450,-290,0,7.187919730127154
-430,-290,0,7.187919730127154
-410,-290,0,7.187919730127154
-390,-290,0,7.187919730127154
-370,-290,0,7.187919730127154
-350,-290,0,7.187919730127154
-330,-290,0,7.187919730127154
-310,-290,0,7.187919730127154
-290,-290,0,7.187919730127154
-270,-290,0,7.187919730127154
-250,-290,0,7.187919730127154
-230,-290,0,7.187919730127154
-210,-290,0,7.187919730127154
-190,-290,0,7.187919730127154
-170,-290,0,7.187919730127154
-150,-290,0,7.187919730127154
-130,-290,0,7.187919730127154
-110,-290,0,7.187919730127154
-90,-290,0,7.187919730127154
-70,-290,0,7.187919730127154
-50,-290,0,7.187919730127154
-30,-290,0,7.187919730127154
-10,-290,0,7.187919730127154
10,-290,0,7.187919730127154
30,-290,0,7.187919730127154
50,-290,0,7.187919730127154
70,-290,0,7.187919730127154
90,-290,0,7.187919730127154
110,-290,0,7.187919730127154
130,-290,0,7.187919730127154
150,-290,0,7.187919730127154
170,-290,0,7.187919730127154
190,-290,0,7.187919730127154
210,-290,0,7.187919730127154
230,-290,0,7.187919730127154
250,-290,0,7.187919730127154
270,-290,0,7.187919730127154
290,-290,0,7.187919730127154
310,-290,0,7.187919730127154
330,-290,0,7.187919730127154
350,-290,0,7.187919730127154
370,-290,0,7.187919730127154
390,-290,0,7.187919730127154
410,-290,0,7.187919730127154
430,-290,0,7.187919730127154
450,-290,0,7.187919730127154
470,-290,0,7.187919730127154
490,-290,0,7.187919730127154
510,-290,0,7.187919730127154
530,-290,0,7.187919730127154
550,-290,0,7.187919730127154
570,-290,0,7.187919730127154
590,-290,0,7.187919730127154
610,-290,0,7.187919730127154
630,-290,0,7.187919730127154
650,-290,0,7.187919730127154
670,-290,0,7.187919730127154
690,-290,0,7.187919730127154
710,-290,0,7.187919730127154
730,-290,0,7.187919730127154
750,-290,0,7.187919730127154
770,-290,0,7.187919730127154
790,-290,0,7.187919730127154
-790,-270,0,7.187919730127154
-770,-270,0,7.187919730127154
-750,-270,0,7.187919730127154
-730,-270,0,7.187919730127154
-710,-270,0,7.187919730127154
-690,-270,0,7.187919730127154
-670,-270,0,7.187919730127154
-650,-270,0,7.187919730127154
-630,-270,0,7.187919730127154
-610,-270,0,7.187919730127154
-590,-270,0,7.187919730127154
-570,-270,0,7.187919730127154
-550,-270,0,7.187919730127154
-530,-270,0,7.187919730127154
-510,-270,0,7.187919730127154
-490,-270,0,7.187919730127154
-470,-270,0,7.187919730127154
-450,-270,0,7.187919730127154
-430,-270,0,7.187919730127154
-410,-270,0,7.187919730127154
-390,-270,0,7.187919730127154
-370,-270,0,7.187919730127154
-350,-270,0,7.187919730127154
-330,-270,0,7.187919730127154
-310,-270,0,7.187919730127154
-290,-270,0,7.187919730127154
-270,-270,0,7.187919730127154
-250,-270,0,7.187919730127154
-230,-270,0,7.187919730127154
-210,-270,0,7.187919730127154
-190,-270,0,7.187919730127154
-170,-270,0,7.187919730127154
-150,-270,0,7.187919730127154
-130,-270,0,7.187919730127154
-110,-270,0,7.187919730127154
-90,-270,0,7.187919730127154
-70,-270,0,7.187919730127154
-50,-270,0,7.187919730127154
-30,-270,0,7.187919730127154
-10,-270,0,7.187919730127154
10,-270,0,7.187919730127154
30,-270,0,7.187919730127154
50,-270,0,7.187919730127154
70,-270,0,7.187919730127154
90,-270,0,7.187919730127154
110,-270,0,7.187919730127154
130,-270,0,7.187919730127154
150,-270,0,7.187919730127154
170,-270,0,7.187919730127154
190,-270,0,7.187919730127154
210,-270,0,7.187919730127154
230,-270,0,7.187919730127154
250,-270,0,7.187919730127154
270,-270,0,7.187919730127154
290,-270,0,7.187919730127154
310,-270,0,7.187919730127154
330,-270,0,7.187919730127154
350,-270,0,7.187919730127154
370,-270,0,7.187919730127154
390,-270,0,7.187919730127154
410,-270,0,7.187919730127154
430,-270,0,7.187919730127154
450,-270,0,7.187919730127154
470,-270,0,7.187919730127154
490,-270,0,7.187919730127154
510,-270,0,7.187919730127154
530,-270,0,7.187919730127154
550,-270,0,7.187919730127154
570,-270,0,7.187919730127154
590,-270,0,7.187919730127154
610,-270,0,7.187919730127154
630,-270,0,7.187919730127154
650,-270,0,7.187919730127154
670,-270,0,7.187919730127154
690,-270,0,7.187919730127154
710,-270,0,7.187919730127154
730,-270,0,7.187919730127154
750,-270,0,7.187919730127154
770,-270,0,7.187919730127154
790,-270,0,7.187919730127154
-790,-250,0,7.187919730127154
-770,-250,0,7.187919730127154
-750,-250,0,7.187919730127154
-730,-250,0,7.187919730127154
-710,-250,0,7.187919730127154
-690,-250,0,7.187919730127154
-670,-250,0,7.187919730127154
-650,-250,0,7.187919730127154
-630,-250,0,7.187919730127154
-610,-250,0,7.187919730127154
-590,-250,0,7.187919730127154
-570,-250,0,7.187919730127154
-550,-250,0,7.187919730127154
-530,-250,0,7.187919730127154
-510,-250,0,7.187919730127154
-490,-250,0,7.187919730127154
-470,-250,0,7.187919730127154
-450,-250,0,7.187919730127154
-430,-250,0,7.187919730127154
-410,-250,0,7.187919730127154
-390,-250,0,7.187919730127154
-370,-250,0,7.187919730127154
-350,-250,0,7.187919730127154
-330,-250,0,7.187919730127154
-310,-250,0,7.187919730127154
-290,-250,0,7.187919730127154
-270,-250,0,7.187919730127154
-250,-250,0,7.187919730127154
-230,-250,0,7.187919730127154
-210,-250,0,7.187919730127154
-190,-250,0,7.187919730127154
-170,-250,0,7.187919730127154
-150,-250,0,7.187919730127154
-130,-250,0,7.187919730127154
-110,-250,0,7.187919730127154
-90,-250,0,7.187919730127154
-70,-250,0,7.187919730127154
-50,-250,0,7.187919730127154
-30,-250,0,7.187919730127154
-10,-250,0,7.187919730127154
10,-250,0,7.187919730127154
30,-250,0,7.187919730127154
50,-250,0,7.187919730127154
70,-250,0,7.187919730127154
90,-250,0,7.187919730127154
110,-250,0,7.187919730127154
130,-250,0,7.187919730127154
150,-250,0,7.187919730127154
170,-250,0,7.187919730127154
190,-250,0,7.187919730127154
210,-250,0,7.187919730127154
230,-250,0,7.187919730127154
250,-250,0,7.187919730127154
270,-250,0,7.187919730127154
290,-250,0,7.187919730127154
310,-250,0,7.187919730127154
330,-250,0,7.187919730127154
350,-250,0,7.187919730127154
370,-250,0,7.187919730127154
390,-250,0,7.187919730127154
410,-250,0,7.187919730127154
430,-250,0,7.187919730127154
450,-250,0,7.187919730127154
470,-250,0,7.187919730127154
490,-250,0,7.187919730127154
510,-250,0,7.187919730127154
530,-250,0,7.187919730127154
550,-250,0,7.187919730127154
570,-250,0,7.187919730127154
590,-250,0,7.187919730127154
610,-250,0,7.187919730127154
630,-250,0,7.187919730127154
650,-250,0,7.187919730127154
670,-250,0,7.187919730127154
690,-250,0,7.187919730127154
710,-250,0,7.187919730127154
730,-250,0,7.187919730127154
750,-250,0,7.187919730127154
770,-250,0,7.187919730127154
790,-250,0,7.187919730127154
-790,-230,0,7.187919730127154
-770,-230,0,7.187919730127154
-750,-230,0,7.187919730127154
-730,-230,0,7.187919730127154
-710,-230,0,7.187919730127154
-690,-230,0,7.187919730127154
-670,-230,0,7.187919730127154
-650,-230,0,7.187919730127154
-630,-230,0,7.187919730127154
-610,-230,0,7.187919730127154
-590,-230,0,7.187919730127154
-570,-230,0,7.187919730127154
-550,-230,0,7.187919730127154
-530,-230,0,7.187919730127154
-510,-230,0,7.187919730127154
-490,-230,0,7.187919730127154
-470,-230,0,7.187919730127154
-450,-230,0,7.187919730127154
-430,-230,0,7.187919730127154
-410,-230,0,7.187919730127154
-390,-230,0,7.187919730127154
-370,-230,0,7.187919730127154
-350,-230,0,7.187919730127154
-330,-230,0,7.187919730127154
-310,-230,0,7.187919730127154
-290,-230,0,7.187919730127154
-270,-230,0,7.187919730127154
-250,-230,0,7.187919730127154
-230,-230,0,7.187919730127154
-210,-230,0,7.187919730127154
-190,-230,0,7.187919730127154
-170,-230,0,7.187919730127154
-150,-230,0,7.187919730127154
-130,-230,0,7.187919730127154
-110,-230,0,7.187919730127154
-90,-230,0,7.187919730127154
-70,-230,0,7.187919730127154
-50,-230,0,7.187919730127154
-30,-230,0,7.187919730127154
-10,-230,0,7.187919730127154
10,-230,0,7.187919730127154
30,-230,0,7.187919730127154
50,-230,0,7.187919730127154
70,-230,0,7.187919730127154
90,-230,0,7.187919730127154
110,-230,0,7.187919730127154
130,-230,0,7.187919730127154
150,-230,0,7.187919730127154
170,-230,0,7.187919730127154
190,-230,0,7.187919730127154
210,-230,0,7.187919730127154
230,-230,0,7.187919730127154
250,-230,0,7.187919730127154
270,-230,0,7.187919730127154
290,-230,0,7.187919730127154
310,-230,0,7.187919730127154
330,-230,0,7.187919730127154
350,-230,0,7.187919730127154
370,-230,0,7.187919730127154
390,-230,0,7.187919730127154
410,-230,0,7.187919730127154
430,-230,0,7.187919730127154
450,-230,0,7.187919730127154
470,-230,0,7.187919730127154
490,-230,0,7.187919730127154
510,-230,0,7.187919730127154
530,-230,0,7.187919730127154
550,-230,0,7.187919730127154
570,-230,0,7.187919730127154
590,-230,0,7.187919730127154
610,-230,0,7.187919730127154
630,-230,0,7.187919730127154
650,-230,0,7.187919730127154
670,-230,0,7.187919730127154
690,-230,0,7.187919730127154
710,-230,0,7.187919730127154
730,-230,0,7.187919730127154
750,-230,0,7.187919730127154
770,-230,0,7.187919730127154
790,-230,0,7.187919730127154
-790,-210,0,7.187919730127154
-770,-210,0,7.187919730127154
-750,-210,0,7.187919730127154
-730,-210,0,7.187919730127154
-710,-210,0,7.187919730127154
-690,-210,0,7.187919730127154
-670,-210,0,7.187919730127154
-650,-210,0,7.187919730127154
-630,-210,0,7.187919730127154
-610,-210,0,7.187919730127154
-590,-210,0,7.187919730127154
-570,-210,0,7.187919730127154
-550,-210,0,7.187919730127154
-530,-210,0,7.187919730127154
-510,-210,0,7.187919730127154
-490,-210,0,7.187919730127154
-470,-210,0,7.187919730127154
-450,-210,0,7.187919730127154
-430,-210,0,7.187919730127154
-410,-210,0,7.187919730127154
-390,-210,0,7.187919730127154
-370,-210,0,7.187919730127154
-350,-210,0,7.187919730127154
-330,-210,0,7.187919730127154
-310,-210,0,7.187919730127154
-290,-210,0,7.187919730127154
-270,-210,0,7.187919730127154
-250,-210,0,7.187919730127154
-230,-210,0,7.187919730127154
-210,-210,0,7.187919730127154
-190,-210,0,7.187919730127154
-170,-210,0,7.187919730127154
-150,-210,0,7.187919730127154
-130,-210,0,7.187919730127154
-110,-210,0,7.187919730127154
-90,-210,0,7.187919730127154
-70,-210,0,7.187919730127154
-50,-210,0,7.187919730127154
-30,-210,0,7.187919730127154
-10,-210,0,7.187919730127154
10,-210,0,7.187919730127154
30,-210,0,7.187919730127154
50,-210,0,7.187919730127154
70,-210,0,7.187919730127154
90,-210,0,7.187919730127154
110,-210,0,7.187919730127154
130,-210,0,7.187919730127154
150,-210,0,7.187919730127154
170,-210,0,7.187919730127154
190,-210,0,7.187919730127154
210,-210,0,7.187919730127154
230,-210,0,7.187919730127154
250,-210,0,7.187919730127154
270,-210,0,7.187919730127154
290,-210,0,7.187919730127154
310,-210,0,7.187919730127154
330,-210,0,7.187919730127154
350,-210,0,7.187919730127154
370,-210,0,7.187919730127154
390,-210,0,7.187919730127154
410,-210,0,7.187919730127154
430,-210,0,7.187919730127154
450,-210,0,7.187919730127154
470,-210,0,7.187919730127154
490,-210,0,7.187919730127154
510,-210,0,7.187919730127154
530,-210,0,7.187919730127154
550,-210,0,7.187919730127154
570,-210,0,7.187919730127154
590,-210,0,7.187919730127154
610,-210,0,7.187919730127154
630,-210,0,7.187919730127154
650,-210,0,7.187919730127154
670,-210,0,7.187919730127154
690,-210,0,7.187919730127154
710,-210,0,7.187919730127154
730,-210,0,7.187919730127154
750,-210,0,7.187919730127154
770,-210,0,7.187919730127154
790,-210,0,7.187919730127154
-790,-190,0,7.187919730127154
-770,-190,0,7.187919730127154
-750,-190,0,7.187919730127154
-730,-190,0,7.187919730127154
-710,-190,0,7.187919730127154
-690,-190,0,7.187919730127154
-670,-190,0,7.187919730127154
-650,-190,0,7.187919730127154
-630,-190,0,7.187919730127154
-610,-190,0,7.187919730127154
-590,-190,0,7.187919730127154
-570,-190,0,7.187919730127154
-550,-190,0,7.187919730127154
-530,-190,0,7.187919730127154
-510,-190,0,7.187919730127154
-490,-190,0,7.187919730127154
-470,-190,0,7.187919730127154
-450,-190,0,7.187919730127154
-430,-190,0,7.187919730127154
-410,-190,0,7.187919730127154
-390,-190,0,7.187919730127154
-370,-190,0,7.187919730127154
-350,-190,0,7.187919730127154
-330,-190,0,7.187919730127154
-310,-190,0,7.187919730127154
-290,-190,0,7.187919730127154
-270,-190,0,7.187919730127154
-250,-190,0,7.187919730127154
-230,-190,0,7.187919730127154
-210,-190,0,7.187919730127154
-190,-190,0,7.187919730127154
-170,-190,0,7.187919730127154
-150,-190,0,7.187919730127154
-130,-190,0,7.187919730127154
-110,-190,0,7.187919730127154
-90,-190,0,7.187919730127154
-70,-190,0,7.187919730127154
-50,-190,0,7.187919730127154
-30,-190,0,7.187919730127154
-10,-190,0,7.187919730127154
10,-190,0,7.187919730127154
30,-190,0,7.187919730127154
50,-190,0,7.187919730127154
70,-190,0,7.187919730127154
90,-190,0,7.187919730127154
110,-190,0,7.187919730127154
130,-190,0,7.187919730127154
150,-190,0,7.187919730127154
170,-190,0,7.187919730127154
190,-190,0,7.187919730127154
210,-190,0,7.187919730127154
230,-190,0,7.187919730127154
250,-190,0,7.187919730127154
270,-190,0,7.187919730127154
290,-190,0,7.187919730127154
310,-190,0,7.187919730127154
330,-190,0,7.187919730127154
350,-190,0,7.187919730127154
370,-190,0,7.187919730127154
390,-190,0,7.187919730127154
410,-190,0,7.187919730127154
430,-190,0,7.187919730127154
450,-190,0,7.187919730127154
470,-190,0,7.187919730127154
490,-190,0,7.187919730127154
510,-190,0,7.187919730127154
530,-190,0,7.187919730127154
550,-190,0,7.187919730127154
570,-190,0,7.187919730127154
590,-190,0,7.187919730127154
610,-190,0,7.187919730127154
630,-190,0,7.187919730127154
650,-190,0,7.187919730127154
670,-190,0,7.187919730127154
690,-190,0,7.187919730127154
710,-190,0,7.187919730127154
730,-190,0,7.187919730127154
750,-190,0,7.187919730127154
770,-190,0,7.187919730127154
790,-190,0,7.187919730127154
-790,-170,0,7.187919730127154
-770,-170,0,7.187919730127154
-750,-170,0,7.187919730127154
-730,-170,0,7.187919730127154
-710,-170,0,7.187919730127154
-690,-170,0,7.187919730127154
-670,-170,0,7.187919730127154
-650,-170,0,7.187919730127154
-630,-170,0,7.187919730127154
-610,-170,0,7.187919730127154
-590,-170,0,7.187919730127154
-570,-170,0,7.187919730127154
-550,-170,0,7.187919730127154
-530,-170,0,7.187919730127154
-510,-170,0,7.187919730127154
-490,-170,0,7.187919730127154
-470,-170,0,7.187919730127154
-450,-170,0,7.187919730127154
-430,-170,0,7.187919730127154
-410,-170,0,7.187919730127154
-390,-170,0,7.187919730127154
-370,-170,0,7.187919730127154
-350,-170,0,7.187919730127154
-330,-170,0,7.187919730127154
-310,-170,0,7.187919730127154
-290,-170,0,7.187919730127154
-270,-170,0,7.187919730127154
-250,-170,0,7.187919730127154
-230,-170,0,7.187919730127154
-210,-170,0,7.187919730127154
-190,-170,0,7.187919730127154
-170,-170,0,7.187919730127154
-150,-170,0,7.187919730127154
-130,-170,0,7.187919730127154
-110,-170,0,7.187919730127154
-90,-170,0,7.187919730127154
-70,-170,0,7.187919730127154
-50,-170,0,7.187919730127154
-30,-170,0,7.187919730127154
-10,-170,0,7.187919730127154
10,-170,0,7.187919730127154
30,-170,0,7.187919730127154
50,-170,0,7.187919730127154
70,-170,0,7.187919730127154
90,-170,0,7.187919730127154
110,-170,0,7.187919730127154
130,-170,0,7.187919730127154
150,-170,0,7.187919730127154
170,-170,0,7.187919730127154
190,-170,0,7.187919730127154
210,-170,0,7.187919730127154
230,-170,0,7.187919730127154
250,-170,0,7.187919730127154
270,-170,0,7.187919730127154
290,-170,0,7.187919730127154
310,-170,0,7.187919730127154
330,-170,0,7.187919730127154
350,-170,0,7.187919730127154
370,-170,0,7.187919730127154
390,-170,0,7.187919730127154
410,-170,0,7.187919730127154
430,-170,0,7.187919730127154
450,-170,0,7.187919730127154
470,-170,0,7.187919730127154
490,-170,0,7.187919730127154
510,-170,0,7.187919730127154
530,-170,0,7.187919730127154
550,-170,0,7.187919730127154
570,-170,0,7.187919730127154
590,-170,0,7.187919730127154
610,-170,0,7.187919730127154
630,-170,0,7.187919730127154
650,-170,0,7.187919730127154
670,-170,0,7.187919730127154
690,-170,0,7.187919730127154
710,-170,0,7.187919730127154
730,-170,0,7.187919730127154
750,-170,0,7.187919730127154
770,-170,0,7.187919730127154
790,-170,0,7.187919730127154
-790,-150,0,7.187919730127154
-770,-150,0,7.187919730127154
-750,-150,0,7.187919730127154
-730,-150,0,7.187919730127154
-710,-150,0,7.187919730127154
-690,-150,0,7.187919730127154
-670,-150,0,7.187919730127154
-650,-150,0,7.187919730127154
-630,-150,0,7.187919730127154
-610,-150,0,7.187919730127154
-590,-150,0,7.187919730127154
-570,-150,0,7.187919730127154
-550,-150,0,7.187919730127154
-530,-150,0,7.187919730127154
-510,-150,0,7.187919730127154
-490,-150,0,7.187919730127154
-470,-150,0,7.187919730127154
-450,-150,0,7.187919730127154
-430,-150,0,7.187919730127154
-410,-150,0,7.187919730127154
-390,-150,0,7.187919730127154
-370,-150,0,7.187919730127154
-350,-150,0,7.187919730127154
-330,-150,0,7.187919730127154
-310,-150,0,7.187919730127154
-290,-150,0,7.187919730127154
-270,-150,0,7.187919730127154
-250,-150,0,7.187919730127154
-230,-150,0,7.187919730127154
-210,-150,0,7.187919730127154
-190,-150,0,7.187919730127154
-170,-150,0,7.187919730127154
-150,-150,0,7.187919730127154
-130,-150,0,7.187919730127154
-110,-150,0,7.187919730127154
-90,-150,0,7.187919730127154
-70,-150,0,7.187919730127154
-50,-150,0,7.187919730127154
-30,-150,0,7.187919730127154
-10,-150,0,7.187919730127154
10,-150,0,7.187919730127154
30,-150,0,7.187919730127154
50,-150,0,7.187919730127154
70,-150,0,7.187919730127154
90,-150,0,7.187919730127154
110,-150,0,7.187919730127154
130,-150,0,7.187919730127154
150,-150,0,7.187919730127154
170,-150,0,7.187919730127154
190,-150,0,7.187919730127154
210,-150,0,7.187919730127154
230,-150,0,7.187919730127154
250,-150,0,7.187919730127154
270,-150,0,7.187919730127154
290,-150,0,7.187919730127154
310,-150,0,7.187919730127154
330,-150,0,7.187919730127154
350,-150,0,7.187919730127154
370,-150,0,7.187919730127154
390,-150,0,7.187919730127154
410,-150,0,7.187919730127154
430,-150,0,7.187919730127154
450,-150,0,7.187919730127154
470,-150,0,7.187919730127154
490,-150,0,7.187919730127154
510,-150,0,7.187919730127154
530,-150,0,7.187919730127154
550,-150,0,7.187919730127154
570,-150,0,7.187919730127154
590,-150,0,7.187919730127154
610,-150,0,7.187919730127154
630,-150,0,7.187919730127154
650,-150,0,7.187919730127154
670,-150,0,7.187919730127154
690,-150,0,7.187919730127154
710,-150,0,7.187919730127154
730,-150,0,7.187919730127154
750,-150,0,7.187919730127154
770,-150,0,7.187919730127154
790,-150,0,7.187919730127154
-790,-130,0,7.187919730127154
-770,-130,0,7.187919730127154
-750,-130,0,7.187919730127154
-730,-130,0,7.187919730127154
-710,-130,0,7.187919730127154
-690,-130,0,7.187919730127154
-670,-130,0,7.187919730127154
-650,-130,0,7.187919730127154
-630,-130,0,7.187919730127154
-610,-130,0,7.187919730127154
-590,-130,0,7.187919730127154
-570,-130,0,7.187919730127154
-550,-130,0,7.187919730127154
-530,-130,0,7.187919730127154
-510,-130,0,7.187919730127154
-490,-130,0,7.187919730127154
-470,-130,0,7.187919730127154
-450,-130,0,7.187919730127154
-430,-130,0,7.187919730127154
-410,-130,0,7.187919730127154
-390,-130,0,7.187919730127154
-370,-130,0,7.187919730127154
-350,-130,0,7.187919730127154
-330,-130,0,7.187919730127154
-310,-130,0,7.187919730127154
-290,-130,0,7.187919730127154
-270,-130,0,7.187919730127154
-250,-130,0,7.187919730127154
-230,-130,0,7.187919730127154
-210,-130,0,7.187919730127154
-190,-130,0,7.187919730127154
-170,-130,0,7.187919730127154
-150,-130,0,7.187919730127154
-130,-130,0,7.187919730127154
-110,-130,0,7.187919730127154
-90,-130,0,7.187919730127154
-70,-130,0,7.187919730127154
-50,-130,0,7.187919730127154
-30,-130,0,7.187919730127154
-10,-130,0,7.187919730127154
10,-130,0,7.187919730127154
30,-130,0,7.187919730127154
50,-130,0,7.187919730127154
70,-130,0,7.187919730127154
90,-130,0,7.187919730127154
110,-130,0,7.187919730127154
130,-130,0,7.187919730127154
150,-130,0,7.187919730127154
170,-130,0,7.187919730127154
190,-130,0,7.187919730127154
210,-130,0,7.187919730127154
230,-130,0,7.187919730127154
250,-130,0,7.187919730127154
270,-130,0,7.187919730127154
290,-130,0,7.187919730127154
310,-130,0,7.187919730127154
330,-130,0,7.187919730127154
350,-130,0,7.187919730127154
370,-130,0,7.187919730127154
390,-130,0,7.187919730127154
410,-130,0,7.187919730127154
430,-130,0,7.187919730127154
450,-130,0,7.187919730127154
470,-130,0,7.187919730127154
490,-130,0,7.187919730127154
510,-130,0,7.187919730127154
530,-130,0,7.187919730127154
550,-130,0,7.187919730127154
570,-130,0,7.187919730127154
590,-130,0,7.187919730127154
610,-130,0,7.187919730127154
630,-130,0,7.187919730127154
650,-130,0,7.187919730127154
670,-130,0,7.187919730127154
690,-130,0,7.187919730127154
710,-130,0,7.187919730127154
730,-130,0,7.187919730127154
750,-130,0,7.187919730127154
770,-130,0,7.187919730127154
790,-130,0,7.187919730127154
-790,-110,0,7.187919730127154
-770,-110,0,7.187919730127154
-750,-110,0,7.187919730127154
-730,-110,0,7.187919730127154
-710,-110,0,7.187919730127154
-690,-110,0,7.187919730127154
-670,-110,0,7.187919730127154
-650,-110,0,7.187919730127154
-630,-110,0,7.187919730127154
-610,-110,0,7.187919730127154
-590,-110,0,7.187919730127154
-570,-110,0,7.187919730127154
-550,-110,0,7.187919730127154
-530,-110,0,7.187919730127154
-510,-110,0,7.187919730127154
-490,-110,0,7.187919730127154
-470,-110,0,7.187919730127154
-450,-110,0,7.187919730127154
-430,-110,0,7.187919730127154
-410,-110,0,7.187919730127154
-390,-110,0,7.187919730127154
-370,-110,0,7.187919730127154
-350,-110,0,7.187919730127154
-330,-110,0,7.187919730127154
-310,-110,0,7.187919730127154
-290,-110,0,7.187919730127154
-270,-110,0,7.187919730127154
-250,-110,0,7.187919730127154
-230,-110,0,7.187919730127154
-210,-110,0,7.187919730127154
-190,-110,0,7.187919730127154
-170,-110,0,7.187919730127154
-150,-110,0,7.187919730127154
-130,-110,0,7.187919730127154
-110,-110,0,7.187919730127154
-90,-110,0,7.187919730127154
-70,-110,0,7.187919730127154
-50,-110,0,7.187919730127154
-30,-110,0,7.187919730127154
-10,-110,0,7.187919730127154
10,-110,0,7.187919730127154
30,-110,0,7.187919730127154
50,-110,0,7.187919730127154
70,-110,0,7.187919730127154
90,-110,0,7.187919730127154
110,-110,0,7.187919730127154
130,-110,0,7.187919730127154
150,-110,0,7.187919730127154
170,-110,0,7.187919730127154
190,-110,0,7.187919730127154
210,-110,0,7.187919730127154
230,-110,0,7.187919730127154
250,-110,0,7.187919730127154
270,-110,0,7.187919730127154
290,-110,0,7.187919730127154
310,-110,0,7.187919730127154
330,-110,0,7.187919730127154
350,-110,0,7.187919730127154
370,-110,0,7.187919730127154
390,-110,0,7.187919730127154
410,-110,0,7.187919730127154
430,-110,0,7.187919730127154
450,-110,0,7.187919730127154
470,-110,0,7.187919730127154
490,-110,0,7.187919730127154
510,-110,0,7.187919730127154
530,-110,0,7.187919730127154
550,-110,0,7.187919730127154
570,-110,0,7.187919730127154
590,-110,0,7.187919730127154
610,-110,0,7.187919730127154
630,-110,0,7.187919730127154
650,-110,0,7.187919730127154
670,-110,0,7.187919730127154
690,-110,0,7.187919730127154
710,-110,0,7.187919730127154
730,-110,0,7.187919730127154
750,-110,0,7.187919730127154
770,-110,0,7.187919730127154
790,-110,0,7.187919730127154
-790,-90,0,7.187919730127154
-770,-90,0,7.187919730127154
-750,-90,0,7.187919730127154
-730,-90,0,7.187919730127154
-710,-90,0,7.187919730127154
-690,-90,0,7.187919730127154
-670,-90,0,7.187919730127154
-650,-90,0,7.187919730127154
-630,-90,0,7.187919730127154
-610,-90,0,7.187919730127154
-590,-90,0,7.187919730127154
-570,-90,0,7.187919730127154
-550,-90,0,7.187919730127154
-530,-90,0,7.187919730127154
-510,-90,0,7.187919730127154
-490,-90,0,7.187919730127154
-470,-90,0,7.187919730127154
-450,-90,0,7.187919730127154
-430,-90,0,7.187919730127154
-410,-90,0,7.187919730127154
-390,-90,0,7.187919730127154
-370,-90,0,7.187919730127154
-350,-90,0,7.187919730127154
-330,-90,0,7.187919730127154
-310,-90,0,7.187919730127154
-290,-90,0,7.187919730127154
-270,-90,0,7.187919730127154
-250,-90,0,7.187919730127154
-230,-90,0,7.187919730127154
-210,-90,0,7.187919730127154
-190,-90,0,7.187919730127154
-170,-90,0,7.187919730127154
-150,-90,0,7.187919730127154
-130,-90,0,7.187919730127154
-110,-90,0,7.187919730127154
-90,-90,0,7.187919730127154
-70,-90,0,7.187919730127154
-50,-90,0,7.187919730127154
-30,-90,0,7.187919730127154
-10,-90,0,7.187919730127154
10,-90,0,7.187919730127154
30,-90,0,7.187919730127154
50,-90,0,7.187919730127154
70,-90,0,7.187919730127154
90,-90,0,7.187919730127154
110,-90,0,7.187919730127154
130,-90,0,7.187919730127154
150,-90,0,7.187919730127154
170,-90,0,7.187919730127154
190,-90,0,7.187919730127154
210,-90,0,7.187919730127154
230,-90,0,7.187919730127154
250,-90,0,7.187919730127154
270,-90,0,7.187919730127154
290,-90,0,7.187919730127154
310,-90,0,7.187919730127154
330,-90,0,7.187919730127154
350,-90,0,7.187919730127154
370,-90,0,7.187919730127154
390,-90,0,7.187919730127154
410,-90,0,7.187919730127154
430,-90,0,7.187919730127154
450,-90,0,7.187919730127154
470,-90,0,7.187919730127154
490,-90,0,7.187919730127154
510,-90,0,7.187919730127154
530,-90,0,7.187919730127154
550,-90,0,7.187919730127154
570,-90,0,7.187919730127154
590,-90,0,7.187919730127154
610,-90,0,7.187919730127154
630,-90,0,7.187919730127154
650,-90,0,7.187919730127154
670,-90,0,7.187919730127154
690,-90,0,7.187919730127154
710,-90,0,7.187919730127154
730,-90,0,7.187919730127154
750,-90,0,7.187919730127154
770,-90,0,7.187919730127154
790,-90,0,7.187919730127154
-790,-70,0,7.187919730127154
-770,-70,0,7.187919730127154
-750,-70,0,7.187919730127154
-730,-70,0,7.187919730127154
-710,-70,0,7.187919730127154
-690,-70,0,7.187919730127154
-670,-70,0,7.187919730127154
-650,-70,0,7.187919730127154
-630,-70,0,7.187919730127154
-610,-70,0,7.187919730127154
-590,-70,0,7.187919730127154
-570,-70,0,7.187919730127154
-550,-70,0,7.187919730127154
-530,-70,0,7.187919730127154
-510,-70,0,7.187919730127154
-490,-70,0,7.187919730127154
-470,-70,0,7.187919730127154
-450,-70,0,7.187919730127154
-430,-70,0,7.187919730127154
-410,-70,0,7.187919730127154
-390,-70,0,7.187919730127154
-370,-70,0,7.187919730127154
-350,-70,0,7.187919730127154
-330,-70,0,7.187919730127154
-310,-70,0,7.187919730127154
-290,-70,0,7.187919730127154
-270,-70,0,7.187919730127154
-250,-70,0,7.187919730127154
-230,-70,0,7.187919730127154
-210,-70,0,7.187919730127154
-190,-70,0,7.187919730127154
-170,-70,0,7.187919730127154
-150,-70,0,7.187919730127154
-130,-70,0,7.187919730127154
-110,-70,0,7.187919730127154
-90,-70,0,7.187919730127154
-70,-70,0,7.187919730127154
-50,-70,0,7.187919730127154
-30,-70,0,7.187919730127154
-10,-70,0,7.187919730127154
10,-70,0,7.187919730127154
30,-70,0,7.187919730127154
50,-70,0,7.187919730127154
70,-70,0,7.187919730127154
90,-70,0,7.187919730127154
110,-70,0,7.187919730127154
130,-70,0,7.187919730127154
150,-70,0,7.187919730127154
170,-70,0,7.187919730127154
190,-70,0,7.187919730127154
210,-70,0,7.187919730127154
230,-70,0,7.187919730127154
250,-70,0,7.187919730127154
270,-70,0,7.187919730127154
290,-70,0,7.187919730127154
310,-70,0,7.187919730127154
330,-70,0,7.187919730127154
350,-70,0,7.187919730127154
370,-70,0,7.187919730127154
390,-70,0,7.187919730127154
410,-70,0,7.187919730127154
430,-70,0,7.187919730127154
450,-70,0,7.187919730127154
470,-70,0,7.187919730127154
490,-70,0,7.187919730127154
510,-70,0,7.187919730127154
530,-70,0,7.187919730127154
550,-70,0,7.187919730127154
570,-70,0,7.187919730127154
590,-70,0,7.187919730127154
610,-70,0,7.187919730127154
630,-70,0,7.187919730127154
650,-70,0,7.187919730127154
670,-70,0,7.187919730127154
690,-70,0,7.187919730127154
710,-70,0,7.187919730127154
730,-70,0,7.187919730127154
750,-70,0,7.187919730127154
770,-70,0,7.187919730127154
790,-70,0,7.187919730127154
-790,-50,0,7.187919730127154
-770,-50,0,7.187919730127154
-750,-50,0,7.187919730127154
-730,-50,0,7.187919730127154
-710,-50,0,7.187919730127154
-690,-50,0,7.187919730127154
-670,-50,0,7.187919730127154
-650,-50,0,7.187919730127154
-630,-50,0,7.187919730127154
-610,-50,0,7.187919730127154
-590,-50,0,7.187919730127154
-570,-50,0,7.187919730127154
-550,-50,0,7.187919730127154
-530,-50,0,7.187919730127154
-510,-50,0,7.187919730127154
-490,-50,0,7.187919730127154
-470,-50,0,7.187919730127154
-450,-50,0,7.187919730127154
-430,-50,0,7.187919730127154
-410,-50,0,7.187919730127154
-390,-50,0,7.187919730127154
-370,-50,0,7.187919730127154
-350,-50,0,7.187919730127154
-330,-50,0,7.187919730127154
-310,-50,0,7.187919730127154
-290,-50,0,7.187919730127154
-270,-50,0,7.187919730127154
-250,-50,0,7.187919730127154
-230,-50,0,7.187919730127154
-210,-50,0,7.187919730127154
-190,-50,0,7.187919730127154
-170,-50,0,7.187919730127154
-150,-50,0,7.187919730127154
-130,-50,0,7.187919730127154
-110,-50,0,7.187919730127154
-90,-50,0,7.187919730127154
-70,-50,0,7.187919730127154
-50,-50,0,7.187919730127154
-30,-50,0,7.187919730127154
-10,-50,0,7.187919730127154
10,-50,0,7.187919730127154
30,-50,0,7.187919730127154
50,-50,0,7.187919730127154
70,-50,0,7.187919730127154
90,-50,0,7.187919730127154
110,-50,0,7.187919730127154
130,-50,0,7.187919730127154
150,-50,0,7.187919730127154
170,-50,0,7.187919730127154
190,-50,0,7.187919730127154
210,-50,0,7.187919730127154
230,-50,0,7.187919730127154
250,-50,0,7.187919730127154
270,-50,0,7.187919730127154
290,-50,0,7.187919730127154
310,-50,0,7.187919730127154
330,-50,0,7.187919730127154
350,-50,0,7.187919730127154
370,-50,0,7.187919730127154
390,-50,0,7.187919730127154
410,-50,0,7.187919730127154
430,-50,0,7.187919730127154
450,-50,0,7.187919730127154
470,-50,0,7.187919730127154
490,-50,0,7.187919730127154
510,-50,0,7.187919730127154
530,-50,0,7.187919730127154
550,-50,0,7.187919730127154
570,-50,0,7.187919730127154
590,-50,0,7.187919730127154
610,-50,0,7.187919730127154
630,-50,0,7.187919730127154
650,-50,0,7.187919730127154
670,-50,0,7.187919730127154
690,-50,0,7.187919730127154
710,-50,0,7.187919730127154
730,-50,0,7.187919730127154
750,-50,0,7.187919730127154
770,-50,0,7.187919730127154
790,-50,0,7.187919730127154
-790,-30,0,7.187919730127154
-770,-30,0,7.187919730127154
-750,-30,0,7.187919730127154
-730,-30,0,7.187919730127154
-710,-30,0,7.187919730127154
-690,-30,0,7.187919730127154
-670,-30,0,7.187919730127154
-650,-30,0,7.187919730127154
-630,-30,0,7.187919730127154
-610,-30,0,7.187919730127154
-590,-30,0,7.187919730127154
-570,-30,0,7.187919730127154
-550,-30,0,7.187919730127154
-530,-30,0,7.187919730127154
-510,-30,0,7.187919730127154
-490,-30,0,7.187919730127154
-470,-30,0,7.187919730127154
-450,-30,0,7.187919730127154
-430,-30,0,7.187919730127154
-410,-30,0,7.187919730127154
-390,-30,0,7.187919730127154
-370,-30,0,7.187919730127154
-350,-30,0,7.187919730127154
-330,-30,0,7.187919730127154
-310,-30,0,7.187919730127154
-290,-30,0,7.187919730127154
-270,-30,0,7.187919730127154
-250,-30,0,7.187919730127154
-230,-30,0,7.187919730127154
-210,-30,0,7.187919730127154
-190,-30,0,7.187919730127154
-170,-30,0,7.187919730127154
-150,-30,0,7.187919730127154
-130,-30,0,7.187919730127154
-110,-30,0,7.187919730127154
-90,-30,0,7.187919730127154
-70,-30,0,7.187919730127154
-50,-30,0,7.187919730127154
-30,-30,0,7.187919730127154
-10,-30,0,7.187919730127154
10,-30,0,7.187919730127154
30,-30,0,7.187919730127154
50,-30,0,7.187919730127154
70,-30,0,7.187919730127154
90,-30,0,7.187919730127154
110,-30,0,7.187919730127154
130,-30,0,7.187919730127154
150,-30,0,7.187919730127154
170,-30,0,7.187919730127154
190,-30,0,7.187919730127154
210,-30,0,7.187919730127154
230,-30,0,7.187919730127154
250,-30,0,7.187919730127154
270,-30,0,7.187919730127154
290,-30,0,7.187919730127154
310,-30,0,7.187919730127154
330,-30,0,7.187919730127154
350,-30,0,7.187919730127154
370,-30,0,7.187919730127154
390,-30,0,7.187919730127154
410,-30,0,7.187919730127154
430,-30,0,7.187919730127154
450,-30,0,7.187919730127154
470,-30,0,7.187919730127154
490,-30,0,7.187919730127154
510,-30,0,7.187919730127154
530,-30,0,7.187919730127154
550,-30,0,7.187919730127154
570,-30,0,7.187919730127154
590,-30,0,7.187919730127154
610,-30,0,7.187919730127154
630,-30,0,7.187919730127154
650,-30,0,7.187919730127154
670,-30,0,7.187919730127154
690,-30,0,7.187919730127154
710,-30,0,7.187919730127154
730,-30,0,7.187919730127154
750,-30,0,7.187919730127154
770,-30,0,7.187919730127154
790,-30,0,7.187919730127154
-790,-10,0,7.187919730127154
-770,-10,0,7.187919730127154
-750,-10,0,7.187919730127154
-730,-10,0,7.187919730127154
-710,-10,0,7.187919730127154
-690,-10,0,7.187919730127154
-670,-10,0,7.187919730127154
-650,-10,0,7.187919730127154
-630,-10,0,7.187919730127154
-610,-10,0,7.187919730127154
-590,-10,0,7.187919730127154
-570,-10,0,7.187919730127154
-550,-10,0,7.187919730127154
-530,-10,0,7.187919730127154
-510,-10,0,7.187919730127154
-490,-10,0,7.187919730127154
-470,-10,0,7.187919730127154
-450,-10,0,7.187919730127154
-430,-10,0,7.187919730127154
-410,-10,0,7.187919730127154
-390,-10,0,7.187919730127154
-370,-10,0,7.187919730127154
-350,-10,0,7.187919730127154
-330,-10,0,7.187919730127154
-310,-10,0,7.187919730127154
-290,-10,0,7.187919730127154
-270,-10,0,7.187919730127154
-250,-10,0,7.187919730127154
-230,-10,0,7.187919730127154
-210,-10,0,7.187919730127154
-190,-10,0,7.187919730127154
-170,-10,0,7.187919730127154
-150,-10,0,7.187919730127154
-130,-10,0,7.187919730127154
-110,-10,0,7.187919730127154
-90,-10,0,7.187919730127154
-70,-10,0,7.187919730127154
-50,-10,0,7.187919730127154
-30,-10,0,7.187919730127154
-10,-10,0,7.187919730127154
10,-10,0,7.187919730127154
30,-10,0,7.187919730127154
50,-10,0,7.187919730127154
70,-10,0,7.187919730127154
90,-10,0,7.187919730127154
110,-10,0,7.187919730127154
130,-10,0,7.187919730127154
150,-10,0,7.187919730127154
170,-10,0,7.187919730127154
190,-10,0,7.187919730127154
210,-10,0,7.187919730127154
230,-10,0,7.187919730127154
250,-10,0,7.187919730127154
270,-10,0,7.187919730127154
290,-10,0,7.187919730127154
310,-10,0,7.187919730127154
330,-10,0,7.187919730127154
350,-10,0,7.187919730127154
370,-10,0,7.187919730127154
390,-10,0,7.187919730127154
410,-10,0,7.187919730127154
430,-10,0,7.187919730127154
450,-10,0,7.187919730127154
470,-10,0,7.187919730127154
490,-10,0,7.187919730127154
510,-10,0,7.187919730127154
530,-10,0,7.187919730127154
550,-10,0,7.187919730127154
570,-10,0,7.187919730127154
590,-10,0,7.187919730127154
610,-10,0,7.187919730127154
630,-10,0,7.187919730127154
650,-10,0,7.187919730127154
670,-10,0,7.187919730127154
690,-10,0,7.187919730127154
710,-10,0,7.187919730127154
730,-10,0,7.187919730127154
750,-10,0,7.187919730127154
770,-10,0,7.187919730127154
790,-10,0,7.187919730127154
-790,10,0,7.187919730127154
-770,10,0,7.187919730127154
-750,10,0,7.187919730127154
-730,10,0,7.187919730127154
-710,10,0,7.187919730127154
-690,10,0,7.187919730127154
-670,10,0,7.187919730127154
-650,10,0,7.187919730127154
-630,10,0,7.187919730127154
-610,10,0,7.187919730127154
-590,10,0,7.187919730127154
-570,10,0,7.187919730127154
-550,10,0,7.187919730127154
-530,10,0,7.187919730127154
-510,10,0,7.187919730127154
-490,10,0,7.187919730127154
-470,10,0,7.187919730127154
-450,10,0,7.187919730127154
-430,10,0,7.187919730127154
-410,10,0,7.187919730127154
-390,10,0,7.187919730127154
-370,10,0,7.187919730127154
-350,10,0,7.187919730127154
-330,10,0,7.187919730127154
-310,10,0,7.187919730127154
-290,10,0,7.187919730127154
-270,10,0,7.187919730127154
-250,10,0,7.187919730127154
-230,10,0,7.187919730127154
-210,10,0,7.187919730127154
-190,10,0,7.187919730127154
-170,10,0,7.187919730127154
-150,10,0,7.187919730127154
-130,10,0,7.187919730127154
-110,10,0,7.187919730127154
-90,10,0,7.187919730127154
-70,10,0,7.187919730127154
-50,10,0,7.187919730127154
-30,10,0,7.187919730127154
-10,10,0,7.187919730127154
10,10,0,7.187919730127154
30,10,0,7.187919730127154
50,10,0,7.187919730127154
70,10,0,7.187919730127154
90,10,0,7.187919730127154
110,10,0,7.187919730127154
130,10,0,7.187919730127154
150,10,0,7.187919730127154
170,10,0,7.187919730127154
190,10,0,7.187919730127154
210,10,0,7.187919730127154
230,10,0,7.187919730127154
250,10,0,7.187919730127154
270,10,0,7.187919730127154
290,10,0,7.187919730127154
310,10,0,7.187919730127154
330,10,0,7.187919730127154
350,10,0,7.187919730127154
370,10,0,7.187919730127154
390,10,0,7.187919730127154
410,10,0,7.187919730127154
430,10,0,7.187919730127154
450,10,0,7.187919730127154
470,10,0,7.187919730127154
490,10,0,7.187919730127154
510,10,0,7.187919730127154
530,10,0,7.187919730127154
550,10,0,7.187919730127154
570,10,0,7.187919730127154
590,10,0,7.187919730127154
610,10,0,7.187919730127154
630,10,0,7.187919730127154
650,10,0,7.187919730127154
670,10,0,7.187919730127154
690,10,0,7.187919730127154
710,10,0,7.187919730127154
730,10,0,7.187919730127154
750,10,0,7.187919730127154
770,10,0,7.187919730127154
790,10,0,7.187919730127154
-790,30,0,7.187919730127154
-770,30,0,7.187919730127154
-750,30,0,7.187919730127154
-730,30,0,7.187919730127154
-710,30,0,7.187919730127154
-690,30,0,7.187919730127154
-670,30,0,7.187919730127154
-650,30,0,7.187919730127154
-630,30,0,7.187919730127154
-610,30,0,7.187919730127154
-590,30,0,7.187919730127154
-570,30,0,7.187919730127154
-550,30,0,7.187919730127154
-530,30,0,7.187919730127154
-510,30,0,7.187919730127154
-490,30,0,7.187919730127154
-470,30,0,7.187919730127154
-450,30,0,7.187919730127154
-430,30,0,7.187919730127154
-410,30,0,7.187919730127154
-390,30,0,7.187919730127154
-370,30,0,7.187919730127154
-350,30,0,7.187919730127154
-330,30,0,7.187919730127154
-310,30,0,7.187919730127154
-290,30,0,7.187919730127154
-270,30,0,7.187919730127154
-250,30,0,7.187919730127154
-230,30,0,7.187919730127154
-210,30,0,7.187919730127154
-190,30,0,7.187919730127154
-170,30,0,7.187919730127154
-150,30,0,7.187919730127154
-130,30,0,7.187919730127154
-110,30,0,7.187919730127154
-90,30,0,7.187919730127154
-70,30,0,7.187919730127154
-50,30,0,7.187919730127154
-30,30,0,7.187919730127154
-10,30,0,7.187919730127154
10,30,0,7.187919730127154
30,30,0,7.187919730127154
50,30,0,7.187919730127154
70,30,0,7.187919730127154
90,30,0,7.187919730127154
110,30,0,7.187919730127154
130,30,0,7.187919730127154
150,30,0,7.187919730127154
170,30,0,7.187919730127154
190,30,0,7.187919730127154
210,30,0,7.187919730127154
230,30,0,7.187919730127154
250,30,0,7.187919730127154
270,30,0,7.187919730127154
290,30,0,7.187919730127154
310,30,0,7.187919730127154
330,30,0,7.187919730127154
350,30,0,7.187919730127154
370,30,0,7.187919730127154
390,30,0,7.187919730127154
410,30,0,7.187919730127154
430,30,0,7.187919730127154
450,30,0,7.187919730127154
470,30,0,7.187919730127154
490,30,0,7.187919730127154
510,30,0,7.187919730127154
530,30,0,7.187919730127154
550,30,0,7.187919730127154
570,30,0,7.187919730127154
590,30,0,7.187919730127154
610,30,0,7.187919730127154
630,30,0,7.187919730127154
650,30,0,7.187919730127154
670,30,0,7.187919730127154
690,30,0,7.187919730127154
710,30,0,7.187919730127154
730,30,0,7.187919730127154
750,30,0,7.187919730127154
770,30,0,7.187919730127154
790,30,0,7.187919730127154
-790,50,0,7.187919730127154
-770,50,0,7.187919730127154
-750,50,0,7.187919730127154
-730,50,0,7.187919730127154
-710,50,0,7.187919730127154
-690,50,0,7.187919730127154
-670,50,0,7.187919730127154
-650,50,0,7.187919730127154
-630,50,0,7.187919730127154
-610,50,0,7.187919730127154
-590,50,0,7.187919730127154
-570,50,0,7.187919730127154
-550,50,0,7.187919730127154
-530,50,0,7.187919730127154
-510,50,0,7.187919730127154
-490,50,0,7.187919730127154
-470,50,0,7.187919730127154
-450,50,0,7.187919730127154
-430,50,0,7.187919730127154
-410,50,0,7.187919730127154
-390,50,0,7.187919730127154
-370,50,0,7.187919730127154
-350,50,0,7.187919730127154
-330,50,0,7.187919730127154
-310,50,0,7.187919730127154
-290,50,0,7.187919730127154
-270,50,0,7.187919730127154
-250,50,0,7.187919730127154
-230,50,0,7.187919730127154
-210,50,0,7.187919730127154
-190,50,0,7.187919730127154
-170,50,0,7.187919730127154
-150,50,0,7.187919730127154
-130,50,0,7.187919730127154
-110,50,0,7.187919730127154
-90,50,0,7.187919730127154
-70,50,0,7.187919730127154
-50,50,0,7.187919730127154
-30,50,0,7.187919730127154
-10,50,0,7.187919730127154
10,50,0,7.187919730127154
30,50,0,7.187919730127154
50,50,0,7.187919730127154
70,50,0,7.187919730127154
90,50,0,7.187919730127154
110,50,0,7.187919730127154
130,50,0,7.187919730127154
150,50,0,7.187919730127154
170,50,0,7.187919730127154
190,50,0,7.187919730127154
210,50,0,7.187919730127154
230,50,0,7.187919730127154
250,50,0,7.187919730127154
270,50,0,7.187919730127154
290,50,0,7.187919730127154
310,50,0,7.187919730127154
330,50,0,7.187919730127154
350,50,0,7.187919730127154
370,50,0,7.187919730127154
390,50,0,7.187919730127154
410,50,0,7.187919730127154
430,50,0,7.187919730127154
450,50,0,7.187919730127154
470,50,0,7.187919730127154
490,50,0,7.187919730127154
510,50,0,7.187919730127154
530,50,0,7.187919730127154
550,50,0,7.187919730127154
570,50,0,7.187919730127154
590,50,0,7.187919730127154
610,50,0,7.187919730127154
630,50,0,7.187919730127154
650,50,0,7.187919730127154
670,50,0,7.187919730127154
690,50,0,7.187919730127154
710,50,0,7.187919730127154
730,50,0,7.187919730127154
750,50,0,7.187919730127154
770,50,0,7.187919730127154
790,50,0,7.187919730127154
-790,70,0,7.187919730127154
-770,70,0,7.187919730127154
-750,70,0,7.187919730127154
-730,70,0,7.187919730127154
-710,70,0,7.187919730127154
-690,70,0,7.187919730127154
-670,70,0,7.187919730127154
-650,70,0,7.187919730127154
-630,70,0,7.187919730127154
-610,70,0,7.187919730127154
-590,70,0,7.187919730127154
-570,70,0,7.187919730127154
-550,70,0,7.187919730127154
-530,70,0,7.187919730127154
-510,70,0,7.187919730127154
-490,70,0,7.187919730127154
-470,70,0,7.187919730127154
-450,70,0,7.187919730127154
-430,70,0,7.187919730127154
-410,70,0,7.187919730127154
-390,70,0,7.187919730127154
-370,70,0,7.187919730127154
-350,70,0,7.187919730127154
-330,70,0,7.187919730127154
-310,70,0,7.187919730127154
-290,70,0,7.187919730127154
-270,70,0,7.187919730127154
-250,70,0,7.187919730127154
-230,70,0,7.187919730127154
-210,70,0,7.187919730127154
-190,70,0,7.187919730127154
-170,70,0,7.187919730127154
-150,70,0,7.187919730127154
-130,70,0,7.187919730127154
-110,70,0,7.187919730127154
-90,70,0,7.187919730127154
-70,70,0,7.187919730127154
-50,70,0,7.187919730127154
-30,70,0,7.187919730127154
-10,70,0,7.187919730127154
10,70,0,7.187919730127154
30,70,0,7.187919730127154
50,70,0,7.187919730127154
70,70,0,7.187919730127154
90,70,0,7.187919730127154
110,70,0,7.187919730127154
130,70,0,7.187919730127154
150,70,0,7.187919730127154
170,70,0,7.187919730127154
190,70,0,7.187919730127154
210,70,0,7.187919730127154
230,70,0,7.187919730127154
250,70,0,7.187919730127154
270,70,0,7.187919730127154
290,70,0,7.187919730127154
310,70,0,7.187919730127154
330,70,0,7.187919730127154
350,70,0,7.187919730127154
370,70,0,7.187919730127154
390,70,0,7.187919730127154
410,70,0,7.187919730127154
430,70,0,7.187919730127154
450,70,0,7.187919730127154
470,70,0,7.187919730127154
490,70,0,7.187919730127154
510,70,0,7.187919730127154
530,70,0,7.187919730127154
550,70,0,7.187919730127154
570,70,0,7.187919730127154
590,70,0,7.187919730127154
610,70,0,7.187919730127154
630,70,0,7.187919730127154
650,70,0,7.187919730127154
670,70,0,7.187919730127154
690,70,0,7.187919730127154
710,70,0,7.187919730127154
730,70,0,7.187919730127154
750,70,0,7.187919730127154
770,70,0,7.187919730127154
790,70,0,7.187919730127154
-790,90,0,7.187919730127154
-770,90,0,7.187919730127154
-750,90,0,7.187919730127154
-730,90,0,7.187919730127154
-710,90,0,7.187919730127154
-690,90,0,7.187919730127154
-670,90,0,7.187919730127154
-650,90,0,7.187919730127154
-630,90,0,7.187919730127154
-610,90,0,7.187919730127154
-590,90,0,7.187919730127154
-570,90,0,7.187919730127154
-550,90,0,7.187919730127154
-530,90,0,7.187919730127154
-510,90,0,7.187919730127154
-490,90,0,7.187919730127154
-470,90,0,7.187919730127154
-450,90,0,7.187919730127154
-430,90,0,7.187919730127154
-410,90,0,7.187919730127154
-390,90,0,7.187919730127154
-370,90,0,7.187919730127154
-350,90,0,7.187919730127154
-330,90,0,7.187919730127154
-310,90,0,7.187919730127154
-290,90,0,7.187919730127154
-270,90,0,7.187919730127154
-250,90,0,7.187919730127154
-230,90,0,7.187919730127154
-210,90,0,7.187919730127154
-190,90,0,7.187919730127154
-170,90,0,7.187919730127154
-150,90,0,7.187919730127154
-130,90,0,7.187919730127154
-110,90,0,7.187919730127154
-90,90,0,7.187919730127154
-70,90,0,7.187919730127154
-50,90,0,7.187919730127154
-30,90,0,7.187919730127154
-10,90,0,7.187919730127154
10,90,0,7.187919730127154
30,90,0,7.187919730127154
50,90,0,7.187919730127154
70,90,0,7.187919730127154
90,90,0,7.187919730127154
110,90,0,7.187919730127154
130,90,0,7.187919730127154
150,90,0,7.187919730127154
170,90,0,7.187919730127154
190,90,0,7.187919730127154
210,90,0,7.187919730127154
230,90,0,7.187919730127154
250,90,0,7.187919730127154
270,90,0,7.187919730127154
290,90,0,7.187919730127154
310,90,0,7.187919730127154
330,90,0,7.187919730127154
350,90,0,7.187919730127154
370,90,0,7.187919730127154
390,90,0,7.187919730127154
410,90,0,7.187919730127154
430,90,0,7.187919730127154
450,90,0,7.187919730127154
470,90,0,7.187919730127154
490,90,0,7.187919730127154
510,90,0,7.187919730127154
530,90,0,7.187919730127154
550,90,0,7.187919730127154
570,90,0,7.187919730127154
590,90,0,7.187919730127154
610,90,0,7.187919730127154
630,90,0,7.187919730127154
650,90,0,7.187919730127154
670,90,0,7.187919730127154
690,90,0,7.187919730127154
710,90,0,7.187919730127154
730,90,0,7.187919730127154
750,90,0,7.187919730127154
770,90,0,7.187919730127154
790,90,0,7.187919730127154
-790,110,0,7.187919730127154
-770,110,0,7.187919730127154
-750,110,0,7.187919730127154
-730,110,0,7.187919730127154
-710,110,0,7.187919730127154
-690,110,0,7.187919730127154
-670,110,0,7.187919730127154
-650,110,0,7.187919730127154
-630,110,0,7.187919730127154
-610,110,0,7.187919730127154
-590,110,0,7.187919730127154
-570,110,0,7.187919730127154
-550,110,0,7.187919730127154
-530,110,0,7.187919730127154
-510,110,0,7.187919730127154
-490,110,0,7.187919730127154
-470,110,0,7.187919730127154
-450,110,0,7.187919730127154
-430,110,0,7.187919730127154
-410,110,0,7.187919730127154
-390,110,0,7.187919730127154
-370,110,0,7.187919730127154
-350,110,0,7.187919730127154
-330,110,0,7.187919730127154
-310,110,0,7.187919730127154
-290,110,0,7.187919730127154
-270,110,0,7.187919730127154
-250,110,0,7.187919730127154
-230,110,0,7.187919730127154
-210,110,0,7.187919730127154
-190,110,0,7.187919730127154
-170,110,0,7.187919730127154
-150,110,0,7.187919730127154
-130,110,0,7.187919730127154
-110,110,0,7.187919730127154
-90,110,0,7.187919730127154
-70,110,0,7.187919730127154
-50,110,0,7.187919730127154
-30,110,0,7.187919730127154
-10,110,0,7.187919730127154
10,110,0,7.187919730127154
30,110,0,7.187919730127154
50,110,0,7.187919730127154
70,110,0,7.187919730127154
90,110,0,7.187919730127154
110,110,0,7.187919730127154
130,110,0,7.187919730127154
150,110,0,7.187919730127154
170,110,0,7.187919730127154
190,110,0,7.187919730127154
210,110,0,7.187919730127154
230,110,0,7.187919730127154
250,110,0,7.187919730127154
270,110,0,7.187919730127154
290,110,0,7.187919730127154
310,110,0,7.187919730127154
330,110,0,7.187919730127154
350,110,0,7.187919730127154
370,110,0,7.187919730127154
390,110,0,7.187919730127154
410,110,0,7.187919730127154
430,110,0,7.187919730127154
450,110,0,7.187919730127154
470,110,0,7.187919730127154
490,110,0,7.187919730127154
510,110,0,7.187919730127154
530,110,0,7.187919730127154
550,110,0,7.187919730127154
570,110,0,7.187919730127154
590,110,0,7.187919730127154
610,110,0,7.187919730127154
630,110,0,7.187919730127154
650,110,0,7.187919730127154
670,110,0,7.187919730127154
690,110,0,7.187919730127154
710,110,0,7.187919730127154
730,110,0,7.187919730127154
750,110,0,7.187919730127154
770,110,0,7.187919730127154
790,110,0,7.187919730127154
-790,130,0,7.187919730127154
-770,130,0,7.187919730127154
-750,130,0,7.187919730127154
-730,130,0,7.187919730127154
-710,130,0,7.187919730127154
-690,130,0,7.187919730127154
-670,130,0,7.187919730127154
-650,130,0,7.187919730127154
-630,130,0,7.187919730127154
-610,130,0,7.187919730127154
-590,130,0,7.187919730127154
-570,130,0,7.187919730127154
-550,130,0,7.187919730127154
-530,130,0,7.187919730127154
-510,130,0,7.187919730127154
-490,130,0,7.187919730127154
-470,130,0,7.187919730127154
-450,130,0,7.187919730127154
-430,130,0,7.187919730127154
-410,130,0,7.187919730127154
-390,130,0,7.187919730127154
-370,130,0,7.187919730127154
-350,130,0,7.187919730127154
-330,130,0,7.187919730127154
-310,130,0,7.187919730127154
-290,130,0,7.187919730127154
-270,130,0,7.187919730127154
-250,130,0,7.187919730127154
-230,130,0,7.187919730127154
-210,130,0,7.187919730127154
-190,130,0,7.187919730127154
-170,130,0,7.187919730127154
-150,130,0,7.187919730127154
-130,130,0,7.187919730127154
-110,130,0,7.187919730127154
-90,130,0,7.187919730127154
-70,130,0,7.187919730127154
-50,130,0,7.187919730127154
-30,130,0,7.187919730127154
-10,130,0,7.187919730127154
10,130,0,7.187919730127154
30,130,0,7.187919730127154
50,130,0,7.187919730127154
70,130,0,7.187919730127154
90,130,0,7.187919730127154
110,130,0,7.187919730127154
130,130,0,7.187919730127154
150,130,0,7.187919730127154
170,130,0,7.187919730127154
190,130,0,7.187919730127154
210,130,0,7.187919730127154
230,130,0,7.187919730127154
250,130,0,7.187919730127154
270,130,0,7.187919730127154
290,130,0,7.187919730127154
310,130,0,7.187919730127154
330,130,0,7.187919730127154
350,130,0,7.187919730127154
370,130,0,7.187919730127154
390,130,0,7.187919730127154
410,130,0,7.187919730127154
430,130,0,7.187919730127154
450,130,0,7.187919730127154
470,130,0,7.187919730127154
490,130,0,7.187919730127154
510,130,0,7.187919730127154
530,130,0,7.187919730127154
550,130,0,7.187919730127154
570,130,0,7.187919730127154
590,130,0,7.187919730127154
610,130,0,7.187919730127154
630,130,0,7.187919730127154
650,130,0,7.187919730127154
670,130,0,7.187919730127154
690,130,0,7.187919730127154
710,130,0,7.187919730127154
730,130,0,7.187919730127154
750,130,0,7.187919730127154
770,130,0,7.187919730127154
790,130,0,7.187919730127154
-790,150,0,7.187919730127154
-770,150,0,7.187919730127154
-750,150,0,7.187919730127154
-730,150,0,7.187919730127154
-710,150,0,7.187919730127154
-690,150,0,7.187919730127154
-670,150,0,7.187919730127154
-650,150,0,7.187919730127154
-630,150,0,7.187919730127154
-610,150,0,7.187919730127154
-590,150,0,7.187919730127154
-570,150,0,7.187919730127154
-550,150,0,7.187919730127154
-530,150,0,7.187919730127154
-510,150,0,7.187919730127154
-490,150,0,7.187919730127154
-470,150,0,7.187919730127154
-450,150,0,7.187919730127154
-430,150,0,7.187919730127154
-410,150,0,7.187919730127154
-390,150,0,7.187919730127154
-370,150,0,7.187919730127154
-350,150,0,7.187919730127154
-330,150,0,7.187919730127154
-310,150,0,7.187919730127154
-290,150,0,7.187919730127154
-270,150,0,7.187919730127154
-250,150,0,7.187919730127154
-230,150,0,7.187919730127154
-210,150,0,7.187919730127154
-190,150,0,7.187919730127154
-170,150,0,7.187919730127154
-150,150,0,7.187919730127154
-130,150,0,7.187919730127154
-110,150,0,7.187919730127154
-90,150,0,7.187919730127154
-70,150,0,7.187919730127154
-50,150,0,7.187919730127154
-30,150,0,7.187919730127154
-10,150,0,7.187919730127154
10,150,0,7.187919730127154
30,150,0,7.187919730127154
50,150,0,7.187919730127154
70,150,0,7.187919730127154
90,150,0,7.187919730127154
110,150,0,7.187919730127154
130,150,0,7.187919730127154
150,150,0,7.187919730127154
170,150,0,7.187919730127154
190,150,0,7.187919730127154
210,150,0,7.187919730127154
230,150,0,7.187919730127154
250,150,0,7.187919730127154
270,150,0,7.187919730127154
290,150,0,7.187919730127154
310,150,0,7.187919730127154
330,150,0,7.187919730127154
350,150,0,7.187919730127154
370,150,0,7.187919730127154
390,150,0,7.187919730127154
410,150,0,7.187919730127154
430,150,0,7.187919730127154
450,150,0,7.187919730127154
470,150,0,7.187919730127154
490,150,0,7.187919730127154
510,150,0,7.187919730127154
530,150,0,7.187919730127154
550,150,0,7.187919730127154
570,150,0,7.187919730127154
590,150,0,7.187919730127154
610,150,0,7.187919730127154
630,150,0,7.187919730127154
650,150,0,7.187919730127154
670,150,0,7.187919730127154
690,150,0,7.187919730127154
710,150,0,7.187919730127154
730,150,0,7.187919730127154
750,150,0,7.187919730127154
770,150,0,7.187919730127154
790,150,0,7.187919730127154
-790,170,0,7.187919730127154
-770,170,0,7.187919730127154
-750,170,0,7.187919730127154
-730,170,0,7.187919730127154
-710,170,0,7.187919730127154
-690,170,0,7.187919730127154
-670,170,0,7.187919730127154
-650,170,0,7.187919730127154
-630,170,0,7.187919730127154
-610,170,0,7.187919730127154
-590,170,0,7.187919730127154
-570,170,0,7.187919730127154
-550,170,0,7.187919730127154
-530,170,0,7.187919730127154
-510,170,0,7.187919730127154
-490,170,0,7.187919730127154
-470,170,0,7.187919730127154
-450,170,0,7.187919730127154
-430,170,0,7.187919730127154
-410,170,0,7.187919730127154
-390,170,0,7.187919730127154
-370,170,0,7.187919730127154
-350,170,0,7.187919730127154
-330,170,0,7.187919730127154
-310,170,0,7.187919730127154
-290,170,0,7.187919730127154
-270,170,0,7.187919730127154
-250,170,0,7.187919730127154
-230,170,0,7.187919730127154
-210,170,0,7.187919730127154
-190,170,0,7.187919730127154
-170,170,0,7.187919730127154
-150,170,0,7.187919730127154
-130,170,0,7.187919730127154
-110,170,0,7.187919730127154
-90,170,0,7.187919730127154
-70,170,0,7.187919730127154
-50,170,0,7.187919730127154
-30,170,0,7.187919730127154
-10,170,0,7.187919730127154
10,170,0,7.187919730127154
30,170,0,7.187919730127154
50,170,0,7.187919730127154
70,170,0,7.187919730127154
90,170,0,7.187919730127154
110,170,0,7.187919730127154
130,170,0,7.187919730127154
150,170,0,7.187919730127154
170,170,0,7.187919730127154
190,170,0,7.187919730127154
210,170,0,7.187919730127154
230,170,0,7.187919730127154
250,170,0,7.187919730127154
270,170,0,7.187919730127154
290,170,0,7.187919730127154
310,170,0,7.187919730127154
330,170,0,7.187919730127154
350,170,0,7.187919730127154
370,170,0,7.187919730127154
390,170,0,7.187919730127154
410,170,0,7.187919730127154
430,170,0,7.187919730127154
450,170,0,7.187919730127154
470,170,0,7.187919730127154
490,170,0,7.187919730127154
510,170,0,7.187919730127154
530,170,0,7.187919730127154
550,170,0,7.187919730127154
570,170,0,7.187919730127154
590,170,0,7.187919730127154
610,170,0,7.187919730127154
630,170,0,7.187919730127154
650,170,0,7.187919730127154
670,170,0,7.187919730127154
690,170,0,7.187919730127154
710,170,0,7.187919730127154
730,170,0,7.187919730127154
750,170,0,7.187919730127154
770,170,0,7.187919730127154
790,170,0,7.187919730127154
-790,190,0,7.187919730127154
-770,190,0,7.187919730127154
-750,190,0,7.187919730127154
-730,190,0,7.187919730127154
-710,190,0,7.187919730127154
-690,190,0,7.187919730127154
-670,190,0,7.187919730127154
-650,190,0,7.187919730127154
-630,190,0,7.187919730127154
-610,190,0,7.187919730127154
-590,190,0,7.187919730127154
-570,190,0,7.187919730127154
-550,190,0,7.187919730127154
-530,190,0,7.187919730127154
-510,190,0,7.187919730127154
-490,190,0,7.187919730127154
-470,190,0,7.187919730127154
-450,190,0,7.187919730127154
-430,190,0,7.187919730127154
-410,190,0,7.187919730127154
-390,190,0,7.187919730127154
-370,190,0,7.187919730127154
-350,190,0,7.187919730127154
-330,190,0,7.187919730127154
-310,190,0,7.187919730127154
-290,190,0,7.187919730127154
-270,190,0,7.187919730127154
-250,190,0,7.187919730127154
-230,190,0,7.187919730127154
-210,190,0,7.187919730127154
-190,190,0,7.187919730127154
-170,190,0,7.187919730127154
-150,190,0,7.187919730127154
-130,190,0,7.187919730127154
-110,190,0,7.187919730127154
-90,190,0,7.187919730127154
-70,190,0,7.187919730127154
-50,190,0,7.187919730127154
-30,190,0,7.187919730127154
-10,190,0,7.187919730127154
10,190,0,7.187919730127154
30,190,0,7.187919730127154
50,190,0,7.187919730127154
70,190,0,7.187919730127154
90,190,0,7.187919730127154
110,190,0,7.187919730127154
130,190,0,7.187919730127154
150,190,0,7.187919730127154
170,190,0,7.187919730127154
190,190,0,7.187919730127154
210,190,0,7.187919730127154
230,190,0,7.187919730127154
250,190,0,7.187919730127154
270,190,0,7.187919730127154
290,190,0,7.187919730127154
310,190,0,7.187919730127154
330,190,0,7.187919730127154
350,190,0,7.187919730127154
370,190,0,7.187919730127154
390,190,0,7.187919730127154
410,190,0,7.187919730127154
430,190,0,7.187919730127154
450,190,0,7.187919730127154
470,190,0,7.187919730127154
490,190,0,7.187919730127154
510,190,0,7.187919730127154
530,190,0,7.187919730127154
550,190,0,7.187919730127154
570,190,0,7.187919730127154
590,190,0,7.187919730127154
610,190,0,7.187919730127154
630,190,0,7.187919730127154
650,190,0,7.187919730127154
670,190,0,7.187919730127154
690,190,0,7.187919730127154
710,190,0,7.187919730127154
730,190,0,7.187919730127154
750,190,0,7.187919730127154
770,190,0,7.187919730127154
790,190,0,7.187919730127154
-790,210,0,7.187919730127154
-770,210,0,7.187919730127154
-750,210,0,7.187919730127154
-730,210,0,7.187919730127154
-710,210,0,7.187919730127154
-690,210,0,7.187919730127154
-670,210,0,7.187919730127154
-650,210,0,7.187919730127154
-630,210,0,7.187919730127154
-610,210,0,7.187919730127154
-590,210,0,7.187919730127154
-570,210,0,7.187919730127154
-550,210,0,7.187919730127154
-530,210,0,7.187919730127154
-510,210,0,7.187919730127154
-490,210,0,7.187919730127154
-470,210,0,7.187919730127154
-450,210,0,7.187919730127154
-430,210,0,7.187919730127154
-410,210,0,7.187919730127154
-390,210,0,7.187919730127154
-370,210,0,7.187919730127154
-350,210,0,7.187919730127154
-330,210,0,7.187919730127154
-310,210,0,7.187919730127154
-290,210,0,7.187919730127154
-270,210,0,7.187919730127154
-250,210,0,7.187919730127154
-230,210,0,7.187919730127154
-210,210,0,7.187919730127154
-190,210,0,7.187919730127154
-170,210,0,7.187919730127154
-150,210,0,7.187919730127154
-130,210,0,7.187919730127154
-110,210,0,7.187919730127154
-90,210,0,7.187919730127154
-70,210,0,7.187919730127154
-50,210,0,7.187919730127154
-30,210,0,7.187919730127154
-10,210,0,7.187919730127154
10,210,0,7.187919730127154
30,210,0,7.187919730127154
50,210,0,7.187919730127154
70,210,0,7.187919730127154
90,210,0,7.187919730127154
110,210,0,7.187919730127154
130,210,0,7.187919730127154
150,210,0,7.187919730127154
170,210,0,7.187919730127154
190,210,0,7.187919730127154
210,210,0,7.187919730127154
230,210,0,7.187919730127154
250,210,0,7.187919730127154
270,210,0,7.187919730127154
290,210,0,7.187919730127154
310,210,0,7.187919730127154
330,210,0,7.187919730127154
350,210,0,7.187919730127154
370,210,0,7.187919730127154
390,210,0,7.187919730127154
410,210,0,7.187919730127154
430,210,0,7.187919730127154
450,210,0,7.187919730127154
470,210,0,7.187919730127154
490,210,0,7.187919730127154
510,210,0,7.187919730127154
530,210,0,7.187919730127154
550,210,0,7.187919730127154
570,210,0,7.187919730127154
590,210,0,7.187919730127154
610,210,0,7.187919730127154
630,210,0,7.187919730127154
650,210,0,7.187919730127154
670,210,0,7.187919730127154
690,210,0,7.187919730127154
710,210,0,7.187919730127154
730,210,0,7.187919730127154
750,210,0,7.187919730127154
770,210,0,7.187919730127154
790,210,0,7.187919730127154
-790,230,0,7.187919730127154
-770,230,0,7.187919730127154
-750,230,0,7.187919730127154
-730,230,0,7.187919730127154
-710,230,0,7.187919730127154
-690,230,0,7.187919730127154
-670,230,0,7.187919730127154
-650,230,0,7.187919730127154
-630,230,0,7.187919730127154
-610,230,0,7.187919730127154
-590,230,0,7.187919730127154
-570,230,0,7.187919730127154
-550,230,0,7.187919730127154
-530,230,0,7.187919730127154
-510,230,0,7.187919730127154
-490,230,0,7.187919730127154
-470,230,0,7.187919730127154
-450,230,0,7.187919730127154
-430,230,0,7.187919730127154
-410,230,0,7.187919730127154
-390,230,0,7.187919730127154
-370,230,0,7.187919730127154
-350,230,0,7.187919730127154
-330,230,0,7.187919730127154
-310,230,0,7.187919730127154
-290,230,0,7.187919730127154
-270,230,0,7.187919730127154
-250,230,0,7.187919730127154
-230,230,0,7.187919730127154
-210,230,0,7.187919730127154
-190,230,0,7.187919730127154
-170,230,0,7.187919730127154
-150,230,0,7.187919730127154
-130,230,0,7.187919730127154
-110,230,0,7.187919730127154
-90,230,0,7.187919730127154
-70,230,0,7.187919730127154
-50,230,0,7.187919730127154
-30,230,0,7.187919730127154
-10,230,0,7.187919730127154
10,230,0,7.187919730127154
30,230,0,7.187919730127154
50,230,0,7.187919730127154
70,230,0,7.187919730127154
90,230,0,7.187919730127154
110,230,0,7.187919730127154
130,230,0,7.187919730127154
150,230,0,7.187919730127154
170,230,0,7.187919730127154
190,230,0,7.187919730127154
210,230,0,7.187919730127154
230,230,0,7.187919730127154
250,230,0,7.187919730127154
270,230,0,7.187919730127154
290,230,0,7.187919730127154
310,230,0,7.187919730127154
330,230,0,7.187919730127154
350,230,0,7.187919730127154
370,230,0,7.187919730127154
390,230,0,7.187919730127154
410,230,0,7.187919730127154
430,230,0,7.187919730127154
450,230,0,7.187919730127154
470,230,0,7.187919730127154
490,230,0,7.187919730127154
510,230,0,7.187919730127154
530,230,0,7.187919730127154
550,230,0,7.187919730127154
570,230,0,7.187919730127154
590,230,0,7.187919730127154
610,230,0,7.187919730127154
630,230,0,7.187919730127154
650,230,0,7.187919730127154
670,230,0,7.187919730127154
690,230,0,7.187919730127154
710,230,0,7.187919730127154
730,230,0,7.187919730127154
750,230,0,7.187919730127154
770,230,0,7.187919730127154
790,230,0,7.187919730127154
-790,250,0,7.187919730127154
-770,250,0,7.187919730127154
-750,250,0,7.187919730127154
-730,250,0,7.187919730127154
-710,250,0,7.187919730127154
-690,250,0,7.187919730127154
-670,250,0,7.187919730127154
-650,250,0,7.187919730127154
-630,250,0,7.187919730127154
-610,250,0,7.187919730127154
-590,250,0,7.187919730127154
-570,250,0,7.187919730127154
-550,250,0,7.187919730127154
-530,250,0,7.187919730127154
-510,250,0,7.187919730127154
-490,250,0,7.187919730127154
-470,250,0,7.187919730127154
-450,250,0,7.187919730127154
-430,250,0,7.187919730127154
-410,250,0,7.187919730127154
-390,250,0,7.187919730127154
-370,250,0,7.187919730127154
-350,250,0,7.187919730127154
-330,250,0,7.187919730127154
-310,250,0,7.187919730127154
-290,250,0,7.187919730127154
-270,250,0,7.187919730127154
-250,250,0,7.187919730127154
-230,250,0,7.187919730127154
-210,250,0,7.187919730127154
-190,250,0,7.187919730127154
-170,250,0,7.187919730127154
-150,250,0,7.187919730127154
-130,250,0,7.187919730127154
-110,250,0,7.187919730127154
-90,250,0,7.187919730127154
-70,250,0,7.187919730127154
-50,250,0,7.187919730127154
-30,250,0,7.187919730127154
-10,250,0,7.187919730127154
10,250,0,7.187919730127154
30,250,0,7.187919730127154
50,250,0,7.187919730127154
70,250,0,7.187919730127154
90,250,0,7.187919730127154
110,250,0,7.187919730127154
130,250,0,7.187919730127154
150,250,0,7.187919730127154
170,250,0,7.187919730127154
190,250,0,7.187919730127154
210,250,0,7.187919730127154
230,250,0,7.187919730127154
250,250,0,7.187919730127154
270,250,0,7.187919730127154
290,250,0,7.187919730127154
310,250,0,7.187919730127154
330,250,0,7.187919730127154
350,250,0,7.187919730127154
370,250,0,7.187919730127154
390,250,0,7.187919730127154
410,250,0,7.187919730127154
430,250,0,7.187919730127154
450,250,0,7.187919730127154
470,250,0,7.187919730127154
490,250,0,7.187919730127154
510,250,0,7.187919730127154
530,250,0,7.187919730127154
550,250,0,7.187919730127154
570,250,0,7.187919730127154
590,250,0,7.187919730127154
610,250,0,7.187919730127154
630,250,0,7.187919730127154
650,250,0,7.187919730127154
670,250,0,7.187919730127154
690,250,0,7.187919730127154
710,250,0,7.187919730127154
730,250,0,7.187919730127154
750,250,0,7.187919730127154
770,250,0,7.187919730127154
790,250,0,7.187919730127154
-790,270,0,7.187919730127154
-770,270,0,7.187919730127154
-750,270,0,7.187919730127154
-730,270,0,7.187919730127154
-710,270,0,7.187919730127154
-690,270,0,7.187919730127154
-670,270,0,7.187919730127154
-650,270,0,7.187919730127154
-630,270,0,7.187919730127154
-610,270,0,7.187919730127154
-590,270,0,7.187919730127154
-570,270,0,7.187919730127154
-550,270,0,7.187919730127154
-530,270,0,7.187919730127154
-510,270,0,7.187919730127154
-490,270,0,7.187919730127154
-470,270,0,7.187919730127154
-450,270,0,7.187919730127154
-430,270,0,7.187919730127154
-410,270,0,7.187919730127154
-390,270,0,7.187919730127154
-370,270,0,7.187919730127154
-350,270,0,7.187919730127154
-330,270,0,7.187919730127154
-310,270,0,7.187919730127154
-290,270,0,7.187919730127154
-270,270,0,7.187919730127154
-250,270,0,7.187919730127154
-230,270,0,7.187919730127154
-210,270,0,7.187919730127154
-190,270,0,7.187919730127154
-170,270,0,7.187919730127154
-150,270,0,7.187919730127154
-130,270,0,7.187919730127154
-110,270,0,7.187919730127154
-90,270,0,7.187919730127154
-70,270,0,7.187919730127154
-50,270,0,7.187919730127154
-30,270,0,7.187919730127154
-10,270,0,7.187919730127154
10,270,0,7.187919730127154
30,270,0,7.187919730127154
50,270,0,7.187919730127154
70,270,0,7.187919730127154
90,270,0,7.187919730127154
110,270,0,7.187919730127154
130,270,0,7.187919730127154
150,270,0,7.187919730127154
170,270,0,7.187919730127154
190,270,0,7.187919730127154
210,270,0,7.187919730127154
230,270,0,7.187919730127154
250,270,0,7.187919730127154
270,270,0,7.187919730127154
290,270,0,7.187919730127154
310,270,0,7.187919730127154
330,270,0,7.187919730127154
350,270,0,7.187919730127154
370,270,0,7.187919730127154
390,270,0,7.187919730127154
410,270,0,7.187919730127154
430,270,0,7.187919730127154
450,270,0,7.187919730127154
470,270,0,7.187919730127154
490,270,0,7.187919730127154
510,270,0,7.187919730127154
530,270,0,7.187919730127154
550,270,0,7.187919730127154
570,270,0,7.187919730127154
590,270,0,7.187919730127154
610,270,0,7.187919730127154
630,270,0,7.187919730127154
650,270,0,7.187919730127154
670,270,0,7.187919730127154
690,270,0,7.187919730127154
710,270,0,7.187919730127154
730,270,0,7.187919730127154
750,270,0,7.187919730127154
770,270,0,7.187919730127154
790,270,0,7.187919730127154
-790,290,0,7.187919730127154
-770,290,0,7.187919730127154
-750,290,0,7.187919730127154
-730,290,0,7.187919730127154
-710,290,0,7.187919730127154
-690,290,0,7.187919730127154
-670,290,0,7.187919730127154
-650,290,0,7.187919730127154
-630,290,0,7.187919730127154
-610,290,0,7.187919730127154
-590,290,0,7.187919730127154
-570,290,0,7.187919730127154
-550,290,0,7.187919730127154
-530,290,0,7.187919730127154
-510,290,0,7.187919730127154
-490,290,0,7.187919730127154
-470,290,0,7.187919730127154
-450,290,0,7.187919730127154
-430,290,0,7.187919730127154
-410,290,0,7.187919730127154
-390,290,0,7.187919730127154
-370,290,0,7.187919730127154
-350,290,0,7.187919730127154
-330,290,0,7.187919730127154
-310,290,0,7.187919730127154
-290,290,0,7.187919730127154
-270,290,0,7.187919730127154
-250,290,0,7.187919730127154
-230,290,0,7.187919730127154
-210,290,0,7.187919730127154
-190,290,0,7.187919730127154
-170,290,0,7.187919730127154
-150,290,0,7.187919730127154
-130,290,0,7.187919730127154
-110,290,0,7.187919730127154
-90,290,0,7.187919730127154
-70,290,0,7.187919730127154
-50,290,0,7.187919730127154
-30,290,0,7.187919730127154
-10,290,0,7.187919730127154
10,290,0,7.187919730127154
30,290,0,7.187919730127154
50,290,0,7.187919730127154
70,290,0,7.187919730127154
90,290,0,7.187919730127154
110,290,0,7.187919730127154
130,290,0,7.187919730127154
150,290,0,7.187919730127154
170,290,0,7.187919730127154
190,290,0,7.187919730127154
210,290,0,7.187919730127154
230,290,0,7.187919730127154
250,290,0,7.187919730127154
270,290,0,7.187919730127154
290,290,0,7.187919730127154
310,290,0,7.187919730127154
330,290,0,7.187919730127154
350,290,0,7.187919730127154
370,290,0,7.187919730127154
390,290,0,7.187919730127154
410,290,0,7.187919730127154
430,290,0,7.187919730127154
450,290,0,7.187919730127154
470,290,0,7.187919730127154
490,290,0,7.187919730127154
510,290,0,7.187919730127154
530,290,0,7.187919730127154
550,290,0,7.187919730127154
570,290,0,7.187919730127154
590,290,0,7.187919730127154
610,290,0,7.187919730127154
630,290,0,7.187919730127154
650,290,0,7.187919730127154
670,290,0,7.187919730127154
690,290,0,7.187919730127154
710,290,0,7.187919730127154
730,290,0,7.187919730127154
750,290,0,7.187919730127154
770,290,0,7.187919730127154
790,290,0,7.187919730127154
-790,310,0,7.187919730127154
-770,310,0,7.187919730127154
-750,310,0,7.187919730127154
-730,310,0,7.187919730127154
-710,310,0,7.187919730127154
-690,310,0,7.187919730127154
-670,310,0,7.187919730127154
-650,310,0,7.187919730127154
-630,310,0,7.187919730127154
-610,310,0,7.187919730127154
-590,310,0,7.187919730127154
-570,310,0,7.187919730127154
-550,310,0,7.187919730127154
-530,310,0,7.187919730127154
-510,310,0,7.187919730127154
-490,310,0,7.187919730127154
-470,310,0,7.187919730127154
-450,310,0,7.187919730127154
-430,310,0,7.187919730127154
-410,310,0,7.187919730127154
-390,310,0,7.187919730127154
-370,310,0,7.187919730127154
-350,310,0,7.187919730127154
-330,310,0,7.187919730127154
-310,310,0,7.187919730127154
-290,310,0,7.187919730127154
-270,310,0,7.187919730127154
-250,310,0,7.187919730127154
-230,310,0,7.187919730127154
-210,310,0,7.187919730127154
-190,310,0,7.187919730127154
-170,310,0,7.187919730127154
-150,310,0,7.187919730127154
-130,310,0,7.187919730127154
-110,310,0,7.187919730127154
-90,310,0,7.187919730127154
-70,310,0,7.187919730127154
-50,310,0,7.187919730127154
-30,310,0,7.187919730127154
-10,310,0,7.187919730127154
10,310,0,7.187919730127154
30,310,0,7.187919730127154
50,310,0,7.187919730127154
70,310,0,7.187919730127154
90,310,0,7.187919730127154
110,310,0,7.187919730127154
130,310,0,7.187919730127154
150,310,0,7.187919730127154
170,310,0,7.187919730127154
190,310,0,7.187919730127154
210,310,0,7.187919730127154
230,310,0,7.187919730127154
250,310,0,7.187919730127154
270,310,0,7.187919730127154
290,310,0,7.187919730127154
310,310,0,7.187919730127154
330,310,0,7.187919730127154
350,310,0,7.187919730127154
370,310,0,7.187919730127154
390,310,0,7.187919730127154
410,310,0,7.187919730127154
430,310,0,7.187919730127154
450,310,0,7.187919730127154
470,310,0,7.187919730127154
490,310,0,7.187919730127154
510,310,0,7.187919730127154
530,310,0,7.187919730127154
550,310,0,7.187919730127154
570,310,0,7.187919730127154
590,310,0,7.187919730127154
610,310,0,7.187919730127154
630,310,0,7.187919730127154
650,310,0,7.187919730127154
670,310,0,7.187919730127154
690,310,0,7.187919730127154
710,310,0,7.187919730127154
730,310,0,7.187919730127154
750,310,0,7.187919730127154
770,310,0,7.187919730127154
790,310,0,7.187919730127154
-790,330,0,7.187919730127154
-770,330,0,7.187919730127154
-750,330,0,7.187919730127154
-730,330,0,7.187919730127154
-710,330,0,7.187919730127154
-690,330,0,7.187919730127154
-670,330,0,7.187919730127154
-650,330,0,7.187919730127154
-630,330,0,7.187919730127154
-610,330,0,7.187919730127154
-590,330,0,7.187919730127154
-570,330,0,7.187919730127154
-550,330,0,7.187919730127154
-530,330,0,7.187919730127154
-510,330,0,7.187919730127154
-490,330,0,7.187919730127154
-470,330,0,7.187919730127154
-450,330,0,7.187919730127154
-430,330,0,7.187919730127154
-410,330,0,7.187919730127154
-390,330,0,7.187919730127154
-370,330,0,7.187919730127154
-350,330,0,7.187919730127154
-330,330,0,7.187919730127154
-310,330,0,7.187919730127154
-290,330,0,7.187919730127154
-270,330,0,7.187919730127154
-250,330,0,7.187919730127154
-230,330,0,7.187919730127154
-210,330,0,7.187919730127154
-190,330,0,7.187919730127154
-170,330,0,7.187919730127154
-150,330,0,7.187919730127154
-130,330,0,7.187919730127154
-110,330,0,7.187919730127154
-90,330,0,7.187919730127154
-70,330,0,7.187919730127154
-50,330,0,7.187919730127154
-30,330,0,7.187919730127154
-10,330,0,7.187919730127154
10,330,0,7.187919730127154
30,330,0,7.187919730127154
50,330,0,7.187919730127154
70,330,0,7.187919730127154
90,330,0,7.187919730127154
110,330,0,7.187919730127154
130,330,0,7.187919730127154
150,330,0,7.187919730127154
170,330,0,7.187919730127154
190,330,0,7.187919730127154
210,330,0,7.187919730127154
230,330,0,7.187919730127154
250,330,0,7.187919730127154
270,330,0,7.187919730127154
290,330,0,7.187919730127154
310,330,0,7.187919730127154
330,330,0,7.187919730127154
350,330,0,7.187919730127154
370,330,0,7.187919730127154
390,330,0,7.187919730127154
410,330,0,7.187919730127154
430,330,0,7.187919730127154
450,330,0,7.187919730127154
470,330,0,7.187919730127154
490,330,0,7.187919730127154
510,330,0,7.187919730127154
530,330,0,7.187919730127154
550,330,0,7.187919730127154
570,330,0,7.187919730127154
590,330,0,7.187919730127154
610,330,0,7.187919730127154
630,330,0,7.187919730127154
650,330,0,7.187919730127154
670,330,0,7.187919730127154
690,330,0,7.187919730127154
710,330,0,7.187919730127154
730,330,0,7.187919730127154
750,330,0,7.187919730127154
770,330,0,7.187919730127154
790,330,0,7.187919730127154
-790,350,0,7.187919730127154
-770,350,0,7.187919730127154
-750,350,0,7.187919730127154
-730,350,0,7.187919730127154
-710,350,0,7.187919730127154
-690,350,0,7.187919730127154
-670,350,0,7.187919730127154
-650,350,0,7.187919730127154
-630,350,0,7.187919730127154
-610,350,0,7.187919730127154
-590,350,0,7.187919730127154
-570,350,0,7.187919730127154
-550,350,0,7.187919730127154
-530,350,0,7.187919730127154
-510,350,0,7.187919730127154
-490,350,0,7.187919730127154
-470,350,0,7.187919730127154
-450,350,0,7.187919730127154
-430,350,0,7.187919730127154
-410,350,0,7.187919730127154
-390,350,0,7.187919730127154
-370,350,0,7.187919730127154
-350,350,0,7.187919730127154
-330,350,0,7.187919730127154
-310,350,0,7.187919730127154
-290,350,0,7.187919730127154
-270,350,0,7.187919730127154
-250,350,0,7.187919730127154
-230,350,0,7.187919730127154
-210,350,0,7.187919730127154
-190,350,0,7.187919730127154
-170,350,0,7.187919730127154
-150,350,0,7.187919730127154
-130,350,0,7.187919730127154
-110,350,0,7.187919730127154
-90,350,0,7.187919730127154
-70,350,0,7.187919730127154
-50,350,0,7.187919730127154
-30,350,0,7.187919730127154
-10,350,0,7.187919730127154
10,350,0,7.187919730127154
30,350,0,7.187919730127154
50,350,0,7.187919730127154
70,350,0,7.187919730127154
90,350,0,7.187919730127154
110,350,0,7.187919730127154
130,350,0,7.187919730127154
150,350,0,7.187919730127154
170,350,0,7.187919730127154
190,350,0,7.187919730127154
210,350,0,7.187919730127154
230,350,0,7.187919730127154
250,350,0,7.187919730127154
270,350,0,7.187919730127154
290,350,0,7.187919730127154
310,350,0,7.187919730127154
330,350,0,7.187919730127154
350,350,0,7.187919730127154
370,350,0,7.187919730127154
390,350,0,7.187919730127154
410,350,0,7.187919730127154
430,350,0,7.187919730127154
450,350,0,7.187919730127154
470,350,0,7.187919730127154
490,350,0,7.187919730127154
510,350,0,7.187919730127154
530,350,0,7.187919730127154
550,350,0,7.187919730127154
570,350,0,7.187919730127154
590,350,0,7.187919730127154
610,350,0,7.187919730127154
630,350,0,7.187919730127154
650,350,0,7.187919730127154
670,350,0,7.187919730127154
690,350,0,7.187919730127154
710,350,0,7.187919730127154
730,350,0,7.187919730127154
750,350,0,7.187919730127154
770,350,0,7.187919730127154
790,350,0,7.187919730127154
-790,370,0,7.187919730127154
-770,370,0,7.187919730127154
-750,370,0,7.187919730127154
-730,370,0,7.187919730127154
-710,370,0,7.187919730127154
-690,370,0,7.187919730127154
-670,370,0,7.187919730127154
-650,370,0,7.187919730127154
-630,370,0,7.187919730127154
-610,370,0,7.187919730127154
-590,370,0,7.187919730127154
-570,370,0,7.187919730127154
-550,370,0,7.187919730127154
-530,370,0,7.187919730127154
-510,370,0,7.187919730127154
-490,370,0,7.187919730127154
-470,370,0,7.187919730127154
-450,370,0,7.187919730127154
-430,370,0,7.187919730127154
-410,370,0,7.187919730127154
-390,370,0,7.187919730127154
-370,370,0,7.187919730127154
-350,370,0,7.187919730127154
-330,370,0,7.187919730127154
-310,370,0,7.187919730127154
-290,370,0,7.187919730127154
-270,370,0,7.187919730127154
-250,370,0,7.187919730127154
-230,370,0,7.187919730127154
-210,370,0,7.187919730127154
-190,370,0,7.187919730127154
-170,370,0,7.187919730127154
-150,370,0,7.187919730127154
-130,370,0,7.187919730127154
-110,370,0,7.187919730127154
-90,370,0,7.187919730127154
-70,370,0,7.187919730127154
-50,370,0,7.187919730127154
-30,370,0,7.187919730127154
-10,370,0,7.187919730127154
10,370,0,7.187919730127154
30,370,0,7.187919730127154
50,370,0,7.187919730127154
70,370,0,7.187919730127154
90,370,0,7.187919730127154
110,370,0,7.187919730127154
130,370,0,7.187919730127154
150,370,0,7.187919730127154
170,370,0,7.187919730127154
190,370,0,7.187919730127154
210,370,0,7.187919730127154
230,370,0,7.187919730127154
250,370,0,7.187919730127154
270,370,0,7.187919730127154
290,370,0,7.187919730127154
310,370,0,7.187919730127154
330,370,0,7.187919730127154
350,370,0,7.187919730127154
370,370,0,7.187919730127154
390,370,0,7.187919730127154
410,370,0,7.187919730127154
430,370,0,7.187919730127154
450,370,0,7.187919730127154
470,370,0,7.187919730127154
490,370,0,7.187919730127154
510,370,0,7.187919730127154
530,370,0,7.187919730127154
550,370,0,7.187919730127154
570,370,0,7.187919730127154
590,370,0,7.187919730127154
610,370,0,7.187919730127154
630,370,0,7.187919730127154
650,370,0,7.187919730127154
670,370,0,7.187919730127154
690,370,0,7.187919730127154
710,370,0,7.187919730127154
730,370,0,7.187919730127154
750,370,0,7.187919730127154
770,370,0,7.187919730127154
790,370,0,7.187919730127154
-790,390,0,7.187919730127154
-770,390,0,7.187919730127154
-750,390,0,7.187919730127154
-730,390,0,7.187919730127154
-710,390,0,7.187919730127154
-690,390,0,7.187919730127154
-670,390,0,7.187919730127154
-650,390,0,7.187919730127154
-630,390,0,7.187919730127154
-610,390,0,7.187919730127154
-590,390,0,7.187919730127154
-570,390,0,7.187919730127154
-550,390,0,7.187919730127154
-530,390,0,7.187919730127154
-510,390,0,7.187919730127154
-490,390,0,7.187919730127154
-470,390,0,7.187919730127154
-450,390,0,7.187919730127154
-430,390,0,7.187919730127154
-410,390,0,7.187919730127154
-390,390,0,7.187919730127154
-370,390,0,7.187919730127154
-350,390,0,7.187919730127154
-330,390,0,7.187919730127154
-310,390,0,7.187919730127154
-290,390,0,7.187919730127154
-270,390,0,7.187919730127154
-250,390,0,7.187919730127154
-230,390,0,7.187919730127154
-210,390,0,7.187919730127154
-190,390,0,7.187919730127154
-170,390,0,7.187919730127154
-150,390,0,7.187919730127154
-130,390,0,7.187919730127154
-110,390,0,7.187919730127154
-90,390,0,7.187919730127154
-70,390,0,7.187919730127154
-50,390,0,7.187919730127154
-30,390,0,7.187919730127154
-10,390,0,7.187919730127154
10,390,0,7.187919730127154
30,390,0,7.187919730127154
50,390,0,7.187919730127154
70,390,0,7.187919730127154
90,390,0,7.187919730127154
110,390,0,7.187919730127154
130,390,0,7.187919730127154
150,390,0,7.187919730127154
170,390,0,7.187919730127154
190,390,0,7.187919730127154
210,390,0,7.187919730127154
230,390,0,7.187919730127154
250,390,0,7.187919730127154
270,390,0,7.187919730127154
290,390,0,7.187919730127154
310,390,0,7.187919730127154
330,390,0,7.187919730127154
350,390,0,7.187919730127154
370,390,0,7.187919730127154
390,390,0,7.187919730127154
410,390,0,7.187919730127154
430,390,0,7.187919730127154
450,390,0,7.187919730127154
470,390,0,7.187919730127154
490,390,0,7.187919730127154
510,390,0,7.187919730127154
530,390,0,7.187919730127154
550,390,0,7.187919730127154
570,390,0,7.187919730127154
590,390,0,7.187919730127154
610,390,0,7.187919730127154
630,390,0,7.187919730127154
650,390,0,7.187919730127154
670,390,0,7.187919730127154
690,390,0,7.187919730127154
710,390,0,7.187919730127154
730,390,0,7.187919730127154
750,390,0,7.187919730127154
770,390,0,7.187919730127154
790,390,0,7.187919730127154
-790,410,0,7.187919730127154
-770,410,0,7.187919730127154
-750,410,0,7.187919730127154
-730,410,0,7.187919730127154
-710,410,0,7.187919730127154
-690,410,0,7.187919730127154
-670,410,0,7.187919730127154
-650,410,0,7.187919730127154
-630,410,0,7.187919730127154
-610,410,0,7.187919730127154
-590,410,0,7.187919730127154
-570,410,0,7.187919730127154
-550,410,0,7.187919730127154
-530,410,0,7.187919730127154
-510,410,0,7.187919730127154
-490,410,0,7.187919730127154
-470,410,0,7.187919730127154
-450,410,0,7.187919730127154
-430,410,0,7.187919730127154
-410,410,0,7.187919730127154
-390,410,0,7.187919730127154
-370,410,0,7.187919730127154
-350,410,0,7.187919730127154
-330,410,0,7.187919730127154
-310,410,0,7.187919730127154
-290,410,0,7.187919730127154
-270,410,0,7.187919730127154
-250,410,0,7.187919730127154
-230,410,0,7.187919730127154
-210,410,0,7.187919730127154
-190,410,0,7.187919730127154
-170,410,0,7.187919730127154
-150,410,0,7.187919730127154
-130,410,0,7.187919730127154
-110,410,0,7.187919730127154
-90,410,0,7.187919730127154
-70,410,0,7.187919730127154
-50,410,0,7.187919730127154
-30,410,0,7.187919730127154
-10,410,0,7.187919730127154
10,410,0,7.187919730127154
30,410,0,7.187919730127154
50,410,0,7.187919730127154
70,410,0,7.187919730127154
90,410,0,7.187919730127154
110,410,0,7.187919730127154
130,410,0,7.187919730127154
150,410,0,7.187919730127154
170,410,0,7.187919730127154
190,410,0,7.187919730127154
210,410,0,7.187919730127154
230,410,0,7.187919730127154
250,410,0,7.187919730127154
270,410,0,7.187919730127154
290,410,0,7.187919730127154
310,410,0,7.187919730127154
330,410,0,7.187919730127154
350,410,0,7.187919730127154
370,410,0,7.187919730127154
390,410,0,7.187919730127154
410,410,0,7.187919730127154
430,410,0,7.187919730127154
450,410,0,7.187919730127154
470,410,0,7.187919730127154
490,410,0,7.187919730127154
510,410,0,7.187919730127154
530,410,0,7.187919730127154
550,410,0,7.187919730127154
570,410,0,7.187919730127154
590,410,0,7.187919730127154
610,410,0,7.187919730127154
630,410,0,7.187919730127154
650,410,0,7.187919730127154
670,410,0,7.187919730127154
690,410,0,7.187919730127154
710,410,0,7.187919730127154
730,410,0,7.187919730127154
750,410,0,7.187919730127154
770,410,0,7.187919730127154
790,410,0,7.187919730127154
-790,430,0,7.187919730127154
-770,430,0,7.187919730127154
-750,430,0,7.187919730127154
-730,430,0,7.187919730127154
-710,430,0,7.187919730127154
-690,430,0,7.187919730127154
-670,430,0,7.187919730127154
-650,430,0,7.187919730127154
-630,430,0,7.187919730127154
-610,430,0,7.187919730127154
-590,430,0,7.187919730127154
-570,430,0,7.187919730127154
-550,430,0,7.187919730127154
-530,430,0,7.187919730127154
-510,430,0,7.187919730127154
-490,430,0,7.187919730127154
-470,430,0,7.187919730127154
-450,430,0,7.187919730127154
-430,430,0,7.187919730127154
-410,430,0,7.187919730127154
-390,430,0,7.187919730127154
-370,430,0,7.187919730127154
-350,430,0,7.187919730127154
-330,430,0,7.187919730127154
-310,430,0,7.187919730127154
-290,430,0,7.187919730127154
-270,430,0,7.187919730127154
-250,430,0,7.187919730127154
-230,430,0,7.187919730127154
-210,430,0,7.187919730127154
-190,430,0,7.187919730127154
-170,430,0,7.187919730127154
-150,430,0,7.187919730127154
-130,430,0,7.187919730127154
-110,430,0,7.187919730127154
-90,430,0,7.187919730127154
-70,430,0,7.187919730127154
-50,430,0,7.187919730127154
-30,430,0,7.187919730127154
-10,430,0,7.187919730127154
10,430,0,7.187919730127154
30,430,0,7.187919730127154
50,430,0,7.187919730127154
70,430,0,7.187919730127154
90,430,0,7.187919730127154
110,430,0,7.187919730127154
130,430,0,7.187919730127154
150,430,0,7.187919730127154
170,430,0,7.187919730127154
190,430,0,7.187919730127154
210,430,0,7.187919730127154
230,430,0,7.187919730127154
250,430,0,7.187919730127154
270,430,0,7.187919730127154
290,430,0,7.187919730127154
310,430,0,7.187919730127154
330,430,0,7.187919730127154
350,430,0,7.187919730127154
370,430,0,7.187919730127154
390,430,0,7.187919730127154
410,430,0,7.187919730127154
430,430,0,7.187919730127154
450,430,0,7.187919730127154
470,430,0,7.187919730127154
490,430,0,7.187919730127154
510,430,0,7.187919730127154
530,430,0,7.187919730127154
550,430,0,7.187919730127154
570,430,0,7.187919730127154
590,430,0,7.187919730127154
610,430,0,7.187919730127154
630,430,0,7.187919730127154
650,430,0,7.187919730127154
670,430,0,7.187919730127154
690,430,0,7.187919730127154
710,430,0,7.187919730127154
730,430,0,7.187919730127154
750,430,0,7.187919730127154
770,430,0,7.187919730127154
790,430,0,7.187919730127154
-790,450,0,7.187919730127154
-770,450,0,7.187919730127154
-750,450,0,7.187919730127154
-730,450,0,7.187919730127154
-710,450,0,7.187919730127154
-690,450,0,7.187919730127154
-670,450,0,7.187919730127154
-650,450,0,7.187919730127154
-630,450,0,7.187919730127154
-610,450,0,7.187919730127154
-590,450,0,7.187919730127154
-570,450,0,7.187919730127154
-550,450,0,7.187919730127154
-530,450,0,7.187919730127154
-510,450,0,7.187919730127154
-490,450,0,7.187919730127154
-470,450,0,7.187919730127154
-450,450,0,7.187919730127154
-430,450,0,7.187919730127154
-410,450,0,7.187919730127154
-390,450,0,7.187919730127154
-370,450,0,7.187919730127154
-350,450,0,7.187919730127154
-330,450,0,7.187919730127154
-310,450,0,7.187919730127154
-290,450,0,7.187919730127154
-270,450,0,7.187919730127154
-250,450,0,7.187919730127154
-230,450,0,7.187919730127154
-210,450,0,7.187919730127154
-190,450,0,7.187919730127154
-170,450,0,7.187919730127154
-150,450,0,7.187919730127154
-130,450,0,7.187919730127154
-110,450,0,7.187919730127154
-90,450,0,7.187919730127154
-70,450,0,7.187919730127154
-50,450,0,7.187919730127154
-30,450,0,7.187919730127154
-10,450,0,7.187919730127154
10,450,0,7.187919730127154
30,450,0,7.187919730127154
50,450,0,7.187919730127154
70,450,0,7.187919730127154
90,450,0,7.187919730127154
110,450,0,7.187919730127154
130,450,0,7.187919730127154
150,450,0,7.187919730127154
170,450,0,7.187919730127154
190,450,0,7.187919730127154
210,450,0,7.187919730127154
230,450,0,7.187919730127154
250,450,0,7.187919730127154
270,450,0,7.187919730127154
290,450,0,7.187919730127154
310,450,0,7.187919730127154
330,450,0,7.187919730127154
350,450,0,7.187919730127154
370,450,0,7.187919730127154
390,450,0,7.187919730127154
410,450,0,7.187919730127154
430,450,0,7.187919730127154
450,450,0,7.187919730127154
470,450,0,7.187919730127154
490,450,0,7.187919730127154
510,450,0,7.187919730127154
530,450,0,7.187919730127154
550,450,0,7.187919730127154
570,450,0,7.187919730127154
590,450,0,7.187919730127154
610,450,0,7.187919730127154
630,450,0,7.187919730127154
650,450,0,7.187919730127154
670,450,0,7.187919730127154
690,450,0,7.187919730127154
710,450,0,7.187919730127154
730,450,0,7.187919730127154
750,450,0,7.187919730127154
770,450,0,7.187919730127154
790,450,0,7.187919730127154
-790,470,0,7.187919730127154
-770,470,0,7.187919730127154
-750,470,0,7.187919730127154
-730,470,0,7.187919730127154
-710,470,0,7.187919730127154
-690,470,0,7.187919730127154
-670,470,0,7.187919730127154
-650,470,0,7.187919730127154
-630,470,0,7.187919730127154
-610,470,0,7.187919730127154
-590,470,0,7.187919730127154
-570,470,0,7.187919730127154
-550,470,0,7.187919730127154
-530,470,0,7.187919730127154
-510,470,0,7.187919730127154
-490,470,0,7.187919730127154
-470,470,0,7.187919730127154
-450,470,0,7.187919730127154
-430,470,0,7.187919730127154
-410,470,0,7.187919730127154
-390,470,0,7.187919730127154
-370,470,0,7.187919730127154
-350,470,0,7.187919730127154
-330,470,0,7.187919730127154
-310,470,0,7.187919730127154
-290,470,0,7.187919730127154
-270,470,0,7.187919730127154
-250,470,0,7.187919730127154
-230,470,0,7.187919730127154
-210,470,0,7.187919730127154
-190,470,0,7.187919730127154
-170,470,0,7.187919730127154
-150,470,0,7.187919730127154
-130,470,0,7.187919730127154
-110,470,0,7.187919730127154
-90,470,0,7.187919730127154
-70,470,0,7.187919730127154
-50,470,0,7.187919730127154
-30,470,0,7.187919730127154
-10,470,0,7.187919730127154
10,470,0,7.187919730127154
30,470,0,7.187919730127154
50,470,0,7.187919730127154
70,470,0,7.187919730127154
90,470,0,7.187919730127154
110,470,0,7.187919730127154
130,470,0,7.187919730127154
150,470,0,7.187919730127154
170,470,0,7.187919730127154
190,470,0,7.187919730127154
210,470,0,7.187919730127154
230,470,0,7.187919730127154
250,470,0,7.187919730127154
270,470,0,7.187919730127154
290,470,0,7.187919730127154
310,470,0,7.187919730127154
330,470,0,7.187919730127154
350,470,0,7.187919730127154
370,470,0,7.187919730127154
390,470,0,7.187919730127154
410,470,0,7.187919730127154
430,470,0,7.187919730127154
450,470,0,7.187919730127154
470,470,0,7.187919730127154
490,470,0,7.187919730127154
510,470,0,7.187919730127154
530,470,0,7.187919730127154
550,470,0,7.187919730127154
570,470,0,7.187919730127154
590,470,0,7.187919730127154
610,470,0,7.187919730127154
630,470,0,7.187919730127154
650,470,0,7.187919730127154
670,470,0,7.187919730127154
690,470,0,7.187919730127154
710,470,0,7.187919730127154
730,470,0,7.187919730127154
750,470,0,7.187919730127154
770,470,0,7.187919730127154
790,470,0,7.187919730127154
-790,490,0,7.187919730127154
-770,490,0,7.187919730127154
-750,490,0,7.187919730127154
-730,490,0,7.187919730127154
-710,490,0,7.187919730127154
-690,490,0,7.187919730127154
-670,490,0,7.187919730127154
-650,490,0,7.187919730127154
-630,490,0,7.187919730127154
-610,490,0,7.187919730127154
-590,490,0,7.187919730127154
-570,490,0,7.187919730127154
-550,490,0,7.187919730127154
-530,490,0,7.187919730127154
-510,490,0,7.187919730127154
-490,490,0,7.187919730127154
-470,490,0,7.187919730127154
-450,490,0,7.187919730127154
-430,490,0,7.187919730127154
-410,490,0,7.187919730127154
-390,490,0,7.187919730127154
-370,490,0,7.187919730127154
-350,490,0,7.187919730127154
-330,490,0,7.187919730127154
-310,490,0,7.187919730127154
-290,490,0,7.187919730127154
-270,490,0,7.187919730127154
-250,490,0,7.187919730127154
-230,490,0,7.187919730127154
-210,490,0,7.187919730127154
-190,490,0,7.187919730127154
-170,490,0,7.187919730127154
-150,490,0,7.187919730127154
-130,490,0,7.187919730127154
-110,490,0,7.187919730127154
-90,490,0,7.187919730127154
-70,490,0,7.187919730127154
-50,490,0,7.187919730127154
-30,490,0,7.187919730127154
-10,490,0,7.187919730127154
10,490,0,7.187919730127154
30,490,0,7.187919730127154
50,490,0,7.187919730127154
70,490,0,7.187919730127154
90,490,0,7.187919730127154
110,490,0,7.187919730127154
130,490,0,7.187919730127154
150,490,0,7.187919730127154
170,490,0,7.187919730127154
190,490,0,7.187919730127154
210,490,0,7.187919730127154
230,490,0,7.187919730127154
250,490,0,7.187919730127154
270,490,0,7.187919730127154
290,490,0,7.187919730127154
310,490,0,7.187919730127154
330,490,0,7.187919730127154
350,490,0,7.187919730127154
370,490,0,7.187919730127154
390,490,0,7.187919730127154
410,490,0,7.187919730127154
430,490,0,7.187919730127154
450,490,0,7.187919730127154
470,490,0,7.187919730127154
490,490,0,7.187919730127154
510,490,0,7.187919730127154
530,490,0,7.187919730127154
550,490,0,7.187919730127154
570,490,0,7.187919730127154
590,490,0,7.187919730127154
610,490,0,7.187919730127154
630,490,0,7.187919730127154
650,490,0,7.187919730127154
670,490,0,7.187919730127154
690,490,0,7.187919730127154
710,490,0,7.187919730127154
730,490,0,7.187919730127154
750,490,0,7.187919730127154
770,490,0,7.187919730127154
790,490,0,7.187919730127154
-790,510,0,7.187919730127154
-770,510,0,7.187919730127154
-750,510,0,7.187919730127154
-730,510,0,7.187919730127154
-710,510,0,7.187919730127154
-690,510,0,7.187919730127154
-670,510,0,7.187919730127154
-650,510,0,7.187919730127154
-630,510,0,7.187919730127154
-610,510,0,7.187919730127154
-590,510,0,7.187919730127154
-570,510,0,7.187919730127154
-550,510,0,7.187919730127154
-530,510,0,7.187919730127154
-510,510,0,7.187919730127154
-490,510,0,7.187919730127154
-470,510,0,7.187919730127154
-450,510,0,7.187919730127154
-430,510,0,7.187919730127154
-410,510,0,7.187919730127154
-390,510,0,7.187919730127154
-370,510,0,7.187919730127154
-350,510,0,7.187919730127154
-330,510,0,7.187919730127154
-310,510,0,7.187919730127154
-290,510,0,7.187919730127154
-270,510,0,7.187919730127154
-250,510,0,7.187919730127154
-230,510,0,7.187919730127154
-210,510,0,7.187919730127154
-190,510,0,7.187919730127154
-170,510,0,7.187919730127154
-150,510,0,7.187919730127154
-130,510,0,7.187919730127154
-110,510,0,7.187919730127154
-90,510,0,7.187919730127154
-70,510,0,7.187919730127154
-50,510,0,7.187919730127154
-30,510,0,7.187919730127154
-10,510,0,7.187919730127154
10,510,0,7.187919730127154
30,510,0,7.187919730127154
50,510,0,7.187919730127154
70,510,0,7.187919730127154
90,510,0,7.187919730127154
110,510,0,7.187919730127154
130,510,0,7.187919730127154
150,510,0,7.187919730127154
170,510,0,7.187919730127154
190,510,0,7.187919730127154
210,510,0,7.187919730127154
230,510,0,7.187919730127154
250,510,0,7.187919730127154
270,510,0,7.187919730127154
290,510,0,7.187919730127154
310,510,0,7.187919730127154
330,510,0,7.187919730127154
350,510,0,7.187919730127154
370,510,0,7.187919730127154
390,510,0,7.187919730127154
410,510,0,7.187919730127154
430,510,0,7.187919730127154
450,510,0,7.187919730127154
470,510,0,7.187919730127154
490,510,0,7.187919730127154
510,510,0,7.187919730127154
530,510,0,7.187919730127154
550,510,0,7.187919730127154
570,510,0,7.187919730127154
590,510,0,7.187919730127154
610,510,0,7.187919730127154
630,510,0,7.187919730127154
650,510,0,7.187919730127154
670,510,0,7.187919730127154
690,510,0,7.187919730127154
710,510,0,7.187919730127154
730,510,0,7.187919730127154
750,510,0,7.187919730127154
770,510,0,7.187919730127154
790,510,0,7.187919730127154
-790,530,0,7.187919730127154
-770,530,0,7.187919730127154
-750,530,0,7.187919730127154
-730,530,0,7.187919730127154
-710,530,0,7.187919730127154
-690,530,0,7.187919730127154
-670,530,0,7.187919730127154
-650,530,0,7.187919730127154
-630,530,0,7.187919730127154
-610,530,0,7.187919730127154
-590,530,0,7.187919730127154
-570,530,0,7.187919730127154
-550,530,0,7.187919730127154
-530,530,0,7.187919730127154
-510,530,0,7.187919730127154
-490,530,0,7.187919730127154
-470,530,0,7.187919730127154
-450,530,0,7.187919730127154
-430,530,0,7.187919730127154
-410,530,0,7.187919730127154
-390,530,0,7.187919730127154
-370,530,0,7.187919730127154
-350,530,0,7.187919730127154
-330,530,0,7.187919730127154
-310,530,0,7.187919730127154
-290,530,0,7.187919730127154
-270,530,0,7.187919730127154
-250,530,0,7.187919730127154
-230,530,0,7.187919730127154
-210,530,0,7.187919730127154
-190,530,0,7.187919730127154
-170,530,0,7.187919730127154
-150,530,0,7.187919730127154
-130,530,0,7.187919730127154
-110,530,0,7.187919730127154
-90,530,0,7.187919730127154
-70,530,0,7.187919730127154
-50,530,0,7.187919730127154
-30,530,0,7.187919730127154
-10,530,0,7.187919730127154
10,530,0,7.187919730127154
30,530,0,7.187919730127154
50,530,0,7.187919730127154
70,530,0,7.187919730127154
90,530,0,7.187919730127154
110,530,0,7.187919730127154
130,530,0,7.187919730127154
150,530,0,7.187919730127154
170,530,0,7.187919730127154
190,530,0,7.187919730127154
210,530,0,7.187919730127154
230,530,0,7.187919730127154
250,530,0,7.187919730127154
270,530,0,7.187919730127154
290,530,0,7.187919730127154
310,530,0,7.187919730127154
330,530,0,7.187919730127154
350,530,0,7.187919730127154
370,530,0,7.187919730127154
390,530,0,7.187919730127154
410,530,0,7.187919730127154
430,530,0,7.187919730127154
450,530,0,7.187919730127154
470,530,0,7.187919730127154
490,530,0,7.187919730127154
510,530,0,7.187919730127154
530,530,0,7.187919730127154
550,530,0,7.187919730127154
570,530,0,7.187919730127154
590,530,0,7.187919730127154
610,530,0,7.187919730127154
630,530,0,7.187919730127154
650,530,0,7.187919730127154
670,530,0,7.187919730127154
690,530,0,7.187919730127154
710,530,0,7.187919730127154
730,530,0,7.187919730127154
750,530,0,7.187919730127154
770,530,0,7.187919730127154
790,530,0,7.187919730127154
-790,550,0,7.187919730127154
-770,550,0,7.187919730127154
-750,550,0,7.187919730127154
-730,550,0,7.187919730127154
-710,550,0,7.187919730127154
-690,550,0,7.187919730127154
-670,550,0,7.187919730127154
-650,550,0,7.187919730127154
-630,550,0,7.187919730127154
-610,550,0,7.187919730127154
-590,550,0,7.187919730127154
-570,550,0,7.187919730127154
-550,550,0,7.187919730127154
-530,550,0,7.187919730127154
-510,550,0,7.187919730127154
-490,550,0,7.187919730127154
-470,550,0,7.187919730127154
-450,550,0,7.187919730127154
-430,550,0,7.187919730127154
-410,550,0,7.187919730127154
-390,550,0,7.187919730127154
-370,550,0,7.187919730127154
-350,550,0,7.187919730127154
-330,550,0,7.187919730127154
-310,550,0,7.187919730127154
-290,550,0,7.187919730127154
-270,550,0,7.187919730127154
-250,550,0,7.187919730127154
-230,550,0,7.187919730127154
-210,550,0,7.187919730127154
-190,550,0,7.187919730127154
-170,550,0,7.187919730127154
-150,550,0,7.187919730127154
-130,550,0,7.187919730127154
-110,550,0,7.187919730127154
-90,550,0,7.187919730127154
-70,550,0,7.187919730127154
-50,550,0,7.187919730127154
-30,550,0,7.187919730127154
-10,550,0,7.187919730127154
10,550,0,7.187919730127154
30,550,0,7.187919730127154
50,550,0,7.187919730127154
70,550,0,7.187919730127154
90,550,0,7.187919730127154
110,550,0,7.187919730127154
130,550,0,7.187919730127154
150,550,0,7.187919730127154
170,550,0,7.187919730127154
190,550,0,7.187919730127154
210,550,0,7.187919730127154
230,550,0,7.187919730127154
250,550,0,7.187919730127154
270,550,0,7.187919730127154
290,550,0,7.187919730127154
310,550,0,7.187919730127154
330,550,0,7.187919730127154
350,550,0,7.187919730127154
370,550,0,7.187919730127154
390,550,0,7.187919730127154
410,550,0,7.187919730127154
430,550,0,7.187919730127154
450,550,0,7.187919730127154
470,550,0,7.187919730127154
490,550,0,7.187919730127154
510,550,0,7.187919730127154
530,550,0,7.187919730127154
550,550,0,7.187919730127154
570,550,0,7.187919730127154
590,550,0,7.187919730127154
610,550,0,7.187919730127154
630,550,0,7.187919730127154
650,550,0,7.187919730127154
670,550,0,7.187919730127154
690,550,0,7.187919730127154
710,550,0,7.187919730127154
730,550,0,7.187919730127154
750,550,0,7.187919730127154
770,550,0,7.187919730127154
790,550,0,7.187919730127154
-790,570,0,7.187919730127154
-770,570,0,7.187919730127154
-750,570,0,7.187919730127154
-730,570,0,7.187919730127154
-710,570,0,7.187919730127154
-690,570,0,7.187919730127154
-670,570,0,7.187919730127154
-650,570,0,7.187919730127154
-630,570,0,7.187919730127154
-610,570,0,7.187919730127154
-590,570,0,7.187919730127154
-570,570,0,7.187919730127154
-550,570,0,7.187919730127154
-530,570,0,7.187919730127154
-510,570,0,7.187919730127154
-490,570,0,7.187919730127154
-470,570,0,7.187919730127154
-450,570,0,7.187919730127154
-430,570,0,7.187919730127154
-410,570,0,7.187919730127154
-390,570,0,7.187919730127154
-370,570,0,7.187919730127154
-350,570,0,7.187919730127154
-330,570,0,7.187919730127154
-310,570,0,7.187919730127154
-290,570,0,7.187919730127154
-270,570,0,7.187919730127154
-250,570,0,7.187919730127154
-230,570,0,7.187919730127154
-210,570,0,7.187919730127154
-190,570,0,7.187919730127154
-170,570,0,7.187919730127154
-150,570,0,7.187919730127154
-130,570,0,7.187919730127154
-110,570,0,7.187919730127154
-90,570,0,7.187919730127154
-70,570,0,7.187919730127154
-50,570,0,7.187919730127154
-30,570,0,7.187919730127154
-10,570,0,7.187919730127154
10,570,0,7.187919730127154
30,570,0,7.187919730127154
50,570,0,7.187919730127154
70,570,0,7.187919730127154
90,570,0,7.187919730127154
110,570,0,7.187919730127154
130,570,0,7.187919730127154
150,570,0,7.187919730127154
170,570,0,7.187919730127154
190,570,0,7.187919730127154
210,570,0,7.187919730127154
230,570,0,7.187919730127154
250,570,0,7.187919730127154
270,570,0,7.187919730127154
290,570,0,7.187919730127154
310,570,0,7.187919730127154
330,570,0,7.187919730127154
350,570,0,7.187919730127154
370,570,0,7.187919730127154
390,570,0,7.187919730127154
410,570,0,7.187919730127154
430,570,0,7.187919730127154
450,570,0,7.187919730127154
470,570,0,7.187919730127154
490,570,0,7.187919730127154
510,570,0,7.187919730127154
530,570,0,7.187919730127154
550,570,0,7.187919730127154
570,570,0,7.187919730127154
590,570,0,7.187919730127154
610,570,0,7.187919730127154
630,570,0,7.187919730127154
650,570,0,7.187919730127154
670,570,0,7.187919730127154
690,570,0,7.187919730127154
710,570,0,7.187919730127154
730,570,0,7.187919730127154
750,570,0,7.187919730127154
770,570,0,7.187919730127154
790,570,0,7.187919730127154
-790,590,0,7.187919730127154
-770,590,0,7.187919730127154
-750,590,0,7.187919730127154
-730,590,0,7.187919730127154
-710,590,0,7.187919730127154
-690,590,0,7.187919730127154
-670,590,0,7.187919730127154
-650,590,0,7.187919730127154
-630,590,0,7.187919730127154
-610,590,0,7.187919730127154
-590,590,0,7.187919730127154
-570,590,0,7.187919730127154
-550,590,0,7.187919730127154
-530,590,0,7.187919730127154
-510,590,0,7.187919730127154
-490,590,0,7.187919730127154
-470,590,0,7.187919730127154
-450,590,0,7.187919730127154
-430,590,0,7.187919730127154
-410,590,0,7.187919730127154
-390,590,0,7.187919730127154
-370,590,0,7.187919730127154
-350,590,0,7.187919730127154
-330,590,0,7.187919730127154
-310,590,0,7.187919730127154
-290,590,0,7.187919730127154
-270,590,0,7.187919730127154
-250,590,0,7.187919730127154
-230,590,0,7.187919730127154
-210,590,0,7.187919730127154
-190,590,0,7.187919730127154
-170,590,0,7.187919730127154
-150,590,0,7.187919730127154
-130,590,0,7.187919730127154
-110,590,0,7.187919730127154
-90,590,0,7.187919730127154
-70,590,0,7.187919730127154
-50,590,0,7.187919730127154
-30,590,0,7.187919730127154
-10,590,0,7.187919730127154
10,590,0,7.187919730127154
30,590,0,7.187919730127154
50,590,0,7.187919730127154
70,590,0,7.187919730127154
90,590,0,7.187919730127154
110,590,0,7.187919730127154
130,590,0,7.187919730127154
150,590,0,7.187919730127154
170,590,0,7.187919730127154
190,590,0,7.187919730127154
210,590,0,7.187919730127154
230,590,0,7.187919730127154
250,590,0,7.187919730127154
270,590,0,7.187919730127154
290,590,0,7.187919730127154
310,590,0,7.187919730127154
330,590,0,7.187919730127154
350,590,0,7.187919730127154
370,590,0,7.187919730127154
390,590,0,7.187919730127154
410,590,0,7.187919730127154
430,590,0,7.187919730127154
450,590,0,7.187919730127154
470,590,0,7.187919730127154
490,590,0,7.187919730127154
510,590,0,7.187919730127154
530,590,0,7.187919730127154
550,590,0,7.187919730127154
570,590,0,7.187919730127154
590,590,0,7.187919730127154
610,590,0,7.187919730127154
630,590,0,7.187919730127154
650,590,0,7.187919730127154
670,590,0,7.187919730127154
690,590,0,7.187919730127154
710,590,0,7.187919730127154
730,590,0,7.187919730127154
750,590,0,7.187919730127154
770,590,0,7.187919730127154
790,590,0,7.187919730127154
-790,610,0,7.187919730127154
-770,610,0,7.187919730127154
-750,610,0,7.187919730127154
-730,610,0,7.187919730127154
-710,610,0,7.187919730127154
-690,610,0,7.187919730127154
-670,610,0,7.187919730127154
-650,610,0,7.187919730127154
-630,610,0,7.187919730127154
-610,610,0,7.187919730127154
-590,610,0,7.187919730127154
-570,610,0,7.187919730127154
-550,610,0,7.187919730127154
-530,610,0,7.187919730127154
-510,610,0,7.187919730127154
-490,610,0,7.187919730127154
-470,610,0,7.187919730127154
-450,610,0,7.187919730127154
-430,610,0,7.187919730127154
-410,610,0,7.187919730127154
-390,610,0,7.187919730127154
-370,610,0,7.187919730127154
-350,610,0,7.187919730127154
-330,610,0,7.187919730127154
-310,610,0,7.187919730127154
-290,610,0,7.187919730127154
-270,610,0,7.187919730127154
-250,610,0,7.187919730127154
-230,610,0,7.187919730127154
-210,610,0,7.187919730127154
-190,610,0,7.187919730127154
-170,610,0,7.187919730127154
-150,610,0,7.187919730127154
-130,610,0,7.187919730127154
-110,610,0,7.187919730127154
-90,610,0,7.187919730127154
-70,610,0,7.187919730127154
-50,610,0,7.187919730127154
-30,610,0,7.187919730127154
-10,610,0,7.187919730127154
10,610,0,7.187919730127154
30,610,0,7.187919730127154
50,610,0,7.187919730127154
70,610,0,7.187919730127154
90,610,0,7.187919730127154
110,610,0,7.187919730127154
130,610,0,7.187919730127154
150,610,0,7.187919730127154
170,610,0,7.187919730127154
190,610,0,7.187919730127154
210,610,0,7.187919730127154
230,610,0,7.187919730127154
250,610,0,7.187919730127154
270,610,0,7.187919730127154
290,610,0,7.187919730127154
310,610,0,7.187919730127154
330,610,0,7.187919730127154
350,610,0,7.187919730127154
370,610,0,7.187919730127154
390,610,0,7.187919730127154
410,610,0,7.187919730127154
430,610,0,7.187919730127154
450,610,0,7.187919730127154
470,610,0,7.187919730127154
490,610,0,7.187919730127154
510,610,0,7.187919730127154
530,610,0,7.187919730127154
550,610,0,7.187919730127154
570,610,0,7.187919730127154
590,610,0,7.187919730127154
610,610,0,7.187919730127154
630,610,0,7.187919730127154
650,610,0,7.187919730127154
670,610,0,7.187919730127154
690,610,0,7.187919730127154
710,610,0,7.187919730127154
730,610,0,7.187919730127154
750,610,0,7.187919730127154
770,610,0,7.187919730127154
790,610,0,7.187919730127154
-790,630,0,7.187919730127154
-770,630,0,7.187919730127154
-750,630,0,7.187919730127154
-730,630,0,7.187919730127154
-710,630,0,7.187919730127154
-690,630,0,7.187919730127154
-670,630,0,7.187919730127154
-650,630,0,7.187919730127154
-630,630,0,7.187919730127154
-610,630,0,7.187919730127154
-590,630,0,7.187919730127154
-570,630,0,7.187919730127154
-550,630,0,7.187919730127154
-530,630,0,7.187919730127154
-510,630,0,7.187919730127154
-490,630,0,7.187919730127154
-470,630,0,7.187919730127154
-450,630,0,7.187919730127154
-430,630,0,7.187919730127154
-410,630,0,7.187919730127154
-390,630,0,7.187919730127154
-370,630,0,7.187919730127154
-350,630,0,7.187919730127154
-330,630,0,7.187919730127154
-310,630,0,7.187919730127154
-290,630,0,7.187919730127154
-270,630,0,7.187919730127154
-250,630,0,7.187919730127154
-230,630,0,7.187919730127154
-210,630,0,7.187919730127154
-190,630,0,7.187919730127154
-170,630,0,7.187919730127154
-150,630,0,7.187919730127154
-130,630,0,7.187919730127154
-110,630,0,7.187919730127154
-90,630,0,7.187919730127154
-70,630,0,7.187919730127154
-50,630,0,7.187919730127154
-30,630,0,7.187919730127154
-10,630,0,7.187919730127154
10,630,0,7.187919730127154
30,630,0,7.187919730127154
50,630,0,7.187919730127154
70,630,0,7.187919730127154
90,630,0,7.187919730127154
110,630,0,7.187919730127154
130,630,0,7.187919730127154
150,630,0,7.187919730127154
170,630,0,7.187919730127154
190,630,0,7.187919730127154
210,630,0,7.187919730127154
230,630,0,7.187919730127154
250,630,0,7.187919730127154
270,630,0,7.187919730127154
290,630,0,7.187919730127154
310,630,0,7.187919730127154
330,630,0,7.187919730127154
350,630,0,7.187919730127154
370,630,0,7.187919730127154
390,630,0,7.187919730127154
410,630,0,7.187919730127154
430,630,0,7.187919730127154
450,630,0,7.187919730127154
470,630,0,7.187919730127154
490,630,0,7.187919730127154
510,630,0,7.187919730127154
530,630,0,7.187919730127154
550,630,0,7.187919730127154
570,630,0,7.187919730127154
590,630,0,7.187919730127154
610,630,0,7.187919730127154
630,630,0,7.187919730127154
650,630,0,7.187919730127154
670,630,0,7.187919730127154
690,630,0,7.187919730127154
710,630,0,7.187919730127154
730,630,0,7.187919730127154
750,630,0,7.187919730127154
770,630,0,7.187919730127154
790,630,0,7.187919730127154
-790,650,0,7.187919730127154
-770,650,0,7.187919730127154
-750,650,0,7.187919730127154
-730,650,0,7.187919730127154
-710,650,0,7.187919730127154
-690,650,0,7.187919730127154
-670,650,0,7.187919730127154
-650,650,0,7.187919730127154
-630,650,0,7.187919730127154
-610,650,0,7.187919730127154
-590,650,0,7.187919730127154
-570,650,0,7.187919730127154
-550,650,0,7.187919730127154
-530,650,0,7.187919730127154
-510,650,0,7.187919730127154
-490,650,0,7.187919730127154
-470,650,0,7.187919730127154
-450,650,0,7.187919730127154
-430,650,0,7.187919730127154
-410,650,0,7.187919730127154
-390,650,0,7.187919730127154
-370,650,0,7.187919730127154
-350,650,0,7.187919730127154
-330,650,0,7.187919730127154
-310,650,0,7.187919730127154
-290,650,0,7.187919730127154
-270,650,0,7.187919730127154
-250,650,0,7.187919730127154
-230,650,0,7.187919730127154
-210,650,0,7.187919730127154
-190,650,0,7.187919730127154
-170,650,0,7.187919730127154
-150,650,0,7.187919730127154
-130,650,0,7.187919730127154
-110,650,0,7.187919730127154
-90,650,0,7.187919730127154
-70,650,0,7.187919730127154
-50,650,0,7.187919730127154
-30,650,0,7.187919730127154
-10,650,0,7.187919730127154
10,650,0,7.187919730127154
30,650,0,7.187919730127154
50,650,0,7.187919730127154
70,650,0,7.187919730127154
90,650,0,7.187919730127154
110,650,0,7.187919730127154
130,650,0,7.187919730127154
150,650,0,7.187919730127154
170,650,0,7.187919730127154
190,650,0,7.187919730127154
210,650,0,7.187919730127154
230,650,0,7.187919730127154
250,650,0,7.187919730127154
270,650,0,7.187919730127154
290,650,0,7.187919730127154
310,650,0,7.187919730127154
330,650,0,7.187919730127154
350,650,0,7.187919730127154
370,650,0,7.187919730127154
390,650,0,7.187919730127154
410,650,0,7.187919730127154
430,650,0,7.187919730127154
450,650,0,7.187919730127154
470,650,0,7.187919730127154
490,650,0,7.187919730127154
510,650,0,7.187919730127154
530,650,0,7.187919730127154
550,650,0,7.187919730127154
570,650,0,7.187919730127154
590,650,0,7.187919730127154
610,650,0,7.187919730127154
630,650,0,7.187919730127154
650,650,0,7.187919730127154
670,650,0,7.187919730127154
690,650,0,7.187919730127154
710,650,0,7.187919730127154
730,650,0,7.187919730127154
750,650,0,7.187919730127154
770,650,0,7.187919730127154
790,650,0,7.187919730127154
-790,670,0,7.187919730127154
-770,670,0,7.187919730127154
-750,670,0,7.187919730127154
-730,670,0,7.187919730127154
-710,670,0,7.187919730127154
-690,670,0,7.187919730127154
-670,670,0,7.187919730127154
-650,670,0,7.187919730127154
-630,670,0,7.187919730127154
-610,670,0,7.187919730127154
-590,670,0,7.187919730127154
-570,670,0,7.187919730127154
-550,670,0,7.187919730127154
-530,670,0,7.187919730127154
-510,670,0,7.187919730127154
-490,670,0,7.187919730127154
-470,670,0,7.187919730127154
-450,670,0,7.187919730127154
-430,670,0,7.187919730127154
-410,670,0,7.187919730127154
-390,670,0,7.187919730127154
-370,670,0,7.187919730127154
-350,670,0,7.187919730127154
-330,670,0,7.187919730127154
-310,670,0,7.187919730127154
-290,670,0,7.187919730127154
-270,670,0,7.187919730127154
-250,670,0,7.187919730127154
-230,670,0,7.187919730127154
-210,670,0,7.187919730127154
-190,670,0,7.187919730127154
-170,670,0,7.187919730127154
-150,670,0,7.187919730127154
-130,670,0,7.187919730127154
-110,670,0,7.187919730127154
-90,670,0,7.187919730127154
-70,670,0,7.187919730127154
-50,670,0,7.187919730127154
-30,670,0,7.187919730127154
-10,670,0,7.187919730127154
10,670,0,7.187919730127154
30,670,0,7.187919730127154
50,670,0,7.187919730127154
70,670,0,7.187919730127154
90,670,0,7.187919730127154
110,670,0,7.187919730127154
130,670,0,7.187919730127154
150,670,0,7.187919730127154
170,670,0,7.187919730127154
190,670,0,7.187919730127154
210,670,0,7.187919730127154
230,670,0,7.187919730127154
250,670,0,7.187919730127154
270,670,0,7.187919730127154
290,670,0,7.187919730127154
310,670,0,7.187919730127154
330,670,0,7.187919730127154
350,670,0,7.187919730127154
370,670,0,7.187919730127154
390,670,0,7.187919730127154
410,670,0,7.187919730127154
430,670,0,7.187919730127154
450,670,0,7.187919730127154
470,670,0,7.187919730127154
490,670,0,7.187919730127154
510,670,0,7.187919730127154
530,670,0,7.187919730127154
550,670,0,7.187919730127154
570,670,0,7.187919730127154
590,670,0,7.187919730127154
610,670,0,7.187919730127154
630,670,0,7.187919730127154
650,670,0,7.187919730127154
670,670,0,7.187919730127154
690,670,0,7.187919730127154
710,670,0,7.187919730127154
730,670,0,7.187919730127154
750,670,0,7.187919730127154
770,670,0,7.187919730127154
790,670,0,7.187919730127154
-790,690,0,7.187919730127154
-770,690,0,7.187919730127154
-750,690,0,7.187919730127154
-730,690,0,7.187919730127154
-710,690,0,7.187919730127154
-690,690,0,7.187919730127154
-670,690,0,7.187919730127154
-650,690,0,7.187919730127154
-630,690,0,7.187919730127154
-610,690,0,7.187919730127154
-590,690,0,7.187919730127154
-570,690,0,7.187919730127154
-550,690,0,7.187919730127154
-530,690,0,7.187919730127154
-510,690,0,7.187919730127154
-490,690,0,7.187919730127154
-470,690,0,7.187919730127154
-450,690,0,7.187919730127154
-430,690,0,7.187919730127154
-410,690,0,7.187919730127154
-390,690,0,7.187919730127154
-370,690,0,7.187919730127154
-350,690,0,7.187919730127154
-330,690,0,7.187919730127154
-310,690,0,7.187919730127154
-290,690,0,7.187919730127154
-270,690,0,7.187919730127154
-250,690,0,7.187919730127154
-230,690,0,7.187919730127154
-210,690,0,7.187919730127154
-190,690,0,7.187919730127154
-170,690,0,7.187919730127154
-150,690,0,7.187919730127154
-130,690,0,7.187919730127154
-110,690,0,7.187919730127154
-90,690,0,7.187919730127154
-70,690,0,7.187919730127154
-50,690,0,7.187919730127154
-30,690,0,7.187919730127154
-10,690,0,7.187919730127154
10,690,0,7.187919730127154
30,690,0,7.187919730127154
50,690,0,7.187919730127154
70,690,0,7.187919730127154
90,690,0,7.187919730127154
110,690,0,7.187919730127154
130,690,0,7.187919730127154
150,690,0,7.187919730127154
170,690,0,7.187919730127154
190,690,0,7.187919730127154
210,690,0,7.187919730127154
230,690,0,7.187919730127154
250,690,0,7.187919730127154
270,690,0,7.187919730127154
290,690,0,7.187919730127154
310,690,0,7.187919730127154
330,690,0,7.187919730127154
350,690,0,7.187919730127154
370,690,0,7.187919730127154
390,690,0,7.187919730127154
410,690,0,7.187919730127154
430,690,0,7.187919730127154
450,690,0,7.187919730127154
470,690,0,7.187919730127154
490,690,0,7.187919730127154
510,690,0,7.187919730127154
530,690,0,7.187919730127154
550,690,0,7.187919730127154
570,690,0,7.187919730127154
590,690,0,7.187919730127154
610,690,0,7.187919730127154
630,690,0,7.187919730127154
650,690,0,7.187919730127154
670,690,0,7.187919730127154
690,690,0,7.187919730127154
710,690,0,7.187919730127154
730,690,0,7.187919730127154
750,690,0,7.187919730127154
770,690,0,7.187919730127154
790,690,0,7.187919730127154
-790,710,0,7.187919730127154
-770,710,0,7.187919730127154
-750,710,0,7.187919730127154
-730,710,0,7.187919730127154
-710,710,0,7.187919730127154
-690,710,0,7.187919730127154
-670,710,0,7.187919730127154
-650,710,0,7.187919730127154
-630,710,0,7.187919730127154
-610,710,0,7.187919730127154
-590,710,0,7.187919730127154
-570,710,0,7.187919730127154
-550,710,0,7.187919730127154
-530,710,0,7.187919730127154
-510,710,0,7.187919730127154
-490,710,0,7.187919730127154
-470,710,0,7.187919730127154
-450,710,0,7.187919730127154
-430,710,0,7.187919730127154
-410,710,0,7.187919730127154
-390,710,0,7.187919730127154
-370,710,0,7.187919730127154
-350,710,0,7.187919730127154
-330,710,0,7.187919730127154
-310,710,0,7.187919730127154
-290,710,0,7.187919730127154
-270,710,0,7.187919730127154
-250,710,0,7.187919730127154
-230,710,0,7.187919730127154
-210,710,0,7.187919730127154
-190,710,0,7.187919730127154
-170,710,0,7.187919730127154
-150,710,0,7.187919730127154
-130,710,0,7.187919730127154
-110,710,0,7.187919730127154
-90,710,0,7.187919730127154
-70,710,0,7.187919730127154
-50,710,0,7.187919730127154
-30,710,0,7.187919730127154
-10,710,0,7.187919730127154
10,710,0,7.187919730127154
30,710,0,7.187919730127154
50,710,0,7.187919730127154
70,710,0,7.187919730127154
90,710,0,7.187919730127154
110,710,0,7.187919730127154
130,710,0,7.187919730127154
150,710,0,7.187919730127154
170,710,0,7.187919730127154
190,710,0,7.187919730127154
210,710,0,7.187919730127154
230,710,0,7.187919730127154
250,710,0,7.187919730127154
270,710,0,7.187919730127154
290,710,0,7.187919730127154
310,710,0,7.187919730127154
330,710,0,7.187919730127154
350,710,0,7.187919730127154
370,710,0,7.187919730127154
390,710,0,7.187919730127154
410,710,0,7.187919730127154
430,710,0,7.187919730127154
450,710,0,7.187919730127154
470,710,0,7.187919730127154
490,710,0,7.187919730127154
510,710,0,7.187919730127154
530,710,0,7.187919730127154
550,710,0,7.187919730127154
570,710,0,7.187919730127154
590,710,0,7.187919730127154
610,710,0,7.187919730127154
630,710,0,7.187919730127154
650,710,0,7.187919730127154
670,710,0,7.187919730127154
690,710,0,7.187919730127154
710,710,0,7.187919730127154
730,710,0,7.187919730127154
750,710,0,7.187919730127154
770,710,0,7.187919730127154
790,710,0,7.187919730127154
-790,730,0,7.187919730127154
-770,730,0,7.187919730127154
-750,730,0,7.187919730127154
-730,730,0,7.187919730127154
-710,730,0,7.187919730127154
-690,730,0,7.187919730127154
-670,730,0,7.187919730127154
-650,730,0,7.187919730127154
-630,730,0,7.187919730127154
-610,730,0,7.187919730127154
-590,730,0,7.187919730127154
-570,730,0,7.187919730127154
-550,730,0,7.187919730127154
-530,730,0,7.187919730127154
-510,730,0,7.187919730127154
-490,730,0,7.187919730127154
-470,730,0,7.187919730127154
-450,730,0,7.187919730127154
-430,730,0,7.187919730127154
-410,730,0,7.187919730127154
-390,730,0,7.187919730127154
-370,730,0,7.187919730127154
-350,730,0,7.187919730127154
-330,730,0,7.187919730127154
-310,730,0,7.187919730127154
-290,730,0,7.187919730127154
-270,730,0,7.187919730127154
-250,730,0,7.187919730127154
-230,730,0,7.187919730127154
-210,730,0,7.187919730127154
-190,730,0,7.187919730127154
-170,730,0,7.187919730127154
-150,730,0,7.187919730127154
-130,730,0,7.187919730127154
-110,730,0,7.187919730127154
-90,730,0,7.187919730127154
-70,730,0,7.187919730127154
-50,730,0,7.187919730127154
-30,730,0,7.187919730127154
-10,730,0,7.187919730127154
10,730,0,7.187919730127154
30,730,0,7.187919730127154
50,730,0,7.187919730127154
70,730,0,7.187919730127154
90,730,0,7.187919730127154
110,730,0,7.187919730127154
130,730,0,7.187919730127154
150,730,0,7.187919730127154
170,730,0,7.187919730127154
190,730,0,7.187919730127154
210,730,0,7.187919730127154
230,730,0,7.187919730127154
250,730,0,7.187919730127154
270,730,0,7.187919730127154
290,730,0,7.187919730127154
310,730,0,7.187919730127154
330,730,0,7.187919730127154
350,730,0,7.187919730127154
370,730,0,7.187919730127154
390,730,0,7.187919730127154
410,730,0,7.187919730127154
430,730,0,7.187919730127154
450,730,0,7.187919730127154
470,730,0,7.187919730127154
490,730,0,7.187919730127154
510,730,0,7.187919730127154
530,730,0,7.187919730127154
550,730,0,7.187919730127154
570,730,0,7.187919730127154
590,730,0,7.187919730127154
610,730,0,7.187919730127154
630,730,0,7.187919730127154
650,730,0,7.187919730127154
670,730,0,7.187919730127154
690,730,0,7.187919730127154
710,730,0,7.187919730127154
730,730,0,7.187919730127154
750,730,0,7.187919730127154
770,730,0,7.187919730127154
790,730,0,7.187919730127154
-790,750,0,7.187919730127154
-770,750,0,7.187919730127154
-750,750,0,7.187919730127154
-730,750,0,7.187919730127154
-710,750,0,7.187919730127154
-690,750,0,7.187919730127154
-670,750,0,7.187919730127154
-650,750,0,7.187919730127154
-630,750,0,7.187919730127154
-610,750,0,7.187919730127154
-590,750,0,7.187919730127154
-570,750,0,7.187919730127154
-550,750,0,7.187919730127154
-530,750,0,7.187919730127154
-510,750,0,7.187919730127154
-490,750,0,7.187919730127154
-470,750,0,7.187919730127154
-450,750,0,7.187919730127154
-430,750,0,7.187919730127154
-410,750,0,7.187919730127154
-390,750,0,7.187919730127154
-370,750,0,7.187919730127154
-350,750,0,7.187919730127154
-330,750,0,7.187919730127154
-310,750,0,7.187919730127154
-290,750,0,7.187919730127154
-270,750,0,7.187919730127154
-250,750,0,7.187919730127154
-230,750,0,7.187919730127154
-210,750,0,7.187919730127154
-190,750,0,7.187919730127154
-170,750,0,7.187919730127154
-150,750,0,7.187919730127154
-130,750,0,7.187919730127154
-110,750,0,7.187919730127154
-90,750,0,7.187919730127154
-70,750,0,7.187919730127154
-50,750,0,7.187919730127154
-30,750,0,7.187919730127154
-10,750,0,7.187919730127154
10,750,0,7.187919730127154
30,750,0,7.187919730127154
50,750,0,7.187919730127154
70,750,0,7.187919730127154
90,750,0,7.187919730127154
110,750,0,7.187919730127154
130,750,0,7.187919730127154
150,750,0,7.187919730127154
170,750,0,7.187919730127154
190,750,0,7.187919730127154
210,750,0,7.187919730127154
230,750,0,7.187919730127154
250,750,0,7.187919730127154
270,750,0,7.187919730127154
290,750,0,7.187919730127154
310,750,0,7.187919730127154
330,750,0,7.187919730127154
350,750,0,7.187919730127154
370,750,0,7.187919730127154
390,750,0,7.187919730127154
410,750,0,7.187919730127154
430,750,0,7.187919730127154
450,750,0,7.187919730127154
470,750,0,7.187919730127154
490,750,0,7.187919730127154
510,750,0,7.187919730127154
530,750,0,7.187919730127154
550,750,0,7.187919730127154
570,750,0,7.187919730127154
590,750,0,7.187919730127154
610,750,0,7.187919730127154
630,750,0,7.187919730127154
650,750,0,7.187919730127154
670,750,0,7.187919730127154
690,750,0,7.187919730127154
710,750,0,7.187919730127154
730,750,0,7.187919730127154
750,750,0,7.187919730127154
770,750,0,7.187919730127154
790,750,0,7.187919730127154
-790,770,0,7.187919730127154
-770,770,0,7.187919730127154
-750,770,0,7.187919730127154
-730,770,0,7.187919730127154
-710,770,0,7.187919730127154
-690,770,0,7.187919730127154
-670,770,0,7.187919730127154
-650,770,0,7.187919730127154
-630,770,0,7.187919730127154
-610,770,0,7.187919730127154
-590,770,0,7.187919730127154
-570,770,0,7.187919730127154
-550,770,0,7.187919730127154
-530,770,0,7.187919730127154
-510,770,0,7.187919730127154
-490,770,0,7.187919730127154
-470,770,0,7.187919730127154
-450,770,0,7.187919730127154
-430,770,0,7.187919730127154
-410,770,0,7.187919730127154
-390,770,0,7.187919730127154
-370,770,0,7.187919730127154
-350,770,0,7.187919730127154
-330,770,0,7.187919730127154
-310,770,0,7.187919730127154
-290,770,0,7.187919730127154
-270,770,0,7.187919730127154
-250,770,0,7.187919730127154
-230,770,0,7.187919730127154
-210,770,0,7.187919730127154
-190,770,0,7.187919730127154
-170,770,0,7.187919730127154
-150,770,0,7.187919730127154
-130,770,0,7.187919730127154
-110,770,0,7.187919730127154
-90,770,0,7.187919730127154
-70,770,0,7.187919730127154
-50,770,0,7.187919730127154
-30,770,0,7.187919730127154
-10,770,0,7.187919730127154
10,770,0,7.187919730127154
30,770,0,7.187919730127154
50,770,0,7.187919730127154
70,770,0,7.187919730127154
90,770,0,7.187919730127154
110,770,0,7.187919730127154
130,770,0,7.187919730127154
150,770,0,7.187919730127154
170,770,0,7.187919730127154
190,770,0,7.187919730127154
210,770,0,7.187919730127154
230,770,0,7.187919730127154
250,770,0,7.187919730127154
270,770,0,7.187919730127154
290,770,0,7.187919730127154
310,770,0,7.187919730127154
330,770,0,7.187919730127154
350,770,0,7.187919730127154
370,770,0,7.187919730127154
390,770,0,7.187919730127154
410,770,0,7.187919730127154
430,770,0,7.187919730127154
450,770,0,7.187919730127154
470,770,0,7.187919730127154
490,770,0,7.187919730127154
510,770,0,7.187919730127154
530,770,0,7.187919730127154
550,770,0,7.187919730127154
570,770,0,7.187919730127154
590,770,0,7.187919730127154
610,770,0,7.187919730127154
630,770,0,7.187919730127154
650,770,0,7.187919730127154
670,770,0,7.187919730127154
690,770,0,7.187919730127154
710,770,0,7.187919730127154
730,770,0,7.187919730127154
750,770,0,7.187919730127154
770,770,0,7.187919730127154
790,770,0,7.187919730127154
-790,790,0,7.187919730127154
-770,790,0,7.187919730127154
-750,790,0,7.187919730127154
-730,790,0,7.187919730127154
-710,790,0,7.187919730127154
-690,790,0,7.187919730127154
-670,790,0,7.187919730127154
-650,790,0,7.187919730127154
-630,790,0,7.187919730127154
-610,790,0,7.187919730127154
-590,790,0,7.187919730127154
-570,790,0,7.187919730127154
-550,790,0,7.187919730127154
-530,790,0,7.187919730127154
-510,790,0,7.187919730127154
-490,790,0,7.187919730127154
-470,790,0,7.187919730127154
-450,790,0,7.187919730127154
-430,790,0,7.187919730127154
-410,790,0,7.187919730127154
-390,790,0,7.187919730127154
-370,790,0,7.187919730127154
-350,790,0,7.187919730127154
-330,790,0,7.187919730127154
-310,790,0,7.187919730127154
-290,790,0,7.187919730127154
-270,790,0,7.187919730127154
-250,790,0,7.187919730127154
-230,790,0,7.187919730127154
-210,790,0,7.187919730127154
-190,790,0,7.187919730127154
-170,790,0,7.187919730127154
-150,790,0,7.187919730127154
-130,790,0,7.187919730127154
-110,790,0,7.187919730127154
-90,790,0,7.187919730127154
-70,790,0,7.187919730127154
-50,790,0,7.187919730127154
-30,790,0,7.187919730127154
-10,790,0,7.187919730127154
10,790,0,7.187919730127154
30,790,0,7.187919730127154
50,790,0,7.187919730127154
70,790,0,7.187919730127154
90,790,0,7.187919730127154
110,790,0,7.187919730127154
130,790,0,7.187919730127154
150,790,0,7.187919730127154
170,790,0,7.187919730127154
190,790,0,7.187919730127154
210,790,0,7.187919730127154
230,790,0,7.187919730127154
250,790,0,7.187919730127154
270,790,0,7.187919730127154
290,790,0,7.187919730127154
310,790,0,7.187919730127154
330,790,0,7.187919730127154
350,790,0,7.187919730127154
370,790,0,7.187919730127154
390,790,0,7.187919730127154
410,790,0,7.187919730127154
430,790,0,7.187919730127154
450,790,0,7.187919730127154
470,790,0,7.187919730127154
490,790,0,7.187919730127154
510,790,0,7.187919730127154
530,790,0,7.187919730127154
550,790,0,7.187919730127154
570,790,0,7.187919730127154
590,790,0,7.187919730127154
610,790,0,7.187919730127154
630,790,0,7.187919730127154
650,790,0,7.187919730127154
670,790,0,7.187919730127154
690,790,0,7.187919730127154
710,790,0,7.187919730127154
730,790,0,7.187919730127154
750,790,0,7.187919730127154
770,790,0,7.187919730127154
790,790,0,7.187919730127154
