x,y,z,ecm
-790,-790,0,5.90264602671821
-770,-790,0,5.90264602671821
-750,-790,0,5.90264602671821
-730,-790,0,5.90264602671821
-710,-790,0,5.90264602671821
-690,-790,0,5.90264602671821
-670,-790,0,5.90264602671821
-650,-790,0,5.90264602671821
-630,-790,0,5.90264602671821
-610,-790,0,5.90264602671821
-590,-790,0,5.90264602671821
-570,-790,0,5.90264602671821
-550,-790,0,5.90264602671821
-530,-790,0,5.90264602671821
-510,-790,0,5.90264602671821
-490,-790,0,5.90264602671821
-470,-790,0,5.90264602671821
-450,-790,0,5.90264602671821
-430,-790,0,5.90264602671821
-410,-790,0,5.90264602671821
-390,-790,0,5.90264602671821
-370,-790,0,5.90264602671821
-350,-790,0,5.90264602671821
-330,-790,0,5.90264602671821
-310,-790,0,5.90264602671821
-290,-790,0,5.90264602671821
-270,-790,0,5.90264602671821
-250,-790,0,5.90264602671821
-230,-790,0,5.90264602671821
-210,-790,0,5.90264602671821
-190,-790,0,5.90264602671821
-170,-790,0,5.90264602671821
-150,-790,0,5.90264602671821
-130,-790,0,5.90264602671821
-110,-790,0,5.90264602671821
-90,-790,0,5.90264602671821
-70,-790,0,5.90264602671821
-50,-790,0,5.90264602671821
-30,-790,0,5.90264602671821
-10,-790,0,5.90264602671821
10,-790,0,5.90264602671821
30,-790,0,5.90264602671821
50,-790,0,5.90264602671821
70,-790,0,5.90264602671821
90,-790,0,5.90264602671821
110,-790,0,5.90264602671821
130,-790,0,5.90264602671821
150,-790,0,5.90264602671821
170,-790,0,5.90264602671821
190,-790,0,5.90264602671821
210,-790,0,5.90264602671821
230,-790,0,5.90264602671821
250,-790,0,5.90264602671821
270,-790,0,5.90264602671821
290,-790,0,5.90264602671821
310,-790,0,5.90264602671821
330,-790,0,5.90264602671821
350,-790,0,5.90264602671821
370,-790,0,5.90264602671821
390,-790,0,5.90264602671821
410,-790,0,5.90264602671821
430,-790,0,5.90264602671821
450,-790,0,5.90264602671821
470,-790,0,5.90264602671821
490,-790,0,5.90264602671821
510,-790,0,5.90264602671821
530,-790,0,5.90264602671821
550,-790,0,5.90264602671821
570,-790,0,5.90264602671821
590,-790,0,5.90264602671821
610,-790,0,5.90264602671821
630,-790,0,5.90264602671821
650,-790,0,5.90264602671821
670,-790,0,5.90264602671821
690,-790,0,5.90264602671821
710,-790,0,5.90264602671821
730,-790,0,5.90264602671821
750,-790,0,5.90264602671821
770,-790,0,5.90264602671821
790,-790,0,5.90264602671821
-790,-770,0,5.90264602671821
-770,-770,0,5.90264602671821
-750,-770,0,5.90264602671821
-730,-770,0,5.90264602671821
-710,-770,0,5.90264602671821
-690,-770,0,5.90264602671821
-670,-770,0,5.90264602671821
-650,-770,0,5.90264602671821
-630,-770,0,5.90264602671821
-610,-770,0,5.90264602671821
-590,-770,0,5.90264602671821
-570,-770,0,5.90264602671821
-550,-770,0,5.90264602671821
-530,-770,0,5.90264602671821
-510,-770,0,5.90264602671821
-490,-770,0,5.90264602671821
-470,-770,0,5.90264602671821
-450,-770,0,5.90264602671821
-430,-770,0,5.90264602671821
-410,-770,0,5.90264602671821
-390,-770,0,5.90264602671821
-370,-770,0,5.90264602671821
-350,-770,0,5.90264602671821
-330,-770,0,5.90264602671821
-310,-770,0,5.90264602671821
-290,-770,0,5.90264602671821
-270,-770,0,5.90264602671821
-250,-770,0,5.90264602671821
-230,-770,0,5.90264602671821
-210,-770,0,5.90264602671821
-190,-770,0,5.90264602671821
-170,-770,0,5.90264602671821
-150,-770,0,5.90264602671821
-130,-770,0,5.90264602671821
-110,-770,0,5.90264602671821
-90,-770,0,5.90264602671821
-70,-770,0,5.90264602671821
-50,-770,0,5.90264602671821
-30,-770,0,5.90264602671821
-10,-770,0,5.90264602671821
10,-770,0,5.90264602671821
30,-770,0,5.90264602671821
50,-770,0,5.90264602671821
70,-770,0,5.90264602671821
90,-770,0,5.90264602671821
110,-770,0,5.90264602671821
130,-770,0,5.90264602671821
150,-770,0,5.90264602671821
170,-770,0,5.90264602671821
190,-770,0,5.90264602671821
210,-770,0,5.90264602671821
230,-770,0,5.90264602671821
250,-770,0,5.90264602671821
270,-770,0,5.90264602671821
290,-770,0,5.90264602671821
310,-770,0,5.90264602671821
330,-770,0,5.90264602671821
350,-770,0,5.90264602671821
370,-770,0,5.90264602671821
390,-770,0,5.90264602671821
410,-770,0,5.90264602671821
430,-770,0,5.90264602671821
450,-770,0,5.90264602671821
470,-770,0,5.90264602671821
490,-770,0,5.90264602671821
510,-770,0,5.90264602671821
530,-770,0,5.90264602671821
550,-770,0,5.90264602671821
570,-770,0,5.90264602671821
590,-770,0,5.90264602671821
610,-770,0,5.90264602671821
630,-770,0,5.90264602671821
650,-770,0,5.90264602671821
670,-770,0,5.90264602671821
690,-770,0,5.90264602671821
710,-770,0,5.90264602671821
730,-770,0,5.90264602671821
750,-770,0,5.90264602671821
770,-770,0,5.90264602671821
790,-770,0,5.90264602671821
-790,-750,0,5.90264602671821
-770,-750,0,5.90264602671821
-750,-750,0,5.90264602671821
-730,-750,0,5.90264602671821
-710,-750,0,5.90264602671821
-690,-750,0,5.90264602671821
-670,-750,0,5.90264602671821
-650,-750,0,5.90264602671821
-630,-750,0,5.90264602671821
-610,-750,0,5.90264602671821
-590,-750,0,5.90264602671821
-570,-750,0,5.90264602671821
-550,-750,0,5.90264602671821
-530,-750,0,5.90264602671821
-510,-750,0,5.90264602671821
-490,-750,0,5.90264602671821
-470,-750,0,5.90264602671821
-450,-750,0,5.90264602671821
-430,-750,0,5.90264602671821
-410,-750,0,5.90264602671821
-390,-750,0,5.90264602671821
-370,-750,0,5.90264602671821
-350,-750,0,5.90264602671821
-330,-750,0,5.90264602671821
-310,-750,0,5.90264602671821
-290,-750,0,5.90264602671821
-270,-750,0,5.90264602671821
-250,-750,0,5.90264602671821
-230,-750,0,5.90264602671821
-210,-750,0,5.90264602671821
-190,-750,0,5.90264602671821
-170,-750,0,5.90264602671821
-150,-750,0,5.90264602671821
-130,-750,0,5.90264602671821
-110,-750,0,5.90264602671821
-90,-750,0,5.90264602671821
-70,-750,0,5.90264602671821
-50,-750,0,5.90264602671821
-30,-750,0,5.90264602671821
-10,-750,0,5.90264602671821
10,-750,0,5.90264602671821
30,-750,0,5.90264602671821
50,-750,0,5.90264602671821
70,-750,0,5.90264602671821
90,-750,0,5.90264602671821
110,-750,0,5.90264602671821
130,-750,0,5.90264602671821
150,-750,0,5.90264602671821
170,-750,0,5.90264602671821
190,-750,0,5.90264602671821
210,-750,0,5.90264602671821
230,-750,0,5.90264602671821
250,-750,0,5.90264602671821
270,-750,0,5.90264602671821
290,-750,0,5.90264602671821
310,-750,0,5.90264602671821
330,-750,0,5.90264602671821
350,-750,0,5.90264602671821
370,-750,0,5.90264602671821
390,-750,0,5.90264602671821
410,-750,0,5.90264602671821
430,-750,0,5.90264602671821
450,-750,0,5.90264602671821
470,-750,0,5.90264602671821
490,-750,0,5.90264602671821
510,-750,0,5.90264602671821
530,-750,0,5.90264602671821
550,-750,0,5.90264602671821
570,-750,0,5.90264602671821
590,-750,0,5.90264602671821
610,-750,0,5.90264602671821
630,-750,0,5.90264602671821
650,-750,0,5.90264602671821
670,-750,0,5.90264602671821
690,-750,0,5.90264602671821
710,-750,0,5.90264602671821
730,-750,0,5.90264602671821
750,-750,0,5.90264602671821
770,-750,0,5.90264602671821
790,-750,0,5.90264602671821
-790,-730,0,5.90264602671821
-770,-730,0,5.90264602671821
-750,-730,0,5.90264602671821
-730,-730,0,5.90264602671821
-710,-730,0,5.90264602671821
-690,-730,0,5.90264602671821
-670,-730,0,5.90264602671821
-650,-730,0,5.90264602671821
-630,-730,0,5.90264602671821
-610,-730,0,5.90264602671821
-590,-730,0,5.90264602671821
-570,-730,0,5.90264602671821
-550,-730,0,5.90264602671821
-530,-730,0,5.90264602671821
-510,-730,0,5.90264602671821
-490,-730,0,5.90264602671821
-470,-730,0,5.90264602671821
-450,-730,0,5.90264602671821
-430,-730,0,5.90264602671821
-410,-730,0,5.90264602671821
-390,-730,0,5.90264602671821
-370,-730,0,5.90264602671821
-350,-730,0,5.90264602671821
-330,-730,0,5.90264602671821
-310,-730,0,5.90264602671821
-290,-730,0,5.90264602671821
-270,-730,0,5.90264602671821
-250,-730,0,5.90264602671821
-230,-730,0,5.90264602671821
-210,-730,0,5.90264602671821
-190,-730,0,5.90264602671821
-170,-730,0,5.90264602671821
-150,-730,0,5.90264602671821
-130,-730,0,5.90264602671821
-110,-730,0,5.90264602671821
-90,-730,0,5.90264602671821
-70,-730,0,5.90264602671821
-50,-730,0,5.90264602671821
-30,-730,0,5.90264602671821
-10,-730,0,5.90264602671821
10,-730,0,5.90264602671821
30,-730,0,5.90264602671821
50,-730,0,5.90264602671821
70,-730,0,5.90264602671821
90,-730,0,5.90264602671821
110,-730,0,5.90264602671821
130,-730,0,5.90264602671821
150,-730,0,5.90264602671821
170,-730,0,5.90264602671821
190,-730,0,5.90264602671821
210,-730,0,5.90264602671821
230,-730,0,5.90264602671821
250,-730,0,5.90264602671821
270,-730,0,5.90264602671821
290,-730,0,5.90264602671821
310,-730,0,5.90264602671821
330,-730,0,5.90264602671821
350,-730,0,5.90264602671821
370,-730,0,5.90264602671821
390,-730,0,5.90264602671821
410,-730,0,5.90264602671821
430,-730,0,5.90264602671821
450,-730,0,5.90264602671821
470,-730,0,5.90264602671821
490,-730,0,5.90264602671821
510,-730,0,5.90264602671821
530,-730,0,5.90264602671821
550,-730,0,5.90264602671821
570,-730,0,5.90264602671821
590,-730,0,5.90264602671821
610,-730,0,5.90264602671821
630,-730,0,5.90264602671821
650,-730,0,5.90264602671821
670,-730,0,5.90264602671821
690,-730,0,5.90264602671821
710,-730,0,5.90264602671821
730,-730,0,5.90264602671821
750,-730,0,5.90264602671821
770,-730,0,5.90264602671821
790,-730,0,5.90264602671821
-790,-710,0,5.90264602671821
-770,-710,0,5.90264602671821
-750,-710,0,5.90264602671821
-730,-710,0,5.90264602671821
-710,-710,0,5.90264602671821
-690,-710,0,5.90264602671821
-670,-710,0,5.90264602671821
-650,-710,0,5.90264602671821
-630,-710,0,5.90264602671821
-610,-710,0,5.90264602671821
-590,-710,0,5.90264602671821
-570,-710,0,5.90264602671821
-550,-710,0,5.90264602671821
-530,-710,0,5.90264602671821
-510,-710,0,5.90264602671821
-490,-710,0,5.90264602671821
-470,-710,0,5.90264602671821
-450,-710,0,5.90264602671821
-430,-710,0,5.90264602671821
-410,-710,0,5.90264602671821
-390,-710,0,5.90264602671821
-370,-710,0,5.90264602671821
-350,-710,0,5.90264602671821
-330,-710,0,5.90264602671821
-310,-710,0,5.90264602671821
-290,-710,0,5.90264602671821
-270,-710,0,5.90264602671821
-250,-710,0,5.90264602671821
-230,-710,0,5.90264602671821
-210,-710,0,5.90264602671821
-190,-710,0,5.90264602671821
-170,-710,0,5.90264602671821
-150,-710,0,5.90264602671821
-130,-710,0,5.90264602671821
-110,-710,0,5.90264602671821
-90,-710,0,5.90264602671821
-70,-710,0,5.90264602671821
-50,-710,0,5.90264602671821
-30,-710,0,5.90264602671821
-10,-710,0,5.90264602671821
10,-710,0,5.90264602671821
30,-710,0,5.90264602671821
50,-710,0,5.90264602671821
70,-710,0,5.90264602671821
90,-710,0,5.90264602671821
110,-710,0,5.90264602671821
130,-710,0,5.90264602671821
150,-710,0,5.90264602671821
170,-710,0,5.90264602671821
190,-710,0,5.90264602671821
210,-710,0,5.90264602671821
230,-710,0,5.90264602671821
250,-710,0,5.90264602671821
270,-710,0,5.90264602671821
290,-710,0,5.90264602671821
310,-710,0,5.90264602671821
330,-710,0,5.90264602671821
350,-710,0,5.90264602671821
370,-710,0,5.90264602671821
390,-710,0,5.90264602671821
410,-710,0,5.90264602671821
430,-710,0,5.90264602671821
450,-710,0,5.90264602671821
470,-710,0,5.90264602671821
490,-710,0,5.90264602671821
510,-710,0,5.90264602671821
530,-710,0,5.90264602671821
550,-710,0,5.90264602671821
570,-710,0,5.90264602671821
590,-710,0,5.90264602671821
610,-710,0,5.90264602671821
630,-710,0,5.90264602671821
650,-710,0,5.90264602671821
670,-710,0,5.90264602671821
690,-710,0,5.90264602671821
710,-710,0,5.90264602671821
730,-710,0,5.90264602671821
750,-710,0,5.90264602671821
770,-710,0,5.90264602671821
790,-710,0,5.90264602671821
-790,-690,0,5.90264602671821
-770,-690,0,5.90264602671821
-750,-690,0,5.90264602671821
-730,-690,0,5.90264602671821
-710,-690,0,5.90264602671821
-690,-690,0,5.90264602671821
-670,-690,0,5.90264602671821
-650,-690,0,5.90264602671821
-630,-690,0,5.90264602671821
-610,-690,0,5.90264602671821
-590,-690,0,5.90264602671821
-570,-690,0,5.90264602671821
-550,-690,0,5.90264602671821
-530,-690,0,5.90264602671821
-510,-690,0,5.90264602671821
-490,-690,0,5.90264602671821
-470,-690,0,5.90264602671821
-450,-690,0,5.90264602671821
-430,-690,0,5.90264602671821
-410,-690,0,5.90264602671821
-390,-690,0,5.90264602671821
-370,-690,0,5.90264602671821
-350,-690,0,5.90264602671821
-330,-690,0,5.90264602671821
-310,-690,0,5.90264602671821
-290,-690,0,5.90264602671821
-270,-690,0,5.90264602671821
-250,-690,0,5.90264602671821
-230,-690,0,5.90264602671821
-210,-690,0,5.90264602671821
-190,-690,0,5.90264602671821
-170,-690,0,5.90264602671821
-150,-690,0,5.90264602671821
-130,-690,0,5.90264602671821
-110,-690,0,5.90264602671821
-90,-690,0,5.90264602671821
-70,-690,0,5.90264602671821
-50,-690,0,5.90264602671821
-30,-690,0,5.90264602671821
-10,-690,0,5.90264602671821
10,-690,0,5.90264602671821
30,-690,0,5.90264602671821
50,-690,0,5.90264602671821
70,-690,0,5.90264602671821
90,-690,0,5.90264602671821
110,-690,0,5.90264602671821
130,-690,0,5.90264602671821
150,-690,0,5.90264602671821
170,-690,0,5.90264602671821
190,-690,0,5.90264602671821
210,-690,0,5.90264602671821
230,-690,0,5.90264602671821
250,-690,0,5.90264602671821
270,-690,0,5.90264602671821
290,-690,0,5.90264602671821
310,-690,0,5.90264602671821
330,-690,0,5.90264602671821
350,-690,0,5.90264602671821
370,-690,0,5.90264602671821
390,-690,0,5.90264602671821
410,-690,0,5.90264602671821
430,-690,0,5.90264602671821
450,-690,0,5.90264602671821
470,-690,0,5.90264602671821
490,-690,0,5.90264602671821
510,-690,0,5.90264602671821
530,-690,0,5.90264602671821
550,-690,0,5.90264602671821
570,-690,0,5.90264602671821
590,-690,0,5.90264602671821
610,-690,0,5.90264602671821
630,-690,0,5.90264602671821
650,-690,0,5.90264602671821
670,-690,0,5.90264602671821
690,-690,0,5.90264602671821
710,-690,0,5.90264602671821
730,-690,0,5.90264602671821
750,-690,0,5.90264602671821
770,-690,0,5.90264602671821
790,-690,0,5.90264602671821
-790,-670,0,5.90264602671821
-770,-670,0,5.90264602671821
-750,-670,0,5.90264602671821
-730,-670,0,5.90264602671821
-710,-670,0,5.90264602671821
-690,-670,0,5.90264602671821
-670,-670,0,5.90264602671821
-650,-670,0,5.90264602671821
-630,-670,0,5.90264602671821
-610,-670,0,5.90264602671821
-590,-670,0,5.90264602671821
-570,-670,0,5.90264602671821
-550,-670,0,5.90264602671821
-530,-670,0,5.90264602671821
-510,-670,0,5.90264602671821
-490,-670,0,5.90264602671821
-470,-670,0,5.90264602671821
-450,-670,0,5.90264602671821
-430,-670,0,5.90264602671821
-410,-670,0,5.90264602671821
-390,-670,0,5.90264602671821
-370,-670,0,5.90264602671821
-350,-670,0,5.90264602671821
-330,-670,0,5.90264602671821
-310,-670,0,5.90264602671821
-290,-670,0,5.90264602671821
-270,-670,0,5.90264602671821
-250,-670,0,5.90264602671821
-230,-670,0,5.90264602671821
-210,-670,0,5.90264602671821
-190,-670,0,5.90264602671821
-170,-670,0,5.90264602671821
-150,-670,0,5.90264602671821
-130,-670,0,5.90264602671821
-110,-670,0,5.90264602671821
-90,-670,0,5.90264602671821
-70,-670,0,5.90264602671821
-50,-670,0,5.90264602671821
-30,-670,0,5.90264602671821
-10,-670,0,5.90264602671821
10,-670,0,5.90264602671821
30,-670,0,5.90264602671821
50,-670,0,5.90264602671821
70,-670,0,5.90264602671821
90,-670,0,5.90264602671821
110,-670,0,5.90264602671821
130,-670,0,5.90264602671821
150,-670,0,5.90264602671821
170,-670,0,5.90264602671821
190,-670,0,5.90264602671821
210,-670,0,5.90264602671821
230,-670,0,5.90264602671821
250,-670,0,5.90264602671821
270,-670,0,5.90264602671821
290,-670,0,5.90264602671821
310,-670,0,5.90264602671821
330,-670,0,5.90264602671821
350,-670,0,5.90264602671821
370,-670,0,5.90264602671821
390,-670,0,5.90264602671821
410,-670,0,5.90264602671821
430,-670,0,5.90264602671821
450,-670,0,5.90264602671821
470,-670,0,5.90264602671821
490,-670,0,5.90264602671821
510,-670,0,5.90264602671821
530,-670,0,5.90264602671821
550,-670,0,5.90264602671821
570,-670,0,5.90264602671821
590,-670,0,5.90264602671821
610,-670,0,5.90264602671821
630,-670,0,5.90264602671821
650,-670,0,5.90264602671821
670,-670,0,5.90264602671821
690,-670,0,5.90264602671821
710,-670,0,5.90264602671821
730,-670,0,5.90264602671821
750,-670,0,5.90264602671821
770,-670,0,5.90264602671821
790,-670,0,5.90264602671821
-790,-650,0,5.90264602671821
-770,-650,0,5.90264602671821
-750,-650,0,5.90264602671821
-730,-650,0,5.90264602671821
-710,-650,0,5.90264602671821
-690,-650,0,5.90264602671821
-670,-650,0,5.90264602671821
-650,-650,0,5.90264602671821
-630,-650,0,5.90264602671821
-610,-650,0,5.90264602671821
-590,-650,0,5.90264602671821
-570,-650,0,5.90264602671821
-550,-650,0,5.90264602671821
-530,-650,0,5.90264602671821
-510,-650,0,5.90264602671821
-490,-650,0,5.90264602671821
-470,-650,0,5.90264602671821
-450,-650,0,5.90264602671821
-430,-650,0,5.90264602671821
-410,-650,0,5.90264602671821
-390,-650,0,5.90264602671821
-370,-650,0,5.90264602671821
-350,-650,0,5.90264602671821
-330,-650,0,5.90264602671821
-310,-650,0,5.90264602671821
-290,-650,0,5.90264602671821
-270,-650,0,5.90264602671821
-250,-650,0,5.90264602671821
-230,-650,0,5.90264602671821
-210,-650,0,5.90264602671821
-190,-650,0,5.90264602671821
-170,-650,0,5.90264602671821
-150,-650,0,5.90264602671821
-130,-650,0,5.90264602671821
-110,-650,0,5.90264602671821
-90,-650,0,5.90264602671821
-70,-650,0,5.90264602671821
-50,-650,0,5.90264602671821
-30,-650,0,5.90264602671821
-10,-650,0,5.90264602671821
10,-650,0,5.90264602671821
30,-650,0,5.90264602671821
50,-650,0,5.90264602671821
70,-650,0,5.90264602671821
90,-650,0,5.90264602671821
110,-650,0,5.90264602671821
130,-650,0,5.90264602671821
150,-650,0,5.90264602671821
170,-650,0,5.90264602671821
190,-650,0,5.90264602671821
210,-650,0,5.90264602671821
230,-650,0,5.90264602671821
250,-650,0,5.90264602671821
270,-650,0,5.90264602671821
290,-650,0,5.90264602671821
310,-650,0,5.90264602671821
330,-650,0,5.90264602671821
350,-650,0,5.90264602671821
370,-650,0,5.90264602671821
390,-650,0,5.90264602671821
410,-650,0,5.90264602671821
430,-650,0,5.90264602671821
450,-650,0,5.90264602671821
470,-650,0,5.90264602671821
490,-650,0,5.90264602671821
510,-650,0,5.90264602671821
530,-650,0,5.90264602671821
550,-650,0,5.90264602671821
570,-650,0,5.90264602671821
590,-650,0,5.90264602671821
610,-650,0,5.90264602671821
630,-650,0,5.90264602671821
650,-650,0,5.90264602671821
670,-650,0,5.90264602671821
690,-650,0,5.90264602671821
710,-650,0,5.90264602671821
730,-650,0,5.90264602671821
750,-650,0,5.90264602671821
770,-650,0,5.90264602671821
790,-650,0,5.90264602671821
-790,-630,0,5.90264602671821
-770,-630,0,5.90264602671821
-750,-630,0,5.90264602671821
-730,-630,0,5.90264602671821
-710,-630,0,5.90264602671821
-690,-630,0,5.90264602671821
-670,-630,0,5.90264602671821
-650,-630,0,5.90264602671821
-630,-630,0,5.90264602671821
-610,-630,0,5.90264602671821
-590,-630,0,5.90264602671821
-570,-630,0,5.90264602671821
-550,-630,0,5.90264602671821
-530,-630,0,5.90264602671821
-510,-630,0,5.90264602671821
-490,-630,0,5.90264602671821
-470,-630,0,5.90264602671821
-450,-630,0,5.90264602671821
-430,-630,0,5.90264602671821
-410,-630,0,5.90264602671821
-390,-630,0,5.90264602671821
-370,-630,0,5.90264602671821
-350,-630,0,5.90264602671821
-330,-630,0,5.90264602671821
-310,-630,0,5.90264602671821
-290,-630,0,5.90264602671821
-270,-630,0,5.90264602671821
-250,-630,0,5.90264602671821
-230,-630,0,5.90264602671821
-210,-630,0,5.90264602671821
-190,-630,0,5.90264602671821
-170,-630,0,5.90264602671821
-150,-630,0,5.90264602671821
-130,-630,0,5.90264602671821
-110,-630,0,5.90264602671821
-90,-630,0,5.90264602671821
-70,-630,0,5.90264602671821
-50,-630,0,5.90264602671821
-30,-630,0,5.90264602671821
-10,-630,0,5.90264602671821
10,-630,0,5.90264602671821
30,-630,0,5.90264602671821
50,-630,0,5.90264602671821
70,-630,0,5.90264602671821
90,-630,0,5.90264602671821
110,-630,0,5.90264602671821
130,-630,0,5.90264602671821
150,-630,0,5.90264602671821
170,-630,0,5.90264602671821
190,-630,0,5.90264602671821
210,-630,0,5.90264602671821
230,-630,0,5.90264602671821
250,-630,0,5.90264602671821
270,-630,0,5.90264602671821
290,-630,0,5.90264602671821
310,-630,0,5.90264602671821
330,-630,0,5.90264602671821
350,-630,0,5.90264602671821
370,-630,0,5.90264602671821
390,-630,0,5.90264602671821
410,-630,0,5.90264602671821
430,-630,0,5.90264602671821
450,-630,0,5.90264602671821
470,-630,0,5.90264602671821
490,-630,0,5.90264602671821
510,-630,0,5.90264602671821
530,-630,0,5.90264602671821
550,-630,0,5.90264602671821
570,-630,0,5.90264602671821
590,-630,0,5.90264602671821
610,-630,0,5.90264602671821
630,-630,0,5.90264602671821
650,-630,0,5.90264602671821
670,-630,0,5.90264602671821
690,-630,0,5.90264602671821
710,-630,0,5.90264602671821
730,-630,0,5.90264602671821
750,-630,0,5.90264602671821
770,-630,0,5.90264602671821
790,-630,0,5.90264602671821
-790,-610,0,5.90264602671821
-770,-610,0,5.90264602671821
-750,-610,0,5.90264602671821
-730,-610,0,5.90264602671821
-710,-610,0,5.90264602671821
-690,-610,0,5.90264602671821
-670,-610,0,5.90264602671821
-650,-610,0,5.90264602671821
-630,-610,0,5.90264602671821
-610,-610,0,5.90264602671821
-590,-610,0,5.90264602671821
-570,-610,0,5.90264602671821
-550,-610,0,5.90264602671821
-530,-610,0,5.90264602671821
-510,-610,0,5.90264602671821
-490,-610,0,5.90264602671821
-470,-610,0,5.90264602671821
-450,-610,0,5.90264602671821
-430,-610,0,5.90264602671821
-410,-610,0,5.90264602671821
-390,-610,0,5.90264602671821
-370,-610,0,5.90264602671821
-350,-610,0,5.90264602671821
-330,-610,0,5.90264602671821
-310,-610,0,5.90264602671821
-290,-610,0,5.90264602671821
-270,-610,0,5.90264602671821
-250,-610,0,5.90264602671821
-230,-610,0,5.90264602671821
-210,-610,0,5.90264602671821
-190,-610,0,5.90264602671821
-170,-610,0,5.90264602671821
-150,-610,0,5.90264602671821
-130,-610,0,5.90264602671821
-110,-610,0,5.90264602671821
-90,-610,0,5.90264602671821
-70,-610,0,5.90264602671821
-50,-610,0,5.90264602671821
-30,-610,0,5.90264602671821
-10,-610,0,5.90264602671821
10,-610,0,5.90264602671821
30,-610,0,5.90264602671821
50,-610,0,5.90264602671821
70,-610,0,5.90264602671821
90,-610,0,5.90264602671821
110,-610,0,5.90264602671821
130,-610,0,5.90264602671821
150,-610,0,5.90264602671821
170,-610,0,5.90264602671821
190,-610,0,5.90264602671821
210,-610,0,5.90264602671821
230,-610,0,5.90264602671821
250,-610,0,5.90264602671821
270,-610,0,5.90264602671821
290,-610,0,5.90264602671821
310,-610,0,5.90264602671821
330,-610,0,5.90264602671821
350,-610,0,5.90264602671821
370,-610,0,5.90264602671821
390,-610,0,5.90264602671821
410,-610,0,5.90264602671821
430,-610,0,5.90264602671821
450,-610,0,5.90264602671821
470,-610,0,5.90264602671821
490,-610,0,5.90264602671821
510,-610,0,5.90264602671821
530,-610,0,5.90264602671821
550,-610,0,5.90264602671821
570,-610,0,5.90264602671821
590,-610,0,5.90264602671821
610,-610,0,5.90264602671821
630,-610,0,5.90264602671821
650,-610,0,5.90264602671821
670,-610,0,5.90264602671821
690,-610,0,5.90264602671821
710,-610,0,5.90264602671821
730,-610,0,5.90264602671821
750,-610,0,5.90264602671821
770,-610,0,5.90264602671821
790,-610,0,5.90264602671821
-790,-590,0,5.90264602671821
-770,-590,0,5.90264602671821
-750,-590,0,5.90264602671821
-730,-590,0,5.90264602671821
-710,-590,0,5.90264602671821
-690,-590,0,5.90264602671821
-670,-590,0,5.90264602671821
-650,-590,0,5.90264602671821
-630,-590,0,5.90264602671821
-610,-590,0,5.90264602671821
-590,-590,0,5.90264602671821
-570,-590,0,5.90264602671821
-550,-590,0,5.90264602671821
-530,-590,0,5.90264602671821
-510,-590,0,5.90264602671821
-490,-590,0,5.90264602671821
-470,-590,0,5.90264602671821
-450,-590,0,5.90264602671821
-430,-590,0,5.90264602671821
-410,-590,0,5.90264602671821
-390,-590,0,5.90264602671821
-370,-590,0,5.90264602671821
-350,-590,0,5.90264602671821
-330,-590,0,5.90264602671821
-310,-590,0,5.90264602671821
-290,-590,0,5.90264602671821
-270,-590,0,5.90264602671821
-250,-590,0,5.90264602671821
-230,-590,0,5.90264602671821
-210,-590,0,5.90264602671821
-190,-590,0,5.90264602671821
-170,-590,0,5.90264602671821
-150,-590,0,5.90264602671821
-130,-590,0,5.90264602671821
-110,-590,0,5.90264602671821
-90,-590,0,5.90264602671821
-70,-590,0,5.90264602671821
-50,-590,0,5.90264602671821
-30,-590,0,5.90264602671821
-10,-590,0,5.90264602671821
10,-590,0,5.90264602671821
30,-590,0,5.90264602671821
50,-590,0,5.90264602671821
70,-590,0,5.90264602671821
90,-590,0,5.90264602671821
110,-590,0,5.90264602671821
130,-590,0,5.90264602671821
150,-590,0,5.90264602671821
170,-590,0,5.90264602671821
190,-590,0,5.90264602671821
210,-590,0,5.90264602671821
230,-590,0,5.90264602671821
250,-590,0,5.90264602671821
270,-590,0,5.90264602671821
290,-590,0,5.90264602671821
310,-590,0,5.90264602671821
330,-590,0,5.90264602671821
350,-590,0,5.90264602671821
370,-590,0,5.90264602671821
390,-590,0,5.90264602671821
410,-590,0,5.90264602671821
430,-590,0,5.90264602671821
450,-590,0,5.90264602671821
470,-590,0,5.90264602671821
490,-590,0,5.90264602671821
510,-590,0,5.90264602671821
530,-590,0,5.90264602671821
550,-590,0,5.90264602671821
570,-590,0,5.90264602671821
590,-590,0,5.90264602671821
610,-590,0,5.90264602671821
630,-590,0,5.90264602671821
650,-590,0,5.90264602671821
670,-590,0,5.90264602671821
690,-590,0,5.90264602671821
710,-590,0,5.90264602671821
730,-590,0,5.90264602671821
750,-590,0,5.90264602671821
770,-590,0,5.90264602671821
790,-590,0,5.90264602671821
-790,-570,0,5.90264602671821
-770,-570,0,5.90264602671821
-750,-570,0,5.90264602671821
-730,-570,0,5.90264602671821
-710,-570,0,5.90264602671821
-690,-570,0,5.90264602671821
-670,-570,0,5.90264602671821
-650,-570,0,5.90264602671821
-630,-570,0,5.90264602671821
-610,-570,0,5.90264602671821
-590,-570,0,5.90264602671821
-570,-570,0,5.90264602671821
-550,-570,0,5.90264602671821
-530,-570,0,5.90264602671821
-510,-570,0,5.90264602671821
-490,-570,0,5.90264602671821
-470,-570,0,5.90264602671821
-450,-570,0,5.90264602671821
-430,-570,0,5.90264602671821
-410,-570,0,5.90264602671821
-390,-570,0,5.90264602671821
-370,-570,0,5.90264602671821
-350,-570,0,5.90264602671821
-330,-570,0,5.90264602671821
-310,-570,0,5.90264602671821
-290,-570,0,5.90264602671821
-270,-570,0,5.90264602671821
-250,-570,0,5.90264602671821
-230,-570,0,5.90264602671821
-210,-570,0,5.90264602671821
-190,-570,0,5.90264602671821
-170,-570,0,5.90264602671821
-150,-570,0,5.90264602671821
-130,-570,0,5.90264602671821
-110,-570,0,5.90264602671821
-90,-570,0,5.90264602671821
-70,-570,0,5.90264602671821
-50,-570,0,5.90264602671821
-30,-570,0,5.90264602671821
-10,-570,0,5.90264602671821
10,-570,0,5.90264602671821
30,-570,0,5.90264602671821
50,-570,0,5.90264602671821
70,-570,0,5.90264602671821
90,-570,0,5.90264602671821
110,-570,0,5.90264602671821
130,-570,0,5.90264602671821
150,-570,0,5.90264602671821
170,-570,0,5.90264602671821
190,-570,0,5.90264602671821
210,-570,0,5.90264602671821
230,-570,0,5.90264602671821
250,-570,0,5.90264602671821
270,-570,0,5.90264602671821
290,-570,0,5.90264602671821
310,-570,0,5.90264602671821
330,-570,0,5.90264602671821
350,-570,0,5.90264602671821
370,-570,0,5.90264602671821
390,-570,0,5.90264602671821
410,-570,0,5.90264602671821
430,-570,0,5.90264602671821
450,-570,0,5.90264602671821
470,-570,0,5.90264602671821
490,-570,0,5.90264602671821
510,-570,0,5.90264602671821
530,-570,0,5.90264602671821
550,-570,0,5.90264602671821
570,-570,0,5.90264602671821
590,-570,0,5.90264602671821
610,-570,0,5.90264602671821
630,-570,0,5.90264602671821
650,-570,0,5.90264602671821
670,-570,0,5.90264602671821
690,-570,0,5.90264602671821
710,-570,0,5.90264602671821
730,-570,0,5.90264602671821
750,-570,0,5.90264602671821
770,-570,0,5.90264602671821
790,-570,0,5.90264602671821
-790,-550,0,5.90264602671821
-770,-550,0,5.90264602671821
-750,-550,0,5.90264602671821
-730,-550,0,5.90264602671821
-710,-550,0,5.90264602671821
-690,-550,0,5.90264602671821
-670,-550,0,5.90264602671821
-650,-550,0,5.90264602671821
-630,-550,0,5.90264602671821
-610,-550,0,5.90264602671821
-590,-550,0,5.90264602671821
-570,-550,0,5.90264602671821
-550,-550,0,5.90264602671821
-530,-550,0,5.90264602671821
-510,-550,0,5.90264602671821
-490,-550,0,5.90264602671821
-470,-550,0,5.90264602671821
-450,-550,0,5.90264602671821
-430,-550,0,5.90264602671821
-410,-550,0,5.90264602671821
-390,-550,0,5.90264602671821
-370,-550,0,5.90264602671821
-350,-550,0,5.90264602671821
-330,-550,0,5.90264602671821
-310,-550,0,5.90264602671821
-290,-550,0,5.90264602671821
-270,-550,0,5.90264602671821
-250,-550,0,5.90264602671821
-230,-550,0,5.90264602671821
-210,-550,0,5.90264602671821
-190,-550,0,5.90264602671821
-170,-550,0,5.90264602671821
-150,-550,0,5.90264602671821
-130,-550,0,5.90264602671821
-110,-550,0,5.90264602671821
-90,-550,0,5.90264602671821
-70,-550,0,5.90264602671821
-50,-550,0,5.90264602671821
-30,-550,0,5.90264602671821
-10,-550,0,5.90264602671821
10,-550,0,5.90264602671821
30,-550,0,5.90264602671821
50,-550,0,5.90264602671821
70,-550,0,5.90264602671821
90,-550,0,5.90264602671821
110,-550,0,5.90264602671821
130,-550,0,5.90264602671821
150,-550,0,5.90264602671821
170,-550,0,5.90264602671821
190,-550,0,5.90264602671821
210,-550,0,5.90264602671821
230,-550,0,5.90264602671821
250,-550,0,5.90264602671821
270,-550,0,5.90264602671821
290,-550,0,5.90264602671821
310,-550,0,5.90264602671821
330,-550,0,5.90264602671821
350,-550,0,5.90264602671821
370,-550,0,5.90264602671821
390,-550,0,5.90264602671821
410,-550,0,5.90264602671821
430,-550,0,5.90264602671821
450,-550,0,5.90264602671821
470,-550,0,5.90264602671821
490,-550,0,5.90264602671821
510,-550,0,5.90264602671821
530,-550,0,5.90264602671821
550,-550,0,5.90264602671821
570,-550,0,5.90264602671821
590,-550,0,5.90264602671821
610,-550,0,5.90264602671821
630,-550,0,5.90264602671821
650,-550,0,5.90264602671821
670,-550,0,5.90264602671821
690,-550,0,5.90264602671821
710,-550,0,5.90264602671821
730,-550,0,5.90264602671821
750,-550,0,5.90264602671821
770,-550,0,5.90264602671821
790,-550,0,5.90264602671821
-790,-530,0,5.90264602671821
-770,-530,0,5.90264602671821
-750,-530,0,5.90264602671821
-730,-530,0,5.90264602671821
-710,-530,0,5.90264602671821
-690,-530,0,5.90264602671821
-670,-530,0,5.90264602671821
-650,-530,0,5.90264602671821
-630,-530,0,5.90264602671821
-610,-530,0,5.90264602671821
-590,-530,0,5.90264602671821
-570,-530,0,5.90264602671821
-550,-530,0,5.90264602671821
-530,-530,0,5.90264602671821
-510,-530,0,5.90264602671821
-490,-530,0,5.90264602671821
-470,-530,0,5.90264602671821
-450,-530,0,5.90264602671821
-430,-530,0,5.90264602671821
-410,-530,0,5.90264602671821
-390,-530,0,5.90264602671821
-370,-530,0,5.90264602671821
-350,-530,0,5.90264602671821
-330,-530,0,5.90264602671821
-310,-530,0,5.90264602671821
-290,-530,0,5.90264602671821
-270,-530,0,5.90264602671821
-250,-530,0,5.90264602671821
-230,-530,0,5.90264602671821
-210,-530,0,5.90264602671821
-190,-530,0,5.90264602671821
-170,-530,0,5.90264602671821
-150,-530,0,5.90264602671821
-130,-530,0,5.90264602671821
-110,-530,0,5.90264602671821
-90,-530,0,5.90264602671821
-70,-530,0,5.90264602671821
-50,-530,0,5.90264602671821
-30,-530,0,5.90264602671821
-10,-530,0,5.90264602671821
10,-530,0,5.90264602671821
30,-530,0,5.90264602671821
50,-530,0,5.90264602671821
70,-530,0,5.90264602671821
90,-530,0,5.90264602671821
110,-530,0,5.90264602671821
130,-530,0,5.90264602671821
150,-530,0,5.90264602671821
170,-530,0,5.90264602671821
190,-530,0,5.90264602671821
210,-530,0,5.90264602671821
230,-530,0,5.90264602671821
250,-530,0,5.90264602671821
270,-530,0,5.90264602671821
290,-530,0,5.90264602671821
310,-530,0,5.90264602671821
330,-530,0,5.90264602671821
350,-530,0,5.90264602671821
370,-530,0,5.90264602671821
390,-530,0,5.90264602671821
410,-530,0,5.90264602671821
430,-530,0,5.90264602671821
450,-530,0,5.90264602671821
470,-530,0,5.90264602671821
490,-530,0,5.90264602671821
510,-530,0,5.90264602671821
530,-530,0,5.90264602671821
550,-530,0,5.90264602671821
570,-530,0,5.90264602671821
590,-530,0,5.90264602671821
610,-530,0,5.90264602671821
630,-530,0,5.90264602671821
650,-530,0,5.90264602671821
670,-530,0,5.90264602671821
690,-530,0,5.90264602671821
710,-530,0,5.90264602671821
730,-530,0,5.90264602671821
750,-530,0,5.90264602671821
770,-530,0,5.90264602671821
790,-530,0,5.90264602671821
-790,-510,0,5.90264602671821
-770,-510,0,5.90264602671821
-750,-510,0,5.90264602671821
-730,-510,0,5.90264602671821
-710,-510,0,5.90264602671821
-690,-510,0,5.90264602671821
-670,-510,0,5.90264602671821
-650,-510,0,5.90264602671821
-630,-510,0,5.90264602671821
-610,-510,0,5.90264602671821
-590,-510,0,5.90264602671821
-570,-510,0,5.90264602671821
-550,-510,0,5.90264602671821
-530,-510,0,5.90264602671821
-510,-510,0,5.90264602671821
-490,-510,0,5.90264602671821
-470,-510,0,5.90264602671821
-450,-510,0,5.90264602671821
-430,-510,0,5.90264602671821
-410,-510,0,5.90264602671821
-390,-510,0,5.90264602671821
-370,-510,0,5.90264602671821
-350,-510,0,5.90264602671821
-330,-510,0,5.90264602671821
-310,-510,0,5.90264602671821
-290,-510,0,5.90264602671821
-270,-510,0,5.90264602671821
-250,-510,0,5.90264602671821
-230,-510,0,5.90264602671821
-210,-510,0,5.90264602671821
-190,-510,0,5.90264602671821
-170,-510,0,5.90264602671821
-150,-510,0,5.90264602671821
-130,-510,0,5.90264602671821
-110,-510,0,5.90264602671821
-90,-510,0,5.90264602671821
-70,-510,0,5.90264602671821
-50,-510,0,5.90264602671821
-30,-510,0,5.90264602671821
-10,-510,0,5.90264602671821
10,-510,0,5.90264602671821
30,-510,0,5.90264602671821
50,-510,0,5.90264602671821
70,-510,0,5.90264602671821
90,-510,0,5.90264602671821
110,-510,0,5.90264602671821
130,-510,0,5.90264602671821
150,-510,0,5.90264602671821
170,-510,0,5.90264602671821
190,-510,0,5.90264602671821
210,-510,0,5.90264602671821
230,-510,0,5.90264602671821
250,-510,0,5.90264602671821
270,-510,0,5.90264602671821
290,-510,0,5.90264602671821
310,-510,0,5.90264602671821
330,-510,0,5.90264602671821
350,-510,0,5.90264602671821
370,-510,0,5.90264602671821
390,-510,0,5.90264602671821
410,-510,0,5.90264602671821
430,-510,0,5.90264602671821
450,-510,0,5.90264602671821
470,-510,0,5.90264602671821
490,-510,0,5.90264602671821
510,-510,0,5.90264602671821
530,-510,0,5.90264602671821
550,-510,0,5.90264602671821
570,-510,0,5.90264602671821
590,-510,0,5.90264602671821
610,-510,0,5.90264602671821
630,-510,0,5.90264602671821
650,-510,0,5.90264602671821
670,-510,0,5.90264602671821
690,-510,0,5.90264602671821
710,-510,0,5.90264602671821
730,-510,0,5.90264602671821
750,-510,0,5.90264602671821
770,-510,0,5.90264602671821
790,-510,0,5.90264602671821
-790,-490,0,5.90264602671821
-770,-490,0,5.90264602671821
-750,-490,0,5.90264602671821
-730,-490,0,5.90264602671821
-710,-490,0,5.90264602671821
-690,-490,0,5.90264602671821
-670,-490,0,5.90264602671821
-650,-490,0,5.90264602671821
-630,-490,0,5.90264602671821
-610,-490,0,5.90264602671821
-590,-490,0,5.90264602671821
-570,-490,0,5.90264602671821
-550,-490,0,5.90264602671821
-530,-490,0,5.90264602671821
-510,-490,0,5.90264602671821
-490,-490,0,5.90264602671821
-470,-490,0,5.90264602671821
-450,-490,0,5.90264602671821
-430,-490,0,5.90264602671821
-410,-490,0,5.90264602671821
-390,-490,0,5.90264602671821
-370,-490,0,5.90264602671821
-350,-490,0,5.90264602671821
-330,-490,0,5.90264602671821
-310,-490,0,5.90264602671821
-290,-490,0,5.90264602671821
-270,-490,0,5.90264602671821
-250,-490,0,5.90264602671821
-230,-490,0,5.90264602671821
-210,-490,0,5.90264602671821
-190,-490,0,5.90264602671821
-170,-490,0,5.90264602671821
-150,-490,0,5.90264602671821
-130,-490,0,5.90264602671821
-110,-490,0,5.90264602671821
-90,-490,0,5.90264602671821
-70,-490,0,5.90264602671821
-50,-490,0,5.90264602671821
-30,-490,0,5.90264602671821
-10,-490,0,5.90264602671821
10,-490,0,5.90264602671821
30,-490,0,5.90264602671821
50,-490,0,5.90264602671821
70,-490,0,5.90264602671821
90,-490,0,5.90264602671821
110,-490,0,5.90264602671821
130,-490,0,5.90264602671821
150,-490,0,5.90264602671821
170,-490,0,5.90264602671821
190,-490,0,5.90264602671821
210,-490,0,5.90264602671821
230,-490,0,5.90264602671821
250,-490,0,5.90264602671821
270,-490,0,5.90264602671821
290,-490,0,5.90264602671821
310,-490,0,5.90264602671821
330,-490,0,5.90264602671821
350,-490,0,5.90264602671821
370,-490,0,5.90264602671821
390,-490,0,5.90264602671821
410,-490,0,5.90264602671821
430,-490,0,5.90264602671821
450,-490,0,5.90264602671821
470,-490,0,5.90264602671821
490,-490,0,5.90264602671821
510,-490,0,5.90264602671821
530,-490,0,5.90264602671821
550,-490,0,5.90264602671821
570,-490,0,5.90264602671821
590,-490,0,5.90264602671821
610,-490,0,5.90264602671821
630,-490,0,5.90264602671821
650,-490,0,5.90264602671821
670,-490,0,5.90264602671821
690,-490,0,5.90264602671821
710,-490,0,5.90264602671821
730,-490,0,5.90264602671821
750,-490,0,5.90264602671821
770,-490,0,5.90264602671821
790,-490,0,5.90264602671821
-790,-470,0,5.90264602671821
-770,-470,0,5.90264602671821
-750,-470,0,5.90264602671821
-730,-470,0,5.90264602671821
-710,-470,0,5.90264602671821
-690,-470,0,5.90264602671821
-670,-470,0,5.90264602671821
-650,-470,0,5.90264602671821
-630,-470,0,5.90264602671821
-610,-470,0,5.90264602671821
-590,-470,0,5.90264602671821
-570,-470,0,5.90264602671821
-550,-470,0,5.90264602671821
-530,-470,0,5.90264602671821
-510,-470,0,5.90264602671821
-490,-470,0,5.90264602671821
-470,-470,0,5.90264602671821
-450,-470,0,5.90264602671821
-430,-470,0,5.90264602671821
-410,-470,0,5.90264602671821
-390,-470,0,5.90264602671821
-370,-470,0,5.90264602671821
-350,-470,0,5.90264602671821
-330,-470,0,5.90264602671821
-310,-470,0,5.90264602671821
-290,-470,0,5.90264602671821
-270,-470,0,5.90264602671821
-250,-470,0,5.90264602671821
-230,-470,0,5.90264602671821
-210,-470,0,5.90264602671821
-190,-470,0,5.90264602671821
-170,-470,0,5.90264602671821
-150,-470,0,5.90264602671821
-130,-470,0,5.90264602671821
-110,-470,0,5.90264602671821
-90,-470,0,5.90264602671821
-70,-470,0,5.90264602671821
-50,-470,0,5.90264602671821
-30,-470,0,5.90264602671821
-10,-470,0,5.90264602671821
10,-470,0,5.90264602671821
30,-470,0,5.90264602671821
50,-470,0,5.90264602671821
70,-470,0,5.90264602671821
90,-470,0,5.90264602671821
110,-470,0,5.90264602671821
130,-470,0,5.90264602671821
150,-470,0,5.90264602671821
170,-470,0,5.90264602671821
190,-470,0,5.90264602671821
210,-470,0,5.90264602671821
230,-470,0,5.90264602671821
250,-470,0,5.90264602671821
270,-470,0,5.90264602671821
290,-470,0,5.90264602671821
310,-470,0,5.90264602671821
330,-470,0,5.90264602671821
350,-470,0,5.90264602671821
370,-470,0,5.90264602671821
390,-470,0,5.90264602671821
410,-470,0,5.90264602671821
430,-470,0,5.90264602671821
450,-470,0,5.90264602671821
470,-470,0,5.90264602671821
490,-470,0,5.90264602671821
510,-470,0,5.90264602671821
530,-470,0,5.90264602671821
550,-470,0,5.90264602671821
570,-470,0,5.90264602671821
590,-470,0,5.90264602671821
610,-470,0,5.90264602671821
630,-470,0,5.90264602671821
650,-470,0,5.90264602671821
670,-470,0,5.90264602671821
690,-470,0,5.90264602671821
710,-470,0,5.90264602671821
730,-470,0,5.90264602671821
750,-470,0,5.90264602671821
770,-470,0,5.90264602671821
790,-470,0,5.90264602671821
-790,-450,0,5.90264602671821
-770,-450,0,5.90264602671821
-750,-450,0,5.90264602671821
-730,-450,0,5.90264602671821
-710,-450,0,5.90264602671821
-690,-450,0,5.90264602671821
-670,-450,0,5.90264602671821
-650,-450,0,5.90264602671821
-630,-450,0,5.90264602671821
-610,-450,0,5.90264602671821
-590,-450,0,5.90264602671821
-570,-450,0,5.90264602671821
-550,-450,0,5.90264602671821
-530,-450,0,5.90264602671821
-510,-450,0,5.90264602671821
-490,-450,0,5.90264602671821
-470,-450,0,5.90264602671821
-450,-450,0,5.90264602671821
-430,-450,0,5.90264602671821
-410,-450,0,5.90264602671821
-390,-450,0,5.90264602671821
-370,-450,0,5.90264602671821
-350,-450,0,5.90264602671821
-330,-450,0,5.90264602671821
-310,-450,0,5.90264602671821
-290,-450,0,5.90264602671821
-270,-450,0,5.90264602671821
-250,-450,0,5.90264602671821
-230,-450,0,5.90264602671821
-210,-450,0,5.90264602671821
-190,-450,0,5.90264602671821
-170,-450,0,5.90264602671821
-150,-450,0,5.90264602671821
-130,-450,0,5.90264602671821
-110,-450,0,5.90264602671821
-90,-450,0,5.90264602671821
-70,-450,0,5.90264602671821
-50,-450,0,5.90264602671821
-30,-450,0,5.90264602671821
-10,-450,0,5.90264602671821
10,-450,0,5.90264602671821
30,-450,0,5.90264602671821
50,-450,0,5.90264602671821
70,-450,0,5.90264602671821
90,-450,0,5.90264602671821
110,-450,0,5.90264602671821
130,-450,0,5.90264602671821
150,-450,0,5.90264602671821
170,-450,0,5.90264602671821
190,-450,0,5.90264602671821
210,-450,0,5.90264602671821
230,-450,0,5.90264602671821
250,-450,0,5.90264602671821
270,-450,0,5.90264602671821
290,-450,0,5.90264602671821
310,-450,0,5.90264602671821
330,-450,0,5.90264602671821
350,-450,0,5.90264602671821
370,-450,0,5.90264602671821
390,-450,0,5.90264602671821
410,-450,0,5.90264602671821
430,-450,0,5.90264602671821
450,-450,0,5.90264602671821
470,-450,0,5.90264602671821
490,-450,0,5.90264602671821
510,-450,0,5.90264602671821
530,-450,0,5.90264602671821
550,-450,0,5.90264602671821
570,-450,0,5.90264602671821
590,-450,0,5.90264602671821
610,-450,0,5.90264602671821
630,-450,0,5.90264602671821
650,-450,0,5.90264602671821
670,-450,0,5.90264602671821
690,-450,0,5.90264602671821
710,-450,0,5.90264602671821
730,-450,0,5.90264602671821
750,-450,0,5.90264602671821
770,-450,0,5.90264602671821
790,-450,0,5.90264602671821
-790,-430,0,5.90264602671821
-770,-430,0,5.90264602671821
-750,-430,0,5.90264602671821
-730,-430,0,5.90264602671821
-710,-430,0,5.90264602671821
-690,-430,0,5.90264602671821
-670,-430,0,5.90264602671821
-650,-430,0,5.90264602671821
-630,-430,0,5.90264602671821
-610,-430,0,5.90264602671821
-590,-430,0,5.90264602671821
-570,-430,0,5.90264602671821
-550,-430,0,5.90264602671821
-530,-430,0,5.90264602671821
-510,-430,0,5.90264602671821
-490,-430,0,5.90264602671821
-470,-430,0,5.90264602671821
-450,-430,0,5.90264602671821
-430,-430,0,5.90264602671821
-410,-430,0,5.90264602671821
-390,-430,0,5.90264602671821
-370,-430,0,5.90264602671821
-350,-430,0,5.90264602671821
-330,-430,0,5.90264602671821
-310,-430,0,5.90264602671821
-290,-430,0,5.90264602671821
-270,-430,0,5.90264602671821
-250,-430,0,5.90264602671821
-230,-430,0,5.90264602671821
-210,-430,0,5.90264602671821
-190,-430,0,5.90264602671821
-170,-430,0,5.90264602671821
-150,-430,0,5.90264602671821
-130,-430,0,5.90264602671821
-110,-430,0,5.90264602671821
-90,-430,0,5.90264602671821
-70,-430,0,5.90264602671821
-50,-430,0,5.90264602671821
-30,-430,0,5.90264602671821
-10,-430,0,5.90264602671821
10,-430,0,5.90264602671821
30,-430,0,5.90264602671821
50,-430,0,5.90264602671821
70,-430,0,5.90264602671821
90,-430,0,5.90264602671821
110,-430,0,5.90264602671821
130,-430,0,5.90264602671821
150,-430,0,5.90264602671821
170,-430,0,5.90264602671821
190,-430,0,5.90264602671821
210,-430,0,5.90264602671821
230,-430,0,5.90264602671821
250,-430,0,5.90264602671821
270,-430,0,5.90264602671821
290,-430,0,5.90264602671821
310,-430,0,5.90264602671821
330,-430,0,5.90264602671821
350,-430,0,5.90264602671821
370,-430,0,5.90264602671821
390,-430,0,5.90264602671821
410,-430,0,5.90264602671821
430,-430,0,5.90264602671821
450,-430,0,5.90264602671821
470,-430,0,5.90264602671821
490,-430,0,5.90264602671821
510,-430,0,5.90264602671821
530,-430,0,5.90264602671821
550,-430,0,5.90264602671821
570,-430,0,5.90264602671821
590,-430,0,5.90264602671821
610,-430,0,5.90264602671821
630,-430,0,5.90264602671821
650,-430,0,5.90264602671821
670,-430,0,5.90264602671821
690,-430,0,5.90264602671821
710,-430,0,5.90264602671821
730,-430,0,5.90264602671821
750,-430,0,5.90264602671821
770,-430,0,5.90264602671821
790,-430,0,5.90264602671821
-790,-410,0,5.90264602671821
-770,-410,0,5.90264602671821
-750,-410,0,5.90264602671821
-730,-410,0,5.90264602671821
-710,-410,0,5.90264602671821
-690,-410,0,5.90264602671821
-670,-410,0,5.90264602671821
-650,-410,0,5.90264602671821
-630,-410,0,5.90264602671821
-610,-410,0,5.90264602671821
-590,-410,0,5.90264602671821
-570,-410,0,5.90264602671821
-550,-410,0,5.90264602671821
-530,-410,0,5.90264602671821
-510,-410,0,5.90264602671821
-490,-410,0,5.90264602671821
-470,-410,0,5.90264602671821
-450,-410,0,5.90264602671821
-430,-410,0,5.90264602671821
-410,-410,0,5.90264602671821
-390,-410,0,5.90264602671821
-370,-410,0,5.90264602671821
-350,-410,0,5.90264602671821
-330,-410,0,5.90264602671821
-310,-410,0,5.90264602671821
-290,-410,0,5.90264602671821
-270,-410,0,5.90264602671821
-250,-410,0,5.90264602671821
-230,-410,0,5.90264602671821
-210,-410,0,5.90264602671821
-190,-410,0,5.90264602671821
-170,-410,0,5.90264602671821
-150,-410,0,5.90264602671821
-130,-410,0,5.90264602671821
-110,-410,0,5.90264602671821
-90,-410,0,5.90264602671821
-70,-410,0,5.90264602671821
-50,-410,0,5.90264602671821
-30,-410,0,5.90264602671821
-10,-410,0,5.90264602671821
10,-410,0,5.90264602671821
30,-410,0,5.90264602671821
50,-410,0,5.90264602671821
70,-410,0,5.90264602671821
90,-410,0,5.90264602671821
110,-410,0,5.90264602671821
130,-410,0,5.90264602671821
150,-410,0,5.90264602671821
170,-410,0,5.90264602671821
190,-410,0,5.90264602671821
210,-410,0,5.90264602671821
230,-410,0,5.90264602671821
250,-410,0,5.90264602671821
270,-410,0,5.90264602671821
290,-410,0,5.90264602671821
310,-410,0,5.90264602671821
330,-410,0,5.90264602671821
350,-410,0,5.90264602671821
370,-410,0,5.90264602671821
390,-410,0,5.90264602671821
410,-410,0,5.90264602671821
430,-410,0,5.90264602671821
450,-410,0,5.90264602671821
470,-410,0,5.90264602671821
490,-410,0,5.90264602671821
510,-410,0,5.90264602671821
530,-410,0,5.90264602671821
550,-410,0,5.90264602671821
570,-410,0,5.90264602671821
590,-410,0,5.90264602671821
610,-410,0,5.90264602671821
630,-410,0,5.90264602671821
650,-410,0,5.90264602671821
670,-410,0,5.90264602671821
690,-410,0,5.90264602671821
710,-410,0,5.90264602671821
730,-410,0,5.90264602671821
750,-410,0,5.90264602671821
770,-410,0,5.90264602671821
790,-410,0,5.90264602671821
-790,-390,0,5.90264602671821
-770,-390,0,5.90264602671821
-750,-390,0,5.90264602671821
-730,-390,0,5.90264602671821
-710,-390,0,5.90264602671821
-690,-390,0,5.90264602671821
-670,-390,0,5.90264602671821
-650,-390,0,5.90264602671821
-630,-390,0,5.90264602671821
-610,-390,0,5.90264602671821
-590,-390,0,5.90264602671821
-570,-390,0,5.90264602671821
-550,-390,0,5.90264602671821
-530,-390,0,5.90264602671821
-510,-390,0,5.90264602671821
-490,-390,0,5.90264602671821
-470,-390,0,5.90264602671821
-450,-390,0,5.90264602671821
-430,-390,0,5.90264602671821
-410,-390,0,5.90264602671821
-390,-390,0,5.90264602671821
-370,-390,0,5.90264602671821
-350,-390,0,5.90264602671821
-330,-390,0,5.90264602671821
-310,-390,0,5.90264602671821
-290,-390,0,5.90264602671821
-270,-390,0,5.90264602671821
-250,-390,0,5.90264602671821
-230,-390,0,5.90264602671821
-210,-390,0,5.90264602671821
-190,-390,0,5.90264602671821
-170,-390,0,5.90264602671821
-150,-390,0,5.90264602671821
-130,-390,0,5.90264602671821
-110,-390,0,5.90264602671821
-90,-390,0,5.90264602671821
-70,-390,0,5.90264602671821
-50,-390,0,5.90264602671821
-30,-390,0,5.90264602671821
-10,-390,0,5.90264602671821
10,-390,0,5.90264602671821
30,-390,0,5.90264602671821
50,-390,0,5.90264602671821
70,-390,0,5.90264602671821
90,-390,0,5.90264602671821
110,-390,0,5.90264602671821
130,-390,0,5.90264602671821
150,-390,0,5.90264602671821
170,-390,0,5.90264602671821
190,-390,0,5.90264602671821
210,-390,0,5.90264602671821
230,-390,0,5.90264602671821
250,-390,0,5.90264602671821
270,-390,0,5.90264602671821
290,-390,0,5.90264602671821
310,-390,0,5.90264602671821
330,-390,0,5.90264602671821
350,-390,0,5.90264602671821
370,-390,0,5.90264602671821
390,-390,0,5.90264602671821
410,-390,0,5.90264602671821
430,-390,0,5.90264602671821
450,-390,0,5.90264602671821
470,-390,0,5.90264602671821
490,-390,0,5.90264602671821
510,-390,0,5.90264602671821
530,-390,0,5.90264602671821
550,-390,0,5.90264602671821
570,-390,0,5.90264602671821
590,-390,0,5.90264602671821
610,-390,0,5.90264602671821
630,-390,0,5.90264602671821
650,-390,0,5.90264602671821
670,-390,0,5.90264602671821
690,-390,0,5.90264602671821
710,-390,0,5.90264602671821
730,-390,0,5.90264602671821
750,-390,0,5.90264602671821
770,-390,0,5.90264602671821
790,-390,0,5.90264602671821
-790,-370,0,5.90264602671821
-770,-370,0,5.90264602671821
-750,-370,0,5.90264602671821
-730,-370,0,5.90264602671821
-710,-370,0,5.90264602671821
-690,-370,0,5.90264602671821
-670,-370,0,5.90264602671821
-650,-370,0,5.90264602671821
-630,-370,0,5.90264602671821
-610,-370,0,5.90264602671821
-590,-370,0,5.90264602671821
-570,-370,0,5.90264602671821
-550,-370,0,5.90264602671821
-530,-370,0,5.90264602671821
-510,-370,0,5.90264602671821
-490,-370,0,5.90264602671821
-470,-370,0,5.90264602671821
-450,-370,0,5.90264602671821
-430,-370,0,5.90264602671821
-410,-370,0,5.90264602671821
-390,-370,0,5.90264602671821
-370,-370,0,5.90264602671821
-350,-370,0,5.90264602671821
-330,-370,0,5.90264602671821
-310,-370,0,5.90264602671821
-290,-370,0,5.90264602671821
-270,-370,0,5.90264602671821
-250,-370,0,5.90264602671821
-230,-370,0,5.90264602671821
-210,-370,0,5.90264602671821
-190,-370,0,5.90264602671821
-170,-370,0,5.90264602671821
-150,-370,0,5.90264602671821
-130,-370,0,5.90264602671821
-110,-370,0,5.90264602671821
-90,-370,0,5.90264602671821
-70,-370,0,5.90264602671821
-50,-370,0,5.90264602671821
-30,-370,0,5.90264602671821
-10,-370,0,5.90264602671821
10,-370,0,5.90264602671821
30,-370,0,5.90264602671821
50,-370,0,5.90264602671821
70,-370,0,5.90264602671821
90,-370,0,5.90264602671821
110,-370,0,5.90264602671821
130,-370,0,5.90264602671821
150,-370,0,5.90264602671821
170,-370,0,5.90264602671821
190,-370,0,5.90264602671821
210,-370,0,5.90264602671821
230,-370,0,5.90264602671821
250,-370,0,5.90264602671821
270,-370,0,5.90264602671821
290,-370,0,5.90264602671821
310,-370,0,5.90264602671821
330,-370,0,5.90264602671821
350,-370,0,5.90264602671821
370,-370,0,5.90264602671821
390,-370,0,5.90264602671821
410,-370,0,5.90264602671821
430,-370,0,5.90264602671821
450,-370,0,5.90264602671821
470,-370,0,5.90264602671821
490,-370,0,5.90264602671821
510,-370,0,5.90264602671821
530,-370,0,5.90264602671821
550,-370,0,5.90264602671821
570,-370,0,5.90264602671821
590,-370,0,5.90264602671821
610,-370,0,5.90264602671821
630,-370,0,5.90264602671821
650,-370,0,5.90264602671821
670,-370,0,5.90264602671821
690,-370,0,5.90264602671821
710,-370,0,5.90264602671821
730,-370,0,5.90264602671821
750,-370,0,5.90264602671821
770,-370,0,5.90264602671821
790,-370,0,5.90264602671821
-790,-350,0,5.90264602671821
-770,-350,0,5.90264602671821
-750,-350,0,5.90264602671821
-730,-350,0,5.90264602671821
-710,-350,0,5.90264602671821
-690,-350,0,5.90264602671821
-670,-350,0,5.90264602671821
-650,-350,0,5.90264602671821
-630,-350,0,5.90264602671821
-610,-350,0,5.90264602671821
-590,-350,0,5.90264602671821
-570,-350,0,5.90264602671821
-550,-350,0,5.90264602671821
-530,-350,0,5.90264602671821
-510,-350,0,5.90264602671821
-490,-350,0,5.90264602671821
-470,-350,0,5.90264602671821
-450,-350,0,5.90264602671821
-430,-350,0,5.90264602671821
-410,-350,0,5.90264602671821
-390,-350,0,5.90264602671821
-370,-350,0,5.90264602671821
-350,-350,0,5.90264602671821
-330,-350,0,5.90264602671821
-310,-350,0,5.90264602671821
-290,-350,0,5.90264602671821
-270,-350,0,5.90264602671821
-250,-350,0,5.90264602671821
-230,-350,0,5.90264602671821
-210,-350,0,5.90264602671821
-190,-350,0,5.90264602671821
-170,-350,0,5.90264602671821
-150,-350,0,5.90264602671821
-130,-350,0,5.90264602671821
-110,-350,0,5.90264602671821
-90,-350,0,5.90264602671821
-70,-350,0,5.90264602671821
-50,-350,0,5.90264602671821
-30,-350,0,5.90264602671821
-10,-350,0,5.90264602671821
10,-350,0,5.90264602671821
30,-350,0,5.90264602671821
50,-350,0,5.90264602671821
70,-350,0,5.90264602671821
90,-350,0,5.90264602671821
110,-350,0,5.90264602671821
130,-350,0,5.90264602671821
150,-350,0,5.90264602671821
170,-350,0,5.90264602671821
190,-350,0,5.90264602671821
210,-350,0,5.90264602671821
230,-350,0,5.90264602671821
250,-350,0,5.90264602671821
270,-350,0,5.90264602671821
290,-350,0,5.90264602671821
310,-350,0,5.90264602671821
330,-350,0,5.90264602671821
350,-350,0,5.90264602671821
370,-350,0,5.90264602671821
390,-350,0,5.90264602671821
410,-350,0,5.90264602671821
430,-350,0,5.90264602671821
450,-350,0,5.90264602671821
470,-350,0,5.90264602671821
490,-350,0,5.90264602671821
510,-350,0,5.90264602671821
530,-350,0,5.90264602671821
550,-350,0,5.90264602671821
570,-350,0,5.90264602671821
590,-350,0,5.90264602671821
610,-350,0,5.90264602671821
630,-350,0,5.90264602671821
650,-350,0,5.90264602671821
670,-350,0,5.90264602671821
690,-350,0,5.90264602671821
710,-350,0,5.90264602671821
730,-350,0,5.90264602671821
750,-350,0,5.90264602671821
770,-350,0,5.90264602671821
790,-350,0,5.90264602671821
-790,-330,0,5.90264602671821
-770,-330,0,5.90264602671821
-750,-330,0,5.90264602671821
-730,-330,0,5.90264602671821
-710,-330,0,5.90264602671821
-690,-330,0,5.90264602671821
-670,-330,0,5.90264602671821
-650,-330,0,5.90264602671821
-630,-330,0,5.90264602671821
-610,-330,0,5.90264602671821
-590,-330,0,5.90264602671821
-570,-330,0,5.90264602671821
-550,-330,0,5.90264602671821
-530,-330,0,5.90264602671821
-510,-330,0,5.90264602671821
-490,-330,0,5.90264602671821
-470,-330,0,5.90264602671821
-450,-330,0,5.90264602671821
-430,-330,0,5.90264602671821
-410,-330,0,5.90264602671821
-390,-330,0,5.90264602671821
-370,-330,0,5.90264602671821
-350,-330,0,5.90264602671821
-330,-330,0,5.90264602671821
-310,-330,0,5.90264602671821
-290,-330,0,5.90264602671821
-270,-330,0,5.90264602671821
-250,-330,0,5.90264602671821
-230,-330,0,5.90264602671821
-210,-330,0,5.90264602671821
-190,-330,0,5.90264602671821
-170,-330,0,5.90264602671821
-150,-330,0,5.90264602671821
-130,-330,0,5.90264602671821
-110,-330,0,5.90264602671821
-90,-330,0,5.90264602671821
-70,-330,0,5.90264602671821
-50,-330,0,5.90264602671821
-30,-330,0,5.90264602671821
-10,-330,0,5.90264602671821
10,-330,0,5.90264602671821
30,-330,0,5.90264602671821
50,-330,0,5.90264602671821
70,-330,0,5.90264602671821
90,-330,0,5.90264602671821
110,-330,0,5.90264602671821
130,-330,0,5.90264602671821
150,-330,0,5.90264602671821
170,-330,0,5.90264602671821
190,-330,0,5.90264602671821
210,-330,0,5.90264602671821
230,-330,0,5.90264602671821
250,-330,0,5.90264602671821
270,-330,0,5.90264602671821
290,-330,0,5.90264602671821
310,-330,0,5.90264602671821
330,-330,0,5.90264602671821
350,-330,0,5.90264602671821
370,-330,0,5.90264602671821
390,-330,0,5.90264602671821
410,-330,0,5.90264602671821
430,-330,0,5.90264602671821
450,-330,0,5.90264602671821
470,-330,0,5.90264602671821
490,-330,0,5.90264602671821
510,-330,0,5.90264602671821
530,-330,0,5.90264602671821
550,-330,0,5.90264602671821
570,-330,0,5.90264602671821
590,-330,0,5.90264602671821
610,-330,0,5.90264602671821
630,-330,0,5.90264602671821
650,-330,0,5.90264602671821
670,-330,0,5.90264602671821
690,-330,0,5.90264602671821
710,-330,0,5.90264602671821
730,-330,0,5.90264602671821
750,-330,0,5.90264602671821
770,-330,0,5.90264602671821
790,-330,0,5.90264602671821
-790,-310,0,5.90264602671821
-770,-310,0,5.90264602671821
-750,-310,0,5.90264602671821
-730,-310,0,5.90264602671821
-710,-310,0,5.90264602671821
-690,-310,0,5.90264602671821
-670,-310,0,5.90264602671821
-650,-310,0,5.90264602671821
-630,-310,0,5.90264602671821
-610,-310,0,5.90264602671821
-590,-310,0,5.90264602671821
-570,-310,0,5.90264602671821
-550,-310,0,5.90264602671821
-530,-310,0,5.90264602671821
-510,-310,0,5.90264602671821
-490,-310,0,5.90264602671821
-470,-310,0,5.90264602671821
-450,-310,0,5.90264602671821
-430,-310,0,5.90264602671821
-410,-310,0,5.90264602671821
-390,-310,0,5.90264602671821
-370,-310,0,5.90264602671821
-350,-310,0,5.90264602671821
-330,-310,0,5.90264602671821
-310,-310,0,5.90264602671821
-290,-310,0,5.90264602671821
-270,-310,0,5.90264602671821
-250,-310,0,5.90264602671821
-230,-310,0,5.90264602671821
-210,-310,0,5.90264602671821
-190,-310,0,5.90264602671821
-170,-310,0,5.90264602671821
-150,-310,0,5.90264602671821
-130,-310,0,5.90264602671821
-110,-310,0,5.90264602671821
-90,-310,0,5.90264602671821
-70,-310,0,5.90264602671821
-50,-310,0,5.90264602671821
-30,-310,0,5.90264602671821
-10,-310,0,5.90264602671821
10,-310,0,5.90264602671821
30,-310,0,5.90264602671821
50,-310,0,5.90264602671821
70,-310,0,5.90264602671821
90,-310,0,5.90264602671821
110,-310,0,5.90264602671821
130,-310,0,5.90264602671821
150,-310,0,5.90264602671821
170,-310,0,5.90264602671821
190,-310,0,5.90264602671821
210,-310,0,5.90264602671821
230,-310,0,5.90264602671821
250,-310,0,5.90264602671821
270,-310,0,5.90264602671821
290,-310,0,5.90264602671821
310,-310,0,5.90264602671821
330,-310,0,5.90264602671821
350,-310,0,5.90264602671821
370,-310,0,5.90264602671821
390,-310,0,5.90264602671821
410,-310,0,5.90264602671821
430,-310,0,5.90264602671821
450,-310,0,5.90264602671821
470,-310,0,5.90264602671821
490,-310,0,5.90264602671821
510,-310,0,5.90264602671821
530,-310,0,5.90264602671821
550,-310,0,5.90264602671821
570,-310,0,5.90264602671821
590,-310,0,5.90264602671821
610,-310,0,5.90264602671821
630,-310,0,5.90264602671821
650,-310,0,5.90264602671821
670,-310,0,5.90264602671821
690,-310,0,5.90264602671821
710,-310,0,5.90264602671821
730,-310,0,5.90264602671821
750,-310,0,5.90264602671821
770,-310,0,5.90264602671821
790,-310,0,5.90264602671821
-790,-290,0,5.90264602671821
-770,-290,0,5.90264602671821
-750,-290,0,5.90264602671821
-730,-290,0,5.90264602671821
-710,-290,0,5.90264602671821
-690,-290,0,5.90264602671821
-670,-290,0,5.90264602671821
-650,-290,0,5.90264602671821
-630,-290,0,5.90264602671821
-610,-290,0,5.90264602671821
-590,-290,0,5.90264602671821
-570,-290,0,5.90264602671821
-550,-290,0,5.90264602671821
-530,-290,0,5.90264602671821
-510,-290,0,5.90264602671821
-490,-290,0,5.90264602671821
-470,-290,0,5.90264602671821
-450,-290,0,5.90264602671821
-430,-290,0,5.90264602671821
-410,-290,0,5.90264602671821
-390,-290,0,5.90264602671821
-370,-290,0,5.90264602671821
-350,-290,0,5.90264602671821
-330,-290,0,5.90264602671821
-310,-290,0,5.90264602671821
-290,-290,0,5.90264602671821
-270,-290,0,5.90264602671821
-250,-290,0,5.90264602671821
-230,-290,0,5.90264602671821
-210,-290,0,5.90264602671821
-190,-290,0,5.90264602671821
-170,-290,0,5.90264602671821
-150,-290,0,5.90264602671821
-130,-290,0,5.90264602671821
-110,-290,0,5.90264602671821
-90,-290,0,5.90264602671821
-70,-290,0,5.90264602671821
-50,-290,0,5.90264602671821
-30,-290,0,5.90264602671821
-10,-290,0,5.90264602671821
10,-290,0,5.90264602671821
30,-290,0,5.90264602671821
50,-290,0,5.90264602671821
70,-290,0,5.90264602671821
90,-290,0,5.90264602671821
110,-290,0,5.90264602671821
130,-290,0,5.90264602671821
150,-290,0,5.90264602671821
170,-290,0,5.90264602671821
190,-290,0,5.90264602671821
210,-290,0,5.90264602671821
230,-290,0,5.90264602671821
250,-290,0,5.90264602671821
270,-290,0,5.90264602671821
290,-290,0,5.90264602671821
310,-290,0,5.90264602671821
330,-290,0,5.90264602671821
350,-290,0,5.90264602671821
370,-290,0,5.90264602671821
390,-290,0,5.90264602671821
410,-290,0,5.90264602671821
430,-290,0,5.90264602671821
450,-290,0,5.90264602671821
470,-290,0,5.90264602671821
490,-290,0,5.90264602671821
510,-290,0,5.90264602671821
530,-290,0,5.90264602671821
550,-290,0,5.90264602671821
570,-290,0,5.90264602671821
590,-290,0,5.90264602671821
610,-290,0,5.90264602671821
630,-290,0,5.90264602671821
650,-290,0,5.90264602671821
670,-290,0,5.90264602671821
690,-290,0,5.90264602671821
710,-290,0,5.90264602671821
730,-290,0,5.90264602671821
750,-290,0,5.90264602671821
770,-290,0,5.90264602671821
790,-290,0,5.90264602671821
-790,-270,0,5.90264602671821
-770,-270,0,5.90264602671821
-750,-270,0,5.90264602671821
-730,-270,0,5.90264602671821
-710,-270,0,5.90264602671821
-690,-270,0,5.90264602671821
-670,-270,0,5.90264602671821
-650,-270,0,5.90264602671821
-630,-270,0,5.90264602671821
-610,-270,0,5.90264602671821
-590,-270,0,5.90264602671821
-570,-270,0,5.90264602671821
-550,-270,0,5.90264602671821
-530,-270,0,5.90264602671821
-510,-270,0,5.90264602671821
-490,-270,0,5.90264602671821
-470,-270,0,5.90264602671821
-450,-270,0,5.90264602671821
-430,-270,0,5.90264602671821
-410,-270,0,5.90264602671821
-390,-270,0,5.90264602671821
-370,-270,0,5.90264602671821
-350,-270,0,5.90264602671821
-330,-270,0,5.90264602671821
-310,-270,0,5.90264602671821
-290,-270,0,5.90264602671821
-270,-270,0,5.90264602671821
-250,-270,0,5.90264602671821
-230,-270,0,5.90264602671821
-210,-270,0,5.90264602671821
-190,-270,0,5.90264602671821
-170,-270,0,5.90264602671821
-150,-270,0,5.90264602671821
-130,-270,0,5.90264602671821
-110,-270,0,5.90264602671821
-90,-270,0,5.90264602671821
-70,-270,0,5.90264602671821
-50,-270,0,5.90264602671821
-30,-270,0,5.90264602671821
-10,-270,0,5.90264602671821
10,-270,0,5.90264602671821
30,-270,0,5.90264602671821
50,-270,0,5.90264602671821
70,-270,0,5.90264602671821
90,-270,0,5.90264602671821
110,-270,0,5.90264602671821
130,-270,0,5.90264602671821
150,-270,0,5.90264602671821
170,-270,0,5.90264602671821
190,-270,0,5.90264602671821
210,-270,0,5.90264602671821
230,-270,0,5.90264602671821
250,-270,0,5.90264602671821
270,-270,0,5.90264602671821
290,-270,0,5.90264602671821
310,-270,0,5.90264602671821
330,-270,0,5.90264602671821
350,-270,0,5.90264602671821
370,-270,0,5.90264602671821
390,-270,0,5.90264602671821
410,-270,0,5.90264602671821
430,-270,0,5.90264602671821
450,-270,0,5.90264602671821
470,-270,0,5.90264602671821
490,-270,0,5.90264602671821
510,-270,0,5.90264602671821
530,-270,0,5.90264602671821
550,-270,0,5.90264602671821
570,-270,0,5.90264602671821
590,-270,0,5.90264602671821
610,-270,0,5.90264602671821
630,-270,0,5.90264602671821
650,-270,0,5.90264602671821
670,-270,0,5.90264602671821
690,-270,0,5.90264602671821
710,-270,0,5.90264602671821
730,-270,0,5.90264602671821
750,-270,0,5.90264602671821
770,-270,0,5.90264602671821
790,-270,0,5.90264602671821
-790,-250,0,5.90264602671821
-770,-250,0,5.90264602671821
-750,-250,0,5.90264602671821
-730,-250,0,5.90264602671821
-710,-250,0,5.90264602671821
-690,-250,0,5.90264602671821
-670,-250,0,5.90264602671821
-650,-250,0,5.90264602671821
-630,-250,0,5.90264602671821
-610,-250,0,5.90264602671821
-590,-250,0,5.90264602671821
-570,-250,0,5.90264602671821
-550,-250,0,5.90264602671821
-530,-250,0,5.90264602671821
-510,-250,0,5.90264602671821
-490,-250,0,5.90264602671821
-470,-250,0,5.90264602671821
-450,-250,0,5.90264602671821
-430,-250,0,5.90264602671821
-410,-250,0,5.90264602671821
-390,-250,0,5.90264602671821
-370,-250,0,5.90264602671821
-350,-250,0,5.90264602671821
-330,-250,0,5.90264602671821
-310,-250,0,5.90264602671821
-290,-250,0,5.90264602671821
-270,-250,0,5.90264602671821
-250,-250,0,5.90264602671821
-230,-250,0,5.90264602671821
-210,-250,0,5.90264602671821
-190,-250,0,5.90264602671821
-170,-250,0,5.90264602671821
-150,-250,0,5.90264602671821
-130,-250,0,5.90264602671821
-110,-250,0,5.90264602671821
-90,-250,0,5.90264602671821
-70,-250,0,5.90264602671821
-50,-250,0,5.90264602671821
-30,-250,0,5.90264602671821
-10,-250,0,5.90264602671821
10,-250,0,5.90264602671821
30,-250,0,5.90264602671821
50,-250,0,5.90264602671821
70,-250,0,5.90264602671821
90,-250,0,5.90264602671821
110,-250,0,5.90264602671821
130,-250,0,5.90264602671821
150,-250,0,5.90264602671821
170,-250,0,5.90264602671821
190,-250,0,5.90264602671821
210,-250,0,5.90264602671821
230,-250,0,5.90264602671821
250,-250,0,5.90264602671821
270,-250,0,5.90264602671821
290,-250,0,5.90264602671821
310,-250,0,5.90264602671821
330,-250,0,5.90264602671821
350,-250,0,5.90264602671821
370,-250,0,5.90264602671821
390,-250,0,5.90264602671821
410,-250,0,5.90264602671821
430,-250,0,5.90264602671821
450,-250,0,5.90264602671821
470,-250,0,5.90264602671821
490,-250,0,5.90264602671821
510,-250,0,5.90264602671821
530,-250,0,5.90264602671821
550,-250,0,5.90264602671821
570,-250,0,5.90264602671821
590,-250,0,5.90264602671821
610,-250,0,5.90264602671821
630,-250,0,5.90264602671821
650,-250,0,5.90264602671821
670,-250,0,5.90264602671821
690,-250,0,5.90264602671821
710,-250,0,5.90264602671821
730,-250,0,5.90264602671821
750,-250,0,5.90264602671821
770,-250,0,5.90264602671821
790,-250,0,5.90264602671821
-790,-230,0,5.90264602671821
-770,-230,0,5.90264602671821
-750,-230,0,5.90264602671821
-730,-230,0,5.90264602671821
-710,-230,0,5.90264602671821
-690,-230,0,5.90264602671821
-670,-230,0,5.90264602671821
-650,-230,0,5.90264602671821
-630,-230,0,5.90264602671821
-610,-230,0,5.90264602671821
-590,-230,0,5.90264602671821
-570,-230,0,5.90264602671821
-550,-230,0,5.90264602671821
-530,-230,0,5.90264602671821
-510,-230,0,5.90264602671821
-490,-230,0,5.90264602671821
-470,-230,0,5.90264602671821
-450,-230,0,5.90264602671821
-430,-230,0,5.90264602671821
-410,-230,0,5.90264602671821
-390,-230,0,5.90264602671821
-370,-230,0,5.90264602671821
-350,-230,0,5.90264602671821
-330,-230,0,5.90264602671821
-310,-230,0,5.90264602671821
-290,-230,0,5.90264602671821
-270,-230,0,5.90264602671821
-250,-230,0,5.90264602671821
-230,-230,0,5.90264602671821
-210,-230,0,5.90264602671821
-190,-230,0,5.90264602671821
-170,-230,0,5.90264602671821
-150,-230,0,5.90264602671821
-130,-230,0,5.90264602671821
-110,-230,0,5.90264602671821
-90,-230,0,5.90264602671821
-70,-230,0,5.90264602671821
-50,-230,0,5.90264602671821
-30,-230,0,5.90264602671821
-10,-230,0,5.90264602671821
10,-230,0,5.90264602671821
30,-230,0,5.90264602671821
50,-230,0,5.90264602671821
70,-230,0,5.90264602671821
90,-230,0,5.90264602671821
110,-230,0,5.90264602671821
130,-230,0,5.90264602671821
150,-230,0,5.90264602671821
170,-230,0,5.90264602671821
190,-230,0,5.90264602671821
210,-230,0,5.90264602671821
230,-230,0,5.90264602671821
250,-230,0,5.90264602671821
270,-230,0,5.90264602671821
290,-230,0,5.90264602671821
310,-230,0,5.90264602671821
330,-230,0,5.90264602671821
350,-230,0,5.90264602671821
370,-230,0,5.90264602671821
390,-230,0,5.90264602671821
410,-230,0,5.90264602671821
430,-230,0,5.90264602671821
450,-230,0,5.90264602671821
470,-230,0,5.90264602671821
490,-230,0,5.90264602671821
510,-230,0,5.90264602671821
530,-230,0,5.90264602671821
550,-230,0,5.90264602671821
570,-230,0,5.90264602671821
590,-230,0,5.90264602671821
610,-230,0,5.90264602671821
630,-230,0,5.90264602671821
650,-230,0,5.90264602671821
670,-230,0,5.90264602671821
690,-230,0,5.90264602671821
710,-230,0,5.90264602671821
730,-230,0,5.90264602671821
750,-230,0,5.90264602671821
770,-230,0,5.90264602671821
790,-230,0,5.90264602671821
-790,-210,0,5.90264602671821
-770,-210,0,5.90264602671821
-750,-210,0,5.90264602671821
-730,-210,0,5.90264602671821
-710,-210,0,5.90264602671821
-690,-210,0,5.90264602671821
-670,-210,0,5.90264602671821
-650,-210,0,5.90264602671821
-630,-210,0,5.90264602671821
-610,-210,0,5.90264602671821
-590,-210,0,5.90264602671821
-570,-210,0,5.90264602671821
-550,-210,0,5.90264602671821
-530,-210,0,5.90264602671821
-510,-210,0,5.90264602671821
-490,-210,0,5.90264602671821
-470,-210,0,5.90264602671821
-450,-210,0,5.90264602671821
-430,-210,0,5.90264602671821
-410,-210,0,5.90264602671821
-390,-210,0,5.90264602671821
-370,-210,0,5.90264602671821
-350,-210,0,5.90264602671821
-330,-210,0,5.90264602671821
-310,-210,0,5.90264602671821
-290,-210,0,5.90264602671821
-270,-210,0,5.90264602671821
-250,-210,0,5.90264602671821
-230,-210,0,5.90264602671821
-210,-210,0,5.90264602671821
-190,-210,0,5.90264602671821
-170,-210,0,5.90264602671821
-150,-210,0,5.90264602671821
-130,-210,0,5.90264602671821
-110,-210,0,5.90264602671821
-90,-210,0,5.90264602671821
-70,-210,0,5.90264602671821
-50,-210,0,5.90264602671821
-30,-210,0,5.90264602671821
-10,-210,0,5.90264602671821
10,-210,0,5.90264602671821
30,-210,0,5.90264602671821
50,-210,0,5.90264602671821
70,-210,0,5.90264602671821
90,-210,0,5.90264602671821
110,-210,0,5.90264602671821
130,-210,0,5.90264602671821
150,-210,0,5.90264602671821
170,-210,0,5.90264602671821
190,-210,0,5.90264602671821
210,-210,0,5.90264602671821
230,-210,0,5.90264602671821
250,-210,0,5.90264602671821
270,-210,0,5.90264602671821
290,-210,0,5.90264602671821
310,-210,0,5.90264602671821
330,-210,0,5.90264602671821
350,-210,0,5.90264602671821
370,-210,0,5.90264602671821
390,-210,0,5.90264602671821
410,-210,0,5.90264602671821
430,-210,0,5.90264602671821
450,-210,0,5.90264602671821
470,-210,0,5.90264602671821
490,-210,0,5.90264602671821
510,-210,0,5.90264602671821
530,-210,0,5.90264602671821
550,-210,0,5.90264602671821
570,-210,0,5.90264602671821
590,-210,0,5.90264602671821
610,-210,0,5.90264602671821
630,-210,0,5.90264602671821
650,-210,0,5.90264602671821
670,-210,0,5.90264602671821
690,-210,0,5.90264602671821
710,-210,0,5.90264602671821
730,-210,0,5.90264602671821
750,-210,0,5.90264602671821
770,-210,0,5.90264602671821
790,-210,0,5.90264602671821
-790,-190,0,5.90264602671821
-770,-190,0,5.90264602671821
-750,-190,0,5.90264602671821
-730,-190,0,5.90264602671821
-710,-190,0,5.90264602671821
-690,-190,0,5.90264602671821
-670,-190,0,5.90264602671821
-650,-190,0,5.90264602671821
-630,-190,0,5.90264602671821
-610,-190,0,5.90264602671821
-590,-190,0,5.90264602671821
-570,-190,0,5.90264602671821
-550,-190,0,5.90264602671821
-530,-190,0,5.90264602671821
-510,-190,0,5.90264602671821
-490,-190,0,5.90264602671821
-470,-190,0,5.90264602671821
-450,-190,0,5.90264602671821
-430,-190,0,5.90264602671821
-410,-190,0,5.90264602671821
-390,-190,0,5.90264602671821
-370,-190,0,5.90264602671821
-350,-190,0,5.90264602671821
-330,-190,0,5.90264602671821
-310,-190,0,5.90264602671821
-290,-190,0,5.90264602671821
-270,-190,0,5.90264602671821
-250,-190,0,5.90264602671821
-230,-190,0,5.90264602671821
-210,-190,0,5.90264602671821
-190,-190,0,5.90264602671821
-170,-190,0,5.90264602671821
-150,-190,0,5.90264602671821
-130,-190,0,5.90264602671821
-110,-190,0,5.90264602671821
-90,-190,0,5.90264602671821
-70,-190,0,5.90264602671821
-50,-190,0,5.90264602671821
-30,-190,0,5.90264602671821
-10,-190,0,5.90264602671821
10,-190,0,5.90264602671821
30,-190,0,5.90264602671821
50,-190,0,5.90264602671821
70,-190,0,5.90264602671821
90,-190,0,5.90264602671821
110,-190,0,5.90264602671821
130,-190,0,5.90264602671821
150,-190,0,5.90264602671821
170,-190,0,5.90264602671821
190,-190,0,5.90264602671821
210,-190,0,5.90264602671821
230,-190,0,5.90264602671821
250,-190,0,5.90264602671821
270,-190,0,5.90264602671821
290,-190,0,5.90264602671821
310,-190,0,5.90264602671821
330,-190,0,5.90264602671821
350,-190,0,5.90264602671821
370,-190,0,5.90264602671821
390,-190,0,5.90264602671821
410,-190,0,5.90264602671821
430,-190,0,5.90264602671821
450,-190,0,5.90264602671821
470,-190,0,5.90264602671821
490,-190,0,5.90264602671821
510,-190,0,5.90264602671821
530,-190,0,5.90264602671821
550,-190,0,5.90264602671821
570,-190,0,5.90264602671821
590,-190,0,5.90264602671821
610,-190,0,5.90264602671821
630,-190,0,5.90264602671821
650,-190,0,5.90264602671821
670,-190,0,5.90264602671821
690,-190,0,5.90264602671821
710,-190,0,5.90264602671821
730,-190,0,5.90264602671821
750,-190,0,5.90264602671821
770,-190,0,5.90264602671821
790,-190,0,5.90264602671821
-790,-170,0,5.90264602671821
-770,-170,0,5.90264602671821
-750,-170,0,5.90264602671821
-730,-170,0,5.90264602671821
-710,-170,0,5.90264602671821
-690,-170,0,5.90264602671821
-670,-170,0,5.90264602671821
-650,-170,0,5.90264602671821
-630,-170,0,5.90264602671821
-610,-170,0,5.90264602671821
-590,-170,0,5.90264602671821
-570,-170,0,5.90264602671821
-550,-170,0,5.90264602671821
-530,-170,0,5.90264602671821
-510,-170,0,5.90264602671821
-490,-170,0,5.90264602671821
-470,-170,0,5.90264602671821
-450,-170,0,5.90264602671821
-430,-170,0,5.90264602671821
-410,-170,0,5.90264602671821
-390,-170,0,5.90264602671821
-370,-170,0,5.90264602671821
-350,-170,0,5.90264602671821
-330,-170,0,5.90264602671821
-310,-170,0,5.90264602671821
-290,-170,0,5.90264602671821
-270,-170,0,5.90264602671821
-250,-170,0,5.90264602671821
-230,-170,0,5.90264602671821
-210,-170,0,5.90264602671821
-190,-170,0,5.90264602671821
-170,-170,0,5.90264602671821
-150,-170,0,5.90264602671821
-130,-170,0,5.90264602671821
-110,-170,0,5.90264602671821
-90,-170,0,5.90264602671821
-70,-170,0,5.90264602671821
-50,-170,0,5.90264602671821
-30,-170,0,5.90264602671821
-10,-170,0,5.90264602671821
10,-170,0,5.90264602671821
30,-170,0,5.90264602671821
50,-170,0,5.90264602671821
70,-170,0,5.90264602671821
90,-170,0,5.90264602671821
110,-170,0,5.90264602671821
130,-170,0,5.90264602671821
150,-170,0,5.90264602671821
170,-170,0,5.90264602671821
190,-170,0,5.90264602671821
210,-170,0,5.90264602671821
230,-170,0,5.90264602671821
250,-170,0,5.90264602671821
270,-170,0,5.90264602671821
290,-170,0,5.90264602671821
310,-170,0,5.90264602671821
330,-170,0,5.90264602671821
350,-170,0,5.90264602671821
370,-170,0,5.90264602671821
390,-170,0,5.90264602671821
410,-170,0,5.90264602671821
430,-170,0,5.90264602671821
450,-170,0,5.90264602671821
470,-170,0,5.90264602671821
490,-170,0,5.90264602671821
510,-170,0,5.90264602671821
530,-170,0,5.90264602671821
550,-170,0,5.90264602671821
570,-170,0,5.90264602671821
590,-170,0,5.90264602671821
610,-170,0,5.90264602671821
630,-170,0,5.90264602671821
650,-170,0,5.90264602671821
670,-170,0,5.90264602671821
690,-170,0,5.90264602671821
710,-170,0,5.90264602671821
730,-170,0,5.90264602671821
750,-170,0,5.90264602671821
770,-170,0,5.90264602671821
790,-170,0,5.90264602671821
-790,-150,0,5.90264602671821
-770,-150,0,5.90264602671821
-750,-150,0,5.90264602671821
-730,-150,0,5.90264602671821
-710,-150,0,5.90264602671821
-690,-150,0,5.90264602671821
-670,-150,0,5.90264602671821
-650,-150,0,5.90264602671821
-630,-150,0,5.90264602671821
-610,-150,0,5.90264602671821
-590,-150,0,5.90264602671821
-570,-150,0,5.90264602671821
-550,-150,0,5.90264602671821
-530,-150,0,5.90264602671821
-510,-150,0,5.90264602671821
-490,-150,0,5.90264602671821
-470,-150,0,5.90264602671821
-450,-150,0,5.90264602671821
-430,-150,0,5.90264602671821
-410,-150,0,5.90264602671821
-390,-150,0,5.90264602671821
-370,-150,0,5.90264602671821
-350,-150,0,5.90264602671821
-330,-150,0,5.90264602671821
-310,-150,0,5.90264602671821
-290,-150,0,5.90264602671821
-270,-150,0,5.90264602671821
-250,-150,0,5.90264602671821
-230,-150,0,5.90264602671821
-210,-150,0,5.90264602671821
-190,-150,0,5.90264602671821
-170,-150,0,5.90264602671821
-150,-150,0,5.90264602671821
-130,-150,0,5.90264602671821
-110,-150,0,5.90264602671821
-90,-150,0,5.90264602671821
-70,-150,0,5.90264602671821
-50,-150,0,5.90264602671821
-30,-150,0,5.90264602671821
-10,-150,0,5.90264602671821
10,-150,0,5.90264602671821
30,-150,0,5.90264602671821
50,-150,0,5.90264602671821
70,-150,0,5.90264602671821
90,-150,0,5.90264602671821
110,-150,0,5.90264602671821
130,-150,0,5.90264602671821
150,-150,0,5.90264602671821
170,-150,0,5.90264602671821
190,-150,0,5.90264602671821
210,-150,0,5.90264602671821
230,-150,0,5.90264602671821
250,-150,0,5.90264602671821
270,-150,0,5.90264602671821
290,-150,0,5.90264602671821
310,-150,0,5.90264602671821
330,-150,0,5.90264602671821
350,-150,0,5.90264602671821
370,-150,0,5.90264602671821
390,-150,0,5.90264602671821
410,-150,0,5.90264602671821
430,-150,0,5.90264602671821
450,-150,0,5.90264602671821
470,-150,0,5.90264602671821
490,-150,0,5.90264602671821
510,-150,0,5.90264602671821
530,-150,0,5.90264602671821
550,-150,0,5.90264602671821
570,-150,0,5.90264602671821
590,-150,0,5.90264602671821
610,-150,0,5.90264602671821
630,-150,0,5.90264602671821
650,-150,0,5.90264602671821
670,-150,0,5.90264602671821
690,-150,0,5.90264602671821
710,-150,0,5.90264602671821
730,-150,0,5.90264602671821
750,-150,0,5.90264602671821
770,-150,0,5.90264602671821
790,-150,0,5.90264602671821
-790,-130,0,5.90264602671821
-770,-130,0,5.90264602671821
-750,-130,0,5.90264602671821
-730,-130,0,5.90264602671821
-710,-130,0,5.90264602671821
-690,-130,0,5.90264602671821
-670,-130,0,5.90264602671821
-650,-130,0,5.90264602671821
-630,-130,0,5.90264602671821
-610,-130,0,5.90264602671821
-590,-130,0,5.90264602671821
-570,-130,0,5.90264602671821
-550,-130,0,5.90264602671821
-530,-130,0,5.90264602671821
-510,-130,0,5.90264602671821
-490,-130,0,5.90264602671821
-470,-130,0,5.90264602671821
-450,-130,0,5.90264602671821
-430,-130,0,5.90264602671821
-410,-130,0,5.90264602671821
-390,-130,0,5.90264602671821
-370,-130,0,5.90264602671821
-350,-130,0,5.90264602671821
-330,-130,0,5.90264602671821
-310,-130,0,5.90264602671821
-290,-130,0,5.90264602671821
-270,-130,0,5.90264602671821
-250,-130,0,5.90264602671821
-230,-130,0,5.90264602671821
-210,-130,0,5.90264602671821
-190,-130,0,5.90264602671821
-170,-130,0,5.90264602671821
-150,-130,0,5.90264602671821
-130,-130,0,5.90264602671821
-110,-130,0,5.90264602671821
-90,-130,0,5.90264602671821
-70,-130,0,5.90264602671821
-50,-130,0,5.90264602671821
-30,-130,0,5.90264602671821
-10,-130,0,5.90264602671821
10,-130,0,5.90264602671821
30,-130,0,5.90264602671821
50,-130,0,5.90264602671821
70,-130,0,5.90264602671821
90,-130,0,5.90264602671821
110,-130,0,5.90264602671821
130,-130,0,5.90264602671821
150,-130,0,5.90264602671821
170,-130,0,5.90264602671821
190,-130,0,5.90264602671821
210,-130,0,5.90264602671821
230,-130,0,5.90264602671821
250,-130,0,5.90264602671821
270,-130,0,5.90264602671821
290,-130,0,5.90264602671821
310,-130,0,5.90264602671821
330,-130,0,5.90264602671821
350,-130,0,5.90264602671821
370,-130,0,5.90264602671821
390,-130,0,5.90264602671821
410,-130,0,5.90264602671821
430,-130,0,5.90264602671821
450,-130,0,5.90264602671821
470,-130,0,5.90264602671821
490,-130,0,5.90264602671821
510,-130,0,5.90264602671821
530,-130,0,5.90264602671821
550,-130,0,5.90264602671821
570,-130,0,5.90264602671821
590,-130,0,5.90264602671821
610,-130,0,5.90264602671821
630,-130,0,5.90264602671821
650,-130,0,5.90264602671821
670,-130,0,5.90264602671821
690,-130,0,5.90264602671821
710,-130,0,5.90264602671821
730,-130,0,5.90264602671821
750,-130,0,5.90264602671821
770,-130,0,5.90264602671821
790,-130,0,5.90264602671821
-790,-110,0,5.90264602671821
-770,-110,0,5.90264602671821
-750,-110,0,5.90264602671821
-730,-110,0,5.90264602671821
-710,-110,0,5.90264602671821
-690,-110,0,5.90264602671821
-670,-110,0,5.90264602671821
-650,-110,0,5.90264602671821
-630,-110,0,5.90264602671821
-610,-110,0,5.90264602671821
-590,-110,0,5.90264602671821
-570,-110,0,5.90264602671821
-550,-110,0,5.90264602671821
-530,-110,0,5.90264602671821
-510,-110,0,5.90264602671821
-490,-110,0,5.90264602671821
-470,-110,0,5.90264602671821
-450,-110,0,5.90264602671821
-430,-110,0,5.90264602671821
-410,-110,0,5.90264602671821
-390,-110,0,5.90264602671821
-370,-110,0,5.90264602671821
-350,-110,0,5.90264602671821
-330,-110,0,5.90264602671821
-310,-110,0,5.90264602671821
-290,-110,0,5.90264602671821
-270,-110,0,5.90264602671821
-250,-110,0,5.90264602671821
-230,-110,0,5.90264602671821
-210,-110,0,5.90264602671821
-190,-110,0,5.90264602671821
-170,-110,0,5.90264602671821
-150,-110,0,5.90264602671821
-130,-110,0,5.90264602671821
-110,-110,0,5.90264602671821
-90,-110,0,5.90264602671821
-70,-110,0,5.90264602671821
-50,-110,0,5.90264602671821
-30,-110,0,5.90264602671821
-10,-110,0,5.90264602671821
10,-110,0,5.90264602671821
30,-110,0,5.90264602671821
50,-110,0,5.90264602671821
70,-110,0,5.90264602671821
90,-110,0,5.90264602671821
110,-110,0,5.90264602671821
130,-110,0,5.90264602671821
150,-110,0,5.90264602671821
170,-110,0,5.90264602671821
190,-110,0,5.90264602671821
210,-110,0,5.90264602671821
230,-110,0,5.90264602671821
250,-110,0,5.90264602671821
270,-110,0,5.90264602671821
290,-110,0,5.90264602671821
310,-110,0,5.90264602671821
330,-110,0,5.90264602671821
350,-110,0,5.90264602671821
370,-110,0,5.90264602671821
390,-110,0,5.90264602671821
410,-110,0,5.90264602671821
430,-110,0,5.90264602671821
450,-110,0,5.90264602671821
470,-110,0,5.90264602671821
490,-110,0,5.90264602671821
510,-110,0,5.90264602671821
530,-110,0,5.90264602671821
550,-110,0,5.90264602671821
570,-110,0,5.90264602671821
590,-110,0,5.90264602671821
610,-110,0,5.90264602671821
630,-110,0,5.90264602671821
650,-110,0,5.90264602671821
670,-110,0,5.90264602671821
690,-110,0,5.90264602671821
710,-110,0,5.90264602671821
730,-110,0,5.90264602671821
750,-110,0,5.90264602671821
770,-110,0,5.90264602671821
790,-110,0,5.90264602671821
-790,-90,0,5.90264602671821
-770,-90,0,5.90264602671821
-750,-90,0,5.90264602671821
-730,-90,0,5.90264602671821
-710,-90,0,5.90264602671821
-690,-90,0,5.90264602671821
-670,-90,0,5.90264602671821
-650,-90,0,5.90264602671821
-630,-90,0,5.90264602671821
-610,-90,0,5.90264602671821
-590,-90,0,5.90264602671821
-570,-90,0,5.90264602671821
-550,-90,0,5.90264602671821
-530,-90,0,5.90264602671821
-510,-90,0,5.90264602671821
-490,-90,0,5.90264602671821
-470,-90,0,5.90264602671821
-450,-90,0,5.90264602671821
-430,-90,0,5.90264602671821
-410,-90,0,5.90264602671821
-390,-90,0,5.90264602671821
-370,-90,0,5.90264602671821
-350,-90,0,5.90264602671821
-330,-90,0,5.90264602671821
-310,-90,0,5.90264602671821
-290,-90,0,5.90264602671821
-270,-90,0,5.90264602671821
-250,-90,0,5.90264602671821
-230,-90,0,5.90264602671821
-210,-90,0,5.90264602671821
-190,-90,0,5.90264602671821
-170,-90,0,5.90264602671821
-150,-90,0,5.90264602671821
-130,-90,0,5.90264602671821
-110,-90,0,5.90264602671821
-90,-90,0,5.90264602671821
-70,-90,0,5.90264602671821
-50,-90,0,5.90264602671821
-30,-90,0,5.90264602671821
-10,-90,0,5.90264602671821
10,-90,0,5.90264602671821
30,-90,0,5.90264602671821
50,-90,0,5.90264602671821
70,-90,0,5.90264602671821
90,-90,0,5.90264602671821
110,-90,0,5.90264602671821
130,-90,0,5.90264602671821
150,-90,0,5.90264602671821
170,-90,0,5.90264602671821
190,-90,0,5.90264602671821
210,-90,0,5.90264602671821
230,-90,0,5.90264602671821
250,-90,0,5.90264602671821
270,-90,0,5.90264602671821
290,-90,0,5.90264602671821
310,-90,0,5.90264602671821
330,-90,0,5.90264602671821
350,-90,0,5.90264602671821
370,-90,0,5.90264602671821
390,-90,0,5.90264602671821
410,-90,0,5.90264602671821
430,-90,0,5.90264602671821
450,-90,0,5.90264602671821
470,-90,0,5.90264602671821
490,-90,0,5.90264602671821
510,-90,0,5.90264602671821
530,-90,0,5.90264602671821
550,-90,0,5.90264602671821
570,-90,0,5.90264602671821
590,-90,0,5.90264602671821
610,-90,0,5.90264602671821
630,-90,0,5.90264602671821
650,-90,0,5.90264602671821
670,-90,0,5.90264602671821
690,-90,0,5.90264602671821
710,-90,0,5.90264602671821
730,-90,0,5.90264602671821
750,-90,0,5.90264602671821
770,-90,0,5.90264602671821
790,-90,0,5.90264602671821
-790,-70,0,5.90264602671821
-770,-70,0,5.90264602671821
-750,-70,0,5.90264602671821
-730,-70,0,5.90264602671821
-710,-70,0,5.90264602671821
-690,-70,0,5.90264602671821
-670,-70,0,5.90264602671821
-650,-70,0,5.90264602671821
-630,-70,0,5.90264602671821
-610,-70,0,5.90264602671821
-590,-70,0,5.90264602671821
-570,-70,0,5.90264602671821
-550,-70,0,5.90264602671821
-530,-70,0,5.90264602671821
-510,-70,0,5.90264602671821
-490,-70,0,5.90264602671821
-470,-70,0,5.90264602671821
-450,-70,0,5.90264602671821
-430,-70,0,5.90264602671821
-410,-70,0,5.90264602671821
-390,-70,0,5.90264602671821
-370,-70,0,5.90264602671821
-350,-70,0,5.90264602671821
-330,-70,0,5.90264602671821
-310,-70,0,5.90264602671821
-290,-70,0,5.90264602671821
-270,-70,0,5.90264602671821
-250,-70,0,5.90264602671821
-230,-70,0,5.90264602671821
-210,-70,0,5.90264602671821
-190,-70,0,5.90264602671821
-170,-70,0,5.90264602671821
-150,-70,0,5.90264602671821
-130,-70,0,5.90264602671821
-110,-70,0,5.90264602671821
-90,-70,0,5.90264602671821
-70,-70,0,5.90264602671821
-50,-70,0,5.90264602671821
-30,-70,0,5.90264602671821
-10,-70,0,5.90264602671821
10,-70,0,5.90264602671821
30,-70,0,5.90264602671821
50,-70,0,5.90264602671821
70,-70,0,5.90264602671821
90,-70,0,5.90264602671821
110,-70,0,5.90264602671821
130,-70,0,5.90264602671821
150,-70,0,5.90264602671821
170,-70,0,5.90264602671821
190,-70,0,5.90264602671821
210,-70,0,5.90264602671821
230,-70,0,5.90264602671821
250,-70,0,5.90264602671821
270,-70,0,5.90264602671821
290,-70,0,5.90264602671821
310,-70,0,5.90264602671821
330,-70,0,5.90264602671821
350,-70,0,5.90264602671821
370,-70,0,5.90264602671821
390,-70,0,5.90264602671821
410,-70,0,5.90264602671821
430,-70,0,5.90264602671821
450,-70,0,5.90264602671821
470,-70,0,5.90264602671821
490,-70,0,5.90264602671821
510,-70,0,5.90264602671821
530,-70,0,5.90264602671821
550,-70,0,5.90264602671821
570,-70,0,5.90264602671821
590,-70,0,5.90264602671821
610,-70,0,5.90264602671821
630,-70,0,5.90264602671821
650,-70,0,5.90264602671821
670,-70,0,5.90264602671821
690,-70,0,5.90264602671821
710,-70,0,5.90264602671821
730,-70,0,5.90264602671821
750,-70,0,5.90264602671821
770,-70,0,5.90264602671821
790,-70,0,5.90264602671821
-790,-50,0,5.90264602671821
-770,-50,0,5.90264602671821
-750,-50,0,5.90264602671821
-730,-50,0,5.90264602671821
-710,-50,0,5.90264602671821
-690,-50,0,5.90264602671821
-670,-50,0,5.90264602671821
-650,-50,0,5.90264602671821
-630,-50,0,5.90264602671821
-610,-50,0,5.90264602671821
-590,-50,0,5.90264602671821
-570,-50,0,5.90264602671821
-550,-50,0,5.90264602671821
-530,-50,0,5.90264602671821
-510,-50,0,5.90264602671821
-490,-50,0,5.90264602671821
-470,-50,0,5.90264602671821
-450,-50,0,5.90264602671821
-430,-50,0,5.90264602671821
-410,-50,0,5.90264602671821
-390,-50,0,5.90264602671821
-370,-50,0,5.90264602671821
-350,-50,0,5.90264602671821
-330,-50,0,5.90264602671821
-310,-50,0,5.90264602671821
-290,-50,0,5.90264602671821
-270,-50,0,5.90264602671821
-250,-50,0,5.90264602671821
-230,-50,0,5.90264602671821
-210,-50,0,5.90264602671821
-190,-50,0,5.90264602671821
-170,-50,0,5.90264602671821
-150,-50,0,5.90264602671821
-130,-50,0,5.90264602671821
-110,-50,0,5.90264602671821
-90,-50,0,5.90264602671821
-70,-50,0,5.90264602671821
-50,-50,0,5.90264602671821
-30,-50,0,5.90264602671821
-10,-50,0,5.90264602671821
10,-50,0,5.90264602671821
30,-50,0,5.90264602671821
50,-50,0,5.90264602671821
70,-50,0,5.90264602671821
90,-50,0,5.90264602671821
110,-50,0,5.90264602671821
130,-50,0,5.90264602671821
150,-50,0,5.90264602671821
170,-50,0,5.90264602671821
190,-50,0,5.90264602671821
210,-50,0,5.90264602671821
230,-50,0,5.90264602671821
250,-50,0,5.90264602671821
270,-50,0,5.90264602671821
290,-50,0,5.90264602671821
310,-50,0,5.90264602671821
330,-50,0,5.90264602671821
350,-50,0,5.90264602671821
370,-50,0,5.90264602671821
390,-50,0,5.90264602671821
410,-50,0,5.90264602671821
430,-50,0,5.90264602671821
450,-50,0,5.90264602671821
470,-50,0,5.90264602671821
490,-50,0,5.90264602671821
510,-50,0,5.90264602671821
530,-50,0,5.90264602671821
550,-50,0,5.90264602671821
570,-50,0,5.90264602671821
590,-50,0,5.90264602671821
610,-50,0,5.90264602671821
630,-50,0,5.90264602671821
650,-50,0,5.90264602671821
670,-50,0,5.90264602671821
690,-50,0,5.90264602671821
710,-50,0,5.90264602671821
730,-50,0,5.90264602671821
750,-50,0,5.90264602671821
770,-50,0,5.90264602671821
790,-50,0,5.90264602671821
-790,-30,0,5.90264602671821
-770,-30,0,5.90264602671821
-750,-30,0,5.90264602671821
-730,-30,0,5.90264602671821
-710,-30,0,5.90264602671821
-690,-30,0,5.90264602671821
-670,-30,0,5.90264602671821
-650,-30,0,5.90264602671821
-630,-30,0,5.90264602671821
-610,-30,0,5.90264602671821
-590,-30,0,5.90264602671821
-570,-30,0,5.90264602671821
-550,-30,0,5.90264602671821
-530,-30,0,5.90264602671821
-510,-30,0,5.90264602671821
-490,-30,0,5.90264602671821
-470,-30,0,5.90264602671821
-450,-30,0,5.90264602671821
-430,-30,0,5.90264602671821
-410,-30,0,5.90264602671821
-390,-30,0,5.90264602671821
-370,-30,0,5.90264602671821
-350,-30,0,5.90264602671821
-330,-30,0,5.90264602671821
-310,-30,0,5.90264602671821
-290,-30,0,5.90264602671821
-270,-30,0,5.90264602671821
-250,-30,0,5.90264602671821
-230,-30,0,5.90264602671821
-210,-30,0,5.90264602671821
-190,-30,0,5.90264602671821
-170,-30,0,5.90264602671821
-150,-30,0,5.90264602671821
-130,-30,0,5.90264602671821
-110,-30,0,5.90264602671821
-90,-30,0,5.90264602671821
-70,-30,0,5.90264602671821
-50,-30,0,5.90264602671821
-30,-30,0,5.90264602671821
-10,-30,0,5.90264602671821
10,-30,0,5.90264602671821
30,-30,0,5.90264602671821
50,-30,0,5.90264602671821
70,-30,0,5.90264602671821
90,-30,0,5.90264602671821
110,-30,0,5.90264602671821
130,-30,0,5.90264602671821
150,-30,0,5.90264602671821
170,-30,0,5.90264602671821
190,-30,0,5.90264602671821
210,-30,0,5.90264602671821
230,-30,0,5.90264602671821
250,-30,0,5.90264602671821
270,-30,0,5.90264602671821
290,-30,0,5.90264602671821
310,-30,0,5.90264602671821
330,-30,0,5.90264602671821
350,-30,0,5.90264602671821
370,-30,0,5.90264602671821
390,-30,0,5.90264602671821
410,-30,0,5.90264602671821
430,-30,0,5.90264602671821
450,-30,0,5.90264602671821
470,-30,0,5.90264602671821
490,-30,0,5.90264602671821
510,-30,0,5.90264602671821
530,-30,0,5.90264602671821
550,-30,0,5.90264602671821
570,-30,0,5.90264602671821
590,-30,0,5.90264602671821
610,-30,0,5.90264602671821
630,-30,0,5.90264602671821
650,-30,0,5.90264602671821
670,-30,0,5.90264602671821
690,-30,0,5.90264602671821
710,-30,0,5.90264602671821
730,-30,0,5.90264602671821
750,-30,0,5.90264602671821
770,-30,0,5.90264602671821
790,-30,0,5.90264602671821
-790,-10,0,5.90264602671821
-770,-10,0,5.90264602671821
-750,-10,0,5.90264602671821
-730,-10,0,5.90264602671821
-710,-10,0,5.90264602671821
-690,-10,0,5.90264602671821
-670,-10,0,5.90264602671821
-650,-10,0,5.90264602671821
-630,-10,0,5.90264602671821
-610,-10,0,5.90264602671821
-590,-10,0,5.90264602671821
-570,-10,0,5.90264602671821
-550,-10,0,5.90264602671821
-530,-10,0,5.90264602671821
-510,-10,0,5.90264602671821
-490,-10,0,5.90264602671821
-470,-10,0,5.90264602671821
-450,-10,0,5.90264602671821
-430,-10,0,5.90264602671821
-410,-10,0,5.90264602671821
-390,-10,0,5.90264602671821
-370,-10,0,5.90264602671821
-350,-10,0,5.90264602671821
-330,-10,0,5.90264602671821
-310,-10,0,5.90264602671821
-290,-10,0,5.90264602671821
-270,-10,0,5.90264602671821
-250,-10,0,5.90264602671821
-230,-10,0,5.90264602671821
-210,-10,0,5.90264602671821
-190,-10,0,5.90264602671821
-170,-10,0,5.90264602671821
-150,-10,0,5.90264602671821
-130,-10,0,5.90264602671821
-110,-10,0,5.90264602671821
-90,-10,0,5.90264602671821
-70,-10,0,5.90264602671821
-50,-10,0,5.90264602671821
-30,-10,0,5.90264602671821
-10,-10,0,5.90264602671821
10,-10,0,5.90264602671821
30,-10,0,5.90264602671821
50,-10,0,5.90264602671821
70,-10,0,5.90264602671821
90,-10,0,5.90264602671821
110,-10,0,5.90264602671821
130,-10,0,5.90264602671821
150,-10,0,5.90264602671821
170,-10,0,5.90264602671821
190,-10,0,5.90264602671821
210,-10,0,5.90264602671821
230,-10,0,5.90264602671821
250,-10,0,5.90264602671821
270,-10,0,5.90264602671821
290,-10,0,5.90264602671821
310,-10,0,5.90264602671821
330,-10,0,5.90264602671821
350,-10,0,5.90264602671821
370,-10,0,5.90264602671821
390,-10,0,5.90264602671821
410,-10,0,5.90264602671821
430,-10,0,5.90264602671821
450,-10,0,5.90264602671821
470,-10,0,5.90264602671821
490,-10,0,5.90264602671821
510,-10,0,5.90264602671821
530,-10,0,5.90264602671821
550,-10,0,5.90264602671821
570,-10,0,5.90264602671821
590,-10,0,5.90264602671821
610,-10,0,5.90264602671821
630,-10,0,5.90264602671821
650,-10,0,5.90264602671821
670,-10,0,5.90264602671821
690,-10,0,5.90264602671821
710,-10,0,5.90264602671821
730,-10,0,5.90264602671821
750,-10,0,5.90264602671821
770,-10,0,5.90264602671821
790,-10,0,5.90264602671821
-790,10,0,5.90264602671821
-770,10,0,5.90264602671821
-750,10,0,5.90264602671821
-730,10,0,5.90264602671821
-710,10,0,5.90264602671821
-690,10,0,5.90264602671821
-670,10,0,5.90264602671821
-650,10,0,5.90264602671821
-630,10,0,5.90264602671821
-610,10,0,5.90264602671821
-590,10,0,5.90264602671821
-570,10,0,5.90264602671821
-550,10,0,5.90264602671821
-530,10,0,5.90264602671821
-510,10,0,5.90264602671821
-490,10,0,5.90264602671821
-470,10,0,5.90264602671821
-450,10,0,5.90264602671821
-430,10,0,5.90264602671821
-410,10,0,5.90264602671821
-390,10,0,5.90264602671821
-370,10,0,5.90264602671821
-350,10,0,5.90264602671821
-330,10,0,5.90264602671821
-310,10,0,5.90264602671821
-290,10,0,5.90264602671821
-270,10,0,5.90264602671821
-250,10,0,5.90264602671821
-230,10,0,5.90264602671821
-210,10,0,5.90264602671821
-190,10,0,5.90264602671821
-170,10,0,5.90264602671821
-150,10,0,5.90264602671821
-130,10,0,5.90264602671821
-110,10,0,5.90264602671821
-90,10,0,5.90264602671821
-70,10,0,5.90264602671821
-50,10,0,5.90264602671821
-30,10,0,5.90264602671821
-10,10,0,5.90264602671821
10,10,0,5.90264602671821
30,10,0,5.90264602671821
50,10,0,5.90264602671821
70,10,0,5.90264602671821
90,10,0,5.90264602671821
110,10,0,5.90264602671821
130,10,0,5.90264602671821
150,10,0,5.90264602671821
170,10,0,5.90264602671821
190,10,0,5.90264602671821
210,10,0,5.90264602671821
230,10,0,5.90264602671821
250,10,0,5.90264602671821
270,10,0,5.90264602671821
290,10,0,5.90264602671821
310,10,0,5.90264602671821
330,10,0,5.90264602671821
350,10,0,5.90264602671821
370,10,0,5.90264602671821
390,10,0,5.90264602671821
410,10,0,5.90264602671821
430,10,0,5.90264602671821
450,10,0,5.90264602671821
470,10,0,5.90264602671821
490,10,0,5.90264602671821
510,10,0,5.90264602671821
530,10,0,5.90264602671821
550,10,0,5.90264602671821
570,10,0,5.90264602671821
590,10,0,5.90264602671821
610,10,0,5.90264602671821
630,10,0,5.90264602671821
650,10,0,5.90264602671821
670,10,0,5.90264602671821
690,10,0,5.90264602671821
710,10,0,5.90264602671821
730,10,0,5.90264602671821
750,10,0,5.90264602671821
770,10,0,5.90264602671821
790,10,0,5.90264602671821
-790,30,0,5.90264602671821
-770,30,0,5.90264602671821
-750,30,0,5.90264602671821
-730,30,0,5.90264602671821
-710,30,0,5.90264602671821
-690,30,0,5.90264602671821
-670,30,0,5.90264602671821
-650,30,0,5.90264602671821
-630,30,0,5.90264602671821
-610,30,0,5.90264602671821
-590,30,0,5.90264602671821
-570,30,0,5.90264602671821
-550,30,0,5.90264602671821
-530,30,0,5.90264602671821
-510,30,0,5.90264602671821
-490,30,0,5.90264602671821
-470,30,0,5.90264602671821
-450,30,0,5.90264602671821
-430,30,0,5.90264602671821
-410,30,0,5.90264602671821
-390,30,0,5.90264602671821
-370,30,0,5.90264602671821
-350,30,0,5.90264602671821
-330,30,0,5.90264602671821
-310,30,0,5.90264602671821
-290,30,0,5.90264602671821
-270,30,0,5.90264602671821
-250,30,0,5.90264602671821
-230,30,0,5.90264602671821
-210,30,0,5.90264602671821
-190,30,0,5.90264602671821
-170,30,0,5.90264602671821
-150,30,0,5.90264602671821
-130,30,0,5.90264602671821
-110,30,0,5.90264602671821
-90,30,0,5.90264602671821
-70,30,0,5.90264602671821
-50,30,0,5.90264602671821
-30,30,0,5.90264602671821
-10,30,0,5.90264602671821
10,30,0,5.90264602671821
30,30,0,5.90264602671821
50,30,0,5.90264602671821
70,30,0,5.90264602671821
90,30,0,5.90264602671821
110,30,0,5.90264602671821
130,30,0,5.90264602671821
150,30,0,5.90264602671821
170,30,0,5.90264602671821
190,30,0,5.90264602671821
210,30,0,5.90264602671821
230,30,0,5.90264602671821
250,30,0,5.90264602671821
270,30,0,5.90264602671821
290,30,0,5.90264602671821
310,30,0,5.90264602671821
330,30,0,5.90264602671821
350,30,0,5.90264602671821
370,30,0,5.90264602671821
390,30,0,5.90264602671821
410,30,0,5.90264602671821
430,30,0,5.90264602671821
450,30,0,5.90264602671821
470,30,0,5.90264602671821
490,30,0,5.90264602671821
510,30,0,5.90264602671821
530,30,0,5.90264602671821
550,30,0,5.90264602671821
570,30,0,5.90264602671821
590,30,0,5.90264602671821
610,30,0,5.90264602671821
630,30,0,5.90264602671821
650,30,0,5.90264602671821
670,30,0,5.90264602671821
690,30,0,5.90264602671821
710,30,0,5.90264602671821
730,30,0,5.90264602671821
750,30,0,5.90264602671821
770,30,0,5.90264602671821
790,30,0,5.90264602671821
-790,50,0,5.90264602671821
-770,50,0,5.90264602671821
-750,50,0,5.90264602671821
-730,50,0,5.90264602671821
-710,50,0,5.90264602671821
-690,50,0,5.90264602671821
-670,50,0,5.90264602671821
-650,50,0,5.90264602671821
-630,50,0,5.90264602671821
-610,50,0,5.90264602671821
-590,50,0,5.90264602671821
-570,50,0,5.90264602671821
-550,50,0,5.90264602671821
-530,50,0,5.90264602671821
-510,50,0,5.90264602671821
-490,50,0,5.90264602671821
-470,50,0,5.90264602671821
-450,50,0,5.90264602671821
-430,50,0,5.90264602671821
-410,50,0,5.90264602671821
-390,50,0,5.90264602671821
-370,50,0,5.90264602671821
-350,50,0,5.90264602671821
-330,50,0,5.90264602671821
-310,50,0,5.90264602671821
-290,50,0,5.90264602671821
-270,50,0,5.90264602671821
-250,50,0,5.90264602671821
-230,50,0,5.90264602671821
-210,50,0,5.90264602671821
-190,50,0,5.90264602671821
-170,50,0,5.90264602671821
-150,50,0,5.90264602671821
-130,50,0,5.90264602671821
-110,50,0,5.90264602671821
-90,50,0,5.90264602671821
-70,50,0,5.90264602671821
-50,50,0,5.90264602671821
-30,50,0,5.90264602671821
-10,50,0,5.90264602671821
10,50,0,5.90264602671821
30,50,0,5.90264602671821
50,50,0,5.90264602671821
70,50,0,5.90264602671821
90,50,0,5.90264602671821
110,50,0,5.90264602671821
130,50,0,5.90264602671821
150,50,0,5.90264602671821
170,50,0,5.90264602671821
190,50,0,5.90264602671821
210,50,0,5.90264602671821
230,50,0,5.90264602671821
250,50,0,5.90264602671821
270,50,0,5.90264602671821
290,50,0,5.90264602671821
310,50,0,5.90264602671821
330,50,0,5.90264602671821
350,50,0,5.90264602671821
370,50,0,5.90264602671821
390,50,0,5.90264602671821
410,50,0,5.90264602671821
430,50,0,5.90264602671821
450,50,0,5.90264602671821
470,50,0,5.90264602671821
490,50,0,5.90264602671821
510,50,0,5.90264602671821
530,50,0,5.90264602671821
550,50,0,5.90264602671821
570,50,0,5.90264602671821
590,50,0,5.90264602671821
610,50,0,5.90264602671821
630,50,0,5.90264602671821
650,50,0,5.90264602671821
670,50,0,5.90264602671821
690,50,0,5.90264602671821
710,50,0,5.90264602671821
730,50,0,5.90264602671821
750,50,0,5.90264602671821
770,50,0,5.90264602671821
790,50,0,5.90264602671821
-790,70,0,5.90264602671821
-770,70,0,5.90264602671821
-750,70,0,5.90264602671821
-730,70,0,5.90264602671821
-710,70,0,5.90264602671821
-690,70,0,5.90264602671821
-670,70,0,5.90264602671821
-650,70,0,5.90264602671821
-630,70,0,5.90264602671821
-610,70,0,5.90264602671821
-590,70,0,5.90264602671821
-570,70,0,5.90264602671821
-550,70,0,5.90264602671821
-530,70,0,5.90264602671821
-510,70,0,5.90264602671821
-490,70,0,5.90264602671821
-470,70,0,5.90264602671821
-450,70,0,5.90264602671821
-430,70,0,5.90264602671821
-410,70,0,5.90264602671821
-390,70,0,5.90264602671821
-370,70,0,5.90264602671821
-350,70,0,5.90264602671821
-330,70,0,5.90264602671821
-310,70,0,5.90264602671821
-290,70,0,5.90264602671821
-270,70,0,5.90264602671821
-250,70,0,5.90264602671821
-230,70,0,5.90264602671821
-210,70,0,5.90264602671821
-190,70,0,5.90264602671821
-170,70,0,5.90264602671821
-150,70,0,5.90264602671821
-130,70,0,5.90264602671821
-110,70,0,5.90264602671821
-90,70,0,5.90264602671821
-70,70,0,5.90264602671821
-50,70,0,5.90264602671821
-30,70,0,5.90264602671821
-10,70,0,5.90264602671821
10,70,0,5.90264602671821
30,70,0,5.90264602671821
50,70,0,5.90264602671821
70,70,0,5.90264602671821
90,70,0,5.90264602671821
110,70,0,5.90264602671821
130,70,0,5.90264602671821
150,70,0,5.90264602671821
170,70,0,5.90264602671821
190,70,0,5.90264602671821
210,70,0,5.90264602671821
230,70,0,5.90264602671821
250,70,0,5.90264602671821
270,70,0,5.90264602671821
290,70,0,5.90264602671821
310,70,0,5.90264602671821
330,70,0,5.90264602671821
350,70,0,5.90264602671821
370,70,0,5.90264602671821
390,70,0,5.90264602671821
410,70,0,5.90264602671821
430,70,0,5.90264602671821
450,70,0,5.90264602671821
470,70,0,5.90264602671821
490,70,0,5.90264602671821
510,70,0,5.90264602671821
530,70,0,5.90264602671821
550,70,0,5.90264602671821
570,70,0,5.90264602671821
590,70,0,5.90264602671821
610,70,0,5.90264602671821
630,70,0,5.90264602671821
650,70,0,5.90264602671821
670,70,0,5.90264602671821
690,70,0,5.90264602671821
710,70,0,5.90264602671821
730,70,0,5.90264602671821
750,70,0,5.90264602671821
770,70,0,5.90264602671821
790,70,0,5.90264602671821
-790,90,0,5.90264602671821
-770,90,0,5.90264602671821
-750,90,0,5.90264602671821
-730,90,0,5.90264602671821
-710,90,0,5.90264602671821
-690,90,0,5.90264602671821
-670,90,0,5.90264602671821
-650,90,0,5.90264602671821
-630,90,0,5.90264602671821
-610,90,0,5.90264602671821
-590,90,0,5.90264602671821
-570,90,0,5.90264602671821
-550,90,0,5.90264602671821
-530,90,0,5.90264602671821
-510,90,0,5.90264602671821
-490,90,0,5.90264602671821
-470,90,0,5.90264602671821
-450,90,0,5.90264602671821
-430,90,0,5.90264602671821
-410,90,0,5.90264602671821
-390,90,0,5.90264602671821
-370,90,0,5.90264602671821
-350,90,0,5.90264602671821
-330,90,0,5.90264602671821
-310,90,0,5.90264602671821
-290,90,0,5.90264602671821
-270,90,0,5.90264602671821
-250,90,0,5.90264602671821
-230,90,0,5.90264602671821
-210,90,0,5.90264602671821
-190,90,0,5.90264602671821
-170,90,0,5.90264602671821
-150,90,0,5.90264602671821
-130,90,0,5.90264602671821
-110,90,0,5.90264602671821
-90,90,0,5.90264602671821
-70,90,0,5.90264602671821
-50,90,0,5.90264602671821
-30,90,0,5.90264602671821
-10,90,0,5.90264602671821
10,90,0,5.90264602671821
30,90,0,5.90264602671821
50,90,0,5.90264602671821
70,90,0,5.90264602671821
90,90,0,5.90264602671821
110,90,0,5.90264602671821
130,90,0,5.90264602671821
150,90,0,5.90264602671821
170,90,0,5.90264602671821
190,90,0,5.90264602671821
210,90,0,5.90264602671821
230,90,0,5.90264602671821
250,90,0,5.90264602671821
270,90,0,5.90264602671821
290,90,0,5.90264602671821
310,90,0,5.90264602671821
330,90,0,5.90264602671821
350,90,0,5.90264602671821
370,90,0,5.90264602671821
390,90,0,5.90264602671821
410,90,0,5.90264602671821
430,90,0,5.90264602671821
450,90,0,5.90264602671821
470,90,0,5.90264602671821
490,90,0,5.90264602671821
510,90,0,5.90264602671821
530,90,0,5.90264602671821
550,90,0,5.90264602671821
570,90,0,5.90264602671821
590,90,0,5.90264602671821
610,90,0,5.90264602671821
630,90,0,5.90264602671821
650,90,0,5.90264602671821
670,90,0,5.90264602671821
690,90,0,5.90264602671821
710,90,0,5.90264602671821
730,90,0,5.90264602671821
750,90,0,5.90264602671821
770,90,0,5.90264602671821
790,90,0,5.90264602671821
-790,110,0,5.90264602671821
-770,110,0,5.90264602671821
-750,110,0,5.90264602671821
-730,110,0,5.90264602671821
-710,110,0,5.90264602671821
-690,110,0,5.90264602671821
-670,110,0,5.90264602671821
-650,110,0,5.90264602671821
-630,110,0,5.90264602671821
-610,110,0,5.90264602671821
-590,110,0,5.90264602671821
-570,110,0,5.90264602671821
-550,110,0,5.90264602671821
-530,110,0,5.90264602671821
-510,110,0,5.90264602671821
-490,110,0,5.90264602671821
-470,110,0,5.90264602671821
-450,110,0,5.90264602671821
-430,110,0,5.90264602671821
-410,110,0,5.90264602671821
-390,110,0,5.90264602671821
-370,110,0,5.90264602671821
-350,110,0,5.90264602671821
-330,110,0,5.90264602671821
-310,110,0,5.90264602671821
-290,110,0,5.90264602671821
-270,110,0,5.90264602671821
-250,110,0,5.90264602671821
-230,110,0,5.90264602671821
-210,110,0,5.90264602671821
-190,110,0,5.90264602671821
-170,110,0,5.90264602671821
-150,110,0,5.90264602671821
-130,110,0,5.90264602671821
-110,110,0,5.90264602671821
-90,110,0,5.90264602671821
-70,110,0,5.90264602671821
-50,110,0,5.90264602671821
-30,110,0,5.90264602671821
-10,110,0,5.90264602671821
10,110,0,5.90264602671821
30,110,0,5.90264602671821
50,110,0,5.90264602671821
70,110,0,5.90264602671821
90,110,0,5.90264602671821
110,110,0,5.90264602671821
130,110,0,5.90264602671821
150,110,0,5.90264602671821
170,110,0,5.90264602671821
190,110,0,5.90264602671821
210,110,0,5.90264602671821
230,110,0,5.90264602671821
250,110,0,5.90264602671821
270,110,0,5.90264602671821
290,110,0,5.90264602671821
310,110,0,5.90264602671821
330,110,0,5.90264602671821
350,110,0,5.90264602671821
370,110,0,5.90264602671821
390,110,0,5.90264602671821
410,110,0,5.90264602671821
430,110,0,5.90264602671821
450,110,0,5.90264602671821
470,110,0,5.90264602671821
490,110,0,5.90264602671821
510,110,0,5.90264602671821
530,110,0,5.90264602671821
550,110,0,5.90264602671821
570,110,0,5.90264602671821
590,110,0,5.90264602671821
610,110,0,5.90264602671821
630,110,0,5.90264602671821
650,110,0,5.90264602671821
670,110,0,5.90264602671821
690,110,0,5.90264602671821
710,110,0,5.90264602671821
730,110,0,5.90264602671821
750,110,0,5.90264602671821
770,110,0,5.90264602671821
790,110,0,5.90264602671821
-790,130,0,5.90264602671821
-770,130,0,5.90264602671821
-750,130,0,5.90264602671821
-730,130,0,5.90264602671821
-710,130,0,5.90264602671821
-690,130,0,5.90264602671821
-670,130,0,5.90264602671821
-650,130,0,5.90264602671821
-630,130,0,5.90264602671821
-610,130,0,5.90264602671821
-590,130,0,5.90264602671821
-570,130,0,5.90264602671821
-550,130,0,5.90264602671821
-530,130,0,5.90264602671821
-510,130,0,5.90264602671821
-490,130,0,5.90264602671821
-470,130,0,5.90264602671821
-450,130,0,5.90264602671821
-430,130,0,5.90264602671821
-410,130,0,5.90264602671821
-390,130,0,5.90264602671821
-370,130,0,5.90264602671821
-350,130,0,5.90264602671821
-330,130,0,5.90264602671821
-310,130,0,5.90264602671821
-290,130,0,5.90264602671821
-270,130,0,5.90264602671821
-250,130,0,5.90264602671821
-230,130,0,5.90264602671821
-210,130,0,5.90264602671821
-190,130,0,5.90264602671821
-170,130,0,5.90264602671821
-150,130,0,5.90264602671821
-130,130,0,5.90264602671821
-110,130,0,5.90264602671821
-90,130,0,5.90264602671821
-70,130,0,5.90264602671821
-50,130,0,5.90264602671821
-30,130,0,5.90264602671821
-10,130,0,5.90264602671821
10,130,0,5.90264602671821
30,130,0,5.90264602671821
50,130,0,5.90264602671821
70,130,0,5.90264602671821
90,130,0,5.90264602671821
110,130,0,5.90264602671821
130,130,0,5.90264602671821
150,130,0,5.90264602671821
170,130,0,5.90264602671821
190,130,0,5.90264602671821
210,130,0,5.90264602671821
230,130,0,5.90264602671821
250,130,0,5.90264602671821
270,130,0,5.90264602671821
290,130,0,5.90264602671821
310,130,0,5.90264602671821
330,130,0,5.90264602671821
350,130,0,5.90264602671821
370,130,0,5.90264602671821
390,130,0,5.90264602671821
410,130,0,5.90264602671821
430,130,0,5.90264602671821
450,130,0,5.90264602671821
470,130,0,5.90264602671821
490,130,0,5.90264602671821
510,130,0,5.90264602671821
530,130,0,5.90264602671821
550,130,0,5.90264602671821
570,130,0,5.90264602671821
590,130,0,5.90264602671821
610,130,0,5.90264602671821
630,130,0,5.90264602671821
650,130,0,5.90264602671821
670,130,0,5.90264602671821
690,130,0,5.90264602671821
710,130,0,5.90264602671821
730,130,0,5.90264602671821
750,130,0,5.90264602671821
770,130,0,5.90264602671821
790,130,0,5.90264602671821
-790,150,0,5.90264602671821
-770,150,0,5.90264602671821
-750,150,0,5.90264602671821
-730,150,0,5.90264602671821
-710,150,0,5.90264602671821
-690,150,0,5.90264602671821
-670,150,0,5.90264602671821
-650,150,0,5.90264602671821
-630,150,0,5.90264602671821
-610,150,0,5.90264602671821
-590,150,0,5.90264602671821
-570,150,0,5.90264602671821
-550,150,0,5.90264602671821
-530,150,0,5.90264602671821
-510,150,0,5.90264602671821
-490,150,0,5.90264602671821
-470,150,0,5.90264602671821
-450,150,0,5.90264602671821
-430,150,0,5.90264602671821
-410,150,0,5.90264602671821
-390,150,0,5.90264602671821
-370,150,0,5.90264602671821
-350,150,0,5.90264602671821
-330,150,0,5.90264602671821
-310,150,0,5.90264602671821
-290,150,0,5.90264602671821
-270,150,0,5.90264602671821
-250,150,0,5.90264602671821
-230,150,0,5.90264602671821
-210,150,0,5.90264602671821
-190,150,0,5.90264602671821
-170,150,0,5.90264602671821
-150,150,0,5.90264602671821
-130,150,0,5.90264602671821
-110,150,0,5.90264602671821
-90,150,0,5.90264602671821
-70,150,0,5.90264602671821
-50,150,0,5.90264602671821
-30,150,0,5.90264602671821
-10,150,0,5.90264602671821
10,150,0,5.90264602671821
30,150,0,5.90264602671821
50,150,0,5.90264602671821
70,150,0,5.90264602671821
90,150,0,5.90264602671821
110,150,0,5.90264602671821
130,150,0,5.90264602671821
150,150,0,5.90264602671821
170,150,0,5.90264602671821
190,150,0,5.90264602671821
210,150,0,5.90264602671821
230,150,0,5.90264602671821
250,150,0,5.90264602671821
270,150,0,5.90264602671821
290,150,0,5.90264602671821
310,150,0,5.90264602671821
330,150,0,5.90264602671821
350,150,0,5.90264602671821
370,150,0,5.90264602671821
390,150,0,5.90264602671821
410,150,0,5.90264602671821
430,150,0,5.90264602671821
450,150,0,5.90264602671821
470,150,0,5.90264602671821
490,150,0,5.90264602671821
510,150,0,5.90264602671821
530,150,0,5.90264602671821
550,150,0,5.90264602671821
570,150,0,5.90264602671821
590,150,0,5.90264602671821
610,150,0,5.90264602671821
630,150,0,5.90264602671821
650,150,0,5.90264602671821
670,150,0,5.90264602671821
690,150,0,5.90264602671821
710,150,0,5.90264602671821
730,150,0,5.90264602671821
750,150,0,5.90264602671821
770,150,0,5.90264602671821
790,150,0,5.90264602671821
-790,170,0,5.90264602671821
-770,170,0,5.90264602671821
-750,170,0,5.90264602671821
-730,170,0,5.90264602671821
-710,170,0,5.90264602671821
-690,170,0,5.90264602671821
-670,170,0,5.90264602671821
-650,170,0,5.90264602671821
-630,170,0,5.90264602671821
-610,170,0,5.90264602671821
-590,170,0,5.90264602671821
-570,170,0,5.90264602671821
-550,170,0,5.90264602671821
-530,170,0,5.90264602671821
-510,170,0,5.90264602671821
-490,170,0,5.90264602671821
-470,170,0,5.90264602671821
-450,170,0,5.90264602671821
-430,170,0,5.90264602671821
-410,170,0,5.90264602671821
-390,170,0,5.90264602671821
-370,170,0,5.90264602671821
-350,170,0,5.90264602671821
-330,170,0,5.90264602671821
-310,170,0,5.90264602671821
-290,170,0,5.90264602671821
-270,170,0,5.90264602671821
-250,170,0,5.90264602671821
-230,170,0,5.90264602671821
-210,170,0,5.90264602671821
-190,170,0,5.90264602671821
-170,170,0,5.90264602671821
-150,170,0,5.90264602671821
-130,170,0,5.90264602671821
-110,170,0,5.90264602671821
-90,170,0,5.90264602671821
-70,170,0,5.90264602671821
-50,170,0,5.90264602671821
-30,170,0,5.90264602671821
-10,170,0,5.90264602671821
10,170,0,5.90264602671821
30,170,0,5.90264602671821
50,170,0,5.90264602671821
70,170,0,5.90264602671821
90,170,0,5.90264602671821
110,170,0,5.90264602671821
130,170,0,5.90264602671821
150,170,0,5.90264602671821
170,170,0,5.90264602671821
190,170,0,5.90264602671821
210,170,0,5.90264602671821
230,170,0,5.90264602671821
250,170,0,5.90264602671821
270,170,0,5.90264602671821
290,170,0,5.90264602671821
310,170,0,5.90264602671821
330,170,0,5.90264602671821
350,170,0,5.90264602671821
370,170,0,5.90264602671821
390,170,0,5.90264602671821
410,170,0,5.90264602671821
430,170,0,5.90264602671821
450,170,0,5.90264602671821
470,170,0,5.90264602671821
490,170,0,5.90264602671821
510,170,0,5.90264602671821
530,170,0,5.90264602671821
550,170,0,5.90264602671821
570,170,0,5.90264602671821
590,170,0,5.90264602671821
610,170,0,5.90264602671821
630,170,0,5.90264602671821
650,170,0,5.90264602671821
670,170,0,5.90264602671821
690,170,0,5.90264602671821
710,170,0,5.90264602671821
730,170,0,5.90264602671821
750,170,0,5.90264602671821
770,170,0,5.90264602671821
790,170,0,5.90264602671821
-790,190,0,5.90264602671821
-770,190,0,5.90264602671821
-750,190,0,5.90264602671821
-730,190,0,5.90264602671821
-710,190,0,5.90264602671821
-690,190,0,5.90264602671821
-670,190,0,5.90264602671821
-650,190,0,5.90264602671821
-630,190,0,5.90264602671821
-610,190,0,5.90264602671821
-590,190,0,5.90264602671821
-570,190,0,5.90264602671821
-550,190,0,5.90264602671821
-530,190,0,5.90264602671821
-510,190,0,5.90264602671821
-490,190,0,5.90264602671821
-470,190,0,5.90264602671821
-450,190,0,5.90264602671821
-430,190,0,5.90264602671821
-410,190,0,5.90264602671821
-390,190,0,5.90264602671821
-370,190,0,5.90264602671821
-350,190,0,5.90264602671821
-330,190,0,5.90264602671821
-310,190,0,5.90264602671821
-290,190,0,5.90264602671821
-270,190,0,5.90264602671821
-250,190,0,5.90264602671821
-230,190,0,5.90264602671821
-210,190,0,5.90264602671821
-190,190,0,5.90264602671821
-170,190,0,5.90264602671821
-150,190,0,5.90264602671821
-130,190,0,5.90264602671821
-110,190,0,5.90264602671821
-90,190,0,5.90264602671821
-70,190,0,5.90264602671821
-50,190,0,5.90264602671821
-30,190,0,5.90264602671821
-10,190,0,5.90264602671821
10,190,0,5.90264602671821
30,190,0,5.90264602671821
50,190,0,5.90264602671821
70,190,0,5.90264602671821
90,190,0,5.90264602671821
110,190,0,5.90264602671821
130,190,0,5.90264602671821
150,190,0,5.90264602671821
170,190,0,5.90264602671821
190,190,0,5.90264602671821
210,190,0,5.90264602671821
230,190,0,5.90264602671821
250,190,0,5.90264602671821
270,190,0,5.90264602671821
290,190,0,5.90264602671821
310,190,0,5.90264602671821
330,190,0,5.90264602671821
350,190,0,5.90264602671821
370,190,0,5.90264602671821
390,190,0,5.90264602671821
410,190,0,5.90264602671821
430,190,0,5.90264602671821
450,190,0,5.90264602671821
470,190,0,5.90264602671821
490,190,0,5.90264602671821
510,190,0,5.90264602671821
530,190,0,5.90264602671821
550,190,0,5.90264602671821
570,190,0,5.90264602671821
590,190,0,5.90264602671821
610,190,0,5.90264602671821
630,190,0,5.90264602671821
650,190,0,5.90264602671821
670,190,0,5.90264602671821
690,190,0,5.90264602671821
710,190,0,5.90264602671821
730,190,0,5.90264602671821
750,190,0,5.90264602671821
770,190,0,5.90264602671821
790,190,0,5.90264602671821
-790,210,0,5.90264602671821
-770,210,0,5.90264602671821
-750,210,0,5.90264602671821
-730,210,0,5.90264602671821
-710,210,0,5.90264602671821
-690,210,0,5.90264602671821
-670,210,0,5.90264602671821
-650,210,0,5.90264602671821
-630,210,0,5.90264602671821
-610,210,0,5.90264602671821
-590,210,0,5.90264602671821
-570,210,0,5.90264602671821
-550,210,0,5.90264602671821
-530,210,0,5.90264602671821
-510,210,0,5.90264602671821
-490,210,0,5.90264602671821
-470,210,0,5.90264602671821
-450,210,0,5.90264602671821
-430,210,0,5.90264602671821
-410,210,0,5.90264602671821
-390,210,0,5.90264602671821
-370,210,0,5.90264602671821
-350,210,0,5.90264602671821
-330,210,0,5.90264602671821
-310,210,0,5.90264602671821
-290,210,0,5.90264602671821
-270,210,0,5.90264602671821
-250,210,0,5.90264602671821
-230,210,0,5.90264602671821
-210,210,0,5.90264602671821
-190,210,0,5.90264602671821
-170,210,0,5.90264602671821
-150,210,0,5.90264602671821
-130,210,0,5.90264602671821
-110,210,0,5.90264602671821
-90,210,0,5.90264602671821
-70,210,0,5.90264602671821
-50,210,0,5.90264602671821
-30,210,0,5.90264602671821
-10,210,0,5.90264602671821
10,210,0,5.90264602671821
30,210,0,5.90264602671821
50,210,0,5.90264602671821
70,210,0,5.90264602671821
90,210,0,5.90264602671821
110,210,0,5.90264602671821
130,210,0,5.90264602671821
150,210,0,5.90264602671821
170,210,0,5.90264602671821
190,210,0,5.90264602671821
210,210,0,5.90264602671821
230,210,0,5.90264602671821
250,210,0,5.90264602671821
270,210,0,5.90264602671821
290,210,0,5.90264602671821
310,210,0,5.90264602671821
330,210,0,5.90264602671821
350,210,0,5.90264602671821
370,210,0,5.90264602671821
390,210,0,5.90264602671821
410,210,0,5.90264602671821
430,210,0,5.90264602671821
450,210,0,5.90264602671821
470,210,0,5.90264602671821
490,210,0,5.90264602671821
510,210,0,5.90264602671821
530,210,0,5.90264602671821
550,210,0,5.90264602671821
570,210,0,5.90264602671821
590,210,0,5.90264602671821
610,210,0,5.90264602671821
630,210,0,5.90264602671821
650,210,0,5.90264602671821
670,210,0,5.90264602671821
690,210,0,5.90264602671821
710,210,0,5.90264602671821
730,210,0,5.90264602671821
750,210,0,5.90264602671821
770,210,0,5.90264602671821
790,210,0,5.90264602671821
-790,230,0,5.90264602671821
-770,230,0,5.90264602671821
-750,230,0,5.90264602671821
-730,230,0,5.90264602671821
-710,230,0,5.90264602671821
-690,230,0,5.90264602671821
-670,230,0,5.90264602671821
-650,230,0,5.90264602671821
-630,230,0,5.90264602671821
-610,230,0,5.90264602671821
-590,230,0,5.90264602671821
-570,230,0,5.90264602671821
-550,230,0,5.90264602671821
-530,230,0,5.90264602671821
-510,230,0,5.90264602671821
-490,230,0,5.90264602671821
-470,230,0,5.90264602671821
-450,230,0,5.90264602671821
-430,230,0,5.90264602671821
-410,230,0,5.90264602671821
-390,230,0,5.90264602671821
-370,230,0,5.90264602671821
-350,230,0,5.90264602671821
-330,230,0,5.90264602671821
-310,230,0,5.90264602671821
-290,230,0,5.90264602671821
-270,230,0,5.90264602671821
-250,230,0,5.90264602671821
-230,230,0,5.90264602671821
-210,230,0,5.90264602671821
-190,230,0,5.90264602671821
-170,230,0,5.90264602671821
-150,230,0,5.90264602671821
-130,230,0,5.90264602671821
-110,230,0,5.90264602671821
-90,230,0,5.90264602671821
-70,230,0,5.90264602671821
-50,230,0,5.90264602671821
-30,230,0,5.90264602671821
-10,230,0,5.90264602671821
10,230,0,5.90264602671821
30,230,0,5.90264602671821
50,230,0,5.90264602671821
70,230,0,5.90264602671821
90,230,0,5.90264602671821
110,230,0,5.90264602671821
130,230,0,5.90264602671821
150,230,0,5.90264602671821
170,230,0,5.90264602671821
190,230,0,5.90264602671821
210,230,0,5.90264602671821
230,230,0,5.90264602671821
250,230,0,5.90264602671821
270,230,0,5.90264602671821
290,230,0,5.90264602671821
310,230,0,5.90264602671821
330,230,0,5.90264602671821
350,230,0,5.90264602671821
370,230,0,5.90264602671821
390,230,0,5.90264602671821
410,230,0,5.90264602671821
430,230,0,5.90264602671821
450,230,0,5.90264602671821
470,230,0,5.90264602671821
490,230,0,5.90264602671821
510,230,0,5.90264602671821
530,230,0,5.90264602671821
550,230,0,5.90264602671821
570,230,0,5.90264602671821
590,230,0,5.90264602671821
610,230,0,5.90264602671821
630,230,0,5.90264602671821
650,230,0,5.90264602671821
670,230,0,5.90264602671821
690,230,0,5.90264602671821
710,230,0,5.90264602671821
730,230,0,5.90264602671821
750,230,0,5.90264602671821
770,230,0,5.90264602671821
790,230,0,5.90264602671821
-790,250,0,5.90264602671821
-770,250,0,5.90264602671821
-750,250,0,5.90264602671821
-730,250,0,5.90264602671821
-710,250,0,5.90264602671821
-690,250,0,5.90264602671821
-670,250,0,5.90264602671821
-650,250,0,5.90264602671821
-630,250,0,5.90264602671821
-610,250,0,5.90264602671821
-590,250,0,5.90264602671821
-570,250,0,5.90264602671821
-550,250,0,5.90264602671821
-530,250,0,5.90264602671821
-510,250,0,5.90264602671821
-490,250,0,5.90264602671821
-470,250,0,5.90264602671821
-450,250,0,5.90264602671821
-430,250,0,5.90264602671821
-410,250,0,5.90264602671821
-390,250,0,5.90264602671821
-370,250,0,5.90264602671821
-350,250,0,5.90264602671821
-330,250,0,5.90264602671821
-310,250,0,5.90264602671821
-290,250,0,5.90264602671821
-270,250,0,5.90264602671821
-250,250,0,5.90264602671821
-230,250,0,5.90264602671821
-210,250,0,5.90264602671821
-190,250,0,5.90264602671821
-170,250,0,5.90264602671821
-150,250,0,5.90264602671821
-130,250,0,5.90264602671821
-110,250,0,5.90264602671821
-90,250,0,5.90264602671821
-70,250,0,5.90264602671821
-50,250,0,5.90264602671821
-30,250,0,5.90264602671821
-10,250,0,5.90264602671821
10,250,0,5.90264602671821
30,250,0,5.90264602671821
50,250,0,5.90264602671821
70,250,0,5.90264602671821
90,250,0,5.90264602671821
110,250,0,5.90264602671821
130,250,0,5.90264602671821
150,250,0,5.90264602671821
170,250,0,5.90264602671821
190,250,0,5.90264602671821
210,250,0,5.90264602671821
230,250,0,5.90264602671821
250,250,0,5.90264602671821
270,250,0,5.90264602671821
290,250,0,5.90264602671821
310,250,0,5.90264602671821
330,250,0,5.90264602671821
350,250,0,5.90264602671821
370,250,0,5.90264602671821
390,250,0,5.90264602671821
410,250,0,5.90264602671821
430,250,0,5.90264602671821
450,250,0,5.90264602671821
470,250,0,5.90264602671821
490,250,0,5.90264602671821
510,250,0,5.90264602671821
530,250,0,5.90264602671821
550,250,0,5.90264602671821
570,250,0,5.90264602671821
590,250,0,5.90264602671821
610,250,0,5.90264602671821
630,250,0,5.90264602671821
650,250,0,5.90264602671821
670,250,0,5.90264602671821
690,250,0,5.90264602671821
710,250,0,5.90264602671821
730,250,0,5.90264602671821
750,250,0,5.90264602671821
770,250,0,5.90264602671821
790,250,0,5.90264602671821
-790,270,0,5.90264602671821
-770,270,0,5.90264602671821
-750,270,0,5.90264602671821
-730,270,0,5.90264602671821
-710,270,0,5.90264602671821
-690,270,0,5.90264602671821
-670,270,0,5.90264602671821
-650,270,0,5.90264602671821
-630,270,0,5.90264602671821
-610,270,0,5.90264602671821
-590,270,0,5.90264602671821
-570,270,0,5.90264602671821
-550,270,0,5.90264602671821
-530,270,0,5.90264602671821
-510,270,0,5.90264602671821
-490,270,0,5.90264602671821
-470,270,0,5.90264602671821
-450,270,0,5.90264602671821
-430,270,0,5.90264602671821
-410,270,0,5.90264602671821
-390,270,0,5.90264602671821
-370,270,0,5.90264602671821
-350,270,0,5.90264602671821
-330,270,0,5.90264602671821
-310,270,0,5.90264602671821
-290,270,0,5.90264602671821
-270,270,0,5.90264602671821
-250,270,0,5.90264602671821
-230,270,0,5.90264602671821
-210,270,0,5.90264602671821
-190,270,0,5.90264602671821
-170,270,0,5.90264602671821
-150,270,0,5.90264602671821
-130,270,0,5.90264602671821
-110,270,0,5.90264602671821
-90,270,0,5.90264602671821
-70,270,0,5.90264602671821
-50,270,0,5.90264602671821
-30,270,0,5.90264602671821
-10,270,0,5.90264602671821
10,270,0,5.90264602671821
30,270,0,5.90264602671821
50,270,0,5.90264602671821
70,270,0,5.90264602671821
90,270,0,5.90264602671821
110,270,0,5.90264602671821
130,270,0,5.90264602671821
150,270,0,5.90264602671821
170,270,0,5.90264602671821
190,270,0,5.90264602671821
210,270,0,5.90264602671821
230,270,0,5.90264602671821
250,270,0,5.90264602671821
270,270,0,5.90264602671821
290,270,0,5.90264602671821
310,270,0,5.90264602671821
330,270,0,5.90264602671821
350,270,0,5.90264602671821
370,270,0,5.90264602671821
390,270,0,5.90264602671821
410,270,0,5.90264602671821
430,270,0,5.90264602671821
450,270,0,5.90264602671821
470,270,0,5.90264602671821
490,270,0,5.90264602671821
510,270,0,5.90264602671821
530,270,0,5.90264602671821
550,270,0,5.90264602671821
570,270,0,5.90264602671821
590,270,0,5.90264602671821
610,270,0,5.90264602671821
630,270,0,5.90264602671821
650,270,0,5.90264602671821
670,270,0,5.90264602671821
690,270,0,5.90264602671821
710,270,0,5.90264602671821
730,270,0,5.90264602671821
750,270,0,5.90264602671821
770,270,0,5.90264602671821
790,270,0,5.90264602671821
-790,290,0,5.90264602671821
-770,290,0,5.90264602671821
-750,290,0,5.90264602671821
-730,290,0,5.90264602671821
-710,290,0,5.90264602671821
-690,290,0,5.90264602671821
-670,290,0,5.90264602671821
-650,290,0,5.90264602671821
-630,290,0,5.90264602671821
-610,290,0,5.90264602671821
-590,290,0,5.90264602671821
-570,290,0,5.90264602671821
-550,290,0,5.90264602671821
-530,290,0,5.90264602671821
-510,290,0,5.90264602671821
-490,290,0,5.90264602671821
-470,290,0,5.90264602671821
-450,290,0,5.90264602671821
-430,290,0,5.90264602671821
-410,290,0,5.90264602671821
-390,290,0,5.90264602671821
-370,290,0,5.90264602671821
-350,290,0,5.90264602671821
-330,290,0,5.90264602671821
-310,290,0,5.90264602671821
-290,290,0,5.90264602671821
-270,290,0,5.90264602671821
-250,290,0,5.90264602671821
-230,290,0,5.90264602671821
-210,290,0,5.90264602671821
-190,290,0,5.90264602671821
-170,290,0,5.90264602671821
-150,290,0,5.90264602671821
-130,290,0,5.90264602671821
-110,290,0,5.90264602671821
-90,290,0,5.90264602671821
-70,290,0,5.90264602671821
-50,290,0,5.90264602671821
-30,290,0,5.90264602671821
-10,290,0,5.90264602671821
10,290,0,5.90264602671821
30,290,0,5.90264602671821
50,290,0,5.90264602671821
70,290,0,5.90264602671821
90,290,0,5.90264602671821
110,290,0,5.90264602671821
130,290,0,5.90264602671821
150,290,0,5.90264602671821
170,290,0,5.90264602671821
190,290,0,5.90264602671821
210,290,0,5.90264602671821
230,290,0,5.90264602671821
250,290,0,5.90264602671821
270,290,0,5.90264602671821
290,290,0,5.90264602671821
310,290,0,5.90264602671821
330,290,0,5.90264602671821
350,290,0,5.90264602671821
370,290,0,5.90264602671821
390,290,0,5.90264602671821
410,290,0,5.90264602671821
430,290,0,5.90264602671821
450,290,0,5.90264602671821
470,290,0,5.90264602671821
490,290,0,5.90264602671821
510,290,0,5.90264602671821
530,290,0,5.90264602671821
550,290,0,5.90264602671821
570,290,0,5.90264602671821
590,290,0,5.90264602671821
610,290,0,5.90264602671821
630,290,0,5.90264602671821
650,290,0,5.90264602671821
670,290,0,5.90264602671821
690,290,0,5.90264602671821
710,290,0,5.90264602671821
730,290,0,5.90264602671821
750,290,0,5.90264602671821
770,290,0,5.90264602671821
790,290,0,5.90264602671821
-790,310,0,5.90264602671821
-770,310,0,5.90264602671821
-750,310,0,5.90264602671821
-730,310,0,5.90264602671821
-710,310,0,5.90264602671821
-690,310,0,5.90264602671821
-670,310,0,5.90264602671821
-650,310,0,5.90264602671821
-630,310,0,5.90264602671821
-610,310,0,5.90264602671821
-590,310,0,5.90264602671821
-570,310,0,5.90264602671821
-550,310,0,5.90264602671821
-530,310,0,5.90264602671821
-510,310,0,5.90264602671821
-490,310,0,5.90264602671821
-470,310,0,5.90264602671821
-450,310,0,5.90264602671821
-430,310,0,5.90264602671821
-410,310,0,5.90264602671821
-390,310,0,5.90264602671821
-370,310,0,5.90264602671821
-350,310,0,5.90264602671821
-330,310,0,5.90264602671821
-310,310,0,5.90264602671821
-290,310,0,5.90264602671821
-270,310,0,5.90264602671821
-250,310,0,5.90264602671821
-230,310,0,5.90264602671821
-210,310,0,5.90264602671821
-190,310,0,5.90264602671821
-170,310,0,5.90264602671821
-150,310,0,5.90264602671821
-130,310,0,5.90264602671821
-110,310,0,5.90264602671821
-90,310,0,5.90264602671821
-70,310,0,5.90264602671821
-50,310,0,5.90264602671821
-30,310,0,5.90264602671821
-10,310,0,5.90264602671821
10,310,0,5.90264602671821
30,310,0,5.90264602671821
50,310,0,5.90264602671821
70,310,0,5.90264602671821
90,310,0,5.90264602671821
110,310,0,5.90264602671821
130,310,0,5.90264602671821
150,310,0,5.90264602671821
170,310,0,5.90264602671821
190,310,0,5.90264602671821
210,310,0,5.90264602671821
230,310,0,5.90264602671821
250,310,0,5.90264602671821
270,310,0,5.90264602671821
290,310,0,5.90264602671821
310,310,0,5.90264602671821
330,310,0,5.90264602671821
350,310,0,5.90264602671821
370,310,0,5.90264602671821
390,310,0,5.90264602671821
410,310,0,5.90264602671821
430,310,0,5.90264602671821
450,310,0,5.90264602671821
470,310,0,5.90264602671821
490,310,0,5.90264602671821
510,310,0,5.90264602671821
530,310,0,5.90264602671821
550,310,0,5.90264602671821
570,310,0,5.90264602671821
590,310,0,5.90264602671821
610,310,0,5.90264602671821
630,310,0,5.90264602671821
650,310,0,5.90264602671821
670,310,0,5.90264602671821
690,310,0,5.90264602671821
710,310,0,5.90264602671821
730,310,0,5.90264602671821
750,310,0,5.90264602671821
770,310,0,5.90264602671821
790,310,0,5.90264602671821
-790,330,0,5.90264602671821
-770,330,0,5.90264602671821
-750,330,0,5.90264602671821
-730,330,0,5.90264602671821
-710,330,0,5.90264602671821
-690,330,0,5.90264602671821
-670,330,0,5.90264602671821
-650,330,0,5.90264602671821
-630,330,0,5.90264602671821
-610,330,0,5.90264602671821
-590,330,0,5.90264602671821
-570,330,0,5.90264602671821
-550,330,0,5.90264602671821
-530,330,0,5.90264602671821
-510,330,0,5.90264602671821
-490,330,0,5.90264602671821
-470,330,0,5.90264602671821
-450,330,0,5.90264602671821
-430,330,0,5.90264602671821
-410,330,0,5.90264602671821
-390,330,0,5.90264602671821
-370,330,0,5.90264602671821
-350,330,0,5.90264602671821
-330,330,0,5.90264602671821
-310,330,0,5.90264602671821
-290,330,0,5.90264602671821
-270,330,0,5.90264602671821
-250,330,0,5.90264602671821
-230,330,0,5.90264602671821
-210,330,0,5.90264602671821
-190,330,0,5.90264602671821
-170,330,0,5.90264602671821
-150,330,0,5.90264602671821
-130,330,0,5.90264602671821
-110,330,0,5.90264602671821
-90,330,0,5.90264602671821
-70,330,0,5.90264602671821
-50,330,0,5.90264602671821
-30,330,0,5.90264602671821
-10,330,0,5.90264602671821
10,330,0,5.90264602671821
30,330,0,5.90264602671821
50,330,0,5.90264602671821
70,330,0,5.90264602671821
90,330,0,5.90264602671821
110,330,0,5.90264602671821
130,330,0,5.90264602671821
150,330,0,5.90264602671821
170,330,0,5.90264602671821
190,330,0,5.90264602671821
210,330,0,5.90264602671821
230,330,0,5.90264602671821
250,330,0,5.90264602671821
270,330,0,5.90264602671821
290,330,0,5.90264602671821
310,330,0,5.90264602671821
330,330,0,5.90264602671821
350,330,0,5.90264602671821
370,330,0,5.90264602671821
390,330,0,5.90264602671821
410,330,0,5.90264602671821
430,330,0,5.90264602671821
450,330,0,5.90264602671821
470,330,0,5.90264602671821
490,330,0,5.90264602671821
510,330,0,5.90264602671821
530,330,0,5.90264602671821
550,330,0,5.90264602671821
570,330,0,5.90264602671821
590,330,0,5.90264602671821
610,330,0,5.90264602671821
630,330,0,5.90264602671821
650,330,0,5.90264602671821
670,330,0,5.90264602671821
690,330,0,5.90264602671821
710,330,0,5.90264602671821
730,330,0,5.90264602671821
750,330,0,5.90264602671821
770,330,0,5.90264602671821
790,330,0,5.90264602671821
-790,350,0,5.90264602671821
-770,350,0,5.90264602671821
-750,350,0,5.90264602671821
-730,350,0,5.90264602671821
-710,350,0,5.90264602671821
-690,350,0,5.90264602671821
-670,350,0,5.90264602671821
-650,350,0,5.90264602671821
-630,350,0,5.90264602671821
-610,350,0,5.90264602671821
-590,350,0,5.90264602671821
-570,350,0,5.90264602671821
-550,350,0,5.90264602671821
-530,350,0,5.90264602671821
-510,350,0,5.90264602671821
-490,350,0,5.90264602671821
-470,350,0,5.90264602671821
-450,350,0,5.90264602671821
-430,350,0,5.90264602671821
-410,350,0,5.90264602671821
-390,350,0,5.90264602671821
-370,350,0,5.90264602671821
-350,350,0,5.90264602671821
-330,350,0,5.90264602671821
-310,350,0,5.90264602671821
-290,350,0,5.90264602671821
-270,350,0,5.90264602671821
-250,350,0,5.90264602671821
-230,350,0,5.90264602671821
-210,350,0,5.90264602671821
-190,350,0,5.90264602671821
-170,350,0,5.90264602671821
-150,350,0,5.90264602671821
-130,350,0,5.90264602671821
-110,350,0,5.90264602671821
-90,350,0,5.90264602671821
-70,350,0,5.90264602671821
-50,350,0,5.90264602671821
-30,350,0,5.90264602671821
-10,350,0,5.90264602671821
10,350,0,5.90264602671821
30,350,0,5.90264602671821
50,350,0,5.90264602671821
70,350,0,5.90264602671821
90,350,0,5.90264602671821
110,350,0,5.90264602671821
130,350,0,5.90264602671821
150,350,0,5.90264602671821
170,350,0,5.90264602671821
190,350,0,5.90264602671821
210,350,0,5.90264602671821
230,350,0,5.90264602671821
250,350,0,5.90264602671821
270,350,0,5.90264602671821
290,350,0,5.90264602671821
310,350,0,5.90264602671821
330,350,0,5.90264602671821
350,350,0,5.90264602671821
370,350,0,5.90264602671821
390,350,0,5.90264602671821
410,350,0,5.90264602671821
430,350,0,5.90264602671821
450,350,0,5.90264602671821
470,350,0,5.90264602671821
490,350,0,5.90264602671821
510,350,0,5.90264602671821
530,350,0,5.90264602671821
550,350,0,5.90264602671821
570,350,0,5.90264602671821
590,350,0,5.90264602671821
610,350,0,5.90264602671821
630,350,0,5.90264602671821
650,350,0,5.90264602671821
670,350,0,5.90264602671821
690,350,0,5.90264602671821
710,350,0,5.90264602671821
730,350,0,5.90264602671821
750,350,0,5.90264602671821
770,350,0,5.90264602671821
790,350,0,5.90264602671821
-790,370,0,5.90264602671821
-770,370,0,5.90264602671821
-750,370,0,5.90264602671821
-730,370,0,5.90264602671821
-710,370,0,5.90264602671821
-690,370,0,5.90264602671821
-670,370,0,5.90264602671821
-650,370,0,5.90264602671821
-630,370,0,5.90264602671821
-610,370,0,5.90264602671821
-590,370,0,5.90264602671821
-570,370,0,5.90264602671821
-550,370,0,5.90264602671821
-530,370,0,5.90264602671821
-510,370,0,5.90264602671821
-490,370,0,5.90264602671821
-470,370,0,5.90264602671821
-450,370,0,5.90264602671821
-430,370,0,5.90264602671821
-410,370,0,5.90264602671821
-390,370,0,5.90264602671821
-370,370,0,5.90264602671821
-350,370,0,5.90264602671821
-330,370,0,5.90264602671821
-310,370,0,5.90264602671821
-290,370,0,5.90264602671821
-270,370,0,5.90264602671821
-250,370,0,5.90264602671821
-230,370,0,5.90264602671821
-210,370,0,5.90264602671821
-190,370,0,5.90264602671821
-170,370,0,5.90264602671821
-150,370,0,5.90264602671821
-130,370,0,5.90264602671821
-110,370,0,5.90264602671821
-90,370,0,5.90264602671821
-70,370,0,5.90264602671821
-50,370,0,5.90264602671821
-30,370,0,5.90264602671821
-10,370,0,5.90264602671821
10,370,0,5.90264602671821
30,370,0,5.90264602671821
50,370,0,5.90264602671821
70,370,0,5.90264602671821
90,370,0,5.90264602671821
110,370,0,5.90264602671821
130,370,0,5.90264602671821
150,370,0,5.90264602671821
170,370,0,5.90264602671821
190,370,0,5.90264602671821
210,370,0,5.90264602671821
230,370,0,5.90264602671821
250,370,0,5.90264602671821
270,370,0,5.90264602671821
290,370,0,5.90264602671821
310,370,0,5.90264602671821
330,370,0,5.90264602671821
350,370,0,5.90264602671821
370,370,0,5.90264602671821
390,370,0,5.90264602671821
410,370,0,5.90264602671821
430,370,0,5.90264602671821
450,370,0,5.90264602671821
470,370,0,5.90264602671821
490,370,0,5.90264602671821
510,370,0,5.90264602671821
530,370,0,5.90264602671821
550,370,0,5.90264602671821
570,370,0,5.90264602671821
590,370,0,5.90264602671821
610,370,0,5.90264602671821
630,370,0,5.90264602671821
650,370,0,5.90264602671821
670,370,0,5.90264602671821
690,370,0,5.90264602671821
710,370,0,5.90264602671821
730,370,0,5.90264602671821
750,370,0,5.90264602671821
770,370,0,5.90264602671821
790,370,0,5.90264602671821
-790,390,0,5.90264602671821
-770,390,0,5.90264602671821
-750,390,0,5.90264602671821
-730,390,0,5.90264602671821
-710,390,0,5.90264602671821
-690,390,0,5.90264602671821
-670,390,0,5.90264602671821
-650,390,0,5.90264602671821
-630,390,0,5.90264602671821
-610,390,0,5.90264602671821
-590,390,0,5.90264602671821
-570,390,0,5.90264602671821
-550,390,0,5.90264602671821
-530,390,0,5.90264602671821
-510,390,0,5.90264602671821
-490,390,0,5.90264602671821
-470,390,0,5.90264602671821
-450,390,0,5.90264602671821
-430,390,0,5.90264602671821
-410,390,0,5.90264602671821
-390,390,0,5.90264602671821
-370,390,0,5.90264602671821
-350,390,0,5.90264602671821
-330,390,0,5.90264602671821
-310,390,0,5.90264602671821
-290,390,0,5.90264602671821
-270,390,0,5.90264602671821
-250,390,0,5.90264602671821
-230,390,0,5.90264602671821
-210,390,0,5.90264602671821
-190,390,0,5.90264602671821
-170,390,0,5.90264602671821
-150,390,0,5.90264602671821
-130,390,0,5.90264602671821
-110,390,0,5.90264602671821
-90,390,0,5.90264602671821
-70,390,0,5.90264602671821
-50,390,0,5.90264602671821
-30,390,0,5.90264602671821
-10,390,0,5.90264602671821
10,390,0,5.90264602671821
30,390,0,5.90264602671821
50,390,0,5.90264602671821
70,390,0,5.90264602671821
90,390,0,5.90264602671821
110,390,0,5.90264602671821
130,390,0,5.90264602671821
150,390,0,5.90264602671821
170,390,0,5.90264602671821
190,390,0,5.90264602671821
210,390,0,5.90264602671821
230,390,0,5.90264602671821
250,390,0,5.90264602671821
270,390,0,5.90264602671821
290,390,0,5.90264602671821
310,390,0,5.90264602671821
330,390,0,5.90264602671821
350,390,0,5.90264602671821
370,390,0,5.90264602671821
390,390,0,5.90264602671821
410,390,0,5.90264602671821
430,390,0,5.90264602671821
450,390,0,5.90264602671821
470,390,0,5.90264602671821
490,390,0,5.90264602671821
510,390,0,5.90264602671821
530,390,0,5.90264602671821
550,390,0,5.90264602671821
570,390,0,5.90264602671821
590,390,0,5.90264602671821
610,390,0,5.90264602671821
630,390,0,5.90264602671821
650,390,0,5.90264602671821
670,390,0,5.90264602671821
690,390,0,5.90264602671821
710,390,0,5.90264602671821
730,390,0,5.90264602671821
750,390,0,5.90264602671821
770,390,0,5.90264602671821
790,390,0,5.90264602671821
-790,410,0,5.90264602671821
-770,410,0,5.90264602671821
-750,410,0,5.90264602671821
-730,410,0,5.90264602671821
-710,410,0,5.90264602671821
-690,410,0,5.90264602671821
-670,410,0,5.90264602671821
-650,410,0,5.90264602671821
-630,410,0,5.90264602671821
-610,410,0,5.90264602671821
-590,410,0,5.90264602671821
-570,410,0,5.90264602671821
-550,410,0,5.90264602671821
-530,410,0,5.90264602671821
-510,410,0,5.90264602671821
-490,410,0,5.90264602671821
-470,410,0,5.90264602671821
-450,410,0,5.90264602671821
-430,410,0,5.90264602671821
-410,410,0,5.90264602671821
-390,410,0,5.90264602671821
-370,410,0,5.90264602671821
-350,410,0,5.90264602671821
-330,410,0,5.90264602671821
-310,410,0,5.90264602671821
-290,410,0,5.90264602671821
-270,410,0,5.90264602671821
-250,410,0,5.90264602671821
-230,410,0,5.90264602671821
-210,410,0,5.90264602671821
-190,410,0,5.90264602671821
-170,410,0,5.90264602671821
-150,410,0,5.90264602671821
-130,410,0,5.90264602671821
-110,410,0,5.90264602671821
-90,410,0,5.90264602671821
-70,410,0,5.90264602671821
-50,410,0,5.90264602671821
-30,410,0,5.90264602671821
-10,410,0,5.90264602671821
10,410,0,5.90264602671821
30,410,0,5.90264602671821
50,410,0,5.90264602671821
70,410,0,5.90264602671821
90,410,0,5.90264602671821
110,410,0,5.90264602671821
130,410,0,5.90264602671821
150,410,0,5.90264602671821
170,410,0,5.90264602671821
190,410,0,5.90264602671821
210,410,0,5.90264602671821
230,410,0,5.90264602671821
250,410,0,5.90264602671821
270,410,0,5.90264602671821
290,410,0,5.90264602671821
310,410,0,5.90264602671821
330,410,0,5.90264602671821
350,410,0,5.90264602671821
370,410,0,5.90264602671821
390,410,0,5.90264602671821
410,410,0,5.90264602671821
430,410,0,5.90264602671821
450,410,0,5.90264602671821
470,410,0,5.90264602671821
490,410,0,5.90264602671821
510,410,0,5.90264602671821
530,410,0,5.90264602671821
550,410,0,5.90264602671821
570,410,0,5.90264602671821
590,410,0,5.90264602671821
610,410,0,5.90264602671821
630,410,0,5.90264602671821
650,410,0,5.90264602671821
670,410,0,5.90264602671821
690,410,0,5.90264602671821
710,410,0,5.90264602671821
730,410,0,5.90264602671821
750,410,0,5.90264602671821
770,410,0,5.90264602671821
790,410,0,5.90264602671821
-790,430,0,5.90264602671821
-770,430,0,5.90264602671821
-750,430,0,5.90264602671821
-730,430,0,5.90264602671821
-710,430,0,5.90264602671821
-690,430,0,5.90264602671821
-670,430,0,5.90264602671821
-650,430,0,5.90264602671821
-630,430,0,5.90264602671821
-610,430,0,5.90264602671821
-590,430,0,5.90264602671821
-570,430,0,5.90264602671821
-550,430,0,5.90264602671821
-530,430,0,5.90264602671821
-510,430,0,5.90264602671821
-490,430,0,5.90264602671821
-470,430,0,5.90264602671821
-450,430,0,5.90264602671821
-430,430,0,5.90264602671821
-410,430,0,5.90264602671821
-390,430,0,5.90264602671821
-370,430,0,5.90264602671821
-350,430,0,5.90264602671821
-330,430,0,5.90264602671821
-310,430,0,5.90264602671821
-290,430,0,5.90264602671821
-270,430,0,5.90264602671821
-250,430,0,5.90264602671821
-230,430,0,5.90264602671821
-210,430,0,5.90264602671821
-190,430,0,5.90264602671821
-170,430,0,5.90264602671821
-150,430,0,5.90264602671821
-130,430,0,5.90264602671821
-110,430,0,5.90264602671821
-90,430,0,5.90264602671821
-70,430,0,5.90264602671821
-50,430,0,5.90264602671821
-30,430,0,5.90264602671821
-10,430,0,5.90264602671821
10,430,0,5.90264602671821
30,430,0,5.90264602671821
50,430,0,5.90264602671821
70,430,0,5.90264602671821
90,430,0,5.90264602671821
110,430,0,5.90264602671821
130,430,0,5.90264602671821
150,430,0,5.90264602671821
170,430,0,5.90264602671821
190,430,0,5.90264602671821
210,430,0,5.90264602671821
230,430,0,5.90264602671821
250,430,0,5.90264602671821
270,430,0,5.90264602671821
290,430,0,5.90264602671821
310,430,0,5.90264602671821
330,430,0,5.90264602671821
350,430,0,5.90264602671821
370,430,0,5.90264602671821
390,430,0,5.90264602671821
410,430,0,5.90264602671821
430,430,0,5.90264602671821
450,430,0,5.90264602671821
470,430,0,5.90264602671821
490,430,0,5.90264602671821
510,430,0,5.90264602671821
530,430,0,5.90264602671821
550,430,0,5.90264602671821
570,430,0,5.90264602671821
590,430,0,5.90264602671821
610,430,0,5.90264602671821
630,430,0,5.90264602671821
650,430,0,5.90264602671821
670,430,0,5.90264602671821
690,430,0,5.90264602671821
710,430,0,5.90264602671821
730,430,0,5.90264602671821
750,430,0,5.90264602671821
770,430,0,5.90264602671821
790,430,0,5.90264602671821
-790,450,0,5.90264602671821
-770,450,0,5.90264602671821
-750,450,0,5.90264602671821
-730,450,0,5.90264602671821
-710,450,0,5.90264602671821
-690,450,0,5.90264602671821
-670,450,0,5.90264602671821
-650,450,0,5.90264602671821
-630,450,0,5.90264602671821
-610,450,0,5.90264602671821
-590,450,0,5.90264602671821
-570,450,0,5.90264602671821
-550,450,0,5.90264602671821
-530,450,0,5.90264602671821
-510,450,0,5.90264602671821
-490,450,0,5.90264602671821
-470,450,0,5.90264602671821
-450,450,0,5.90264602671821
-430,450,0,5.90264602671821
-410,450,0,5.90264602671821
-390,450,0,5.90264602671821
-370,450,0,5.90264602671821
-350,450,0,5.90264602671821
-330,450,0,5.90264602671821
-310,450,0,5.90264602671821
-290,450,0,5.90264602671821
-270,450,0,5.90264602671821
-250,450,0,5.90264602671821
-230,450,0,5.90264602671821
-210,450,0,5.90264602671821
-190,450,0,5.90264602671821
-170,450,0,5.90264602671821
-150,450,0,5.90264602671821
-130,450,0,5.90264602671821
-110,450,0,5.90264602671821
-90,450,0,5.90264602671821
-70,450,0,5.90264602671821
-50,450,0,5.90264602671821
-30,450,0,5.90264602671821
-10,450,0,5.90264602671821
10,450,0,5.90264602671821
30,450,0,5.90264602671821
50,450,0,5.90264602671821
70,450,0,5.90264602671821
90,450,0,5.90264602671821
110,450,0,5.90264602671821
130,450,0,5.90264602671821
150,450,0,5.90264602671821
170,450,0,5.90264602671821
190,450,0,5.90264602671821
210,450,0,5.90264602671821
230,450,0,5.90264602671821
250,450,0,5.90264602671821
270,450,0,5.90264602671821
290,450,0,5.90264602671821
310,450,0,5.90264602671821
330,450,0,5.90264602671821
350,450,0,5.90264602671821
370,450,0,5.90264602671821
390,450,0,5.90264602671821
410,450,0,5.90264602671821
430,450,0,5.90264602671821
450,450,0,5.90264602671821
470,450,0,5.90264602671821
490,450,0,5.90264602671821
510,450,0,5.90264602671821
530,450,0,5.90264602671821
550,450,0,5.90264602671821
570,450,0,5.90264602671821
590,450,0,5.90264602671821
610,450,0,5.90264602671821
630,450,0,5.90264602671821
650,450,0,5.90264602671821
670,450,0,5.90264602671821
690,450,0,5.90264602671821
710,450,0,5.90264602671821
730,450,0,5.90264602671821
750,450,0,5.90264602671821
770,450,0,5.90264602671821
790,450,0,5.90264602671821
-790,470,0,5.90264602671821
-770,470,0,5.90264602671821
-750,470,0,5.90264602671821
-730,470,0,5.90264602671821
-710,470,0,5.90264602671821
-690,470,0,5.90264602671821
-670,470,0,5.90264602671821
-650,470,0,5.90264602671821
-630,470,0,5.90264602671821
-610,470,0,5.90264602671821
-590,470,0,5.90264602671821
-570,470,0,5.90264602671821
-550,470,0,5.90264602671821
-530,470,0,5.90264602671821
-510,470,0,5.90264602671821
-490,470,0,5.90264602671821
-470,470,0,5.90264602671821
-450,470,0,5.90264602671821
-430,470,0,5.90264602671821
-410,470,0,5.90264602671821
-390,470,0,5.90264602671821
-370,470,0,5.90264602671821
-350,470,0,5.90264602671821
-330,470,0,5.90264602671821
-310,470,0,5.90264602671821
-290,470,0,5.90264602671821
-270,470,0,5.90264602671821
-250,470,0,5.90264602671821
-230,470,0,5.90264602671821
-210,470,0,5.90264602671821
-190,470,0,5.90264602671821
-170,470,0,5.90264602671821
-150,470,0,5.90264602671821
-130,470,0,5.90264602671821
-110,470,0,5.90264602671821
-90,470,0,5.90264602671821
-70,470,0,5.90264602671821
-50,470,0,5.90264602671821
-30,470,0,5.90264602671821
-10,470,0,5.90264602671821
10,470,0,5.90264602671821
30,470,0,5.90264602671821
50,470,0,5.90264602671821
70,470,0,5.90264602671821
90,470,0,5.90264602671821
110,470,0,5.90264602671821
130,470,0,5.90264602671821
150,470,0,5.90264602671821
170,470,0,5.90264602671821
190,470,0,5.90264602671821
210,470,0,5.90264602671821
230,470,0,5.90264602671821
250,470,0,5.90264602671821
270,470,0,5.90264602671821
290,470,0,5.90264602671821
310,470,0,5.90264602671821
330,470,0,5.90264602671821
350,470,0,5.90264602671821
370,470,0,5.90264602671821
390,470,0,5.90264602671821
410,470,0,5.90264602671821
430,470,0,5.90264602671821
450,470,0,5.90264602671821
470,470,0,5.90264602671821
490,470,0,5.90264602671821
510,470,0,5.90264602671821
530,470,0,5.90264602671821
550,470,0,5.90264602671821
570,470,0,5.90264602671821
590,470,0,5.90264602671821
610,470,0,5.90264602671821
630,470,0,5.90264602671821
650,470,0,5.90264602671821
670,470,0,5.90264602671821
690,470,0,5.90264602671821
710,470,0,5.90264602671821
730,470,0,5.90264602671821
750,470,0,5.90264602671821
770,470,0,5.90264602671821
790,470,0,5.90264602671821
-790,490,0,5.90264602671821
-770,490,0,5.90264602671821
-750,490,0,5.90264602671821
-730,490,0,5.90264602671821
-710,490,0,5.90264602671821
-690,490,0,5.90264602671821
-670,490,0,5.90264602671821
-650,490,0,5.90264602671821
-630,490,0,5.90264602671821
-610,490,0,5.90264602671821
-590,490,0,5.90264602671821
-570,490,0,5.90264602671821
-550,490,0,5.90264602671821
-530,490,0,5.90264602671821
-510,490,0,5.90264602671821
-490,490,0,5.90264602671821
-470,490,0,5.90264602671821
-450,490,0,5.90264602671821
-430,490,0,5.90264602671821
-410,490,0,5.90264602671821
-390,490,0,5.90264602671821
-370,490,0,5.90264602671821
-350,490,0,5.90264602671821
-330,490,0,5.90264602671821
-310,490,0,5.90264602671821
-290,490,0,5.90264602671821
-270,490,0,5.90264602671821
-250,490,0,5.90264602671821
-230,490,0,5.90264602671821
-210,490,0,5.90264602671821
-190,490,0,5.90264602671821
-170,490,0,5.90264602671821
-150,490,0,5.90264602671821
-130,490,0,5.90264602671821
-110,490,0,5.90264602671821
-90,490,0,5.90264602671821
-70,490,0,5.90264602671821
-50,490,0,5.90264602671821
-30,490,0,5.90264602671821
-10,490,0,5.90264602671821
10,490,0,5.90264602671821
30,490,0,5.90264602671821
50,490,0,5.90264602671821
70,490,0,5.90264602671821
90,490,0,5.90264602671821
110,490,0,5.90264602671821
130,490,0,5.90264602671821
150,490,0,5.90264602671821
170,490,0,5.90264602671821
190,490,0,5.90264602671821
210,490,0,5.90264602671821
230,490,0,5.90264602671821
250,490,0,5.90264602671821
270,490,0,5.90264602671821
290,490,0,5.90264602671821
310,490,0,5.90264602671821
330,490,0,5.90264602671821
350,490,0,5.90264602671821
370,490,0,5.90264602671821
390,490,0,5.90264602671821
410,490,0,5.90264602671821
430,490,0,5.90264602671821
450,490,0,5.90264602671821
470,490,0,5.90264602671821
490,490,0,5.90264602671821
510,490,0,5.90264602671821
530,490,0,5.90264602671821
550,490,0,5.90264602671821
570,490,0,5.90264602671821
590,490,0,5.90264602671821
610,490,0,5.90264602671821
630,490,0,5.90264602671821
650,490,0,5.90264602671821
670,490,0,5.90264602671821
690,490,0,5.90264602671821
710,490,0,5.90264602671821
730,490,0,5.90264602671821
750,490,0,5.90264602671821
770,490,0,5.90264602671821
790,490,0,5.90264602671821
-790,510,0,5.90264602671821
-770,510,0,5.90264602671821
-750,510,0,5.90264602671821
-730,510,0,5.90264602671821
-710,510,0,5.90264602671821
-690,510,0,5.90264602671821
-670,510,0,5.90264602671821
-650,510,0,5.90264602671821
-630,510,0,5.90264602671821
-610,510,0,5.90264602671821
-590,510,0,5.90264602671821
-570,510,0,5.90264602671821
-550,510,0,5.90264602671821
-530,510,0,5.90264602671821
-510,510,0,5.90264602671821
-490,510,0,5.90264602671821
-470,510,0,5.90264602671821
-450,510,0,5.90264602671821
-430,510,0,5.90264602671821
-410,510,0,5.90264602671821
-390,510,0,5.90264602671821
-370,510,0,5.90264602671821
-350,510,0,5.90264602671821
-330,510,0,5.90264602671821
-310,510,0,5.90264602671821
-290,510,0,5.90264602671821
-270,510,0,5.90264602671821
-250,510,0,5.90264602671821
-230,510,0,5.90264602671821
-210,510,0,5.90264602671821
-190,510,0,5.90264602671821
-170,510,0,5.90264602671821
-150,510,0,5.90264602671821
-130,510,0,5.90264602671821
-110,510,0,5.90264602671821
-90,510,0,5.90264602671821
-70,510,0,5.90264602671821
-50,510,0,5.90264602671821
-30,510,0,5.90264602671821
-10,510,0,5.90264602671821
10,510,0,5.90264602671821
30,510,0,5.90264602671821
50,510,0,5.90264602671821
70,510,0,5.90264602671821
90,510,0,5.90264602671821
110,510,0,5.90264602671821
130,510,0,5.90264602671821
150,510,0,5.90264602671821
170,510,0,5.90264602671821
190,510,0,5.90264602671821
210,510,0,5.90264602671821
230,510,0,5.90264602671821
250,510,0,5.90264602671821
270,510,0,5.90264602671821
290,510,0,5.90264602671821
310,510,0,5.90264602671821
330,510,0,5.90264602671821
350,510,0,5.90264602671821
370,510,0,5.90264602671821
390,510,0,5.90264602671821
410,510,0,5.90264602671821
430,510,0,5.90264602671821
450,510,0,5.90264602671821
470,510,0,5.90264602671821
490,510,0,5.90264602671821
510,510,0,5.90264602671821
530,510,0,5.90264602671821
550,510,0,5.90264602671821
570,510,0,5.90264602671821
590,510,0,5.90264602671821
610,510,0,5.90264602671821
630,510,0,5.90264602671821
650,510,0,5.90264602671821
670,510,0,5.90264602671821
690,510,0,5.90264602671821
710,510,0,5.90264602671821
730,510,0,5.90264602671821
750,510,0,5.90264602671821
770,510,0,5.90264602671821
790,510,0,5.90264602671821
-790,530,0,5.90264602671821
-770,530,0,5.90264602671821
-750,530,0,5.90264602671821
-730,530,0,5.90264602671821
-710,530,0,5.90264602671821
-690,530,0,5.90264602671821
-670,530,0,5.90264602671821
-650,530,0,5.90264602671821
-630,530,0,5.90264602671821
-610,530,0,5.90264602671821
-590,530,0,5.90264602671821
-570,530,0,5.90264602671821
-550,530,0,5.90264602671821
-530,530,0,5.90264602671821
-510,530,0,5.90264602671821
-490,530,0,5.90264602671821
-470,530,0,5.90264602671821
-450,530,0,5.90264602671821
-430,530,0,5.90264602671821
-410,530,0,5.90264602671821
-390,530,0,5.90264602671821
-370,530,0,5.90264602671821
-350,530,0,5.90264602671821
-330,530,0,5.90264602671821
-310,530,0,5.90264602671821
-290,530,0,5.90264602671821
-270,530,0,5.90264602671821
-250,530,0,5.90264602671821
-230,530,0,5.90264602671821
-210,530,0,5.90264602671821
-190,530,0,5.90264602671821
-170,530,0,5.90264602671821
-150,530,0,5.90264602671821
-130,530,0,5.90264602671821
-110,530,0,5.90264602671821
-90,530,0,5.90264602671821
-70,530,0,5.90264602671821
-50,530,0,5.90264602671821
-30,530,0,5.90264602671821
-10,530,0,5.90264602671821
10,530,0,5.90264602671821
30,530,0,5.90264602671821
50,530,0,5.90264602671821
70,530,0,5.90264602671821
90,530,0,5.90264602671821
110,530,0,5.90264602671821
130,530,0,5.90264602671821
150,530,0,5.90264602671821
170,530,0,5.90264602671821
190,530,0,5.90264602671821
210,530,0,5.90264602671821
230,530,0,5.90264602671821
250,530,0,5.90264602671821
270,530,0,5.90264602671821
290,530,0,5.90264602671821
310,530,0,5.90264602671821
330,530,0,5.90264602671821
350,530,0,5.90264602671821
370,530,0,5.90264602671821
390,530,0,5.90264602671821
410,530,0,5.90264602671821
430,530,0,5.90264602671821
450,530,0,5.90264602671821
470,530,0,5.90264602671821
490,530,0,5.90264602671821
510,530,0,5.90264602671821
530,530,0,5.90264602671821
550,530,0,5.90264602671821
570,530,0,5.90264602671821
590,530,0,5.90264602671821
610,530,0,5.90264602671821
630,530,0,5.90264602671821
650,530,0,5.90264602671821
670,530,0,5.90264602671821
690,530,0,5.90264602671821
710,530,0,5.90264602671821
730,530,0,5.90264602671821
750,530,0,5.90264602671821
770,530,0,5.90264602671821
790,530,0,5.90264602671821
-790,550,0,5.90264602671821
-770,550,0,5.90264602671821
-750,550,0,5.90264602671821
-730,550,0,5.90264602671821
-710,550,0,5.90264602671821
-690,550,0,5.90264602671821
-670,550,0,5.90264602671821
-650,550,0,5.90264602671821
-630,550,0,5.90264602671821
-610,550,0,5.90264602671821
-590,550,0,5.90264602671821
-570,550,0,5.90264602671821
-550,550,0,5.90264602671821
-530,550,0,5.90264602671821
-510,550,0,5.90264602671821
-490,550,0,5.90264602671821
-470,550,0,5.90264602671821
-450,550,0,5.90264602671821
-430,550,0,5.90264602671821
-410,550,0,5.90264602671821
-390,550,0,5.90264602671821
-370,550,0,5.90264602671821
-350,550,0,5.90264602671821
-330,550,0,5.90264602671821
-310,550,0,5.90264602671821
-290,550,0,5.90264602671821
-270,550,0,5.90264602671821
-250,550,0,5.90264602671821
-230,550,0,5.90264602671821
-210,550,0,5.90264602671821
-190,550,0,5.90264602671821
-170,550,0,5.90264602671821
-150,550,0,5.90264602671821
-130,550,0,5.90264602671821
-110,550,0,5.90264602671821
-90,550,0,5.90264602671821
-70,550,0,5.90264602671821
-50,550,0,5.90264602671821
-30,550,0,5.90264602671821
-10,550,0,5.90264602671821
10,550,0,5.90264602671821
30,550,0,5.90264602671821
50,550,0,5.90264602671821
70,550,0,5.90264602671821
90,550,0,5.90264602671821
110,550,0,5.90264602671821
130,550,0,5.90264602671821
150,550,0,5.90264602671821
170,550,0,5.90264602671821
190,550,0,5.90264602671821
210,550,0,5.90264602671821
230,550,0,5.90264602671821
250,550,0,5.90264602671821
270,550,0,5.90264602671821
290,550,0,5.90264602671821
310,550,0,5.90264602671821
330,550,0,5.90264602671821
350,550,0,5.90264602671821
370,550,0,5.90264602671821
390,550,0,5.90264602671821
410,550,0,5.90264602671821
430,550,0,5.90264602671821
450,550,0,5.90264602671821
470,550,0,5.90264602671821
490,550,0,5.90264602671821
510,550,0,5.90264602671821
530,550,0,5.90264602671821
550,550,0,5.90264602671821
570,550,0,5.90264602671821
590,550,0,5.90264602671821
610,550,0,5.90264602671821
630,550,0,5.90264602671821
650,550,0,5.90264602671821
670,550,0,5.90264602671821
690,550,0,5.90264602671821
710,550,0,5.90264602671821
730,550,0,5.90264602671821
750,550,0,5.90264602671821
770,550,0,5.90264602671821
790,550,0,5.90264602671821
-790,570,0,5.90264602671821
-770,570,0,5.90264602671821
-750,570,0,5.90264602671821
-730,570,0,5.90264602671821
-710,570,0,5.90264602671821
-690,570,0,5.90264602671821
-670,570,0,5.90264602671821
-650,570,0,5.90264602671821
-630,570,0,5.90264602671821
-610,570,0,5.90264602671821
-590,570,0,5.90264602671821
-570,570,0,5.90264602671821
-550,570,0,5.90264602671821
-530,570,0,5.90264602671821
-510,570,0,5.90264602671821
-490,570,0,5.90264602671821
-470,570,0,5.90264602671821
-450,570,0,5.90264602671821
-430,570,0,5.90264602671821
-410,570,0,5.90264602671821
-390,570,0,5.90264602671821
-370,570,0,5.90264602671821
-350,570,0,5.90264602671821
-330,570,0,5.90264602671821
-310,570,0,5.90264602671821
-290,570,0,5.90264602671821
-270,570,0,5.90264602671821
-250,570,0,5.90264602671821
-230,570,0,5.90264602671821
-210,570,0,5.90264602671821
-190,570,0,5.90264602671821
-170,570,0,5.90264602671821
-150,570,0,5.90264602671821
-130,570,0,5.90264602671821
-110,570,0,5.90264602671821
-90,570,0,5.90264602671821
-70,570,0,5.90264602671821
-50,570,0,5.90264602671821
-30,570,0,5.90264602671821
-10,570,0,5.90264602671821
10,570,0,5.90264602671821
30,570,0,5.90264602671821
50,570,0,5.90264602671821
70,570,0,5.90264602671821
90,570,0,5.90264602671821
110,570,0,5.90264602671821
130,570,0,5.90264602671821
150,570,0,5.90264602671821
170,570,0,5.90264602671821
190,570,0,5.90264602671821
210,570,0,5.90264602671821
230,570,0,5.90264602671821
250,570,0,5.90264602671821
270,570,0,5.90264602671821
290,570,0,5.90264602671821
310,570,0,5.90264602671821
330,570,0,5.90264602671821
350,570,0,5.90264602671821
370,570,0,5.90264602671821
390,570,0,5.90264602671821
410,570,0,5.90264602671821
430,570,0,5.90264602671821
450,570,0,5.90264602671821
470,570,0,5.90264602671821
490,570,0,5.90264602671821
510,570,0,5.90264602671821
530,570,0,5.90264602671821
550,570,0,5.90264602671821
570,570,0,5.90264602671821
590,570,0,5.90264602671821
610,570,0,5.90264602671821
630,570,0,5.90264602671821
650,570,0,5.90264602671821
670,570,0,5.90264602671821
690,570,0,5.90264602671821
710,570,0,5.90264602671821
730,570,0,5.90264602671821
750,570,0,5.90264602671821
770,570,0,5.90264602671821
790,570,0,5.90264602671821
-790,590,0,5.90264602671821
-770,590,0,5.90264602671821
-750,590,0,5.90264602671821
-730,590,0,5.90264602671821
-710,590,0,5.90264602671821
-690,590,0,5.90264602671821
-670,590,0,5.90264602671821
-650,590,0,5.90264602671821
-630,590,0,5.90264602671821
-610,590,0,5.90264602671821
-590,590,0,5.90264602671821
-570,590,0,5.90264602671821
-550,590,0,5.90264602671821
-530,590,0,5.90264602671821
-510,590,0,5.90264602671821
-490,590,0,5.90264602671821
-470,590,0,5.90264602671821
-450,590,0,5.90264602671821
-430,590,0,5.90264602671821
-410,590,0,5.90264602671821
-390,590,0,5.90264602671821
-370,590,0,5.90264602671821
-350,590,0,5.90264602671821
-330,590,0,5.90264602671821
-310,590,0,5.90264602671821
-290,590,0,5.90264602671821
-270,590,0,5.90264602671821
-250,590,0,5.90264602671821
-230,590,0,5.90264602671821
-210,590,0,5.90264602671821
-190,590,0,5.90264602671821
-170,590,0,5.90264602671821
-150,590,0,5.90264602671821
-130,590,0,5.90264602671821
-110,590,0,5.90264602671821
-90,590,0,5.90264602671821
-70,590,0,5.90264602671821
-50,590,0,5.90264602671821
-30,590,0,5.90264602671821
-10,590,0,5.90264602671821
10,590,0,5.90264602671821
30,590,0,5.90264602671821
50,590,0,5.90264602671821
70,590,0,5.90264602671821
90,590,0,5.90264602671821
110,590,0,5.90264602671821
130,590,0,5.90264602671821
150,590,0,5.90264602671821
170,590,0,5.90264602671821
190,590,0,5.90264602671821
210,590,0,5.90264602671821
230,590,0,5.90264602671821
250,590,0,5.90264602671821
270,590,0,5.90264602671821
290,590,0,5.90264602671821
310,590,0,5.90264602671821
330,590,0,5.90264602671821
350,590,0,5.90264602671821
370,590,0,5.90264602671821
390,590,0,5.90264602671821
410,590,0,5.90264602671821
430,590,0,5.90264602671821
450,590,0,5.90264602671821
470,590,0,5.90264602671821
490,590,0,5.90264602671821
510,590,0,5.90264602671821
530,590,0,5.90264602671821
550,590,0,5.90264602671821
570,590,0,5.90264602671821
590,590,0,5.90264602671821
610,590,0,5.90264602671821
630,590,0,5.90264602671821
650,590,0,5.90264602671821
670,590,0,5.90264602671821
690,590,0,5.90264602671821
710,590,0,5.90264602671821
730,590,0,5.90264602671821
750,590,0,5.90264602671821
770,590,0,5.90264602671821
790,590,0,5.90264602671821
-790,610,0,5.90264602671821
-770,610,0,5.90264602671821
-750,610,0,5.90264602671821
-730,610,0,5.90264602671821
-710,610,0,5.90264602671821
-690,610,0,5.90264602671821
-670,610,0,5.90264602671821
-650,610,0,5.90264602671821
-630,610,0,5.90264602671821
-610,610,0,5.90264602671821
-590,610,0,5.90264602671821
-570,610,0,5.90264602671821
-550,610,0,5.90264602671821
-530,610,0,5.90264602671821
-510,610,0,5.90264602671821
-490,610,0,5.90264602671821
-470,610,0,5.90264602671821
-450,610,0,5.90264602671821
-430,610,0,5.90264602671821
-410,610,0,5.90264602671821
-390,610,0,5.90264602671821
-370,610,0,5.90264602671821
-350,610,0,5.90264602671821
-330,610,0,5.90264602671821
-310,610,0,5.90264602671821
-290,610,0,5.90264602671821
-270,610,0,5.90264602671821
-250,610,0,5.90264602671821
-230,610,0,5.90264602671821
-210,610,0,5.90264602671821
-190,610,0,5.90264602671821
-170,610,0,5.90264602671821
-150,610,0,5.90264602671821
-130,610,0,5.90264602671821
-110,610,0,5.90264602671821
-90,610,0,5.90264602671821
-70,610,0,5.90264602671821
-50,610,0,5.90264602671821
-30,610,0,5.90264602671821
-10,610,0,5.90264602671821
10,610,0,5.90264602671821
30,610,0,5.90264602671821
50,610,0,5.90264602671821
70,610,0,5.90264602671821
90,610,0,5.90264602671821
110,610,0,5.90264602671821
130,610,0,5.90264602671821
150,610,0,5.90264602671821
170,610,0,5.90264602671821
190,610,0,5.90264602671821
210,610,0,5.90264602671821
230,610,0,5.90264602671821
250,610,0,5.90264602671821
270,610,0,5.90264602671821
290,610,0,5.90264602671821
310,610,0,5.90264602671821
330,610,0,5.90264602671821
350,610,0,5.90264602671821
370,610,0,5.90264602671821
390,610,0,5.90264602671821
410,610,0,5.90264602671821
430,610,0,5.90264602671821
450,610,0,5.90264602671821
470,610,0,5.90264602671821
490,610,0,5.90264602671821
510,610,0,5.90264602671821
530,610,0,5.90264602671821
550,610,0,5.90264602671821
570,610,0,5.90264602671821
590,610,0,5.90264602671821
610,610,0,5.90264602671821
630,610,0,5.90264602671821
650,610,0,5.90264602671821
670,610,0,5.90264602671821
690,610,0,5.90264602671821
710,610,0,5.90264602671821
730,610,0,5.90264602671821
750,610,0,5.90264602671821
770,610,0,5.90264602671821
790,610,0,5.90264602671821
-790,630,0,5.90264602671821
-770,630,0,5.90264602671821
-750,630,0,5.90264602671821
-730,630,0,5.90264602671821
-710,630,0,5.90264602671821
-690,630,0,5.90264602671821
-670,630,0,5.90264602671821
-650,630,0,5.90264602671821
-630,630,0,5.90264602671821
-610,630,0,5.90264602671821
-590,630,0,5.90264602671821
-570,630,0,5.90264602671821
-550,630,0,5.90264602671821
-530,630,0,5.90264602671821
-510,630,0,5.90264602671821
-490,630,0,5.90264602671821
-470,630,0,5.90264602671821
-450,630,0,5.90264602671821
-430,630,0,5.90264602671821
-410,630,0,5.90264602671821
-390,630,0,5.90264602671821
-370,630,0,5.90264602671821
-350,630,0,5.90264602671821
-330,630,0,5.90264602671821
-310,630,0,5.90264602671821
-290,630,0,5.90264602671821
-270,630,0,5.90264602671821
-250,630,0,5.90264602671821
-230,630,0,5.90264602671821
-210,630,0,5.90264602671821
-190,630,0,5.90264602671821
-170,630,0,5.90264602671821
-150,630,0,5.90264602671821
-130,630,0,5.90264602671821
-110,630,0,5.90264602671821
-90,630,0,5.90264602671821
-70,630,0,5.90264602671821
-50,630,0,5.90264602671821
-30,630,0,5.90264602671821
-10,630,0,5.90264602671821
10,630,0,5.90264602671821
30,630,0,5.90264602671821
50,630,0,5.90264602671821
70,630,0,5.90264602671821
90,630,0,5.90264602671821
110,630,0,5.90264602671821
130,630,0,5.90264602671821
150,630,0,5.90264602671821
170,630,0,5.90264602671821
190,630,0,5.90264602671821
210,630,0,5.90264602671821
230,630,0,5.90264602671821
250,630,0,5.90264602671821
270,630,0,5.90264602671821
290,630,0,5.90264602671821
310,630,0,5.90264602671821
330,630,0,5.90264602671821
350,630,0,5.90264602671821
370,630,0,5.90264602671821
390,630,0,5.90264602671821
410,630,0,5.90264602671821
430,630,0,5.90264602671821
450,630,0,5.90264602671821
470,630,0,5.90264602671821
490,630,0,5.90264602671821
510,630,0,5.90264602671821
530,630,0,5.90264602671821
550,630,0,5.90264602671821
570,630,0,5.90264602671821
590,630,0,5.90264602671821
610,630,0,5.90264602671821
630,630,0,5.90264602671821
650,630,0,5.90264602671821
670,630,0,5.90264602671821
690,630,0,5.90264602671821
710,630,0,5.90264602671821
730,630,0,5.90264602671821
750,630,0,5.90264602671821
770,630,0,5.90264602671821
790,630,0,5.90264602671821
-790,650,0,5.90264602671821
-770,650,0,5.90264602671821
-750,650,0,5.90264602671821
-730,650,0,5.90264602671821
-710,650,0,5.90264602671821
-690,650,0,5.90264602671821
-670,650,0,5.90264602671821
-650,650,0,5.90264602671821
-630,650,0,5.90264602671821
-610,650,0,5.90264602671821
-590,650,0,5.90264602671821
-570,650,0,5.90264602671821
-550,650,0,5.90264602671821
-530,650,0,5.90264602671821
-510,650,0,5.90264602671821
-490,650,0,5.90264602671821
-470,650,0,5.90264602671821
-450,650,0,5.90264602671821
-430,650,0,5.90264602671821
-410,650,0,5.90264602671821
-390,650,0,5.90264602671821
-370,650,0,5.90264602671821
-350,650,0,5.90264602671821
-330,650,0,5.90264602671821
-310,650,0,5.90264602671821
-290,650,0,5.90264602671821
-270,650,0,5.90264602671821
-250,650,0,5.90264602671821
-230,650,0,5.90264602671821
-210,650,0,5.90264602671821
-190,650,0,5.90264602671821
-170,650,0,5.90264602671821
-150,650,0,5.90264602671821
-130,650,0,5.90264602671821
-110,650,0,5.90264602671821
-90,650,0,5.90264602671821
-70,650,0,5.90264602671821
-50,650,0,5.90264602671821
-30,650,0,5.90264602671821
-10,650,0,5.90264602671821
10,650,0,5.90264602671821
30,650,0,5.90264602671821
50,650,0,5.90264602671821
70,650,0,5.90264602671821
90,650,0,5.90264602671821
110,650,0,5.90264602671821
130,650,0,5.90264602671821
150,650,0,5.90264602671821
170,650,0,5.90264602671821
190,650,0,5.90264602671821
210,650,0,5.90264602671821
230,650,0,5.90264602671821
250,650,0,5.90264602671821
270,650,0,5.90264602671821
290,650,0,5.90264602671821
310,650,0,5.90264602671821
330,650,0,5.90264602671821
350,650,0,5.90264602671821
370,650,0,5.90264602671821
390,650,0,5.90264602671821
410,650,0,5.90264602671821
430,650,0,5.90264602671821
450,650,0,5.90264602671821
470,650,0,5.90264602671821
490,650,0,5.90264602671821
510,650,0,5.90264602671821
530,650,0,5.90264602671821
550,650,0,5.90264602671821
570,650,0,5.90264602671821
590,650,0,5.90264602671821
610,650,0,5.90264602671821
630,650,0,5.90264602671821
650,650,0,5.90264602671821
670,650,0,5.90264602671821
690,650,0,5.90264602671821
710,650,0,5.90264602671821
730,650,0,5.90264602671821
750,650,0,5.90264602671821
770,650,0,5.90264602671821
790,650,0,5.90264602671821
-790,670,0,5.90264602671821
-770,670,0,5.90264602671821
-750,670,0,5.90264602671821
-730,670,0,5.90264602671821
-710,670,0,5.90264602671821
-690,670,0,5.90264602671821
-670,670,0,5.90264602671821
-650,670,0,5.90264602671821
-630,670,0,5.90264602671821
-610,670,0,5.90264602671821
-590,670,0,5.90264602671821
-570,670,0,5.90264602671821
-550,670,0,5.90264602671821
-530,670,0,5.90264602671821
-510,670,0,5.90264602671821
-490,670,0,5.90264602671821
-470,670,0,5.90264602671821
-450,670,0,5.90264602671821
-430,670,0,5.90264602671821
-410,670,0,5.90264602671821
-390,670,0,5.90264602671821
-370,670,0,5.90264602671821
-350,670,0,5.90264602671821
-330,670,0,5.90264602671821
-310,670,0,5.90264602671821
-290,670,0,5.90264602671821
-270,670,0,5.90264602671821
-250,670,0,5.90264602671821
-230,670,0,5.90264602671821
-210,670,0,5.90264602671821
-190,670,0,5.90264602671821
-170,670,0,5.90264602671821
-150,670,0,5.90264602671821
-130,670,0,5.90264602671821
-110,670,0,5.90264602671821
-90,670,0,5.90264602671821
-70,670,0,5.90264602671821
-50,670,0,5.90264602671821
-30,670,0,5.90264602671821
-10,670,0,5.90264602671821
10,670,0,5.90264602671821
30,670,0,5.90264602671821
50,670,0,5.90264602671821
70,670,0,5.90264602671821
90,670,0,5.90264602671821
110,670,0,5.90264602671821
130,670,0,5.90264602671821
150,670,0,5.90264602671821
170,670,0,5.90264602671821
190,670,0,5.90264602671821
210,670,0,5.90264602671821
230,670,0,5.90264602671821
250,670,0,5.90264602671821
270,670,0,5.90264602671821
290,670,0,5.90264602671821
310,670,0,5.90264602671821
330,670,0,5.90264602671821
350,670,0,5.90264602671821
370,670,0,5.90264602671821
390,670,0,5.90264602671821
410,670,0,5.90264602671821
430,670,0,5.90264602671821
450,670,0,5.90264602671821
470,670,0,5.90264602671821
490,670,0,5.90264602671821
510,670,0,5.90264602671821
530,670,0,5.90264602671821
550,670,0,5.90264602671821
570,670,0,5.90264602671821
590,670,0,5.90264602671821
610,670,0,5.90264602671821
630,670,0,5.90264602671821
650,670,0,5.90264602671821
670,670,0,5.90264602671821
690,670,0,5.90264602671821
710,670,0,5.90264602671821
730,670,0,5.90264602671821
750,670,0,5.90264602671821
770,670,0,5.90264602671821
790,670,0,5.90264602671821
-790,690,0,5.90264602671821
-770,690,0,5.90264602671821
-750,690,0,5.90264602671821
-730,690,0,5.90264602671821
-710,690,0,5.90264602671821
-690,690,0,5.90264602671821
-670,690,0,5.90264602671821
-650,690,0,5.90264602671821
-630,690,0,5.90264602671821
-610,690,0,5.90264602671821
-590,690,0,5.90264602671821
-570,690,0,5.90264602671821
-550,690,0,5.90264602671821
-530,690,0,5.90264602671821
-510,690,0,5.90264602671821
-490,690,0,5.90264602671821
-470,690,0,5.90264602671821
-450,690,0,5.90264602671821
-430,690,0,5.90264602671821
-410,690,0,5.90264602671821
-390,690,0,5.90264602671821
-370,690,0,5.90264602671821
-350,690,0,5.90264602671821
-330,690,0,5.90264602671821
-310,690,0,5.90264602671821
-290,690,0,5.90264602671821
-270,690,0,5.90264602671821
-250,690,0,5.90264602671821
-230,690,0,5.90264602671821
-210,690,0,5.90264602671821
-190,690,0,5.90264602671821
-170,690,0,5.90264602671821
-150,690,0,5.90264602671821
-130,690,0,5.90264602671821
-110,690,0,5.90264602671821
-90,690,0,5.90264602671821
-70,690,0,5.90264602671821
-50,690,0,5.90264602671821
-30,690,0,5.90264602671821
-10,690,0,5.90264602671821
10,690,0,5.90264602671821
30,690,0,5.90264602671821
50,690,0,5.90264602671821
70,690,0,5.90264602671821
90,690,0,5.90264602671821
110,690,0,5.90264602671821
130,690,0,5.90264602671821
150,690,0,5.90264602671821
170,690,0,5.90264602671821
190,690,0,5.90264602671821
210,690,0,5.90264602671821
230,690,0,5.90264602671821
250,690,0,5.90264602671821
270,690,0,5.90264602671821
290,690,0,5.90264602671821
310,690,0,5.90264602671821
330,690,0,5.90264602671821
350,690,0,5.90264602671821
370,690,0,5.90264602671821
390,690,0,5.90264602671821
410,690,0,5.90264602671821
430,690,0,5.90264602671821
450,690,0,5.90264602671821
470,690,0,5.90264602671821
490,690,0,5.90264602671821
510,690,0,5.90264602671821
530,690,0,5.90264602671821
550,690,0,5.90264602671821
570,690,0,5.90264602671821
590,690,0,5.90264602671821
610,690,0,5.90264602671821
630,690,0,5.90264602671821
650,690,0,5.90264602671821
670,690,0,5.90264602671821
690,690,0,5.90264602671821
710,690,0,5.90264602671821
730,690,0,5.90264602671821
750,690,0,5.90264602671821
770,690,0,5.90264602671821
790,690,0,5.90264602671821
-790,710,0,5.90264602671821
-770,710,0,5.90264602671821
-750,710,0,5.90264602671821
-730,710,0,5.90264602671821
-710,710,0,5.90264602671821
-690,710,0,5.90264602671821
-670,710,0,5.90264602671821
-650,710,0,5.90264602671821
-630,710,0,5.90264602671821
-610,710,0,5.90264602671821
-590,710,0,5.90264602671821
-570,710,0,5.90264602671821
-550,710,0,5.90264602671821
-530,710,0,5.90264602671821
-510,710,0,5.90264602671821
-490,710,0,5.90264602671821
-470,710,0,5.90264602671821
-450,710,0,5.90264602671821
-430,710,0,5.90264602671821
-410,710,0,5.90264602671821
-390,710,0,5.90264602671821
-370,710,0,5.90264602671821
-350,710,0,5.90264602671821
-330,710,0,5.90264602671821
-310,710,0,5.90264602671821
-290,710,0,5.90264602671821
-270,710,0,5.90264602671821
-250,710,0,5.90264602671821
-230,710,0,5.90264602671821
-210,710,0,5.90264602671821
-190,710,0,5.90264602671821
-170,710,0,5.90264602671821
-150,710,0,5.90264602671821
-130,710,0,5.90264602671821
-110,710,0,5.90264602671821
-90,710,0,5.90264602671821
-70,710,0,5.90264602671821
-50,710,0,5.90264602671821
-30,710,0,5.90264602671821
-10,710,0,5.90264602671821
10,710,0,5.90264602671821
30,710,0,5.90264602671821
50,710,0,5.90264602671821
70,710,0,5.90264602671821
90,710,0,5.90264602671821
110,710,0,5.90264602671821
130,710,0,5.90264602671821
150,710,0,5.90264602671821
170,710,0,5.90264602671821
190,710,0,5.90264602671821
210,710,0,5.90264602671821
230,710,0,5.90264602671821
250,710,0,5.90264602671821
270,710,0,5.90264602671821
290,710,0,5.90264602671821
310,710,0,5.90264602671821
330,710,0,5.90264602671821
350,710,0,5.90264602671821
370,710,0,5.90264602671821
390,710,0,5.90264602671821
410,710,0,5.90264602671821
430,710,0,5.90264602671821
450,710,0,5.90264602671821
470,710,0,5.90264602671821
490,710,0,5.90264602671821
510,710,0,5.90264602671821
530,710,0,5.90264602671821
550,710,0,5.90264602671821
570,710,0,5.90264602671821
590,710,0,5.90264602671821
610,710,0,5.90264602671821
630,710,0,5.90264602671821
650,710,0,5.90264602671821
670,710,0,5.90264602671821
690,710,0,5.90264602671821
710,710,0,5.90264602671821
730,710,0,5.90264602671821
750,710,0,5.90264602671821
770,710,0,5.90264602671821
790,710,0,5.90264602671821
-790,730,0,5.90264602671821
-770,730,0,5.90264602671821
-750,730,0,5.90264602671821
-730,730,0,5.90264602671821
-710,730,0,5.90264602671821
-690,730,0,5.90264602671821
-670,730,0,5.90264602671821
-650,730,0,5.90264602671821
-630,730,0,5.90264602671821
-610,730,0,5.90264602671821
-590,730,0,5.90264602671821
-570,730,0,5.90264602671821
-550,730,0,5.90264602671821
-530,730,0,5.90264602671821
-510,730,0,5.90264602671821
-490,730,0,5.90264602671821
-470,730,0,5.90264602671821
-450,730,0,5.90264602671821
-430,730,0,5.90264602671821
-410,730,0,5.90264602671821
-390,730,0,5.90264602671821
-370,730,0,5.90264602671821
-350,730,0,5.90264602671821
-330,730,0,5.90264602671821
-310,730,0,5.90264602671821
-290,730,0,5.90264602671821
-270,730,0,5.90264602671821
-250,730,0,5.90264602671821
-230,730,0,5.90264602671821
-210,730,0,5.90264602671821
-190,730,0,5.90264602671821
-170,730,0,5.90264602671821
-150,730,0,5.90264602671821
-130,730,0,5.90264602671821
-110,730,0,5.90264602671821
-90,730,0,5.90264602671821
-70,730,0,5.90264602671821
-50,730,0,5.90264602671821
-30,730,0,5.90264602671821
-10,730,0,5.90264602671821
10,730,0,5.90264602671821
30,730,0,5.90264602671821
50,730,0,5.90264602671821
70,730,0,5.90264602671821
90,730,0,5.90264602671821
110,730,0,5.90264602671821
130,730,0,5.90264602671821
150,730,0,5.90264602671821
170,730,0,5.90264602671821
190,730,0,5.90264602671821
210,730,0,5.90264602671821
230,730,0,5.90264602671821
250,730,0,5.90264602671821
270,730,0,5.90264602671821
290,730,0,5.90264602671821
310,730,0,5.90264602671821
330,730,0,5.90264602671821
350,730,0,5.90264602671821
370,730,0,5.90264602671821
390,730,0,5.90264602671821
410,730,0,5.90264602671821
430,730,0,5.90264602671821
450,730,0,5.90264602671821
470,730,0,5.90264602671821
490,730,0,5.90264602671821
510,730,0,5.90264602671821
530,730,0,5.90264602671821
550,730,0,5.90264602671821
570,730,0,5.90264602671821
590,730,0,5.90264602671821
610,730,0,5.90264602671821
630,730,0,5.90264602671821
650,730,0,5.90264602671821
670,730,0,5.90264602671821
690,730,0,5.90264602671821
710,730,0,5.90264602671821
730,730,0,5.90264602671821
750,730,0,5.90264602671821
770,730,0,5.90264602671821
790,730,0,5.90264602671821
-790,750,0,5.90264602671821
-770,750,0,5.90264602671821
-750,750,0,5.90264602671821
-730,750,0,5.90264602671821
-710,750,0,5.90264602671821
-690,750,0,5.90264602671821
-670,750,0,5.90264602671821
-650,750,0,5.90264602671821
-630,750,0,5.90264602671821
-610,750,0,5.90264602671821
-590,750,0,5.90264602671821
-570,750,0,5.90264602671821
-550,750,0,5.90264602671821
-530,750,0,5.90264602671821
-510,750,0,5.90264602671821
-490,750,0,5.90264602671821
-470,750,0,5.90264602671821
-450,750,0,5.90264602671821
-430,750,0,5.90264602671821
-410,750,0,5.90264602671821
-390,750,0,5.90264602671821
-370,750,0,5.90264602671821
-350,750,0,5.90264602671821
-330,750,0,5.90264602671821
-310,750,0,5.90264602671821
-290,750,0,5.90264602671821
-270,750,0,5.90264602671821
-250,750,0,5.90264602671821
-230,750,0,5.90264602671821
-210,750,0,5.90264602671821
-190,750,0,5.90264602671821
-170,750,0,5.90264602671821
-150,750,0,5.90264602671821
-130,750,0,5.90264602671821
-110,750,0,5.90264602671821
-90,750,0,5.90264602671821
-70,750,0,5.90264602671821
-50,750,0,5.90264602671821
-30,750,0,5.90264602671821
-10,750,0,5.90264602671821
10,750,0,5.90264602671821
30,750,0,5.90264602671821
50,750,0,5.90264602671821
70,750,0,5.90264602671821
90,750,0,5.90264602671821
110,750,0,5.90264602671821
130,750,0,5.90264602671821
150,750,0,5.90264602671821
170,750,0,5.90264602671821
190,750,0,5.90264602671821
210,750,0,5.90264602671821
230,750,0,5.90264602671821
250,750,0,5.90264602671821
270,750,0,5.90264602671821
290,750,0,5.90264602671821
310,750,0,5.90264602671821
330,750,0,5.90264602671821
350,750,0,5.90264602671821
370,750,0,5.90264602671821
390,750,0,5.90264602671821
410,750,0,5.90264602671821
430,750,0,5.90264602671821
450,750,0,5.90264602671821
470,750,0,5.90264602671821
490,750,0,5.90264602671821
510,750,0,5.90264602671821
530,750,0,5.90264602671821
550,750,0,5.90264602671821
570,750,0,5.90264602671821
590,750,0,5.90264602671821
610,750,0,5.90264602671821
630,750,0,5.90264602671821
650,750,0,5.90264602671821
670,750,0,5.90264602671821
690,750,0,5.90264602671821
710,750,0,5.90264602671821
730,750,0,5.90264602671821
750,750,0,5.90264602671821
770,750,0,5.90264602671821
790,750,0,5.90264602671821
-790,770,0,5.90264602671821
-770,770,0,5.90264602671821
-750,770,0,5.90264602671821
-730,770,0,5.90264602671821
-710,770,0,5.90264602671821
-690,770,0,5.90264602671821
-670,770,0,5.90264602671821
-650,770,0,5.90264602671821
-630,770,0,5.90264602671821
-610,770,0,5.90264602671821
-590,770,0,5.90264602671821
-570,770,0,5.90264602671821
-550,770,0,5.90264602671821
-530,770,0,5.90264602671821
-510,770,0,5.90264602671821
-490,770,0,5.90264602671821
-470,770,0,5.90264602671821
-450,770,0,5.90264602671821
-430,770,0,5.90264602671821
-410,770,0,5.90264602671821
-390,770,0,5.90264602671821
-370,770,0,5.90264602671821
-350,770,0,5.90264602671821
-330,770,0,5.90264602671821
-310,770,0,5.90264602671821
-290,770,0,5.90264602671821
-270,770,0,5.90264602671821
-250,770,0,5.90264602671821
-230,770,0,5.90264602671821
-210,770,0,5.90264602671821
-190,770,0,5.90264602671821
-170,770,0,5.90264602671821
-150,770,0,5.90264602671821
-130,770,0,5.90264602671821
-110,770,0,5.90264602671821
-90,770,0,5.90264602671821
-70,770,0,5.90264602671821
-50,770,0,5.90264602671821
-30,770,0,5.90264602671821
-10,770,0,5.90264602671821
10,770,0,5.90264602671821
30,770,0,5.90264602671821
50,770,0,5.90264602671821
70,770,0,5.90264602671821
90,770,0,5.90264602671821
110,770,0,5.90264602671821
130,770,0,5.90264602671821
150,770,0,5.90264602671821
170,770,0,5.90264602671821
190,770,0,5.90264602671821
210,770,0,5.90264602671821
230,770,0,5.90264602671821
250,770,0,5.90264602671821
270,770,0,5.90264602671821
290,770,0,5.90264602671821
310,770,0,5.90264602671821
330,770,0,5.90264602671821
350,770,0,5.90264602671821
370,770,0,5.90264602671821
390,770,0,5.90264602671821
410,770,0,5.90264602671821
430,770,0,5.90264602671821
450,770,0,5.90264602671821
470,770,0,5.90264602671821
490,770,0,5.90264602671821
510,770,0,5.90264602671821
530,770,0,5.90264602671821
550,770,0,5.90264602671821
570,770,0,5.90264602671821
590,770,0,5.90264602671821
610,770,0,5.90264602671821
630,770,0,5.90264602671821
650,770,0,5.90264602671821
670,770,0,5.90264602671821
690,770,0,5.90264602671821
710,770,0,5.90264602671821
730,770,0,5.90264602671821
750,770,0,5.90264602671821
770,770,0,5.90264602671821
790,770,0,5.90264602671821
-790,790,0,5.90264602671821
-770,790,0,5.90264602671821
-750,790,0,5.90264602671821
-730,790,0,5.90264602671821
-710,790,0,5.90264602671821
-690,790,0,5.90264602671821
-670,790,0,5.90264602671821
-650,790,0,5.90264602671821
-630,790,0,5.90264602671821
-610,790,0,5.90264602671821
-590,790,0,5.90264602671821
-570,790,0,5.90264602671821
-550,790,0,5.90264602671821
-530,790,0,5.90264602671821
-510,790,0,5.90264602671821
-490,790,0,5.90264602671821
-470,790,0,5.90264602671821
-450,790,0,5.90264602671821
-430,790,0,5.90264602671821
-410,790,0,5.90264602671821
-390,790,0,5.90264602671821
-370,790,0,5.90264602671821
-350,790,0,5.90264602671821
-330,790,0,5.90264602671821
-310,790,0,5.90264602671821
-290,790,0,5.90264602671821
-270,790,0,5.90264602671821
-250,790,0,5.90264602671821
-230,790,0,5.90264602671821
-210,790,0,5.90264602671821
-190,790,0,5.90264602671821
-170,790,0,5.90264602671821
-150,790,0,5.90264602671821
-130,790,0,5.90264602671821
-110,790,0,5.90264602671821
-90,790,0,5.90264602671821
-70,790,0,5.90264602671821
-50,790,0,5.90264602671821
-30,790,0,5.90264602671821
-10,790,0,5.90264602671821
10,790,0,5.90264602671821
30,790,0,5.90264602671821
50,790,0,5.90264602671821
70,790,0,5.90264602671821
90,790,0,5.90264602671821
110,790,0,5.90264602671821
130,790,0,5.90264602671821
150,790,0,5.90264602671821
170,790,0,5.90264602671821
190,790,0,5.90264602671821
210,790,0,5.90264602671821
230,790,0,5.90264602671821
250,790,0,5.90264602671821
270,790,0,5.90264602671821
290,790,0,5.90264602671821
310,790,0,5.90264602671821
330,790,0,5.90264602671821
350,790,0,5.90264602671821
370,790,0,5.90264602671821
390,790,0,5.90264602671821
410,790,0,5.90264602671821
430,790,0,5.90264602671821
450,790,0,5.90264602671821
470,790,0,5.90264602671821
490,790,0,5.90264602671821
510,790,0,5.90264602671821
530,790,0,5.90264602671821
550,790,0,5.90264602671821
570,790,0,5.90264602671821
590,790,0,5.90264602671821
610,790,0,5.90264602671821
630,790,0,5.90264602671821
650,790,0,5.90264602671821
670,790,0,5.90264602671821
690,790,0,5.90264602671821
710,790,0,5.90264602671821
730,790,0,5.90264602671821
750,790,0,5.90264602671821
770,790,0,5.90264602671821
790,790,0,5.90264602671821
