x,y,z,ecm
-790,-790,0,4.649352358484395
-770,-790,0,4.649352358484395
-750,-790,0,4.649352358484395
-730,-790,0,4.649352358484395
-710,-790,0,4.649352358484395
-690,-790,0,4.649352358484395
-670,-790,0,4.649352358484395
-650,-790,0,4.649352358484395
-630,-790,0,4.649352358484395
-610,-790,0,4.649352358484395
-590,-790,0,4.649352358484395
-570,-790,0,4.649352358484395
-550,-790,0,4.649352358484395
-530,-790,0,4.649352358484395
-510,-790,0,4.649352358484395
-490,-790,0,4.649352358484395
-470,-790,0,4.649352358484395
-450,-790,0,4.649352358484395
-430,-790,0,4.649352358484395
-410,-790,0,4.649352358484395
-390,-790,0,4.649352358484395
-370,-790,0,4.649352358484395
-350,-790,0,4.649352358484395
-330,-790,0,4.649352358484395
-310,-790,0,4.649352358484395
-290,-790,0,4.649352358484395
-270,-790,0,4.649352358484395
-250,-790,0,4.649352358484395
-230,-790,0,4.649352358484395
-210,-790,0,4.649352358484395
-190,-790,0,4.649352358484395
-170,-790,0,4.649352358484395
-150,-790,0,4.649352358484395
-130,-790,0,4.649352358484395
-110,-790,0,4.649352358484395
-90,-790,0,4.649352358484395
-70,-790,0,4.649352358484395
-50,-790,0,4.649352358484395
-30,-790,0,4.649352358484395
-10,-790,0,4.649352358484395
10,-790,0,4.649352358484395
30,-790,0,4.649352358484395
50,-790,0,4.649352358484395
70,-790,0,4.649352358484395
90,-790,0,4.649352358484395
110,-790,0,4.649352358484395
130,-790,0,4.649352358484395
150,-790,0,4.649352358484395
170,-790,0,4.649352358484395
190,-790,0,4.649352358484395
210,-790,0,4.649352358484395
230,-790,0,4.649352358484395
250,-790,0,4.649352358484395
270,-790,0,4.649352358484395
290,-790,0,4.649352358484395
310,-790,0,4.649352358484395
330,-790,0,4.649352358484395
350,-790,0,4.649352358484395
370,-790,0,4.649352358484395
390,-790,0,4.649352358484395
410,-790,0,4.649352358484395
430,-790,0,4.649352358484395
450,-790,0,4.649352358484395
470,-790,0,4.649352358484395
490,-790,0,4.649352358484395
510,-790,0,4.649352358484395
530,-790,0,4.649352358484395
550,-790,0,4.649352358484395
570,-790,0,4.649352358484395
590,-790,0,4.649352358484395
610,-790,0,4.649352358484395
630,-790,0,4.649352358484395
650,-790,0,4.649352358484395
670,-790,0,4.649352358484395
690,-790,0,4.649352358484395
710,-790,0,4.649352358484395
730,-790,0,4.649352358484395
750,-790,0,4.649352358484395
770,-790,0,4.649352358484395
790,-790,0,4.649352358484395
-790,-770,0,4.649352358484395
-770,-770,0,4.649352358484395
-750,-770,0,4.649352358484395
-730,-770,0,4.649352358484395
-710,-770,0,4.649352358484395
-690,-770,0,4.649352358484395
-670,-770,0,4.649352358484395
-650,-770,0,4.649352358484395
-630,-770,0,4.649352358484395
-610,-770,0,4.649352358484395
-590,-770,0,4.649352358484395
-570,-770,0,4.649352358484395
-550,-770,0,4.649352358484395
-530,-770,0,4.649352358484395
-510,-770,0,4.649352358484395
-490,-770,0,4.649352358484395
-470,-770,0,4.649352358484395
-450,-770,0,4.649352358484395
-430,-770,0,4.649352358484395
-410,-770,0,4.649352358484395
-390,-770,0,4.649352358484395
-370,-770,0,4.649352358484395
-350,-770,0,4.649352358484395
-330,-770,0,4.649352358484395
-310,-770,0,4.649352358484395
-290,-770,0,4.649352358484395
-270,-770,0,4.649352358484395
-250,-770,0,4.649352358484395
-230,-770,0,4.649352358484395
-210,-770,0,4.649352358484395
-190,-770,0,4.649352358484395
-170,-770,0,4.649352358484395
-150,-770,0,4.649352358484395
-130,-770,0,4.649352358484395
-110,-770,0,4.649352358484395
-90,-770,0,4.649352358484395
-70,-770,0,4.649352358484395
-50,-770,0,4.649352358484395
-30,-770,0,4.649352358484395
-10,-770,0,4.649352358484395
10,-770,0,4.649352358484395
30,-770,0,4.649352358484395
50,-770,0,4.649352358484395
70,-770,0,4.649352358484395
90,-770,0,4.649352358484395
110,-770,0,4.649352358484395
130,-770,0,4.649352358484395
150,-770,0,4.649352358484395
170,-770,0,4.649352358484395
190,-770,0,4.649352358484395
210,-770,0,4.649352358484395
230,-770,0,4.649352358484395
250,-770,0,4.649352358484395
270,-770,0,4.649352358484395
290,-770,0,4.649352358484395
310,-770,0,4.649352358484395
330,-770,0,4.649352358484395
350,-770,0,4.649352358484395
370,-770,0,4.649352358484395
390,-770,0,4.649352358484395
410,-770,0,4.649352358484395
430,-770,0,4.649352358484395
450,-770,0,4.649352358484395
470,-770,0,4.649352358484395
490,-770,0,4.649352358484395
510,-770,0,4.649352358484395
530,-770,0,4.649352358484395
550,-770,0,4.649352358484395
570,-770,0,4.649352358484395
590,-770,0,4.649352358484395
610,-770,0,4.649352358484395
630,-770,0,4.649352358484395
650,-770,0,4.649352358484395
670,-770,0,4.649352358484395
690,-770,0,4.649352358484395
710,-770,0,4.649352358484395
730,-770,0,4.649352358484395
750,-770,0,4.649352358484395
770,-770,0,4.649352358484395
790,-770,0,4.649352358484395
-790,-750,0,4.649352358484395
-770,-750,0,4.649352358484395
-750,-750,0,4.649352358484395
-730,-750,0,4.649352358484395
-710,-750,0,4.649352358484395
-690,-750,0,4.649352358484395
-670,-750,0,4.649352358484395
-650,-750,0,4.649352358484395
-630,-750,0,4.649352358484395
-610,-750,0,4.649352358484395
-590,-750,0,4.649352358484395
-570,-750,0,4.649352358484395
-550,-750,0,4.649352358484395
-530,-750,0,4.649352358484395
-510,-750,0,4.649352358484395
-490,-750,0,4.649352358484395
-470,-750,0,4.649352358484395
-450,-750,0,4.649352358484395
-430,-750,0,4.649352358484395
-410,-750,0,4.649352358484395
-390,-750,0,4.649352358484395
-370,-750,0,4.649352358484395
-350,-750,0,4.649352358484395
-330,-750,0,4.649352358484395
-310,-750,0,4.649352358484395
-290,-750,0,4.649352358484395
-270,-750,0,4.649352358484395
-250,-750,0,4.649352358484395
-230,-750,0,4.649352358484395
-210,-750,0,4.649352358484395
-190,-750,0,4.649352358484395
-170,-750,0,4.649352358484395
-150,-750,0,4.649352358484395
-130,-750,0,4.649352358484395
-110,-750,0,4.649352358484395
-90,-750,0,4.649352358484395
-70,-750,0,4.649352358484395
-50,-750,0,4.649352358484395
-30,-750,0,4.649352358484395
-10,-750,0,4.649352358484395
10,-750,0,4.649352358484395
30,-750,0,4.649352358484395
50,-750,0,4.649352358484395
70,-750,0,4.649352358484395
90,-750,0,4.649352358484395
110,-750,0,4.649352358484395
130,-750,0,4.649352358484395
150,-750,0,4.649352358484395
170,-750,0,4.649352358484395
190,-750,0,4.649352358484395
210,-750,0,4.649352358484395
230,-750,0,4.649352358484395
250,-750,0,4.649352358484395
270,-750,0,4.649352358484395
290,-750,0,4.649352358484395
310,-750,0,4.649352358484395
330,-750,0,4.649352358484395
350,-750,0,4.649352358484395
370,-750,0,4.649352358484395
390,-750,0,4.649352358484395
410,-750,0,4.649352358484395
430,-750,0,4.649352358484395
450,-750,0,4.649352358484395
470,-750,0,4.649352358484395
490,-750,0,4.649352358484395
510,-750,0,4.649352358484395
530,-750,0,4.649352358484395
550,-750,0,4.649352358484395
570,-750,0,4.649352358484395
590,-750,0,4.649352358484395
610,-750,0,4.649352358484395
630,-750,0,4.649352358484395
650,-750,0,4.649352358484395
670,-750,0,4.649352358484395
690,-750,0,4.649352358484395
710,-750,0,4.649352358484395
730,-750,0,4.649352358484395
750,-750,0,4.649352358484395
770,-750,0,4.649352358484395
790,-750,0,4.649352358484395
-790,-730,0,4.649352358484395
-770,-730,0,4.649352358484395
-750,-730,0,4.649352358484395
-730,-730,0,4.649352358484395
-710,-730,0,4.649352358484395
-690,-730,0,4.649352358484395
-670,-730,0,4.649352358484395
-650,-730,0,4.649352358484395
-630,-730,0,4.649352358484395
-610,-730,0,4.649352358484395
-590,-730,0,4.649352358484395
-570,-730,0,4.649352358484395
-550,-730,0,4.649352358484395
-530,-730,0,4.649352358484395
-510,-730,0,4.649352358484395
-490,-730,0,4.649352358484395
-470,-730,0,4.649352358484395
-450,-730,0,4.649352358484395
-430,-730,0,4.649352358484395
-410,-730,0,4.649352358484395
-390,-730,0,4.649352358484395
-370,-730,0,4.649352358484395
-350,-730,0,4.649352358484395
-330,-730,0,4.649352358484395
-310,-730,0,4.649352358484395
-290,-730,0,4.649352358484395
-270,-730,0,4.649352358484395
-250,-730,0,4.649352358484395
-230,-730,0,4.649352358484395
-210,-730,0,4.649352358484395
-190,-730,0,4.649352358484395
-170,-730,0,4.649352358484395
-150,-730,0,4.649352358484395
-130,-730,0,4.649352358484395
-110,-730,0,4.649352358484395
-90,-730,0,4.649352358484395
-70,-730,0,4.649352358484395
-50,-730,0,4.649352358484395
-30,-730,0,4.649352358484395
-10,-730,0,4.649352358484395
10,-730,0,4.649352358484395
30,-730,0,4.649352358484395
50,-730,0,4.649352358484395
70,-730,0,4.649352358484395
90,-730,0,4.649352358484395
110,-730,0,4.649352358484395
130,-730,0,4.649352358484395
150,-730,0,4.649352358484395
170,-730,0,4.649352358484395
190,-730,0,4.649352358484395
210,-730,0,4.649352358484395
230,-730,0,4.649352358484395
250,-730,0,4.649352358484395
270,-730,0,4.649352358484395
290,-730,0,4.649352358484395
310,-730,0,4.649352358484395
330,-730,0,4.649352358484395
350,-730,0,4.649352358484395
370,-730,0,4.649352358484395
390,-730,0,4.649352358484395
410,-730,0,4.649352358484395
430,-730,0,4.649352358484395
450,-730,0,4.649352358484395
470,-730,0,4.649352358484395
490,-730,0,4.649352358484395
510,-730,0,4.649352358484395
530,-730,0,4.649352358484395
550,-730,0,4.649352358484395
570,-730,0,4.649352358484395
590,-730,0,4.649352358484395
610,-730,0,4.649352358484395
630,-730,0,4.649352358484395
650,-730,0,4.649352358484395
670,-730,0,4.649352358484395
690,-730,0,4.649352358484395
710,-730,0,4.649352358484395
730,-730,0,4.649352358484395
750,-730,0,4.649352358484395
770,-730,0,4.649352358484395
790,-730,0,4.649352358484395
-790,-710,0,4.649352358484395
-770,-710,0,4.649352358484395
-750,-710,0,4.649352358484395
-730,-710,0,4.649352358484395
-710,-710,0,4.649352358484395
-690,-710,0,4.649352358484395
-670,-710,0,4.649352358484395
-650,-710,0,4.649352358484395
-630,-710,0,4.649352358484395
-610,-710,0,4.649352358484395
-590,-710,0,4.649352358484395
-570,-710,0,4.649352358484395
-550,-710,0,4.649352358484395
-530,-710,0,4.649352358484395
-510,-710,0,4.649352358484395
-490,-710,0,4.649352358484395
-470,-710,0,4.649352358484395
-450,-710,0,4.649352358484395
-430,-710,0,4.649352358484395
-410,-710,0,4.649352358484395
-390,-710,0,4.649352358484395
-370,-710,0,4.649352358484395
-350,-710,0,4.649352358484395
-330,-710,0,4.649352358484395
-310,-710,0,4.649352358484395
-290,-710,0,4.649352358484395
-270,-710,0,4.649352358484395
-250,-710,0,4.649352358484395
-230,-710,0,4.649352358484395
-210,-710,0,4.649352358484395
-190,-710,0,4.649352358484395
-170,-710,0,4.649352358484395
-150,-710,0,4.649352358484395
-130,-710,0,4.649352358484395
-110,-710,0,4.649352358484395
-90,-710,0,4.649352358484395
-70,-710,0,4.649352358484395
-50,-710,0,4.649352358484395
-30,-710,0,4.649352358484395
-10,-710,0,4.649352358484395
10,-710,0,4.649352358484395
30,-710,0,4.649352358484395
50,-710,0,4.649352358484395
70,-710,0,4.649352358484395
90,-710,0,4.649352358484395
110,-710,0,4.649352358484395
130,-710,0,4.649352358484395
150,-710,0,4.649352358484395
170,-710,0,4.649352358484395
190,-710,0,4.649352358484395
210,-710,0,4.649352358484395
230,-710,0,4.649352358484395
250,-710,0,4.649352358484395
270,-710,0,4.649352358484395
290,-710,0,4.649352358484395
310,-710,0,4.649352358484395
330,-710,0,4.649352358484395
350,-710,0,4.649352358484395
370,-710,0,4.649352358484395
390,-710,0,4.649352358484395
410,-710,0,4.649352358484395
430,-710,0,4.649352358484395
450,-710,0,4.649352358484395
470,-710,0,4.649352358484395
490,-710,0,4.649352358484395
510,-710,0,4.649352358484395
530,-710,0,4.649352358484395
550,-710,0,4.649352358484395
570,-710,0,4.649352358484395
590,-710,0,4.649352358484395
610,-710,0,4.649352358484395
630,-710,0,4.649352358484395
650,-710,0,4.649352358484395
670,-710,0,4.649352358484395
690,-710,0,4.649352358484395
710,-710,0,4.649352358484395
730,-710,0,4.649352358484395
750,-710,0,4.649352358484395
770,-710,0,4.649352358484395
790,-710,0,4.649352358484395
-790,-690,0,4.649352358484395
-770,-690,0,4.649352358484395
-750,-690,0,4.649352358484395
-730,-690,0,4.649352358484395
-710,-690,0,4.649352358484395
-690,-690,0,4.649352358484395
-670,-690,0,4.649352358484395
-650,-690,0,4.649352358484395
-630,-690,0,4.649352358484395
-610,-690,0,4.649352358484395
-590,-690,0,4.649352358484395
-570,-690,0,4.649352358484395
-550,-690,0,4.649352358484395
-530,-690,0,4.649352358484395
-510,-690,0,4.649352358484395
-490,-690,0,4.649352358484395
-470,-690,0,4.649352358484395
-450,-690,0,4.649352358484395
-430,-690,0,4.649352358484395
-410,-690,0,4.649352358484395
-390,-690,0,4.649352358484395
-370,-690,0,4.649352358484395
-350,-690,0,4.649352358484395
-330,-690,0,4.649352358484395
-310,-690,0,4.649352358484395
-290,-690,0,4.649352358484395
-270,-690,0,4.649352358484395
-250,-690,0,4.649352358484395
-230,-690,0,4.649352358484395
-210,-690,0,4.649352358484395
-190,-690,0,4.649352358484395
-170,-690,0,4.649352358484395
-150,-690,0,4.649352358484395
-130,-690,0,4.649352358484395
-110,-690,0,4.649352358484395
-90,-690,0,4.649352358484395
-70,-690,0,4.649352358484395
-50,-690,0,4.649352358484395
-30,-690,0,4.649352358484395
-10,-690,0,4.649352358484395
10,-690,0,4.649352358484395
30,-690,0,4.649352358484395
50,-690,0,4.649352358484395
70,-690,0,4.649352358484395
90,-690,0,4.649352358484395
110,-690,0,4.649352358484395
130,-690,0,4.649352358484395
150,-690,0,4.649352358484395
170,-690,0,4.649352358484395
190,-690,0,4.649352358484395
210,-690,0,4.649352358484395
230,-690,0,4.649352358484395
250,-690,0,4.649352358484395
270,-690,0,4.649352358484395
290,-690,0,4.649352358484395
310,-690,0,4.649352358484395
330,-690,0,4.649352358484395
350,-690,0,4.649352358484395
370,-690,0,4.649352358484395
390,-690,0,4.649352358484395
410,-690,0,4.649352358484395
430,-690,0,4.649352358484395
450,-690,0,4.649352358484395
470,-690,0,4.649352358484395
490,-690,0,4.649352358484395
510,-690,0,4.649352358484395
530,-690,0,4.649352358484395
550,-690,0,4.649352358484395
570,-690,0,4.649352358484395
590,-690,0,4.649352358484395
610,-690,0,4.649352358484395
630,-690,0,4.649352358484395
650,-690,0,4.649352358484395
670,-690,0,4.649352358484395
690,-690,0,4.649352358484395
710,-690,0,4.649352358484395
730,-690,0,4.649352358484395
750,-690,0,4.649352358484395
770,-690,0,4.649352358484395
790,-690,0,4.649352358484395
-790,-670,0,4.649352358484395
-770,-670,0,4.649352358484395
-750,-670,0,4.649352358484395
-730,-670,0,4.649352358484395
-710,-670,0,4.649352358484395
-690,-670,0,4.649352358484395
-670,-670,0,4.649352358484395
-650,-670,0,4.649352358484395
-630,-670,0,4.649352358484395
-610,-670,0,4.649352358484395
-590,-670,0,4.649352358484395
-570,-670,0,4.649352358484395
-550,-670,0,4.649352358484395
-530,-670,0,4.649352358484395
-510,-670,0,4.649352358484395
-490,-670,0,4.649352358484395
-470,-670,0,4.649352358484395
-450,-670,0,4.649352358484395
-430,-670,0,4.649352358484395
-410,-670,0,4.649352358484395
-390,-670,0,4.649352358484395
-370,-670,0,4.649352358484395
-350,-670,0,4.649352358484395
-330,-670,0,4.649352358484395
-310,-670,0,4.649352358484395
-290,-670,0,4.649352358484395
-270,-670,0,4.649352358484395
-250,-670,0,4.649352358484395
-230,-670,0,4.649352358484395
-210,-670,0,4.649352358484395
-190,-670,0,4.649352358484395
-170,-670,0,4.649352358484395
-150,-670,0,4.649352358484395
-130,-670,0,4.649352358484395
-110,-670,0,4.649352358484395
-90,-670,0,4.649352358484395
-70,-670,0,4.649352358484395
-50,-670,0,4.649352358484395
-30,-670,0,4.649352358484395
-10,-670,0,4.649352358484395
10,-670,0,4.649352358484395
30,-670,0,4.649352358484395
50,-670,0,4.649352358484395
70,-670,0,4.649352358484395
90,-670,0,4.649352358484395
110,-670,0,4.649352358484395
130,-670,0,4.649352358484395
150,-670,0,4.649352358484395
170,-670,0,4.649352358484395
190,-670,0,4.649352358484395
210,-670,0,4.649352358484395
230,-670,0,4.649352358484395
250,-670,0,4.649352358484395
270,-670,0,4.649352358484395
290,-670,0,4.649352358484395
310,-670,0,4.649352358484395
330,-670,0,4.649352358484395
350,-670,0,4.649352358484395
370,-670,0,4.649352358484395
390,-670,0,4.649352358484395
410,-670,0,4.649352358484395
430,-670,0,4.649352358484395
450,-670,0,4.649352358484395
470,-670,0,4.649352358484395
490,-670,0,4.649352358484395
510,-670,0,4.649352358484395
530,-670,0,4.649352358484395
550,-670,0,4.649352358484395
570,-670,0,4.649352358484395
590,-670,0,4.649352358484395
610,-670,0,4.649352358484395
630,-670,0,4.649352358484395
650,-670,0,4.649352358484395
670,-670,0,4.649352358484395
690,-670,0,4.649352358484395
710,-670,0,4.649352358484395
730,-670,0,4.649352358484395
750,-670,0,4.649352358484395
770,-670,0,4.649352358484395
790,-670,0,4.649352358484395
-790,-650,0,4.649352358484395
-770,-650,0,4.649352358484395
-750,-650,0,4.649352358484395
-730,-650,0,4.649352358484395
-710,-650,0,4.649352358484395
-690,-650,0,4.649352358484395
-670,-650,0,4.649352358484395
-650,-650,0,4.649352358484395
-630,-650,0,4.649352358484395
-610,-650,0,4.649352358484395
-590,-650,0,4.649352358484395
-570,-650,0,4.649352358484395
-550,-650,0,4.649352358484395
-530,-650,0,4.649352358484395
-510,-650,0,4.649352358484395
-490,-650,0,4.649352358484395
-470,-650,0,4.649352358484395
-450,-650,0,4.649352358484395
-430,-650,0,4.649352358484395
-410,-650,0,4.649352358484395
-390,-650,0,4.649352358484395
-370,-650,0,4.649352358484395
-350,-650,0,4.649352358484395
-330,-650,0,4.649352358484395
-310,-650,0,4.649352358484395
-290,-650,0,4.649352358484395
-270,-650,0,4.649352358484395
-250,-650,0,4.649352358484395
-230,-650,0,4.649352358484395
-210,-650,0,4.649352358484395
-190,-650,0,4.649352358484395
-170,-650,0,4.649352358484395
-150,-650,0,4.649352358484395
-130,-650,0,4.649352358484395
-110,-650,0,4.649352358484395
-90,-650,0,4.649352358484395
-70,-650,0,4.649352358484395
-50,-650,0,4.649352358484395
-30,-650,0,4.649352358484395
-10,-650,0,4.649352358484395
10,-650,0,4.649352358484395
30,-650,0,4.649352358484395
50,-650,0,4.649352358484395
70,-650,0,4.649352358484395
90,-650,0,4.649352358484395
110,-650,0,4.649352358484395
130,-650,0,4.649352358484395
150,-650,0,4.649352358484395
170,-650,0,4.649352358484395
190,-650,0,4.649352358484395
210,-650,0,4.649352358484395
230,-650,0,4.649352358484395
250,-650,0,4.649352358484395
270,-650,0,4.649352358484395
290,-650,0,4.649352358484395
310,-650,0,4.649352358484395
330,-650,0,4.649352358484395
350,-650,0,4.649352358484395
370,-650,0,4.649352358484395
390,-650,0,4.649352358484395
410,-650,0,4.649352358484395
430,-650,0,4.649352358484395
450,-650,0,4.649352358484395
470,-650,0,4.649352358484395
490,-650,0,4.649352358484395
510,-650,0,4.649352358484395
530,-650,0,4.649352358484395
550,-650,0,4.649352358484395
570,-650,0,4.649352358484395
590,-650,0,4.649352358484395
610,-650,0,4.649352358484395
630,-650,0,4.649352358484395
650,-650,0,4.649352358484395
670,-650,0,4.649352358484395
690,-650,0,4.649352358484395
710,-650,0,4.649352358484395
730,-650,0,4.649352358484395
750,-650,0,4.649352358484395
770,-650,0,4.649352358484395
790,-650,0,4.649352358484395
-790,-630,0,4.649352358484395
-770,-630,0,4.649352358484395
-750,-630,0,4.649352358484395
-730,-630,0,4.649352358484395
-710,-630,0,4.649352358484395
-690,-630,0,4.649352358484395
-670,-630,0,4.649352358484395
-650,-630,0,4.649352358484395
-630,-630,0,4.649352358484395
-610,-630,0,4.649352358484395
-590,-630,0,4.649352358484395
-570,-630,0,4.649352358484395
-550,-630,0,4.649352358484395
-530,-630,0,4.649352358484395
-510,-630,0,4.649352358484395
-490,-630,0,4.649352358484395
-470,-630,0,4.649352358484395
-450,-630,0,4.649352358484395
-430,-630,0,4.649352358484395
-410,-630,0,4.649352358484395
-390,-630,0,4.649352358484395
-370,-630,0,4.649352358484395
-350,-630,0,4.649352358484395
-330,-630,0,4.649352358484395
-310,-630,0,4.649352358484395
-290,-630,0,4.649352358484395
-270,-630,0,4.649352358484395
-250,-630,0,4.649352358484395
-230,-630,0,4.649352358484395
-210,-630,0,4.649352358484395
-190,-630,0,4.649352358484395
-170,-630,0,4.649352358484395
-150,-630,0,4.649352358484395
-130,-630,0,4.649352358484395
-110,-630,0,4.649352358484395
-90,-630,0,4.649352358484395
-70,-630,0,4.649352358484395
-50,-630,0,4.649352358484395
-30,-630,0,4.649352358484395
-10,-630,0,4.649352358484395
10,-630,0,4.649352358484395
30,-630,0,4.649352358484395
50,-630,0,4.649352358484395
70,-630,0,4.649352358484395
90,-630,0,4.649352358484395
110,-630,0,4.649352358484395
130,-630,0,4.649352358484395
150,-630,0,4.649352358484395
170,-630,0,4.649352358484395
190,-630,0,4.649352358484395
210,-630,0,4.649352358484395
230,-630,0,4.649352358484395
250,-630,0,4.649352358484395
270,-630,0,4.649352358484395
290,-630,0,4.649352358484395
310,-630,0,4.649352358484395
330,-630,0,4.649352358484395
350,-630,0,4.649352358484395
370,-630,0,4.649352358484395
390,-630,0,4.649352358484395
410,-630,0,4.649352358484395
430,-630,0,4.649352358484395
450,-630,0,4.649352358484395
470,-630,0,4.649352358484395
490,-630,0,4.649352358484395
510,-630,0,4.649352358484395
530,-630,0,4.649352358484395
550,-630,0,4.649352358484395
570,-630,0,4.649352358484395
590,-630,0,4.649352358484395
610,-630,0,4.649352358484395
630,-630,0,4.649352358484395
650,-630,0,4.649352358484395
670,-630,0,4.649352358484395
690,-630,0,4.649352358484395
710,-630,0,4.649352358484395
730,-630,0,4.649352358484395
750,-630,0,4.649352358484395
770,-630,0,4.649352358484395
790,-630,0,4.649352358484395
-790,-610,0,4.649352358484395
-770,-610,0,4.649352358484395
-750,-610,0,4.649352358484395
-730,-610,0,4.649352358484395
-710,-610,0,4.649352358484395
-690,-610,0,4.649352358484395
-670,-610,0,4.649352358484395
-650,-610,0,4.649352358484395
-630,-610,0,4.649352358484395
-610,-610,0,4.649352358484395
-590,-610,0,4.649352358484395
-570,-610,0,4.649352358484395
-550,-610,0,4.649352358484395
-530,-610,0,4.649352358484395
-510,-610,0,4.649352358484395
-490,-610,0,4.649352358484395
-470,-610,0,4.649352358484395
-450,-610,0,4.649352358484395
-430,-610,0,4.649352358484395
-410,-610,0,4.649352358484395
-390,-610,0,4.649352358484395
-370,-610,0,4.649352358484395
-350,-610,0,4.649352358484395
-330,-610,0,4.649352358484395
-310,-610,0,4.649352358484395
-290,-610,0,4.649352358484395
-270,-610,0,4.649352358484395
-250,-610,0,4.649352358484395
-230,-610,0,4.649352358484395
-210,-610,0,4.649352358484395
-190,-610,0,4.649352358484395
-170,-610,0,4.649352358484395
-150,-610,0,4.649352358484395
-130,-610,0,4.649352358484395
-110,-610,0,4.649352358484395
-90,-610,0,4.649352358484395
-70,-610,0,4.649352358484395
-50,-610,0,4.649352358484395
-30,-610,0,4.649352358484395
-10,-610,0,4.649352358484395
10,-610,0,4.649352358484395
30,-610,0,4.649352358484395
50,-610,0,4.649352358484395
70,-610,0,4.649352358484395
90,-610,0,4.649352358484395
110,-610,0,4.649352358484395
130,-610,0,4.649352358484395
150,-610,0,4.649352358484395
170,-610,0,4.649352358484395
190,-610,0,4.649352358484395
210,-610,0,4.649352358484395
230,-610,0,4.649352358484395
250,-610,0,4.649352358484395
270,-610,0,4.649352358484395
290,-610,0,4.649352358484395
310,-610,0,4.649352358484395
330,-610,0,4.649352358484395
350,-610,0,4.649352358484395
370,-610,0,4.649352358484395
390,-610,0,4.649352358484395
410,-610,0,4.649352358484395
430,-610,0,4.649352358484395
450,-610,0,4.649352358484395
470,-610,0,4.649352358484395
490,-610,0,4.649352358484395
510,-610,0,4.649352358484395
530,-610,0,4.649352358484395
550,-610,0,4.649352358484395
570,-610,0,4.649352358484395
590,-610,0,4.649352358484395
610,-610,0,4.649352358484395
630,-610,0,4.649352358484395
650,-610,0,4.649352358484395
670,-610,0,4.649352358484395
690,-610,0,4.649352358484395
710,-610,0,4.649352358484395
730,-610,0,4.649352358484395
750,-610,0,4.649352358484395
770,-610,0,4.649352358484395
790,-610,0,4.649352358484395
-790,-590,0,4.649352358484395
-770,-590,0,4.649352358484395
-750,-590,0,4.649352358484395
-730,-590,0,4.649352358484395
-710,-590,0,4.649352358484395
-690,-590,0,4.649352358484395
-670,-590,0,4.649352358484395
-650,-590,0,4.649352358484395
-630,-590,0,4.649352358484395
-610,-590,0,4.649352358484395
-590,-590,0,4.649352358484395
-570,-590,0,4.649352358484395
-550,-590,0,4.649352358484395
-530,-590,0,4.649352358484395
-510,-590,0,4.649352358484395
-490,-590,0,4.649352358484395
-470,-590,0,4.649352358484395
-450,-590,0,4.649352358484395
-430,-590,0,4.649352358484395
-410,-590,0,4.649352358484395
-390,-590,0,4.649352358484395
-370,-590,0,4.649352358484395
-350,-590,0,4.649352358484395
-330,-590,0,4.649352358484395
-310,-590,0,4.649352358484395
-290,-590,0,4.649352358484395
-270,-590,0,4.649352358484395
-250,-590,0,4.649352358484395
-230,-590,0,4.649352358484395
-210,-590,0,4.649352358484395
-190,-590,0,4.649352358484395
-170,-590,0,4.649352358484395
-150,-590,0,4.649352358484395
-130,-590,0,4.649352358484395
-110,-590,0,4.649352358484395
-90,-590,0,4.649352358484395
-70,-590,0,4.649352358484395
-50,-590,0,4.649352358484395
-30,-590,0,4.649352358484395
-10,-590,0,4.649352358484395
10,-590,0,4.649352358484395
30,-590,0,4.649352358484395
50,-590,0,4.649352358484395
70,-590,0,4.649352358484395
90,-590,0,4.649352358484395
110,-590,0,4.649352358484395
130,-590,0,4.649352358484395
150,-590,0,4.649352358484395
170,-590,0,4.649352358484395
190,-590,0,4.649352358484395
210,-590,0,4.649352358484395
230,-590,0,4.649352358484395
250,-590,0,4.649352358484395
270,-590,0,4.649352358484395
290,-590,0,4.649352358484395
310,-590,0,4.649352358484395
330,-590,0,4.649352358484395
350,-590,0,4.649352358484395
370,-590,0,4.649352358484395
390,-590,0,4.649352358484395
410,-590,0,4.649352358484395
430,-590,0,4.649352358484395
450,-590,0,4.649352358484395
470,-590,0,4.649352358484395
490,-590,0,4.649352358484395
510,-590,0,4.649352358484395
530,-590,0,4.649352358484395
550,-590,0,4.649352358484395
570,-590,0,4.649352358484395
590,-590,0,4.649352358484395
610,-590,0,4.649352358484395
630,-590,0,4.649352358484395
650,-590,0,4.649352358484395
670,-590,0,4.649352358484395
690,-590,0,4.649352358484395
710,-590,0,4.649352358484395
730,-590,0,4.649352358484395
750,-590,0,4.649352358484395
770,-590,0,4.649352358484395
790,-590,0,4.649352358484395
-790,-570,0,4.649352358484395
-770,-570,0,4.649352358484395
-750,-570,0,4.649352358484395
-730,-570,0,4.649352358484395
-710,-570,0,4.649352358484395
-690,-570,0,4.649352358484395
-670,-570,0,4.649352358484395
-650,-570,0,4.649352358484395
-630,-570,0,4.649352358484395
-610,-570,0,4.649352358484395
-590,-570,0,4.649352358484395
-570,-570,0,4.649352358484395
-550,-570,0,4.649352358484395
-530,-570,0,4.649352358484395
-510,-570,0,4.649352358484395
-490,-570,0,4.649352358484395
-470,-570,0,4.649352358484395
-450,-570,0,4.649352358484395
-430,-570,0,4.649352358484395
-410,-570,0,4.649352358484395
-390,-570,0,4.649352358484395
-370,-570,0,4.649352358484395
-350,-570,0,4.649352358484395
-330,-570,0,4.649352358484395
-310,-570,0,4.649352358484395
-290,-570,0,4.649352358484395
-270,-570,0,4.649352358484395
-250,-570,0,4.649352358484395
-230,-570,0,4.649352358484395
-210,-570,0,4.649352358484395
-190,-570,0,4.649352358484395
-170,-570,0,4.649352358484395
-150,-570,0,4.649352358484395
-130,-570,0,4.649352358484395
-110,-570,0,4.649352358484395
-90,-570,0,4.649352358484395
-70,-570,0,4.649352358484395
-50,-570,0,4.649352358484395
-30,-570,0,4.649352358484395
-10,-570,0,4.649352358484395
10,-570,0,4.649352358484395
30,-570,0,4.649352358484395
50,-570,0,4.649352358484395
70,-570,0,4.649352358484395
90,-570,0,4.649352358484395
110,-570,0,4.649352358484395
130,-570,0,4.649352358484395
150,-570,0,4.649352358484395
170,-570,0,4.649352358484395
190,-570,0,4.649352358484395
210,-570,0,4.649352358484395
230,-570,0,4.649352358484395
250,-570,0,4.649352358484395
270,-570,0,4.649352358484395
290,-570,0,4.649352358484395
310,-570,0,4.649352358484395
330,-570,0,4.649352358484395
350,-570,0,4.649352358484395
370,-570,0,4.649352358484395
390,-570,0,4.649352358484395
410,-570,0,4.649352358484395
430,-570,0,4.649352358484395
450,-570,0,4.649352358484395
470,-570,0,4.649352358484395
490,-570,0,4.649352358484395
510,-570,0,4.649352358484395
530,-570,0,4.649352358484395
550,-570,0,4.649352358484395
570,-570,0,4.649352358484395
590,-570,0,4.649352358484395
610,-570,0,4.649352358484395
630,-570,0,4.649352358484395
650,-570,0,4.649352358484395
670,-570,0,4.649352358484395
690,-570,0,4.649352358484395
710,-570,0,4.649352358484395
730,-570,0,4.649352358484395
750,-570,0,4.649352358484395
770,-570,0,4.649352358484395
790,-570,0,4.649352358484395
-790,-550,0,4.649352358484395
-770,-550,0,4.649352358484395
-750,-550,0,4.649352358484395
-730,-550,0,4.649352358484395
-710,-550,0,4.649352358484395
-690,-550,0,4.649352358484395
-670,-550,0,4.649352358484395
-650,-550,0,4.649352358484395
-630,-550,0,4.649352358484395
-610,-550,0,4.649352358484395
-590,-550,0,4.649352358484395
-570,-550,0,4.649352358484395
-550,-550,0,4.649352358484395
-530,-550,0,4.649352358484395
-510,-550,0,4.649352358484395
-490,-550,0,4.649352358484395
-470,-550,0,4.649352358484395
-450,-550,0,4.649352358484395
-430,-550,0,4.649352358484395
-410,-550,0,4.649352358484395
-390,-550,0,4.649352358484395
-370,-550,0,4.649352358484395
-350,-550,0,4.649352358484395
-330,-550,0,4.649352358484395
-310,-550,0,4.649352358484395
-290,-550,0,4.649352358484395
-270,-550,0,4.649352358484395
-250,-550,0,4.649352358484395
-230,-550,0,4.649352358484395
-210,-550,0,4.649352358484395
-190,-550,0,4.649352358484395
-170,-550,0,4.649352358484395
-150,-550,0,4.649352358484395
-130,-550,0,4.649352358484395
-110,-550,0,4.649352358484395
-90,-550,0,4.649352358484395
-70,-550,0,4.649352358484395
-50,-550,0,4.649352358484395
-30,-550,0,4.649352358484395
-10,-550,0,4.649352358484395
10,-550,0,4.649352358484395
30,-550,0,4.649352358484395
50,-550,0,4.649352358484395
70,-550,0,4.649352358484395
90,-550,0,4.649352358484395
110,-550,0,4.649352358484395
130,-550,0,4.649352358484395
150,-550,0,4.649352358484395
170,-550,0,4.649352358484395
190,-550,0,4.649352358484395
210,-550,0,4.649352358484395
230,-550,0,4.649352358484395
250,-550,0,4.649352358484395
270,-550,0,4.649352358484395
290,-550,0,4.649352358484395
310,-550,0,4.649352358484395
330,-550,0,4.649352358484395
350,-550,0,4.649352358484395
370,-550,0,4.649352358484395
390,-550,0,4.649352358484395
410,-550,0,4.649352358484395
430,-550,0,4.649352358484395
450,-550,0,4.649352358484395
470,-550,0,4.649352358484395
490,-550,0,4.649352358484395
510,-550,0,4.649352358484395
530,-550,0,4.649352358484395
550,-550,0,4.649352358484395
570,-550,0,4.649352358484395
590,-550,0,4.649352358484395
610,-550,0,4.649352358484395
630,-550,0,4.649352358484395
650,-550,0,4.649352358484395
670,-550,0,4.649352358484395
690,-550,0,4.649352358484395
710,-550,0,4.649352358484395
730,-550,0,4.649352358484395
750,-550,0,4.649352358484395
770,-550,0,4.649352358484395
790,-550,0,4.649352358484395
-790,-530,0,4.649352358484395
-770,-530,0,4.649352358484395
-750,-530,0,4.649352358484395
-730,-530,0,4.649352358484395
-710,-530,0,4.649352358484395
-690,-530,0,4.649352358484395
-670,-530,0,4.649352358484395
-650,-530,0,4.649352358484395
-630,-530,0,4.649352358484395
-610,-530,0,4.649352358484395
-590,-530,0,4.649352358484395
-570,-530,0,4.649352358484395
-550,-530,0,4.649352358484395
-530,-530,0,4.649352358484395
-510,-530,0,4.649352358484395
-490,-530,0,4.649352358484395
-470,-530,0,4.649352358484395
-450,-530,0,4.649352358484395
-430,-530,0,4.649352358484395
-410,-530,0,4.649352358484395
-390,-530,0,4.649352358484395
-370,-530,0,4.649352358484395
-350,-530,0,4.649352358484395
-330,-530,0,4.649352358484395
-310,-530,0,4.649352358484395
-290,-530,0,4.649352358484395
-270,-530,0,4.649352358484395
-250,-530,0,4.649352358484395
-230,-530,0,4.649352358484395
-210,-530,0,4.649352358484395
-190,-530,0,4.649352358484395
-170,-530,0,4.649352358484395
-150,-530,0,4.649352358484395
-130,-530,0,4.649352358484395
-110,-530,0,4.649352358484395
-90,-530,0,4.649352358484395
-70,-530,0,4.649352358484395
-50,-530,0,4.649352358484395
-30,-530,0,4.649352358484395
-10,-530,0,4.649352358484395
10,-530,0,4.649352358484395
30,-530,0,4.649352358484395
50,-530,0,4.649352358484395
70,-530,0,4.649352358484395
90,-530,0,4.649352358484395
110,-530,0,4.649352358484395
130,-530,0,4.649352358484395
150,-530,0,4.649352358484395
170,-530,0,4.649352358484395
190,-530,0,4.649352358484395
210,-530,0,4.649352358484395
230,-530,0,4.649352358484395
250,-530,0,4.649352358484395
270,-530,0,4.649352358484395
290,-530,0,4.649352358484395
310,-530,0,4.649352358484395
330,-530,0,4.649352358484395
350,-530,0,4.649352358484395
370,-530,0,4.649352358484395
390,-530,0,4.649352358484395
410,-530,0,4.649352358484395
430,-530,0,4.649352358484395
450,-530,0,4.649352358484395
470,-530,0,4.649352358484395
490,-530,0,4.649352358484395
510,-530,0,4.649352358484395
530,-530,0,4.649352358484395
550,-530,0,4.649352358484395
570,-530,0,4.649352358484395
590,-530,0,4.649352358484395
610,-530,0,4.649352358484395
630,-530,0,4.649352358484395
650,-530,0,4.649352358484395
670,-530,0,4.649352358484395
690,-530,0,4.649352358484395
710,-530,0,4.649352358484395
730,-530,0,4.649352358484395
750,-530,0,4.649352358484395
770,-530,0,4.649352358484395
790,-530,0,4.649352358484395
-790,-510,0,4.649352358484395
-770,-510,0,4.649352358484395
-750,-510,0,4.649352358484395
-730,-510,0,4.649352358484395
-710,-510,0,4.649352358484395
-690,-510,0,4.649352358484395
-670,-510,0,4.649352358484395
-650,-510,0,4.649352358484395
-630,-510,0,4.649352358484395
-610,-510,0,4.649352358484395
-590,-510,0,4.649352358484395
-570,-510,0,4.649352358484395
-550,-510,0,4.649352358484395
-530,-510,0,4.649352358484395
-510,-510,0,4.649352358484395
-490,-510,0,4.649352358484395
-470,-510,0,4.649352358484395
-450,-510,0,4.649352358484395
-430,-510,0,4.649352358484395
-410,-510,0,4.649352358484395
-390,-510,0,4.649352358484395
-370,-510,0,4.649352358484395
-350,-510,0,4.649352358484395
-330,-510,0,4.649352358484395
-310,-510,0,4.649352358484395
-290,-510,0,4.649352358484395
-270,-510,0,4.649352358484395
-250,-510,0,4.649352358484395
-230,-510,0,4.649352358484395
-210,-510,0,4.649352358484395
-190,-510,0,4.649352358484395
-170,-510,0,4.649352358484395
-150,-510,0,4.649352358484395
-130,-510,0,4.649352358484395
-110,-510,0,4.649352358484395
-90,-510,0,4.649352358484395
-70,-510,0,4.649352358484395
-50,-510,0,4.649352358484395
-30,-510,0,4.649352358484395
-10,-510,0,4.649352358484395
10,-510,0,4.649352358484395
30,-510,0,4.649352358484395
50,-510,0,4.649352358484395
70,-510,0,4.649352358484395
90,-510,0,4.649352358484395
110,-510,0,4.649352358484395
130,-510,0,4.649352358484395
150,-510,0,4.649352358484395
170,-510,0,4.649352358484395
190,-510,0,4.649352358484395
210,-510,0,4.649352358484395
230,-510,0,4.649352358484395
250,-510,0,4.649352358484395
270,-510,0,4.649352358484395
290,-510,0,4.649352358484395
310,-510,0,4.649352358484395
330,-510,0,4.649352358484395
350,-510,0,4.649352358484395
370,-510,0,4.649352358484395
390,-510,0,4.649352358484395
410,-510,0,4.649352358484395
430,-510,0,4.649352358484395
450,-510,0,4.649352358484395
470,-510,0,4.649352358484395
490,-510,0,4.649352358484395
510,-510,0,4.649352358484395
530,-510,0,4.649352358484395
550,-510,0,4.649352358484395
570,-510,0,4.649352358484395
590,-510,0,4.649352358484395
610,-510,0,4.649352358484395
630,-510,0,4.649352358484395
650,-510,0,4.649352358484395
670,-510,0,4.649352358484395
690,-510,0,4.649352358484395
710,-510,0,4.649352358484395
730,-510,0,4.649352358484395
750,-510,0,4.649352358484395
770,-510,0,4.649352358484395
790,-510,0,4.649352358484395
-790,-490,0,4.649352358484395
-770,-490,0,4.649352358484395
-750,-490,0,4.649352358484395
-730,-490,0,4.649352358484395
-710,-490,0,4.649352358484395
-690,-490,0,4.649352358484395
-670,-490,0,4.649352358484395
-650,-490,0,4.649352358484395
-630,-490,0,4.649352358484395
-610,-490,0,4.649352358484395
-590,-490,0,4.649352358484395
-570,-490,0,4.649352358484395
-550,-490,0,4.649352358484395
-530,-490,0,4.649352358484395
-510,-490,0,4.649352358484395
-490,-490,0,4.649352358484395
-470,-490,0,4.649352358484395
-450,-490,0,4.649352358484395
-430,-490,0,4.649352358484395
-410,-490,0,4.649352358484395
-390,-490,0,4.649352358484395
-370,-490,0,4.649352358484395
-350,-490,0,4.649352358484395
-330,-490,0,4.649352358484395
-310,-490,0,4.649352358484395
-290,-490,0,4.649352358484395
-270,-490,0,4.649352358484395
-250,-490,0,4.649352358484395
-230,-490,0,4.649352358484395
-210,-490,0,4.649352358484395
-190,-490,0,4.649352358484395
-170,-490,0,4.649352358484395
-150,-490,0,4.649352358484395
-130,-490,0,4.649352358484395
-110,-490,0,4.649352358484395
-90,-490,0,4.649352358484395
-70,-490,0,4.649352358484395
-50,-490,0,4.649352358484395
-30,-490,0,4.649352358484395
-10,-490,0,4.649352358484395
10,-490,0,4.649352358484395
30,-490,0,4.649352358484395
50,-490,0,4.649352358484395
70,-490,0,4.649352358484395
90,-490,0,4.649352358484395
110,-490,0,4.649352358484395
130,-490,0,4.649352358484395
150,-490,0,4.649352358484395
170,-490,0,4.649352358484395
190,-490,0,4.649352358484395
210,-490,0,4.649352358484395
230,-490,0,4.649352358484395
250,-490,0,4.649352358484395
270,-490,0,4.649352358484395
290,-490,0,4.649352358484395
310,-490,0,4.649352358484395
330,-490,0,4.649352358484395
350,-490,0,4.649352358484395
370,-490,0,4.649352358484395
390,-490,0,4.649352358484395
410,-490,0,4.649352358484395
430,-490,0,4.649352358484395
450,-490,0,4.649352358484395
470,-490,0,4.649352358484395
490,-490,0,4.649352358484395
510,-490,0,4.649352358484395
530,-490,0,4.649352358484395
550,-490,0,4.649352358484395
570,-490,0,4.649352358484395
590,-490,0,4.649352358484395
610,-490,0,4.649352358484395
630,-490,0,4.649352358484395
650,-490,0,4.649352358484395
670,-490,0,4.649352358484395
690,-490,0,4.649352358484395
710,-490,0,4.649352358484395
730,-490,0,4.649352358484395
750,-490,0,4.649352358484395
770,-490,0,4.649352358484395
790,-490,0,4.649352358484395
-790,-470,0,4.649352358484395
-770,-470,0,4.649352358484395
-750,-470,0,4.649352358484395
-730,-470,0,4.649352358484395
-710,-470,0,4.649352358484395
-690,-470,0,4.649352358484395
-670,-470,0,4.649352358484395
-650,-470,0,4.649352358484395
-630,-470,0,4.649352358484395
-610,-470,0,4.649352358484395
-590,-470,0,4.649352358484395
-570,-470,0,4.649352358484395
-550,-470,0,4.649352358484395
-530,-470,0,4.649352358484395
-510,-470,0,4.649352358484395
-490,-470,0,4.649352358484395
-470,-470,0,4.649352358484395
-450,-470,0,4.649352358484395
-430,-470,0,4.649352358484395
-410,-470,0,4.649352358484395
-390,-470,0,4.649352358484395
-370,-470,0,4.649352358484395
-350,-470,0,4.649352358484395
-330,-470,0,4.649352358484395
-310,-470,0,4.649352358484395
-290,-470,0,4.649352358484395
-270,-470,0,4.649352358484395
-250,-470,0,4.649352358484395
-230,-470,0,4.649352358484395
-210,-470,0,4.649352358484395
-190,-470,0,4.649352358484395
-170,-470,0,4.649352358484395
-150,-470,0,4.649352358484395
-130,-470,0,4.649352358484395
-110,-470,0,4.649352358484395
-90,-470,0,4.649352358484395
-70,-470,0,4.649352358484395
-50,-470,0,4.649352358484395
-30,-470,0,4.649352358484395
-10,-470,0,4.649352358484395
10,-470,0,4.649352358484395
30,-470,0,4.649352358484395
50,-470,0,4.649352358484395
70,-470,0,4.649352358484395
90,-470,0,4.649352358484395
110,-470,0,4.649352358484395
130,-470,0,4.649352358484395
150,-470,0,4.649352358484395
170,-470,0,4.649352358484395
190,-470,0,4.649352358484395
210,-470,0,4.649352358484395
230,-470,0,4.649352358484395
250,-470,0,4.649352358484395
270,-470,0,4.649352358484395
290,-470,0,4.649352358484395
310,-470,0,4.649352358484395
330,-470,0,4.649352358484395
350,-470,0,4.649352358484395
370,-470,0,4.649352358484395
390,-470,0,4.649352358484395
410,-470,0,4.649352358484395
430,-470,0,4.649352358484395
450,-470,0,4.649352358484395
470,-470,0,4.649352358484395
490,-470,0,4.649352358484395
510,-470,0,4.649352358484395
530,-470,0,4.649352358484395
550,-470,0,4.649352358484395
570,-470,0,4.649352358484395
590,-470,0,4.649352358484395
610,-470,0,4.649352358484395
630,-470,0,4.649352358484395
650,-470,0,4.649352358484395
670,-470,0,4.649352358484395
690,-470,0,4.649352358484395
710,-470,0,4.649352358484395
730,-470,0,4.649352358484395
750,-470,0,4.649352358484395
770,-470,0,4.649352358484395
790,-470,0,4.649352358484395
-790,-450,0,4.649352358484395
-770,-450,0,4.649352358484395
-750,-450,0,4.649352358484395
-730,-450,0,4.649352358484395
-710,-450,0,4.649352358484395
-690,-450,0,4.649352358484395
-670,-450,0,4.649352358484395
-650,-450,0,4.649352358484395
-630,-450,0,4.649352358484395
-610,-450,0,4.649352358484395
-590,-450,0,4.649352358484395
-570,-450,0,4.649352358484395
-550,-450,0,4.649352358484395
-530,-450,0,4.649352358484395
-510,-450,0,4.649352358484395
-490,-450,0,4.649352358484395
-470,-450,0,4.649352358484395
-450,-450,0,4.649352358484395
-430,-450,0,4.649352358484395
-410,-450,0,4.649352358484395
-390,-450,0,4.649352358484395
-370,-450,0,4.649352358484395
-350,-450,0,4.649352358484395
-330,-450,0,4.649352358484395
-310,-450,0,4.649352358484395
-290,-450,0,4.649352358484395
-270,-450,0,4.649352358484395
-250,-450,0,4.649352358484395
-230,-450,0,4.649352358484395
-210,-450,0,4.649352358484395
-190,-450,0,4.649352358484395
-170,-450,0,4.649352358484395
-150,-450,0,4.649352358484395
-130,-450,0,4.649352358484395
-110,-450,0,4.649352358484395
-90,-450,0,4.649352358484395
-70,-450,0,4.649352358484395
-50,-450,0,4.649352358484395
-30,-450,0,4.649352358484395
-10,-450,0,4.649352358484395
10,-450,0,4.649352358484395
30,-450,0,4.649352358484395
50,-450,0,4.649352358484395
70,-450,0,4.649352358484395
90,-450,0,4.649352358484395
110,-450,0,4.649352358484395
130,-450,0,4.649352358484395
150,-450,0,4.649352358484395
170,-450,0,4.649352358484395
190,-450,0,4.649352358484395
210,-450,0,4.649352358484395
230,-450,0,4.649352358484395
250,-450,0,4.649352358484395
270,-450,0,4.649352358484395
290,-450,0,4.649352358484395
310,-450,0,4.649352358484395
330,-450,0,4.649352358484395
350,-450,0,4.649352358484395
370,-450,0,4.649352358484395
390,-450,0,4.649352358484395
410,-450,0,4.649352358484395
430,-450,0,4.649352358484395
450,-450,0,4.649352358484395
470,-450,0,4.649352358484395
490,-450,0,4.649352358484395
510,-450,0,4.649352358484395
530,-450,0,4.649352358484395
550,-450,0,4.649352358484395
570,-450,0,4.649352358484395
590,-450,0,4.649352358484395
610,-450,0,4.649352358484395
630,-450,0,4.649352358484395
650,-450,0,4.649352358484395
670,-450,0,4.649352358484395
690,-450,0,4.649352358484395
710,-450,0,4.649352358484395
730,-450,0,4.649352358484395
750,-450,0,4.649352358484395
770,-450,0,4.649352358484395
790,-450,0,4.649352358484395
-790,-430,0,4.649352358484395
-770,-430,0,4.649352358484395
-750,-430,0,4.649352358484395
-730,-430,0,4.649352358484395
-710,-430,0,4.649352358484395
-690,-430,0,4.649352358484395
-670,-430,0,4.649352358484395
-650,-430,0,4.649352358484395
-630,-430,0,4.649352358484395
-610,-430,0,4.649352358484395
-590,-430,0,4.649352358484395
-570,-430,0,4.649352358484395
-550,-430,0,4.649352358484395
-530,-430,0,4.649352358484395
-510,-430,0,4.649352358484395
-490,-430,0,4.649352358484395
-470,-430,0,4.649352358484395
-450,-430,0,4.649352358484395
-430,-430,0,4.649352358484395
-410,-430,0,4.649352358484395
-390,-430,0,4.649352358484395
-370,-430,0,4.649352358484395
-350,-430,0,4.649352358484395
-330,-430,0,4.649352358484395
-310,-430,0,4.649352358484395
-290,-430,0,4.649352358484395
-270,-430,0,4.649352358484395
-250,-430,0,4.649352358484395
-230,-430,0,4.649352358484395
-210,-430,0,4.649352358484395
-190,-430,0,4.649352358484395
-170,-430,0,4.649352358484395
-150,-430,0,4.649352358484395
-130,-430,0,4.649352358484395
-110,-430,0,4.649352358484395
-90,-430,0,4.649352358484395
-70,-430,0,4.649352358484395
-50,-430,0,4.649352358484395
-30,-430,0,4.649352358484395
-10,-430,0,4.649352358484395
10,-430,0,4.649352358484395
30,-430,0,4.649352358484395
50,-430,0,4.649352358484395
70,-430,0,4.649352358484395
90,-430,0,4.649352358484395
110,-430,0,4.649352358484395
130,-430,0,4.649352358484395
150,-430,0,4.649352358484395
170,-430,0,4.649352358484395
190,-430,0,4.649352358484395
210,-430,0,4.649352358484395
230,-430,0,4.649352358484395
250,-430,0,4.649352358484395
270,-430,0,4.649352358484395
290,-430,0,4.649352358484395
310,-430,0,4.649352358484395
330,-430,0,4.649352358484395
350,-430,0,4.649352358484395
370,-430,0,4.649352358484395
390,-430,0,4.649352358484395
410,-430,0,4.649352358484395
430,-430,0,4.649352358484395
450,-430,0,4.649352358484395
470,-430,0,4.649352358484395
490,-430,0,4.649352358484395
510,-430,0,4.649352358484395
530,-430,0,4.649352358484395
550,-430,0,4.649352358484395
570,-430,0,4.649352358484395
590,-430,0,4.649352358484395
610,-430,0,4.649352358484395
630,-430,0,4.649352358484395
650,-430,0,4.649352358484395
670,-430,0,4.649352358484395
690,-430,0,4.649352358484395
710,-430,0,4.649352358484395
730,-430,0,4.649352358484395
750,-430,0,4.649352358484395
770,-430,0,4.649352358484395
790,-430,0,4.649352358484395
-790,-410,0,4.649352358484395
-770,-410,0,4.649352358484395
-750,-410,0,4.649352358484395
-730,-410,0,4.649352358484395
-710,-410,0,4.649352358484395
-690,-410,0,4.649352358484395
-670,-410,0,4.649352358484395
-650,-410,0,4.649352358484395
-630,-410,0,4.649352358484395
-610,-410,0,4.649352358484395
-590,-410,0,4.649352358484395
-570,-410,0,4.649352358484395
-550,-410,0,4.649352358484395
-530,-410,0,4.649352358484395
-510,-410,0,4.649352358484395
-490,-410,0,4.649352358484395
-470,-410,0,4.649352358484395
-450,-410,0,4.649352358484395
-430,-410,0,4.649352358484395
-410,-410,0,4.649352358484395
-390,-410,0,4.649352358484395
-370,-410,0,4.649352358484395
-350,-410,0,4.649352358484395
-330,-410,0,4.649352358484395
-310,-410,0,4.649352358484395
-290,-410,0,4.649352358484395
-270,-410,0,4.649352358484395
-250,-410,0,4.649352358484395
-230,-410,0,4.649352358484395
-210,-410,0,4.649352358484395
-190,-410,0,4.649352358484395
-170,-410,0,4.649352358484395
-150,-410,0,4.649352358484395
-130,-410,0,4.649352358484395
-110,-410,0,4.649352358484395
-90,-410,0,4.649352358484395
-70,-410,0,4.649352358484395
-50,-410,0,4.649352358484395
-30,-410,0,4.649352358484395
-10,-410,0,4.649352358484395
10,-410,0,4.649352358484395
30,-410,0,4.649352358484395
50,-410,0,4.649352358484395
70,-410,0,4.649352358484395
90,-410,0,4.649352358484395
110,-410,0,4.649352358484395
130,-410,0,4.649352358484395
150,-410,0,4.649352358484395
170,-410,0,4.649352358484395
190,-410,0,4.649352358484395
210,-410,0,4.649352358484395
230,-410,0,4.649352358484395
250,-410,0,4.649352358484395
270,-410,0,4.649352358484395
290,-410,0,4.649352358484395
310,-410,0,4.649352358484395
330,-410,0,4.649352358484395
350,-410,0,4.649352358484395
370,-410,0,4.649352358484395
390,-410,0,4.649352358484395
410,-410,0,4.649352358484395
430,-410,0,4.649352358484395
450,-410,0,4.649352358484395
470,-410,0,4.649352358484395
490,-410,0,4.649352358484395
510,-410,0,4.649352358484395
530,-410,0,4.649352358484395
550,-410,0,4.649352358484395
570,-410,0,4.649352358484395
590,-410,0,4.649352358484395
610,-410,0,4.649352358484395
630,-410,0,4.649352358484395
650,-410,0,4.649352358484395
670,-410,0,4.649352358484395
690,-410,0,4.649352358484395
710,-410,0,4.649352358484395
730,-410,0,4.649352358484395
750,-410,0,4.649352358484395
770,-410,0,4.649352358484395
790,-410,0,4.649352358484395
-790,-390,0,4.649352358484395
-770,-390,0,4.649352358484395
-750,-390,0,4.649352358484395
-730,-390,0,4.649352358484395
-710,-390,0,4.649352358484395
-690,-390,0,4.649352358484395
-670,-390,0,4.649352358484395
-650,-390,0,4.649352358484395
-630,-390,0,4.649352358484395
-610,-390,0,4.649352358484395
-590,-390,0,4.649352358484395
-570,-390,0,4.649352358484395
-550,-390,0,4.649352358484395
-530,-390,0,4.649352358484395
-510,-390,0,4.649352358484395
-490,-390,0,4.649352358484395
-470,-390,0,4.649352358484395
-450,-390,0,4.649352358484395
-430,-390,0,4.649352358484395
-410,-390,0,4.649352358484395
-390,-390,0,4.649352358484395
-370,-390,0,4.649352358484395
-350,-390,0,4.649352358484395
-330,-390,0,4.649352358484395
-310,-390,0,4.649352358484395
-290,-390,0,4.649352358484395
-270,-390,0,4.649352358484395
-250,-390,0,4.649352358484395
-230,-390,0,4.649352358484395
-210,-390,0,4.649352358484395
-190,-390,0,4.649352358484395
-170,-390,0,4.649352358484395
-150,-390,0,4.649352358484395
-130,-390,0,4.649352358484395
-110,-390,0,4.649352358484395
-90,-390,0,4.649352358484395
-70,-390,0,4.649352358484395
-50,-390,0,4.649352358484395
-30,-390,0,4.649352358484395
-10,-390,0,4.649352358484395
10,-390,0,4.649352358484395
30,-390,0,4.649352358484395
50,-390,0,4.649352358484395
70,-390,0,4.649352358484395
90,-390,0,4.649352358484395
110,-390,0,4.649352358484395
130,-390,0,4.649352358484395
150,-390,0,4.649352358484395
170,-390,0,4.649352358484395
190,-390,0,4.649352358484395
210,-390,0,4.649352358484395
230,-390,0,4.649352358484395
250,-390,0,4.649352358484395
270,-390,0,4.649352358484395
290,-390,0,4.649352358484395
310,-390,0,4.649352358484395
330,-390,0,4.649352358484395
350,-390,0,4.649352358484395
370,-390,0,4.649352358484395
390,-390,0,4.649352358484395
410,-390,0,4.649352358484395
430,-390,0,4.649352358484395
450,-390,0,4.649352358484395
470,-390,0,4.649352358484395
490,-390,0,4.649352358484395
510,-390,0,4.649352358484395
530,-390,0,4.649352358484395
550,-390,0,4.649352358484395
570,-390,0,4.649352358484395
590,-390,0,4.649352358484395
610,-390,0,4.649352358484395
630,-390,0,4.649352358484395
650,-390,0,4.649352358484395
670,-390,0,4.649352358484395
690,-390,0,4.649352358484395
710,-390,0,4.649352358484395
730,-390,0,4.649352358484395
750,-390,0,4.649352358484395
770,-390,0,4.649352358484395
790,-390,0,4.649352358484395
-790,-370,0,4.649352358484395
-770,-370,0,4.649352358484395
-750,-370,0,4.649352358484395
-730,-370,0,4.649352358484395
-710,-370,0,4.649352358484395
-690,-370,0,4.649352358484395
-670,-370,0,4.649352358484395
-650,-370,0,4.649352358484395
-630,-370,0,4.649352358484395
-610,-370,0,4.649352358484395
-590,-370,0,4.649352358484395
-570,-370,0,4.649352358484395
-550,-370,0,4.649352358484395
-530,-370,0,4.649352358484395
-510,-370,0,4.649352358484395
-490,-370,0,4.649352358484395
-470,-370,0,4.649352358484395
-450,-370,0,4.649352358484395
-430,-370,0,4.649352358484395
-410,-370,0,4.649352358484395
-390,-370,0,4.649352358484395
-370,-370,0,4.649352358484395
-350,-370,0,4.649352358484395
-330,-370,0,4.649352358484395
-310,-370,0,4.649352358484395
-290,-370,0,4.649352358484395
-270,-370,0,4.649352358484395
-250,-370,0,4.649352358484395
-230,-370,0,4.649352358484395
-210,-370,0,4.649352358484395
-190,-370,0,4.649352358484395
-170,-370,0,4.649352358484395
-150,-370,0,4.649352358484395
-130,-370,0,4.649352358484395
-110,-370,0,4.649352358484395
-90,-370,0,4.649352358484395
-70,-370,0,4.649352358484395
-50,-370,0,4.649352358484395
-30,-370,0,4.649352358484395
-10,-370,0,4.649352358484395
10,-370,0,4.649352358484395
30,-370,0,4.649352358484395
50,-370,0,4.649352358484395
70,-370,0,4.649352358484395
90,-370,0,4.649352358484395
110,-370,0,4.649352358484395
130,-370,0,4.649352358484395
150,-370,0,4.649352358484395
170,-370,0,4.649352358484395
190,-370,0,4.649352358484395
210,-370,0,4.649352358484395
230,-370,0,4.649352358484395
250,-370,0,4.649352358484395
270,-370,0,4.649352358484395
290,-370,0,4.649352358484395
310,-370,0,4.649352358484395
330,-370,0,4.649352358484395
350,-370,0,4.649352358484395
370,-370,0,4.649352358484395
390,-370,0,4.649352358484395
410,-370,0,4.649352358484395
430,-370,0,4.649352358484395
450,-370,0,4.649352358484395
470,-370,0,4.649352358484395
490,-370,0,4.649352358484395
510,-370,0,4.649352358484395
530,-370,0,4.649352358484395
550,-370,0,4.649352358484395
570,-370,0,4.649352358484395
590,-370,0,4.649352358484395
610,-370,0,4.649352358484395
630,-370,0,4.649352358484395
650,-370,0,4.649352358484395
670,-370,0,4.649352358484395
690,-370,0,4.649352358484395
710,-370,0,4.649352358484395
730,-370,0,4.649352358484395
750,-370,0,4.649352358484395
770,-370,0,4.649352358484395
790,-370,0,4.649352358484395
-790,-350,0,4.649352358484395
-770,-350,0,4.649352358484395
-750,-350,0,4.649352358484395
-730,-350,0,4.649352358484395
-710,-350,0,4.649352358484395
-690,-350,0,4.649352358484395
-670,-350,0,4.649352358484395
-650,-350,0,4.649352358484395
-630,-350,0,4.649352358484395
-610,-350,0,4.649352358484395
-590,-350,0,4.649352358484395
-570,-350,0,4.649352358484395
-550,-350,0,4.649352358484395
-530,-350,0,4.649352358484395
-510,-350,0,4.649352358484395
-490,-350,0,4.649352358484395
-470,-350,0,4.649352358484395
-450,-350,0,4.649352358484395
-430,-350,0,4.649352358484395
-410,-350,0,4.649352358484395
-390,-350,0,4.649352358484395
-370,-350,0,4.649352358484395
-350,-350,0,4.649352358484395
-330,-350,0,4.649352358484395
-310,-350,0,4.649352358484395
-290,-350,0,4.649352358484395
-270,-350,0,4.649352358484395
-250,-350,0,4.649352358484395
-230,-350,0,4.649352358484395
-210,-350,0,4.649352358484395
-190,-350,0,4.649352358484395
-170,-350,0,4.649352358484395
-150,-350,0,4.649352358484395
-130,-350,0,4.649352358484395
-110,-350,0,4.649352358484395
-90,-350,0,4.649352358484395
-70,-350,0,4.649352358484395
-50,-350,0,4.649352358484395
-30,-350,0,4.649352358484395
-10,-350,0,4.649352358484395
10,-350,0,4.649352358484395
30,-350,0,4.649352358484395
50,-350,0,4.649352358484395
70,-350,0,4.649352358484395
90,-350,0,4.649352358484395
110,-350,0,4.649352358484395
130,-350,0,4.649352358484395
150,-350,0,4.649352358484395
170,-350,0,4.649352358484395
190,-350,0,4.649352358484395
210,-350,0,4.649352358484395
230,-350,0,4.649352358484395
250,-350,0,4.649352358484395
270,-350,0,4.649352358484395
290,-350,0,4.649352358484395
310,-350,0,4.649352358484395
330,-350,0,4.649352358484395
350,-350,0,4.649352358484395
370,-350,0,4.649352358484395
390,-350,0,4.649352358484395
410,-350,0,4.649352358484395
430,-350,0,4.649352358484395
450,-350,0,4.649352358484395
470,-350,0,4.649352358484395
490,-350,0,4.649352358484395
510,-350,0,4.649352358484395
530,-350,0,4.649352358484395
550,-350,0,4.649352358484395
570,-350,0,4.649352358484395
590,-350,0,4.649352358484395
610,-350,0,4.649352358484395
630,-350,0,4.649352358484395
650,-350,0,4.649352358484395
670,-350,0,4.649352358484395
690,-350,0,4.649352358484395
710,-350,0,4.649352358484395
730,-350,0,4.649352358484395
750,-350,0,4.649352358484395
770,-350,0,4.649352358484395
790,-350,0,4.649352358484395
-790,-330,0,4.649352358484395
-770,-330,0,4.649352358484395
-750,-330,0,4.649352358484395
-730,-330,0,4.649352358484395
-710,-330,0,4.649352358484395
-690,-330,0,4.649352358484395
-670,-330,0,4.649352358484395
-650,-330,0,4.649352358484395
-630,-330,0,4.649352358484395
-610,-330,0,4.649352358484395
-590,-330,0,4.649352358484395
-570,-330,0,4.649352358484395
-550,-330,0,4.649352358484395
-530,-330,0,4.649352358484395
-510,-330,0,4.649352358484395
-490,-330,0,4.649352358484395
-470,-330,0,4.649352358484395
-450,-330,0,4.649352358484395
-430,-330,0,4.649352358484395
-410,-330,0,4.649352358484395
-390,-330,0,4.649352358484395
-370,-330,0,4.649352358484395
-350,-330,0,4.649352358484395
-330,-330,0,4.649352358484395
-310,-330,0,4.649352358484395
-290,-330,0,4.649352358484395
-270,-330,0,4.649352358484395
-250,-330,0,4.649352358484395
-230,-330,0,4.649352358484395
-210,-330,0,4.649352358484395
-190,-330,0,4.649352358484395
-170,-330,0,4.649352358484395
-150,-330,0,4.649352358484395
-130,-330,0,4.649352358484395
-110,-330,0,4.649352358484395
-90,-330,0,4.649352358484395
-70,-330,0,4.649352358484395
-50,-330,0,4.649352358484395
-30,-330,0,4.649352358484395
-10,-330,0,4.649352358484395
10,-330,0,4.649352358484395
30,-330,0,4.649352358484395
50,-330,0,4.649352358484395
70,-330,0,4.649352358484395
90,-330,0,4.649352358484395
110,-330,0,4.649352358484395
130,-330,0,4.649352358484395
150,-330,0,4.649352358484395
170,-330,0,4.649352358484395
190,-330,0,4.649352358484395
210,-330,0,4.649352358484395
230,-330,0,4.649352358484395
250,-330,0,4.649352358484395
270,-330,0,4.649352358484395
290,-330,0,4.649352358484395
310,-330,0,4.649352358484395
330,-330,0,4.649352358484395
350,-330,0,4.649352358484395
370,-330,0,4.649352358484395
390,-330,0,4.649352358484395
410,-330,0,4.649352358484395
430,-330,0,4.649352358484395
450,-330,0,4.649352358484395
470,-330,0,4.649352358484395
490,-330,0,4.649352358484395
510,-330,0,4.649352358484395
530,-330,0,4.649352358484395
550,-330,0,4.649352358484395
570,-330,0,4.649352358484395
590,-330,0,4.649352358484395
610,-330,0,4.649352358484395
630,-330,0,4.649352358484395
650,-330,0,4.649352358484395
670,-330,0,4.649352358484395
690,-330,0,4.649352358484395
710,-330,0,4.649352358484395
730,-330,0,4.649352358484395
750,-330,0,4.649352358484395
770,-330,0,4.649352358484395
790,-330,0,4.649352358484395
-790,-310,0,4.649352358484395
-770,-310,0,4.649352358484395
-750,-310,0,4.649352358484395
-730,-310,0,4.649352358484395
-710,-310,0,4.649352358484395
-690,-310,0,4.649352358484395
-670,-310,0,4.649352358484395
-650,-310,0,4.649352358484395
-630,-310,0,4.649352358484395
-610,-310,0,4.649352358484395
-590,-310,0,4.649352358484395
-570,-310,0,4.649352358484395
-550,-310,0,4.649352358484395
-530,-310,0,4.649352358484395
-510,-310,0,4.649352358484395
-490,-310,0,4.649352358484395
-470,-310,0,4.649352358484395
-450,-310,0,4.649352358484395
-430,-310,0,4.649352358484395
-410,-310,0,4.649352358484395
-390,-310,0,4.649352358484395
-370,-310,0,4.649352358484395
-350,-310,0,4.649352358484395
-330,-310,0,4.649352358484395
-310,-310,0,4.649352358484395
-290,-310,0,4.649352358484395
-270,-310,0,4.649352358484395
-250,-310,0,4.649352358484395
-230,-310,0,4.649352358484395
-210,-310,0,4.649352358484395
-190,-310,0,4.649352358484395
-170,-310,0,4.649352358484395
-150,-310,0,4.649352358484395
-130,-310,0,4.649352358484395
-110,-310,0,4.649352358484395
-90,-310,0,4.649352358484395
-70,-310,0,4.649352358484395
-50,-310,0,4.649352358484395
-30,-310,0,4.649352358484395
-10,-310,0,4.649352358484395
10,-310,0,4.649352358484395
30,-310,0,4.649352358484395
50,-310,0,4.649352358484395
70,-310,0,4.649352358484395
90,-310,0,4.649352358484395
110,-310,0,4.649352358484395
130,-310,0,4.649352358484395
150,-310,0,4.649352358484395
170,-310,0,4.649352358484395
190,-310,0,4.649352358484395
210,-310,0,4.649352358484395
230,-310,0,4.649352358484395
250,-310,0,4.649352358484395
270,-310,0,4.649352358484395
290,-310,0,4.649352358484395
310,-310,0,4.649352358484395
330,-310,0,4.649352358484395
350,-310,0,4.649352358484395
370,-310,0,4.649352358484395
390,-310,0,4.649352358484395
410,-310,0,4.649352358484395
430,-310,0,4.649352358484395
450,-310,0,4.649352358484395
470,-310,0,4.649352358484395
490,-310,0,4.649352358484395
510,-310,0,4.649352358484395
530,-310,0,4.649352358484395
550,-310,0,4.649352358484395
570,-310,0,4.649352358484395
590,-310,0,4.649352358484395
610,-310,0,4.649352358484395
630,-310,0,4.649352358484395
650,-310,0,4.649352358484395
670,-310,0,4.649352358484395
690,-310,0,4.649352358484395
710,-310,0,4.649352358484395
730,-310,0,4.649352358484395
750,-310,0,4.649352358484395
770,-310,0,4.649352358484395
790,-310,0,4.649352358484395
-790,-290,0,4.649352358484395
-770,-290,0,4.649352358484395
-750,-290,0,4.649352358484395
-730,-290,0,4.649352358484395
-710,-290,0,4.649352358484395
-690,-290,0,4.649352358484395
-670,-290,0,4.649352358484395
-650,-290,0,4.649352358484395
-630,-290,0,4.649352358484395
-610,-290,0,4.649352358484395
-590,-290,0,4.649352358484395
-570,-290,0,4.649352358484395
-550,-290,0,4.649352358484395
-530,-290,0,4.649352358484395
-510,-290,0,4.649352358484395
-490,-290,0,4.649352358484395
-470,-290,0,4.649352358484395
-450,-290,0,4.649352358484395
-430,-290,0,4.649352358484395
-410,-290,0,4.649352358484395
-390,-290,0,4.649352358484395
-370,-290,0,4.649352358484395
-350,-290,0,4.649352358484395
-330,-290,0,4.649352358484395
-310,-290,0,4.649352358484395
-290,-290,0,4.649352358484395
-270,-290,0,4.649352358484395
-250,-290,0,4.649352358484395
-230,-290,0,4.649352358484395
-210,-290,0,4.649352358484395
-190,-290,0,4.649352358484395
-170,-290,0,4.649352358484395
-150,-290,0,4.649352358484395
-130,-290,0,4.649352358484395
-110,-290,0,4.649352358484395
-90,-290,0,4.649352358484395
-70,-290,0,4.649352358484395
-50,-290,0,4.649352358484395
-30,-290,0,4.649352358484395
-10,-290,0,4.649352358484395
10,-290,0,4.649352358484395
30,-290,0,4.649352358484395
50,-290,0,4.649352358484395
70,-290,0,4.649352358484395
90,-290,0,4.649352358484395
110,-290,0,4.649352358484395
130,-290,0,4.649352358484395
150,-290,0,4.649352358484395
170,-290,0,4.649352358484395
190,-290,0,4.649352358484395
210,-290,0,4.649352358484395
230,-290,0,4.649352358484395
250,-290,0,4.649352358484395
270,-290,0,4.649352358484395
290,-290,0,4.649352358484395
310,-290,0,4.649352358484395
330,-290,0,4.649352358484395
350,-290,0,4.649352358484395
370,-290,0,4.649352358484395
390,-290,0,4.649352358484395
410,-290,0,4.649352358484395
430,-290,0,4.649352358484395
450,-290,0,4.649352358484395
470,-290,0,4.649352358484395
490,-290,0,4.649352358484395
510,-290,0,4.649352358484395
530,-290,0,4.649352358484395
550,-290,0,4.649352358484395
570,-290,0,4.649352358484395
590,-290,0,4.649352358484395
610,-290,0,4.649352358484395
630,-290,0,4.649352358484395
650,-290,0,4.649352358484395
670,-290,0,4.649352358484395
690,-290,0,4.649352358484395
710,-290,0,4.649352358484395
730,-290,0,4.649352358484395
750,-290,0,4.649352358484395
770,-290,0,4.649352358484395
790,-290,0,4.649352358484395
-790,-270,0,4.649352358484395
-770,-270,0,4.649352358484395
-750,-270,0,4.649352358484395
-730,-270,0,4.649352358484395
-710,-270,0,4.649352358484395
-690,-270,0,4.649352358484395
-670,-270,0,4.649352358484395
-650,-270,0,4.649352358484395
-630,-270,0,4.649352358484395
-610,-270,0,4.649352358484395
-590,-270,0,4.649352358484395
-570,-270,0,4.649352358484395
-550,-270,0,4.649352358484395
-530,-270,0,4.649352358484395
-510,-270,0,4.649352358484395
-490,-270,0,4.649352358484395
-470,-270,0,4.649352358484395
-450,-270,0,4.649352358484395
-430,-270,0,4.649352358484395
-410,-270,0,4.649352358484395
-390,-270,0,4.649352358484395
-370,-270,0,4.649352358484395
-350,-270,0,4.649352358484395
-330,-270,0,4.649352358484395
-310,-270,0,4.649352358484395
-290,-270,0,4.649352358484395
-270,-270,0,4.649352358484395
-250,-270,0,4.649352358484395
-230,-270,0,4.649352358484395
-210,-270,0,4.649352358484395
-190,-270,0,4.649352358484395
-170,-270,0,4.649352358484395
-150,-270,0,4.649352358484395
-130,-270,0,4.649352358484395
-110,-270,0,4.649352358484395
-90,-270,0,4.649352358484395
-70,-270,0,4.649352358484395
-50,-270,0,4.649352358484395
-30,-270,0,4.649352358484395
-10,-270,0,4.649352358484395
10,-270,0,4.649352358484395
30,-270,0,4.649352358484395
50,-270,0,4.649352358484395
70,-270,0,4.649352358484395
90,-270,0,4.649352358484395
110,-270,0,4.649352358484395
130,-270,0,4.649352358484395
150,-270,0,4.649352358484395
170,-270,0,4.649352358484395
190,-270,0,4.649352358484395
210,-270,0,4.649352358484395
230,-270,0,4.649352358484395
250,-270,0,4.649352358484395
270,-270,0,4.649352358484395
290,-270,0,4.649352358484395
310,-270,0,4.649352358484395
330,-270,0,4.649352358484395
350,-270,0,4.649352358484395
370,-270,0,4.649352358484395
390,-270,0,4.649352358484395
410,-270,0,4.649352358484395
430,-270,0,4.649352358484395
450,-270,0,4.649352358484395
470,-270,0,4.649352358484395
490,-270,0,4.649352358484395
510,-270,0,4.649352358484395
530,-270,0,4.649352358484395
550,-270,0,4.649352358484395
570,-270,0,4.649352358484395
590,-270,0,4.649352358484395
610,-270,0,4.649352358484395
630,-270,0,4.649352358484395
650,-270,0,4.649352358484395
670,-270,0,4.649352358484395
690,-270,0,4.649352358484395
710,-270,0,4.649352358484395
730,-270,0,4.649352358484395
750,-270,0,4.649352358484395
770,-270,0,4.649352358484395
790,-270,0,4.649352358484395
-790,-250,0,4.649352358484395
-770,-250,0,4.649352358484395
-750,-250,0,4.649352358484395
-730,-250,0,4.649352358484395
-710,-250,0,4.649352358484395
-690,-250,0,4.649352358484395
-670,-250,0,4.649352358484395
-650,-250,0,4.649352358484395
-630,-250,0,4.649352358484395
-610,-250,0,4.649352358484395
-590,-250,0,4.649352358484395
-570,-250,0,4.649352358484395
-550,-250,0,4.649352358484395
-530,-250,0,4.649352358484395
-510,-250,0,4.649352358484395
-490,-250,0,4.649352358484395
-470,-250,0,4.649352358484395
-450,-250,0,4.649352358484395
-430,-250,0,4.649352358484395
-410,-250,0,4.649352358484395
-390,-250,0,4.649352358484395
-370,-250,0,4.649352358484395
-350,-250,0,4.649352358484395
-330,-250,0,4.649352358484395
-310,-250,0,4.649352358484395
-290,-250,0,4.649352358484395
-270,-250,0,4.649352358484395
-250,-250,0,4.649352358484395
-230,-250,0,4.649352358484395
-210,-250,0,4.649352358484395
-190,-250,0,4.649352358484395
-170,-250,0,4.649352358484395
-150,-250,0,4.649352358484395
-130,-250,0,4.649352358484395
-110,-250,0,4.649352358484395
-90,-250,0,4.649352358484395
-70,-250,0,4.649352358484395
-50,-250,0,4.649352358484395
-30,-250,0,4.649352358484395
-10,-250,0,4.649352358484395
10,-250,0,4.649352358484395
30,-250,0,4.649352358484395
50,-250,0,4.649352358484395
70,-250,0,4.649352358484395
90,-250,0,4.649352358484395
110,-250,0,4.649352358484395
130,-250,0,4.649352358484395
150,-250,0,4.649352358484395
170,-250,0,4.649352358484395
190,-250,0,4.649352358484395
210,-250,0,4.649352358484395
230,-250,0,4.649352358484395
250,-250,0,4.649352358484395
270,-250,0,4.649352358484395
290,-250,0,4.649352358484395
310,-250,0,4.649352358484395
330,-250,0,4.649352358484395
350,-250,0,4.649352358484395
370,-250,0,4.649352358484395
390,-250,0,4.649352358484395
410,-250,0,4.649352358484395
430,-250,0,4.649352358484395
450,-250,0,4.649352358484395
470,-250,0,4.649352358484395
490,-250,0,4.649352358484395
510,-250,0,4.649352358484395
530,-250,0,4.649352358484395
550,-250,0,4.649352358484395
570,-250,0,4.649352358484395
590,-250,0,4.649352358484395
610,-250,0,4.649352358484395
630,-250,0,4.649352358484395
650,-250,0,4.649352358484395
670,-250,0,4.649352358484395
690,-250,0,4.649352358484395
710,-250,0,4.649352358484395
730,-250,0,4.649352358484395
750,-250,0,4.649352358484395
770,-250,0,4.649352358484395
790,-250,0,4.649352358484395
-790,-230,0,4.649352358484395
-770,-230,0,4.649352358484395
-750,-230,0,4.649352358484395
-730,-230,0,4.649352358484395
-710,-230,0,4.649352358484395
-690,-230,0,4.649352358484395
-670,-230,0,4.649352358484395
-650,-230,0,4.649352358484395
-630,-230,0,4.649352358484395
-610,-230,0,4.649352358484395
-590,-230,0,4.649352358484395
-570,-230,0,4.649352358484395
-550,-230,0,4.649352358484395
-530,-230,0,4.649352358484395
-510,-230,0,4.649352358484395
-490,-230,0,4.649352358484395
-470,-230,0,4.649352358484395
-450,-230,0,4.649352358484395
-430,-230,0,4.649352358484395
-410,-230,0,4.649352358484395
-390,-230,0,4.649352358484395
-370,-230,0,4.649352358484395
-350,-230,0,4.649352358484395
-330,-230,0,4.649352358484395
-310,-230,0,4.649352358484395
-290,-230,0,4.649352358484395
-270,-230,0,4.649352358484395
-250,-230,0,4.649352358484395
-230,-230,0,4.649352358484395
-210,-230,0,4.649352358484395
-190,-230,0,4.649352358484395
-170,-230,0,4.649352358484395
-150,-230,0,4.649352358484395
-130,-230,0,4.649352358484395
-110,-230,0,4.649352358484395
-90,-230,0,4.649352358484395
-70,-230,0,4.649352358484395
-50,-230,0,4.649352358484395
-30,-230,0,4.649352358484395
-10,-230,0,4.649352358484395
10,-230,0,4.649352358484395
30,-230,0,4.649352358484395
50,-230,0,4.649352358484395
70,-230,0,4.649352358484395
90,-230,0,4.649352358484395
110,-230,0,4.649352358484395
130,-230,0,4.649352358484395
150,-230,0,4.649352358484395
170,-230,0,4.649352358484395
190,-230,0,4.649352358484395
210,-230,0,4.649352358484395
230,-230,0,4.649352358484395
250,-230,0,4.649352358484395
270,-230,0,4.649352358484395
290,-230,0,4.649352358484395
310,-230,0,4.649352358484395
330,-230,0,4.649352358484395
350,-230,0,4.649352358484395
370,-230,0,4.649352358484395
390,-230,0,4.649352358484395
410,-230,0,4.649352358484395
430,-230,0,4.649352358484395
450,-230,0,4.649352358484395
470,-230,0,4.649352358484395
490,-230,0,4.649352358484395
510,-230,0,4.649352358484395
530,-230,0,4.649352358484395
550,-230,0,4.649352358484395
570,-230,0,4.649352358484395
590,-230,0,4.649352358484395
610,-230,0,4.649352358484395
630,-230,0,4.649352358484395
650,-230,0,4.649352358484395
670,-230,0,4.649352358484395
690,-230,0,4.649352358484395
710,-230,0,4.649352358484395
730,-230,0,4.649352358484395
750,-230,0,4.649352358484395
770,-230,0,4.649352358484395
790,-230,0,4.649352358484395
-790,-210,0,4.649352358484395
-770,-210,0,4.649352358484395
-750,-210,0,4.649352358484395
-730,-210,0,4.649352358484395
-710,-210,0,4.649352358484395
-690,-210,0,4.649352358484395
-670,-210,0,4.649352358484395
-650,-210,0,4.649352358484395
-630,-210,0,4.649352358484395
-610,-210,0,4.649352358484395
-590,-210,0,4.649352358484395
-570,-210,0,4.649352358484395
-550,-210,0,4.649352358484395
-530,-210,0,4.649352358484395
-510,-210,0,4.649352358484395
-490,-210,0,4.649352358484395
-470,-210,0,4.649352358484395
-450,-210,0,4.649352358484395
-430,-210,0,4.649352358484395
-410,-210,0,4.649352358484395
-390,-210,0,4.649352358484395
-370,-210,0,4.649352358484395
-350,-210,0,4.649352358484395
-330,-210,0,4.649352358484395
-310,-210,0,4.649352358484395
-290,-210,0,4.649352358484395
-270,-210,0,4.649352358484395
-250,-210,0,4.649352358484395
-230,-210,0,4.649352358484395
-210,-210,0,4.649352358484395
-190,-210,0,4.649352358484395
-170,-210,0,4.649352358484395
-150,-210,0,4.649352358484395
-130,-210,0,4.649352358484395
-110,-210,0,4.649352358484395
-90,-210,0,4.649352358484395
-70,-210,0,4.649352358484395
-50,-210,0,4.649352358484395
-30,-210,0,4.649352358484395
-10,-210,0,4.649352358484395
10,-210,0,4.649352358484395
30,-210,0,4.649352358484395
50,-210,0,4.649352358484395
70,-210,0,4.649352358484395
90,-210,0,4.649352358484395
110,-210,0,4.649352358484395
130,-210,0,4.649352358484395
150,-210,0,4.649352358484395
170,-210,0,4.649352358484395
190,-210,0,4.649352358484395
210,-210,0,4.649352358484395
230,-210,0,4.649352358484395
250,-210,0,4.649352358484395
270,-210,0,4.649352358484395
290,-210,0,4.649352358484395
310,-210,0,4.649352358484395
330,-210,0,4.649352358484395
350,-210,0,4.649352358484395
370,-210,0,4.649352358484395
390,-210,0,4.649352358484395
410,-210,0,4.649352358484395
430,-210,0,4.649352358484395
450,-210,0,4.649352358484395
470,-210,0,4.649352358484395
490,-210,0,4.649352358484395
510,-210,0,4.649352358484395
530,-210,0,4.649352358484395
550,-210,0,4.649352358484395
570,-210,0,4.649352358484395
590,-210,0,4.649352358484395
610,-210,0,4.649352358484395
630,-210,0,4.649352358484395
650,-210,0,4.649352358484395
670,-210,0,4.649352358484395
690,-210,0,4.649352358484395
710,-210,0,4.649352358484395
730,-210,0,4.649352358484395
750,-210,0,4.649352358484395
770,-210,0,4.649352358484395
790,-210,0,4.649352358484395
-790,-190,0,4.649352358484395
-770,-190,0,4.649352358484395
-750,-190,0,4.649352358484395
-730,-190,0,4.649352358484395
-710,-190,0,4.649352358484395
-690,-190,0,4.649352358484395
-670,-190,0,4.649352358484395
-650,-190,0,4.649352358484395
-630,-190,0,4.649352358484395
-610,-190,0,4.649352358484395
-590,-190,0,4.649352358484395
-570,-190,0,4.649352358484395
-550,-190,0,4.649352358484395
-530,-190,0,4.649352358484395
-510,-190,0,4.649352358484395
-490,-190,0,4.649352358484395
-470,-190,0,4.649352358484395
-450,-190,0,4.649352358484395
-430,-190,0,4.649352358484395
-410,-190,0,4.649352358484395
-390,-190,0,4.649352358484395
-370,-190,0,4.649352358484395
-350,-190,0,4.649352358484395
-330,-190,0,4.649352358484395
-310,-190,0,4.649352358484395
-290,-190,0,4.649352358484395
-270,-190,0,4.649352358484395
-250,-190,0,4.649352358484395
-230,-190,0,4.649352358484395
-210,-190,0,4.649352358484395
-190,-190,0,4.649352358484395
-170,-190,0,4.649352358484395
-150,-190,0,4.649352358484395
-130,-190,0,4.649352358484395
-110,-190,0,4.649352358484395
-90,-190,0,4.649352358484395
-70,-190,0,4.649352358484395
-50,-190,0,4.649352358484395
-30,-190,0,4.649352358484395
-10,-190,0,4.649352358484395
10,-190,0,4.649352358484395
30,-190,0,4.649352358484395
50,-190,0,4.649352358484395
70,-190,0,4.649352358484395
90,-190,0,4.649352358484395
110,-190,0,4.649352358484395
130,-190,0,4.649352358484395
150,-190,0,4.649352358484395
170,-190,0,4.649352358484395
190,-190,0,4.649352358484395
210,-190,0,4.649352358484395
230,-190,0,4.649352358484395
250,-190,0,4.649352358484395
270,-190,0,4.649352358484395
290,-190,0,4.649352358484395
310,-190,0,4.649352358484395
330,-190,0,4.649352358484395
350,-190,0,4.649352358484395
370,-190,0,4.649352358484395
390,-190,0,4.649352358484395
410,-190,0,4.649352358484395
430,-190,0,4.649352358484395
450,-190,0,4.649352358484395
470,-190,0,4.649352358484395
490,-190,0,4.649352358484395
510,-190,0,4.649352358484395
530,-190,0,4.649352358484395
550,-190,0,4.649352358484395
570,-190,0,4.649352358484395
590,-190,0,4.649352358484395
610,-190,0,4.649352358484395
630,-190,0,4.649352358484395
650,-190,0,4.649352358484395
670,-190,0,4.649352358484395
690,-190,0,4.649352358484395
710,-190,0,4.649352358484395
730,-190,0,4.649352358484395
750,-190,0,4.649352358484395
770,-190,0,4.649352358484395
790,-190,0,4.649352358484395
-790,-170,0,4.649352358484395
-770,-170,0,4.649352358484395
-750,-170,0,4.649352358484395
-730,-170,0,4.649352358484395
-710,-170,0,4.649352358484395
-690,-170,0,4.649352358484395
-670,-170,0,4.649352358484395
-650,-170,0,4.649352358484395
-630,-170,0,4.649352358484395
-610,-170,0,4.649352358484395
-590,-170,0,4.649352358484395
-570,-170,0,4.649352358484395
-550,-170,0,4.649352358484395
-530,-170,0,4.649352358484395
-510,-170,0,4.649352358484395
-490,-170,0,4.649352358484395
-470,-170,0,4.649352358484395
-450,-170,0,4.649352358484395
-430,-170,0,4.649352358484395
-410,-170,0,4.649352358484395
-390,-170,0,4.649352358484395
-370,-170,0,4.649352358484395
-350,-170,0,4.649352358484395
-330,-170,0,4.649352358484395
-310,-170,0,4.649352358484395
-290,-170,0,4.649352358484395
-270,-170,0,4.649352358484395
-250,-170,0,4.649352358484395
-230,-170,0,4.649352358484395
-210,-170,0,4.649352358484395
-190,-170,0,4.649352358484395
-170,-170,0,4.649352358484395
-150,-170,0,4.649352358484395
-130,-170,0,4.649352358484395
-110,-170,0,4.649352358484395
-90,-170,0,4.649352358484395
-70,-170,0,4.649352358484395
-50,-170,0,4.649352358484395
-30,-170,0,4.649352358484395
-10,-170,0,4.649352358484395
10,-170,0,4.649352358484395
30,-170,0,4.649352358484395
50,-170,0,4.649352358484395
70,-170,0,4.649352358484395
90,-170,0,4.649352358484395
110,-170,0,4.649352358484395
130,-170,0,4.649352358484395
150,-170,0,4.649352358484395
170,-170,0,4.649352358484395
190,-170,0,4.649352358484395
210,-170,0,4.649352358484395
230,-170,0,4.649352358484395
250,-170,0,4.649352358484395
270,-170,0,4.649352358484395
290,-170,0,4.649352358484395
310,-170,0,4.649352358484395
330,-170,0,4.649352358484395
350,-170,0,4.649352358484395
370,-170,0,4.649352358484395
390,-170,0,4.649352358484395
410,-170,0,4.649352358484395
430,-170,0,4.649352358484395
450,-170,0,4.649352358484395
470,-170,0,4.649352358484395
490,-170,0,4.649352358484395
510,-170,0,4.649352358484395
530,-170,0,4.649352358484395
550,-170,0,4.649352358484395
570,-170,0,4.649352358484395
590,-170,0,4.649352358484395
610,-170,0,4.649352358484395
630,-170,0,4.649352358484395
650,-170,0,4.649352358484395
670,-170,0,4.649352358484395
690,-170,0,4.649352358484395
710,-170,0,4.649352358484395
730,-170,0,4.649352358484395
750,-170,0,4.649352358484395
770,-170,0,4.649352358484395
790,-170,0,4.649352358484395
-790,-150,0,4.649352358484395
-770,-150,0,4.649352358484395
-750,-150,0,4.649352358484395
-730,-150,0,4.649352358484395
-710,-150,0,4.649352358484395
-690,-150,0,4.649352358484395
-670,-150,0,4.649352358484395
-650,-150,0,4.649352358484395
-630,-150,0,4.649352358484395
-610,-150,0,4.649352358484395
-590,-150,0,4.649352358484395
-570,-150,0,4.649352358484395
-550,-150,0,4.649352358484395
-530,-150,0,4.649352358484395
-510,-150,0,4.649352358484395
-490,-150,0,4.649352358484395
-470,-150,0,4.649352358484395
-450,-150,0,4.649352358484395
-430,-150,0,4.649352358484395
-410,-150,0,4.649352358484395
-390,-150,0,4.649352358484395
-370,-150,0,4.649352358484395
-350,-150,0,4.649352358484395
-330,-150,0,4.649352358484395
-310,-150,0,4.649352358484395
-290,-150,0,4.649352358484395
-270,-150,0,4.649352358484395
-250,-150,0,4.649352358484395
-230,-150,0,4.649352358484395
-210,-150,0,4.649352358484395
-190,-150,0,4.649352358484395
-170,-150,0,4.649352358484395
-150,-150,0,4.649352358484395
-130,-150,0,4.649352358484395
-110,-150,0,4.649352358484395
-90,-150,0,4.649352358484395
-70,-150,0,4.649352358484395
-50,-150,0,4.649352358484395
-30,-150,0,4.649352358484395
-10,-150,0,4.649352358484395
10,-150,0,4.649352358484395
30,-150,0,4.649352358484395
50,-150,0,4.649352358484395
70,-150,0,4.649352358484395
90,-150,0,4.649352358484395
110,-150,0,4.649352358484395
130,-150,0,4.649352358484395
150,-150,0,4.649352358484395
170,-150,0,4.649352358484395
190,-150,0,4.649352358484395
210,-150,0,4.649352358484395
230,-150,0,4.649352358484395
250,-150,0,4.649352358484395
270,-150,0,4.649352358484395
290,-150,0,4.649352358484395
310,-150,0,4.649352358484395
330,-150,0,4.649352358484395
350,-150,0,4.649352358484395
370,-150,0,4.649352358484395
390,-150,0,4.649352358484395
410,-150,0,4.649352358484395
430,-150,0,4.649352358484395
450,-150,0,4.649352358484395
470,-150,0,4.649352358484395
490,-150,0,4.649352358484395
510,-150,0,4.649352358484395
530,-150,0,4.649352358484395
550,-150,0,4.649352358484395
570,-150,0,4.649352358484395
590,-150,0,4.649352358484395
610,-150,0,4.649352358484395
630,-150,0,4.649352358484395
650,-150,0,4.649352358484395
670,-150,0,4.649352358484395
690,-150,0,4.649352358484395
710,-150,0,4.649352358484395
730,-150,0,4.649352358484395
750,-150,0,4.649352358484395
770,-150,0,4.649352358484395
790,-150,0,4.649352358484395
-790,-130,0,4.649352358484395
-770,-130,0,4.649352358484395
-750,-130,0,4.649352358484395
-730,-130,0,4.649352358484395
-710,-130,0,4.649352358484395
-690,-130,0,4.649352358484395
-670,-130,0,4.649352358484395
-650,-130,0,4.649352358484395
-630,-130,0,4.649352358484395
-610,-130,0,4.649352358484395
-590,-130,0,4.649352358484395
-570,-130,0,4.649352358484395
-550,-130,0,4.649352358484395
-530,-130,0,4.649352358484395
-510,-130,0,4.649352358484395
-490,-130,0,4.649352358484395
-470,-130,0,4.649352358484395
-450,-130,0,4.649352358484395
-430,-130,0,4.649352358484395
-410,-130,0,4.649352358484395
-390,-130,0,4.649352358484395
-370,-130,0,4.649352358484395
-350,-130,0,4.649352358484395
-330,-130,0,4.649352358484395
-310,-130,0,4.649352358484395
-290,-130,0,4.649352358484395
-270,-130,0,4.649352358484395
-250,-130,0,4.649352358484395
-230,-130,0,4.649352358484395
-210,-130,0,4.649352358484395
-190,-130,0,4.649352358484395
-170,-130,0,4.649352358484395
-150,-130,0,4.649352358484395
-130,-130,0,4.649352358484395
-110,-130,0,4.649352358484395
-90,-130,0,4.649352358484395
-70,-130,0,4.649352358484395
-50,-130,0,4.649352358484395
-30,-130,0,4.649352358484395
-10,-130,0,4.649352358484395
10,-130,0,4.649352358484395
30,-130,0,4.649352358484395
50,-130,0,4.649352358484395
70,-130,0,4.649352358484395
90,-130,0,4.649352358484395
110,-130,0,4.649352358484395
130,-130,0,4.649352358484395
150,-130,0,4.649352358484395
170,-130,0,4.649352358484395
190,-130,0,4.649352358484395
210,-130,0,4.649352358484395
230,-130,0,4.649352358484395
250,-130,0,4.649352358484395
270,-130,0,4.649352358484395
290,-130,0,4.649352358484395
310,-130,0,4.649352358484395
330,-130,0,4.649352358484395
350,-130,0,4.649352358484395
370,-130,0,4.649352358484395
390,-130,0,4.649352358484395
410,-130,0,4.649352358484395
430,-130,0,4.649352358484395
450,-130,0,4.649352358484395
470,-130,0,4.649352358484395
490,-130,0,4.649352358484395
510,-130,0,4.649352358484395
530,-130,0,4.649352358484395
550,-130,0,4.649352358484395
570,-130,0,4.649352358484395
590,-130,0,4.649352358484395
610,-130,0,4.649352358484395
630,-130,0,4.649352358484395
650,-130,0,4.649352358484395
670,-130,0,4.649352358484395
690,-130,0,4.649352358484395
710,-130,0,4.649352358484395
730,-130,0,4.649352358484395
750,-130,0,4.649352358484395
770,-130,0,4.649352358484395
790,-130,0,4.649352358484395
-790,-110,0,4.649352358484395
-770,-110,0,4.649352358484395
-750,-110,0,4.649352358484395
-730,-110,0,4.649352358484395
-710,-110,0,4.649352358484395
-690,-110,0,4.649352358484395
-670,-110,0,4.649352358484395
-650,-110,0,4.649352358484395
-630,-110,0,4.649352358484395
-610,-110,0,4.649352358484395
-590,-110,0,4.649352358484395
-570,-110,0,4.649352358484395
-550,-110,0,4.649352358484395
-530,-110,0,4.649352358484395
-510,-110,0,4.649352358484395
-490,-110,0,4.649352358484395
-470,-110,0,4.649352358484395
-450,-110,0,4.649352358484395
-430,-110,0,4.649352358484395
-410,-110,0,4.649352358484395
-390,-110,0,4.649352358484395
-370,-110,0,4.649352358484395
-350,-110,0,4.649352358484395
-330,-110,0,4.649352358484395
-310,-110,0,4.649352358484395
-290,-110,0,4.649352358484395
-270,-110,0,4.649352358484395
-250,-110,0,4.649352358484395
-230,-110,0,4.649352358484395
-210,-110,0,4.649352358484395
-190,-110,0,4.649352358484395
-170,-110,0,4.649352358484395
-150,-110,0,4.649352358484395
-130,-110,0,4.649352358484395
-110,-110,0,4.649352358484395
-90,-110,0,4.649352358484395
-70,-110,0,4.649352358484395
-50,-110,0,4.649352358484395
-30,-110,0,4.649352358484395
-10,-110,0,4.649352358484395
10,-110,0,4.649352358484395
30,-110,0,4.649352358484395
50,-110,0,4.649352358484395
70,-110,0,4.649352358484395
90,-110,0,4.649352358484395
110,-110,0,4.649352358484395
130,-110,0,4.649352358484395
150,-110,0,4.649352358484395
170,-110,0,4.649352358484395
190,-110,0,4.649352358484395
210,-110,0,4.649352358484395
230,-110,0,4.649352358484395
250,-110,0,4.649352358484395
270,-110,0,4.649352358484395
290,-110,0,4.649352358484395
310,-110,0,4.649352358484395
330,-110,0,4.649352358484395
350,-110,0,4.649352358484395
370,-110,0,4.649352358484395
390,-110,0,4.649352358484395
410,-110,0,4.649352358484395
430,-110,0,4.649352358484395
450,-110,0,4.649352358484395
470,-110,0,4.649352358484395
490,-110,0,4.649352358484395
510,-110,0,4.649352358484395
530,-110,0,4.649352358484395
550,-110,0,4.649352358484395
570,-110,0,4.649352358484395
590,-110,0,4.649352358484395
610,-110,0,4.649352358484395
630,-110,0,4.649352358484395
650,-110,0,4.649352358484395
670,-110,0,4.649352358484395
690,-110,0,4.649352358484395
710,-110,0,4.649352358484395
730,-110,0,4.649352358484395
750,-110,0,4.649352358484395
770,-110,0,4.649352358484395
790,-110,0,4.649352358484395
-790,-90,0,4.649352358484395
-770,-90,0,4.649352358484395
-750,-90,0,4.649352358484395
-730,-90,0,4.649352358484395
-710,-90,0,4.649352358484395
-690,-90,0,4.649352358484395
-670,-90,0,4.649352358484395
-650,-90,0,4.649352358484395
-630,-90,0,4.649352358484395
-610,-90,0,4.649352358484395
-590,-90,0,4.649352358484395
-570,-90,0,4.649352358484395
-550,-90,0,4.649352358484395
-530,-90,0,4.649352358484395
-510,-90,0,4.649352358484395
-490,-90,0,4.649352358484395
-470,-90,0,4.649352358484395
-450,-90,0,4.649352358484395
-430,-90,0,4.649352358484395
-410,-90,0,4.649352358484395
-390,-90,0,4.649352358484395
-370,-90,0,4.649352358484395
-350,-90,0,4.649352358484395
-330,-90,0,4.649352358484395
-310,-90,0,4.649352358484395
-290,-90,0,4.649352358484395
-270,-90,0,4.649352358484395
-250,-90,0,4.649352358484395
-230,-90,0,4.649352358484395
-210,-90,0,4.649352358484395
-190,-90,0,4.649352358484395
-170,-90,0,4.649352358484395
-150,-90,0,4.649352358484395
-130,-90,0,4.649352358484395
-110,-90,0,4.649352358484395
-90,-90,0,4.649352358484395
-70,-90,0,4.649352358484395
-50,-90,0,4.649352358484395
-30,-90,0,4.649352358484395
-10,-90,0,4.649352358484395
10,-90,0,4.649352358484395
30,-90,0,4.649352358484395
50,-90,0,4.649352358484395
70,-90,0,4.649352358484395
90,-90,0,4.649352358484395
110,-90,0,4.649352358484395
130,-90,0,4.649352358484395
150,-90,0,4.649352358484395
170,-90,0,4.649352358484395
190,-90,0,4.649352358484395
210,-90,0,4.649352358484395
230,-90,0,4.649352358484395
250,-90,0,4.649352358484395
270,-90,0,4.649352358484395
290,-90,0,4.649352358484395
310,-90,0,4.649352358484395
330,-90,0,4.649352358484395
350,-90,0,4.649352358484395
370,-90,0,4.649352358484395
390,-90,0,4.649352358484395
410,-90,0,4.649352358484395
430,-90,0,4.649352358484395
450,-90,0,4.649352358484395
470,-90,0,4.649352358484395
490,-90,0,4.649352358484395
510,-90,0,4.649352358484395
530,-90,0,4.649352358484395
550,-90,0,4.649352358484395
570,-90,0,4.649352358484395
590,-90,0,4.649352358484395
610,-90,0,4.649352358484395
630,-90,0,4.649352358484395
650,-90,0,4.649352358484395
670,-90,0,4.649352358484395
690,-90,0,4.649352358484395
710,-90,0,4.649352358484395
730,-90,0,4.649352358484395
750,-90,0,4.649352358484395
770,-90,0,4.649352358484395
790,-90,0,4.649352358484395
-790,-70,0,4.649352358484395
-770,-70,0,4.649352358484395
-750,-70,0,4.649352358484395
-730,-70,0,4.649352358484395
-710,-70,0,4.649352358484395
-690,-70,0,4.649352358484395
-670,-70,0,4.649352358484395
-650,-70,0,4.649352358484395
-630,-70,0,4.649352358484395
-610,-70,0,4.649352358484395
-590,-70,0,4.649352358484395
-570,-70,0,4.649352358484395
-550,-70,0,4.649352358484395
-530,-70,0,4.649352358484395
-510,-70,0,4.649352358484395
-490,-70,0,4.649352358484395
-470,-70,0,4.649352358484395
-450,-70,0,4.649352358484395
-430,-70,0,4.649352358484395
-410,-70,0,4.649352358484395
-390,-70,0,4.649352358484395
-370,-70,0,4.649352358484395
-350,-70,0,4.649352358484395
-330,-70,0,4.649352358484395
-310,-70,0,4.649352358484395
-290,-70,0,4.649352358484395
-270,-70,0,4.649352358484395
-250,-70,0,4.649352358484395
-230,-70,0,4.649352358484395
-210,-70,0,4.649352358484395
-190,-70,0,4.649352358484395
-170,-70,0,4.649352358484395
-150,-70,0,4.649352358484395
-130,-70,0,4.649352358484395
-110,-70,0,4.649352358484395
-90,-70,0,4.649352358484395
-70,-70,0,4.649352358484395
-50,-70,0,4.649352358484395
-30,-70,0,4.649352358484395
-10,-70,0,4.649352358484395
10,-70,0,4.649352358484395
30,-70,0,4.649352358484395
50,-70,0,4.649352358484395
70,-70,0,4.649352358484395
90,-70,0,4.649352358484395
110,-70,0,4.649352358484395
130,-70,0,4.649352358484395
150,-70,0,4.649352358484395
170,-70,0,4.649352358484395
190,-70,0,4.649352358484395
210,-70,0,4.649352358484395
230,-70,0,4.649352358484395
250,-70,0,4.649352358484395
270,-70,0,4.649352358484395
290,-70,0,4.649352358484395
310,-70,0,4.649352358484395
330,-70,0,4.649352358484395
350,-70,0,4.649352358484395
370,-70,0,4.649352358484395
390,-70,0,4.649352358484395
410,-70,0,4.649352358484395
430,-70,0,4.649352358484395
450,-70,0,4.649352358484395
470,-70,0,4.649352358484395
490,-70,0,4.649352358484395
510,-70,0,4.649352358484395
530,-70,0,4.649352358484395
550,-70,0,4.649352358484395
570,-70,0,4.649352358484395
590,-70,0,4.649352358484395
610,-70,0,4.649352358484395
630,-70,0,4.649352358484395
650,-70,0,4.649352358484395
670,-70,0,4.649352358484395
690,-70,0,4.649352358484395
710,-70,0,4.649352358484395
730,-70,0,4.649352358484395
750,-70,0,4.649352358484395
770,-70,0,4.649352358484395
790,-70,0,4.649352358484395
-790,-50,0,4.649352358484395
-770,-50,0,4.649352358484395
-750,-50,0,4.649352358484395
-730,-50,0,4.649352358484395
-710,-50,0,4.649352358484395
-690,-50,0,4.649352358484395
-670,-50,0,4.649352358484395
-650,-50,0,4.649352358484395
-630,-50,0,4.649352358484395
-610,-50,0,4.649352358484395
-590,-50,0,4.649352358484395
-570,-50,0,4.649352358484395
-550,-50,0,4.649352358484395
-530,-50,0,4.649352358484395
-510,-50,0,4.649352358484395
-490,-50,0,4.649352358484395
-470,-50,0,4.649352358484395
-450,-50,0,4.649352358484395
-430,-50,0,4.649352358484395
-410,-50,0,4.649352358484395
-390,-50,0,4.649352358484395
-370,-50,0,4.649352358484395
-350,-50,0,4.649352358484395
-330,-50,0,4.649352358484395
-310,-50,0,4.649352358484395
-290,-50,0,4.649352358484395
-270,-50,0,4.649352358484395
-250,-50,0,4.649352358484395
-230,-50,0,4.649352358484395
-210,-50,0,4.649352358484395
-190,-50,0,4.649352358484395
-170,-50,0,4.649352358484395
-150,-50,0,4.649352358484395
-130,-50,0,4.649352358484395
-110,-50,0,4.649352358484395
-90,-50,0,4.649352358484395
-70,-50,0,4.649352358484395
-50,-50,0,4.649352358484395
-30,-50,0,4.649352358484395
-10,-50,0,4.649352358484395
10,-50,0,4.649352358484395
30,-50,0,4.649352358484395
50,-50,0,4.649352358484395
70,-50,0,4.649352358484395
90,-50,0,4.649352358484395
110,-50,0,4.649352358484395
130,-50,0,4.649352358484395
150,-50,0,4.649352358484395
170,-50,0,4.649352358484395
190,-50,0,4.649352358484395
210,-50,0,4.649352358484395
230,-50,0,4.649352358484395
250,-50,0,4.649352358484395
270,-50,0,4.649352358484395
290,-50,0,4.649352358484395
310,-50,0,4.649352358484395
330,-50,0,4.649352358484395
350,-50,0,4.649352358484395
370,-50,0,4.649352358484395
390,-50,0,4.649352358484395
410,-50,0,4.649352358484395
430,-50,0,4.649352358484395
450,-50,0,4.649352358484395
470,-50,0,4.649352358484395
490,-50,0,4.649352358484395
510,-50,0,4.649352358484395
530,-50,0,4.649352358484395
550,-50,0,4.649352358484395
570,-50,0,4.649352358484395
590,-50,0,4.649352358484395
610,-50,0,4.649352358484395
630,-50,0,4.649352358484395
650,-50,0,4.649352358484395
670,-50,0,4.649352358484395
690,-50,0,4.649352358484395
710,-50,0,4.649352358484395
730,-50,0,4.649352358484395
750,-50,0,4.649352358484395
770,-50,0,4.649352358484395
790,-50,0,4.649352358484395
-790,-30,0,4.649352358484395
-770,-30,0,4.649352358484395
-750,-30,0,4.649352358484395
-730,-30,0,4.649352358484395
-710,-30,0,4.649352358484395
-690,-30,0,4.649352358484395
-670,-30,0,4.649352358484395
-650,-30,0,4.649352358484395
-630,-30,0,4.649352358484395
-610,-30,0,4.649352358484395
-590,-30,0,4.649352358484395
-570,-30,0,4.649352358484395
-550,-30,0,4.649352358484395
-530,-30,0,4.649352358484395
-510,-30,0,4.649352358484395
-490,-30,0,4.649352358484395
-470,-30,0,4.649352358484395
-450,-30,0,4.649352358484395
-430,-30,0,4.649352358484395
-410,-30,0,4.649352358484395
-390,-30,0,4.649352358484395
-370,-30,0,4.649352358484395
-350,-30,0,4.649352358484395
-330,-30,0,4.649352358484395
-310,-30,0,4.649352358484395
-290,-30,0,4.649352358484395
-270,-30,0,4.649352358484395
-250,-30,0,4.649352358484395
-230,-30,0,4.649352358484395
-210,-30,0,4.649352358484395
-190,-30,0,4.649352358484395
-170,-30,0,4.649352358484395
-150,-30,0,4.649352358484395
-130,-30,0,4.649352358484395
-110,-30,0,4.649352358484395
-90,-30,0,4.649352358484395
-70,-30,0,4.649352358484395
-50,-30,0,4.649352358484395
-30,-30,0,4.649352358484395
-10,-30,0,4.649352358484395
10,-30,0,4.649352358484395
30,-30,0,4.649352358484395
50,-30,0,4.649352358484395
70,-30,0,4.649352358484395
90,-30,0,4.649352358484395
110,-30,0,4.649352358484395
130,-30,0,4.649352358484395
150,-30,0,4.649352358484395
170,-30,0,4.649352358484395
190,-30,0,4.649352358484395
210,-30,0,4.649352358484395
230,-30,0,4.649352358484395
250,-30,0,4.649352358484395
270,-30,0,4.649352358484395
290,-30,0,4.649352358484395
310,-30,0,4.649352358484395
330,-30,0,4.649352358484395
350,-30,0,4.649352358484395
370,-30,0,4.649352358484395
390,-30,0,4.649352358484395
410,-30,0,4.649352358484395
430,-30,0,4.649352358484395
450,-30,0,4.649352358484395
470,-30,0,4.649352358484395
490,-30,0,4.649352358484395
510,-30,0,4.649352358484395
530,-30,0,4.649352358484395
550,-30,0,4.649352358484395
570,-30,0,4.649352358484395
590,-30,0,4.649352358484395
610,-30,0,4.649352358484395
630,-30,0,4.649352358484395
650,-30,0,4.649352358484395
670,-30,0,4.649352358484395
690,-30,0,4.649352358484395
710,-30,0,4.649352358484395
730,-30,0,4.649352358484395
750,-30,0,4.649352358484395
770,-30,0,4.649352358484395
790,-30,0,4.649352358484395
-790,-10,0,4.649352358484395
-770,-10,0,4.649352358484395
-750,-10,0,4.649352358484395
-730,-10,0,4.649352358484395
-710,-10,0,4.649352358484395
-690,-10,0,4.649352358484395
-670,-10,0,4.649352358484395
-650,-10,0,4.649352358484395
-630,-10,0,4.649352358484395
-610,-10,0,4.649352358484395
-590,-10,0,4.649352358484395
-570,-10,0,4.649352358484395
-550,-10,0,4.649352358484395
-530,-10,0,4.649352358484395
-510,-10,0,4.649352358484395
-490,-10,0,4.649352358484395
-470,-10,0,4.649352358484395
-450,-10,0,4.649352358484395
-430,-10,0,4.649352358484395
-410,-10,0,4.649352358484395
-390,-10,0,4.649352358484395
-370,-10,0,4.649352358484395
-350,-10,0,4.649352358484395
-330,-10,0,4.649352358484395
-310,-10,0,4.649352358484395
-290,-10,0,4.649352358484395
-270,-10,0,4.649352358484395
-250,-10,0,4.649352358484395
-230,-10,0,4.649352358484395
-210,-10,0,4.649352358484395
-190,-10,0,4.649352358484395
-170,-10,0,4.649352358484395
-150,-10,0,4.649352358484395
-130,-10,0,4.649352358484395
-110,-10,0,4.649352358484395
-90,-10,0,4.649352358484395
-70,-10,0,4.649352358484395
-50,-10,0,4.649352358484395
-30,-10,0,4.649352358484395
-10,-10,0,4.649352358484395
10,-10,0,4.649352358484395
30,-10,0,4.649352358484395
50,-10,0,4.649352358484395
70,-10,0,4.649352358484395
90,-10,0,4.649352358484395
110,-10,0,4.649352358484395
130,-10,0,4.649352358484395
150,-10,0,4.649352358484395
170,-10,0,4.649352358484395
190,-10,0,4.649352358484395
210,-10,0,4.649352358484395
230,-10,0,4.649352358484395
250,-10,0,4.649352358484395
270,-10,0,4.649352358484395
290,-10,0,4.649352358484395
310,-10,0,4.649352358484395
330,-10,0,4.649352358484395
350,-10,0,4.649352358484395
370,-10,0,4.649352358484395
390,-10,0,4.649352358484395
410,-10,0,4.649352358484395
430,-10,0,4.649352358484395
450,-10,0,4.649352358484395
470,-10,0,4.649352358484395
490,-10,0,4.649352358484395
510,-10,0,4.649352358484395
530,-10,0,4.649352358484395
550,-10,0,4.649352358484395
570,-10,0,4.649352358484395
590,-10,0,4.649352358484395
610,-10,0,4.649352358484395
630,-10,0,4.649352358484395
650,-10,0,4.649352358484395
670,-10,0,4.649352358484395
690,-10,0,4.649352358484395
710,-10,0,4.649352358484395
730,-10,0,4.649352358484395
750,-10,0,4.649352358484395
770,-10,0,4.649352358484395
790,-10,0,4.649352358484395
-790,10,0,4.649352358484395
-770,10,0,4.649352358484395
-750,10,0,4.649352358484395
-730,10,0,4.649352358484395
-710,10,0,4.649352358484395
-690,10,0,4.649352358484395
-670,10,0,4.649352358484395
-650,10,0,4.649352358484395
-630,10,0,4.649352358484395
-610,10,0,4.649352358484395
-590,10,0,4.649352358484395
-570,10,0,4.649352358484395
-550,10,0,4.649352358484395
-530,10,0,4.649352358484395
-510,10,0,4.649352358484395
-490,10,0,4.649352358484395
-470,10,0,4.649352358484395
-450,10,0,4.649352358484395
-430,10,0,4.649352358484395
-410,10,0,4.649352358484395
-390,10,0,4.649352358484395
-370,10,0,4.649352358484395
-350,10,0,4.649352358484395
-330,10,0,4.649352358484395
-310,10,0,4.649352358484395
-290,10,0,4.649352358484395
-270,10,0,4.649352358484395
-250,10,0,4.649352358484395
-230,10,0,4.649352358484395
-210,10,0,4.649352358484395
-190,10,0,4.649352358484395
-170,10,0,4.649352358484395
-150,10,0,4.649352358484395
-130,10,0,4.649352358484395
-110,10,0,4.649352358484395
-90,10,0,4.649352358484395
-70,10,0,4.649352358484395
-50,10,0,4.649352358484395
-30,10,0,4.649352358484395
-10,10,0,4.649352358484395
10,10,0,4.649352358484395
30,10,0,4.649352358484395
50,10,0,4.649352358484395
70,10,0,4.649352358484395
90,10,0,4.649352358484395
110,10,0,4.649352358484395
130,10,0,4.649352358484395
150,10,0,4.649352358484395
170,10,0,4.649352358484395
190,10,0,4.649352358484395
210,10,0,4.649352358484395
230,10,0,4.649352358484395
250,10,0,4.649352358484395
270,10,0,4.649352358484395
290,10,0,4.649352358484395
310,10,0,4.649352358484395
330,10,0,4.649352358484395
350,10,0,4.649352358484395
370,10,0,4.649352358484395
390,10,0,4.649352358484395
410,10,0,4.649352358484395
430,10,0,4.649352358484395
450,10,0,4.649352358484395
470,10,0,4.649352358484395
490,10,0,4.649352358484395
510,10,0,4.649352358484395
530,10,0,4.649352358484395
550,10,0,4.649352358484395
570,10,0,4.649352358484395
590,10,0,4.649352358484395
610,10,0,4.649352358484395
630,10,0,4.649352358484395
650,10,0,4.649352358484395
670,10,0,4.649352358484395
690,10,0,4.649352358484395
710,10,0,4.649352358484395
730,10,0,4.649352358484395
750,10,0,4.649352358484395
770,10,0,4.649352358484395
790,10,0,4.649352358484395
-790,30,0,4.649352358484395
-770,30,0,4.649352358484395
-750,30,0,4.649352358484395
-730,30,0,4.649352358484395
-710,30,0,4.649352358484395
-690,30,0,4.649352358484395
-670,30,0,4.649352358484395
-650,30,0,4.649352358484395
-630,30,0,4.649352358484395
-610,30,0,4.649352358484395
-590,30,0,4.649352358484395
-570,30,0,4.649352358484395
-550,30,0,4.649352358484395
-530,30,0,4.649352358484395
-510,30,0,4.649352358484395
-490,30,0,4.649352358484395
-470,30,0,4.649352358484395
-450,30,0,4.649352358484395
-430,30,0,4.649352358484395
-410,30,0,4.649352358484395
-390,30,0,4.649352358484395
-370,30,0,4.649352358484395
-350,30,0,4.649352358484395
-330,30,0,4.649352358484395
-310,30,0,4.649352358484395
-290,30,0,4.649352358484395
-270,30,0,4.649352358484395
-250,30,0,4.649352358484395
-230,30,0,4.649352358484395
-210,30,0,4.649352358484395
-190,30,0,4.649352358484395
-170,30,0,4.649352358484395
-150,30,0,4.649352358484395
-130,30,0,4.649352358484395
-110,30,0,4.649352358484395
-90,30,0,4.649352358484395
-70,30,0,4.649352358484395
-50,30,0,4.649352358484395
-30,30,0,4.649352358484395
-10,30,0,4.649352358484395
10,30,0,4.649352358484395
30,30,0,4.649352358484395
50,30,0,4.649352358484395
70,30,0,4.649352358484395
90,30,0,4.649352358484395
110,30,0,4.649352358484395
130,30,0,4.649352358484395
150,30,0,4.649352358484395
170,30,0,4.649352358484395
190,30,0,4.649352358484395
210,30,0,4.649352358484395
230,30,0,4.649352358484395
250,30,0,4.649352358484395
270,30,0,4.649352358484395
290,30,0,4.649352358484395
310,30,0,4.649352358484395
330,30,0,4.649352358484395
350,30,0,4.649352358484395
370,30,0,4.649352358484395
390,30,0,4.649352358484395
410,30,0,4.649352358484395
430,30,0,4.649352358484395
450,30,0,4.649352358484395
470,30,0,4.649352358484395
490,30,0,4.649352358484395
510,30,0,4.649352358484395
530,30,0,4.649352358484395
550,30,0,4.649352358484395
570,30,0,4.649352358484395
590,30,0,4.649352358484395
610,30,0,4.649352358484395
630,30,0,4.649352358484395
650,30,0,4.649352358484395
670,30,0,4.649352358484395
690,30,0,4.649352358484395
710,30,0,4.649352358484395
730,30,0,4.649352358484395
750,30,0,4.649352358484395
770,30,0,4.649352358484395
790,30,0,4.649352358484395
-790,50,0,4.649352358484395
-770,50,0,4.649352358484395
-750,50,0,4.649352358484395
-730,50,0,4.649352358484395
-710,50,0,4.649352358484395
-690,50,0,4.649352358484395
-670,50,0,4.649352358484395
-650,50,0,4.649352358484395
-630,50,0,4.649352358484395
-610,50,0,4.649352358484395
-590,50,0,4.649352358484395
-570,50,0,4.649352358484395
-550,50,0,4.649352358484395
-530,50,0,4.649352358484395
-510,50,0,4.649352358484395
-490,50,0,4.649352358484395
-470,50,0,4.649352358484395
-450,50,0,4.649352358484395
-430,50,0,4.649352358484395
-410,50,0,4.649352358484395
-390,50,0,4.649352358484395
-370,50,0,4.649352358484395
-350,50,0,4.649352358484395
-330,50,0,4.649352358484395
-310,50,0,4.649352358484395
-290,50,0,4.649352358484395
-270,50,0,4.649352358484395
-250,50,0,4.649352358484395
-230,50,0,4.649352358484395
-210,50,0,4.649352358484395
-190,50,0,4.649352358484395
-170,50,0,4.649352358484395
-150,50,0,4.649352358484395
-130,50,0,4.649352358484395
-110,50,0,4.649352358484395
-90,50,0,4.649352358484395
-70,50,0,4.649352358484395
-50,50,0,4.649352358484395
-30,50,0,4.649352358484395
-10,50,0,4.649352358484395
10,50,0,4.649352358484395
30,50,0,4.649352358484395
50,50,0,4.649352358484395
70,50,0,4.649352358484395
90,50,0,4.649352358484395
110,50,0,4.649352358484395
130,50,0,4.649352358484395
150,50,0,4.649352358484395
170,50,0,4.649352358484395
190,50,0,4.649352358484395
210,50,0,4.649352358484395
230,50,0,4.649352358484395
250,50,0,4.649352358484395
270,50,0,4.649352358484395
290,50,0,4.649352358484395
310,50,0,4.649352358484395
330,50,0,4.649352358484395
350,50,0,4.649352358484395
370,50,0,4.649352358484395
390,50,0,4.649352358484395
410,50,0,4.649352358484395
430,50,0,4.649352358484395
450,50,0,4.649352358484395
470,50,0,4.649352358484395
490,50,0,4.649352358484395
510,50,0,4.649352358484395
530,50,0,4.649352358484395
550,50,0,4.649352358484395
570,50,0,4.649352358484395
590,50,0,4.649352358484395
610,50,0,4.649352358484395
630,50,0,4.649352358484395
650,50,0,4.649352358484395
670,50,0,4.649352358484395
690,50,0,4.649352358484395
710,50,0,4.649352358484395
730,50,0,4.649352358484395
750,50,0,4.649352358484395
770,50,0,4.649352358484395
790,50,0,4.649352358484395
-790,70,0,4.649352358484395
-770,70,0,4.649352358484395
-750,70,0,4.649352358484395
-730,70,0,4.649352358484395
-710,70,0,4.649352358484395
-690,70,0,4.649352358484395
-670,70,0,4.649352358484395
-650,70,0,4.649352358484395
-630,70,0,4.649352358484395
-610,70,0,4.649352358484395
-590,70,0,4.649352358484395
-570,70,0,4.649352358484395
-550,70,0,4.649352358484395
-530,70,0,4.649352358484395
-510,70,0,4.649352358484395
-490,70,0,4.649352358484395
-470,70,0,4.649352358484395
-450,70,0,4.649352358484395
-430,70,0,4.649352358484395
-410,70,0,4.649352358484395
-390,70,0,4.649352358484395
-370,70,0,4.649352358484395
-350,70,0,4.649352358484395
-330,70,0,4.649352358484395
-310,70,0,4.649352358484395
-290,70,0,4.649352358484395
-270,70,0,4.649352358484395
-250,70,0,4.649352358484395
-230,70,0,4.649352358484395
-210,70,0,4.649352358484395
-190,70,0,4.649352358484395
-170,70,0,4.649352358484395
-150,70,0,4.649352358484395
-130,70,0,4.649352358484395
-110,70,0,4.649352358484395
-90,70,0,4.649352358484395
-70,70,0,4.649352358484395
-50,70,0,4.649352358484395
-30,70,0,4.649352358484395
-10,70,0,4.649352358484395
10,70,0,4.649352358484395
30,70,0,4.649352358484395
50,70,0,4.649352358484395
70,70,0,4.649352358484395
90,70,0,4.649352358484395
110,70,0,4.649352358484395
130,70,0,4.649352358484395
150,70,0,4.649352358484395
170,70,0,4.649352358484395
190,70,0,4.649352358484395
210,70,0,4.649352358484395
230,70,0,4.649352358484395
250,70,0,4.649352358484395
270,70,0,4.649352358484395
290,70,0,4.649352358484395
310,70,0,4.649352358484395
330,70,0,4.649352358484395
350,70,0,4.649352358484395
370,70,0,4.649352358484395
390,70,0,4.649352358484395
410,70,0,4.649352358484395
430,70,0,4.649352358484395
450,70,0,4.649352358484395
470,70,0,4.649352358484395
490,70,0,4.649352358484395
510,70,0,4.649352358484395
530,70,0,4.649352358484395
550,70,0,4.649352358484395
570,70,0,4.649352358484395
590,70,0,4.649352358484395
610,70,0,4.649352358484395
630,70,0,4.649352358484395
650,70,0,4.649352358484395
670,70,0,4.649352358484395
690,70,0,4.649352358484395
710,70,0,4.649352358484395
730,70,0,4.649352358484395
750,70,0,4.649352358484395
770,70,0,4.649352358484395
790,70,0,4.649352358484395
-790,90,0,4.649352358484395
-770,90,0,4.649352358484395
-750,90,0,4.649352358484395
-730,90,0,4.649352358484395
-710,90,0,4.649352358484395
-690,90,0,4.649352358484395
-670,90,0,4.649352358484395
-650,90,0,4.649352358484395
-630,90,0,4.649352358484395
-610,90,0,4.649352358484395
-590,90,0,4.649352358484395
-570,90,0,4.649352358484395
-550,90,0,4.649352358484395
-530,90,0,4.649352358484395
-510,90,0,4.649352358484395
-490,90,0,4.649352358484395
-470,90,0,4.649352358484395
-450,90,0,4.649352358484395
-430,90,0,4.649352358484395
-410,90,0,4.649352358484395
-390,90,0,4.649352358484395
-370,90,0,4.649352358484395
-350,90,0,4.649352358484395
-330,90,0,4.649352358484395
-310,90,0,4.649352358484395
-290,90,0,4.649352358484395
-270,90,0,4.649352358484395
-250,90,0,4.649352358484395
-230,90,0,4.649352358484395
-210,90,0,4.649352358484395
-190,90,0,4.649352358484395
-170,90,0,4.649352358484395
-150,90,0,4.649352358484395
-130,90,0,4.649352358484395
-110,90,0,4.649352358484395
-90,90,0,4.649352358484395
-70,90,0,4.649352358484395
-50,90,0,4.649352358484395
-30,90,0,4.649352358484395
-10,90,0,4.649352358484395
10,90,0,4.649352358484395
30,90,0,4.649352358484395
50,90,0,4.649352358484395
70,90,0,4.649352358484395
90,90,0,4.649352358484395
110,90,0,4.649352358484395
130,90,0,4.649352358484395
150,90,0,4.649352358484395
170,90,0,4.649352358484395
190,90,0,4.649352358484395
210,90,0,4.649352358484395
230,90,0,4.649352358484395
250,90,0,4.649352358484395
270,90,0,4.649352358484395
290,90,0,4.649352358484395
310,90,0,4.649352358484395
330,90,0,4.649352358484395
350,90,0,4.649352358484395
370,90,0,4.649352358484395
390,90,0,4.649352358484395
410,90,0,4.649352358484395
430,90,0,4.649352358484395
450,90,0,4.649352358484395
470,90,0,4.649352358484395
490,90,0,4.649352358484395
510,90,0,4.649352358484395
530,90,0,4.649352358484395
550,90,0,4.649352358484395
570,90,0,4.649352358484395
590,90,0,4.649352358484395
610,90,0,4.649352358484395
630,90,0,4.649352358484395
650,90,0,4.649352358484395
670,90,0,4.649352358484395
690,90,0,4.649352358484395
710,90,0,4.649352358484395
730,90,0,4.649352358484395
750,90,0,4.649352358484395
770,90,0,4.649352358484395
790,90,0,4.649352358484395
-790,110,0,4.649352358484395
-770,110,0,4.649352358484395
-750,110,0,4.649352358484395
-730,110,0,4.649352358484395
-710,110,0,4.649352358484395
-690,110,0,4.649352358484395
-670,110,0,4.649352358484395
-650,110,0,4.649352358484395
-630,110,0,4.649352358484395
-610,110,0,4.649352358484395
-590,110,0,4.649352358484395
-570,110,0,4.649352358484395
-550,110,0,4.649352358484395
-530,110,0,4.649352358484395
-510,110,0,4.649352358484395
-490,110,0,4.649352358484395
-470,110,0,4.649352358484395
-450,110,0,4.649352358484395
-430,110,0,4.649352358484395
-410,110,0,4.649352358484395
-390,110,0,4.649352358484395
-370,110,0,4.649352358484395
-350,110,0,4.649352358484395
-330,110,0,4.649352358484395
-310,110,0,4.649352358484395
-290,110,0,4.649352358484395
-270,110,0,4.649352358484395
-250,110,0,4.649352358484395
-230,110,0,4.649352358484395
-210,110,0,4.649352358484395
-190,110,0,4.649352358484395
-170,110,0,4.649352358484395
-150,110,0,4.649352358484395
-130,110,0,4.649352358484395
-110,110,0,4.649352358484395
-90,110,0,4.649352358484395
-70,110,0,4.649352358484395
-50,110,0,4.649352358484395
-30,110,0,4.649352358484395
-10,110,0,4.649352358484395
10,110,0,4.649352358484395
30,110,0,4.649352358484395
50,110,0,4.649352358484395
70,110,0,4.649352358484395
90,110,0,4.649352358484395
110,110,0,4.649352358484395
130,110,0,4.649352358484395
150,110,0,4.649352358484395
170,110,0,4.649352358484395
190,110,0,4.649352358484395
210,110,0,4.649352358484395
230,110,0,4.649352358484395
250,110,0,4.649352358484395
270,110,0,4.649352358484395
290,110,0,4.649352358484395
310,110,0,4.649352358484395
330,110,0,4.649352358484395
350,110,0,4.649352358484395
370,110,0,4.649352358484395
390,110,0,4.649352358484395
410,110,0,4.649352358484395
430,110,0,4.649352358484395
450,110,0,4.649352358484395
470,110,0,4.649352358484395
490,110,0,4.649352358484395
510,110,0,4.649352358484395
530,110,0,4.649352358484395
550,110,0,4.649352358484395
570,110,0,4.649352358484395
590,110,0,4.649352358484395
610,110,0,4.649352358484395
630,110,0,4.649352358484395
650,110,0,4.649352358484395
670,110,0,4.649352358484395
690,110,0,4.649352358484395
710,110,0,4.649352358484395
730,110,0,4.649352358484395
750,110,0,4.649352358484395
770,110,0,4.649352358484395
790,110,0,4.649352358484395
-790,130,0,4.649352358484395
-770,130,0,4.649352358484395
-750,130,0,4.649352358484395
-730,130,0,4.649352358484395
-710,130,0,4.649352358484395
-690,130,0,4.649352358484395
-670,130,0,4.649352358484395
-650,130,0,4.649352358484395
-630,130,0,4.649352358484395
-610,130,0,4.649352358484395
-590,130,0,4.649352358484395
-570,130,0,4.649352358484395
-550,130,0,4.649352358484395
-530,130,0,4.649352358484395
-510,130,0,4.649352358484395
-490,130,0,4.649352358484395
-470,130,0,4.649352358484395
-450,130,0,4.649352358484395
-430,130,0,4.649352358484395
-410,130,0,4.649352358484395
-390,130,0,4.649352358484395
-370,130,0,4.649352358484395
-350,130,0,4.649352358484395
-330,130,0,4.649352358484395
-310,130,0,4.649352358484395
-290,130,0,4.649352358484395
-270,130,0,4.649352358484395
-250,130,0,4.649352358484395
-230,130,0,4.649352358484395
-210,130,0,4.649352358484395
-190,130,0,4.649352358484395
-170,130,0,4.649352358484395
-150,130,0,4.649352358484395
-130,130,0,4.649352358484395
-110,130,0,4.649352358484395
-90,130,0,4.649352358484395
-70,130,0,4.649352358484395
-50,130,0,4.649352358484395
-30,130,0,4.649352358484395
-10,130,0,4.649352358484395
10,130,0,4.649352358484395
30,130,0,4.649352358484395
50,130,0,4.649352358484395
70,130,0,4.649352358484395
90,130,0,4.649352358484395
110,130,0,4.649352358484395
130,130,0,4.649352358484395
150,130,0,4.649352358484395
170,130,0,4.649352358484395
190,130,0,4.649352358484395
210,130,0,4.649352358484395
230,130,0,4.649352358484395
250,130,0,4.649352358484395
270,130,0,4.649352358484395
290,130,0,4.649352358484395
310,130,0,4.649352358484395
330,130,0,4.649352358484395
350,130,0,4.649352358484395
370,130,0,4.649352358484395
390,130,0,4.649352358484395
410,130,0,4.649352358484395
430,130,0,4.649352358484395
450,130,0,4.649352358484395
470,130,0,4.649352358484395
490,130,0,4.649352358484395
510,130,0,4.649352358484395
530,130,0,4.649352358484395
550,130,0,4.649352358484395
570,130,0,4.649352358484395
590,130,0,4.649352358484395
610,130,0,4.649352358484395
630,130,0,4.649352358484395
650,130,0,4.649352358484395
670,130,0,4.649352358484395
690,130,0,4.649352358484395
710,130,0,4.649352358484395
730,130,0,4.649352358484395
750,130,0,4.649352358484395
770,130,0,4.649352358484395
790,130,0,4.649352358484395
-790,150,0,4.649352358484395
-770,150,0,4.649352358484395
-750,150,0,4.649352358484395
-730,150,0,4.649352358484395
-710,150,0,4.649352358484395
-690,150,0,4.649352358484395
-670,150,0,4.649352358484395
-650,150,0,4.649352358484395
-630,150,0,4.649352358484395
-610,150,0,4.649352358484395
-590,150,0,4.649352358484395
-570,150,0,4.649352358484395
-550,150,0,4.649352358484395
-530,150,0,4.649352358484395
-510,150,0,4.649352358484395
-490,150,0,4.649352358484395
-470,150,0,4.649352358484395
-450,150,0,4.649352358484395
-430,150,0,4.649352358484395
-410,150,0,4.649352358484395
-390,150,0,4.649352358484395
-370,150,0,4.649352358484395
-350,150,0,4.649352358484395
-330,150,0,4.649352358484395
-310,150,0,4.649352358484395
-290,150,0,4.649352358484395
-270,150,0,4.649352358484395
-250,150,0,4.649352358484395
-230,150,0,4.649352358484395
-210,150,0,4.649352358484395
-190,150,0,4.649352358484395
-170,150,0,4.649352358484395
-150,150,0,4.649352358484395
-130,150,0,4.649352358484395
-110,150,0,4.649352358484395
-90,150,0,4.649352358484395
-70,150,0,4.649352358484395
-50,150,0,4.649352358484395
-30,150,0,4.649352358484395
-10,150,0,4.649352358484395
10,150,0,4.649352358484395
30,150,0,4.649352358484395
50,150,0,4.649352358484395
70,150,0,4.649352358484395
90,150,0,4.649352358484395
110,150,0,4.649352358484395
130,150,0,4.649352358484395
150,150,0,4.649352358484395
170,150,0,4.649352358484395
190,150,0,4.649352358484395
210,150,0,4.649352358484395
230,150,0,4.649352358484395
250,150,0,4.649352358484395
270,150,0,4.649352358484395
290,150,0,4.649352358484395
310,150,0,4.649352358484395
330,150,0,4.649352358484395
350,150,0,4.649352358484395
370,150,0,4.649352358484395
390,150,0,4.649352358484395
410,150,0,4.649352358484395
430,150,0,4.649352358484395
450,150,0,4.649352358484395
470,150,0,4.649352358484395
490,150,0,4.649352358484395
510,150,0,4.649352358484395
530,150,0,4.649352358484395
550,150,0,4.649352358484395
570,150,0,4.649352358484395
590,150,0,4.649352358484395
610,150,0,4.649352358484395
630,150,0,4.649352358484395
650,150,0,4.649352358484395
670,150,0,4.649352358484395
690,150,0,4.649352358484395
710,150,0,4.649352358484395
730,150,0,4.649352358484395
750,150,0,4.649352358484395
770,150,0,4.649352358484395
790,150,0,4.649352358484395
-790,170,0,4.649352358484395
-770,170,0,4.649352358484395
-750,170,0,4.649352358484395
-730,170,0,4.649352358484395
-710,170,0,4.649352358484395
-690,170,0,4.649352358484395
-670,170,0,4.649352358484395
-650,170,0,4.649352358484395
-630,170,0,4.649352358484395
-610,170,0,4.649352358484395
-590,170,0,4.649352358484395
-570,170,0,4.649352358484395
-550,170,0,4.649352358484395
-530,170,0,4.649352358484395
-510,170,0,4.649352358484395
-490,170,0,4.649352358484395
-470,170,0,4.649352358484395
-450,170,0,4.649352358484395
-430,170,0,4.649352358484395
-410,170,0,4.649352358484395
-390,170,0,4.649352358484395
-370,170,0,4.649352358484395
-350,170,0,4.649352358484395
-330,170,0,4.649352358484395
-310,170,0,4.649352358484395
-290,170,0,4.649352358484395
-270,170,0,4.649352358484395
-250,170,0,4.649352358484395
-230,170,0,4.649352358484395
-210,170,0,4.649352358484395
-190,170,0,4.649352358484395
-170,170,0,4.649352358484395
-150,170,0,4.649352358484395
-130,170,0,4.649352358484395
-110,170,0,4.649352358484395
-90,170,0,4.649352358484395
-70,170,0,4.649352358484395
-50,170,0,4.649352358484395
-30,170,0,4.649352358484395
-10,170,0,4.649352358484395
10,170,0,4.649352358484395
30,170,0,4.649352358484395
50,170,0,4.649352358484395
70,170,0,4.649352358484395
90,170,0,4.649352358484395
110,170,0,4.649352358484395
130,170,0,4.649352358484395
150,170,0,4.649352358484395
170,170,0,4.649352358484395
190,170,0,4.649352358484395
210,170,0,4.649352358484395
230,170,0,4.649352358484395
250,170,0,4.649352358484395
270,170,0,4.649352358484395
290,170,0,4.649352358484395
310,170,0,4.649352358484395
330,170,0,4.649352358484395
350,170,0,4.649352358484395
370,170,0,4.649352358484395
390,170,0,4.649352358484395
410,170,0,4.649352358484395
430,170,0,4.649352358484395
450,170,0,4.649352358484395
470,170,0,4.649352358484395
490,170,0,4.649352358484395
510,170,0,4.649352358484395
530,170,0,4.649352358484395
550,170,0,4.649352358484395
570,170,0,4.649352358484395
590,170,0,4.649352358484395
610,170,0,4.649352358484395
630,170,0,4.649352358484395
650,170,0,4.649352358484395
670,170,0,4.649352358484395
690,170,0,4.649352358484395
710,170,0,4.649352358484395
730,170,0,4.649352358484395
750,170,0,4.649352358484395
770,170,0,4.649352358484395
790,170,0,4.649352358484395
-790,190,0,4.649352358484395
-770,190,0,4.649352358484395
-750,190,0,4.649352358484395
-730,190,0,4.649352358484395
-710,190,0,4.649352358484395
-690,190,0,4.649352358484395
-670,190,0,4.649352358484395
-650,190,0,4.649352358484395
-630,190,0,4.649352358484395
-610,190,0,4.649352358484395
-590,190,0,4.649352358484395
-570,190,0,4.649352358484395
-550,190,0,4.649352358484395
-530,190,0,4.649352358484395
-510,190,0,4.649352358484395
-490,190,0,4.649352358484395
-470,190,0,4.649352358484395
-450,190,0,4.649352358484395
-430,190,0,4.649352358484395
-410,190,0,4.649352358484395
-390,190,0,4.649352358484395
-370,190,0,4.649352358484395
-350,190,0,4.649352358484395
-330,190,0,4.649352358484395
-310,190,0,4.649352358484395
-290,190,0,4.649352358484395
-270,190,0,4.649352358484395
-250,190,0,4.649352358484395
-230,190,0,4.649352358484395
-210,190,0,4.649352358484395
-190,190,0,4.649352358484395
-170,190,0,4.649352358484395
-150,190,0,4.649352358484395
-130,190,0,4.649352358484395
-110,190,0,4.649352358484395
-90,190,0,4.649352358484395
-70,190,0,4.649352358484395
-50,190,0,4.649352358484395
-30,190,0,4.649352358484395
-10,190,0,4.649352358484395
10,190,0,4.649352358484395
30,190,0,4.649352358484395
50,190,0,4.649352358484395
70,190,0,4.649352358484395
90,190,0,4.649352358484395
110,190,0,4.649352358484395
130,190,0,4.649352358484395
150,190,0,4.649352358484395
170,190,0,4.649352358484395
190,190,0,4.649352358484395
210,190,0,4.649352358484395
230,190,0,4.649352358484395
250,190,0,4.649352358484395
270,190,0,4.649352358484395
290,190,0,4.649352358484395
310,190,0,4.649352358484395
330,190,0,4.649352358484395
350,190,0,4.649352358484395
370,190,0,4.649352358484395
390,190,0,4.649352358484395
410,190,0,4.649352358484395
430,190,0,4.649352358484395
450,190,0,4.649352358484395
470,190,0,4.649352358484395
490,190,0,4.649352358484395
510,190,0,4.649352358484395
530,190,0,4.649352358484395
550,190,0,4.649352358484395
570,190,0,4.649352358484395
590,190,0,4.649352358484395
610,190,0,4.649352358484395
630,190,0,4.649352358484395
650,190,0,4.649352358484395
670,190,0,4.649352358484395
690,190,0,4.649352358484395
710,190,0,4.649352358484395
730,190,0,4.649352358484395
750,190,0,4.649352358484395
770,190,0,4.649352358484395
790,190,0,4.649352358484395
-790,210,0,4.649352358484395
-770,210,0,4.649352358484395
-750,210,0,4.649352358484395
-730,210,0,4.649352358484395
-710,210,0,4.649352358484395
-690,210,0,4.649352358484395
-670,210,0,4.649352358484395
-650,210,0,4.649352358484395
-630,210,0,4.649352358484395
-610,210,0,4.649352358484395
-590,210,0,4.649352358484395
-570,210,0,4.649352358484395
-550,210,0,4.649352358484395
-530,210,0,4.649352358484395
-510,210,0,4.649352358484395
-490,210,0,4.649352358484395
-470,210,0,4.649352358484395
-450,210,0,4.649352358484395
-430,210,0,4.649352358484395
-410,210,0,4.649352358484395
-390,210,0,4.649352358484395
-370,210,0,4.649352358484395
-350,210,0,4.649352358484395
-330,210,0,4.649352358484395
-310,210,0,4.649352358484395
-290,210,0,4.649352358484395
-270,210,0,4.649352358484395
-250,210,0,4.649352358484395
-230,210,0,4.649352358484395
-210,210,0,4.649352358484395
-190,210,0,4.649352358484395
-170,210,0,4.649352358484395
-150,210,0,4.649352358484395
-130,210,0,4.649352358484395
-110,210,0,4.649352358484395
-90,210,0,4.649352358484395
-70,210,0,4.649352358484395
-50,210,0,4.649352358484395
-30,210,0,4.649352358484395
-10,210,0,4.649352358484395
10,210,0,4.649352358484395
30,210,0,4.649352358484395
50,210,0,4.649352358484395
70,210,0,4.649352358484395
90,210,0,4.649352358484395
110,210,0,4.649352358484395
130,210,0,4.649352358484395
150,210,0,4.649352358484395
170,210,0,4.649352358484395
190,210,0,4.649352358484395
210,210,0,4.649352358484395
230,210,0,4.649352358484395
250,210,0,4.649352358484395
270,210,0,4.649352358484395
290,210,0,4.649352358484395
310,210,0,4.649352358484395
330,210,0,4.649352358484395
350,210,0,4.649352358484395
370,210,0,4.649352358484395
390,210,0,4.649352358484395
410,210,0,4.649352358484395
430,210,0,4.649352358484395
450,210,0,4.649352358484395
470,210,0,4.649352358484395
490,210,0,4.649352358484395
510,210,0,4.649352358484395
530,210,0,4.649352358484395
550,210,0,4.649352358484395
570,210,0,4.649352358484395
590,210,0,4.649352358484395
610,210,0,4.649352358484395
630,210,0,4.649352358484395
650,210,0,4.649352358484395
670,210,0,4.649352358484395
690,210,0,4.649352358484395
710,210,0,4.649352358484395
730,210,0,4.649352358484395
750,210,0,4.649352358484395
770,210,0,4.649352358484395
790,210,0,4.649352358484395
-790,230,0,4.649352358484395
-770,230,0,4.649352358484395
-750,230,0,4.649352358484395
-730,230,0,4.649352358484395
-710,230,0,4.649352358484395
-690,230,0,4.649352358484395
-670,230,0,4.649352358484395
-650,230,0,4.649352358484395
-630,230,0,4.649352358484395
-610,230,0,4.649352358484395
-590,230,0,4.649352358484395
-570,230,0,4.649352358484395
-550,230,0,4.649352358484395
-530,230,0,4.649352358484395
-510,230,0,4.649352358484395
-490,230,0,4.649352358484395
-470,230,0,4.649352358484395
-450,230,0,4.649352358484395
-430,230,0,4.649352358484395
-410,230,0,4.649352358484395
-390,230,0,4.649352358484395
-370,230,0,4.649352358484395
-350,230,0,4.649352358484395
-330,230,0,4.649352358484395
-310,230,0,4.649352358484395
-290,230,0,4.649352358484395
-270,230,0,4.649352358484395
-250,230,0,4.649352358484395
-230,230,0,4.649352358484395
-210,230,0,4.649352358484395
-190,230,0,4.649352358484395
-170,230,0,4.649352358484395
-150,230,0,4.649352358484395
-130,230,0,4.649352358484395
-110,230,0,4.649352358484395
-90,230,0,4.649352358484395
-70,230,0,4.649352358484395
-50,230,0,4.649352358484395
-30,230,0,4.649352358484395
-10,230,0,4.649352358484395
10,230,0,4.649352358484395
30,230,0,4.649352358484395
50,230,0,4.649352358484395
70,230,0,4.649352358484395
90,230,0,4.649352358484395
110,230,0,4.649352358484395
130,230,0,4.649352358484395
150,230,0,4.649352358484395
170,230,0,4.649352358484395
190,230,0,4.649352358484395
210,230,0,4.649352358484395
230,230,0,4.649352358484395
250,230,0,4.649352358484395
270,230,0,4.649352358484395
290,230,0,4.649352358484395
310,230,0,4.649352358484395
330,230,0,4.649352358484395
350,230,0,4.649352358484395
370,230,0,4.649352358484395
390,230,0,4.649352358484395
410,230,0,4.649352358484395
430,230,0,4.649352358484395
450,230,0,4.649352358484395
470,230,0,4.649352358484395
490,230,0,4.649352358484395
510,230,0,4.649352358484395
530,230,0,4.649352358484395
550,230,0,4.649352358484395
570,230,0,4.649352358484395
590,230,0,4.649352358484395
610,230,0,4.649352358484395
630,230,0,4.649352358484395
650,230,0,4.649352358484395
670,230,0,4.649352358484395
690,230,0,4.649352358484395
710,230,0,4.649352358484395
730,230,0,4.649352358484395
750,230,0,4.649352358484395
770,230,0,4.649352358484395
790,230,0,4.649352358484395
-790,250,0,4.649352358484395
-770,250,0,4.649352358484395
-750,250,0,4.649352358484395
-730,250,0,4.649352358484395
-710,250,0,4.649352358484395
-690,250,0,4.649352358484395
-670,250,0,4.649352358484395
-650,250,0,4.649352358484395
-630,250,0,4.649352358484395
-610,250,0,4.649352358484395
-590,250,0,4.649352358484395
-570,250,0,4.649352358484395
-550,250,0,4.649352358484395
-530,250,0,4.649352358484395
-510,250,0,4.649352358484395
-490,250,0,4.649352358484395
-470,250,0,4.649352358484395
-450,250,0,4.649352358484395
-430,250,0,4.649352358484395
-410,250,0,4.649352358484395
-390,250,0,4.649352358484395
-370,250,0,4.649352358484395
-350,250,0,4.649352358484395
-330,250,0,4.649352358484395
-310,250,0,4.649352358484395
-290,250,0,4.649352358484395
-270,250,0,4.649352358484395
-250,250,0,4.649352358484395
-230,250,0,4.649352358484395
-210,250,0,4.649352358484395
-190,250,0,4.649352358484395
-170,250,0,4.649352358484395
-150,250,0,4.649352358484395
-130,250,0,4.649352358484395
-110,250,0,4.649352358484395
-90,250,0,4.649352358484395
-70,250,0,4.649352358484395
-50,250,0,4.649352358484395
-30,250,0,4.649352358484395
-10,250,0,4.649352358484395
10,250,0,4.649352358484395
30,250,0,4.649352358484395
50,250,0,4.649352358484395
70,250,0,4.649352358484395
90,250,0,4.649352358484395
110,250,0,4.649352358484395
130,250,0,4.649352358484395
150,250,0,4.649352358484395
170,250,0,4.649352358484395
190,250,0,4.649352358484395
210,250,0,4.649352358484395
230,250,0,4.649352358484395
250,250,0,4.649352358484395
270,250,0,4.649352358484395
290,250,0,4.649352358484395
310,250,0,4.649352358484395
330,250,0,4.649352358484395
350,250,0,4.649352358484395
370,250,0,4.649352358484395
390,250,0,4.649352358484395
410,250,0,4.649352358484395
430,250,0,4.649352358484395
450,250,0,4.649352358484395
470,250,0,4.649352358484395
490,250,0,4.649352358484395
510,250,0,4.649352358484395
530,250,0,4.649352358484395
550,250,0,4.649352358484395
570,250,0,4.649352358484395
590,250,0,4.649352358484395
610,250,0,4.649352358484395
630,250,0,4.649352358484395
650,250,0,4.649352358484395
670,250,0,4.649352358484395
690,250,0,4.649352358484395
710,250,0,4.649352358484395
730,250,0,4.649352358484395
750,250,0,4.649352358484395
770,250,0,4.649352358484395
790,250,0,4.649352358484395
-790,270,0,4.649352358484395
-770,270,0,4.649352358484395
-750,270,0,4.649352358484395
-730,270,0,4.649352358484395
-710,270,0,4.649352358484395
-690,270,0,4.649352358484395
-670,270,0,4.649352358484395
-650,270,0,4.649352358484395
-630,270,0,4.649352358484395
-610,270,0,4.649352358484395
-590,270,0,4.649352358484395
-570,270,0,4.649352358484395
-550,270,0,4.649352358484395
-530,270,0,4.649352358484395
-510,270,0,4.649352358484395
-490,270,0,4.649352358484395
-470,270,0,4.649352358484395
-450,270,0,4.649352358484395
-430,270,0,4.649352358484395
-410,270,0,4.649352358484395
-390,270,0,4.649352358484395
-370,270,0,4.649352358484395
-350,270,0,4.649352358484395
-330,270,0,4.649352358484395
-310,270,0,4.649352358484395
-290,270,0,4.649352358484395
-270,270,0,4.649352358484395
-250,270,0,4.649352358484395
-230,270,0,4.649352358484395
-210,270,0,4.649352358484395
-190,270,0,4.649352358484395
-170,270,0,4.649352358484395
-150,270,0,4.649352358484395
-130,270,0,4.649352358484395
-110,270,0,4.649352358484395
-90,270,0,4.649352358484395
-70,270,0,4.649352358484395
-50,270,0,4.649352358484395
-30,270,0,4.649352358484395
-10,270,0,4.649352358484395
10,270,0,4.649352358484395
30,270,0,4.649352358484395
50,270,0,4.649352358484395
70,270,0,4.649352358484395
90,270,0,4.649352358484395
110,270,0,4.649352358484395
130,270,0,4.649352358484395
150,270,0,4.649352358484395
170,270,0,4.649352358484395
190,270,0,4.649352358484395
210,270,0,4.649352358484395
230,270,0,4.649352358484395
250,270,0,4.649352358484395
270,270,0,4.649352358484395
290,270,0,4.649352358484395
310,270,0,4.649352358484395
330,270,0,4.649352358484395
350,270,0,4.649352358484395
370,270,0,4.649352358484395
390,270,0,4.649352358484395
410,270,0,4.649352358484395
430,270,0,4.649352358484395
450,270,0,4.649352358484395
470,270,0,4.649352358484395
490,270,0,4.649352358484395
510,270,0,4.649352358484395
530,270,0,4.649352358484395
550,270,0,4.649352358484395
570,270,0,4.649352358484395
590,270,0,4.649352358484395
610,270,0,4.649352358484395
630,270,0,4.649352358484395
650,270,0,4.649352358484395
670,270,0,4.649352358484395
690,270,0,4.649352358484395
710,270,0,4.649352358484395
730,270,0,4.649352358484395
750,270,0,4.649352358484395
770,270,0,4.649352358484395
790,270,0,4.649352358484395
-790,290,0,4.649352358484395
-770,290,0,4.649352358484395
-750,290,0,4.649352358484395
-730,290,0,4.649352358484395
-710,290,0,4.649352358484395
-690,290,0,4.649352358484395
-670,290,0,4.649352358484395
-650,290,0,4.649352358484395
-630,290,0,4.649352358484395
-610,290,0,4.649352358484395
-590,290,0,4.649352358484395
-570,290,0,4.649352358484395
-550,290,0,4.649352358484395
-530,290,0,4.649352358484395
-510,290,0,4.649352358484395
-490,290,0,4.649352358484395
-470,290,0,4.649352358484395
-450,290,0,4.649352358484395
-430,290,0,4.649352358484395
-410,290,0,4.649352358484395
-390,290,0,4.649352358484395
-370,290,0,4.649352358484395
-350,290,0,4.649352358484395
-330,290,0,4.649352358484395
-310,290,0,4.649352358484395
-290,290,0,4.649352358484395
-270,290,0,4.649352358484395
-250,290,0,4.649352358484395
-230,290,0,4.649352358484395
-210,290,0,4.649352358484395
-190,290,0,4.649352358484395
-170,290,0,4.649352358484395
-150,290,0,4.649352358484395
-130,290,0,4.649352358484395
-110,290,0,4.649352358484395
-90,290,0,4.649352358484395
-70,290,0,4.649352358484395
-50,290,0,4.649352358484395
-30,290,0,4.649352358484395
-10,290,0,4.649352358484395
10,290,0,4.649352358484395
30,290,0,4.649352358484395
50,290,0,4.649352358484395
70,290,0,4.649352358484395
90,290,0,4.649352358484395
110,290,0,4.649352358484395
130,290,0,4.649352358484395
150,290,0,4.649352358484395
170,290,0,4.649352358484395
190,290,0,4.649352358484395
210,290,0,4.649352358484395
230,290,0,4.649352358484395
250,290,0,4.649352358484395
270,290,0,4.649352358484395
290,290,0,4.649352358484395
310,290,0,4.649352358484395
330,290,0,4.649352358484395
350,290,0,4.649352358484395
370,290,0,4.649352358484395
390,290,0,4.649352358484395
410,290,0,4.649352358484395
430,290,0,4.649352358484395
450,290,0,4.649352358484395
470,290,0,4.649352358484395
490,290,0,4.649352358484395
510,290,0,4.649352358484395
530,290,0,4.649352358484395
550,290,0,4.649352358484395
570,290,0,4.649352358484395
590,290,0,4.649352358484395
610,290,0,4.649352358484395
630,290,0,4.649352358484395
650,290,0,4.649352358484395
670,290,0,4.649352358484395
690,290,0,4.649352358484395
710,290,0,4.649352358484395
730,290,0,4.649352358484395
750,290,0,4.649352358484395
770,290,0,4.649352358484395
790,290,0,4.649352358484395
-790,310,0,4.649352358484395
-770,310,0,4.649352358484395
-750,310,0,4.649352358484395
-730,310,0,4.649352358484395
-710,310,0,4.649352358484395
-690,310,0,4.649352358484395
-670,310,0,4.649352358484395
-650,310,0,4.649352358484395
-630,310,0,4.649352358484395
-610,310,0,4.649352358484395
-590,310,0,4.649352358484395
-570,310,0,4.649352358484395
-550,310,0,4.649352358484395
-530,310,0,4.649352358484395
-510,310,0,4.649352358484395
-490,310,0,4.649352358484395
-470,310,0,4.649352358484395
-450,310,0,4.649352358484395
-430,310,0,4.649352358484395
-410,310,0,4.649352358484395
-390,310,0,4.649352358484395
-370,310,0,4.649352358484395
-350,310,0,4.649352358484395
-330,310,0,4.649352358484395
-310,310,0,4.649352358484395
-290,310,0,4.649352358484395
-270,310,0,4.649352358484395
-250,310,0,4.649352358484395
-230,310,0,4.649352358484395
-210,310,0,4.649352358484395
-190,310,0,4.649352358484395
-170,310,0,4.649352358484395
-150,310,0,4.649352358484395
-130,310,0,4.649352358484395
-110,310,0,4.649352358484395
-90,310,0,4.649352358484395
-70,310,0,4.649352358484395
-50,310,0,4.649352358484395
-30,310,0,4.649352358484395
-10,310,0,4.649352358484395
10,310,0,4.649352358484395
30,310,0,4.649352358484395
50,310,0,4.649352358484395
70,310,0,4.649352358484395
90,310,0,4.649352358484395
110,310,0,4.649352358484395
130,310,0,4.649352358484395
150,310,0,4.649352358484395
170,310,0,4.649352358484395
190,310,0,4.649352358484395
210,310,0,4.649352358484395
230,310,0,4.649352358484395
250,310,0,4.649352358484395
270,310,0,4.649352358484395
290,310,0,4.649352358484395
310,310,0,4.649352358484395
330,310,0,4.649352358484395
350,310,0,4.649352358484395
370,310,0,4.649352358484395
390,310,0,4.649352358484395
410,310,0,4.649352358484395
430,310,0,4.649352358484395
450,310,0,4.649352358484395
470,310,0,4.649352358484395
490,310,0,4.649352358484395
510,310,0,4.649352358484395
530,310,0,4.649352358484395
550,310,0,4.649352358484395
570,310,0,4.649352358484395
590,310,0,4.649352358484395
610,310,0,4.649352358484395
630,310,0,4.649352358484395
650,310,0,4.649352358484395
670,310,0,4.649352358484395
690,310,0,4.649352358484395
710,310,0,4.649352358484395
730,310,0,4.649352358484395
750,310,0,4.649352358484395
770,310,0,4.649352358484395
790,310,0,4.649352358484395
-790,330,0,4.649352358484395
-770,330,0,4.649352358484395
-750,330,0,4.649352358484395
-730,330,0,4.649352358484395
-710,330,0,4.649352358484395
-690,330,0,4.649352358484395
-670,330,0,4.649352358484395
-650,330,0,4.649352358484395
-630,330,0,4.649352358484395
-610,330,0,4.649352358484395
-590,330,0,4.649352358484395
-570,330,0,4.649352358484395
-550,330,0,4.649352358484395
-530,330,0,4.649352358484395
-510,330,0,4.649352358484395
-490,330,0,4.649352358484395
-470,330,0,4.649352358484395
-450,330,0,4.649352358484395
-430,330,0,4.649352358484395
-410,330,0,4.649352358484395
-390,330,0,4.649352358484395
-370,330,0,4.649352358484395
-350,330,0,4.649352358484395
-330,330,0,4.649352358484395
-310,330,0,4.649352358484395
-290,330,0,4.649352358484395
-270,330,0,4.649352358484395
-250,330,0,4.649352358484395
-230,330,0,4.649352358484395
-210,330,0,4.649352358484395
-190,330,0,4.649352358484395
-170,330,0,4.649352358484395
-150,330,0,4.649352358484395
-130,330,0,4.649352358484395
-110,330,0,4.649352358484395
-90,330,0,4.649352358484395
-70,330,0,4.649352358484395
-50,330,0,4.649352358484395
-30,330,0,4.649352358484395
-10,330,0,4.649352358484395
10,330,0,4.649352358484395
30,330,0,4.649352358484395
50,330,0,4.649352358484395
70,330,0,4.649352358484395
90,330,0,4.649352358484395
110,330,0,4.649352358484395
130,330,0,4.649352358484395
150,330,0,4.649352358484395
170,330,0,4.649352358484395
190,330,0,4.649352358484395
210,330,0,4.649352358484395
230,330,0,4.649352358484395
250,330,0,4.649352358484395
270,330,0,4.649352358484395
290,330,0,4.649352358484395
310,330,0,4.649352358484395
330,330,0,4.649352358484395
350,330,0,4.649352358484395
370,330,0,4.649352358484395
390,330,0,4.649352358484395
410,330,0,4.649352358484395
430,330,0,4.649352358484395
450,330,0,4.649352358484395
470,330,0,4.649352358484395
490,330,0,4.649352358484395
510,330,0,4.649352358484395
530,330,0,4.649352358484395
550,330,0,4.649352358484395
570,330,0,4.649352358484395
590,330,0,4.649352358484395
610,330,0,4.649352358484395
630,330,0,4.649352358484395
650,330,0,4.649352358484395
670,330,0,4.649352358484395
690,330,0,4.649352358484395
710,330,0,4.649352358484395
730,330,0,4.649352358484395
750,330,0,4.649352358484395
770,330,0,4.649352358484395
790,330,0,4.649352358484395
-790,350,0,4.649352358484395
-770,350,0,4.649352358484395
-750,350,0,4.649352358484395
-730,350,0,4.649352358484395
-710,350,0,4.649352358484395
-690,350,0,4.649352358484395
-670,350,0,4.649352358484395
-650,350,0,4.649352358484395
-630,350,0,4.649352358484395
-610,350,0,4.649352358484395
-590,350,0,4.649352358484395
-570,350,0,4.649352358484395
-550,350,0,4.649352358484395
-530,350,0,4.649352358484395
-510,350,0,4.649352358484395
-490,350,0,4.649352358484395
-470,350,0,4.649352358484395
-450,350,0,4.649352358484395
-430,350,0,4.649352358484395
-410,350,0,4.649352358484395
-390,350,0,4.649352358484395
-370,350,0,4.649352358484395
-350,350,0,4.649352358484395
-330,350,0,4.649352358484395
-310,350,0,4.649352358484395
-290,350,0,4.649352358484395
-270,350,0,4.649352358484395
-250,350,0,4.649352358484395
-230,350,0,4.649352358484395
-210,350,0,4.649352358484395
-190,350,0,4.649352358484395
-170,350,0,4.649352358484395
-150,350,0,4.649352358484395
-130,350,0,4.649352358484395
-110,350,0,4.649352358484395
-90,350,0,4.649352358484395
-70,350,0,4.649352358484395
-50,350,0,4.649352358484395
-30,350,0,4.649352358484395
-10,350,0,4.649352358484395
10,350,0,4.649352358484395
30,350,0,4.649352358484395
50,350,0,4.649352358484395
70,350,0,4.649352358484395
90,350,0,4.649352358484395
110,350,0,4.649352358484395
130,350,0,4.649352358484395
150,350,0,4.649352358484395
170,350,0,4.649352358484395
190,350,0,4.649352358484395
210,350,0,4.649352358484395
230,350,0,4.649352358484395
250,350,0,4.649352358484395
270,350,0,4.649352358484395
290,350,0,4.649352358484395
310,350,0,4.649352358484395
330,350,0,4.649352358484395
350,350,0,4.649352358484395
370,350,0,4.649352358484395
390,350,0,4.649352358484395
410,350,0,4.649352358484395
430,350,0,4.649352358484395
450,350,0,4.649352358484395
470,350,0,4.649352358484395
490,350,0,4.649352358484395
510,350,0,4.649352358484395
530,350,0,4.649352358484395
550,350,0,4.649352358484395
570,350,0,4.649352358484395
590,350,0,4.649352358484395
610,350,0,4.649352358484395
630,350,0,4.649352358484395
650,350,0,4.649352358484395
670,350,0,4.649352358484395
690,350,0,4.649352358484395
710,350,0,4.649352358484395
730,350,0,4.649352358484395
750,350,0,4.649352358484395
770,350,0,4.649352358484395
790,350,0,4.649352358484395
-790,370,0,4.649352358484395
-770,370,0,4.649352358484395
-750,370,0,4.649352358484395
-730,370,0,4.649352358484395
-710,370,0,4.649352358484395
-690,370,0,4.649352358484395
-670,370,0,4.649352358484395
-650,370,0,4.649352358484395
-630,370,0,4.649352358484395
-610,370,0,4.649352358484395
-590,370,0,4.649352358484395
-570,370,0,4.649352358484395
-550,370,0,4.649352358484395
-530,370,0,4.649352358484395
-510,370,0,4.649352358484395
-490,370,0,4.649352358484395
-470,370,0,4.649352358484395
-450,370,0,4.649352358484395
-430,370,0,4.649352358484395
-410,370,0,4.649352358484395
-390,370,0,4.649352358484395
-370,370,0,4.649352358484395
-350,370,0,4.649352358484395
-330,370,0,4.649352358484395
-310,370,0,4.649352358484395
-290,370,0,4.649352358484395
-270,370,0,4.649352358484395
-250,370,0,4.649352358484395
-230,370,0,4.649352358484395
-210,370,0,4.649352358484395
-190,370,0,4.649352358484395
-170,370,0,4.649352358484395
-150,370,0,4.649352358484395
-130,370,0,4.649352358484395
-110,370,0,4.649352358484395
-90,370,0,4.649352358484395
-70,370,0,4.649352358484395
-50,370,0,4.649352358484395
-30,370,0,4.649352358484395
-10,370,0,4.649352358484395
10,370,0,4.649352358484395
30,370,0,4.649352358484395
50,370,0,4.649352358484395
70,370,0,4.649352358484395
90,370,0,4.649352358484395
110,370,0,4.649352358484395
130,370,0,4.649352358484395
150,370,0,4.649352358484395
170,370,0,4.649352358484395
190,370,0,4.649352358484395
210,370,0,4.649352358484395
230,370,0,4.649352358484395
250,370,0,4.649352358484395
270,370,0,4.649352358484395
290,370,0,4.649352358484395
310,370,0,4.649352358484395
330,370,0,4.649352358484395
350,370,0,4.649352358484395
370,370,0,4.649352358484395
390,370,0,4.649352358484395
410,370,0,4.649352358484395
430,370,0,4.649352358484395
450,370,0,4.649352358484395
470,370,0,4.649352358484395
490,370,0,4.649352358484395
510,370,0,4.649352358484395
530,370,0,4.649352358484395
550,370,0,4.649352358484395
570,370,0,4.649352358484395
590,370,0,4.649352358484395
610,370,0,4.649352358484395
630,370,0,4.649352358484395
650,370,0,4.649352358484395
670,370,0,4.649352358484395
690,370,0,4.649352358484395
710,370,0,4.649352358484395
730,370,0,4.649352358484395
750,370,0,4.649352358484395
770,370,0,4.649352358484395
790,370,0,4.649352358484395
-790,390,0,4.649352358484395
-770,390,0,4.649352358484395
-750,390,0,4.649352358484395
-730,390,0,4.649352358484395
-710,390,0,4.649352358484395
-690,390,0,4.649352358484395
-670,390,0,4.649352358484395
-650,390,0,4.649352358484395
-630,390,0,4.649352358484395
-610,390,0,4.649352358484395
-590,390,0,4.649352358484395
-570,390,0,4.649352358484395
-550,390,0,4.649352358484395
-530,390,0,4.649352358484395
-510,390,0,4.649352358484395
-490,390,0,4.649352358484395
-470,390,0,4.649352358484395
-450,390,0,4.649352358484395
-430,390,0,4.649352358484395
-410,390,0,4.649352358484395
-390,390,0,4.649352358484395
-370,390,0,4.649352358484395
-350,390,0,4.649352358484395
-330,390,0,4.649352358484395
-310,390,0,4.649352358484395
-290,390,0,4.649352358484395
-270,390,0,4.649352358484395
-250,390,0,4.649352358484395
-230,390,0,4.649352358484395
-210,390,0,4.649352358484395
-190,390,0,4.649352358484395
-170,390,0,4.649352358484395
-150,390,0,4.649352358484395
-130,390,0,4.649352358484395
-110,390,0,4.649352358484395
-90,390,0,4.649352358484395
-70,390,0,4.649352358484395
-50,390,0,4.649352358484395
-30,390,0,4.649352358484395
-10,390,0,4.649352358484395
10,390,0,4.649352358484395
30,390,0,4.649352358484395
50,390,0,4.649352358484395
70,390,0,4.649352358484395
90,390,0,4.649352358484395
110,390,0,4.649352358484395
130,390,0,4.649352358484395
150,390,0,4.649352358484395
170,390,0,4.649352358484395
190,390,0,4.649352358484395
210,390,0,4.649352358484395
230,390,0,4.649352358484395
250,390,0,4.649352358484395
270,390,0,4.649352358484395
290,390,0,4.649352358484395
310,390,0,4.649352358484395
330,390,0,4.649352358484395
350,390,0,4.649352358484395
370,390,0,4.649352358484395
390,390,0,4.649352358484395
410,390,0,4.649352358484395
430,390,0,4.649352358484395
450,390,0,4.649352358484395
470,390,0,4.649352358484395
490,390,0,4.649352358484395
510,390,0,4.649352358484395
530,390,0,4.649352358484395
550,390,0,4.649352358484395
570,390,0,4.649352358484395
590,390,0,4.649352358484395
610,390,0,4.649352358484395
630,390,0,4.649352358484395
650,390,0,4.649352358484395
670,390,0,4.649352358484395
690,390,0,4.649352358484395
710,390,0,4.649352358484395
730,390,0,4.649352358484395
750,390,0,4.649352358484395
770,390,0,4.649352358484395
790,390,0,4.649352358484395
-790,410,0,4.649352358484395
-770,410,0,4.649352358484395
-750,410,0,4.649352358484395
-730,410,0,4.649352358484395
-710,410,0,4.649352358484395
-690,410,0,4.649352358484395
-670,410,0,4.649352358484395
-650,410,0,4.649352358484395
-630,410,0,4.649352358484395
-610,410,0,4.649352358484395
-590,410,0,4.649352358484395
-570,410,0,4.649352358484395
-550,410,0,4.649352358484395
-530,410,0,4.649352358484395
-510,410,0,4.649352358484395
-490,410,0,4.649352358484395
-470,410,0,4.649352358484395
-450,410,0,4.649352358484395
-430,410,0,4.649352358484395
-410,410,0,4.649352358484395
-390,410,0,4.649352358484395
-370,410,0,4.649352358484395
-350,410,0,4.649352358484395
-330,410,0,4.649352358484395
-310,410,0,4.649352358484395
-290,410,0,4.649352358484395
-270,410,0,4.649352358484395
-250,410,0,4.649352358484395
-230,410,0,4.649352358484395
-210,410,0,4.649352358484395
-190,410,0,4.649352358484395
-170,410,0,4.649352358484395
-150,410,0,4.649352358484395
-130,410,0,4.649352358484395
-110,410,0,4.649352358484395
-90,410,0,4.649352358484395
-70,410,0,4.649352358484395
-50,410,0,4.649352358484395
-30,410,0,4.649352358484395
-10,410,0,4.649352358484395
10,410,0,4.649352358484395
30,410,0,4.649352358484395
50,410,0,4.649352358484395
70,410,0,4.649352358484395
90,410,0,4.649352358484395
110,410,0,4.649352358484395
130,410,0,4.649352358484395
150,410,0,4.649352358484395
170,410,0,4.649352358484395
190,410,0,4.649352358484395
210,410,0,4.649352358484395
230,410,0,4.649352358484395
250,410,0,4.649352358484395
270,410,0,4.649352358484395
290,410,0,4.649352358484395
310,410,0,4.649352358484395
330,410,0,4.649352358484395
350,410,0,4.649352358484395
370,410,0,4.649352358484395
390,410,0,4.649352358484395
410,410,0,4.649352358484395
430,410,0,4.649352358484395
450,410,0,4.649352358484395
470,410,0,4.649352358484395
490,410,0,4.649352358484395
510,410,0,4.649352358484395
530,410,0,4.649352358484395
550,410,0,4.649352358484395
570,410,0,4.649352358484395
590,410,0,4.649352358484395
610,410,0,4.649352358484395
630,410,0,4.649352358484395
650,410,0,4.649352358484395
670,410,0,4.649352358484395
690,410,0,4.649352358484395
710,410,0,4.649352358484395
730,410,0,4.649352358484395
750,410,0,4.649352358484395
770,410,0,4.649352358484395
790,410,0,4.649352358484395
-790,430,0,4.649352358484395
-770,430,0,4.649352358484395
-750,430,0,4.649352358484395
-730,430,0,4.649352358484395
-710,430,0,4.649352358484395
-690,430,0,4.649352358484395
-670,430,0,4.649352358484395
-650,430,0,4.649352358484395
-630,430,0,4.649352358484395
-610,430,0,4.649352358484395
-590,430,0,4.649352358484395
-570,430,0,4.649352358484395
-550,430,0,4.649352358484395
-530,430,0,4.649352358484395
-510,430,0,4.649352358484395
-490,430,0,4.649352358484395
-470,430,0,4.649352358484395
-450,430,0,4.649352358484395
-430,430,0,4.649352358484395
-410,430,0,4.649352358484395
-390,430,0,4.649352358484395
-370,430,0,4.649352358484395
-350,430,0,4.649352358484395
-330,430,0,4.649352358484395
-310,430,0,4.649352358484395
-290,430,0,4.649352358484395
-270,430,0,4.649352358484395
-250,430,0,4.649352358484395
-230,430,0,4.649352358484395
-210,430,0,4.649352358484395
-190,430,0,4.649352358484395
-170,430,0,4.649352358484395
-150,430,0,4.649352358484395
-130,430,0,4.649352358484395
-110,430,0,4.649352358484395
-90,430,0,4.649352358484395
-70,430,0,4.649352358484395
-50,430,0,4.649352358484395
-30,430,0,4.649352358484395
-10,430,0,4.649352358484395
10,430,0,4.649352358484395
30,430,0,4.649352358484395
50,430,0,4.649352358484395
70,430,0,4.649352358484395
90,430,0,4.649352358484395
110,430,0,4.649352358484395
130,430,0,4.649352358484395
150,430,0,4.649352358484395
170,430,0,4.649352358484395
190,430,0,4.649352358484395
210,430,0,4.649352358484395
230,430,0,4.649352358484395
250,430,0,4.649352358484395
270,430,0,4.649352358484395
290,430,0,4.649352358484395
310,430,0,4.649352358484395
330,430,0,4.649352358484395
350,430,0,4.649352358484395
370,430,0,4.649352358484395
390,430,0,4.649352358484395
410,430,0,4.649352358484395
430,430,0,4.649352358484395
450,430,0,4.649352358484395
470,430,0,4.649352358484395
490,430,0,4.649352358484395
510,430,0,4.649352358484395
530,430,0,4.649352358484395
550,430,0,4.649352358484395
570,430,0,4.649352358484395
590,430,0,4.649352358484395
610,430,0,4.649352358484395
630,430,0,4.649352358484395
650,430,0,4.649352358484395
670,430,0,4.649352358484395
690,430,0,4.649352358484395
710,430,0,4.649352358484395
730,430,0,4.649352358484395
750,430,0,4.649352358484395
770,430,0,4.649352358484395
790,430,0,4.649352358484395
-790,450,0,4.649352358484395
-770,450,0,4.649352358484395
-750,450,0,4.649352358484395
-730,450,0,4.649352358484395
-710,450,0,4.649352358484395
-690,450,0,4.649352358484395
-670,450,0,4.649352358484395
-650,450,0,4.649352358484395
-630,450,0,4.649352358484395
-610,450,0,4.649352358484395
-590,450,0,4.649352358484395
-570,450,0,4.649352358484395
-550,450,0,4.649352358484395
-530,450,0,4.649352358484395
-510,450,0,4.649352358484395
-490,450,0,4.649352358484395
-470,450,0,4.649352358484395
-450,450,0,4.649352358484395
-430,450,0,4.649352358484395
-410,450,0,4.649352358484395
-390,450,0,4.649352358484395
-370,450,0,4.649352358484395
-350,450,0,4.649352358484395
-330,450,0,4.649352358484395
-310,450,0,4.649352358484395
-290,450,0,4.649352358484395
-270,450,0,4.649352358484395
-250,450,0,4.649352358484395
-230,450,0,4.649352358484395
-210,450,0,4.649352358484395
-190,450,0,4.649352358484395
-170,450,0,4.649352358484395
-150,450,0,4.649352358484395
-130,450,0,4.649352358484395
-110,450,0,4.649352358484395
-90,450,0,4.649352358484395
-70,450,0,4.649352358484395
-50,450,0,4.649352358484395
-30,450,0,4.649352358484395
-10,450,0,4.649352358484395
10,450,0,4.649352358484395
30,450,0,4.649352358484395
50,450,0,4.649352358484395
70,450,0,4.649352358484395
90,450,0,4.649352358484395
110,450,0,4.649352358484395
130,450,0,4.649352358484395
150,450,0,4.649352358484395
170,450,0,4.649352358484395
190,450,0,4.649352358484395
210,450,0,4.649352358484395
230,450,0,4.649352358484395
250,450,0,4.649352358484395
270,450,0,4.649352358484395
290,450,0,4.649352358484395
310,450,0,4.649352358484395
330,450,0,4.649352358484395
350,450,0,4.649352358484395
370,450,0,4.649352358484395
390,450,0,4.649352358484395
410,450,0,4.649352358484395
430,450,0,4.649352358484395
450,450,0,4.649352358484395
470,450,0,4.649352358484395
490,450,0,4.649352358484395
510,450,0,4.649352358484395
530,450,0,4.649352358484395
550,450,0,4.649352358484395
570,450,0,4.649352358484395
590,450,0,4.649352358484395
610,450,0,4.649352358484395
630,450,0,4.649352358484395
650,450,0,4.649352358484395
670,450,0,4.649352358484395
690,450,0,4.649352358484395
710,450,0,4.649352358484395
730,450,0,4.649352358484395
750,450,0,4.649352358484395
770,450,0,4.649352358484395
790,450,0,4.649352358484395
-790,470,0,4.649352358484395
-770,470,0,4.649352358484395
-750,470,0,4.649352358484395
-730,470,0,4.649352358484395
-710,470,0,4.649352358484395
-690,470,0,4.649352358484395
-670,470,0,4.649352358484395
-650,470,0,4.649352358484395
-630,470,0,4.649352358484395
-610,470,0,4.649352358484395
-590,470,0,4.649352358484395
-570,470,0,4.649352358484395
-550,470,0,4.649352358484395
-530,470,0,4.649352358484395
-510,470,0,4.649352358484395
-490,470,0,4.649352358484395
-470,470,0,4.649352358484395
-450,470,0,4.649352358484395
-430,470,0,4.649352358484395
-410,470,0,4.649352358484395
-390,470,0,4.649352358484395
-370,470,0,4.649352358484395
-350,470,0,4.649352358484395
-330,470,0,4.649352358484395
-310,470,0,4.649352358484395
-290,470,0,4.649352358484395
-270,470,0,4.649352358484395
-250,470,0,4.649352358484395
-230,470,0,4.649352358484395
-210,470,0,4.649352358484395
-190,470,0,4.649352358484395
-170,470,0,4.649352358484395
-150,470,0,4.649352358484395
-130,470,0,4.649352358484395
-110,470,0,4.649352358484395
-90,470,0,4.649352358484395
-70,470,0,4.649352358484395
-50,470,0,4.649352358484395
-30,470,0,4.649352358484395
-10,470,0,4.649352358484395
10,470,0,4.649352358484395
30,470,0,4.649352358484395
50,470,0,4.649352358484395
70,470,0,4.649352358484395
90,470,0,4.649352358484395
110,470,0,4.649352358484395
130,470,0,4.649352358484395
150,470,0,4.649352358484395
170,470,0,4.649352358484395
190,470,0,4.649352358484395
210,470,0,4.649352358484395
230,470,0,4.649352358484395
250,470,0,4.649352358484395
270,470,0,4.649352358484395
290,470,0,4.649352358484395
310,470,0,4.649352358484395
330,470,0,4.649352358484395
350,470,0,4.649352358484395
370,470,0,4.649352358484395
390,470,0,4.649352358484395
410,470,0,4.649352358484395
430,470,0,4.649352358484395
450,470,0,4.649352358484395
470,470,0,4.649352358484395
490,470,0,4.649352358484395
510,470,0,4.649352358484395
530,470,0,4.649352358484395
550,470,0,4.649352358484395
570,470,0,4.649352358484395
590,470,0,4.649352358484395
610,470,0,4.649352358484395
630,470,0,4.649352358484395
650,470,0,4.649352358484395
670,470,0,4.649352358484395
690,470,0,4.649352358484395
710,470,0,4.649352358484395
730,470,0,4.649352358484395
750,470,0,4.649352358484395
770,470,0,4.649352358484395
790,470,0,4.649352358484395
-790,490,0,4.649352358484395
-770,490,0,4.649352358484395
-750,490,0,4.649352358484395
-730,490,0,4.649352358484395
-710,490,0,4.649352358484395
-690,490,0,4.649352358484395
-670,490,0,4.649352358484395
-650,490,0,4.649352358484395
-630,490,0,4.649352358484395
-610,490,0,4.649352358484395
-590,490,0,4.649352358484395
-570,490,0,4.649352358484395
-550,490,0,4.649352358484395
-530,490,0,4.649352358484395
-510,490,0,4.649352358484395
-490,490,0,4.649352358484395
-470,490,0,4.649352358484395
-450,490,0,4.649352358484395
-430,490,0,4.649352358484395
-410,490,0,4.649352358484395
-390,490,0,4.649352358484395
-370,490,0,4.649352358484395
-350,490,0,4.649352358484395
-330,490,0,4.649352358484395
-310,490,0,4.649352358484395
-290,490,0,4.649352358484395
-270,490,0,4.649352358484395
-250,490,0,4.649352358484395
-230,490,0,4.649352358484395
-210,490,0,4.649352358484395
-190,490,0,4.649352358484395
-170,490,0,4.649352358484395
-150,490,0,4.649352358484395
-130,490,0,4.649352358484395
-110,490,0,4.649352358484395
-90,490,0,4.649352358484395
-70,490,0,4.649352358484395
-50,490,0,4.649352358484395
-30,490,0,4.649352358484395
-10,490,0,4.649352358484395
10,490,0,4.649352358484395
30,490,0,4.649352358484395
50,490,0,4.649352358484395
70,490,0,4.649352358484395
90,490,0,4.649352358484395
110,490,0,4.649352358484395
130,490,0,4.649352358484395
150,490,0,4.649352358484395
170,490,0,4.649352358484395
190,490,0,4.649352358484395
210,490,0,4.649352358484395
230,490,0,4.649352358484395
250,490,0,4.649352358484395
270,490,0,4.649352358484395
290,490,0,4.649352358484395
310,490,0,4.649352358484395
330,490,0,4.649352358484395
350,490,0,4.649352358484395
370,490,0,4.649352358484395
390,490,0,4.649352358484395
410,490,0,4.649352358484395
430,490,0,4.649352358484395
450,490,0,4.649352358484395
470,490,0,4.649352358484395
490,490,0,4.649352358484395
510,490,0,4.649352358484395
530,490,0,4.649352358484395
550,490,0,4.649352358484395
570,490,0,4.649352358484395
590,490,0,4.649352358484395
610,490,0,4.649352358484395
630,490,0,4.649352358484395
650,490,0,4.649352358484395
670,490,0,4.649352358484395
690,490,0,4.649352358484395
710,490,0,4.649352358484395
730,490,0,4.649352358484395
750,490,0,4.649352358484395
770,490,0,4.649352358484395
790,490,0,4.649352358484395
-790,510,0,4.649352358484395
-770,510,0,4.649352358484395
-750,510,0,4.649352358484395
-730,510,0,4.649352358484395
-710,510,0,4.649352358484395
-690,510,0,4.649352358484395
-670,510,0,4.649352358484395
-650,510,0,4.649352358484395
-630,510,0,4.649352358484395
-610,510,0,4.649352358484395
-590,510,0,4.649352358484395
-570,510,0,4.649352358484395
-550,510,0,4.649352358484395
-530,510,0,4.649352358484395
-510,510,0,4.649352358484395
-490,510,0,4.649352358484395
-470,510,0,4.649352358484395
-450,510,0,4.649352358484395
-430,510,0,4.649352358484395
-410,510,0,4.649352358484395
-390,510,0,4.649352358484395
-370,510,0,4.649352358484395
-350,510,0,4.649352358484395
-330,510,0,4.649352358484395
-310,510,0,4.649352358484395
-290,510,0,4.649352358484395
-270,510,0,4.649352358484395
-250,510,0,4.649352358484395
-230,510,0,4.649352358484395
-210,510,0,4.649352358484395
-190,510,0,4.649352358484395
-170,510,0,4.649352358484395
-150,510,0,4.649352358484395
-130,510,0,4.649352358484395
-110,510,0,4.649352358484395
-90,510,0,4.649352358484395
-70,510,0,4.649352358484395
-50,510,0,4.649352358484395
-30,510,0,4.649352358484395
-10,510,0,4.649352358484395
10,510,0,4.649352358484395
30,510,0,4.649352358484395
50,510,0,4.649352358484395
70,510,0,4.649352358484395
90,510,0,4.649352358484395
110,510,0,4.649352358484395
130,510,0,4.649352358484395
150,510,0,4.649352358484395
170,510,0,4.649352358484395
190,510,0,4.649352358484395
210,510,0,4.649352358484395
230,510,0,4.649352358484395
250,510,0,4.649352358484395
270,510,0,4.649352358484395
290,510,0,4.649352358484395
310,510,0,4.649352358484395
330,510,0,4.649352358484395
350,510,0,4.649352358484395
370,510,0,4.649352358484395
390,510,0,4.649352358484395
410,510,0,4.649352358484395
430,510,0,4.649352358484395
450,510,0,4.649352358484395
470,510,0,4.649352358484395
490,510,0,4.649352358484395
510,510,0,4.649352358484395
530,510,0,4.649352358484395
550,510,0,4.649352358484395
570,510,0,4.649352358484395
590,510,0,4.649352358484395
610,510,0,4.649352358484395
630,510,0,4.649352358484395
650,510,0,4.649352358484395
670,510,0,4.649352358484395
690,510,0,4.649352358484395
710,510,0,4.649352358484395
730,510,0,4.649352358484395
750,510,0,4.649352358484395
770,510,0,4.649352358484395
790,510,0,4.649352358484395
-790,530,0,4.649352358484395
-770,530,0,4.649352358484395
-750,530,0,4.649352358484395
-730,530,0,4.649352358484395
-710,530,0,4.649352358484395
-690,530,0,4.649352358484395
-670,530,0,4.649352358484395
-650,530,0,4.649352358484395
-630,530,0,4.649352358484395
-610,530,0,4.649352358484395
-590,530,0,4.649352358484395
-570,530,0,4.649352358484395
-550,530,0,4.649352358484395
-530,530,0,4.649352358484395
-510,530,0,4.649352358484395
-490,530,0,4.649352358484395
-470,530,0,4.649352358484395
-450,530,0,4.649352358484395
-430,530,0,4.649352358484395
-410,530,0,4.649352358484395
-390,530,0,4.649352358484395
-370,530,0,4.649352358484395
-350,530,0,4.649352358484395
-330,530,0,4.649352358484395
-310,530,0,4.649352358484395
-290,530,0,4.649352358484395
-270,530,0,4.649352358484395
-250,530,0,4.649352358484395
-230,530,0,4.649352358484395
-210,530,0,4.649352358484395
-190,530,0,4.649352358484395
-170,530,0,4.649352358484395
-150,530,0,4.649352358484395
-130,530,0,4.649352358484395
-110,530,0,4.649352358484395
-90,530,0,4.649352358484395
-70,530,0,4.649352358484395
-50,530,0,4.649352358484395
-30,530,0,4.649352358484395
-10,530,0,4.649352358484395
10,530,0,4.649352358484395
30,530,0,4.649352358484395
50,530,0,4.649352358484395
70,530,0,4.649352358484395
90,530,0,4.649352358484395
110,530,0,4.649352358484395
130,530,0,4.649352358484395
150,530,0,4.649352358484395
170,530,0,4.649352358484395
190,530,0,4.649352358484395
210,530,0,4.649352358484395
230,530,0,4.649352358484395
250,530,0,4.649352358484395
270,530,0,4.649352358484395
290,530,0,4.649352358484395
310,530,0,4.649352358484395
330,530,0,4.649352358484395
350,530,0,4.649352358484395
370,530,0,4.649352358484395
390,530,0,4.649352358484395
410,530,0,4.649352358484395
430,530,0,4.649352358484395
450,530,0,4.649352358484395
470,530,0,4.649352358484395
490,530,0,4.649352358484395
510,530,0,4.649352358484395
530,530,0,4.649352358484395
550,530,0,4.649352358484395
570,530,0,4.649352358484395
590,530,0,4.649352358484395
610,530,0,4.649352358484395
630,530,0,4.649352358484395
650,530,0,4.649352358484395
670,530,0,4.649352358484395
690,530,0,4.649352358484395
710,530,0,4.649352358484395
730,530,0,4.649352358484395
750,530,0,4.649352358484395
770,530,0,4.649352358484395
790,530,0,4.649352358484395
-790,550,0,4.649352358484395
-770,550,0,4.649352358484395
-750,550,0,4.649352358484395
-730,550,0,4.649352358484395
-710,550,0,4.649352358484395
-690,550,0,4.649352358484395
-670,550,0,4.649352358484395
-650,550,0,4.649352358484395
-630,550,0,4.649352358484395
-610,550,0,4.649352358484395
-590,550,0,4.649352358484395
-570,550,0,4.649352358484395
-550,550,0,4.649352358484395
-530,550,0,4.649352358484395
-510,550,0,4.649352358484395
-490,550,0,4.649352358484395
-470,550,0,4.649352358484395
-450,550,0,4.649352358484395
-430,550,0,4.649352358484395
-410,550,0,4.649352358484395
-390,550,0,4.649352358484395
-370,550,0,4.649352358484395
-350,550,0,4.649352358484395
-330,550,0,4.649352358484395
-310,550,0,4.649352358484395
-290,550,0,4.649352358484395
-270,550,0,4.649352358484395
-250,550,0,4.649352358484395
-230,550,0,4.649352358484395
-210,550,0,4.649352358484395
-190,550,0,4.649352358484395
-170,550,0,4.649352358484395
-150,550,0,4.649352358484395
-130,550,0,4.649352358484395
-110,550,0,4.649352358484395
-90,550,0,4.649352358484395
-70,550,0,4.649352358484395
-50,550,0,4.649352358484395
-30,550,0,4.649352358484395
-10,550,0,4.649352358484395
10,550,0,4.649352358484395
30,550,0,4.649352358484395
50,550,0,4.649352358484395
70,550,0,4.649352358484395
90,550,0,4.649352358484395
110,550,0,4.649352358484395
130,550,0,4.649352358484395
150,550,0,4.649352358484395
170,550,0,4.649352358484395
190,550,0,4.649352358484395
210,550,0,4.649352358484395
230,550,0,4.649352358484395
250,550,0,4.649352358484395
270,550,0,4.649352358484395
290,550,0,4.649352358484395
310,550,0,4.649352358484395
330,550,0,4.649352358484395
350,550,0,4.649352358484395
370,550,0,4.649352358484395
390,550,0,4.649352358484395
410,550,0,4.649352358484395
430,550,0,4.649352358484395
450,550,0,4.649352358484395
470,550,0,4.649352358484395
490,550,0,4.649352358484395
510,550,0,4.649352358484395
530,550,0,4.649352358484395
550,550,0,4.649352358484395
570,550,0,4.649352358484395
590,550,0,4.649352358484395
610,550,0,4.649352358484395
630,550,0,4.649352358484395
650,550,0,4.649352358484395
670,550,0,4.649352358484395
690,550,0,4.649352358484395
710,550,0,4.649352358484395
730,550,0,4.649352358484395
750,550,0,4.649352358484395
770,550,0,4.649352358484395
790,550,0,4.649352358484395
-790,570,0,4.649352358484395
-770,570,0,4.649352358484395
-750,570,0,4.649352358484395
-730,570,0,4.649352358484395
-710,570,0,4.649352358484395
-690,570,0,4.649352358484395
-670,570,0,4.649352358484395
-650,570,0,4.649352358484395
-630,570,0,4.649352358484395
-610,570,0,4.649352358484395
-590,570,0,4.649352358484395
-570,570,0,4.649352358484395
-550,570,0,4.649352358484395
-530,570,0,4.649352358484395
-510,570,0,4.649352358484395
-490,570,0,4.649352358484395
-470,570,0,4.649352358484395
-450,570,0,4.649352358484395
-430,570,0,4.649352358484395
-410,570,0,4.649352358484395
-390,570,0,4.649352358484395
-370,570,0,4.649352358484395
-350,570,0,4.649352358484395
-330,570,0,4.649352358484395
-310,570,0,4.649352358484395
-290,570,0,4.649352358484395
-270,570,0,4.649352358484395
-250,570,0,4.649352358484395
-230,570,0,4.649352358484395
-210,570,0,4.649352358484395
-190,570,0,4.649352358484395
-170,570,0,4.649352358484395
-150,570,0,4.649352358484395
-130,570,0,4.649352358484395
-110,570,0,4.649352358484395
-90,570,0,4.649352358484395
-70,570,0,4.649352358484395
-50,570,0,4.649352358484395
-30,570,0,4.649352358484395
-10,570,0,4.649352358484395
10,570,0,4.649352358484395
30,570,0,4.649352358484395
50,570,0,4.649352358484395
70,570,0,4.649352358484395
90,570,0,4.649352358484395
110,570,0,4.649352358484395
130,570,0,4.649352358484395
150,570,0,4.649352358484395
170,570,0,4.649352358484395
190,570,0,4.649352358484395
210,570,0,4.649352358484395
230,570,0,4.649352358484395
250,570,0,4.649352358484395
270,570,0,4.649352358484395
290,570,0,4.649352358484395
310,570,0,4.649352358484395
330,570,0,4.649352358484395
350,570,0,4.649352358484395
370,570,0,4.649352358484395
390,570,0,4.649352358484395
410,570,0,4.649352358484395
430,570,0,4.649352358484395
450,570,0,4.649352358484395
470,570,0,4.649352358484395
490,570,0,4.649352358484395
510,570,0,4.649352358484395
530,570,0,4.649352358484395
550,570,0,4.649352358484395
570,570,0,4.649352358484395
590,570,0,4.649352358484395
610,570,0,4.649352358484395
630,570,0,4.649352358484395
650,570,0,4.649352358484395
670,570,0,4.649352358484395
690,570,0,4.649352358484395
710,570,0,4.649352358484395
730,570,0,4.649352358484395
750,570,0,4.649352358484395
770,570,0,4.649352358484395
790,570,0,4.649352358484395
-790,590,0,4.649352358484395
-770,590,0,4.649352358484395
-750,590,0,4.649352358484395
-730,590,0,4.649352358484395
-710,590,0,4.649352358484395
-690,590,0,4.649352358484395
-670,590,0,4.649352358484395
-650,590,0,4.649352358484395
-630,590,0,4.649352358484395
-610,590,0,4.649352358484395
-590,590,0,4.649352358484395
-570,590,0,4.649352358484395
-550,590,0,4.649352358484395
-530,590,0,4.649352358484395
-510,590,0,4.649352358484395
-490,590,0,4.649352358484395
-470,590,0,4.649352358484395
-450,590,0,4.649352358484395
-430,590,0,4.649352358484395
-410,590,0,4.649352358484395
-390,590,0,4.649352358484395
-370,590,0,4.649352358484395
-350,590,0,4.649352358484395
-330,590,0,4.649352358484395
-310,590,0,4.649352358484395
-290,590,0,4.649352358484395
-270,590,0,4.649352358484395
-250,590,0,4.649352358484395
-230,590,0,4.649352358484395
-210,590,0,4.649352358484395
-190,590,0,4.649352358484395
-170,590,0,4.649352358484395
-150,590,0,4.649352358484395
-130,590,0,4.649352358484395
-110,590,0,4.649352358484395
-90,590,0,4.649352358484395
-70,590,0,4.649352358484395
-50,590,0,4.649352358484395
-30,590,0,4.649352358484395
-10,590,0,4.649352358484395
10,590,0,4.649352358484395
30,590,0,4.649352358484395
50,590,0,4.649352358484395
70,590,0,4.649352358484395
90,590,0,4.649352358484395
110,590,0,4.649352358484395
130,590,0,4.649352358484395
150,590,0,4.649352358484395
170,590,0,4.649352358484395
190,590,0,4.649352358484395
210,590,0,4.649352358484395
230,590,0,4.649352358484395
250,590,0,4.649352358484395
270,590,0,4.649352358484395
290,590,0,4.649352358484395
310,590,0,4.649352358484395
330,590,0,4.649352358484395
350,590,0,4.649352358484395
370,590,0,4.649352358484395
390,590,0,4.649352358484395
410,590,0,4.649352358484395
430,590,0,4.649352358484395
450,590,0,4.649352358484395
470,590,0,4.649352358484395
490,590,0,4.649352358484395
510,590,0,4.649352358484395
530,590,0,4.649352358484395
550,590,0,4.649352358484395
570,590,0,4.649352358484395
590,590,0,4.649352358484395
610,590,0,4.649352358484395
630,590,0,4.649352358484395
650,590,0,4.649352358484395
670,590,0,4.649352358484395
690,590,0,4.649352358484395
710,590,0,4.649352358484395
730,590,0,4.649352358484395
750,590,0,4.649352358484395
770,590,0,4.649352358484395
790,590,0,4.649352358484395
-790,610,0,4.649352358484395
-770,610,0,4.649352358484395
-750,610,0,4.649352358484395
-730,610,0,4.649352358484395
-710,610,0,4.649352358484395
-690,610,0,4.649352358484395
-670,610,0,4.649352358484395
-650,610,0,4.649352358484395
-630,610,0,4.649352358484395
-610,610,0,4.649352358484395
-590,610,0,4.649352358484395
-570,610,0,4.649352358484395
-550,610,0,4.649352358484395
-530,610,0,4.649352358484395
-510,610,0,4.649352358484395
-490,610,0,4.649352358484395
-470,610,0,4.649352358484395
-450,610,0,4.649352358484395
-430,610,0,4.649352358484395
-410,610,0,4.649352358484395
-390,610,0,4.649352358484395
-370,610,0,4.649352358484395
-350,610,0,4.649352358484395
-330,610,0,4.649352358484395
-310,610,0,4.649352358484395
-290,610,0,4.649352358484395
-270,610,0,4.649352358484395
-250,610,0,4.649352358484395
-230,610,0,4.649352358484395
-210,610,0,4.649352358484395
-190,610,0,4.649352358484395
-170,610,0,4.649352358484395
-150,610,0,4.649352358484395
-130,610,0,4.649352358484395
-110,610,0,4.649352358484395
-90,610,0,4.649352358484395
-70,610,0,4.649352358484395
-50,610,0,4.649352358484395
-30,610,0,4.649352358484395
-10,610,0,4.649352358484395
10,610,0,4.649352358484395
30,610,0,4.649352358484395
50,610,0,4.649352358484395
70,610,0,4.649352358484395
90,610,0,4.649352358484395
110,610,0,4.649352358484395
130,610,0,4.649352358484395
150,610,0,4.649352358484395
170,610,0,4.649352358484395
190,610,0,4.649352358484395
210,610,0,4.649352358484395
230,610,0,4.649352358484395
250,610,0,4.649352358484395
270,610,0,4.649352358484395
290,610,0,4.649352358484395
310,610,0,4.649352358484395
330,610,0,4.649352358484395
350,610,0,4.649352358484395
370,610,0,4.649352358484395
390,610,0,4.649352358484395
410,610,0,4.649352358484395
430,610,0,4.649352358484395
450,610,0,4.649352358484395
470,610,0,4.649352358484395
490,610,0,4.649352358484395
510,610,0,4.649352358484395
530,610,0,4.649352358484395
550,610,0,4.649352358484395
570,610,0,4.649352358484395
590,610,0,4.649352358484395
610,610,0,4.649352358484395
630,610,0,4.649352358484395
650,610,0,4.649352358484395
670,610,0,4.649352358484395
690,610,0,4.649352358484395
710,610,0,4.649352358484395
730,610,0,4.649352358484395
750,610,0,4.649352358484395
770,610,0,4.649352358484395
790,610,0,4.649352358484395
-790,630,0,4.649352358484395
-770,630,0,4.649352358484395
-750,630,0,4.649352358484395
-730,630,0,4.649352358484395
-710,630,0,4.649352358484395
-690,630,0,4.649352358484395
-670,630,0,4.649352358484395
-650,630,0,4.649352358484395
-630,630,0,4.649352358484395
-610,630,0,4.649352358484395
-590,630,0,4.649352358484395
-570,630,0,4.649352358484395
-550,630,0,4.649352358484395
-530,630,0,4.649352358484395
-510,630,0,4.649352358484395
-490,630,0,4.649352358484395
-470,630,0,4.649352358484395
-450,630,0,4.649352358484395
-430,630,0,4.649352358484395
-410,630,0,4.649352358484395
-390,630,0,4.649352358484395
-370,630,0,4.649352358484395
-350,630,0,4.649352358484395
-330,630,0,4.649352358484395
-310,630,0,4.649352358484395
-290,630,0,4.649352358484395
-270,630,0,4.649352358484395
-250,630,0,4.649352358484395
-230,630,0,4.649352358484395
-210,630,0,4.649352358484395
-190,630,0,4.649352358484395
-170,630,0,4.649352358484395
-150,630,0,4.649352358484395
-130,630,0,4.649352358484395
-110,630,0,4.649352358484395
-90,630,0,4.649352358484395
-70,630,0,4.649352358484395
-50,630,0,4.649352358484395
-30,630,0,4.649352358484395
-10,630,0,4.649352358484395
10,630,0,4.649352358484395
30,630,0,4.649352358484395
50,630,0,4.649352358484395
70,630,0,4.649352358484395
90,630,0,4.649352358484395
110,630,0,4.649352358484395
130,630,0,4.649352358484395
150,630,0,4.649352358484395
170,630,0,4.649352358484395
190,630,0,4.649352358484395
210,630,0,4.649352358484395
230,630,0,4.649352358484395
250,630,0,4.649352358484395
270,630,0,4.649352358484395
290,630,0,4.649352358484395
310,630,0,4.649352358484395
330,630,0,4.649352358484395
350,630,0,4.649352358484395
370,630,0,4.649352358484395
390,630,0,4.649352358484395
410,630,0,4.649352358484395
430,630,0,4.649352358484395
450,630,0,4.649352358484395
470,630,0,4.649352358484395
490,630,0,4.649352358484395
510,630,0,4.649352358484395
530,630,0,4.649352358484395
550,630,0,4.649352358484395
570,630,0,4.649352358484395
590,630,0,4.649352358484395
610,630,0,4.649352358484395
630,630,0,4.649352358484395
650,630,0,4.649352358484395
670,630,0,4.649352358484395
690,630,0,4.649352358484395
710,630,0,4.649352358484395
730,630,0,4.649352358484395
750,630,0,4.649352358484395
770,630,0,4.649352358484395
790,630,0,4.649352358484395
-790,650,0,4.649352358484395
-770,650,0,4.649352358484395
-750,650,0,4.649352358484395
-730,650,0,4.649352358484395
-710,650,0,4.649352358484395
-690,650,0,4.649352358484395
-670,650,0,4.649352358484395
-650,650,0,4.649352358484395
-630,650,0,4.649352358484395
-610,650,0,4.649352358484395
-590,650,0,4.649352358484395
-570,650,0,4.649352358484395
-550,650,0,4.649352358484395
-530,650,0,4.649352358484395
-510,650,0,4.649352358484395
-490,650,0,4.649352358484395
-470,650,0,4.649352358484395
-450,650,0,4.649352358484395
-430,650,0,4.649352358484395
-410,650,0,4.649352358484395
-390,650,0,4.649352358484395
-370,650,0,4.649352358484395
-350,650,0,4.649352358484395
-330,650,0,4.649352358484395
-310,650,0,4.649352358484395
-290,650,0,4.649352358484395
-270,650,0,4.649352358484395
-250,650,0,4.649352358484395
-230,650,0,4.649352358484395
-210,650,0,4.649352358484395
-190,650,0,4.649352358484395
-170,650,0,4.649352358484395
-150,650,0,4.649352358484395
-130,650,0,4.649352358484395
-110,650,0,4.649352358484395
-90,650,0,4.649352358484395
-70,650,0,4.649352358484395
-50,650,0,4.649352358484395
-30,650,0,4.649352358484395
-10,650,0,4.649352358484395
10,650,0,4.649352358484395
30,650,0,4.649352358484395
50,650,0,4.649352358484395
70,650,0,4.649352358484395
90,650,0,4.649352358484395
110,650,0,4.649352358484395
130,650,0,4.649352358484395
150,650,0,4.649352358484395
170,650,0,4.649352358484395
190,650,0,4.649352358484395
210,650,0,4.649352358484395
230,650,0,4.649352358484395
250,650,0,4.649352358484395
270,650,0,4.649352358484395
290,650,0,4.649352358484395
310,650,0,4.649352358484395
330,650,0,4.649352358484395
350,650,0,4.649352358484395
370,650,0,4.649352358484395
390,650,0,4.649352358484395
410,650,0,4.649352358484395
430,650,0,4.649352358484395
450,650,0,4.649352358484395
470,650,0,4.649352358484395
490,650,0,4.649352358484395
510,650,0,4.649352358484395
530,650,0,4.649352358484395
550,650,0,4.649352358484395
570,650,0,4.649352358484395
590,650,0,4.649352358484395
610,650,0,4.649352358484395
630,650,0,4.649352358484395
650,650,0,4.649352358484395
670,650,0,4.649352358484395
690,650,0,4.649352358484395
710,650,0,4.649352358484395
730,650,0,4.649352358484395
750,650,0,4.649352358484395
770,650,0,4.649352358484395
790,650,0,4.649352358484395
-790,670,0,4.649352358484395
-770,670,0,4.649352358484395
-750,670,0,4.649352358484395
-730,670,0,4.649352358484395
-710,670,0,4.649352358484395
-690,670,0,4.649352358484395
-670,670,0,4.649352358484395
-650,670,0,4.649352358484395
-630,670,0,4.649352358484395
-610,670,0,4.649352358484395
-590,670,0,4.649352358484395
-570,670,0,4.649352358484395
-550,670,0,4.649352358484395
-530,670,0,4.649352358484395
-510,670,0,4.649352358484395
-490,670,0,4.649352358484395
-470,670,0,4.649352358484395
-450,670,0,4.649352358484395
-430,670,0,4.649352358484395
-410,670,0,4.649352358484395
-390,670,0,4.649352358484395
-370,670,0,4.649352358484395
-350,670,0,4.649352358484395
-330,670,0,4.649352358484395
-310,670,0,4.649352358484395
-290,670,0,4.649352358484395
-270,670,0,4.649352358484395
-250,670,0,4.649352358484395
-230,670,0,4.649352358484395
-210,670,0,4.649352358484395
-190,670,0,4.649352358484395
-170,670,0,4.649352358484395
-150,670,0,4.649352358484395
-130,670,0,4.649352358484395
-110,670,0,4.649352358484395
-90,670,0,4.649352358484395
-70,670,0,4.649352358484395
-50,670,0,4.649352358484395
-30,670,0,4.649352358484395
-10,670,0,4.649352358484395
10,670,0,4.649352358484395
30,670,0,4.649352358484395
50,670,0,4.649352358484395
70,670,0,4.649352358484395
90,670,0,4.649352358484395
110,670,0,4.649352358484395
130,670,0,4.649352358484395
150,670,0,4.649352358484395
170,670,0,4.649352358484395
190,670,0,4.649352358484395
210,670,0,4.649352358484395
230,670,0,4.649352358484395
250,670,0,4.649352358484395
270,670,0,4.649352358484395
290,670,0,4.649352358484395
310,670,0,4.649352358484395
330,670,0,4.649352358484395
350,670,0,4.649352358484395
370,670,0,4.649352358484395
390,670,0,4.649352358484395
410,670,0,4.649352358484395
430,670,0,4.649352358484395
450,670,0,4.649352358484395
470,670,0,4.649352358484395
490,670,0,4.649352358484395
510,670,0,4.649352358484395
530,670,0,4.649352358484395
550,670,0,4.649352358484395
570,670,0,4.649352358484395
590,670,0,4.649352358484395
610,670,0,4.649352358484395
630,670,0,4.649352358484395
650,670,0,4.649352358484395
670,670,0,4.649352358484395
690,670,0,4.649352358484395
710,670,0,4.649352358484395
730,670,0,4.649352358484395
750,670,0,4.649352358484395
770,670,0,4.649352358484395
790,670,0,4.649352358484395
-790,690,0,4.649352358484395
-770,690,0,4.649352358484395
-750,690,0,4.649352358484395
-730,690,0,4.649352358484395
-710,690,0,4.649352358484395
-690,690,0,4.649352358484395
-670,690,0,4.649352358484395
-650,690,0,4.649352358484395
-630,690,0,4.649352358484395
-610,690,0,4.649352358484395
-590,690,0,4.649352358484395
-570,690,0,4.649352358484395
-550,690,0,4.649352358484395
-530,690,0,4.649352358484395
-510,690,0,4.649352358484395
-490,690,0,4.649352358484395
-470,690,0,4.649352358484395
-450,690,0,4.649352358484395
-430,690,0,4.649352358484395
-410,690,0,4.649352358484395
-390,690,0,4.649352358484395
-370,690,0,4.649352358484395
-350,690,0,4.649352358484395
-330,690,0,4.649352358484395
-310,690,0,4.649352358484395
-290,690,0,4.649352358484395
-270,690,0,4.649352358484395
-250,690,0,4.649352358484395
-230,690,0,4.649352358484395
-210,690,0,4.649352358484395
-190,690,0,4.649352358484395
-170,690,0,4.649352358484395
-150,690,0,4.649352358484395
-130,690,0,4.649352358484395
-110,690,0,4.649352358484395
-90,690,0,4.649352358484395
-70,690,0,4.649352358484395
-50,690,0,4.649352358484395
-30,690,0,4.649352358484395
-10,690,0,4.649352358484395
10,690,0,4.649352358484395
30,690,0,4.649352358484395
50,690,0,4.649352358484395
70,690,0,4.649352358484395
90,690,0,4.649352358484395
110,690,0,4.649352358484395
130,690,0,4.649352358484395
150,690,0,4.649352358484395
170,690,0,4.649352358484395
190,690,0,4.649352358484395
210,690,0,4.649352358484395
230,690,0,4.649352358484395
250,690,0,4.649352358484395
270,690,0,4.649352358484395
290,690,0,4.649352358484395
310,690,0,4.649352358484395
330,690,0,4.649352358484395
350,690,0,4.649352358484395
370,690,0,4.649352358484395
390,690,0,4.649352358484395
410,690,0,4.649352358484395
430,690,0,4.649352358484395
450,690,0,4.649352358484395
470,690,0,4.649352358484395
490,690,0,4.649352358484395
510,690,0,4.649352358484395
530,690,0,4.649352358484395
550,690,0,4.649352358484395
570,690,0,4.649352358484395
590,690,0,4.649352358484395
610,690,0,4.649352358484395
630,690,0,4.649352358484395
650,690,0,4.649352358484395
670,690,0,4.649352358484395
690,690,0,4.649352358484395
710,690,0,4.649352358484395
730,690,0,4.649352358484395
750,690,0,4.649352358484395
770,690,0,4.649352358484395
790,690,0,4.649352358484395
-790,710,0,4.649352358484395
-770,710,0,4.649352358484395
-750,710,0,4.649352358484395
-730,710,0,4.649352358484395
-710,710,0,4.649352358484395
-690,710,0,4.649352358484395
-670,710,0,4.649352358484395
-650,710,0,4.649352358484395
-630,710,0,4.649352358484395
-610,710,0,4.649352358484395
-590,710,0,4.649352358484395
-570,710,0,4.649352358484395
-550,710,0,4.649352358484395
-530,710,0,4.649352358484395
-510,710,0,4.649352358484395
-490,710,0,4.649352358484395
-470,710,0,4.649352358484395
-450,710,0,4.649352358484395
-430,710,0,4.649352358484395
-410,710,0,4.649352358484395
-390,710,0,4.649352358484395
-370,710,0,4.649352358484395
-350,710,0,4.649352358484395
-330,710,0,4.649352358484395
-310,710,0,4.649352358484395
-290,710,0,4.649352358484395
-270,710,0,4.649352358484395
-250,710,0,4.649352358484395
-230,710,0,4.649352358484395
-210,710,0,4.649352358484395
-190,710,0,4.649352358484395
-170,710,0,4.649352358484395
-150,710,0,4.649352358484395
-130,710,0,4.649352358484395
-110,710,0,4.649352358484395
-90,710,0,4.649352358484395
-70,710,0,4.649352358484395
-50,710,0,4.649352358484395
-30,710,0,4.649352358484395
-10,710,0,4.649352358484395
10,710,0,4.649352358484395
30,710,0,4.649352358484395
50,710,0,4.649352358484395
70,710,0,4.649352358484395
90,710,0,4.649352358484395
110,710,0,4.649352358484395
130,710,0,4.649352358484395
150,710,0,4.649352358484395
170,710,0,4.649352358484395
190,710,0,4.649352358484395
210,710,0,4.649352358484395
230,710,0,4.649352358484395
250,710,0,4.649352358484395
270,710,0,4.649352358484395
290,710,0,4.649352358484395
310,710,0,4.649352358484395
330,710,0,4.649352358484395
350,710,0,4.649352358484395
370,710,0,4.649352358484395
390,710,0,4.649352358484395
410,710,0,4.649352358484395
430,710,0,4.649352358484395
450,710,0,4.649352358484395
470,710,0,4.649352358484395
490,710,0,4.649352358484395
510,710,0,4.649352358484395
530,710,0,4.649352358484395
550,710,0,4.649352358484395
570,710,0,4.649352358484395
590,710,0,4.649352358484395
610,710,0,4.649352358484395
630,710,0,4.649352358484395
650,710,0,4.649352358484395
670,710,0,4.649352358484395
690,710,0,4.649352358484395
710,710,0,4.649352358484395
730,710,0,4.649352358484395
750,710,0,4.649352358484395
770,710,0,4.649352358484395
790,710,0,4.649352358484395
-790,730,0,4.649352358484395
-770,730,0,4.649352358484395
-750,730,0,4.649352358484395
-730,730,0,4.649352358484395
-710,730,0,4.649352358484395
-690,730,0,4.649352358484395
-670,730,0,4.649352358484395
-650,730,0,4.649352358484395
-630,730,0,4.649352358484395
-610,730,0,4.649352358484395
-590,730,0,4.649352358484395
-570,730,0,4.649352358484395
-550,730,0,4.649352358484395
-530,730,0,4.649352358484395
-510,730,0,4.649352358484395
-490,730,0,4.649352358484395
-470,730,0,4.649352358484395
-450,730,0,4.649352358484395
-430,730,0,4.649352358484395
-410,730,0,4.649352358484395
-390,730,0,4.649352358484395
-370,730,0,4.649352358484395
-350,730,0,4.649352358484395
-330,730,0,4.649352358484395
-310,730,0,4.649352358484395
-290,730,0,4.649352358484395
-270,730,0,4.649352358484395
-250,730,0,4.649352358484395
-230,730,0,4.649352358484395
-210,730,0,4.649352358484395
-190,730,0,4.649352358484395
-170,730,0,4.649352358484395
-150,730,0,4.649352358484395
-130,730,0,4.649352358484395
-110,730,0,4.649352358484395
-90,730,0,4.649352358484395
-70,730,0,4.649352358484395
-50,730,0,4.649352358484395
-30,730,0,4.649352358484395
-10,730,0,4.649352358484395
10,730,0,4.649352358484395
30,730,0,4.649352358484395
50,730,0,4.649352358484395
70,730,0,4.649352358484395
90,730,0,4.649352358484395
110,730,0,4.649352358484395
130,730,0,4.649352358484395
150,730,0,4.649352358484395
170,730,0,4.649352358484395
190,730,0,4.649352358484395
210,730,0,4.649352358484395
230,730,0,4.649352358484395
250,730,0,4.649352358484395
270,730,0,4.649352358484395
290,730,0,4.649352358484395
310,730,0,4.649352358484395
330,730,0,4.649352358484395
350,730,0,4.649352358484395
370,730,0,4.649352358484395
390,730,0,4.649352358484395
410,730,0,4.649352358484395
430,730,0,4.649352358484395
450,730,0,4.649352358484395
470,730,0,4.649352358484395
490,730,0,4.649352358484395
510,730,0,4.649352358484395
530,730,0,4.649352358484395
550,730,0,4.649352358484395
570,730,0,4.649352358484395
590,730,0,4.649352358484395
610,730,0,4.649352358484395
630,730,0,4.649352358484395
650,730,0,4.649352358484395
670,730,0,4.649352358484395
690,730,0,4.649352358484395
710,730,0,4.649352358484395
730,730,0,4.649352358484395
750,730,0,4.649352358484395
770,730,0,4.649352358484395
790,730,0,4.649352358484395
-790,750,0,4.649352358484395
-770,750,0,4.649352358484395
-750,750,0,4.649352358484395
-730,750,0,4.649352358484395
-710,750,0,4.649352358484395
-690,750,0,4.649352358484395
-670,750,0,4.649352358484395
-650,750,0,4.649352358484395
-630,750,0,4.649352358484395
-610,750,0,4.649352358484395
-590,750,0,4.649352358484395
-570,750,0,4.649352358484395
-550,750,0,4.649352358484395
-530,750,0,4.649352358484395
-510,750,0,4.649352358484395
-490,750,0,4.649352358484395
-470,750,0,4.649352358484395
-450,750,0,4.649352358484395
-430,750,0,4.649352358484395
-410,750,0,4.649352358484395
-390,750,0,4.649352358484395
-370,750,0,4.649352358484395
-350,750,0,4.649352358484395
-330,750,0,4.649352358484395
-310,750,0,4.649352358484395
-290,750,0,4.649352358484395
-270,750,0,4.649352358484395
-250,750,0,4.649352358484395
-230,750,0,4.649352358484395
-210,750,0,4.649352358484395
-190,750,0,4.649352358484395
-170,750,0,4.649352358484395
-150,750,0,4.649352358484395
-130,750,0,4.649352358484395
-110,750,0,4.649352358484395
-90,750,0,4.649352358484395
-70,750,0,4.649352358484395
-50,750,0,4.649352358484395
-30,750,0,4.649352358484395
-10,750,0,4.649352358484395
10,750,0,4.649352358484395
30,750,0,4.649352358484395
50,750,0,4.649352358484395
70,750,0,4.649352358484395
90,750,0,4.649352358484395
110,750,0,4.649352358484395
130,750,0,4.649352358484395
150,750,0,4.649352358484395
170,750,0,4.649352358484395
190,750,0,4.649352358484395
210,750,0,4.649352358484395
230,750,0,4.649352358484395
250,750,0,4.649352358484395
270,750,0,4.649352358484395
290,750,0,4.649352358484395
310,750,0,4.649352358484395
330,750,0,4.649352358484395
350,750,0,4.649352358484395
370,750,0,4.649352358484395
390,750,0,4.649352358484395
410,750,0,4.649352358484395
430,750,0,4.649352358484395
450,750,0,4.649352358484395
470,750,0,4.649352358484395
490,750,0,4.649352358484395
510,750,0,4.649352358484395
530,750,0,4.649352358484395
550,750,0,4.649352358484395
570,750,0,4.649352358484395
590,750,0,4.649352358484395
610,750,0,4.649352358484395
630,750,0,4.649352358484395
650,750,0,4.649352358484395
670,750,0,4.649352358484395
690,750,0,4.649352358484395
710,750,0,4.649352358484395
730,750,0,4.649352358484395
750,750,0,4.649352358484395
770,750,0,4.649352358484395
790,750,0,4.649352358484395
-790,770,0,4.649352358484395
-770,770,0,4.649352358484395
-750,770,0,4.649352358484395
-730,770,0,4.649352358484395
-710,770,0,4.649352358484395
-690,770,0,4.649352358484395
-670,770,0,4.649352358484395
-650,770,0,4.649352358484395
-630,770,0,4.649352358484395
-610,770,0,4.649352358484395
-590,770,0,4.649352358484395
-570,770,0,4.649352358484395
-550,770,0,4.649352358484395
-530,770,0,4.649352358484395
-510,770,0,4.649352358484395
-490,770,0,4.649352358484395
-470,770,0,4.649352358484395
-450,770,0,4.649352358484395
-430,770,0,4.649352358484395
-410,770,0,4.649352358484395
-390,770,0,4.649352358484395
-370,770,0,4.649352358484395
-350,770,0,4.649352358484395
-330,770,0,4.649352358484395
-310,770,0,4.649352358484395
-290,770,0,4.649352358484395
-270,770,0,4.649352358484395
-250,770,0,4.649352358484395
-230,770,0,4.649352358484395
-210,770,0,4.649352358484395
-190,770,0,4.649352358484395
-170,770,0,4.649352358484395
-150,770,0,4.649352358484395
-130,770,0,4.649352358484395
-110,770,0,4.649352358484395
-90,770,0,4.649352358484395
-70,770,0,4.649352358484395
-50,770,0,4.649352358484395
-30,770,0,4.649352358484395
-10,770,0,4.649352358484395
10,770,0,4.649352358484395
30,770,0,4.649352358484395
50,770,0,4.649352358484395
70,770,0,4.649352358484395
90,770,0,4.649352358484395
110,770,0,4.649352358484395
130,770,0,4.649352358484395
150,770,0,4.649352358484395
170,770,0,4.649352358484395
190,770,0,4.649352358484395
210,770,0,4.649352358484395
230,770,0,4.649352358484395
250,770,0,4.649352358484395
270,770,0,4.649352358484395
290,770,0,4.649352358484395
310,770,0,4.649352358484395
330,770,0,4.649352358484395
350,770,0,4.649352358484395
370,770,0,4.649352358484395
390,770,0,4.649352358484395
410,770,0,4.649352358484395
430,770,0,4.649352358484395
450,770,0,4.649352358484395
470,770,0,4.649352358484395
490,770,0,4.649352358484395
510,770,0,4.649352358484395
530,770,0,4.649352358484395
550,770,0,4.649352358484395
570,770,0,4.649352358484395
590,770,0,4.649352358484395
610,770,0,4.649352358484395
630,770,0,4.649352358484395
650,770,0,4.649352358484395
670,770,0,4.649352358484395
690,770,0,4.649352358484395
710,770,0,4.649352358484395
730,770,0,4.649352358484395
750,770,0,4.649352358484395
770,770,0,4.649352358484395
790,770,0,4.649352358484395
-790,790,0,4.649352358484395
-770,790,0,4.649352358484395
-750,790,0,4.649352358484395
-730,790,0,4.649352358484395
-710,790,0,4.649352358484395
-690,790,0,4.649352358484395
-670,790,0,4.649352358484395
-650,790,0,4.649352358484395
-630,790,0,4.649352358484395
-610,790,0,4.649352358484395
-590,790,0,4.649352358484395
-570,790,0,4.649352358484395
-550,790,0,4.649352358484395
-530,790,0,4.649352358484395
-510,790,0,4.649352358484395
-490,790,0,4.649352358484395
-470,790,0,4.649352358484395
-450,790,0,4.649352358484395
-430,790,0,4.649352358484395
-410,790,0,4.649352358484395
-390,790,0,4.649352358484395
-370,790,0,4.649352358484395
-350,790,0,4.649352358484395
-330,790,0,4.649352358484395
-310,790,0,4.649352358484395
-290,790,0,4.649352358484395
-270,790,0,4.649352358484395
-250,790,0,4.649352358484395
-230,790,0,4.649352358484395
-210,790,0,4.649352358484395
-190,790,0,4.649352358484395
-170,790,0,4.649352358484395
-150,790,0,4.649352358484395
-130,790,0,4.649352358484395
-110,790,0,4.649352358484395
-90,790,0,4.649352358484395
-70,790,0,4.649352358484395
-50,790,0,4.649352358484395
-30,790,0,4.649352358484395
-10,790,0,4.649352358484395
10,790,0,4.649352358484395
30,790,0,4.649352358484395
50,790,0,4.649352358484395
70,790,0,4.649352358484395
90,790,0,4.649352358484395
110,790,0,4.649352358484395
130,790,0,4.649352358484395
150,790,0,4.649352358484395
170,790,0,4.649352358484395
190,790,0,4.649352358484395
210,790,0,4.649352358484395
230,790,0,4.649352358484395
250,790,0,4.649352358484395
270,790,0,4.649352358484395
290,790,0,4.649352358484395
310,790,0,4.649352358484395
330,790,0,4.649352358484395
350,790,0,4.649352358484395
370,790,0,4.649352358484395
390,790,0,4.649352358484395
410,790,0,4.649352358484395
430,790,0,4.649352358484395
450,790,0,4.649352358484395
470,790,0,4.649352358484395
490,790,0,4.649352358484395
510,790,0,4.649352358484395
530,790,0,4.649352358484395
550,790,0,4.649352358484395
570,790,0,4.649352358484395
590,790,0,4.649352358484395
610,790,0,4.649352358484395
630,790,0,4.649352358484395
650,790,0,4.649352358484395
670,790,0,4.649352358484395
690,790,0,4.649352358484395
710,790,0,4.649352358484395
730,790,0,4.649352358484395
750,790,0,4.649352358484395
770,790,0,4.649352358484395
790,790,0,4.649352358484395
