Image	Object ID	Object type	Name	Classification	Parent	ROI	Centroid X µm	Centroid Y µm	Detection probability	Area µm^2	Length µm	Circularity	Solidity	Max diameter µm	Min diameter µm	80ArAr: Mean	80ArAr: Median	80ArAr: Min	80ArAr: Max	80ArAr: Std.Dev.	CD45: Mean	CD45: Median	CD45: Min	CD45: Max	CD45: Std.Dev.	Ruthenium: Mean	Ruthenium: Median	Ruthenium: Min	Ruthenium: Max	Ruthenium: Std.Dev.	Collagen: Mean	Collagen: Median	Collagen: Min	Collagen: Max	Collagen: Std.Dev.	Ecadherin: Mean	Ecadherin: Median	Ecadherin: Min	Ecadherin: Max	Ecadherin: Std.Dev.	120Sn: Mean	120Sn: Median	120Sn: Min	120Sn: Max	120Sn: Std.Dev.	127I: Mean	127I: Median	127I: Min	127I: Max	127I: Std.Dev.	131Xe: Mean	131Xe: Median	131Xe: Min	131Xe: Max	131Xe: Std.Dev.	133Cs: Mean	133Cs: Median	133Cs: Min	133Cs: Max	133Cs: Std.Dev.	138Ba: Mean	138Ba: Median	138Ba: Min	138Ba: Max	138Ba: Std.Dev.	SMA: Mean	SMA: Median	SMA: Min	SMA: Max	SMA: Std.Dev.	Podoplanin: Mean	Podoplanin: Median	Podoplanin: Min	Podoplanin: Max	Podoplanin: Std.Dev.	VIM: Mean	VIM: Median	VIM: Min	VIM: Max	VIM: Std.Dev.	S100A4: Mean	S100A4: Median	S100A4: Min	S100A4: Max	S100A4: Std.Dev.	CD45RO: Mean	CD45RO: Median	CD45RO: Min	CD45RO: Max	CD45RO: Std.Dev.	CD16: Mean	CD16: Median	CD16: Min	CD16: Max	CD16: Std.Dev.	CD163: Mean	CD163: Median	CD163: Min	CD163: Max	CD163: Std.Dev.	CK: Mean	CK: Median	CK: Min	CK: Max	CK: Std.Dev.	TFF1: Mean	TFF1: Median	TFF1: Min	TFF1: Max	TFF1: Std.Dev.	PDL1: Mean	PDL1: Median	PDL1: Min	PDL1: Max	PDL1: Std.Dev.	PD1: Mean	PD1: Median	PD1: Min	PD1: Max	PD1: Std.Dev.	CD31: Mean	CD31: Median	CD31: Min	CD31: Max	CD31: Std.Dev.	Tox_Tox2: Mean	Tox_Tox2: Median	Tox_Tox2: Min	Tox_Tox2: Max	Tox_Tox2: Std.Dev.	CD57: Mean	CD57: Median	CD57: Min	CD57: Max	CD57: Std.Dev.	FOXP3: Mean	FOXP3: Median	FOXP3: Min	FOXP3: Max	FOXP3: Std.Dev.	CD4: Mean	CD4: Median	CD4: Min	CD4: Max	CD4: Std.Dev.	NCAD: Mean	NCAD: Median	NCAD: Min	NCAD: Max	NCAD: Std.Dev.	CD68: Mean	CD68: Median	CD68: Min	CD68: Max	CD68: Std.Dev.	IL6: Mean	IL6: Median	IL6: Min	IL6: Max	IL6: Std.Dev.	CD20: Mean	CD20: Median	CD20: Min	CD20: Max	CD20: Std.Dev.	CD8: Mean	CD8: Median	CD8: Min	CD8: Max	CD8: Std.Dev.	PDGFRa: Mean	PDGFRa: Median	PDGFRa: Min	PDGFRa: Max	PDGFRa: Std.Dev.	IL8: Mean	IL8: Median	IL8: Min	IL8: Max	IL8: Std.Dev.	GATA6: Mean	GATA6: Median	GATA6: Min	GATA6: Max	GATA6: Std.Dev.	CD45RA: Mean	CD45RA: Median	CD45RA: Min	CD45RA: Max	CD45RA: Std.Dev.	GZMB: Mean	GZMB: Median	GZMB: Min	GZMB: Max	GZMB: Std.Dev.	KI67: Mean	KI67: Median	KI67: Min	KI67: Max	KI67: Std.Dev.	CXCL12: Mean	CXCL12: Median	CXCL12: Min	CXCL12: Max	CXCL12: Std.Dev.	CD3: Mean	CD3: Median	CD3: Min	CD3: Max	CD3: Std.Dev.	S100A2: Mean	S100A2: Median	S100A2: Min	S100A2: Max	S100A2: Std.Dev.	FAP_alpha: Mean	FAP_alpha: Median	FAP_alpha: Min	FAP_alpha: Max	FAP_alpha: Std.Dev.	CD173: Mean	CD173: Median	CD173: Min	CD173: Max	CD173: Std.Dev.	HLADR: Mean	HLADR: Median	HLADR: Min	HLADR: Max	HLADR: Std.Dev.	CD105: Mean	CD105: Median	CD105: Min	CD105: Max	CD105: Std.Dev.	KRT17: Mean	KRT17: Median	KRT17: Min	KRT17: Max	KRT17: Std.Dev.	190BCKG: Mean	190BCKG: Median	190BCKG: Min	190BCKG: Max	190BCKG: Std.Dev.	190Os: Mean	190Os: Median	190Os: Min	190Os: Max	190Os: Std.Dev.	DNA1: Mean	DNA1: Median	DNA1: Min	DNA1: Max	DNA1: Std.Dev.	DNA2: Mean	DNA2: Median	DNA2: Min	DNA2: Max	DNA2: Std.Dev.	PM2: Mean	PM2: Median	PM2: Min	PM2: Max	PM2: Std.Dev.	PM3: Mean	PM3: Median	PM3: Min	PM3: Max	PM3: Std.Dev.	PM4: Mean	PM4: Median	PM4: Min	PM4: Max	PM4: Std.Dev.	204Pb: Mean	204Pb: Median	204Pb: Min	204Pb: Max	204Pb: Std.Dev.	208Pb: Mean	208Pb: Median	208Pb: Min	208Pb: Max	208Pb: Std.Dev.
JHH390_ROI005_ROI_T2.ome.tif	746dace1-2490-4cb9-aca3-b88755988464	Detection		Other	Annotation	Polygon	87.95	17.2	0.8219	64.7198	30.179	0.893	1	10.8006	8.1397	3377.9849	3363	2975	3712	175.6839	0.3182	0	0	3	0.586	0.197	0	0	2	0.4375	4.9242	4	0	14	3.3204	0.4545	0	0	3	0.748	1.1212	1	0	4	0.9847	9.5152	9.5	2	20	3.6972	78.2273	78	46	103	12.1994	0.1818	0	0	2	0.4611	0.1667	0	0	4	0.5706	15.3939	14	0	55	11.6802	0.5455	0	0	2	0.6369	13.697	13.5	3	29	5.4093	0.9697	1	0	4	1.0809	0.3636	0	0	2	0.6235	0.1818	0	0	2	0.4611	0.1515	0	0	4	0.6138	0.1818	0	0	2	0.4264	0.0909	0	0	1	0.2897	0.1818	0	0	2	0.4264	0.2727	0	0	3	0.6213	0.4091	0	0	3	0.6789	0.303	0	0	2	0.5253	0.2273	0	0	2	0.549	0	0	0	0	0	1.6061	1	0	7	1.528	0.4242	0	0	4	0.8424	0.0758	0	0	2	0.3192	0.2576	0	0	2	0.5057	0.1515	0	0	2	0.4383	0.4394	0	0	4	0.8252	0.4394	0	0	5	0.9136	0.1515	0	0	2	0.4016	1.5909	1	0	7	2.053	0.3939	0	0	2	0.5786	0.5	0	0	4	0.8638	0.0758	0	0	1	0.2666	0.4848	0	0	5	0.9322	0.5303	0	0	4	0.808	3.5455	3	0	15	2.6843	0.7273	0	0	5	1.0604	0.3333	0	0	3	0.6405	1.3182	1	0	7	1.7467	0.3636	0	0	3	0.6235	0.0606	0	0	2	0.2976	0.0758	0	0	2	0.3642	0.0606	0	0	1	0.2404	144.7273	151.5	38	308	56.9517	255.9848	252	53	520	106.5165	4.1818	4	0	16	3.0529	5.3636	5	0	17	3.5804	2.6667	2	0	9	2.0556	0.2273	0	0	2	0.4573	0.3485	0	0	2	0.5112
JHH390_ROI005_ROI_T2.ome.tif	6755deeb-c95b-40ea-b120-cd57da20b5ea	Detection		Other	Annotation	Polygon	7.916	33.91	0.78	63.4816	29.8691	0.8942	1	10.7643	7.8522	3411.0806	3387.5	3096	3787	164.3391	0.1774	0	0	3	0.4967	0.0645	0	0	2	0.3068	3.6935	4	0	11	2.222	0.3226	0	0	2	0.5661	1.0323	1	0	8	1.3786	10.0806	10	1	21	3.7735	81.2581	80	58	107	11.9397	0.2742	0	0	3	0.5774	0.0645	0	0	1	0.2477	10.5161	8.5	2	29	6.6917	0.9677	1	0	4	1.2142	6.9194	6.5	0	22	5.3325	0.0968	0	0	1	0.2981	0.2742	0	0	2	0.5483	0.0484	0	0	1	0.2163	0.0806	0	0	1	0.2745	0.2258	0	0	3	0.6633	0.0645	0	0	1	0.2477	0.129	0	0	2	0.3834	0.0645	0	0	2	0.3068	0.5645	0	0	6	1.1682	0.0968	0	0	1	0.2981	0.0968	0	0	2	0.3488	0.0323	0	0	1	0.1781	0.2903	0	0	3	0.6373	0.1613	0	0	2	0.4127	0.0484	0	0	1	0.2163	0.1129	0	0	1	0.3191	0.0645	0	0	1	0.2477	0.1613	0	0	2	0.4127	0.3226	0	0	2	0.5944	0.1613	0	0	3	0.4856	0.8548	1	0	3	0.9892	0.1613	0	0	2	0.4127	0.1613	0	0	2	0.4506	0.0645	0	0	2	0.3068	0.0968	0	0	1	0.2981	0.1774	0	0	1	0.3851	0.8065	0	0	5	1.084	0.4032	0	0	2	0.6392	0.0806	0	0	1	0.2745	1.6452	1	0	11	2.2911	0.2581	0	0	2	0.5707	0.0968	0	0	1	0.2981	0.0645	0	0	1	0.2477	0.0645	0	0	1	0.2477	81	83	11	163	36.0932	146.9839	153.5	14	269	63.7203	2.1129	1	0	9	2.1125	2.3065	2	0	7	1.8606	1.0323	1	0	5	1.0397	0.2581	0	0	4	0.6512	0.3065	0	0	2	0.5607
JHH390_ROI005_ROI_T2.ome.tif	4888fb05-d9a5-442b-ba50-3271f095f858	Detection		Other	Annotation	Polygon	29.5	20.17	0.759	50.6078	26.9293	0.877	1	9.6619	7.0104	3435.5	3451	3033	3896	192.6572	0.48	0	0	3	0.7351	0.16	0	0	2	0.4219	3.66	3	1	11	2.3177	0.52	0	0	4	0.9089	0.98	1	0	4	1.02	10.22	10.5	2	18	3.6213	79.86	80	49	111	11.9061	0.16	0	0	1	0.3703	0.06	0	0	1	0.2399	10.04	8	0	43	9.6594	0.38	0	0	2	0.6024	9.7	7	1	34	7.8305	1.48	1	0	8	1.6932	2.16	1	0	11	2.3505	0.16	0	0	2	0.4677	0.06	0	0	1	0.2399	0.18	0	0	2	0.4375	0.06	0	0	1	0.2399	0.16	0	0	1	0.3703	0.12	0	0	1	0.3283	0.44	0	0	5	0.9071	0.82	0	0	5	1.1726	0.1	0	0	2	0.4165	0	0	0	0	0	3	2.5	0	10	2.733	0.74	0	0	4	1.0063	0.02	0	0	1	0.1414	0.16	0	0	2	0.4677	0.06	0	0	1	0.2399	0.18	0	0	2	0.5226	0.26	0	0	2	0.5646	0.34	0	0	3	0.6581	0.58	0	0	3	0.8827	0.56	0	0	4	1.0333	0.2	0	0	3	0.5345	0.06	0	0	1	0.2399	0.2	0	0	2	0.4949	1.58	1	0	6	1.6424	1.44	1	0	5	1.3726	0.3	0	0	2	0.544	0.04	0	0	1	0.1979	1.68	1	0	7	1.6218	0.4	0	0	3	0.6999	0.1	0	0	1	0.303	0.08	0	0	1	0.274	0.1	0	0	1	0.303	299.96	266	31	648	163.0277	531.5	484.5	58	1206	297.2536	2.68	2	0	7	1.6956	3.66	2	0	14	3.048	1.9	1	0	9	1.8979	0.28	0	0	2	0.4965	0.4	0	0	2	0.6061
JHH390_ROI005_ROI_T2.ome.tif	0f99a9a4-d5d2-46d3-a0e8-cd8490080a62	Detection		Other: CD4 T cell	Annotation	Polygon	73.78	51.28	0.7531	40.6724	24.2024	0.8726	1	8.511	6.5623	3305.7317	3300	2936	3665	181.5072	0.8293	0	0	5	1.2021	0.1951	0	0	3	0.5577	2.2927	2	0	6	2.0524	0.4146	0	0	4	0.8653	1.122	1	0	6	1.5361	9.2683	9	4	21	3.4715	75.5366	75	56	106	12.176	0.4146	0	0	2	0.5466	0.122	0	0	2	0.3997	3.3415	1	0	19	5.1556	0.4146	0	0	6	1.0241	8.0488	6	0	32	7.0141	2.8537	2	0	11	2.8685	3.1463	3	0	12	2.6605	0.1707	0	0	1	0.3809	0.0244	0	0	1	0.1562	0.1463	0	0	2	0.422	0.0244	0	0	1	0.1562	0.1463	0	0	3	0.5728	0.122	0	0	2	0.3997	0.3902	0	0	5	0.9455	0.439	0	0	3	0.7762	0.2927	0	0	2	0.5587	0.0732	0	0	1	0.2637	5.1707	4	0	15	4.2773	0.3659	0	0	2	0.5812	0.0244	0	0	1	0.1562	0.2683	0	0	3	0.6334	0.0976	0	0	2	0.3745	0.3659	0	0	3	0.7334	0.1707	0	0	2	0.4417	0.1707	0	0	1	0.3809	0.6098	0	0	4	0.9186	0.0732	0	0	1	0.2637	0.1707	0	0	2	0.4417	0.0488	0	0	1	0.2181	0.2439	0	0	2	0.5376	9.7805	9	0	26	5.9182	1.5854	1	0	5	1.396	0.3171	0	0	4	0.7886	0.1463	0	0	1	0.3578	3.1463	2	0	15	3.9532	0.1707	0	0	2	0.4417	0.0488	0	0	1	0.2181	0.1707	0	0	2	0.4417	0.1707	0	0	2	0.4951	237.3902	201	26	739	155.9522	423.6829	360	65	1325	277.2951	4	3	0	12	3.0166	7.0732	6	0	19	4.3497	2.122	2	0	7	1.8193	0.122	0	0	2	0.458	0.2927	0	0	3	0.642
JHH390_ROI005_ROI_T2.ome.tif	891f8ac4-2a6c-4699-a785-17e785f336c3	Detection		HLA-DR: CD4 T cell	Annotation	Polygon	50.44	7.023	0.7487	76.5345	32.5828	0.9059	1	11.5541	9.5459	3401.7087	3381	2982	3847	173.2648	0.5823	0	0	6	0.982	0.1519	0	0	3	0.4554	5.0127	4	0	19	3.4622	0.3544	0	0	3	0.6801	1.5063	1	0	8	1.518	9.962	9	2	20	3.8678	79.8101	79	56	104	11.7124	0.3797	0	0	3	0.6851	0.1266	0	0	1	0.3346	7.4177	4	0	30	7.7121	0.8228	1	0	4	1.0348	15.4051	14	1	56	11.0668	0.8987	0	0	7	1.3922	0.6962	0	0	5	0.9917	0.1392	0	0	2	0.3834	0.2658	0	0	6	0.9434	0.3038	0	0	4	0.6671	0.1013	0	0	2	0.3432	0.0759	0	0	2	0.311	0.0886	0	0	1	0.286	1.2532	1	0	11	1.9966	0.2025	0	0	2	0.4635	0.2532	0	0	3	0.6091	0.0253	0	0	1	0.1581	2.5063	2	0	16	3.0713	0.2532	0	0	3	0.5423	0.0886	0	0	3	0.3984	0.2532	0	0	3	0.6298	0.1013	0	0	1	0.3036	0.3418	0	0	2	0.5967	0.3418	0	0	4	0.6959	0.1266	0	0	2	0.371	0.7848	0	0	5	1.1171	0.1772	0	0	2	0.4739	0.2785	0	0	3	0.5978	0.0506	0	0	1	0.2206	0.2911	0	0	4	0.6822	0.8987	0	0	11	2.0853	1.7342	1	0	7	1.7593	0.6709	0	0	4	0.8875	0.3544	0	0	3	0.6987	61.2658	50	6	217	44.3459	0.5443	0	0	3	0.7974	0.2405	0	0	2	0.5363	0.0127	0	0	1	0.1125	0.0253	0	0	1	0.1581	86.7215	90	10	189	43.4074	153.0633	156	31	317	72.7909	3.4304	3	0	15	3.0199	3.3671	3	0	11	2.3434	2.0253	2	0	8	1.8185	0.1392	0	0	2	0.3834	0.4557	0	0	3	0.8442
JHH390_ROI005_ROI_T2.ome.tif	1ccc5d90-c417-4649-bbe3-82c7ead218f8	Detection		Other	Annotation	Polygon	10.48	63.74	0.7373	37.3164	23.2282	0.8691	1	8.6006	5.9163	3328.3784	3321	2803	3798	217.8739	0.0811	0	0	1	0.2767	0.0541	0	0	1	0.2292	2.3514	2	0	12	2.5079	0.1892	0	0	2	0.4618	0.9459	1	0	3	0.9985	10.1081	9	4	25	4.2017	76.2703	74	56	105	10.54	0.2973	0	0	2	0.5199	0.1892	0	0	3	0.5695	12.9459	11	0	40	9.5799	0.6216	0	0	4	1.1868	3.1081	3	0	9	2.7058	0.1081	0	0	1	0.3148	0.1351	0	0	1	0.3466	0.0541	0	0	1	0.2292	0	0	0	0	0	0.0541	0	0	1	0.2292	0.027	0	0	1	0.1644	0.0811	0	0	1	0.2767	0.0541	0	0	1	0.2292	0.1892	0	0	1	0.3971	0.1622	0	0	1	0.3737	0.1351	0	0	2	0.4191	0	0	0	0	0	0.2703	0	0	6	1.0179	0.1622	0	0	1	0.3737	0.027	0	0	1	0.1644	0.0811	0	0	1	0.2767	0.0811	0	0	1	0.2767	0.1081	0	0	1	0.3148	0.3514	0	0	2	0.5877	0.1081	0	0	1	0.3148	0.7568	0	0	4	0.9833	0.1351	0	0	2	0.4191	0.1351	0	0	1	0.3466	0.027	0	0	1	0.1644	0.1081	0	0	1	0.3148	0.1351	0	0	2	0.4191	0.8378	1	0	5	1.0412	0.1622	0	0	1	0.3737	0.0811	0	0	1	0.2767	0.5405	0	0	3	0.8365	0.2973	0	0	3	0.661	0.027	0	0	1	0.1644	0.027	0	0	1	0.1644	0.0541	0	0	1	0.2292	79.7027	71	18	161	41.4627	138.7027	146	28	268	71.2822	0.8108	0	0	5	1.1264	2.027	2	0	9	2.0614	1.027	1	0	3	0.9276	0.1622	0	0	2	0.4418	0.2973	0	0	2	0.5708
JHH390_ROI005_ROI_T2.ome.tif	f8ec0673-3c11-4307-a31a-4c6a52e4dbf3	Detection		Other: CAF	Annotation	Polygon	91.41	30.37	0.7061	29.4869	20.6989	0.8649	1	7.4189	5.5517	3452.0715	3488	3127	3733	163.8868	0.1071	0	0	1	0.315	0.2143	0	0	1	0.4179	2.5	2.5	0	7	1.6443	0.3214	0	0	2	0.548	1.1786	1	0	3	1.1239	10.0714	9	4	20	4.5536	81.5	77.5	61	110	10.9663	0.3571	0	0	2	0.6215	0.1071	0	0	1	0.315	23.0357	14	1	77	21.6871	0.5	0	0	4	1	8.2143	9	2	20	4.3577	0.1786	0	0	2	0.4756	0.4286	0	0	2	0.6341	0.1071	0	0	1	0.315	0.1071	0	0	1	0.315	0.1786	0	0	2	0.548	0.1429	0	0	2	0.4484	0.0714	0	0	1	0.2623	0.0714	0	0	1	0.2623	0.5714	0	0	4	1.1031	0.1786	0	0	2	0.4756	0.1071	0	0	1	0.315	0	0	0	0	0	0.3571	0	0	2	0.6215	0.2857	0	0	3	0.7127	0.0357	0	0	1	0.189	0.1786	0	0	1	0.39	0.2143	0	0	2	0.4987	0.1429	0	0	1	0.3563	0.5	0	0	3	0.8389	0.1786	0	0	2	0.4756	7.2143	4.5	0	31	7.8569	0.5357	0	0	3	0.9222	0.1786	0	0	2	0.4756	0	0	0	0	0	0.1071	0	0	1	0.315	0.1786	0	0	1	0.39	1.2143	1	0	5	1.2869	0.4286	0	0	4	0.8357	0.1786	0	0	1	0.39	1.8929	2	0	6	1.3149	0.2143	0	0	2	0.4987	0.3214	0	0	4	0.863	0.0357	0	0	1	0.189	0.0357	0	0	1	0.189	132.5714	140.5	13	320	88.3618	235.3929	226.5	26	592	168.9908	2.3214	2	0	6	1.5647	2.75	2	0	9	2.5909	1	1	0	4	1.0184	0.1071	0	0	1	0.315	0.25	0	0	2	0.5182
JHH390_ROI005_ROI_T2.ome.tif	daacc832-cb59-41c7-a73e-6edf8f8c0072	Detection		Other	Annotation	Polygon	30.09	12.08	0.7023	52.4195	27.3242	0.8823	1	10.1818	6.4953	3453.2354	3464	2891	3776	181.3606	0.098	0	0	1	0.3003	0.1765	0	0	2	0.4777	3.0392	3	0	11	2.4492	0.4902	0	0	3	0.8093	1.0392	1	0	3	0.9372	11.1373	11	5	22	4.2803	80.549	81	56	102	11.4775	0.3529	0	0	2	0.5941	0.098	0	0	1	0.3003	11.9216	10	2	55	8.6553	0.4706	0	0	4	0.7837	8.7843	7	0	28	5.364	0.6078	0	0	4	0.9182	0.3922	0	0	2	0.6657	0.0784	0	0	2	0.3372	0.098	0	0	1	0.3003	0.1176	0	0	1	0.3254	0.0588	0	0	1	0.2376	0.1373	0	0	1	0.3475	0.2353	0	0	4	0.7639	0.4706	0	0	5	1.1019	0.3922	0	0	3	0.8265	0.098	0	0	2	0.4125	0	0	0	0	0	0.3725	0	0	2	0.5987	0.3137	0	0	2	0.5828	0	0	0	0	0	0.1961	0	0	2	0.4481	0.1373	0	0	2	0.4481	0.1961	0	0	2	0.4481	0.5294	0	0	3	0.8088	0.1569	0	0	2	0.4182	1.7255	1	0	7	2.0792	0.1373	0	0	1	0.3475	0.1961	0	0	2	0.4907	0.1373	0	0	3	0.5299	0.4118	0	0	3	0.6686	0.1961	0	0	3	0.5664	1.1569	1	0	7	1.391	0.3725	0	0	3	0.6312	0.1373	0	0	1	0.3475	2.2549	2	0	21	3.1103	0.3137	0	0	4	0.6779	0.1176	0	0	2	0.3819	0.0392	0	0	1	0.196	0.0588	0	0	2	0.3106	154.8824	161	14	318	67.7471	280.4314	289	47	521	115.2582	2.0392	2	0	6	1.7083	2.0392	2	0	7	1.8326	1.5882	1	0	7	1.6514	0.2157	0	0	2	0.5025	0.3529	0	0	2	0.5224
JHH390_ROI005_ROI_T2.ome.tif	f98d3fef-2804-4e7f-a0eb-1a42d3072b85	Detection		Other	Annotation	Polygon	79.94	13.65	0.6994	45.7963	26.0646	0.8471	1	10.4385	6.4438	3408.239	3421.5	3079	3759	185.3908	0.2174	0	0	3	0.593	0.087	0	0	2	0.3544	4.6087	4	0	14	3.2282	0.3043	0	0	2	0.5108	0.7391	1	0	3	0.8282	8.8261	9	4	15	2.9911	81.5652	82	46	106	12.3857	0.3478	0	0	2	0.5257	0.1087	0	0	1	0.3147	14.3696	13.5	1	69	10.884	0.3696	0	0	2	0.6095	7.0217	6	0	28	5.4833	0.3478	0	0	4	0.7369	0.5217	0	0	4	0.8625	0.087	0	0	1	0.2849	0.0435	0	0	1	0.2062	0.3913	0	0	2	0.6824	0.0435	0	0	1	0.2062	0.1087	0	0	2	0.3788	0.1087	0	0	1	0.3147	0.4565	0	0	3	0.8085	0.087	0	0	2	0.3544	0.087	0	0	1	0.2849	0.0217	0	0	1	0.1474	0.6522	0	0	5	1.3535	0.0652	0	0	1	0.2496	0.0652	0	0	1	0.2496	0.3478	0	0	12	1.7791	0.087	0	0	1	0.2849	0.3913	0	0	4	0.774	0.2609	0	0	1	0.444	0.1087	0	0	1	0.3147	4.087	3	0	10	2.9727	0.2174	0	0	2	0.5126	0.1304	0	0	2	0.4005	0.1087	0	0	3	0.482	0.2391	0	0	2	0.5243	0.413	0	0	5	1.0236	0.6739	0	0	4	1.0965	0.1739	0	0	4	0.6431	0.0652	0	0	1	0.2496	1.0435	1	0	6	1.2988	0.1957	0	0	2	0.4998	0.0652	0	0	1	0.2496	0.0435	0	0	1	0.2062	0.0217	0	0	1	0.1474	111.6739	100	14	298	62.0688	205.3913	192.5	11	559	107.2771	2	1.5	0	8	1.9551	2.0435	2	0	8	1.8494	0.8913	1	0	4	0.9939	0.0652	0	0	1	0.2496	0.3478	0	0	3	0.7061
JHH390_ROI005_ROI_T2.ome.tif	b60518d4-5d65-4eef-b3ef-e9b508de3b80	Detection		HLA-DR: CD8 T cell	Annotation	Polygon	82.88	61.09	0.6948	45.3128	25.1526	0.9	1	8.6004	7.3523	3351.9788	3343	2854	3691	187.6134	0.5532	0	0	5	0.9512	0.1277	0	0	1	0.3373	2.6596	2	0	9	2.3245	0.5319	0	0	4	0.9521	0.7447	1	0	3	0.8715	10.4681	10	2	25	4.2213	77.2128	79	46	100	11.6934	0.3617	0	0	2	0.6402	0.1277	0	0	1	0.3373	2.9787	1	0	24	4.8967	0.383	0	0	4	0.8223	5.6596	4	0	28	5.6116	0.7872	0	0	3	1.0412	0.6383	0	0	4	0.9424	0.3191	0	0	6	1.0654	0.0638	0	0	1	0.2471	0.234	0	0	4	0.6664	0.0213	0	0	1	0.1459	0.0638	0	0	2	0.3233	0.2766	0	0	4	0.7133	0.3404	0	0	4	0.7879	0.1064	0	0	1	0.3117	0.7021	1	0	3	0.8576	0	0	0	0	0	0.383	0	0	3	0.7955	0.1915	0	0	2	0.4491	0	0	0	0	0	0.1489	0	0	2	0.4653	0.1702	0	0	1	0.3799	6.9362	6	0	29	6.6607	0.2979	0	0	2	0.6226	0.2553	0	0	3	0.6068	0.3191	0	0	2	0.6292	0.1702	0	0	1	0.3799	1.5957	1	0	11	2.7319	1.3404	1	0	9	1.9702	0.4043	0	0	3	0.7706	4.6596	3	0	17	3.9302	1.0851	1	0	5	1.1947	0.1702	0	0	2	0.4809	0.1277	0	0	2	0.3966	4.9149	2	0	91	13.4533	0.2979	0	0	4	0.8053	0.0638	0	0	1	0.2471	0.0638	0	0	1	0.2471	0.0638	0	0	1	0.2471	180.7447	170	15	363	94.6999	322.766	300	32	685	179.0859	2.3404	2	0	8	1.833	4.8298	4	0	15	3.6075	1.4894	1	0	6	1.5862	0.234	0	0	4	0.6982	0.4894	0	0	4	0.8815
JHH390_ROI005_ROI_T2.ome.tif	d14da5bc-dea4-4e01-a372-a0e6982270f4	Detection		Other: CD8 T cell	Annotation	Polygon	39.21	39.96	0.6948	45.3586	25.4661	0.8789	1	9.3674	6.6548	3418.0444	3441	3025	3741	170.2358	0.2222	0	0	2	0.5174	0.2	0	0	1	0.4045	3.9111	3	0	9	2.2545	0.3333	0	0	3	0.6742	1.0444	1	0	3	0.8779	11.0444	11	3	20	3.931	78.9556	78	53	116	12.5715	0.1778	0	0	2	0.4903	0.2222	0	0	2	0.5174	10.0222	10	0	25	6.4155	0.9333	0	0	9	1.6976	6.0444	4	1	14	3.8076	0.7111	0	0	8	1.342	0.3111	0	0	3	0.6682	0.0889	0	0	1	0.2878	0.1778	0	0	3	0.5756	0.1333	0	0	2	0.4045	0.0444	0	0	1	0.2084	0.0667	0	0	2	0.3303	0.0444	0	0	1	0.2084	0.1778	0	0	2	0.4903	0.0444	0	0	1	0.2084	0.4222	0	0	2	0.7226	0.0222	0	0	1	0.1491	0.2444	0	0	2	0.4841	0.3778	0	0	4	0.7772	0.0667	0	0	2	0.3303	0.2667	0	0	2	0.6179	0.3111	0	0	2	0.5963	4.5556	1	0	28	6.9333	0.7111	0	0	6	1.2177	0.1778	0	0	2	0.4415	1.7111	1	0	9	2.0296	0.2444	0	0	4	0.6794	0.5556	0	0	9	1.5456	0.1111	0	0	3	0.4872	0.2222	0	0	2	0.5174	2.2444	1	0	14	3.4056	1.2667	1	0	6	1.5433	0.3111	0	0	3	0.6333	0.1778	0	0	3	0.6498	1.7333	1	0	7	1.7242	0.2667	0	0	2	0.5394	0.0222	0	0	1	0.1491	0	0	0	0	0	0.0444	0	0	1	0.2084	167.3111	160	18	367	97.0508	301.7778	276	33	634	174.4672	2.4444	2	0	8	1.9605	3.2222	2	0	12	3.4171	1.6444	1	0	5	1.4948	0.2444	0	0	2	0.4841	0.2889	0	0	3	0.5886
JHH390_ROI005_ROI_T2.ome.tif	dec0ed9b-4f94-491c-91e4-d7c0b61b96af	Detection		HLA-DR: Other	Annotation	Polygon	99.83	67.59	0.693	76.7296	32.5721	0.9088	1	11.4358	8.9742	3372.95	3352.5	2999	3764	187.3906	0.2	0	0	3	0.5639	0.225	0	0	2	0.4797	6.875	7	1	16	2.9105	0.5	0	0	2	0.7511	1.075	1	0	6	1.328	9.7	9	4	20	4.0077	78.1	79	54	107	11.1535	0.35	0	0	2	0.5335	0.225	0	0	1	0.4229	8.175	8	0	21	4.9763	0.375	0	0	4	0.8066	6.275	6	0	17	4.4606	0.4	0	0	2	0.6718	0.475	0	0	2	0.7157	0.075	0	0	1	0.2667	0.225	0	0	2	0.4797	0.075	0	0	1	0.2667	0.025	0	0	1	0.1581	0.15	0	0	2	0.4267	0.075	0	0	1	0.2667	0.375	0	0	4	0.8679	0.05	0	0	1	0.2207	0.15	0	0	2	0.483	0	0	0	0	0	0.5	0	0	2	0.7511	0.125	0	0	2	0.4043	0.025	0	0	1	0.1581	0.2	0	0	2	0.5164	0.025	0	0	1	0.1581	0.1	0	0	1	0.3038	0.325	0	0	4	0.7642	0.025	0	0	1	0.1581	0.25	0	0	1	0.4385	0.175	0	0	3	0.5495	0.075	0	0	1	0.2667	0.025	0	0	1	0.1581	0.2	0	0	2	0.4641	0.3	0	0	3	0.6869	0.9	1	0	4	1.0077	0.85	0.5	0	4	1.122	0.175	0	0	2	0.4465	12.275	1.5	0	96	23.6426	0.425	0	0	3	0.7121	0.025	0	0	1	0.1581	0.05	0	0	1	0.2207	0.05	0	0	1	0.2207	55.775	57	8	130	27.0825	101.45	101.5	16	273	50.0978	2.5	2	0	8	2.3643	3.7	3	0	15	3.2281	1.5	1	0	5	1.3397	0.2	0	0	2	0.5164	0.45	0	0	2	0.6385
JHH390_ROI005_ROI_T2.ome.tif	8bbdfd38-c0d4-4458-94b7-b2eaa81f37d4	Detection		HLA-DR: CAF	Annotation	Polygon	62.15	89.87	0.6905	49.7209	26.6181	0.8819	1	9.7925	7.0526	3353.2856	3317	3049	3853	179.7841	0.6735	0	0	4	0.9217	0.2449	0	0	2	0.48	4.4898	4	0	13	2.9164	0.449	0	0	2	0.6475	1.3061	1	0	5	1.2781	9.4898	9	3	22	4.0524	80.551	79	49	130	15.6685	0.3469	0	0	5	0.8304	0.0612	0	0	1	0.2422	9.8571	8	0	40	8.8741	0.7551	0	0	4	1.0903	8.7959	7	1	28	5.6825	1.8776	2	0	8	2.0066	0.8571	0	0	3	1.0206	0.102	0	0	1	0.3058	0.2245	0	0	3	0.5868	0.1633	0	0	1	0.3734	0.0816	0	0	2	0.3998	0.2449	0	0	5	0.7781	0.1224	0	0	2	0.3891	1.6122	1	0	8	1.9453	0.2653	0	0	2	0.5313	0.1429	0	0	2	0.4564	0.0612	0	0	1	0.2422	2.0204	2	0	8	2.0462	0.2653	0	0	3	0.5692	0	0	0	0	0	0.0816	0	0	1	0.2766	0.0612	0	0	1	0.2422	0.3265	0	0	3	0.6254	0.2245	0	0	3	0.5502	0.2041	0	0	2	0.4555	0.8776	1	0	3	0.9494	0.3673	0	0	3	0.7554	0.2041	0	0	2	0.4555	0.2653	0	0	6	0.9077	0.3265	0	0	3	0.7184	0.3061	0	0	2	0.5479	2.3061	2	0	8	2.2931	0.7347	0	0	4	0.9304	0.2245	0	0	2	0.5109	25.2653	26	1	80	17.0316	0.2245	0	0	1	0.4216	0.102	0	0	1	0.3058	0	0	0	0	0	0	0	0	0	0	127.7551	122	37	264	56.8329	224.0816	221	52	405	101.22	2.7959	2	0	7	1.6706	4.6327	4	0	13	3.4502	2.3878	2	0	14	2.4649	0.1837	0	0	2	0.5273	0.449	0	0	4	0.8181
JHH390_ROI005_ROI_T2.ome.tif	c6e3eca6-1b7c-47a2-81f7-813ecc141de3	Detection		Other	Annotation	Polygon	67.79	57.54	0.688	27.5019	20.0433	0.8603	1	7.359	5.1163	3355.1111	3388	2893	3639	192.9999	0.037	0	0	1	0.1925	0.5556	0	0	6	1.1875	3.6667	3	0	10	2.8011	0.4444	0	0	2	0.7511	1.3333	1	0	6	1.5689	9.2593	10	3	15	3.335	82.3333	80	70	110	10.5685	0.1481	0	0	1	0.362	0.037	0	0	1	0.1925	6.1852	6	0	18	3.7727	0.4074	0	0	2	0.5724	5.5926	5	0	15	4.0597	0.2222	0	0	1	0.4237	0.3704	0	0	3	0.7415	0.0741	0	0	2	0.3849	0.1481	0	0	2	0.456	0.0741	0	0	1	0.2669	0	0	0	0	0	0.1111	0	0	1	0.3203	0.0741	0	0	1	0.2669	0.3333	0	0	3	0.7845	0.0741	0	0	1	0.2669	0.1111	0	0	1	0.3203	0	0	0	0	0	0.5926	0	0	4	1.1184	0.0741	0	0	1	0.2669	0	0	0	0	0	0.2222	0	0	3	0.6405	0.037	0	0	1	0.1925	0.1852	0	0	3	0.6225	0.4444	0	0	2	0.6405	0.2222	0	0	2	0.5064	1.037	1	0	3	1.0184	0.4074	0	0	3	0.6939	0.037	0	0	1	0.1925	0.037	0	0	1	0.1925	0.0741	0	0	2	0.3849	0.3704	0	0	2	0.6293	1.2963	1	0	4	1.2954	0.5556	0	0	3	0.8473	0.0741	0	0	1	0.2669	1.4444	1	0	5	1.2506	0.3704	0	0	3	0.7917	0.037	0	0	1	0.1925	0	0	0	0	0	0.037	0	0	1	0.1925	195.0741	193	19	405	112.2798	355.1111	366	30	726	201.3614	1.8519	1	0	11	2.143	3.1111	2	0	11	2.9396	1.3333	1	0	6	1.3301	0.3333	0	0	2	0.6202	0.4444	0	0	3	0.8006
JHH390_ROI005_ROI_T2.ome.tif	a5ed52b1-4fad-44c7-91c2-b1ab511d3692	Detection		Other: CD8 T cell	Annotation	Polygon	97.79	86.66	0.6778	65.6476	32.4145	0.7851	1	13.4484	6.533	3366.1875	3377.5	2882	3776	185.8416	0.2083	0	0	3	0.5442	0.1875	0	0	3	0.5708	5.0833	4	0	15	3.53	0.6458	0	0	3	0.7852	0.8542	0.5	0	6	1.2202	9.4792	9	3	21	3.7359	79.5417	79	54	112	11.7364	0.2708	0	0	2	0.4942	0.1667	0	0	2	0.4294	9.2083	8	0	32	6.4872	0.5625	0	0	3	0.8227	6.2083	5.5	0	28	5.4576	0.2708	0	0	3	0.7363	0.6667	0	0	6	1.3262	0.0208	0	0	1	0.1443	0.0833	0	0	1	0.2793	0.1458	0	0	1	0.3567	0.0625	0	0	1	0.2446	0.0208	0	0	1	0.1443	0.1042	0	0	1	0.3087	0.25	0	0	3	0.6684	0.0417	0	0	1	0.2019	0.2708	0	0	5	0.8184	0.0417	0	0	1	0.2019	0.3542	0	0	3	0.601	0.25	0	0	3	0.5649	0.0417	0	0	2	0.2887	0.3125	0	0	6	0.9488	0.125	0	0	2	0.3928	2.75	0	0	25	5.6248	0.2292	0	0	2	0.5153	0.2917	0	0	2	0.5819	1.1042	1	0	5	1.2922	0.1042	0	0	1	0.3087	0.2917	0	0	7	1.0711	0.2083	0	0	2	0.5035	0.2708	0	0	3	0.676	0.375	0	0	6	0.9812	1.3125	1	0	7	1.4015	0.7083	0.5	0	3	0.8495	0.2917	0	0	4	0.8241	1.4792	1	0	6	1.6884	0.2083	0	0	2	0.4593	0.0625	0	0	1	0.2446	0.0417	0	0	1	0.2019	0.0417	0	0	2	0.2887	140.7292	152	8	306	69.2294	255.5417	272.5	10	572	124.888	1.6875	1	0	5	1.504	2.4583	2	0	8	2.1334	1.1875	1	0	7	1.2659	0.1875	0	0	3	0.6069	0.5208	0	0	4	0.8249
JHH390_ROI005_ROI_T2.ome.tif	a2983a16-67d6-4cd7-a040-64ebd15afc31	Detection		Other	Annotation	Polygon	24	26.19	0.6767	52.2492	27.0217	0.8992	1	9.39	7.4949	3424.8364	3415	3014	3841	192.4663	0.0727	0	0	2	0.3252	0.1455	0	0	2	0.4045	4.6	4	0	11	2.746	0.4	0	0	4	0.7354	1.0727	1	0	7	1.3451	10.0182	9	2	21	3.6641	79.1818	80	42	105	13.6383	0.2727	0	0	2	0.5918	0.2182	0	0	2	0.4978	9.6	8	0	29	7.2791	0.4182	0	0	2	0.658	6.7273	5	0	24	5.7267	0.3636	0	0	6	1.0067	0.4727	0	0	6	1.1362	0.0364	0	0	1	0.1889	0.0727	0	0	1	0.2621	0.1818	0	0	2	0.4342	0.1818	0	0	2	0.4342	0.1091	0	0	1	0.3146	0.0364	0	0	1	0.1889	0.2182	0	0	2	0.5337	0.0545	0	0	1	0.2292	0.0727	0	0	1	0.2621	0	0	0	0	0	0.4909	0	0	3	0.8361	0.2364	0	0	2	0.5079	0.0545	0	0	2	0.2993	0.2	0	0	4	0.6498	0.1455	0	0	2	0.4045	0.2545	0	0	3	0.5843	0.2545	0	0	2	0.517	0.1455	0	0	2	0.4045	1.6182	1	0	7	1.5455	0.1636	0	0	2	0.462	0.1273	0	0	1	0.3363	0.0364	0	0	1	0.1889	0.1455	0	0	3	0.4876	0.1818	0	0	3	0.5125	0.8	1	0	4	0.9888	0.3455	0	0	3	0.6727	0.0727	0	0	1	0.2621	1.7455	2	0	6	1.4934	0.2545	0	0	2	0.5517	0.0182	0	0	1	0.1348	0.1091	0	0	2	0.3688	0.0909	0	0	1	0.2901	91.9273	90	25	196	42.4132	164.6364	165	55	295	66.227	1.4545	1	0	6	1.5965	2	2	0	7	1.7427	1.1636	1	0	5	1.2287	0.1455	0	0	2	0.4045	0.2727	0	0	3	0.6223
JHH390_ROI005_ROI_T2.ome.tif	debb3447-71bf-4fe0-a1a8-6ad66224e499	Detection		HLA-DR: Other	Annotation	Polygon	16.38	8.413	0.6766	53.4561	26.858	0.9312	1	9.2617	7.641	3448.9424	3476.5	3135	3822	174.5202	0.0962	0	0	1	0.2977	0.2115	0	0	2	0.4575	2.9615	2.5	0	11	2.6713	0.3846	0	0	4	0.8202	1.3846	1	0	7	1.2704	10.8269	11	4	23	3.6821	80.4808	80.5	57	101	10.3156	0.2692	0	0	1	0.4479	0.1154	0	0	1	0.3226	13	12	2	48	9.2968	0.4808	0	0	3	0.6999	8.4615	7	1	31	6.0048	0.1731	0	0	2	0.4737	0.4615	0	0	7	1.1793	0.1154	0	0	2	0.3785	0.0385	0	0	1	0.1942	0.2115	0	0	2	0.4985	0.0385	0	0	1	0.1942	0.1731	0	0	4	0.6174	0.0577	0	0	1	0.2354	0.4423	0	0	6	1.0178	0.1923	0	0	2	0.4445	0.1923	0	0	2	0.4445	0.0192	0	0	1	0.1387	0.3654	0	0	4	0.8172	0.3269	0	0	6	0.9229	0.1346	0	0	2	0.3975	0.0577	0	0	1	0.2354	0.1154	0	0	3	0.4709	0.2692	0	0	4	0.6893	0.5577	0	0	3	0.8023	0.2115	0	0	1	0.4124	2.4231	2	0	8	2.3208	0.1731	0	0	3	0.5134	0.2308	0	0	3	0.5813	0.0962	0	0	1	0.2977	0.2885	0	0	3	0.6955	0.2308	0	0	4	0.6749	1.0962	1	0	5	1.2565	0.4808	0	0	3	0.7273	0.0385	0	0	1	0.1942	3.2692	1	0	42	7.5748	0.2885	0	0	3	0.6367	0.0577	0	0	1	0.2354	0	0	0	0	0	0.0192	0	0	1	0.1387	83.5192	72.5	11	187	47.8623	148.2885	120.5	17	419	88.9164	2.9615	3	0	8	1.8783	2.3846	2	0	7	1.6704	1.5769	1.5	0	6	1.6008	0.0962	0	0	1	0.2977	0.3654	0	0	3	0.6868
JHH390_ROI005_ROI_T2.ome.tif	4699542d-4d0b-4e55-b58e-41e672ad165d	Detection		Other: CD8 T cell	Annotation	Polygon	80	2.546	0.6721	46.2627	25.4536	0.8973	1	9.2674	7.1608	3380.7437	3390	3016	3727	155.1025	1.0256	1	0	5	1.1353	0.2308	0	0	2	0.4846	6.8974	6	0	17	3.6186	0.5128	0	0	3	0.7905	0.7949	1	0	4	1.0558	8.8974	9	2	20	4.1154	77.8974	77	53	110	13.0622	0.2821	0	0	3	0.6047	0.1795	0	0	2	0.4514	20.5897	16	1	81	18.9733	0.359	0	0	3	0.6684	11.6667	9	2	38	8.4459	1.2564	1	0	4	1.4275	1.4872	1	0	7	1.6038	0.2564	0	0	6	1.0187	0.0513	0	0	1	0.2235	29.7179	0	0	937	151.9146	0.0513	0	0	1	0.2235	0.4872	0	0	11	1.7899	0.2564	0	0	2	0.5486	0.2308	0	0	1	0.4268	0.359	0	0	2	0.5843	0.2308	0	0	1	0.4268	0	0	0	0	0	0.3077	0	0	2	0.5691	0.359	0	0	4	0.7776	0.0769	0	0	3	0.4804	0.1026	0	0	3	0.5024	0.2821	0	0	3	0.6863	20.4872	18	1	62	15.7845	0.8974	0	0	4	1.1424	0.5897	0	0	3	0.7853	0.4103	0	0	2	0.6373	0.2051	0	0	3	0.5703	0.9744	0	0	7	1.5129	0.0256	0	0	1	0.1601	0.5128	0	0	7	1.3153	3.7692	4	0	10	2.5284	1.2051	1	0	5	1.4175	0.5897	0	0	4	0.9095	0.2564	0	0	2	0.4983	1.8718	1	0	9	2.0414	0.2564	0	0	2	0.4983	0	0	0	0	0	0.0513	0	0	1	0.2235	0.0256	0	0	1	0.1601	133.2308	107	8	361	85.9665	236.6923	204	19	654	145.5252	2.2051	2	0	5	1.436	3.2821	3	0	10	2.4056	2.5128	2	0	9	1.9313	0.1026	0	0	1	0.3074	0.3333	0	0	2	0.5298
JHH390_ROI005_ROI_T2.ome.tif	00d0e0ca-b1b4-45cd-8cb0-9a8e7475781b	Detection		Other	Annotation	Polygon	19.74	80.4	0.665	30.9524	20.8439	0.8953	1	7.5056	5.7137	3337.5161	3330	2938	3707	190.5915	0.1613	0	0	2	0.4544	0.1613	0	0	2	0.4544	3.5806	3	0	10	2.2177	0.4194	0	0	2	0.7199	0.8387	1	0	3	0.8204	10.0323	9	1	18	4.0946	79.1936	79	62	110	10.4033	0.1935	0	0	2	0.4774	0.0968	0	0	1	0.3005	6.2581	5	0	18	4.9596	0.2903	0	0	2	0.5884	3.6452	3	1	12	3.1043	0.2258	0	0	1	0.425	0.2903	0	0	2	0.5287	0	0	0	0	0	0.129	0	0	1	0.3408	0.1613	0	0	3	0.5829	0.0645	0	0	1	0.2497	0.0968	0	0	1	0.3005	0.0645	0	0	1	0.2497	0.3226	0	0	2	0.5993	0.1613	0	0	2	0.5226	0.2258	0	0	2	0.5603	0.0645	0	0	1	0.2497	0.1935	0	0	2	0.4774	0.1935	0	0	3	0.6011	0	0	0	0	0	0.129	0	0	2	0.4275	0.0645	0	0	1	0.2497	0.2258	0	0	2	0.4973	0.3871	0	0	2	0.5584	0.0323	0	0	1	0.1796	0.8387	1	0	3	0.8601	0.2581	0	0	3	0.6308	0.1935	0	0	2	0.4774	0.0645	0	0	1	0.2497	0.0968	0	0	1	0.3005	0.1613	0	0	2	0.4544	0.871	1	0	3	1.0565	0.3871	0	0	2	0.6152	0.129	0	0	1	0.3408	1.4194	1	0	6	1.5869	0.4839	0	0	3	0.8513	0	0	0	0	0	0	0	0	0	0	0.0968	0	0	1	0.3005	122.7742	99	10	310	85.5958	225.3548	205	11	610	161.0972	2.1613	1	0	9	2.4097	1.6452	1	0	6	1.8175	1.0645	0	0	5	1.4591	0.129	0	0	1	0.3408	0.3226	0	0	2	0.5408
JHH390_ROI005_ROI_T2.ome.tif	46c50067-aea6-4b05-8427-e7b33cfd35c6	Detection		Other: CAF	Annotation	Polygon	62.09	37.2	0.6648	29.9691	20.7807	0.8721	1	7.7349	5.531	3348.7241	3352	2971	3672	191.1801	0.1379	0	0	2	0.4411	0.2069	0	0	1	0.4123	2.6897	2	0	9	2.2694	0.2759	0	0	2	0.5276	1.069	1	0	4	1.0997	9.6207	10	3	17	3.8118	81.3793	81	61	120	13.9346	0.1034	0	0	1	0.3099	0.2069	0	0	1	0.4123	41.3793	41	5	99	23.6483	0.4828	0	0	3	0.7847	8.2759	5	2	33	7.5965	0.2414	0	0	2	0.511	0.2414	0	0	2	0.511	0.069	0	0	1	0.2579	0.069	0	0	1	0.2579	0.069	0	0	1	0.2579	0.1724	0	0	2	0.4682	0	0	0	0	0	0.1724	0	0	2	0.4682	0.2414	0	0	3	0.6356	0.1379	0	0	1	0.3509	0.069	0	0	1	0.2579	0	0	0	0	0	0.5517	0	0	2	0.8275	0.4828	0	0	4	0.871	0.1379	0	0	1	0.3509	0.1034	0	0	1	0.3099	0.1034	0	0	1	0.3099	0.2069	0	0	1	0.4123	0.8621	1	0	5	1.1565	0.1379	0	0	1	0.3509	3.4483	3	0	10	2.7592	0.2414	0	0	2	0.511	0.1724	0	0	1	0.3844	0.0345	0	0	1	0.1857	0.5172	0	0	4	0.9864	0.3103	0	0	2	0.6038	1.6897	2	0	5	1.3391	0.2759	0	0	2	0.5914	0.1724	0	0	1	0.3844	2.2759	1	0	11	2.4625	0.4483	0	0	3	0.8696	0	0	0	0	0	0	0	0	0	0	0.069	0	0	1	0.2579	121.8966	117	16	245	63.7094	222.8621	241	33	426	116.7591	2.1724	2	0	8	2.019	4.3793	4	0	10	2.8336	1.5517	1	0	8	1.7235	0.1724	0	0	2	0.5391	0.3793	0	0	2	0.6219
JHH390_ROI005_ROI_T2.ome.tif	ab6ba85b-eeb8-4154-bda4-cc68022efb03	Detection		Other	Annotation	Polygon	67.83	85.92	0.6549	32.7105	23.8472	0.7228	0.8961	8.1306	6.4218	3403.5938	3362.5	2965	3919	222.7873	0.1562	0	0	1	0.3689	0.1875	0	0	2	0.4709	4.9375	5	0	10	2.5519	0.3125	0	0	2	0.5923	0.8438	1	0	4	1.0195	9.6562	9	4	20	3.5886	73.4688	72.5	43	91	11.2307	0.3438	0	0	2	0.653	0	0	0	0	0	16	15.5	4	35	8.6993	0.4688	0	0	2	0.6713	5.9375	5	0	17	3.9426	0.2188	0	0	2	0.4908	0.2188	0	0	2	0.4908	0.0312	0	0	1	0.1768	0.125	0	0	1	0.336	0.1875	0	0	1	0.3966	0.0312	0	0	1	0.1768	0.0938	0	0	1	0.2961	0.0625	0	0	1	0.2459	0.2188	0	0	1	0.42	0.375	0	0	4	0.7931	0.0938	0	0	1	0.2961	0	0	0	0	0	0.5938	0	0	8	1.521	0.5312	0	0	3	0.9832	0.0625	0	0	1	0.2459	0.125	0	0	2	0.4212	0.0938	0	0	1	0.2961	0.2188	0	0	3	0.6591	0.1562	0	0	1	0.3689	0.2188	0	0	2	0.4908	1.6875	1	0	9	2.0231	0.2812	0	0	2	0.5811	0.0938	0	0	1	0.2961	0.1875	0	0	3	0.5923	0.25	0	0	2	0.568	0.125	0	0	2	0.4212	1.5312	1	0	7	1.7036	0.4688	0	0	4	0.9153	0.2188	0	0	2	0.5527	2.1562	1	0	20	4.0649	0.4688	0	0	3	0.8418	0.0312	0	0	1	0.1768	0.0312	0	0	1	0.1768	0.0312	0	0	1	0.1768	82.4688	84	5	208	51.1935	156.2812	163.5	6	394	98.5302	2.2188	2	0	9	1.9631	2.875	2.5	0	8	2.0121	1.25	1	0	5	1.344	0.125	0	0	2	0.4212	0.1875	0	0	3	0.5923
JHH390_ROI005_ROI_T2.ome.tif	a5fd0fbb-fcc7-4982-bcaa-74d8d3d00c08	Detection		Other	Annotation	Polygon	78.31	71.36	0.6522	41.0015	24.5843	0.8525	1	9.2586	5.835	3347.4751	3327.5	2980	3848	173.7728	0.025	0	0	1	0.1581	0.25	0	0	3	0.6304	4.475	3	0	18	3.6933	0.375	0	0	2	0.6279	0.8	1	0	4	1.0178	8.9	8	2	21	3.9275	79.45	81	60	110	11.4935	0.325	0	0	2	0.5256	0.175	0	0	3	0.5495	11.675	10	0	40	7.898	0.325	0	0	2	0.6938	5.525	4.5	0	18	4.3676	0.3	0	0	2	0.5639	0.5	0	0	4	0.9337	0.225	0	0	6	0.9737	0.075	0	0	1	0.2667	0.05	0	0	1	0.2207	0.05	0	0	1	0.2207	0.125	0	0	2	0.4043	0.1	0	0	2	0.3789	0.25	0	0	2	0.4935	0.125	0	0	2	0.4043	0	0	0	0	0	0.05	0	0	1	0.2207	0.2	0	0	1	0.4051	0.25	0	0	1	0.4385	0	0	0	0	0	0.1	0	0	1	0.3038	0.125	0	0	2	0.4043	0.2	0	0	2	0.4641	0.55	0	0	4	0.9594	0.075	0	0	1	0.2667	6.375	5.5	0	18	5.5962	0.175	0	0	2	0.4465	0.175	0	0	2	0.5006	0.025	0	0	1	0.1581	0.15	0	0	1	0.3616	0.125	0	0	1	0.3349	1.4	1	0	6	1.4987	0.3	0	0	3	0.7232	0.175	0	0	1	0.3848	1.025	1	0	6	1.3865	0.4	0	0	2	0.5905	0.025	0	0	1	0.1581	0	0	0	0	0	0	0	0	0	0	152.825	160.5	9	332	99.7486	271.175	264.5	18	615	178.453	2.925	2.5	0	7	1.94	2.45	2	0	7	1.9209	1.075	1	0	5	1.1633	0.2	0	0	2	0.4641	0.3	0	0	2	0.5639
JHH390_ROI005_ROI_T2.ome.tif	c7da4f65-10ea-4fb0-96d8-8ea014686ed0	Detection		Other: CD8 T cell	Annotation	Polygon	72.25	8.311	0.6478	58.061	29.6694	0.8289	1	11.8176	6.8802	3343.4666	3343	2994	3794	187.3735	0.0667	0	0	1	0.2515	0.25	0	0	3	0.6001	3.95	3	0	13	3.534	0.3167	0	0	2	0.5672	0.9167	1	0	3	0.8886	9.5333	9	1	22	4.1679	78.35	78.5	59	103	11.0696	0.3	0	0	2	0.5909	0.1333	0	0	1	0.3428	12.15	9	1	67	10.6942	0.5167	0	0	5	0.8924	7.05	4.5	0	22	5.7355	0.25	0	0	4	0.6542	0.3167	0	0	3	0.6763	0.2833	0	0	5	0.9583	0	0	0	0	0	25.4167	0	0	486	90.0002	0.05	0	0	1	0.2198	0.35	0	0	5	0.9173	0.1	0	0	1	0.3025	0.2167	0	0	2	0.4544	0.1833	0	0	1	0.3902	0.15	0	0	1	0.3601	0.0333	0	0	1	0.181	0.2833	0	0	2	0.6132	0.4667	0	0	3	0.8123	0.0167	0	0	1	0.1291	0.1	0	0	1	0.3025	0.1167	0	0	2	0.3724	0.8833	0	0	30	3.8974	0.3667	0	0	3	0.6369	0.1333	0	0	1	0.3428	0.75	0	0	5	1.0189	0.2833	0	0	3	0.6132	0.25	0	0	4	0.773	0.2167	0	0	3	0.5237	0.2	0	0	2	0.4434	0.1667	0	0	3	0.5262	1.0667	1	0	5	1.1913	0.45	0	0	3	0.7903	0.15	0	0	2	0.4044	1.4833	1	0	9	1.9441	0.3833	0	0	5	0.9758	0.0833	0	0	3	0.4235	0.0333	0	0	1	0.181	0.05	0	0	1	0.2198	179.6333	207	15	312	87.4513	332.05	383.5	33	576	166.0923	1.8	1	0	7	1.8115	2.8333	2	0	12	2.6944	1.1167	1	0	7	1.3666	0.2333	0	0	3	0.5326	0.3167	0	0	2	0.5672
JHH390_ROI005_ROI_T2.ome.tif	e7f69bda-5d1c-401b-b6b1-dcb5f541b506	Detection		Other	Annotation	Polygon	68.19	76.26	0.6422	49.7817	26.3043	0.9041	1	9.408	7.4206	3393.6667	3384	3022	3922	191.0857	0.1961	0	0	1	0.401	0.1765	0	0	2	0.4339	4.4118	4	0	13	2.609	0.3922	0	0	3	0.6657	1.1176	1	0	6	1.4373	9.2745	8	3	22	3.8991	81.3333	79	59	110	10.4224	0.1569	0	0	1	0.3673	0.098	0	0	1	0.3003	11.3529	9	0	31	7.096	0.6667	0	0	6	1.1944	5.6275	4	0	20	4.9878	0.3922	0	0	3	0.7504	0.098	0	0	1	0.3003	0.098	0	0	1	0.3003	0.098	0	0	2	0.3608	0.0784	0	0	1	0.2715	0.0588	0	0	2	0.3106	0.098	0	0	4	0.5746	0.0196	0	0	1	0.14	0	0	0	0	0	0.0392	0	0	1	0.196	0.0784	0	0	1	0.2715	0.0196	0	0	1	0.14	0.2353	0	0	1	0.4284	0.1569	0	0	2	0.4182	0.0392	0	0	1	0.196	0.0588	0	0	1	0.2376	0.098	0	0	2	0.3608	0.2353	0	0	3	0.6193	0.2941	0	0	2	0.5402	0.0392	0	0	1	0.196	1.4902	1	0	7	1.8479	0.1765	0	0	2	0.4339	0.1373	0	0	2	0.401	0.0196	0	0	1	0.14	0.2549	0	0	4	0.7705	0.1569	0	0	3	0.543	1.2353	1	0	7	1.6073	0.4118	0	0	5	0.9204	0.0196	0	0	1	0.14	1.2157	0	0	15	2.5715	0.1373	0	0	1	0.3475	0.0392	0	0	2	0.2801	0	0	0	0	0	0	0	0	0	0	43.2549	38	6	96	26.6119	80.1765	74	14	196	49.8601	1.1569	1	0	4	1.1202	2.098	2	0	7	1.6883	0.902	1	0	3	1.0051	0.2745	0	0	3	0.6657	0.3922	0	0	5	0.8962
JHH390_ROI005_ROI_T2.ome.tif	57711e14-be81-43c8-9d73-0aaee00b21a9	Detection		HLA-DR: CD8 T cell	Annotation	Polygon	99.57	93.66	0.6401	24.1265	18.6431	0.8723	1	6.7426	4.9553	3391.9333	3358	3169	3660	162.5755	1.8	1	0	6	1.9346	0.3333	0	0	1	0.488	5.1333	5	3	9	2.1996	0.6	1	0	2	0.6325	0.6	0	0	3	0.9103	8.7333	9	5	13	2.219	85.6667	89	64	105	12.7204	0.2667	0	0	2	0.5936	0.0667	0	0	1	0.2582	1.1333	0	0	5	1.6417	0.3333	0	0	2	0.7237	10.6	9	3	22	5.4485	1.2667	1	0	4	1.2799	4.7333	4	1	11	2.7115	0.2	0	0	1	0.414	0.1333	0	0	1	0.3519	0.0667	0	0	1	0.2582	0	0	0	0	0	0.2	0	0	1	0.414	0.0667	0	0	1	0.2582	0.1333	0	0	1	0.3519	0.8667	1	0	4	1.1255	0.4667	0	0	5	1.3558	0	0	0	0	0	0.4667	0	0	2	0.6399	0.2667	0	0	2	0.5936	0.0667	0	0	1	0.2582	0.2	0	0	1	0.414	1	1	0	5	1.4142	53.6	61	18	79	19.3273	2.7333	2	0	6	1.8696	0.4	0	0	1	0.5071	0.2667	0	0	1	0.4577	0.0667	0	0	1	0.2582	2.8	2	0	11	3.0048	21.9333	19	0	59	18.1559	0	0	0	0	0	7.3333	8	1	12	3.3523	1.8	1	0	8	1.9712	0.4	0	0	3	0.8281	0.0667	0	0	1	0.2582	13.5333	14	8	24	4.2906	0.5333	0	0	3	0.8338	0.2	0	0	1	0.414	0.0667	0	0	1	0.2582	0.1333	0	0	1	0.3519	149.3333	113	12	354	109.9335	286.8	254	48	671	208.9119	3.0667	2	0	10	2.7894	6.6667	5	2	16	4.1173	2.0667	1	0	6	1.8696	0.2	0	0	2	0.5606	0.3333	0	0	2	0.6172
JHH390_ROI005_ROI_T2.ome.tif	2b2f0be8-544c-4af3-8a8f-b3f59148d955	Detection		Other	Annotation	Polygon	36.43	7.743	0.6343	46.373	26.9327	0.8034	0.9482	9.5603	7.6107	3424.9792	3432.5	2993	3733	147.3816	0.1458	0	0	2	0.412	0.2083	0	0	3	0.5442	3.4583	3	0	18	3.0871	0.4375	0	0	3	0.7693	0.9792	1	0	4	1.1576	11.4167	10	5	22	4.5422	80.5833	80.5	53	108	11.511	0.25	0	0	2	0.5259	0.1458	0	0	2	0.412	6.7917	5	0	25	5.5081	0.2708	0	0	2	0.5355	5.9583	5.5	0	18	4.6857	0.1458	0	0	2	0.4608	0.2292	0	0	2	0.4722	0.0625	0	0	2	0.32	0.125	0	0	2	0.3928	0.125	0	0	2	0.3928	0.125	0	0	1	0.3342	0.0208	0	0	1	0.1443	0.0833	0	0	1	0.2793	0.0625	0	0	1	0.2446	0.125	0	0	2	0.3928	0.125	0	0	1	0.3342	0.0208	0	0	1	0.1443	0.2292	0	0	3	0.627	0.4792	0	0	4	0.8503	0.0417	0	0	2	0.2887	0.0833	0	0	1	0.2793	0.0208	0	0	1	0.1443	0.2708	0	0	3	0.6438	0.1458	0	0	2	0.412	0.0833	0	0	2	0.3472	1.4167	1	0	6	1.3966	0.1042	0	0	1	0.3087	0.0625	0	0	1	0.2446	0.1042	0	0	1	0.3087	0.1458	0	0	2	0.412	0.1042	0	0	2	0.3713	0.6667	0	0	4	0.9964	0.3542	0	0	4	0.7576	0.0417	0	0	1	0.2019	2.4583	1.5	0	12	2.4922	0.1875	0	0	2	0.4451	0.0625	0	0	3	0.433	0	0	0	0	0	0.0208	0	0	1	0.1443	85.1667	85	21	219	42.4977	150.1458	146.5	24	353	73.5712	1.0625	1	0	6	1.4933	1.5	1	0	7	1.6503	0.8125	0	0	5	1.2826	0.0833	0	0	1	0.2793	0.3958	0	0	3	0.792
JHH390_ROI005_ROI_T2.ome.tif	cba00d91-6333-4e1c-9c20-92af0b6daaa3	Detection		Other	Annotation	Polygon	9.021	77.9	0.6246	45.6729	25.7398	0.8663	1	9.6838	6.6917	3406.1489	3433	3009	3770	179.8336	0.3191	0	0	2	0.5153	0.0851	0	0	1	0.2821	2.3191	2	0	16	2.7434	0.4255	0	0	3	0.7444	1.8298	1	0	8	1.6461	8.9787	8	1	17	4.3162	78.6809	77	62	107	10.9348	0.1915	0	0	2	0.4491	0.0851	0	0	1	0.2821	6.2553	4	0	24	6.4655	0.617	0	0	4	0.9453	19.2128	17	2	55	13.1545	1.7021	2	0	4	1.2496	0.383	0	0	4	0.8736	0.1064	0	0	1	0.3117	0.1064	0	0	1	0.3117	0.1702	0	0	2	0.4809	0.0851	0	0	1	0.2821	0.2553	0	0	2	0.5698	0.0213	0	0	1	0.1459	0.2553	0	0	3	0.6068	0.2979	0	0	3	0.6566	0.4894	0	0	3	0.8041	0.0638	0	0	1	0.2471	1.2979	1	0	5	1.2496	0.1915	0	0	1	0.3977	0.1489	0	0	3	0.5508	0.0638	0	0	1	0.2471	0.1064	0	0	2	0.4291	0.3191	0	0	3	0.7255	0.3617	0	0	4	0.735	0.2128	0	0	3	0.5874	1.4255	1	0	8	1.7784	0.4681	0	0	4	0.881	0.2979	0	0	3	0.6566	0.0213	0	0	1	0.1459	0.2128	0	0	4	0.6573	0.1489	0	0	2	0.4159	0.8723	1	0	5	1.0554	0.2128	0	0	2	0.4633	0.0638	0	0	1	0.2471	1.2128	1	0	7	1.4586	0.2553	0	0	2	0.5303	0.0213	0	0	1	0.1459	0.0851	0	0	2	0.3508	0.0426	0	0	2	0.2917	101.7234	108	6	220	48.7713	185.6808	205	19	409	91.3836	5.0426	3	0	13	3.5013	3.0851	2	0	9	2.3109	1.8085	2	0	7	1.8254	0.3404	0	0	3	0.7002	0.383	0	0	2	0.6098
JHH390_ROI005_ROI_T2.ome.tif	fc51a801-a231-447d-8d31-2ff7a076a038	Detection		Other	Annotation	Polygon	30.86	85.59	0.6233	44.8649	26.8852	0.78	0.9497	10.1634	6.1831	3361.3408	3340.5	3107	3658	153.8471	0.1136	0	0	1	0.321	0.25	0	0	2	0.4882	3.25	2.5	0	16	3.0963	0.5	0	0	5	0.9524	1.2273	1	0	6	1.4921	9.4091	9	2	20	4.5613	76.9091	77	53	97	10.9051	0.2727	0	0	1	0.4505	0.0909	0	0	2	0.362	11.7045	10.5	0	41	9.1488	0.3636	0	0	2	0.6851	6.5909	5	0	28	6.0051	0.2727	0	0	4	0.727	0.1591	0	0	2	0.4283	0.0455	0	0	1	0.2107	0.0455	0	0	1	0.2107	0.1591	0	0	3	0.5258	0.0227	0	0	1	0.1508	0.1136	0	0	3	0.4925	0	0	0	0	0	0.4318	0	0	5	1.0432	0.0682	0	0	1	0.255	0.2045	0	0	2	0.4615	0.0227	0	0	1	0.1508	0.3409	0	0	4	0.7453	0.2727	0	0	2	0.544	0.0227	0	0	1	0.1508	0.0909	0	0	1	0.2908	0.0682	0	0	3	0.4523	0.1136	0	0	1	0.321	0.5455	0	0	2	0.6973	0.0909	0	0	1	0.2908	2.1136	2	0	8	2.0025	0.1818	0	0	2	0.4952	0.1364	0	0	2	0.4087	0.0455	0	0	1	0.2107	0.1364	0	0	1	0.3471	0.1591	0	0	2	0.4283	0.9091	1	0	3	0.9104	0.3864	0	0	3	0.7538	0.0682	0	0	1	0.255	1.1136	1	0	5	1.4975	0.1136	0	0	2	0.3868	0.0455	0	0	1	0.2107	0.0227	0	0	1	0.1508	0.0909	0	0	4	0.603	103.6364	112	7	214	56.4566	191.8409	202.5	14	359	101.024	1.7045	1	0	7	1.7331	2.25	2	0	10	2.2217	0.9545	1	0	5	1.1197	0.1364	0	0	2	0.4621	0.1818	0	0	2	0.4952
JHH390_ROI005_ROI_T2.ome.tif	92fe6109-5f63-41c3-a92f-3bb813cce2ad	Detection		Other	Annotation	Polygon	42.52	77.83	0.6233	25.5412	20.0242	0.8005	1	8.13	4.4552	3429.2083	3382	3146	3995	224.0867	0	0	0	0	0	0.125	0	0	1	0.3378	1.9583	1	0	9	2.3862	0.3333	0	0	2	0.637	0.625	0.5	0	2	0.7109	9.7917	9	3	19	3.575	77.1667	80.5	50	105	13.9865	0.3333	0	0	2	0.637	0.1667	0	0	1	0.3807	7.4583	8	0	14	3.3229	0.1667	0	0	1	0.3807	2.6667	3	0	9	2.14	0.125	0	0	1	0.3378	0.1667	0	0	1	0.3807	0.125	0	0	1	0.3378	0.0833	0	0	2	0.4082	0	0	0	0	0	0	0	0	0	0	0.0417	0	0	1	0.2041	0.125	0	0	1	0.3378	0.25	0	0	2	0.6079	0	0	0	0	0	0.25	0	0	2	0.6079	0.125	0	0	1	0.3378	0.2083	0	0	1	0.4149	0.0417	0	0	1	0.2041	0	0	0	0	0	0.0417	0	0	1	0.2041	0.2083	0	0	3	0.658	0.0833	0	0	1	0.2823	0.2917	0	0	5	1.0417	0.2083	0	0	3	0.658	0.375	0	0	3	0.7697	0.125	0	0	3	0.6124	0.125	0	0	1	0.3378	0.0417	0	0	1	0.2041	0.125	0	0	1	0.3378	0.25	0	0	2	0.5316	0.625	0	0	4	1.0555	0.3333	0	0	3	0.702	0.0417	0	0	1	0.2041	0.5417	0	0	2	0.833	0.125	0	0	1	0.3378	0	0	0	0	0	0.0417	0	0	1	0.2041	0.0417	0	0	1	0.2041	119.9583	111.5	18	316	88.1395	222.75	197.5	30	526	152.9729	2.375	1.5	0	9	2.2996	2.0833	2	0	6	1.5857	0.875	1	0	3	0.8999	0.0833	0	0	1	0.2823	0.1667	0	0	1	0.3807
JHH390_ROI005_ROI_T2.ome.tif	4f419e23-baa3-40db-b8ee-8b105945ea8d	Detection		Other: CD4 T cell	Annotation	Polygon	67.48	16.46	0.6176	53.7835	28.9015	0.8091	1	11.69	6.3364	3370.9075	3342.5	3115	3885	161.6669	0.2407	0	0	2	0.5116	0.2407	0	0	2	0.5116	4.7222	4	0	17	3.9925	0.3704	0	0	2	0.5595	1.1111	1	0	5	1.2388	9.8148	9.5	2	19	3.4427	79.0185	81	60	102	11.0428	0.2593	0	0	3	0.5887	0.1667	0	0	1	0.3762	13.8519	10	1	67	11.622	0.6667	0	0	4	0.9111	9.4444	9	1	19	4.7728	0.7407	0	0	6	1.3202	0.4815	0	0	3	0.7458	0.1667	0	0	5	0.7203	0.0741	0	0	2	0.3281	0.1296	0	0	2	0.3908	0.1481	0	0	3	0.5287	0.1667	0	0	2	0.4234	0.0185	0	0	1	0.1361	0.2407	0	0	2	0.5472	0.1481	0	0	1	0.3586	0.037	0	0	1	0.1906	0	0	0	0	0	2.1481	1	0	8	2.4294	0.463	0	0	2	0.6926	0.0556	0	0	1	0.2312	0.1852	0	0	3	0.552	0.1111	0	0	2	0.372	0.2593	0	0	2	0.4831	0.3704	0	0	3	0.7083	0.1667	0	0	2	0.4234	3.3333	2	0	16	3.919	0.3889	0	0	4	0.856	0.1667	0	0	2	0.4234	0.0556	0	0	1	0.2312	0.1852	0	0	1	0.3921	0.7963	0	0	9	1.6527	1.3333	1	0	5	1.4142	0.3704	0	0	3	0.6529	0.0741	0	0	2	0.3281	0.9444	1	0	5	1.1229	0.1852	0	0	2	0.4376	0.0741	0	0	1	0.2644	0.0556	0	0	1	0.2312	0.037	0	0	1	0.1906	195.8333	190.5	45	431	83.0548	351.0555	348	81	694	145.5271	2.2778	2	0	7	1.7202	2.7037	2	0	9	2.3523	1.6667	1	0	7	1.5901	0.1296	0	0	1	0.339	0.2593	0	0	2	0.5207
JHH390_ROI005_ROI_T2.ome.tif	1c067f06-5324-4072-9479-1a301230a341	Detection		Other	Annotation	Polygon	33.07	91.7	0.6011	35.5154	23.29	0.8228	1	8.8285	5.9107	3283.9143	3317	2881	3630	180.3778	0.2	0	0	3	0.5841	0.1143	0	0	1	0.3228	4.0857	3	0	12	3.0232	0.4	0	0	3	0.7746	1.0571	1	0	4	1.2821	9.3143	9	1	19	4.2272	78.2857	78	57	113	13.3935	0.3143	0	0	2	0.5298	0.1429	0	0	1	0.355	8.7143	7	0	31	7.1397	0.4857	0	0	3	0.9194	5.0286	3	0	35	6.1524	0.2	0	0	1	0.4058	0.2857	0	0	1	0.4583	0.1143	0	0	2	0.4038	0.0571	0	0	1	0.2355	0.1714	0	0	2	0.4528	0.0571	0	0	1	0.2355	0	0	0	0	0	0.0857	0	0	1	0.284	0.2	0	0	1	0.4058	0.0571	0	0	1	0.2355	0.3429	0	0	2	0.5913	0	0	0	0	0	0.2857	0	0	1	0.4583	0.2571	0	0	2	0.5606	0.0286	0	0	1	0.169	0.0857	0	0	2	0.3735	0.1143	0	0	2	0.4038	0.3143	0	0	4	0.796	0.3143	0	0	4	0.7581	0.0857	0	0	1	0.284	0.4857	0	0	3	0.7425	0.1714	0	0	2	0.4528	0.3143	0	0	3	0.6311	0.0286	0	0	1	0.169	0.0571	0	0	1	0.2355	0.1143	0	0	1	0.3228	0.9143	1	0	4	1.0675	0.5143	0	0	2	0.7425	0.1714	0	0	2	0.5137	1	1	0	6	1.3061	0.2	0	0	1	0.4058	0	0	0	0	0	0.0286	0	0	1	0.169	0	0	0	0	0	85.6571	81	14	186	52.7881	156.1143	150	37	351	98.9301	3	3	0	8	1.9704	2.8	3	0	7	1.9066	1.1714	1	0	5	1.3824	0.2571	0	0	4	0.8521	0.4286	0	0	3	0.7778
JHH390_ROI005_ROI_T2.ome.tif	69b01089-8d64-418f-8f3a-4410cfeae093	Detection		HLA-DR: Other	Annotation	Polygon	76.66	36.68	0.5908	32.3574	21.2994	0.8963	1	7.5072	6.0862	3429.2122	3470	3013	3737	179.9501	0.2424	0	0	1	0.4352	0.1212	0	0	1	0.3314	2.8788	2	0	14	2.7014	0.1212	0	0	2	0.4151	1.6667	1	0	5	1.2666	10.5152	10	3	18	4.0706	80.6667	82	59	115	11.4501	0.3333	0	0	2	0.5951	0.0909	0	0	1	0.2919	4.5152	4	0	18	4.124	0.7576	0	0	4	1.0009	18.9091	19	4	36	8.8965	0.8788	1	0	7	1.3865	0.5455	0	0	4	0.9384	0.303	0	0	3	0.6366	0.9091	0	0	8	1.6652	0.0909	0	0	1	0.2919	0.1515	0	0	1	0.3641	0.0606	0	0	1	0.2423	0	0	0	0	0	0.4848	0	0	2	0.7124	0.1212	0	0	1	0.3314	0.1212	0	0	1	0.3314	0.0303	0	0	1	0.1741	1.697	1	0	7	1.8112	0.303	0	0	2	0.5855	0	0	0	0	0	0.1515	0	0	2	0.4417	0.2121	0	0	2	0.5453	0.3636	0	0	3	0.7424	0.4848	0	0	3	0.8337	0.2121	0	0	1	0.4151	1.303	1	0	7	1.4249	0.4545	0	0	5	1.0335	0.1212	0	0	2	0.4151	0.0606	0	0	1	0.2423	0.4848	0	0	4	1.0038	0.3333	0	0	2	0.6455	1.3333	1	0	6	1.4506	0.5152	0	0	2	0.755	0.303	0	0	2	0.5294	51.9697	20	0	253	66.2427	0.4242	0	0	3	0.7918	0.1515	0	0	2	0.4417	0	0	0	0	0	0	0	0	0	0	66.1818	71	13	122	33.8955	125.9091	135	25	262	63.5558	3.697	3	0	9	2.2705	3.7576	4	0	9	2.6343	2.1515	2	0	7	1.9545	0.1515	0	0	1	0.3641	0.6061	0	0	4	0.8638
JHH390_ROI005_ROI_T2.ome.tif	a8acb35e-a314-4039-b1f8-a7dcf4788026	Detection		HLA-DR: CAF	Annotation	Polygon	54.4	93.07	0.5733	47.5549	26.2197	0.8693	1	9.6859	6.5	3348.1914	3346	2938	3735	160.1924	0.2979	0	0	2	0.5071	0.0851	0	0	2	0.3508	4.3617	4	0	10	2.5232	0.4255	0	0	3	0.6509	0.9362	1	0	5	1.3089	10.5745	11	3	20	3.9328	76.1702	75	57	100	9.9024	0.2128	0	0	2	0.508	0.2128	0	0	2	0.4633	18.383	16	0	56	12.0354	0.8298	1	0	5	1.0899	4.4255	2	0	18	4.466	0.3404	0	0	5	0.9155	0.2553	0	0	2	0.5303	0.1064	0	0	2	0.375	0.1064	0	0	1	0.3117	0.0213	0	0	1	0.1459	0.0426	0	0	1	0.204	0.0851	0	0	1	0.2821	0.1489	0	0	2	0.4653	0.3404	0	0	4	0.8412	0.2553	0	0	3	0.6068	0.3191	0	0	3	0.6629	0.0426	0	0	1	0.204	1.2553	1	0	8	1.5807	0.4894	0	0	6	1.1586	0.0426	0	0	1	0.204	0.0851	0	0	1	0.2821	0.1489	0	0	3	0.5508	0.2128	0	0	6	0.931	0.1915	0	0	2	0.4951	0.1277	0	0	2	0.3966	0.7447	0	0	5	1.0727	0.2766	0	0	2	0.5398	0.1702	0	0	2	0.4809	0.0426	0	0	1	0.204	0.2979	0	0	5	0.8053	0.234	0	0	2	0.4761	1.3404	1	0	5	1.5362	0.2979	0	0	2	0.5071	0.1277	0	0	2	0.3966	11.617	2	0	104	22.5124	0.234	0	0	2	0.5197	0.0851	0	0	1	0.2821	0.0638	0	0	2	0.3233	0.1064	0	0	2	0.375	80.7234	84	24	150	32.1482	146.1277	147	27	255	57.2738	1.7021	2	0	4	1.178	4.2128	4	0	11	3.1273	1.2766	1	0	5	1.3626	0.2979	0	0	2	0.5866	0.4894	0	0	4	0.8565
JHH390_ROI005_ROI_T2.ome.tif	9b986bc6-a63c-4552-a176-0563b3eda663	Detection		Other	Annotation	Polygon	3.06	8.503	0.5605	42.4023	25.0759	0.8474	1	9.7717	5.8008	3385.1538	3368	3043	3753	169.4329	0.2821	0	0	2	0.5104	0.1795	0	0	2	0.4514	2.6154	2	0	9	2.2078	0.2821	0	0	4	0.8255	0.7692	1	0	3	0.9021	9.2821	9	3	19	3.3321	80.3846	79	63	109	11.0182	0.1538	0	0	2	0.4315	0.0513	0	0	1	0.2235	11.2308	11	1	23	5.532	0.6667	0	0	4	0.8686	6.6154	6	0	24	5.4125	0.1795	0	0	1	0.3888	0.0769	0	0	1	0.27	0.0513	0	0	2	0.3203	0.1282	0	0	1	0.3387	0.1538	0	0	3	0.5399	0	0	0	0	0	0.0769	0	0	1	0.27	0.0769	0	0	1	0.27	0.1538	0	0	2	0.4887	0.1282	0	0	3	0.5221	0.0256	0	0	1	0.1601	0	0	0	0	0	0.3846	0	0	2	0.6734	0.2308	0	0	2	0.5361	0.0256	0	0	1	0.1601	0.0256	0	0	1	0.1601	0.0256	0	0	1	0.1601	0.1538	0	0	1	0.3655	0.4359	0	0	3	0.8206	0.2564	0	0	3	0.6373	4.2564	4	0	16	3.6035	0.1026	0	0	2	0.3835	0.1282	0	0	1	0.3387	0.0256	0	0	1	0.1601	0.3846	0	0	4	0.8771	0.0769	0	0	1	0.27	1.3077	1	0	4	1.1506	0.3077	0	0	3	0.6551	0.1026	0	0	2	0.3835	0.7692	0	0	5	1.2022	0.3333	0	0	2	0.5774	0.0513	0	0	1	0.2235	0.0256	0	0	1	0.1601	0	0	0	0	0	88.1795	96	26	147	34.0192	155.1795	163	44	259	54.8783	1.3333	1	0	4	1.1082	1.7692	1	0	6	1.5124	0.9744	1	0	3	1.0384	0.3077	0	0	2	0.5208	0.2308	0	0	2	0.5361
JHH390_ROI005_ROI_T2.ome.tif	2f0ded85-fa40-401b-82da-60903fc36b70	Detection		Other	Annotation	Polygon	80.26	47.87	0.5581	29.2642	20.5207	0.8733	1	7.6632	5.5448	3392.7666	3385	3059	3858	178.3096	0.2	0	0	2	0.4842	0.1333	0	0	1	0.3457	2.7	2	1	6	1.6006	0.3333	0	0	4	0.8023	1.1333	1	0	3	0.9732	9.3667	9	3	20	3.4986	79.3	79.5	57	105	11.9399	0.2333	0	0	1	0.4302	0.1667	0	0	1	0.379	5.5333	5	0	22	4.4391	0.2	0	0	2	0.4842	6.4	5.5	0	20	4.8037	0.3	0	0	2	0.535	0.5	0	0	2	0.6297	0.0333	0	0	1	0.1826	0.0333	0	0	1	0.1826	0.1333	0	0	1	0.3457	0	0	0	0	0	0.2	0	0	4	0.7611	0.1	0	0	1	0.3051	0.2333	0	0	2	0.504	0	0	0	0	0	0.2	0	0	3	0.6103	0.0667	0	0	1	0.2537	0.4667	0	0	3	0.7303	0.1333	0	0	1	0.3457	0.0333	0	0	1	0.1826	0.1667	0	0	2	0.4611	0.2667	0	0	6	1.1121	0.1333	0	0	1	0.3457	0.2	0	0	2	0.4842	0.1667	0	0	2	0.4611	0.3333	0	0	2	0.6065	0.1333	0	0	1	0.3457	0.0667	0	0	1	0.2537	0.1667	0	0	4	0.7466	0.2667	0	0	4	0.7849	0.2	0	0	2	0.4842	1.0333	0.5	0	4	1.2726	0.4333	0	0	2	0.6261	0.1	0	0	2	0.4026	1.4333	1	0	7	1.5687	0.3667	0	0	3	0.7649	0	0	0	0	0	0.0333	0	0	1	0.1826	0.0667	0	0	1	0.2537	152.6667	131	27	290	75.5811	276.9333	262	58	603	148.8906	2.1667	2	0	6	1.5105	1.7333	1.5	0	6	1.6174	1.3667	1	0	7	1.5196	0.2333	0	0	2	0.5683	0.6333	0	0	3	0.8087
JHH390_ROI005_ROI_T2.ome.tif	efecc337-bfbb-451e-94ac-7ccd4650adda	Detection		Other	Annotation	Polygon	68.43	43.62	0.5443	27.9204	19.5703	0.9161	1	6.7482	5.8393	3417.8928	3407.5	3024	3710	172.2585	0.1429	0	0	2	0.4484	0.25	0	0	2	0.5182	3.1786	3	0	8	2.0737	0.1786	0	0	1	0.39	0.8571	1	0	4	1.044	9.3571	8	4	19	4.1385	83.5357	82	67	108	11.0704	0.3214	0	0	2	0.548	0.1071	0	0	1	0.315	4.75	3.5	0	17	4.2306	0.3214	0	0	2	0.7228	7.8214	7.5	0	21	5.1572	0.3571	0	0	2	0.5587	0.2143	0	0	2	0.5681	0.0357	0	0	1	0.189	0.0714	0	0	1	0.2623	0.1071	0	0	1	0.315	0	0	0	0	0	0.1071	0	0	1	0.315	0	0	0	0	0	0.2143	0	0	3	0.6299	0.1429	0	0	3	0.5909	0.2143	0	0	2	0.5681	0.0357	0	0	1	0.189	0.4643	0	0	2	0.6929	0.1786	0	0	3	0.6118	0	0	0	0	0	0.1071	0	0	2	0.4163	0.0357	0	0	1	0.189	0.4643	0	0	3	0.7927	0.2857	0	0	2	0.5345	0.2143	0	0	1	0.4179	0.3571	0	0	2	0.5587	0.1786	0	0	1	0.39	0.1429	0	0	1	0.3563	0	0	0	0	0	0.2143	0	0	1	0.4179	0.3214	0	0	2	0.548	1.25	1	0	8	1.9744	0.1071	0	0	1	0.315	0.0357	0	0	1	0.189	1.1071	1	0	4	1.0659	0.1429	0	0	1	0.3563	0.1071	0	0	1	0.315	0	0	0	0	0	0	0	0	0	0	63.3929	49.5	17	150	37.3902	112.6429	99.5	20	262	67.3851	2.3571	2	0	7	1.592	1.7143	2	0	5	1.4365	1.3214	1	0	3	1.0203	0.1429	0	0	1	0.3563	0.25	0	0	5	0.967
JHH390_ROI005_ROI_T2.ome.tif	a5b0e8c8-f319-4d1c-a48b-f0d731a7bf08	Detection		Other	Annotation	Polygon	57.7	50.97	0.54	31.5682	21.1747	0.8848	1	7.8468	5.1491	3438.9678	3418	3201	3779	141.1846	0.0968	0	0	1	0.3005	0.129	0	0	1	0.3408	4.0645	4	0	11	2.594	0.4839	0	0	2	0.6256	1.3226	1	0	3	1.1369	9.9355	11	3	20	3.8724	83.3548	83	67	99	9.7007	0.3871	0	0	2	0.6152	0.0645	0	0	1	0.2497	6.5806	5	0	17	4.9516	0.3871	0	0	3	0.7606	6.8387	6	0	20	5.1127	0.1935	0	0	2	0.4774	0.2258	0	0	2	0.4973	0.0968	0	0	2	0.3962	0.0968	0	0	1	0.3005	0.0968	0	0	1	0.3005	0.0645	0	0	1	0.2497	0.0645	0	0	1	0.2497	0.0323	0	0	1	0.1796	0.129	0	0	1	0.3408	0.0645	0	0	1	0.2497	0.3548	0	0	6	1.1416	0	0	0	0	0	0.3548	0	0	2	0.5507	0.129	0	0	1	0.3408	0	0	0	0	0	0.129	0	0	1	0.3408	0	0	0	0	0	0.1935	0	0	3	0.6011	0.3226	0	0	2	0.5408	0.0968	0	0	1	0.3005	1.6774	1	0	8	1.7961	0.129	0	0	2	0.4275	0.0645	0	0	1	0.2497	0	0	0	0	0	0.2581	0	0	3	0.6816	0.2258	0	0	2	0.5603	0.871	1	0	5	1.2313	0.4839	0	0	3	0.8896	0.129	0	0	2	0.4275	1.0323	0	0	5	1.378	0.1935	0	0	3	0.6011	0.0645	0	0	1	0.2497	0.0968	0	0	2	0.3962	0.0645	0	0	1	0.2497	110.8387	108	10	255	66.5368	200.6129	196	17	427	115.8231	1.9677	2	0	6	1.7413	1.6774	1	0	9	1.956	1.129	1	0	4	1.2039	0.129	0	0	1	0.3408	0.3226	0	0	2	0.5408
JHH390_ROI005_ROI_T2.ome.tif	a704f21f-da89-4072-b046-60eaf828ef6d	Detection		Other	Annotation	Polygon	15.75	53.7	0.524	25.8171	19.6026	0.8443	1	6.9089	5.4539	3369.04	3401	3061	3572	142.8392	0.12	0	0	1	0.3317	0.24	0	0	1	0.4359	3.24	3	0	8	2.0058	0.44	0	0	3	0.7681	1.2	1	0	4	1.1547	9.88	10	3	16	3.4073	82.68	84	66	98	7.9829	0.2	0	0	2	0.5	0.04	0	0	1	0.2	14.36	13	3	33	7.9681	0.6	0	0	3	0.9129	10.4	8	1	30	7.9844	0.28	0	0	2	0.6137	0.28	0	0	2	0.6137	0.04	0	0	1	0.2	0.12	0	0	2	0.4397	0	0	0	0	0	0.04	0	0	1	0.2	0.16	0	0	1	0.3742	0.04	0	0	1	0.2	0.44	0	0	2	0.7118	0.16	0	0	3	0.6245	0.12	0	0	1	0.3317	0	0	0	0	0	0.4	0	0	3	0.7638	0.12	0	0	2	0.4397	0.08	0	0	1	0.2769	0.08	0	0	1	0.2769	0.16	0	0	2	0.4726	0.24	0	0	2	0.5228	0.64	0	0	3	0.9074	0.2	0	0	1	0.4082	1.32	1	0	5	1.4922	0.24	0	0	2	0.5972	0.12	0	0	1	0.3317	0.08	0	0	1	0.2769	0.08	0	0	1	0.2769	0.32	0	0	2	0.6272	1.48	1	0	5	1.2949	0.32	0	0	3	0.6904	0.08	0	0	1	0.2769	0.92	1	0	5	1.1874	0.4	0	0	2	0.6455	0.04	0	0	1	0.2	0	0	0	0	0	0.04	0	0	1	0.2	59.28	57	16	114	29.7777	106.12	93	31	197	53.6434	1.92	1	0	8	1.9983	2.52	2	0	9	2.365	1.28	1	0	4	1.2423	0.28	0	0	3	0.7371	0.36	0	0	2	0.6377
JHH390_ROI005_ROI_T2.ome.tif	cf1fa1c4-b29f-457a-8667-ae8079be977a	Detection		Other	Annotation	Polygon	86.14	37.33	0.509	23.1819	18.318	0.8682	1	6.5852	4.7097	3328.4348	3329	2943	3848	223.9066	0.1304	0	0	1	0.3444	0.1304	0	0	2	0.4577	2.8261	2	0	10	2.3287	0.3043	0	0	2	0.635	1.3043	1	0	5	1.363	9.9565	10	2	17	4.1173	74.913	75	53	94	10.1036	0.3043	0	0	2	0.5588	0.2174	0	0	1	0.4217	11.2609	10	1	26	7.3868	0.5217	0	0	3	0.898	2.4783	2	0	8	2.1505	0.087	0	0	2	0.417	0.3478	0	0	3	0.7751	0.0435	0	0	1	0.2085	0.1739	0	0	1	0.3876	0.0435	0	0	1	0.2085	0.087	0	0	2	0.417	0.0435	0	0	1	0.2085	0.0435	0	0	1	0.2085	0.1304	0	0	2	0.4577	0.3913	0	0	3	0.8388	0.1304	0	0	2	0.4577	0	0	0	0	0	0.3043	0	0	3	0.7029	0.1739	0	0	2	0.491	0	0	0	0	0	0.0435	0	0	1	0.2085	0.0435	0	0	1	0.2085	0.2609	0	0	2	0.5408	0.3913	0	0	3	0.7827	0.1304	0	0	1	0.3444	1.2609	1	0	6	1.7114	0.087	0	0	1	0.2881	0.2174	0	0	1	0.4217	0.087	0	0	1	0.2881	0.3913	0	0	4	1.0331	0.2609	0	0	1	0.449	1.087	0	0	5	1.5348	0.3913	0	0	3	0.7827	0	0	0	0	0	2.4348	2	0	9	2.7605	0.1304	0	0	1	0.3444	0	0	0	0	0	0	0	0	0	0	0.087	0	0	1	0.2881	93.7391	78	7	223	63.3068	165.5217	137	13	352	106.6843	1	1	0	4	1.0871	3.3478	3	0	9	2.707	0.6522	0	0	3	0.8317	0.1304	0	0	1	0.3444	0.1739	0	0	1	0.3876
JHH390_ROI005_ROI_T2.ome.tif	f9f39c1e-5371-439c-8d69-b53ff132ea06	Detection		Other	Annotation	Polygon	39.53	93.68	0.4802	21.833	18.7826	0.7777	1	7.67	4.481	3365.7144	3370	3156	3690	133.5066	0.0476	0	0	1	0.2182	0.2857	0	0	2	0.5606	6	6	1	17	4.5935	0.4286	0	0	2	0.6761	1	1	0	4	1.0488	10.2381	9	4	21	4.1341	79	77	68	95	8.124	0.1429	0	0	1	0.3586	0.1905	0	0	1	0.4024	18.1429	16	2	44	9.7994	0.8095	0	0	6	1.3645	5.9524	5	2	13	3.3834	0.5714	0	0	3	0.9258	0.5238	0	0	5	1.1233	0.6667	0	0	4	1.3166	0.4286	0	0	3	0.7464	79.381	0	0	1043	241.4315	0.1429	0	0	2	0.4781	0.4762	0	0	7	1.5368	0.0476	0	0	1	0.2182	0.2381	0	0	1	0.4364	0.2381	0	0	2	0.539	0.619	0	0	3	0.8047	0.0952	0	0	1	0.3008	0.5238	0	0	2	0.6796	0.2857	0	0	2	0.5606	0	0	0	0	0	0.3333	0	0	4	0.9129	0.0476	0	0	1	0.2182	0.1905	0	0	1	0.4024	0.6667	0	0	3	0.9129	0.2381	0	0	1	0.4364	0.7619	1	0	3	0.8891	0.2381	0	0	2	0.6249	0.1429	0	0	1	0.3586	0.1429	0	0	1	0.3586	0.3333	0	0	1	0.483	0.381	0	0	3	0.74	1.4286	1	0	6	1.5024	0.4286	0	0	2	0.5976	0.0476	0	0	1	0.2182	0.619	0	0	2	0.8047	0.0952	0	0	1	0.3008	0.0952	0	0	1	0.3008	0.0952	0	0	2	0.4364	0	0	0	0	0	77.9524	60	15	172	52.1426	138.381	114	29	273	87.464	3.2381	3	1	6	1.48	3.0952	3	0	9	2.3217	0.9524	1	0	4	1.0713	0.3333	0	0	2	0.6583	0.2857	0	0	1	0.4629
JHH390_ROI005_ROI_T2.ome.tif	fa26455f-f61e-474b-b87a-0b6a2060b4b0	Detection		HLA-DR: tumor_epithelial	Annotation	Polygon	63.17	0.123	0.4661	119.0393	39.8738	0.9409	1	14.0158	11.451	3406.3333	3405.5	2963	3691	163.677	0.1167	0	0	1	0.3237	0.2	0	0	2	0.4434	3.6	3	0	13	3.0874	0.45	0	0	4	0.8115	1.0833	1	0	7	1.369	10.7833	11	4	19	3.2992	80.1833	80	53	106	12.1913	0.1667	0	0	2	0.4185	0.2333	0	0	2	0.5326	12.1	8	0	66	11.9103	0.95	0	0	17	2.368	11.2833	7.5	0	54	11.5599	0.6167	0	0	6	1.1363	0.6667	0	0	4	0.9508	0.4333	0	0	12	1.6505	0.1333	0	0	2	0.4305	46.5	0	0	2023	268.4299	0.25	0	0	4	0.7507	0.3333	0	0	9	1.2844	0.0667	0	0	2	0.3117	0.8667	0	0	8	1.4435	0.0667	0	0	2	0.3117	0.2667	0	0	3	0.6069	0	0	0	0	0	0.9667	0	0	6	1.4376	0.2833	0	0	3	0.6132	0.0167	0	0	1	0.1291	0.3667	0	0	5	0.92	0.1333	0	0	1	0.3428	0.2333	0	0	2	0.4646	0.4167	0	0	4	0.7431	0.3667	0	0	10	1.3272	3.65	2	0	13	3.1986	0.4167	0	0	2	0.696	0.3333	0	0	3	0.6553	0.1	0	0	3	0.4396	0.3333	0	0	4	0.7739	0.4	0	0	3	0.7178	2.0667	1	0	7	2.0241	0.4333	0	0	5	0.9632	0.2667	0	0	2	0.4825	14.0833	3	0	117	28.3102	0.5167	0	0	4	0.8334	0.15	0	0	3	0.515	0.05	0	0	1	0.2198	0.0667	0	0	1	0.2515	176.7	184.5	56	372	60.0543	312.4667	324	100	685	105.1436	2.85	3	0	11	2.5699	2.4167	2	0	11	2.6187	2.05	2	0	8	1.9435	0.2667	0	0	4	0.6604	1.3167	0	0	39	5.0707
JHH390_ROI005_ROI_T2.ome.tif	21f18269-61f4-47c8-8ef0-945e24e640e9	Detection		HLA-DR: Other	Annotation	Polygon	96.22	74	0.4629	37.369	26.4004	0.6738	0.9099	10.0352	6.7477	3388.606	3392	3099	3897	201.5087	0.1515	0	0	1	0.3641	0.2121	0	0	3	0.5999	6.3939	6	1	18	3.9524	0.7273	0	0	3	0.9445	0.7879	1	0	3	0.8929	9.4242	9	3	18	3.3914	78.7879	79	63	96	8.2415	0.4848	0	0	2	0.7124	0.2424	0	0	3	0.6139	11.1212	9	0	32	8.9887	0.5758	0	0	4	1.0616	6.1212	5	0	18	4.6486	0.5758	0	0	3	0.9024	0.2424	0	0	2	0.5019	0.0303	0	0	1	0.1741	0.0303	0	0	1	0.1741	0.1515	0	0	3	0.5658	0.0909	0	0	2	0.3844	0.1212	0	0	1	0.3314	0.0909	0	0	1	0.2919	0.2121	0	0	2	0.5453	0.1212	0	0	1	0.3314	0.1212	0	0	1	0.3314	0.0303	0	0	1	0.1741	0.6061	0	0	3	0.9334	0.3939	0	0	2	0.7475	0	0	0	0	0	0	0	0	0	0	0.1212	0	0	1	0.3314	0.303	0	0	2	0.5294	0.4848	0	0	4	0.9056	0.1212	0	0	2	0.4151	0.3939	0	0	2	0.5556	0.2424	0	0	2	0.6139	0.1818	0	0	2	0.4647	0.0606	0	0	1	0.2423	0.3333	0	0	2	0.6922	0.2424	0	0	2	0.5607	0.8485	1	0	3	0.9056	0.7879	1	0	5	1.139	0.1212	0	0	1	0.3314	11.3333	2	0	82	21.0723	0.5455	0	0	4	1.0028	0.2424	0	0	3	0.6629	0.0303	0	0	1	0.1741	0.0909	0	0	1	0.2919	78.5758	78	10	206	43.6026	143.7576	147	17	365	73.1723	1.5455	1	0	8	1.6411	3.303	2	0	14	3.3586	1.5455	2	0	5	1.4597	0.3636	0	0	4	0.9293	0.3636	0	0	2	0.699
JHH390_ROI005_ROI_T2.ome.tif	be5c0273-ef20-4b36-8434-31572672652a	Detection		Other: CAF	Annotation	Polygon	42.02	65.48	0.4593	28.5746	20.7039	0.8377	1	7.9	5.0147	3320.6553	3315	3034	3742	167.8648	0.2759	0	0	3	0.649	0.2759	0	0	4	0.7972	1.8966	2	0	4	1.3718	0.3103	0	0	3	0.6603	1.1379	1	0	4	0.9901	10	10	5	15	3.0822	78	80	54	100	10.7736	0.1379	0	0	1	0.3509	0.1034	0	0	1	0.3099	8.2759	7	1	25	6.0527	0.2759	0	0	2	0.649	9.1034	9	1	24	6.3547	0.3448	0	0	3	0.7689	0.069	0	0	1	0.2579	0.069	0	0	1	0.2579	0.0345	0	0	1	0.1857	0.069	0	0	1	0.2579	0.0345	0	0	1	0.1857	0.1379	0	0	2	0.4411	0.1379	0	0	1	0.3509	0.2069	0	0	1	0.4123	0.2069	0	0	3	0.6199	0.2069	0	0	1	0.4123	0	0	0	0	0	0.3793	0	0	4	0.8625	0.3793	0	0	2	0.6219	0.0345	0	0	1	0.1857	0.1034	0	0	2	0.4093	0	0	0	0	0	0.1379	0	0	1	0.3509	0.2759	0	0	2	0.5276	0.1034	0	0	2	0.4093	2.1724	1	0	13	2.5783	0.2759	0	0	2	0.5914	0.3448	0	0	6	1.1425	0.1379	0	0	1	0.3509	0.1379	0	0	1	0.3509	0.4138	0	0	2	0.568	0.8966	0	0	5	1.2913	0.3103	0	0	2	0.6603	0.2069	0	0	3	0.6199	2.3103	2	0	15	3.1294	0.1724	0	0	2	0.4682	0	0	0	0	0	0	0	0	0	0	0	0	0	0	0	67.2759	58	10	157	41.2448	123.069	107	17	270	74.2515	1.6552	2	0	7	1.6535	1.931	2	0	6	1.7714	1.1379	1	0	5	1.2167	0.1034	0	0	1	0.3099	0.4828	0	0	3	0.829
JHH390_ROI005_ROI_T2.ome.tif	44b40c65-7553-44c2-9f35-9f61ac227867	Detection		Other	Annotation	Polygon	36.73	86.72	0.4475	28.0043	25.2393	0.5524	0.7911	8.3989	6.3941	3375	3397	3005	3570	127.0947	0.1034	0	0	2	0.4093	0.1724	0	0	2	0.4682	4.1379	4	0	9	2.7739	0.3793	0	0	2	0.6219	0.931	1	0	3	0.9611	10.931	10	3	27	4.8102	79.5862	81	54	95	10.7222	0.4138	0	0	1	0.5012	0.069	0	0	1	0.2579	14.2759	11	1	53	11.7713	0.5862	0	0	3	0.9456	7.931	7	3	17	3.9904	0.3448	0	0	2	0.6695	0.2069	0	0	2	0.5593	0.069	0	0	1	0.2579	0.1724	0	0	4	0.7592	0.3103	0	0	2	0.5414	0	0	0	0	0	0.0345	0	0	1	0.1857	0.069	0	0	1	0.2579	0.2414	0	0	3	0.6356	0.1379	0	0	2	0.4411	0.2759	0	0	3	0.649	0	0	0	0	0	0.3103	0	0	3	0.6603	0.1379	0	0	1	0.3509	0	0	0	0	0	0.069	0	0	1	0.2579	0.1379	0	0	1	0.3509	0.1379	0	0	1	0.3509	0.4483	0	0	3	0.7831	0.1379	0	0	2	0.4411	0.4828	0	0	4	0.9864	0.1379	0	0	2	0.4411	0.1034	0	0	1	0.3099	0	0	0	0	0	0.2069	0	0	2	0.5593	0.1034	0	0	1	0.3099	0.931	1	0	3	0.9611	0.2759	0	0	1	0.4549	0.2069	0	0	3	0.6199	1.3448	1	0	9	1.8761	0.2414	0	0	4	0.7863	0	0	0	0	0	0.0345	0	0	1	0.1857	0.0345	0	0	1	0.1857	66.7241	66	28	131	25.4711	122.6897	131	39	245	51.5891	1.6207	1	0	6	1.5449	2.4483	2	0	9	2.2613	0.8621	1	0	3	0.9533	0.3448	0	0	1	0.4837	0.3103	0	0	3	0.6603
JHH390_ROI005_ROI_T2.ome.tif	b5082f1a-ca16-403f-87a6-1baabac2843a	Detection		Other	Annotation	Polygon	-1.681	10.97	0.4384	27.9307	24.6297	0.5786	0.7739	8.1394	5.9688	3648.3333	3676	3572	3697	66.9353	0.3333	0	0	1	0.5774	0	0	0	0	0	2.3333	2	1	4	1.5275	0	0	0	0	0	0.3333	0	0	1	0.5774	13	14	8	17	4.5826	78.3333	82	69	84	8.1445	0	0	0	0	0	0	0	0	0	0	17.3333	15	14	23	4.9329	0.6667	1	0	1	0.5774	8.6667	11	4	11	4.0415	0.3333	0	0	1	0.5774	0.3333	0	0	1	0.5774	0	0	0	0	0	0	0	0	0	0	0	0	0	0	0	0	0	0	0	0	0	0	0	0	0	0.3333	0	0	1	0.5774	1	0	0	3	1.7321	0	0	0	0	0	0	0	0	0	0	0	0	0	0	0	0.3333	0	0	1	0.5774	0	0	0	0	0	0	0	0	0	0	0	0	0	0	0	1	1	0	2	1	0.3333	0	0	1	0.5774	0.6667	0	0	2	1.1547	0	0	0	0	0	8	7	5	12	3.6056	0	0	0	0	0	0	0	0	0	0	0	0	0	0	0	0.3333	0	0	1	0.5774	0.3333	0	0	1	0.5774	0.3333	0	0	1	0.5774	0	0	0	0	0	0.3333	0	0	1	0.5774	0	0	0	0	0	1.3333	1	0	3	1.5275	0	0	0	0	0	0	0	0	0	0	0	0	0	0	0	140.6667	165	84	173	49.2375	230.3333	297	85	309	126.0053	2.6667	2	1	5	2.0817	2.3333	3	1	3	1.1547	1.3333	2	0	2	1.1547	1.3333	1	0	3	1.5275	0.3333	0	0	1	0.5774
JHH390_ROI005_ROI_T2.ome.tif	3f679db0-3dd8-4096-aa0d-d6bc91b4ad77	Detection		Other	Annotation	Polygon	26.76	42.7	0.3697	24.1677	18.5072	0.8867	1	6.552	4.8554	3448.9167	3474	3094	4005	194.5103	0.2083	0	0	2	0.509	0.125	0	0	1	0.3378	6	6	1	17	3.5139	0.5417	0	0	2	0.7211	0.8333	1	0	3	0.8681	10.0833	10	5	17	3.3869	77.0417	77.5	65	96	7.9863	0.3333	0	0	2	0.5647	0.0417	0	0	1	0.2041	19.7917	17	3	55	13.2533	0.9583	1	0	5	1.1221	10.5	8	1	28	7.94	0.5417	0	0	5	1.1413	0.2083	0	0	1	0.4149	0	0	0	0	0	0.1667	0	0	1	0.3807	0.125	0	0	1	0.3378	0	0	0	0	0	0	0	0	0	0	0.0833	0	0	1	0.2823	0.125	0	0	1	0.3378	0.125	0	0	2	0.4484	0.0833	0	0	1	0.2823	0.0417	0	0	1	0.2041	0.5833	0	0	3	0.9286	0.2083	0	0	2	0.509	0.0417	0	0	1	0.2041	0.2083	0	0	3	0.7211	0.1667	0	0	2	0.4815	0.3333	0	0	3	0.7614	0.4167	0	0	2	0.6539	0.0833	0	0	1	0.2823	0.625	0.5	0	3	0.7697	0.5	0	0	4	0.9325	0.3333	0	0	2	0.637	0.0833	0	0	1	0.2823	0.2917	0	0	2	0.55	0.0833	0	0	1	0.2823	1.125	1	0	4	1.191	0.7083	0.5	0	3	0.8587	0.125	0	0	1	0.3378	1.1667	0	0	7	1.8572	0.25	0	0	1	0.4423	0	0	0	0	0	0	0	0	0	0	0	0	0	0	0	34	31.5	3	87	22.2144	60.7917	53.5	10	161	40.0369	1.625	1	0	6	1.4084	4.4583	3	1	14	3.5384	1.7917	1	0	5	1.6146	0.2083	0	0	1	0.4149	0.2083	0	0	2	0.509
JHH390_ROI005_ROI_T2.ome.tif	1fc7c5ec-eefe-4944-8be2-4d8c15257adb	Detection		Other	Annotation	Polygon	35.78	16.95	0.3368	26.7603	19.9101	0.8483	1	7.2044	5.6619	3400.8518	3384	3149	3745	131.7301	0.5926	0	0	4	1.1184	0.2222	0	0	1	0.4237	5	6	0	11	3.2344	0.5185	0	0	3	0.8932	0.7407	1	0	2	0.6559	8.963	8	2	17	3.7569	80.7778	83	59	105	10.7644	0.2593	0	0	2	0.5257	0.1852	0	0	1	0.3958	13.5926	12	3	28	6.3927	0.3704	0	0	2	0.6293	8.6667	7	0	28	6.6274	0.8519	0	0	5	1.4061	1.7037	0	0	8	2.4466	0.1852	0	0	2	0.5573	0.0741	0	0	1	0.2669	0.1481	0	0	2	0.456	0.0741	0	0	1	0.2669	0.2222	0	0	1	0.4237	0.1111	0	0	1	0.3203	0.0741	0	0	1	0.2669	0.2222	0	0	2	0.5774	0.2593	0	0	4	0.859	0	0	0	0	0	1.2222	0	0	7	1.9677	0.4074	0	0	2	0.636	0	0	0	0	0	0.1852	0	0	1	0.3958	0.2222	0	0	3	0.698	0.3704	0	0	3	0.7917	0.2222	0	0	1	0.4237	0.1852	0	0	2	0.4833	0.5926	0	0	3	0.9306	0.4815	0	0	4	0.9755	0.0741	0	0	1	0.2669	0	0	0	0	0	0.3704	0	0	2	0.6293	1.4074	1	0	9	2.005	0.963	1	0	4	0.9799	0.5926	0	0	3	0.7971	0.1481	0	0	1	0.362	1.5556	1	0	4	1.1547	0.3704	0	0	2	0.6877	0.037	0	0	1	0.1925	0.037	0	0	1	0.1925	0	0	0	0	0	99.3704	87	11	191	59.1394	174.4444	173	18	338	103.2634	1.8148	1	0	8	1.9619	2.1111	2	0	6	1.7172	1.1852	1	0	4	1.0014	0.3704	0	0	1	0.4921	0.4444	0	0	3	0.7511
JHH390_ROI005_ROI_T2.ome.tif	7b020b42-d82e-4796-9810-846a5978e78f	Detection		Other	Annotation	Polygon	0.0167	40.23	0.3311	34.2698	21.9198	0.8963	1	7.86	6.0125	3330.1052	3344	2936	3615	183.2636	0.1053	0	0	1	0.3153	0.2632	0	0	2	0.562	4.5263	4	0	15	3.0798	0.4211	0	0	2	0.6925	0.7895	1	0	3	0.855	9.1053	9	4	13	2.8459	83.4737	85	60	102	12.4605	0.3684	0	0	1	0.4956	0	0	0	0	0	3.2105	3	0	10	2.8004	0.1579	0	0	2	0.5015	3.8947	3	0	12	2.9608	0.0526	0	0	1	0.2294	0.0526	0	0	1	0.2294	0.0526	0	0	1	0.2294	0.0526	0	0	1	0.2294	0.1579	0	0	1	0.3746	0	0	0	0	0	0.1053	0	0	1	0.3153	0	0	0	0	0	0.2632	0	0	2	0.562	0	0	0	0	0	0.1053	0	0	1	0.3153	0	0	0	0	0	0.4211	0	0	2	0.7685	0.3684	0	0	2	0.5973	0.0526	0	0	1	0.2294	0	0	0	0	0	0	0	0	0	0	0.1053	0	0	1	0.3153	0.1579	0	0	1	0.3746	0.0526	0	0	1	0.2294	1.3684	1	0	7	1.8321	0.0526	0	0	1	0.2294	0.2632	0	0	3	0.7335	0	0	0	0	0	0.0526	0	0	1	0.2294	0	0	0	0	0	1.1053	1	0	5	1.3289	0.2632	0	0	2	0.562	0.0526	0	0	1	0.2294	0.5789	0	0	5	1.1698	0.2105	0	0	1	0.4189	0	0	0	0	0	0	0	0	0	0	0	0	0	0	0	62.8947	53	32	142	30.8345	108.8421	97	38	231	51.8312	1.5789	1	0	5	1.7738	1.5789	1	0	7	2.0088	1.3684	1	0	5	1.2115	0.1579	0	0	2	0.5015	0.1579	0	0	2	0.5015
JHH390_ROI005_ROI_T2.ome.tif	4223fef8-c3fa-4ab3-816a-49fa8880dfeb	Detection		Other: CAF	Annotation	Polygon	89.49	79.65	0.331	28.4739	20.2499	0.8726	1	7.2383	5.4469	3331.3667	3321	2993	3766	193.8776	0.2	0	0	2	0.4842	0.1	0	0	1	0.3051	5.7	4.5	0	17	3.3851	0.4333	0	0	2	0.6261	1.1	1	0	4	0.9595	10.9333	11	4	18	4.0847	79.7	80.5	61	103	10.482	0.3333	0	0	1	0.4795	0.1667	0	0	2	0.4611	20.2333	18.5	1	66	14.8433	0.8333	1	0	7	1.3412	8.3	8	1	25	5.7604	0.2333	0	0	1	0.4302	0.1	0	0	2	0.4026	0.0333	0	0	1	0.1826	0.0333	0	0	1	0.1826	0.0667	0	0	1	0.2537	0.0333	0	0	1	0.1826	0.1	0	0	2	0.4026	0.0333	0	0	1	0.1826	0.0667	0	0	1	0.2537	0.0667	0	0	1	0.2537	0.3	0	0	2	0.535	0.0667	0	0	1	0.2537	0.3	0	0	2	0.535	0.4333	0	0	8	1.4782	0.0333	0	0	1	0.1826	0.1	0	0	1	0.3051	0.0333	0	0	1	0.1826	0.2333	0	0	4	0.7739	0.3667	0	0	2	0.6149	0.1333	0	0	2	0.5074	1.2333	1	0	6	1.5906	0.2	0	0	1	0.4068	0.1	0	0	1	0.3051	0.0333	0	0	1	0.1826	0.5	0	0	3	0.9002	0.3667	0	0	3	0.7184	1.0667	1	0	6	1.3374	0.6667	0	0	5	1.0283	0.1333	0	0	2	0.4342	0.7333	1	0	2	0.7849	0.4333	0	0	2	0.5683	0	0	0	0	0	0	0	0	0	0	0	0	0	0	0	36.3667	37.5	11	90	20.6573	61.5	58.5	15	134	31.9231	1.0333	1	0	3	0.9994	3.4333	3	0	7	1.942	1.1333	1	0	5	1.1958	0.1333	0	0	1	0.3457	0.2	0	0	3	0.6103
JHH390_ROI005_ROI_T2.ome.tif	b5685257-c451-4b0c-a2c1-4d885de39909	Detection		Other	Annotation	Polygon	65.96	10.8	0.3205	17.6647	21.4523	0.4824	0.7361	7.6078	5.0403	3416.4211	3418	3101	3719	135.0367	0.1579	0	0	1	0.3746	0.1053	0	0	1	0.3153	4.9474	5	1	11	2.8572	0.3158	0	0	2	0.5824	0.7895	1	0	2	0.7873	10.2105	9	5	21	4.6258	78.8947	78	60	108	10.6973	0.3158	0	0	2	0.5824	0.1579	0	0	1	0.3746	7.4737	4	0	45	11.1971	0.6842	0	0	3	0.9459	4.4737	4	1	16	3.5958	0.4737	0	0	4	1.0733	0.2105	0	0	1	0.4189	0.2105	0	0	4	0.9177	0	0	0	0	0	10.5263	0	0	197	45.1582	0	0	0	0	0	0.2105	0	0	3	0.7133	0.1579	0	0	1	0.3746	0.1053	0	0	1	0.3153	0.3684	0	0	4	1.0116	0.2632	0	0	4	0.9335	0.0526	0	0	1	0.2294	0.4737	0	0	2	0.6967	0.4211	0	0	3	0.8377	0.0526	0	0	1	0.2294	0.0526	0	0	1	0.2294	0	0	0	0	0	0.1579	0	0	1	0.3746	0.1053	0	0	1	0.3153	0.1579	0	0	1	0.3746	0.2632	0	0	1	0.4524	0.2105	0	0	1	0.4189	0.2105	0	0	1	0.4189	0.0526	0	0	1	0.2294	0.1579	0	0	1	0.3746	0.3158	0	0	2	0.5824	0.9474	1	0	3	0.9113	0.4211	0	0	3	0.9612	0.0526	0	0	1	0.2294	1.2105	1	0	3	0.9763	0.3684	0	0	3	0.7609	0	0	0	0	0	0	0	0	0	0	0	0	0	0	0	102.8421	80	10	243	76.4797	174.6316	174	24	388	122.5839	1.0526	1	0	6	1.5447	2.1053	2	0	12	3.0165	1.1579	1	0	3	1.0679	0.0526	0	0	1	0.2294	0.3158	0	0	2	0.5824
JHH390_ROI005_ROI_T2.ome.tif	42d3e2a5-f6f6-46b8-9667-9147cefa860e	Detection		Other	Annotation	Polygon	99.64	33.45	0.3109	21.8591	17.7112	0.8757	1	6.1724	5.0064	3367.9231	3253	3032	3649	199.4649	0.4615	0	0	3	0.8771	0.0769	0	0	1	0.2774	3.5385	3	0	7	2.5038	0.6154	0	0	3	0.8697	0.6154	0	0	3	0.8697	10.3846	11	5	20	4.6644	75.5385	78	51	93	10.8522	0.2308	0	0	1	0.4385	0	0	0	0	0	9.7692	7	3	28	7.1081	0	0	0	0	0	5.3846	5	0	15	4.942	0.3846	0	0	4	1.1209	0.5385	0	0	2	0.7763	0	0	0	0	0	0.0769	0	0	1	0.2774	0.0769	0	0	1	0.2774	0	0	0	0	0	0.1538	0	0	2	0.5547	0	0	0	0	0	0.2308	0	0	1	0.4385	0	0	0	0	0	0.1538	0	0	1	0.3755	0	0	0	0	0	0.1538	0	0	1	0.3755	0	0	0	0	0	0	0	0	0	0	0.1538	0	0	1	0.3755	0.2308	0	0	3	0.8321	6.1538	3	0	20	6.9384	0.3077	0	0	3	0.8549	0.2308	0	0	1	0.4385	0.1538	0	0	1	0.3755	0.0769	0	0	1	0.2774	0	0	0	0	0	0	0	0	0	0	0.4615	0	0	5	1.3914	1.1538	1	0	6	1.6251	0.6154	0	0	4	1.1929	0.7692	1	0	3	0.9268	0	0	0	0	0	2.3846	1	0	8	2.9872	0.5385	0	0	2	0.8771	0	0	0	0	0	0	0	0	0	0	0	0	0	0	0	34.2308	24	8	90	25.3711	60.2308	30	15	153	47.5117	1.3077	1	0	6	1.7974	4.0769	3	0	10	3.2006	1.0769	1	0	4	1.1875	0.1538	0	0	1	0.3755	0	0	0	0	0
JHH390_ROI005_ROI_T2.ome.tif	3750f969-9b79-4d4f-84fb-7b67aa641ccc	Detection		Other	Annotation	Polygon	99.64	23.62	0.3084	24.5221	18.6983	0.8814	1	6.5344	5.1204	3445.9333	3516	3191	3607	145.6495	0.1333	0	0	1	0.3519	0	0	0	0	0	3.4	3	2	5	0.8281	0.6667	0	0	3	0.9759	1.1333	1	0	4	1.0601	9	9	1	18	4.0178	78.7333	79	66	89	7.2157	0.4667	0	0	1	0.5164	0.1333	0	0	1	0.3519	6.9333	5	2	18	4.3991	0.2667	0	0	2	0.5936	2.4	2	0	7	2.2615	0.2667	0	0	2	0.5936	0.4	0	0	1	0.5071	0	0	0	0	0	0	0	0	0	0	0.0667	0	0	1	0.2582	0	0	0	0	0	0.0667	0	0	1	0.2582	0.0667	0	0	1	0.2582	0.2	0	0	1	0.414	0.0667	0	0	1	0.2582	0.0667	0	0	1	0.2582	0.1333	0	0	1	0.3519	1.9333	1	0	8	2.1536	0.1333	0	0	1	0.3519	0	0	0	0	0	0	0	0	0	0	0.1333	0	0	2	0.5164	0.0667	0	0	1	0.2582	0	0	0	0	0	0.4	0	0	2	0.6325	0.2667	0	0	1	0.4577	0.0667	0	0	1	0.2582	0.0667	0	0	1	0.2582	0.0667	0	0	1	0.2582	0	0	0	0	0	1.8	1	0	7	1.9346	0.3333	0	0	2	0.7237	0.0667	0	0	1	0.2582	0	0	0	0	0	0.5333	0	0	3	0.9155	0	0	0	0	0	0	0	0	0	0	0	0	0	0	0	0	0	0	0	0	35.3333	27	16	80	20.8726	64.2667	50	17	129	36.8423	2.2	2	1	6	1.4243	1.8667	2	0	4	1.4573	0.8	1	0	2	0.7746	0.1333	0	0	1	0.3519	0.2667	0	0	2	0.5936
JHH390_ROI005_ROI_T2.ome.tif	f335d104-b1f3-45b6-8aaf-da72d5339d64	Detection		Other	Annotation	Polygon	51.5	43.8	0.2661	22.1441	17.8951	0.869	1	6.4353	4.4252	3388.2856	3395	2952	3700	178.7661	0	0	0	0	0	0.2381	0	0	1	0.4364	3.4286	3	1	9	2.3361	0.381	0	0	4	0.9207	1.2381	1	0	4	1.1792	10.5238	10	2	22	4.5124	80.1905	82	65	100	11.4788	0.1905	0	0	2	0.5118	0.3333	0	0	3	0.7303	8.7619	7	1	21	5.5309	0.6667	0	0	3	1.1106	3.1429	3	0	10	2.5157	0.0952	0	0	1	0.3008	0.0952	0	0	1	0.3008	0.0476	0	0	1	0.2182	0.0476	0	0	1	0.2182	0.0952	0	0	1	0.3008	0.0476	0	0	1	0.2182	0.381	0	0	5	1.117	0.1429	0	0	1	0.3586	0.3333	0	0	2	0.6583	0.1429	0	0	1	0.3586	0.0952	0	0	1	0.3008	0	0	0	0	0	0.4286	0	0	3	0.8106	0.2857	0	0	2	0.5606	0	0	0	0	0	0.0476	0	0	1	0.2182	0	0	0	0	0	0.3333	0	0	2	0.5774	0.381	0	0	2	0.669	0.2857	0	0	2	0.5606	0.8095	1	0	3	0.8136	0.0952	0	0	2	0.4364	0.1905	0	0	1	0.4024	0.0952	0	0	1	0.3008	0.0952	0	0	1	0.3008	0.1905	0	0	2	0.5118	0.6667	0	0	4	0.9661	0.4286	0	0	3	0.9783	0.0476	0	0	1	0.2182	0.8095	1	0	2	0.8729	0	0	0	0	0	0	0	0	0	0	0	0	0	0	0	0	0	0	0	0	36.2381	27	2	103	27.5207	63	58	10	141	42.8252	2.0476	1	0	6	1.9099	2.8571	2	0	10	2.798	1.5714	1	0	7	1.964	0.2857	0	0	2	0.5606	0.3333	0	0	2	0.6583
JHH390_ROI005_ROI_T2.ome.tif	373c8613-07e3-4a41-a216-7811fc7c34c7	Detection		Other	Annotation	Polygon	17.25	32.4	0.2468	28.6096	19.7669	0.9201	1	6.7635	5.7751	3352.8621	3334	2987	3739	183.9256	0.1379	0	0	1	0.3509	0.1034	0	0	1	0.3099	6.069	6	0	21	4.2839	0.2414	0	0	1	0.4355	1.3103	1	0	5	1.3391	10.3793	10	4	20	4.118	73.5172	74	53	101	11.6546	0.3448	0	0	2	0.5526	0.1034	0	0	1	0.3099	12.0345	8	1	43	10.4795	0.8966	1	0	4	1.0805	5.1724	5	0	14	3.3602	0.2069	0	0	2	0.4913	0.069	0	0	1	0.2579	0.0345	0	0	1	0.1857	0.0345	0	0	1	0.1857	0.1034	0	0	1	0.3099	0.069	0	0	1	0.2579	0.0345	0	0	1	0.1857	0.0345	0	0	1	0.1857	0.1034	0	0	1	0.3099	0.0345	0	0	1	0.1857	0.1034	0	0	1	0.3099	0.069	0	0	1	0.2579	0.2069	0	0	2	0.4913	0.8621	0	0	5	1.3555	0.1034	0	0	1	0.3099	0.069	0	0	1	0.2579	0.1034	0	0	1	0.3099	0.2759	0	0	3	0.7019	0.3793	0	0	3	0.7277	0.2414	0	0	3	0.6895	0.3448	0	0	2	0.7209	0.1034	0	0	1	0.3099	0.2759	0	0	2	0.5276	0	0	0	0	0	0.1034	0	0	1	0.3099	0.1724	0	0	1	0.3844	0.5862	0	0	3	0.8245	0.2414	0	0	2	0.511	0.0345	0	0	1	0.1857	0.7931	1	0	3	0.8185	0.3793	0	0	3	0.7277	0.069	0	0	2	0.3714	0	0	0	0	0	0	0	0	0	0	36.3448	13	7	637	115.7356	61.1379	28	8	1035	187.617	2.2759	2	0	7	2.0159	3.4828	3	0	9	2.586	1.2069	1	0	5	1.4238	0.1379	0	0	1	0.3509	0.4483	0	0	2	0.6317
JHH390_ROI005_ROI_T2.ome.tif	73f52918-d905-4999-b5d9-5f41ef3e2432	Detection		Other	Annotation	Polygon	9.091	22.37	0.2376	28.5253	20.2245	0.8764	1	7.3402	5.2554	3454.2693	3465	3064	3855	191.7276	0	0	0	0	0	0.0769	0	0	1	0.2717	2.7692	3	0	7	1.8827	0.2692	0	0	3	0.6668	1.3846	1	0	5	1.4164	8.8077	9	2	18	3.8989	79.5769	75.5	61	101	12.0836	0.4231	0	0	2	0.7027	0.1154	0	0	1	0.3258	16.8077	15	5	28	6.9973	0.8462	1	0	5	1.1556	6.9231	5.5	0	22	5.253	0.1923	0	0	1	0.4019	0.5	0	0	2	0.7616	0.0385	0	0	1	0.1961	0.2308	0	0	3	0.6516	0.1538	0	0	1	0.3679	0.0769	0	0	1	0.2717	0.1923	0	0	1	0.4019	0.0769	0	0	1	0.2717	0.6538	0	0	3	0.9774	0.0769	0	0	1	0.2717	0.1538	0	0	2	0.4641	0.0385	0	0	1	0.1961	0.2692	0	0	3	0.7243	0.3846	0	0	3	0.6972	0	0	0	0	0	0.1923	0	0	1	0.4019	0.0385	0	0	1	0.1961	0.2692	0	0	1	0.4523	0.2692	0	0	1	0.4523	0.0385	0	0	1	0.1961	0.7308	0	0	4	1.0414	0.1154	0	0	2	0.4315	0.1923	0	0	1	0.4019	0.2308	0	0	2	0.587	0.2692	0	0	2	0.6038	0.2308	0	0	2	0.5144	1	1	0	5	1.0954	0.5	0	0	2	0.7071	0.0769	0	0	1	0.2717	2.1538	1.5	0	9	2.6335	0.3077	0	0	3	0.7359	0.0385	0	0	1	0.1961	0.0385	0	0	1	0.1961	0	0	0	0	0	32.3846	28	1	78	17.9267	54.6538	57	12	102	24.6397	3.7692	4	0	11	2.4708	3.1923	3	0	9	2.1729	1.6923	1.5	0	7	1.7383	0.3077	0	0	3	0.6794	0.3077	0	0	2	0.6177
JHH390_ROI005_ROI_T2.ome.tif	3589cdad-f3bb-4d19-aab7-42c62809b779	Detection		HLA-DR: Other	Annotation	Polygon	31.91	58.2	0.234	14.0505	14.6737	0.82	1	5.1957	3.8951	3412.6667	3396	3155	3692	144.403	0.4	0	0	1	0.5071	0.1333	0	0	1	0.3519	2.6667	3	0	6	1.6762	0.2	0	0	1	0.414	1.7333	2	1	4	0.8837	10.1333	10	4	17	3.8148	81.4667	82	50	98	13.2873	0.4667	0	0	2	0.6399	0.2	0	0	2	0.5606	3.4	4	0	9	2.6403	0.7333	0	0	3	1.0328	11.6667	10	0	35	10.6548	0.8667	1	0	3	0.8338	0.4667	0	0	3	0.9155	0.0667	0	0	1	0.2582	0.6667	1	0	3	0.8165	0.2667	0	0	1	0.4577	0	0	0	0	0	0.3333	0	0	3	0.8165	0.0667	0	0	1	0.2582	0.5333	0	0	2	0.7432	0.1333	0	0	1	0.3519	0.4	0	0	2	0.7368	0	0	0	0	0	1.9333	1	0	9	2.9873	0.2	0	0	3	0.7746	0	0	0	0	0	0.2667	0	0	3	0.7988	0	0	0	0	0	0.2	0	0	2	0.5606	0.1333	0	0	1	0.3519	0.4667	0	0	6	1.5523	0.2	0	0	1	0.414	0.1333	0	0	1	0.3519	0	0	0	0	0	0.0667	0	0	1	0.2582	0.2	0	0	1	0.414	0.5333	0	0	3	0.9155	1.1333	1	0	4	1.4075	0.8667	1	0	4	1.1255	0.4667	0	0	2	0.6399	95	102	19	218	61.9205	0.6667	0	0	4	1.1127	0.4667	0	0	2	0.7432	0	0	0	0	0	0	0	0	0	0	20.8667	21	4	46	11.9216	39.1333	35	7	83	23.5155	3.3333	3	0	7	2.2573	3	2	0	8	2.1381	1.1333	1	0	3	0.9904	0.2	0	0	1	0.414	0.8667	1	0	3	0.9904
JHH390_ROI005_ROI_T2.ome.tif	2f7aa56b-2bfa-4bf1-bdb9-ca47b4f9ab26	Detection		Other	Annotation	Polygon	0.0348	65.95	0.2253	42.6178	23.9111	0.9367	1	8.1878	6.9331	3388.4783	3370	3084	3786	201.3193	0.1304	0	0	1	0.3444	0.1739	0	0	1	0.3876	3.2174	3	0	13	2.6621	0.2609	0	0	1	0.449	2.0435	2	0	6	1.609	10.6957	9	4	22	4.3946	80.1304	79	57	108	12.148	0.1739	0	0	1	0.3876	0.1304	0	0	1	0.3444	24.6957	27	1	55	14.8061	0.8696	0	0	5	1.3247	11.9565	9	1	39	9.8557	0.3043	0	0	2	0.5588	0.087	0	0	2	0.417	0.0435	0	0	1	0.2085	0.1739	0	0	3	0.6503	0.1304	0	0	1	0.3444	0	0	0	0	0	0.0435	0	0	1	0.2085	0.0435	0	0	1	0.2085	0.1739	0	0	2	0.491	0.0435	0	0	1	0.2085	0.4783	0	0	4	1.0816	0.0435	0	0	1	0.2085	0.3913	0	0	2	0.6564	0.2174	0	0	1	0.4217	0	0	0	0	0	0.0435	0	0	1	0.2085	0.087	0	0	1	0.2881	0.2174	0	0	2	0.5184	0.1304	0	0	1	0.3444	0.0435	0	0	1	0.2085	0.7391	0	0	4	1.0539	0.3043	0	0	4	0.8757	0.1739	0	0	1	0.3876	0.1304	0	0	1	0.3444	0.2174	0	0	2	0.5184	0.2174	0	0	1	0.4217	1.3913	1	0	4	1.4058	0.6522	0	0	3	0.8847	0.2174	0	0	4	0.8505	1.087	1	0	4	1.2761	0.0435	0	0	1	0.2085	0.0435	0	0	1	0.2085	0	0	0	0	0	0	0	0	0	0	21.1304	15	7	56	12.5745	36.913	28	14	81	20.436	4.3043	3	1	18	3.7469	5.5652	5	1	18	4.3986	1.7391	2	0	5	1.4838	0.087	0	0	1	0.2881	0.3913	0	0	2	0.583
JHH390_ROI005_ROI_T2.ome.tif	2823ab37-6b76-48a9-acb5-f0da960d3781	Detection		Other	Annotation	Polygon	32.48	33.22	0.1592	29.3371	20.4903	0.8781	1	7.5016	5.2418	3440.4194	3404	3137	3768	166.7077	0.129	0	0	1	0.3408	0.1935	0	0	2	0.5428	5.129	5	1	11	2.4999	0.2581	0	0	3	0.6816	1.2258	1	0	5	1.175	9.9032	10	3	15	3.4771	78.9677	80	58	105	11.409	0.1613	0	0	2	0.4544	0.1613	0	0	3	0.5829	11.8387	7	1	42	11.5242	0.3226	0	0	2	0.5993	5.1613	5	0	15	3.6249	0.3226	0	0	2	0.6525	0.2903	0	0	3	0.7829	0.0323	0	0	1	0.1796	0.0645	0	0	1	0.2497	0.0968	0	0	2	0.3962	0.129	0	0	2	0.4275	0.0968	0	0	1	0.3005	0.0645	0	0	1	0.2497	0.129	0	0	2	0.4275	0.129	0	0	2	0.4275	0.1935	0	0	3	0.6011	0.0323	0	0	1	0.1796	0.1935	0	0	2	0.4774	0.1935	0	0	1	0.4016	0.0323	0	0	1	0.1796	0.1935	0	0	2	0.4774	0.0323	0	0	1	0.1796	0.2258	0	0	2	0.4973	0.0645	0	0	1	0.2497	0.0968	0	0	1	0.3005	1.3548	1	0	6	1.6441	0.129	0	0	2	0.4275	0.129	0	0	2	0.4275	0.0323	0	0	1	0.1796	0.3871	0	0	3	0.7606	0.2258	0	0	2	0.4973	0.5161	0	0	3	0.8112	0.129	0	0	1	0.3408	0.0968	0	0	1	0.3005	1.871	2	0	6	1.3352	0.2581	0	0	2	0.6308	0.0323	0	0	1	0.1796	0	0	0	0	0	0	0	0	0	0	27.6129	26	7	48	11.6266	49.7097	48	14	96	20.5446	0.9355	1	0	6	1.2093	1.2903	1	0	8	1.6969	0.871	1	0	7	1.31	0.0968	0	0	1	0.3005	0.2258	0	0	2	0.5603
JHH390_ROI005_ROI_T2.ome.tif	0172508b-93aa-4847-8780-1041ba6b6b72	Detection		Other	Annotation	Polygon	89.87	35.97	0.0876	11.3586	13.8083	0.7486	1	5.1398	3.633	3308.0908	3235	2984	3848	255.6984	0.2727	0	0	1	0.4671	0.1818	0	0	1	0.4045	3.8182	3	0	10	3.1565	0.2727	0	0	1	0.4671	0.5455	0	0	2	0.6876	9.5455	8	5	17	4.5687	73.4545	75	59	86	9.7094	0.2727	0	0	1	0.4671	0.3636	0	0	2	0.6742	14.3636	12	6	26	7.3658	0.1818	0	0	1	0.4045	8.1818	5	1	25	8.1587	0.4545	0	0	2	0.8202	0.1818	0	0	1	0.4045	0	0	0	0	0	0.1818	0	0	1	0.4045	0	0	0	0	0	0	0	0	0	0	0.0909	0	0	1	0.3015	0.0909	0	0	1	0.3015	0	0	0	0	0	0.2727	0	0	2	0.6467	0	0	0	0	0	0	0	0	0	0	0.5455	0	0	3	1.2136	0.1818	0	0	1	0.4045	0	0	0	0	0	0	0	0	0	0	0	0	0	0	0	0	0	0	0	0	0	0	0	0	0	0.2727	0	0	1	0.4671	0.5455	0	0	3	1.0357	0.3636	0	0	3	0.9244	0.0909	0	0	1	0.3015	0.0909	0	0	1	0.3015	0.2727	0	0	2	0.6467	0.6364	1	0	2	0.6742	1.3636	1	0	4	1.5667	0.2727	0	0	1	0.4671	0	0	0	0	0	1	0	0	6	1.7889	0.5455	0	0	2	0.6876	0	0	0	0	0	0	0	0	0	0	0	0	0	0	0	63.4545	65	11	152	47.5297	109.5455	117	22	232	76.2435	2.6364	2	0	7	2.3355	2.7273	2	0	7	2.3277	0.7273	0	0	2	0.9045	0	0	0	0	0	0.2727	0	0	2	0.6467
JHH390_ROI005_ROI_T2.ome.tif	f8d16dcf-f354-47cb-87fe-63b5d0e8d2b0	Detection		Other	Annotation	Polygon	42.62	58.44	0.085	16.3021	15.7757	0.8231	1	5.8928	4.1167	3388.2354	3368	2985	3942	242.1901	0.0588	0	0	1	0.2425	0.3529	0	0	3	0.7859	1.7059	1	0	5	1.5718	0.2353	0	0	2	0.5623	1	0	0	5	1.6583	10.1176	10	2	17	3.7895	73.6471	71	50	94	12.908	0.2353	0	0	1	0.4372	0.1176	0	0	1	0.3321	18.2941	14	2	45	12.8246	0.6471	0	0	3	0.8618	6.1176	7	1	15	3.7564	0.2941	0	0	2	0.686	0.1765	0	0	1	0.393	0.0588	0	0	1	0.2425	0.1176	0	0	1	0.3321	0.0588	0	0	1	0.2425	0.0588	0	0	1	0.2425	0.0588	0	0	1	0.2425	0.1176	0	0	2	0.4851	0.1176	0	0	1	0.3321	0.0588	0	0	1	0.2425	0.1765	0	0	1	0.393	0	0	0	0	0	0.2941	0	0	1	0.4697	0.0588	0	0	1	0.2425	0	0	0	0	0	0.0588	0	0	1	0.2425	0.0588	0	0	1	0.2425	0.0588	0	0	1	0.2425	0.1765	0	0	1	0.393	0.1176	0	0	1	0.3321	0.6471	0	0	2	0.7859	0.0588	0	0	1	0.2425	0.1765	0	0	2	0.5286	0	0	0	0	0	0	0	0	0	0	0.1765	0	0	2	0.5286	0.5882	0	0	5	1.372	0.4706	0	0	3	0.8745	0.1176	0	0	2	0.4851	2.7059	1	0	23	5.3708	0.1176	0	0	1	0.3321	0.1176	0	0	1	0.3321	0	0	0	0	0	0	0	0	0	0	21.7647	24	3	48	12.2705	37.2353	36	6	73	21.3966	1.3529	1	0	5	1.4975	3.2353	3	0	10	2.5132	0.6471	1	0	2	0.7019	0.1765	0	0	2	0.5286	0.1176	0	0	1	0.3321
JHH390_ROI005_ROI_T2.ome.tif	b353179a-55a5-4d61-af01-c03ebda857a8	Detection		Other: CD8 T cell	Annotation	Polygon	44.19	37.96	0.0699	21.5769	21.6073	0.5808	0.7915	6.9574	5.3969	3365.6499	3338	3095	3631	163.414	0.45	0	0	2	0.6048	0.1	0	0	1	0.3078	2.95	2.5	0	8	2.2355	0.35	0	0	3	0.7452	0.8	1	0	2	0.7678	10.6	10.5	5	19	3.8169	78.1	76.5	64	97	10.1924	0.5	0	0	2	0.6882	0.2	0	0	1	0.4104	4.05	3	0	11	3.2843	0.2	0	0	2	0.5231	7.55	6.5	1	19	5.3947	0.85	0.5	0	4	1.1367	0.5	0	0	2	0.607	0	0	0	0	0	0.1	0	0	1	0.3078	0.1	0	0	1	0.3078	0.25	0	0	2	0.5501	0	0	0	0	0	0.35	0	0	4	0.9333	1	0	0	8	1.8918	0.1	0	0	2	0.4472	1.25	1	0	2	0.7864	0	0	0	0	0	0.6	0	0	5	1.1877	0.25	0	0	2	0.5501	0	0	0	0	0	0.6	0	0	4	1.1425	0.15	0	0	1	0.3663	8.3	5.5	1	30	7.4134	0.2	0	0	1	0.4104	0.2	0	0	2	0.5231	0.65	1	0	3	0.7452	0.15	0	0	1	0.3663	3.25	1	0	18	4.6778	0.45	0	0	6	1.3563	0.25	0	0	2	0.5501	4.6	4.5	1	8	2.21	1.05	1	0	6	1.5035	0.2	0	0	2	0.5231	0.15	0	0	2	0.4894	2.75	2.5	0	7	2.3141	0.3	0	0	2	0.6569	0.15	0	0	1	0.3663	0.1	0	0	1	0.3078	0.05	0	0	1	0.2236	117.65	120.5	23	216	60.5599	212.7	219	33	442	110.2223	1.6	1	0	5	1.5009	5.15	4	1	14	3.8151	2.2	2	0	5	1.5761	0.4	0	0	3	0.7539	0.3	0	0	1	0.4702
JHH390_ROI005_ROI_T2.ome.tif	c5d2b8b7-88b2-4d04-ac36-4ec4630d367f	Detection		HLA-DR: Other	Annotation	Polygon	24	10.62	0.0655	22.0403	18.9227	0.7735	1	7.081	5.4907	3390.1738	3337	3181	3749	152.7228	0.2174	0	0	1	0.4217	0.087	0	0	2	0.417	3.3478	3	0	9	2.7238	0.4348	0	0	2	0.5898	0.8696	1	0	3	0.8689	10.0435	11	3	17	3.4441	77.6957	75	64	114	11.3235	0.4783	0	0	2	0.5931	0	0	0	0	0	6.8261	5	0	16	4.9877	0.913	1	0	5	1.1644	8.6957	6	1	43	8.673	0.7391	0	0	4	1.0098	0.3043	0	0	3	0.7648	0.1304	0	0	2	0.4577	0.4348	0	0	7	1.4717	0.2609	0	0	1	0.449	0.3043	0	0	2	0.5588	0.1739	0	0	2	0.491	0	0	0	0	0	0.3913	0	0	2	0.7223	0.087	0	0	1	0.2881	0.1739	0	0	1	0.3876	0.0435	0	0	1	0.2085	0.3043	0	0	2	0.635	0.7391	0	0	9	1.9121	0	0	0	0	0	0.1739	0	0	2	0.491	0.087	0	0	1	0.2881	0.0435	0	0	1	0.2085	0.2174	0	0	2	0.5184	0.1304	0	0	1	0.3444	0.3913	0	0	4	0.8913	0	0	0	0	0	0.2174	0	0	2	0.5184	0.087	0	0	1	0.2881	0.3478	0	0	1	0.487	0.1304	0	0	1	0.3444	0.8261	1	0	4	1.0292	0.4783	0	0	3	0.8458	0.0435	0	0	1	0.2085	19.0435	11	0	68	22.4286	0.2174	0	0	2	0.5184	0.1304	0	0	1	0.3444	0.087	0	0	1	0.2881	0	0	0	0	0	42.1739	37	21	74	15.5962	73.2609	73	35	121	25.7315	3.3913	2	0	14	3.5257	4.3043	3	0	14	3.417	1.7826	1	0	7	2.044	0	0	0	0	0	0.3913	0	0	2	0.583
JHH390_ROI005_ROI_T2.ome.tif	a150d277-7749-4144-b49b-af2970be43b9	Detection		Other	Annotation	Polygon	83.75	94.7	0.0615	21.589	17.7498	0.8611	1	6.323	4.6547	3432.2727	3459.5	3054	3821	167.8983	0.2273	0	0	1	0.4289	0.2727	0	0	2	0.5505	5.8636	5.5	1	15	3.2115	0.5455	0	0	3	0.7385	1.9091	2	0	4	1.342	10.8636	10.5	3	22	4.9502	80.3182	83.5	58	97	11.1926	0.2727	0	0	1	0.4558	0.0455	0	0	1	0.2132	31.8636	29	7	56	11.9734	1	1	0	4	1.1547	15.4091	13	3	44	12.0975	0.5455	0	0	2	0.7385	0.1818	0	0	2	0.5011	0.0909	0	0	1	0.2942	0.0455	0	0	1	0.2132	0.2727	0	0	2	0.5505	0.2273	0	0	2	0.5284	0.1364	0	0	1	0.3513	0	0	0	0	0	0.1364	0	0	1	0.3513	0.1818	0	0	2	0.5011	0.2727	0	0	2	0.5505	0.0455	0	0	1	0.2132	0.5909	0	0	3	0.7964	0.4091	0	0	3	0.9081	0.0909	0	0	1	0.2942	0.1818	0	0	1	0.3948	0.1364	0	0	2	0.4676	0.4091	0	0	3	0.7341	0.5909	0	0	3	0.8541	0.0909	0	0	1	0.2942	1.4091	1	0	3	1.098	0.2273	0	0	1	0.4289	0.2273	0	0	1	0.4289	0	0	0	0	0	0.9545	1	0	3	0.8985	0.4091	0	0	2	0.6661	1.3182	1	0	8	1.887	0.8636	1	0	3	0.9902	0.0455	0	0	1	0.2132	0.7273	0	0	4	1.032	0.5909	0.5	0	2	0.6661	0.0909	0	0	1	0.2942	0	0	0	0	0	0	0	0	0	0	18	18	6	30	6.392	32.8182	34	14	53	10.491	1.8182	2	0	5	1.4683	5.1364	4	0	12	3.2703	1.8636	2	0	6	1.6123	0.3636	0	0	3	0.7895	0.6818	0	0	3	0.9946
JHH390_ROI005_ROI_T2.ome.tif	34f6975d-55e8-4d33-b920-e79af72d83ad	Detection		Other	Annotation	Polygon	43.94	92.27	0.0562	10.1821	13.1915	0.7353	1	4.9722	2.9424	3437	3430	3317	3597	94.8968	0.0909	0	0	1	0.3015	0.1818	0	0	1	0.4045	8.8182	9	3	15	4.2147	0.7273	0	0	3	1.0091	0.5455	0	0	2	0.8202	10.7273	11	7	16	2.8316	80.4545	77	66	101	11.44	0.0909	0	0	1	0.3015	0.1818	0	0	2	0.603	20.4545	18	8	43	10.9395	0.5455	0	0	2	0.6876	8.3636	6	3	21	5.4639	0.2727	0	0	1	0.4671	0.0909	0	0	1	0.3015	0.3636	0	0	2	0.6742	0.0909	0	0	1	0.3015	1.8182	0	0	8	2.9939	0.0909	0	0	1	0.3015	0	0	0	0	0	0	0	0	0	0	0.0909	0	0	1	0.3015	0.2727	0	0	1	0.4671	0.2727	0	0	1	0.4671	0	0	0	0	0	0.5455	0	0	2	0.8202	0.4545	0	0	2	0.6876	0.1818	0	0	1	0.4045	0.0909	0	0	1	0.3015	0.0909	0	0	1	0.3015	0.3636	0	0	2	0.6742	0	0	0	0	0	0.2727	0	0	2	0.6467	0.7273	0	0	3	1.0091	0.1818	0	0	1	0.4045	0.2727	0	0	2	0.6467	0	0	0	0	0	0.2727	0	0	1	0.4671	0.2727	0	0	1	0.4671	1.1818	1	0	4	1.4013	1	1	0	2	0.8944	0.4545	0	0	2	0.8202	0.8182	1	0	3	0.9816	0.3636	0	0	2	0.6742	0	0	0	0	0	0	0	0	0	0	0	0	0	0	0	29.4545	24	9	72	20.6464	51.7273	48	20	103	26.1805	1.6364	1	0	5	1.3618	3.9091	2	0	11	3.673	1.0909	1	0	4	1.221	0.1818	0	0	1	0.4045	0.3636	0	0	2	0.6742
JHH390_ROI005_ROI_T2.ome.tif	f625ecc0-6caa-4ae8-b5bb-b97c8773c3e1	Detection		Other	Annotation	Polygon	60.08	67.57	0.0481	18.3016	16.0892	0.8884	1	5.5864	4.22	3362.6499	3365.5	2964	3807	207.094	0.05	0	0	1	0.2236	0.1	0	0	1	0.3078	3.4	3	1	10	2.4149	0.25	0	0	1	0.4443	0.8	0.5	0	4	1.105	10.8	11	3	23	4.6066	79.4	80	60	99	9.8857	0.3	0	0	2	0.5712	0.25	0	0	2	0.5501	3.35	1.5	0	17	4.4754	0.15	0	0	3	0.6708	2.7	2	0	9	2.8855	0.05	0	0	1	0.2236	0.15	0	0	1	0.3663	0	0	0	0	0	0.1	0	0	1	0.3078	0.05	0	0	1	0.2236	0	0	0	0	0	0.2	0	0	2	0.5231	0	0	0	0	0	0.1	0	0	1	0.3078	0.05	0	0	1	0.2236	0	0	0	0	0	0	0	0	0	0	0.4	0	0	3	0.7539	0.2	0	0	1	0.4104	0.05	0	0	1	0.2236	0.2	0	0	2	0.5231	0.05	0	0	1	0.2236	0.05	0	0	1	0.2236	0.15	0	0	1	0.3663	0.05	0	0	1	0.2236	0.1	0	0	2	0.4472	0.2	0	0	2	0.5231	0.1	0	0	1	0.3078	0	0	0	0	0	0.1	0	0	1	0.3078	0.05	0	0	1	0.2236	0.45	0	0	3	0.8256	0.05	0	0	1	0.2236	0.05	0	0	1	0.2236	1.25	1	0	4	1.4096	0.15	0	0	2	0.4894	0.05	0	0	1	0.2236	0	0	0	0	0	0	0	0	0	0	17.9	15.5	2	44	13.4082	31.85	29	3	76	19.5213	1.15	1	0	5	1.2258	0.75	0	0	3	1.0195	0.6	0	0	3	0.8826	0	0	0	0	0	0.1	0	0	2	0.4472
JHH390_ROI005_ROI_T2.ome.tif	452c75a1-5427-4ecb-a2f7-0410d5f66f83	Detection		Other	Annotation	Polygon	19.11	0.4026	0.0392	27.0531	20.6951	0.7938	1	7.7026	5.2978	3496.3333	3460	3296	3836	145.0437	0	0	0	0	0	0.2	0	0	1	0.414	3.9333	4	0	9	2.6583	0.1333	0	0	1	0.3519	1.1333	1	0	3	0.6399	8.8	10	2	17	4.2628	80	80	65	126	14.6775	0.0667	0	0	1	0.2582	0.1333	0	0	1	0.3519	19.6	18	4	43	9.44	0.6667	0	0	3	0.8997	12.2667	13	2	22	5.5352	0.2667	0	0	2	0.5936	0.4667	0	0	3	0.8338	0.0667	0	0	1	0.2582	0.1333	0	0	1	0.3519	4.9333	0	0	68	17.4662	0.1333	0	0	1	0.3519	0.2667	0	0	2	0.5936	0.2	0	0	1	0.414	0.7333	1	0	4	1.0328	0.2667	0	0	2	0.5936	0.2	0	0	2	0.5606	0	0	0	0	0	0.7333	0	0	4	1.1629	0.6667	0	0	5	1.4475	0.0667	0	0	1	0.2582	0.2	0	0	3	0.7746	0.1333	0	0	1	0.3519	0.4667	0	0	4	1.0601	0.6	0	0	3	0.9103	0.1333	0	0	1	0.3519	1.8667	2	0	5	1.3558	0.2	0	0	1	0.414	0.2667	0	0	1	0.4577	0	0	0	0	0	0.2	0	0	2	0.5606	0.1333	0	0	2	0.5164	1.0667	1	0	4	1.2799	0.7333	1	0	2	0.7037	0.2667	0	0	1	0.4577	2.0667	1	0	13	3.1502	0.2667	0	0	1	0.4577	0.0667	0	0	1	0.2582	0	0	0	0	0	0	0	0	0	0	70	43	18	191	63.2467	129.9333	86	35	386	117.2942	3.2	3	1	7	1.7403	3.3333	3	2	6	1.1751	3.2667	3	0	9	2.2509	0.0667	0	0	1	0.2582	0.6	0	0	3	0.9103
JHH390_ROI005_ROI_T2.ome.tif	7a503fb8-6e91-4424-a2e4-9c93424d7ea4	Detection		HLA-DR: Other	Annotation	Polygon	56.55	4.314	0.036	26.4257	21.9028	0.6922	0.9057	8.3269	5.1182	3351.8928	3337	3025	3765	200.131	0.1071	0	0	1	0.315	0.0714	0	0	1	0.2623	4.8571	4	0	13	3.3302	0.75	0	0	5	1.1097	1.1786	1	0	5	1.4415	10.3214	10	4	18	3.7914	80.3571	79	57	110	12.9192	0.3929	0	0	2	0.6853	0.0714	0	0	1	0.2623	10.4286	7.5	0	46	9.5779	0.5	0	0	4	0.8819	9.0357	8	0	26	6.8825	0.3929	0	0	2	0.5669	0.6071	0	0	3	0.8751	0.0714	0	0	1	0.2623	0.0714	0	0	1	0.2623	0.1071	0	0	1	0.315	0.0357	0	0	1	0.189	0.25	0	0	2	0.5182	0.1786	0	0	2	0.548	0.1429	0	0	2	0.4484	0.1786	0	0	2	0.4756	0.4286	0	0	4	0.9201	0	0	0	0	0	0.6786	0	0	3	0.9049	0.1786	0	0	1	0.39	0.1071	0	0	2	0.4163	0.1429	0	0	1	0.3563	0.1429	0	0	2	0.4484	0.2143	0	0	2	0.4987	0.4286	0	0	3	0.8357	0.2857	0	0	1	0.46	0.8214	0	0	5	1.3068	0.1429	0	0	1	0.3563	0.2857	0	0	3	0.6587	0.1429	0	0	2	0.4484	0.0714	0	0	1	0.2623	0.75	0.5	0	5	1.0758	1.1786	1	0	4	1.0905	0.4286	0	0	4	0.8789	0.1071	0	0	1	0.315	4.4643	2	0	32	7.0421	0.5357	0	0	5	1.0709	0.1071	0	0	1	0.315	0.0357	0	0	1	0.189	0.0714	0	0	1	0.2623	51.1786	41	18	135	31.8341	92.6071	76.5	26	248	58.7483	2.5714	2	0	7	1.8545	1.5714	2	0	4	1.1684	1.3214	1	0	5	1.7008	0.1071	0	0	1	0.315	0.25	0	0	4	0.7993
JHH390_ROI005_ROI_T2.ome.tif	420e09fc-57a9-45f4-aa29-9a589d02268e	Detection		HLA-DR: Other	Annotation	Polygon	82.31	36.45	0.0353	10.8017	19.4152	0.3601	0.6225	6.3866	4.0517	3385.1667	3382	3121	3664	141.1478	0.4167	0	0	2	0.6686	0	0	0	0	0	4.5	4	0	10	3.5291	0.4167	0	0	2	0.6686	0.9167	1	0	2	0.6686	11.3333	11	4	18	3.9389	78.3333	83.5	55	93	12.5867	0.25	0	0	1	0.4523	0.0833	0	0	1	0.2887	5.8333	4	0	17	5.202	0.5	0	0	4	1.1677	4.4167	2	0	21	5.9461	0.3333	0	0	2	0.6513	0.25	0	0	1	0.4523	0	0	0	0	0	0.1667	0	0	1	0.3892	0.0833	0	0	1	0.2887	0	0	0	0	0	0	0	0	0	0	0	0	0	0	0	0.3333	0	0	2	0.7785	0	0	0	0	0	0.1667	0	0	1	0.3892	0	0	0	0	0	0.6667	0	0	3	1.0731	0.1667	0	0	2	0.5774	0	0	0	0	0	0.0833	0	0	1	0.2887	0	0	0	0	0	0.1667	0	0	1	0.3892	0.25	0	0	1	0.4523	0	0	0	0	0	0.75	0	0	4	1.2881	0.0833	0	0	1	0.2887	0.4167	0	0	2	0.6686	0.0833	0	0	1	0.2887	0.4167	0	0	2	0.6686	0	0	0	0	0	0.1667	0	0	1	0.3892	0.25	0	0	3	0.866	0	0	0	0	0	37.75	34	1	84	28.2429	0.1667	0	0	1	0.3892	0	0	0	0	0	0	0	0	0	0	0.0833	0	0	1	0.2887	16.6667	10	2	45	14.6494	31.5	20	5	93	29	1.75	2	0	5	1.6583	4.6667	4	1	10	3.3665	0.5833	0.5	0	2	0.6686	0.1667	0	0	1	0.3892	0.5	0	0	3	0.9045
JHH390_ROI005_ROI_T2.ome.tif	c69a55f6-d047-4f37-a082-4f985b870be7	Detection		Other	Annotation	Polygon	79.98	22.36	0.0329	14.5115	14.907	0.8206	1	5.3803	3.6245	3402.9285	3357.5	3061	3708	185.0362	0.7857	0.5	0	3	1.0509	0.1429	0	0	1	0.3631	3.6429	4	0	8	2.17	0.7143	0	0	3	0.9945	2	2	0	5	1.6172	9.4286	9	3	16	4.2193	81.5	80.5	72	95	6.7454	0.5714	0	0	2	0.7559	0.1429	0	0	1	0.3631	10.6429	3.5	0	61	18.3161	0.5714	0	0	2	0.7559	8	8	0	15	4.6077	1.1429	1	0	3	1.0995	0.5714	0	0	3	0.8516	0.1429	0	0	1	0.3631	0.2143	0	0	2	0.5789	0.2143	0	0	1	0.4258	0.1429	0	0	2	0.5345	0.0714	0	0	1	0.2673	0.0714	0	0	1	0.2673	0.2143	0	0	1	0.4258	0.5	0	0	4	1.0919	0.2857	0	0	3	0.8254	0.1429	0	0	1	0.3631	2.7143	1.5	0	7	2.2678	0.1429	0	0	1	0.3631	0	0	0	0	0	0.2857	0	0	2	0.6112	0.3571	0	0	2	0.6333	0.5714	0	0	3	0.8516	0.3571	0	0	3	0.9288	0.2143	0	0	1	0.4258	1.2143	1	0	4	1.1883	0.6429	0	0	2	0.8419	0.6429	1	0	2	0.6333	0.2857	0	0	3	0.8254	0.5	0	0	3	0.8549	0.7857	0.5	0	3	0.975	4.7143	4	2	9	2.1636	1.2143	1	0	6	1.5777	0.2857	0	0	1	0.4688	1.5714	1	0	6	1.9101	0.3571	0	0	1	0.4972	0.0714	0	0	1	0.2673	0.0714	0	0	1	0.2673	0	0	0	0	0	19.6429	20	8	27	5.2712	35.2857	35	23	51	8.0041	8.2143	7	3	22	4.6933	10.7857	11	1	18	4.5772	4.6429	4.5	1	10	2.4054	0.3571	0	0	3	0.8419	0.4286	0	0	3	0.8516
JHH390_ROI005_ROI_T2.ome.tif	26f71e6a-f440-4c9a-958e-530f9b767f40	Detection		Other	Annotation	Polygon	20.75	53.32	0.0296	18.924	16.7784	0.8447	1	5.8097	4.5299	3370	3401	2992	3701	176.4097	0	0	0	0	0	0.0952	0	0	1	0.3008	5.4286	5	0	16	3.8804	0.4286	0	0	3	0.7464	1.0952	1	0	5	1.4108	10.8571	10	3	18	4.1507	79.5714	79	54	106	13.797	0.3333	0	0	2	0.5774	0.0952	0	0	1	0.3008	8.4286	7	0	22	6.462	0.381	0	0	3	0.74	3.4762	3	1	12	2.8393	0.2857	0	0	2	0.6437	0.0952	0	0	1	0.3008	0.1429	0	0	2	0.4781	0.0476	0	0	1	0.2182	0.0476	0	0	1	0.2182	0	0	0	0	0	0.1429	0	0	1	0.3586	0.0476	0	0	1	0.2182	0.2381	0	0	2	0.539	0.0476	0	0	1	0.2182	0.0476	0	0	1	0.2182	0.0476	0	0	1	0.2182	0.3333	0	0	3	0.7958	0.1905	0	0	1	0.4024	0.0476	0	0	1	0.2182	0.1429	0	0	1	0.3586	0	0	0	0	0	0.1429	0	0	1	0.3586	0.2381	0	0	2	0.539	0.1905	0	0	1	0.4024	0.5714	0	0	2	0.7464	0.3333	0	0	2	0.7303	0.0952	0	0	1	0.3008	0.0476	0	0	1	0.2182	0.1905	0	0	2	0.5118	0	0	0	0	0	0.9524	1	0	8	1.7457	0.2381	0	0	2	0.6249	0.1429	0	0	2	0.4781	0.8571	1	0	3	0.9636	0.1429	0	0	3	0.6547	0	0	0	0	0	0	0	0	0	0	0	0	0	0	0	29.5714	28	6	63	14.6546	49.3333	45	23	96	19.8024	2.1429	2	0	8	2.0805	2.8571	3	0	13	3.1982	1.0952	1	0	4	1.3381	0.0952	0	0	1	0.3008	0.2857	0	0	2	0.6437
JHH390_ROI005_ROI_T2.ome.tif	f26380cb-3d6c-42e6-850a-bcba9e6d864f	Detection		HLA-DR: Other	Annotation	Polygon	79.57	32.67	0.0223	13.9041	14.7144	0.807	1	5.3377	3.8402	3323.9231	3366	3013	3504	138.7038	0.3077	0	0	2	0.6304	0	0	0	0	0	2.2308	2	0	5	1.5892	0.0769	0	0	1	0.2774	2.3846	1	0	7	2.5344	8.7692	8	5	13	3.2185	78.4615	77	68	95	8.4815	0.5385	0	0	6	1.6641	0	0	0	0	0	5.3846	1	0	30	9.4564	1.3846	1	0	4	1.3253	13.4615	10	1	31	9.3329	0.7692	1	0	2	0.8321	0.3846	0	0	2	0.6504	0.1538	0	0	2	0.5547	0.7692	0	0	4	1.1658	0.1538	0	0	1	0.3755	0.0769	0	0	1	0.2774	0.3077	0	0	2	0.6304	0.0769	0	0	1	0.2774	0.5385	0	0	2	0.6602	0.1538	0	0	1	0.3755	0.1538	0	0	1	0.3755	0	0	0	0	0	3.0769	2	0	10	2.3966	0.2308	0	0	1	0.4385	0	0	0	0	0	0.3846	0	0	3	0.8697	0	0	0	0	0	0.8462	0	0	5	1.4632	0.3077	0	0	2	0.6304	0	0	0	0	0	0.8462	0	0	3	1.0682	0.8462	0	0	3	1.1435	0.3077	0	0	2	0.6304	0	0	0	0	0	0.3846	0	0	2	0.6504	0.5385	0	0	3	0.9674	1.8462	1	0	5	1.864	0.6923	0	0	4	1.1821	0.4615	0	0	3	0.8771	78.1538	66	29	148	39.234	0.5385	0	0	3	0.9674	0.3077	0	0	2	0.6304	0.0769	0	0	1	0.2774	0.0769	0	0	1	0.2774	30.0769	23	9	94	23.6835	52.0769	39	10	130	42.3191	6	5	0	13	4.1028	8.5385	6	3	17	4.8754	1.5385	1	0	4	1.6641	0.1538	0	0	1	0.3755	0.3077	0	0	1	0.4804
JHH390_ROI005_ROI_T2.ome.tif	c94c60c5-99e3-4123-a52d-8920fc33b5f7	Detection		Other	Annotation	Polygon	90.15	84.08	0.0209	14.3096	18.9729	0.4995	0.735	6.4748	4.7417	3318.6667	3342	3048	3658	159.4982	0.3333	0	0	2	0.6172	0.1333	0	0	1	0.3519	6.4	6	2	12	3.1578	0.2667	0	0	2	0.5936	1.2667	1	0	3	1.0998	11.8	13	1	20	5.1018	77	82	51	99	16.6132	0.2	0	0	2	0.5606	0.1333	0	0	1	0.3519	12.6667	14	4	21	4.9522	1.1333	1	0	4	1.3558	4.8	4	0	14	4.1092	0.4	0	0	3	0.9103	0.0667	0	0	1	0.2582	0.1333	0	0	1	0.3519	0.0667	0	0	1	0.2582	0.1333	0	0	1	0.3519	0.1333	0	0	1	0.3519	0.0667	0	0	1	0.2582	0	0	0	0	0	0	0	0	0	0	0.3333	0	0	1	0.488	0.3333	0	0	2	0.6172	0.0667	0	0	1	0.2582	0.2667	0	0	3	0.7988	0.6	0	0	2	0.7368	0.0667	0	0	1	0.2582	0.1333	0	0	1	0.3519	0.2	0	0	2	0.5606	0.2	0	0	1	0.414	0.4	0	0	1	0.5071	0	0	0	0	0	0.4667	0	0	3	0.8338	0.2	0	0	1	0.414	0.1333	0	0	1	0.3519	0	0	0	0	0	0.7333	0	0	4	1.1629	0.2667	0	0	2	0.5936	0.9333	1	0	3	0.9612	0.6667	0	0	2	0.8165	0.4	0	0	3	0.9103	0.9333	1	0	3	1.0998	0.7333	0	0	3	0.9612	0	0	0	0	0	0	0	0	0	0	0	0	0	0	0	27.5333	27	15	46	9.5084	45.6	43	17	90	20.5106	1.6667	1	0	7	1.9149	4.2667	4	1	11	2.6851	1.4667	1	0	4	1.2459	0.4	0	0	3	0.8281	0.2	0	0	1	0.414
JHH390_ROI005_ROI_T2.ome.tif	e837e2ce-46ea-4226-bf1f-52a71e88bf87	Detection		Other	Annotation	Polygon	47.57	99.68	0.0203	17.5027	16.1551	0.8428	1	5.5984	4.278	3463.5	3419.5	3204	3710	181.3966	0	0	0	0	0	0.1	0	0	1	0.3162	3.7	3	2	6	1.7029	0	0	0	0	0	0.8	0.5	0	3	1.0328	9.1	10	2	14	3.2472	75.6	71.5	59	92	10.7827	0.1	0	0	1	0.3162	0.1	0	0	1	0.3162	13.8	9	0	38	14.1798	0.5	0	0	2	0.8498	2.8	2.5	0	8	2.7406	0.1	0	0	1	0.3162	0.1	0	0	1	0.3162	0	0	0	0	0	0	0	0	0	0	0.1	0	0	1	0.3162	0	0	0	0	0	0.1	0	0	1	0.3162	0	0	0	0	0	0.1	0	0	1	0.3162	0.1	0	0	1	0.3162	0.5	0	0	3	0.9718	0	0	0	0	0	0.2	0	0	1	0.4216	0.1	0	0	1	0.3162	0	0	0	0	0	0	0	0	0	0	0.2	0	0	2	0.6325	0	0	0	0	0	0.1	0	0	1	0.3162	0	0	0	0	0	0.2	0	0	1	0.4216	0	0	0	0	0	0.1	0	0	1	0.3162	0	0	0	0	0	0	0	0	0	0	0.2	0	0	1	0.4216	0.2	0	0	1	0.4216	0.2	0	0	1	0.4216	0	0	0	0	0	1.7	1	0	6	2.0575	0	0	0	0	0	0.1	0	0	1	0.3162	0	0	0	0	0	0	0	0	0	0	16.2	17.5	0	30	10.3795	26.3	20.5	5	53	18.5356	0.5	0	0	2	0.8498	1.9	2	0	5	1.5239	0.6	0	0	3	1.075	0.2	0	0	2	0.6325	0.2	0	0	2	0.6325
JHH390_ROI005_ROI_T2.ome.tif	a9a80bf0-25d2-4ede-9c2b-85060d4a3557	Detection		HLA-DR: CD4 T cell	Annotation	Polygon	47.51	-0.1883	0.0201	34.3183	22.503	0.8516	1	8.3473	5.6967	3363.7334	3341	2961	3643	172.9903	1.5333	1	0	4	1.4075	0.0667	0	0	1	0.2582	3.7333	4	1	8	1.9445	0.3333	0	0	2	0.6172	1.4667	1	0	5	1.6847	9.7333	10	3	13	3.0347	78.7333	83	54	99	13.3549	0.1333	0	0	1	0.3519	0.2667	0	0	2	0.5936	4.7333	4	0	9	3.3051	0.4	0	0	2	0.7368	8.2	6	2	29	6.7739	0.6667	0	0	2	0.8165	2.3333	2	0	8	1.9881	0.0667	0	0	1	0.2582	0.0667	0	0	1	0.2582	0.0667	0	0	1	0.2582	0.0667	0	0	1	0.2582	0.1333	0	0	1	0.3519	0.1333	0	0	1	0.3519	1.1333	1	0	3	1.1255	0.4	0	0	2	0.6325	1	1	0	4	1.2536	0.0667	0	0	1	0.2582	11.5333	12	0	26	8.0433	0.4	0	0	2	0.6325	0.0667	0	0	1	0.2582	0.0667	0	0	1	0.2582	0.2	0	0	2	0.5606	0.2667	0	0	4	1.0328	0.2	0	0	1	0.414	0.0667	0	0	1	0.2582	1.3333	1	0	4	1.1127	0.6667	0	0	5	1.3452	0.2667	0	0	3	0.7988	0.2667	0	0	1	0.4577	0.3333	0	0	4	1.0465	7.2667	8	0	18	5.5352	2.5333	2	0	13	3.3778	0.6	0	0	5	1.2984	0.1333	0	0	1	0.3519	31.5333	31	8	64	17.054	0.4667	0	0	2	0.6399	0.2667	0	0	3	0.7988	0.0667	0	0	1	0.2582	0	0	0	0	0	130.6667	53	6	493	162.2906	232.8	105	5	818	276.8796	2.3333	2	0	6	2.2254	8	7	0	25	5.8187	2.4667	3	0	4	1.1255	0.4667	0	0	4	1.1255	0.3333	0	0	2	0.6172
JHH390_ROI005_ROI_T2.ome.tif	9618bc54-941a-456c-a6ed-b502a17840f3	Detection		Other	Annotation	Polygon	46.45	92.21	0.0193	10.5202	15.2916	0.5654	0.7796	5.1025	3.7658	3329.5	3289.5	2950	3886	273.7514	0	0	0	0	0	0.3	0	0	1	0.483	5.7	5	2	9	2.6687	0.3	0	0	1	0.483	1.4	1	0	4	1.3499	7.6	6.5	3	17	4.3512	82.3	80.5	63	102	12.5082	0.2	0	0	1	0.4216	0.2	0	0	1	0.4216	27.2	30	8	48	15.0318	0.4	0	0	2	0.6992	14.2	13.5	1	27	10.9219	0.7	1	0	2	0.6749	0.2	0	0	2	0.6325	0	0	0	0	0	0	0	0	0	0	0.2	0	0	1	0.4216	0	0	0	0	0	0.2	0	0	1	0.4216	0	0	0	0	0	0	0	0	0	0	0	0	0	0	0	0.4	0	0	2	0.6992	0	0	0	0	0	1.3	1	0	5	1.567	0.5	0	0	2	0.7071	0	0	0	0	0	0.4	0	0	3	0.9661	0.2	0	0	1	0.4216	0	0	0	0	0	0.6	0	0	3	1.075	0.5	0	0	2	0.8498	0.2	0	0	1	0.4216	0.5	0.5	0	1	0.527	0.4	0	0	3	0.9661	0.1	0	0	1	0.3162	0.2	0	0	1	0.4216	0.3	0	0	2	0.6749	1.7	1	0	5	1.767	0.5	0.5	0	1	0.527	0	0	0	0	0	0.8	1	0	2	0.6325	0.3	0	0	1	0.483	0.1	0	0	1	0.3162	0	0	0	0	0	0	0	0	0	0	19	19	14	26	3.6818	33.5	31	19	54	11.4431	2.9	3	0	7	2.6013	4.6	5	1	9	2.6331	1.1	1	0	4	1.3703	0	0	0	0	0	0.3	0	0	2	0.6749
JHH390_ROI005_ROI_T2.ome.tif	0a24239b-fd17-497e-ba45-6005cc2bed43	Detection		HLA-DR: CD4 T cell	Annotation	Polygon	53.85	-0.099	0.0191	14.9926	15.8083	0.7539	1	5.8113	4.2162	3419	3386	3156	3737	188.7485	0.4286	0	0	2	0.7868	0	0	0	0	0	4	4	1	8	2.3805	0.2857	0	0	2	0.7559	1.8571	1	0	4	1.5736	9	8	5	14	3.3665	77.7143	76	73	89	5.5891	0.1429	0	0	1	0.378	0.1429	0	0	1	0.378	7.8571	5	0	23	8.8398	0.2857	0	0	1	0.488	3.5714	2	0	9	4.1173	0.1429	0	0	1	0.378	0.8571	1	0	2	0.8997	0	0	0	0	0	0	0	0	0	0	0	0	0	0	0	0	0	0	0	0	0.1429	0	0	1	0.378	0.7143	0	0	4	1.496	0.2857	0	0	2	0.7559	0.2857	0	0	1	0.488	0.2857	0	0	1	0.488	0	0	0	0	0	6.5714	3	0	30	10.5176	0	0	0	0	0	0	0	0	0	0	0	0	0	0	0	0	0	0	0	0	0.1429	0	0	1	0.378	0	0	0	0	0	0	0	0	0	0	0.7143	0	0	2	0.9512	0	0	0	0	0	0	0	0	0	0	0	0	0	0	0	0.1429	0	0	1	0.378	5	2	0	16	5.831	1.2857	2	0	3	1.2536	0.1429	0	0	1	0.378	0.4286	0	0	2	0.7868	9.7143	6	0	31	11.2948	0.4286	0	0	2	0.7868	0	0	0	0	0	0	0	0	0	0	0	0	0	0	0	25.1429	25	9	51	13.0822	47.8571	38	19	83	26.5231	1.1429	0	0	4	1.6762	5.1429	5	2	9	2.2678	1.2857	1	0	4	1.496	0.1429	0	0	1	0.378	0.4286	0	0	1	0.5345
JHH390_ROI005_ROI_T2.ome.tif	cd2073ee-5124-4745-a56a-05c56de1089d	Detection		Other	Annotation	Polygon	47.25	77.45	0.0188	14.4346	21.634	0.3876	0.6692	6.9642	4.7773	3366.3125	3340.5	3152	3651	159.7968	0.125	0	0	1	0.3416	0.125	0	0	1	0.3416	3.9375	3	0	8	2.9993	0.25	0	0	2	0.6831	0.75	0	0	3	1.0646	11.6875	11	4	22	4.5566	83.25	84	65	109	10.9697	0.4375	0	0	2	0.6292	0.25	0	0	1	0.4472	4.9375	4.5	0	19	4.64	0.5	0	0	3	0.8944	4.3125	3	0	18	4.771	0.1875	0	0	3	0.75	0.1875	0	0	1	0.4031	0.0625	0	0	1	0.25	0.0625	0	0	1	0.25	0.0625	0	0	1	0.25	0	0	0	0	0	0.1875	0	0	2	0.5439	0	0	0	0	0	0.0625	0	0	1	0.25	0.0625	0	0	1	0.25	0.0625	0	0	1	0.25	0	0	0	0	0	0.1875	0	0	1	0.4031	0.25	0	0	2	0.5774	0	0	0	0	0	0.125	0	0	1	0.3416	0.125	0	0	1	0.3416	0	0	0	0	0	0.375	0	0	2	0.6191	0	0	0	0	0	0.25	0	0	1	0.4472	0.0625	0	0	1	0.25	0.125	0	0	1	0.3416	0	0	0	0	0	0.0625	0	0	1	0.25	0.125	0	0	1	0.3416	0.375	0	0	2	0.7188	0.25	0	0	1	0.4472	0.25	0	0	2	0.5774	0.8125	0	0	6	1.5152	0.125	0	0	1	0.3416	0	0	0	0	0	0.0625	0	0	1	0.25	0.0625	0	0	1	0.25	67.9375	45.5	16	201	55.6758	116.1875	86	17	299	92.8355	1.5	1	0	5	1.4142	2.375	2	0	8	2.1252	1.0625	1	0	6	1.5262	0	0	0	0	0	0.0625	0	0	1	0.25
JHH390_ROI005_ROI_T2.ome.tif	85b2d591-569e-4061-9a06-4fc0fa70656d	Detection		Other	Annotation	Polygon	9.753	98.84	0.0184	35.4832	22.2073	0.9042	1	7.9612	6.0077	3413.6399	3424	3080	3605	151.6957	0.16	0	0	2	0.4726	0.16	0	0	1	0.3742	4.2	4	0	9	2.5	0.4	0	0	2	0.7638	0.84	1	0	2	0.8	10.72	10	2	20	4.4396	81.92	79	61	102	11.2691	0.16	0	0	1	0.3742	0.04	0	0	1	0.2	13.76	9	3	44	10.8485	0.68	0	0	3	0.9452	9.04	9	0	22	5.3501	0.28	0	0	1	0.4583	0.08	0	0	1	0.2769	0.04	0	0	1	0.2	0	0	0	0	0	0.24	0	0	2	0.5228	0.04	0	0	1	0.2	0.08	0	0	1	0.2769	0.28	0	0	2	0.5416	0.2	0	0	1	0.4082	0	0	0	0	0	0.6	0	0	3	0.866	0	0	0	0	0	0.68	0	0	4	0.9452	0.12	0	0	1	0.3317	0	0	0	0	0	0.12	0	0	2	0.4397	0.24	0	0	2	0.5228	0.28	0	0	3	0.7371	0.24	0	0	1	0.4359	0.28	0	0	2	0.5416	0.64	0	0	4	1.186	0.2	0	0	2	0.5	0.28	0	0	2	0.5416	0.04	0	0	1	0.2	0.28	0	0	2	0.5416	0.24	0	0	2	0.5228	2	2	0	6	2.0207	0.76	0	0	4	1.052	0.4	0	0	2	0.7071	1.44	1	0	5	1.5567	0.36	0	0	3	0.7	0.08	0	0	1	0.2769	0	0	0	0	0	0	0	0	0	0	13	14	3	27	7.3314	22.56	21	8	45	10.304	1.8	2	0	6	1.2247	3.2	2	0	9	2.3274	1.48	1	0	5	1.5843	0.2	0	0	2	0.5	0.32	0	0	2	0.5568
JHH390_ROI005_ROI_T2.ome.tif	3d2c9065-dfd5-40c1-8333-175c9fd50cbd	Detection		Other	Annotation	Polygon	14.22	79.92	0.0173	10.1915	13.4935	0.7034	1	5.1435	3.2278	3451.25	3468.5	3147	3737	163.8875	0.1667	0	0	1	0.3892	0	0	0	0	0	5.8333	5	2	12	3.38	0.6667	0	0	3	0.9847	0.75	1	0	2	0.7538	10.1667	10	5	17	3.5887	72.3333	75.5	53	93	11.5863	0.3333	0	0	1	0.4924	0	0	0	0	0	1.75	1	0	7	2.1794	0.1667	0	0	1	0.3892	4.25	3	0	10	2.9271	0.1667	0	0	1	0.3892	0.25	0	0	2	0.6216	0.0833	0	0	1	0.2887	0	0	0	0	0	0.0833	0	0	1	0.2887	0	0	0	0	0	0.0833	0	0	1	0.2887	0	0	0	0	0	0.1667	0	0	1	0.3892	0	0	0	0	0	0.4167	0	0	2	0.6686	0	0	0	0	0	0.5	0	0	3	0.9045	0.0833	0	0	1	0.2887	0	0	0	0	0	0.0833	0	0	1	0.2887	0	0	0	0	0	0.0833	0	0	1	0.2887	0.1667	0	0	1	0.3892	0.25	0	0	2	0.6216	0.0833	0	0	1	0.2887	0.1667	0	0	2	0.5774	0.0833	0	0	1	0.2887	0	0	0	0	0	0	0	0	0	0	0	0	0	0	0	0.4167	0	0	2	0.6686	0.0833	0	0	1	0.2887	0.0833	0	0	1	0.2887	1	1	0	5	1.4142	0.1667	0	0	1	0.3892	0	0	0	0	0	0	0	0	0	0	0.0833	0	0	1	0.2887	13.5833	12.5	5	38	8.7017	29.0833	22.5	10	69	18.103	2.6667	2	0	7	2.1881	0.9167	1	0	3	0.9003	1.0833	0	0	5	1.7299	0.1667	0	0	2	0.5774	0.3333	0	0	3	0.8876
JHH390_ROI005_ROI_T2.ome.tif	0c79e161-3a04-4131-85c0-aebbb3c02c9d	Detection		Other	Annotation	Polygon	17.29	27.84	0.0171	26.2016	22.6837	0.6399	0.8397	7.6436	6.1644	3392.9614	3378	3141	3697	148.7154	0.1538	0	0	1	0.3679	0.1923	0	0	1	0.4019	4.8077	4	1	12	2.8145	0.1923	0	0	2	0.4915	0.8077	1	0	3	0.9389	9.4615	9	4	18	3.2647	80.7308	78	64	108	9.9058	0.2692	0	0	1	0.4523	0.2692	0	0	1	0.4523	15.8846	14	0	33	8.7559	0.6538	0	0	4	0.9356	6.3462	6	1	14	3.5207	0.0385	0	0	1	0.1961	0.1538	0	0	2	0.4641	0.0769	0	0	1	0.2717	0.1154	0	0	1	0.3258	0.0769	0	0	1	0.2717	0	0	0	0	0	0.0385	0	0	1	0.1961	0.0385	0	0	1	0.1961	0.1154	0	0	1	0.3258	0.0385	0	0	1	0.1961	0.0769	0	0	1	0.2717	0	0	0	0	0	0.1538	0	0	1	0.3679	0.2692	0	0	3	0.7243	0	0	0	0	0	0	0	0	0	0	0.0385	0	0	1	0.1961	0.3077	0	0	4	0.884	0.1923	0	0	1	0.4019	0.0769	0	0	1	0.2717	0.4615	0	0	3	0.9479	0.0769	0	0	1	0.2717	0.2692	0	0	2	0.6038	0	0	0	0	0	0.1154	0	0	1	0.3258	0.2308	0	0	2	0.5144	0.6154	0	0	4	1.0612	0.1538	0	0	2	0.4641	0.0385	0	0	1	0.1961	0.7308	0	0	5	1.1852	0.2308	0	0	2	0.5144	0	0	0	0	0	0.0385	0	0	1	0.1961	0.0385	0	0	1	0.1961	24.2308	20.5	6	68	18.0429	43.4231	34.5	10	121	30.2128	1.8462	2	0	7	1.9533	2.3462	2	0	8	2.2793	0.7308	1	0	3	0.8744	0.0385	0	0	1	0.1961	0.3077	0	0	4	0.884
JHH390_ROI005_ROI_T2.ome.tif	ee3c8195-f8a7-488b-a9a6-edbce6755b7a	Detection		HLA-DR: Other	Annotation	Polygon	36.8	64.7	0.0165	13.4946	15.9454	0.667	1	6.4312	3.4807	3332	3364	2954	3577	155.8564	0.4286	0	0	2	0.7559	0.0714	0	0	1	0.2673	2.7143	2	0	7	2.3346	0.0714	0	0	1	0.2673	0.5714	0	0	2	0.8516	9.5	10	3	16	3.3224	80.9286	80	69	96	7.9272	0.2857	0	0	3	0.8254	0.1429	0	0	1	0.3631	6.3571	4.5	0	20	6.5352	0.2143	0	0	1	0.4258	3.1429	2	0	13	3.3936	0.1429	0	0	1	0.3631	0.4286	0	0	2	0.7559	0.0714	0	0	1	0.2673	0	0	0	0	0	0.1429	0	0	1	0.3631	0.0714	0	0	1	0.2673	0	0	0	0	0	0.1429	0	0	1	0.3631	0.2143	0	0	1	0.4258	0.1429	0	0	2	0.5345	0.4286	0	0	2	0.6462	0	0	0	0	0	0.5	0	0	4	1.0919	0.1429	0	0	1	0.3631	0	0	0	0	0	0.0714	0	0	1	0.2673	0	0	0	0	0	0.0714	0	0	1	0.2673	0.2143	0	0	1	0.4258	0.1429	0	0	1	0.3631	0.4286	0	0	2	0.6462	0.2143	0	0	1	0.4258	0.0714	0	0	1	0.2673	0	0	0	0	0	0.0714	0	0	1	0.2673	0.0714	0	0	1	0.2673	0.2857	0	0	1	0.4688	0.0714	0	0	1	0.2673	0.0714	0	0	1	0.2673	20	13	1	75	20.3281	0.1429	0	0	1	0.3631	0.2143	0	0	1	0.4258	0	0	0	0	0	0	0	0	0	0	10.8571	7	1	26	8.8479	21.0714	14	5	56	17.3314	1.3571	1	0	4	1.3927	2.7857	3	0	6	1.6257	1.2857	1	0	4	1.2044	0.2143	0	0	1	0.4258	0.4286	0	0	4	1.1579
JHH390_ROI005_ROI_T2.ome.tif	8bd72041-d803-4264-920c-fed0b757377a	Detection		Other	Annotation	Polygon	95.79	31.54	0.0159	7.6599	11.5333	0.7236	1	4.2832	2.7569	3390.1428	3393	3252	3590	115.0615	0.1429	0	0	1	0.378	0.1429	0	0	1	0.378	1.4286	1	0	3	0.9759	0.2857	0	0	1	0.488	1	0	0	3	1.4142	6.1429	6	3	10	2.5448	73.4286	74	66	81	4.6136	0.1429	0	0	1	0.378	0	0	0	0	0	2.8571	2	0	6	2.4103	0	0	0	0	0	2.1429	2	0	5	1.5736	0.1429	0	0	1	0.378	0	0	0	0	0	0.1429	0	0	1	0.378	0.1429	0	0	1	0.378	0.1429	0	0	1	0.378	0	0	0	0	0	0	0	0	0	0	0.2857	0	0	1	0.488	0	0	0	0	0	0	0	0	0	0	0	0	0	0	0	0	0	0	0	0	1.2857	0	0	6	2.3604	0	0	0	0	0	0	0	0	0	0	0	0	0	0	0	0	0	0	0	0	0	0	0	0	0	0	0	0	0	0	0.2857	0	0	2	0.7559	0.1429	0	0	1	0.378	0	0	0	0	0	0	0	0	0	0	0	0	0	0	0	0.1429	0	0	1	0.378	0.5714	0	0	2	0.7868	0	0	0	0	0	0	0	0	0	0	0	0	0	0	0	1.1429	1	0	2	0.8997	0.5714	0	0	3	1.1339	0	0	0	0	0	0	0	0	0	0	0	0	0	0	0	19.2857	13	8	50	14.8067	36.1429	26	15	88	24.896	1.5714	1	0	5	1.7182	3	4	0	6	2.3094	0.4286	0	0	1	0.5345	0.1429	0	0	1	0.378	0.4286	0	0	1	0.5345
JHH390_ROI005_ROI_T2.ome.tif	3a3edef9-7f2b-4dc8-80d7-f7aa4a12b202	Detection		Other	Annotation	Polygon	46.81	43.52	0.0154	17.0232	17.6958	0.6831	0.8733	6.1111	4.5397	3413.55	3460	3198	3594	139.2618	0.1	0	0	1	0.3078	0.1	0	0	1	0.3078	3.8	4	0	8	2.4836	0.65	0	0	3	0.9333	1	1	0	3	0.9733	10.4	10	2	17	4.2352	82.3	83.5	61	102	11.3142	0.35	0	0	2	0.5871	0.2	0	0	1	0.4104	8.85	6	0	25	7.45	0.8	0	0	7	1.6092	2.85	2.5	0	11	2.9607	0.2	0	0	2	0.5231	0.05	0	0	1	0.2236	0.1	0	0	1	0.3078	0.05	0	0	1	0.2236	0.05	0	0	1	0.2236	0	0	0	0	0	0	0	0	0	0	0	0	0	0	0	0.15	0	0	2	0.4894	0.05	0	0	1	0.2236	0.1	0	0	1	0.3078	0	0	0	0	0	0.1	0	0	1	0.3078	0.15	0	0	1	0.3663	0	0	0	0	0	0.15	0	0	2	0.4894	0.15	0	0	2	0.4894	0.8	0	0	6	1.8525	0.2	0	0	1	0.4104	0.15	0	0	3	0.6708	0.15	0	0	1	0.3663	0.2	0	0	2	0.5231	0.2	0	0	1	0.4104	0	0	0	0	0	0.3	0	0	2	0.6569	0.35	0	0	3	0.7452	0.8	0	0	3	1.0563	0.25	0	0	1	0.4443	0.05	0	0	1	0.2236	0.7	0.5	0	3	0.8645	0.3	0	0	2	0.5712	0	0	0	0	0	0.05	0	0	1	0.2236	0.1	0	0	2	0.4472	17.5	15.5	8	52	9.5394	28.05	21	12	108	21.1548	1.3	0.5	0	8	1.9222	2.45	1	0	9	2.8186	1.1	1	0	4	1.0712	0.35	0	0	3	0.7452	0.75	0	0	7	1.7733
JHH390_ROI005_ROI_T2.ome.tif	0a54e543-990f-442d-bc35-7e4b17e3881a	Detection		Other	Annotation	Polygon	68.43	52.47	0.0154	15.2632	15.0559	0.8461	1	5.3595	4.1249	3338.375	3326	3108	3655	160.7839	0.0625	0	0	1	0.25	0.0625	0	0	1	0.25	5.1875	3.5	0	14	4.2461	0.25	0	0	1	0.4472	0.875	1	0	2	0.8851	10.5	10.5	5	18	3.4448	79	77	60	103	10.7703	0.25	0	0	1	0.4472	0.125	0	0	1	0.3416	6.375	5.5	0	20	5.4145	0.375	0	0	2	0.6191	5.375	3.5	0	22	5.9763	0.25	0	0	2	0.5774	0.1875	0	0	2	0.5439	0.0625	0	0	1	0.25	0.0625	0	0	1	0.25	0.0625	0	0	1	0.25	0	0	0	0	0	0.25	0	0	1	0.4472	0.0625	0	0	1	0.25	0.25	0	0	3	0.7746	0	0	0	0	0	0.1875	0	0	1	0.4031	0	0	0	0	0	0.375	0	0	2	0.6191	0.3125	0	0	2	0.6021	0	0	0	0	0	0.1875	0	0	1	0.4031	0	0	0	0	0	0.1875	0	0	2	0.5439	0.25	0	0	2	0.5774	0.125	0	0	1	0.3416	0.5	0	0	2	0.7303	0.25	0	0	1	0.4472	0.125	0	0	1	0.3416	0	0	0	0	0	0.0625	0	0	1	0.25	0.125	0	0	1	0.3416	0.5	0	0	2	0.7303	0.375	0	0	2	0.6191	0.125	0	0	1	0.3416	0.75	0.5	0	5	1.2383	0.1875	0	0	1	0.4031	0	0	0	0	0	0	0	0	0	0	0	0	0	0	0	27.3125	19	9	82	22.3031	49	32.5	15	158	43.5997	1.875	1.5	0	5	1.7464	4.0625	2.5	1	11	3.316	1.8125	2	0	6	1.5152	0.3125	0	0	2	0.6021	0.5	0	0	3	0.8165
JHH390_ROI005_ROI_T2.ome.tif	e1da4373-037f-418b-aa6a-543d53fdda3f	Detection		Other	Annotation	Polygon	100.12	27.92	0.0152	13.2501	15.6702	0.6781	1	6.137	4.2412	3379.7144	3360	3143	3607	143.5441	0.1429	0	0	1	0.378	0	0	0	0	0	3.1429	2	1	7	2.2678	0.1429	0	0	1	0.378	0.8571	1	0	2	0.8997	10.5714	11	4	16	3.5523	86	93	65	99	13.1276	0.4286	0	0	1	0.5345	0.1429	0	0	1	0.378	4.8571	5	1	7	2.3401	0.1429	0	0	1	0.378	4.1429	3	0	11	4.2594	0.1429	0	0	1	0.378	0.1429	0	0	1	0.378	0	0	0	0	0	0	0	0	0	0	0.1429	0	0	1	0.378	0	0	0	0	0	0	0	0	0	0	0.1429	0	0	1	0.378	0.1429	0	0	1	0.378	0.1429	0	0	1	0.378	0	0	0	0	0	0	0	0	0	0	0.4286	0	0	2	0.7868	0.1429	0	0	1	0.378	0	0	0	0	0	0.1429	0	0	1	0.378	0.1429	0	0	1	0.378	0	0	0	0	0	0.1429	0	0	1	0.378	0.1429	0	0	1	0.378	1	0	0	4	1.5275	0.1429	0	0	1	0.378	0	0	0	0	0	0.1429	0	0	1	0.378	0	0	0	0	0	0.1429	0	0	1	0.378	0.2857	0	0	2	0.7559	0.1429	0	0	1	0.378	0.1429	0	0	1	0.378	0.1429	0	0	1	0.378	0.1429	0	0	1	0.378	0	0	0	0	0	0	0	0	0	0	0	0	0	0	0	13	13	7	18	4.4347	25.1429	25	12	51	13.3345	1.1429	1	0	4	1.4639	0.8571	1	0	2	0.8997	0.5714	1	0	1	0.5345	0	0	0	0	0	0.1429	0	0	1	0.378
JHH390_ROI005_ROI_T2.ome.tif	fd43338b-c5ea-4a93-8d20-89aaeb18e3f8	Detection		Other	Annotation	Polygon	88.73	0.0541	0.015	47.2372	26.1368	0.8689	1	9.8417	6.2509	3365.76	3386	3096	3650	165.3064	0.12	0	0	1	0.3317	0.12	0	0	1	0.3317	7.92	6	1	30	6.0341	1.24	1	0	4	1.1648	0.44	0	0	3	0.7118	10.92	10	3	24	4.9322	78.88	82	51	100	11.2299	0.24	0	0	2	0.5228	0.08	0	0	1	0.2769	22.72	22	8	70	13.4366	0.8	1	0	3	0.9574	13.2	14	3	25	6.8617	0.44	0	0	2	0.5831	0.28	0	0	2	0.6137	0.04	0	0	1	0.2	0.04	0	0	1	0.2	0.24	0	0	2	0.5228	0.08	0	0	1	0.2769	0.16	0	0	2	0.4726	0.16	0	0	1	0.3742	0.12	0	0	2	0.4397	0.2	0	0	1	0.4082	0.2	0	0	3	0.6455	0	0	0	0	0	0.48	0	0	3	0.8226	0.16	0	0	2	0.4726	0	0	0	0	0	0.08	0	0	1	0.2769	0.12	0	0	1	0.3317	1.16	0	0	6	1.9723	0.64	0	0	5	1.1136	0.28	0	0	2	0.6137	0.72	0	0	5	1.1	0.44	0	0	2	0.7118	0.2	0	0	1	0.4082	0.12	0	0	2	0.4397	0.28	0	0	3	0.6782	0.36	0	0	2	0.5686	1.28	1	0	7	1.5948	1	0	0	4	1.291	0.08	0	0	1	0.2769	1	1	0	4	1	0.28	0	0	2	0.5416	0	0	0	0	0	0	0	0	0	0	0.08	0	0	1	0.2769	57.36	46	11	129	34.2392	101.68	85	13	192	55.8948	2.28	2	0	7	2.0108	4.96	5	0	11	2.8208	1.76	1	0	7	1.9849	0.36	0	0	2	0.6377	0.76	0	0	8	1.7388
JHH390_ROI005_ROI_T2.ome.tif	06ebbcb7-e5da-4e48-84a2-2c52eca38487	Detection		Other	Annotation	Polygon	79.82	8.261	0.0146	18.1456	16.5341	0.8341	1	5.9604	4.5091	3427.8	3409	3226	3769	154.8822	0.25	0	0	2	0.5501	0.1	0	0	2	0.4472	5.8	5.5	1	17	3.9417	0.8	1	0	3	0.8944	1.05	0	0	4	1.3945	10.8	10	7	18	2.6278	79.8	81.5	60	98	10.3242	0.3	0	0	2	0.6569	0.05	0	0	1	0.2236	6.75	6	1	12	3.3384	0.35	0	0	3	0.7452	3.35	3	0	9	2.4767	0.25	0	0	2	0.5501	0.05	0	0	1	0.2236	0	0	0	0	0	0.15	0	0	1	0.3663	0.25	0	0	2	0.5501	0.15	0	0	1	0.3663	0.05	0	0	1	0.2236	0.05	0	0	1	0.2236	0.15	0	0	2	0.4894	0.15	0	0	1	0.3663	0.15	0	0	1	0.3663	0	0	0	0	0	0.55	0	0	5	1.191	0.2	0	0	2	0.5231	0	0	0	0	0	0.1	0	0	2	0.4472	0.05	0	0	1	0.2236	2.05	0	0	17	4.6507	0.2	0	0	1	0.4104	0.25	0	0	3	0.7164	0.9	1	0	5	1.2096	0.1	0	0	1	0.3078	0.3	0	0	3	0.7327	0	0	0	0	0	0.05	0	0	1	0.2236	0.5	0	0	4	1.0513	0.7	0	0	5	1.2183	0.15	0	0	2	0.4894	0.05	0	0	1	0.2236	0.8	1	0	2	0.8335	0.2	0	0	3	0.6959	0.05	0	0	1	0.2236	0	0	0	0	0	0	0	0	0	0	47.1	34	10	195	42.5823	88.4	69	23	323	72.7037	0.35	0	0	2	0.6708	2.5	2	0	8	2.0901	1	0.5	0	4	1.2978	0.15	0	0	1	0.3663	0.25	0	0	3	0.7164
JHH390_ROI005_ROI_T2.ome.tif	68ff1ca4-16ff-4763-90ea-52db55d9f2a7	Detection		Other	Annotation	Polygon	93.89	79.23	0.0142	15.8345	16.4039	0.7395	1	6.0902	3.6703	3351.0588	3334	3030	3696	158.0061	0.1176	0	0	1	0.3321	0.1176	0	0	1	0.3321	8.8824	8	4	18	3.5687	0.8235	1	0	3	1.0146	0.9412	1	0	5	1.2976	10.0588	9	5	18	3.6652	81.0588	80	60	107	12.4271	0.0588	0	0	1	0.2425	0.1176	0	0	1	0.3321	4.1765	4	1	10	2.8774	0.7059	0	0	2	0.8489	3.4706	3	0	8	2.3748	0.1765	0	0	1	0.393	0.1176	0	0	1	0.3321	0	0	0	0	0	0.1176	0	0	1	0.3321	0.1176	0	0	1	0.3321	0.1765	0	0	2	0.5286	0	0	0	0	0	0.1176	0	0	1	0.3321	0	0	0	0	0	0.0588	0	0	1	0.2425	0.0588	0	0	1	0.2425	0	0	0	0	0	0.1176	0	0	2	0.4851	0.1765	0	0	1	0.393	0	0	0	0	0	0.0588	0	0	1	0.2425	0.0588	0	0	1	0.2425	0.0588	0	0	1	0.2425	0.1765	0	0	1	0.393	0	0	0	0	0	0.4706	0	0	4	1.0676	0.2941	0	0	2	0.5879	0.0588	0	0	1	0.2425	0	0	0	0	0	0.2941	0	0	2	0.5879	0.2353	0	0	1	0.4372	0.5882	0	0	3	0.8703	0.4706	0	0	4	1.0676	0	0	0	0	0	0.5882	0	0	2	0.7123	0.2353	0	0	1	0.4372	0	0	0	0	0	0	0	0	0	0	0	0	0	0	0	17	13	4	64	14.7054	33.4706	23	9	104	26.1752	0.7647	1	0	2	0.7524	2.5882	2	0	7	2.0934	0.9412	0	0	4	1.3449	0.2941	0	0	2	0.5879	0.2941	0	0	1	0.4697
JHH390_ROI005_ROI_T2.ome.tif	dadb53b5-c614-487f-a6e4-e4c04db7d417	Detection		Other	Annotation	Polygon	82.27	19.57	0.0139	14.9594	15.0594	0.8289	1	5.4515	3.988	3380.3572	3341	3091	3751	195.5842	0.7143	0	0	3	0.9945	0.7857	0	0	5	1.4239	4.0714	2	1	10	3.2455	0.7857	0.5	0	4	1.1217	2.5714	3	0	6	1.6508	8.3571	9	1	16	3.6502	79.2143	78.5	65	101	10.6784	0.1429	0	0	1	0.3631	0.1429	0	0	1	0.3631	5.3571	2.5	0	23	6.8344	0.3571	0	0	2	0.6333	13.9286	14	2	23	4.698	0.8571	1	0	3	0.9493	0.0714	0	0	1	0.2673	0.0714	0	0	1	0.2673	0.2143	0	0	2	0.5789	0.1429	0	0	1	0.3631	0.2857	0	0	3	0.8254	0	0	0	0	0	0.1429	0	0	1	0.3631	0.4286	0	0	2	0.6462	0.2143	0	0	2	0.5789	0.4286	0	0	3	0.8516	0.2857	0	0	1	0.4688	3.4286	4	0	6	1.989	0.5	0	0	3	0.8549	0.1429	0	0	1	0.3631	0.2857	0	0	2	0.6112	0.1429	0	0	1	0.3631	0.5714	0.5	0	2	0.6462	0.5	0	0	2	0.7596	0	0	0	0	0	1.0714	1	0	4	1.2067	0.6429	0	0	3	0.9288	0.5	0	0	2	0.6504	0.0714	0	0	1	0.2673	0.5	0	0	2	0.7596	0.6429	0	0	3	1.0818	5	5	0	10	2.4807	1.2857	1	0	6	1.6375	0.5	0	0	2	0.7596	1.1429	1	0	2	0.8644	0.8571	1	0	3	0.9493	0.1429	0	0	1	0.3631	0	0	0	0	0	0	0	0	0	0	28.7143	27.5	13	66	13.5046	43.8571	43	30	66	10.4797	7	7	1	12	3.1132	7.1429	6.5	1	14	3.7181	2.1429	2	0	4	1.3506	0.2857	0	0	2	0.6112	0.6429	0	0	4	1.0818
JHH390_ROI005_ROI_T2.ome.tif	c5460632-b6b2-4c7b-81e0-e4572ae4b9f2	Detection		Other	Annotation	Polygon	84.19	44.44	0.0129	15.0114	15.2518	0.8109	1	5.6647	3.6046	3417.3999	3416	3185	3779	154.6521	0.0667	0	0	1	0.2582	0.0667	0	0	1	0.2582	2.5333	2	0	6	1.7265	0.6667	0	0	4	1.291	1.2	1	0	5	1.5213	10	11	5	16	3.4434	80.0667	78	62	105	11.4547	0.2	0	0	1	0.414	0.0667	0	0	1	0.2582	3.6	3	0	19	4.5638	0.1333	0	0	1	0.3519	2.9333	3	0	12	2.9633	0	0	0	0	0	0.2	0	0	1	0.414	0.0667	0	0	1	0.2582	0	0	0	0	0	0.0667	0	0	1	0.2582	0	0	0	0	0	0.0667	0	0	1	0.2582	0.1333	0	0	2	0.5164	0	0	0	0	0	0.2	0	0	2	0.5606	0.0667	0	0	1	0.2582	0.0667	0	0	1	0.2582	0.2667	0	0	2	0.5936	0	0	0	0	0	0	0	0	0	0	0.0667	0	0	1	0.2582	0	0	0	0	0	0.1333	0	0	1	0.3519	0	0	0	0	0	0.0667	0	0	1	0.2582	0.1333	0	0	1	0.3519	0.1333	0	0	2	0.5164	0.0667	0	0	1	0.2582	0	0	0	0	0	0.1333	0	0	1	0.3519	0.4667	0	0	2	0.7432	0.1333	0	0	1	0.3519	0.1333	0	0	1	0.3519	0	0	0	0	0	1	1	0	3	1.069	0.0667	0	0	1	0.2582	0	0	0	0	0	0	0	0	0	0	0	0	0	0	0	29.1333	28	14	52	9.6944	52.6667	51	29	79	13.0092	1.4	1	0	8	2.0976	1.6667	2	0	4	1.633	0.6	0	0	3	0.9856	0.2667	0	0	1	0.4577	0.2	0	0	1	0.414
JHH390_ROI005_ROI_T2.ome.tif	010b5cd1-5813-4dd6-88ef-37fa1bdeba4f	Detection		Other	Annotation	Polygon	45.54	60.16	0.0122	9.9017	15.8299	0.4966	0.783	5.9566	3.6024	3438.6001	3506.5	3138	3667	197.8991	0.3	0	0	3	0.9487	0.1	0	0	1	0.3162	2.5	2	0	5	1.4337	0.3	0	0	1	0.483	0.9	1	0	3	0.8756	10.1	8.5	5	20	4.9989	79.5	81	70	86	5.3385	0.5	0.5	0	1	0.527	0.7	0	0	3	1.0593	5.8	6.5	1	11	3.2249	0.5	0	0	2	0.7071	3.8	3	0	10	3.1552	0.2	0	0	1	0.4216	0	0	0	0	0	0	0	0	0	0	0	0	0	0	0	0	0	0	0	0	0.1	0	0	1	0.3162	0.1	0	0	1	0.3162	0	0	0	0	0	0.2	0	0	1	0.4216	0	0	0	0	0	0.4	0	0	1	0.5164	0.1	0	0	1	0.3162	0	0	0	0	0	0.1	0	0	1	0.3162	0	0	0	0	0	0.1	0	0	1	0.3162	0	0	0	0	0	0.1	0	0	1	0.3162	0.1	0	0	1	0.3162	0	0	0	0	0	0.1	0	0	1	0.3162	0.2	0	0	2	0.6325	0.2	0	0	1	0.4216	0	0	0	0	0	0	0	0	0	0	0.1	0	0	1	0.3162	0.2	0	0	2	0.6325	0.2	0	0	1	0.4216	0	0	0	0	0	0.8	0	0	5	1.5492	0	0	0	0	0	0.2	0	0	1	0.4216	0	0	0	0	0	0	0	0	0	0	17.8	15	3	35	9.6701	31.6	24.5	15	59	15.5863	1.9	1.5	0	6	2.1318	2.7	3	0	6	2.1108	0.8	0	0	5	1.5492	0.3	0	0	2	0.6749	0.2	0	0	1	0.4216
JHH390_ROI005_ROI_T2.ome.tif	1a6f348f-f2a6-4b4a-8fe5-ff19f6f0e8ae	Detection		HLA-DR: Other	Annotation	Polygon	35.37	58.09	0.0122	12.576	13.6756	0.845	1	4.8108	3.9988	3406	3424.5	2985	3709	230.3902	0.25	0	0	2	0.6216	0.4167	0	0	2	0.6686	2.75	2	0	9	2.9271	0.25	0	0	2	0.6216	1.5	1.5	0	3	1.1677	10.8333	10.5	4	17	4.1742	79.4167	80	55	107	14.4754	0.4167	0	0	2	0.793	0.1667	0	0	1	0.3892	11.5833	9.5	2	32	8.7121	0.75	0	0	3	1.0553	9.8333	7	0	25	8.3103	0.1667	0	0	1	0.3892	0.25	0	0	2	0.6216	0	0	0	0	0	0.5	0	0	2	0.6742	0.3333	0	0	1	0.4924	0	0	0	0	0	0	0	0	0	0	0	0	0	0	0	0.5	0	0	2	0.6742	0.25	0	0	2	0.6216	0.0833	0	0	1	0.2887	0	0	0	0	0	1.1667	1	0	4	1.2673	0.1667	0	0	1	0.3892	0	0	0	0	0	0	0	0	0	0	0.0833	0	0	1	0.2887	0.0833	0	0	1	0.2887	0.1667	0	0	1	0.3892	0.25	0	0	1	0.4523	0.1667	0	0	1	0.3892	0	0	0	0	0	0.0833	0	0	1	0.2887	0.1667	0	0	1	0.3892	0.5	0	0	3	0.9045	0.0833	0	0	1	0.2887	0.5	0	0	2	0.7977	0.5833	0	0	2	0.793	0.4167	0	0	3	0.9003	72.25	71.5	4	218	67.9146	0.4167	0	0	2	0.6686	0.3333	0	0	2	0.6513	0	0	0	0	0	0	0	0	0	0	9.4167	9	2	18	5.0894	19.0833	19	8	28	8.0392	2.3333	2	0	6	1.9695	4.5833	4.5	1	9	2.6097	1.8333	1.5	0	5	1.5275	0.0833	0	0	1	0.2887	0.3333	0	0	2	0.6513
JHH390_ROI005_ROI_T2.ome.tif	a710ee82-75e0-4cd8-a8ee-74f16c752914	Detection		Other	Annotation	Polygon	68.2	47.83	0.0119	11.8903	18.0457	0.4588	0.7024	6.4063	4.111	3279.0833	3283.5	2929	3586	189.1658	0.1667	0	0	1	0.3892	0.1667	0	0	1	0.3892	4.5833	4	1	8	2.1088	0.4167	0	0	2	0.793	1	0.5	0	4	1.3484	11.1667	11.5	2	17	3.5377	84.5833	86	73	100	8.5223	1.1667	0	0	9	2.5525	0.3333	0	0	1	0.4924	3.4167	2	0	11	3.6794	0.3333	0	0	3	0.8876	3.5833	2	0	21	5.632	0	0	0	0	0	0.1667	0	0	2	0.5774	0.1667	0	0	1	0.3892	0.0833	0	0	1	0.2887	0	0	0	0	0	0	0	0	0	0	0.25	0	0	2	0.6216	0	0	0	0	0	0.25	0	0	2	0.6216	0	0	0	0	0	0.0833	0	0	1	0.2887	0	0	0	0	0	1	0.5	0	6	1.7056	0.25	0	0	2	0.6216	0	0	0	0	0	0.0833	0	0	1	0.2887	0.1667	0	0	1	0.3892	0.25	0	0	2	0.6216	0.1667	0	0	1	0.3892	0.0833	0	0	1	0.2887	0.0833	0	0	1	0.2887	0.25	0	0	2	0.6216	0.1667	0	0	1	0.3892	0	0	0	0	0	0.1667	0	0	1	0.3892	0.25	0	0	1	0.4523	1.1667	0.5	0	7	2.0375	0.3333	0	0	3	0.8876	0	0	0	0	0	1.0833	1	0	6	1.6765	0.0833	0	0	1	0.2887	0.0833	0	0	1	0.2887	0	0	0	0	0	0	0	0	0	0	17.25	15	11	37	7.1239	29.4167	24	18	67	14.3112	2.5833	2	0	6	1.9752	2.5	2.5	1	4	1	1.4167	1	0	4	1.3114	0.25	0	0	1	0.4523	0.0833	0	0	1	0.2887
JHH390_ROI005_ROI_T2.ome.tif	c38a15a1-87bf-4569-946b-4bc0999b1dee	Detection		HLA-DR: Other	Annotation	Polygon	26.07	72.93	0.0115	26.1052	19.3995	0.8717	1	7.0831	5.0223	3368.1482	3364	2899	3736	165.5656	0.2222	0	0	1	0.4237	0.1852	0	0	1	0.3958	4.4074	4	1	11	2.8724	0.3333	0	0	1	0.4804	1.4444	1	0	5	1.7394	10.6296	10	4	18	3.8745	83.5185	82	59	107	11.1954	0.2593	0	0	1	0.4466	0.1852	0	0	2	0.4833	4.1111	4	0	14	3.4789	0.2222	0	0	1	0.4237	9.1111	6	0	34	8.3451	0.4074	0	0	3	0.8439	0.3333	0	0	2	0.6202	0.037	0	0	1	0.1925	0.4444	0	0	2	0.698	0.2222	0	0	3	0.6405	0.0741	0	0	1	0.2669	0.2222	0	0	2	0.5064	0	0	0	0	0	0.4444	0	0	2	0.6405	0.0741	0	0	1	0.2669	0.2593	0	0	1	0.4466	0	0	0	0	0	1.1481	1	0	4	1.2311	0.1852	0	0	2	0.4833	0	0	0	0	0	0.1111	0	0	1	0.3203	0	0	0	0	0	0.1111	0	0	1	0.3203	0.1111	0	0	2	0.4237	0.2222	0	0	2	0.5774	0.2593	0	0	3	0.6559	0.1852	0	0	1	0.3958	0.2222	0	0	6	1.1547	0	0	0	0	0	0.037	0	0	1	0.1925	0.1111	0	0	1	0.3203	0.7037	0	0	4	1.0309	0.4074	0	0	4	0.8884	0.1481	0	0	1	0.362	56.5185	43	0	165	50.5267	0.5556	0	0	4	0.974	0.4815	0	0	5	1.0514	0	0	0	0	0	0	0	0	0	0	8.8519	8	1	20	5.8356	13.2222	11	0	32	7.0238	2.037	1	0	9	2.3775	3.1111	3	0	12	2.6067	1.2963	1	0	5	1.4092	0.3333	0	0	5	1.0377	0.4074	0	0	3	0.7971
JHH390_ROI005_ROI_T2.ome.tif	e359fc78-63df-4b3d-abcf-0c1d0fc0340f	Detection		Other	Annotation	Polygon	24.69	17.93	0.0113	20.8894	19.6174	0.6821	0.8834	7.3368	4.3264	3377.4783	3382	3031	3831	197.5879	0.3043	0	0	2	0.5588	0.1304	0	0	1	0.3444	4	4	1	9	2.195	0.5652	0	0	3	0.7878	0.8696	1	0	4	1.1403	9.3478	8	3	16	3.5625	78.7826	80	50	95	11.9809	0.087	0	0	2	0.417	0.0435	0	0	1	0.2085	14.2609	13	2	34	8.3949	0.6087	0	0	2	0.7223	23.9565	17	0	62	20.4216	0.6522	0	0	4	1.0706	0.3043	0	0	2	0.5588	0	0	0	0	0	0.1304	0	0	1	0.3444	0.3043	0	0	3	0.7648	0.087	0	0	2	0.417	0.2174	0	0	2	0.5184	0.2609	0	0	5	1.0539	0.087	0	0	1	0.2881	0.2174	0	0	1	0.4217	0.0435	0	0	1	0.2085	0	0	0	0	0	0.5652	0	0	2	0.7878	0.8261	0	0	6	1.6139	0.0435	0	0	1	0.2085	0.2174	0	0	2	0.5184	0.2174	0	0	3	0.6713	0.4783	0	0	3	0.8458	0.3043	0	0	3	0.7029	0.2174	0	0	1	0.4217	0.4783	0	0	2	0.5931	0.2609	0	0	2	0.6192	0.3913	0	0	3	0.7827	0.1739	0	0	1	0.3876	0.1304	0	0	1	0.3444	0.3478	0	0	3	0.7751	0.9565	0	0	4	1.3307	0.6087	0	0	3	0.7827	0.2609	0	0	1	0.449	2.4348	1	0	9	2.4831	0.2609	0	0	1	0.449	0.087	0	0	1	0.2881	0	0	0	0	0	0	0	0	0	0	29.3913	23	4	74	19.8305	59.6957	40	7	164	41.0636	3.2609	3	0	13	2.8158	2.6522	2	0	13	2.8858	1.4783	1	0	5	1.5036	0.1304	0	0	1	0.3444	0.6087	0	0	4	1.0331
JHH390_ROI005_ROI_T2.ome.tif	47bd76ed-5e66-42ce-89d3-489497f8e8b0	Detection		Other	Annotation	Polygon	48.28	89.94	0.0112	12.1572	14.6199	0.7147	1	5.9994	3.117	3398.3635	3443	3106	3643	181.1769	0.0909	0	0	1	0.3015	0.6364	1	0	2	0.6742	5.1818	4	2	11	3.2193	0.1818	0	0	1	0.4045	1.2727	1	0	3	1.1037	10.2727	9	5	17	3.8753	77.1818	73	64	92	9.9581	0.3636	0	0	1	0.5045	0	0	0	0	0	42.9091	32	9	97	25.9324	0.9091	1	0	3	1.0445	10.8182	9	1	37	9.4955	0.2727	0	0	2	0.6467	0	0	0	0	0	0.1818	0	0	1	0.4045	0.0909	0	0	1	0.3015	0.2727	0	0	1	0.4671	0.0909	0	0	1	0.3015	0	0	0	0	0	0.0909	0	0	1	0.3015	0.0909	0	0	1	0.3015	0.2727	0	0	3	0.9045	0	0	0	0	0	0	0	0	0	0	0.4545	0	0	2	0.8202	0.2727	0	0	1	0.4671	0	0	0	0	0	0.1818	0	0	1	0.4045	0.0909	0	0	1	0.3015	0.0909	0	0	1	0.3015	0.3636	0	0	1	0.5045	0	0	0	0	0	0.7273	0	0	4	1.2721	0.5455	0	0	4	1.2136	0.2727	0	0	1	0.4671	0	0	0	0	0	0.6364	0	0	3	0.9244	0.3636	0	0	2	0.6742	0.6364	0	0	3	1.0269	0.6364	1	0	2	0.6742	0.1818	0	0	1	0.4045	0.9091	1	0	3	0.9439	0.3636	0	0	2	0.6742	0	0	0	0	0	0	0	0	0	0	0	0	0	0	0	16.8182	18	4	26	7.3324	28	29	9	42	9.434	1.9091	1	1	6	1.6404	5.0909	4	1	11	3.7001	0.7273	0	0	2	0.9045	0.0909	0	0	1	0.3015	0.3636	0	0	1	0.5045
JHH390_ROI005_ROI_T2.ome.tif	eadcd54a-b052-46ce-936f-a1c7e179b31f	Detection		Other: CAF	Annotation	Polygon	7.491	44.1	0.0105	17.9674	15.9764	0.8846	1	5.6702	4.233	3319.2632	3275	3035	3630	178.5369	0.1053	0	0	1	0.3153	0.0526	0	0	1	0.2294	4.6842	4	1	12	2.8295	0.1579	0	0	1	0.3746	1.7895	1	0	4	1.3976	9.3158	9	5	16	3.3175	82.3684	83	68	97	8.9642	0.7368	0	0	3	0.9335	0.0526	0	0	1	0.2294	36.7895	36	11	83	19.6202	1.8947	2	0	6	1.4489	5.7895	5	1	12	3.5681	0.1579	0	0	1	0.3746	0.1579	0	0	2	0.5015	0.2632	0	0	3	0.7335	0.1579	0	0	1	0.3746	0.2105	0	0	1	0.4189	0.1053	0	0	1	0.3153	0.1053	0	0	1	0.3153	0.0526	0	0	1	0.2294	0.2632	0	0	3	0.7335	0.1053	0	0	1	0.3153	0.2105	0	0	2	0.5353	0.0526	0	0	1	0.2294	0.5789	0	0	4	1.0706	0.4737	0	0	2	0.8412	0	0	0	0	0	0	0	0	0	0	0.1579	0	0	2	0.5015	0.2105	0	0	1	0.4189	0.2632	0	0	1	0.4524	0	0	0	0	0	0.5263	0	0	4	1.0733	0.1053	0	0	1	0.3153	0.1053	0	0	2	0.4588	0.0526	0	0	1	0.2294	0.3158	0	0	2	0.671	0.1053	0	0	1	0.3153	0.6316	0	0	3	0.8307	0.8421	1	0	3	0.8342	0.0526	0	0	1	0.2294	0.7895	1	0	3	0.9177	0.6842	1	0	2	0.7493	0	0	0	0	0	0	0	0	0	0	0	0	0	0	0	13.2632	12	8	22	3.6031	22	21	13	36	6.8718	4.4737	4	0	12	2.932	4.8947	4	0	15	3.8282	1	1	0	3	0.8165	0.1053	0	0	1	0.3153	0.2632	0	0	2	0.562
JHH390_ROI005_ROI_T2.ome.tif	c00172af-5384-4c0a-be45-66b55dfbbfa2	Detection		Other	Annotation	Polygon	31.46	25.96	0.0101	23.5705	19.1983	0.8036	1	7.0489	5.4438	3412.7083	3402.5	3171	3664	145.0962	0.125	0	0	1	0.3378	0.2083	0	0	1	0.4149	4.2917	4.5	1	11	2.3495	0.1667	0	0	1	0.3807	0.75	1	0	3	0.794	9.9167	9	4	18	3.9223	79	80	56	97	11.2559	0.4583	0	0	2	0.7211	0.125	0	0	1	0.3378	20.25	22	3	42	9.8786	0.3333	0	0	2	0.5647	9	9	2	20	5.4214	0.3333	0	0	3	0.7614	0.2917	0	0	1	0.4643	0.1667	0	0	1	0.3807	0	0	0	0	0	0.25	0	0	3	0.6757	0.0417	0	0	1	0.2041	0.2083	0	0	2	0.509	0.0417	0	0	1	0.2041	0.2917	0	0	2	0.55	0.125	0	0	1	0.3378	0.2083	0	0	1	0.4149	0	0	0	0	0	0.3333	0	0	2	0.5647	0.4583	0	0	5	1.1025	0.0833	0	0	1	0.2823	0	0	0	0	0	0.2917	0	0	2	0.6903	0.125	0	0	1	0.3378	0.5	0	0	3	0.8847	0.0417	0	0	1	0.2041	0.5	0	0	3	0.8341	0.1667	0	0	2	0.4815	0.125	0	0	1	0.3378	0	0	0	0	0	0.125	0	0	2	0.4484	0.125	0	0	1	0.3378	1.25	1	0	5	1.4521	0.75	0	0	7	1.4521	0.0417	0	0	1	0.2041	1.5417	1	0	4	1.2504	0.2083	0	0	1	0.4149	0.0417	0	0	1	0.2041	0.0833	0	0	1	0.2823	0	0	0	0	0	55.1667	32.5	5	170	51.1006	98.5833	56	18	256	82.9924	2	1.5	0	6	2	2.625	2	0	7	1.9959	1.125	1	0	3	0.8999	0.3333	0	0	2	0.5647	0.5	0	0	3	0.9325
