Image	Object ID	Object type	Name	Classification	Parent	ROI	Centroid X µm	Centroid Y µm	Detection probability	Area µm^2	Length µm	Circularity	Solidity	Max diameter µm	Min diameter µm	80ArAr: Mean	80ArAr: Median	80ArAr: Min	80ArAr: Max	80ArAr: Std.Dev.	CD45: Mean	CD45: Median	CD45: Min	CD45: Max	CD45: Std.Dev.	Ruthenium: Mean	Ruthenium: Median	Ruthenium: Min	Ruthenium: Max	Ruthenium: Std.Dev.	Collagen: Mean	Collagen: Median	Collagen: Min	Collagen: Max	Collagen: Std.Dev.	Ecadherin: Mean	Ecadherin: Median	Ecadherin: Min	Ecadherin: Max	Ecadherin: Std.Dev.	120Sn: Mean	120Sn: Median	120Sn: Min	120Sn: Max	120Sn: Std.Dev.	127I: Mean	127I: Median	127I: Min	127I: Max	127I: Std.Dev.	131Xe: Mean	131Xe: Median	131Xe: Min	131Xe: Max	131Xe: Std.Dev.	133Cs: Mean	133Cs: Median	133Cs: Min	133Cs: Max	133Cs: Std.Dev.	138Ba: Mean	138Ba: Median	138Ba: Min	138Ba: Max	138Ba: Std.Dev.	SMA: Mean	SMA: Median	SMA: Min	SMA: Max	SMA: Std.Dev.	Podoplanin: Mean	Podoplanin: Median	Podoplanin: Min	Podoplanin: Max	Podoplanin: Std.Dev.	VIM: Mean	VIM: Median	VIM: Min	VIM: Max	VIM: Std.Dev.	S100A4: Mean	S100A4: Median	S100A4: Min	S100A4: Max	S100A4: Std.Dev.	CD45RO: Mean	CD45RO: Median	CD45RO: Min	CD45RO: Max	CD45RO: Std.Dev.	CD16: Mean	CD16: Median	CD16: Min	CD16: Max	CD16: Std.Dev.	CD163: Mean	CD163: Median	CD163: Min	CD163: Max	CD163: Std.Dev.	CK: Mean	CK: Median	CK: Min	CK: Max	CK: Std.Dev.	TFF1: Mean	TFF1: Median	TFF1: Min	TFF1: Max	TFF1: Std.Dev.	PDL1: Mean	PDL1: Median	PDL1: Min	PDL1: Max	PDL1: Std.Dev.	PD1: Mean	PD1: Median	PD1: Min	PD1: Max	PD1: Std.Dev.	CD31: Mean	CD31: Median	CD31: Min	CD31: Max	CD31: Std.Dev.	Tox_Tox2: Mean	Tox_Tox2: Median	Tox_Tox2: Min	Tox_Tox2: Max	Tox_Tox2: Std.Dev.	CD57: Mean	CD57: Median	CD57: Min	CD57: Max	CD57: Std.Dev.	FOXP3: Mean	FOXP3: Median	FOXP3: Min	FOXP3: Max	FOXP3: Std.Dev.	CD4: Mean	CD4: Median	CD4: Min	CD4: Max	CD4: Std.Dev.	NCAD: Mean	NCAD: Median	NCAD: Min	NCAD: Max	NCAD: Std.Dev.	CD68: Mean	CD68: Median	CD68: Min	CD68: Max	CD68: Std.Dev.	IL6: Mean	IL6: Median	IL6: Min	IL6: Max	IL6: Std.Dev.	CD20: Mean	CD20: Median	CD20: Min	CD20: Max	CD20: Std.Dev.	CD8: Mean	CD8: Median	CD8: Min	CD8: Max	CD8: Std.Dev.	PDGFRa: Mean	PDGFRa: Median	PDGFRa: Min	PDGFRa: Max	PDGFRa: Std.Dev.	IL8: Mean	IL8: Median	IL8: Min	IL8: Max	IL8: Std.Dev.	GATA6: Mean	GATA6: Median	GATA6: Min	GATA6: Max	GATA6: Std.Dev.	CD45RA: Mean	CD45RA: Median	CD45RA: Min	CD45RA: Max	CD45RA: Std.Dev.	GZMB: Mean	GZMB: Median	GZMB: Min	GZMB: Max	GZMB: Std.Dev.	KI67: Mean	KI67: Median	KI67: Min	KI67: Max	KI67: Std.Dev.	CXCL12: Mean	CXCL12: Median	CXCL12: Min	CXCL12: Max	CXCL12: Std.Dev.	CD3: Mean	CD3: Median	CD3: Min	CD3: Max	CD3: Std.Dev.	S100A2: Mean	S100A2: Median	S100A2: Min	S100A2: Max	S100A2: Std.Dev.	FAP_alpha: Mean	FAP_alpha: Median	FAP_alpha: Min	FAP_alpha: Max	FAP_alpha: Std.Dev.	CD173: Mean	CD173: Median	CD173: Min	CD173: Max	CD173: Std.Dev.	HLADR: Mean	HLADR: Median	HLADR: Min	HLADR: Max	HLADR: Std.Dev.	CD105: Mean	CD105: Median	CD105: Min	CD105: Max	CD105: Std.Dev.	KRT17: Mean	KRT17: Median	KRT17: Min	KRT17: Max	KRT17: Std.Dev.	190BCKG: Mean	190BCKG: Median	190BCKG: Min	190BCKG: Max	190BCKG: Std.Dev.	190Os: Mean	190Os: Median	190Os: Min	190Os: Max	190Os: Std.Dev.	DNA1: Mean	DNA1: Median	DNA1: Min	DNA1: Max	DNA1: Std.Dev.	DNA2: Mean	DNA2: Median	DNA2: Min	DNA2: Max	DNA2: Std.Dev.	PM2: Mean	PM2: Median	PM2: Min	PM2: Max	PM2: Std.Dev.	PM3: Mean	PM3: Median	PM3: Min	PM3: Max	PM3: Std.Dev.	PM4: Mean	PM4: Median	PM4: Min	PM4: Max	PM4: Std.Dev.	204Pb: Mean	204Pb: Median	204Pb: Min	204Pb: Max	204Pb: Std.Dev.	208Pb: Mean	208Pb: Median	208Pb: Min	208Pb: Max	208Pb: Std.Dev.
JHH368ROI007_ROI_007.ome.tif	f063355f-f8e5-4aa6-8c7d-a2cf2c21e738	Detection		HLA-DR: Other	Annotation	Polygon	26.07	26.14	0.8452	82.8975	34.0799	0.8969	1	12.45	8.7306	4562	4570	4112	5280	230.9351	0.494	0	0	2	0.6874	0.3614	0	0	3	0.6359	3.1566	2	0	13	2.8733	0.7349	0	0	6	0.9888	2.1928	2	0	7	1.6414	26.1928	24	12	50	7.412	39.4819	40	17	61	7.4986	0.0843	0	0	1	0.2796	0.1807	0	0	3	0.4974	11.759	11	0	47	8.9273	0.6988	0	0	7	1.2758	20.1566	11	1	131	26.8716	1	1	0	5	1.2396	0.988	1	0	7	1.3659	0.1325	0	0	1	0.3411	0.6627	0	0	5	1.0509	9.0602	6	0	43	9.8716	0.1807	0	0	2	0.4457	0.2169	0	0	2	0.4951	0.1325	0	0	1	0.3411	0.4578	0	0	3	0.7037	0.1566	0	0	1	0.3657	0.2651	0	0	5	0.7504	0.0241	0	0	1	0.1543	2.1566	1	0	10	2.3812	0.3253	0	0	3	0.5654	0.7349	0	0	11	1.6311	0.253	0	0	3	0.6779	0.2289	0	0	3	0.5483	0.4458	0	0	4	0.8731	0.747	0	0	5	1.1671	0.4578	0	0	5	0.941	1.1687	1	0	9	1.5681	0.4699	0	0	4	0.7705	0.2892	0	0	3	0.6155	0.0843	0	0	1	0.2796	0.494	0	0	5	0.9548	0.3012	0	0	3	0.5788	3.9518	4	0	16	2.7226	0.5783	0	0	3	0.8571	0.2892	0	0	4	0.6723	28.1205	17	1	202	38.5561	1.5904	1	0	7	1.562	4.6988	3	0	25	4.9847	0.0843	0	0	1	0.2796	0.1205	0	0	3	0.4248	220.6265	214	40	510	94.8341	401.8675	411	72	901	171.8184	5.3012	4	0	24	4.0747	8.988	8	0	30	5.5182	4.1084	3	0	17	3.3678	0.4699	0	0	4	0.7043	0.8795	0	0	6	1.263
JHH368ROI007_ROI_007.ome.tif	348889dc-f0f6-45f3-935c-5624f50fb1fc	Detection		Other: tumor_epithelial	Annotation	Polygon	99.67	67.94	0.8233	113.0621	40.2253	0.8781	1	14.9108	10.3629	4462.2666	4445.5	4036	5252	248.525	0.4	0	0	4	0.6938	0.45	0	0	3	0.649	3.8833	3	0	19	4.0173	0.6	0	0	3	0.8275	5.1	3	0	22	4.9564	26.4	26.5	14	50	6.992	39.65	38	24	58	8.184	0.2333	0	0	2	0.5326	0.1167	0	0	2	0.3724	5.9333	5	0	19	4.1898	0.9333	0	0	5	1.2332	11.95	9.5	0	49	10.4044	0.5667	0	0	5	0.9977	0.6	0	0	3	1.0284	0.1	0	0	2	0.3542	4.5167	2	0	30	5.404	0.2333	0	0	2	0.4997	0.2333	0	0	5	0.7449	0.35	0	0	7	0.9885	0.0833	0	0	1	0.2787	0.8333	0	0	6	1.1956	0.1	0	0	3	0.4396	0.1667	0	0	2	0.4929	0.0667	0	0	1	0.2515	2.25	1	0	9	2.3479	0.6	0	0	8	1.2914	0.5667	0	0	4	0.9088	0.2833	0	0	3	0.6132	0.3833	0	0	3	0.6402	0.55	0	0	3	0.7903	1.0833	1	0	8	1.5215	0.3333	0	0	3	0.7287	6.5667	3.5	0	32	7.2425	3.5167	1.5	0	19	4.8064	0.4167	0	0	4	0.8886	0.0667	0	0	1	0.2515	0.4167	0	0	2	0.6455	1.2833	0	0	8	2.0674	4.6667	4	0	17	3.1064	0.95	1	0	5	1.2133	0.2333	0	0	3	0.5635	6.45	5.5	0	23	5.4194	1.3167	1	0	6	1.432	0.1333	0	0	3	0.4682	0.0833	0	0	1	0.2787	0.1	0	0	1	0.3025	345.7167	377	29	775	167.1125	630.0333	710.5	78	1263	297.3806	5.4	5	0	13	3.1093	8.9167	6	1	35	7.7027	3.2167	3	0	9	2.5385	0.5333	0	0	4	0.8123	0.7667	0.5	0	3	0.9454
JHH368ROI007_ROI_007.ome.tif	61f10755-1dc9-4b48-9e5b-1c26ef8676e1	Detection		Other: CD8 T cell	Annotation	Polygon	38.19	96.07	0.797	32.3102	21.3139	0.8938	1	7.5057	5.9727	4385.8789	4415	3954	4887	236.8607	1.4242	1	0	4	1.1997	0.4242	0	0	2	0.7084	3.3333	3	0	10	2.7576	0.1212	0	0	1	0.3314	2.0909	2	0	7	1.7023	25.3333	25	14	33	4.5939	37.5758	38	22	59	9.7693	0.1515	0	0	2	0.4417	0.1515	0	0	2	0.4417	1.4242	1	0	10	2.1942	0.5758	0	0	4	0.9364	7.1515	4	0	48	9.991	0.3939	0	0	2	0.6586	4.3939	4	0	8	2.4101	0.2424	0	0	2	0.5607	0.1212	0	0	1	0.3314	0.0606	0	0	1	0.2423	0.0303	0	0	1	0.1741	0.0303	0	0	1	0.1741	0.0909	0	0	1	0.2919	0.2727	0	0	2	0.5741	0.7879	0	0	8	1.5362	0.0606	0	0	1	0.2423	0	0	0	0	0	0.303	0	0	3	0.684	0.2727	0	0	2	0.5741	0.0303	0	0	1	0.1741	0.1818	0	0	3	0.5839	0.7576	0	0	5	1.1189	18.0909	16	5	48	11.5606	0.7273	0	0	5	1.0687	0.3333	0	0	2	0.5951	0.5152	0	0	4	0.8337	0.3939	0	0	3	0.7044	0.6061	0	0	5	1.3214	0.0909	0	0	1	0.2919	0.1515	0	0	2	0.4417	2.5455	2	0	8	1.9054	2.5455	2	0	14	2.751	0.2121	0	0	3	0.5999	0.0606	0	0	1	0.2423	1.1818	0	0	9	2.0684	0.4545	0	0	6	1.1206	0.0303	0	0	1	0.1741	0.1818	0	0	1	0.3917	0.1818	0	0	2	0.4647	542.3333	528	46	961	272.5974	979.3636	1010	63	1703	507.9989	3.6364	3	0	11	2.6436	8.9394	7	2	23	5.3964	2.2424	2	0	7	1.7326	0.3939	0	0	3	0.7044	0.5152	0	0	2	0.6671
JHH368ROI007_ROI_007.ome.tif	702eefe4-58ea-4568-9625-02bd3d3fd9ab	Detection		HLA-DR: Other	Annotation	Polygon	15.71	30.7	0.7154	43.8267	24.7062	0.9023	1	8.678	6.6157	4619.311	4607	3712	5345	311.6931	0.2667	0	0	2	0.58	0.4444	0	0	3	0.7555	3.0667	3	0	13	2.717	0.2667	0	0	2	0.5394	1.7333	1	0	9	1.8266	26.8222	27	14	37	5.254	40.7333	40	21	58	8.7241	0.1333	0	0	2	0.4045	0.1111	0	0	2	0.3827	9.9556	9	0	29	8.3284	0.2444	0	0	3	0.6451	13.9778	10	0	84	16.4821	0.2444	0	0	2	0.5703	0.6	0	0	5	1.0745	0.0222	0	0	1	0.1491	0.2444	0	0	3	0.6451	0.1778	0	0	2	0.4903	0.0667	0	0	1	0.2523	0.2	0	0	3	0.5477	0.1111	0	0	1	0.3178	0.2222	0	0	2	0.5174	0.1556	0	0	2	0.424	0.0667	0	0	1	0.2523	0	0	0	0	0	1.6	0	0	10	2.5442	0.2889	0	0	4	0.8692	0.4889	0	0	3	0.8427	0.2	0	0	1	0.4045	0.0889	0	0	3	0.4682	0.1556	0	0	1	0.3665	0.4	0	0	3	0.6537	0.1556	0	0	2	0.4746	2.3333	2	0	18	2.9233	0.4222	0	0	4	0.9167	0.1111	0	0	2	0.3827	0.0444	0	0	1	0.2084	0.1333	0	0	2	0.4045	0.4444	0	0	3	0.8933	2.1111	2	0	13	2.357	0.6444	0	0	8	1.4484	0.2667	0	0	3	0.6537	16.2	2	0	204	36.852	1.0667	1	0	6	1.5136	0.4444	0	0	3	0.785	0.0222	0	0	1	0.1491	0.0444	0	0	1	0.2084	260.3556	243	20	554	143.2714	471.6444	439	31	1067	259.0277	3.3556	3	0	10	2.8055	3.9111	2	0	16	3.8068	1.9333	1	0	7	1.8141	0.2667	0	0	1	0.4472	0.4	0	0	3	0.7198
JHH368ROI007_ROI_007.ome.tif	304a320c-68d0-4cad-9858-aa410a0f1422	Detection		Other	Annotation	Polygon	78.45	8.394	0.7075	40.6656	24.252	0.8688	1	9.0777	6.8611	4510.1001	4553.5	3930	5109	264.5796	0.2	0	0	1	0.4051	0.425	0	0	2	0.6751	3.3	2	0	34	5.4875	0.4	0	0	4	0.8102	2.05	2	0	6	1.395	25.775	25	15	43	6.608	40.35	39	24	58	8.1792	0.175	0	0	1	0.3848	0.15	0	0	3	0.5335	3.575	3	0	14	3.5582	0.475	0	0	4	0.7841	7.7	7	0	22	5.4312	0.1	0	0	1	0.3038	0.2	0	0	2	0.4641	0.025	0	0	1	0.1581	0.1	0	0	3	0.4961	0.075	0	0	1	0.2667	0.05	0	0	1	0.2207	0.1	0	0	1	0.3038	0.05	0	0	1	0.2207	0.675	0	0	6	1.3085	0.025	0	0	1	0.1581	0	0	0	0	0	0	0	0	0	0	0.375	0	0	3	0.7403	0.25	0	0	2	0.543	0.15	0	0	1	0.3616	0.025	0	0	1	0.1581	0.025	0	0	1	0.1581	0.325	0	0	3	0.6938	0.3	0	0	2	0.5164	0.125	0	0	2	0.4043	1.3	1	0	7	1.7276	0.575	0	0	7	1.1742	0.15	0	0	2	0.483	0.025	0	0	1	0.1581	0.15	0	0	2	0.4267	0.125	0	0	2	0.4043	1.875	1	0	11	2.1506	0.225	0	0	2	0.4797	0.05	0	0	1	0.2207	3.225	2.5	0	21	3.6126	0.475	0	0	3	0.7841	0.05	0	0	1	0.2207	0.025	0	0	1	0.1581	0.05	0	0	1	0.2207	231.95	246	9	515	126.3578	421.475	448.5	27	874	230.9549	4.175	3	0	19	3.4035	3.6	3	0	10	2.6292	2.225	2	0	8	1.928	0.225	0	0	1	0.4229	0.75	0	0	3	1.0316
JHH368ROI007_ROI_007.ome.tif	0d151136-8992-4f23-ae7a-e7eb8854a971	Detection		HLA-DR: Other	Annotation	Polygon	22.61	12.93	0.6948	48.236	25.9877	0.8975	1	9.6302	6.7406	4542.979	4537	3903	4977	218.2085	0.4167	0	0	3	0.739	0.5625	0	0	4	0.9432	3.0625	2.5	0	16	3.1176	0.5417	0	0	4	0.9216	1.9375	1	0	8	1.8612	24.875	25	13	43	6.6927	37.6458	37	23	55	6.7335	0.1458	0	0	1	0.3567	0.125	0	0	3	0.4892	1.6875	1	0	9	1.8583	0.5417	0	0	4	0.8982	19.1458	17	2	55	13.688	0.8958	1	0	3	0.9728	0.9375	1	0	7	1.3591	0.0833	0	0	1	0.2793	0.625	0	0	3	0.9368	0.25	0	0	5	0.7855	0.1458	0	0	1	0.3567	0.2292	0	0	3	0.555	0.1042	0	0	1	0.3087	0.7708	0	0	6	1.2588	0.0625	0	0	1	0.2446	0.1042	0	0	1	0.3087	0	0	0	0	0	1.7708	1	0	8	1.8593	0.6042	0	0	5	0.893	0.4792	0	0	3	0.7716	0.125	0	0	1	0.3342	0.2292	0	0	3	0.627	0.3125	0	0	2	0.5518	0.5	0	0	3	0.7146	0.2708	0	0	2	0.5739	1.4167	1	0	6	1.5823	0.3958	0	0	2	0.5739	0.3333	0	0	3	0.6631	0	0	0	0	0	0.3542	0	0	3	0.6681	0.5208	0	0	3	0.7716	3.75	3	0	9	2.0053	0.7292	0	0	4	1.0667	0.2083	0	0	2	0.4593	15.4167	12	0	45	11.0142	0.7708	0	0	6	1.2418	0.2292	0	0	3	0.5921	0.125	0	0	1	0.3342	0.1458	0	0	1	0.3567	349.1667	356	15	654	182.5881	617.8542	619	23	1199	323.2344	5.875	5	0	18	3.7395	6.7292	7	0	18	4.4566	2.6042	2	1	6	1.4103	0.3958	0	0	2	0.6098	0.375	0	0	2	0.64
JHH368ROI007_ROI_007.ome.tif	772312ff-213b-4870-8a58-7e9c251486f4	Detection		HLA-DR: Other	Annotation	Polygon	43.24	17.93	0.6931	65.4158	30.0214	0.9121	1	10.8445	8.224	4554.7119	4577	4023	5140	256.4931	0.2424	0	0	3	0.5564	0.3788	0	0	2	0.674	4.7727	4	0	14	3.0066	0.5455	0	0	2	0.7056	2.2424	2	0	10	2.1983	26.4545	26.5	10	42	6.1223	40.2273	39	25	59	7.6436	0.1818	0	0	3	0.4933	0.0758	0	0	1	0.2666	3.4545	2	0	18	3.9891	0.3939	0	0	3	0.7622	4.6667	4	0	15	3.8364	0.1364	0	0	1	0.3458	0.5455	0	0	3	0.788	0.0455	0	0	1	0.2099	0.2576	0	0	5	0.8469	0.0909	0	0	2	0.3387	0.0152	0	0	1	0.1231	0.0303	0	0	1	0.1727	0.0455	0	0	1	0.2099	0.1667	0	0	2	0.4501	0	0	0	0	0	0.0455	0	0	1	0.2099	0.0303	0	0	1	0.1727	0.3939	0	0	5	1.021	0.3485	0	0	3	0.6678	0.0606	0	0	3	0.3874	0.0606	0	0	1	0.2404	0.0909	0	0	1	0.2897	0.1364	0	0	2	0.3877	0.4545	0	0	4	0.788	0.1212	0	0	3	0.4809	2.0152	1	0	8	1.8687	0.4545	0	0	3	0.7683	0.1818	0	0	5	0.6997	0.1061	0	0	3	0.4343	0.1061	0	0	1	0.3103	0.2273	0	0	4	0.6515	1.303	1	0	7	1.5086	0.4545	0	0	5	0.8975	0.0758	0	0	1	0.2666	4.4697	1	0	36	7.5452	0.9545	1	0	6	1.2081	0.0758	0	0	2	0.3192	0.0455	0	0	2	0.2735	0.0455	0	0	1	0.2099	236.5455	241	28	490	109.283	423.3636	414	72	826	199.7919	2.0606	2	0	7	1.8471	1.7121	1	0	8	1.6712	2.0909	1	0	9	1.9353	0.3485	0	0	3	0.7124	0.3333	0	0	5	0.791
JHH368ROI007_ROI_007.ome.tif	8b37fb81-be11-4235-bb50-f3cdbe18bd31	Detection		HLA-DR: Other	Annotation	Polygon	9.541	95.83	0.6767	27.9168	20.1755	0.8618	1	7.5323	5.3448	4495.2144	4460.5	4089	5042	218.0155	0.4286	0	0	3	0.8357	0.1786	0	0	1	0.39	2.5357	2	0	10	2.0991	0.2143	0	0	2	0.4987	2.1786	2	0	7	1.8064	25.5357	25.5	16	39	6.003	40.2857	39.5	25	59	8.277	0.0714	0	0	1	0.2623	0.1429	0	0	1	0.3563	2.6071	0.5	0	21	5.3772	0.3929	0	0	2	0.6289	3.1071	2.5	0	10	2.8459	0.1786	0	0	1	0.39	0.6429	0	0	2	0.78	0.1429	0	0	2	0.4484	0.7857	1	0	3	0.8325	0.0714	0	0	1	0.2623	0.1786	0	0	2	0.548	0.0714	0	0	2	0.378	0.0357	0	0	1	0.189	0.1786	0	0	2	0.4756	0.1429	0	0	2	0.4484	0.0714	0	0	1	0.2623	0	0	0	0	0	0.8214	0.5	0	4	1.0905	0.2857	0	0	1	0.46	0.1786	0	0	3	0.6118	0.1071	0	0	1	0.315	0.1071	0	0	1	0.315	0.3929	0	0	2	0.6289	0.5357	0	0	3	0.9222	0.25	0	0	4	0.7993	0.5357	0	0	3	0.7927	0.6071	0	0	3	0.9165	0.2857	0	0	2	0.5345	0.1071	0	0	1	0.315	0.0714	0	0	1	0.2623	0.1786	0	0	1	0.39	1.7857	1	0	8	2.0066	0.3571	0	0	3	0.8262	0.1429	0	0	3	0.5909	9.1071	7.5	1	25	7.2691	0.6071	0	0	7	1.4489	0.0714	0	0	1	0.2623	0.1071	0	0	1	0.315	0.0357	0	0	1	0.189	382.5714	346	45	959	235.9307	695.4643	615	79	1742	441.7928	3.6071	3	1	9	2.3148	5.8571	6	1	11	3.0394	1.6071	1	0	8	1.969	0.3214	0	0	2	0.6118	0.6071	0	0	2	0.7373
JHH368ROI007_ROI_007.ome.tif	81d51f74-7911-448c-9651-98aeb46d0246	Detection		Other	Annotation	Polygon	78.62	16.73	0.658	39.5178	23.8121	0.8758	1	8.7945	6.2991	4576.1709	4575	4071	5248	262.1077	0.2439	0	0	2	0.5376	0.4146	0	0	2	0.6315	3.1463	3	0	10	2.6698	0.3902	0	0	3	0.6663	2.3659	2	0	12	2.3319	27.439	28	15	41	6.6032	43.439	45	25	60	8.8855	0.122	0	0	2	0.3997	0.122	0	0	1	0.3313	1.7561	1	0	18	3.7066	0.4146	0	0	3	0.8055	7.2927	4	0	61	10.7523	0.4146	0	0	4	0.8937	0.4146	0	0	3	0.7738	0.0244	0	0	1	0.1562	0.2439	0	0	2	0.5376	0.0976	0	0	1	0.3004	0.0488	0	0	1	0.2181	0.0976	0	0	2	0.3745	0.0244	0	0	1	0.1562	0.2439	0	0	2	0.4889	0.0244	0	0	1	0.1562	0.122	0	0	2	0.3997	0.0244	0	0	1	0.1562	0.7317	0	0	4	1.0253	0.1951	0	0	3	0.5577	0.122	0	0	2	0.3997	0.0244	0	0	1	0.1562	0.0488	0	0	1	0.2181	0.0488	0	0	1	0.2181	0.1707	0	0	2	0.4951	0	0	0	0	0	0.561	0	0	6	1.1842	0.4634	0	0	3	0.7777	0.122	0	0	3	0.5097	0.0244	0	0	1	0.1562	0.0732	0	0	1	0.2637	0.122	0	0	1	0.3313	1.1951	1	0	6	1.47	0.1951	0	0	1	0.4012	0.0488	0	0	1	0.2181	5.1951	4	0	14	3.9574	0.6098	0	0	3	0.891	0.0732	0	0	1	0.2637	0.0732	0	0	1	0.2637	0.0976	0	0	1	0.3004	326.6342	269	25	920	237.3462	598.9756	541	34	1640	426.2993	3.4878	3	0	11	2.6563	4.878	5	0	18	4.0199	2.0488	2	0	5	1.4824	0.3171	0	0	2	0.6099	0.9512	0	0	5	1.5158
JHH368ROI007_ROI_007.ome.tif	bd5a2fbf-1e34-40db-bb34-fb81dae35f8c	Detection		HLA-DR: CD4 T cell	Annotation	Polygon	16.59	39.98	0.6565	42.5972	24.5391	0.8889	1	8.7902	6.5851	4523.6279	4525	3929	5183	285.9321	1.1163	1	0	5	1.2575	0.4186	0	0	3	0.698	4.093	4	0	13	2.7064	0.5116	0	0	3	0.8273	2.2326	2	0	9	1.9498	26.1163	26	17	39	5.4955	41.4186	40	27	58	7.8747	0.186	0	0	2	0.5003	0.0465	0	0	1	0.2131	17.8605	16	0	63	15.0374	0.4884	0	0	2	0.7359	15.9302	14	0	42	11.7846	1.4651	1	0	7	1.6669	4.186	3	0	19	4.1419	0.186	0	0	2	0.4502	0.0698	0	0	1	0.2578	0.3488	0	0	3	0.6504	0.1628	0	0	1	0.3735	0.4419	0	0	3	0.7654	0.2093	0	0	3	0.5588	0.2558	0	0	2	0.5387	0.4651	0	0	5	1.0083	0.0698	0	0	2	0.3377	0.0698	0	0	1	0.2578	4.7907	3	0	22	5.1573	0.4651	0	0	4	0.8549	0.3953	0	0	4	0.791	0.1395	0	0	1	0.3506	0.3488	0	0	4	0.7833	0.3488	0	0	2	0.5293	0.907	1	0	7	1.3941	0.0698	0	0	2	0.3377	0.907	0	0	9	1.6008	0.6977	0	0	7	1.319	1.2558	0	0	11	2.1055	0.1163	0	0	1	0.3244	0.3256	0	0	2	0.5657	3.9767	3	0	17	4.1317	3	2	0	12	2.7255	0.5814	0	0	3	0.8517	0.1163	0	0	1	0.3244	2.7674	2	0	36	5.6477	2.3721	1	0	11	2.4497	0.907	0	0	7	1.4444	0.1163	0	0	1	0.3244	0.0465	0	0	1	0.2131	270.7442	222	37	662	166.4905	485.9302	398	60	1077	289.9187	4.9535	4	1	13	2.8781	9.0698	8	1	30	6.4454	3.5581	3	0	12	2.922	0.4419	0	0	3	0.6656	0.6977	0	0	3	0.9889
JHH368ROI007_ROI_007.ome.tif	f4d1b165-8c7c-46c6-a7a2-1e3c070832f9	Detection		HLA-DR: Other	Annotation	Polygon	7.668	76.08	0.6395	39.2652	24.1446	0.8464	1	9.32	6.0585	4468.0479	4494.5	3858	5076	258.4794	0.2143	0	0	2	0.5196	0.4762	0	0	3	0.7404	4.2857	3	0	14	3.2855	0.6667	0	0	4	0.9542	13.0714	6	0	58	15.7718	27.2381	28.5	12	44	7.1083	39.5476	41	24	51	6.3714	0.0714	0	0	1	0.2607	0.1429	0	0	2	0.4174	2.7619	2	0	8	2.1047	0.4762	0	0	2	0.6713	7.7619	3	0	27	8.3544	0.3333	0	0	4	0.7544	0.4286	0	0	3	0.7696	0	0	0	0	0	4.8571	2	0	22	6.5129	0.3571	0	0	3	0.6922	0.0714	0	0	1	0.2607	0.2857	0	0	3	0.805	0	0	0	0	0	0.5952	0	0	3	0.7982	0.2381	0	0	3	0.6172	0.3095	0	0	4	0.7805	0.0238	0	0	1	0.1543	2.4048	2	0	9	2.3998	0.4524	0	0	3	0.7715	0.1905	0	0	2	0.4547	0.3333	0	0	2	0.5703	0.119	0	0	1	0.3278	0.3333	0	0	2	0.6115	0.5714	0	0	5	1.1293	0.381	0	0	2	0.6968	2.9762	2	0	16	3.6257	3.1905	1	0	30	6.1177	0.6905	0	0	4	0.9497	0	0	0	0	0	0.2857	0	0	2	0.5078	0.7381	0	0	6	1.4152	2.9524	2	0	11	3.036	0.5714	0	0	3	0.9663	0.1905	0	0	1	0.3974	9.8571	7	0	31	9.5728	0.6429	0	0	6	1.165	0.119	0	0	1	0.3278	0.0238	0	0	1	0.1543	0.0476	0	0	1	0.2155	280.0714	237.5	10	599	164.8559	502.8095	448.5	35	1061	297.2885	6.0238	5	0	19	4.3532	7.8333	7	0	25	6.0884	2.2857	2	0	5	1.5817	0.3333	0	0	5	0.9283	0.619	0	0	2	0.825
JHH368ROI007_ROI_007.ome.tif	339e0279-4a3b-4d12-b841-1db248a4713a	Detection		HLA-DR: Other	Annotation	Polygon	14.53	3.657	0.6324	39.536	23.7261	0.8826	1	8.8404	5.9403	4496.436	4507	3982	4895	214.6475	0.1795	0	0	1	0.3888	0.5128	0	0	2	0.6437	3.5897	3	0	11	2.5102	0.4103	0	0	2	0.6774	1.4359	1	0	5	1.2936	25.2821	26	10	44	6.6172	35.9231	37	23	52	7.0799	0.0769	0	0	1	0.27	0.0256	0	0	1	0.1601	13.3846	12	2	33	8.1357	0.4103	0	0	4	0.9095	12.5385	7	1	57	11.5231	0.6154	0	0	3	0.8148	0.359	0	0	3	0.7429	0.0513	0	0	1	0.2235	0.0513	0	0	1	0.2235	0	0	0	0	0	0.0256	0	0	1	0.1601	0.2308	0	0	2	0.5832	0.0513	0	0	1	0.2235	0.1538	0	0	2	0.4887	0.0513	0	0	1	0.2235	0.2051	0	0	3	0.6147	0.0256	0	0	1	0.1601	0.5128	0	0	4	0.914	0.0769	0	0	1	0.27	0.4103	0	0	4	0.8801	0.0256	0	0	1	0.1601	0.0769	0	0	1	0.27	0.0513	0	0	1	0.2235	0.6667	0	0	6	1.0596	0.1026	0	0	1	0.3074	4.8205	4	0	18	4.4831	0.2308	0	0	2	0.4846	0.2051	0	0	2	0.5221	0.0256	0	0	1	0.1601	0.1795	0	0	3	0.5559	0.2051	0	0	5	0.8329	1.4872	1	0	8	1.7452	0.4103	0	0	3	0.7152	0.0513	0	0	1	0.2235	3.3077	1	0	52	8.492	1.3333	1	0	5	1.3443	0.1026	0	0	1	0.3074	0.0769	0	0	2	0.3543	0.0513	0	0	1	0.2235	160.641	158	18	330	96.3034	296.0256	302	39	632	173.5329	2.9744	3	0	11	2.444	3.4615	3	0	12	2.9455	2.1538	2	0	6	1.6147	0.3333	0	0	5	0.9272	0.7436	0	0	3	0.9095
JHH368ROI007_ROI_007.ome.tif	f0e6dc10-0f04-4cb3-a19a-46ccd2cb1728	Detection		HLA-DR: tumor_mesenchymal	Annotation	Polygon	47.83	61.93	0.6207	59.2549	29.1869	0.8741	1	10.4789	7.3307	4495.3223	4535	4014	5038	270.5402	0.2881	0	0	2	0.4931	0.6441	0	0	4	0.8461	4.339	3	0	13	3.3611	0.7458	0	0	6	1.0601	1.8814	2	0	7	1.4865	26.7966	27	13	45	6.343	40.5763	40	20	57	7.8415	0.1017	0	0	1	0.3048	0.1356	0	0	2	0.4338	24.2881	20	1	96	18.9655	0.6102	0	0	5	0.9652	16.661	14	1	56	12.1394	0.4237	0	0	3	0.6998	0.7797	0	0	5	1.19	0.1186	0	0	2	0.3753	0.1525	0	0	2	0.4074	1.9831	0	0	28	5.532	0.0847	0	0	2	0.3367	0.3898	0	0	2	0.6164	0.0678	0	0	1	0.2536	0.4407	0	0	3	0.7717	0.0847	0	0	1	0.2809	0.0847	0	0	2	0.3367	0.0508	0	0	1	0.2216	0.6441	0	0	4	1.0629	0.5763	0	0	5	1.0035	0.5424	0	0	6	1.1937	0.3559	0	0	5	0.9052	0.3051	0	0	3	0.676	0.3051	0	0	4	0.7011	0.9492	1	0	4	1.0073	0.3559	0	0	3	0.6369	6.678	5	0	20	5.7907	0.5932	0	0	4	0.912	0.2034	0	0	2	0.4464	0.0847	0	0	2	0.3367	0.4576	0	0	4	0.8773	0.2373	0	0	2	0.4675	3.7119	3	0	15	3.1242	0.6949	0	0	4	0.9515	0.1864	0	0	3	0.5406	5.7288	2	0	34	7.7944	1.8475	2	0	6	1.5736	4.9661	1	0	80	13.1948	0.0678	0	0	2	0.3143	0.0678	0	0	1	0.2536	259.8644	216	26	826	181.5893	475.1187	390	74	1468	325.6579	4.9831	5	0	13	2.8192	7.2034	7	0	19	3.7314	3.7458	2	0	28	4.6779	0.3051	0	0	2	0.5649	0.7288	0	0	5	0.9971
JHH368ROI007_ROI_007.ome.tif	7b7c3aa3-d061-41de-80dd-0b1a4b717d34	Detection		Other	Annotation	Polygon	0.0508	5.537	0.6135	31.4478	21.2611	0.8742	1	7.99	5.2794	4424.8125	4304.5	3983	5234	352.4314	0.3125	0	0	1	0.4787	0.625	0	0	2	0.8062	1.625	1.5	0	4	1.0878	0.375	0	0	3	0.8851	1.5625	1	0	7	1.8963	24.9375	25.5	16	38	5.5913	36.6875	34.5	23	52	8.3404	0.1875	0	0	2	0.5439	0.0625	0	0	1	0.25	2.9375	3	0	8	2.5421	0	0	0	0	0	4.5	3	0	19	4.7469	0.125	0	0	1	0.3416	0.0625	0	0	1	0.25	0.125	0	0	1	0.3416	0	0	0	0	0	0.4375	0	0	4	1.2093	0	0	0	0	0	0.1875	0	0	1	0.4031	0	0	0	0	0	0	0	0	0	0	0	0	0	0	0	0	0	0	0	0	0	0	0	0	0	0.25	0	0	3	0.7746	0.0625	0	0	1	0.25	0.1875	0	0	2	0.5439	0	0	0	0	0	0.25	0	0	1	0.4472	0.0625	0	0	1	0.25	0.3125	0	0	2	0.6021	0	0	0	0	0	0.75	0	0	5	1.3416	0.0625	0	0	1	0.25	0	0	0	0	0	0	0	0	0	0	0.3125	0	0	5	1.25	0.1875	0	0	2	0.5439	1	0.5	0	3	1.2111	0.5	0	0	3	0.9661	0.0625	0	0	1	0.25	1.75	1	0	14	3.3566	0.6875	0	0	3	0.9465	0	0	0	0	0	0.0625	0	0	1	0.25	0.125	0	0	1	0.3416	219.5625	197	24	439	142.2266	384.5625	346.5	51	809	252.8196	2.8125	2	0	9	2.5617	2.9375	2	0	9	2.7681	1.875	2	0	5	1.5864	0.375	0	0	2	0.7188	0.4375	0	0	1	0.5123
JHH368ROI007_ROI_007.ome.tif	717c8bfc-937d-4435-a1da-206dc7e2ed7c	Detection		HLA-DR: Other	Annotation	Polygon	81.81	86.65	0.6132	56.0166	28.7635	0.8508	1	10.9737	7.124	4428.7896	4451	3761	4928	247.4532	0.4035	0	0	2	0.6508	0.7193	0	0	4	0.9775	4.5439	3	0	22	4.2639	0.6316	0	0	4	0.899	2.6667	2	0	16	2.5797	26.5965	26	14	41	6.9175	40.1754	39	25	63	8.2918	0.1579	0	0	2	0.4136	0.0175	0	0	1	0.1325	0.6491	0	0	4	1.0263	0.4561	0	0	3	0.8675	7.7193	2	0	80	15.7228	0.4561	0	0	8	1.2403	0.4035	0	0	4	0.8422	0.0702	0	0	1	0.2577	1.3684	1	0	8	1.809	0.0877	0	0	2	0.3423	0.1228	0	0	2	0.3813	0.1228	0	0	1	0.3311	0.1228	0	0	2	0.3813	0.614	0	0	6	1.1141	0.0877	0	0	1	0.2854	0.1579	0	0	2	0.4136	0.0351	0	0	1	0.1856	2.7018	2	0	10	2.7514	0.3158	0	0	2	0.5719	0.3158	0	0	5	0.8485	0.3158	0	0	3	0.5719	0.1579	0	0	2	0.4547	0.5614	0	0	4	0.9823	0.4035	0	0	6	0.9036	0.1404	0	0	3	0.4795	2.0351	1	0	14	2.6388	1.4035	1	0	12	2.2667	0.4912	0	0	3	0.7349	0	0	0	0	0	0.3333	0	0	2	0.6075	0.3158	0	0	4	0.7596	3.0526	2	0	11	2.438	0.7193	0	0	5	1.0816	0.2105	0	0	3	0.5897	8.2632	6	0	35	7.8593	0.8421	1	0	4	1.0486	0.0877	0	0	2	0.3423	0.0702	0	0	1	0.2577	0.1053	0	0	1	0.3096	277.5789	254	20	709	154.7249	509.4035	496	29	1173	278.7524	5.4386	5	0	17	3.7082	8.5088	7	0	31	5.8892	2.1754	2	0	9	2.1308	0.5088	0	0	4	0.8045	0.5088	0	0	3	0.7588
JHH368ROI007_ROI_007.ome.tif	e71c2958-9046-4131-b2bf-4b108fdacb09	Detection		HLA-DR: Other	Annotation	Polygon	70.62	5.043	0.6009	44.1734	24.6719	0.9119	1	9.0967	6.6676	4518.5454	4483.5	3918	5016	253.485	0.25	0	0	2	0.4882	0.4318	0	0	2	0.6611	4.8636	3	0	45	7.9551	0.4318	0	0	4	0.8996	1.8409	2	0	6	1.5088	26.2727	25	13	40	6.1959	41.4091	42	25	54	6.7041	0.1818	0	0	1	0.3902	0.1591	0	0	1	0.37	2.2045	2	0	8	2.1413	0.2273	0	0	2	0.4756	10.5455	6.5	0	55	12.5243	0.2727	0	0	2	0.544	0.6364	0	0	6	1.2592	0.25	0	0	2	0.4882	0.7727	0	0	7	1.6263	0.1591	0	0	1	0.37	0	0	0	0	0	0.1818	0	0	2	0.4458	0.0909	0	0	1	0.2908	0.7273	0	0	4	1.0645	0.0909	0	0	2	0.362	0.0682	0	0	1	0.255	0	0	0	0	0	0.3636	0	0	4	0.8096	0.25	0	0	2	0.5337	0.6364	0	0	6	1.3484	0.2045	0	0	2	0.5532	0.0909	0	0	1	0.2908	0.2955	0	0	4	0.7649	0.4773	0	0	4	0.9019	0.3864	0	0	6	1.0613	0.8409	0.5	0	4	1.0771	0.3864	0	0	3	0.6547	0.1364	0	0	2	0.4087	0.0455	0	0	1	0.2107	0.3636	0	0	2	0.6135	0.3182	0	0	5	0.9092	1.7727	2	0	6	1.5381	0.3864	0	0	3	0.6547	0.5	0	0	4	0.9765	29.3864	26.5	1	94	23.2351	0.25	0	0	2	0.5337	0.3409	0	0	2	0.645	0.0909	0	0	1	0.2908	0.0455	0	0	2	0.3015	221.7955	183	29	493	141.0581	401.7273	319.5	41	978	266.4368	4.9773	4	0	14	3.5731	3.5682	2	0	16	3.6113	1.5	1	0	4	1.285	0.3409	0	0	3	0.6801	0.6136	0	0	4	0.8413
JHH368ROI007_ROI_007.ome.tif	c9fae384-e6a8-41ac-91e1-9cd3c8600a42	Detection		Other: tumor_epithelial	Annotation	Polygon	74.41	29.87	0.5982	41.98	24.4071	0.8856	1	8.6378	6.1575	4508.8569	4513	3909	5071	267.5475	0.2143	0	0	2	0.5196	0.5476	0	0	3	0.889	3.9286	4	0	12	3.4528	0.2619	0	0	3	0.7005	2.2857	2	0	6	1.597	24.3571	24.5	13	41	5.9174	38.8571	40.5	24	53	7.8136	0.2143	0	0	1	0.4153	0.0238	0	0	1	0.1543	4.619	3	0	35	6.6989	0.2381	0	0	2	0.5763	9.9762	6	1	42	10.0012	0.381	0	0	2	0.6968	0.3333	0	0	6	1.0041	0.0714	0	0	1	0.2607	0.0238	0	0	1	0.1543	0.0714	0	0	1	0.2607	0.0238	0	0	1	0.1543	0.0952	0	0	1	0.2971	0.119	0	0	1	0.3278	0.5	0	0	3	0.804	0.0952	0	0	1	0.2971	0.1905	0	0	7	1.0874	0	0	0	0	0	0.2381	0	0	2	0.5323	0.2143	0	0	2	0.4704	0.1429	0	0	2	0.4174	0.1429	0	0	2	0.4174	0.2381	0	0	1	0.4311	0.5714	0	0	7	1.4167	0.3333	0	0	2	0.6115	0.4524	0	0	4	0.9678	3.2381	3	0	14	3.0106	0.5714	0	0	4	0.9145	2.5476	0	0	34	7.2422	0.0238	0	0	1	0.1543	0.3095	0	0	2	0.6044	0.5	0	0	5	0.9939	1.4524	1	0	7	1.7419	0.3333	0	0	2	0.5258	0.1667	0	0	3	0.5809	1.5476	1	0	7	1.5958	0.2857	0	0	2	0.5078	0.0476	0	0	1	0.2155	0.0476	0	0	1	0.2155	0.0238	0	0	1	0.1543	185.5476	178	60	351	87.5452	338.0714	342	112	653	157.1608	4.1667	3.5	0	15	3.3417	4.5714	3	0	16	3.877	1.881	1.5	0	7	1.7137	0.3333	0	0	2	0.5703	0.8095	0	0	5	1.1737
JHH368ROI007_ROI_007.ome.tif	fb12e2c9-9702-4fd6-8e52-805aba4fdb7f	Detection		Other	Annotation	Polygon	41.24	85.4	0.591	27.4103	19.5774	0.8987	1	6.8137	5.2648	4437.0371	4415	3699	4964	283.2123	0.3704	0	0	2	0.5649	0.4444	0	0	3	0.7511	2	2	0	6	1.4676	0.4815	0	0	5	1.0141	2.037	2	0	5	1.5807	25.8889	25	16	38	5.6998	39.2963	37	18	57	9.5829	0.2222	0	0	4	0.8006	0.1852	0	0	1	0.3958	0.5926	0	0	3	0.9306	0.2222	0	0	1	0.4237	6.2593	6	0	14	4.408	0.0741	0	0	1	0.2669	0.3704	0	0	2	0.5649	0.0741	0	0	1	0.2669	0.037	0	0	1	0.1925	0.963	0	0	22	4.2741	0.1852	0	0	2	0.4833	0.2593	0	0	3	0.6559	0	0	0	0	0	0.1111	0	0	1	0.3203	0.037	0	0	1	0.1925	0.1111	0	0	2	0.4237	0	0	0	0	0	0.7037	0	0	3	0.9121	0.0741	0	0	1	0.2669	0.4444	0	0	3	0.8473	0.0741	0	0	1	0.2669	0.1481	0	0	1	0.362	0.2963	0	0	2	0.5417	0.2963	0	0	1	0.4653	0.037	0	0	1	0.1925	2.7407	1	0	13	3.839	0.2963	0	0	2	0.5417	0.2222	0	0	2	0.5064	0.037	0	0	1	0.1925	0.2593	0	0	4	0.813	0.2222	0	0	2	0.5774	1.7778	2	0	6	1.8046	0.1852	0	0	1	0.3958	0	0	0	0	0	1.3704	1	0	7	1.8636	0.6296	1	0	3	0.7415	0.2222	0	0	1	0.4237	0.0741	0	0	1	0.2669	0.037	0	0	1	0.1925	336.2592	339	22	769	237.5915	604.3333	633	51	1261	422.4962	3.963	3	0	10	2.8887	2.9259	2	0	8	2.2175	1.4074	1	0	4	1.2484	0.1481	0	0	1	0.362	1.0741	0	0	7	1.708
JHH368ROI007_ROI_007.ome.tif	ce59b843-f4f8-420a-812e-c2f98c0f5208	Detection		HLA-DR: tumor_epithelial	Annotation	Polygon	71.15	34.84	0.591	38.0393	23.8556	0.84	1	9.2109	6.1807	4546.9443	4519.5	4069	5176	267.6397	1.2778	1	0	4	1.2786	0.6389	0	0	4	1.0462	2.9444	2	0	15	2.9563	0.4722	0	0	3	0.6964	3	2	0	15	3.5132	26.4722	25.5	19	36	5.3478	40.5833	39.5	26	70	9.8977	0.1944	0	0	2	0.4672	0.1111	0	0	1	0.3187	1	1	0	5	1.0954	0.4722	0	0	3	0.7362	7.1389	5	0	24	6.2297	0.8611	0.5	0	7	1.397	0.6389	0	0	5	1.0462	0	0	0	0	0	2.0556	0	0	26	5.5905	0.1111	0	0	1	0.3187	0.0833	0	0	1	0.2803	0.0556	0	0	1	0.2323	0.1111	0	0	1	0.3187	0.25	0	0	2	0.5542	0.6944	0	0	4	0.9804	0.0278	0	0	1	0.1667	0	0	0	0	0	0.5556	0	0	5	1.0266	0.2778	0	0	2	0.6146	0.2222	0	0	3	0.6375	0.1667	0	0	1	0.378	0.2222	0	0	2	0.5404	8.7778	7.5	0	26	6.8499	0.5	0	0	3	0.7746	0.2222	0	0	1	0.4216	0.3611	0	0	2	0.5426	8.1944	6	0	24	6.3102	6.25	1	0	39	10.5407	0.1389	0	0	2	0.4245	0.2222	0	0	2	0.4847	2.0833	1.5	0	8	1.9621	2	1.5	0	10	2.0976	0.3889	0	0	3	0.7664	0.25	0	0	2	0.5	3.8333	1	0	42	7.6737	0.1111	0	0	1	0.3187	0.1389	0	0	1	0.3507	0.2778	0	0	3	0.6595	0.1944	0	0	2	0.4672	438.7222	398.5	81	1085	243.3842	787.5	677	128	1835	441.9779	3.75	3.5	1	9	1.73	8.1389	7	0	31	6.1883	1.9722	1	0	9	2.0769	0.1944	0	0	2	0.5248	0.6389	0	0	3	0.8993
JHH368ROI007_ROI_007.ome.tif	e545bf74-4ddd-4980-b2e8-1a3f4b2d4dec	Detection		HLA-DR: Other	Annotation	Polygon	33.83	64.82	0.5813	26.7631	19.8097	0.857	1	7.5898	4.7589	4494	4602	3977	5082	290.3139	0.44	0	0	3	0.7681	0.36	0	0	2	0.5686	3.08	2	0	11	2.6758	0.32	0	0	2	0.5568	3.24	3	0	8	2.2964	27.72	27	15	40	6.052	39.12	38	26	60	7.9912	0.08	0	0	1	0.2769	0.12	0	0	1	0.3317	16.68	14	6	37	7.5758	0.56	0	0	2	0.7118	33.08	22	3	189	37.8637	0.76	0	0	4	1.052	0.92	1	0	4	1.1874	0.16	0	0	1	0.3742	0.84	0	0	5	1.2806	0.96	0	0	4	1.3988	0.16	0	0	1	0.3742	0.64	0	0	3	0.8103	0.04	0	0	1	0.2	0.92	1	0	3	1.0376	0.36	0	0	3	0.7572	0.08	0	0	1	0.2769	0.04	0	0	1	0.2	2.24	1	0	13	2.9337	0.8	1	0	4	1	1.08	1	0	6	1.382	0.4	0	0	4	0.9129	0.32	0	0	2	0.5568	0.68	0	0	5	1.1446	0.96	1	0	4	1.1358	0.44	0	0	3	0.7681	1.76	1	0	9	2.3502	0.76	0	0	5	1.3626	0.48	0	0	4	0.9183	0.08	0	0	1	0.2769	0.24	0	0	2	0.5228	0.48	0	0	2	0.7141	3.32	2	0	12	3.01	0.76	0	0	4	1.052	0.36	0	0	2	0.7	33.44	33	2	71	17.0075	2.72	3	0	8	1.8376	1.36	1	0	6	1.823	0.12	0	0	1	0.3317	0.08	0	0	1	0.2769	287.96	251	79	629	144.3299	513.28	415	156	1309	268.5981	7.72	7	0	16	4.2379	12.32	12	4	30	5.5281	4.56	4	1	11	2.755	0.72	0	0	7	1.4866	0.76	0	0	4	1.1648
JHH368ROI007_ROI_007.ome.tif	1c2f10d4-820f-44ce-8b8b-214e4b455f8c	Detection		Other: tumor_mesenchymal	Annotation	Polygon	25.36	57.01	0.581	34.3362	22.7783	0.8316	1	8.9622	5.1553	4500.25	4474	4131	4967	211.5015	0.0625	0	0	1	0.2459	0.3438	0	0	2	0.653	2.5	2	0	8	2.1251	0.8125	0.5	0	4	1.0298	1.8438	1.5	0	6	1.5473	25.5312	25	12	38	6.7057	42.5938	43.5	30	59	7.5599	0.1562	0	0	1	0.3689	0	0	0	0	0	19.625	15	3	67	14.9445	0.4688	0	0	4	0.9153	29.2188	28	8	58	13.4757	0.9375	1	0	4	1.014	0.2812	0	0	3	0.6342	0.125	0	0	1	0.336	0.1562	0	0	1	0.3689	16.5312	12.5	0	58	16.1465	0.25	0	0	4	0.762	0.3125	0	0	2	0.6445	0.0938	0	0	1	0.2961	0.3125	0	0	2	0.5923	0.1562	0	0	2	0.4479	0.1875	0	0	2	0.4709	0.0312	0	0	1	0.1768	0.9375	0.5	0	6	1.4128	0.375	0	0	2	0.6599	1.1875	1	0	5	1.4466	0.0938	0	0	1	0.2961	0.0938	0	0	1	0.2961	0.3125	0	0	2	0.5351	0.9688	1	0	3	0.8975	0.6562	0	0	3	0.8273	4.3125	3	0	13	3.8306	0.6875	0	0	3	0.9651	0.3438	0	0	3	0.7874	0.2188	0	0	2	0.5527	0.375	0	0	2	0.7071	0.3438	0	0	2	0.653	3.2188	2.5	0	10	2.3655	0.8125	1	0	4	0.9651	0.0938	0	0	1	0.2961	1.0312	1	0	4	1.092	2.1875	1.5	0	7	2.1468	22.8125	17	0	68	19.868	0.1875	0	0	4	0.7378	0.0625	0	0	1	0.2459	256.5	243.5	50	556	156.8673	456.4688	453	83	944	271.3933	6.2188	5.5	2	14	3.0239	6	5	0	18	4.4214	6.0938	5	0	18	4.4385	0.5	0	0	3	0.8032	0.9688	1	0	6	1.2822
JHH368ROI007_ROI_007.ome.tif	9f9bc7b1-945a-44e4-b20d-24849645e40d	Detection		HLA-DR: CD8 T cell	Annotation	Polygon	15.15	71.97	0.5801	63.5523	33.9179	0.6942	0.9418	13.5544	7.3995	4470.1147	4459	3884	5117	223.8339	1.6557	1	0	10	1.8519	0.5738	0	0	3	0.7629	2.6066	2	0	11	2.3186	0.4262	0	0	3	0.7178	2.6066	2	0	9	2.1235	24.6885	25	12	43	6.8715	37.4426	37	24	64	8.0468	0.1639	0	0	2	0.4539	0.1148	0	0	1	0.3214	2.1475	1	0	16	2.4956	0.541	0	0	5	0.9412	13.9016	12	0	62	11.4814	2.377	2	0	9	2.3605	1.623	1	0	9	2.0669	0.1148	0	0	2	0.4122	1.459	0	0	11	2.2991	0.4918	0	0	14	1.9289	0.1311	0	0	1	0.3404	0.2131	0	0	3	0.5201	0.459	0	0	5	0.9587	0.5246	0	0	4	0.8681	0.6557	0	0	8	1.5263	0.2295	0	0	6	0.8445	0.0656	0	0	2	0.3092	6.6393	5	0	26	6.4058	0.4754	0	0	6	1.0264	0.5738	0	0	6	1.1756	0.3607	0	0	6	0.9315	0.2951	0	0	3	0.5872	8.0328	1	0	67	12.7161	0.6393	0	0	4	1.0005	0.4426	0	0	5	0.8665	0.9508	1	0	6	1.2031	1.2131	1	0	11	1.7618	1	0	0	9	1.9494	0.1311	0	0	1	0.3404	0.377	0	0	3	0.6871	6.7541	5	0	26	6.1824	3.1311	2	0	11	2.6986	0.6066	0	0	3	0.8996	0.1967	0	0	3	0.5422	13.7049	8	0	71	15.1991	0.6557	0	0	4	0.9289	0.1967	0	0	2	0.4768	0.4262	0	0	4	0.8843	0.2459	0	0	2	0.5371	591.9836	543	63	1235	303.7697	1071.3279	995	73	2203	540.9593	7.1639	6	1	19	4.2902	12.8361	12	2	39	8.017	4.082	3	0	17	3.2777	0.459	0	0	4	0.848	0.918	0	0	8	1.5307
JHH368ROI007_ROI_007.ome.tif	e0ab3137-b52b-464f-a33d-a1b4d3d4d044	Detection		HLA-DR: Other	Annotation	Polygon	32.27	10.51	0.5688	43.1486	24.6528	0.8922	1	9.1415	6.8864	4573.4761	4557.5	3925	5077	268.9984	0.3095	0	0	2	0.5626	0.2619	0	0	1	0.445	4.381	4.5	0	14	2.7582	0.5714	0	0	3	0.7696	4.2143	2	0	28	5.6332	24.2143	25	11	36	6.1823	42.1667	41	29	63	8.5765	0.0238	0	0	1	0.1543	0.2143	0	0	5	0.8126	6.1429	6	0	15	3.9421	0.2619	0	0	2	0.4968	8.7619	7.5	1	32	7.1322	0.2619	0	0	3	0.627	0.381	0	0	2	0.6228	0.0714	0	0	1	0.2607	0.1667	0	0	3	0.5372	0.2619	0	0	2	0.4968	0.1429	0	0	2	0.4722	0.1429	0	0	1	0.3542	0.0714	0	0	1	0.2607	0.6905	0	0	4	1.0238	0.0476	0	0	1	0.2155	0.119	0	0	2	0.3952	0	0	0	0	0	0.8095	0.5	0	6	1.1313	0.2857	0	0	3	0.6358	0.1429	0	0	3	0.5213	0.1667	0	0	3	0.5372	0.0714	0	0	1	0.2607	0.1429	0	0	2	0.4174	0.6429	0	0	4	1.0551	0.2381	0	0	4	0.7262	2.6667	2	0	9	2.3651	0.5714	0	0	5	0.9408	0.1905	0	0	3	0.5942	0.0952	0	0	1	0.2971	0.2619	0	0	4	0.7345	0.0952	0	0	2	0.3702	1.5714	1	0	6	1.5003	0.4286	0	0	2	0.5903	0.1667	0	0	3	0.5372	5.1905	3	0	32	6.5565	0.4762	0	0	3	0.7726	0.119	0	0	3	0.5038	0.0476	0	0	1	0.2155	0.0476	0	0	1	0.2155	116.619	116.5	11	300	70.762	212.5714	213	25	500	129.3854	4.3571	3.5	0	17	3.925	3.4524	2	0	20	3.5832	1.7619	1	0	5	1.7223	0.2381	0	0	5	0.8208	0.5238	0	0	5	0.917
JHH368ROI007_ROI_007.ome.tif	ff915139-12e1-43fa-bc41-6b5964e981fb	Detection		Other	Annotation	Polygon	9.14	38.49	0.5662	37.5312	22.7031	0.915	1	7.7553	6.4535	4492.4595	4477	4071	5111	263.4632	0.1351	0	0	1	0.3466	0.3784	0	0	4	0.8284	4.5946	3	0	16	4.0101	0.5676	0	0	3	0.8673	1.973	2	0	6	1.4041	24.7027	25	15	35	4.7893	41.0811	41	26	55	7.4214	0.1081	0	0	1	0.3148	0.0541	0	0	1	0.2292	2.6486	2	0	8	1.961	0.5946	0	0	6	1.2124	10.1351	9	0	26	6.5412	0.4865	0	0	3	0.7682	0.3514	0	0	3	0.7156	0.027	0	0	1	0.1644	0.0811	0	0	1	0.2767	0.3243	0	0	4	0.7837	0.1081	0	0	3	0.5155	0.1622	0	0	2	0.5534	0.1351	0	0	2	0.4191	0.2703	0	0	3	0.6078	0.0811	0	0	2	0.3635	0.0811	0	0	1	0.2767	0.027	0	0	1	0.1644	0.4865	0	0	3	0.9013	0.1622	0	0	2	0.4418	0.2162	0	0	2	0.4793	0.0811	0	0	2	0.3635	0.1351	0	0	2	0.4191	0.0811	0	0	1	0.2767	0.5135	0	0	3	0.7682	0.1622	0	0	1	0.3737	1.3784	1	0	6	1.689	0.4324	0	0	5	1.0419	0.0541	0	0	1	0.2292	0	0	0	0	0	0.1351	0	0	2	0.4191	0.1892	0	0	4	0.7007	1.2432	1	0	6	1.5882	0.2432	0	0	3	0.6414	0.1081	0	0	1	0.3148	1.5946	0	0	15	3.1221	0.6216	0	0	3	0.7583	0.2703	0	0	3	0.6519	0.0811	0	0	1	0.2767	0.1622	0	0	2	0.4418	187.6487	133	20	602	135.4778	347.6216	278	41	1103	240.3062	3.5676	3	0	11	2.9206	3.3784	3	0	10	2.5533	2.027	1	0	7	1.7715	0.5676	0	0	5	1.1912	0.6486	0	0	4	0.9492
JHH368ROI007_ROI_007.ome.tif	e76397ad-116d-466a-93b0-6d473a5c25eb	Detection		Other	Annotation	Polygon	49.81	12	0.5609	32.5164	21.2784	0.9025	1	7.6	5.5974	4543.8438	4561.5	4140	5040	228.3669	0.1875	0	0	2	0.4709	0.4375	0	0	2	0.669	4.6875	3	0	20	4.5397	0.375	0	0	3	0.7071	2.4062	2	0	8	2.0769	27.5	27.5	14	43	7.3529	39.3438	39.5	23	55	7.7859	0.0312	0	0	1	0.1768	0.0312	0	0	1	0.1768	3.2812	2	0	17	4.4882	0.2188	0	0	2	0.5527	3.125	2.5	0	11	3.0241	0.0625	0	0	1	0.2459	0.1562	0	0	1	0.3689	0.125	0	0	1	0.336	0.0312	0	0	1	0.1768	0.0625	0	0	1	0.2459	0.0312	0	0	1	0.1768	0.0312	0	0	1	0.1768	0	0	0	0	0	0.0938	0	0	1	0.2961	0.1875	0	0	2	0.5351	0.0625	0	0	1	0.2459	0	0	0	0	0	0.2188	0	0	1	0.42	0.1562	0	0	1	0.3689	0.3125	0	0	4	0.8958	0.125	0	0	3	0.5536	0.0312	0	0	1	0.1768	0.0625	0	0	1	0.2459	0.5625	0	0	3	0.7594	0.125	0	0	1	0.336	2.3125	1	0	12	3.042	0.125	0	0	2	0.4212	0.1875	0	0	2	0.4709	0.0312	0	0	1	0.1768	0.0938	0	0	1	0.2961	0.0625	0	0	1	0.2459	1.2188	1	0	4	1.1842	0.375	0	0	4	0.9419	0.0312	0	0	1	0.1768	1.9062	1.5	0	6	1.6335	1.125	0.5	0	5	1.4756	0.0312	0	0	1	0.1768	0.0312	0	0	1	0.1768	0.0312	0	0	1	0.1768	144.5312	140	11	276	73.4561	261.2188	245.5	42	509	132.2946	2.2812	2	0	8	1.9713	3.125	2	0	10	2.7209	1.625	1	0	5	1.5811	0.1875	0	0	1	0.3966	0.3438	0	0	2	0.6016
JHH368ROI007_ROI_007.ome.tif	64ccecef-3cac-451a-a0a4-9d8fd55f37f4	Detection		Other	Annotation	Polygon	83.01	65.37	0.5515	33.1983	21.9036	0.8696	1	8.4863	5.6028	4430.0884	4420.5	3822	5121	287.9319	0.7941	1	0	4	0.9464	0.5882	0	0	2	0.7014	2.7353	2	0	12	2.3524	0.3529	0	0	2	0.5971	2.0294	2	0	6	1.3139	24.0882	23	15	35	5.2591	37	37	24	54	7.1181	0.0588	0	0	1	0.2388	0.0588	0	0	1	0.2388	1.3529	1	0	6	1.6308	0.3235	0	0	2	0.5888	4.0882	2.5	0	18	4.2381	0.2941	0	0	4	0.76	1.0588	1	0	5	1.3471	0.0294	0	0	1	0.1715	0.0882	0	0	1	0.2879	0.0882	0	0	1	0.2879	0.0294	0	0	1	0.1715	0.0882	0	0	1	0.2879	0.1765	0	0	3	0.6262	0.6471	0	0	5	1.125	3.1471	2.5	0	10	2.935	0	0	0	0	0	0.0294	0	0	1	0.1715	0.2059	0	0	2	0.4786	0.0588	0	0	1	0.2388	0.0588	0	0	1	0.2388	0.0882	0	0	1	0.2879	0.0882	0	0	1	0.2879	0.3529	0	0	4	0.8121	0.2353	0	0	3	0.6541	0.1176	0	0	1	0.327	0.4118	0	0	3	0.7831	0.3824	0	0	4	0.817	0.1176	0	0	1	0.327	0	0	0	0	0	0.0588	0	0	1	0.2388	0.2647	0	0	2	0.6183	1.8824	1	0	7	1.9658	0.3529	0	0	3	0.7337	0.0294	0	0	1	0.1715	1	0.5	0	6	1.3926	0.3235	0	0	2	0.5349	0.1471	0	0	2	0.4357	0.0882	0	0	2	0.3788	0.0882	0	0	2	0.3788	535.5588	505	9	1097	307.3089	969.9412	878.5	33	1940	555.8371	4.0294	4	0	11	2.8866	5.3235	4.5	1	21	4.1394	2.3529	2	0	10	2.2003	0.3824	0	0	2	0.652	0.5294	0	0	7	1.2848
JHH368ROI007_ROI_007.ome.tif	63ed0cc5-6c9f-4050-a5b8-2d310c83e4e1	Detection		HLA-DR: CAF	Annotation	Polygon	70.56	67.41	0.55	44.2048	26.7161	0.7783	1	11.0121	5.6603	4496.2681	4449	4031	5223	300.6297	1.6585	1	0	7	1.6524	0.7073	1	0	3	0.8138	2.8049	2	0	10	2.6946	0.3902	0	0	3	0.7375	3.4634	3	0	9	2.6842	27.7805	27	16	40	6.0271	40.0976	41	20	58	8.372	0.2439	0	0	2	0.5823	0.0976	0	0	1	0.3004	2.5366	2	0	9	2.6086	0.4634	0	0	3	0.7449	8.1951	7	0	26	6.1409	0.4146	0	0	2	0.6315	0.5122	0	0	2	0.7457	0.0244	0	0	1	0.1562	0.2195	0	0	2	0.525	0.122	0	0	2	0.3997	0.122	0	0	2	0.3997	0.2439	0	0	3	0.6237	0.0488	0	0	1	0.2181	0.3902	0	0	3	0.6276	1.439	1	0	7	1.7183	0.1463	0	0	3	0.5728	0	0	0	0	0	0.561	0	0	2	0.7762	0.3415	0	0	3	0.7283	0.3902	0	0	4	0.7707	0.1463	0	0	1	0.3578	0.122	0	0	2	0.3997	0.2439	0	0	3	0.5823	0.2927	0	0	2	0.5587	0.0732	0	0	1	0.2637	2.3415	1	0	11	2.5943	34.2439	31	3	77	17.349	0.6829	0	0	5	0.9859	0.3659	0	0	2	0.6617	0.3171	0	0	2	0.5674	0.878	0	0	7	1.5198	2.122	2	0	8	1.7204	0.3659	0	0	5	0.9422	0.2439	0	0	2	0.5823	6.8537	3	0	27	6.9913	0.7561	0	0	4	1.0904	0.2439	0	0	3	0.6626	0.0732	0	0	2	0.3457	0.0976	0	0	2	0.3745	525.7805	540	69	1130	230.543	942.9025	939	100	1905	414.7731	4.5854	4	0	13	3.3089	6.561	6	1	19	4.2074	2.6585	2	0	8	1.9825	0.439	0	0	3	0.7088	0.7317	0	0	5	1.1186
JHH368ROI007_ROI_007.ome.tif	19d95a06-7a1b-4d68-89c8-a9f2051da8f0	Detection		Other	Annotation	Polygon	52.68	4.31	0.5496	45.9487	26.4207	0.8272	1	9.9754	5.9346	4571.2729	4564.5	4134	5107	222.6557	0.1591	0	0	2	0.4283	0.6136	0	0	6	1.1251	3.0455	2	0	8	2.3522	0.5227	0	0	3	0.7621	2.5227	2	0	7	1.6773	27	27	15	45	6.1983	40.7727	41	26	64	8.4354	0.0455	0	0	1	0.2107	0.2045	0	0	3	0.5532	4	2.5	0	17	4.2917	0.25	0	0	3	0.7193	6.3182	4	0	25	6.7195	0.2045	0	0	1	0.408	0.2955	0	0	3	0.6675	0.1364	0	0	1	0.3471	0.0455	0	0	1	0.2107	0.7727	0	0	30	4.518	0.0909	0	0	1	0.2908	0.1591	0	0	1	0.37	0.0682	0	0	1	0.255	0.2045	0	0	1	0.408	0.0455	0	0	1	0.2107	0.0455	0	0	1	0.2107	0.0682	0	0	1	0.255	0.4318	0	0	3	0.8183	0.1591	0	0	1	0.37	0.1364	0	0	2	0.4087	0.1818	0	0	4	0.6567	0.0455	0	0	1	0.2107	0.2273	0	0	2	0.4756	0.4545	0	0	5	0.9265	0.1591	0	0	3	0.5683	2.6591	2	0	16	3.0648	0.2727	0	0	2	0.4995	0.2273	0	0	3	0.6048	0.0227	0	0	1	0.1508	0.0909	0	0	2	0.362	0.2273	0	0	2	0.5222	1.3864	1	0	9	1.6026	0.2045	0	0	2	0.4615	0	0	0	0	0	2.3409	2	0	11	2.4394	0.8182	0	0	4	1.1263	0.1364	0	0	2	0.4621	0.1818	0	0	2	0.4458	0.1136	0	0	2	0.3868	338.3864	331	54	721	184.5698	598.4091	630.5	95	1297	331.1402	3.9318	4	0	9	2.3957	3.0227	3	0	8	2.1726	1.6136	1	0	4	1.1855	0.4318	0	0	2	0.5866	0.4318	0	0	2	0.5455
JHH368ROI007_ROI_007.ome.tif	0e5787be-492b-4de5-ac17-b7d5c2195881	Detection		Other: tumor_mesenchymal	Annotation	Polygon	32.84	37.08	0.5486	44.8295	25.2614	0.8828	1	9.6081	6.3297	4529.5581	4553	4164	4907	180.6995	0.1628	0	0	1	0.3735	0.4884	0	0	2	0.5925	1.1395	1	0	6	1.3554	3.907	3	0	21	3.8098	2.907	2	0	10	2.5987	26.3721	25	12	42	6.7754	39.6744	39	21	58	8.8821	0.0698	0	0	1	0.2578	0.093	0	0	1	0.2939	3	1	0	39	7.0136	0.3488	0	0	3	0.7199	1.3256	1	0	10	2.19	0.3023	0	0	2	0.5578	0.4186	0	0	2	0.6631	0.4884	0	0	3	0.8556	0.3488	0	0	3	0.7523	57.6977	58	8	125	28.0608	0.4884	0	0	3	0.798	0.4884	0	0	3	0.7359	0.2558	0	0	3	0.5812	0.7209	0	0	3	0.9838	0.6047	0	0	7	1.1576	0.2326	0	0	3	0.6109	0.0233	0	0	1	0.1525	1.4651	1	0	5	1.5484	1.7907	2	0	9	1.7533	0.0233	0	0	1	0.1525	0.5581	0	0	3	0.7336	0.2791	0	0	2	0.5488	0.814	0	0	5	1.16	0.5814	0	0	3	0.9059	2.0465	1	0	10	2.4197	8.8372	8	0	32	6.9759	1.0233	1	0	4	1.1017	0.5581	0	0	3	0.7959	0.2093	0	0	4	0.6746	0.4884	0	0	3	0.798	0.7442	1	0	4	0.8754	8.3256	8	2	18	3.4346	1.1395	1	0	5	1.4733	0.5349	0	0	4	0.7668	1.9302	1	0	14	2.7808	0.7442	0	0	5	1.1566	182.8837	186	24	438	107.8043	0	0	0	0	0	0.093	0	0	2	0.3661	123.3488	112	26	336	71.3225	227.3256	189	60	714	132.9704	10.5116	11	2	32	5.65	12.2558	11	3	36	7.4836	15.0698	16	4	34	6.674	0.4651	0	0	4	0.8549	0.814	0	0	5	1.22
JHH368ROI007_ROI_007.ome.tif	2ad89ddd-ec24-4a62-ad56-d049648afb36	Detection		Other	Annotation	Polygon	77.99	42.5	0.5456	22.0557	17.9845	0.8569	1	6.45	4.5345	4534.8569	4526	3977	4938	226.6127	0.2857	0	0	5	1.1019	0.5238	0	0	2	0.6016	3.1429	2	0	10	3.2754	0.0952	0	0	2	0.4364	2.3333	3	0	7	1.6833	27.6667	28	19	45	5.808	42.381	41	28	58	8.9189	0.2857	0	0	4	0.9024	0	0	0	0	0	3.0952	3	0	8	2.1658	0.0952	0	0	1	0.3008	4.2381	3	0	18	4.8878	0.2381	0	0	1	0.4364	0.2381	0	0	2	0.539	0	0	0	0	0	0.4286	0	0	2	0.7464	0.1429	0	0	2	0.4781	0.1429	0	0	1	0.3586	0.2381	0	0	1	0.4364	0.0952	0	0	2	0.4364	1.3333	0	0	7	1.8257	0	0	0	0	0	0	0	0	0	0	0	0	0	0	0	0.5714	0	0	2	0.6761	0.3333	0	0	3	0.7958	0.0476	0	0	1	0.2182	0.0476	0	0	1	0.2182	0.1905	0	0	2	0.5118	0.1429	0	0	1	0.3586	0.2381	0	0	4	0.8891	0.2857	0	0	2	0.5606	0.5714	0	0	4	0.9258	0.1905	0	0	1	0.4024	0.2381	0	0	2	0.539	0.0476	0	0	1	0.2182	0.1429	0	0	1	0.3586	0.1429	0	0	1	0.3586	1.0476	1	0	4	1.0235	0.2381	0	0	2	0.539	0	0	0	0	0	1.5238	1	0	6	1.8335	0.4286	0	0	4	0.9258	0	0	0	0	0	0.0476	0	0	1	0.2182	0	0	0	0	0	223.4762	203	41	537	159.4028	398.5714	328	76	860	275.5915	2.3333	2	1	6	1.4944	4.1905	3	0	9	2.4823	1.5238	1	0	5	1.4007	0.8571	0	0	8	1.7968	0.5714	0	0	2	0.8106
JHH368ROI007_ROI_007.ome.tif	46155de2-6d17-4cec-be71-cda7c01ee749	Detection		HLA-DR: CAF	Annotation	Polygon	51.28	52.39	0.5381	27.1314	19.8696	0.8636	1	7.6118	5.417	4567.731	4534	3971	5291	291.9305	0.4615	0	0	6	1.2077	0.4615	0	0	4	0.9892	4.7692	4	0	15	3.9528	0.5	0	0	4	0.9055	3.4231	3	0	9	2.1387	26.3846	27	12	41	6.6156	39.8846	39.5	31	56	6.402	0.1538	0	0	1	0.3679	0.1538	0	0	2	0.4641	17.4615	7	0	81	19.9143	0.6154	0	0	2	0.8038	19.2308	9	2	60	18.2807	0.5385	0	0	3	0.706	0.8077	0	0	3	1.059	0.0769	0	0	1	0.2717	0.8077	0	0	4	1.2655	0.4231	0	0	4	0.9454	0.0385	0	0	1	0.1961	0.2308	0	0	2	0.5144	0.2692	0	0	2	0.6038	0.7692	0	0	6	1.3945	0.1154	0	0	1	0.3258	0.0385	0	0	1	0.1961	0	0	0	0	0	1.1154	0	0	7	1.8831	0.1923	0	0	1	0.4019	0.8077	0	0	5	1.2655	0.3077	0	0	3	0.7359	0.1154	0	0	2	0.4315	0.3462	0	0	2	0.6288	0.4231	0	0	2	0.5778	0.2692	0	0	3	0.6668	1.1538	1	0	4	1.2551	0.3077	0	0	2	0.5491	0.1154	0	0	1	0.3258	0	0	0	0	0	0.4231	0	0	4	0.9454	0.1923	0	0	1	0.4019	1.8462	2	0	8	1.782	0.6154	0	0	3	0.9414	0.1154	0	0	2	0.4315	24.9615	7.5	0	80	27.5151	2.0385	1	0	10	2.5531	1.6538	0	0	12	2.9657	0	0	0	0	0	0.0385	0	0	1	0.1961	208.8077	153	25	622	179.6733	377.1538	293.5	36	1031	318.3025	5.8462	3	0	16	5.2588	8.5	7.5	0	26	6.7305	3.5385	2.5	0	11	3.0755	0.3846	0	0	4	0.8979	0.5769	0	0	4	1.0648
JHH368ROI007_ROI_007.ome.tif	578acbab-d60a-44cd-ad28-6ed3db5173fb	Detection		HLA-DR: Other	Annotation	Polygon	66.43	78.37	0.5366	42.6849	25.0603	0.8541	1	9.9665	6.1329	4488.5713	4492.5	3902	5402	264.2291	0.1905	0	0	2	0.4547	0.3095	0	0	4	0.7486	1.619	1	0	10	1.8604	0.1667	0	0	4	0.6955	1.8571	2	0	6	1.6612	27.2619	27	12	43	6.2355	39.5952	40	22	60	7.0609	0.119	0	0	1	0.3278	0.1905	0	0	2	0.4547	1.2619	1	0	6	1.5311	0.1667	0	0	1	0.3772	5.0238	3	0	29	5.3624	0.2619	0	0	4	0.7982	0.2381	0	0	1	0.4311	0.0238	0	0	1	0.1543	1.5952	0	0	16	3.7093	0.1905	0	0	3	0.5942	0.0238	0	0	1	0.1543	0.2619	0	0	9	1.3979	0.0476	0	0	1	0.2155	0.2381	0	0	2	0.4844	0.0238	0	0	1	0.1543	0.0238	0	0	1	0.1543	0.0238	0	0	1	0.1543	1.0714	0.5	0	5	1.421	0.1905	0	0	1	0.3974	0.1905	0	0	2	0.4547	0.1429	0	0	2	0.4174	0.1905	0	0	3	0.5516	0.0952	0	0	1	0.2971	0.3095	0	0	2	0.5174	0.0714	0	0	1	0.2607	2.4524	1	0	10	2.6058	0.381	0	0	3	0.6608	0.1429	0	0	2	0.4174	0.0476	0	0	1	0.2155	0.2857	0	0	8	1.255	0.4762	0	0	3	0.7404	1.381	1	0	6	1.3784	0.119	0	0	1	0.3278	0.0714	0	0	2	0.3417	2.9286	1	0	25	5.7906	0.6667	0	0	5	0.9542	0.2143	0	0	5	0.8126	0.1429	0	0	2	0.4174	0.2143	0	0	3	0.6453	248.6429	240.5	15	575	146.2485	438.0952	443	20	949	259.9841	2.9524	2	0	11	2.2734	4.4762	3	0	18	4.0978	1.4286	1	0	4	1.364	0.3095	0	0	2	0.6044	0.6905	0	0	3	0.8968
JHH368ROI007_ROI_007.ome.tif	827956db-c309-47f8-9082-ea7df39fb3cc	Detection		Other	Annotation	Polygon	1.459	55.93	0.5332	31.2814	21.4928	0.851	1	7.816	5.4946	4541.7085	4573.5	4065	4998	215.356	0.1667	0	0	1	0.3807	0.5833	0.5	0	2	0.6539	1.7917	1	0	5	1.503	0.1667	0	0	2	0.4815	3.7083	2.5	0	14	3.5075	27.125	27	15	41	6.2784	39.875	41.5	22	50	7.0484	0.125	0	0	1	0.3378	0.1667	0	0	2	0.4815	7	5.5	0	27	6.5872	0.5833	0	0	6	1.3486	6.125	5	0	23	5.8034	0.2083	0	0	2	0.5882	0.0417	0	0	1	0.2041	0.0833	0	0	1	0.2823	0.0417	0	0	1	0.2041	0.0833	0	0	1	0.2823	0.0417	0	0	1	0.2041	0.1667	0	0	1	0.3807	0	0	0	0	0	0.0417	0	0	1	0.2041	0.0417	0	0	1	0.2041	0.0417	0	0	1	0.2041	0	0	0	0	0	0.375	0	0	2	0.5758	0.2917	0	0	2	0.6241	0.0417	0	0	1	0.2041	0.0417	0	0	1	0.2041	0.2083	0	0	2	0.509	0.2083	0	0	2	0.509	0.6667	0	0	3	1.0072	0.125	0	0	1	0.3378	1.375	1	0	5	1.439	0.125	0	0	1	0.3378	0.125	0	0	2	0.4484	0.0417	0	0	1	0.2041	0.0417	0	0	1	0.2041	0.25	0	0	2	0.5316	1.25	1	0	4	1.1132	0.4167	0	0	3	0.7755	0	0	0	0	0	0.5833	0	0	3	0.8805	0.875	0	0	5	1.2959	0.25	0	0	2	0.5316	0	0	0	0	0	0.0417	0	0	1	0.2041	107.9583	114.5	13	208	56.9992	206.2083	220.5	30	432	107.6912	3.5417	2.5	0	11	3.0214	5.0833	4.5	0	14	3.9663	2.6667	2.5	0	9	2.2198	0.7917	0	0	5	1.3825	0.75	0	0	3	1.1132
JHH368ROI007_ROI_007.ome.tif	c45489ca-f97c-45d4-9b37-c1ed98d88ad7	Detection		Other	Annotation	Polygon	92.98	89.85	0.5321	25.4375	19.323	0.8561	1	7.0762	5.1981	4475.0742	4457	4062	4955	215.1398	0.4815	0	0	2	0.5798	0.3704	0	0	2	0.6293	2.3333	2	0	8	1.8397	0.5556	1	0	2	0.5774	3.2593	2	0	12	3.5582	26.5926	26	17	42	6.4585	43.963	44	30	60	8.0455	0.1481	0	0	1	0.362	0.1111	0	0	1	0.3203	1.6667	1	0	12	2.7456	0.2963	0	0	3	0.6688	5.8889	6	0	14	4.1633	0.2222	0	0	2	0.5064	1.1481	1	0	4	1.1335	0.037	0	0	1	0.1925	0.1481	0	0	1	0.362	0.037	0	0	1	0.1925	0.0741	0	0	1	0.2669	0.0741	0	0	1	0.2669	0.1852	0	0	2	0.4833	0.2593	0	0	4	0.813	0.2593	0	0	1	0.4466	0.1852	0	0	2	0.4833	0	0	0	0	0	2.2222	2	0	7	2.0444	0.0741	0	0	1	0.2669	0.2593	0	0	2	0.5944	0.2222	0	0	2	0.5064	0.037	0	0	1	0.1925	0	0	0	0	0	0.5556	0	0	3	0.9337	0.0741	0	0	1	0.2669	0.2593	0	0	2	0.5257	0.1852	0	0	2	0.5573	0.963	1	0	4	1.2242	0.0741	0	0	1	0.2669	0.2593	0	0	2	0.5257	1.2222	1	0	5	1.281	0.963	1	0	3	1.0554	0.1852	0	0	1	0.3958	0	0	0	0	0	0.3333	0	0	2	0.5547	0.6296	0	0	3	0.8835	0	0	0	0	0	0.037	0	0	1	0.1925	0.1111	0	0	1	0.3203	354.2963	286	36	924	267.5961	627.2222	523	54	1462	478.0454	3.0741	2	0	10	2.6301	6.5926	5	0	18	4.9711	2.5926	2	0	8	2.2233	0.2222	0	0	3	0.6405	0.5185	0	0	3	0.849
JHH368ROI007_ROI_007.ome.tif	7dfdb22e-97b1-44ea-a2c5-99209ed3bbed	Detection		HLA-DR: CAF	Annotation	Polygon	45.44	92.5	0.5264	36.4595	23.224	0.8495	1	9.1217	5.5338	4464.9722	4413	3957	4879	222.7366	0.1667	0	0	3	0.5606	0.6944	0	0	3	0.9508	3.7778	3	0	12	2.7683	0.5	0	0	6	1.1832	2.5556	2	0	7	1.8118	25.7222	26	11	38	6.6186	40.0833	38	25	57	8.8685	0.1944	0	0	3	0.5767	0.0833	0	0	1	0.2803	2.1389	2	0	5	1.6929	0.3889	0	0	3	0.6878	5.8889	5	0	19	4.603	0.2778	0	0	2	0.5133	0.2222	0	0	2	0.4847	0.0833	0	0	1	0.2803	0.25	0	0	5	0.9673	0.1389	0	0	2	0.4245	0.0278	0	0	1	0.1667	0.1111	0	0	3	0.5225	0.1111	0	0	2	0.3984	0.0833	0	0	1	0.2803	0.0278	0	0	1	0.1667	0	0	0	0	0	0.0278	0	0	1	0.1667	0.7778	0	0	8	1.709	0.3333	0	0	2	0.5345	0.1111	0	0	2	0.3984	0.1667	0	0	1	0.378	0.1111	0	0	1	0.3187	0.2222	0	0	2	0.4847	0.6667	0	0	4	0.9258	0.2778	0	0	2	0.5662	5.8889	5	0	14	4.3934	0.9167	1	0	8	1.4808	0.1944	0	0	2	0.4672	0.0278	0	0	1	0.1667	0.1944	0	0	3	0.5767	0.25	0	0	1	0.4392	2.5278	2	0	7	1.6816	0.4167	0	0	3	0.8062	0.1111	0	0	2	0.4646	1.8611	0	0	24	4.7699	0.6389	0	0	5	1.0994	0.0556	0	0	1	0.2323	0.1667	0	0	1	0.378	0.0556	0	0	1	0.2323	275.0833	265	30	576	149.9873	506.3889	458.5	66	1084	267.6239	3.7778	3	0	11	2.5979	5.1389	4.5	0	22	4.4731	2.25	2	0	7	1.7627	0.5278	0	0	3	0.8102	0.6944	0	0	5	1.3054
JHH368ROI007_ROI_007.ome.tif	f0aabe1e-0c01-4c47-9fe9-688464dce299	Detection		HLA-DR: Other	Annotation	Polygon	49.64	28.02	0.5264	54.7519	31.5408	0.6916	0.9755	12.8503	5.7457	4591.1177	4558	4106	5273	271.9529	0.4314	0	0	3	0.7281	0.3529	0	0	2	0.5224	3.8235	3	0	9	2.3384	0.549	0	0	3	0.7827	6.8039	5	0	29	6.5024	25.9412	25	13	46	7.7677	40.902	41	26	58	7.379	0.098	0	0	1	0.3003	0.0784	0	0	1	0.2715	2.098	1	0	16	3.2327	0.6667	0	0	5	1.052	7.2353	6	1	29	5.9652	0.4706	0	0	4	0.8798	0.8235	1	0	3	0.767	0.098	0	0	1	0.3003	0.6667	0	0	4	1.052	0.2157	0	0	3	0.5767	0.1569	0	0	3	0.543	0.0588	0	0	1	0.2376	0.0392	0	0	1	0.196	0.549	0	0	3	0.8078	0.0196	0	0	1	0.14	0.0784	0	0	2	0.3372	0.0784	0	0	2	0.3372	1.6471	1	0	7	1.8201	0.2549	0	0	3	0.5947	0.2157	0	0	2	0.461	0.1569	0	0	1	0.3673	0.098	0	0	2	0.3608	0.3529	0	0	2	0.5941	0.549	0	0	6	1.0453	0.1569	0	0	1	0.3673	0.9804	1	0	4	1.0675	2.098	1	0	12	2.6401	0.2941	0	0	3	0.6721	0.0392	0	0	1	0.196	0.2549	0	0	6	0.8909	0.6471	0	0	4	0.8905	2.902	3	0	10	2.0809	0.549	0	0	4	0.8789	0.3922	0	0	4	0.9398	33.2549	33	11	61	14.0283	0.7059	0	0	7	1.1882	0.3137	0	0	2	0.5828	0.1961	0	0	1	0.401	0.1373	0	0	2	0.401	330.0588	323	19	741	187.4999	601.4706	585	50	1320	338.8459	3.2745	2	0	16	3.086	5.5686	5	0	16	3.5623	2.5294	2	0	6	1.6775	0.2745	0	0	2	0.5685	0.549	0	0	3	0.7567
JHH368ROI007_ROI_007.ome.tif	bdcbb0c6-485d-4526-be78-b9927dcd82d8	Detection		HLA-DR: Other	Annotation	Polygon	26.02	65.63	0.5235	47.3003	25.8956	0.8864	1	9.3574	6.9474	4487	4487	3830	4958	252.4525	0.2553	0	0	2	0.4876	0.3404	0	0	2	0.5625	2.8723	2	0	12	2.3277	0.2553	0	0	2	0.5303	2.8723	3	0	9	2.0067	26.0426	25	9	40	7.3896	40.234	39	27	58	7.8414	0.1915	0	0	1	0.3977	0.1064	0	0	1	0.3117	3.0426	2	0	23	4.227	0.3617	0	0	3	0.6733	10.4894	8	0	33	8.3559	0.2553	0	0	2	0.5698	0.3617	0	0	5	0.9652	0.0851	0	0	2	0.3508	0.0213	0	0	1	0.1459	0.1915	0	0	3	0.5763	0.0638	0	0	2	0.3233	0.1489	0	0	2	0.4159	0.0851	0	0	2	0.3508	0.5532	0	0	5	0.928	0.0851	0	0	2	0.3508	0.0426	0	0	1	0.204	0.0213	0	0	1	0.1459	0.3404	0	0	2	0.6351	0.1915	0	0	4	0.6473	0.3617	0	0	2	0.6402	0.1915	0	0	5	0.77	0.2553	0	0	2	0.5303	0.1277	0	0	1	0.3373	0.5745	0	0	5	0.9028	0.1489	0	0	2	0.4653	2.383	2	0	9	2.4632	0.3191	0	0	3	0.6949	0.1277	0	0	2	0.3966	0.0426	0	0	1	0.204	0.2128	0	0	3	0.5874	0.2128	0	0	2	0.508	1.1702	1	0	6	1.5082	0.383	0	0	2	0.6445	0.0638	0	0	1	0.2471	2.1277	0	0	30	5.7808	0.7872	0	0	5	1.1598	0.5106	0	0	3	0.7481	0.0426	0	0	1	0.204	0.0851	0	0	1	0.2821	119.2766	115	14	304	74.6967	215.9149	227	24	552	132.966	3.6809	3	0	14	2.8061	3.5532	3	0	11	2.6027	1.8298	2	0	5	1.5787	0.2979	0	0	4	0.7778	0.5532	0	0	4	0.8549
JHH368ROI007_ROI_007.ome.tif	a58d3a10-ea81-4b07-8a69-4cfc7529d930	Detection		Other: CD8 T cell	Annotation	Polygon	84.67	46.73	0.5134	37.1221	23.9553	0.8129	1	9.3871	5.2283	4525.0835	4531.5	3824	5039	239.1113	0.8611	0	0	7	1.4173	0.5833	0	0	3	0.7319	4.0833	3.5	1	13	2.9411	0.75	0	0	4	0.9964	2.5556	2	0	9	2.0625	26.8333	28	9	42	7.6513	40.6667	40	21	54	7.219	0.1667	0	0	1	0.378	0.0833	0	0	1	0.2803	2.9444	2	0	10	2.6289	0.3889	0	0	3	0.7281	23.5	21	3	84	19.1453	1.0833	1	0	8	1.6279	1.1389	0	0	10	2.0445	0.1389	0	0	1	0.3507	0.1667	0	0	3	0.5606	0.2778	0	0	3	0.7015	0.1389	0	0	1	0.3507	0.2222	0	0	2	0.5404	0.1944	0	0	2	0.4672	0.8056	0	0	3	1.0907	0.1944	0	0	2	0.4672	4.3333	3	0	17	4.8226	0	0	0	0	0	0.8889	1	0	7	1.3475	0.3611	0	0	4	0.8993	0.8611	0	0	4	1.3342	0.1667	0	0	4	0.7368	0.1944	0	0	3	0.6242	5.3333	3.5	0	32	6.5987	0.8056	1	0	6	1.1166	0.1667	0	0	2	0.5071	2.7222	1	0	15	3.5344	0.3889	0	0	4	0.8376	0.3611	0	0	3	0.7232	0.0556	0	0	1	0.2323	0.2778	0	0	4	0.7787	2.3333	2	0	12	2.9665	2.0278	1	0	13	2.4318	0.1944	0	0	1	0.4014	0.2778	0	0	3	0.6595	1.3333	1	0	11	2	0.7778	0	0	5	1.2447	0.0556	0	0	1	0.2323	0.0278	0	0	1	0.1667	0.0833	0	0	2	0.3684	200.1389	188.5	18	417	97.9933	360.5278	360	42	828	177.7349	6.3056	6.5	0	17	4.0201	9.3611	7.5	1	27	7.019	2.3056	1.5	0	10	2.4474	0.4722	0	0	2	0.6964	1.0833	1	0	6	1.381
JHH368ROI007_ROI_007.ome.tif	b07a8dfa-a4aa-4d45-9783-b4135fff8fa9	Detection		Other: CD8 T cell	Annotation	Polygon	79.24	99.81	0.5122	82.3757	33.3222	0.9323	1	11.3789	9.8123	4543.5347	4552	3992	5186	295.641	0.3256	0	0	3	0.7783	0.3256	0	0	2	0.5219	3.6047	3	0	12	2.6649	0.1395	0	0	1	0.3506	1.8605	2	0	7	1.5366	26.8372	27	17	39	4.7656	39.6279	40	22	57	8.558	0.1163	0	0	1	0.3244	0.093	0	0	1	0.2939	7.3721	6	1	20	4.2652	0.5349	0	0	3	0.8266	14.6977	14	2	32	8.3965	0.5116	0	0	3	0.7028	0.2326	0	0	2	0.5272	0.2791	0	0	2	0.5036	0.3488	0	0	6	1.1929	0.3023	0	0	9	1.4064	0	0	0	0	0	0.1163	0	0	1	0.3244	0.1163	0	0	1	0.3244	0.3721	0	0	4	0.8172	0.093	0	0	2	0.3661	0.0698	0	0	1	0.2578	0	0	0	0	0	0.4419	0	0	5	0.8811	0.2558	0	0	2	0.5812	0.5116	0	0	5	0.9605	0.186	0	0	1	0.3937	0.1163	0	0	1	0.3244	3.4651	0	0	33	7.8144	1.0233	0	0	7	1.6108	0.3023	0	0	2	0.5578	3.5814	3	0	13	2.9859	0.2791	0	0	2	0.5488	0.1628	0	0	1	0.3735	0.0465	0	0	1	0.2131	0.3023	0	0	3	0.7083	0.3256	0	0	5	0.9933	4.3721	2	0	84	12.7485	0.5581	0	0	8	1.3505	0.1628	0	0	2	0.4326	1.6279	0	0	19	3.4848	0.8605	0	0	6	1.3198	0.093	0	0	1	0.2939	0.0233	0	0	1	0.1525	0	0	0	0	0	61.3721	57	13	123	26.5384	108.3256	105	24	208	45.7445	3.4186	3	0	9	2.0729	5.3488	4	0	24	4.8101	1.7674	1	0	6	1.616	0.1628	0	0	2	0.4326	0.6512	0	0	3	0.8131
JHH368ROI007_ROI_007.ome.tif	c3257cb0-ccdc-4190-84cb-2c91ac00e560	Detection		Other	Annotation	Polygon	6.701	60.69	0.498	26.896	19.7176	0.8693	1	6.946	5.3464	4488.2798	4547	4029	4766	210.8409	0.16	0	0	1	0.3742	0.6	0	0	4	1.0801	1.92	2	0	5	1.5253	0.28	0	0	2	0.5416	3.68	4	0	7	1.8193	26.64	26	13	41	7.1524	42.52	44	19	62	8.6608	0.16	0	0	1	0.3742	0.04	0	0	1	0.2	2.4	1	0	9	2.8284	0.32	0	0	3	0.6904	8.4	7	0	28	6.886	0.36	0	0	2	0.6377	0.12	0	0	2	0.4397	0.12	0	0	1	0.3317	0.12	0	0	2	0.4397	0	0	0	0	0	0.16	0	0	3	0.6245	0.12	0	0	2	0.4397	0.12	0	0	2	0.4397	0.28	0	0	1	0.4583	0.08	0	0	1	0.2769	0.08	0	0	1	0.2769	0.04	0	0	1	0.2	0.48	0	0	4	0.8718	0.12	0	0	2	0.4397	0.32	0	0	2	0.6272	0.12	0	0	1	0.3317	0	0	0	0	0	0.16	0	0	3	0.6245	0.16	0	0	1	0.3742	0.24	0	0	1	0.4359	0.72	0	0	4	1.1733	0.28	0	0	2	0.6137	0.16	0	0	2	0.4726	0	0	0	0	0	0.08	0	0	1	0.2769	0.24	0	0	2	0.5228	1.12	1	0	6	1.394	0.32	0	0	2	0.5568	0	0	0	0	0	1.92	1	0	15	3.3902	0.36	0	0	2	0.6377	0.24	0	0	1	0.4359	0.2	0	0	1	0.4082	0.32	0	0	2	0.6272	162.64	102	18	500	138.1364	298.52	185	43	970	261.2188	5.12	4	1	13	3.6437	3.36	3	0	8	2.4304	1.28	1	0	3	0.9798	0.6	0	0	4	1.118	0.2	0	0	1	0.4082
JHH368ROI007_ROI_007.ome.tif	50abe0e0-4fc3-4cac-b3e5-e61c59a701b3	Detection		Other	Annotation	Polygon	5.665	32.9	0.4897	46.0497	25.4351	0.8945	1	9.1371	6.5631	4512.8809	4495	4061	4952	266.4109	0.2381	0	0	3	0.6917	0.5952	0	0	4	0.9122	5.1905	5	0	14	3.1097	0.4524	0	0	2	0.6325	2.3095	2	0	9	1.9442	27.5476	28	15	41	5.756	41.0238	40	29	57	7.5271	0.1429	0	0	1	0.3542	0.1429	0	0	2	0.4174	2.0476	1	0	14	2.7315	0.119	0	0	1	0.3278	6.7381	4	0	43	8.6195	0.1429	0	0	2	0.4174	0.119	0	0	1	0.3278	0.0952	0	0	1	0.2971	0.2143	0	0	5	0.8421	0.119	0	0	1	0.3278	0.0714	0	0	1	0.2607	0.0952	0	0	1	0.2971	0.0952	0	0	2	0.3702	0.119	0	0	2	0.3952	0.0238	0	0	1	0.1543	0.0952	0	0	2	0.3702	0.0238	0	0	1	0.1543	0.1905	0	0	4	0.6713	0.119	0	0	1	0.3278	0.1429	0	0	3	0.5213	0.0238	0	0	1	0.1543	0.119	0	0	3	0.5038	0.2857	0	0	8	1.312	0.381	0	0	2	0.6968	0.0476	0	0	1	0.2155	0.881	0	0	6	1.5804	0.1429	0	0	1	0.3542	0.0714	0	0	1	0.2607	0.119	0	0	4	0.6325	0.1429	0	0	1	0.3542	0.119	0	0	1	0.3278	0.6905	0	0	6	1.2195	0.119	0	0	2	0.3952	0.0476	0	0	1	0.2155	1.619	0	0	18	3.7348	0.5	0	0	10	1.5811	0.0714	0	0	1	0.2607	0	0	0	0	0	0.0238	0	0	1	0.1543	116.1429	102.5	13	355	83.5066	204.2381	167	25	606	150.8271	2.3333	1	0	14	2.8082	2.2619	1.5	0	11	2.5188	1.0952	1	0	4	1.1436	0.3571	0	0	4	0.7594	0.6667	0	0	5	1.1189
JHH368ROI007_ROI_007.ome.tif	f6526263-23ac-4c44-a778-a7e5c072e768	Detection		Other: tumor_mesenchymal	Annotation	Polygon	29.21	60.76	0.4888	21.2504	23.3741	0.4888	0.7423	7.4772	5.6732	4455	4407	4096	5143	245.8277	0.1739	0	0	1	0.3876	0.4783	0	0	2	0.7305	2.6087	2	0	8	2.3691	1.1739	1	0	5	1.3022	2.913	2	1	10	2.1514	26.5217	26	17	36	6.2222	40.9565	40	24	56	8.6207	0.087	0	0	1	0.2881	0.087	0	0	1	0.2881	12.7391	11	3	32	7.6409	0.4783	0	0	5	1.2011	9.5652	10	0	23	6.3877	0.3043	0	0	2	0.5588	0.4348	0	0	3	0.8435	0.087	0	0	1	0.2881	0.2174	0	0	2	0.5997	10	4	0	53	14.5321	0.2609	0	0	3	0.6887	0.0435	0	0	1	0.2085	0.1304	0	0	1	0.3444	0.5652	0	0	3	0.7878	0.3913	0	0	2	0.6564	0.2609	0	0	2	0.5408	0.0435	0	0	1	0.2085	0.6522	0	0	3	0.9821	0.3478	0	0	2	0.5728	0.2174	0	0	1	0.4217	0.3913	0	0	2	0.6564	0.0435	0	0	1	0.2085	0.2174	0	0	1	0.4217	0.8261	0	0	4	1.1541	0.3478	0	0	4	0.8847	3.4348	3	0	12	2.8256	0.5217	0	0	2	0.6653	0.0435	0	0	1	0.2085	0	0	0	0	0	0.3913	0	0	2	0.7223	0.3913	0	0	2	0.7223	3.1304	2	0	13	2.8493	1.2609	1	0	5	1.4838	0.2609	0	0	1	0.449	2.1304	1	0	11	3.1087	1.8261	1	0	7	1.8501	30.0435	14	0	228	52.1802	0.1304	0	0	2	0.4577	0.0435	0	0	1	0.2085	251.087	231	25	595	175.0506	454.7826	365	53	1084	327.8402	5.1304	5	1	11	2.3989	6.3913	6	2	17	4.0759	6.1739	5	1	22	4.9786	0.2609	0	0	2	0.5408	0.2609	0	0	2	0.5408
JHH368ROI007_ROI_007.ome.tif	1bcd4e42-6309-4c60-8a91-daa6ea09bc7b	Detection		Other: CAF	Annotation	Polygon	41.71	78.29	0.4884	30.927	21.6886	0.8262	1	8.3982	5.173	4478.2354	4477.5	4013	4925	210.6238	0.3235	0	0	3	0.684	0.7059	0.5	0	3	0.8714	3.3529	3	0	10	2.4232	0.2647	0	0	2	0.511	2.4412	2	0	8	2.0329	25.8529	25	15	42	5.8316	39.1471	40	24	53	6.1306	0.0588	0	0	1	0.2388	0.0294	0	0	1	0.1715	4.4118	3.5	0	19	4.3143	0.3824	0	0	3	0.7392	8.8235	8	0	24	6.3745	0.4412	0	0	3	0.8596	0.4706	0	0	6	1.2367	0.0294	0	0	1	0.1715	0.9118	0	0	4	1.2879	0.1471	0	0	1	0.3595	0.0882	0	0	1	0.2879	0.0588	0	0	1	0.2388	0.0588	0	0	1	0.2388	0.2941	0	0	3	0.6755	0.1765	0	0	3	0.5758	0.0588	0	0	1	0.2388	0.0294	0	0	1	0.1715	1.2353	1	0	6	1.4783	0.1471	0	0	2	0.4357	0.1471	0	0	2	0.4357	0.0588	0	0	1	0.2388	0.2059	0	0	2	0.4786	0.2647	0	0	3	0.6183	0.3824	0	0	2	0.5513	0.2941	0	0	2	0.5239	1.9706	1	0	12	3.0697	0.7353	0	0	5	1.0818	0.1765	0	0	2	0.4586	0	0	0	0	0	0.2353	0	0	3	0.606	0.2059	0	0	2	0.5382	1.7941	1	0	7	1.8221	0.5882	0	0	2	0.7014	0.2353	0	0	1	0.4306	3.7353	3	0	14	3.9027	1.1765	1	0	8	1.8825	0.0294	0	0	1	0.1715	0.1176	0	0	1	0.327	0.0882	0	0	1	0.2879	264.1765	276.5	34	685	158.5626	486.4706	503.5	40	1232	286.8862	3.6471	3	0	9	2.2681	6.0294	6	0	13	3.5118	1.8235	2	0	6	1.6417	0.3529	0	0	4	0.8121	0.3235	0	0	3	0.6382
JHH368ROI007_ROI_007.ome.tif	01edf715-e0ed-4b87-bfdb-7720117a2885	Detection		HLA-DR: CAF	Annotation	Polygon	5.45	0.7993	0.478	44.9319	25.4545	0.8714	1	9.6185	6.4654	4476.5171	4514	3788	4988	289.5056	0.7241	0	0	4	1.1618	0.2759	0	0	1	0.4549	3.4138	3	0	11	3.0997	0.4483	0	0	2	0.6859	2.3793	2	0	9	1.8208	23.4483	23	11	40	6.7959	41.8276	40	27	60	8.6109	0.0345	0	0	1	0.1857	0.0345	0	0	1	0.1857	5.1379	4	0	17	3.9975	0.5172	0	0	4	0.829	15.4483	8	0	66	17.6607	0.5862	0	0	10	1.9183	1.0345	0	0	6	1.6143	0.1379	0	0	2	0.4411	0.1379	0	0	2	0.4411	0.1379	0	0	1	0.3509	0.1379	0	0	2	0.4411	0.1724	0	0	1	0.3844	0.069	0	0	1	0.2579	0.5517	0	0	4	0.9851	0.1034	0	0	1	0.3099	0.1724	0	0	2	0.4682	0	0	0	0	0	1.5862	1	0	9	2.1797	0.3793	0	0	2	0.6769	0.2759	0	0	2	0.5914	0.3103	0	0	3	0.7123	0.1724	0	0	1	0.3844	0.3793	0	0	4	0.8625	0.3793	0	0	3	0.6769	0.1724	0	0	2	0.4682	1	1	0	5	1.1952	0.7931	0	0	8	1.5441	0.3103	0	0	2	0.6038	0.0345	0	0	1	0.1857	0.2759	0	0	2	0.5276	0.2069	0	0	2	0.4913	2.5862	1	0	12	2.8475	0.2069	0	0	2	0.4913	0.2414	0	0	2	0.5766	9.8276	5	0	48	11.9794	1.1034	1	0	4	1.1131	0.4828	0	0	4	0.9495	0.1379	0	0	3	0.5809	0.1379	0	0	4	0.7428	215.069	208	34	601	142.7875	396.3448	366	58	1112	267.8467	6.2759	4	1	24	5.3312	6.931	4	0	19	6.386	2.1034	1	0	7	1.9883	0.2069	0	0	2	0.5593	0.6897	0	0	6	1.1983
JHH368ROI007_ROI_007.ome.tif	e4bb9819-f285-41fd-a20e-06895c0b78a2	Detection		HLA-DR: Other	Annotation	Polygon	60.65	46.61	0.4465	37.2961	23.9261	0.8187	1	9.7588	5.4244	4530.1079	4501	4160	4980	217.7968	0.2973	0	0	2	0.5708	0.3784	0	0	2	0.5452	4.5405	4	0	11	3.0055	0.3243	0	0	4	0.8836	1.973	1	0	6	1.6412	27.8378	28	17	42	5.7567	41.2432	42	25	55	7.555	0.0541	0	0	1	0.2292	0.1351	0	0	1	0.3466	1.027	1	0	5	1.3014	0.1622	0	0	1	0.3737	2.7838	2	0	19	3.5989	0.027	0	0	1	0.1644	0.4054	0	0	4	0.8963	0	0	0	0	0	0.2162	0	0	3	0.6296	0.027	0	0	1	0.1644	0.0541	0	0	1	0.2292	0.1081	0	0	1	0.3148	0	0	0	0	0	0.2703	0	0	3	0.6519	0.027	0	0	1	0.1644	0.0541	0	0	1	0.2292	0.027	0	0	1	0.1644	0.4054	0	0	4	0.8647	0.0811	0	0	2	0.3635	0.1351	0	0	2	0.4191	0.0541	0	0	1	0.2292	0.1351	0	0	4	0.6734	0.027	0	0	1	0.1644	0.0811	0	0	1	0.2767	0.0811	0	0	2	0.3635	0.973	1	0	4	1.213	0.0811	0	0	1	0.2767	0.2162	0	0	2	0.4793	0.027	0	0	1	0.1644	0.3243	0	0	5	0.9145	0.0811	0	0	1	0.2767	0.7027	0	0	5	1.2217	0.0811	0	0	2	0.3635	0.1892	0	0	1	0.3971	6.9189	4	0	37	8.3079	0.3784	0	0	4	0.7583	0.1892	0	0	3	0.6163	0.0811	0	0	1	0.2767	0.1351	0	0	1	0.3466	213.4595	233	11	413	114.9753	362.9189	402	26	662	192.4384	2.4865	2	0	8	2.2561	2.2703	2	0	9	2.3647	1.6216	1	0	7	1.7377	0.4054	0	0	4	0.8647	0.5676	0	0	3	0.7652
JHH368ROI007_ROI_007.ome.tif	43a2a285-1331-4862-9fdb-68806f0eca97	Detection		Other	Annotation	Polygon	73.61	75.31	0.4261	32.4308	25.8679	0.609	0.9062	9.1974	5.2145	4435.5151	4410	3901	4913	226.0662	0.2727	0	0	1	0.4523	0.6061	0	0	2	0.7044	3.0303	3	0	8	2.2567	0.5152	0	0	6	1.1758	3	2	0	11	2.1937	25.8485	26	11	38	6.7644	37.6364	38	27	54	6.4315	0.0909	0	0	1	0.2919	0.1212	0	0	1	0.3314	2.5152	2	0	11	2.3468	0.2727	0	0	2	0.5741	13.1515	7	1	68	15.6167	0.4848	0	0	3	0.8704	0.3333	0	0	3	0.6922	0.0303	0	0	1	0.1741	0.1212	0	0	1	0.3314	0.2121	0	0	1	0.4151	0.0909	0	0	1	0.2919	0.2121	0	0	2	0.4846	0.0303	0	0	1	0.1741	0.1818	0	0	2	0.4647	0.2121	0	0	4	0.7398	0.0303	0	0	1	0.1741	0	0	0	0	0	0.2727	0	0	1	0.4523	0.1515	0	0	2	0.4417	0.3939	0	0	4	0.8993	0.1515	0	0	2	0.4417	0.0909	0	0	1	0.2919	0.1515	0	0	2	0.4417	0.3636	0	0	2	0.5488	0.0909	0	0	1	0.2919	3.2727	3	0	13	3.1847	0.8788	0	0	17	2.987	0.2121	0	0	3	0.5999	0.0606	0	0	2	0.3482	0.3636	0	0	2	0.603	0.2424	0	0	3	0.6629	2.2121	2	0	12	2.2327	0.6364	0	0	6	1.2201	0.1515	0	0	2	0.4417	0.7879	1	0	5	1.0234	0.8182	0	0	4	1.0445	0	0	0	0	0	0.0606	0	0	1	0.2423	0	0	0	0	0	255.1212	251	22	614	150.5793	469.9091	455	34	1069	280.3918	4.1818	3	0	9	2.8334	3.7273	4	0	11	2.7073	1.6667	1	0	6	1.6894	0.5152	0	0	3	0.7124	1	0	0	14	2.4749
JHH368ROI007_ROI_007.ome.tif	727be5b2-c1ab-4ae7-9ec3-7be5ce9067f3	Detection		Other	Annotation	Polygon	62.99	53.9	0.4029	27.6419	22.6828	0.6751	0.931	8.954	4.6697	4426	4384.5	3864	4990	258.1375	0.25	0	0	2	0.5182	0.6786	0	0	3	0.863	3.6786	2	0	17	4.3038	0.4643	0	0	2	0.7445	1.8214	1.5	0	6	1.5167	24.2143	23.5	10	35	5.5801	39.6786	37	23	60	8.7689	0.1786	0	0	1	0.39	0.1071	0	0	1	0.315	0.6429	0	0	2	0.8262	0.0714	0	0	1	0.2623	2.5357	2	0	7	1.9338	0.1429	0	0	2	0.4484	0.1786	0	0	2	0.4756	0.0357	0	0	1	0.189	0.0357	0	0	1	0.189	0.2143	0	0	2	0.5681	0	0	0	0	0	0.0357	0	0	1	0.189	0.0714	0	0	1	0.2623	0.1071	0	0	2	0.4163	0.0357	0	0	1	0.189	0	0	0	0	0	0	0	0	0	0	0.0357	0	0	1	0.189	0.1429	0	0	1	0.3563	0.0357	0	0	1	0.189	0	0	0	0	0	0.0357	0	0	1	0.189	0.0714	0	0	1	0.2623	0.0714	0	0	1	0.2623	0	0	0	0	0	0.4286	0	0	4	0.9974	0.25	0	0	1	0.441	0.0357	0	0	1	0.189	0	0	0	0	0	0.0357	0	0	1	0.189	0.0357	0	0	1	0.189	0.5	0	0	6	1.1706	0.1071	0	0	1	0.315	0.0714	0	0	1	0.2623	0.5357	0	0	3	0.9222	0.1786	0	0	1	0.39	0.2857	0	0	1	0.46	0.1429	0	0	2	0.4484	0.0714	0	0	1	0.2623	162	169	27	358	93.1132	302.6786	348.5	40	620	164.135	2.3929	2	0	7	1.9117	1.7857	1	0	7	1.7921	1.2857	1	0	7	1.6069	0.5357	0	0	4	0.8812	0.5714	0	0	3	0.7902
JHH368ROI007_ROI_007.ome.tif	7efffa35-312e-4562-a68c-795269e6a175	Detection		HLA-DR: CD8 T cell	Annotation	Polygon	68.46	29.12	0.382	22.7784	17.8341	0.9	1	6.0728	5.1501	4617.2085	4551	4226	5070	263.5589	0.6667	0	0	7	1.4346	0.4583	0	0	3	0.779	3.5833	3	0	17	3.9554	0.3333	0	0	2	0.5647	4.375	3	0	19	4.6233	27.7917	28.5	10	48	9.1223	38.3333	37.5	21	60	8.8547	0.125	0	0	2	0.4484	0.0417	0	0	1	0.2041	0.9583	1	0	4	1.0417	0.2083	0	0	1	0.4149	5.4583	3	0	22	6.079	0.1667	0	0	1	0.3807	0.3333	0	0	1	0.4815	0.25	0	0	3	0.6757	1.4583	0.5	0	7	2.1665	0.125	0	0	1	0.3378	0.125	0	0	1	0.3378	0	0	0	0	0	0.125	0	0	1	0.3378	0.5417	0	0	3	0.833	0.0833	0	0	1	0.2823	0.0833	0	0	1	0.2823	0.125	0	0	1	0.3378	1.875	1	0	8	1.9407	0.5417	0	0	3	0.833	0.125	0	0	2	0.4484	0	0	0	0	0	0.0417	0	0	1	0.2041	1.9583	0	0	25	5.3607	0.125	0	0	1	0.3378	0.4167	0	0	2	0.5836	1.0833	1	0	8	1.7173	1.5417	0	0	13	3.5137	0.5833	0	0	6	1.2825	0.0833	0	0	1	0.2823	0.1667	0	0	2	0.4815	0.9167	0	0	7	1.7673	1.9583	1.5	0	6	1.6545	0.4167	0	0	3	0.7755	0.25	0	0	2	0.5316	14.1667	13	1	42	12.0854	0.875	0	0	6	1.3613	0.125	0	0	2	0.4484	0.0417	0	0	1	0.2041	0.0417	0	0	1	0.2041	166.4583	125	34	388	109.6829	296.2917	232	59	708	194.472	4	3	0	13	3.6949	6.25	4	1	33	6.8983	1.6667	1	0	6	1.5511	0.25	0	0	2	0.6079	0.4167	0	0	2	0.6539
JHH368ROI007_ROI_007.ome.tif	d577c47a-30ce-46aa-8e26-b75b05ddde57	Detection		HLA-DR: Other	Annotation	Polygon	63.87	0.3138	0.3502	69.9967	31.9131	0.8637	0.9663	11.2387	8.911	4489.6841	4494.5	4047	5054	237.2897	0.4211	0	0	2	0.5987	0.5263	0	0	3	0.6872	6.2105	4.5	0	23	5.4483	0.5526	0	0	2	0.6857	2.7895	2	0	9	1.9194	24.8684	26	14	35	5.5027	38.4474	36.5	27	54	7.1912	0.0263	0	0	1	0.1622	0.2105	0	0	3	0.622	2.7632	3	0	12	2.4762	0.5789	0	0	2	0.7929	21.0263	17.5	3	71	16.467	0.6579	0.5	0	4	0.8785	0.6316	0	0	4	1.0246	0.1842	0	0	1	0.3929	2.6842	1	0	18	4.5149	0.1842	0	0	2	0.5626	0.0526	0	0	2	0.3244	0.1316	0	0	2	0.414	0.1316	0	0	2	0.414	0.7368	0	0	5	1.1315	0.1053	0	0	1	0.311	0.0263	0	0	1	0.1622	0.0526	0	0	1	0.2263	1.4474	1	0	10	2.1772	0.3421	0	0	3	0.7807	0.8684	0	0	5	1.2771	0.3684	0	0	3	0.6747	0.2105	0	0	1	0.4132	0.4474	0	0	2	0.6017	0.5526	0	0	4	0.8913	0.6842	0	0	6	1.1879	2.9211	2	0	10	2.3061	0.7895	0	0	6	1.3588	0.1316	0	0	1	0.3426	0.0263	0	0	1	0.1622	0.4211	0	0	5	0.9482	0.3421	0	0	2	0.6689	3.4474	2.5	0	13	3.4461	1	1	0	6	1.395	0.2895	0	0	3	0.6538	22.0526	13	2	78	19.7989	0.9211	1	0	4	1.0496	0.0526	0	0	1	0.2263	0.0263	0	0	1	0.1622	0.0526	0	0	1	0.2263	108.3421	106	7	224	53.7805	208.1842	195	20	436	98.6621	7.5526	5.5	1	29	6.1937	7.0263	6	0	23	5.4549	2.6579	2	0	10	2.3165	0.4737	0	0	4	0.8617	0.9737	1	0	6	1.4423
JHH368ROI007_ROI_007.ome.tif	2a35b7c4-1e24-49c9-b7a9-4d9f59f9a80e	Detection		Other	Annotation	Polygon	51.57	-2.856	0.3371	23.8848	21.1865	0.6687	0.9239	8.0193	4.6528	NaN	NaN	NaN	NaN	NaN	NaN	NaN	NaN	NaN	NaN	NaN	NaN	NaN	NaN	NaN	NaN	NaN	NaN	NaN	NaN	NaN	NaN	NaN	NaN	NaN	NaN	NaN	NaN	NaN	NaN	NaN	NaN	NaN	NaN	NaN	NaN	NaN	NaN	NaN	NaN	NaN	NaN	NaN	NaN	NaN	NaN	NaN	NaN	NaN	NaN	NaN	NaN	NaN	NaN	NaN	NaN	NaN	NaN	NaN	NaN	NaN	NaN	NaN	NaN	NaN	NaN	NaN	NaN	NaN	NaN	NaN	NaN	NaN	NaN	NaN	NaN	NaN	NaN	NaN	NaN	NaN	NaN	NaN	NaN	NaN	NaN	NaN	NaN	NaN	NaN	NaN	NaN	NaN	NaN	NaN	NaN	NaN	NaN	NaN	NaN	NaN	NaN	NaN	NaN	NaN	NaN	NaN	NaN	NaN	NaN	NaN	NaN	NaN	NaN	NaN	NaN	NaN	NaN	NaN	NaN	NaN	NaN	NaN	NaN	NaN	NaN	NaN	NaN	NaN	NaN	NaN	NaN	NaN	NaN	NaN	NaN	NaN	NaN	NaN	NaN	NaN	NaN	NaN	NaN	NaN	NaN	NaN	NaN	NaN	NaN	NaN	NaN	NaN	NaN	NaN	NaN	NaN	NaN	NaN	NaN	NaN	NaN	NaN	NaN	NaN	NaN	NaN	NaN	NaN	NaN	NaN	NaN	NaN	NaN	NaN	NaN	NaN	NaN	NaN	NaN	NaN	NaN	NaN	NaN	NaN	NaN	NaN	NaN	NaN	NaN	NaN	NaN	NaN	NaN	NaN	NaN	NaN	NaN	NaN	NaN	NaN	NaN	NaN	NaN	NaN	NaN	NaN	NaN	NaN	NaN	NaN	NaN	NaN	NaN	NaN	NaN	NaN	NaN	NaN	NaN	NaN	NaN	NaN	NaN	NaN	NaN	NaN	NaN	NaN	NaN	NaN	NaN	NaN	NaN	NaN	NaN	NaN	NaN	NaN	NaN	NaN	NaN	NaN	NaN	NaN	NaN	NaN	NaN	NaN	NaN	NaN	NaN	NaN	NaN	NaN	NaN	NaN	NaN	NaN	NaN	NaN	NaN	NaN	NaN	NaN	NaN	NaN	NaN	NaN	NaN
JHH368ROI007_ROI_007.ome.tif	76b8d437-de6f-4371-9f86-6f155125e01c	Detection		Other	Annotation	Polygon	83.9	1.267	0.3269	34.5332	23.239	0.8035	1	9.2839	5.2558	4476.5601	4417	4039	5049	298.3238	0.16	0	0	1	0.3742	0.72	0	0	4	1.1733	7.36	6	0	23	5.2032	0.96	1	0	8	1.6197	1.44	1	0	5	1.4166	26.04	26	15	38	6.9251	39.32	38	26	52	6.9685	0.16	0	0	1	0.3742	0.16	0	0	1	0.3742	4.12	3	0	11	3.972	0.24	0	0	2	0.5228	8.36	7	0	36	9.4599	0.24	0	0	2	0.5228	0.04	0	0	1	0.2	0.04	0	0	1	0.2	0.2	0	0	3	0.6455	0.24	0	0	2	0.5228	0.08	0	0	1	0.2769	0.04	0	0	1	0.2	0	0	0	0	0	0.32	0	0	3	0.6904	0.04	0	0	1	0.2	0	0	0	0	0	0	0	0	0	0	0.16	0	0	2	0.5538	0.12	0	0	1	0.3317	0.12	0	0	2	0.4397	0.04	0	0	1	0.2	0.16	0	0	1	0.3742	0.08	0	0	1	0.2769	0.24	0	0	3	0.7234	0.28	0	0	2	0.6137	1.12	0	0	10	2.4035	0.2	0	0	2	0.5	0.04	0	0	1	0.2	0.04	0	0	1	0.2	0.04	0	0	1	0.2	0.12	0	0	1	0.3317	1	1	0	4	1.1547	0.28	0	0	2	0.5416	0.2	0	0	2	0.5	4.04	3	0	13	2.9928	0.44	0	0	3	0.9165	0	0	0	0	0	0.04	0	0	1	0.2	0	0	0	0	0	95.48	63	3	305	81.8627	176.92	111	17	619	150.8597	3.92	3	0	11	3.2135	2.68	2	0	8	2.6255	1.16	1	0	8	1.772	0.6	0	0	4	0.9574	0.6	0	0	4	0.9129
JHH368ROI007_ROI_007.ome.tif	4f4d3c4f-5e5f-40a7-97cf-058cef4b996b	Detection		Other	Annotation	Polygon	85.82	52.68	0.3265	13.7733	15.6814	0.7039	1	6.3298	3.2929	4629.7144	4660	4345	4895	153.8923	0.1429	0	0	1	0.3631	0.2143	0	0	2	0.5789	2.7143	2.5	0	6	1.7728	0.5714	0	0	3	0.8516	2.5	1.5	0	9	2.3778	27	28.5	12	41	6.9171	38	37.5	23	55	8.9098	0.2143	0	0	1	0.4258	0.0714	0	0	1	0.2673	2.0714	2	0	5	1.5915	0.4286	0	0	2	0.6462	7.9286	4.5	1	38	9.6114	0.8571	0.5	0	3	1.0995	0.2143	0	0	1	0.4258	0.0714	0	0	1	0.2673	0	0	0	0	0	0.0714	0	0	1	0.2673	0	0	0	0	0	0	0	0	0	0	0	0	0	0	0	0.0714	0	0	1	0.2673	0.1429	0	0	2	0.5345	0	0	0	0	0	0	0	0	0	0	0.5	0	0	3	0.8549	0.5	0	0	4	1.0919	0.5714	0	0	6	1.6036	0.1429	0	0	2	0.5345	0	0	0	0	0	0.2857	0	0	1	0.4688	0.3571	0	0	3	0.8419	0.1429	0	0	2	0.5345	2.3571	2	0	6	2.17	0.0714	0	0	1	0.2673	0.2143	0	0	1	0.4258	0	0	0	0	0	0.6429	0	0	5	1.3927	0.2143	0	0	1	0.4258	2.0714	2	0	5	1.5915	0.1429	0	0	1	0.3631	0.3571	0	0	2	0.6333	0.7143	0	0	3	0.9945	0.3571	0	0	3	0.8419	0.1429	0	0	1	0.3631	0	0	0	0	0	0	0	0	0	0	137.2857	148.5	14	239	71.5837	251.9286	296.5	13	452	134.0542	2.4286	2	0	5	1.7415	2.3571	2	0	5	1.7805	1.0714	1	0	4	1.1411	0.2857	0	0	1	0.4688	0.5	0	0	2	0.6504
JHH368ROI007_ROI_007.ome.tif	8e696b23-8d05-420f-872f-079dd97ad9ec	Detection		Other	Annotation	Polygon	88.37	56.38	0.3113	20.646	19.4287	0.6873	0.8985	7.064	5.1718	4478.4287	4443	4009	4988	261.716	0.0476	0	0	1	0.2182	0.619	0	0	4	1.0713	6.4762	7	0	14	3.3409	0.9048	1	0	2	0.8309	13.7143	13	0	50	13.469	24.2381	24	12	38	6.2682	40.3333	39	21	59	10.1948	0	0	0	0	0	0.2381	0	0	1	0.4364	3.3333	1	0	14	4.4759	0.3333	0	0	1	0.483	33.9048	22	2	136	32.3603	1.0952	1	0	7	1.6705	0.2381	0	0	2	0.6249	0.3333	0	0	3	0.7958	0	0	0	0	0	0.1429	0	0	1	0.3586	0.0952	0	0	1	0.3008	0.0476	0	0	1	0.2182	0.0952	0	0	1	0.3008	0.4762	0	0	3	0.7496	0.1905	0	0	1	0.4024	0.1905	0	0	1	0.4024	0	0	0	0	0	0.5714	0	0	4	1.1212	0.4762	0	0	4	0.9284	1	0	0	8	1.8439	0.2381	0	0	2	0.539	0.2381	0	0	2	0.539	0.619	0	0	3	0.8047	0.8095	0	0	4	1.167	0.4286	0	0	2	0.7464	2.9048	2	0	18	3.9358	1.4762	0	0	10	2.4417	0.2857	0	0	2	0.5606	0	0	0	0	0	0.1429	0	0	1	0.3586	0.8571	0	0	3	1.0623	2.0952	2	0	7	2.0953	0.9524	0	0	4	1.3593	0.2857	0	0	3	0.7171	0.619	0	0	3	0.8047	0.8095	0	0	4	1.1233	0.2857	0	0	1	0.4629	0.0476	0	0	1	0.2182	0.0476	0	0	1	0.2182	135.381	145	24	346	92.1333	252.0952	268	43	621	162.2146	8.5238	8	2	25	6.1288	6.2857	4	0	24	6.2621	2.2857	1	0	10	2.6859	0.4286	0	0	3	0.7464	0.9524	1	0	3	0.9207
JHH368ROI007_ROI_007.ome.tif	822c7e52-9fcc-4113-9c1b-ee5eeecb85b0	Detection		Other	Annotation	Polygon	0.2821	75.87	0.2926	19.6997	17.3316	0.8241	1	6.6712	4.1576	4561.1001	4517.5	4246	4789	172.0481	0.7	0.5	0	2	0.8233	0.4	0	0	1	0.5164	5.9	4.5	1	14	4.0947	1	1	0	3	0.9428	44.1	50	18	57	13.0337	31.8	32.5	24	40	4.8488	38.9	41	29	55	8.0478	0.2	0	0	1	0.4216	0.3	0	0	1	0.483	1.2	0.5	0	5	1.6865	0.9	0	0	3	1.1972	9.8	7.5	2	26	7.7574	0.5	0	0	2	0.7071	2.7	2.5	0	5	1.9465	0	0	0	0	0	0.9	0	0	4	1.4491	2.9	0	0	26	8.1438	0.1	0	0	1	0.3162	0	0	0	0	0	0.2	0	0	1	0.4216	0.3	0	0	1	0.483	0	0	0	0	0	0.1	0	0	1	0.3162	0	0	0	0	0	4.6	3.5	1	11	3.3731	0.4	0	0	2	0.6992	0.2	0	0	1	0.4216	0.2	0	0	1	0.4216	0.7	0	0	2	0.9487	0.7	0.5	0	2	0.8233	2.1	2	0	4	1.5951	0.4	0	0	2	0.6992	0.7	0.5	0	3	0.9487	10.1	10	4	21	5.4457	1	1	0	2	0.6667	0.3	0	0	2	0.6749	0.8	1	0	2	0.6325	2.1	2	0	6	1.5951	3.3	3	0	9	3.0203	0.6	0	0	3	1.075	0.3	0	0	1	0.483	12	11.5	3	23	5.4569	1.5	1	0	6	1.9003	0.3	0	0	1	0.483	0	0	0	0	0	0.1	0	0	1	0.3162	115.7	109.5	43	159	34.1827	211.8	227	70	331	73.1616	3.6	4.5	0	6	2.0111	11	10	3	24	6.8475	2.2	2	0	7	2.2509	1.2	0.5	0	6	1.8738	0.6	1	0	1	0.5164
JHH368ROI007_ROI_007.ome.tif	57cd78fd-0ff5-4c94-893e-a0ff30318e4c	Detection		Other	Annotation	Polygon	0.3443	28.89	0.29	37.3274	25.5717	0.7173	0.913	9.4245	6.4159	4651.2271	4665.5	4232	5009	228.9941	0.0909	0	0	1	0.2942	0.4545	0	0	1	0.5096	5.1364	5.5	0	11	3.1667	0.9091	1	0	3	1.0193	2.3182	2	0	7	2.1687	25.9091	27	17	39	5.1447	40.1818	41	26	55	7.0484	0.0909	0	0	1	0.2942	0	0	0	0	0	2.9545	1	0	20	4.8055	0.2273	0	0	2	0.5284	9.0455	8	0	28	7.1679	0.3636	0	0	2	0.658	0.2727	0	0	2	0.6311	0.0455	0	0	1	0.2132	0.0909	0	0	1	0.2942	0.1818	0	0	1	0.3948	0	0	0	0	0	0.0455	0	0	1	0.2132	0.0455	0	0	1	0.2132	0.2273	0	0	1	0.4289	0.1818	0	0	1	0.3948	0.0909	0	0	1	0.2942	0	0	0	0	0	0.2273	0	0	3	0.6853	0.1364	0	0	1	0.3513	0.0909	0	0	1	0.2942	0.0455	0	0	1	0.2132	0.0909	0	0	1	0.2942	0	0	0	0	0	0.4545	0	0	3	0.7385	0.2727	0	0	3	0.7025	0.7273	0.5	0	3	0.9351	0.2727	0	0	2	0.6311	0.0455	0	0	1	0.2132	0.0455	0	0	1	0.2132	0.0455	0	0	1	0.2132	0.2273	0	0	1	0.4289	1.4091	1	0	5	1.4362	0.1818	0	0	1	0.3948	0.1364	0	0	2	0.4676	0.5	0	0	2	0.5976	1.0909	1	0	4	1.269	0.0455	0	0	1	0.2132	0.0455	0	0	1	0.2132	0.1364	0	0	1	0.3513	165.0455	129	4	368	136.5655	297.0454	235	17	742	250.118	3.4545	2	0	10	2.9069	2.5909	1	0	11	3.1722	1.5455	1	0	5	1.7107	0.4545	0	0	2	0.671	0.6364	0	0	4	1.0022
JHH368ROI007_ROI_007.ome.tif	eb3fc6bb-9d9f-4faa-917f-37891d6707b7	Detection		Other	Annotation	Polygon	68.33	99.85	0.2747	18.7223	16.8222	0.8314	1	6.0279	4.1173	4330.7778	4185	4021	4804	303.0366	0.2222	0	0	1	0.441	0.8889	0	0	3	1.1667	4	4	1	9	2.6926	0.5556	0	0	2	0.7265	2.3333	2	0	6	1.9365	24.8889	25	20	31	3.444	37.5556	39	25	47	7.9704	0.1111	0	0	1	0.3333	0.1111	0	0	1	0.3333	2.8889	3	1	6	1.965	0.2222	0	0	2	0.6667	22	20	10	54	13.3041	1.2222	1	0	3	1.3017	0.1111	0	0	1	0.3333	0	0	0	0	0	2	1	0	5	2.2361	0	0	0	0	0	0	0	0	0	0	0.3333	0	0	1	0.5	0.1111	0	0	1	0.3333	0.4444	0	0	2	0.7265	0	0	0	0	0	0.1111	0	0	1	0.3333	0.1111	0	0	1	0.3333	0.1111	0	0	1	0.3333	0.1111	0	0	1	0.3333	0.5556	0	0	2	0.7265	0.4444	0	0	2	0.7265	0	0	0	0	0	0.2222	0	0	1	0.441	0.5556	0	0	2	0.8819	0.3333	0	0	2	0.7071	0.7778	1	0	2	0.8333	0.3333	0	0	2	0.7071	0.1111	0	0	1	0.3333	0	0	0	0	0	0	0	0	0	0	0.2222	0	0	1	0.441	0.6667	1	0	2	0.7071	0.3333	0	0	1	0.5	0	0	0	0	0	0.6667	0	0	2	0.866	0.8889	1	0	3	1.0541	0.3333	0	0	1	0.5	0	0	0	0	0	0	0	0	0	0	74.6667	36	16	155	58.1808	131.8889	71	20	252	101.0216	4.6667	4	0	10	2.8723	3.3333	2	1	6	2.1213	1.8889	2	0	4	1.6159	0.4444	0	0	1	0.527	0.1111	0	0	1	0.3333
JHH368ROI007_ROI_007.ome.tif	560a9479-f1c6-4d60-a91c-931e649cd490	Detection		Other	Annotation	Polygon	50	86.29	0.2566	30.1213	20.963	0.8613	1	7.9239	5.5095	4453.9678	4418	4099	4884	226.1074	0.0645	0	0	1	0.2497	0.3226	0	0	2	0.5993	4.2903	3	0	15	3.5981	0.2903	0	0	2	0.6426	2.1935	2	0	8	1.8515	23.8387	22	12	42	7.367	39.4839	39	22	53	8.1112	0.2581	0	0	2	0.5143	0.129	0	0	2	0.4275	2	1	0	9	2.3805	0.5484	0	0	5	1.2339	4.871	4	0	16	4.4252	0.1935	0	0	1	0.4016	0.0968	0	0	1	0.3005	0.0645	0	0	1	0.2497	0.0968	0	0	1	0.3005	0.0968	0	0	1	0.3005	0	0	0	0	0	0.0645	0	0	1	0.2497	0.0323	0	0	1	0.1796	0.1935	0	0	1	0.4016	0	0	0	0	0	0.0968	0	0	2	0.3962	0	0	0	0	0	0.1935	0	0	3	0.6011	0	0	0	0	0	0.129	0	0	2	0.4275	0.0323	0	0	1	0.1796	0.0323	0	0	1	0.1796	0.2581	0	0	5	0.9298	0.2903	0	0	1	0.4614	0.0323	0	0	1	0.1796	1.0645	1	0	7	1.5478	0.2258	0	0	3	0.617	0.0645	0	0	2	0.3592	0	0	0	0	0	0.129	0	0	1	0.3408	0.0645	0	0	1	0.2497	1.0968	1	0	6	1.4458	0.2258	0	0	2	0.5603	0.0968	0	0	1	0.3005	1.3871	0	0	11	2.3047	1.1613	0	0	6	1.8275	0.129	0	0	1	0.3408	0.0323	0	0	1	0.1796	0	0	0	0	0	112.3226	85	13	297	76.5007	208.1613	177	31	553	149.055	1.7097	1	0	9	2.4657	2.129	1	0	9	2.3628	1.4516	1	0	5	1.4338	0.4516	0	0	2	0.7229	0.5484	0	0	2	0.7676
JHH368ROI007_ROI_007.ome.tif	5e91ad1b-487d-45bd-b556-75a3317370fe	Detection		Other	Annotation	Polygon	46.16	81.61	0.2062	21.8196	21.0951	0.6162	0.8513	6.6713	5.3417	4509.2104	4493	3948	4928	272.3426	0.3684	0	0	2	0.5973	0.4737	0	0	2	0.6118	4.4211	3	1	16	3.9485	0.6842	1	0	2	0.5824	2.6316	3	0	7	1.7388	26.2632	27	16	36	6.1359	37.7895	37	20	52	8.1757	0.0526	0	0	1	0.2294	0.0526	0	0	1	0.2294	3.2105	2	0	13	3.2245	0.2105	0	0	2	0.5353	7.9474	5	1	24	7.1529	0.1579	0	0	1	0.3746	0.1579	0	0	1	0.3746	0	0	0	0	0	0.2105	0	0	1	0.4189	0.1579	0	0	1	0.3746	0.0526	0	0	1	0.2294	0.0526	0	0	1	0.2294	0.1053	0	0	2	0.4588	0.4737	0	0	2	0.6118	0.1579	0	0	2	0.5015	0	0	0	0	0	0	0	0	0	0	0.7368	0	0	3	1.0457	0.5263	0	0	4	0.9643	0.1053	0	0	1	0.3153	0.1053	0	0	1	0.3153	0.1579	0	0	2	0.5015	0.1579	0	0	1	0.3746	0.5789	0	0	5	1.1698	0.0526	0	0	1	0.2294	3.4211	3	0	11	3.3051	0.5263	0	0	4	1.0203	0.0526	0	0	1	0.2294	0.0526	0	0	1	0.2294	0.4737	0	0	5	1.1723	0.2105	0	0	2	0.5353	1.7895	1	0	7	2.1234	0.2632	0	0	2	0.562	0.5263	0	0	3	1.0203	2.3158	2	0	6	2.029	0.6316	0	0	4	1.2115	0.0526	0	0	1	0.2294	0	0	0	0	0	0.0526	0	0	1	0.2294	186.3158	161	22	341	104.3318	354.7895	348	60	629	194.4775	2.7368	3	0	8	2.0233	4.3158	4	0	10	2.9824	1.3158	1	0	5	1.2043	0.4211	0	0	2	0.6925	0.3158	0	0	3	0.7493
JHH368ROI007_ROI_007.ome.tif	6319705d-a47e-4624-add2-1bb8c781d340	Detection		Other: tumor_mesenchymal	Annotation	Polygon	31.44	53.63	0.1934	42.2526	25.2644	0.8318	1	9.8497	5.6692	4534.1953	4510	3868	5302	258.2163	0.1951	0	0	2	0.4593	0.6341	0	0	3	0.9153	0.5366	0	0	4	0.8688	2.0488	1	0	8	1.8702	2.878	3	0	9	1.9519	25.1707	24	12	43	6.5533	38.878	39	25	56	7.2533	0.1463	0	0	1	0.3578	0.0976	0	0	1	0.3004	0.8049	1	0	4	0.9803	0.5366	0	0	3	0.8971	0.9756	1	0	5	1.1935	0.4878	0	0	3	0.81	0.7805	1	0	3	0.9086	0.3659	0	0	4	0.8293	0.1951	0	0	2	0.5109	61.2195	60	19	122	22.8238	1.0488	1	0	6	1.3956	0.7561	0	0	6	1.1354	0.2683	0	0	2	0.5012	1.2439	1	0	7	1.5777	0.9512	0	0	7	1.5484	0.1463	0	0	3	0.5273	0.0244	0	0	1	0.1562	2.2927	2	0	9	1.9905	1.4634	1	0	5	1.3619	0	0	0	0	0	0.7317	0	0	3	0.8951	0.1951	0	0	3	0.6008	0.8293	1	0	3	0.9193	0.8049	0	0	5	1.2087	2.8537	2	0	11	2.4654	10.0488	7	1	31	6.8737	1.2195	1	0	5	1.1071	0.7073	1	0	4	0.8439	0.0488	0	0	1	0.2181	0.6829	0	0	6	1.1925	1.0976	1	0	7	1.2807	7.7561	7	2	15	3.5481	1.2927	1	0	6	1.3828	0.5366	0	0	2	0.7105	2.0976	2	0	8	2.1657	0.5122	0	0	2	0.6753	204.0488	198	86	440	68.5357	0.0488	0	0	1	0.2181	0.0244	0	0	1	0.1562	48.7805	47	6	97	21.4015	87.8293	91	11	171	38.0019	10	9	3	21	4.3646	8.561	8	0	27	4.9702	12.2195	11	2	30	6.259	0.3171	0	0	2	0.5215	1.0732	1	0	4	1.0342
JHH368ROI007_ROI_007.ome.tif	fe95818b-3d7e-4a34-ad53-0f9b366bf6ab	Detection		Other	Annotation	Polygon	21.43	99.54	0.1524	23.0296	18.2807	0.866	1	6.4423	5.058	4564.1538	4541	4061	4872	236.5241	0.2308	0	0	1	0.4385	0.5385	0	0	2	0.7763	4.1538	4	0	8	2.9678	0.6154	0	0	2	0.7679	1.4615	1	0	5	1.5607	24.9231	23	17	40	6.9097	40.9231	43	26	48	6.3306	0	0	0	0	0	0	0	0	0	0	3.1538	2	0	13	3.6934	0.0769	0	0	1	0.2774	7.6154	5	1	21	6.5133	0.3077	0	0	2	0.6304	0.2308	0	0	1	0.4385	0	0	0	0	0	0.1538	0	0	1	0.3755	0.1538	0	0	1	0.3755	0.1538	0	0	1	0.3755	0.0769	0	0	1	0.2774	0	0	0	0	0	0.3846	0	0	5	1.3868	0	0	0	0	0	0	0	0	0	0	0.0769	0	0	1	0.2774	0.2308	0	0	1	0.4385	0	0	0	0	0	0.3846	0	0	4	1.1209	0.0769	0	0	1	0.2774	0.0769	0	0	1	0.2774	0.1538	0	0	2	0.5547	0.3846	0	0	4	1.1209	0.1538	0	0	1	0.3755	0.9231	0	0	5	1.4412	0.3077	0	0	2	0.7511	0	0	0	0	0	0	0	0	0	0	0.0769	0	0	1	0.2774	0.0769	0	0	1	0.2774	0.9231	1	0	3	1.1152	0.3077	0	0	2	0.6304	0.0769	0	0	1	0.2774	1.3077	1	0	3	0.9473	0.3846	0	0	1	0.5064	0	0	0	0	0	0	0	0	0	0	0	0	0	0	0	43.2308	48	8	89	28.5953	70.7692	59	24	167	43.4265	3.7692	3	0	9	2.8622	2.3846	2	0	7	2.1031	1	0	0	6	1.6833	0.0769	0	0	1	0.2774	0.4615	0	0	2	0.6602
JHH368ROI007_ROI_007.ome.tif	0c1be45e-de8e-47e3-9e08-08fb0d766d2d	Detection		Other	Annotation	Polygon	94.81	98.92	0.1433	17.3449	16.4445	0.806	1	6.4697	4.2506	4522.9229	4509	4115	5294	311.5289	0.3077	0	0	1	0.4804	0.7692	1	0	2	0.725	2.2308	2	0	7	1.8777	0.3846	0	0	3	0.8697	2.6923	3	0	5	1.8432	25.5385	28	13	43	8.1916	41.4615	41	26	53	9.3952	0	0	0	0	0	0	0	0	0	0	0.6923	0	0	3	1.0316	0	0	0	0	0	0.8462	1	0	2	0.8987	0.0769	0	0	1	0.2774	0.4615	0	0	2	0.6602	0	0	0	0	0	0.1538	0	0	1	0.3755	0	0	0	0	0	0.0769	0	0	1	0.2774	0	0	0	0	0	0.0769	0	0	1	0.2774	0	0	0	0	0	0.1538	0	0	1	0.3755	0.0769	0	0	1	0.2774	0.0769	0	0	1	0.2774	0.6923	1	0	2	0.7511	0.2308	0	0	2	0.5991	0.2308	0	0	3	0.8321	0	0	0	0	0	0.0769	0	0	1	0.2774	0	0	0	0	0	0.3846	0	0	3	0.9608	0.2308	0	0	1	0.4385	0.6154	1	0	2	0.6504	0.4615	0	0	2	0.6602	0.0769	0	0	1	0.2774	0	0	0	0	0	0.1538	0	0	1	0.3755	0	0	0	0	0	0.6154	0	0	2	0.7679	0	0	0	0	0	0.1538	0	0	2	0.5547	0.1538	0	0	2	0.5547	0.3846	0	0	1	0.5064	0	0	0	0	0	0.2308	0	0	3	0.8321	0.2308	0	0	3	0.8321	76.2308	76	18	164	44.7477	130.2308	139	19	234	67.8345	1.2308	1	0	3	1.1658	3.8462	2	0	13	3.8264	0.7692	0	0	3	1.0919	0.2308	0	0	2	0.5991	0.7692	1	0	2	0.8321
JHH368ROI007_ROI_007.ome.tif	8db46dc3-4d31-42ba-930f-6fe2e5cbb8ef	Detection		HLA-DR: Other	Annotation	Polygon	14.25	65.94	0.107	20.047	19.7364	0.6467	0.8372	6.6195	4.9345	4575.4736	4562	4334	4877	174.131	0.3158	0	0	1	0.4776	0.4211	0	0	2	0.6925	2.3158	2	0	10	2.2865	0.4211	0	0	3	0.8377	1.7368	2	0	5	1.4848	24.2105	24	7	39	6.6381	38.0526	37	29	53	6.0044	0.2105	0	0	2	0.5353	0.1053	0	0	1	0.3153	3.6316	4	0	8	2.3145	0.3684	0	0	3	0.8307	12.8947	9	1	50	13.4903	0.6842	0	0	3	0.9459	0.7368	0	0	5	1.2842	0.1579	0	0	2	0.5015	1.8421	1	0	9	2.6302	0.0526	0	0	1	0.2294	0.1053	0	0	1	0.3153	0.2105	0	0	3	0.7133	0.1053	0	0	1	0.3153	0.7895	1	0	3	0.855	0.0526	0	0	1	0.2294	0.0526	0	0	1	0.2294	0.0526	0	0	1	0.2294	1.3158	1	0	7	1.7014	0.1053	0	0	2	0.4588	0.9474	0	0	5	1.471	0.1053	0	0	1	0.3153	0.1579	0	0	1	0.3746	0.2105	0	0	1	0.4189	0.4211	0	0	3	0.8377	0.1053	0	0	1	0.3153	0.1579	0	0	1	0.3746	0.2105	0	0	1	0.4189	0.0526	0	0	1	0.2294	0	0	0	0	0	0	0	0	0	0	0.2105	0	0	2	0.5353	1.3684	1	0	4	1.2566	0.5263	0	0	4	1.0203	0.4737	0	0	3	0.9643	12.2632	7	1	44	11.4642	0.3684	0	0	1	0.4956	0.3158	0	0	2	0.5824	0	0	0	0	0	0.0526	0	0	1	0.2294	142.2105	101	19	446	126.8471	241.4737	167	39	769	209.473	6.3158	5	0	15	4.2171	7.0526	5	1	17	5.39	2	1	0	6	2.0276	0.4737	0	0	2	0.6967	0.4211	0	0	2	0.607
JHH368ROI007_ROI_007.ome.tif	586e7496-908d-46b5-8cb4-56afa7feb3eb	Detection		Other	Annotation	Polygon	34.32	88.18	0.099	11.8291	14.0688	0.751	1	5.1591	3.7799	4458.5	4441.5	4227	4748	146.9582	0.2	0	0	1	0.4216	1	1	0	3	1.0541	1.1	1	0	3	0.9944	0	0	0	0	0	3	2	1	6	1.7638	30.9	28	22	49	7.781	39.9	40.5	18	56	11.7232	0.1	0	0	1	0.3162	0	0	0	0	0	0.5	0	0	2	0.7071	0	0	0	0	0	1.9	0.5	0	9	2.8848	0	0	0	0	0	0.2	0	0	1	0.4216	0	0	0	0	0	0	0	0	0	0	0.1	0	0	1	0.3162	0	0	0	0	0	0.1	0	0	1	0.3162	0.2	0	0	2	0.6325	0	0	0	0	0	0	0	0	0	0	0	0	0	0	0	0	0	0	0	0	0.1	0	0	1	0.3162	0.1	0	0	1	0.3162	0.2	0	0	1	0.4216	0	0	0	0	0	0.1	0	0	1	0.3162	0.1	0	0	1	0.3162	0.2	0	0	1	0.4216	0	0	0	0	0	0.1	0	0	1	0.3162	0.2	0	0	1	0.4216	0.1	0	0	1	0.3162	0	0	0	0	0	0.1	0	0	1	0.3162	0.3	0	0	1	0.483	0.2	0	0	1	0.4216	0	0	0	0	0	0.1	0	0	1	0.3162	1.1	0.5	0	5	1.5951	0.2	0	0	2	0.6325	0	0	0	0	0	0	0	0	0	0	0	0	0	0	0	80.1	49.5	10	232	74.0442	133.2	93	23	328	114.4152	0.4	0	0	2	0.6992	1.7	0.5	0	13	4.0014	0.9	0	0	3	1.1972	0.6	0	0	4	1.2649	0.9	0.5	0	4	1.2867
JHH368ROI007_ROI_007.ome.tif	207d139e-9f06-4e4c-8f18-b1324b735e6a	Detection		Other	Annotation	Polygon	12.91	99.34	0.0791	18.3555	18.4048	0.6809	1	8.0376	3.7986	4436.0835	4485.5	3902	4817	305.0599	0.5833	0.5	0	2	0.6686	0.8333	1	0	2	0.8348	1.6667	2	0	6	1.7233	0.1667	0	0	1	0.3892	0.5	0	0	2	0.7977	27	27	14	37	7.5076	43.8333	45.5	28	58	8.7161	0.1667	0	0	1	0.3892	0	0	0	0	0	0.9167	1	0	3	0.9962	0.4167	0	0	2	0.6686	4.5833	4	0	11	3.7528	0.3333	0	0	2	0.6513	1.0833	0.5	0	5	1.505	0	0	0	0	0	0.5	0	0	3	0.9045	0.1667	0	0	1	0.3892	0.1667	0	0	1	0.3892	0.0833	0	0	1	0.2887	0	0	0	0	0	0.3333	0	0	1	0.4924	0.0833	0	0	1	0.2887	0.0833	0	0	1	0.2887	0	0	0	0	0	2.25	2	0	7	2.0944	0.3333	0	0	2	0.6513	0.25	0	0	2	0.6216	0.1667	0	0	1	0.3892	0.4167	0	0	2	0.6686	0	0	0	0	0	0.0833	0	0	1	0.2887	0	0	0	0	0	0.3333	0	0	2	0.6513	0.1667	0	0	1	0.3892	0	0	0	0	0	0	0	0	0	0	0.1667	0	0	1	0.3892	0.1667	0	0	1	0.3892	0.6667	1	0	2	0.6513	0.25	0	0	1	0.4523	0.1667	0	0	1	0.3892	10.9167	10.5	1	22	5.6481	0.25	0	0	1	0.4523	0.0833	0	0	1	0.2887	0	0	0	0	0	0.0833	0	0	1	0.2887	243.75	194	53	500	137.5864	456.8333	363.5	137	945	270.2005	2.9167	2.5	0	7	2.4664	4.8333	4.5	1	9	2.0375	2.4167	2.5	0	7	2.0207	0.5833	0	0	2	0.793	0.75	0	0	4	1.2154
JHH368ROI007_ROI_007.ome.tif	0f9bb085-6ffd-400f-ae84-c2703cee160f	Detection		Other	Annotation	Polygon	66.14	39.54	0.0476	13.7016	14.5052	0.8183	1	5.3606	3.995	4510.3335	4503	4054	4961	230.0788	0.2667	0	0	1	0.4577	0.3333	0	0	1	0.488	4.2667	4	1	12	2.9391	0.2667	0	0	1	0.4577	1.6667	2	0	4	1.2344	27.1333	27	16	35	6.1046	40.2667	41	29	52	5.6753	0.0667	0	0	1	0.2582	0.2	0	0	2	0.5606	0.8	0	0	4	1.2649	0.2667	0	0	4	1.0328	3.4	2	0	10	3.3552	0.1333	0	0	1	0.3519	0	0	0	0	0	0	0	0	0	0	0	0	0	0	0	0.1333	0	0	1	0.3519	0.0667	0	0	1	0.2582	0	0	0	0	0	0	0	0	0	0	0.0667	0	0	1	0.2582	0	0	0	0	0	0	0	0	0	0	0	0	0	0	0	0.2	0	0	2	0.5606	0.0667	0	0	1	0.2582	0.1333	0	0	1	0.3519	0	0	0	0	0	0.0667	0	0	1	0.2582	0.1333	0	0	1	0.3519	0.2667	0	0	1	0.4577	0.2	0	0	1	0.414	1	0	0	3	1.2536	0.2	0	0	2	0.5606	0.0667	0	0	1	0.2582	0	0	0	0	0	0.1333	0	0	1	0.3519	0	0	0	0	0	0.4667	0	0	2	0.6399	0.2667	0	0	2	0.5936	0	0	0	0	0	0.9333	1	0	3	0.8837	0.4667	0	0	2	0.7432	0.0667	0	0	1	0.2582	0.0667	0	0	1	0.2582	0	0	0	0	0	59	63	17	109	27.4539	104.8667	103	26	203	51.0614	1.3333	1	0	4	1.291	1.4	1	0	6	1.4041	1.4	1	0	4	1.3522	0.2	0	0	2	0.5606	0.8667	0	0	6	1.7674
JHH368ROI007_ROI_007.ome.tif	cf11f806-87a1-4610-98c1-7b4d0e955988	Detection		HLA-DR: Other	Annotation	Polygon	22.3	74.92	0.0465	16.3016	24.8003	0.3331	0.6469	8.5604	4.7255	4540.7778	4449.5	4016	5376	359.3498	0.7222	1	0	2	0.7519	0.4444	0	0	2	0.8556	4.3889	3	0	19	4.4871	0.5556	0	0	3	0.9218	3.2222	1	0	16	4.4133	26.9444	26.5	16	42	7.5184	40.0556	39	25	68	10.1197	0.0556	0	0	1	0.2357	0.1111	0	0	1	0.3234	2.5556	1.5	0	9	2.8743	0.1667	0	0	2	0.5145	7.1111	5.5	0	18	5.9	0.7778	0.5	0	3	1.0033	1.4444	1	0	5	1.5424	0.1667	0	0	1	0.3835	1.3889	0	0	6	1.9445	0.2778	0	0	1	0.4609	0.1111	0	0	1	0.3234	0.0556	0	0	1	0.2357	0.2778	0	0	2	0.5745	0.7222	0.5	0	3	0.8948	1	0.5	0	5	1.4951	1.1667	0	0	14	3.2765	0	0	0	0	0	2	0	0	12	3.5147	0.2778	0	0	2	0.6691	0.3889	0	0	2	0.7775	0.1111	0	0	1	0.3234	0.1667	0	0	1	0.3835	6.4444	5	0	18	6.051	1.2778	0	0	11	2.9267	0.1667	0	0	1	0.3835	0.5	0	0	3	0.8575	1.5	0	0	21	4.89	1.8333	1	0	8	2.3073	0.3333	0	0	4	1.029	0.0556	0	0	1	0.2357	3	2	0	9	2.6122	1.8889	2	0	5	1.5676	0.3333	0	0	3	0.767	0.4444	0	0	5	1.2472	11.3889	11.5	0	29	9.6414	0.4444	0	0	3	0.8556	0.1667	0	0	1	0.3835	0.1111	0	0	1	0.3234	0.2222	0	0	1	0.4278	245.2778	176.5	26	655	193.0031	461.4445	342	79	1318	361.6261	4.2778	4.5	0	8	2.516	8	5.5	2	21	6.0488	2	2	0	5	1.372	0.3889	0	0	2	0.6978	0.7222	0	0	5	1.2744
JHH368ROI007_ROI_007.ome.tif	95083c95-56ed-4cf3-bb51-478e8b7d483a	Detection		HLA-DR: Other	Annotation	Polygon	51.94	57.32	0.0272	17.2157	16.7783	0.7685	0.9946	6.2052	4.09	4495.5	4509	4080	4948	278.4557	0.375	0	0	2	0.6191	0.3125	0	0	1	0.4787	2.5	2	0	5	1.3663	0.3125	0	0	1	0.4787	1.875	1.5	0	8	1.9279	25.75	26.5	18	34	5.7096	44.1875	42	29	69	10.9983	0.125	0	0	1	0.3416	0	0	0	0	0	15.4375	12	1	44	12.3016	0.3125	0	0	3	0.7932	18.25	16.5	2	35	10.9087	0.875	1	0	3	1.0247	0.375	0	0	1	0.5	0.125	0	0	1	0.3416	0.5625	0	0	2	0.7274	0.4375	0	0	2	0.7274	0.125	0	0	1	0.3416	0.4375	0	0	3	0.8139	0.125	0	0	1	0.3416	1.0625	1	0	5	1.3889	0.1875	0	0	2	0.5439	0.25	0	0	2	0.5774	0	0	0	0	0	0.625	0	0	2	0.8062	0.3125	0	0	3	0.7932	0.1875	0	0	2	0.5439	0	0	0	0	0	0	0	0	0	0	0.3125	0	0	3	0.7932	0.75	0	0	3	1	0.1875	0	0	1	0.4031	0.625	0	0	2	0.8062	0.3125	0	0	1	0.4787	0.8125	0	0	5	1.3769	0	0	0	0	0	0.1875	0	0	1	0.4031	0.125	0	0	1	0.3416	1.6875	2	0	4	1.3525	0.625	1	0	2	0.6191	0.0625	0	0	1	0.25	34.375	31	1	81	25.5131	2.25	2	0	6	1.6931	0.6875	0	0	5	1.4477	0	0	0	0	0	0	0	0	0	0	53.9375	30.5	6	193	57.5192	98.8125	56.5	23	374	104.1404	5.125	4	1	12	3.1596	7.875	7.5	0	15	4.9917	2.4375	1.5	0	9	2.3656	0.5625	0	0	4	1.1529	0.75	1	0	2	0.7746
JHH368ROI007_ROI_007.ome.tif	332b05c9-09e7-4193-9f44-61345908738c	Detection		HLA-DR: CAF	Annotation	Polygon	53.24	34.49	0.0253	26.5668	29.9487	0.3722	0.7448	10.8869	4.4762	4485.2593	4512	3884	5194	302.8886	0.4444	0	0	3	0.7511	0.3704	0	0	2	0.5649	2.7778	3	0	10	2.3094	0.1481	0	0	1	0.362	7.5185	6	0	30	7.0948	26.6667	25	14	42	7.8544	37.4815	37	22	56	8.2805	0.0741	0	0	1	0.2669	0.037	0	0	1	0.1925	3.4815	1	0	16	4.5266	0.6667	0	0	6	1.3587	9	8	0	31	7.2854	0.4074	0	0	2	0.636	0.3333	0	0	2	0.5547	0.037	0	0	1	0.1925	0.2222	0	0	2	0.5064	0.1852	0	0	2	0.4833	0.1111	0	0	3	0.5774	0.037	0	0	1	0.1925	0.1481	0	0	2	0.456	0.4444	0	0	2	0.698	0.037	0	0	1	0.1925	0.1852	0	0	2	0.4833	0	0	0	0	0	1.037	1	0	4	1.2855	0.037	0	0	1	0.1925	0.3333	0	0	2	0.5547	0	0	0	0	0	0.1481	0	0	2	0.456	0.2593	0	0	2	0.5944	0.3704	0	0	2	0.5649	0.1111	0	0	1	0.3203	0.5185	0	0	3	0.8932	1.4815	0	0	24	4.972	0.0741	0	0	1	0.2669	0.1111	0	0	2	0.4237	0.1852	0	0	1	0.3958	0.5926	0	0	5	1.2484	1.2593	1	0	7	1.8101	0.3704	0	0	2	0.7415	0.0741	0	0	1	0.2669	20.963	16	7	48	11.2026	0.6296	0	0	4	1.0057	0.1852	0	0	2	0.4833	0.1481	0	0	1	0.362	0.1111	0	0	1	0.3203	176.8519	166	20	425	111.5795	336.037	327	42	855	212.3114	3.6296	3	0	8	2.7894	4.9259	5	0	11	3.2216	2.2963	2	0	5	1.6128	0.3333	0	0	2	0.6202	0.7037	1	0	3	0.8234
JHH368ROI007_ROI_007.ome.tif	94ac2da3-f5ff-463a-8f50-a117d875a006	Detection		Other	Annotation	Polygon	74.4	15.21	0.0242	12.3823	14.4185	0.7485	1	5.2483	3.6777	4546.3638	4441	4136	4946	261.3849	0.6364	0	0	3	1.0269	0	0	0	0	0	2.2727	2	0	5	1.6181	0.7273	0	0	3	1.0091	1.9091	2	0	4	1.221	29.4545	28	20	45	7.4076	44.0909	48	30	56	9.5337	0.1818	0	0	1	0.4045	0.0909	0	0	1	0.3015	0.6364	1	0	2	0.6742	0	0	0	0	0	2.1818	2	0	6	1.94	0.0909	0	0	1	0.3015	0.0909	0	0	1	0.3015	0	0	0	0	0	0.4545	0	0	2	0.6876	0	0	0	0	0	0	0	0	0	0	0.0909	0	0	1	0.3015	0	0	0	0	0	0.3636	0	0	1	0.5045	0	0	0	0	0	0	0	0	0	0	0	0	0	0	0	0.3636	0	0	1	0.5045	0.0909	0	0	1	0.3015	0	0	0	0	0	0.3636	0	0	2	0.809	0.2727	0	0	1	0.4671	0.1818	0	0	1	0.4045	0.1818	0	0	1	0.4045	0.1818	0	0	1	0.4045	0.4545	0	0	3	0.9342	2.1818	1	0	7	2.4008	0.2727	0	0	2	0.6467	0	0	0	0	0	0.1818	0	0	2	0.603	0.0909	0	0	1	0.3015	2.1818	2	0	6	1.834	0	0	0	0	0	0.0909	0	0	1	0.3015	4	4	0	12	3.3466	0.8182	0	0	6	1.7787	0.2727	0	0	2	0.6467	0	0	0	0	0	0	0	0	0	0	71.0909	65	5	171	57.6532	133.0909	146	19	309	101.4677	3.5455	1	1	17	4.7616	3.2727	3	0	7	2.0045	1.3636	1	0	5	1.5015	0.1818	0	0	1	0.4045	0.4545	0	0	3	0.9342
JHH368ROI007_ROI_007.ome.tif	7e722c15-e750-4027-a739-cd1812f9c271	Detection		Other	Annotation	Polygon	95.28	94.35	0.0217	11.1936	13.3186	0.793	1	5.3227	3.3683	4503.5	4459	3993	5092	365.499	0.25	0	0	1	0.4523	0.3333	0	0	1	0.4924	1.9167	2	0	6	1.6765	0.1667	0	0	1	0.3892	2	2	0	6	1.6514	27.1667	26.5	20	39	5.6219	40.0833	38	29	50	6.3741	0.0833	0	0	1	0.2887	0.25	0	0	1	0.4523	0.8333	0.5	0	2	0.9374	0.0833	0	0	1	0.2887	3.0833	2.5	0	9	3.1176	0.0833	0	0	1	0.2887	0.25	0	0	2	0.6216	0.0833	0	0	1	0.2887	0	0	0	0	0	0	0	0	0	0	0	0	0	0	0	0.25	0	0	1	0.4523	0	0	0	0	0	0	0	0	0	0	0.1667	0	0	1	0.3892	0.1667	0	0	1	0.3892	0	0	0	0	0	1.4167	1	0	6	1.832	0	0	0	0	0	0.0833	0	0	1	0.2887	0.0833	0	0	1	0.2887	0.1667	0	0	1	0.3892	0	0	0	0	0	0.3333	0	0	2	0.6513	0	0	0	0	0	0.1667	0	0	1	0.3892	0.0833	0	0	1	0.2887	0.5833	0	0	3	0.9962	0	0	0	0	0	0.3333	0	0	1	0.4924	0.25	0	0	2	0.6216	0.3333	0	0	2	0.6513	0.4167	0	0	4	1.1645	0.0833	0	0	1	0.2887	0.4167	0	0	2	0.6686	0.0833	0	0	1	0.2887	0	0	0	0	0	0	0	0	0	0	0.0833	0	0	1	0.2887	123.75	90.5	30	355	104.7882	218.3333	170.5	47	527	164.7683	2.75	2	1	6	1.6583	3.5833	2.5	0	9	3.4234	1.4167	1	0	3	0.9003	0.4167	0	0	1	0.5149	0.8333	0	0	3	1.1146
JHH368ROI007_ROI_007.ome.tif	8c02b2a3-39a3-4d56-8a94-6e6943b1fb51	Detection		Other	Annotation	Polygon	8.089	5.404	0.0195	12.3464	16.7912	0.5503	0.7664	5.5335	4.09	4553	4546.5	3920	5039	377.9605	0.1667	0	0	1	0.3892	0.75	0	0	4	1.2154	3.3333	2.5	1	10	2.5346	0.25	0	0	2	0.6216	3.75	2.5	1	11	3.0488	25.4167	27	17	35	6.3311	41.25	37.5	32	55	8.2366	0	0	0	0	0	0	0	0	0	0	5.5833	4	1	18	4.9627	0.3333	0	0	1	0.4924	9.0833	9	1	19	5.9614	0.0833	0	0	1	0.2887	0.5833	0	0	4	1.1645	0.1667	0	0	2	0.5774	0.0833	0	0	1	0.2887	0	0	0	0	0	0	0	0	0	0	0.1667	0	0	2	0.5774	0.0833	0	0	1	0.2887	0.8333	0	0	4	1.2673	0	0	0	0	0	0	0	0	0	0	0	0	0	0	0	0.25	0	0	1	0.4523	0.25	0	0	2	0.6216	0	0	0	0	0	0.0833	0	0	1	0.2887	0.1667	0	0	1	0.3892	0.3333	0	0	2	0.6513	0.1667	0	0	1	0.3892	0.25	0	0	2	0.6216	0.5	0	0	2	0.6742	0.1667	0	0	1	0.3892	0.1667	0	0	2	0.5774	0	0	0	0	0	0	0	0	0	0	0.3333	0	0	3	0.8876	1.25	0.5	0	4	1.5448	0.25	0	0	1	0.4523	0.25	0	0	3	0.866	2.8333	2	0	6	2.4058	0.8333	1	0	3	0.9374	0.1667	0	0	1	0.3892	0	0	0	0	0	0.0833	0	0	1	0.2887	69.3333	50.5	26	155	41.4758	125	85.5	47	242	76.1828	3.4167	3.5	1	6	1.7299	4.8333	3.5	1	11	3.8099	1.6667	1	0	4	1.3027	0.4167	0	0	2	0.6686	0.4167	0	0	2	0.6686
JHH368ROI007_ROI_007.ome.tif	8307bb9c-c4f5-4e26-bd79-0b7d5723145f	Detection		HLA-DR: Other	Annotation	Polygon	29.04	32.25	0.0182	17.4867	18.7316	0.6263	0.8796	6.9837	4.0458	4601.8887	4657	4109	4972	239.0614	0.2778	0	0	2	0.5745	0.1667	0	0	2	0.5145	1.8333	1	0	7	1.9778	0.8889	0.5	0	3	1.0226	2.1111	2	0	6	1.641	27.9444	28	19	37	5.1045	40.0556	40.5	25	53	7.416	0.0556	0	0	1	0.2357	0.1111	0	0	1	0.3234	22.8889	22.5	12	41	8.1738	0.4444	0	0	2	0.6157	25.2778	15	2	83	23.0493	0.5556	0	0	4	1.0416	0.7222	0	0	3	1.0178	0.2222	0	0	3	0.7321	0.3333	0	0	2	0.5941	18.1111	18	7	34	7.8056	0.1111	0	0	1	0.3234	0.5	0	0	4	1.1504	0.2778	0	0	2	0.5745	0.5	0	0	3	0.8575	0.1111	0	0	1	0.3234	0.0556	0	0	1	0.2357	0.1111	0	0	1	0.3234	1.6667	1	0	5	1.6088	0.6111	0	0	3	0.8498	1.0556	0	0	12	2.8589	0.4444	0	0	2	0.7048	0.1111	0	0	1	0.3234	1.5	1	0	4	1.3827	0.4444	0	0	2	0.6157	0.8333	0.5	0	3	1.0432	3.7222	3	0	10	2.6303	0.6111	0	0	3	0.8498	0.5556	0	0	2	0.7048	0.0556	0	0	1	0.2357	0.5556	0	0	3	0.7838	0.9444	0.5	0	4	1.259	4.9444	5	1	10	2.4846	1.1111	1	0	4	1.1827	0.1667	0	0	1	0.3835	9.4444	7.5	2	27	6.0413	2.0556	2	0	5	1.626	16.2778	13	0	45	12.5079	0.0556	0	0	1	0.2357	0.1111	0	0	1	0.3234	70.0556	52.5	21	176	46.8772	128.4444	98	59	321	75.1479	6.5	5.5	2	13	3.5687	11.8333	12	5	17	3.1296	6.7778	6.5	1	17	4.5317	0.3333	0	0	3	0.767	0.7222	0	0	2	0.8948
JHH368ROI007_ROI_007.ome.tif	c213225f-dadd-493a-a41e-bc2c03c0885c	Detection		Other	Annotation	Polygon	66.04	35.81	0.0172	10.9804	13.6287	0.7429	1	5.4871	3.1352	4552.0835	4482.5	4246	5057	238.0514	0.25	0	0	1	0.4523	0.3333	0	0	1	0.4924	6	5	3	11	2.7961	0.4167	0	0	2	0.6686	1.75	1.5	0	6	1.8153	28.5833	28	18	42	7.2295	36.5833	39.5	25	43	5.9154	0	0	0	0	0	0	0	0	0	0	1.75	2	0	4	0.9653	0	0	0	0	0	5.5	4.5	1	15	4.6417	0.1667	0	0	1	0.3892	0.0833	0	0	1	0.2887	0.0833	0	0	1	0.2887	0.0833	0	0	1	0.2887	0	0	0	0	0	0.1667	0	0	2	0.5774	0.1667	0	0	1	0.3892	0.1667	0	0	2	0.5774	0.1667	0	0	1	0.3892	0	0	0	0	0	0.0833	0	0	1	0.2887	0	0	0	0	0	0.25	0	0	1	0.4523	0.0833	0	0	1	0.2887	0.0833	0	0	1	0.2887	0	0	0	0	0	0.3333	0	0	1	0.4924	0.0833	0	0	1	0.2887	0.4167	0	0	2	0.6686	0.1667	0	0	1	0.3892	1.4167	1	0	4	1.379	0.0833	0	0	1	0.2887	0.0833	0	0	1	0.2887	0.0833	0	0	1	0.2887	0	0	0	0	0	0	0	0	0	0	0.5833	0	0	3	0.9003	0.0833	0	0	1	0.2887	0.1667	0	0	1	0.3892	1.4167	0.5	0	8	2.3143	0.25	0	0	2	0.6216	0.1667	0	0	1	0.3892	0.0833	0	0	1	0.2887	0	0	0	0	0	69.1667	65.5	25	137	29.2694	124.8333	117.5	53	277	55.0435	2.1667	1.5	0	4	1.6967	1.75	1	0	4	1.4848	1.5	1	0	4	1.3143	0.25	0	0	3	0.866	0.5833	0	0	3	0.9962
JHH368ROI007_ROI_007.ome.tif	6bcb8185-d2c5-4ad1-b9b5-64a1e0c9c69e	Detection		Other	Annotation	Polygon	20.05	65.58	0.0139	24.2804	19.3099	0.8183	1	7.2395	5.0207	4471.6816	4491.5	4137	4799	209.8374	0.1818	0	0	2	0.5011	0.5455	0	0	2	0.671	5.9091	5	1	13	3.6892	0.5455	0	0	6	1.405	1.5455	1.5	0	4	1.405	26.7727	27	18	36	5.0041	38.8182	39	26	55	6.7021	0.1818	0	0	2	0.5011	0.0455	0	0	1	0.2132	2.6364	2	0	7	1.9407	0.1818	0	0	2	0.5011	4.0909	2	0	18	4.9657	0.1818	0	0	2	0.5011	0.2727	0	0	2	0.5505	0	0	0	0	0	0	0	0	0	0	0.0909	0	0	1	0.2942	0	0	0	0	0	0.1364	0	0	2	0.4676	0.0909	0	0	1	0.2942	0.5455	0	0	3	0.8579	0.0909	0	0	2	0.4264	0	0	0	0	0	0	0	0	0	0	0.0909	0	0	1	0.2942	0	0	0	0	0	0.1364	0	0	2	0.4676	0	0	0	0	0	0	0	0	0	0	0.1818	0	0	2	0.5011	0.0455	0	0	1	0.2132	0.0455	0	0	1	0.2132	0.2727	0	0	2	0.7025	0.1364	0	0	1	0.3513	0.1818	0	0	2	0.5011	0	0	0	0	0	0.0455	0	0	1	0.2132	0.0455	0	0	1	0.2132	0.4545	0	0	4	0.9117	0.2273	0	0	1	0.4289	0.0909	0	0	2	0.4264	0.8182	0	0	4	1.1807	0.3636	0	0	3	0.7267	0.2273	0	0	2	0.5284	0	0	0	0	0	0	0	0	0	0	12.8182	10	2	48	11.2064	28.4091	22	8	80	18.7176	1.8636	1.5	0	5	1.4241	0.8182	1	0	3	0.9069	0.6818	0.5	0	2	0.7799	0.0909	0	0	1	0.2942	0.2273	0	0	1	0.4289
JHH368ROI007_ROI_007.ome.tif	fe20bcb7-d62a-4f70-8e56-6f016d01867f	Detection		Other	Annotation	Polygon	63.4	58.67	0.013	21.2762	23.8425	0.4703	0.7418	8.0056	5.2554	4441.7617	4446	4025	5314	329.3893	0.1905	0	0	2	0.5118	0.2381	0	0	2	0.539	6.381	5	0	17	4.6634	0.5238	0	0	3	0.8729	1.5714	1	0	6	1.3256	27.0952	25	15	44	8.366	38.8571	38	25	58	8.8842	0.1905	0	0	1	0.4024	0.0952	0	0	1	0.3008	1.4286	1	0	7	1.9124	0.0952	0	0	1	0.3008	3.8095	3	0	13	3.7366	0.0476	0	0	1	0.2182	0	0	0	0	0	0	0	0	0	0	0.0476	0	0	1	0.2182	0.1429	0	0	2	0.4781	0	0	0	0	0	0.0476	0	0	1	0.2182	0	0	0	0	0	0.0476	0	0	1	0.2182	0	0	0	0	0	0.1905	0	0	2	0.5118	0	0	0	0	0	0.1429	0	0	1	0.3586	0.1429	0	0	1	0.3586	0.2381	0	0	1	0.4364	0.0476	0	0	1	0.2182	0.0476	0	0	1	0.2182	0.0476	0	0	1	0.2182	0.381	0	0	4	0.9735	0.0476	0	0	1	0.2182	0.1905	0	0	2	0.5118	0.1905	0	0	2	0.5118	0	0	0	0	0	0	0	0	0	0	0.0476	0	0	1	0.2182	0.0952	0	0	1	0.3008	0.4286	0	0	3	0.7464	0.0952	0	0	1	0.3008	0.0476	0	0	1	0.2182	0.6667	1	0	3	0.7958	0.3333	0	0	2	0.6583	0.1429	0	0	1	0.3586	0.0476	0	0	1	0.2182	0	0	0	0	0	56.0476	38	1	181	54.9722	99.2381	78	5	318	95.5745	2.0476	2	0	8	2.0119	1.1905	1	0	7	1.6006	1	1	0	7	1.5811	0.0952	0	0	1	0.3008	0.619	0	0	4	1.117
JHH368ROI007_ROI_007.ome.tif	b93ee5d6-ecab-4aec-a82f-cd953ef23948	Detection		Other	Annotation	Polygon	11.58	0.1234	0.0128	18.6472	17.0416	0.8069	1	6.2192	4.2635	4571.8184	4473	4384	5027	200.8143	0.2727	0	0	2	0.6467	0.3636	0	0	1	0.5045	4.2727	5	1	8	2.0538	1.2727	0	0	9	2.6492	2.3636	1	0	9	2.6181	26.5455	27	14	38	7.5943	40.2727	40	31	51	6.1496	0.0909	0	0	1	0.3015	0	0	0	0	0	11.7273	12	3	25	5.7112	0.6364	0	0	3	1.0269	14	13	2	41	10.9179	0.5455	0	0	3	0.9342	0.3636	0	0	2	0.6742	0.0909	0	0	1	0.3015	0	0	0	0	0	0.0909	0	0	1	0.3015	0	0	0	0	0	0	0	0	0	0	0.1818	0	0	2	0.603	0.2727	0	0	2	0.6467	0	0	0	0	0	0.3636	0	0	4	1.206	0	0	0	0	0	0.4545	0	0	1	0.5222	0.3636	0	0	2	0.6742	0.3636	0	0	4	1.206	0.0909	0	0	1	0.3015	0.1818	0	0	1	0.4045	0.1818	0	0	1	0.4045	0.1818	0	0	2	0.603	0	0	0	0	0	0.8182	1	0	2	0.7508	0.0909	0	0	1	0.3015	0.0909	0	0	1	0.3015	0.0909	0	0	1	0.3015	0.2727	0	0	1	0.4671	0.6364	0	0	5	1.5015	3.3636	2	0	10	3.4139	0.4545	0	0	3	0.9342	0.1818	0	0	2	0.603	3.0909	2	0	13	3.8067	0.9091	0	0	4	1.3003	0.4545	0	0	2	0.6876	0	0	0	0	0	0	0	0	0	0	25.4545	23	18	46	8.9035	48.4545	42	19	97	25.7968	3.3636	3	1	9	2.4196	6.3636	5	1	14	4.5005	2.1818	1	1	5	1.6011	0.2727	0	0	1	0.4671	0.6364	0	0	2	0.809
JHH368ROI007_ROI_007.ome.tif	6e1c1474-5f95-497f-99da-4de839c91b3e	Detection		Other	Annotation	Polygon	15.12	45	0.0124	16.6347	15.8261	0.8346	1	5.6148	4.329	4540.7222	4615.5	4092	4893	239.3963	0.3333	0	0	2	0.5941	0.6111	0	0	2	0.7775	3.1667	2.5	0	10	2.5029	0.2778	0	0	5	1.1785	1.9444	1.5	0	6	1.6968	25.7222	24	15	38	5.8892	40.4444	39.5	32	52	5.5117	0.0556	0	0	1	0.2357	0	0	0	0	0	2.2222	1	0	24	5.5789	0.1111	0	0	1	0.3234	3.1111	2	0	12	3.3936	0.1667	0	0	2	0.5145	0.9444	0	0	6	1.5519	0	0	0	0	0	0.0556	0	0	1	0.2357	0.3889	0	0	3	0.7775	0	0	0	0	0	0.2222	0	0	2	0.5483	0.0556	0	0	1	0.2357	0.2222	0	0	1	0.4278	0	0	0	0	0	0	0	0	0	0	0	0	0	0	0	0.9444	0	0	4	1.3921	0.0556	0	0	1	0.2357	0	0	0	0	0	0.1111	0	0	1	0.3234	0.1111	0	0	1	0.3234	0.1667	0	0	2	0.5145	0.3333	0	0	2	0.686	0	0	0	0	0	0.2222	0	0	1	0.4278	0.0556	0	0	1	0.2357	0.2778	0	0	5	1.1785	0	0	0	0	0	0.1667	0	0	1	0.3835	0.5	0	0	3	0.8575	0.6111	0	0	4	0.9785	0.1111	0	0	1	0.3234	0	0	0	0	0	2.6667	2	1	7	1.9097	0.6667	0.5	0	3	0.8402	1.1111	1	0	4	1.3235	0	0	0	0	0	0	0	0	0	0	104.1667	81.5	15	308	89.7744	183.9444	130.5	35	486	150.276	1.9444	1	0	4	1.4742	3.0556	3	0	8	2.1549	1.8889	1.5	0	5	1.3235	0.3333	0	0	1	0.4851	0.4444	0	0	2	0.7048
JHH368ROI007_ROI_007.ome.tif	ee00f65c-25cc-4b8d-a883-ee239cd2a008	Detection		HLA-DR: Other	Annotation	Polygon	16.7	10.59	0.012	14.3343	17.1946	0.6093	0.8695	6.2948	3.7051	4642.9287	4608	4182	5007	241.6798	0.2857	0	0	2	0.6112	0.2143	0	0	1	0.4258	4.8571	4.5	1	10	2.8245	0.7143	0	0	5	1.3828	2.0714	2	0	6	1.9793	25.3571	25.5	14	36	6.0715	39.5	37.5	32	54	6.7225	0	0	0	0	0	0.1429	0	0	1	0.3631	2.6429	2.5	0	8	2.4371	0.7143	1	0	2	0.7263	31.7857	25.5	6	87	22.8109	1.3571	1	0	4	1.4469	0.2857	0	0	1	0.4688	0	0	0	0	0	0.8571	0.5	0	5	1.3506	0.0714	0	0	1	0.2673	0.1429	0	0	1	0.3631	0	0	0	0	0	0	0	0	0	0	0.5	0	0	2	0.6504	0.0714	0	0	1	0.2673	0.1429	0	0	1	0.3631	0	0	0	0	0	1.6429	1	0	7	2.4371	0.3571	0	0	2	0.7449	1	0	0	4	1.3587	0	0	0	0	0	0.1429	0	0	1	0.3631	0.5714	0.5	0	2	0.6462	0.2857	0	0	2	0.6112	0.2143	0	0	1	0.4258	1	1	0	5	1.3587	0.7143	0.5	0	3	0.9139	0.1429	0	0	1	0.3631	0	0	0	0	0	0.3571	0	0	1	0.4972	0.4286	0	0	2	0.7559	3	1.5	0	10	3.2106	0.5714	0	0	3	0.8516	0.1429	0	0	1	0.3631	15.5	6.5	2	43	14.4155	1.2143	0.5	0	6	1.9287	0.2143	0	0	1	0.4258	0.0714	0	0	1	0.2673	0.1429	0	0	1	0.3631	23.6429	15	8	111	26.255	39.0714	28	10	190	44.8081	4.8571	3.5	0	11	3.4386	9.2143	7.5	0	26	8.2292	1.7857	2	0	4	1.0509	0.2857	0	0	2	0.6112	0.7143	0	0	4	1.1387
JHH368ROI007_ROI_007.ome.tif	7aad3447-f029-4e46-995d-a62e19268cbe	Detection		Other	Annotation	Polygon	75.94	38.65	0.0112	14.5864	19.2021	0.4971	0.7977	7.0075	3.841	4560.7998	4606	3777	5114	339.8496	0.4	0	0	1	0.5071	0.5333	0	0	2	0.7432	1.6	1	0	4	1.2421	0.0667	0	0	1	0.2582	1.9333	2	0	4	1.2228	25.7333	27	16	36	6.1	37.0667	35	24	58	9.1298	0	0	0	0	0	0	0	0	0	0	2.8	1	0	9	2.7568	0.4667	0	0	2	0.6399	8.7333	7	1	32	9.1219	0.4	0	0	2	0.7368	0.3333	0	0	3	0.8165	0	0	0	0	0	0.0667	0	0	1	0.2582	0.2	0	0	1	0.414	0	0	0	0	0	0.3333	0	0	2	0.7237	0	0	0	0	0	0.3333	0	0	2	0.6172	0	0	0	0	0	0.0667	0	0	1	0.2582	0	0	0	0	0	0.2667	0	0	1	0.4577	0.2	0	0	1	0.414	0.5333	0	0	3	0.9155	0.0667	0	0	1	0.2582	0.1333	0	0	1	0.3519	1.2	1	0	4	1.2071	0	0	0	0	0	0	0	0	0	0	0.7333	0	0	3	0.9612	1.4667	1	0	9	2.4162	0.1333	0	0	1	0.3519	0.4	0	0	5	1.2984	0.0667	0	0	1	0.2582	0.6667	0	0	3	0.9759	0.8	1	0	2	0.5606	0.1333	0	0	1	0.3519	0.1333	0	0	2	0.5164	0.3333	0	0	2	0.6172	0.2667	0	0	1	0.4577	0.0667	0	0	1	0.2582	0	0	0	0	0	0	0	0	0	0	93	65	29	267	68.0431	156.8	126	55	476	116.7116	3.6	3	0	8	2.5014	4.9333	4	0	13	3.3905	1.5333	1	0	7	1.8465	0.3333	0	0	3	0.8165	0.7333	0	0	4	1.1629
JHH368ROI007_ROI_007.ome.tif	8a195a3d-3855-4ed8-8999-3af3f0e03c16	Detection		HLA-DR: Other	Annotation	Polygon	73.88	11.34	0.0112	19.4696	17.2953	0.8179	1	6.3286	4.2592	4427.1001	4443.5	3766	4991	253.1105	0.35	0	0	2	0.5871	0.6	0	0	4	0.9947	0.9	1	0	4	1.0208	0.05	0	0	1	0.2236	1.9	1.5	0	6	1.5526	26.8	26	20	38	5.7179	40.15	40	27	51	6.3435	0.1	0	0	1	0.3078	0	0	0	0	0	1.25	1	0	3	1.0699	0.25	0	0	2	0.5501	4.15	3	0	10	3.3447	0.4	0	0	2	0.6806	0.2	0	0	3	0.6959	0.05	0	0	1	0.2236	0.45	0	0	3	0.887	0	0	0	0	0	0.1	0	0	1	0.3078	0.15	0	0	1	0.3663	0.1	0	0	1	0.3078	0.1	0	0	1	0.3078	0.1	0	0	1	0.3078	0.05	0	0	1	0.2236	0	0	0	0	0	0.95	0.5	0	4	1.2763	0.1	0	0	1	0.3078	0.2	0	0	4	0.8944	0	0	0	0	0	0	0	0	0	0	0.15	0	0	1	0.3663	0.05	0	0	1	0.2236	0.1	0	0	1	0.3078	0.4	0	0	4	0.9403	1.5	1	0	8	1.9868	0.05	0	0	1	0.2236	0	0	0	0	0	0.15	0	0	2	0.4894	0.05	0	0	1	0.2236	0.6	0	0	2	0.7539	0.25	0	0	1	0.4443	0.3	0	0	2	0.5712	8.9	6	1	26	7.4544	0.1	0	0	1	0.3078	0.05	0	0	1	0.2236	0	0	0	0	0	0	0	0	0	0	29.35	14.5	4	121	31.201	52.5	28	7	200	56.5569	1.95	1	0	9	2.305	3	2	0	16	3.3087	1.4	1	0	5	1.429	0.5	0	0	3	0.7609	0.55	0	0	3	0.8256
JHH368ROI007_ROI_007.ome.tif	7558011f-64a6-456f-8866-c0fd5b4619cc	Detection		Other: tumor_mesenchymal	Annotation	Polygon	33.29	60.35	0.0106	10.2542	13.7944	0.6772	1	5.3566	3.1968	4474.2002	4515	4137	4756	212.277	0.2	0	0	1	0.4216	0.7	0.5	0	2	0.8233	1.4	1.5	0	4	1.4298	1	1	0	2	0.8165	1.8	2	0	4	1.3166	22.1	22	12	30	5.4661	40.9	39	31	56	8.9623	0	0	0	0	0	0.1	0	0	1	0.3162	16.2	19	1	34	12.9855	0.3	0	0	1	0.483	11.4	10	0	25	9.3595	0.5	0	0	2	0.7071	0.4	0	0	1	0.5164	0.2	0	0	1	0.4216	0	0	0	0	0	24.1	6.5	0	125	38.8257	0.7	0	0	3	1.2517	0.1	0	0	1	0.3162	0.1	0	0	1	0.3162	0.5	0	0	2	0.7071	0.1	0	0	1	0.3162	0	0	0	0	0	0	0	0	0	0	0.5	0	0	3	0.9718	0.7	0	0	2	0.9487	0.1	0	0	1	0.3162	0	0	0	0	0	0.2	0	0	1	0.4216	0.1	0	0	1	0.3162	0.9	1	0	3	0.8756	0.8	0.5	0	3	1.0328	2.7	1.5	0	10	3.164	0.6	0.5	0	2	0.6992	0.2	0	0	1	0.4216	0.3	0	0	1	0.483	0.9	0.5	0	3	1.1005	0.6	0	0	3	0.9661	3.6	3	2	7	1.5055	1.3	1	0	4	1.2517	0.3	0	0	1	0.483	1.2	1	0	3	1.0328	1.6	1	0	6	1.9551	65	9	1	333	107.1105	0	0	0	0	0	0	0	0	0	0	74.2	44	8	291	85.4827	135.1	94	30	471	137.3377	6	6	1	12	3.0551	6.5	6	3	11	2.9533	6.6	5	1	14	5.0155	0.4	0	0	1	0.5164	0.6	0	0	2	0.8433
JHH368ROI007_ROI_007.ome.tif	77e51f8e-713c-485b-b83c-9828390d033f	Detection		Other	Annotation	Polygon	44.21	24.87	0.0101	16.779	18.6998	0.603	0.8653	7.2096	4.1233	4535.6841	4514	4240	4905	203.0126	0.1053	0	0	1	0.3153	0.7895	0	0	3	0.9763	8.6842	8	3	20	3.9023	0.7368	1	0	2	0.7335	1.7368	2	0	4	1.0976	23.2632	24	12	41	7.3548	40.0526	41	17	57	11.2372	0.2105	0	0	1	0.4189	0	0	0	0	0	13.8947	10	1	46	11.1848	0.6842	0	0	4	1.3765	17.3158	11	2	63	16.7267	0.4211	0	0	2	0.6925	0.2105	0	0	2	0.5353	0.0526	0	0	1	0.2294	0.2105	0	0	2	0.5353	0.2105	0	0	2	0.5353	0.1579	0	0	1	0.3746	0.1579	0	0	3	0.6882	0	0	0	0	0	0.2105	0	0	1	0.4189	0.1053	0	0	1	0.3153	0.2632	0	0	2	0.562	0	0	0	0	0	0.1579	0	0	1	0.3746	0.2632	0	0	1	0.4524	0.3684	0	0	2	0.5973	0.3158	0	0	4	0.9459	0	0	0	0	0	0.1579	0	0	1	0.3746	0.3158	0	0	1	0.4776	0.1053	0	0	1	0.3153	1.3684	1	0	6	1.6401	0.2105	0	0	1	0.4189	0.2105	0	0	1	0.4189	0.1053	0	0	2	0.4588	0.1579	0	0	3	0.6882	0.2105	0	0	2	0.5353	1.3684	1	0	4	1.1648	0.7895	1	0	5	1.1822	0.2632	0	0	1	0.4524	2.3158	1	0	12	3.056	1.0526	1	0	4	1.2236	0.3684	0	0	4	0.9551	0	0	0	0	0	0	0	0	0	0	94.2105	42	8	279	100.6681	178.1579	73	15	515	191.5412	4.1053	4	1	13	2.8654	3.6842	3	1	9	2.3346	2.3158	2	0	6	1.6004	0.3684	0	0	3	0.7609	0.4737	0	0	2	0.6967
