x,y,z,ecm
-790,-790,0,5.482633400285557
-770,-790,0,5.482633400285557
-750,-790,0,5.482633400285557
-730,-790,0,5.482633400285557
-710,-790,0,5.482633400285557
-690,-790,0,5.482633400285557
-670,-790,0,5.482633400285557
-650,-790,0,5.482633400285557
-630,-790,0,5.482633400285557
-610,-790,0,5.482633400285557
-590,-790,0,5.482633400285557
-570,-790,0,5.482633400285557
-550,-790,0,5.482633400285557
-530,-790,0,5.482633400285557
-510,-790,0,5.482633400285557
-490,-790,0,5.482633400285557
-470,-790,0,5.482633400285557
-450,-790,0,5.482633400285557
-430,-790,0,5.482633400285557
-410,-790,0,5.482633400285557
-390,-790,0,5.482633400285557
-370,-790,0,5.482633400285557
-350,-790,0,5.482633400285557
-330,-790,0,5.482633400285557
-310,-790,0,5.482633400285557
-290,-790,0,5.482633400285557
-270,-790,0,5.482633400285557
-250,-790,0,5.482633400285557
-230,-790,0,5.482633400285557
-210,-790,0,5.482633400285557
-190,-790,0,5.482633400285557
-170,-790,0,5.482633400285557
-150,-790,0,5.482633400285557
-130,-790,0,5.482633400285557
-110,-790,0,5.482633400285557
-90,-790,0,5.482633400285557
-70,-790,0,5.482633400285557
-50,-790,0,5.482633400285557
-30,-790,0,5.482633400285557
-10,-790,0,5.482633400285557
10,-790,0,5.482633400285557
30,-790,0,5.482633400285557
50,-790,0,5.482633400285557
70,-790,0,5.482633400285557
90,-790,0,5.482633400285557
110,-790,0,5.482633400285557
130,-790,0,5.482633400285557
150,-790,0,5.482633400285557
170,-790,0,5.482633400285557
190,-790,0,5.482633400285557
210,-790,0,5.482633400285557
230,-790,0,5.482633400285557
250,-790,0,5.482633400285557
270,-790,0,5.482633400285557
290,-790,0,5.482633400285557
310,-790,0,5.482633400285557
330,-790,0,5.482633400285557
350,-790,0,5.482633400285557
370,-790,0,5.482633400285557
390,-790,0,5.482633400285557
410,-790,0,5.482633400285557
430,-790,0,5.482633400285557
450,-790,0,5.482633400285557
470,-790,0,5.482633400285557
490,-790,0,5.482633400285557
510,-790,0,5.482633400285557
530,-790,0,5.482633400285557
550,-790,0,5.482633400285557
570,-790,0,5.482633400285557
590,-790,0,5.482633400285557
610,-790,0,5.482633400285557
630,-790,0,5.482633400285557
650,-790,0,5.482633400285557
670,-790,0,5.482633400285557
690,-790,0,5.482633400285557
710,-790,0,5.482633400285557
730,-790,0,5.482633400285557
750,-790,0,5.482633400285557
770,-790,0,5.482633400285557
790,-790,0,5.482633400285557
-790,-770,0,5.482633400285557
-770,-770,0,5.482633400285557
-750,-770,0,5.482633400285557
-730,-770,0,5.482633400285557
-710,-770,0,5.482633400285557
-690,-770,0,5.482633400285557
-670,-770,0,5.482633400285557
-650,-770,0,5.482633400285557
-630,-770,0,5.482633400285557
-610,-770,0,5.482633400285557
-590,-770,0,5.482633400285557
-570,-770,0,5.482633400285557
-550,-770,0,5.482633400285557
-530,-770,0,5.482633400285557
-510,-770,0,5.482633400285557
-490,-770,0,5.482633400285557
-470,-770,0,5.482633400285557
-450,-770,0,5.482633400285557
-430,-770,0,5.482633400285557
-410,-770,0,5.482633400285557
-390,-770,0,5.482633400285557
-370,-770,0,5.482633400285557
-350,-770,0,5.482633400285557
-330,-770,0,5.482633400285557
-310,-770,0,5.482633400285557
-290,-770,0,5.482633400285557
-270,-770,0,5.482633400285557
-250,-770,0,5.482633400285557
-230,-770,0,5.482633400285557
-210,-770,0,5.482633400285557
-190,-770,0,5.482633400285557
-170,-770,0,5.482633400285557
-150,-770,0,5.482633400285557
-130,-770,0,5.482633400285557
-110,-770,0,5.482633400285557
-90,-770,0,5.482633400285557
-70,-770,0,5.482633400285557
-50,-770,0,5.482633400285557
-30,-770,0,5.482633400285557
-10,-770,0,5.482633400285557
10,-770,0,5.482633400285557
30,-770,0,5.482633400285557
50,-770,0,5.482633400285557
70,-770,0,5.482633400285557
90,-770,0,5.482633400285557
110,-770,0,5.482633400285557
130,-770,0,5.482633400285557
150,-770,0,5.482633400285557
170,-770,0,5.482633400285557
190,-770,0,5.482633400285557
210,-770,0,5.482633400285557
230,-770,0,5.482633400285557
250,-770,0,5.482633400285557
270,-770,0,5.482633400285557
290,-770,0,5.482633400285557
310,-770,0,5.482633400285557
330,-770,0,5.482633400285557
350,-770,0,5.482633400285557
370,-770,0,5.482633400285557
390,-770,0,5.482633400285557
410,-770,0,5.482633400285557
430,-770,0,5.482633400285557
450,-770,0,5.482633400285557
470,-770,0,5.482633400285557
490,-770,0,5.482633400285557
510,-770,0,5.482633400285557
530,-770,0,5.482633400285557
550,-770,0,5.482633400285557
570,-770,0,5.482633400285557
590,-770,0,5.482633400285557
610,-770,0,5.482633400285557
630,-770,0,5.482633400285557
650,-770,0,5.482633400285557
670,-770,0,5.482633400285557
690,-770,0,5.482633400285557
710,-770,0,5.482633400285557
730,-770,0,5.482633400285557
750,-770,0,5.482633400285557
770,-770,0,5.482633400285557
790,-770,0,5.482633400285557
-790,-750,0,5.482633400285557
-770,-750,0,5.482633400285557
-750,-750,0,5.482633400285557
-730,-750,0,5.482633400285557
-710,-750,0,5.482633400285557
-690,-750,0,5.482633400285557
-670,-750,0,5.482633400285557
-650,-750,0,5.482633400285557
-630,-750,0,5.482633400285557
-610,-750,0,5.482633400285557
-590,-750,0,5.482633400285557
-570,-750,0,5.482633400285557
-550,-750,0,5.482633400285557
-530,-750,0,5.482633400285557
-510,-750,0,5.482633400285557
-490,-750,0,5.482633400285557
-470,-750,0,5.482633400285557
-450,-750,0,5.482633400285557
-430,-750,0,5.482633400285557
-410,-750,0,5.482633400285557
-390,-750,0,5.482633400285557
-370,-750,0,5.482633400285557
-350,-750,0,5.482633400285557
-330,-750,0,5.482633400285557
-310,-750,0,5.482633400285557
-290,-750,0,5.482633400285557
-270,-750,0,5.482633400285557
-250,-750,0,5.482633400285557
-230,-750,0,5.482633400285557
-210,-750,0,5.482633400285557
-190,-750,0,5.482633400285557
-170,-750,0,5.482633400285557
-150,-750,0,5.482633400285557
-130,-750,0,5.482633400285557
-110,-750,0,5.482633400285557
-90,-750,0,5.482633400285557
-70,-750,0,5.482633400285557
-50,-750,0,5.482633400285557
-30,-750,0,5.482633400285557
-10,-750,0,5.482633400285557
10,-750,0,5.482633400285557
30,-750,0,5.482633400285557
50,-750,0,5.482633400285557
70,-750,0,5.482633400285557
90,-750,0,5.482633400285557
110,-750,0,5.482633400285557
130,-750,0,5.482633400285557
150,-750,0,5.482633400285557
170,-750,0,5.482633400285557
190,-750,0,5.482633400285557
210,-750,0,5.482633400285557
230,-750,0,5.482633400285557
250,-750,0,5.482633400285557
270,-750,0,5.482633400285557
290,-750,0,5.482633400285557
310,-750,0,5.482633400285557
330,-750,0,5.482633400285557
350,-750,0,5.482633400285557
370,-750,0,5.482633400285557
390,-750,0,5.482633400285557
410,-750,0,5.482633400285557
430,-750,0,5.482633400285557
450,-750,0,5.482633400285557
470,-750,0,5.482633400285557
490,-750,0,5.482633400285557
510,-750,0,5.482633400285557
530,-750,0,5.482633400285557
550,-750,0,5.482633400285557
570,-750,0,5.482633400285557
590,-750,0,5.482633400285557
610,-750,0,5.482633400285557
630,-750,0,5.482633400285557
650,-750,0,5.482633400285557
670,-750,0,5.482633400285557
690,-750,0,5.482633400285557
710,-750,0,5.482633400285557
730,-750,0,5.482633400285557
750,-750,0,5.482633400285557
770,-750,0,5.482633400285557
790,-750,0,5.482633400285557
-790,-730,0,5.482633400285557
-770,-730,0,5.482633400285557
-750,-730,0,5.482633400285557
-730,-730,0,5.482633400285557
-710,-730,0,5.482633400285557
-690,-730,0,5.482633400285557
-670,-730,0,5.482633400285557
-650,-730,0,5.482633400285557
-630,-730,0,5.482633400285557
-610,-730,0,5.482633400285557
-590,-730,0,5.482633400285557
-570,-730,0,5.482633400285557
-550,-730,0,5.482633400285557
-530,-730,0,5.482633400285557
-510,-730,0,5.482633400285557
-490,-730,0,5.482633400285557
-470,-730,0,5.482633400285557
-450,-730,0,5.482633400285557
-430,-730,0,5.482633400285557
-410,-730,0,5.482633400285557
-390,-730,0,5.482633400285557
-370,-730,0,5.482633400285557
-350,-730,0,5.482633400285557
-330,-730,0,5.482633400285557
-310,-730,0,5.482633400285557
-290,-730,0,5.482633400285557
-270,-730,0,5.482633400285557
-250,-730,0,5.482633400285557
-230,-730,0,5.482633400285557
-210,-730,0,5.482633400285557
-190,-730,0,5.482633400285557
-170,-730,0,5.482633400285557
-150,-730,0,5.482633400285557
-130,-730,0,5.482633400285557
-110,-730,0,5.482633400285557
-90,-730,0,5.482633400285557
-70,-730,0,5.482633400285557
-50,-730,0,5.482633400285557
-30,-730,0,5.482633400285557
-10,-730,0,5.482633400285557
10,-730,0,5.482633400285557
30,-730,0,5.482633400285557
50,-730,0,5.482633400285557
70,-730,0,5.482633400285557
90,-730,0,5.482633400285557
110,-730,0,5.482633400285557
130,-730,0,5.482633400285557
150,-730,0,5.482633400285557
170,-730,0,5.482633400285557
190,-730,0,5.482633400285557
210,-730,0,5.482633400285557
230,-730,0,5.482633400285557
250,-730,0,5.482633400285557
270,-730,0,5.482633400285557
290,-730,0,5.482633400285557
310,-730,0,5.482633400285557
330,-730,0,5.482633400285557
350,-730,0,5.482633400285557
370,-730,0,5.482633400285557
390,-730,0,5.482633400285557
410,-730,0,5.482633400285557
430,-730,0,5.482633400285557
450,-730,0,5.482633400285557
470,-730,0,5.482633400285557
490,-730,0,5.482633400285557
510,-730,0,5.482633400285557
530,-730,0,5.482633400285557
550,-730,0,5.482633400285557
570,-730,0,5.482633400285557
590,-730,0,5.482633400285557
610,-730,0,5.482633400285557
630,-730,0,5.482633400285557
650,-730,0,5.482633400285557
670,-730,0,5.482633400285557
690,-730,0,5.482633400285557
710,-730,0,5.482633400285557
730,-730,0,5.482633400285557
750,-730,0,5.482633400285557
770,-730,0,5.482633400285557
790,-730,0,5.482633400285557
-790,-710,0,5.482633400285557
-770,-710,0,5.482633400285557
-750,-710,0,5.482633400285557
-730,-710,0,5.482633400285557
-710,-710,0,5.482633400285557
-690,-710,0,5.482633400285557
-670,-710,0,5.482633400285557
-650,-710,0,5.482633400285557
-630,-710,0,5.482633400285557
-610,-710,0,5.482633400285557
-590,-710,0,5.482633400285557
-570,-710,0,5.482633400285557
-550,-710,0,5.482633400285557
-530,-710,0,5.482633400285557
-510,-710,0,5.482633400285557
-490,-710,0,5.482633400285557
-470,-710,0,5.482633400285557
-450,-710,0,5.482633400285557
-430,-710,0,5.482633400285557
-410,-710,0,5.482633400285557
-390,-710,0,5.482633400285557
-370,-710,0,5.482633400285557
-350,-710,0,5.482633400285557
-330,-710,0,5.482633400285557
-310,-710,0,5.482633400285557
-290,-710,0,5.482633400285557
-270,-710,0,5.482633400285557
-250,-710,0,5.482633400285557
-230,-710,0,5.482633400285557
-210,-710,0,5.482633400285557
-190,-710,0,5.482633400285557
-170,-710,0,5.482633400285557
-150,-710,0,5.482633400285557
-130,-710,0,5.482633400285557
-110,-710,0,5.482633400285557
-90,-710,0,5.482633400285557
-70,-710,0,5.482633400285557
-50,-710,0,5.482633400285557
-30,-710,0,5.482633400285557
-10,-710,0,5.482633400285557
10,-710,0,5.482633400285557
30,-710,0,5.482633400285557
50,-710,0,5.482633400285557
70,-710,0,5.482633400285557
90,-710,0,5.482633400285557
110,-710,0,5.482633400285557
130,-710,0,5.482633400285557
150,-710,0,5.482633400285557
170,-710,0,5.482633400285557
190,-710,0,5.482633400285557
210,-710,0,5.482633400285557
230,-710,0,5.482633400285557
250,-710,0,5.482633400285557
270,-710,0,5.482633400285557
290,-710,0,5.482633400285557
310,-710,0,5.482633400285557
330,-710,0,5.482633400285557
350,-710,0,5.482633400285557
370,-710,0,5.482633400285557
390,-710,0,5.482633400285557
410,-710,0,5.482633400285557
430,-710,0,5.482633400285557
450,-710,0,5.482633400285557
470,-710,0,5.482633400285557
490,-710,0,5.482633400285557
510,-710,0,5.482633400285557
530,-710,0,5.482633400285557
550,-710,0,5.482633400285557
570,-710,0,5.482633400285557
590,-710,0,5.482633400285557
610,-710,0,5.482633400285557
630,-710,0,5.482633400285557
650,-710,0,5.482633400285557
670,-710,0,5.482633400285557
690,-710,0,5.482633400285557
710,-710,0,5.482633400285557
730,-710,0,5.482633400285557
750,-710,0,5.482633400285557
770,-710,0,5.482633400285557
790,-710,0,5.482633400285557
-790,-690,0,5.482633400285557
-770,-690,0,5.482633400285557
-750,-690,0,5.482633400285557
-730,-690,0,5.482633400285557
-710,-690,0,5.482633400285557
-690,-690,0,5.482633400285557
-670,-690,0,5.482633400285557
-650,-690,0,5.482633400285557
-630,-690,0,5.482633400285557
-610,-690,0,5.482633400285557
-590,-690,0,5.482633400285557
-570,-690,0,5.482633400285557
-550,-690,0,5.482633400285557
-530,-690,0,5.482633400285557
-510,-690,0,5.482633400285557
-490,-690,0,5.482633400285557
-470,-690,0,5.482633400285557
-450,-690,0,5.482633400285557
-430,-690,0,5.482633400285557
-410,-690,0,5.482633400285557
-390,-690,0,5.482633400285557
-370,-690,0,5.482633400285557
-350,-690,0,5.482633400285557
-330,-690,0,5.482633400285557
-310,-690,0,5.482633400285557
-290,-690,0,5.482633400285557
-270,-690,0,5.482633400285557
-250,-690,0,5.482633400285557
-230,-690,0,5.482633400285557
-210,-690,0,5.482633400285557
-190,-690,0,5.482633400285557
-170,-690,0,5.482633400285557
-150,-690,0,5.482633400285557
-130,-690,0,5.482633400285557
-110,-690,0,5.482633400285557
-90,-690,0,5.482633400285557
-70,-690,0,5.482633400285557
-50,-690,0,5.482633400285557
-30,-690,0,5.482633400285557
-10,-690,0,5.482633400285557
10,-690,0,5.482633400285557
30,-690,0,5.482633400285557
50,-690,0,5.482633400285557
70,-690,0,5.482633400285557
90,-690,0,5.482633400285557
110,-690,0,5.482633400285557
130,-690,0,5.482633400285557
150,-690,0,5.482633400285557
170,-690,0,5.482633400285557
190,-690,0,5.482633400285557
210,-690,0,5.482633400285557
230,-690,0,5.482633400285557
250,-690,0,5.482633400285557
270,-690,0,5.482633400285557
290,-690,0,5.482633400285557
310,-690,0,5.482633400285557
330,-690,0,5.482633400285557
350,-690,0,5.482633400285557
370,-690,0,5.482633400285557
390,-690,0,5.482633400285557
410,-690,0,5.482633400285557
430,-690,0,5.482633400285557
450,-690,0,5.482633400285557
470,-690,0,5.482633400285557
490,-690,0,5.482633400285557
510,-690,0,5.482633400285557
530,-690,0,5.482633400285557
550,-690,0,5.482633400285557
570,-690,0,5.482633400285557
590,-690,0,5.482633400285557
610,-690,0,5.482633400285557
630,-690,0,5.482633400285557
650,-690,0,5.482633400285557
670,-690,0,5.482633400285557
690,-690,0,5.482633400285557
710,-690,0,5.482633400285557
730,-690,0,5.482633400285557
750,-690,0,5.482633400285557
770,-690,0,5.482633400285557
790,-690,0,5.482633400285557
-790,-670,0,5.482633400285557
-770,-670,0,5.482633400285557
-750,-670,0,5.482633400285557
-730,-670,0,5.482633400285557
-710,-670,0,5.482633400285557
-690,-670,0,5.482633400285557
-670,-670,0,5.482633400285557
-650,-670,0,5.482633400285557
-630,-670,0,5.482633400285557
-610,-670,0,5.482633400285557
-590,-670,0,5.482633400285557
-570,-670,0,5.482633400285557
-550,-670,0,5.482633400285557
-530,-670,0,5.482633400285557
-510,-670,0,5.482633400285557
-490,-670,0,5.482633400285557
-470,-670,0,5.482633400285557
-450,-670,0,5.482633400285557
-430,-670,0,5.482633400285557
-410,-670,0,5.482633400285557
-390,-670,0,5.482633400285557
-370,-670,0,5.482633400285557
-350,-670,0,5.482633400285557
-330,-670,0,5.482633400285557
-310,-670,0,5.482633400285557
-290,-670,0,5.482633400285557
-270,-670,0,5.482633400285557
-250,-670,0,5.482633400285557
-230,-670,0,5.482633400285557
-210,-670,0,5.482633400285557
-190,-670,0,5.482633400285557
-170,-670,0,5.482633400285557
-150,-670,0,5.482633400285557
-130,-670,0,5.482633400285557
-110,-670,0,5.482633400285557
-90,-670,0,5.482633400285557
-70,-670,0,5.482633400285557
-50,-670,0,5.482633400285557
-30,-670,0,5.482633400285557
-10,-670,0,5.482633400285557
10,-670,0,5.482633400285557
30,-670,0,5.482633400285557
50,-670,0,5.482633400285557
70,-670,0,5.482633400285557
90,-670,0,5.482633400285557
110,-670,0,5.482633400285557
130,-670,0,5.482633400285557
150,-670,0,5.482633400285557
170,-670,0,5.482633400285557
190,-670,0,5.482633400285557
210,-670,0,5.482633400285557
230,-670,0,5.482633400285557
250,-670,0,5.482633400285557
270,-670,0,5.482633400285557
290,-670,0,5.482633400285557
310,-670,0,5.482633400285557
330,-670,0,5.482633400285557
350,-670,0,5.482633400285557
370,-670,0,5.482633400285557
390,-670,0,5.482633400285557
410,-670,0,5.482633400285557
430,-670,0,5.482633400285557
450,-670,0,5.482633400285557
470,-670,0,5.482633400285557
490,-670,0,5.482633400285557
510,-670,0,5.482633400285557
530,-670,0,5.482633400285557
550,-670,0,5.482633400285557
570,-670,0,5.482633400285557
590,-670,0,5.482633400285557
610,-670,0,5.482633400285557
630,-670,0,5.482633400285557
650,-670,0,5.482633400285557
670,-670,0,5.482633400285557
690,-670,0,5.482633400285557
710,-670,0,5.482633400285557
730,-670,0,5.482633400285557
750,-670,0,5.482633400285557
770,-670,0,5.482633400285557
790,-670,0,5.482633400285557
-790,-650,0,5.482633400285557
-770,-650,0,5.482633400285557
-750,-650,0,5.482633400285557
-730,-650,0,5.482633400285557
-710,-650,0,5.482633400285557
-690,-650,0,5.482633400285557
-670,-650,0,5.482633400285557
-650,-650,0,5.482633400285557
-630,-650,0,5.482633400285557
-610,-650,0,5.482633400285557
-590,-650,0,5.482633400285557
-570,-650,0,5.482633400285557
-550,-650,0,5.482633400285557
-530,-650,0,5.482633400285557
-510,-650,0,5.482633400285557
-490,-650,0,5.482633400285557
-470,-650,0,5.482633400285557
-450,-650,0,5.482633400285557
-430,-650,0,5.482633400285557
-410,-650,0,5.482633400285557
-390,-650,0,5.482633400285557
-370,-650,0,5.482633400285557
-350,-650,0,5.482633400285557
-330,-650,0,5.482633400285557
-310,-650,0,5.482633400285557
-290,-650,0,5.482633400285557
-270,-650,0,5.482633400285557
-250,-650,0,5.482633400285557
-230,-650,0,5.482633400285557
-210,-650,0,5.482633400285557
-190,-650,0,5.482633400285557
-170,-650,0,5.482633400285557
-150,-650,0,5.482633400285557
-130,-650,0,5.482633400285557
-110,-650,0,5.482633400285557
-90,-650,0,5.482633400285557
-70,-650,0,5.482633400285557
-50,-650,0,5.482633400285557
-30,-650,0,5.482633400285557
-10,-650,0,5.482633400285557
10,-650,0,5.482633400285557
30,-650,0,5.482633400285557
50,-650,0,5.482633400285557
70,-650,0,5.482633400285557
90,-650,0,5.482633400285557
110,-650,0,5.482633400285557
130,-650,0,5.482633400285557
150,-650,0,5.482633400285557
170,-650,0,5.482633400285557
190,-650,0,5.482633400285557
210,-650,0,5.482633400285557
230,-650,0,5.482633400285557
250,-650,0,5.482633400285557
270,-650,0,5.482633400285557
290,-650,0,5.482633400285557
310,-650,0,5.482633400285557
330,-650,0,5.482633400285557
350,-650,0,5.482633400285557
370,-650,0,5.482633400285557
390,-650,0,5.482633400285557
410,-650,0,5.482633400285557
430,-650,0,5.482633400285557
450,-650,0,5.482633400285557
470,-650,0,5.482633400285557
490,-650,0,5.482633400285557
510,-650,0,5.482633400285557
530,-650,0,5.482633400285557
550,-650,0,5.482633400285557
570,-650,0,5.482633400285557
590,-650,0,5.482633400285557
610,-650,0,5.482633400285557
630,-650,0,5.482633400285557
650,-650,0,5.482633400285557
670,-650,0,5.482633400285557
690,-650,0,5.482633400285557
710,-650,0,5.482633400285557
730,-650,0,5.482633400285557
750,-650,0,5.482633400285557
770,-650,0,5.482633400285557
790,-650,0,5.482633400285557
-790,-630,0,5.482633400285557
-770,-630,0,5.482633400285557
-750,-630,0,5.482633400285557
-730,-630,0,5.482633400285557
-710,-630,0,5.482633400285557
-690,-630,0,5.482633400285557
-670,-630,0,5.482633400285557
-650,-630,0,5.482633400285557
-630,-630,0,5.482633400285557
-610,-630,0,5.482633400285557
-590,-630,0,5.482633400285557
-570,-630,0,5.482633400285557
-550,-630,0,5.482633400285557
-530,-630,0,5.482633400285557
-510,-630,0,5.482633400285557
-490,-630,0,5.482633400285557
-470,-630,0,5.482633400285557
-450,-630,0,5.482633400285557
-430,-630,0,5.482633400285557
-410,-630,0,5.482633400285557
-390,-630,0,5.482633400285557
-370,-630,0,5.482633400285557
-350,-630,0,5.482633400285557
-330,-630,0,5.482633400285557
-310,-630,0,5.482633400285557
-290,-630,0,5.482633400285557
-270,-630,0,5.482633400285557
-250,-630,0,5.482633400285557
-230,-630,0,5.482633400285557
-210,-630,0,5.482633400285557
-190,-630,0,5.482633400285557
-170,-630,0,5.482633400285557
-150,-630,0,5.482633400285557
-130,-630,0,5.482633400285557
-110,-630,0,5.482633400285557
-90,-630,0,5.482633400285557
-70,-630,0,5.482633400285557
-50,-630,0,5.482633400285557
-30,-630,0,5.482633400285557
-10,-630,0,5.482633400285557
10,-630,0,5.482633400285557
30,-630,0,5.482633400285557
50,-630,0,5.482633400285557
70,-630,0,5.482633400285557
90,-630,0,5.482633400285557
110,-630,0,5.482633400285557
130,-630,0,5.482633400285557
150,-630,0,5.482633400285557
170,-630,0,5.482633400285557
190,-630,0,5.482633400285557
210,-630,0,5.482633400285557
230,-630,0,5.482633400285557
250,-630,0,5.482633400285557
270,-630,0,5.482633400285557
290,-630,0,5.482633400285557
310,-630,0,5.482633400285557
330,-630,0,5.482633400285557
350,-630,0,5.482633400285557
370,-630,0,5.482633400285557
390,-630,0,5.482633400285557
410,-630,0,5.482633400285557
430,-630,0,5.482633400285557
450,-630,0,5.482633400285557
470,-630,0,5.482633400285557
490,-630,0,5.482633400285557
510,-630,0,5.482633400285557
530,-630,0,5.482633400285557
550,-630,0,5.482633400285557
570,-630,0,5.482633400285557
590,-630,0,5.482633400285557
610,-630,0,5.482633400285557
630,-630,0,5.482633400285557
650,-630,0,5.482633400285557
670,-630,0,5.482633400285557
690,-630,0,5.482633400285557
710,-630,0,5.482633400285557
730,-630,0,5.482633400285557
750,-630,0,5.482633400285557
770,-630,0,5.482633400285557
790,-630,0,5.482633400285557
-790,-610,0,5.482633400285557
-770,-610,0,5.482633400285557
-750,-610,0,5.482633400285557
-730,-610,0,5.482633400285557
-710,-610,0,5.482633400285557
-690,-610,0,5.482633400285557
-670,-610,0,5.482633400285557
-650,-610,0,5.482633400285557
-630,-610,0,5.482633400285557
-610,-610,0,5.482633400285557
-590,-610,0,5.482633400285557
-570,-610,0,5.482633400285557
-550,-610,0,5.482633400285557
-530,-610,0,5.482633400285557
-510,-610,0,5.482633400285557
-490,-610,0,5.482633400285557
-470,-610,0,5.482633400285557
-450,-610,0,5.482633400285557
-430,-610,0,5.482633400285557
-410,-610,0,5.482633400285557
-390,-610,0,5.482633400285557
-370,-610,0,5.482633400285557
-350,-610,0,5.482633400285557
-330,-610,0,5.482633400285557
-310,-610,0,5.482633400285557
-290,-610,0,5.482633400285557
-270,-610,0,5.482633400285557
-250,-610,0,5.482633400285557
-230,-610,0,5.482633400285557
-210,-610,0,5.482633400285557
-190,-610,0,5.482633400285557
-170,-610,0,5.482633400285557
-150,-610,0,5.482633400285557
-130,-610,0,5.482633400285557
-110,-610,0,5.482633400285557
-90,-610,0,5.482633400285557
-70,-610,0,5.482633400285557
-50,-610,0,5.482633400285557
-30,-610,0,5.482633400285557
-10,-610,0,5.482633400285557
10,-610,0,5.482633400285557
30,-610,0,5.482633400285557
50,-610,0,5.482633400285557
70,-610,0,5.482633400285557
90,-610,0,5.482633400285557
110,-610,0,5.482633400285557
130,-610,0,5.482633400285557
150,-610,0,5.482633400285557
170,-610,0,5.482633400285557
190,-610,0,5.482633400285557
210,-610,0,5.482633400285557
230,-610,0,5.482633400285557
250,-610,0,5.482633400285557
270,-610,0,5.482633400285557
290,-610,0,5.482633400285557
310,-610,0,5.482633400285557
330,-610,0,5.482633400285557
350,-610,0,5.482633400285557
370,-610,0,5.482633400285557
390,-610,0,5.482633400285557
410,-610,0,5.482633400285557
430,-610,0,5.482633400285557
450,-610,0,5.482633400285557
470,-610,0,5.482633400285557
490,-610,0,5.482633400285557
510,-610,0,5.482633400285557
530,-610,0,5.482633400285557
550,-610,0,5.482633400285557
570,-610,0,5.482633400285557
590,-610,0,5.482633400285557
610,-610,0,5.482633400285557
630,-610,0,5.482633400285557
650,-610,0,5.482633400285557
670,-610,0,5.482633400285557
690,-610,0,5.482633400285557
710,-610,0,5.482633400285557
730,-610,0,5.482633400285557
750,-610,0,5.482633400285557
770,-610,0,5.482633400285557
790,-610,0,5.482633400285557
-790,-590,0,5.482633400285557
-770,-590,0,5.482633400285557
-750,-590,0,5.482633400285557
-730,-590,0,5.482633400285557
-710,-590,0,5.482633400285557
-690,-590,0,5.482633400285557
-670,-590,0,5.482633400285557
-650,-590,0,5.482633400285557
-630,-590,0,5.482633400285557
-610,-590,0,5.482633400285557
-590,-590,0,5.482633400285557
-570,-590,0,5.482633400285557
-550,-590,0,5.482633400285557
-530,-590,0,5.482633400285557
-510,-590,0,5.482633400285557
-490,-590,0,5.482633400285557
-470,-590,0,5.482633400285557
-450,-590,0,5.482633400285557
-430,-590,0,5.482633400285557
-410,-590,0,5.482633400285557
-390,-590,0,5.482633400285557
-370,-590,0,5.482633400285557
-350,-590,0,5.482633400285557
-330,-590,0,5.482633400285557
-310,-590,0,5.482633400285557
-290,-590,0,5.482633400285557
-270,-590,0,5.482633400285557
-250,-590,0,5.482633400285557
-230,-590,0,5.482633400285557
-210,-590,0,5.482633400285557
-190,-590,0,5.482633400285557
-170,-590,0,5.482633400285557
-150,-590,0,5.482633400285557
-130,-590,0,5.482633400285557
-110,-590,0,5.482633400285557
-90,-590,0,5.482633400285557
-70,-590,0,5.482633400285557
-50,-590,0,5.482633400285557
-30,-590,0,5.482633400285557
-10,-590,0,5.482633400285557
10,-590,0,5.482633400285557
30,-590,0,5.482633400285557
50,-590,0,5.482633400285557
70,-590,0,5.482633400285557
90,-590,0,5.482633400285557
110,-590,0,5.482633400285557
130,-590,0,5.482633400285557
150,-590,0,5.482633400285557
170,-590,0,5.482633400285557
190,-590,0,5.482633400285557
210,-590,0,5.482633400285557
230,-590,0,5.482633400285557
250,-590,0,5.482633400285557
270,-590,0,5.482633400285557
290,-590,0,5.482633400285557
310,-590,0,5.482633400285557
330,-590,0,5.482633400285557
350,-590,0,5.482633400285557
370,-590,0,5.482633400285557
390,-590,0,5.482633400285557
410,-590,0,5.482633400285557
430,-590,0,5.482633400285557
450,-590,0,5.482633400285557
470,-590,0,5.482633400285557
490,-590,0,5.482633400285557
510,-590,0,5.482633400285557
530,-590,0,5.482633400285557
550,-590,0,5.482633400285557
570,-590,0,5.482633400285557
590,-590,0,5.482633400285557
610,-590,0,5.482633400285557
630,-590,0,5.482633400285557
650,-590,0,5.482633400285557
670,-590,0,5.482633400285557
690,-590,0,5.482633400285557
710,-590,0,5.482633400285557
730,-590,0,5.482633400285557
750,-590,0,5.482633400285557
770,-590,0,5.482633400285557
790,-590,0,5.482633400285557
-790,-570,0,5.482633400285557
-770,-570,0,5.482633400285557
-750,-570,0,5.482633400285557
-730,-570,0,5.482633400285557
-710,-570,0,5.482633400285557
-690,-570,0,5.482633400285557
-670,-570,0,5.482633400285557
-650,-570,0,5.482633400285557
-630,-570,0,5.482633400285557
-610,-570,0,5.482633400285557
-590,-570,0,5.482633400285557
-570,-570,0,5.482633400285557
-550,-570,0,5.482633400285557
-530,-570,0,5.482633400285557
-510,-570,0,5.482633400285557
-490,-570,0,5.482633400285557
-470,-570,0,5.482633400285557
-450,-570,0,5.482633400285557
-430,-570,0,5.482633400285557
-410,-570,0,5.482633400285557
-390,-570,0,5.482633400285557
-370,-570,0,5.482633400285557
-350,-570,0,5.482633400285557
-330,-570,0,5.482633400285557
-310,-570,0,5.482633400285557
-290,-570,0,5.482633400285557
-270,-570,0,5.482633400285557
-250,-570,0,5.482633400285557
-230,-570,0,5.482633400285557
-210,-570,0,5.482633400285557
-190,-570,0,5.482633400285557
-170,-570,0,5.482633400285557
-150,-570,0,5.482633400285557
-130,-570,0,5.482633400285557
-110,-570,0,5.482633400285557
-90,-570,0,5.482633400285557
-70,-570,0,5.482633400285557
-50,-570,0,5.482633400285557
-30,-570,0,5.482633400285557
-10,-570,0,5.482633400285557
10,-570,0,5.482633400285557
30,-570,0,5.482633400285557
50,-570,0,5.482633400285557
70,-570,0,5.482633400285557
90,-570,0,5.482633400285557
110,-570,0,5.482633400285557
130,-570,0,5.482633400285557
150,-570,0,5.482633400285557
170,-570,0,5.482633400285557
190,-570,0,5.482633400285557
210,-570,0,5.482633400285557
230,-570,0,5.482633400285557
250,-570,0,5.482633400285557
270,-570,0,5.482633400285557
290,-570,0,5.482633400285557
310,-570,0,5.482633400285557
330,-570,0,5.482633400285557
350,-570,0,5.482633400285557
370,-570,0,5.482633400285557
390,-570,0,5.482633400285557
410,-570,0,5.482633400285557
430,-570,0,5.482633400285557
450,-570,0,5.482633400285557
470,-570,0,5.482633400285557
490,-570,0,5.482633400285557
510,-570,0,5.482633400285557
530,-570,0,5.482633400285557
550,-570,0,5.482633400285557
570,-570,0,5.482633400285557
590,-570,0,5.482633400285557
610,-570,0,5.482633400285557
630,-570,0,5.482633400285557
650,-570,0,5.482633400285557
670,-570,0,5.482633400285557
690,-570,0,5.482633400285557
710,-570,0,5.482633400285557
730,-570,0,5.482633400285557
750,-570,0,5.482633400285557
770,-570,0,5.482633400285557
790,-570,0,5.482633400285557
-790,-550,0,5.482633400285557
-770,-550,0,5.482633400285557
-750,-550,0,5.482633400285557
-730,-550,0,5.482633400285557
-710,-550,0,5.482633400285557
-690,-550,0,5.482633400285557
-670,-550,0,5.482633400285557
-650,-550,0,5.482633400285557
-630,-550,0,5.482633400285557
-610,-550,0,5.482633400285557
-590,-550,0,5.482633400285557
-570,-550,0,5.482633400285557
-550,-550,0,5.482633400285557
-530,-550,0,5.482633400285557
-510,-550,0,5.482633400285557
-490,-550,0,5.482633400285557
-470,-550,0,5.482633400285557
-450,-550,0,5.482633400285557
-430,-550,0,5.482633400285557
-410,-550,0,5.482633400285557
-390,-550,0,5.482633400285557
-370,-550,0,5.482633400285557
-350,-550,0,5.482633400285557
-330,-550,0,5.482633400285557
-310,-550,0,5.482633400285557
-290,-550,0,5.482633400285557
-270,-550,0,5.482633400285557
-250,-550,0,5.482633400285557
-230,-550,0,5.482633400285557
-210,-550,0,5.482633400285557
-190,-550,0,5.482633400285557
-170,-550,0,5.482633400285557
-150,-550,0,5.482633400285557
-130,-550,0,5.482633400285557
-110,-550,0,5.482633400285557
-90,-550,0,5.482633400285557
-70,-550,0,5.482633400285557
-50,-550,0,5.482633400285557
-30,-550,0,5.482633400285557
-10,-550,0,5.482633400285557
10,-550,0,5.482633400285557
30,-550,0,5.482633400285557
50,-550,0,5.482633400285557
70,-550,0,5.482633400285557
90,-550,0,5.482633400285557
110,-550,0,5.482633400285557
130,-550,0,5.482633400285557
150,-550,0,5.482633400285557
170,-550,0,5.482633400285557
190,-550,0,5.482633400285557
210,-550,0,5.482633400285557
230,-550,0,5.482633400285557
250,-550,0,5.482633400285557
270,-550,0,5.482633400285557
290,-550,0,5.482633400285557
310,-550,0,5.482633400285557
330,-550,0,5.482633400285557
350,-550,0,5.482633400285557
370,-550,0,5.482633400285557
390,-550,0,5.482633400285557
410,-550,0,5.482633400285557
430,-550,0,5.482633400285557
450,-550,0,5.482633400285557
470,-550,0,5.482633400285557
490,-550,0,5.482633400285557
510,-550,0,5.482633400285557
530,-550,0,5.482633400285557
550,-550,0,5.482633400285557
570,-550,0,5.482633400285557
590,-550,0,5.482633400285557
610,-550,0,5.482633400285557
630,-550,0,5.482633400285557
650,-550,0,5.482633400285557
670,-550,0,5.482633400285557
690,-550,0,5.482633400285557
710,-550,0,5.482633400285557
730,-550,0,5.482633400285557
750,-550,0,5.482633400285557
770,-550,0,5.482633400285557
790,-550,0,5.482633400285557
-790,-530,0,5.482633400285557
-770,-530,0,5.482633400285557
-750,-530,0,5.482633400285557
-730,-530,0,5.482633400285557
-710,-530,0,5.482633400285557
-690,-530,0,5.482633400285557
-670,-530,0,5.482633400285557
-650,-530,0,5.482633400285557
-630,-530,0,5.482633400285557
-610,-530,0,5.482633400285557
-590,-530,0,5.482633400285557
-570,-530,0,5.482633400285557
-550,-530,0,5.482633400285557
-530,-530,0,5.482633400285557
-510,-530,0,5.482633400285557
-490,-530,0,5.482633400285557
-470,-530,0,5.482633400285557
-450,-530,0,5.482633400285557
-430,-530,0,5.482633400285557
-410,-530,0,5.482633400285557
-390,-530,0,5.482633400285557
-370,-530,0,5.482633400285557
-350,-530,0,5.482633400285557
-330,-530,0,5.482633400285557
-310,-530,0,5.482633400285557
-290,-530,0,5.482633400285557
-270,-530,0,5.482633400285557
-250,-530,0,5.482633400285557
-230,-530,0,5.482633400285557
-210,-530,0,5.482633400285557
-190,-530,0,5.482633400285557
-170,-530,0,5.482633400285557
-150,-530,0,5.482633400285557
-130,-530,0,5.482633400285557
-110,-530,0,5.482633400285557
-90,-530,0,5.482633400285557
-70,-530,0,5.482633400285557
-50,-530,0,5.482633400285557
-30,-530,0,5.482633400285557
-10,-530,0,5.482633400285557
10,-530,0,5.482633400285557
30,-530,0,5.482633400285557
50,-530,0,5.482633400285557
70,-530,0,5.482633400285557
90,-530,0,5.482633400285557
110,-530,0,5.482633400285557
130,-530,0,5.482633400285557
150,-530,0,5.482633400285557
170,-530,0,5.482633400285557
190,-530,0,5.482633400285557
210,-530,0,5.482633400285557
230,-530,0,5.482633400285557
250,-530,0,5.482633400285557
270,-530,0,5.482633400285557
290,-530,0,5.482633400285557
310,-530,0,5.482633400285557
330,-530,0,5.482633400285557
350,-530,0,5.482633400285557
370,-530,0,5.482633400285557
390,-530,0,5.482633400285557
410,-530,0,5.482633400285557
430,-530,0,5.482633400285557
450,-530,0,5.482633400285557
470,-530,0,5.482633400285557
490,-530,0,5.482633400285557
510,-530,0,5.482633400285557
530,-530,0,5.482633400285557
550,-530,0,5.482633400285557
570,-530,0,5.482633400285557
590,-530,0,5.482633400285557
610,-530,0,5.482633400285557
630,-530,0,5.482633400285557
650,-530,0,5.482633400285557
670,-530,0,5.482633400285557
690,-530,0,5.482633400285557
710,-530,0,5.482633400285557
730,-530,0,5.482633400285557
750,-530,0,5.482633400285557
770,-530,0,5.482633400285557
790,-530,0,5.482633400285557
-790,-510,0,5.482633400285557
-770,-510,0,5.482633400285557
-750,-510,0,5.482633400285557
-730,-510,0,5.482633400285557
-710,-510,0,5.482633400285557
-690,-510,0,5.482633400285557
-670,-510,0,5.482633400285557
-650,-510,0,5.482633400285557
-630,-510,0,5.482633400285557
-610,-510,0,5.482633400285557
-590,-510,0,5.482633400285557
-570,-510,0,5.482633400285557
-550,-510,0,5.482633400285557
-530,-510,0,5.482633400285557
-510,-510,0,5.482633400285557
-490,-510,0,5.482633400285557
-470,-510,0,5.482633400285557
-450,-510,0,5.482633400285557
-430,-510,0,5.482633400285557
-410,-510,0,5.482633400285557
-390,-510,0,5.482633400285557
-370,-510,0,5.482633400285557
-350,-510,0,5.482633400285557
-330,-510,0,5.482633400285557
-310,-510,0,5.482633400285557
-290,-510,0,5.482633400285557
-270,-510,0,5.482633400285557
-250,-510,0,5.482633400285557
-230,-510,0,5.482633400285557
-210,-510,0,5.482633400285557
-190,-510,0,5.482633400285557
-170,-510,0,5.482633400285557
-150,-510,0,5.482633400285557
-130,-510,0,5.482633400285557
-110,-510,0,5.482633400285557
-90,-510,0,5.482633400285557
-70,-510,0,5.482633400285557
-50,-510,0,5.482633400285557
-30,-510,0,5.482633400285557
-10,-510,0,5.482633400285557
10,-510,0,5.482633400285557
30,-510,0,5.482633400285557
50,-510,0,5.482633400285557
70,-510,0,5.482633400285557
90,-510,0,5.482633400285557
110,-510,0,5.482633400285557
130,-510,0,5.482633400285557
150,-510,0,5.482633400285557
170,-510,0,5.482633400285557
190,-510,0,5.482633400285557
210,-510,0,5.482633400285557
230,-510,0,5.482633400285557
250,-510,0,5.482633400285557
270,-510,0,5.482633400285557
290,-510,0,5.482633400285557
310,-510,0,5.482633400285557
330,-510,0,5.482633400285557
350,-510,0,5.482633400285557
370,-510,0,5.482633400285557
390,-510,0,5.482633400285557
410,-510,0,5.482633400285557
430,-510,0,5.482633400285557
450,-510,0,5.482633400285557
470,-510,0,5.482633400285557
490,-510,0,5.482633400285557
510,-510,0,5.482633400285557
530,-510,0,5.482633400285557
550,-510,0,5.482633400285557
570,-510,0,5.482633400285557
590,-510,0,5.482633400285557
610,-510,0,5.482633400285557
630,-510,0,5.482633400285557
650,-510,0,5.482633400285557
670,-510,0,5.482633400285557
690,-510,0,5.482633400285557
710,-510,0,5.482633400285557
730,-510,0,5.482633400285557
750,-510,0,5.482633400285557
770,-510,0,5.482633400285557
790,-510,0,5.482633400285557
-790,-490,0,5.482633400285557
-770,-490,0,5.482633400285557
-750,-490,0,5.482633400285557
-730,-490,0,5.482633400285557
-710,-490,0,5.482633400285557
-690,-490,0,5.482633400285557
-670,-490,0,5.482633400285557
-650,-490,0,5.482633400285557
-630,-490,0,5.482633400285557
-610,-490,0,5.482633400285557
-590,-490,0,5.482633400285557
-570,-490,0,5.482633400285557
-550,-490,0,5.482633400285557
-530,-490,0,5.482633400285557
-510,-490,0,5.482633400285557
-490,-490,0,5.482633400285557
-470,-490,0,5.482633400285557
-450,-490,0,5.482633400285557
-430,-490,0,5.482633400285557
-410,-490,0,5.482633400285557
-390,-490,0,5.482633400285557
-370,-490,0,5.482633400285557
-350,-490,0,5.482633400285557
-330,-490,0,5.482633400285557
-310,-490,0,5.482633400285557
-290,-490,0,5.482633400285557
-270,-490,0,5.482633400285557
-250,-490,0,5.482633400285557
-230,-490,0,5.482633400285557
-210,-490,0,5.482633400285557
-190,-490,0,5.482633400285557
-170,-490,0,5.482633400285557
-150,-490,0,5.482633400285557
-130,-490,0,5.482633400285557
-110,-490,0,5.482633400285557
-90,-490,0,5.482633400285557
-70,-490,0,5.482633400285557
-50,-490,0,5.482633400285557
-30,-490,0,5.482633400285557
-10,-490,0,5.482633400285557
10,-490,0,5.482633400285557
30,-490,0,5.482633400285557
50,-490,0,5.482633400285557
70,-490,0,5.482633400285557
90,-490,0,5.482633400285557
110,-490,0,5.482633400285557
130,-490,0,5.482633400285557
150,-490,0,5.482633400285557
170,-490,0,5.482633400285557
190,-490,0,5.482633400285557
210,-490,0,5.482633400285557
230,-490,0,5.482633400285557
250,-490,0,5.482633400285557
270,-490,0,5.482633400285557
290,-490,0,5.482633400285557
310,-490,0,5.482633400285557
330,-490,0,5.482633400285557
350,-490,0,5.482633400285557
370,-490,0,5.482633400285557
390,-490,0,5.482633400285557
410,-490,0,5.482633400285557
430,-490,0,5.482633400285557
450,-490,0,5.482633400285557
470,-490,0,5.482633400285557
490,-490,0,5.482633400285557
510,-490,0,5.482633400285557
530,-490,0,5.482633400285557
550,-490,0,5.482633400285557
570,-490,0,5.482633400285557
590,-490,0,5.482633400285557
610,-490,0,5.482633400285557
630,-490,0,5.482633400285557
650,-490,0,5.482633400285557
670,-490,0,5.482633400285557
690,-490,0,5.482633400285557
710,-490,0,5.482633400285557
730,-490,0,5.482633400285557
750,-490,0,5.482633400285557
770,-490,0,5.482633400285557
790,-490,0,5.482633400285557
-790,-470,0,5.482633400285557
-770,-470,0,5.482633400285557
-750,-470,0,5.482633400285557
-730,-470,0,5.482633400285557
-710,-470,0,5.482633400285557
-690,-470,0,5.482633400285557
-670,-470,0,5.482633400285557
-650,-470,0,5.482633400285557
-630,-470,0,5.482633400285557
-610,-470,0,5.482633400285557
-590,-470,0,5.482633400285557
-570,-470,0,5.482633400285557
-550,-470,0,5.482633400285557
-530,-470,0,5.482633400285557
-510,-470,0,5.482633400285557
-490,-470,0,5.482633400285557
-470,-470,0,5.482633400285557
-450,-470,0,5.482633400285557
-430,-470,0,5.482633400285557
-410,-470,0,5.482633400285557
-390,-470,0,5.482633400285557
-370,-470,0,5.482633400285557
-350,-470,0,5.482633400285557
-330,-470,0,5.482633400285557
-310,-470,0,5.482633400285557
-290,-470,0,5.482633400285557
-270,-470,0,5.482633400285557
-250,-470,0,5.482633400285557
-230,-470,0,5.482633400285557
-210,-470,0,5.482633400285557
-190,-470,0,5.482633400285557
-170,-470,0,5.482633400285557
-150,-470,0,5.482633400285557
-130,-470,0,5.482633400285557
-110,-470,0,5.482633400285557
-90,-470,0,5.482633400285557
-70,-470,0,5.482633400285557
-50,-470,0,5.482633400285557
-30,-470,0,5.482633400285557
-10,-470,0,5.482633400285557
10,-470,0,5.482633400285557
30,-470,0,5.482633400285557
50,-470,0,5.482633400285557
70,-470,0,5.482633400285557
90,-470,0,5.482633400285557
110,-470,0,5.482633400285557
130,-470,0,5.482633400285557
150,-470,0,5.482633400285557
170,-470,0,5.482633400285557
190,-470,0,5.482633400285557
210,-470,0,5.482633400285557
230,-470,0,5.482633400285557
250,-470,0,5.482633400285557
270,-470,0,5.482633400285557
290,-470,0,5.482633400285557
310,-470,0,5.482633400285557
330,-470,0,5.482633400285557
350,-470,0,5.482633400285557
370,-470,0,5.482633400285557
390,-470,0,5.482633400285557
410,-470,0,5.482633400285557
430,-470,0,5.482633400285557
450,-470,0,5.482633400285557
470,-470,0,5.482633400285557
490,-470,0,5.482633400285557
510,-470,0,5.482633400285557
530,-470,0,5.482633400285557
550,-470,0,5.482633400285557
570,-470,0,5.482633400285557
590,-470,0,5.482633400285557
610,-470,0,5.482633400285557
630,-470,0,5.482633400285557
650,-470,0,5.482633400285557
670,-470,0,5.482633400285557
690,-470,0,5.482633400285557
710,-470,0,5.482633400285557
730,-470,0,5.482633400285557
750,-470,0,5.482633400285557
770,-470,0,5.482633400285557
790,-470,0,5.482633400285557
-790,-450,0,5.482633400285557
-770,-450,0,5.482633400285557
-750,-450,0,5.482633400285557
-730,-450,0,5.482633400285557
-710,-450,0,5.482633400285557
-690,-450,0,5.482633400285557
-670,-450,0,5.482633400285557
-650,-450,0,5.482633400285557
-630,-450,0,5.482633400285557
-610,-450,0,5.482633400285557
-590,-450,0,5.482633400285557
-570,-450,0,5.482633400285557
-550,-450,0,5.482633400285557
-530,-450,0,5.482633400285557
-510,-450,0,5.482633400285557
-490,-450,0,5.482633400285557
-470,-450,0,5.482633400285557
-450,-450,0,5.482633400285557
-430,-450,0,5.482633400285557
-410,-450,0,5.482633400285557
-390,-450,0,5.482633400285557
-370,-450,0,5.482633400285557
-350,-450,0,5.482633400285557
-330,-450,0,5.482633400285557
-310,-450,0,5.482633400285557
-290,-450,0,5.482633400285557
-270,-450,0,5.482633400285557
-250,-450,0,5.482633400285557
-230,-450,0,5.482633400285557
-210,-450,0,5.482633400285557
-190,-450,0,5.482633400285557
-170,-450,0,5.482633400285557
-150,-450,0,5.482633400285557
-130,-450,0,5.482633400285557
-110,-450,0,5.482633400285557
-90,-450,0,5.482633400285557
-70,-450,0,5.482633400285557
-50,-450,0,5.482633400285557
-30,-450,0,5.482633400285557
-10,-450,0,5.482633400285557
10,-450,0,5.482633400285557
30,-450,0,5.482633400285557
50,-450,0,5.482633400285557
70,-450,0,5.482633400285557
90,-450,0,5.482633400285557
110,-450,0,5.482633400285557
130,-450,0,5.482633400285557
150,-450,0,5.482633400285557
170,-450,0,5.482633400285557
190,-450,0,5.482633400285557
210,-450,0,5.482633400285557
230,-450,0,5.482633400285557
250,-450,0,5.482633400285557
270,-450,0,5.482633400285557
290,-450,0,5.482633400285557
310,-450,0,5.482633400285557
330,-450,0,5.482633400285557
350,-450,0,5.482633400285557
370,-450,0,5.482633400285557
390,-450,0,5.482633400285557
410,-450,0,5.482633400285557
430,-450,0,5.482633400285557
450,-450,0,5.482633400285557
470,-450,0,5.482633400285557
490,-450,0,5.482633400285557
510,-450,0,5.482633400285557
530,-450,0,5.482633400285557
550,-450,0,5.482633400285557
570,-450,0,5.482633400285557
590,-450,0,5.482633400285557
610,-450,0,5.482633400285557
630,-450,0,5.482633400285557
650,-450,0,5.482633400285557
670,-450,0,5.482633400285557
690,-450,0,5.482633400285557
710,-450,0,5.482633400285557
730,-450,0,5.482633400285557
750,-450,0,5.482633400285557
770,-450,0,5.482633400285557
790,-450,0,5.482633400285557
-790,-430,0,5.482633400285557
-770,-430,0,5.482633400285557
-750,-430,0,5.482633400285557
-730,-430,0,5.482633400285557
-710,-430,0,5.482633400285557
-690,-430,0,5.482633400285557
-670,-430,0,5.482633400285557
-650,-430,0,5.482633400285557
-630,-430,0,5.482633400285557
-610,-430,0,5.482633400285557
-590,-430,0,5.482633400285557
-570,-430,0,5.482633400285557
-550,-430,0,5.482633400285557
-530,-430,0,5.482633400285557
-510,-430,0,5.482633400285557
-490,-430,0,5.482633400285557
-470,-430,0,5.482633400285557
-450,-430,0,5.482633400285557
-430,-430,0,5.482633400285557
-410,-430,0,5.482633400285557
-390,-430,0,5.482633400285557
-370,-430,0,5.482633400285557
-350,-430,0,5.482633400285557
-330,-430,0,5.482633400285557
-310,-430,0,5.482633400285557
-290,-430,0,5.482633400285557
-270,-430,0,5.482633400285557
-250,-430,0,5.482633400285557
-230,-430,0,5.482633400285557
-210,-430,0,5.482633400285557
-190,-430,0,5.482633400285557
-170,-430,0,5.482633400285557
-150,-430,0,5.482633400285557
-130,-430,0,5.482633400285557
-110,-430,0,5.482633400285557
-90,-430,0,5.482633400285557
-70,-430,0,5.482633400285557
-50,-430,0,5.482633400285557
-30,-430,0,5.482633400285557
-10,-430,0,5.482633400285557
10,-430,0,5.482633400285557
30,-430,0,5.482633400285557
50,-430,0,5.482633400285557
70,-430,0,5.482633400285557
90,-430,0,5.482633400285557
110,-430,0,5.482633400285557
130,-430,0,5.482633400285557
150,-430,0,5.482633400285557
170,-430,0,5.482633400285557
190,-430,0,5.482633400285557
210,-430,0,5.482633400285557
230,-430,0,5.482633400285557
250,-430,0,5.482633400285557
270,-430,0,5.482633400285557
290,-430,0,5.482633400285557
310,-430,0,5.482633400285557
330,-430,0,5.482633400285557
350,-430,0,5.482633400285557
370,-430,0,5.482633400285557
390,-430,0,5.482633400285557
410,-430,0,5.482633400285557
430,-430,0,5.482633400285557
450,-430,0,5.482633400285557
470,-430,0,5.482633400285557
490,-430,0,5.482633400285557
510,-430,0,5.482633400285557
530,-430,0,5.482633400285557
550,-430,0,5.482633400285557
570,-430,0,5.482633400285557
590,-430,0,5.482633400285557
610,-430,0,5.482633400285557
630,-430,0,5.482633400285557
650,-430,0,5.482633400285557
670,-430,0,5.482633400285557
690,-430,0,5.482633400285557
710,-430,0,5.482633400285557
730,-430,0,5.482633400285557
750,-430,0,5.482633400285557
770,-430,0,5.482633400285557
790,-430,0,5.482633400285557
-790,-410,0,5.482633400285557
-770,-410,0,5.482633400285557
-750,-410,0,5.482633400285557
-730,-410,0,5.482633400285557
-710,-410,0,5.482633400285557
-690,-410,0,5.482633400285557
-670,-410,0,5.482633400285557
-650,-410,0,5.482633400285557
-630,-410,0,5.482633400285557
-610,-410,0,5.482633400285557
-590,-410,0,5.482633400285557
-570,-410,0,5.482633400285557
-550,-410,0,5.482633400285557
-530,-410,0,5.482633400285557
-510,-410,0,5.482633400285557
-490,-410,0,5.482633400285557
-470,-410,0,5.482633400285557
-450,-410,0,5.482633400285557
-430,-410,0,5.482633400285557
-410,-410,0,5.482633400285557
-390,-410,0,5.482633400285557
-370,-410,0,5.482633400285557
-350,-410,0,5.482633400285557
-330,-410,0,5.482633400285557
-310,-410,0,5.482633400285557
-290,-410,0,5.482633400285557
-270,-410,0,5.482633400285557
-250,-410,0,5.482633400285557
-230,-410,0,5.482633400285557
-210,-410,0,5.482633400285557
-190,-410,0,5.482633400285557
-170,-410,0,5.482633400285557
-150,-410,0,5.482633400285557
-130,-410,0,5.482633400285557
-110,-410,0,5.482633400285557
-90,-410,0,5.482633400285557
-70,-410,0,5.482633400285557
-50,-410,0,5.482633400285557
-30,-410,0,5.482633400285557
-10,-410,0,5.482633400285557
10,-410,0,5.482633400285557
30,-410,0,5.482633400285557
50,-410,0,5.482633400285557
70,-410,0,5.482633400285557
90,-410,0,5.482633400285557
110,-410,0,5.482633400285557
130,-410,0,5.482633400285557
150,-410,0,5.482633400285557
170,-410,0,5.482633400285557
190,-410,0,5.482633400285557
210,-410,0,5.482633400285557
230,-410,0,5.482633400285557
250,-410,0,5.482633400285557
270,-410,0,5.482633400285557
290,-410,0,5.482633400285557
310,-410,0,5.482633400285557
330,-410,0,5.482633400285557
350,-410,0,5.482633400285557
370,-410,0,5.482633400285557
390,-410,0,5.482633400285557
410,-410,0,5.482633400285557
430,-410,0,5.482633400285557
450,-410,0,5.482633400285557
470,-410,0,5.482633400285557
490,-410,0,5.482633400285557
510,-410,0,5.482633400285557
530,-410,0,5.482633400285557
550,-410,0,5.482633400285557
570,-410,0,5.482633400285557
590,-410,0,5.482633400285557
610,-410,0,5.482633400285557
630,-410,0,5.482633400285557
650,-410,0,5.482633400285557
670,-410,0,5.482633400285557
690,-410,0,5.482633400285557
710,-410,0,5.482633400285557
730,-410,0,5.482633400285557
750,-410,0,5.482633400285557
770,-410,0,5.482633400285557
790,-410,0,5.482633400285557
-790,-390,0,5.482633400285557
-770,-390,0,5.482633400285557
-750,-390,0,5.482633400285557
-730,-390,0,5.482633400285557
-710,-390,0,5.482633400285557
-690,-390,0,5.482633400285557
-670,-390,0,5.482633400285557
-650,-390,0,5.482633400285557
-630,-390,0,5.482633400285557
-610,-390,0,5.482633400285557
-590,-390,0,5.482633400285557
-570,-390,0,5.482633400285557
-550,-390,0,5.482633400285557
-530,-390,0,5.482633400285557
-510,-390,0,5.482633400285557
-490,-390,0,5.482633400285557
-470,-390,0,5.482633400285557
-450,-390,0,5.482633400285557
-430,-390,0,5.482633400285557
-410,-390,0,5.482633400285557
-390,-390,0,5.482633400285557
-370,-390,0,5.482633400285557
-350,-390,0,5.482633400285557
-330,-390,0,5.482633400285557
-310,-390,0,5.482633400285557
-290,-390,0,5.482633400285557
-270,-390,0,5.482633400285557
-250,-390,0,5.482633400285557
-230,-390,0,5.482633400285557
-210,-390,0,5.482633400285557
-190,-390,0,5.482633400285557
-170,-390,0,5.482633400285557
-150,-390,0,5.482633400285557
-130,-390,0,5.482633400285557
-110,-390,0,5.482633400285557
-90,-390,0,5.482633400285557
-70,-390,0,5.482633400285557
-50,-390,0,5.482633400285557
-30,-390,0,5.482633400285557
-10,-390,0,5.482633400285557
10,-390,0,5.482633400285557
30,-390,0,5.482633400285557
50,-390,0,5.482633400285557
70,-390,0,5.482633400285557
90,-390,0,5.482633400285557
110,-390,0,5.482633400285557
130,-390,0,5.482633400285557
150,-390,0,5.482633400285557
170,-390,0,5.482633400285557
190,-390,0,5.482633400285557
210,-390,0,5.482633400285557
230,-390,0,5.482633400285557
250,-390,0,5.482633400285557
270,-390,0,5.482633400285557
290,-390,0,5.482633400285557
310,-390,0,5.482633400285557
330,-390,0,5.482633400285557
350,-390,0,5.482633400285557
370,-390,0,5.482633400285557
390,-390,0,5.482633400285557
410,-390,0,5.482633400285557
430,-390,0,5.482633400285557
450,-390,0,5.482633400285557
470,-390,0,5.482633400285557
490,-390,0,5.482633400285557
510,-390,0,5.482633400285557
530,-390,0,5.482633400285557
550,-390,0,5.482633400285557
570,-390,0,5.482633400285557
590,-390,0,5.482633400285557
610,-390,0,5.482633400285557
630,-390,0,5.482633400285557
650,-390,0,5.482633400285557
670,-390,0,5.482633400285557
690,-390,0,5.482633400285557
710,-390,0,5.482633400285557
730,-390,0,5.482633400285557
750,-390,0,5.482633400285557
770,-390,0,5.482633400285557
790,-390,0,5.482633400285557
-790,-370,0,5.482633400285557
-770,-370,0,5.482633400285557
-750,-370,0,5.482633400285557
-730,-370,0,5.482633400285557
-710,-370,0,5.482633400285557
-690,-370,0,5.482633400285557
-670,-370,0,5.482633400285557
-650,-370,0,5.482633400285557
-630,-370,0,5.482633400285557
-610,-370,0,5.482633400285557
-590,-370,0,5.482633400285557
-570,-370,0,5.482633400285557
-550,-370,0,5.482633400285557
-530,-370,0,5.482633400285557
-510,-370,0,5.482633400285557
-490,-370,0,5.482633400285557
-470,-370,0,5.482633400285557
-450,-370,0,5.482633400285557
-430,-370,0,5.482633400285557
-410,-370,0,5.482633400285557
-390,-370,0,5.482633400285557
-370,-370,0,5.482633400285557
-350,-370,0,5.482633400285557
-330,-370,0,5.482633400285557
-310,-370,0,5.482633400285557
-290,-370,0,5.482633400285557
-270,-370,0,5.482633400285557
-250,-370,0,5.482633400285557
-230,-370,0,5.482633400285557
-210,-370,0,5.482633400285557
-190,-370,0,5.482633400285557
-170,-370,0,5.482633400285557
-150,-370,0,5.482633400285557
-130,-370,0,5.482633400285557
-110,-370,0,5.482633400285557
-90,-370,0,5.482633400285557
-70,-370,0,5.482633400285557
-50,-370,0,5.482633400285557
-30,-370,0,5.482633400285557
-10,-370,0,5.482633400285557
10,-370,0,5.482633400285557
30,-370,0,5.482633400285557
50,-370,0,5.482633400285557
70,-370,0,5.482633400285557
90,-370,0,5.482633400285557
110,-370,0,5.482633400285557
130,-370,0,5.482633400285557
150,-370,0,5.482633400285557
170,-370,0,5.482633400285557
190,-370,0,5.482633400285557
210,-370,0,5.482633400285557
230,-370,0,5.482633400285557
250,-370,0,5.482633400285557
270,-370,0,5.482633400285557
290,-370,0,5.482633400285557
310,-370,0,5.482633400285557
330,-370,0,5.482633400285557
350,-370,0,5.482633400285557
370,-370,0,5.482633400285557
390,-370,0,5.482633400285557
410,-370,0,5.482633400285557
430,-370,0,5.482633400285557
450,-370,0,5.482633400285557
470,-370,0,5.482633400285557
490,-370,0,5.482633400285557
510,-370,0,5.482633400285557
530,-370,0,5.482633400285557
550,-370,0,5.482633400285557
570,-370,0,5.482633400285557
590,-370,0,5.482633400285557
610,-370,0,5.482633400285557
630,-370,0,5.482633400285557
650,-370,0,5.482633400285557
670,-370,0,5.482633400285557
690,-370,0,5.482633400285557
710,-370,0,5.482633400285557
730,-370,0,5.482633400285557
750,-370,0,5.482633400285557
770,-370,0,5.482633400285557
790,-370,0,5.482633400285557
-790,-350,0,5.482633400285557
-770,-350,0,5.482633400285557
-750,-350,0,5.482633400285557
-730,-350,0,5.482633400285557
-710,-350,0,5.482633400285557
-690,-350,0,5.482633400285557
-670,-350,0,5.482633400285557
-650,-350,0,5.482633400285557
-630,-350,0,5.482633400285557
-610,-350,0,5.482633400285557
-590,-350,0,5.482633400285557
-570,-350,0,5.482633400285557
-550,-350,0,5.482633400285557
-530,-350,0,5.482633400285557
-510,-350,0,5.482633400285557
-490,-350,0,5.482633400285557
-470,-350,0,5.482633400285557
-450,-350,0,5.482633400285557
-430,-350,0,5.482633400285557
-410,-350,0,5.482633400285557
-390,-350,0,5.482633400285557
-370,-350,0,5.482633400285557
-350,-350,0,5.482633400285557
-330,-350,0,5.482633400285557
-310,-350,0,5.482633400285557
-290,-350,0,5.482633400285557
-270,-350,0,5.482633400285557
-250,-350,0,5.482633400285557
-230,-350,0,5.482633400285557
-210,-350,0,5.482633400285557
-190,-350,0,5.482633400285557
-170,-350,0,5.482633400285557
-150,-350,0,5.482633400285557
-130,-350,0,5.482633400285557
-110,-350,0,5.482633400285557
-90,-350,0,5.482633400285557
-70,-350,0,5.482633400285557
-50,-350,0,5.482633400285557
-30,-350,0,5.482633400285557
-10,-350,0,5.482633400285557
10,-350,0,5.482633400285557
30,-350,0,5.482633400285557
50,-350,0,5.482633400285557
70,-350,0,5.482633400285557
90,-350,0,5.482633400285557
110,-350,0,5.482633400285557
130,-350,0,5.482633400285557
150,-350,0,5.482633400285557
170,-350,0,5.482633400285557
190,-350,0,5.482633400285557
210,-350,0,5.482633400285557
230,-350,0,5.482633400285557
250,-350,0,5.482633400285557
270,-350,0,5.482633400285557
290,-350,0,5.482633400285557
310,-350,0,5.482633400285557
330,-350,0,5.482633400285557
350,-350,0,5.482633400285557
370,-350,0,5.482633400285557
390,-350,0,5.482633400285557
410,-350,0,5.482633400285557
430,-350,0,5.482633400285557
450,-350,0,5.482633400285557
470,-350,0,5.482633400285557
490,-350,0,5.482633400285557
510,-350,0,5.482633400285557
530,-350,0,5.482633400285557
550,-350,0,5.482633400285557
570,-350,0,5.482633400285557
590,-350,0,5.482633400285557
610,-350,0,5.482633400285557
630,-350,0,5.482633400285557
650,-350,0,5.482633400285557
670,-350,0,5.482633400285557
690,-350,0,5.482633400285557
710,-350,0,5.482633400285557
730,-350,0,5.482633400285557
750,-350,0,5.482633400285557
770,-350,0,5.482633400285557
790,-350,0,5.482633400285557
-790,-330,0,5.482633400285557
-770,-330,0,5.482633400285557
-750,-330,0,5.482633400285557
-730,-330,0,5.482633400285557
-710,-330,0,5.482633400285557
-690,-330,0,5.482633400285557
-670,-330,0,5.482633400285557
-650,-330,0,5.482633400285557
-630,-330,0,5.482633400285557
-610,-330,0,5.482633400285557
-590,-330,0,5.482633400285557
-570,-330,0,5.482633400285557
-550,-330,0,5.482633400285557
-530,-330,0,5.482633400285557
-510,-330,0,5.482633400285557
-490,-330,0,5.482633400285557
-470,-330,0,5.482633400285557
-450,-330,0,5.482633400285557
-430,-330,0,5.482633400285557
-410,-330,0,5.482633400285557
-390,-330,0,5.482633400285557
-370,-330,0,5.482633400285557
-350,-330,0,5.482633400285557
-330,-330,0,5.482633400285557
-310,-330,0,5.482633400285557
-290,-330,0,5.482633400285557
-270,-330,0,5.482633400285557
-250,-330,0,5.482633400285557
-230,-330,0,5.482633400285557
-210,-330,0,5.482633400285557
-190,-330,0,5.482633400285557
-170,-330,0,5.482633400285557
-150,-330,0,5.482633400285557
-130,-330,0,5.482633400285557
-110,-330,0,5.482633400285557
-90,-330,0,5.482633400285557
-70,-330,0,5.482633400285557
-50,-330,0,5.482633400285557
-30,-330,0,5.482633400285557
-10,-330,0,5.482633400285557
10,-330,0,5.482633400285557
30,-330,0,5.482633400285557
50,-330,0,5.482633400285557
70,-330,0,5.482633400285557
90,-330,0,5.482633400285557
110,-330,0,5.482633400285557
130,-330,0,5.482633400285557
150,-330,0,5.482633400285557
170,-330,0,5.482633400285557
190,-330,0,5.482633400285557
210,-330,0,5.482633400285557
230,-330,0,5.482633400285557
250,-330,0,5.482633400285557
270,-330,0,5.482633400285557
290,-330,0,5.482633400285557
310,-330,0,5.482633400285557
330,-330,0,5.482633400285557
350,-330,0,5.482633400285557
370,-330,0,5.482633400285557
390,-330,0,5.482633400285557
410,-330,0,5.482633400285557
430,-330,0,5.482633400285557
450,-330,0,5.482633400285557
470,-330,0,5.482633400285557
490,-330,0,5.482633400285557
510,-330,0,5.482633400285557
530,-330,0,5.482633400285557
550,-330,0,5.482633400285557
570,-330,0,5.482633400285557
590,-330,0,5.482633400285557
610,-330,0,5.482633400285557
630,-330,0,5.482633400285557
650,-330,0,5.482633400285557
670,-330,0,5.482633400285557
690,-330,0,5.482633400285557
710,-330,0,5.482633400285557
730,-330,0,5.482633400285557
750,-330,0,5.482633400285557
770,-330,0,5.482633400285557
790,-330,0,5.482633400285557
-790,-310,0,5.482633400285557
-770,-310,0,5.482633400285557
-750,-310,0,5.482633400285557
-730,-310,0,5.482633400285557
-710,-310,0,5.482633400285557
-690,-310,0,5.482633400285557
-670,-310,0,5.482633400285557
-650,-310,0,5.482633400285557
-630,-310,0,5.482633400285557
-610,-310,0,5.482633400285557
-590,-310,0,5.482633400285557
-570,-310,0,5.482633400285557
-550,-310,0,5.482633400285557
-530,-310,0,5.482633400285557
-510,-310,0,5.482633400285557
-490,-310,0,5.482633400285557
-470,-310,0,5.482633400285557
-450,-310,0,5.482633400285557
-430,-310,0,5.482633400285557
-410,-310,0,5.482633400285557
-390,-310,0,5.482633400285557
-370,-310,0,5.482633400285557
-350,-310,0,5.482633400285557
-330,-310,0,5.482633400285557
-310,-310,0,5.482633400285557
-290,-310,0,5.482633400285557
-270,-310,0,5.482633400285557
-250,-310,0,5.482633400285557
-230,-310,0,5.482633400285557
-210,-310,0,5.482633400285557
-190,-310,0,5.482633400285557
-170,-310,0,5.482633400285557
-150,-310,0,5.482633400285557
-130,-310,0,5.482633400285557
-110,-310,0,5.482633400285557
-90,-310,0,5.482633400285557
-70,-310,0,5.482633400285557
-50,-310,0,5.482633400285557
-30,-310,0,5.482633400285557
-10,-310,0,5.482633400285557
10,-310,0,5.482633400285557
30,-310,0,5.482633400285557
50,-310,0,5.482633400285557
70,-310,0,5.482633400285557
90,-310,0,5.482633400285557
110,-310,0,5.482633400285557
130,-310,0,5.482633400285557
150,-310,0,5.482633400285557
170,-310,0,5.482633400285557
190,-310,0,5.482633400285557
210,-310,0,5.482633400285557
230,-310,0,5.482633400285557
250,-310,0,5.482633400285557
270,-310,0,5.482633400285557
290,-310,0,5.482633400285557
310,-310,0,5.482633400285557
330,-310,0,5.482633400285557
350,-310,0,5.482633400285557
370,-310,0,5.482633400285557
390,-310,0,5.482633400285557
410,-310,0,5.482633400285557
430,-310,0,5.482633400285557
450,-310,0,5.482633400285557
470,-310,0,5.482633400285557
490,-310,0,5.482633400285557
510,-310,0,5.482633400285557
530,-310,0,5.482633400285557
550,-310,0,5.482633400285557
570,-310,0,5.482633400285557
590,-310,0,5.482633400285557
610,-310,0,5.482633400285557
630,-310,0,5.482633400285557
650,-310,0,5.482633400285557
670,-310,0,5.482633400285557
690,-310,0,5.482633400285557
710,-310,0,5.482633400285557
730,-310,0,5.482633400285557
750,-310,0,5.482633400285557
770,-310,0,5.482633400285557
790,-310,0,5.482633400285557
-790,-290,0,5.482633400285557
-770,-290,0,5.482633400285557
-750,-290,0,5.482633400285557
-730,-290,0,5.482633400285557
-710,-290,0,5.482633400285557
-690,-290,0,5.482633400285557
-670,-290,0,5.482633400285557
-650,-290,0,5.482633400285557
-630,-290,0,5.482633400285557
-610,-290,0,5.482633400285557
-590,-290,0,5.482633400285557
-570,-290,0,5.482633400285557
-550,-290,0,5.482633400285557
-530,-290,0,5.482633400285557
-510,-290,0,5.482633400285557
-490,-290,0,5.482633400285557
-470,-290,0,5.482633400285557
-450,-290,0,5.482633400285557
-430,-290,0,5.482633400285557
-410,-290,0,5.482633400285557
-390,-290,0,5.482633400285557
-370,-290,0,5.482633400285557
-350,-290,0,5.482633400285557
-330,-290,0,5.482633400285557
-310,-290,0,5.482633400285557
-290,-290,0,5.482633400285557
-270,-290,0,5.482633400285557
-250,-290,0,5.482633400285557
-230,-290,0,5.482633400285557
-210,-290,0,5.482633400285557
-190,-290,0,5.482633400285557
-170,-290,0,5.482633400285557
-150,-290,0,5.482633400285557
-130,-290,0,5.482633400285557
-110,-290,0,5.482633400285557
-90,-290,0,5.482633400285557
-70,-290,0,5.482633400285557
-50,-290,0,5.482633400285557
-30,-290,0,5.482633400285557
-10,-290,0,5.482633400285557
10,-290,0,5.482633400285557
30,-290,0,5.482633400285557
50,-290,0,5.482633400285557
70,-290,0,5.482633400285557
90,-290,0,5.482633400285557
110,-290,0,5.482633400285557
130,-290,0,5.482633400285557
150,-290,0,5.482633400285557
170,-290,0,5.482633400285557
190,-290,0,5.482633400285557
210,-290,0,5.482633400285557
230,-290,0,5.482633400285557
250,-290,0,5.482633400285557
270,-290,0,5.482633400285557
290,-290,0,5.482633400285557
310,-290,0,5.482633400285557
330,-290,0,5.482633400285557
350,-290,0,5.482633400285557
370,-290,0,5.482633400285557
390,-290,0,5.482633400285557
410,-290,0,5.482633400285557
430,-290,0,5.482633400285557
450,-290,0,5.482633400285557
470,-290,0,5.482633400285557
490,-290,0,5.482633400285557
510,-290,0,5.482633400285557
530,-290,0,5.482633400285557
550,-290,0,5.482633400285557
570,-290,0,5.482633400285557
590,-290,0,5.482633400285557
610,-290,0,5.482633400285557
630,-290,0,5.482633400285557
650,-290,0,5.482633400285557
670,-290,0,5.482633400285557
690,-290,0,5.482633400285557
710,-290,0,5.482633400285557
730,-290,0,5.482633400285557
750,-290,0,5.482633400285557
770,-290,0,5.482633400285557
790,-290,0,5.482633400285557
-790,-270,0,5.482633400285557
-770,-270,0,5.482633400285557
-750,-270,0,5.482633400285557
-730,-270,0,5.482633400285557
-710,-270,0,5.482633400285557
-690,-270,0,5.482633400285557
-670,-270,0,5.482633400285557
-650,-270,0,5.482633400285557
-630,-270,0,5.482633400285557
-610,-270,0,5.482633400285557
-590,-270,0,5.482633400285557
-570,-270,0,5.482633400285557
-550,-270,0,5.482633400285557
-530,-270,0,5.482633400285557
-510,-270,0,5.482633400285557
-490,-270,0,5.482633400285557
-470,-270,0,5.482633400285557
-450,-270,0,5.482633400285557
-430,-270,0,5.482633400285557
-410,-270,0,5.482633400285557
-390,-270,0,5.482633400285557
-370,-270,0,5.482633400285557
-350,-270,0,5.482633400285557
-330,-270,0,5.482633400285557
-310,-270,0,5.482633400285557
-290,-270,0,5.482633400285557
-270,-270,0,5.482633400285557
-250,-270,0,5.482633400285557
-230,-270,0,5.482633400285557
-210,-270,0,5.482633400285557
-190,-270,0,5.482633400285557
-170,-270,0,5.482633400285557
-150,-270,0,5.482633400285557
-130,-270,0,5.482633400285557
-110,-270,0,5.482633400285557
-90,-270,0,5.482633400285557
-70,-270,0,5.482633400285557
-50,-270,0,5.482633400285557
-30,-270,0,5.482633400285557
-10,-270,0,5.482633400285557
10,-270,0,5.482633400285557
30,-270,0,5.482633400285557
50,-270,0,5.482633400285557
70,-270,0,5.482633400285557
90,-270,0,5.482633400285557
110,-270,0,5.482633400285557
130,-270,0,5.482633400285557
150,-270,0,5.482633400285557
170,-270,0,5.482633400285557
190,-270,0,5.482633400285557
210,-270,0,5.482633400285557
230,-270,0,5.482633400285557
250,-270,0,5.482633400285557
270,-270,0,5.482633400285557
290,-270,0,5.482633400285557
310,-270,0,5.482633400285557
330,-270,0,5.482633400285557
350,-270,0,5.482633400285557
370,-270,0,5.482633400285557
390,-270,0,5.482633400285557
410,-270,0,5.482633400285557
430,-270,0,5.482633400285557
450,-270,0,5.482633400285557
470,-270,0,5.482633400285557
490,-270,0,5.482633400285557
510,-270,0,5.482633400285557
530,-270,0,5.482633400285557
550,-270,0,5.482633400285557
570,-270,0,5.482633400285557
590,-270,0,5.482633400285557
610,-270,0,5.482633400285557
630,-270,0,5.482633400285557
650,-270,0,5.482633400285557
670,-270,0,5.482633400285557
690,-270,0,5.482633400285557
710,-270,0,5.482633400285557
730,-270,0,5.482633400285557
750,-270,0,5.482633400285557
770,-270,0,5.482633400285557
790,-270,0,5.482633400285557
-790,-250,0,5.482633400285557
-770,-250,0,5.482633400285557
-750,-250,0,5.482633400285557
-730,-250,0,5.482633400285557
-710,-250,0,5.482633400285557
-690,-250,0,5.482633400285557
-670,-250,0,5.482633400285557
-650,-250,0,5.482633400285557
-630,-250,0,5.482633400285557
-610,-250,0,5.482633400285557
-590,-250,0,5.482633400285557
-570,-250,0,5.482633400285557
-550,-250,0,5.482633400285557
-530,-250,0,5.482633400285557
-510,-250,0,5.482633400285557
-490,-250,0,5.482633400285557
-470,-250,0,5.482633400285557
-450,-250,0,5.482633400285557
-430,-250,0,5.482633400285557
-410,-250,0,5.482633400285557
-390,-250,0,5.482633400285557
-370,-250,0,5.482633400285557
-350,-250,0,5.482633400285557
-330,-250,0,5.482633400285557
-310,-250,0,5.482633400285557
-290,-250,0,5.482633400285557
-270,-250,0,5.482633400285557
-250,-250,0,5.482633400285557
-230,-250,0,5.482633400285557
-210,-250,0,5.482633400285557
-190,-250,0,5.482633400285557
-170,-250,0,5.482633400285557
-150,-250,0,5.482633400285557
-130,-250,0,5.482633400285557
-110,-250,0,5.482633400285557
-90,-250,0,5.482633400285557
-70,-250,0,5.482633400285557
-50,-250,0,5.482633400285557
-30,-250,0,5.482633400285557
-10,-250,0,5.482633400285557
10,-250,0,5.482633400285557
30,-250,0,5.482633400285557
50,-250,0,5.482633400285557
70,-250,0,5.482633400285557
90,-250,0,5.482633400285557
110,-250,0,5.482633400285557
130,-250,0,5.482633400285557
150,-250,0,5.482633400285557
170,-250,0,5.482633400285557
190,-250,0,5.482633400285557
210,-250,0,5.482633400285557
230,-250,0,5.482633400285557
250,-250,0,5.482633400285557
270,-250,0,5.482633400285557
290,-250,0,5.482633400285557
310,-250,0,5.482633400285557
330,-250,0,5.482633400285557
350,-250,0,5.482633400285557
370,-250,0,5.482633400285557
390,-250,0,5.482633400285557
410,-250,0,5.482633400285557
430,-250,0,5.482633400285557
450,-250,0,5.482633400285557
470,-250,0,5.482633400285557
490,-250,0,5.482633400285557
510,-250,0,5.482633400285557
530,-250,0,5.482633400285557
550,-250,0,5.482633400285557
570,-250,0,5.482633400285557
590,-250,0,5.482633400285557
610,-250,0,5.482633400285557
630,-250,0,5.482633400285557
650,-250,0,5.482633400285557
670,-250,0,5.482633400285557
690,-250,0,5.482633400285557
710,-250,0,5.482633400285557
730,-250,0,5.482633400285557
750,-250,0,5.482633400285557
770,-250,0,5.482633400285557
790,-250,0,5.482633400285557
-790,-230,0,5.482633400285557
-770,-230,0,5.482633400285557
-750,-230,0,5.482633400285557
-730,-230,0,5.482633400285557
-710,-230,0,5.482633400285557
-690,-230,0,5.482633400285557
-670,-230,0,5.482633400285557
-650,-230,0,5.482633400285557
-630,-230,0,5.482633400285557
-610,-230,0,5.482633400285557
-590,-230,0,5.482633400285557
-570,-230,0,5.482633400285557
-550,-230,0,5.482633400285557
-530,-230,0,5.482633400285557
-510,-230,0,5.482633400285557
-490,-230,0,5.482633400285557
-470,-230,0,5.482633400285557
-450,-230,0,5.482633400285557
-430,-230,0,5.482633400285557
-410,-230,0,5.482633400285557
-390,-230,0,5.482633400285557
-370,-230,0,5.482633400285557
-350,-230,0,5.482633400285557
-330,-230,0,5.482633400285557
-310,-230,0,5.482633400285557
-290,-230,0,5.482633400285557
-270,-230,0,5.482633400285557
-250,-230,0,5.482633400285557
-230,-230,0,5.482633400285557
-210,-230,0,5.482633400285557
-190,-230,0,5.482633400285557
-170,-230,0,5.482633400285557
-150,-230,0,5.482633400285557
-130,-230,0,5.482633400285557
-110,-230,0,5.482633400285557
-90,-230,0,5.482633400285557
-70,-230,0,5.482633400285557
-50,-230,0,5.482633400285557
-30,-230,0,5.482633400285557
-10,-230,0,5.482633400285557
10,-230,0,5.482633400285557
30,-230,0,5.482633400285557
50,-230,0,5.482633400285557
70,-230,0,5.482633400285557
90,-230,0,5.482633400285557
110,-230,0,5.482633400285557
130,-230,0,5.482633400285557
150,-230,0,5.482633400285557
170,-230,0,5.482633400285557
190,-230,0,5.482633400285557
210,-230,0,5.482633400285557
230,-230,0,5.482633400285557
250,-230,0,5.482633400285557
270,-230,0,5.482633400285557
290,-230,0,5.482633400285557
310,-230,0,5.482633400285557
330,-230,0,5.482633400285557
350,-230,0,5.482633400285557
370,-230,0,5.482633400285557
390,-230,0,5.482633400285557
410,-230,0,5.482633400285557
430,-230,0,5.482633400285557
450,-230,0,5.482633400285557
470,-230,0,5.482633400285557
490,-230,0,5.482633400285557
510,-230,0,5.482633400285557
530,-230,0,5.482633400285557
550,-230,0,5.482633400285557
570,-230,0,5.482633400285557
590,-230,0,5.482633400285557
610,-230,0,5.482633400285557
630,-230,0,5.482633400285557
650,-230,0,5.482633400285557
670,-230,0,5.482633400285557
690,-230,0,5.482633400285557
710,-230,0,5.482633400285557
730,-230,0,5.482633400285557
750,-230,0,5.482633400285557
770,-230,0,5.482633400285557
790,-230,0,5.482633400285557
-790,-210,0,5.482633400285557
-770,-210,0,5.482633400285557
-750,-210,0,5.482633400285557
-730,-210,0,5.482633400285557
-710,-210,0,5.482633400285557
-690,-210,0,5.482633400285557
-670,-210,0,5.482633400285557
-650,-210,0,5.482633400285557
-630,-210,0,5.482633400285557
-610,-210,0,5.482633400285557
-590,-210,0,5.482633400285557
-570,-210,0,5.482633400285557
-550,-210,0,5.482633400285557
-530,-210,0,5.482633400285557
-510,-210,0,5.482633400285557
-490,-210,0,5.482633400285557
-470,-210,0,5.482633400285557
-450,-210,0,5.482633400285557
-430,-210,0,5.482633400285557
-410,-210,0,5.482633400285557
-390,-210,0,5.482633400285557
-370,-210,0,5.482633400285557
-350,-210,0,5.482633400285557
-330,-210,0,5.482633400285557
-310,-210,0,5.482633400285557
-290,-210,0,5.482633400285557
-270,-210,0,5.482633400285557
-250,-210,0,5.482633400285557
-230,-210,0,5.482633400285557
-210,-210,0,5.482633400285557
-190,-210,0,5.482633400285557
-170,-210,0,5.482633400285557
-150,-210,0,5.482633400285557
-130,-210,0,5.482633400285557
-110,-210,0,5.482633400285557
-90,-210,0,5.482633400285557
-70,-210,0,5.482633400285557
-50,-210,0,5.482633400285557
-30,-210,0,5.482633400285557
-10,-210,0,5.482633400285557
10,-210,0,5.482633400285557
30,-210,0,5.482633400285557
50,-210,0,5.482633400285557
70,-210,0,5.482633400285557
90,-210,0,5.482633400285557
110,-210,0,5.482633400285557
130,-210,0,5.482633400285557
150,-210,0,5.482633400285557
170,-210,0,5.482633400285557
190,-210,0,5.482633400285557
210,-210,0,5.482633400285557
230,-210,0,5.482633400285557
250,-210,0,5.482633400285557
270,-210,0,5.482633400285557
290,-210,0,5.482633400285557
310,-210,0,5.482633400285557
330,-210,0,5.482633400285557
350,-210,0,5.482633400285557
370,-210,0,5.482633400285557
390,-210,0,5.482633400285557
410,-210,0,5.482633400285557
430,-210,0,5.482633400285557
450,-210,0,5.482633400285557
470,-210,0,5.482633400285557
490,-210,0,5.482633400285557
510,-210,0,5.482633400285557
530,-210,0,5.482633400285557
550,-210,0,5.482633400285557
570,-210,0,5.482633400285557
590,-210,0,5.482633400285557
610,-210,0,5.482633400285557
630,-210,0,5.482633400285557
650,-210,0,5.482633400285557
670,-210,0,5.482633400285557
690,-210,0,5.482633400285557
710,-210,0,5.482633400285557
730,-210,0,5.482633400285557
750,-210,0,5.482633400285557
770,-210,0,5.482633400285557
790,-210,0,5.482633400285557
-790,-190,0,5.482633400285557
-770,-190,0,5.482633400285557
-750,-190,0,5.482633400285557
-730,-190,0,5.482633400285557
-710,-190,0,5.482633400285557
-690,-190,0,5.482633400285557
-670,-190,0,5.482633400285557
-650,-190,0,5.482633400285557
-630,-190,0,5.482633400285557
-610,-190,0,5.482633400285557
-590,-190,0,5.482633400285557
-570,-190,0,5.482633400285557
-550,-190,0,5.482633400285557
-530,-190,0,5.482633400285557
-510,-190,0,5.482633400285557
-490,-190,0,5.482633400285557
-470,-190,0,5.482633400285557
-450,-190,0,5.482633400285557
-430,-190,0,5.482633400285557
-410,-190,0,5.482633400285557
-390,-190,0,5.482633400285557
-370,-190,0,5.482633400285557
-350,-190,0,5.482633400285557
-330,-190,0,5.482633400285557
-310,-190,0,5.482633400285557
-290,-190,0,5.482633400285557
-270,-190,0,5.482633400285557
-250,-190,0,5.482633400285557
-230,-190,0,5.482633400285557
-210,-190,0,5.482633400285557
-190,-190,0,5.482633400285557
-170,-190,0,5.482633400285557
-150,-190,0,5.482633400285557
-130,-190,0,5.482633400285557
-110,-190,0,5.482633400285557
-90,-190,0,5.482633400285557
-70,-190,0,5.482633400285557
-50,-190,0,5.482633400285557
-30,-190,0,5.482633400285557
-10,-190,0,5.482633400285557
10,-190,0,5.482633400285557
30,-190,0,5.482633400285557
50,-190,0,5.482633400285557
70,-190,0,5.482633400285557
90,-190,0,5.482633400285557
110,-190,0,5.482633400285557
130,-190,0,5.482633400285557
150,-190,0,5.482633400285557
170,-190,0,5.482633400285557
190,-190,0,5.482633400285557
210,-190,0,5.482633400285557
230,-190,0,5.482633400285557
250,-190,0,5.482633400285557
270,-190,0,5.482633400285557
290,-190,0,5.482633400285557
310,-190,0,5.482633400285557
330,-190,0,5.482633400285557
350,-190,0,5.482633400285557
370,-190,0,5.482633400285557
390,-190,0,5.482633400285557
410,-190,0,5.482633400285557
430,-190,0,5.482633400285557
450,-190,0,5.482633400285557
470,-190,0,5.482633400285557
490,-190,0,5.482633400285557
510,-190,0,5.482633400285557
530,-190,0,5.482633400285557
550,-190,0,5.482633400285557
570,-190,0,5.482633400285557
590,-190,0,5.482633400285557
610,-190,0,5.482633400285557
630,-190,0,5.482633400285557
650,-190,0,5.482633400285557
670,-190,0,5.482633400285557
690,-190,0,5.482633400285557
710,-190,0,5.482633400285557
730,-190,0,5.482633400285557
750,-190,0,5.482633400285557
770,-190,0,5.482633400285557
790,-190,0,5.482633400285557
-790,-170,0,5.482633400285557
-770,-170,0,5.482633400285557
-750,-170,0,5.482633400285557
-730,-170,0,5.482633400285557
-710,-170,0,5.482633400285557
-690,-170,0,5.482633400285557
-670,-170,0,5.482633400285557
-650,-170,0,5.482633400285557
-630,-170,0,5.482633400285557
-610,-170,0,5.482633400285557
-590,-170,0,5.482633400285557
-570,-170,0,5.482633400285557
-550,-170,0,5.482633400285557
-530,-170,0,5.482633400285557
-510,-170,0,5.482633400285557
-490,-170,0,5.482633400285557
-470,-170,0,5.482633400285557
-450,-170,0,5.482633400285557
-430,-170,0,5.482633400285557
-410,-170,0,5.482633400285557
-390,-170,0,5.482633400285557
-370,-170,0,5.482633400285557
-350,-170,0,5.482633400285557
-330,-170,0,5.482633400285557
-310,-170,0,5.482633400285557
-290,-170,0,5.482633400285557
-270,-170,0,5.482633400285557
-250,-170,0,5.482633400285557
-230,-170,0,5.482633400285557
-210,-170,0,5.482633400285557
-190,-170,0,5.482633400285557
-170,-170,0,5.482633400285557
-150,-170,0,5.482633400285557
-130,-170,0,5.482633400285557
-110,-170,0,5.482633400285557
-90,-170,0,5.482633400285557
-70,-170,0,5.482633400285557
-50,-170,0,5.482633400285557
-30,-170,0,5.482633400285557
-10,-170,0,5.482633400285557
10,-170,0,5.482633400285557
30,-170,0,5.482633400285557
50,-170,0,5.482633400285557
70,-170,0,5.482633400285557
90,-170,0,5.482633400285557
110,-170,0,5.482633400285557
130,-170,0,5.482633400285557
150,-170,0,5.482633400285557
170,-170,0,5.482633400285557
190,-170,0,5.482633400285557
210,-170,0,5.482633400285557
230,-170,0,5.482633400285557
250,-170,0,5.482633400285557
270,-170,0,5.482633400285557
290,-170,0,5.482633400285557
310,-170,0,5.482633400285557
330,-170,0,5.482633400285557
350,-170,0,5.482633400285557
370,-170,0,5.482633400285557
390,-170,0,5.482633400285557
410,-170,0,5.482633400285557
430,-170,0,5.482633400285557
450,-170,0,5.482633400285557
470,-170,0,5.482633400285557
490,-170,0,5.482633400285557
510,-170,0,5.482633400285557
530,-170,0,5.482633400285557
550,-170,0,5.482633400285557
570,-170,0,5.482633400285557
590,-170,0,5.482633400285557
610,-170,0,5.482633400285557
630,-170,0,5.482633400285557
650,-170,0,5.482633400285557
670,-170,0,5.482633400285557
690,-170,0,5.482633400285557
710,-170,0,5.482633400285557
730,-170,0,5.482633400285557
750,-170,0,5.482633400285557
770,-170,0,5.482633400285557
790,-170,0,5.482633400285557
-790,-150,0,5.482633400285557
-770,-150,0,5.482633400285557
-750,-150,0,5.482633400285557
-730,-150,0,5.482633400285557
-710,-150,0,5.482633400285557
-690,-150,0,5.482633400285557
-670,-150,0,5.482633400285557
-650,-150,0,5.482633400285557
-630,-150,0,5.482633400285557
-610,-150,0,5.482633400285557
-590,-150,0,5.482633400285557
-570,-150,0,5.482633400285557
-550,-150,0,5.482633400285557
-530,-150,0,5.482633400285557
-510,-150,0,5.482633400285557
-490,-150,0,5.482633400285557
-470,-150,0,5.482633400285557
-450,-150,0,5.482633400285557
-430,-150,0,5.482633400285557
-410,-150,0,5.482633400285557
-390,-150,0,5.482633400285557
-370,-150,0,5.482633400285557
-350,-150,0,5.482633400285557
-330,-150,0,5.482633400285557
-310,-150,0,5.482633400285557
-290,-150,0,5.482633400285557
-270,-150,0,5.482633400285557
-250,-150,0,5.482633400285557
-230,-150,0,5.482633400285557
-210,-150,0,5.482633400285557
-190,-150,0,5.482633400285557
-170,-150,0,5.482633400285557
-150,-150,0,5.482633400285557
-130,-150,0,5.482633400285557
-110,-150,0,5.482633400285557
-90,-150,0,5.482633400285557
-70,-150,0,5.482633400285557
-50,-150,0,5.482633400285557
-30,-150,0,5.482633400285557
-10,-150,0,5.482633400285557
10,-150,0,5.482633400285557
30,-150,0,5.482633400285557
50,-150,0,5.482633400285557
70,-150,0,5.482633400285557
90,-150,0,5.482633400285557
110,-150,0,5.482633400285557
130,-150,0,5.482633400285557
150,-150,0,5.482633400285557
170,-150,0,5.482633400285557
190,-150,0,5.482633400285557
210,-150,0,5.482633400285557
230,-150,0,5.482633400285557
250,-150,0,5.482633400285557
270,-150,0,5.482633400285557
290,-150,0,5.482633400285557
310,-150,0,5.482633400285557
330,-150,0,5.482633400285557
350,-150,0,5.482633400285557
370,-150,0,5.482633400285557
390,-150,0,5.482633400285557
410,-150,0,5.482633400285557
430,-150,0,5.482633400285557
450,-150,0,5.482633400285557
470,-150,0,5.482633400285557
490,-150,0,5.482633400285557
510,-150,0,5.482633400285557
530,-150,0,5.482633400285557
550,-150,0,5.482633400285557
570,-150,0,5.482633400285557
590,-150,0,5.482633400285557
610,-150,0,5.482633400285557
630,-150,0,5.482633400285557
650,-150,0,5.482633400285557
670,-150,0,5.482633400285557
690,-150,0,5.482633400285557
710,-150,0,5.482633400285557
730,-150,0,5.482633400285557
750,-150,0,5.482633400285557
770,-150,0,5.482633400285557
790,-150,0,5.482633400285557
-790,-130,0,5.482633400285557
-770,-130,0,5.482633400285557
-750,-130,0,5.482633400285557
-730,-130,0,5.482633400285557
-710,-130,0,5.482633400285557
-690,-130,0,5.482633400285557
-670,-130,0,5.482633400285557
-650,-130,0,5.482633400285557
-630,-130,0,5.482633400285557
-610,-130,0,5.482633400285557
-590,-130,0,5.482633400285557
-570,-130,0,5.482633400285557
-550,-130,0,5.482633400285557
-530,-130,0,5.482633400285557
-510,-130,0,5.482633400285557
-490,-130,0,5.482633400285557
-470,-130,0,5.482633400285557
-450,-130,0,5.482633400285557
-430,-130,0,5.482633400285557
-410,-130,0,5.482633400285557
-390,-130,0,5.482633400285557
-370,-130,0,5.482633400285557
-350,-130,0,5.482633400285557
-330,-130,0,5.482633400285557
-310,-130,0,5.482633400285557
-290,-130,0,5.482633400285557
-270,-130,0,5.482633400285557
-250,-130,0,5.482633400285557
-230,-130,0,5.482633400285557
-210,-130,0,5.482633400285557
-190,-130,0,5.482633400285557
-170,-130,0,5.482633400285557
-150,-130,0,5.482633400285557
-130,-130,0,5.482633400285557
-110,-130,0,5.482633400285557
-90,-130,0,5.482633400285557
-70,-130,0,5.482633400285557
-50,-130,0,5.482633400285557
-30,-130,0,5.482633400285557
-10,-130,0,5.482633400285557
10,-130,0,5.482633400285557
30,-130,0,5.482633400285557
50,-130,0,5.482633400285557
70,-130,0,5.482633400285557
90,-130,0,5.482633400285557
110,-130,0,5.482633400285557
130,-130,0,5.482633400285557
150,-130,0,5.482633400285557
170,-130,0,5.482633400285557
190,-130,0,5.482633400285557
210,-130,0,5.482633400285557
230,-130,0,5.482633400285557
250,-130,0,5.482633400285557
270,-130,0,5.482633400285557
290,-130,0,5.482633400285557
310,-130,0,5.482633400285557
330,-130,0,5.482633400285557
350,-130,0,5.482633400285557
370,-130,0,5.482633400285557
390,-130,0,5.482633400285557
410,-130,0,5.482633400285557
430,-130,0,5.482633400285557
450,-130,0,5.482633400285557
470,-130,0,5.482633400285557
490,-130,0,5.482633400285557
510,-130,0,5.482633400285557
530,-130,0,5.482633400285557
550,-130,0,5.482633400285557
570,-130,0,5.482633400285557
590,-130,0,5.482633400285557
610,-130,0,5.482633400285557
630,-130,0,5.482633400285557
650,-130,0,5.482633400285557
670,-130,0,5.482633400285557
690,-130,0,5.482633400285557
710,-130,0,5.482633400285557
730,-130,0,5.482633400285557
750,-130,0,5.482633400285557
770,-130,0,5.482633400285557
790,-130,0,5.482633400285557
-790,-110,0,5.482633400285557
-770,-110,0,5.482633400285557
-750,-110,0,5.482633400285557
-730,-110,0,5.482633400285557
-710,-110,0,5.482633400285557
-690,-110,0,5.482633400285557
-670,-110,0,5.482633400285557
-650,-110,0,5.482633400285557
-630,-110,0,5.482633400285557
-610,-110,0,5.482633400285557
-590,-110,0,5.482633400285557
-570,-110,0,5.482633400285557
-550,-110,0,5.482633400285557
-530,-110,0,5.482633400285557
-510,-110,0,5.482633400285557
-490,-110,0,5.482633400285557
-470,-110,0,5.482633400285557
-450,-110,0,5.482633400285557
-430,-110,0,5.482633400285557
-410,-110,0,5.482633400285557
-390,-110,0,5.482633400285557
-370,-110,0,5.482633400285557
-350,-110,0,5.482633400285557
-330,-110,0,5.482633400285557
-310,-110,0,5.482633400285557
-290,-110,0,5.482633400285557
-270,-110,0,5.482633400285557
-250,-110,0,5.482633400285557
-230,-110,0,5.482633400285557
-210,-110,0,5.482633400285557
-190,-110,0,5.482633400285557
-170,-110,0,5.482633400285557
-150,-110,0,5.482633400285557
-130,-110,0,5.482633400285557
-110,-110,0,5.482633400285557
-90,-110,0,5.482633400285557
-70,-110,0,5.482633400285557
-50,-110,0,5.482633400285557
-30,-110,0,5.482633400285557
-10,-110,0,5.482633400285557
10,-110,0,5.482633400285557
30,-110,0,5.482633400285557
50,-110,0,5.482633400285557
70,-110,0,5.482633400285557
90,-110,0,5.482633400285557
110,-110,0,5.482633400285557
130,-110,0,5.482633400285557
150,-110,0,5.482633400285557
170,-110,0,5.482633400285557
190,-110,0,5.482633400285557
210,-110,0,5.482633400285557
230,-110,0,5.482633400285557
250,-110,0,5.482633400285557
270,-110,0,5.482633400285557
290,-110,0,5.482633400285557
310,-110,0,5.482633400285557
330,-110,0,5.482633400285557
350,-110,0,5.482633400285557
370,-110,0,5.482633400285557
390,-110,0,5.482633400285557
410,-110,0,5.482633400285557
430,-110,0,5.482633400285557
450,-110,0,5.482633400285557
470,-110,0,5.482633400285557
490,-110,0,5.482633400285557
510,-110,0,5.482633400285557
530,-110,0,5.482633400285557
550,-110,0,5.482633400285557
570,-110,0,5.482633400285557
590,-110,0,5.482633400285557
610,-110,0,5.482633400285557
630,-110,0,5.482633400285557
650,-110,0,5.482633400285557
670,-110,0,5.482633400285557
690,-110,0,5.482633400285557
710,-110,0,5.482633400285557
730,-110,0,5.482633400285557
750,-110,0,5.482633400285557
770,-110,0,5.482633400285557
790,-110,0,5.482633400285557
-790,-90,0,5.482633400285557
-770,-90,0,5.482633400285557
-750,-90,0,5.482633400285557
-730,-90,0,5.482633400285557
-710,-90,0,5.482633400285557
-690,-90,0,5.482633400285557
-670,-90,0,5.482633400285557
-650,-90,0,5.482633400285557
-630,-90,0,5.482633400285557
-610,-90,0,5.482633400285557
-590,-90,0,5.482633400285557
-570,-90,0,5.482633400285557
-550,-90,0,5.482633400285557
-530,-90,0,5.482633400285557
-510,-90,0,5.482633400285557
-490,-90,0,5.482633400285557
-470,-90,0,5.482633400285557
-450,-90,0,5.482633400285557
-430,-90,0,5.482633400285557
-410,-90,0,5.482633400285557
-390,-90,0,5.482633400285557
-370,-90,0,5.482633400285557
-350,-90,0,5.482633400285557
-330,-90,0,5.482633400285557
-310,-90,0,5.482633400285557
-290,-90,0,5.482633400285557
-270,-90,0,5.482633400285557
-250,-90,0,5.482633400285557
-230,-90,0,5.482633400285557
-210,-90,0,5.482633400285557
-190,-90,0,5.482633400285557
-170,-90,0,5.482633400285557
-150,-90,0,5.482633400285557
-130,-90,0,5.482633400285557
-110,-90,0,5.482633400285557
-90,-90,0,5.482633400285557
-70,-90,0,5.482633400285557
-50,-90,0,5.482633400285557
-30,-90,0,5.482633400285557
-10,-90,0,5.482633400285557
10,-90,0,5.482633400285557
30,-90,0,5.482633400285557
50,-90,0,5.482633400285557
70,-90,0,5.482633400285557
90,-90,0,5.482633400285557
110,-90,0,5.482633400285557
130,-90,0,5.482633400285557
150,-90,0,5.482633400285557
170,-90,0,5.482633400285557
190,-90,0,5.482633400285557
210,-90,0,5.482633400285557
230,-90,0,5.482633400285557
250,-90,0,5.482633400285557
270,-90,0,5.482633400285557
290,-90,0,5.482633400285557
310,-90,0,5.482633400285557
330,-90,0,5.482633400285557
350,-90,0,5.482633400285557
370,-90,0,5.482633400285557
390,-90,0,5.482633400285557
410,-90,0,5.482633400285557
430,-90,0,5.482633400285557
450,-90,0,5.482633400285557
470,-90,0,5.482633400285557
490,-90,0,5.482633400285557
510,-90,0,5.482633400285557
530,-90,0,5.482633400285557
550,-90,0,5.482633400285557
570,-90,0,5.482633400285557
590,-90,0,5.482633400285557
610,-90,0,5.482633400285557
630,-90,0,5.482633400285557
650,-90,0,5.482633400285557
670,-90,0,5.482633400285557
690,-90,0,5.482633400285557
710,-90,0,5.482633400285557
730,-90,0,5.482633400285557
750,-90,0,5.482633400285557
770,-90,0,5.482633400285557
790,-90,0,5.482633400285557
-790,-70,0,5.482633400285557
-770,-70,0,5.482633400285557
-750,-70,0,5.482633400285557
-730,-70,0,5.482633400285557
-710,-70,0,5.482633400285557
-690,-70,0,5.482633400285557
-670,-70,0,5.482633400285557
-650,-70,0,5.482633400285557
-630,-70,0,5.482633400285557
-610,-70,0,5.482633400285557
-590,-70,0,5.482633400285557
-570,-70,0,5.482633400285557
-550,-70,0,5.482633400285557
-530,-70,0,5.482633400285557
-510,-70,0,5.482633400285557
-490,-70,0,5.482633400285557
-470,-70,0,5.482633400285557
-450,-70,0,5.482633400285557
-430,-70,0,5.482633400285557
-410,-70,0,5.482633400285557
-390,-70,0,5.482633400285557
-370,-70,0,5.482633400285557
-350,-70,0,5.482633400285557
-330,-70,0,5.482633400285557
-310,-70,0,5.482633400285557
-290,-70,0,5.482633400285557
-270,-70,0,5.482633400285557
-250,-70,0,5.482633400285557
-230,-70,0,5.482633400285557
-210,-70,0,5.482633400285557
-190,-70,0,5.482633400285557
-170,-70,0,5.482633400285557
-150,-70,0,5.482633400285557
-130,-70,0,5.482633400285557
-110,-70,0,5.482633400285557
-90,-70,0,5.482633400285557
-70,-70,0,5.482633400285557
-50,-70,0,5.482633400285557
-30,-70,0,5.482633400285557
-10,-70,0,5.482633400285557
10,-70,0,5.482633400285557
30,-70,0,5.482633400285557
50,-70,0,5.482633400285557
70,-70,0,5.482633400285557
90,-70,0,5.482633400285557
110,-70,0,5.482633400285557
130,-70,0,5.482633400285557
150,-70,0,5.482633400285557
170,-70,0,5.482633400285557
190,-70,0,5.482633400285557
210,-70,0,5.482633400285557
230,-70,0,5.482633400285557
250,-70,0,5.482633400285557
270,-70,0,5.482633400285557
290,-70,0,5.482633400285557
310,-70,0,5.482633400285557
330,-70,0,5.482633400285557
350,-70,0,5.482633400285557
370,-70,0,5.482633400285557
390,-70,0,5.482633400285557
410,-70,0,5.482633400285557
430,-70,0,5.482633400285557
450,-70,0,5.482633400285557
470,-70,0,5.482633400285557
490,-70,0,5.482633400285557
510,-70,0,5.482633400285557
530,-70,0,5.482633400285557
550,-70,0,5.482633400285557
570,-70,0,5.482633400285557
590,-70,0,5.482633400285557
610,-70,0,5.482633400285557
630,-70,0,5.482633400285557
650,-70,0,5.482633400285557
670,-70,0,5.482633400285557
690,-70,0,5.482633400285557
710,-70,0,5.482633400285557
730,-70,0,5.482633400285557
750,-70,0,5.482633400285557
770,-70,0,5.482633400285557
790,-70,0,5.482633400285557
-790,-50,0,5.482633400285557
-770,-50,0,5.482633400285557
-750,-50,0,5.482633400285557
-730,-50,0,5.482633400285557
-710,-50,0,5.482633400285557
-690,-50,0,5.482633400285557
-670,-50,0,5.482633400285557
-650,-50,0,5.482633400285557
-630,-50,0,5.482633400285557
-610,-50,0,5.482633400285557
-590,-50,0,5.482633400285557
-570,-50,0,5.482633400285557
-550,-50,0,5.482633400285557
-530,-50,0,5.482633400285557
-510,-50,0,5.482633400285557
-490,-50,0,5.482633400285557
-470,-50,0,5.482633400285557
-450,-50,0,5.482633400285557
-430,-50,0,5.482633400285557
-410,-50,0,5.482633400285557
-390,-50,0,5.482633400285557
-370,-50,0,5.482633400285557
-350,-50,0,5.482633400285557
-330,-50,0,5.482633400285557
-310,-50,0,5.482633400285557
-290,-50,0,5.482633400285557
-270,-50,0,5.482633400285557
-250,-50,0,5.482633400285557
-230,-50,0,5.482633400285557
-210,-50,0,5.482633400285557
-190,-50,0,5.482633400285557
-170,-50,0,5.482633400285557
-150,-50,0,5.482633400285557
-130,-50,0,5.482633400285557
-110,-50,0,5.482633400285557
-90,-50,0,5.482633400285557
-70,-50,0,5.482633400285557
-50,-50,0,5.482633400285557
-30,-50,0,5.482633400285557
-10,-50,0,5.482633400285557
10,-50,0,5.482633400285557
30,-50,0,5.482633400285557
50,-50,0,5.482633400285557
70,-50,0,5.482633400285557
90,-50,0,5.482633400285557
110,-50,0,5.482633400285557
130,-50,0,5.482633400285557
150,-50,0,5.482633400285557
170,-50,0,5.482633400285557
190,-50,0,5.482633400285557
210,-50,0,5.482633400285557
230,-50,0,5.482633400285557
250,-50,0,5.482633400285557
270,-50,0,5.482633400285557
290,-50,0,5.482633400285557
310,-50,0,5.482633400285557
330,-50,0,5.482633400285557
350,-50,0,5.482633400285557
370,-50,0,5.482633400285557
390,-50,0,5.482633400285557
410,-50,0,5.482633400285557
430,-50,0,5.482633400285557
450,-50,0,5.482633400285557
470,-50,0,5.482633400285557
490,-50,0,5.482633400285557
510,-50,0,5.482633400285557
530,-50,0,5.482633400285557
550,-50,0,5.482633400285557
570,-50,0,5.482633400285557
590,-50,0,5.482633400285557
610,-50,0,5.482633400285557
630,-50,0,5.482633400285557
650,-50,0,5.482633400285557
670,-50,0,5.482633400285557
690,-50,0,5.482633400285557
710,-50,0,5.482633400285557
730,-50,0,5.482633400285557
750,-50,0,5.482633400285557
770,-50,0,5.482633400285557
790,-50,0,5.482633400285557
-790,-30,0,5.482633400285557
-770,-30,0,5.482633400285557
-750,-30,0,5.482633400285557
-730,-30,0,5.482633400285557
-710,-30,0,5.482633400285557
-690,-30,0,5.482633400285557
-670,-30,0,5.482633400285557
-650,-30,0,5.482633400285557
-630,-30,0,5.482633400285557
-610,-30,0,5.482633400285557
-590,-30,0,5.482633400285557
-570,-30,0,5.482633400285557
-550,-30,0,5.482633400285557
-530,-30,0,5.482633400285557
-510,-30,0,5.482633400285557
-490,-30,0,5.482633400285557
-470,-30,0,5.482633400285557
-450,-30,0,5.482633400285557
-430,-30,0,5.482633400285557
-410,-30,0,5.482633400285557
-390,-30,0,5.482633400285557
-370,-30,0,5.482633400285557
-350,-30,0,5.482633400285557
-330,-30,0,5.482633400285557
-310,-30,0,5.482633400285557
-290,-30,0,5.482633400285557
-270,-30,0,5.482633400285557
-250,-30,0,5.482633400285557
-230,-30,0,5.482633400285557
-210,-30,0,5.482633400285557
-190,-30,0,5.482633400285557
-170,-30,0,5.482633400285557
-150,-30,0,5.482633400285557
-130,-30,0,5.482633400285557
-110,-30,0,5.482633400285557
-90,-30,0,5.482633400285557
-70,-30,0,5.482633400285557
-50,-30,0,5.482633400285557
-30,-30,0,5.482633400285557
-10,-30,0,5.482633400285557
10,-30,0,5.482633400285557
30,-30,0,5.482633400285557
50,-30,0,5.482633400285557
70,-30,0,5.482633400285557
90,-30,0,5.482633400285557
110,-30,0,5.482633400285557
130,-30,0,5.482633400285557
150,-30,0,5.482633400285557
170,-30,0,5.482633400285557
190,-30,0,5.482633400285557
210,-30,0,5.482633400285557
230,-30,0,5.482633400285557
250,-30,0,5.482633400285557
270,-30,0,5.482633400285557
290,-30,0,5.482633400285557
310,-30,0,5.482633400285557
330,-30,0,5.482633400285557
350,-30,0,5.482633400285557
370,-30,0,5.482633400285557
390,-30,0,5.482633400285557
410,-30,0,5.482633400285557
430,-30,0,5.482633400285557
450,-30,0,5.482633400285557
470,-30,0,5.482633400285557
490,-30,0,5.482633400285557
510,-30,0,5.482633400285557
530,-30,0,5.482633400285557
550,-30,0,5.482633400285557
570,-30,0,5.482633400285557
590,-30,0,5.482633400285557
610,-30,0,5.482633400285557
630,-30,0,5.482633400285557
650,-30,0,5.482633400285557
670,-30,0,5.482633400285557
690,-30,0,5.482633400285557
710,-30,0,5.482633400285557
730,-30,0,5.482633400285557
750,-30,0,5.482633400285557
770,-30,0,5.482633400285557
790,-30,0,5.482633400285557
-790,-10,0,5.482633400285557
-770,-10,0,5.482633400285557
-750,-10,0,5.482633400285557
-730,-10,0,5.482633400285557
-710,-10,0,5.482633400285557
-690,-10,0,5.482633400285557
-670,-10,0,5.482633400285557
-650,-10,0,5.482633400285557
-630,-10,0,5.482633400285557
-610,-10,0,5.482633400285557
-590,-10,0,5.482633400285557
-570,-10,0,5.482633400285557
-550,-10,0,5.482633400285557
-530,-10,0,5.482633400285557
-510,-10,0,5.482633400285557
-490,-10,0,5.482633400285557
-470,-10,0,5.482633400285557
-450,-10,0,5.482633400285557
-430,-10,0,5.482633400285557
-410,-10,0,5.482633400285557
-390,-10,0,5.482633400285557
-370,-10,0,5.482633400285557
-350,-10,0,5.482633400285557
-330,-10,0,5.482633400285557
-310,-10,0,5.482633400285557
-290,-10,0,5.482633400285557
-270,-10,0,5.482633400285557
-250,-10,0,5.482633400285557
-230,-10,0,5.482633400285557
-210,-10,0,5.482633400285557
-190,-10,0,5.482633400285557
-170,-10,0,5.482633400285557
-150,-10,0,5.482633400285557
-130,-10,0,5.482633400285557
-110,-10,0,5.482633400285557
-90,-10,0,5.482633400285557
-70,-10,0,5.482633400285557
-50,-10,0,5.482633400285557
-30,-10,0,5.482633400285557
-10,-10,0,5.482633400285557
10,-10,0,5.482633400285557
30,-10,0,5.482633400285557
50,-10,0,5.482633400285557
70,-10,0,5.482633400285557
90,-10,0,5.482633400285557
110,-10,0,5.482633400285557
130,-10,0,5.482633400285557
150,-10,0,5.482633400285557
170,-10,0,5.482633400285557
190,-10,0,5.482633400285557
210,-10,0,5.482633400285557
230,-10,0,5.482633400285557
250,-10,0,5.482633400285557
270,-10,0,5.482633400285557
290,-10,0,5.482633400285557
310,-10,0,5.482633400285557
330,-10,0,5.482633400285557
350,-10,0,5.482633400285557
370,-10,0,5.482633400285557
390,-10,0,5.482633400285557
410,-10,0,5.482633400285557
430,-10,0,5.482633400285557
450,-10,0,5.482633400285557
470,-10,0,5.482633400285557
490,-10,0,5.482633400285557
510,-10,0,5.482633400285557
530,-10,0,5.482633400285557
550,-10,0,5.482633400285557
570,-10,0,5.482633400285557
590,-10,0,5.482633400285557
610,-10,0,5.482633400285557
630,-10,0,5.482633400285557
650,-10,0,5.482633400285557
670,-10,0,5.482633400285557
690,-10,0,5.482633400285557
710,-10,0,5.482633400285557
730,-10,0,5.482633400285557
750,-10,0,5.482633400285557
770,-10,0,5.482633400285557
790,-10,0,5.482633400285557
-790,10,0,5.482633400285557
-770,10,0,5.482633400285557
-750,10,0,5.482633400285557
-730,10,0,5.482633400285557
-710,10,0,5.482633400285557
-690,10,0,5.482633400285557
-670,10,0,5.482633400285557
-650,10,0,5.482633400285557
-630,10,0,5.482633400285557
-610,10,0,5.482633400285557
-590,10,0,5.482633400285557
-570,10,0,5.482633400285557
-550,10,0,5.482633400285557
-530,10,0,5.482633400285557
-510,10,0,5.482633400285557
-490,10,0,5.482633400285557
-470,10,0,5.482633400285557
-450,10,0,5.482633400285557
-430,10,0,5.482633400285557
-410,10,0,5.482633400285557
-390,10,0,5.482633400285557
-370,10,0,5.482633400285557
-350,10,0,5.482633400285557
-330,10,0,5.482633400285557
-310,10,0,5.482633400285557
-290,10,0,5.482633400285557
-270,10,0,5.482633400285557
-250,10,0,5.482633400285557
-230,10,0,5.482633400285557
-210,10,0,5.482633400285557
-190,10,0,5.482633400285557
-170,10,0,5.482633400285557
-150,10,0,5.482633400285557
-130,10,0,5.482633400285557
-110,10,0,5.482633400285557
-90,10,0,5.482633400285557
-70,10,0,5.482633400285557
-50,10,0,5.482633400285557
-30,10,0,5.482633400285557
-10,10,0,5.482633400285557
10,10,0,5.482633400285557
30,10,0,5.482633400285557
50,10,0,5.482633400285557
70,10,0,5.482633400285557
90,10,0,5.482633400285557
110,10,0,5.482633400285557
130,10,0,5.482633400285557
150,10,0,5.482633400285557
170,10,0,5.482633400285557
190,10,0,5.482633400285557
210,10,0,5.482633400285557
230,10,0,5.482633400285557
250,10,0,5.482633400285557
270,10,0,5.482633400285557
290,10,0,5.482633400285557
310,10,0,5.482633400285557
330,10,0,5.482633400285557
350,10,0,5.482633400285557
370,10,0,5.482633400285557
390,10,0,5.482633400285557
410,10,0,5.482633400285557
430,10,0,5.482633400285557
450,10,0,5.482633400285557
470,10,0,5.482633400285557
490,10,0,5.482633400285557
510,10,0,5.482633400285557
530,10,0,5.482633400285557
550,10,0,5.482633400285557
570,10,0,5.482633400285557
590,10,0,5.482633400285557
610,10,0,5.482633400285557
630,10,0,5.482633400285557
650,10,0,5.482633400285557
670,10,0,5.482633400285557
690,10,0,5.482633400285557
710,10,0,5.482633400285557
730,10,0,5.482633400285557
750,10,0,5.482633400285557
770,10,0,5.482633400285557
790,10,0,5.482633400285557
-790,30,0,5.482633400285557
-770,30,0,5.482633400285557
-750,30,0,5.482633400285557
-730,30,0,5.482633400285557
-710,30,0,5.482633400285557
-690,30,0,5.482633400285557
-670,30,0,5.482633400285557
-650,30,0,5.482633400285557
-630,30,0,5.482633400285557
-610,30,0,5.482633400285557
-590,30,0,5.482633400285557
-570,30,0,5.482633400285557
-550,30,0,5.482633400285557
-530,30,0,5.482633400285557
-510,30,0,5.482633400285557
-490,30,0,5.482633400285557
-470,30,0,5.482633400285557
-450,30,0,5.482633400285557
-430,30,0,5.482633400285557
-410,30,0,5.482633400285557
-390,30,0,5.482633400285557
-370,30,0,5.482633400285557
-350,30,0,5.482633400285557
-330,30,0,5.482633400285557
-310,30,0,5.482633400285557
-290,30,0,5.482633400285557
-270,30,0,5.482633400285557
-250,30,0,5.482633400285557
-230,30,0,5.482633400285557
-210,30,0,5.482633400285557
-190,30,0,5.482633400285557
-170,30,0,5.482633400285557
-150,30,0,5.482633400285557
-130,30,0,5.482633400285557
-110,30,0,5.482633400285557
-90,30,0,5.482633400285557
-70,30,0,5.482633400285557
-50,30,0,5.482633400285557
-30,30,0,5.482633400285557
-10,30,0,5.482633400285557
10,30,0,5.482633400285557
30,30,0,5.482633400285557
50,30,0,5.482633400285557
70,30,0,5.482633400285557
90,30,0,5.482633400285557
110,30,0,5.482633400285557
130,30,0,5.482633400285557
150,30,0,5.482633400285557
170,30,0,5.482633400285557
190,30,0,5.482633400285557
210,30,0,5.482633400285557
230,30,0,5.482633400285557
250,30,0,5.482633400285557
270,30,0,5.482633400285557
290,30,0,5.482633400285557
310,30,0,5.482633400285557
330,30,0,5.482633400285557
350,30,0,5.482633400285557
370,30,0,5.482633400285557
390,30,0,5.482633400285557
410,30,0,5.482633400285557
430,30,0,5.482633400285557
450,30,0,5.482633400285557
470,30,0,5.482633400285557
490,30,0,5.482633400285557
510,30,0,5.482633400285557
530,30,0,5.482633400285557
550,30,0,5.482633400285557
570,30,0,5.482633400285557
590,30,0,5.482633400285557
610,30,0,5.482633400285557
630,30,0,5.482633400285557
650,30,0,5.482633400285557
670,30,0,5.482633400285557
690,30,0,5.482633400285557
710,30,0,5.482633400285557
730,30,0,5.482633400285557
750,30,0,5.482633400285557
770,30,0,5.482633400285557
790,30,0,5.482633400285557
-790,50,0,5.482633400285557
-770,50,0,5.482633400285557
-750,50,0,5.482633400285557
-730,50,0,5.482633400285557
-710,50,0,5.482633400285557
-690,50,0,5.482633400285557
-670,50,0,5.482633400285557
-650,50,0,5.482633400285557
-630,50,0,5.482633400285557
-610,50,0,5.482633400285557
-590,50,0,5.482633400285557
-570,50,0,5.482633400285557
-550,50,0,5.482633400285557
-530,50,0,5.482633400285557
-510,50,0,5.482633400285557
-490,50,0,5.482633400285557
-470,50,0,5.482633400285557
-450,50,0,5.482633400285557
-430,50,0,5.482633400285557
-410,50,0,5.482633400285557
-390,50,0,5.482633400285557
-370,50,0,5.482633400285557
-350,50,0,5.482633400285557
-330,50,0,5.482633400285557
-310,50,0,5.482633400285557
-290,50,0,5.482633400285557
-270,50,0,5.482633400285557
-250,50,0,5.482633400285557
-230,50,0,5.482633400285557
-210,50,0,5.482633400285557
-190,50,0,5.482633400285557
-170,50,0,5.482633400285557
-150,50,0,5.482633400285557
-130,50,0,5.482633400285557
-110,50,0,5.482633400285557
-90,50,0,5.482633400285557
-70,50,0,5.482633400285557
-50,50,0,5.482633400285557
-30,50,0,5.482633400285557
-10,50,0,5.482633400285557
10,50,0,5.482633400285557
30,50,0,5.482633400285557
50,50,0,5.482633400285557
70,50,0,5.482633400285557
90,50,0,5.482633400285557
110,50,0,5.482633400285557
130,50,0,5.482633400285557
150,50,0,5.482633400285557
170,50,0,5.482633400285557
190,50,0,5.482633400285557
210,50,0,5.482633400285557
230,50,0,5.482633400285557
250,50,0,5.482633400285557
270,50,0,5.482633400285557
290,50,0,5.482633400285557
310,50,0,5.482633400285557
330,50,0,5.482633400285557
350,50,0,5.482633400285557
370,50,0,5.482633400285557
390,50,0,5.482633400285557
410,50,0,5.482633400285557
430,50,0,5.482633400285557
450,50,0,5.482633400285557
470,50,0,5.482633400285557
490,50,0,5.482633400285557
510,50,0,5.482633400285557
530,50,0,5.482633400285557
550,50,0,5.482633400285557
570,50,0,5.482633400285557
590,50,0,5.482633400285557
610,50,0,5.482633400285557
630,50,0,5.482633400285557
650,50,0,5.482633400285557
670,50,0,5.482633400285557
690,50,0,5.482633400285557
710,50,0,5.482633400285557
730,50,0,5.482633400285557
750,50,0,5.482633400285557
770,50,0,5.482633400285557
790,50,0,5.482633400285557
-790,70,0,5.482633400285557
-770,70,0,5.482633400285557
-750,70,0,5.482633400285557
-730,70,0,5.482633400285557
-710,70,0,5.482633400285557
-690,70,0,5.482633400285557
-670,70,0,5.482633400285557
-650,70,0,5.482633400285557
-630,70,0,5.482633400285557
-610,70,0,5.482633400285557
-590,70,0,5.482633400285557
-570,70,0,5.482633400285557
-550,70,0,5.482633400285557
-530,70,0,5.482633400285557
-510,70,0,5.482633400285557
-490,70,0,5.482633400285557
-470,70,0,5.482633400285557
-450,70,0,5.482633400285557
-430,70,0,5.482633400285557
-410,70,0,5.482633400285557
-390,70,0,5.482633400285557
-370,70,0,5.482633400285557
-350,70,0,5.482633400285557
-330,70,0,5.482633400285557
-310,70,0,5.482633400285557
-290,70,0,5.482633400285557
-270,70,0,5.482633400285557
-250,70,0,5.482633400285557
-230,70,0,5.482633400285557
-210,70,0,5.482633400285557
-190,70,0,5.482633400285557
-170,70,0,5.482633400285557
-150,70,0,5.482633400285557
-130,70,0,5.482633400285557
-110,70,0,5.482633400285557
-90,70,0,5.482633400285557
-70,70,0,5.482633400285557
-50,70,0,5.482633400285557
-30,70,0,5.482633400285557
-10,70,0,5.482633400285557
10,70,0,5.482633400285557
30,70,0,5.482633400285557
50,70,0,5.482633400285557
70,70,0,5.482633400285557
90,70,0,5.482633400285557
110,70,0,5.482633400285557
130,70,0,5.482633400285557
150,70,0,5.482633400285557
170,70,0,5.482633400285557
190,70,0,5.482633400285557
210,70,0,5.482633400285557
230,70,0,5.482633400285557
250,70,0,5.482633400285557
270,70,0,5.482633400285557
290,70,0,5.482633400285557
310,70,0,5.482633400285557
330,70,0,5.482633400285557
350,70,0,5.482633400285557
370,70,0,5.482633400285557
390,70,0,5.482633400285557
410,70,0,5.482633400285557
430,70,0,5.482633400285557
450,70,0,5.482633400285557
470,70,0,5.482633400285557
490,70,0,5.482633400285557
510,70,0,5.482633400285557
530,70,0,5.482633400285557
550,70,0,5.482633400285557
570,70,0,5.482633400285557
590,70,0,5.482633400285557
610,70,0,5.482633400285557
630,70,0,5.482633400285557
650,70,0,5.482633400285557
670,70,0,5.482633400285557
690,70,0,5.482633400285557
710,70,0,5.482633400285557
730,70,0,5.482633400285557
750,70,0,5.482633400285557
770,70,0,5.482633400285557
790,70,0,5.482633400285557
-790,90,0,5.482633400285557
-770,90,0,5.482633400285557
-750,90,0,5.482633400285557
-730,90,0,5.482633400285557
-710,90,0,5.482633400285557
-690,90,0,5.482633400285557
-670,90,0,5.482633400285557
-650,90,0,5.482633400285557
-630,90,0,5.482633400285557
-610,90,0,5.482633400285557
-590,90,0,5.482633400285557
-570,90,0,5.482633400285557
-550,90,0,5.482633400285557
-530,90,0,5.482633400285557
-510,90,0,5.482633400285557
-490,90,0,5.482633400285557
-470,90,0,5.482633400285557
-450,90,0,5.482633400285557
-430,90,0,5.482633400285557
-410,90,0,5.482633400285557
-390,90,0,5.482633400285557
-370,90,0,5.482633400285557
-350,90,0,5.482633400285557
-330,90,0,5.482633400285557
-310,90,0,5.482633400285557
-290,90,0,5.482633400285557
-270,90,0,5.482633400285557
-250,90,0,5.482633400285557
-230,90,0,5.482633400285557
-210,90,0,5.482633400285557
-190,90,0,5.482633400285557
-170,90,0,5.482633400285557
-150,90,0,5.482633400285557
-130,90,0,5.482633400285557
-110,90,0,5.482633400285557
-90,90,0,5.482633400285557
-70,90,0,5.482633400285557
-50,90,0,5.482633400285557
-30,90,0,5.482633400285557
-10,90,0,5.482633400285557
10,90,0,5.482633400285557
30,90,0,5.482633400285557
50,90,0,5.482633400285557
70,90,0,5.482633400285557
90,90,0,5.482633400285557
110,90,0,5.482633400285557
130,90,0,5.482633400285557
150,90,0,5.482633400285557
170,90,0,5.482633400285557
190,90,0,5.482633400285557
210,90,0,5.482633400285557
230,90,0,5.482633400285557
250,90,0,5.482633400285557
270,90,0,5.482633400285557
290,90,0,5.482633400285557
310,90,0,5.482633400285557
330,90,0,5.482633400285557
350,90,0,5.482633400285557
370,90,0,5.482633400285557
390,90,0,5.482633400285557
410,90,0,5.482633400285557
430,90,0,5.482633400285557
450,90,0,5.482633400285557
470,90,0,5.482633400285557
490,90,0,5.482633400285557
510,90,0,5.482633400285557
530,90,0,5.482633400285557
550,90,0,5.482633400285557
570,90,0,5.482633400285557
590,90,0,5.482633400285557
610,90,0,5.482633400285557
630,90,0,5.482633400285557
650,90,0,5.482633400285557
670,90,0,5.482633400285557
690,90,0,5.482633400285557
710,90,0,5.482633400285557
730,90,0,5.482633400285557
750,90,0,5.482633400285557
770,90,0,5.482633400285557
790,90,0,5.482633400285557
-790,110,0,5.482633400285557
-770,110,0,5.482633400285557
-750,110,0,5.482633400285557
-730,110,0,5.482633400285557
-710,110,0,5.482633400285557
-690,110,0,5.482633400285557
-670,110,0,5.482633400285557
-650,110,0,5.482633400285557
-630,110,0,5.482633400285557
-610,110,0,5.482633400285557
-590,110,0,5.482633400285557
-570,110,0,5.482633400285557
-550,110,0,5.482633400285557
-530,110,0,5.482633400285557
-510,110,0,5.482633400285557
-490,110,0,5.482633400285557
-470,110,0,5.482633400285557
-450,110,0,5.482633400285557
-430,110,0,5.482633400285557
-410,110,0,5.482633400285557
-390,110,0,5.482633400285557
-370,110,0,5.482633400285557
-350,110,0,5.482633400285557
-330,110,0,5.482633400285557
-310,110,0,5.482633400285557
-290,110,0,5.482633400285557
-270,110,0,5.482633400285557
-250,110,0,5.482633400285557
-230,110,0,5.482633400285557
-210,110,0,5.482633400285557
-190,110,0,5.482633400285557
-170,110,0,5.482633400285557
-150,110,0,5.482633400285557
-130,110,0,5.482633400285557
-110,110,0,5.482633400285557
-90,110,0,5.482633400285557
-70,110,0,5.482633400285557
-50,110,0,5.482633400285557
-30,110,0,5.482633400285557
-10,110,0,5.482633400285557
10,110,0,5.482633400285557
30,110,0,5.482633400285557
50,110,0,5.482633400285557
70,110,0,5.482633400285557
90,110,0,5.482633400285557
110,110,0,5.482633400285557
130,110,0,5.482633400285557
150,110,0,5.482633400285557
170,110,0,5.482633400285557
190,110,0,5.482633400285557
210,110,0,5.482633400285557
230,110,0,5.482633400285557
250,110,0,5.482633400285557
270,110,0,5.482633400285557
290,110,0,5.482633400285557
310,110,0,5.482633400285557
330,110,0,5.482633400285557
350,110,0,5.482633400285557
370,110,0,5.482633400285557
390,110,0,5.482633400285557
410,110,0,5.482633400285557
430,110,0,5.482633400285557
450,110,0,5.482633400285557
470,110,0,5.482633400285557
490,110,0,5.482633400285557
510,110,0,5.482633400285557
530,110,0,5.482633400285557
550,110,0,5.482633400285557
570,110,0,5.482633400285557
590,110,0,5.482633400285557
610,110,0,5.482633400285557
630,110,0,5.482633400285557
650,110,0,5.482633400285557
670,110,0,5.482633400285557
690,110,0,5.482633400285557
710,110,0,5.482633400285557
730,110,0,5.482633400285557
750,110,0,5.482633400285557
770,110,0,5.482633400285557
790,110,0,5.482633400285557
-790,130,0,5.482633400285557
-770,130,0,5.482633400285557
-750,130,0,5.482633400285557
-730,130,0,5.482633400285557
-710,130,0,5.482633400285557
-690,130,0,5.482633400285557
-670,130,0,5.482633400285557
-650,130,0,5.482633400285557
-630,130,0,5.482633400285557
-610,130,0,5.482633400285557
-590,130,0,5.482633400285557
-570,130,0,5.482633400285557
-550,130,0,5.482633400285557
-530,130,0,5.482633400285557
-510,130,0,5.482633400285557
-490,130,0,5.482633400285557
-470,130,0,5.482633400285557
-450,130,0,5.482633400285557
-430,130,0,5.482633400285557
-410,130,0,5.482633400285557
-390,130,0,5.482633400285557
-370,130,0,5.482633400285557
-350,130,0,5.482633400285557
-330,130,0,5.482633400285557
-310,130,0,5.482633400285557
-290,130,0,5.482633400285557
-270,130,0,5.482633400285557
-250,130,0,5.482633400285557
-230,130,0,5.482633400285557
-210,130,0,5.482633400285557
-190,130,0,5.482633400285557
-170,130,0,5.482633400285557
-150,130,0,5.482633400285557
-130,130,0,5.482633400285557
-110,130,0,5.482633400285557
-90,130,0,5.482633400285557
-70,130,0,5.482633400285557
-50,130,0,5.482633400285557
-30,130,0,5.482633400285557
-10,130,0,5.482633400285557
10,130,0,5.482633400285557
30,130,0,5.482633400285557
50,130,0,5.482633400285557
70,130,0,5.482633400285557
90,130,0,5.482633400285557
110,130,0,5.482633400285557
130,130,0,5.482633400285557
150,130,0,5.482633400285557
170,130,0,5.482633400285557
190,130,0,5.482633400285557
210,130,0,5.482633400285557
230,130,0,5.482633400285557
250,130,0,5.482633400285557
270,130,0,5.482633400285557
290,130,0,5.482633400285557
310,130,0,5.482633400285557
330,130,0,5.482633400285557
350,130,0,5.482633400285557
370,130,0,5.482633400285557
390,130,0,5.482633400285557
410,130,0,5.482633400285557
430,130,0,5.482633400285557
450,130,0,5.482633400285557
470,130,0,5.482633400285557
490,130,0,5.482633400285557
510,130,0,5.482633400285557
530,130,0,5.482633400285557
550,130,0,5.482633400285557
570,130,0,5.482633400285557
590,130,0,5.482633400285557
610,130,0,5.482633400285557
630,130,0,5.482633400285557
650,130,0,5.482633400285557
670,130,0,5.482633400285557
690,130,0,5.482633400285557
710,130,0,5.482633400285557
730,130,0,5.482633400285557
750,130,0,5.482633400285557
770,130,0,5.482633400285557
790,130,0,5.482633400285557
-790,150,0,5.482633400285557
-770,150,0,5.482633400285557
-750,150,0,5.482633400285557
-730,150,0,5.482633400285557
-710,150,0,5.482633400285557
-690,150,0,5.482633400285557
-670,150,0,5.482633400285557
-650,150,0,5.482633400285557
-630,150,0,5.482633400285557
-610,150,0,5.482633400285557
-590,150,0,5.482633400285557
-570,150,0,5.482633400285557
-550,150,0,5.482633400285557
-530,150,0,5.482633400285557
-510,150,0,5.482633400285557
-490,150,0,5.482633400285557
-470,150,0,5.482633400285557
-450,150,0,5.482633400285557
-430,150,0,5.482633400285557
-410,150,0,5.482633400285557
-390,150,0,5.482633400285557
-370,150,0,5.482633400285557
-350,150,0,5.482633400285557
-330,150,0,5.482633400285557
-310,150,0,5.482633400285557
-290,150,0,5.482633400285557
-270,150,0,5.482633400285557
-250,150,0,5.482633400285557
-230,150,0,5.482633400285557
-210,150,0,5.482633400285557
-190,150,0,5.482633400285557
-170,150,0,5.482633400285557
-150,150,0,5.482633400285557
-130,150,0,5.482633400285557
-110,150,0,5.482633400285557
-90,150,0,5.482633400285557
-70,150,0,5.482633400285557
-50,150,0,5.482633400285557
-30,150,0,5.482633400285557
-10,150,0,5.482633400285557
10,150,0,5.482633400285557
30,150,0,5.482633400285557
50,150,0,5.482633400285557
70,150,0,5.482633400285557
90,150,0,5.482633400285557
110,150,0,5.482633400285557
130,150,0,5.482633400285557
150,150,0,5.482633400285557
170,150,0,5.482633400285557
190,150,0,5.482633400285557
210,150,0,5.482633400285557
230,150,0,5.482633400285557
250,150,0,5.482633400285557
270,150,0,5.482633400285557
290,150,0,5.482633400285557
310,150,0,5.482633400285557
330,150,0,5.482633400285557
350,150,0,5.482633400285557
370,150,0,5.482633400285557
390,150,0,5.482633400285557
410,150,0,5.482633400285557
430,150,0,5.482633400285557
450,150,0,5.482633400285557
470,150,0,5.482633400285557
490,150,0,5.482633400285557
510,150,0,5.482633400285557
530,150,0,5.482633400285557
550,150,0,5.482633400285557
570,150,0,5.482633400285557
590,150,0,5.482633400285557
610,150,0,5.482633400285557
630,150,0,5.482633400285557
650,150,0,5.482633400285557
670,150,0,5.482633400285557
690,150,0,5.482633400285557
710,150,0,5.482633400285557
730,150,0,5.482633400285557
750,150,0,5.482633400285557
770,150,0,5.482633400285557
790,150,0,5.482633400285557
-790,170,0,5.482633400285557
-770,170,0,5.482633400285557
-750,170,0,5.482633400285557
-730,170,0,5.482633400285557
-710,170,0,5.482633400285557
-690,170,0,5.482633400285557
-670,170,0,5.482633400285557
-650,170,0,5.482633400285557
-630,170,0,5.482633400285557
-610,170,0,5.482633400285557
-590,170,0,5.482633400285557
-570,170,0,5.482633400285557
-550,170,0,5.482633400285557
-530,170,0,5.482633400285557
-510,170,0,5.482633400285557
-490,170,0,5.482633400285557
-470,170,0,5.482633400285557
-450,170,0,5.482633400285557
-430,170,0,5.482633400285557
-410,170,0,5.482633400285557
-390,170,0,5.482633400285557
-370,170,0,5.482633400285557
-350,170,0,5.482633400285557
-330,170,0,5.482633400285557
-310,170,0,5.482633400285557
-290,170,0,5.482633400285557
-270,170,0,5.482633400285557
-250,170,0,5.482633400285557
-230,170,0,5.482633400285557
-210,170,0,5.482633400285557
-190,170,0,5.482633400285557
-170,170,0,5.482633400285557
-150,170,0,5.482633400285557
-130,170,0,5.482633400285557
-110,170,0,5.482633400285557
-90,170,0,5.482633400285557
-70,170,0,5.482633400285557
-50,170,0,5.482633400285557
-30,170,0,5.482633400285557
-10,170,0,5.482633400285557
10,170,0,5.482633400285557
30,170,0,5.482633400285557
50,170,0,5.482633400285557
70,170,0,5.482633400285557
90,170,0,5.482633400285557
110,170,0,5.482633400285557
130,170,0,5.482633400285557
150,170,0,5.482633400285557
170,170,0,5.482633400285557
190,170,0,5.482633400285557
210,170,0,5.482633400285557
230,170,0,5.482633400285557
250,170,0,5.482633400285557
270,170,0,5.482633400285557
290,170,0,5.482633400285557
310,170,0,5.482633400285557
330,170,0,5.482633400285557
350,170,0,5.482633400285557
370,170,0,5.482633400285557
390,170,0,5.482633400285557
410,170,0,5.482633400285557
430,170,0,5.482633400285557
450,170,0,5.482633400285557
470,170,0,5.482633400285557
490,170,0,5.482633400285557
510,170,0,5.482633400285557
530,170,0,5.482633400285557
550,170,0,5.482633400285557
570,170,0,5.482633400285557
590,170,0,5.482633400285557
610,170,0,5.482633400285557
630,170,0,5.482633400285557
650,170,0,5.482633400285557
670,170,0,5.482633400285557
690,170,0,5.482633400285557
710,170,0,5.482633400285557
730,170,0,5.482633400285557
750,170,0,5.482633400285557
770,170,0,5.482633400285557
790,170,0,5.482633400285557
-790,190,0,5.482633400285557
-770,190,0,5.482633400285557
-750,190,0,5.482633400285557
-730,190,0,5.482633400285557
-710,190,0,5.482633400285557
-690,190,0,5.482633400285557
-670,190,0,5.482633400285557
-650,190,0,5.482633400285557
-630,190,0,5.482633400285557
-610,190,0,5.482633400285557
-590,190,0,5.482633400285557
-570,190,0,5.482633400285557
-550,190,0,5.482633400285557
-530,190,0,5.482633400285557
-510,190,0,5.482633400285557
-490,190,0,5.482633400285557
-470,190,0,5.482633400285557
-450,190,0,5.482633400285557
-430,190,0,5.482633400285557
-410,190,0,5.482633400285557
-390,190,0,5.482633400285557
-370,190,0,5.482633400285557
-350,190,0,5.482633400285557
-330,190,0,5.482633400285557
-310,190,0,5.482633400285557
-290,190,0,5.482633400285557
-270,190,0,5.482633400285557
-250,190,0,5.482633400285557
-230,190,0,5.482633400285557
-210,190,0,5.482633400285557
-190,190,0,5.482633400285557
-170,190,0,5.482633400285557
-150,190,0,5.482633400285557
-130,190,0,5.482633400285557
-110,190,0,5.482633400285557
-90,190,0,5.482633400285557
-70,190,0,5.482633400285557
-50,190,0,5.482633400285557
-30,190,0,5.482633400285557
-10,190,0,5.482633400285557
10,190,0,5.482633400285557
30,190,0,5.482633400285557
50,190,0,5.482633400285557
70,190,0,5.482633400285557
90,190,0,5.482633400285557
110,190,0,5.482633400285557
130,190,0,5.482633400285557
150,190,0,5.482633400285557
170,190,0,5.482633400285557
190,190,0,5.482633400285557
210,190,0,5.482633400285557
230,190,0,5.482633400285557
250,190,0,5.482633400285557
270,190,0,5.482633400285557
290,190,0,5.482633400285557
310,190,0,5.482633400285557
330,190,0,5.482633400285557
350,190,0,5.482633400285557
370,190,0,5.482633400285557
390,190,0,5.482633400285557
410,190,0,5.482633400285557
430,190,0,5.482633400285557
450,190,0,5.482633400285557
470,190,0,5.482633400285557
490,190,0,5.482633400285557
510,190,0,5.482633400285557
530,190,0,5.482633400285557
550,190,0,5.482633400285557
570,190,0,5.482633400285557
590,190,0,5.482633400285557
610,190,0,5.482633400285557
630,190,0,5.482633400285557
650,190,0,5.482633400285557
670,190,0,5.482633400285557
690,190,0,5.482633400285557
710,190,0,5.482633400285557
730,190,0,5.482633400285557
750,190,0,5.482633400285557
770,190,0,5.482633400285557
790,190,0,5.482633400285557
-790,210,0,5.482633400285557
-770,210,0,5.482633400285557
-750,210,0,5.482633400285557
-730,210,0,5.482633400285557
-710,210,0,5.482633400285557
-690,210,0,5.482633400285557
-670,210,0,5.482633400285557
-650,210,0,5.482633400285557
-630,210,0,5.482633400285557
-610,210,0,5.482633400285557
-590,210,0,5.482633400285557
-570,210,0,5.482633400285557
-550,210,0,5.482633400285557
-530,210,0,5.482633400285557
-510,210,0,5.482633400285557
-490,210,0,5.482633400285557
-470,210,0,5.482633400285557
-450,210,0,5.482633400285557
-430,210,0,5.482633400285557
-410,210,0,5.482633400285557
-390,210,0,5.482633400285557
-370,210,0,5.482633400285557
-350,210,0,5.482633400285557
-330,210,0,5.482633400285557
-310,210,0,5.482633400285557
-290,210,0,5.482633400285557
-270,210,0,5.482633400285557
-250,210,0,5.482633400285557
-230,210,0,5.482633400285557
-210,210,0,5.482633400285557
-190,210,0,5.482633400285557
-170,210,0,5.482633400285557
-150,210,0,5.482633400285557
-130,210,0,5.482633400285557
-110,210,0,5.482633400285557
-90,210,0,5.482633400285557
-70,210,0,5.482633400285557
-50,210,0,5.482633400285557
-30,210,0,5.482633400285557
-10,210,0,5.482633400285557
10,210,0,5.482633400285557
30,210,0,5.482633400285557
50,210,0,5.482633400285557
70,210,0,5.482633400285557
90,210,0,5.482633400285557
110,210,0,5.482633400285557
130,210,0,5.482633400285557
150,210,0,5.482633400285557
170,210,0,5.482633400285557
190,210,0,5.482633400285557
210,210,0,5.482633400285557
230,210,0,5.482633400285557
250,210,0,5.482633400285557
270,210,0,5.482633400285557
290,210,0,5.482633400285557
310,210,0,5.482633400285557
330,210,0,5.482633400285557
350,210,0,5.482633400285557
370,210,0,5.482633400285557
390,210,0,5.482633400285557
410,210,0,5.482633400285557
430,210,0,5.482633400285557
450,210,0,5.482633400285557
470,210,0,5.482633400285557
490,210,0,5.482633400285557
510,210,0,5.482633400285557
530,210,0,5.482633400285557
550,210,0,5.482633400285557
570,210,0,5.482633400285557
590,210,0,5.482633400285557
610,210,0,5.482633400285557
630,210,0,5.482633400285557
650,210,0,5.482633400285557
670,210,0,5.482633400285557
690,210,0,5.482633400285557
710,210,0,5.482633400285557
730,210,0,5.482633400285557
750,210,0,5.482633400285557
770,210,0,5.482633400285557
790,210,0,5.482633400285557
-790,230,0,5.482633400285557
-770,230,0,5.482633400285557
-750,230,0,5.482633400285557
-730,230,0,5.482633400285557
-710,230,0,5.482633400285557
-690,230,0,5.482633400285557
-670,230,0,5.482633400285557
-650,230,0,5.482633400285557
-630,230,0,5.482633400285557
-610,230,0,5.482633400285557
-590,230,0,5.482633400285557
-570,230,0,5.482633400285557
-550,230,0,5.482633400285557
-530,230,0,5.482633400285557
-510,230,0,5.482633400285557
-490,230,0,5.482633400285557
-470,230,0,5.482633400285557
-450,230,0,5.482633400285557
-430,230,0,5.482633400285557
-410,230,0,5.482633400285557
-390,230,0,5.482633400285557
-370,230,0,5.482633400285557
-350,230,0,5.482633400285557
-330,230,0,5.482633400285557
-310,230,0,5.482633400285557
-290,230,0,5.482633400285557
-270,230,0,5.482633400285557
-250,230,0,5.482633400285557
-230,230,0,5.482633400285557
-210,230,0,5.482633400285557
-190,230,0,5.482633400285557
-170,230,0,5.482633400285557
-150,230,0,5.482633400285557
-130,230,0,5.482633400285557
-110,230,0,5.482633400285557
-90,230,0,5.482633400285557
-70,230,0,5.482633400285557
-50,230,0,5.482633400285557
-30,230,0,5.482633400285557
-10,230,0,5.482633400285557
10,230,0,5.482633400285557
30,230,0,5.482633400285557
50,230,0,5.482633400285557
70,230,0,5.482633400285557
90,230,0,5.482633400285557
110,230,0,5.482633400285557
130,230,0,5.482633400285557
150,230,0,5.482633400285557
170,230,0,5.482633400285557
190,230,0,5.482633400285557
210,230,0,5.482633400285557
230,230,0,5.482633400285557
250,230,0,5.482633400285557
270,230,0,5.482633400285557
290,230,0,5.482633400285557
310,230,0,5.482633400285557
330,230,0,5.482633400285557
350,230,0,5.482633400285557
370,230,0,5.482633400285557
390,230,0,5.482633400285557
410,230,0,5.482633400285557
430,230,0,5.482633400285557
450,230,0,5.482633400285557
470,230,0,5.482633400285557
490,230,0,5.482633400285557
510,230,0,5.482633400285557
530,230,0,5.482633400285557
550,230,0,5.482633400285557
570,230,0,5.482633400285557
590,230,0,5.482633400285557
610,230,0,5.482633400285557
630,230,0,5.482633400285557
650,230,0,5.482633400285557
670,230,0,5.482633400285557
690,230,0,5.482633400285557
710,230,0,5.482633400285557
730,230,0,5.482633400285557
750,230,0,5.482633400285557
770,230,0,5.482633400285557
790,230,0,5.482633400285557
-790,250,0,5.482633400285557
-770,250,0,5.482633400285557
-750,250,0,5.482633400285557
-730,250,0,5.482633400285557
-710,250,0,5.482633400285557
-690,250,0,5.482633400285557
-670,250,0,5.482633400285557
-650,250,0,5.482633400285557
-630,250,0,5.482633400285557
-610,250,0,5.482633400285557
-590,250,0,5.482633400285557
-570,250,0,5.482633400285557
-550,250,0,5.482633400285557
-530,250,0,5.482633400285557
-510,250,0,5.482633400285557
-490,250,0,5.482633400285557
-470,250,0,5.482633400285557
-450,250,0,5.482633400285557
-430,250,0,5.482633400285557
-410,250,0,5.482633400285557
-390,250,0,5.482633400285557
-370,250,0,5.482633400285557
-350,250,0,5.482633400285557
-330,250,0,5.482633400285557
-310,250,0,5.482633400285557
-290,250,0,5.482633400285557
-270,250,0,5.482633400285557
-250,250,0,5.482633400285557
-230,250,0,5.482633400285557
-210,250,0,5.482633400285557
-190,250,0,5.482633400285557
-170,250,0,5.482633400285557
-150,250,0,5.482633400285557
-130,250,0,5.482633400285557
-110,250,0,5.482633400285557
-90,250,0,5.482633400285557
-70,250,0,5.482633400285557
-50,250,0,5.482633400285557
-30,250,0,5.482633400285557
-10,250,0,5.482633400285557
10,250,0,5.482633400285557
30,250,0,5.482633400285557
50,250,0,5.482633400285557
70,250,0,5.482633400285557
90,250,0,5.482633400285557
110,250,0,5.482633400285557
130,250,0,5.482633400285557
150,250,0,5.482633400285557
170,250,0,5.482633400285557
190,250,0,5.482633400285557
210,250,0,5.482633400285557
230,250,0,5.482633400285557
250,250,0,5.482633400285557
270,250,0,5.482633400285557
290,250,0,5.482633400285557
310,250,0,5.482633400285557
330,250,0,5.482633400285557
350,250,0,5.482633400285557
370,250,0,5.482633400285557
390,250,0,5.482633400285557
410,250,0,5.482633400285557
430,250,0,5.482633400285557
450,250,0,5.482633400285557
470,250,0,5.482633400285557
490,250,0,5.482633400285557
510,250,0,5.482633400285557
530,250,0,5.482633400285557
550,250,0,5.482633400285557
570,250,0,5.482633400285557
590,250,0,5.482633400285557
610,250,0,5.482633400285557
630,250,0,5.482633400285557
650,250,0,5.482633400285557
670,250,0,5.482633400285557
690,250,0,5.482633400285557
710,250,0,5.482633400285557
730,250,0,5.482633400285557
750,250,0,5.482633400285557
770,250,0,5.482633400285557
790,250,0,5.482633400285557
-790,270,0,5.482633400285557
-770,270,0,5.482633400285557
-750,270,0,5.482633400285557
-730,270,0,5.482633400285557
-710,270,0,5.482633400285557
-690,270,0,5.482633400285557
-670,270,0,5.482633400285557
-650,270,0,5.482633400285557
-630,270,0,5.482633400285557
-610,270,0,5.482633400285557
-590,270,0,5.482633400285557
-570,270,0,5.482633400285557
-550,270,0,5.482633400285557
-530,270,0,5.482633400285557
-510,270,0,5.482633400285557
-490,270,0,5.482633400285557
-470,270,0,5.482633400285557
-450,270,0,5.482633400285557
-430,270,0,5.482633400285557
-410,270,0,5.482633400285557
-390,270,0,5.482633400285557
-370,270,0,5.482633400285557
-350,270,0,5.482633400285557
-330,270,0,5.482633400285557
-310,270,0,5.482633400285557
-290,270,0,5.482633400285557
-270,270,0,5.482633400285557
-250,270,0,5.482633400285557
-230,270,0,5.482633400285557
-210,270,0,5.482633400285557
-190,270,0,5.482633400285557
-170,270,0,5.482633400285557
-150,270,0,5.482633400285557
-130,270,0,5.482633400285557
-110,270,0,5.482633400285557
-90,270,0,5.482633400285557
-70,270,0,5.482633400285557
-50,270,0,5.482633400285557
-30,270,0,5.482633400285557
-10,270,0,5.482633400285557
10,270,0,5.482633400285557
30,270,0,5.482633400285557
50,270,0,5.482633400285557
70,270,0,5.482633400285557
90,270,0,5.482633400285557
110,270,0,5.482633400285557
130,270,0,5.482633400285557
150,270,0,5.482633400285557
170,270,0,5.482633400285557
190,270,0,5.482633400285557
210,270,0,5.482633400285557
230,270,0,5.482633400285557
250,270,0,5.482633400285557
270,270,0,5.482633400285557
290,270,0,5.482633400285557
310,270,0,5.482633400285557
330,270,0,5.482633400285557
350,270,0,5.482633400285557
370,270,0,5.482633400285557
390,270,0,5.482633400285557
410,270,0,5.482633400285557
430,270,0,5.482633400285557
450,270,0,5.482633400285557
470,270,0,5.482633400285557
490,270,0,5.482633400285557
510,270,0,5.482633400285557
530,270,0,5.482633400285557
550,270,0,5.482633400285557
570,270,0,5.482633400285557
590,270,0,5.482633400285557
610,270,0,5.482633400285557
630,270,0,5.482633400285557
650,270,0,5.482633400285557
670,270,0,5.482633400285557
690,270,0,5.482633400285557
710,270,0,5.482633400285557
730,270,0,5.482633400285557
750,270,0,5.482633400285557
770,270,0,5.482633400285557
790,270,0,5.482633400285557
-790,290,0,5.482633400285557
-770,290,0,5.482633400285557
-750,290,0,5.482633400285557
-730,290,0,5.482633400285557
-710,290,0,5.482633400285557
-690,290,0,5.482633400285557
-670,290,0,5.482633400285557
-650,290,0,5.482633400285557
-630,290,0,5.482633400285557
-610,290,0,5.482633400285557
-590,290,0,5.482633400285557
-570,290,0,5.482633400285557
-550,290,0,5.482633400285557
-530,290,0,5.482633400285557
-510,290,0,5.482633400285557
-490,290,0,5.482633400285557
-470,290,0,5.482633400285557
-450,290,0,5.482633400285557
-430,290,0,5.482633400285557
-410,290,0,5.482633400285557
-390,290,0,5.482633400285557
-370,290,0,5.482633400285557
-350,290,0,5.482633400285557
-330,290,0,5.482633400285557
-310,290,0,5.482633400285557
-290,290,0,5.482633400285557
-270,290,0,5.482633400285557
-250,290,0,5.482633400285557
-230,290,0,5.482633400285557
-210,290,0,5.482633400285557
-190,290,0,5.482633400285557
-170,290,0,5.482633400285557
-150,290,0,5.482633400285557
-130,290,0,5.482633400285557
-110,290,0,5.482633400285557
-90,290,0,5.482633400285557
-70,290,0,5.482633400285557
-50,290,0,5.482633400285557
-30,290,0,5.482633400285557
-10,290,0,5.482633400285557
10,290,0,5.482633400285557
30,290,0,5.482633400285557
50,290,0,5.482633400285557
70,290,0,5.482633400285557
90,290,0,5.482633400285557
110,290,0,5.482633400285557
130,290,0,5.482633400285557
150,290,0,5.482633400285557
170,290,0,5.482633400285557
190,290,0,5.482633400285557
210,290,0,5.482633400285557
230,290,0,5.482633400285557
250,290,0,5.482633400285557
270,290,0,5.482633400285557
290,290,0,5.482633400285557
310,290,0,5.482633400285557
330,290,0,5.482633400285557
350,290,0,5.482633400285557
370,290,0,5.482633400285557
390,290,0,5.482633400285557
410,290,0,5.482633400285557
430,290,0,5.482633400285557
450,290,0,5.482633400285557
470,290,0,5.482633400285557
490,290,0,5.482633400285557
510,290,0,5.482633400285557
530,290,0,5.482633400285557
550,290,0,5.482633400285557
570,290,0,5.482633400285557
590,290,0,5.482633400285557
610,290,0,5.482633400285557
630,290,0,5.482633400285557
650,290,0,5.482633400285557
670,290,0,5.482633400285557
690,290,0,5.482633400285557
710,290,0,5.482633400285557
730,290,0,5.482633400285557
750,290,0,5.482633400285557
770,290,0,5.482633400285557
790,290,0,5.482633400285557
-790,310,0,5.482633400285557
-770,310,0,5.482633400285557
-750,310,0,5.482633400285557
-730,310,0,5.482633400285557
-710,310,0,5.482633400285557
-690,310,0,5.482633400285557
-670,310,0,5.482633400285557
-650,310,0,5.482633400285557
-630,310,0,5.482633400285557
-610,310,0,5.482633400285557
-590,310,0,5.482633400285557
-570,310,0,5.482633400285557
-550,310,0,5.482633400285557
-530,310,0,5.482633400285557
-510,310,0,5.482633400285557
-490,310,0,5.482633400285557
-470,310,0,5.482633400285557
-450,310,0,5.482633400285557
-430,310,0,5.482633400285557
-410,310,0,5.482633400285557
-390,310,0,5.482633400285557
-370,310,0,5.482633400285557
-350,310,0,5.482633400285557
-330,310,0,5.482633400285557
-310,310,0,5.482633400285557
-290,310,0,5.482633400285557
-270,310,0,5.482633400285557
-250,310,0,5.482633400285557
-230,310,0,5.482633400285557
-210,310,0,5.482633400285557
-190,310,0,5.482633400285557
-170,310,0,5.482633400285557
-150,310,0,5.482633400285557
-130,310,0,5.482633400285557
-110,310,0,5.482633400285557
-90,310,0,5.482633400285557
-70,310,0,5.482633400285557
-50,310,0,5.482633400285557
-30,310,0,5.482633400285557
-10,310,0,5.482633400285557
10,310,0,5.482633400285557
30,310,0,5.482633400285557
50,310,0,5.482633400285557
70,310,0,5.482633400285557
90,310,0,5.482633400285557
110,310,0,5.482633400285557
130,310,0,5.482633400285557
150,310,0,5.482633400285557
170,310,0,5.482633400285557
190,310,0,5.482633400285557
210,310,0,5.482633400285557
230,310,0,5.482633400285557
250,310,0,5.482633400285557
270,310,0,5.482633400285557
290,310,0,5.482633400285557
310,310,0,5.482633400285557
330,310,0,5.482633400285557
350,310,0,5.482633400285557
370,310,0,5.482633400285557
390,310,0,5.482633400285557
410,310,0,5.482633400285557
430,310,0,5.482633400285557
450,310,0,5.482633400285557
470,310,0,5.482633400285557
490,310,0,5.482633400285557
510,310,0,5.482633400285557
530,310,0,5.482633400285557
550,310,0,5.482633400285557
570,310,0,5.482633400285557
590,310,0,5.482633400285557
610,310,0,5.482633400285557
630,310,0,5.482633400285557
650,310,0,5.482633400285557
670,310,0,5.482633400285557
690,310,0,5.482633400285557
710,310,0,5.482633400285557
730,310,0,5.482633400285557
750,310,0,5.482633400285557
770,310,0,5.482633400285557
790,310,0,5.482633400285557
-790,330,0,5.482633400285557
-770,330,0,5.482633400285557
-750,330,0,5.482633400285557
-730,330,0,5.482633400285557
-710,330,0,5.482633400285557
-690,330,0,5.482633400285557
-670,330,0,5.482633400285557
-650,330,0,5.482633400285557
-630,330,0,5.482633400285557
-610,330,0,5.482633400285557
-590,330,0,5.482633400285557
-570,330,0,5.482633400285557
-550,330,0,5.482633400285557
-530,330,0,5.482633400285557
-510,330,0,5.482633400285557
-490,330,0,5.482633400285557
-470,330,0,5.482633400285557
-450,330,0,5.482633400285557
-430,330,0,5.482633400285557
-410,330,0,5.482633400285557
-390,330,0,5.482633400285557
-370,330,0,5.482633400285557
-350,330,0,5.482633400285557
-330,330,0,5.482633400285557
-310,330,0,5.482633400285557
-290,330,0,5.482633400285557
-270,330,0,5.482633400285557
-250,330,0,5.482633400285557
-230,330,0,5.482633400285557
-210,330,0,5.482633400285557
-190,330,0,5.482633400285557
-170,330,0,5.482633400285557
-150,330,0,5.482633400285557
-130,330,0,5.482633400285557
-110,330,0,5.482633400285557
-90,330,0,5.482633400285557
-70,330,0,5.482633400285557
-50,330,0,5.482633400285557
-30,330,0,5.482633400285557
-10,330,0,5.482633400285557
10,330,0,5.482633400285557
30,330,0,5.482633400285557
50,330,0,5.482633400285557
70,330,0,5.482633400285557
90,330,0,5.482633400285557
110,330,0,5.482633400285557
130,330,0,5.482633400285557
150,330,0,5.482633400285557
170,330,0,5.482633400285557
190,330,0,5.482633400285557
210,330,0,5.482633400285557
230,330,0,5.482633400285557
250,330,0,5.482633400285557
270,330,0,5.482633400285557
290,330,0,5.482633400285557
310,330,0,5.482633400285557
330,330,0,5.482633400285557
350,330,0,5.482633400285557
370,330,0,5.482633400285557
390,330,0,5.482633400285557
410,330,0,5.482633400285557
430,330,0,5.482633400285557
450,330,0,5.482633400285557
470,330,0,5.482633400285557
490,330,0,5.482633400285557
510,330,0,5.482633400285557
530,330,0,5.482633400285557
550,330,0,5.482633400285557
570,330,0,5.482633400285557
590,330,0,5.482633400285557
610,330,0,5.482633400285557
630,330,0,5.482633400285557
650,330,0,5.482633400285557
670,330,0,5.482633400285557
690,330,0,5.482633400285557
710,330,0,5.482633400285557
730,330,0,5.482633400285557
750,330,0,5.482633400285557
770,330,0,5.482633400285557
790,330,0,5.482633400285557
-790,350,0,5.482633400285557
-770,350,0,5.482633400285557
-750,350,0,5.482633400285557
-730,350,0,5.482633400285557
-710,350,0,5.482633400285557
-690,350,0,5.482633400285557
-670,350,0,5.482633400285557
-650,350,0,5.482633400285557
-630,350,0,5.482633400285557
-610,350,0,5.482633400285557
-590,350,0,5.482633400285557
-570,350,0,5.482633400285557
-550,350,0,5.482633400285557
-530,350,0,5.482633400285557
-510,350,0,5.482633400285557
-490,350,0,5.482633400285557
-470,350,0,5.482633400285557
-450,350,0,5.482633400285557
-430,350,0,5.482633400285557
-410,350,0,5.482633400285557
-390,350,0,5.482633400285557
-370,350,0,5.482633400285557
-350,350,0,5.482633400285557
-330,350,0,5.482633400285557
-310,350,0,5.482633400285557
-290,350,0,5.482633400285557
-270,350,0,5.482633400285557
-250,350,0,5.482633400285557
-230,350,0,5.482633400285557
-210,350,0,5.482633400285557
-190,350,0,5.482633400285557
-170,350,0,5.482633400285557
-150,350,0,5.482633400285557
-130,350,0,5.482633400285557
-110,350,0,5.482633400285557
-90,350,0,5.482633400285557
-70,350,0,5.482633400285557
-50,350,0,5.482633400285557
-30,350,0,5.482633400285557
-10,350,0,5.482633400285557
10,350,0,5.482633400285557
30,350,0,5.482633400285557
50,350,0,5.482633400285557
70,350,0,5.482633400285557
90,350,0,5.482633400285557
110,350,0,5.482633400285557
130,350,0,5.482633400285557
150,350,0,5.482633400285557
170,350,0,5.482633400285557
190,350,0,5.482633400285557
210,350,0,5.482633400285557
230,350,0,5.482633400285557
250,350,0,5.482633400285557
270,350,0,5.482633400285557
290,350,0,5.482633400285557
310,350,0,5.482633400285557
330,350,0,5.482633400285557
350,350,0,5.482633400285557
370,350,0,5.482633400285557
390,350,0,5.482633400285557
410,350,0,5.482633400285557
430,350,0,5.482633400285557
450,350,0,5.482633400285557
470,350,0,5.482633400285557
490,350,0,5.482633400285557
510,350,0,5.482633400285557
530,350,0,5.482633400285557
550,350,0,5.482633400285557
570,350,0,5.482633400285557
590,350,0,5.482633400285557
610,350,0,5.482633400285557
630,350,0,5.482633400285557
650,350,0,5.482633400285557
670,350,0,5.482633400285557
690,350,0,5.482633400285557
710,350,0,5.482633400285557
730,350,0,5.482633400285557
750,350,0,5.482633400285557
770,350,0,5.482633400285557
790,350,0,5.482633400285557
-790,370,0,5.482633400285557
-770,370,0,5.482633400285557
-750,370,0,5.482633400285557
-730,370,0,5.482633400285557
-710,370,0,5.482633400285557
-690,370,0,5.482633400285557
-670,370,0,5.482633400285557
-650,370,0,5.482633400285557
-630,370,0,5.482633400285557
-610,370,0,5.482633400285557
-590,370,0,5.482633400285557
-570,370,0,5.482633400285557
-550,370,0,5.482633400285557
-530,370,0,5.482633400285557
-510,370,0,5.482633400285557
-490,370,0,5.482633400285557
-470,370,0,5.482633400285557
-450,370,0,5.482633400285557
-430,370,0,5.482633400285557
-410,370,0,5.482633400285557
-390,370,0,5.482633400285557
-370,370,0,5.482633400285557
-350,370,0,5.482633400285557
-330,370,0,5.482633400285557
-310,370,0,5.482633400285557
-290,370,0,5.482633400285557
-270,370,0,5.482633400285557
-250,370,0,5.482633400285557
-230,370,0,5.482633400285557
-210,370,0,5.482633400285557
-190,370,0,5.482633400285557
-170,370,0,5.482633400285557
-150,370,0,5.482633400285557
-130,370,0,5.482633400285557
-110,370,0,5.482633400285557
-90,370,0,5.482633400285557
-70,370,0,5.482633400285557
-50,370,0,5.482633400285557
-30,370,0,5.482633400285557
-10,370,0,5.482633400285557
10,370,0,5.482633400285557
30,370,0,5.482633400285557
50,370,0,5.482633400285557
70,370,0,5.482633400285557
90,370,0,5.482633400285557
110,370,0,5.482633400285557
130,370,0,5.482633400285557
150,370,0,5.482633400285557
170,370,0,5.482633400285557
190,370,0,5.482633400285557
210,370,0,5.482633400285557
230,370,0,5.482633400285557
250,370,0,5.482633400285557
270,370,0,5.482633400285557
290,370,0,5.482633400285557
310,370,0,5.482633400285557
330,370,0,5.482633400285557
350,370,0,5.482633400285557
370,370,0,5.482633400285557
390,370,0,5.482633400285557
410,370,0,5.482633400285557
430,370,0,5.482633400285557
450,370,0,5.482633400285557
470,370,0,5.482633400285557
490,370,0,5.482633400285557
510,370,0,5.482633400285557
530,370,0,5.482633400285557
550,370,0,5.482633400285557
570,370,0,5.482633400285557
590,370,0,5.482633400285557
610,370,0,5.482633400285557
630,370,0,5.482633400285557
650,370,0,5.482633400285557
670,370,0,5.482633400285557
690,370,0,5.482633400285557
710,370,0,5.482633400285557
730,370,0,5.482633400285557
750,370,0,5.482633400285557
770,370,0,5.482633400285557
790,370,0,5.482633400285557
-790,390,0,5.482633400285557
-770,390,0,5.482633400285557
-750,390,0,5.482633400285557
-730,390,0,5.482633400285557
-710,390,0,5.482633400285557
-690,390,0,5.482633400285557
-670,390,0,5.482633400285557
-650,390,0,5.482633400285557
-630,390,0,5.482633400285557
-610,390,0,5.482633400285557
-590,390,0,5.482633400285557
-570,390,0,5.482633400285557
-550,390,0,5.482633400285557
-530,390,0,5.482633400285557
-510,390,0,5.482633400285557
-490,390,0,5.482633400285557
-470,390,0,5.482633400285557
-450,390,0,5.482633400285557
-430,390,0,5.482633400285557
-410,390,0,5.482633400285557
-390,390,0,5.482633400285557
-370,390,0,5.482633400285557
-350,390,0,5.482633400285557
-330,390,0,5.482633400285557
-310,390,0,5.482633400285557
-290,390,0,5.482633400285557
-270,390,0,5.482633400285557
-250,390,0,5.482633400285557
-230,390,0,5.482633400285557
-210,390,0,5.482633400285557
-190,390,0,5.482633400285557
-170,390,0,5.482633400285557
-150,390,0,5.482633400285557
-130,390,0,5.482633400285557
-110,390,0,5.482633400285557
-90,390,0,5.482633400285557
-70,390,0,5.482633400285557
-50,390,0,5.482633400285557
-30,390,0,5.482633400285557
-10,390,0,5.482633400285557
10,390,0,5.482633400285557
30,390,0,5.482633400285557
50,390,0,5.482633400285557
70,390,0,5.482633400285557
90,390,0,5.482633400285557
110,390,0,5.482633400285557
130,390,0,5.482633400285557
150,390,0,5.482633400285557
170,390,0,5.482633400285557
190,390,0,5.482633400285557
210,390,0,5.482633400285557
230,390,0,5.482633400285557
250,390,0,5.482633400285557
270,390,0,5.482633400285557
290,390,0,5.482633400285557
310,390,0,5.482633400285557
330,390,0,5.482633400285557
350,390,0,5.482633400285557
370,390,0,5.482633400285557
390,390,0,5.482633400285557
410,390,0,5.482633400285557
430,390,0,5.482633400285557
450,390,0,5.482633400285557
470,390,0,5.482633400285557
490,390,0,5.482633400285557
510,390,0,5.482633400285557
530,390,0,5.482633400285557
550,390,0,5.482633400285557
570,390,0,5.482633400285557
590,390,0,5.482633400285557
610,390,0,5.482633400285557
630,390,0,5.482633400285557
650,390,0,5.482633400285557
670,390,0,5.482633400285557
690,390,0,5.482633400285557
710,390,0,5.482633400285557
730,390,0,5.482633400285557
750,390,0,5.482633400285557
770,390,0,5.482633400285557
790,390,0,5.482633400285557
-790,410,0,5.482633400285557
-770,410,0,5.482633400285557
-750,410,0,5.482633400285557
-730,410,0,5.482633400285557
-710,410,0,5.482633400285557
-690,410,0,5.482633400285557
-670,410,0,5.482633400285557
-650,410,0,5.482633400285557
-630,410,0,5.482633400285557
-610,410,0,5.482633400285557
-590,410,0,5.482633400285557
-570,410,0,5.482633400285557
-550,410,0,5.482633400285557
-530,410,0,5.482633400285557
-510,410,0,5.482633400285557
-490,410,0,5.482633400285557
-470,410,0,5.482633400285557
-450,410,0,5.482633400285557
-430,410,0,5.482633400285557
-410,410,0,5.482633400285557
-390,410,0,5.482633400285557
-370,410,0,5.482633400285557
-350,410,0,5.482633400285557
-330,410,0,5.482633400285557
-310,410,0,5.482633400285557
-290,410,0,5.482633400285557
-270,410,0,5.482633400285557
-250,410,0,5.482633400285557
-230,410,0,5.482633400285557
-210,410,0,5.482633400285557
-190,410,0,5.482633400285557
-170,410,0,5.482633400285557
-150,410,0,5.482633400285557
-130,410,0,5.482633400285557
-110,410,0,5.482633400285557
-90,410,0,5.482633400285557
-70,410,0,5.482633400285557
-50,410,0,5.482633400285557
-30,410,0,5.482633400285557
-10,410,0,5.482633400285557
10,410,0,5.482633400285557
30,410,0,5.482633400285557
50,410,0,5.482633400285557
70,410,0,5.482633400285557
90,410,0,5.482633400285557
110,410,0,5.482633400285557
130,410,0,5.482633400285557
150,410,0,5.482633400285557
170,410,0,5.482633400285557
190,410,0,5.482633400285557
210,410,0,5.482633400285557
230,410,0,5.482633400285557
250,410,0,5.482633400285557
270,410,0,5.482633400285557
290,410,0,5.482633400285557
310,410,0,5.482633400285557
330,410,0,5.482633400285557
350,410,0,5.482633400285557
370,410,0,5.482633400285557
390,410,0,5.482633400285557
410,410,0,5.482633400285557
430,410,0,5.482633400285557
450,410,0,5.482633400285557
470,410,0,5.482633400285557
490,410,0,5.482633400285557
510,410,0,5.482633400285557
530,410,0,5.482633400285557
550,410,0,5.482633400285557
570,410,0,5.482633400285557
590,410,0,5.482633400285557
610,410,0,5.482633400285557
630,410,0,5.482633400285557
650,410,0,5.482633400285557
670,410,0,5.482633400285557
690,410,0,5.482633400285557
710,410,0,5.482633400285557
730,410,0,5.482633400285557
750,410,0,5.482633400285557
770,410,0,5.482633400285557
790,410,0,5.482633400285557
-790,430,0,5.482633400285557
-770,430,0,5.482633400285557
-750,430,0,5.482633400285557
-730,430,0,5.482633400285557
-710,430,0,5.482633400285557
-690,430,0,5.482633400285557
-670,430,0,5.482633400285557
-650,430,0,5.482633400285557
-630,430,0,5.482633400285557
-610,430,0,5.482633400285557
-590,430,0,5.482633400285557
-570,430,0,5.482633400285557
-550,430,0,5.482633400285557
-530,430,0,5.482633400285557
-510,430,0,5.482633400285557
-490,430,0,5.482633400285557
-470,430,0,5.482633400285557
-450,430,0,5.482633400285557
-430,430,0,5.482633400285557
-410,430,0,5.482633400285557
-390,430,0,5.482633400285557
-370,430,0,5.482633400285557
-350,430,0,5.482633400285557
-330,430,0,5.482633400285557
-310,430,0,5.482633400285557
-290,430,0,5.482633400285557
-270,430,0,5.482633400285557
-250,430,0,5.482633400285557
-230,430,0,5.482633400285557
-210,430,0,5.482633400285557
-190,430,0,5.482633400285557
-170,430,0,5.482633400285557
-150,430,0,5.482633400285557
-130,430,0,5.482633400285557
-110,430,0,5.482633400285557
-90,430,0,5.482633400285557
-70,430,0,5.482633400285557
-50,430,0,5.482633400285557
-30,430,0,5.482633400285557
-10,430,0,5.482633400285557
10,430,0,5.482633400285557
30,430,0,5.482633400285557
50,430,0,5.482633400285557
70,430,0,5.482633400285557
90,430,0,5.482633400285557
110,430,0,5.482633400285557
130,430,0,5.482633400285557
150,430,0,5.482633400285557
170,430,0,5.482633400285557
190,430,0,5.482633400285557
210,430,0,5.482633400285557
230,430,0,5.482633400285557
250,430,0,5.482633400285557
270,430,0,5.482633400285557
290,430,0,5.482633400285557
310,430,0,5.482633400285557
330,430,0,5.482633400285557
350,430,0,5.482633400285557
370,430,0,5.482633400285557
390,430,0,5.482633400285557
410,430,0,5.482633400285557
430,430,0,5.482633400285557
450,430,0,5.482633400285557
470,430,0,5.482633400285557
490,430,0,5.482633400285557
510,430,0,5.482633400285557
530,430,0,5.482633400285557
550,430,0,5.482633400285557
570,430,0,5.482633400285557
590,430,0,5.482633400285557
610,430,0,5.482633400285557
630,430,0,5.482633400285557
650,430,0,5.482633400285557
670,430,0,5.482633400285557
690,430,0,5.482633400285557
710,430,0,5.482633400285557
730,430,0,5.482633400285557
750,430,0,5.482633400285557
770,430,0,5.482633400285557
790,430,0,5.482633400285557
-790,450,0,5.482633400285557
-770,450,0,5.482633400285557
-750,450,0,5.482633400285557
-730,450,0,5.482633400285557
-710,450,0,5.482633400285557
-690,450,0,5.482633400285557
-670,450,0,5.482633400285557
-650,450,0,5.482633400285557
-630,450,0,5.482633400285557
-610,450,0,5.482633400285557
-590,450,0,5.482633400285557
-570,450,0,5.482633400285557
-550,450,0,5.482633400285557
-530,450,0,5.482633400285557
-510,450,0,5.482633400285557
-490,450,0,5.482633400285557
-470,450,0,5.482633400285557
-450,450,0,5.482633400285557
-430,450,0,5.482633400285557
-410,450,0,5.482633400285557
-390,450,0,5.482633400285557
-370,450,0,5.482633400285557
-350,450,0,5.482633400285557
-330,450,0,5.482633400285557
-310,450,0,5.482633400285557
-290,450,0,5.482633400285557
-270,450,0,5.482633400285557
-250,450,0,5.482633400285557
-230,450,0,5.482633400285557
-210,450,0,5.482633400285557
-190,450,0,5.482633400285557
-170,450,0,5.482633400285557
-150,450,0,5.482633400285557
-130,450,0,5.482633400285557
-110,450,0,5.482633400285557
-90,450,0,5.482633400285557
-70,450,0,5.482633400285557
-50,450,0,5.482633400285557
-30,450,0,5.482633400285557
-10,450,0,5.482633400285557
10,450,0,5.482633400285557
30,450,0,5.482633400285557
50,450,0,5.482633400285557
70,450,0,5.482633400285557
90,450,0,5.482633400285557
110,450,0,5.482633400285557
130,450,0,5.482633400285557
150,450,0,5.482633400285557
170,450,0,5.482633400285557
190,450,0,5.482633400285557
210,450,0,5.482633400285557
230,450,0,5.482633400285557
250,450,0,5.482633400285557
270,450,0,5.482633400285557
290,450,0,5.482633400285557
310,450,0,5.482633400285557
330,450,0,5.482633400285557
350,450,0,5.482633400285557
370,450,0,5.482633400285557
390,450,0,5.482633400285557
410,450,0,5.482633400285557
430,450,0,5.482633400285557
450,450,0,5.482633400285557
470,450,0,5.482633400285557
490,450,0,5.482633400285557
510,450,0,5.482633400285557
530,450,0,5.482633400285557
550,450,0,5.482633400285557
570,450,0,5.482633400285557
590,450,0,5.482633400285557
610,450,0,5.482633400285557
630,450,0,5.482633400285557
650,450,0,5.482633400285557
670,450,0,5.482633400285557
690,450,0,5.482633400285557
710,450,0,5.482633400285557
730,450,0,5.482633400285557
750,450,0,5.482633400285557
770,450,0,5.482633400285557
790,450,0,5.482633400285557
-790,470,0,5.482633400285557
-770,470,0,5.482633400285557
-750,470,0,5.482633400285557
-730,470,0,5.482633400285557
-710,470,0,5.482633400285557
-690,470,0,5.482633400285557
-670,470,0,5.482633400285557
-650,470,0,5.482633400285557
-630,470,0,5.482633400285557
-610,470,0,5.482633400285557
-590,470,0,5.482633400285557
-570,470,0,5.482633400285557
-550,470,0,5.482633400285557
-530,470,0,5.482633400285557
-510,470,0,5.482633400285557
-490,470,0,5.482633400285557
-470,470,0,5.482633400285557
-450,470,0,5.482633400285557
-430,470,0,5.482633400285557
-410,470,0,5.482633400285557
-390,470,0,5.482633400285557
-370,470,0,5.482633400285557
-350,470,0,5.482633400285557
-330,470,0,5.482633400285557
-310,470,0,5.482633400285557
-290,470,0,5.482633400285557
-270,470,0,5.482633400285557
-250,470,0,5.482633400285557
-230,470,0,5.482633400285557
-210,470,0,5.482633400285557
-190,470,0,5.482633400285557
-170,470,0,5.482633400285557
-150,470,0,5.482633400285557
-130,470,0,5.482633400285557
-110,470,0,5.482633400285557
-90,470,0,5.482633400285557
-70,470,0,5.482633400285557
-50,470,0,5.482633400285557
-30,470,0,5.482633400285557
-10,470,0,5.482633400285557
10,470,0,5.482633400285557
30,470,0,5.482633400285557
50,470,0,5.482633400285557
70,470,0,5.482633400285557
90,470,0,5.482633400285557
110,470,0,5.482633400285557
130,470,0,5.482633400285557
150,470,0,5.482633400285557
170,470,0,5.482633400285557
190,470,0,5.482633400285557
210,470,0,5.482633400285557
230,470,0,5.482633400285557
250,470,0,5.482633400285557
270,470,0,5.482633400285557
290,470,0,5.482633400285557
310,470,0,5.482633400285557
330,470,0,5.482633400285557
350,470,0,5.482633400285557
370,470,0,5.482633400285557
390,470,0,5.482633400285557
410,470,0,5.482633400285557
430,470,0,5.482633400285557
450,470,0,5.482633400285557
470,470,0,5.482633400285557
490,470,0,5.482633400285557
510,470,0,5.482633400285557
530,470,0,5.482633400285557
550,470,0,5.482633400285557
570,470,0,5.482633400285557
590,470,0,5.482633400285557
610,470,0,5.482633400285557
630,470,0,5.482633400285557
650,470,0,5.482633400285557
670,470,0,5.482633400285557
690,470,0,5.482633400285557
710,470,0,5.482633400285557
730,470,0,5.482633400285557
750,470,0,5.482633400285557
770,470,0,5.482633400285557
790,470,0,5.482633400285557
-790,490,0,5.482633400285557
-770,490,0,5.482633400285557
-750,490,0,5.482633400285557
-730,490,0,5.482633400285557
-710,490,0,5.482633400285557
-690,490,0,5.482633400285557
-670,490,0,5.482633400285557
-650,490,0,5.482633400285557
-630,490,0,5.482633400285557
-610,490,0,5.482633400285557
-590,490,0,5.482633400285557
-570,490,0,5.482633400285557
-550,490,0,5.482633400285557
-530,490,0,5.482633400285557
-510,490,0,5.482633400285557
-490,490,0,5.482633400285557
-470,490,0,5.482633400285557
-450,490,0,5.482633400285557
-430,490,0,5.482633400285557
-410,490,0,5.482633400285557
-390,490,0,5.482633400285557
-370,490,0,5.482633400285557
-350,490,0,5.482633400285557
-330,490,0,5.482633400285557
-310,490,0,5.482633400285557
-290,490,0,5.482633400285557
-270,490,0,5.482633400285557
-250,490,0,5.482633400285557
-230,490,0,5.482633400285557
-210,490,0,5.482633400285557
-190,490,0,5.482633400285557
-170,490,0,5.482633400285557
-150,490,0,5.482633400285557
-130,490,0,5.482633400285557
-110,490,0,5.482633400285557
-90,490,0,5.482633400285557
-70,490,0,5.482633400285557
-50,490,0,5.482633400285557
-30,490,0,5.482633400285557
-10,490,0,5.482633400285557
10,490,0,5.482633400285557
30,490,0,5.482633400285557
50,490,0,5.482633400285557
70,490,0,5.482633400285557
90,490,0,5.482633400285557
110,490,0,5.482633400285557
130,490,0,5.482633400285557
150,490,0,5.482633400285557
170,490,0,5.482633400285557
190,490,0,5.482633400285557
210,490,0,5.482633400285557
230,490,0,5.482633400285557
250,490,0,5.482633400285557
270,490,0,5.482633400285557
290,490,0,5.482633400285557
310,490,0,5.482633400285557
330,490,0,5.482633400285557
350,490,0,5.482633400285557
370,490,0,5.482633400285557
390,490,0,5.482633400285557
410,490,0,5.482633400285557
430,490,0,5.482633400285557
450,490,0,5.482633400285557
470,490,0,5.482633400285557
490,490,0,5.482633400285557
510,490,0,5.482633400285557
530,490,0,5.482633400285557
550,490,0,5.482633400285557
570,490,0,5.482633400285557
590,490,0,5.482633400285557
610,490,0,5.482633400285557
630,490,0,5.482633400285557
650,490,0,5.482633400285557
670,490,0,5.482633400285557
690,490,0,5.482633400285557
710,490,0,5.482633400285557
730,490,0,5.482633400285557
750,490,0,5.482633400285557
770,490,0,5.482633400285557
790,490,0,5.482633400285557
-790,510,0,5.482633400285557
-770,510,0,5.482633400285557
-750,510,0,5.482633400285557
-730,510,0,5.482633400285557
-710,510,0,5.482633400285557
-690,510,0,5.482633400285557
-670,510,0,5.482633400285557
-650,510,0,5.482633400285557
-630,510,0,5.482633400285557
-610,510,0,5.482633400285557
-590,510,0,5.482633400285557
-570,510,0,5.482633400285557
-550,510,0,5.482633400285557
-530,510,0,5.482633400285557
-510,510,0,5.482633400285557
-490,510,0,5.482633400285557
-470,510,0,5.482633400285557
-450,510,0,5.482633400285557
-430,510,0,5.482633400285557
-410,510,0,5.482633400285557
-390,510,0,5.482633400285557
-370,510,0,5.482633400285557
-350,510,0,5.482633400285557
-330,510,0,5.482633400285557
-310,510,0,5.482633400285557
-290,510,0,5.482633400285557
-270,510,0,5.482633400285557
-250,510,0,5.482633400285557
-230,510,0,5.482633400285557
-210,510,0,5.482633400285557
-190,510,0,5.482633400285557
-170,510,0,5.482633400285557
-150,510,0,5.482633400285557
-130,510,0,5.482633400285557
-110,510,0,5.482633400285557
-90,510,0,5.482633400285557
-70,510,0,5.482633400285557
-50,510,0,5.482633400285557
-30,510,0,5.482633400285557
-10,510,0,5.482633400285557
10,510,0,5.482633400285557
30,510,0,5.482633400285557
50,510,0,5.482633400285557
70,510,0,5.482633400285557
90,510,0,5.482633400285557
110,510,0,5.482633400285557
130,510,0,5.482633400285557
150,510,0,5.482633400285557
170,510,0,5.482633400285557
190,510,0,5.482633400285557
210,510,0,5.482633400285557
230,510,0,5.482633400285557
250,510,0,5.482633400285557
270,510,0,5.482633400285557
290,510,0,5.482633400285557
310,510,0,5.482633400285557
330,510,0,5.482633400285557
350,510,0,5.482633400285557
370,510,0,5.482633400285557
390,510,0,5.482633400285557
410,510,0,5.482633400285557
430,510,0,5.482633400285557
450,510,0,5.482633400285557
470,510,0,5.482633400285557
490,510,0,5.482633400285557
510,510,0,5.482633400285557
530,510,0,5.482633400285557
550,510,0,5.482633400285557
570,510,0,5.482633400285557
590,510,0,5.482633400285557
610,510,0,5.482633400285557
630,510,0,5.482633400285557
650,510,0,5.482633400285557
670,510,0,5.482633400285557
690,510,0,5.482633400285557
710,510,0,5.482633400285557
730,510,0,5.482633400285557
750,510,0,5.482633400285557
770,510,0,5.482633400285557
790,510,0,5.482633400285557
-790,530,0,5.482633400285557
-770,530,0,5.482633400285557
-750,530,0,5.482633400285557
-730,530,0,5.482633400285557
-710,530,0,5.482633400285557
-690,530,0,5.482633400285557
-670,530,0,5.482633400285557
-650,530,0,5.482633400285557
-630,530,0,5.482633400285557
-610,530,0,5.482633400285557
-590,530,0,5.482633400285557
-570,530,0,5.482633400285557
-550,530,0,5.482633400285557
-530,530,0,5.482633400285557
-510,530,0,5.482633400285557
-490,530,0,5.482633400285557
-470,530,0,5.482633400285557
-450,530,0,5.482633400285557
-430,530,0,5.482633400285557
-410,530,0,5.482633400285557
-390,530,0,5.482633400285557
-370,530,0,5.482633400285557
-350,530,0,5.482633400285557
-330,530,0,5.482633400285557
-310,530,0,5.482633400285557
-290,530,0,5.482633400285557
-270,530,0,5.482633400285557
-250,530,0,5.482633400285557
-230,530,0,5.482633400285557
-210,530,0,5.482633400285557
-190,530,0,5.482633400285557
-170,530,0,5.482633400285557
-150,530,0,5.482633400285557
-130,530,0,5.482633400285557
-110,530,0,5.482633400285557
-90,530,0,5.482633400285557
-70,530,0,5.482633400285557
-50,530,0,5.482633400285557
-30,530,0,5.482633400285557
-10,530,0,5.482633400285557
10,530,0,5.482633400285557
30,530,0,5.482633400285557
50,530,0,5.482633400285557
70,530,0,5.482633400285557
90,530,0,5.482633400285557
110,530,0,5.482633400285557
130,530,0,5.482633400285557
150,530,0,5.482633400285557
170,530,0,5.482633400285557
190,530,0,5.482633400285557
210,530,0,5.482633400285557
230,530,0,5.482633400285557
250,530,0,5.482633400285557
270,530,0,5.482633400285557
290,530,0,5.482633400285557
310,530,0,5.482633400285557
330,530,0,5.482633400285557
350,530,0,5.482633400285557
370,530,0,5.482633400285557
390,530,0,5.482633400285557
410,530,0,5.482633400285557
430,530,0,5.482633400285557
450,530,0,5.482633400285557
470,530,0,5.482633400285557
490,530,0,5.482633400285557
510,530,0,5.482633400285557
530,530,0,5.482633400285557
550,530,0,5.482633400285557
570,530,0,5.482633400285557
590,530,0,5.482633400285557
610,530,0,5.482633400285557
630,530,0,5.482633400285557
650,530,0,5.482633400285557
670,530,0,5.482633400285557
690,530,0,5.482633400285557
710,530,0,5.482633400285557
730,530,0,5.482633400285557
750,530,0,5.482633400285557
770,530,0,5.482633400285557
790,530,0,5.482633400285557
-790,550,0,5.482633400285557
-770,550,0,5.482633400285557
-750,550,0,5.482633400285557
-730,550,0,5.482633400285557
-710,550,0,5.482633400285557
-690,550,0,5.482633400285557
-670,550,0,5.482633400285557
-650,550,0,5.482633400285557
-630,550,0,5.482633400285557
-610,550,0,5.482633400285557
-590,550,0,5.482633400285557
-570,550,0,5.482633400285557
-550,550,0,5.482633400285557
-530,550,0,5.482633400285557
-510,550,0,5.482633400285557
-490,550,0,5.482633400285557
-470,550,0,5.482633400285557
-450,550,0,5.482633400285557
-430,550,0,5.482633400285557
-410,550,0,5.482633400285557
-390,550,0,5.482633400285557
-370,550,0,5.482633400285557
-350,550,0,5.482633400285557
-330,550,0,5.482633400285557
-310,550,0,5.482633400285557
-290,550,0,5.482633400285557
-270,550,0,5.482633400285557
-250,550,0,5.482633400285557
-230,550,0,5.482633400285557
-210,550,0,5.482633400285557
-190,550,0,5.482633400285557
-170,550,0,5.482633400285557
-150,550,0,5.482633400285557
-130,550,0,5.482633400285557
-110,550,0,5.482633400285557
-90,550,0,5.482633400285557
-70,550,0,5.482633400285557
-50,550,0,5.482633400285557
-30,550,0,5.482633400285557
-10,550,0,5.482633400285557
10,550,0,5.482633400285557
30,550,0,5.482633400285557
50,550,0,5.482633400285557
70,550,0,5.482633400285557
90,550,0,5.482633400285557
110,550,0,5.482633400285557
130,550,0,5.482633400285557
150,550,0,5.482633400285557
170,550,0,5.482633400285557
190,550,0,5.482633400285557
210,550,0,5.482633400285557
230,550,0,5.482633400285557
250,550,0,5.482633400285557
270,550,0,5.482633400285557
290,550,0,5.482633400285557
310,550,0,5.482633400285557
330,550,0,5.482633400285557
350,550,0,5.482633400285557
370,550,0,5.482633400285557
390,550,0,5.482633400285557
410,550,0,5.482633400285557
430,550,0,5.482633400285557
450,550,0,5.482633400285557
470,550,0,5.482633400285557
490,550,0,5.482633400285557
510,550,0,5.482633400285557
530,550,0,5.482633400285557
550,550,0,5.482633400285557
570,550,0,5.482633400285557
590,550,0,5.482633400285557
610,550,0,5.482633400285557
630,550,0,5.482633400285557
650,550,0,5.482633400285557
670,550,0,5.482633400285557
690,550,0,5.482633400285557
710,550,0,5.482633400285557
730,550,0,5.482633400285557
750,550,0,5.482633400285557
770,550,0,5.482633400285557
790,550,0,5.482633400285557
-790,570,0,5.482633400285557
-770,570,0,5.482633400285557
-750,570,0,5.482633400285557
-730,570,0,5.482633400285557
-710,570,0,5.482633400285557
-690,570,0,5.482633400285557
-670,570,0,5.482633400285557
-650,570,0,5.482633400285557
-630,570,0,5.482633400285557
-610,570,0,5.482633400285557
-590,570,0,5.482633400285557
-570,570,0,5.482633400285557
-550,570,0,5.482633400285557
-530,570,0,5.482633400285557
-510,570,0,5.482633400285557
-490,570,0,5.482633400285557
-470,570,0,5.482633400285557
-450,570,0,5.482633400285557
-430,570,0,5.482633400285557
-410,570,0,5.482633400285557
-390,570,0,5.482633400285557
-370,570,0,5.482633400285557
-350,570,0,5.482633400285557
-330,570,0,5.482633400285557
-310,570,0,5.482633400285557
-290,570,0,5.482633400285557
-270,570,0,5.482633400285557
-250,570,0,5.482633400285557
-230,570,0,5.482633400285557
-210,570,0,5.482633400285557
-190,570,0,5.482633400285557
-170,570,0,5.482633400285557
-150,570,0,5.482633400285557
-130,570,0,5.482633400285557
-110,570,0,5.482633400285557
-90,570,0,5.482633400285557
-70,570,0,5.482633400285557
-50,570,0,5.482633400285557
-30,570,0,5.482633400285557
-10,570,0,5.482633400285557
10,570,0,5.482633400285557
30,570,0,5.482633400285557
50,570,0,5.482633400285557
70,570,0,5.482633400285557
90,570,0,5.482633400285557
110,570,0,5.482633400285557
130,570,0,5.482633400285557
150,570,0,5.482633400285557
170,570,0,5.482633400285557
190,570,0,5.482633400285557
210,570,0,5.482633400285557
230,570,0,5.482633400285557
250,570,0,5.482633400285557
270,570,0,5.482633400285557
290,570,0,5.482633400285557
310,570,0,5.482633400285557
330,570,0,5.482633400285557
350,570,0,5.482633400285557
370,570,0,5.482633400285557
390,570,0,5.482633400285557
410,570,0,5.482633400285557
430,570,0,5.482633400285557
450,570,0,5.482633400285557
470,570,0,5.482633400285557
490,570,0,5.482633400285557
510,570,0,5.482633400285557
530,570,0,5.482633400285557
550,570,0,5.482633400285557
570,570,0,5.482633400285557
590,570,0,5.482633400285557
610,570,0,5.482633400285557
630,570,0,5.482633400285557
650,570,0,5.482633400285557
670,570,0,5.482633400285557
690,570,0,5.482633400285557
710,570,0,5.482633400285557
730,570,0,5.482633400285557
750,570,0,5.482633400285557
770,570,0,5.482633400285557
790,570,0,5.482633400285557
-790,590,0,5.482633400285557
-770,590,0,5.482633400285557
-750,590,0,5.482633400285557
-730,590,0,5.482633400285557
-710,590,0,5.482633400285557
-690,590,0,5.482633400285557
-670,590,0,5.482633400285557
-650,590,0,5.482633400285557
-630,590,0,5.482633400285557
-610,590,0,5.482633400285557
-590,590,0,5.482633400285557
-570,590,0,5.482633400285557
-550,590,0,5.482633400285557
-530,590,0,5.482633400285557
-510,590,0,5.482633400285557
-490,590,0,5.482633400285557
-470,590,0,5.482633400285557
-450,590,0,5.482633400285557
-430,590,0,5.482633400285557
-410,590,0,5.482633400285557
-390,590,0,5.482633400285557
-370,590,0,5.482633400285557
-350,590,0,5.482633400285557
-330,590,0,5.482633400285557
-310,590,0,5.482633400285557
-290,590,0,5.482633400285557
-270,590,0,5.482633400285557
-250,590,0,5.482633400285557
-230,590,0,5.482633400285557
-210,590,0,5.482633400285557
-190,590,0,5.482633400285557
-170,590,0,5.482633400285557
-150,590,0,5.482633400285557
-130,590,0,5.482633400285557
-110,590,0,5.482633400285557
-90,590,0,5.482633400285557
-70,590,0,5.482633400285557
-50,590,0,5.482633400285557
-30,590,0,5.482633400285557
-10,590,0,5.482633400285557
10,590,0,5.482633400285557
30,590,0,5.482633400285557
50,590,0,5.482633400285557
70,590,0,5.482633400285557
90,590,0,5.482633400285557
110,590,0,5.482633400285557
130,590,0,5.482633400285557
150,590,0,5.482633400285557
170,590,0,5.482633400285557
190,590,0,5.482633400285557
210,590,0,5.482633400285557
230,590,0,5.482633400285557
250,590,0,5.482633400285557
270,590,0,5.482633400285557
290,590,0,5.482633400285557
310,590,0,5.482633400285557
330,590,0,5.482633400285557
350,590,0,5.482633400285557
370,590,0,5.482633400285557
390,590,0,5.482633400285557
410,590,0,5.482633400285557
430,590,0,5.482633400285557
450,590,0,5.482633400285557
470,590,0,5.482633400285557
490,590,0,5.482633400285557
510,590,0,5.482633400285557
530,590,0,5.482633400285557
550,590,0,5.482633400285557
570,590,0,5.482633400285557
590,590,0,5.482633400285557
610,590,0,5.482633400285557
630,590,0,5.482633400285557
650,590,0,5.482633400285557
670,590,0,5.482633400285557
690,590,0,5.482633400285557
710,590,0,5.482633400285557
730,590,0,5.482633400285557
750,590,0,5.482633400285557
770,590,0,5.482633400285557
790,590,0,5.482633400285557
-790,610,0,5.482633400285557
-770,610,0,5.482633400285557
-750,610,0,5.482633400285557
-730,610,0,5.482633400285557
-710,610,0,5.482633400285557
-690,610,0,5.482633400285557
-670,610,0,5.482633400285557
-650,610,0,5.482633400285557
-630,610,0,5.482633400285557
-610,610,0,5.482633400285557
-590,610,0,5.482633400285557
-570,610,0,5.482633400285557
-550,610,0,5.482633400285557
-530,610,0,5.482633400285557
-510,610,0,5.482633400285557
-490,610,0,5.482633400285557
-470,610,0,5.482633400285557
-450,610,0,5.482633400285557
-430,610,0,5.482633400285557
-410,610,0,5.482633400285557
-390,610,0,5.482633400285557
-370,610,0,5.482633400285557
-350,610,0,5.482633400285557
-330,610,0,5.482633400285557
-310,610,0,5.482633400285557
-290,610,0,5.482633400285557
-270,610,0,5.482633400285557
-250,610,0,5.482633400285557
-230,610,0,5.482633400285557
-210,610,0,5.482633400285557
-190,610,0,5.482633400285557
-170,610,0,5.482633400285557
-150,610,0,5.482633400285557
-130,610,0,5.482633400285557
-110,610,0,5.482633400285557
-90,610,0,5.482633400285557
-70,610,0,5.482633400285557
-50,610,0,5.482633400285557
-30,610,0,5.482633400285557
-10,610,0,5.482633400285557
10,610,0,5.482633400285557
30,610,0,5.482633400285557
50,610,0,5.482633400285557
70,610,0,5.482633400285557
90,610,0,5.482633400285557
110,610,0,5.482633400285557
130,610,0,5.482633400285557
150,610,0,5.482633400285557
170,610,0,5.482633400285557
190,610,0,5.482633400285557
210,610,0,5.482633400285557
230,610,0,5.482633400285557
250,610,0,5.482633400285557
270,610,0,5.482633400285557
290,610,0,5.482633400285557
310,610,0,5.482633400285557
330,610,0,5.482633400285557
350,610,0,5.482633400285557
370,610,0,5.482633400285557
390,610,0,5.482633400285557
410,610,0,5.482633400285557
430,610,0,5.482633400285557
450,610,0,5.482633400285557
470,610,0,5.482633400285557
490,610,0,5.482633400285557
510,610,0,5.482633400285557
530,610,0,5.482633400285557
550,610,0,5.482633400285557
570,610,0,5.482633400285557
590,610,0,5.482633400285557
610,610,0,5.482633400285557
630,610,0,5.482633400285557
650,610,0,5.482633400285557
670,610,0,5.482633400285557
690,610,0,5.482633400285557
710,610,0,5.482633400285557
730,610,0,5.482633400285557
750,610,0,5.482633400285557
770,610,0,5.482633400285557
790,610,0,5.482633400285557
-790,630,0,5.482633400285557
-770,630,0,5.482633400285557
-750,630,0,5.482633400285557
-730,630,0,5.482633400285557
-710,630,0,5.482633400285557
-690,630,0,5.482633400285557
-670,630,0,5.482633400285557
-650,630,0,5.482633400285557
-630,630,0,5.482633400285557
-610,630,0,5.482633400285557
-590,630,0,5.482633400285557
-570,630,0,5.482633400285557
-550,630,0,5.482633400285557
-530,630,0,5.482633400285557
-510,630,0,5.482633400285557
-490,630,0,5.482633400285557
-470,630,0,5.482633400285557
-450,630,0,5.482633400285557
-430,630,0,5.482633400285557
-410,630,0,5.482633400285557
-390,630,0,5.482633400285557
-370,630,0,5.482633400285557
-350,630,0,5.482633400285557
-330,630,0,5.482633400285557
-310,630,0,5.482633400285557
-290,630,0,5.482633400285557
-270,630,0,5.482633400285557
-250,630,0,5.482633400285557
-230,630,0,5.482633400285557
-210,630,0,5.482633400285557
-190,630,0,5.482633400285557
-170,630,0,5.482633400285557
-150,630,0,5.482633400285557
-130,630,0,5.482633400285557
-110,630,0,5.482633400285557
-90,630,0,5.482633400285557
-70,630,0,5.482633400285557
-50,630,0,5.482633400285557
-30,630,0,5.482633400285557
-10,630,0,5.482633400285557
10,630,0,5.482633400285557
30,630,0,5.482633400285557
50,630,0,5.482633400285557
70,630,0,5.482633400285557
90,630,0,5.482633400285557
110,630,0,5.482633400285557
130,630,0,5.482633400285557
150,630,0,5.482633400285557
170,630,0,5.482633400285557
190,630,0,5.482633400285557
210,630,0,5.482633400285557
230,630,0,5.482633400285557
250,630,0,5.482633400285557
270,630,0,5.482633400285557
290,630,0,5.482633400285557
310,630,0,5.482633400285557
330,630,0,5.482633400285557
350,630,0,5.482633400285557
370,630,0,5.482633400285557
390,630,0,5.482633400285557
410,630,0,5.482633400285557
430,630,0,5.482633400285557
450,630,0,5.482633400285557
470,630,0,5.482633400285557
490,630,0,5.482633400285557
510,630,0,5.482633400285557
530,630,0,5.482633400285557
550,630,0,5.482633400285557
570,630,0,5.482633400285557
590,630,0,5.482633400285557
610,630,0,5.482633400285557
630,630,0,5.482633400285557
650,630,0,5.482633400285557
670,630,0,5.482633400285557
690,630,0,5.482633400285557
710,630,0,5.482633400285557
730,630,0,5.482633400285557
750,630,0,5.482633400285557
770,630,0,5.482633400285557
790,630,0,5.482633400285557
-790,650,0,5.482633400285557
-770,650,0,5.482633400285557
-750,650,0,5.482633400285557
-730,650,0,5.482633400285557
-710,650,0,5.482633400285557
-690,650,0,5.482633400285557
-670,650,0,5.482633400285557
-650,650,0,5.482633400285557
-630,650,0,5.482633400285557
-610,650,0,5.482633400285557
-590,650,0,5.482633400285557
-570,650,0,5.482633400285557
-550,650,0,5.482633400285557
-530,650,0,5.482633400285557
-510,650,0,5.482633400285557
-490,650,0,5.482633400285557
-470,650,0,5.482633400285557
-450,650,0,5.482633400285557
-430,650,0,5.482633400285557
-410,650,0,5.482633400285557
-390,650,0,5.482633400285557
-370,650,0,5.482633400285557
-350,650,0,5.482633400285557
-330,650,0,5.482633400285557
-310,650,0,5.482633400285557
-290,650,0,5.482633400285557
-270,650,0,5.482633400285557
-250,650,0,5.482633400285557
-230,650,0,5.482633400285557
-210,650,0,5.482633400285557
-190,650,0,5.482633400285557
-170,650,0,5.482633400285557
-150,650,0,5.482633400285557
-130,650,0,5.482633400285557
-110,650,0,5.482633400285557
-90,650,0,5.482633400285557
-70,650,0,5.482633400285557
-50,650,0,5.482633400285557
-30,650,0,5.482633400285557
-10,650,0,5.482633400285557
10,650,0,5.482633400285557
30,650,0,5.482633400285557
50,650,0,5.482633400285557
70,650,0,5.482633400285557
90,650,0,5.482633400285557
110,650,0,5.482633400285557
130,650,0,5.482633400285557
150,650,0,5.482633400285557
170,650,0,5.482633400285557
190,650,0,5.482633400285557
210,650,0,5.482633400285557
230,650,0,5.482633400285557
250,650,0,5.482633400285557
270,650,0,5.482633400285557
290,650,0,5.482633400285557
310,650,0,5.482633400285557
330,650,0,5.482633400285557
350,650,0,5.482633400285557
370,650,0,5.482633400285557
390,650,0,5.482633400285557
410,650,0,5.482633400285557
430,650,0,5.482633400285557
450,650,0,5.482633400285557
470,650,0,5.482633400285557
490,650,0,5.482633400285557
510,650,0,5.482633400285557
530,650,0,5.482633400285557
550,650,0,5.482633400285557
570,650,0,5.482633400285557
590,650,0,5.482633400285557
610,650,0,5.482633400285557
630,650,0,5.482633400285557
650,650,0,5.482633400285557
670,650,0,5.482633400285557
690,650,0,5.482633400285557
710,650,0,5.482633400285557
730,650,0,5.482633400285557
750,650,0,5.482633400285557
770,650,0,5.482633400285557
790,650,0,5.482633400285557
-790,670,0,5.482633400285557
-770,670,0,5.482633400285557
-750,670,0,5.482633400285557
-730,670,0,5.482633400285557
-710,670,0,5.482633400285557
-690,670,0,5.482633400285557
-670,670,0,5.482633400285557
-650,670,0,5.482633400285557
-630,670,0,5.482633400285557
-610,670,0,5.482633400285557
-590,670,0,5.482633400285557
-570,670,0,5.482633400285557
-550,670,0,5.482633400285557
-530,670,0,5.482633400285557
-510,670,0,5.482633400285557
-490,670,0,5.482633400285557
-470,670,0,5.482633400285557
-450,670,0,5.482633400285557
-430,670,0,5.482633400285557
-410,670,0,5.482633400285557
-390,670,0,5.482633400285557
-370,670,0,5.482633400285557
-350,670,0,5.482633400285557
-330,670,0,5.482633400285557
-310,670,0,5.482633400285557
-290,670,0,5.482633400285557
-270,670,0,5.482633400285557
-250,670,0,5.482633400285557
-230,670,0,5.482633400285557
-210,670,0,5.482633400285557
-190,670,0,5.482633400285557
-170,670,0,5.482633400285557
-150,670,0,5.482633400285557
-130,670,0,5.482633400285557
-110,670,0,5.482633400285557
-90,670,0,5.482633400285557
-70,670,0,5.482633400285557
-50,670,0,5.482633400285557
-30,670,0,5.482633400285557
-10,670,0,5.482633400285557
10,670,0,5.482633400285557
30,670,0,5.482633400285557
50,670,0,5.482633400285557
70,670,0,5.482633400285557
90,670,0,5.482633400285557
110,670,0,5.482633400285557
130,670,0,5.482633400285557
150,670,0,5.482633400285557
170,670,0,5.482633400285557
190,670,0,5.482633400285557
210,670,0,5.482633400285557
230,670,0,5.482633400285557
250,670,0,5.482633400285557
270,670,0,5.482633400285557
290,670,0,5.482633400285557
310,670,0,5.482633400285557
330,670,0,5.482633400285557
350,670,0,5.482633400285557
370,670,0,5.482633400285557
390,670,0,5.482633400285557
410,670,0,5.482633400285557
430,670,0,5.482633400285557
450,670,0,5.482633400285557
470,670,0,5.482633400285557
490,670,0,5.482633400285557
510,670,0,5.482633400285557
530,670,0,5.482633400285557
550,670,0,5.482633400285557
570,670,0,5.482633400285557
590,670,0,5.482633400285557
610,670,0,5.482633400285557
630,670,0,5.482633400285557
650,670,0,5.482633400285557
670,670,0,5.482633400285557
690,670,0,5.482633400285557
710,670,0,5.482633400285557
730,670,0,5.482633400285557
750,670,0,5.482633400285557
770,670,0,5.482633400285557
790,670,0,5.482633400285557
-790,690,0,5.482633400285557
-770,690,0,5.482633400285557
-750,690,0,5.482633400285557
-730,690,0,5.482633400285557
-710,690,0,5.482633400285557
-690,690,0,5.482633400285557
-670,690,0,5.482633400285557
-650,690,0,5.482633400285557
-630,690,0,5.482633400285557
-610,690,0,5.482633400285557
-590,690,0,5.482633400285557
-570,690,0,5.482633400285557
-550,690,0,5.482633400285557
-530,690,0,5.482633400285557
-510,690,0,5.482633400285557
-490,690,0,5.482633400285557
-470,690,0,5.482633400285557
-450,690,0,5.482633400285557
-430,690,0,5.482633400285557
-410,690,0,5.482633400285557
-390,690,0,5.482633400285557
-370,690,0,5.482633400285557
-350,690,0,5.482633400285557
-330,690,0,5.482633400285557
-310,690,0,5.482633400285557
-290,690,0,5.482633400285557
-270,690,0,5.482633400285557
-250,690,0,5.482633400285557
-230,690,0,5.482633400285557
-210,690,0,5.482633400285557
-190,690,0,5.482633400285557
-170,690,0,5.482633400285557
-150,690,0,5.482633400285557
-130,690,0,5.482633400285557
-110,690,0,5.482633400285557
-90,690,0,5.482633400285557
-70,690,0,5.482633400285557
-50,690,0,5.482633400285557
-30,690,0,5.482633400285557
-10,690,0,5.482633400285557
10,690,0,5.482633400285557
30,690,0,5.482633400285557
50,690,0,5.482633400285557
70,690,0,5.482633400285557
90,690,0,5.482633400285557
110,690,0,5.482633400285557
130,690,0,5.482633400285557
150,690,0,5.482633400285557
170,690,0,5.482633400285557
190,690,0,5.482633400285557
210,690,0,5.482633400285557
230,690,0,5.482633400285557
250,690,0,5.482633400285557
270,690,0,5.482633400285557
290,690,0,5.482633400285557
310,690,0,5.482633400285557
330,690,0,5.482633400285557
350,690,0,5.482633400285557
370,690,0,5.482633400285557
390,690,0,5.482633400285557
410,690,0,5.482633400285557
430,690,0,5.482633400285557
450,690,0,5.482633400285557
470,690,0,5.482633400285557
490,690,0,5.482633400285557
510,690,0,5.482633400285557
530,690,0,5.482633400285557
550,690,0,5.482633400285557
570,690,0,5.482633400285557
590,690,0,5.482633400285557
610,690,0,5.482633400285557
630,690,0,5.482633400285557
650,690,0,5.482633400285557
670,690,0,5.482633400285557
690,690,0,5.482633400285557
710,690,0,5.482633400285557
730,690,0,5.482633400285557
750,690,0,5.482633400285557
770,690,0,5.482633400285557
790,690,0,5.482633400285557
-790,710,0,5.482633400285557
-770,710,0,5.482633400285557
-750,710,0,5.482633400285557
-730,710,0,5.482633400285557
-710,710,0,5.482633400285557
-690,710,0,5.482633400285557
-670,710,0,5.482633400285557
-650,710,0,5.482633400285557
-630,710,0,5.482633400285557
-610,710,0,5.482633400285557
-590,710,0,5.482633400285557
-570,710,0,5.482633400285557
-550,710,0,5.482633400285557
-530,710,0,5.482633400285557
-510,710,0,5.482633400285557
-490,710,0,5.482633400285557
-470,710,0,5.482633400285557
-450,710,0,5.482633400285557
-430,710,0,5.482633400285557
-410,710,0,5.482633400285557
-390,710,0,5.482633400285557
-370,710,0,5.482633400285557
-350,710,0,5.482633400285557
-330,710,0,5.482633400285557
-310,710,0,5.482633400285557
-290,710,0,5.482633400285557
-270,710,0,5.482633400285557
-250,710,0,5.482633400285557
-230,710,0,5.482633400285557
-210,710,0,5.482633400285557
-190,710,0,5.482633400285557
-170,710,0,5.482633400285557
-150,710,0,5.482633400285557
-130,710,0,5.482633400285557
-110,710,0,5.482633400285557
-90,710,0,5.482633400285557
-70,710,0,5.482633400285557
-50,710,0,5.482633400285557
-30,710,0,5.482633400285557
-10,710,0,5.482633400285557
10,710,0,5.482633400285557
30,710,0,5.482633400285557
50,710,0,5.482633400285557
70,710,0,5.482633400285557
90,710,0,5.482633400285557
110,710,0,5.482633400285557
130,710,0,5.482633400285557
150,710,0,5.482633400285557
170,710,0,5.482633400285557
190,710,0,5.482633400285557
210,710,0,5.482633400285557
230,710,0,5.482633400285557
250,710,0,5.482633400285557
270,710,0,5.482633400285557
290,710,0,5.482633400285557
310,710,0,5.482633400285557
330,710,0,5.482633400285557
350,710,0,5.482633400285557
370,710,0,5.482633400285557
390,710,0,5.482633400285557
410,710,0,5.482633400285557
430,710,0,5.482633400285557
450,710,0,5.482633400285557
470,710,0,5.482633400285557
490,710,0,5.482633400285557
510,710,0,5.482633400285557
530,710,0,5.482633400285557
550,710,0,5.482633400285557
570,710,0,5.482633400285557
590,710,0,5.482633400285557
610,710,0,5.482633400285557
630,710,0,5.482633400285557
650,710,0,5.482633400285557
670,710,0,5.482633400285557
690,710,0,5.482633400285557
710,710,0,5.482633400285557
730,710,0,5.482633400285557
750,710,0,5.482633400285557
770,710,0,5.482633400285557
790,710,0,5.482633400285557
-790,730,0,5.482633400285557
-770,730,0,5.482633400285557
-750,730,0,5.482633400285557
-730,730,0,5.482633400285557
-710,730,0,5.482633400285557
-690,730,0,5.482633400285557
-670,730,0,5.482633400285557
-650,730,0,5.482633400285557
-630,730,0,5.482633400285557
-610,730,0,5.482633400285557
-590,730,0,5.482633400285557
-570,730,0,5.482633400285557
-550,730,0,5.482633400285557
-530,730,0,5.482633400285557
-510,730,0,5.482633400285557
-490,730,0,5.482633400285557
-470,730,0,5.482633400285557
-450,730,0,5.482633400285557
-430,730,0,5.482633400285557
-410,730,0,5.482633400285557
-390,730,0,5.482633400285557
-370,730,0,5.482633400285557
-350,730,0,5.482633400285557
-330,730,0,5.482633400285557
-310,730,0,5.482633400285557
-290,730,0,5.482633400285557
-270,730,0,5.482633400285557
-250,730,0,5.482633400285557
-230,730,0,5.482633400285557
-210,730,0,5.482633400285557
-190,730,0,5.482633400285557
-170,730,0,5.482633400285557
-150,730,0,5.482633400285557
-130,730,0,5.482633400285557
-110,730,0,5.482633400285557
-90,730,0,5.482633400285557
-70,730,0,5.482633400285557
-50,730,0,5.482633400285557
-30,730,0,5.482633400285557
-10,730,0,5.482633400285557
10,730,0,5.482633400285557
30,730,0,5.482633400285557
50,730,0,5.482633400285557
70,730,0,5.482633400285557
90,730,0,5.482633400285557
110,730,0,5.482633400285557
130,730,0,5.482633400285557
150,730,0,5.482633400285557
170,730,0,5.482633400285557
190,730,0,5.482633400285557
210,730,0,5.482633400285557
230,730,0,5.482633400285557
250,730,0,5.482633400285557
270,730,0,5.482633400285557
290,730,0,5.482633400285557
310,730,0,5.482633400285557
330,730,0,5.482633400285557
350,730,0,5.482633400285557
370,730,0,5.482633400285557
390,730,0,5.482633400285557
410,730,0,5.482633400285557
430,730,0,5.482633400285557
450,730,0,5.482633400285557
470,730,0,5.482633400285557
490,730,0,5.482633400285557
510,730,0,5.482633400285557
530,730,0,5.482633400285557
550,730,0,5.482633400285557
570,730,0,5.482633400285557
590,730,0,5.482633400285557
610,730,0,5.482633400285557
630,730,0,5.482633400285557
650,730,0,5.482633400285557
670,730,0,5.482633400285557
690,730,0,5.482633400285557
710,730,0,5.482633400285557
730,730,0,5.482633400285557
750,730,0,5.482633400285557
770,730,0,5.482633400285557
790,730,0,5.482633400285557
-790,750,0,5.482633400285557
-770,750,0,5.482633400285557
-750,750,0,5.482633400285557
-730,750,0,5.482633400285557
-710,750,0,5.482633400285557
-690,750,0,5.482633400285557
-670,750,0,5.482633400285557
-650,750,0,5.482633400285557
-630,750,0,5.482633400285557
-610,750,0,5.482633400285557
-590,750,0,5.482633400285557
-570,750,0,5.482633400285557
-550,750,0,5.482633400285557
-530,750,0,5.482633400285557
-510,750,0,5.482633400285557
-490,750,0,5.482633400285557
-470,750,0,5.482633400285557
-450,750,0,5.482633400285557
-430,750,0,5.482633400285557
-410,750,0,5.482633400285557
-390,750,0,5.482633400285557
-370,750,0,5.482633400285557
-350,750,0,5.482633400285557
-330,750,0,5.482633400285557
-310,750,0,5.482633400285557
-290,750,0,5.482633400285557
-270,750,0,5.482633400285557
-250,750,0,5.482633400285557
-230,750,0,5.482633400285557
-210,750,0,5.482633400285557
-190,750,0,5.482633400285557
-170,750,0,5.482633400285557
-150,750,0,5.482633400285557
-130,750,0,5.482633400285557
-110,750,0,5.482633400285557
-90,750,0,5.482633400285557
-70,750,0,5.482633400285557
-50,750,0,5.482633400285557
-30,750,0,5.482633400285557
-10,750,0,5.482633400285557
10,750,0,5.482633400285557
30,750,0,5.482633400285557
50,750,0,5.482633400285557
70,750,0,5.482633400285557
90,750,0,5.482633400285557
110,750,0,5.482633400285557
130,750,0,5.482633400285557
150,750,0,5.482633400285557
170,750,0,5.482633400285557
190,750,0,5.482633400285557
210,750,0,5.482633400285557
230,750,0,5.482633400285557
250,750,0,5.482633400285557
270,750,0,5.482633400285557
290,750,0,5.482633400285557
310,750,0,5.482633400285557
330,750,0,5.482633400285557
350,750,0,5.482633400285557
370,750,0,5.482633400285557
390,750,0,5.482633400285557
410,750,0,5.482633400285557
430,750,0,5.482633400285557
450,750,0,5.482633400285557
470,750,0,5.482633400285557
490,750,0,5.482633400285557
510,750,0,5.482633400285557
530,750,0,5.482633400285557
550,750,0,5.482633400285557
570,750,0,5.482633400285557
590,750,0,5.482633400285557
610,750,0,5.482633400285557
630,750,0,5.482633400285557
650,750,0,5.482633400285557
670,750,0,5.482633400285557
690,750,0,5.482633400285557
710,750,0,5.482633400285557
730,750,0,5.482633400285557
750,750,0,5.482633400285557
770,750,0,5.482633400285557
790,750,0,5.482633400285557
-790,770,0,5.482633400285557
-770,770,0,5.482633400285557
-750,770,0,5.482633400285557
-730,770,0,5.482633400285557
-710,770,0,5.482633400285557
-690,770,0,5.482633400285557
-670,770,0,5.482633400285557
-650,770,0,5.482633400285557
-630,770,0,5.482633400285557
-610,770,0,5.482633400285557
-590,770,0,5.482633400285557
-570,770,0,5.482633400285557
-550,770,0,5.482633400285557
-530,770,0,5.482633400285557
-510,770,0,5.482633400285557
-490,770,0,5.482633400285557
-470,770,0,5.482633400285557
-450,770,0,5.482633400285557
-430,770,0,5.482633400285557
-410,770,0,5.482633400285557
-390,770,0,5.482633400285557
-370,770,0,5.482633400285557
-350,770,0,5.482633400285557
-330,770,0,5.482633400285557
-310,770,0,5.482633400285557
-290,770,0,5.482633400285557
-270,770,0,5.482633400285557
-250,770,0,5.482633400285557
-230,770,0,5.482633400285557
-210,770,0,5.482633400285557
-190,770,0,5.482633400285557
-170,770,0,5.482633400285557
-150,770,0,5.482633400285557
-130,770,0,5.482633400285557
-110,770,0,5.482633400285557
-90,770,0,5.482633400285557
-70,770,0,5.482633400285557
-50,770,0,5.482633400285557
-30,770,0,5.482633400285557
-10,770,0,5.482633400285557
10,770,0,5.482633400285557
30,770,0,5.482633400285557
50,770,0,5.482633400285557
70,770,0,5.482633400285557
90,770,0,5.482633400285557
110,770,0,5.482633400285557
130,770,0,5.482633400285557
150,770,0,5.482633400285557
170,770,0,5.482633400285557
190,770,0,5.482633400285557
210,770,0,5.482633400285557
230,770,0,5.482633400285557
250,770,0,5.482633400285557
270,770,0,5.482633400285557
290,770,0,5.482633400285557
310,770,0,5.482633400285557
330,770,0,5.482633400285557
350,770,0,5.482633400285557
370,770,0,5.482633400285557
390,770,0,5.482633400285557
410,770,0,5.482633400285557
430,770,0,5.482633400285557
450,770,0,5.482633400285557
470,770,0,5.482633400285557
490,770,0,5.482633400285557
510,770,0,5.482633400285557
530,770,0,5.482633400285557
550,770,0,5.482633400285557
570,770,0,5.482633400285557
590,770,0,5.482633400285557
610,770,0,5.482633400285557
630,770,0,5.482633400285557
650,770,0,5.482633400285557
670,770,0,5.482633400285557
690,770,0,5.482633400285557
710,770,0,5.482633400285557
730,770,0,5.482633400285557
750,770,0,5.482633400285557
770,770,0,5.482633400285557
790,770,0,5.482633400285557
-790,790,0,5.482633400285557
-770,790,0,5.482633400285557
-750,790,0,5.482633400285557
-730,790,0,5.482633400285557
-710,790,0,5.482633400285557
-690,790,0,5.482633400285557
-670,790,0,5.482633400285557
-650,790,0,5.482633400285557
-630,790,0,5.482633400285557
-610,790,0,5.482633400285557
-590,790,0,5.482633400285557
-570,790,0,5.482633400285557
-550,790,0,5.482633400285557
-530,790,0,5.482633400285557
-510,790,0,5.482633400285557
-490,790,0,5.482633400285557
-470,790,0,5.482633400285557
-450,790,0,5.482633400285557
-430,790,0,5.482633400285557
-410,790,0,5.482633400285557
-390,790,0,5.482633400285557
-370,790,0,5.482633400285557
-350,790,0,5.482633400285557
-330,790,0,5.482633400285557
-310,790,0,5.482633400285557
-290,790,0,5.482633400285557
-270,790,0,5.482633400285557
-250,790,0,5.482633400285557
-230,790,0,5.482633400285557
-210,790,0,5.482633400285557
-190,790,0,5.482633400285557
-170,790,0,5.482633400285557
-150,790,0,5.482633400285557
-130,790,0,5.482633400285557
-110,790,0,5.482633400285557
-90,790,0,5.482633400285557
-70,790,0,5.482633400285557
-50,790,0,5.482633400285557
-30,790,0,5.482633400285557
-10,790,0,5.482633400285557
10,790,0,5.482633400285557
30,790,0,5.482633400285557
50,790,0,5.482633400285557
70,790,0,5.482633400285557
90,790,0,5.482633400285557
110,790,0,5.482633400285557
130,790,0,5.482633400285557
150,790,0,5.482633400285557
170,790,0,5.482633400285557
190,790,0,5.482633400285557
210,790,0,5.482633400285557
230,790,0,5.482633400285557
250,790,0,5.482633400285557
270,790,0,5.482633400285557
290,790,0,5.482633400285557
310,790,0,5.482633400285557
330,790,0,5.482633400285557
350,790,0,5.482633400285557
370,790,0,5.482633400285557
390,790,0,5.482633400285557
410,790,0,5.482633400285557
430,790,0,5.482633400285557
450,790,0,5.482633400285557
470,790,0,5.482633400285557
490,790,0,5.482633400285557
510,790,0,5.482633400285557
530,790,0,5.482633400285557
550,790,0,5.482633400285557
570,790,0,5.482633400285557
590,790,0,5.482633400285557
610,790,0,5.482633400285557
630,790,0,5.482633400285557
650,790,0,5.482633400285557
670,790,0,5.482633400285557
690,790,0,5.482633400285557
710,790,0,5.482633400285557
730,790,0,5.482633400285557
750,790,0,5.482633400285557
770,790,0,5.482633400285557
790,790,0,5.482633400285557
