x,y,z,type,is_movable,volume
-216.585129,-156.919518,0.0,epithelial_tumor_class1,1,924.1646821047493
132.089886,-29.304405,0.0,epithelial_tumor_class1_class2,1,1026.0692269383505
-21.656655,-111.788360,0.0,epithelial_tumor_class1,1,1826.7919633180063
-286.600021,-122.081816,0.0,epithelial_tumor_class1,1,2139.95917527496
-91.488413,-307.608293,0.0,epithelial_tumor_class1,1,985.1527331002142
394.783672,94.481651,0.0,CD4_Tcell,1,1099.4050313935506
-27.453355,89.440329,0.0,epithelial_tumor_class1,1,1656.8165073069113
65.999372,-230.102630,0.0,epithelial_tumor_class1,1,1346.3572824310122
153.570476,-34.964219,0.0,epithelial_tumor_class1,1,1240.5273799022295
287.659148,-127.961146,0.0,CD4_Tcell,1,1335.8574759940618
19.112841,-163.094529,0.0,epithelial_tumor_class1,1,1504.6050411044023
322.058553,-157.498371,0.0,epithelial_tumor_class1,1,1047.6937083874664
-46.623643,160.594730,0.0,epithelial_tumor_class1,1,879.5474057638431
-199.073034,26.870348,0.0,epithelial_tumor_class1,1,1642.031727841872
39.422699,-291.269705,0.0,epithelial_tumor_class1,1,1057.275832307415
122.314329,-406.866309,0.0,CAF,1,893.5160091208938
199.305783,255.911469,0.0,CAF,1,327.05639572852624
112.574066,15.182552,0.0,epithelial_tumor_class1,1,3013.0937061530294
312.117230,114.059193,0.0,CD4_Tcell,1,614.202160144887
-295.087645,13.319579,0.0,epithelial_tumor_class1,1,1373.2452572747916
182.961256,237.921587,0.0,epithelial_tumor_class1,1,1254.7911153906934
-212.959616,-302.405797,0.0,epithelial_tumor_class1,1,1872.846768931836
163.941710,29.878728,0.0,epithelial_tumor_class1,1,1103.8928144327592
25.423445,-392.573607,0.0,CD4_Tcell,1,947.0399360345643
-216.999720,59.791186,0.0,epithelial_tumor_class1,1,1108.7294891192666
-104.122503,-242.718374,0.0,epithelial_tumor_class1,1,2273.630712162042
83.734944,-99.729482,0.0,epithelial_tumor_class1,1,1632.4253645080294
-165.708030,-103.414710,0.0,epithelial_tumor_class1,1,2008.7437931706827
-122.885399,-67.942602,0.0,epithelial_tumor_class1_class2,1,465.02366959589466
-186.636778,245.203800,0.0,epithelial_tumor_class1,1,1342.7342172241133
270.340356,-63.539049,0.0,epithelial_tumor_class1,1,1863.127907043745
228.340590,-320.154346,0.0,epithelial_tumor_class1,1,2121.861010792965
157.817654,-82.978340,0.0,epithelial_tumor_class1_class2,1,2506.3286322715994
-49.423132,58.779341,0.0,CD4_Tcell,1,858.1042196794615
415.489798,85.647784,0.0,epithelial_tumor_class1,1,1199.722793759285
-61.769298,120.374222,0.0,epithelial_tumor_class1,1,1467.138591884703
-283.149050,113.403950,0.0,epithelial_tumor_class1,1,1078.3430991944601
293.566812,-169.863051,0.0,epithelial_tumor_class1,1,992.4243549731838
-315.103689,-67.810470,0.0,epithelial_tumor_class1,1,1686.8573537179764
233.672082,-208.014933,0.0,epithelial_tumor_class1,1,1792.822159894652
-64.975971,-389.439559,0.0,epithelial_tumor_class1,1,1495.195148319919
-415.076211,43.885296,0.0,epithelial_tumor_class1,1,915.0640324915927
46.886138,52.097606,0.0,epithelial_tumor_class1,1,1127.9816379500976
384.476897,-149.819054,0.0,epithelial_tumor_class1,1,1418.8194439415872
32.571661,-22.425509,0.0,epithelial_tumor_class1,1,1957.1468037298885
195.267586,357.016289,0.0,CD4_Tcell,1,601.8980078138569
144.525635,-45.815025,0.0,epithelial_tumor_class1,1,780.090950427553
-235.592577,-65.046264,0.0,epithelial_tumor_class1,1,1124.0037319903367
-108.842062,-161.293304,0.0,epithelial_tumor_class1,1,1659.6620481323414
-201.836173,-155.074893,0.0,epithelial_tumor_class1,1,2758.188246393535
-97.024332,-330.760470,0.0,CD8_Tcell,1,802.5558120171429
-339.590923,134.662963,0.0,CD4_Tcell,1,1032.5768899132668
-95.541505,183.528109,0.0,epithelial_tumor_class1,1,3013.0937061530294
117.174919,114.655490,0.0,epithelial_tumor_class1,1,1580.4562599861993
12.035322,38.803486,0.0,CD4_Tcell,1,1335.8574759940618
195.411173,340.676204,0.0,epithelial_tumor_class1,1,3013.0937061530294
126.147555,-384.741141,0.0,apCAF,1,686.075800821403
-25.294965,125.176395,0.0,epithelial_tumor_class1,1,1231.837852627255
-23.289070,-142.477633,0.0,CAF,1,1267.2080891008602
-215.865038,35.167677,0.0,CD4_Tcell,1,630.6654153689135
-111.556127,-371.969803,0.0,epithelial_tumor_class1,1,1630.9172936524315
376.776928,-23.484034,0.0,epithelial_tumor_class1,1,3013.0937061530294
-16.085308,183.160198,0.0,epithelial_tumor_class1,1,2247.5587174431835
-76.674435,-301.567658,0.0,epithelial_tumor_class1_class2,1,840.5824037752005
-196.319802,-67.526565,0.0,CAF,1,893.1123053795097
121.390506,-272.587188,0.0,CD4_Tcell,1,946.6435777120146
-299.825484,-2.697858,0.0,epithelial_tumor_class1,1,3013.0937061530294
177.981418,-299.135099,0.0,epithelial_tumor_class1,1,1914.0351087402528
-110.398197,-29.005427,0.0,epithelial_tumor_class1,1,1465.3597631243274
-402.653801,-130.407651,0.0,epithelial_tumor_class1,1,2284.308621547176
-274.048775,-81.160953,0.0,epithelial_tumor_class1,1,778.6779651152596
-77.178989,199.011733,0.0,CAF,1,930.2114166841379
109.711851,187.645036,0.0,CAF,1,1267.2080891008602
19.836048,-305.721474,0.0,epithelial_tumor_class1_class2,1,1505.0813326618375
30.288595,-355.487613,0.0,epithelial_tumor_class1,1,1000.3361819984384
284.010095,-62.577996,0.0,CAF,1,936.8399767572755
178.731956,122.169440,0.0,CAF,1,492.35453949533684
144.171878,-315.707532,0.0,apCAF,1,124.3219022584304
-91.517535,-263.988995,0.0,epithelial_tumor_class1,1,2017.3790075689253
-68.831099,-219.476238,0.0,epithelial_tumor_class1,1,892.8656574092439
-99.331332,-132.263847,0.0,epithelial_tumor_class1,1,1770.682516097636
-117.857730,-221.840912,0.0,CD4_Tcell,1,488.50498268410047
-288.066991,167.607031,0.0,apCAF,1,429.15814198294237
95.416723,-168.766200,0.0,epithelial_tumor_class1,1,732.686578376271
46.543562,-171.639189,0.0,epithelial_tumor_class1,1,806.2575933111713
-318.549741,40.546408,0.0,epithelial_tumor_class1,1,1065.2255567439709
-105.279642,-263.392723,0.0,CAF,1,713.8472237605972
-21.505103,323.135424,0.0,epithelial_tumor_class1,1,1198.5765271013106
324.967498,-39.347190,0.0,CD8_Tcell,1,551.4577438180742
-166.794849,378.876692,0.0,epithelial_tumor_class1_class2,1,1092.3883939865623
-94.278682,348.854593,0.0,CAF,1,918.8524827047521
-132.128756,-89.668353,0.0,epithelial_tumor_class1_class2,1,909.4916931755695
-243.367250,-38.580846,0.0,epithelial_tumor_class1,1,1374.470435214734
202.432448,-210.085065,0.0,epithelial_tumor_class1,1,1063.6374740373137
143.882137,-248.369260,0.0,epithelial_tumor_class1,1,1786.5134276734702
166.156263,-198.346522,0.0,epithelial_tumor_class1,1,1462.4917052599474
-152.146397,-10.551675,0.0,epithelial_tumor_class1,1,869.5084212837145
-114.708497,218.413452,0.0,CD4_Tcell,1,1011.9657179008718
-68.070083,-276.201194,0.0,epithelial_tumor_class1,1,3013.0937061530294
-332.457316,-205.182822,0.0,epithelial_tumor_class1,1,1987.8369964062447
-152.171684,-119.118374,0.0,CAF,1,774.7347648982626
-181.351573,136.322137,0.0,epithelial_tumor_class1,1,1281.3908816532717
-304.179096,-103.956467,0.0,epithelial_tumor_class1,1,1724.96841707443
393.417909,-113.076818,0.0,epithelial_tumor_class1,1,2174.7991098851644
-38.287066,-341.933377,0.0,epithelial_tumor_class1,1,1581.3422333833869
-43.274726,3.796395,0.0,epithelial_tumor_class1,1,530.6358193198879
-68.452563,-365.971461,0.0,epithelial_tumor_class1,1,725.1662120252684
-199.029488,65.631435,0.0,CAF,1,1267.2080891008602
-380.650174,0.915717,0.0,CAF,1,756.9642459912366
-143.871258,-88.267100,0.0,epithelial_tumor_class1,1,732.234682739367
174.833674,-237.945541,0.0,epithelial_tumor_class1,1,1886.325292406912
-326.491861,133.675942,0.0,epithelial_tumor_class1,1,1355.8136643782427
156.477822,60.732164,0.0,epithelial_tumor_class1,1,1749.07688808819
-109.524211,-117.757018,0.0,epithelial_tumor_class1,1,1759.839975165796
-196.937073,341.861540,0.0,epithelial_tumor_class1,1,3013.0937061530294
-122.866327,303.645968,0.0,CD4_Tcell,1,979.0129661853767
255.804752,-57.698808,0.0,epithelial_tumor_class1,1,2170.1348007176916
241.068861,-75.030237,0.0,epithelial_tumor_class1,1,1336.2994935532288
-160.965495,308.018658,0.0,CD4_Tcell,1,1298.3238306840983
-166.571437,217.538709,0.0,CAF,1,1083.870135970426
201.771083,-322.532572,0.0,epithelial_tumor_class1,1,1161.5855199622024
88.459330,168.225665,0.0,epithelial_tumor_class1,1,1225.8181627975594
-125.875350,-33.086580,0.0,epithelial_tumor_class1,1,3013.0937061530294
216.151566,338.456800,0.0,epithelial_tumor_class1,1,912.1954239271647
246.277857,-239.868881,0.0,epithelial_tumor_class1,1,1064.5447564513613
29.794819,-377.541386,0.0,epithelial_tumor_class1,1,2531.935041263348
-67.227283,392.923700,0.0,epithelial_tumor_class1,1,3013.0937061530294
-360.862019,72.749328,0.0,epithelial_tumor_class1,1,3013.0937061530294
123.469235,144.681533,0.0,epithelial_tumor_class1,1,1900.127979073142
151.409531,14.306003,0.0,CAF,1,1267.2080891008602
46.846713,394.413392,0.0,epithelial_tumor_class1,1,2208.2925400333947
-231.884129,157.596082,0.0,epithelial_tumor_class1_class2,1,1342.7342172241133
385.146458,-173.559809,0.0,epithelial_tumor_class1,1,1248.724855838073
159.243741,-265.562268,0.0,epithelial_tumor_class1,1,1589.6602251340967
63.255775,-400.230244,0.0,CAF,1,1267.2080891008602
170.020801,7.425046,0.0,CD4_Tcell,1,737.6302265772705
-25.649122,244.023538,0.0,epithelial_tumor_class1,1,860.5739077795005
-186.223282,-356.592386,0.0,epithelial_tumor_class1,1,3013.0937061530294
-311.177894,139.007529,0.0,CD4_Tcell,1,1181.5511114925368
-211.523280,136.280612,0.0,epithelial_tumor_class1,1,1629.0418807208305
291.689307,-274.467716,0.0,epithelial_tumor_class1,1,1196.7767264620013
-177.220649,347.521547,0.0,epithelial_tumor_class1,1,1994.7641849557328
293.939473,290.841189,0.0,epithelial_tumor_class1,1,2229.6007322800347
-87.834320,-321.650312,0.0,epithelial_tumor_class1,1,1547.3897700464186
217.873683,-217.346706,0.0,epithelial_tumor_class1,1,1409.9230951412562
88.872101,118.033509,0.0,epithelial_tumor_class1,1,1655.6656660954063
17.039462,-105.743185,0.0,epithelial_tumor_class1,1,857.6457723740921
-144.100461,110.861627,0.0,epithelial_tumor_class1,1,1537.2545548384637
-213.612010,18.019653,0.0,apCAF,1,320.36492412726716
374.290481,176.866607,0.0,CAF,1,721.3670559178322
-371.203206,100.886276,0.0,epithelial_tumor_class1,1,655.5245833364177
60.541848,402.941596,0.0,CD4_Tcell,1,292.9517313222615
-305.982228,-29.002198,0.0,epithelial_tumor_class1,1,2451.98379512816
-378.798453,-167.618670,0.0,epithelial_tumor_class1,1,1007.1233579960425
-83.254751,282.632611,0.0,epithelial_tumor_class1,1,1528.5750305025783
140.107641,61.038946,0.0,epithelial_tumor_class1,1,821.9845533725213
-320.149260,-9.181655,0.0,epithelial_tumor_class1,1,2485.728652523068
210.304645,-28.177996,0.0,epithelial_tumor_class1,1,1356.5246725783884
235.342545,52.106706,0.0,epithelial_tumor_class1,1,819.3775477097681
108.082692,340.894561,0.0,epithelial_tumor_class1,1,1178.7158220800477
52.985961,-204.601763,0.0,apCAF,1,561.9793419740747
175.024051,-265.685228,0.0,epithelial_tumor_class1,1,2057.795351389002
140.668778,101.758325,0.0,CD4_Tcell,1,395.0893922431286
-157.490166,115.425702,0.0,epithelial_tumor_class1,1,1428.4277385708226
4.610731,-110.535090,0.0,epithelial_tumor_class1,1,1715.5953073076093
266.987615,28.570246,0.0,epithelial_tumor_class1,1,2232.2841793617017
-34.739872,52.758135,0.0,epithelial_tumor_class1,1,1098.7097432908663
-238.484638,-268.263976,0.0,epithelial_tumor_class1,1,908.3799469646216
325.274934,24.736272,0.0,epithelial_tumor_class1,1,1133.3351417912697
-134.920069,-20.724267,0.0,CAF,1,1076.4372113894642
-159.559046,130.860745,0.0,epithelial_tumor_class1,1,2650.388312726015
184.538800,-311.975695,0.0,epithelial_tumor_class1,1,1268.6253056574676
-247.306400,-349.773458,0.0,epithelial_tumor_class1,1,793.1334076824289
57.751290,28.076954,0.0,CAF,1,727.5890101193855
29.396129,100.076134,0.0,epithelial_tumor_class1,1,874.8942725654457
110.665642,-240.451843,0.0,epithelial_tumor_class1,1,1699.3258275604287
-352.769654,91.947166,0.0,epithelial_tumor_class1,1,2123.3785940373236
145.287027,398.799195,0.0,CD4_Tcell,1,925.8863569413612
-136.929892,143.861765,0.0,CD4_Tcell,1,485.1232673639009
-212.242080,317.557931,0.0,epithelial_tumor_class1,1,3013.0937061530294
370.180244,-101.743769,0.0,epithelial_tumor_class1,1,644.9984494748636
-363.455600,116.106601,0.0,epithelial_tumor_class1,1,1427.3239558717235
154.035202,227.260432,0.0,CD4_Tcell,1,521.8414533835821
-272.111811,-286.592713,0.0,epithelial_tumor_class1,1,557.1684541731674
381.278744,75.104449,0.0,epithelial_tumor_class1,1,1270.1844400874222
-330.392813,-35.251830,0.0,CD4_Tcell,1,526.4785965250205
-37.495743,66.747324,0.0,epithelial_tumor_class1,1,2031.5027377624642
-77.181972,-55.463190,0.0,epithelial_tumor_class1,1,991.3181163956633
-300.403025,172.032789,0.0,epithelial_tumor_class1,1,2506.3286322715994
26.667095,152.747085,0.0,epithelial_tumor_class1,1,1120.0873462084
-231.442872,315.030733,0.0,mesenchymal_tumor_class1,1,1121.887751829781
389.294168,141.837628,0.0,epithelial_tumor_class1,1,1286.160640660339
-143.337997,324.605896,0.0,epithelial_tumor_class1,1,1923.3690563652765
-69.146361,-261.212449,0.0,apCAF,1,343.93603904146335
306.694170,162.025716,0.0,apCAF,1,941.454524895391
266.214929,173.339659,0.0,epithelial_tumor_class1,1,1373.066024034756
-21.396528,60.699428,0.0,CD4_Tcell,1,497.5439714543003
-256.235711,204.570203,0.0,CD4_Tcell,1,552.7270209682525
5.778746,152.671677,0.0,epithelial_tumor_class1,1,1391.0967935564302
365.781212,155.761074,0.0,epithelial_tumor_class1,1,1846.8832923591779
-186.790022,35.033831,0.0,epithelial_tumor_class1_class2,1,808.1442126757777
258.101096,-264.339780,0.0,CAF,1,283.19639513483565
-347.024988,146.306335,0.0,epithelial_tumor_class1,1,1798.4662144950332
168.818237,-213.107358,0.0,CD4_Tcell,1,520.3070256747823
-302.853131,26.669487,0.0,CD4_Tcell,1,796.1205680874783
-224.739503,-95.674659,0.0,CD4_Tcell,1,611.5677502734417
21.600269,46.743993,0.0,CAF,1,735.3033605335212
105.991583,275.480927,0.0,CD4_Tcell,1,577.8855253950796
-10.981666,-372.224766,0.0,CD4_Tcell,1,497.5591540557554
-377.220411,33.467708,0.0,epithelial_tumor_class1,1,1449.7866128861524
375.649202,101.720788,0.0,epithelial_tumor_class1,1,677.0123849746612
89.106891,-231.616785,0.0,epithelial_tumor_class1,1,2027.5879525983855
291.148327,2.348047,0.0,epithelial_tumor_class1,1,2368.574094925478
-101.146804,281.949780,0.0,epithelial_tumor_class1_class2,1,490.8333627986686
103.957361,229.990243,0.0,epithelial_tumor_class1_class2,1,1124.0037319903367
212.167820,189.449710,0.0,epithelial_tumor_class1,1,808.1442126757777
-122.166480,-171.289381,0.0,epithelial_tumor_class1,1,911.6042359978908
25.457624,67.425866,0.0,epithelial_tumor_class1,1,1960.0613832888544
211.126002,-272.289259,0.0,CD4_Tcell,1,473.4542774447482
161.686443,313.915379,0.0,epithelial_tumor_class1,1,822.4302038035438
413.319937,46.691218,0.0,epithelial_tumor_class1,1,832.8958998655548
328.542830,50.044274,0.0,CD4_Tcell,1,567.4639628086956
-13.351855,-132.896185,0.0,epithelial_tumor_class1,1,1493.4884851012364
62.024281,-146.150918,0.0,epithelial_tumor_class1_class2,1,1219.2109119207535
-164.211616,-155.840205,0.0,CD4_Tcell,1,1335.8574759940618
-168.815733,-338.437691,0.0,epithelial_tumor_class1,1,1605.7535503752088
-43.936058,121.464770,0.0,CD4_Tcell,1,513.2842920505448
-285.565042,231.458475,0.0,epithelial_tumor_class1,1,1077.377168466161
398.916325,80.917796,0.0,epithelial_tumor_class1,1,1970.114192671835
46.318675,157.039592,0.0,epithelial_tumor_class1,1,2801.4985270899356
137.572949,265.801364,0.0,epithelial_tumor_class1_class2,1,1455.4310980798418
-274.949805,-239.730028,0.0,epithelial_tumor_class1,1,1572.4973862147397
-335.748355,173.185251,0.0,epithelial_tumor_class1,1,1453.878958458429
-3.227070,-141.767244,0.0,CD4_Tcell,1,1082.798916504703
-221.185424,369.396699,0.0,apCAF,1,308.21590961112906
258.906699,-243.582570,0.0,epithelial_tumor_class1,1,1334.2177717464408
168.582515,-34.404716,0.0,CAF,1,739.8433133807254
-267.696072,-14.301080,0.0,epithelial_tumor_class1,1,1106.9690671618669
-201.631228,-228.110893,0.0,epithelial_tumor_class1,1,1500.5447730493313
207.815256,-192.434296,0.0,epithelial_tumor_class1,1,730.5858598189725
73.857397,241.750530,0.0,CD4_Tcell,1,729.2920939070515
79.132686,47.187239,0.0,epithelial_tumor_class1,1,1381.0570082746926
-118.271256,380.213950,0.0,epithelial_tumor_class1,1,1581.604807591896
167.138899,-253.540843,0.0,CD8_Tcell,1,1198.249156499985
-270.314267,23.044767,0.0,epithelial_tumor_class1,1,1793.7144189792164
-21.855568,-389.818582,0.0,epithelial_tumor_class1,1,1425.883762207829
-20.959199,344.495568,0.0,epithelial_tumor_class1,1,1179.1205854173013
-132.218412,-103.832020,0.0,epithelial_tumor_class1,1,2270.3711868157957
-64.083525,-308.918738,0.0,CAF,1,592.6036429261824
34.448463,-63.984491,0.0,epithelial_tumor_class1,1,1385.0490783859627
181.481991,-381.968346,0.0,epithelial_tumor_class1,1,1239.857508528982
-237.135805,56.233285,0.0,CAF,1,741.5654590493115
45.302537,-106.596684,0.0,CAF,1,1014.5513896016824
94.701769,292.386417,0.0,epithelial_tumor_class1,1,1032.6757018868113
-98.816302,66.089726,0.0,CD4_Tcell,1,592.5012924377963
28.212845,182.405397,0.0,epithelial_tumor_class1,1,1423.2816175900805
-0.402722,-179.988687,0.0,epithelial_tumor_class1,1,1362.1325506555545
-236.220590,192.222629,0.0,epithelial_tumor_class1,1,840.5824037752005
232.147944,-344.448702,0.0,CAF,1,464.6088063411261
157.668240,-114.832077,0.0,epithelial_tumor_class1,1,1848.4488590041933
313.728869,4.055960,0.0,epithelial_tumor_class1_class2,1,1155.9302763776477
47.146340,-27.010818,0.0,epithelial_tumor_class1,1,1780.6457508688793
-314.798229,28.451567,0.0,CAF,1,1061.2205748134556
151.450996,-282.079401,0.0,CAF,1,549.9144557951182
-419.880273,-66.469404,0.0,CAF,1,1051.5395823965061
302.978846,-100.132901,0.0,epithelial_tumor_class1,1,1455.4310980798418
241.014392,264.061231,0.0,epithelial_tumor_class1,1,3013.0937061530294
-171.195503,-30.340926,0.0,CD4_Tcell,1,937.3725440828972
-97.223353,-297.907721,0.0,epithelial_tumor_class1,1,554.4387368055606
-297.096966,240.859352,0.0,epithelial_tumor_class1,1,865.6592602140777
249.161454,-98.000655,0.0,epithelial_tumor_class1,1,927.7941681546397
80.892746,184.979178,0.0,epithelial_tumor_class1,1,2385.2403846636726
-19.224163,12.388767,0.0,epithelial_tumor_class1,1,863.9692344150102
136.642247,-187.239535,0.0,epithelial_tumor_class1,1,2062.5715727781276
259.741967,-36.814721,0.0,epithelial_tumor_class1,1,3013.0937061530294
-219.108878,-140.029685,0.0,epithelial_tumor_class1,1,1068.2801158869902
64.723140,40.044714,0.0,epithelial_tumor_class1,1,1612.5603018799773
-52.251085,364.364172,0.0,epithelial_tumor_class1,1,1117.6116800094376
19.106960,-351.279293,0.0,CAF,1,773.6338744712821
-107.502198,79.961753,0.0,apCAF,1,1185.27401858627
24.737152,217.878831,0.0,epithelial_tumor_class1,1,1470.6692965177465
221.557325,-349.115053,0.0,epithelial_tumor_class1,1,1298.7267478501342
205.406377,174.354686,0.0,epithelial_tumor_class1,1,1539.0266245944701
222.769872,-150.537392,0.0,epithelial_tumor_class1,1,895.0646671139316
-65.944727,-376.820791,0.0,CAF,1,720.7643126608716
-189.278000,355.397576,0.0,CAF,1,1200.2142745359567
322.845763,-199.834938,0.0,epithelial_tumor_class1,1,1218.272901786634
169.194812,343.140665,0.0,epithelial_tumor_class1_class2,1,2062.5715727781276
51.392319,281.301593,0.0,epithelial_tumor_class1,1,827.4069249354673
108.586627,202.727402,0.0,epithelial_tumor_class1,1,1625.2953690832687
-115.923635,-59.201209,0.0,epithelial_tumor_class1,1,1082.008707415671
-2.912571,-232.601767,0.0,epithelial_tumor_class1,1,1977.6096461112527
26.016928,356.948829,0.0,epithelial_tumor_class1,1,1825.3108783496918
112.105405,283.366843,0.0,CD8_Tcell,1,466.42426868530265
-278.591095,42.864267,0.0,CAF,1,316.68843803088924
-191.565440,131.031194,0.0,mesenchymal_tumor_class1,1,453.1583441007098
96.189814,214.552104,0.0,epithelial_tumor_class1,1,1985.3914470486443
282.320311,-75.526025,0.0,epithelial_tumor_class1,1,824.8947944742914
174.213865,-117.419879,0.0,apCAF,1,1174.4041086767318
113.168074,-123.788641,0.0,CAF,1,536.4574916133523
339.596984,214.814213,0.0,CD8_Tcell,1,338.85727956117125
337.999318,257.285197,0.0,epithelial_tumor_class1,1,3013.0937061530294
33.006895,234.419345,0.0,epithelial_tumor_class1,1,903.7385875526297
155.904540,-134.473729,0.0,epithelial_tumor_class1,1,1267.1807033658094
-111.715096,331.474323,0.0,CD4_Tcell,1,581.2976969945115
-54.550085,-265.933372,0.0,epithelial_tumor_class1,1,2158.20034025643
-74.567701,-231.626032,0.0,epithelial_tumor_class1,1,1740.5960486786414
-98.419006,-75.944112,0.0,epithelial_tumor_class1,1,2675.706625008553
247.392583,163.962339,0.0,epithelial_tumor_class1,1,2282.757208780634
121.220146,343.458118,0.0,CD4_Tcell,1,1335.8574759940618
342.544908,-163.649099,0.0,CAF,1,1267.2080891008602
-190.482346,-265.523477,0.0,CAF,1,671.8613607094633
159.318130,268.176884,0.0,CD4_Tcell,1,1335.8574759940618
-102.617654,105.095561,0.0,epithelial_tumor_class1,1,1944.9145144040842
-269.183862,-304.187066,0.0,epithelial_tumor_class1,1,1549.1696186839251
-401.642351,79.296685,0.0,mesenchymal_tumor_class1,1,1239.1320867187278
22.022864,-193.197454,0.0,epithelial_tumor_class1,1,1285.417266837687
243.599374,-228.593966,0.0,CAF,1,607.6216033212808
-400.693730,-110.738539,0.0,epithelial_tumor_class1,1,1857.5319801945518
357.088380,-32.756106,0.0,CAF,1,467.9529068434231
-129.151287,-267.478509,0.0,epithelial_tumor_class1,1,2823.660781328132
-150.124627,-188.756382,0.0,CAF,1,913.8566638759949
242.886145,0.988536,0.0,epithelial_tumor_class1,1,1030.207293118436
129.767901,102.697573,0.0,CAF,1,1092.542284018594
-208.821941,162.252200,0.0,epithelial_tumor_class1,1,1078.800846768015
407.600453,102.132683,0.0,epithelial_tumor_class1,1,2594.2924540161034
-66.872209,136.026803,0.0,epithelial_tumor_class1,1,1464.9854561656769
-288.291122,-204.598460,0.0,epithelial_tumor_class1,1,2430.852419583999
151.622226,322.956358,0.0,CD4_Tcell,1,1023.8569710249781
249.003058,48.933898,0.0,epithelial_tumor_class1,1,1649.143047081967
23.326428,86.166693,0.0,CAF,1,590.9844771411043
397.460689,-155.434876,0.0,epithelial_tumor_class1,1,1489.3851791036102
130.406868,-70.079130,0.0,CAF,1,1267.2080891008602
-4.009219,-14.095326,0.0,CAF,1,895.6262164018669
136.325796,-315.633228,0.0,CAF,1,448.94885369919683
395.544092,27.216629,0.0,epithelial_tumor_class1,1,1301.5783270091065
-162.287928,-89.721709,0.0,epithelial_tumor_class1,1,911.3541949411364
59.496690,218.112231,0.0,epithelial_tumor_class1,1,2030.1455590361763
95.499785,274.486446,0.0,epithelial_tumor_class1,1,649.213402914372
-12.629268,-244.088394,0.0,epithelial_tumor_class1,1,1601.8111149791328
-228.353943,-310.689445,0.0,epithelial_tumor_class1,1,2467.4046623449553
-382.027478,-47.065451,0.0,epithelial_tumor_class1_class2,1,1681.825538228656
-8.977575,263.900772,0.0,epithelial_tumor_class1,1,1203.6857594904554
-138.584852,337.694455,0.0,CD4_Tcell,1,1003.1443001290617
306.195023,25.442818,0.0,epithelial_tumor_class1,1,1361.5383945710842
261.350845,-323.263017,0.0,epithelial_tumor_class1,1,859.1527126535044
-82.570411,259.218046,0.0,epithelial_tumor_class1,1,3013.0937061530294
-354.433841,-79.017696,0.0,CD4_Tcell,1,1169.2976215121196
12.093409,-233.013285,0.0,epithelial_tumor_class1,1,1579.7673983969087
-11.745153,-399.877463,0.0,epithelial_tumor_class1,1,1047.3944243362225
72.036203,-165.413690,0.0,CD8_Tcell,1,855.7264356119848
-78.340098,-409.762306,0.0,epithelial_tumor_class1,1,2193.2782642621496
-231.071844,-228.917721,0.0,CAF,1,499.9923505826753
-275.813373,-266.167807,0.0,epithelial_tumor_class1,1,1324.2789246791215
-145.131302,273.993394,0.0,epithelial_tumor_class1,1,772.9208917122114
-388.079100,123.702838,0.0,epithelial_tumor_class1,1,1176.5047530359393
-146.951309,-28.334589,0.0,epithelial_tumor_class1,1,2048.3040387172205
-69.950274,-172.346242,0.0,epithelial_tumor_class1_class2,1,1245.6430847855966
336.056187,-263.445901,0.0,epithelial_tumor_class1,1,1539.671351084601
-402.146880,38.036467,0.0,epithelial_tumor_class1,1,2282.589530568421
177.944517,-93.681685,0.0,epithelial_tumor_class1,1,748.0622493516852
79.307462,-153.604841,0.0,epithelial_tumor_class1,1,2127.295700345396
-10.567905,-419.298509,0.0,epithelial_tumor_class1,1,1568.2505446569467
71.887600,352.402310,0.0,CD4_Tcell,1,1335.8574759940618
-46.063238,326.265472,0.0,CAF,1,1267.2080891008602
309.208185,238.676459,0.0,CAF,1,654.8132264116606
-160.652998,197.167653,0.0,epithelial_tumor_class1,1,1043.6084249513165
94.029639,90.282985,0.0,epithelial_tumor_class1,1,1612.0283524760525
-279.963275,-295.425372,0.0,CAF,1,1267.2080891008602
94.911259,312.322814,0.0,epithelial_tumor_class1,1,1814.0663991829044
-207.799243,193.379092,0.0,epithelial_tumor_class1,1,1333.8075467406145
-260.971239,-331.547528,0.0,CAF,1,575.4564527117299
-411.450100,-20.481501,0.0,epithelial_tumor_class1,1,1279.509083231559
164.898226,-279.043576,0.0,epithelial_tumor_class1,1,1683.0568930582879
-225.778252,-84.709997,0.0,epithelial_tumor_class1,1,793.2370030978309
-369.671726,23.231157,0.0,epithelial_tumor_class1,1,774.8163538577891
-154.960502,98.925315,0.0,epithelial_tumor_class1,1,3013.0937061530294
344.538688,-124.221013,0.0,epithelial_tumor_class1,1,2022.4018462571448
-375.522401,113.051158,0.0,CD4_Tcell,1,682.9207147255094
239.382290,-153.874978,0.0,epithelial_tumor_class1,1,1871.0104407429246
-65.481442,-90.884853,0.0,CAF,1,563.3801559087437
-96.879568,-37.064512,0.0,epithelial_tumor_class1,1,2751.0610257340577
-5.785302,-162.764002,0.0,epithelial_tumor_class1,1,3013.0937061530294
124.572468,319.856893,0.0,epithelial_tumor_class1,1,1505.0813326618375
11.100708,280.388613,0.0,CAF,1,317.9933939010928
205.089022,65.231733,0.0,epithelial_tumor_class1,1,1442.79786347284
-325.291534,160.756719,0.0,CD8_Tcell,1,717.4261582890178
-379.715598,68.075580,0.0,epithelial_tumor_class1,1,1008.192697379566
197.174109,-310.889590,0.0,epithelial_tumor_class1,1,886.2902444385497
42.866260,325.584480,0.0,epithelial_tumor_class1,1,1462.8032692384043
-287.654068,-189.749737,0.0,epithelial_tumor_class1,1,1161.6389589525315
230.544702,105.158824,0.0,epithelial_tumor_class1,1,1115.4517176438928
366.918182,-143.831454,0.0,apCAF,1,337.7771948093238
-51.646071,72.859680,0.0,epithelial_tumor_class1,1,1807.9231969879545
407.188057,69.342135,0.0,epithelial_tumor_class1,1,1124.1867192712393
-221.625896,354.322512,0.0,CAF,1,788.4809437113366
-197.089844,198.765864,0.0,CAF,1,575.1553884599061
-7.043492,-323.968322,0.0,epithelial_tumor_class1,1,1141.951786356449
-157.193775,320.878176,0.0,epithelial_tumor_class1,1,1222.774211583242
134.232690,297.185051,0.0,epithelial_tumor_class1,1,1157.715558294697
59.368988,373.954678,0.0,CD4_Tcell,1,627.1510771887727
-233.931755,-143.828028,0.0,epithelial_tumor_class1,1,3013.0937061530294
-215.368801,-229.761229,0.0,epithelial_tumor_class1,1,550.7588457330403
-40.309489,305.184901,0.0,epithelial_tumor_class1,1,1272.5965232993644
140.284388,-214.232246,0.0,epithelial_tumor_class1,1,638.2531012351996
-269.112612,-160.763951,0.0,epithelial_tumor_class1,1,1681.825538228656
97.478818,142.466860,0.0,epithelial_tumor_class1,1,1372.4686925361566
39.242266,-338.578189,0.0,epithelial_tumor_class1,1,1026.0692269383505
106.565543,368.368479,0.0,epithelial_tumor_class1,1,1088.4690790858617
106.156695,-353.936683,0.0,CD8_Tcell,1,717.6974823926508
276.480737,-325.601424,0.0,epithelial_tumor_class1,1,1834.209406989096
99.275374,164.486997,0.0,CAF,1,464.6378165900254
-315.441334,-53.826990,0.0,CAF,1,861.0771673619481
-30.904405,-153.242629,0.0,epithelial_tumor_class1,1,1136.0972125898493
-314.471852,-81.383444,0.0,epithelial_tumor_class1,1,999.731671353604
-140.697593,310.535666,0.0,epithelial_tumor_class1,1,1204.7805251192094
-78.742460,-353.328139,0.0,epithelial_tumor_class1,1,1575.7039148305396
-270.950574,-64.702148,0.0,epithelial_tumor_class1,1,1668.2862388955439
418.087913,-70.271842,0.0,CD4_Tcell,1,647.5288445928724
-270.522845,140.112091,0.0,epithelial_tumor_class1,1,821.7299682794239
-348.895293,122.605091,0.0,epithelial_tumor_class1,1,3013.0937061530294
-305.063478,222.271623,0.0,CD8_Tcell,1,471.2837280151282
-10.827800,220.941899,0.0,epithelial_tumor_class1,1,1591.6701035136223
171.874945,19.645580,0.0,epithelial_tumor_class1,1,1139.7605658736047
-251.019480,-231.736168,0.0,epithelial_tumor_class1,1,890.7150205387925
194.742354,265.119661,0.0,CD4_Tcell,1,905.978045552448
-3.771478,239.819443,0.0,epithelial_tumor_class1,1,2777.3976525385297
-147.209019,-373.378970,0.0,epithelial_tumor_class1,1,1025.478980759143
171.134235,226.742694,0.0,apCAF,1,124.3219022584304
249.687744,247.670534,0.0,epithelial_tumor_class1,1,775.2651955286292
314.096736,-12.436309,0.0,epithelial_tumor_class1,1,1208.7271774324922
276.008926,158.528813,0.0,CD8_Tcell,1,887.5402065706953
4.700435,-257.739826,0.0,epithelial_tumor_class1_class2,1,2170.1348007176916
-53.670743,-379.896073,0.0,epithelial_tumor_class1,1,1488.849149271384
164.459845,385.037222,0.0,epithelial_tumor_class1,1,797.8665370687343
-26.948340,-243.929837,0.0,epithelial_tumor_class1,1,1474.8634856190035
-50.588030,-251.678347,0.0,CD4_Tcell,1,1304.665027136323
173.468497,101.651894,0.0,CAF,1,903.1058756575351
169.005213,154.308292,0.0,epithelial_tumor_class1_class2,1,817.2832344362822
373.982995,-156.546270,0.0,epithelial_tumor_class1,1,694.6885584122907
-252.920419,-271.950822,0.0,epithelial_tumor_class1,1,806.3832764899493
177.449379,140.031310,0.0,CAF,1,603.15720825922
29.714160,335.541747,0.0,apCAF,1,258.2722746709998
313.121658,83.032012,0.0,epithelial_tumor_class1,1,1967.1516915870293
341.432587,-13.747658,0.0,CAF,1,838.6026057823179
17.477121,96.538385,0.0,CAF,1,1150.2137828048708
-198.089785,-24.425459,0.0,CD8_Tcell,1,891.6106990443668
-59.020262,330.906274,0.0,epithelial_tumor_class1,1,1467.6381708680299
60.255564,-216.914891,0.0,epithelial_tumor_class1,1,1791.4308266452513
-96.228133,-369.873464,0.0,CD8_Tcell,1,522.5470470323381
142.650680,253.881195,0.0,epithelial_tumor_class1_class2,1,871.8454526595895
-290.802097,186.244767,0.0,CAF,1,714.8326577904326
-388.318287,12.907122,0.0,CAF,1,1267.2080891008602
-107.086082,134.358700,0.0,CAF,1,1222.3318752811604
-202.208817,-94.666420,0.0,epithelial_tumor_class1,1,1334.3643010589296
-340.420271,100.921151,0.0,epithelial_tumor_class1,1,1624.1925828149595
-327.055081,106.653763,0.0,epithelial_tumor_class1_class2,1,1596.6526619707465
410.794261,-27.420692,0.0,epithelial_tumor_class1,1,858.3662629043455
74.217961,-292.140323,0.0,epithelial_tumor_class1,1,2987.0901425306824
192.863264,158.390338,0.0,epithelial_tumor_class1,1,1953.365950131858
24.576634,-242.328526,0.0,epithelial_tumor_class1,1,587.4496599953718
397.534550,-49.857392,0.0,epithelial_tumor_class1_class2,1,465.02366959589466
125.203321,267.917211,0.0,epithelial_tumor_class1,1,704.1383330841395
157.920603,284.545032,0.0,epithelial_tumor_class1_class2,1,1006.0547750097103
269.259753,136.234401,0.0,epithelial_tumor_class1,1,1151.8071829779876
-134.855716,94.482035,0.0,epithelial_tumor_class1,1,1115.815853350738
297.602558,-115.568052,0.0,epithelial_tumor_class1_class2,1,1442.79786347284
332.567203,86.971509,0.0,epithelial_tumor_class1_class2,1,2961.5049048442593
389.110275,171.827313,0.0,epithelial_tumor_class1,1,1182.3890654120114
151.310182,-8.026752,0.0,CAF,1,434.82337134112555
-238.361559,12.113359,0.0,epithelial_tumor_class1_class2,1,1115.4517176438928
290.087275,270.005585,0.0,apCAF,1,265.9269609617548
26.734185,167.344681,0.0,epithelial_tumor_class1,1,2271.7916222757503
-189.403084,-104.303937,0.0,CAF,1,944.7565656237391
-12.670702,251.652191,0.0,CAF,1,941.454524895391
-42.135694,-294.530902,0.0,epithelial_tumor_class1,1,1095.751614231813
11.151675,337.668960,0.0,CD4_Tcell,1,440.9723639914304
-31.766270,352.330520,0.0,epithelial_tumor_class1_class2,1,1307.9011889976857
-61.597988,-244.775823,0.0,epithelial_tumor_class1,1,964.8491213914194
326.046743,-17.212672,0.0,epithelial_tumor_class1,1,1027.9890911397913
-82.371713,-274.703336,0.0,mesenchymal_tumor_class1,1,666.8657167980398
297.107472,190.889102,0.0,epithelial_tumor_class1_class2,1,2961.5049048442593
-232.703058,-126.448172,0.0,epithelial_tumor_class1,1,1331.1431336360574
146.188782,-24.687359,0.0,CD8_Tcell,1,858.650203259921
124.539132,167.444946,0.0,epithelial_tumor_class1,1,1803.4055124881065
-352.548252,-37.275167,0.0,epithelial_tumor_class1,1,1931.2704815123382
5.281235,-383.612070,0.0,CD4_Tcell,1,305.14795839987875
222.395759,-119.343486,0.0,epithelial_tumor_class1,1,871.8454526595895
-179.105822,-372.519803,0.0,epithelial_tumor_class1,1,2559.11742460813
-75.454734,419.451788,0.0,epithelial_tumor_class1,1,661.6011087391649
75.760098,328.613504,0.0,CAF,1,1267.2080891008602
189.012849,-205.681125,0.0,epithelial_tumor_class1,1,1981.040282153529
27.996191,-203.854003,0.0,CAF,1,686.075800821403
-119.252418,-151.083598,0.0,epithelial_tumor_class1,1,1587.3558930068086
-114.215304,-43.765282,0.0,CD4_Tcell,1,652.0093067983995
-200.520981,-251.212130,0.0,epithelial_tumor_class1_class2,1,655.5245833364177
-142.466995,-216.769269,0.0,CD4_Tcell,1,700.794519148167
223.004659,-278.404382,0.0,epithelial_tumor_class1,1,2001.592235209829
96.468018,-382.391301,0.0,epithelial_tumor_class1_class2,1,1549.1696186839251
-222.680789,196.111889,0.0,CAF,1,508.9408233364767
-257.158634,142.035063,0.0,epithelial_tumor_class1,1,1905.7347522194298
-234.022234,139.186043,0.0,CAF,1,430.39748768974596
-60.057187,316.765465,0.0,epithelial_tumor_class1,1,1413.148278900585
-146.295232,177.313989,0.0,CD4_Tcell,1,601.8980078138569
139.422083,-172.914716,0.0,epithelial_tumor_class1,1,1257.155511765613
-185.686053,99.872664,0.0,CD4_Tcell,1,1335.8574759940618
298.871273,-133.582386,0.0,epithelial_tumor_class1,1,779.8246052276517
94.741282,190.670686,0.0,CAF,1,726.2597117974257
-116.498069,193.569602,0.0,epithelial_tumor_class1,1,979.5136994159417
-156.378452,3.556284,0.0,epithelial_tumor_class1,1,2862.3354358837896
333.594430,-56.326248,0.0,CAF,1,1174.4041086767318
-219.806489,-182.421202,0.0,CD8_Tcell,1,377.734901469129
-84.294813,-47.746977,0.0,apCAF,1,195.81516706432052
230.539980,-107.473858,0.0,CD8_Tcell,1,597.513185804255
154.493082,205.331444,0.0,epithelial_tumor_class1,1,1854.7199729167853
48.729611,7.558209,0.0,epithelial_tumor_class1,1,1731.5498665241998
153.842953,305.203224,0.0,epithelial_tumor_class1,1,864.8907937191991
38.271533,-77.702830,0.0,epithelial_tumor_class1,1,622.1155172509265
-96.542864,-381.698810,0.0,epithelial_tumor_class1_class2,1,1254.7911153906934
124.735366,42.036985,0.0,epithelial_tumor_class1,1,780.3163668055928
3.070785,-132.306582,0.0,CD4_Tcell,1,518.7912203233
213.621126,-314.490336,0.0,epithelial_tumor_class1_class2,1,1987.8369964062447
-132.401976,-170.547179,0.0,CD8_Tcell,1,320.9426411325358
-247.165365,-219.301790,0.0,CAF,1,1116.9868262747686
238.732192,-196.553318,0.0,CD4_Tcell,1,521.2617746642613
157.089997,114.936829,0.0,epithelial_tumor_class1,1,1087.8551364940336
208.735939,-62.093414,0.0,epithelial_tumor_class1,1,2268.366874324491
183.314988,-10.822975,0.0,CAF,1,410.5318136098876
-194.866445,-303.650428,0.0,CD8_Tcell,1,675.7268244288156
291.216170,-35.394042,0.0,CAF,1,463.82598599347216
70.273969,27.331355,0.0,CAF,1,796.3282878380627
253.968157,3.267175,0.0,CAF,1,538.9197199038118
-149.157221,-252.975488,0.0,epithelial_tumor_class1,1,1766.4037702831756
-384.050007,162.430697,0.0,epithelial_tumor_class1,1,2039.3474186257156
-118.349406,-405.291968,0.0,CAF,1,543.6251301965005
-267.032325,180.829290,0.0,CD8_Tcell,1,534.448528479726
0.723167,353.758476,0.0,epithelial_tumor_class1,1,1216.9494714201996
280.292184,-189.468912,0.0,epithelial_tumor_class1,1,1981.9557880172324
115.011623,176.499279,0.0,epithelial_tumor_class1_class2,1,732.686578376271
-95.865796,-285.373072,0.0,epithelial_tumor_class1,1,1775.2517581254872
7.512305,-392.161666,0.0,apCAF,1,321.3168278680735
-89.210455,412.793443,0.0,CAF,1,419.2205541931655
-263.706818,-112.918930,0.0,epithelial_tumor_class1,1,1042.2904551182633
-160.279415,32.263437,0.0,CAF,1,1136.1235395760816
134.637459,-161.169320,0.0,epithelial_tumor_class1,1,899.0229683636201
-105.286924,319.108671,0.0,epithelial_tumor_class1,1,1433.5247653191873
-243.379582,309.808766,0.0,CD8_Tcell,1,1194.9242718067392
234.648333,-169.089265,0.0,epithelial_tumor_class1,1,1690.6292157941837
257.526332,288.124614,0.0,CAF,1,374.5974868248289
-195.815136,77.651920,0.0,epithelial_tumor_class1,1,785.7805747313406
337.667966,28.601917,0.0,apCAF,1,162.29407596470688
-16.964959,231.412868,0.0,CD4_Tcell,1,490.92364207181834
-171.028778,-226.874518,0.0,epithelial_tumor_class1,1,2189.688255416119
-317.002107,207.632882,0.0,epithelial_tumor_class1,1,1838.5243388870817
250.148418,307.467296,0.0,CAF,1,280.18317709108464
-327.710460,185.691408,0.0,CAF,1,326.3452708304744
-324.724298,220.653729,0.0,epithelial_tumor_class1,1,1794.7498103406288
147.380171,274.073956,0.0,epithelial_tumor_class1,1,817.2832344362822
10.141952,-46.551280,0.0,CAF,1,785.9864920716797
-93.433062,295.508300,0.0,epithelial_tumor_class1,1,902.5186219552692
-244.496762,332.338668,0.0,epithelial_tumor_class1,1,1407.6137222164823
-27.790894,334.004190,0.0,CD4_Tcell,1,889.3949899531347
-8.846152,393.704605,0.0,CAF,1,1267.2080891008602
203.911431,245.733937,0.0,epithelial_tumor_class1,1,1374.2313189060014
-144.706863,125.903984,0.0,epithelial_tumor_class1,1,1481.7981755852784
176.614990,173.814993,0.0,epithelial_tumor_class1,1,1390.1026796396266
-291.770536,-15.942076,0.0,CD8_Tcell,1,856.3150181911806
-284.414859,-29.398912,0.0,epithelial_tumor_class1,1,1025.9954337830638
129.351210,60.394810,0.0,apCAF,1,512.4941473389248
206.846003,297.375466,0.0,CD4_Tcell,1,572.650602237088
150.536732,-363.013633,0.0,epithelial_tumor_class1,1,1317.1477894236323
150.721493,85.209401,0.0,epithelial_tumor_class1,1,1315.6375432336758
286.900345,-300.566229,0.0,CD4_Tcell,1,456.49034240326165
-139.974052,2.881875,0.0,CD4_Tcell,1,788.0476444114092
-361.519595,163.592570,0.0,CD4_Tcell,1,461.2951113467953
199.397907,-53.133715,0.0,CAF,1,460.4150894278454
-404.376224,-7.966216,0.0,epithelial_tumor_class1,1,690.8077315009772
219.280660,107.642213,0.0,CD4_Tcell,1,555.9577760332687
35.438746,145.693405,0.0,CAF,1,467.12266096098466
-205.273900,-108.345183,0.0,epithelial_tumor_class1,1,1555.8480895267123
-253.480174,-149.436487,0.0,CAF,1,422.05764078702134
174.480245,355.372187,0.0,epithelial_tumor_class1,1,669.8601201777878
-368.467750,-39.181448,0.0,epithelial_tumor_class1,1,2401.8545711959578
360.283464,3.632849,0.0,CAF,1,1267.2080891008602
217.506637,-189.856908,0.0,CAF,1,366.8486469973964
-162.673344,352.467787,0.0,epithelial_tumor_class1_class2,1,1806.9903592969729
-322.337327,194.736628,0.0,CD4_Tcell,1,1022.4820623631321
-353.511593,-146.442328,0.0,epithelial_tumor_class1,1,544.6404383419248
369.267770,-187.768003,0.0,apCAF,1,124.3219022584304
-23.770181,-363.438838,0.0,CD4_Tcell,1,689.5047604612055
-260.134101,62.359837,0.0,epithelial_tumor_class1,1,2197.362580279641
74.780848,263.810618,0.0,epithelial_tumor_class1,1,2040.8643078309465
177.317456,330.619118,0.0,CAF,1,432.73114598268774
-400.325160,-146.537523,0.0,CAF,1,399.49312442398474
276.307555,296.380621,0.0,CAF,1,346.84037959263577
199.901008,187.091317,0.0,CAF,1,1267.2080891008602
-138.375470,-61.799945,0.0,epithelial_tumor_class1,1,576.4607589629512
-201.163249,249.710896,0.0,epithelial_tumor_class1,1,562.7701040896524
265.460018,115.717345,0.0,epithelial_tumor_class1,1,1428.4277385708226
189.432535,-151.889634,0.0,CAF,1,206.54816413515883
174.667626,312.054219,0.0,CD4_Tcell,1,554.1776760167836
420.645382,73.876996,0.0,epithelial_tumor_class1_class2,1,1026.8073531074176
-334.456851,-24.262629,0.0,CD8_Tcell,1,1262.6203362594867
167.582574,324.859277,0.0,epithelial_tumor_class1,1,1214.6357751592209
81.577650,-390.839184,0.0,CAF,1,572.483875548819
-272.422470,128.597758,0.0,CD8_Tcell,1,842.6300279014885
91.474672,-292.820794,0.0,CAF,1,512.4941473389248
-100.816479,-313.234583,0.0,CAF,1,435.89285912647273
-316.309736,129.034796,0.0,CAF,1,338.6340302077058
-259.861476,-287.131971,0.0,epithelial_tumor_class1,1,1535.9022543015633
323.752166,113.546861,0.0,epithelial_tumor_class1,1,1084.2273660644723
20.017106,423.589370,0.0,epithelial_tumor_class1,1,3013.0937061530294
-180.846692,-112.568006,0.0,CD4_Tcell,1,820.881730959799
-62.136950,357.498503,0.0,CAF,1,734.9488456071366
287.465092,-311.008284,0.0,CAF,1,714.5427301725099
104.956544,-176.149336,0.0,CAF,1,1134.7024642489557
70.869301,-135.595398,0.0,epithelial_tumor_class1_class2,1,1518.7458541039239
-4.727953,-29.261364,0.0,epithelial_tumor_class1,1,835.2097759951788
276.025484,64.267341,0.0,epithelial_tumor_class1,1,707.9152192392829
-222.445140,127.502079,0.0,CAF,1,1267.2080891008602
-144.414054,50.603730,0.0,epithelial_tumor_class1,1,1975.5531668350955
332.367410,-250.201039,0.0,apCAF,1,1185.27401858627
-180.015637,-186.333431,0.0,epithelial_tumor_class1,1,612.9625238100608
-306.764307,-274.990481,0.0,epithelial_tumor_class1,1,1290.6842298094327
-2.857808,-376.667636,0.0,apCAF,1,233.68819345474904
266.898270,-49.608194,0.0,epithelial_tumor_class1_class2,1,775.2651955286292
-247.581568,75.855433,0.0,CD4_Tcell,1,1335.8574759940618
-264.292328,-99.674772,0.0,epithelial_tumor_class1_class2,1,1249.9309286378025
-214.465504,-89.408862,0.0,epithelial_tumor_class1,1,1154.0936217945755
269.938489,-312.878110,0.0,CAF,1,1267.2080891008602
-225.441914,-250.822530,0.0,CD4_Tcell,1,311.6821296589447
-155.693554,-177.809948,0.0,CAF,1,644.168475069739
282.929759,172.698676,0.0,epithelial_tumor_class1,1,1173.4623251541088
35.155600,-308.226861,0.0,mesenchymal_tumor_class1_class2,1,324.4692019500611
-122.088558,134.996720,0.0,CD8_Tcell,1,1262.6203362594867
-258.570969,-341.312386,0.0,CD4_Tcell,1,278.79811274285765
-261.105932,172.009561,0.0,CD4_Tcell,1,732.234682739367
6.085096,-419.880682,0.0,epithelial_tumor_class1,1,732.234682739367
-354.700732,-94.769986,0.0,CAF,1,353.0723354552166
-332.226937,68.065161,0.0,epithelial_tumor_class1,1,800.6779035400876
-86.965555,366.852766,0.0,epithelial_tumor_class1,1,998.6200081812597
282.931054,-234.827849,0.0,epithelial_tumor_class1,1,1266.8692663241252
-258.731644,-220.844505,0.0,CAF,1,537.4159075820721
1.111019,401.815133,0.0,CD4_Tcell,1,964.4478091274389
361.734205,-18.283392,0.0,epithelial_tumor_class1_class2,1,1409.9230951412562
346.515124,-0.462878,0.0,apCAF,1,1104.4094327485298
399.414837,-128.926235,0.0,epithelial_tumor_class1_class2,1,2961.5049048442593
18.879080,190.762070,0.0,CAF,1,716.0899170702769
-223.126052,3.527693,0.0,CAF,1,439.83863956178715
-253.098380,157.095216,0.0,CD4_Tcell,1,692.0366685439501
-132.308010,290.960832,0.0,CAF,1,514.2304332079584
-266.669735,75.625501,0.0,epithelial_tumor_class1,1,1272.8804983929608
-360.846107,16.453273,0.0,epithelial_tumor_class1,1,670.6379074784468
-220.814205,-128.562833,0.0,apCAF,1,606.5814128733823
232.741627,26.390186,0.0,epithelial_tumor_class1,1,1107.3831163220195
33.147278,-89.755903,0.0,epithelial_tumor_class1,1,1988.7928343055225
-227.647835,-174.945796,0.0,CAF,1,627.5586364810182
-272.937900,254.622996,0.0,CAF,1,619.5639434992705
54.455227,328.652286,0.0,CAF,1,506.8013630207549
197.309769,113.757326,0.0,CAF,1,395.4931249578927
-353.169361,218.788155,0.0,epithelial_tumor_class1,1,2821.2461992033896
345.863033,-70.703525,0.0,epithelial_tumor_class1,1,1104.4094327485298
149.465186,-183.883842,0.0,CD4_Tcell,1,633.5148566484816
-38.501102,-380.895074,0.0,epithelial_tumor_class1,1,2241.548244791121
-128.958777,-161.002668,0.0,epithelial_tumor_class1,1,813.4002592479558
145.399262,-74.453236,0.0,epithelial_tumor_class1,1,1224.2955565122197
21.906430,-149.305010,0.0,CD8_Tcell,1,1262.6203362594867
-82.391704,-178.541096,0.0,epithelial_tumor_class1,1,1578.8820133707404
59.544566,-101.748065,0.0,CD4_Tcell,1,1132.6256193360857
160.724810,-241.649482,0.0,epithelial_tumor_class1,1,1389.169246583163
-86.821308,-153.482769,0.0,epithelial_tumor_class1,1,522.4388266259941
341.757153,-85.783613,0.0,CAF,1,324.80042114575997
79.229283,276.577888,0.0,epithelial_tumor_class1,1,755.9203882610345
1.743820,15.051543,0.0,epithelial_tumor_class1,1,1918.0636603126272
-204.312805,-328.716260,0.0,epithelial_tumor_class1,1,999.2724061786644
91.480952,385.081524,0.0,epithelial_tumor_class1,1,1533.9074509444106
117.631848,-192.717558,0.0,CAF,1,1267.2080891008602
-52.787637,98.709716,0.0,CAF,1,295.74427659853745
-248.263199,149.226942,0.0,CAF,1,220.52234060088867
-100.523299,-98.745583,0.0,CD4_Tcell,1,1042.4893228140934
-132.410699,159.440587,0.0,CAF,1,852.9180412265389
-335.540406,-105.643396,0.0,epithelial_tumor_class1,1,522.4388266259941
-92.023921,248.298322,0.0,CAF,1,690.5621188137355
-397.090170,-62.558014,0.0,apCAF,1,155.0659224877787
380.641589,-104.133850,0.0,epithelial_tumor_class1,1,648.9415025853557
-67.846196,-191.743226,0.0,CAF,1,387.8433934682066
262.026485,190.120009,0.0,CAF,1,312.5610785330353
-2.016655,253.262802,0.0,apCAF,1,433.47858632995553
163.264080,140.710349,0.0,epithelial_tumor_class1,1,3013.0937061530294
78.694034,-21.087237,0.0,epithelial_tumor_class1,1,3013.0937061530294
161.222049,-316.593823,0.0,CAF,1,582.2076244269156
-49.304104,-368.030629,0.0,CAF,1,712.7469285247112
20.185190,-81.903582,0.0,epithelial_tumor_class1,1,1665.6686710009176
156.147900,-64.450145,0.0,epithelial_tumor_class1,1,717.9301003502197
-145.057769,-267.033608,0.0,epithelial_tumor_class1,1,1527.612660538712
299.034424,56.702284,0.0,apCAF,1,367.2205074692909
40.802056,-200.040253,0.0,epithelial_tumor_class1,1,2057.6388789327802
-104.295074,218.457814,0.0,CAF,1,307.08091395826835
-83.049102,41.466828,0.0,CAF,1,678.3182419061415
140.335913,-325.618652,0.0,CAF,1,494.7556263118494
273.325328,310.372714,0.0,epithelial_tumor_class1,1,1084.7633583653053
-122.003382,91.192625,0.0,CD4_Tcell,1,1335.8574759940618
-278.476607,90.730320,0.0,epithelial_tumor_class1,1,1005.6663868625345
260.958217,-116.696782,0.0,CAF,1,897.4922442674981
189.537989,126.634433,0.0,CAF,1,501.45606915479317
318.070357,44.043184,0.0,epithelial_tumor_class1,1,1374.2612069278416
104.348099,-28.957659,0.0,epithelial_tumor_class1,1,1080.073047451642
221.850544,-254.370481,0.0,CD8_Tcell,1,255.76023942950823
114.622947,-392.822106,0.0,epithelial_tumor_class1,1,2668.024506978843
233.272544,69.752353,0.0,CAF,1,517.3406895220264
92.588599,201.642959,0.0,epithelial_tumor_class1,1,737.6302265772705
262.175363,223.360936,0.0,epithelial_tumor_class1,1,2555.5903938334855
7.512368,-35.335977,0.0,CD8_Tcell,1,814.8549303306634
240.227930,15.648588,0.0,epithelial_tumor_class1,1,1245.6430847855966
112.604291,127.824089,0.0,CAF,1,1267.2080891008602
-399.059268,121.449891,0.0,CAF,1,351.81761177588123
81.564996,-278.857713,0.0,epithelial_tumor_class1,1,1020.2014523016202
131.304546,-253.908450,0.0,epithelial_tumor_class1,1,1006.0547750097103
315.430692,-191.330089,0.0,apCAF,1,423.31054840560233
251.276160,-46.375195,0.0,apCAF,1,231.6301784199623
-398.324069,-97.016872,0.0,apCAF,1,1046.895744250485
176.227176,-129.715127,0.0,epithelial_tumor_class1,1,783.826153462874
-281.624004,243.331061,0.0,epithelial_tumor_class1,1,974.2763907572527
259.046761,-86.838013,0.0,CD4_Tcell,1,212.2350077037308
254.240280,74.032514,0.0,epithelial_tumor_class1,1,1766.0151355461248
-52.267891,-23.623565,0.0,apCAF,1,220.78722166716923
-396.067009,-165.762588,0.0,epithelial_tumor_class1,1,655.5245833364177
-339.852592,159.995143,0.0,epithelial_tumor_class1,1,1309.0582566943956
305.761470,94.374552,0.0,CAF,1,795.6221880708036
27.663993,-283.232452,0.0,CAF,1,1267.2080891008602
-288.453930,-314.542281,0.0,CAF,1,461.38173140315473
110.747702,325.096945,0.0,epithelial_tumor_class1_class2,1,1803.4055124881065
-33.060860,281.089347,0.0,CAF,1,506.079307148701
213.420693,-244.252693,0.0,epithelial_tumor_class1,1,1781.7471811990347
-190.879227,-377.113917,0.0,CD4_Tcell,1,239.7486257729125
-274.190212,151.691825,0.0,CAF,1,659.5836608064843
-171.174885,335.944500,0.0,CAF,1,606.5814128733823
-91.561939,86.296144,0.0,CAF,1,366.0438106904808
-191.912427,234.376575,0.0,CAF,1,589.0283837840961
-153.758313,156.137466,0.0,CAF,1,358.32839782607294
384.888404,-66.626497,0.0,epithelial_tumor_class1,1,1753.960546668981
-328.910155,45.810206,0.0,CD8_Tcell,1,618.4399545342402
58.843562,183.982241,0.0,CAF,1,503.1673480161735
331.924140,207.974427,0.0,CAF,1,884.0388165512959
37.670486,381.756390,0.0,epithelial_tumor_class1,1,1806.3088731757155
34.391831,59.248853,0.0,CAF,1,344.20911407266
416.408409,5.075065,0.0,epithelial_tumor_class1,1,1653.2641575159291
-119.278095,321.567422,0.0,epithelial_tumor_class1,1,1395.5006816989771
-78.085412,320.629454,0.0,epithelial_tumor_class1,1,1195.659576281386
306.564587,-176.186057,0.0,CD4_Tcell,1,406.75030221254343
-28.418155,164.430810,0.0,CAF,1,837.721306818123
18.080079,298.143181,0.0,CD4_Tcell,1,1335.8574759940618
-159.509790,84.062934,0.0,CAF,1,1194.89704409868
-127.692466,280.394498,0.0,epithelial_tumor_class1,1,597.2902181925136
22.614641,-61.049150,0.0,epithelial_tumor_class1_class2,1,615.6534300578895
134.753988,284.031502,0.0,epithelial_tumor_class1,1,1231.837852627255
-344.647646,229.529353,0.0,CD4_Tcell,1,473.18993647004345
33.064826,415.661223,0.0,CD8_Tcell,1,461.8005478738373
237.559847,-309.632189,0.0,epithelial_tumor_class1,1,912.9233906470407
88.850866,-111.415839,0.0,CAF,1,679.027838357732
106.720188,354.687564,0.0,epithelial_tumor_class1_class2,1,1629.0418807208305
111.349166,381.986482,0.0,CAF,1,602.915581788477
133.633684,-268.035868,0.0,epithelial_tumor_class1,1,804.6876552968243
-104.865303,294.516792,0.0,CAF,1,689.3349286046786
8.958046,370.878892,0.0,CD4_Tcell,1,188.20265640747417
-56.174898,385.631014,0.0,CD4_Tcell,1,327.1941520183535
365.637482,-174.119641,0.0,CAF,1,333.14271224119716
-235.362140,-157.094697,0.0,CD4_Tcell,1,352.81873781426265
22.298936,-49.646146,0.0,epithelial_tumor_class1_class2,1,964.8491213914194
271.649524,-79.512860,0.0,CAF,1,286.6198837090463
7.196341,-121.916677,0.0,apCAF,1,310.0842370914662
-129.517934,120.698555,0.0,epithelial_tumor_class1,1,2868.286505734845
-84.422412,-252.775123,0.0,CD4_Tcell,1,251.34327448427186
74.442706,-68.981964,0.0,epithelial_tumor_class1,1,846.2808579565474
-333.714772,12.947870,0.0,mesenchymal_tumor_class1,1,774.1434162262484
-233.704565,227.514333,0.0,CAF,1,1267.2080891008602
378.520439,61.538271,0.0,epithelial_tumor_class1,1,1515.2661787820787
-106.024743,46.525138,0.0,CD4_Tcell,1,445.87945905798546
350.733893,-41.113079,0.0,CAF,1,768.4493140739195
-227.490311,11.590112,0.0,CD4_Tcell,1,369.13334765226307
-161.288243,-192.567513,0.0,CD4_Tcell,1,807.2424611355433
-285.036098,-278.115252,0.0,CD4_Tcell,1,317.66681950834896
239.772694,-39.603941,0.0,CAF,1,346.61363714203054
282.956697,-43.158679,0.0,epithelial_tumor_class1,1,634.8356208284749
244.869218,-32.126884,0.0,CAF,1,432.4130528522237
227.668261,269.722032,0.0,apCAF,1,339.1982177137146
-176.595442,209.421953,0.0,apCAF,1,430.39748768974596
-34.298066,-253.159806,0.0,CAF,1,445.32930413071944
-86.081483,218.888820,0.0,epithelial_tumor_class1,1,1518.7458541039239
42.492222,69.617222,0.0,epithelial_tumor_class1,1,935.7754473376898
32.542843,302.975870,0.0,epithelial_tumor_class1_class2,1,1518.7458541039239
228.222759,130.020624,0.0,epithelial_tumor_class1,1,1782.9201705477974
-37.595124,270.696200,0.0,epithelial_tumor_class1_class2,1,1095.751614231813
247.491907,-66.358224,0.0,CAF,1,259.86415765581984
-261.563947,-28.053175,0.0,epithelial_tumor_class1,1,2701.6546746633594
173.035235,-344.171650,0.0,epithelial_tumor_class1,1,754.6369582435367
355.774310,-183.944325,0.0,CAF,1,229.5570849188607
-4.284168,-75.018529,0.0,epithelial_tumor_class1,1,926.5296632921933
-169.181861,270.530222,0.0,epithelial_tumor_class1,1,1088.6481891761687
-334.598344,149.205166,0.0,CAF,1,594.0890498265746
-184.899527,284.279914,0.0,epithelial_tumor_class1_class2,1,1575.7039148305396
356.248640,203.135306,0.0,epithelial_tumor_class1,1,1183.3085670913956
209.690380,-3.542350,0.0,epithelial_tumor_class1,1,749.2384789877816
-157.797163,168.561918,0.0,CAF,1,630.7009805451547
-273.232639,-174.933332,0.0,epithelial_tumor_class1,1,1682.9200461845542
-82.969679,334.607423,0.0,CAF,1,1267.2080891008602
-94.424753,14.249131,0.0,CAF,1,398.8638982895869
47.437656,-12.694478,0.0,epithelial_tumor_class1,1,1317.1768439406446
163.367619,229.901312,0.0,CD4_Tcell,1,408.41182565629043
-211.752008,-336.456088,0.0,CD4_Tcell,1,390.1885386657715
-34.028921,324.431239,0.0,epithelial_tumor_class1,1,681.8711729427181
39.765736,-427.593022,0.0,CAF,1,397.22838999918395
3.516820,192.458240,0.0,epithelial_tumor_class1_class2,1,1537.2545548384637
-54.728101,236.369887,0.0,CAF,1,1267.2080891008602
231.455647,312.815148,0.0,CD8_Tcell,1,761.5323411393222
294.759788,208.745842,0.0,epithelial_tumor_class1,1,1249.9309286378025
218.618505,-129.296022,0.0,CD8_Tcell,1,440.1183906359713
-327.122905,121.310096,0.0,CD4_Tcell,1,471.6645593870678
286.166528,150.947619,0.0,CAF,1,1267.2080891008602
-91.975269,-167.344299,0.0,epithelial_tumor_class1,1,1605.3888525338075
333.783964,-4.540048,0.0,epithelial_tumor_class1,1,960.1583779384465
63.387928,-361.632678,0.0,mesenchymal_tumor_class1,1,397.3329283705059
40.742930,-123.185298,0.0,CAF,1,773.8580452885802
0.193702,42.217711,0.0,CAF,1,693.7406786184026
13.070343,-21.641029,0.0,epithelial_tumor_class1_class2,1,2282.589530568421
301.783138,-268.502600,0.0,epithelial_tumor_class1,1,568.2266830868161
139.625601,228.873298,0.0,epithelial_tumor_class1,1,1026.8073531074176
165.376292,89.731693,0.0,CD4_Tcell,1,267.1386919657439
68.883210,2.240458,0.0,CD4_Tcell,1,957.5955325665402
296.203694,70.953861,0.0,CAF,1,605.0406512338881
384.286187,-135.330026,0.0,epithelial_tumor_class1,1,1780.9654741894353
142.040601,216.679725,0.0,CAF,1,228.48000545245083
-168.030308,-354.597480,0.0,CAF,1,141.37140233644337
-162.143744,-19.886830,0.0,epithelial_tumor_class1,1,1955.1423442710784
-160.614255,-131.100553,0.0,epithelial_tumor_class1,1,3013.0937061530294
100.588912,-103.031197,0.0,CD4_Tcell,1,693.9870443642907
302.715680,231.451563,0.0,CAF,1,339.1982177137146
14.959367,-335.166259,0.0,CD8_Tcell,1,586.1108115038045
111.626218,30.827113,0.0,CAF,1,1267.2080891008602
-38.274177,-280.109249,0.0,epithelial_tumor_class1_class2,1,822.4302038035438
307.869858,15.173392,0.0,CD4_Tcell,1,184.1426283290668
-81.639717,-78.758529,0.0,epithelial_tumor_class1,1,2429.2353380377467
51.219382,408.211299,0.0,epithelial_tumor_class1,1,1095.828715285895
149.032249,-235.596797,0.0,epithelial_tumor_class1,1,1019.8584286162221
208.517522,-128.832009,0.0,CAF,1,656.9671154916241
129.656902,-196.583939,0.0,apCAF,1,224.45533860394778
361.279775,89.579527,0.0,CD4_Tcell,1,962.6786422399789
59.034042,15.863623,0.0,CD4_Tcell,1,811.1689214686052
-105.634922,-56.658754,0.0,CD8_Tcell,1,316.91317523148643
301.816283,-144.071951,0.0,CD4_Tcell,1,583.9289660749462
224.845147,-59.951220,0.0,epithelial_tumor_class1,1,2226.094855221884
-334.401602,79.139308,0.0,CAF,1,706.4565504472788
62.968614,-28.344556,0.0,epithelial_tumor_class1,1,2446.7553741840525
272.355297,232.278075,0.0,CAF,1,539.8970974840719
-276.224997,-104.346118,0.0,CAF,1,884.5734635380555
58.392366,53.194401,0.0,epithelial_tumor_class1,1,555.876036769692
357.862504,60.051088,0.0,epithelial_tumor_class1,1,1931.2329830563078
-170.128887,299.355078,0.0,epithelial_tumor_class1,1,835.5529364966644
-40.780087,409.519046,0.0,epithelial_tumor_class1,1,1035.618242306992
381.035345,42.122849,0.0,CAF,1,193.18524925164334
207.144629,-16.742884,0.0,epithelial_tumor_class1,1,522.4388266259941
-61.161529,159.350543,0.0,apCAF,1,124.3219022584304
-23.427481,-270.625483,0.0,CD4_Tcell,1,740.3774867347737
-109.588145,-225.025826,0.0,CD4_Tcell,1,263.24625251601657
330.455934,132.664849,0.0,CAF,1,363.1684558601683
52.403050,-243.983120,0.0,CD8_Tcell,1,422.57484599084046
179.916143,292.755521,0.0,CAF,1,1267.2080891008602
177.412441,-39.925929,0.0,CAF,1,464.14480656882836
39.852624,83.690944,0.0,apCAF,1,1185.27401858627
245.237910,62.718436,0.0,epithelial_tumor_class1,1,1412.3263034903944
23.050919,-125.492734,0.0,epithelial_tumor_class1,1,542.6754309695801
87.750361,78.433590,0.0,CAF,1,967.8743420006259
-328.434732,55.430251,0.0,apCAF,1,343.93603904146335
41.327097,38.203507,0.0,epithelial_tumor_class1,1,2579.028822536904
206.144391,-302.699497,0.0,epithelial_tumor_class1,1,979.7999093340133
273.899102,-225.832292,0.0,epithelial_tumor_class1,1,920.590437713266
-151.608569,-106.753456,0.0,CAF,1,608.958255799728
-110.452192,-178.381348,0.0,epithelial_tumor_class1,1,1896.5320846140194
306.403235,-185.494209,0.0,CAF,1,438.511440751814
90.467887,-159.181704,0.0,CAF,1,381.11852779128355
-292.819461,29.623869,0.0,CAF,1,437.6745870832283
-50.578570,110.494818,0.0,epithelial_tumor_class1,1,2031.8906141791279
-126.773106,229.016994,0.0,epithelial_tumor_class1,1,2317.38960320161
-25.927701,-95.471439,0.0,epithelial_tumor_class1,1,1270.836820372617
-196.572090,-313.380464,0.0,apCAF,1,139.0936486679521
-37.340012,-43.947769,0.0,CAF,1,1049.1410516993626
-87.933834,116.493165,0.0,epithelial_tumor_class1_class2,1,1470.6692965177465
246.177986,-337.054155,0.0,CAF,1,774.9999499600406
147.140160,-382.048680,0.0,CAF,1,635.1214326141577
-76.615319,377.229016,0.0,epithelial_tumor_class1,1,2531.800289005199
74.901380,130.259365,0.0,CAF,1,433.5893913786462
-25.484959,74.679427,0.0,epithelial_tumor_class1,1,1169.941833033296
215.283985,218.471652,0.0,epithelial_tumor_class1,1,2643.448108279382
321.070908,223.987917,0.0,CD8_Tcell,1,487.2462330674057
95.408207,-301.432416,0.0,CAF,1,242.06093640372396
-346.083228,205.285370,0.0,epithelial_tumor_class1,1,1073.9502373939902
293.226893,27.807987,0.0,CD4_Tcell,1,1050.489775905673
140.575949,-345.879421,0.0,CAF,1,1091.0296595951204
71.717945,221.105678,0.0,CAF,1,363.0453882373201
-113.621861,-274.708084,0.0,epithelial_tumor_class1,1,2448.775562318443
-132.814352,105.903170,0.0,CAF,1,578.0700783137686
239.910243,-52.616620,0.0,epithelial_tumor_class1,1,2716.315075819714
280.433517,243.410466,0.0,CAF,1,726.3573991273844
145.615202,291.741930,0.0,epithelial_tumor_class1,1,952.2260696673569
-116.010185,365.603979,0.0,epithelial_tumor_class1,1,1806.9903592969729
111.596050,253.813600,0.0,CD4_Tcell,1,332.70134572924024
181.623853,-154.771983,0.0,CD4_Tcell,1,422.95621481763396
-121.641421,-119.920046,0.0,CAF,1,261.6999259475361
-426.062181,6.990869,0.0,epithelial_tumor_class1,1,988.5321223202004
114.719542,0.058505,0.0,CD4_Tcell,1,1055.119167823617
-132.609215,-47.075370,0.0,apCAF,1,1185.27401858627
144.921244,-138.418612,0.0,CD4_Tcell,1,510.2829688796374
-13.255536,-61.590646,0.0,CAF,1,580.018665250937
17.117840,-252.441566,0.0,CAF,1,685.0981904228839
-337.872924,186.444778,0.0,apCAF,1,868.6936494383863
-245.735874,-186.280024,0.0,apCAF,1,307.08091395826835
-72.171398,-13.515956,0.0,epithelial_tumor_class1,1,600.4856548329316
-216.214374,97.144730,0.0,epithelial_tumor_class1,1,1264.6058045849659
272.249532,125.342362,0.0,CAF,1,460.9775972283012
405.387450,-57.507872,0.0,CD4_Tcell,1,977.7499697925386
-380.398283,-144.557353,0.0,epithelial_tumor_class1,1,959.828949510965
216.417633,275.427214,0.0,CAF,1,415.2781094187043
68.546484,-41.270694,0.0,CAF,1,151.52688127711787
69.003089,-193.009482,0.0,CD8_Tcell,1,216.31300953101933
-105.669744,-302.542599,0.0,CD4_Tcell,1,391.4810947776765
124.700589,7.378668,0.0,apCAF,1,238.39808114934416
213.255201,42.476523,0.0,CAF,1,469.09062614930383
-135.683748,283.120552,0.0,apCAF,1,139.72424661265518
-296.110800,-249.612642,0.0,epithelial_tumor_class1,1,1537.769925664502
190.933165,-143.477936,0.0,CAF,1,486.00459425168685
13.381023,351.246523,0.0,epithelial_tumor_class1,1,1038.2192389031973
-80.936164,187.399146,0.0,CAF,1,974.1100562952698
318.661177,-181.990689,0.0,epithelial_tumor_class1_class2,1,597.2902181925136
-15.646756,-81.022069,0.0,CAF,1,1122.5144318116677
-362.706802,128.791848,0.0,CAF,1,519.4784367749215
208.082208,351.507416,0.0,epithelial_tumor_class1,1,1919.333076916613
-302.794917,257.096397,0.0,apCAF,1,715.838347375643
-149.865350,345.038720,0.0,epithelial_tumor_class1,1,1596.6526619707465
-202.030997,235.636063,0.0,epithelial_tumor_class1,1,522.4388266259941
26.666502,-115.034089,0.0,CD4_Tcell,1,220.80488794259892
-376.898226,151.535653,0.0,CAF,1,577.3656330562108
234.946399,-188.138850,0.0,apCAF,1,317.9933939010928
39.187423,122.183497,0.0,apCAF,1,186.99821378578326
-116.778611,147.826539,0.0,epithelial_tumor_class1,1,1550.5296944989066
35.263816,-113.428402,0.0,epithelial_tumor_class1,1,522.4388266259941
170.599096,237.226599,0.0,epithelial_tumor_class1,1,771.9031050097075
72.518737,-95.794643,0.0,CAF,1,402.95250862323013
154.498281,156.517293,0.0,epithelial_tumor_class1,1,522.4388266259941
121.816026,331.644485,0.0,epithelial_tumor_class1,1,522.4388266259941
-303.840172,-122.533464,0.0,epithelial_tumor_class1,1,3013.0937061530294
-348.847236,181.170267,0.0,CD4_Tcell,1,1026.0200311083622
315.529627,-98.732201,0.0,apCAF,1,734.9488456071366
299.251879,124.668822,0.0,epithelial_tumor_class1_class2,1,755.9203882610345
-309.875322,195.911359,0.0,epithelial_tumor_class1,1,959.3819886086889
-113.737999,-76.390598,0.0,CAF,1,1267.2080891008602
134.122883,91.355016,0.0,epithelial_tumor_class1_class2,1,800.6779035400876
263.798253,208.939973,0.0,CAF,1,918.6468172129844
126.882998,206.148247,0.0,epithelial_tumor_class1,1,3013.0937061530294
128.376758,-106.180139,0.0,epithelial_tumor_class1,1,1219.0453457465958
-96.460229,237.453978,0.0,apCAF,1,191.78265519462047
-172.254276,112.966033,0.0,epithelial_tumor_class1,1,1374.2612069278416
-306.453902,-261.639218,0.0,CAF,1,617.1770927966693
-143.064495,208.003428,0.0,epithelial_tumor_class1,1,1624.02553751565
-314.887626,235.597004,0.0,CAF,1,439.05596726619444
-101.290266,24.753712,0.0,epithelial_tumor_class1,1,522.4388266259941
29.571310,-138.291679,0.0,CAF,1,1267.2080891008602
149.452772,-104.375614,0.0,CD4_Tcell,1,769.4234560890152
55.079489,-260.335540,0.0,CAF,1,475.5725502114152
48.324571,-90.726374,0.0,CAF,1,1267.2080891008602
-277.083662,163.229905,0.0,CAF,1,1147.7734244440162
-341.054954,41.181921,0.0,CAF,1,502.83089717457807
366.161707,46.678427,0.0,epithelial_tumor_class1,1,905.706399282322
99.357059,179.660438,0.0,epithelial_tumor_class1,1,1078.826280986302
-414.198483,53.377098,0.0,CAF,1,181.07624232894398
-365.654331,-221.725378,0.0,CD4_Tcell,1,469.98166487283686
-328.060951,-76.568944,0.0,epithelial_tumor_class1,1,1169.9686803136228
108.168119,219.262732,0.0,CAF,1,547.289389757196
178.045781,269.719783,0.0,apCAF,1,282.98789676650335
-143.386179,-384.222883,0.0,CD8_Tcell,1,488.91004069164563
-23.081824,50.323513,0.0,CAF,1,700.0126449778837
-401.644718,144.107275,0.0,CAF,1,387.54769948019936
42.557014,-247.449177,0.0,CAF,1,778.4528643952759
259.046554,-313.370257,0.0,CAF,1,308.0835334169706
138.221068,-9.524209,0.0,CAF,1,516.7176377750499
82.923408,290.366725,0.0,CAF,1,309.69668720424835
149.468748,132.143519,0.0,epithelial_tumor_class1,1,1615.3882453997849
-96.204830,-180.869231,0.0,epithelial_tumor_class1,1,1307.9011889976857
-81.223593,-123.095173,0.0,CD8_Tcell,1,437.1172765554484
-162.601889,-310.003616,0.0,apCAF,1,127.73971556408648
-23.529620,-328.252270,0.0,epithelial_tumor_class1,1,1284.1027687823357
60.083990,230.787513,0.0,apCAF,1,203.82278662211763
70.117600,148.982125,0.0,epithelial_tumor_class1,1,1160.6773078625765
317.541624,233.394771,0.0,CAF,1,376.40976799061997
255.402776,40.072610,0.0,CAF,1,195.66028870274585
-278.917805,222.010675,0.0,CD4_Tcell,1,296.7435933336791
13.575887,122.436737,0.0,CAF,1,555.4347831865647
88.416244,-372.036301,0.0,CAF,1,875.6243897229984
-210.058388,69.223001,0.0,CD4_Tcell,1,486.6027107435407
386.864820,-161.778920,0.0,CAF,1,597.5474934380278
59.594888,119.218292,0.0,CD8_Tcell,1,480.154142661876
16.471971,401.679216,0.0,CAF,1,272.28644579967266
-133.927718,10.939318,0.0,CD4_Tcell,1,343.28361924332603
308.242903,-255.342378,0.0,CAF,1,652.6276640881008
-247.706199,-29.020722,0.0,CAF,1,195.63584169248236
250.461344,-323.594336,0.0,epithelial_tumor_class1,1,522.4388266259941
-153.403391,18.119558,0.0,epithelial_tumor_class1,1,930.3266283631579
-274.118083,318.262399,0.0,CAF,1,302.8958454892027
-280.708264,-2.100348,0.0,CAF,1,1267.2080891008602
101.405178,131.243399,0.0,epithelial_tumor_class1,1,522.4388266259941
408.518211,-43.194438,0.0,CD4_Tcell,1,815.8256739366261
-29.186531,-63.797213,0.0,CAF,1,239.13326443008913
195.536357,226.974195,0.0,CAF,1,880.679936810571
-200.068794,-354.836561,0.0,epithelial_tumor_class1,1,522.4388266259941
-236.621330,-323.583729,0.0,epithelial_tumor_class1,1,897.4922442674981
-22.949631,-56.408202,0.0,CD4_Tcell,1,825.2563976263734
15.868883,-69.641062,0.0,CAF,1,754.0158194182347
-170.364024,-290.406478,0.0,CAF,1,306.8278494876401
-369.160667,142.016621,0.0,epithelial_tumor_class1_class2,1,1203.6857594904554
-74.940016,351.143173,0.0,epithelial_tumor_class1,1,1165.0089205263184
-140.939068,391.569889,0.0,CAF,1,1240.555296444297
128.078634,-13.347019,0.0,CAF,1,843.2341720103449
-157.987006,-240.876056,0.0,CAF,1,479.59095261864303
-320.589516,61.301548,0.0,apCAF,1,679.027838357732
-319.954612,-21.548706,0.0,CD4_Tcell,1,208.94844949142336
-134.919674,-386.738151,0.0,CAF,1,257.1853018010943
-15.742277,355.527673,0.0,CAF,1,755.3386538878149
-89.894208,75.478849,0.0,CAF,1,1154.226647277992
160.286626,-289.601100,0.0,CAF,1,297.57268608481195
99.472475,-187.381377,0.0,CAF,1,917.8472987050234
71.791540,197.592526,0.0,CAF,1,818.784854267769
-134.218879,272.014452,0.0,CAF,1,658.5581736964768
-348.839438,109.158583,0.0,CD4_Tcell,1,378.29111889816954
94.620652,-87.695130,0.0,epithelial_tumor_class1,1,590.660998315622
202.199039,-370.622657,0.0,CAF,1,402.42508394070006
281.193512,32.729921,0.0,epithelial_tumor_class1,1,1256.9020416376545
196.690397,198.695859,0.0,CAF,1,480.6139135939534
205.325259,-262.580287,0.0,epithelial_tumor_class1,1,632.4809446344243
277.213618,-51.500493,0.0,CAF,1,412.0964813604704
-176.408654,-272.089201,0.0,CAF,1,290.6221696866001
-237.918789,125.009671,0.0,epithelial_tumor_class1,1,3013.0937061530294
-130.166268,-378.535780,0.0,CAF,1,710.2994607256828
-212.209768,121.970176,0.0,CAF,1,499.2311265184831
-16.261387,154.382848,0.0,CAF,1,310.33908869221415
264.135920,-279.329726,0.0,CAF,1,434.3655554753615
-174.778338,-348.936424,0.0,CAF,1,465.9590607758511
-256.446925,-127.123106,0.0,CAF,1,563.6935970143417
-94.368583,324.458552,0.0,apCAF,1,387.14939326025694
-281.367205,-72.503279,0.0,CAF,1,418.47607150773825
225.929744,-290.348576,0.0,CAF,1,320.6933447695795
44.980222,139.186573,0.0,CAF,1,422.9834642247866
-7.117789,-336.370606,0.0,apCAF,1,568.6414914804138
179.067577,321.112218,0.0,CAF,1,515.5974056121
41.742119,418.579663,0.0,CAF,1,347.15081894732253
366.638016,-91.556658,0.0,epithelial_tumor_class1,1,545.6731561157136
-157.323676,44.773343,0.0,CAF,1,1088.417908382932
49.060836,100.578149,0.0,epithelial_tumor_class1,1,1493.172578943789
238.559494,122.413053,0.0,CD4_Tcell,1,627.8599894169541
-133.187522,-72.030365,0.0,CAF,1,436.96409914419536
-133.879475,-287.732687,0.0,CAF,1,715.838347375643
312.720157,-47.362401,0.0,CAF,1,564.6841742307149
36.264063,25.715752,0.0,CAF,1,513.5013365003878
260.844709,-104.192897,0.0,epithelial_tumor_class1,1,1161.1847797739322
69.938552,230.588213,0.0,apCAF,1,596.6559216799617
-38.051569,235.836854,0.0,epithelial_tumor_class1,1,3013.0937061530294
-139.460152,-79.001806,0.0,CAF,1,426.71400201688294
-56.981194,-34.378559,0.0,CAF,1,483.81072664646496
352.132643,-10.709514,0.0,CAF,1,614.13227709112
-27.162580,-24.393937,0.0,epithelial_tumor_class1,1,2090.9096940824456
-100.300838,-273.386706,0.0,CAF,1,531.3810422762991
-120.825974,-194.891924,0.0,epithelial_tumor_class1_class2,1,465.02366959589466
16.336286,-425.255685,0.0,CAF,1,387.14939326025694
84.584906,-314.527169,0.0,CAF,1,702.5701962192684
193.264959,146.413723,0.0,apCAF,1,316.68843803088924
106.480090,172.168587,0.0,CAF,1,263.1072314877605
165.232216,-126.009419,0.0,epithelial_tumor_class1,1,852.7005932260496
39.201155,337.924724,0.0,epithelial_tumor_class1,1,830.4153899602184
-47.982012,141.651375,0.0,CAF,1,882.8366485948567
-163.286942,241.593606,0.0,epithelial_tumor_class1,1,522.4388266259941
-6.717720,106.724716,0.0,CAF,1,300.8827851549854
270.512143,250.140998,0.0,CAF,1,1104.4094327485298
-186.776517,206.909713,0.0,epithelial_tumor_class1,1,818.3405218013346
-8.649171,381.933468,0.0,CAF,1,542.546743412381
-132.165781,-227.203090,0.0,apCAF,1,898.7301954758738
-242.199465,-54.030856,0.0,epithelial_tumor_class1,1,1095.314776569179
-117.002978,280.403520,0.0,CAF,1,683.6898117610172
-94.459362,-53.080162,0.0,epithelial_tumor_class1_class2,1,1770.682516097636
-147.618625,367.798320,0.0,epithelial_tumor_class1,1,922.9034779337691
-128.827317,187.680182,0.0,CAF,1,378.97449530974416
-348.989647,29.383847,0.0,epithelial_tumor_class1,1,590.371669966679
154.822362,351.208138,0.0,CAF,1,1267.2080891008602
154.230093,251.749240,0.0,CAF,1,837.5709028767967
5.881265,258.080902,0.0,CAF,1,396.2753242732045
-241.645118,-286.951093,0.0,epithelial_tumor_class1,1,909.4916931755695
-22.166617,193.138538,0.0,CD8_Tcell,1,130.91806865036642
34.146590,-103.005772,0.0,CAF,1,691.6016474196364
373.071374,-127.964220,0.0,CAF,1,859.349400120344
160.397713,-326.836434,0.0,CAF,1,228.69695974581552
-60.664414,-204.070409,0.0,epithelial_tumor_class1,1,1219.2109119207535
233.776692,189.185340,0.0,apCAF,1,295.74427659853745
-347.679477,-206.542335,0.0,epithelial_tumor_class1,1,1754.804687503956
124.957435,251.472180,0.0,epithelial_tumor_class1_class2,1,2594.2924540161034
51.018321,-336.154676,0.0,CD4_Tcell,1,802.9108574346375
281.461169,279.168264,0.0,apCAF,1,124.3219022584304
219.449454,-72.056954,0.0,CD4_Tcell,1,573.367895867435
-201.217513,129.574310,0.0,epithelial_tumor_class1,1,522.4388266259941
283.314112,86.532901,0.0,epithelial_tumor_class1,1,571.7506625706251
-141.179333,-157.945081,0.0,CAF,1,1267.2080891008602
-289.406945,274.542251,0.0,CAF,1,583.034120627088
-51.598674,226.298272,0.0,CAF,1,235.95219993301748
-111.325200,-5.836526,0.0,apCAF,1,573.6349486494827
242.424131,110.790475,0.0,CAF,1,1267.2080891008602
-101.715400,169.511307,0.0,epithelial_tumor_class1,1,1075.6754855007493
208.856857,-148.914029,0.0,apCAF,1,124.3219022584304
264.729393,-23.666911,0.0,epithelial_tumor_class1,1,556.2521037289058
-417.189977,32.888767,0.0,CAF,1,252.08552422161245
393.133490,-37.932469,0.0,epithelial_tumor_class1,1,1399.8533373146058
46.439001,115.962043,0.0,epithelial_tumor_class1,1,901.6382188226605
-115.999444,110.574548,0.0,epithelial_tumor_class1,1,1269.050397531238
-304.158974,158.094864,0.0,CAF,1,444.2303522820103
119.341436,355.492030,0.0,CAF,1,640.5322326205606
3.317492,-85.243883,0.0,CD4_Tcell,1,650.4651226795929
121.985098,-58.731392,0.0,CAF,1,453.2011419924586
-304.879831,-49.140637,0.0,CAF,1,635.3358477402045
-347.454713,79.140253,0.0,CAF,1,857.0129469577821
265.308969,-252.933137,0.0,CAF,1,382.41646405850156
-297.533534,229.429326,0.0,CAF,1,706.84021619765
-378.053979,198.528977,0.0,CAF,1,454.3577038958861
-69.923763,-347.092699,0.0,CD4_Tcell,1,192.46697920437936
-72.088746,-39.760853,0.0,epithelial_tumor_class1,1,1461.2770284602855
-143.935659,-171.034056,0.0,apCAF,1,153.27227948960189
174.071006,-371.202867,0.0,CAF,1,395.72767657279246
-178.139755,-328.215630,0.0,CAF,1,423.31054840560233
270.484940,-150.928681,0.0,CD4_Tcell,1,153.13381798499162
-29.519329,-303.452049,0.0,epithelial_tumor_class1,1,522.4388266259941
-101.247712,124.332260,0.0,CAF,1,199.53203965729546
-279.279036,-251.597631,0.0,CAF,1,110.83370365748279
166.264359,210.044118,0.0,epithelial_tumor_class1,1,541.8714674989466
-305.358870,-59.976425,0.0,CAF,1,561.7159193067869
-36.620024,177.295854,0.0,epithelial_tumor_class1_class2,1,1886.325292406912
17.940491,262.754061,0.0,epithelial_tumor_class1,1,2156.1415410408445
-103.304787,387.136843,0.0,epithelial_tumor_class1,1,572.6839514587807
265.246667,-164.724868,0.0,apCAF,1,263.1072314877605
-19.033958,-300.836559,0.0,CD8_Tcell,1,821.5814845869165
-14.573659,68.312589,0.0,CAF,1,626.1771944610142
-18.470052,-155.210030,0.0,CD8_Tcell,1,818.7425299621625
-159.690364,363.233886,0.0,CD4_Tcell,1,198.00026751122243
274.186435,41.120095,0.0,CAF,1,318.5005902632545
35.694638,426.709015,0.0,CAF,1,189.1332747587919
-151.701888,-200.969681,0.0,CD4_Tcell,1,1044.7283276989228
-181.755528,149.072569,0.0,epithelial_tumor_class1,1,847.8827602147855
-91.890514,-122.269752,0.0,CD8_Tcell,1,266.4472548696512
-19.150527,38.301426,0.0,epithelial_tumor_class1,1,1524.8881393843224
181.061083,-323.639449,0.0,CD4_Tcell,1,155.3871819158934
211.365807,-372.104595,0.0,CD4_Tcell,1,320.18382255039256
-248.182202,54.463812,0.0,CAF,1,368.6234377744621
-153.783883,-221.094963,0.0,epithelial_tumor_class1,1,1207.054281119697
-22.327507,288.038244,0.0,epithelial_tumor_class1,1,2020.546289972943
344.075924,-26.607838,0.0,epithelial_tumor_class1,1,522.4388266259941
309.876187,-294.125750,0.0,apCAF,1,140.76856796984586
-363.952900,-143.893237,0.0,CD4_Tcell,1,480.7622893830559
309.252335,224.095897,0.0,CAF,1,471.13730901242144
319.599316,98.984310,0.0,epithelial_tumor_class1_class2,1,2823.660781328132
-114.500574,35.727441,0.0,CAF,1,519.3221979607337
166.635258,-301.513978,0.0,CAF,1,246.64446793531584
242.582463,279.277143,0.0,epithelial_tumor_class1,1,1065.6291308880193
69.584523,364.802475,0.0,CAF,1,808.8577007564452
0.373062,226.477307,0.0,CAF,1,606.4428105745776
120.314975,-50.521648,0.0,CAF,1,197.49962458516782
300.000289,15.276050,0.0,CAF,1,240.45853033430646
186.161664,204.853617,0.0,apCAF,1,189.1332747587919
-139.994777,72.909727,0.0,CAF,1,660.9037077684104
-203.459965,224.811708,0.0,epithelial_tumor_class1,1,741.0703162721151
153.589158,-204.040527,0.0,CAF,1,530.8894339658749
-140.012571,-9.142450,0.0,CAF,1,1044.5042830868297
-117.159922,19.697233,0.0,CAF,1,368.7975005106264
80.188318,100.136012,0.0,CAF,1,754.3764391578356
298.608718,81.074405,0.0,epithelial_tumor_class1,1,573.9521815138711
-149.782085,-41.443977,0.0,CAF,1,709.5874743591603
-313.270676,-162.261041,0.0,epithelial_tumor_class1_class2,1,465.02366959589466
-177.513515,160.024325,0.0,CAF,1,848.4894121385876
-206.163929,290.275441,0.0,CAF,1,600.1931267227206
-387.846722,-158.251442,0.0,epithelial_tumor_class1,1,794.7090316620407
357.355039,132.130663,0.0,CAF,1,561.9793419740747
-60.373991,-234.814289,0.0,CAF,1,249.6809396975718
-333.861503,209.446418,0.0,epithelial_tumor_class1,1,1181.2268485518048
-226.479264,-242.350504,0.0,CAF,1,339.85722807161545
-342.442845,64.227118,0.0,CAF,1,185.0127155098011
-292.869074,130.095858,0.0,CAF,1,320.36492412726716
-234.045263,331.232252,0.0,CAF,1,188.56817550302776
230.464093,-260.961575,0.0,epithelial_tumor_class1,1,1046.023435021498
31.462647,292.167312,0.0,CAF,1,217.64011522982702
-334.420191,-43.029743,0.0,CAF,1,220.78722166716923
338.587462,196.915551,0.0,epithelial_tumor_class1,1,1410.6224818543546
75.142294,167.481589,0.0,CAF,1,1211.335584668645
280.791753,-166.499338,0.0,apCAF,1,297.57268608481195
-212.283680,234.056322,0.0,epithelial_tumor_class1,1,651.3186639544527
-180.711683,-280.791008,0.0,CAF,1,734.9488456071366
-306.625902,184.628877,0.0,epithelial_tumor_class1,1,744.5806748430653
192.910182,322.799429,0.0,epithelial_tumor_class1,1,3013.0937061530294
-130.205048,310.514507,0.0,apCAF,1,246.8632564844708
95.168656,333.315278,0.0,CAF,1,435.9623669546653
185.177013,-28.506349,0.0,epithelial_tumor_class1_class2,1,2961.5049048442593
29.400693,-74.096950,0.0,CAF,1,327.7455639976931
-167.639397,257.526485,0.0,CAF,1,1267.2080891008602
-295.808836,-112.043664,0.0,CAF,1,310.0842370914662
-92.109896,201.132083,0.0,epithelial_tumor_class1,1,3013.0937061530294
-213.094861,-42.871888,0.0,epithelial_tumor_class1_class2,1,584.8923683913334
317.085304,56.948162,0.0,epithelial_tumor_class1,1,925.5188870416197
-85.842833,-60.286329,0.0,CAF,1,216.9671551195647
-394.004826,60.865342,0.0,CAF,1,402.02981759817953
-198.380198,211.464522,0.0,mesenchymal_tumor_class1_class2,1,1239.1320867187278
104.650711,388.274123,0.0,CD4_Tcell,1,257.4200640332696
38.325598,107.537309,0.0,CAF,1,776.9805490490747
256.646866,-283.558212,0.0,CAF,1,248.86687787242465
-80.185677,209.003790,0.0,CAF,1,351.69712216708683
360.580650,-110.275176,0.0,CAF,1,638.8806677298686
-119.750499,337.496700,0.0,CAF,1,482.0990459239109
52.403062,76.682986,0.0,CAF,1,360.77364940234315
-361.395639,-212.729338,0.0,CAF,1,565.444402178781
49.902852,88.805957,0.0,CAF,1,438.14867331397636
-386.481266,-182.131186,0.0,CAF,1,766.6857780133039
-194.737135,223.149724,0.0,CD4_Tcell,1,145.89399472290307
-10.350056,339.578174,0.0,CAF,1,568.6414914804138
136.837269,-384.365778,0.0,CAF,1,597.4960324798152
-29.998128,313.286623,0.0,epithelial_tumor_class1,1,1093.3632749532915
272.981871,277.826297,0.0,CAF,1,692.547578237065
397.557369,-143.171057,0.0,CD4_Tcell,1,582.0559039607356
-239.472262,-177.738343,0.0,CAF,1,1101.5700256765433
120.869486,192.876848,0.0,CAF,1,739.6455366192134
-87.281879,-105.878244,0.0,CAF,1,315.4878985606003
-7.238826,364.058631,0.0,epithelial_tumor_class1_class2,1,1095.751614231813
-339.644453,112.924325,0.0,CAF,1,364.166328782312
-227.910419,-74.963409,0.0,CAF,1,318.02719022785305
-120.388078,-94.998527,0.0,apCAF,1,1104.4094327485298
285.953381,68.546773,0.0,CD4_Tcell,1,617.3173257901603
297.500380,-285.145457,0.0,CAF,1,723.8983482794569
77.327452,-226.003999,0.0,CAF,1,587.805899131102
-24.249057,303.174279,0.0,apCAF,1,603.15720825922
126.578950,277.285097,0.0,CAF,1,257.99779504984144
-192.002592,-167.325760,0.0,CAF,1,251.352904740771
253.455791,11.797031,0.0,CD4_Tcell,1,179.09454581935265
-115.746528,291.586879,0.0,CAF,1,812.5156554771218
-181.168362,312.598054,0.0,epithelial_tumor_class1,1,1293.8111083647173
-197.756968,363.261998,0.0,CD4_Tcell,1,514.8514843887333
-33.791097,-331.592554,0.0,CD4_Tcell,1,277.9527915586475
-244.338091,171.723324,0.0,CAF,1,618.2995515710363
120.121245,297.864035,0.0,epithelial_tumor_class1,1,584.8923683913334
-135.385269,371.597914,0.0,CAF,1,343.65124520632736
-408.174468,-38.829621,0.0,CAF,1,206.0838214100516
-321.906712,148.126511,0.0,epithelial_tumor_class1_class2,1,1782.9201705477974
-238.307339,-23.736739,0.0,apCAF,1,692.547578237065
41.999857,-138.164759,0.0,epithelial_tumor_class1,1,782.3060095152463
-191.017403,376.132062,0.0,CAF,1,337.5544201551895
82.576686,198.156988,0.0,epithelial_tumor_class1,1,522.4388266259941
-131.824101,-215.940776,0.0,CAF,1,577.1141842275172
287.839888,106.257649,0.0,CAF,1,264.0814071923954
-5.521472,201.096238,0.0,CAF,1,616.8441245560068
-184.763893,-258.071341,0.0,CAF,1,260.09069460253346
-250.154789,-303.601259,0.0,CAF,1,138.2514967253263
139.050297,-224.635957,0.0,CAF,1,567.2651046126937
18.873982,284.595086,0.0,CD4_Tcell,1,408.78462613484726
-78.713248,-261.411717,0.0,CAF,1,596.6559216799617
292.202765,42.749907,0.0,epithelial_tumor_class1,1,1357.0877303271623
-312.149991,119.171054,0.0,CAF,1,745.5146629124215
130.792703,-370.913035,0.0,CAF,1,233.68819345474904
320.968623,-242.019889,0.0,apCAF,1,200.69847147286
294.645323,111.277503,0.0,CAF,1,375.7420696679951
-5.804173,409.574474,0.0,CAF,1,323.92147200527586
-143.757285,62.847477,0.0,CAF,1,375.930960710945
88.457030,282.579025,0.0,CAF,1,643.717700800286
264.437016,65.228530,0.0,apCAF,1,884.0388165512959
-125.763474,175.783249,0.0,CAF,1,814.0957553165184
-33.262367,377.922033,0.0,apCAF,1,565.444402178781
-295.686734,57.100173,0.0,CAF,1,328.24006300507017
-104.187193,158.430957,0.0,epithelial_tumor_class1,1,522.4388266259941
-110.602856,-90.106357,0.0,CD8_Tcell,1,165.06512050720832
-105.718478,197.494956,0.0,epithelial_tumor_class1,1,550.3527812280896
413.532414,31.007805,0.0,CAF,1,237.43254456521214
216.510849,-84.477268,0.0,epithelial_tumor_class1,1,1155.9302763776477
-163.971881,-269.949003,0.0,CAF,1,540.1215802516762
29.642756,371.509819,0.0,CAF,1,162.29407596470688
-254.261749,29.788141,0.0,CAF,1,1267.2080891008602
-170.090643,315.546952,0.0,apCAF,1,435.89285912647273
160.031528,-20.260833,0.0,apCAF,1,184.5655724416046
298.530783,137.317753,0.0,CAF,1,789.926421769112
20.942417,-293.099034,0.0,CD4_Tcell,1,446.98112785012125
-257.245914,-184.491083,0.0,epithelial_tumor_class1,1,1741.0509326549677
413.993306,62.064163,0.0,CAF,1,181.68832615321034
247.453543,35.888109,0.0,CAF,1,231.01969047856994
-30.490112,189.455252,0.0,CAF,1,883.2372500729343
-212.353864,-253.750558,0.0,CAF,1,1267.2080891008602
140.766430,312.284049,0.0,epithelial_tumor_class1,1,3013.0937061530294
200.989837,-120.722142,0.0,CAF,1,764.4194539752938
-83.252547,-382.931447,0.0,CD4_Tcell,1,272.6217947553876
-142.881911,-179.793838,0.0,epithelial_tumor_class1,1,698.0509906030316
21.450399,341.599328,0.0,epithelial_tumor_class1,1,1045.126708333904
44.026444,-211.758185,0.0,CD4_Tcell,1,207.91991631321054
-100.783295,244.005136,0.0,CAF,1,326.448434617893
115.125009,-367.117088,0.0,CAF,1,341.42579742412323
-234.836000,-109.875750,0.0,CAF,1,337.7771948093238
-230.715133,47.290765,0.0,CAF,1,657.2778102462154
181.517898,339.349942,0.0,epithelial_tumor_class1,1,522.4388266259941
9.592478,-405.982285,0.0,CAF,1,918.1213670554727
-52.687240,-359.484438,0.0,CAF,1,198.99584828552548
7.745974,-150.227412,0.0,epithelial_tumor_class1,1,1756.9162244375339
195.445101,-66.396428,0.0,CAF,1,825.2989461198924
305.772941,131.317004,0.0,CD4_Tcell,1,204.48508371015546
245.933180,-126.155075,0.0,apCAF,1,364.166328782312
164.520296,220.934487,0.0,CAF,1,366.13042875338715
7.149357,-303.186177,0.0,CAF,1,685.906532513546
72.158092,340.175756,0.0,apCAF,1,658.5581736964768
128.999589,-336.365904,0.0,epithelial_tumor_class1,1,522.4388266259941
-68.392648,-81.075170,0.0,CAF,1,558.5448659315286
184.003146,-74.055950,0.0,CAF,1,398.6150122543527
-136.749996,-242.662228,0.0,CAF,1,386.5588613050096
-87.316404,315.566052,0.0,CD8_Tcell,1,230.46480682888594
-46.064673,-197.688760,0.0,CAF,1,139.08066665178268
-140.125640,-363.681508,0.0,CAF,1,797.6169567972305
-157.553071,-345.940037,0.0,CAF,1,1025.2085269270806
231.203611,-70.233228,0.0,CAF,1,211.35009969194968
106.871056,-373.823238,0.0,CAF,1,1046.895744250485
126.036634,221.070885,0.0,CAF,1,898.7301954758738
-44.994157,-220.299072,0.0,epithelial_tumor_class1,1,1254.3129675836697
423.466789,-17.788786,0.0,CAF,1,707.3199936935209
-201.402124,-41.522590,0.0,CAF,1,543.7862058989751
141.668470,73.421810,0.0,epithelial_tumor_class1,1,903.1284674242796
158.786571,-212.671055,0.0,CAF,1,539.9291626420431
-239.656735,-0.196963,0.0,epithelial_tumor_class1,1,879.9248081640578
3.970753,133.434458,0.0,apCAF,1,339.1982177137146
-45.299813,399.099981,0.0,CAF,1,549.3466026309178
318.511212,-273.364000,0.0,CAF,1,120.66812671867709
-243.175923,63.416656,0.0,CAF,1,224.45533860394778
-33.599884,295.352447,0.0,mesenchymal_tumor_class1,1,582.5111444505326
-66.062442,103.931786,0.0,epithelial_tumor_class1,1,3013.0937061530294
-263.138733,215.551563,0.0,apCAF,1,407.3346435127818
-146.969204,137.120625,0.0,CAF,1,310.68280521411316
28.020673,390.302773,0.0,epithelial_tumor_class1,1,615.6534300578895
187.188041,310.899513,0.0,CAF,1,320.19513939889936
20.813604,325.101136,0.0,CAF,1,200.25949376296205
207.781122,146.096530,0.0,epithelial_tumor_class1,1,1057.6271951277258
68.168962,-423.281828,0.0,apCAF,1,280.18317709108464
-80.268911,-366.727334,0.0,epithelial_tumor_class1,1,1030.9967554679786
-157.769135,-231.492687,0.0,CAF,1,389.38858445770677
279.328421,141.570530,0.0,CAF,1,490.54755145328807
-360.002903,186.586101,0.0,CAF,1,341.8275582022251
365.721169,109.814611,0.0,CAF,1,216.54835025493966
324.052365,-0.047414,0.0,CAF,1,407.3346435127818
-250.955395,-2.170237,0.0,CAF,1,706.4565504472788
-202.838049,142.653271,0.0,CAF,1,159.86027834354422
101.579959,121.762789,0.0,CAF,1,203.50472336096314
-57.918865,281.040555,0.0,CAF,1,503.44273758268343
-41.705470,31.878813,0.0,epithelial_tumor_class1,1,2283.889251505713
249.377638,-199.570087,0.0,CAF,1,937.7663104977124
55.313856,-3.429514,0.0,apCAF,1,645.0345514814308
301.729400,-8.031404,0.0,epithelial_tumor_class1,1,973.8249555505336
-247.945794,-20.882799,0.0,CAF,1,391.9730135597873
-9.962698,317.054215,0.0,epithelial_tumor_class1,1,1127.5100810277422
-32.768399,-162.887288,0.0,CD4_Tcell,1,157.47913854527116
-39.961510,82.672342,0.0,epithelial_tumor_class1,1,1364.7488909749059
-287.715701,-177.869433,0.0,CAF,1,639.957452838334
192.526137,98.933700,0.0,CAF,1,469.96704859117204
150.962100,-257.695743,0.0,CAF,1,306.3770794549275
-224.032375,287.893106,0.0,CAF,1,602.0876380944633
-428.509189,16.918954,0.0,apCAF,1,185.0127155098011
129.417429,351.436980,0.0,CAF,1,409.6242565316241
-26.381709,-173.603355,0.0,apCAF,1,387.8433934682066
118.137288,-250.437161,0.0,epithelial_tumor_class1,1,545.3341518275271
189.357869,190.188086,0.0,CAF,1,327.3434316446097
-286.258114,85.023166,0.0,apCAF,1,169.72119187306566
-109.694601,248.193608,0.0,CAF,1,725.8104628894125
100.176730,261.193583,0.0,epithelial_tumor_class1_class2,1,2777.3976525385297
80.392360,-44.332495,0.0,apCAF,1,590.0824361158939
245.409973,-85.271400,0.0,CD4_Tcell,1,330.7547123601271
351.680804,34.483360,0.0,CAF,1,136.31465282291862
-235.064946,-241.426397,0.0,CAF,1,334.45750279494763
16.720160,18.791847,0.0,epithelial_tumor_class1,1,522.484301857301
163.239097,-58.442216,0.0,CAF,1,218.98142238095954
90.699163,-207.279154,0.0,CAF,1,217.07194063960583
189.645724,-44.831709,0.0,epithelial_tumor_class1,1,2158.4830227847806
158.996559,75.565447,0.0,CAF,1,864.6493696403301
-41.539388,-304.707160,0.0,CAF,1,215.59062256192573
-38.242156,337.311929,0.0,epithelial_tumor_class1,1,522.4388266259941
355.273919,-153.961104,0.0,epithelial_tumor_class1,1,1369.424996497923
-107.589419,188.518050,0.0,CD4_Tcell,1,284.5541313050441
348.972659,-188.581115,0.0,CAF,1,267.6203965211578
360.669149,-7.077219,0.0,CAF,1,268.8775522545011
-57.904608,170.155700,0.0,epithelial_tumor_class1,1,1322.9089207642817
-185.657186,-332.792388,0.0,CAF,1,297.86377220117265
57.545178,-423.926983,0.0,CAF,1,218.7443218105584
-110.212138,-16.457188,0.0,CAF,1,698.1651610812147
252.136710,115.713160,0.0,CAF,1,304.9616832287312
-97.508580,-145.653355,0.0,epithelial_tumor_class1,1,908.4026266017723
-75.444648,74.427024,0.0,CAF,1,422.50676854743904
62.331172,-266.571945,0.0,CAF,1,441.0564209916473
285.811778,-91.661943,0.0,epithelial_tumor_class1,1,522.4388266259941
-17.288271,82.082312,0.0,CAF,1,383.76841873536694
-120.326962,-8.821613,0.0,CAF,1,339.85722807161545
256.321979,-230.779347,0.0,CAF,1,524.4474637414248
245.371514,-187.597726,0.0,CAF,1,844.2921189304531
-331.806861,-235.921473,0.0,CAF,1,219.63213172011191
250.948425,-251.994404,0.0,CAF,1,180.4500916331581
-107.732135,-286.526283,0.0,CAF,1,331.9704657069272
-144.199298,196.666528,0.0,CAF,1,288.79067844820617
269.498667,13.313031,0.0,epithelial_tumor_class1_class2,1,1179.1205854173013
-158.898286,-304.057983,0.0,CAF,1,244.73794492707003
368.453926,-198.692941,0.0,CAF,1,228.2812512576435
243.593970,129.300480,0.0,apCAF,1,139.72424661265518
-156.659656,209.165960,0.0,epithelial_tumor_class1_class2,1,1073.9502373939902
323.451448,76.202219,0.0,apCAF,1,410.5318136098876
-393.886146,-12.062809,0.0,CAF,1,807.871519331585
158.134935,-397.823432,0.0,CAF,1,190.81130077558865
285.224668,-29.332194,0.0,CD4_Tcell,1,215.7993399887092
58.868826,363.660316,0.0,epithelial_tumor_class1,1,522.4388266259941
321.669882,-249.761744,0.0,CAF,1,297.5080260455691
-90.213378,304.812678,0.0,apCAF,1,239.13326443008913
-342.478887,-80.791084,0.0,apCAF,1,229.99249339393393
-422.663535,-23.057873,0.0,CAF,1,454.81515891739065
194.530899,-297.542694,0.0,CAF,1,273.0897101251341
206.783977,331.540437,0.0,CAF,1,746.5887194091985
-72.917441,-310.403959,0.0,CAF,1,220.38997955008182
237.429384,-280.855256,0.0,CAF,1,781.2184665623548
-139.923903,168.342823,0.0,CAF,1,802.848194753608
253.311211,325.312915,0.0,CAF,1,285.4756729571474
-288.463935,220.264934,0.0,CAF,1,590.0824361158939
-353.539337,-157.389773,0.0,CAF,1,290.9617889862875
-142.313992,298.755084,0.0,epithelial_tumor_class1,1,620.0912818000454
-154.214530,244.308985,0.0,CD4_Tcell,1,375.0122863084061
-316.294538,13.282599,0.0,CAF,1,868.6936494383863
151.001620,-273.634899,0.0,CD8_Tcell,1,160.86661363435118
-368.753628,-116.893018,0.0,CAF,1,233.77994262337143
22.685563,-33.063196,0.0,epithelial_tumor_class1,1,1295.3620731216934
-342.331743,-31.516938,0.0,apCAF,1,268.4748350350534
342.569245,223.760100,0.0,CAF,1,342.13499960187045
-279.814636,-14.483776,0.0,CAF,1,776.7557755905601
286.959483,-113.141005,0.0,apCAF,1,249.6809396975718
403.123909,-19.064228,0.0,epithelial_tumor_class1,1,677.0496718942687
304.532219,-124.924978,0.0,CAF,1,416.76036183352835
-127.550867,-1.565346,0.0,CAF,1,864.6054791807157
353.574811,73.456529,0.0,CAF,1,1071.9988758740587
118.162665,-107.820351,0.0,CD4_Tcell,1,215.26042860631088
102.541590,-297.922129,0.0,CAF,1,285.3184515372993
-157.781410,-399.554286,0.0,CAF,1,347.2344304114252
264.220383,336.672739,0.0,CAF,1,367.2205074692909
28.503166,-41.885846,0.0,CD4_Tcell,1,230.84676247244332
-91.802690,-25.721315,0.0,CAF,1,218.26186869431908
-320.624671,-233.394785,0.0,apCAF,1,244.81363804987623
170.614670,118.546484,0.0,apCAF,1,266.18702316772885
-173.607702,-122.603380,0.0,apCAF,1,1185.27401858627
-399.061850,-70.171760,0.0,CAF,1,389.8787491340727
-173.473731,-250.626628,0.0,epithelial_tumor_class1,1,1356.5246725783884
-35.040421,-83.122702,0.0,apCAF,1,352.1068991093412
1.506010,206.185724,0.0,CAF,1,161.61157532386784
287.977523,-52.216736,0.0,CAF,1,531.3969056597199
-23.642572,-413.547237,0.0,CAF,1,455.17275922096246
-8.495044,-188.483876,0.0,CAF,1,479.57613777821575
-86.885529,-3.930292,0.0,epithelial_tumor_class1,1,934.0877412604709
53.208782,35.949813,0.0,apCAF,1,181.07624232894398
363.919147,-161.486815,0.0,CAF,1,400.5433046144306
2.771414,292.241203,0.0,CAF,1,429.15814198294237
181.245600,131.144640,0.0,CAF,1,362.18469326728246
32.587445,-345.910513,0.0,CD4_Tcell,1,202.82785114555827
-293.429076,157.394490,0.0,CD8_Tcell,1,182.64406053329125
47.742323,-186.296273,0.0,CAF,1,269.8255224994638
-10.694117,29.105235,0.0,CAF,1,642.4566517158731
174.948815,-49.413010,0.0,CD4_Tcell,1,523.1276780577925
-170.771833,236.657180,0.0,CAF,1,262.04632983862405
-338.162413,-69.743562,0.0,CAF,1,757.2052726286366
182.382387,184.353744,0.0,CAF,1,468.56529606246045
2.478198,-6.243658,0.0,CAF,1,132.7028921034761
12.806281,-132.015382,0.0,CAF,1,450.33963669363305
-85.818086,-94.884856,0.0,epithelial_tumor_class1_class2,1,1356.5246725783884
-193.620474,-210.769431,0.0,epithelial_tumor_class1,1,748.7798022633159
-286.444845,-153.695916,0.0,CAF,1,165.2470866259757
266.956623,-264.958288,0.0,apCAF,1,464.14480656882836
331.759620,-169.447375,0.0,CAF,1,709.0874443565094
-63.570714,197.771373,0.0,CAF,1,280.18317709108464
295.527777,304.004613,0.0,apCAF,1,573.6349486494827
193.986130,-15.452594,0.0,CAF,1,1267.2080891008602
-329.520496,264.627917,0.0,CAF,1,288.69560970408276
190.964317,-304.177725,0.0,CAF,1,135.31799604063187
71.070481,14.490354,0.0,epithelial_tumor_class1,1,1061.9251251388864
365.340632,-80.935206,0.0,CAF,1,360.4061547111087
300.100816,-32.216373,0.0,apCAF,1,416.76036183352835
-257.289650,187.699983,0.0,CAF,1,240.842086424375
-223.221200,115.696272,0.0,CAF,1,282.98789676650335
-94.824880,-106.517411,0.0,CAF,1,157.02828598328753
90.936495,-280.267527,0.0,CAF,1,141.3845265092625
-100.733926,147.261820,0.0,CAF,1,294.5651883061412
107.374624,79.003693,0.0,CAF,1,573.6349486494827
285.920606,311.803797,0.0,CAF,1,523.0020997883754
257.342463,234.381672,0.0,CAF,1,187.75831455486934
-35.504874,-109.611849,0.0,CAF,1,184.5655724416046
-40.354072,-62.007573,0.0,CAF,1,473.8803671683219
125.850142,-0.841087,0.0,CAF,1,369.8679452932702
-179.449348,-207.618693,0.0,CAF,1,284.1045547499648
106.470938,312.834534,0.0,CAF,1,269.0891399161379
-21.192156,144.291585,0.0,apCAF,1,353.0723354552166
-214.328450,366.899967,0.0,CD8_Tcell,1,125.61834343633636
4.494750,51.481775,0.0,CAF,1,177.34098167063854
303.063255,7.339967,0.0,CAF,1,420.902262545496
-307.820983,17.535291,0.0,CAF,1,189.22889588288868
363.485104,177.556594,0.0,CAF,1,308.21590961112906
-247.272468,-142.820951,0.0,CAF,1,361.36216038247596
28.026285,257.807517,0.0,CAF,1,139.72424661265518
-154.786900,-275.000089,0.0,CAF,1,670.6564335580821
-361.677124,31.565482,0.0,CAF,1,304.31578692526824
30.111526,278.721991,0.0,CAF,1,712.3032700975004
400.194562,59.287318,0.0,CAF,1,816.1423873749555
97.909674,58.317501,0.0,CAF,1,147.57568880240325
-156.745499,-371.270663,0.0,CD4_Tcell,1,181.26204623430513
149.965126,-194.349344,0.0,CAF,1,490.7280509695826
89.232441,149.074643,0.0,CAF,1,207.58064915930152
-359.384427,231.095623,0.0,CAF,1,530.5248883156407
224.919105,-179.376939,0.0,CAF,1,243.7553536920974
-93.411412,126.754417,0.0,CAF,1,401.60848553831426
59.858415,-41.636817,0.0,epithelial_tumor_class1,1,620.7948648817763
301.846822,175.034218,0.0,epithelial_tumor_class1,1,1099.9975451641376
-389.742574,-132.987254,0.0,epithelial_tumor_class1,1,522.4388266259941
-19.465754,263.919918,0.0,CAF,1,238.31442182867468
167.918080,-135.920489,0.0,CD4_Tcell,1,352.85495861157364
-308.675401,64.558444,0.0,CAF,1,110.83370365748279
-22.130805,252.670471,0.0,apCAF,1,169.72119187306566
38.268891,-412.572257,0.0,CAF,1,195.81516706432052
278.986727,-308.777772,0.0,CAF,1,139.9522490215528
320.651664,33.778114,0.0,CAF,1,210.02308327989292
273.952601,-44.240244,0.0,CAF,1,132.8539292093115
-393.190770,-21.525188,0.0,CD4_Tcell,1,213.92572589232623
-364.382461,-52.269811,0.0,mesenchymal_tumor_class1,1,324.4692019500611
380.669477,-121.637049,0.0,CAF,1,263.2065272264685
380.428628,-196.965988,0.0,epithelial_tumor_class1,1,522.4388266259941
-158.488856,183.159465,0.0,CAF,1,928.047207108841
58.993147,384.281501,0.0,apCAF,1,286.6198837090463
-259.229780,322.166523,0.0,CAF,1,221.92862732402565
8.712254,224.402435,0.0,CAF,1,156.40976993287185
-53.132842,-315.902632,0.0,CAF,1,195.39148358109122
-32.177976,-395.473010,0.0,CAF,1,459.5361874448431
99.523250,326.105815,0.0,CAF,1,215.38203975716277
-91.265434,-85.895641,0.0,CAF,1,202.61924348746683
-179.570405,-140.320190,0.0,CAF,1,182.94779659623495
29.609216,-294.646205,0.0,CAF,1,258.2722746709998
-135.375106,-341.360791,0.0,apCAF,1,244.81363804987623
-378.364352,-57.158582,0.0,CAF,1,158.88652005108622
-33.552955,-267.460642,0.0,epithelial_tumor_class1,1,522.4388266259941
165.715866,-95.720975,0.0,apCAF,1,1185.27401858627
58.058369,-348.353736,0.0,CAF,1,310.63844044161425
178.995932,-107.086236,0.0,CAF,1,475.3516026028578
382.806197,-88.718997,0.0,CAF,1,1267.2080891008602
-302.204805,248.384456,0.0,CAF,1,135.0123127077308
45.387015,-375.329389,0.0,CAF,1,110.83370365748279
-51.721995,-114.587733,0.0,CAF,1,153.27227948960189
-289.101200,4.361414,0.0,CAF,1,244.482595828225
-58.410422,-179.133603,0.0,CAF,1,1267.2080891008602
-142.671653,15.224805,0.0,epithelial_tumor_class1,1,522.4388266259941
159.598451,336.031249,0.0,CAF,1,277.48962277341104
347.915170,217.896877,0.0,CAF,1,194.71648654554906
-63.371415,374.875430,0.0,epithelial_tumor_class1,1,522.4388266259941
110.233034,-105.054226,0.0,apCAF,1,207.44504570187783
318.524861,-110.192968,0.0,CAF,1,1021.3290716625073
-299.421987,-170.616482,0.0,CAF,1,136.98180205511906
-208.272893,353.549862,0.0,CAF,1,306.9268581507964
-255.556166,42.004023,0.0,apCAF,1,129.0875507331418
262.473227,-332.144781,0.0,CAF,1,119.40897079199235
-118.576795,81.278926,0.0,CAF,1,204.84617676319934
-16.215607,241.569845,0.0,CAF,1,238.39808114934416
-306.669905,230.733660,0.0,CAF,1,203.82278662211763
253.204828,24.974136,0.0,CD8_Tcell,1,125.61834343633636
-111.930184,-233.413406,0.0,CAF,1,265.9269609617548
54.277017,-139.054134,0.0,CAF,1,244.482595828225
-23.460989,-74.535937,0.0,CAF,1,213.56267604779745
-36.287549,125.078057,0.0,apCAF,1,178.35036535842784
178.836809,260.538982,0.0,CAF,1,124.72787731840299
-298.452618,-185.741253,0.0,CAF,1,522.7196221650695
-0.561888,342.210149,0.0,epithelial_tumor_class1,1,522.4388266259941
-211.233814,-146.421404,0.0,CAF,1,229.99249339393393
-16.818731,430.353675,0.0,CAF,1,130.65640288104467
153.319066,95.587201,0.0,CAF,1,248.52263284510335
-159.061545,-113.021124,0.0,CD4_Tcell,1,130.2952319451234
-35.548150,-93.204842,0.0,apCAF,1,132.7028921034761
386.156925,37.394722,0.0,CAF,1,162.33724566105766
-241.037166,-118.159671,0.0,CAF,1,300.4270118383116
-269.719234,329.201537,0.0,CAF,1,114.785158181512
208.790177,34.810839,0.0,CAF,1,177.94462360043156
37.285324,-12.356607,0.0,CAF,1,158.58170527024356
374.344470,42.636992,0.0,CAF,1,127.73971556408648
257.769781,-145.747791,0.0,CAF,1,136.98180205511906
-122.839378,67.932735,0.0,CAF,1,178.35036535842784
-162.636355,-183.350695,0.0,CD4_Tcell,1,183.45477135850373
-8.208404,80.581486,0.0,CAF,1,433.47858632995553
-129.724158,-151.971343,0.0,CAF,1,146.8274305261712
-240.210865,349.680731,0.0,CAF,1,159.09941267869965
132.331990,341.260460,0.0,CD4_Tcell,1,130.2952319451234
-264.926575,38.564014,0.0,apCAF,1,1101.5700256765433
190.733404,-376.178966,0.0,CAF,1,321.3168278680735
-89.071049,-354.055586,0.0,CAF,1,129.0875507331418
347.991755,-19.659012,0.0,CAF,1,110.83370365748279
136.253641,177.579861,0.0,CAF,1,203.1953482952503
-279.879314,-183.493019,0.0,CAF,1,173.25134040147492
268.745913,-122.471713,0.0,CAF,1,134.4086723334577
-14.948292,-206.007407,0.0,CAF,1,227.81192688548617
62.634309,284.246663,0.0,apCAF,1,816.1423873749555
-137.819698,-35.660538,0.0,CD4_Tcell,1,133.16265239164278
234.495592,-333.323756,0.0,apCAF,1,1185.27401858627
-238.798181,-296.888624,0.0,CAF,1,200.69847147286
411.877188,-127.202610,0.0,CAF,1,207.44504570187783
-52.823859,375.181068,0.0,CAF,1,355.38444754276856
320.347219,-211.615883,0.0,CD8_Tcell,1,416.1670383561724
190.502927,12.144131,0.0,CAF,1,475.74935758534497
49.120077,228.482051,0.0,apCAF,1,178.35036535842784
224.702522,-309.085481,0.0,CD8_Tcell,1,208.7016332036676
167.097194,-350.431069,0.0,CAF,1,110.83370365748279
-339.713560,-236.696581,0.0,apCAF,1,310.68280521411316
384.352845,153.634660,0.0,epithelial_tumor_class1,1,924.6235865242587
140.711865,-396.423386,0.0,CAF,1,159.6467073559917
295.867996,-76.812602,0.0,epithelial_tumor_class1,1,522.4388266259941
-79.482907,-133.810011,0.0,epithelial_tumor_class1,1,973.0412153486644
122.487762,-25.396912,0.0,CD8_Tcell,1,125.61834343633636
352.364270,191.492601,0.0,CD4_Tcell,1,780.6238227512935
-200.520724,90.385104,0.0,CAF,1,110.83370365748279
-161.121497,339.286271,0.0,apCAF,1,638.8806677298686
195.843066,-155.874106,0.0,CAF,1,244.81363804987623
398.399923,45.935261,0.0,CAF,1,110.83370365748279
150.029775,51.187541,0.0,CD8_Tcell,1,241.99520150605545
-120.106979,-17.279365,0.0,CAF,1,295.37949580126246
-214.985829,-243.991533,0.0,CAF,1,163.83853211957103
-109.180401,230.417065,0.0,mesenchymal_tumor_class1,1,190.49091471039492
285.170349,99.290588,0.0,CD4_Tcell,1,176.67017946059542
-400.180694,98.516723,0.0,CAF,1,110.83370365748279
-206.412862,304.481853,0.0,apCAF,1,643.717700800286
-41.510706,132.336214,0.0,CAF,1,656.3277581501643
-189.102338,-245.669698,0.0,CAF,1,140.86673902229768
-390.280569,-114.032985,0.0,CAF,1,110.83370365748279
-73.522921,250.803068,0.0,CAF,1,163.33948780159224
356.780694,40.909111,0.0,CAF,1,527.0463587498409
-218.245304,264.207668,0.0,CD4_Tcell,1,156.63449657947066
-96.137944,310.073268,0.0,CD4_Tcell,1,282.9253672174697
335.255610,223.483869,0.0,CAF,1,110.83370365748279
27.398565,410.204091,0.0,CAF,1,121.4136226544803
-91.870334,-210.007661,0.0,CAF,1,400.5433046144306
-210.842164,297.225557,0.0,CD4_Tcell,1,130.2952319451234
-381.095161,-134.652564,0.0,CAF,1,231.6301784199623
198.968882,-85.065010,0.0,CD8_Tcell,1,197.54062910237684
87.759719,-80.184415,0.0,CAF,1,110.83370365748279
-93.554529,285.865129,0.0,apCAF,1,203.50472336096314
-47.677211,171.305272,0.0,CAF,1,176.77678464617776
4.348892,173.121550,0.0,CD4_Tcell,1,197.7703592862784
-146.223647,-99.959705,0.0,CAF,1,166.19546651522728
-190.405801,193.722473,0.0,CAF,1,139.0936486679521
399.549271,130.117363,0.0,apCAF,1,549.9144557951182
-376.271890,172.813160,0.0,CAF,1,383.48756276722065
-190.090851,263.770721,0.0,CAF,1,294.47955889147204
173.708345,-178.032510,0.0,CAF,1,268.4748350350534
-344.009812,22.324619,0.0,CAF,1,169.72119187306566
-208.294480,-292.503540,0.0,CAF,1,150.4367804645998
259.866109,-211.669988,0.0,CAF,1,185.8540385146958
371.473757,-85.094390,0.0,CAF,1,112.58916054466229
287.095534,184.478145,0.0,CAF,1,110.83370365748279
-255.691801,-9.234395,0.0,CAF,1,110.83370365748279
32.037002,346.556891,0.0,apCAF,1,353.0723354552166
-280.517446,-284.622213,0.0,CD4_Tcell,1,130.2952319451234
-149.073026,-147.974117,0.0,apCAF,1,437.6745870832283
278.655240,18.542146,0.0,CAF,1,266.18702316772885
117.000707,272.923451,0.0,CAF,1,282.10292035810016
253.032557,-72.660121,0.0,CAF,1,354.5601337466025
182.435785,-164.021767,0.0,CAF,1,186.86382677597445
181.245482,13.803874,0.0,CD8_Tcell,1,397.738187793987
114.435457,263.437877,0.0,CAF,1,781.5466751355511
-160.190961,-80.443474,0.0,CAF,1,179.2174957742908
145.098681,346.612135,0.0,CAF,1,276.5956226775071
340.187957,-48.318663,0.0,CAF,1,234.90121683148158
-71.641816,187.459142,0.0,CD4_Tcell,1,130.2952319451234
-133.262421,-334.660061,0.0,CD4_Tcell,1,130.2952319451234
-289.601896,-289.438436,0.0,CAF,1,416.66593176549765
-200.304031,354.490615,0.0,CAF,1,237.08040372520816
-372.492431,131.101288,0.0,apCAF,1,467.12266096098466
399.281570,148.983502,0.0,CD4_Tcell,1,590.0654253024848
290.214995,-22.886122,0.0,CAF,1,364.3883262672762
262.119253,163.871376,0.0,CAF,1,167.69834989203497
147.409677,65.934045,0.0,CAF,1,110.83370365748279
2.310582,141.946849,0.0,CAF,1,343.93603904146335
-45.083708,-159.765767,0.0,CAF,1,110.91740507373291
18.414367,-380.252449,0.0,CAF,1,110.83370365748279
44.193961,-301.599468,0.0,CD4_Tcell,1,184.1034995532215
-271.951869,208.786103,0.0,CAF,1,408.5582559440791
8.290970,320.977109,0.0,CAF,1,119.39724448631554
-226.404291,147.942399,0.0,CAF,1,323.0327261135173
-86.545154,-115.349594,0.0,CAF,1,431.9292972442943
-119.289192,353.686808,0.0,apCAF,1,320.36492412726716
-364.896652,7.374746,0.0,CAF,1,110.83370365748279
361.110698,186.023877,0.0,CAF,1,408.5981975506497
325.321157,253.474928,0.0,CAF,1,327.98700141893664
-426.560313,39.177240,0.0,epithelial_tumor_class1,1,1092.3883939865623
36.068666,-185.663962,0.0,CAF,1,130.26455832903633
-377.965133,-66.502546,0.0,CAF,1,901.3674407853982
382.610227,178.809747,0.0,CAF,1,110.83370365748279
-42.791880,-151.567447,0.0,apCAF,1,709.0874443565094
200.340716,-220.714030,0.0,CAF,1,381.79257849028056
4.663278,89.012897,0.0,CAF,1,178.34270415056403
-166.530203,121.320929,0.0,CD4_Tcell,1,141.21397560719916
-88.410610,-129.294147,0.0,CAF,1,232.04994147778174
120.171271,104.488775,0.0,CAF,1,160.7450591710177
-305.412597,129.651725,0.0,CAF,1,364.4623454729453
-222.535491,106.809864,0.0,CAF,1,474.92463129482127
-298.842498,-195.580165,0.0,CAF,1,154.83572674607558
-144.514337,-68.577772,0.0,CAF,1,264.3900646894749
-151.703538,357.887931,0.0,apCAF,1,429.15814198294237
-4.435680,-366.955545,0.0,CAF,1,177.654093501731
-164.447217,50.846906,0.0,CAF,1,110.83370365748279
73.536756,-347.510837,0.0,CAF,1,286.3466755624977
-52.706625,85.684838,0.0,CAF,1,110.83370365748279
80.478652,377.153325,0.0,apCAF,1,1101.5700256765433
-181.154712,-232.172017,0.0,CAF,1,160.62356595598598
-23.660835,151.987017,0.0,CAF,1,191.78265519462047
-75.525312,-207.658386,0.0,CAF,1,161.4179512526258
-345.041556,168.621124,0.0,CD4_Tcell,1,147.83919262555523
-29.890584,-224.934607,0.0,CAF,1,317.5092429620384
227.438714,-159.784821,0.0,CAF,1,352.1068991093412
296.285012,157.424597,0.0,CAF,1,623.8616444996749
63.596485,-5.361625,0.0,CD4_Tcell,1,130.2952319451234
234.490342,220.468714,0.0,CAF,1,291.89710610376716
-99.872539,211.540786,0.0,CAF,1,273.0490005943808
306.822693,105.156100,0.0,epithelial_tumor_class1,1,550.8075868916656
-357.442863,205.721908,0.0,CAF,1,517.8083068690225
228.194315,-217.439665,0.0,CAF,1,159.57555932060333
122.209864,71.580224,0.0,CAF,1,246.8632564844708
278.032912,-85.703823,0.0,CAF,1,463.8549636472673
-9.709520,-92.384450,0.0,CAF,1,110.83370365748279
129.628172,-213.144159,0.0,CAF,1,110.83370365748279
44.928994,-276.156240,0.0,CAF,1,317.01434164986745
-76.211533,-318.393823,0.0,CAF,1,491.2999248674616
201.790666,-40.293570,0.0,apCAF,1,364.3883262672762
-60.574398,-399.552915,0.0,CAF,1,255.41939894715142
-51.985868,-331.119406,0.0,CAF,1,332.515623884935
-269.441210,222.668407,0.0,CAF,1,495.10359827039514
42.829993,190.468615,0.0,apCAF,1,407.3346435127818
183.207687,-246.750315,0.0,CAF,1,378.1520133868305
359.568469,-74.474190,0.0,CAF,1,321.3508592586828
-263.220263,-78.877195,0.0,CAF,1,110.83370365748279
-408.028521,-119.613729,0.0,CAF,1,246.1787843461276
-184.863265,-51.490326,0.0,CAF,1,110.83370365748279
-281.231597,252.662146,0.0,CAF,1,135.9051781006682
297.417162,-25.090746,0.0,CAF,1,110.83370365748279
-0.355313,333.883491,0.0,CAF,1,155.0659224877787
232.893502,357.370156,0.0,CAF,1,220.12541636012048
69.078271,377.411541,0.0,epithelial_tumor_class1,1,522.4388266259941
185.702826,351.827901,0.0,apCAF,1,714.8326577904326
-293.559414,105.115825,0.0,CAF,1,180.0103334516806
79.464991,-112.712728,0.0,CAF,1,216.1300846746017
-291.848918,-266.743950,0.0,apCAF,1,124.72787731840299
-251.968851,-111.212135,0.0,CAF,1,268.7969766153689
76.554747,212.615181,0.0,apCAF,1,639.957452838334
-145.872276,-285.988643,0.0,CAF,1,1187.5878007830534
-128.089062,-319.059669,0.0,CAF,1,218.3670706268367
176.574563,-202.926473,0.0,apCAF,1,342.13499960187045
362.618617,-123.876996,0.0,CAF,1,632.6413054670187
-307.591460,-14.649454,0.0,CAF,1,621.1644589571412
275.256261,88.665959,0.0,CAF,1,135.5156615393931
203.578602,-138.383719,0.0,CAF,1,645.0345514814308
342.904872,120.010966,0.0,CAF,1,127.00517064528684
263.960379,-204.996697,0.0,CAF,1,310.70498918429695
125.305846,-186.191752,0.0,CAF,1,158.93617799990355
-234.277208,359.065400,0.0,CAF,1,110.83370365748279
160.190446,-308.332838,0.0,CD4_Tcell,1,130.2952319451234
-249.269930,98.364032,0.0,CAF,1,502.8614774152298
-379.835452,45.690270,0.0,CAF,1,129.95412881200815
179.931738,4.737664,0.0,apCAF,1,407.3346435127818
197.150761,-110.314762,0.0,apCAF,1,124.3219022584304
-150.012260,69.962569,0.0,epithelial_tumor_class1,1,522.4388266259941
-304.748778,74.298877,0.0,CAF,1,158.270205581151
-10.637826,51.400882,0.0,epithelial_tumor_class1_class2,1,1425.883762207829
166.983080,-75.873197,0.0,CAF,1,133.45922366152575
186.519704,113.333129,0.0,epithelial_tumor_class1,1,1020.0299308460294
365.040864,-134.956996,0.0,CD4_Tcell,1,449.0197425987732
-74.067712,-96.168673,0.0,apCAF,1,508.9408233364767
-70.710715,360.159016,0.0,CD4_Tcell,1,161.56136163123708
371.536982,3.337605,0.0,apCAF,1,389.38858445770677
-368.952342,-184.289625,0.0,CAF,1,194.48101119083904
214.719515,-330.445115,0.0,CAF,1,226.39883213228885
51.737331,167.508917,0.0,CAF,1,110.83370365748279
-183.313293,265.910281,0.0,CAF,1,110.83370365748279
-261.464036,228.601512,0.0,CD4_Tcell,1,149.88346184936577
-202.242110,-199.469401,0.0,CAF,1,187.75038624161328
-366.968007,184.342473,0.0,CAF,1,110.83370365748279
-109.239777,210.944373,0.0,CAF,1,110.83370365748279
262.533985,-141.560194,0.0,CD4_Tcell,1,130.2952319451234
97.303826,-279.920349,0.0,CD4_Tcell,1,130.2952319451234
-252.990825,313.269011,0.0,apCAF,1,200.69847147286
124.667818,372.042484,0.0,CAF,1,112.64554910482254
126.523605,306.959531,0.0,apCAF,1,875.6243897229984
-261.731318,-270.369365,0.0,CAF,1,134.37060820369638
-109.294039,-128.418392,0.0,CAF,1,133.9460468228188
91.112617,227.170918,0.0,apCAF,1,383.76841873536694
251.774566,-19.605022,0.0,CAF,1,433.7279242409943
-44.367906,-360.783402,0.0,CAF,1,140.76856796984586
-113.864916,168.754051,0.0,CAF,1,118.08293060926887
-137.544682,406.859914,0.0,CAF,1,135.7582236645693
218.853506,136.772791,0.0,CAF,1,186.99821378578326
131.353681,238.200754,0.0,CAF,1,1002.3449047909522
-73.358204,-105.438156,0.0,CAF,1,343.27176470850964
189.664398,174.666204,0.0,apCAF,1,592.6036429261824
251.287600,257.976545,0.0,CAF,1,110.83370365748279
-11.671675,423.792041,0.0,CAF,1,123.86068303847219
180.161670,-17.727519,0.0,CAF,1,110.83370365748279
-1.815123,372.994162,0.0,CAF,1,279.7485600376509
-68.798972,-59.168945,0.0,CAF,1,110.83370365748279
337.073188,121.794423,0.0,CAF,1,110.83370365748279
9.666803,-314.045201,0.0,apCAF,1,422.9834642247866
-214.176769,270.901048,0.0,CAF,1,378.8352223107231
124.289441,-160.010057,0.0,CAF,1,363.0084733727636
320.961361,282.695451,0.0,CAF,1,152.24274428617872
149.955381,163.282041,0.0,CD4_Tcell,1,131.18632625264163
-257.171409,96.762001,0.0,CAF,1,128.31708321967213
-88.139346,-372.550927,0.0,CAF,1,183.25967037444786
-65.411801,-254.860924,0.0,CAF,1,110.83370365748279
181.379697,92.015966,0.0,CD4_Tcell,1,142.76708954917044
310.909439,-153.210541,0.0,CAF,1,293.4426223491693
-289.884597,72.474258,0.0,CAF,1,278.2618569027355
-336.305412,-160.936693,0.0,CAF,1,110.83370365748279
148.308067,335.758649,0.0,CAF,1,156.49401721871493
-131.927562,70.628144,0.0,CAF,1,110.83370365748279
-130.778146,-64.730389,0.0,CAF,1,110.83370365748279
-22.412834,-254.725127,0.0,CAF,1,110.83370365748279
89.960292,177.940144,0.0,CD4_Tcell,1,136.0266552010836
