x,y,z,ecm
-790,-790,0,5.3410191842549954
-770,-790,0,5.3410191842549954
-750,-790,0,5.3410191842549954
-730,-790,0,5.3410191842549954
-710,-790,0,5.3410191842549954
-690,-790,0,5.3410191842549954
-670,-790,0,5.3410191842549954
-650,-790,0,5.3410191842549954
-630,-790,0,5.3410191842549954
-610,-790,0,5.3410191842549954
-590,-790,0,5.3410191842549954
-570,-790,0,5.3410191842549954
-550,-790,0,5.3410191842549954
-530,-790,0,5.3410191842549954
-510,-790,0,5.3410191842549954
-490,-790,0,5.3410191842549954
-470,-790,0,5.3410191842549954
-450,-790,0,5.3410191842549954
-430,-790,0,5.3410191842549954
-410,-790,0,5.3410191842549954
-390,-790,0,5.3410191842549954
-370,-790,0,5.3410191842549954
-350,-790,0,5.3410191842549954
-330,-790,0,5.3410191842549954
-310,-790,0,5.3410191842549954
-290,-790,0,5.3410191842549954
-270,-790,0,5.3410191842549954
-250,-790,0,5.3410191842549954
-230,-790,0,5.3410191842549954
-210,-790,0,5.3410191842549954
-190,-790,0,5.3410191842549954
-170,-790,0,5.3410191842549954
-150,-790,0,5.3410191842549954
-130,-790,0,5.3410191842549954
-110,-790,0,5.3410191842549954
-90,-790,0,5.3410191842549954
-70,-790,0,5.3410191842549954
-50,-790,0,5.3410191842549954
-30,-790,0,5.3410191842549954
-10,-790,0,5.3410191842549954
10,-790,0,5.3410191842549954
30,-790,0,5.3410191842549954
50,-790,0,5.3410191842549954
70,-790,0,5.3410191842549954
90,-790,0,5.3410191842549954
110,-790,0,5.3410191842549954
130,-790,0,5.3410191842549954
150,-790,0,5.3410191842549954
170,-790,0,5.3410191842549954
190,-790,0,5.3410191842549954
210,-790,0,5.3410191842549954
230,-790,0,5.3410191842549954
250,-790,0,5.3410191842549954
270,-790,0,5.3410191842549954
290,-790,0,5.3410191842549954
310,-790,0,5.3410191842549954
330,-790,0,5.3410191842549954
350,-790,0,5.3410191842549954
370,-790,0,5.3410191842549954
390,-790,0,5.3410191842549954
410,-790,0,5.3410191842549954
430,-790,0,5.3410191842549954
450,-790,0,5.3410191842549954
470,-790,0,5.3410191842549954
490,-790,0,5.3410191842549954
510,-790,0,5.3410191842549954
530,-790,0,5.3410191842549954
550,-790,0,5.3410191842549954
570,-790,0,5.3410191842549954
590,-790,0,5.3410191842549954
610,-790,0,5.3410191842549954
630,-790,0,5.3410191842549954
650,-790,0,5.3410191842549954
670,-790,0,5.3410191842549954
690,-790,0,5.3410191842549954
710,-790,0,5.3410191842549954
730,-790,0,5.3410191842549954
750,-790,0,5.3410191842549954
770,-790,0,5.3410191842549954
790,-790,0,5.3410191842549954
-790,-770,0,5.3410191842549954
-770,-770,0,5.3410191842549954
-750,-770,0,5.3410191842549954
-730,-770,0,5.3410191842549954
-710,-770,0,5.3410191842549954
-690,-770,0,5.3410191842549954
-670,-770,0,5.3410191842549954
-650,-770,0,5.3410191842549954
-630,-770,0,5.3410191842549954
-610,-770,0,5.3410191842549954
-590,-770,0,5.3410191842549954
-570,-770,0,5.3410191842549954
-550,-770,0,5.3410191842549954
-530,-770,0,5.3410191842549954
-510,-770,0,5.3410191842549954
-490,-770,0,5.3410191842549954
-470,-770,0,5.3410191842549954
-450,-770,0,5.3410191842549954
-430,-770,0,5.3410191842549954
-410,-770,0,5.3410191842549954
-390,-770,0,5.3410191842549954
-370,-770,0,5.3410191842549954
-350,-770,0,5.3410191842549954
-330,-770,0,5.3410191842549954
-310,-770,0,5.3410191842549954
-290,-770,0,5.3410191842549954
-270,-770,0,5.3410191842549954
-250,-770,0,5.3410191842549954
-230,-770,0,5.3410191842549954
-210,-770,0,5.3410191842549954
-190,-770,0,5.3410191842549954
-170,-770,0,5.3410191842549954
-150,-770,0,5.3410191842549954
-130,-770,0,5.3410191842549954
-110,-770,0,5.3410191842549954
-90,-770,0,5.3410191842549954
-70,-770,0,5.3410191842549954
-50,-770,0,5.3410191842549954
-30,-770,0,5.3410191842549954
-10,-770,0,5.3410191842549954
10,-770,0,5.3410191842549954
30,-770,0,5.3410191842549954
50,-770,0,5.3410191842549954
70,-770,0,5.3410191842549954
90,-770,0,5.3410191842549954
110,-770,0,5.3410191842549954
130,-770,0,5.3410191842549954
150,-770,0,5.3410191842549954
170,-770,0,5.3410191842549954
190,-770,0,5.3410191842549954
210,-770,0,5.3410191842549954
230,-770,0,5.3410191842549954
250,-770,0,5.3410191842549954
270,-770,0,5.3410191842549954
290,-770,0,5.3410191842549954
310,-770,0,5.3410191842549954
330,-770,0,5.3410191842549954
350,-770,0,5.3410191842549954
370,-770,0,5.3410191842549954
390,-770,0,5.3410191842549954
410,-770,0,5.3410191842549954
430,-770,0,5.3410191842549954
450,-770,0,5.3410191842549954
470,-770,0,5.3410191842549954
490,-770,0,5.3410191842549954
510,-770,0,5.3410191842549954
530,-770,0,5.3410191842549954
550,-770,0,5.3410191842549954
570,-770,0,5.3410191842549954
590,-770,0,5.3410191842549954
610,-770,0,5.3410191842549954
630,-770,0,5.3410191842549954
650,-770,0,5.3410191842549954
670,-770,0,5.3410191842549954
690,-770,0,5.3410191842549954
710,-770,0,5.3410191842549954
730,-770,0,5.3410191842549954
750,-770,0,5.3410191842549954
770,-770,0,5.3410191842549954
790,-770,0,5.3410191842549954
-790,-750,0,5.3410191842549954
-770,-750,0,5.3410191842549954
-750,-750,0,5.3410191842549954
-730,-750,0,5.3410191842549954
-710,-750,0,5.3410191842549954
-690,-750,0,5.3410191842549954
-670,-750,0,5.3410191842549954
-650,-750,0,5.3410191842549954
-630,-750,0,5.3410191842549954
-610,-750,0,5.3410191842549954
-590,-750,0,5.3410191842549954
-570,-750,0,5.3410191842549954
-550,-750,0,5.3410191842549954
-530,-750,0,5.3410191842549954
-510,-750,0,5.3410191842549954
-490,-750,0,5.3410191842549954
-470,-750,0,5.3410191842549954
-450,-750,0,5.3410191842549954
-430,-750,0,5.3410191842549954
-410,-750,0,5.3410191842549954
-390,-750,0,5.3410191842549954
-370,-750,0,5.3410191842549954
-350,-750,0,5.3410191842549954
-330,-750,0,5.3410191842549954
-310,-750,0,5.3410191842549954
-290,-750,0,5.3410191842549954
-270,-750,0,5.3410191842549954
-250,-750,0,5.3410191842549954
-230,-750,0,5.3410191842549954
-210,-750,0,5.3410191842549954
-190,-750,0,5.3410191842549954
-170,-750,0,5.3410191842549954
-150,-750,0,5.3410191842549954
-130,-750,0,5.3410191842549954
-110,-750,0,5.3410191842549954
-90,-750,0,5.3410191842549954
-70,-750,0,5.3410191842549954
-50,-750,0,5.3410191842549954
-30,-750,0,5.3410191842549954
-10,-750,0,5.3410191842549954
10,-750,0,5.3410191842549954
30,-750,0,5.3410191842549954
50,-750,0,5.3410191842549954
70,-750,0,5.3410191842549954
90,-750,0,5.3410191842549954
110,-750,0,5.3410191842549954
130,-750,0,5.3410191842549954
150,-750,0,5.3410191842549954
170,-750,0,5.3410191842549954
190,-750,0,5.3410191842549954
210,-750,0,5.3410191842549954
230,-750,0,5.3410191842549954
250,-750,0,5.3410191842549954
270,-750,0,5.3410191842549954
290,-750,0,5.3410191842549954
310,-750,0,5.3410191842549954
330,-750,0,5.3410191842549954
350,-750,0,5.3410191842549954
370,-750,0,5.3410191842549954
390,-750,0,5.3410191842549954
410,-750,0,5.3410191842549954
430,-750,0,5.3410191842549954
450,-750,0,5.3410191842549954
470,-750,0,5.3410191842549954
490,-750,0,5.3410191842549954
510,-750,0,5.3410191842549954
530,-750,0,5.3410191842549954
550,-750,0,5.3410191842549954
570,-750,0,5.3410191842549954
590,-750,0,5.3410191842549954
610,-750,0,5.3410191842549954
630,-750,0,5.3410191842549954
650,-750,0,5.3410191842549954
670,-750,0,5.3410191842549954
690,-750,0,5.3410191842549954
710,-750,0,5.3410191842549954
730,-750,0,5.3410191842549954
750,-750,0,5.3410191842549954
770,-750,0,5.3410191842549954
790,-750,0,5.3410191842549954
-790,-730,0,5.3410191842549954
-770,-730,0,5.3410191842549954
-750,-730,0,5.3410191842549954
-730,-730,0,5.3410191842549954
-710,-730,0,5.3410191842549954
-690,-730,0,5.3410191842549954
-670,-730,0,5.3410191842549954
-650,-730,0,5.3410191842549954
-630,-730,0,5.3410191842549954
-610,-730,0,5.3410191842549954
-590,-730,0,5.3410191842549954
-570,-730,0,5.3410191842549954
-550,-730,0,5.3410191842549954
-530,-730,0,5.3410191842549954
-510,-730,0,5.3410191842549954
-490,-730,0,5.3410191842549954
-470,-730,0,5.3410191842549954
-450,-730,0,5.3410191842549954
-430,-730,0,5.3410191842549954
-410,-730,0,5.3410191842549954
-390,-730,0,5.3410191842549954
-370,-730,0,5.3410191842549954
-350,-730,0,5.3410191842549954
-330,-730,0,5.3410191842549954
-310,-730,0,5.3410191842549954
-290,-730,0,5.3410191842549954
-270,-730,0,5.3410191842549954
-250,-730,0,5.3410191842549954
-230,-730,0,5.3410191842549954
-210,-730,0,5.3410191842549954
-190,-730,0,5.3410191842549954
-170,-730,0,5.3410191842549954
-150,-730,0,5.3410191842549954
-130,-730,0,5.3410191842549954
-110,-730,0,5.3410191842549954
-90,-730,0,5.3410191842549954
-70,-730,0,5.3410191842549954
-50,-730,0,5.3410191842549954
-30,-730,0,5.3410191842549954
-10,-730,0,5.3410191842549954
10,-730,0,5.3410191842549954
30,-730,0,5.3410191842549954
50,-730,0,5.3410191842549954
70,-730,0,5.3410191842549954
90,-730,0,5.3410191842549954
110,-730,0,5.3410191842549954
130,-730,0,5.3410191842549954
150,-730,0,5.3410191842549954
170,-730,0,5.3410191842549954
190,-730,0,5.3410191842549954
210,-730,0,5.3410191842549954
230,-730,0,5.3410191842549954
250,-730,0,5.3410191842549954
270,-730,0,5.3410191842549954
290,-730,0,5.3410191842549954
310,-730,0,5.3410191842549954
330,-730,0,5.3410191842549954
350,-730,0,5.3410191842549954
370,-730,0,5.3410191842549954
390,-730,0,5.3410191842549954
410,-730,0,5.3410191842549954
430,-730,0,5.3410191842549954
450,-730,0,5.3410191842549954
470,-730,0,5.3410191842549954
490,-730,0,5.3410191842549954
510,-730,0,5.3410191842549954
530,-730,0,5.3410191842549954
550,-730,0,5.3410191842549954
570,-730,0,5.3410191842549954
590,-730,0,5.3410191842549954
610,-730,0,5.3410191842549954
630,-730,0,5.3410191842549954
650,-730,0,5.3410191842549954
670,-730,0,5.3410191842549954
690,-730,0,5.3410191842549954
710,-730,0,5.3410191842549954
730,-730,0,5.3410191842549954
750,-730,0,5.3410191842549954
770,-730,0,5.3410191842549954
790,-730,0,5.3410191842549954
-790,-710,0,5.3410191842549954
-770,-710,0,5.3410191842549954
-750,-710,0,5.3410191842549954
-730,-710,0,5.3410191842549954
-710,-710,0,5.3410191842549954
-690,-710,0,5.3410191842549954
-670,-710,0,5.3410191842549954
-650,-710,0,5.3410191842549954
-630,-710,0,5.3410191842549954
-610,-710,0,5.3410191842549954
-590,-710,0,5.3410191842549954
-570,-710,0,5.3410191842549954
-550,-710,0,5.3410191842549954
-530,-710,0,5.3410191842549954
-510,-710,0,5.3410191842549954
-490,-710,0,5.3410191842549954
-470,-710,0,5.3410191842549954
-450,-710,0,5.3410191842549954
-430,-710,0,5.3410191842549954
-410,-710,0,5.3410191842549954
-390,-710,0,5.3410191842549954
-370,-710,0,5.3410191842549954
-350,-710,0,5.3410191842549954
-330,-710,0,5.3410191842549954
-310,-710,0,5.3410191842549954
-290,-710,0,5.3410191842549954
-270,-710,0,5.3410191842549954
-250,-710,0,5.3410191842549954
-230,-710,0,5.3410191842549954
-210,-710,0,5.3410191842549954
-190,-710,0,5.3410191842549954
-170,-710,0,5.3410191842549954
-150,-710,0,5.3410191842549954
-130,-710,0,5.3410191842549954
-110,-710,0,5.3410191842549954
-90,-710,0,5.3410191842549954
-70,-710,0,5.3410191842549954
-50,-710,0,5.3410191842549954
-30,-710,0,5.3410191842549954
-10,-710,0,5.3410191842549954
10,-710,0,5.3410191842549954
30,-710,0,5.3410191842549954
50,-710,0,5.3410191842549954
70,-710,0,5.3410191842549954
90,-710,0,5.3410191842549954
110,-710,0,5.3410191842549954
130,-710,0,5.3410191842549954
150,-710,0,5.3410191842549954
170,-710,0,5.3410191842549954
190,-710,0,5.3410191842549954
210,-710,0,5.3410191842549954
230,-710,0,5.3410191842549954
250,-710,0,5.3410191842549954
270,-710,0,5.3410191842549954
290,-710,0,5.3410191842549954
310,-710,0,5.3410191842549954
330,-710,0,5.3410191842549954
350,-710,0,5.3410191842549954
370,-710,0,5.3410191842549954
390,-710,0,5.3410191842549954
410,-710,0,5.3410191842549954
430,-710,0,5.3410191842549954
450,-710,0,5.3410191842549954
470,-710,0,5.3410191842549954
490,-710,0,5.3410191842549954
510,-710,0,5.3410191842549954
530,-710,0,5.3410191842549954
550,-710,0,5.3410191842549954
570,-710,0,5.3410191842549954
590,-710,0,5.3410191842549954
610,-710,0,5.3410191842549954
630,-710,0,5.3410191842549954
650,-710,0,5.3410191842549954
670,-710,0,5.3410191842549954
690,-710,0,5.3410191842549954
710,-710,0,5.3410191842549954
730,-710,0,5.3410191842549954
750,-710,0,5.3410191842549954
770,-710,0,5.3410191842549954
790,-710,0,5.3410191842549954
-790,-690,0,5.3410191842549954
-770,-690,0,5.3410191842549954
-750,-690,0,5.3410191842549954
-730,-690,0,5.3410191842549954
-710,-690,0,5.3410191842549954
-690,-690,0,5.3410191842549954
-670,-690,0,5.3410191842549954
-650,-690,0,5.3410191842549954
-630,-690,0,5.3410191842549954
-610,-690,0,5.3410191842549954
-590,-690,0,5.3410191842549954
-570,-690,0,5.3410191842549954
-550,-690,0,5.3410191842549954
-530,-690,0,5.3410191842549954
-510,-690,0,5.3410191842549954
-490,-690,0,5.3410191842549954
-470,-690,0,5.3410191842549954
-450,-690,0,5.3410191842549954
-430,-690,0,5.3410191842549954
-410,-690,0,5.3410191842549954
-390,-690,0,5.3410191842549954
-370,-690,0,5.3410191842549954
-350,-690,0,5.3410191842549954
-330,-690,0,5.3410191842549954
-310,-690,0,5.3410191842549954
-290,-690,0,5.3410191842549954
-270,-690,0,5.3410191842549954
-250,-690,0,5.3410191842549954
-230,-690,0,5.3410191842549954
-210,-690,0,5.3410191842549954
-190,-690,0,5.3410191842549954
-170,-690,0,5.3410191842549954
-150,-690,0,5.3410191842549954
-130,-690,0,5.3410191842549954
-110,-690,0,5.3410191842549954
-90,-690,0,5.3410191842549954
-70,-690,0,5.3410191842549954
-50,-690,0,5.3410191842549954
-30,-690,0,5.3410191842549954
-10,-690,0,5.3410191842549954
10,-690,0,5.3410191842549954
30,-690,0,5.3410191842549954
50,-690,0,5.3410191842549954
70,-690,0,5.3410191842549954
90,-690,0,5.3410191842549954
110,-690,0,5.3410191842549954
130,-690,0,5.3410191842549954
150,-690,0,5.3410191842549954
170,-690,0,5.3410191842549954
190,-690,0,5.3410191842549954
210,-690,0,5.3410191842549954
230,-690,0,5.3410191842549954
250,-690,0,5.3410191842549954
270,-690,0,5.3410191842549954
290,-690,0,5.3410191842549954
310,-690,0,5.3410191842549954
330,-690,0,5.3410191842549954
350,-690,0,5.3410191842549954
370,-690,0,5.3410191842549954
390,-690,0,5.3410191842549954
410,-690,0,5.3410191842549954
430,-690,0,5.3410191842549954
450,-690,0,5.3410191842549954
470,-690,0,5.3410191842549954
490,-690,0,5.3410191842549954
510,-690,0,5.3410191842549954
530,-690,0,5.3410191842549954
550,-690,0,5.3410191842549954
570,-690,0,5.3410191842549954
590,-690,0,5.3410191842549954
610,-690,0,5.3410191842549954
630,-690,0,5.3410191842549954
650,-690,0,5.3410191842549954
670,-690,0,5.3410191842549954
690,-690,0,5.3410191842549954
710,-690,0,5.3410191842549954
730,-690,0,5.3410191842549954
750,-690,0,5.3410191842549954
770,-690,0,5.3410191842549954
790,-690,0,5.3410191842549954
-790,-670,0,5.3410191842549954
-770,-670,0,5.3410191842549954
-750,-670,0,5.3410191842549954
-730,-670,0,5.3410191842549954
-710,-670,0,5.3410191842549954
-690,-670,0,5.3410191842549954
-670,-670,0,5.3410191842549954
-650,-670,0,5.3410191842549954
-630,-670,0,5.3410191842549954
-610,-670,0,5.3410191842549954
-590,-670,0,5.3410191842549954
-570,-670,0,5.3410191842549954
-550,-670,0,5.3410191842549954
-530,-670,0,5.3410191842549954
-510,-670,0,5.3410191842549954
-490,-670,0,5.3410191842549954
-470,-670,0,5.3410191842549954
-450,-670,0,5.3410191842549954
-430,-670,0,5.3410191842549954
-410,-670,0,5.3410191842549954
-390,-670,0,5.3410191842549954
-370,-670,0,5.3410191842549954
-350,-670,0,5.3410191842549954
-330,-670,0,5.3410191842549954
-310,-670,0,5.3410191842549954
-290,-670,0,5.3410191842549954
-270,-670,0,5.3410191842549954
-250,-670,0,5.3410191842549954
-230,-670,0,5.3410191842549954
-210,-670,0,5.3410191842549954
-190,-670,0,5.3410191842549954
-170,-670,0,5.3410191842549954
-150,-670,0,5.3410191842549954
-130,-670,0,5.3410191842549954
-110,-670,0,5.3410191842549954
-90,-670,0,5.3410191842549954
-70,-670,0,5.3410191842549954
-50,-670,0,5.3410191842549954
-30,-670,0,5.3410191842549954
-10,-670,0,5.3410191842549954
10,-670,0,5.3410191842549954
30,-670,0,5.3410191842549954
50,-670,0,5.3410191842549954
70,-670,0,5.3410191842549954
90,-670,0,5.3410191842549954
110,-670,0,5.3410191842549954
130,-670,0,5.3410191842549954
150,-670,0,5.3410191842549954
170,-670,0,5.3410191842549954
190,-670,0,5.3410191842549954
210,-670,0,5.3410191842549954
230,-670,0,5.3410191842549954
250,-670,0,5.3410191842549954
270,-670,0,5.3410191842549954
290,-670,0,5.3410191842549954
310,-670,0,5.3410191842549954
330,-670,0,5.3410191842549954
350,-670,0,5.3410191842549954
370,-670,0,5.3410191842549954
390,-670,0,5.3410191842549954
410,-670,0,5.3410191842549954
430,-670,0,5.3410191842549954
450,-670,0,5.3410191842549954
470,-670,0,5.3410191842549954
490,-670,0,5.3410191842549954
510,-670,0,5.3410191842549954
530,-670,0,5.3410191842549954
550,-670,0,5.3410191842549954
570,-670,0,5.3410191842549954
590,-670,0,5.3410191842549954
610,-670,0,5.3410191842549954
630,-670,0,5.3410191842549954
650,-670,0,5.3410191842549954
670,-670,0,5.3410191842549954
690,-670,0,5.3410191842549954
710,-670,0,5.3410191842549954
730,-670,0,5.3410191842549954
750,-670,0,5.3410191842549954
770,-670,0,5.3410191842549954
790,-670,0,5.3410191842549954
-790,-650,0,5.3410191842549954
-770,-650,0,5.3410191842549954
-750,-650,0,5.3410191842549954
-730,-650,0,5.3410191842549954
-710,-650,0,5.3410191842549954
-690,-650,0,5.3410191842549954
-670,-650,0,5.3410191842549954
-650,-650,0,5.3410191842549954
-630,-650,0,5.3410191842549954
-610,-650,0,5.3410191842549954
-590,-650,0,5.3410191842549954
-570,-650,0,5.3410191842549954
-550,-650,0,5.3410191842549954
-530,-650,0,5.3410191842549954
-510,-650,0,5.3410191842549954
-490,-650,0,5.3410191842549954
-470,-650,0,5.3410191842549954
-450,-650,0,5.3410191842549954
-430,-650,0,5.3410191842549954
-410,-650,0,5.3410191842549954
-390,-650,0,5.3410191842549954
-370,-650,0,5.3410191842549954
-350,-650,0,5.3410191842549954
-330,-650,0,5.3410191842549954
-310,-650,0,5.3410191842549954
-290,-650,0,5.3410191842549954
-270,-650,0,5.3410191842549954
-250,-650,0,5.3410191842549954
-230,-650,0,5.3410191842549954
-210,-650,0,5.3410191842549954
-190,-650,0,5.3410191842549954
-170,-650,0,5.3410191842549954
-150,-650,0,5.3410191842549954
-130,-650,0,5.3410191842549954
-110,-650,0,5.3410191842549954
-90,-650,0,5.3410191842549954
-70,-650,0,5.3410191842549954
-50,-650,0,5.3410191842549954
-30,-650,0,5.3410191842549954
-10,-650,0,5.3410191842549954
10,-650,0,5.3410191842549954
30,-650,0,5.3410191842549954
50,-650,0,5.3410191842549954
70,-650,0,5.3410191842549954
90,-650,0,5.3410191842549954
110,-650,0,5.3410191842549954
130,-650,0,5.3410191842549954
150,-650,0,5.3410191842549954
170,-650,0,5.3410191842549954
190,-650,0,5.3410191842549954
210,-650,0,5.3410191842549954
230,-650,0,5.3410191842549954
250,-650,0,5.3410191842549954
270,-650,0,5.3410191842549954
290,-650,0,5.3410191842549954
310,-650,0,5.3410191842549954
330,-650,0,5.3410191842549954
350,-650,0,5.3410191842549954
370,-650,0,5.3410191842549954
390,-650,0,5.3410191842549954
410,-650,0,5.3410191842549954
430,-650,0,5.3410191842549954
450,-650,0,5.3410191842549954
470,-650,0,5.3410191842549954
490,-650,0,5.3410191842549954
510,-650,0,5.3410191842549954
530,-650,0,5.3410191842549954
550,-650,0,5.3410191842549954
570,-650,0,5.3410191842549954
590,-650,0,5.3410191842549954
610,-650,0,5.3410191842549954
630,-650,0,5.3410191842549954
650,-650,0,5.3410191842549954
670,-650,0,5.3410191842549954
690,-650,0,5.3410191842549954
710,-650,0,5.3410191842549954
730,-650,0,5.3410191842549954
750,-650,0,5.3410191842549954
770,-650,0,5.3410191842549954
790,-650,0,5.3410191842549954
-790,-630,0,5.3410191842549954
-770,-630,0,5.3410191842549954
-750,-630,0,5.3410191842549954
-730,-630,0,5.3410191842549954
-710,-630,0,5.3410191842549954
-690,-630,0,5.3410191842549954
-670,-630,0,5.3410191842549954
-650,-630,0,5.3410191842549954
-630,-630,0,5.3410191842549954
-610,-630,0,5.3410191842549954
-590,-630,0,5.3410191842549954
-570,-630,0,5.3410191842549954
-550,-630,0,5.3410191842549954
-530,-630,0,5.3410191842549954
-510,-630,0,5.3410191842549954
-490,-630,0,5.3410191842549954
-470,-630,0,5.3410191842549954
-450,-630,0,5.3410191842549954
-430,-630,0,5.3410191842549954
-410,-630,0,5.3410191842549954
-390,-630,0,5.3410191842549954
-370,-630,0,5.3410191842549954
-350,-630,0,5.3410191842549954
-330,-630,0,5.3410191842549954
-310,-630,0,5.3410191842549954
-290,-630,0,5.3410191842549954
-270,-630,0,5.3410191842549954
-250,-630,0,5.3410191842549954
-230,-630,0,5.3410191842549954
-210,-630,0,5.3410191842549954
-190,-630,0,5.3410191842549954
-170,-630,0,5.3410191842549954
-150,-630,0,5.3410191842549954
-130,-630,0,5.3410191842549954
-110,-630,0,5.3410191842549954
-90,-630,0,5.3410191842549954
-70,-630,0,5.3410191842549954
-50,-630,0,5.3410191842549954
-30,-630,0,5.3410191842549954
-10,-630,0,5.3410191842549954
10,-630,0,5.3410191842549954
30,-630,0,5.3410191842549954
50,-630,0,5.3410191842549954
70,-630,0,5.3410191842549954
90,-630,0,5.3410191842549954
110,-630,0,5.3410191842549954
130,-630,0,5.3410191842549954
150,-630,0,5.3410191842549954
170,-630,0,5.3410191842549954
190,-630,0,5.3410191842549954
210,-630,0,5.3410191842549954
230,-630,0,5.3410191842549954
250,-630,0,5.3410191842549954
270,-630,0,5.3410191842549954
290,-630,0,5.3410191842549954
310,-630,0,5.3410191842549954
330,-630,0,5.3410191842549954
350,-630,0,5.3410191842549954
370,-630,0,5.3410191842549954
390,-630,0,5.3410191842549954
410,-630,0,5.3410191842549954
430,-630,0,5.3410191842549954
450,-630,0,5.3410191842549954
470,-630,0,5.3410191842549954
490,-630,0,5.3410191842549954
510,-630,0,5.3410191842549954
530,-630,0,5.3410191842549954
550,-630,0,5.3410191842549954
570,-630,0,5.3410191842549954
590,-630,0,5.3410191842549954
610,-630,0,5.3410191842549954
630,-630,0,5.3410191842549954
650,-630,0,5.3410191842549954
670,-630,0,5.3410191842549954
690,-630,0,5.3410191842549954
710,-630,0,5.3410191842549954
730,-630,0,5.3410191842549954
750,-630,0,5.3410191842549954
770,-630,0,5.3410191842549954
790,-630,0,5.3410191842549954
-790,-610,0,5.3410191842549954
-770,-610,0,5.3410191842549954
-750,-610,0,5.3410191842549954
-730,-610,0,5.3410191842549954
-710,-610,0,5.3410191842549954
-690,-610,0,5.3410191842549954
-670,-610,0,5.3410191842549954
-650,-610,0,5.3410191842549954
-630,-610,0,5.3410191842549954
-610,-610,0,5.3410191842549954
-590,-610,0,5.3410191842549954
-570,-610,0,5.3410191842549954
-550,-610,0,5.3410191842549954
-530,-610,0,5.3410191842549954
-510,-610,0,5.3410191842549954
-490,-610,0,5.3410191842549954
-470,-610,0,5.3410191842549954
-450,-610,0,5.3410191842549954
-430,-610,0,5.3410191842549954
-410,-610,0,5.3410191842549954
-390,-610,0,5.3410191842549954
-370,-610,0,5.3410191842549954
-350,-610,0,5.3410191842549954
-330,-610,0,5.3410191842549954
-310,-610,0,5.3410191842549954
-290,-610,0,5.3410191842549954
-270,-610,0,5.3410191842549954
-250,-610,0,5.3410191842549954
-230,-610,0,5.3410191842549954
-210,-610,0,5.3410191842549954
-190,-610,0,5.3410191842549954
-170,-610,0,5.3410191842549954
-150,-610,0,5.3410191842549954
-130,-610,0,5.3410191842549954
-110,-610,0,5.3410191842549954
-90,-610,0,5.3410191842549954
-70,-610,0,5.3410191842549954
-50,-610,0,5.3410191842549954
-30,-610,0,5.3410191842549954
-10,-610,0,5.3410191842549954
10,-610,0,5.3410191842549954
30,-610,0,5.3410191842549954
50,-610,0,5.3410191842549954
70,-610,0,5.3410191842549954
90,-610,0,5.3410191842549954
110,-610,0,5.3410191842549954
130,-610,0,5.3410191842549954
150,-610,0,5.3410191842549954
170,-610,0,5.3410191842549954
190,-610,0,5.3410191842549954
210,-610,0,5.3410191842549954
230,-610,0,5.3410191842549954
250,-610,0,5.3410191842549954
270,-610,0,5.3410191842549954
290,-610,0,5.3410191842549954
310,-610,0,5.3410191842549954
330,-610,0,5.3410191842549954
350,-610,0,5.3410191842549954
370,-610,0,5.3410191842549954
390,-610,0,5.3410191842549954
410,-610,0,5.3410191842549954
430,-610,0,5.3410191842549954
450,-610,0,5.3410191842549954
470,-610,0,5.3410191842549954
490,-610,0,5.3410191842549954
510,-610,0,5.3410191842549954
530,-610,0,5.3410191842549954
550,-610,0,5.3410191842549954
570,-610,0,5.3410191842549954
590,-610,0,5.3410191842549954
610,-610,0,5.3410191842549954
630,-610,0,5.3410191842549954
650,-610,0,5.3410191842549954
670,-610,0,5.3410191842549954
690,-610,0,5.3410191842549954
710,-610,0,5.3410191842549954
730,-610,0,5.3410191842549954
750,-610,0,5.3410191842549954
770,-610,0,5.3410191842549954
790,-610,0,5.3410191842549954
-790,-590,0,5.3410191842549954
-770,-590,0,5.3410191842549954
-750,-590,0,5.3410191842549954
-730,-590,0,5.3410191842549954
-710,-590,0,5.3410191842549954
-690,-590,0,5.3410191842549954
-670,-590,0,5.3410191842549954
-650,-590,0,5.3410191842549954
-630,-590,0,5.3410191842549954
-610,-590,0,5.3410191842549954
-590,-590,0,5.3410191842549954
-570,-590,0,5.3410191842549954
-550,-590,0,5.3410191842549954
-530,-590,0,5.3410191842549954
-510,-590,0,5.3410191842549954
-490,-590,0,5.3410191842549954
-470,-590,0,5.3410191842549954
-450,-590,0,5.3410191842549954
-430,-590,0,5.3410191842549954
-410,-590,0,5.3410191842549954
-390,-590,0,5.3410191842549954
-370,-590,0,5.3410191842549954
-350,-590,0,5.3410191842549954
-330,-590,0,5.3410191842549954
-310,-590,0,5.3410191842549954
-290,-590,0,5.3410191842549954
-270,-590,0,5.3410191842549954
-250,-590,0,5.3410191842549954
-230,-590,0,5.3410191842549954
-210,-590,0,5.3410191842549954
-190,-590,0,5.3410191842549954
-170,-590,0,5.3410191842549954
-150,-590,0,5.3410191842549954
-130,-590,0,5.3410191842549954
-110,-590,0,5.3410191842549954
-90,-590,0,5.3410191842549954
-70,-590,0,5.3410191842549954
-50,-590,0,5.3410191842549954
-30,-590,0,5.3410191842549954
-10,-590,0,5.3410191842549954
10,-590,0,5.3410191842549954
30,-590,0,5.3410191842549954
50,-590,0,5.3410191842549954
70,-590,0,5.3410191842549954
90,-590,0,5.3410191842549954
110,-590,0,5.3410191842549954
130,-590,0,5.3410191842549954
150,-590,0,5.3410191842549954
170,-590,0,5.3410191842549954
190,-590,0,5.3410191842549954
210,-590,0,5.3410191842549954
230,-590,0,5.3410191842549954
250,-590,0,5.3410191842549954
270,-590,0,5.3410191842549954
290,-590,0,5.3410191842549954
310,-590,0,5.3410191842549954
330,-590,0,5.3410191842549954
350,-590,0,5.3410191842549954
370,-590,0,5.3410191842549954
390,-590,0,5.3410191842549954
410,-590,0,5.3410191842549954
430,-590,0,5.3410191842549954
450,-590,0,5.3410191842549954
470,-590,0,5.3410191842549954
490,-590,0,5.3410191842549954
510,-590,0,5.3410191842549954
530,-590,0,5.3410191842549954
550,-590,0,5.3410191842549954
570,-590,0,5.3410191842549954
590,-590,0,5.3410191842549954
610,-590,0,5.3410191842549954
630,-590,0,5.3410191842549954
650,-590,0,5.3410191842549954
670,-590,0,5.3410191842549954
690,-590,0,5.3410191842549954
710,-590,0,5.3410191842549954
730,-590,0,5.3410191842549954
750,-590,0,5.3410191842549954
770,-590,0,5.3410191842549954
790,-590,0,5.3410191842549954
-790,-570,0,5.3410191842549954
-770,-570,0,5.3410191842549954
-750,-570,0,5.3410191842549954
-730,-570,0,5.3410191842549954
-710,-570,0,5.3410191842549954
-690,-570,0,5.3410191842549954
-670,-570,0,5.3410191842549954
-650,-570,0,5.3410191842549954
-630,-570,0,5.3410191842549954
-610,-570,0,5.3410191842549954
-590,-570,0,5.3410191842549954
-570,-570,0,5.3410191842549954
-550,-570,0,5.3410191842549954
-530,-570,0,5.3410191842549954
-510,-570,0,5.3410191842549954
-490,-570,0,5.3410191842549954
-470,-570,0,5.3410191842549954
-450,-570,0,5.3410191842549954
-430,-570,0,5.3410191842549954
-410,-570,0,5.3410191842549954
-390,-570,0,5.3410191842549954
-370,-570,0,5.3410191842549954
-350,-570,0,5.3410191842549954
-330,-570,0,5.3410191842549954
-310,-570,0,5.3410191842549954
-290,-570,0,5.3410191842549954
-270,-570,0,5.3410191842549954
-250,-570,0,5.3410191842549954
-230,-570,0,5.3410191842549954
-210,-570,0,5.3410191842549954
-190,-570,0,5.3410191842549954
-170,-570,0,5.3410191842549954
-150,-570,0,5.3410191842549954
-130,-570,0,5.3410191842549954
-110,-570,0,5.3410191842549954
-90,-570,0,5.3410191842549954
-70,-570,0,5.3410191842549954
-50,-570,0,5.3410191842549954
-30,-570,0,5.3410191842549954
-10,-570,0,5.3410191842549954
10,-570,0,5.3410191842549954
30,-570,0,5.3410191842549954
50,-570,0,5.3410191842549954
70,-570,0,5.3410191842549954
90,-570,0,5.3410191842549954
110,-570,0,5.3410191842549954
130,-570,0,5.3410191842549954
150,-570,0,5.3410191842549954
170,-570,0,5.3410191842549954
190,-570,0,5.3410191842549954
210,-570,0,5.3410191842549954
230,-570,0,5.3410191842549954
250,-570,0,5.3410191842549954
270,-570,0,5.3410191842549954
290,-570,0,5.3410191842549954
310,-570,0,5.3410191842549954
330,-570,0,5.3410191842549954
350,-570,0,5.3410191842549954
370,-570,0,5.3410191842549954
390,-570,0,5.3410191842549954
410,-570,0,5.3410191842549954
430,-570,0,5.3410191842549954
450,-570,0,5.3410191842549954
470,-570,0,5.3410191842549954
490,-570,0,5.3410191842549954
510,-570,0,5.3410191842549954
530,-570,0,5.3410191842549954
550,-570,0,5.3410191842549954
570,-570,0,5.3410191842549954
590,-570,0,5.3410191842549954
610,-570,0,5.3410191842549954
630,-570,0,5.3410191842549954
650,-570,0,5.3410191842549954
670,-570,0,5.3410191842549954
690,-570,0,5.3410191842549954
710,-570,0,5.3410191842549954
730,-570,0,5.3410191842549954
750,-570,0,5.3410191842549954
770,-570,0,5.3410191842549954
790,-570,0,5.3410191842549954
-790,-550,0,5.3410191842549954
-770,-550,0,5.3410191842549954
-750,-550,0,5.3410191842549954
-730,-550,0,5.3410191842549954
-710,-550,0,5.3410191842549954
-690,-550,0,5.3410191842549954
-670,-550,0,5.3410191842549954
-650,-550,0,5.3410191842549954
-630,-550,0,5.3410191842549954
-610,-550,0,5.3410191842549954
-590,-550,0,5.3410191842549954
-570,-550,0,5.3410191842549954
-550,-550,0,5.3410191842549954
-530,-550,0,5.3410191842549954
-510,-550,0,5.3410191842549954
-490,-550,0,5.3410191842549954
-470,-550,0,5.3410191842549954
-450,-550,0,5.3410191842549954
-430,-550,0,5.3410191842549954
-410,-550,0,5.3410191842549954
-390,-550,0,5.3410191842549954
-370,-550,0,5.3410191842549954
-350,-550,0,5.3410191842549954
-330,-550,0,5.3410191842549954
-310,-550,0,5.3410191842549954
-290,-550,0,5.3410191842549954
-270,-550,0,5.3410191842549954
-250,-550,0,5.3410191842549954
-230,-550,0,5.3410191842549954
-210,-550,0,5.3410191842549954
-190,-550,0,5.3410191842549954
-170,-550,0,5.3410191842549954
-150,-550,0,5.3410191842549954
-130,-550,0,5.3410191842549954
-110,-550,0,5.3410191842549954
-90,-550,0,5.3410191842549954
-70,-550,0,5.3410191842549954
-50,-550,0,5.3410191842549954
-30,-550,0,5.3410191842549954
-10,-550,0,5.3410191842549954
10,-550,0,5.3410191842549954
30,-550,0,5.3410191842549954
50,-550,0,5.3410191842549954
70,-550,0,5.3410191842549954
90,-550,0,5.3410191842549954
110,-550,0,5.3410191842549954
130,-550,0,5.3410191842549954
150,-550,0,5.3410191842549954
170,-550,0,5.3410191842549954
190,-550,0,5.3410191842549954
210,-550,0,5.3410191842549954
230,-550,0,5.3410191842549954
250,-550,0,5.3410191842549954
270,-550,0,5.3410191842549954
290,-550,0,5.3410191842549954
310,-550,0,5.3410191842549954
330,-550,0,5.3410191842549954
350,-550,0,5.3410191842549954
370,-550,0,5.3410191842549954
390,-550,0,5.3410191842549954
410,-550,0,5.3410191842549954
430,-550,0,5.3410191842549954
450,-550,0,5.3410191842549954
470,-550,0,5.3410191842549954
490,-550,0,5.3410191842549954
510,-550,0,5.3410191842549954
530,-550,0,5.3410191842549954
550,-550,0,5.3410191842549954
570,-550,0,5.3410191842549954
590,-550,0,5.3410191842549954
610,-550,0,5.3410191842549954
630,-550,0,5.3410191842549954
650,-550,0,5.3410191842549954
670,-550,0,5.3410191842549954
690,-550,0,5.3410191842549954
710,-550,0,5.3410191842549954
730,-550,0,5.3410191842549954
750,-550,0,5.3410191842549954
770,-550,0,5.3410191842549954
790,-550,0,5.3410191842549954
-790,-530,0,5.3410191842549954
-770,-530,0,5.3410191842549954
-750,-530,0,5.3410191842549954
-730,-530,0,5.3410191842549954
-710,-530,0,5.3410191842549954
-690,-530,0,5.3410191842549954
-670,-530,0,5.3410191842549954
-650,-530,0,5.3410191842549954
-630,-530,0,5.3410191842549954
-610,-530,0,5.3410191842549954
-590,-530,0,5.3410191842549954
-570,-530,0,5.3410191842549954
-550,-530,0,5.3410191842549954
-530,-530,0,5.3410191842549954
-510,-530,0,5.3410191842549954
-490,-530,0,5.3410191842549954
-470,-530,0,5.3410191842549954
-450,-530,0,5.3410191842549954
-430,-530,0,5.3410191842549954
-410,-530,0,5.3410191842549954
-390,-530,0,5.3410191842549954
-370,-530,0,5.3410191842549954
-350,-530,0,5.3410191842549954
-330,-530,0,5.3410191842549954
-310,-530,0,5.3410191842549954
-290,-530,0,5.3410191842549954
-270,-530,0,5.3410191842549954
-250,-530,0,5.3410191842549954
-230,-530,0,5.3410191842549954
-210,-530,0,5.3410191842549954
-190,-530,0,5.3410191842549954
-170,-530,0,5.3410191842549954
-150,-530,0,5.3410191842549954
-130,-530,0,5.3410191842549954
-110,-530,0,5.3410191842549954
-90,-530,0,5.3410191842549954
-70,-530,0,5.3410191842549954
-50,-530,0,5.3410191842549954
-30,-530,0,5.3410191842549954
-10,-530,0,5.3410191842549954
10,-530,0,5.3410191842549954
30,-530,0,5.3410191842549954
50,-530,0,5.3410191842549954
70,-530,0,5.3410191842549954
90,-530,0,5.3410191842549954
110,-530,0,5.3410191842549954
130,-530,0,5.3410191842549954
150,-530,0,5.3410191842549954
170,-530,0,5.3410191842549954
190,-530,0,5.3410191842549954
210,-530,0,5.3410191842549954
230,-530,0,5.3410191842549954
250,-530,0,5.3410191842549954
270,-530,0,5.3410191842549954
290,-530,0,5.3410191842549954
310,-530,0,5.3410191842549954
330,-530,0,5.3410191842549954
350,-530,0,5.3410191842549954
370,-530,0,5.3410191842549954
390,-530,0,5.3410191842549954
410,-530,0,5.3410191842549954
430,-530,0,5.3410191842549954
450,-530,0,5.3410191842549954
470,-530,0,5.3410191842549954
490,-530,0,5.3410191842549954
510,-530,0,5.3410191842549954
530,-530,0,5.3410191842549954
550,-530,0,5.3410191842549954
570,-530,0,5.3410191842549954
590,-530,0,5.3410191842549954
610,-530,0,5.3410191842549954
630,-530,0,5.3410191842549954
650,-530,0,5.3410191842549954
670,-530,0,5.3410191842549954
690,-530,0,5.3410191842549954
710,-530,0,5.3410191842549954
730,-530,0,5.3410191842549954
750,-530,0,5.3410191842549954
770,-530,0,5.3410191842549954
790,-530,0,5.3410191842549954
-790,-510,0,5.3410191842549954
-770,-510,0,5.3410191842549954
-750,-510,0,5.3410191842549954
-730,-510,0,5.3410191842549954
-710,-510,0,5.3410191842549954
-690,-510,0,5.3410191842549954
-670,-510,0,5.3410191842549954
-650,-510,0,5.3410191842549954
-630,-510,0,5.3410191842549954
-610,-510,0,5.3410191842549954
-590,-510,0,5.3410191842549954
-570,-510,0,5.3410191842549954
-550,-510,0,5.3410191842549954
-530,-510,0,5.3410191842549954
-510,-510,0,5.3410191842549954
-490,-510,0,5.3410191842549954
-470,-510,0,5.3410191842549954
-450,-510,0,5.3410191842549954
-430,-510,0,5.3410191842549954
-410,-510,0,5.3410191842549954
-390,-510,0,5.3410191842549954
-370,-510,0,5.3410191842549954
-350,-510,0,5.3410191842549954
-330,-510,0,5.3410191842549954
-310,-510,0,5.3410191842549954
-290,-510,0,5.3410191842549954
-270,-510,0,5.3410191842549954
-250,-510,0,5.3410191842549954
-230,-510,0,5.3410191842549954
-210,-510,0,5.3410191842549954
-190,-510,0,5.3410191842549954
-170,-510,0,5.3410191842549954
-150,-510,0,5.3410191842549954
-130,-510,0,5.3410191842549954
-110,-510,0,5.3410191842549954
-90,-510,0,5.3410191842549954
-70,-510,0,5.3410191842549954
-50,-510,0,5.3410191842549954
-30,-510,0,5.3410191842549954
-10,-510,0,5.3410191842549954
10,-510,0,5.3410191842549954
30,-510,0,5.3410191842549954
50,-510,0,5.3410191842549954
70,-510,0,5.3410191842549954
90,-510,0,5.3410191842549954
110,-510,0,5.3410191842549954
130,-510,0,5.3410191842549954
150,-510,0,5.3410191842549954
170,-510,0,5.3410191842549954
190,-510,0,5.3410191842549954
210,-510,0,5.3410191842549954
230,-510,0,5.3410191842549954
250,-510,0,5.3410191842549954
270,-510,0,5.3410191842549954
290,-510,0,5.3410191842549954
310,-510,0,5.3410191842549954
330,-510,0,5.3410191842549954
350,-510,0,5.3410191842549954
370,-510,0,5.3410191842549954
390,-510,0,5.3410191842549954
410,-510,0,5.3410191842549954
430,-510,0,5.3410191842549954
450,-510,0,5.3410191842549954
470,-510,0,5.3410191842549954
490,-510,0,5.3410191842549954
510,-510,0,5.3410191842549954
530,-510,0,5.3410191842549954
550,-510,0,5.3410191842549954
570,-510,0,5.3410191842549954
590,-510,0,5.3410191842549954
610,-510,0,5.3410191842549954
630,-510,0,5.3410191842549954
650,-510,0,5.3410191842549954
670,-510,0,5.3410191842549954
690,-510,0,5.3410191842549954
710,-510,0,5.3410191842549954
730,-510,0,5.3410191842549954
750,-510,0,5.3410191842549954
770,-510,0,5.3410191842549954
790,-510,0,5.3410191842549954
-790,-490,0,5.3410191842549954
-770,-490,0,5.3410191842549954
-750,-490,0,5.3410191842549954
-730,-490,0,5.3410191842549954
-710,-490,0,5.3410191842549954
-690,-490,0,5.3410191842549954
-670,-490,0,5.3410191842549954
-650,-490,0,5.3410191842549954
-630,-490,0,5.3410191842549954
-610,-490,0,5.3410191842549954
-590,-490,0,5.3410191842549954
-570,-490,0,5.3410191842549954
-550,-490,0,5.3410191842549954
-530,-490,0,5.3410191842549954
-510,-490,0,5.3410191842549954
-490,-490,0,5.3410191842549954
-470,-490,0,5.3410191842549954
-450,-490,0,5.3410191842549954
-430,-490,0,5.3410191842549954
-410,-490,0,5.3410191842549954
-390,-490,0,5.3410191842549954
-370,-490,0,5.3410191842549954
-350,-490,0,5.3410191842549954
-330,-490,0,5.3410191842549954
-310,-490,0,5.3410191842549954
-290,-490,0,5.3410191842549954
-270,-490,0,5.3410191842549954
-250,-490,0,5.3410191842549954
-230,-490,0,5.3410191842549954
-210,-490,0,5.3410191842549954
-190,-490,0,5.3410191842549954
-170,-490,0,5.3410191842549954
-150,-490,0,5.3410191842549954
-130,-490,0,5.3410191842549954
-110,-490,0,5.3410191842549954
-90,-490,0,5.3410191842549954
-70,-490,0,5.3410191842549954
-50,-490,0,5.3410191842549954
-30,-490,0,5.3410191842549954
-10,-490,0,5.3410191842549954
10,-490,0,5.3410191842549954
30,-490,0,5.3410191842549954
50,-490,0,5.3410191842549954
70,-490,0,5.3410191842549954
90,-490,0,5.3410191842549954
110,-490,0,5.3410191842549954
130,-490,0,5.3410191842549954
150,-490,0,5.3410191842549954
170,-490,0,5.3410191842549954
190,-490,0,5.3410191842549954
210,-490,0,5.3410191842549954
230,-490,0,5.3410191842549954
250,-490,0,5.3410191842549954
270,-490,0,5.3410191842549954
290,-490,0,5.3410191842549954
310,-490,0,5.3410191842549954
330,-490,0,5.3410191842549954
350,-490,0,5.3410191842549954
370,-490,0,5.3410191842549954
390,-490,0,5.3410191842549954
410,-490,0,5.3410191842549954
430,-490,0,5.3410191842549954
450,-490,0,5.3410191842549954
470,-490,0,5.3410191842549954
490,-490,0,5.3410191842549954
510,-490,0,5.3410191842549954
530,-490,0,5.3410191842549954
550,-490,0,5.3410191842549954
570,-490,0,5.3410191842549954
590,-490,0,5.3410191842549954
610,-490,0,5.3410191842549954
630,-490,0,5.3410191842549954
650,-490,0,5.3410191842549954
670,-490,0,5.3410191842549954
690,-490,0,5.3410191842549954
710,-490,0,5.3410191842549954
730,-490,0,5.3410191842549954
750,-490,0,5.3410191842549954
770,-490,0,5.3410191842549954
790,-490,0,5.3410191842549954
-790,-470,0,5.3410191842549954
-770,-470,0,5.3410191842549954
-750,-470,0,5.3410191842549954
-730,-470,0,5.3410191842549954
-710,-470,0,5.3410191842549954
-690,-470,0,5.3410191842549954
-670,-470,0,5.3410191842549954
-650,-470,0,5.3410191842549954
-630,-470,0,5.3410191842549954
-610,-470,0,5.3410191842549954
-590,-470,0,5.3410191842549954
-570,-470,0,5.3410191842549954
-550,-470,0,5.3410191842549954
-530,-470,0,5.3410191842549954
-510,-470,0,5.3410191842549954
-490,-470,0,5.3410191842549954
-470,-470,0,5.3410191842549954
-450,-470,0,5.3410191842549954
-430,-470,0,5.3410191842549954
-410,-470,0,5.3410191842549954
-390,-470,0,5.3410191842549954
-370,-470,0,5.3410191842549954
-350,-470,0,5.3410191842549954
-330,-470,0,5.3410191842549954
-310,-470,0,5.3410191842549954
-290,-470,0,5.3410191842549954
-270,-470,0,5.3410191842549954
-250,-470,0,5.3410191842549954
-230,-470,0,5.3410191842549954
-210,-470,0,5.3410191842549954
-190,-470,0,5.3410191842549954
-170,-470,0,5.3410191842549954
-150,-470,0,5.3410191842549954
-130,-470,0,5.3410191842549954
-110,-470,0,5.3410191842549954
-90,-470,0,5.3410191842549954
-70,-470,0,5.3410191842549954
-50,-470,0,5.3410191842549954
-30,-470,0,5.3410191842549954
-10,-470,0,5.3410191842549954
10,-470,0,5.3410191842549954
30,-470,0,5.3410191842549954
50,-470,0,5.3410191842549954
70,-470,0,5.3410191842549954
90,-470,0,5.3410191842549954
110,-470,0,5.3410191842549954
130,-470,0,5.3410191842549954
150,-470,0,5.3410191842549954
170,-470,0,5.3410191842549954
190,-470,0,5.3410191842549954
210,-470,0,5.3410191842549954
230,-470,0,5.3410191842549954
250,-470,0,5.3410191842549954
270,-470,0,5.3410191842549954
290,-470,0,5.3410191842549954
310,-470,0,5.3410191842549954
330,-470,0,5.3410191842549954
350,-470,0,5.3410191842549954
370,-470,0,5.3410191842549954
390,-470,0,5.3410191842549954
410,-470,0,5.3410191842549954
430,-470,0,5.3410191842549954
450,-470,0,5.3410191842549954
470,-470,0,5.3410191842549954
490,-470,0,5.3410191842549954
510,-470,0,5.3410191842549954
530,-470,0,5.3410191842549954
550,-470,0,5.3410191842549954
570,-470,0,5.3410191842549954
590,-470,0,5.3410191842549954
610,-470,0,5.3410191842549954
630,-470,0,5.3410191842549954
650,-470,0,5.3410191842549954
670,-470,0,5.3410191842549954
690,-470,0,5.3410191842549954
710,-470,0,5.3410191842549954
730,-470,0,5.3410191842549954
750,-470,0,5.3410191842549954
770,-470,0,5.3410191842549954
790,-470,0,5.3410191842549954
-790,-450,0,5.3410191842549954
-770,-450,0,5.3410191842549954
-750,-450,0,5.3410191842549954
-730,-450,0,5.3410191842549954
-710,-450,0,5.3410191842549954
-690,-450,0,5.3410191842549954
-670,-450,0,5.3410191842549954
-650,-450,0,5.3410191842549954
-630,-450,0,5.3410191842549954
-610,-450,0,5.3410191842549954
-590,-450,0,5.3410191842549954
-570,-450,0,5.3410191842549954
-550,-450,0,5.3410191842549954
-530,-450,0,5.3410191842549954
-510,-450,0,5.3410191842549954
-490,-450,0,5.3410191842549954
-470,-450,0,5.3410191842549954
-450,-450,0,5.3410191842549954
-430,-450,0,5.3410191842549954
-410,-450,0,5.3410191842549954
-390,-450,0,5.3410191842549954
-370,-450,0,5.3410191842549954
-350,-450,0,5.3410191842549954
-330,-450,0,5.3410191842549954
-310,-450,0,5.3410191842549954
-290,-450,0,5.3410191842549954
-270,-450,0,5.3410191842549954
-250,-450,0,5.3410191842549954
-230,-450,0,5.3410191842549954
-210,-450,0,5.3410191842549954
-190,-450,0,5.3410191842549954
-170,-450,0,5.3410191842549954
-150,-450,0,5.3410191842549954
-130,-450,0,5.3410191842549954
-110,-450,0,5.3410191842549954
-90,-450,0,5.3410191842549954
-70,-450,0,5.3410191842549954
-50,-450,0,5.3410191842549954
-30,-450,0,5.3410191842549954
-10,-450,0,5.3410191842549954
10,-450,0,5.3410191842549954
30,-450,0,5.3410191842549954
50,-450,0,5.3410191842549954
70,-450,0,5.3410191842549954
90,-450,0,5.3410191842549954
110,-450,0,5.3410191842549954
130,-450,0,5.3410191842549954
150,-450,0,5.3410191842549954
170,-450,0,5.3410191842549954
190,-450,0,5.3410191842549954
210,-450,0,5.3410191842549954
230,-450,0,5.3410191842549954
250,-450,0,5.3410191842549954
270,-450,0,5.3410191842549954
290,-450,0,5.3410191842549954
310,-450,0,5.3410191842549954
330,-450,0,5.3410191842549954
350,-450,0,5.3410191842549954
370,-450,0,5.3410191842549954
390,-450,0,5.3410191842549954
410,-450,0,5.3410191842549954
430,-450,0,5.3410191842549954
450,-450,0,5.3410191842549954
470,-450,0,5.3410191842549954
490,-450,0,5.3410191842549954
510,-450,0,5.3410191842549954
530,-450,0,5.3410191842549954
550,-450,0,5.3410191842549954
570,-450,0,5.3410191842549954
590,-450,0,5.3410191842549954
610,-450,0,5.3410191842549954
630,-450,0,5.3410191842549954
650,-450,0,5.3410191842549954
670,-450,0,5.3410191842549954
690,-450,0,5.3410191842549954
710,-450,0,5.3410191842549954
730,-450,0,5.3410191842549954
750,-450,0,5.3410191842549954
770,-450,0,5.3410191842549954
790,-450,0,5.3410191842549954
-790,-430,0,5.3410191842549954
-770,-430,0,5.3410191842549954
-750,-430,0,5.3410191842549954
-730,-430,0,5.3410191842549954
-710,-430,0,5.3410191842549954
-690,-430,0,5.3410191842549954
-670,-430,0,5.3410191842549954
-650,-430,0,5.3410191842549954
-630,-430,0,5.3410191842549954
-610,-430,0,5.3410191842549954
-590,-430,0,5.3410191842549954
-570,-430,0,5.3410191842549954
-550,-430,0,5.3410191842549954
-530,-430,0,5.3410191842549954
-510,-430,0,5.3410191842549954
-490,-430,0,5.3410191842549954
-470,-430,0,5.3410191842549954
-450,-430,0,5.3410191842549954
-430,-430,0,5.3410191842549954
-410,-430,0,5.3410191842549954
-390,-430,0,5.3410191842549954
-370,-430,0,5.3410191842549954
-350,-430,0,5.3410191842549954
-330,-430,0,5.3410191842549954
-310,-430,0,5.3410191842549954
-290,-430,0,5.3410191842549954
-270,-430,0,5.3410191842549954
-250,-430,0,5.3410191842549954
-230,-430,0,5.3410191842549954
-210,-430,0,5.3410191842549954
-190,-430,0,5.3410191842549954
-170,-430,0,5.3410191842549954
-150,-430,0,5.3410191842549954
-130,-430,0,5.3410191842549954
-110,-430,0,5.3410191842549954
-90,-430,0,5.3410191842549954
-70,-430,0,5.3410191842549954
-50,-430,0,5.3410191842549954
-30,-430,0,5.3410191842549954
-10,-430,0,5.3410191842549954
10,-430,0,5.3410191842549954
30,-430,0,5.3410191842549954
50,-430,0,5.3410191842549954
70,-430,0,5.3410191842549954
90,-430,0,5.3410191842549954
110,-430,0,5.3410191842549954
130,-430,0,5.3410191842549954
150,-430,0,5.3410191842549954
170,-430,0,5.3410191842549954
190,-430,0,5.3410191842549954
210,-430,0,5.3410191842549954
230,-430,0,5.3410191842549954
250,-430,0,5.3410191842549954
270,-430,0,5.3410191842549954
290,-430,0,5.3410191842549954
310,-430,0,5.3410191842549954
330,-430,0,5.3410191842549954
350,-430,0,5.3410191842549954
370,-430,0,5.3410191842549954
390,-430,0,5.3410191842549954
410,-430,0,5.3410191842549954
430,-430,0,5.3410191842549954
450,-430,0,5.3410191842549954
470,-430,0,5.3410191842549954
490,-430,0,5.3410191842549954
510,-430,0,5.3410191842549954
530,-430,0,5.3410191842549954
550,-430,0,5.3410191842549954
570,-430,0,5.3410191842549954
590,-430,0,5.3410191842549954
610,-430,0,5.3410191842549954
630,-430,0,5.3410191842549954
650,-430,0,5.3410191842549954
670,-430,0,5.3410191842549954
690,-430,0,5.3410191842549954
710,-430,0,5.3410191842549954
730,-430,0,5.3410191842549954
750,-430,0,5.3410191842549954
770,-430,0,5.3410191842549954
790,-430,0,5.3410191842549954
-790,-410,0,5.3410191842549954
-770,-410,0,5.3410191842549954
-750,-410,0,5.3410191842549954
-730,-410,0,5.3410191842549954
-710,-410,0,5.3410191842549954
-690,-410,0,5.3410191842549954
-670,-410,0,5.3410191842549954
-650,-410,0,5.3410191842549954
-630,-410,0,5.3410191842549954
-610,-410,0,5.3410191842549954
-590,-410,0,5.3410191842549954
-570,-410,0,5.3410191842549954
-550,-410,0,5.3410191842549954
-530,-410,0,5.3410191842549954
-510,-410,0,5.3410191842549954
-490,-410,0,5.3410191842549954
-470,-410,0,5.3410191842549954
-450,-410,0,5.3410191842549954
-430,-410,0,5.3410191842549954
-410,-410,0,5.3410191842549954
-390,-410,0,5.3410191842549954
-370,-410,0,5.3410191842549954
-350,-410,0,5.3410191842549954
-330,-410,0,5.3410191842549954
-310,-410,0,5.3410191842549954
-290,-410,0,5.3410191842549954
-270,-410,0,5.3410191842549954
-250,-410,0,5.3410191842549954
-230,-410,0,5.3410191842549954
-210,-410,0,5.3410191842549954
-190,-410,0,5.3410191842549954
-170,-410,0,5.3410191842549954
-150,-410,0,5.3410191842549954
-130,-410,0,5.3410191842549954
-110,-410,0,5.3410191842549954
-90,-410,0,5.3410191842549954
-70,-410,0,5.3410191842549954
-50,-410,0,5.3410191842549954
-30,-410,0,5.3410191842549954
-10,-410,0,5.3410191842549954
10,-410,0,5.3410191842549954
30,-410,0,5.3410191842549954
50,-410,0,5.3410191842549954
70,-410,0,5.3410191842549954
90,-410,0,5.3410191842549954
110,-410,0,5.3410191842549954
130,-410,0,5.3410191842549954
150,-410,0,5.3410191842549954
170,-410,0,5.3410191842549954
190,-410,0,5.3410191842549954
210,-410,0,5.3410191842549954
230,-410,0,5.3410191842549954
250,-410,0,5.3410191842549954
270,-410,0,5.3410191842549954
290,-410,0,5.3410191842549954
310,-410,0,5.3410191842549954
330,-410,0,5.3410191842549954
350,-410,0,5.3410191842549954
370,-410,0,5.3410191842549954
390,-410,0,5.3410191842549954
410,-410,0,5.3410191842549954
430,-410,0,5.3410191842549954
450,-410,0,5.3410191842549954
470,-410,0,5.3410191842549954
490,-410,0,5.3410191842549954
510,-410,0,5.3410191842549954
530,-410,0,5.3410191842549954
550,-410,0,5.3410191842549954
570,-410,0,5.3410191842549954
590,-410,0,5.3410191842549954
610,-410,0,5.3410191842549954
630,-410,0,5.3410191842549954
650,-410,0,5.3410191842549954
670,-410,0,5.3410191842549954
690,-410,0,5.3410191842549954
710,-410,0,5.3410191842549954
730,-410,0,5.3410191842549954
750,-410,0,5.3410191842549954
770,-410,0,5.3410191842549954
790,-410,0,5.3410191842549954
-790,-390,0,5.3410191842549954
-770,-390,0,5.3410191842549954
-750,-390,0,5.3410191842549954
-730,-390,0,5.3410191842549954
-710,-390,0,5.3410191842549954
-690,-390,0,5.3410191842549954
-670,-390,0,5.3410191842549954
-650,-390,0,5.3410191842549954
-630,-390,0,5.3410191842549954
-610,-390,0,5.3410191842549954
-590,-390,0,5.3410191842549954
-570,-390,0,5.3410191842549954
-550,-390,0,5.3410191842549954
-530,-390,0,5.3410191842549954
-510,-390,0,5.3410191842549954
-490,-390,0,5.3410191842549954
-470,-390,0,5.3410191842549954
-450,-390,0,5.3410191842549954
-430,-390,0,5.3410191842549954
-410,-390,0,5.3410191842549954
-390,-390,0,5.3410191842549954
-370,-390,0,5.3410191842549954
-350,-390,0,5.3410191842549954
-330,-390,0,5.3410191842549954
-310,-390,0,5.3410191842549954
-290,-390,0,5.3410191842549954
-270,-390,0,5.3410191842549954
-250,-390,0,5.3410191842549954
-230,-390,0,5.3410191842549954
-210,-390,0,5.3410191842549954
-190,-390,0,5.3410191842549954
-170,-390,0,5.3410191842549954
-150,-390,0,5.3410191842549954
-130,-390,0,5.3410191842549954
-110,-390,0,5.3410191842549954
-90,-390,0,5.3410191842549954
-70,-390,0,5.3410191842549954
-50,-390,0,5.3410191842549954
-30,-390,0,5.3410191842549954
-10,-390,0,5.3410191842549954
10,-390,0,5.3410191842549954
30,-390,0,5.3410191842549954
50,-390,0,5.3410191842549954
70,-390,0,5.3410191842549954
90,-390,0,5.3410191842549954
110,-390,0,5.3410191842549954
130,-390,0,5.3410191842549954
150,-390,0,5.3410191842549954
170,-390,0,5.3410191842549954
190,-390,0,5.3410191842549954
210,-390,0,5.3410191842549954
230,-390,0,5.3410191842549954
250,-390,0,5.3410191842549954
270,-390,0,5.3410191842549954
290,-390,0,5.3410191842549954
310,-390,0,5.3410191842549954
330,-390,0,5.3410191842549954
350,-390,0,5.3410191842549954
370,-390,0,5.3410191842549954
390,-390,0,5.3410191842549954
410,-390,0,5.3410191842549954
430,-390,0,5.3410191842549954
450,-390,0,5.3410191842549954
470,-390,0,5.3410191842549954
490,-390,0,5.3410191842549954
510,-390,0,5.3410191842549954
530,-390,0,5.3410191842549954
550,-390,0,5.3410191842549954
570,-390,0,5.3410191842549954
590,-390,0,5.3410191842549954
610,-390,0,5.3410191842549954
630,-390,0,5.3410191842549954
650,-390,0,5.3410191842549954
670,-390,0,5.3410191842549954
690,-390,0,5.3410191842549954
710,-390,0,5.3410191842549954
730,-390,0,5.3410191842549954
750,-390,0,5.3410191842549954
770,-390,0,5.3410191842549954
790,-390,0,5.3410191842549954
-790,-370,0,5.3410191842549954
-770,-370,0,5.3410191842549954
-750,-370,0,5.3410191842549954
-730,-370,0,5.3410191842549954
-710,-370,0,5.3410191842549954
-690,-370,0,5.3410191842549954
-670,-370,0,5.3410191842549954
-650,-370,0,5.3410191842549954
-630,-370,0,5.3410191842549954
-610,-370,0,5.3410191842549954
-590,-370,0,5.3410191842549954
-570,-370,0,5.3410191842549954
-550,-370,0,5.3410191842549954
-530,-370,0,5.3410191842549954
-510,-370,0,5.3410191842549954
-490,-370,0,5.3410191842549954
-470,-370,0,5.3410191842549954
-450,-370,0,5.3410191842549954
-430,-370,0,5.3410191842549954
-410,-370,0,5.3410191842549954
-390,-370,0,5.3410191842549954
-370,-370,0,5.3410191842549954
-350,-370,0,5.3410191842549954
-330,-370,0,5.3410191842549954
-310,-370,0,5.3410191842549954
-290,-370,0,5.3410191842549954
-270,-370,0,5.3410191842549954
-250,-370,0,5.3410191842549954
-230,-370,0,5.3410191842549954
-210,-370,0,5.3410191842549954
-190,-370,0,5.3410191842549954
-170,-370,0,5.3410191842549954
-150,-370,0,5.3410191842549954
-130,-370,0,5.3410191842549954
-110,-370,0,5.3410191842549954
-90,-370,0,5.3410191842549954
-70,-370,0,5.3410191842549954
-50,-370,0,5.3410191842549954
-30,-370,0,5.3410191842549954
-10,-370,0,5.3410191842549954
10,-370,0,5.3410191842549954
30,-370,0,5.3410191842549954
50,-370,0,5.3410191842549954
70,-370,0,5.3410191842549954
90,-370,0,5.3410191842549954
110,-370,0,5.3410191842549954
130,-370,0,5.3410191842549954
150,-370,0,5.3410191842549954
170,-370,0,5.3410191842549954
190,-370,0,5.3410191842549954
210,-370,0,5.3410191842549954
230,-370,0,5.3410191842549954
250,-370,0,5.3410191842549954
270,-370,0,5.3410191842549954
290,-370,0,5.3410191842549954
310,-370,0,5.3410191842549954
330,-370,0,5.3410191842549954
350,-370,0,5.3410191842549954
370,-370,0,5.3410191842549954
390,-370,0,5.3410191842549954
410,-370,0,5.3410191842549954
430,-370,0,5.3410191842549954
450,-370,0,5.3410191842549954
470,-370,0,5.3410191842549954
490,-370,0,5.3410191842549954
510,-370,0,5.3410191842549954
530,-370,0,5.3410191842549954
550,-370,0,5.3410191842549954
570,-370,0,5.3410191842549954
590,-370,0,5.3410191842549954
610,-370,0,5.3410191842549954
630,-370,0,5.3410191842549954
650,-370,0,5.3410191842549954
670,-370,0,5.3410191842549954
690,-370,0,5.3410191842549954
710,-370,0,5.3410191842549954
730,-370,0,5.3410191842549954
750,-370,0,5.3410191842549954
770,-370,0,5.3410191842549954
790,-370,0,5.3410191842549954
-790,-350,0,5.3410191842549954
-770,-350,0,5.3410191842549954
-750,-350,0,5.3410191842549954
-730,-350,0,5.3410191842549954
-710,-350,0,5.3410191842549954
-690,-350,0,5.3410191842549954
-670,-350,0,5.3410191842549954
-650,-350,0,5.3410191842549954
-630,-350,0,5.3410191842549954
-610,-350,0,5.3410191842549954
-590,-350,0,5.3410191842549954
-570,-350,0,5.3410191842549954
-550,-350,0,5.3410191842549954
-530,-350,0,5.3410191842549954
-510,-350,0,5.3410191842549954
-490,-350,0,5.3410191842549954
-470,-350,0,5.3410191842549954
-450,-350,0,5.3410191842549954
-430,-350,0,5.3410191842549954
-410,-350,0,5.3410191842549954
-390,-350,0,5.3410191842549954
-370,-350,0,5.3410191842549954
-350,-350,0,5.3410191842549954
-330,-350,0,5.3410191842549954
-310,-350,0,5.3410191842549954
-290,-350,0,5.3410191842549954
-270,-350,0,5.3410191842549954
-250,-350,0,5.3410191842549954
-230,-350,0,5.3410191842549954
-210,-350,0,5.3410191842549954
-190,-350,0,5.3410191842549954
-170,-350,0,5.3410191842549954
-150,-350,0,5.3410191842549954
-130,-350,0,5.3410191842549954
-110,-350,0,5.3410191842549954
-90,-350,0,5.3410191842549954
-70,-350,0,5.3410191842549954
-50,-350,0,5.3410191842549954
-30,-350,0,5.3410191842549954
-10,-350,0,5.3410191842549954
10,-350,0,5.3410191842549954
30,-350,0,5.3410191842549954
50,-350,0,5.3410191842549954
70,-350,0,5.3410191842549954
90,-350,0,5.3410191842549954
110,-350,0,5.3410191842549954
130,-350,0,5.3410191842549954
150,-350,0,5.3410191842549954
170,-350,0,5.3410191842549954
190,-350,0,5.3410191842549954
210,-350,0,5.3410191842549954
230,-350,0,5.3410191842549954
250,-350,0,5.3410191842549954
270,-350,0,5.3410191842549954
290,-350,0,5.3410191842549954
310,-350,0,5.3410191842549954
330,-350,0,5.3410191842549954
350,-350,0,5.3410191842549954
370,-350,0,5.3410191842549954
390,-350,0,5.3410191842549954
410,-350,0,5.3410191842549954
430,-350,0,5.3410191842549954
450,-350,0,5.3410191842549954
470,-350,0,5.3410191842549954
490,-350,0,5.3410191842549954
510,-350,0,5.3410191842549954
530,-350,0,5.3410191842549954
550,-350,0,5.3410191842549954
570,-350,0,5.3410191842549954
590,-350,0,5.3410191842549954
610,-350,0,5.3410191842549954
630,-350,0,5.3410191842549954
650,-350,0,5.3410191842549954
670,-350,0,5.3410191842549954
690,-350,0,5.3410191842549954
710,-350,0,5.3410191842549954
730,-350,0,5.3410191842549954
750,-350,0,5.3410191842549954
770,-350,0,5.3410191842549954
790,-350,0,5.3410191842549954
-790,-330,0,5.3410191842549954
-770,-330,0,5.3410191842549954
-750,-330,0,5.3410191842549954
-730,-330,0,5.3410191842549954
-710,-330,0,5.3410191842549954
-690,-330,0,5.3410191842549954
-670,-330,0,5.3410191842549954
-650,-330,0,5.3410191842549954
-630,-330,0,5.3410191842549954
-610,-330,0,5.3410191842549954
-590,-330,0,5.3410191842549954
-570,-330,0,5.3410191842549954
-550,-330,0,5.3410191842549954
-530,-330,0,5.3410191842549954
-510,-330,0,5.3410191842549954
-490,-330,0,5.3410191842549954
-470,-330,0,5.3410191842549954
-450,-330,0,5.3410191842549954
-430,-330,0,5.3410191842549954
-410,-330,0,5.3410191842549954
-390,-330,0,5.3410191842549954
-370,-330,0,5.3410191842549954
-350,-330,0,5.3410191842549954
-330,-330,0,5.3410191842549954
-310,-330,0,5.3410191842549954
-290,-330,0,5.3410191842549954
-270,-330,0,5.3410191842549954
-250,-330,0,5.3410191842549954
-230,-330,0,5.3410191842549954
-210,-330,0,5.3410191842549954
-190,-330,0,5.3410191842549954
-170,-330,0,5.3410191842549954
-150,-330,0,5.3410191842549954
-130,-330,0,5.3410191842549954
-110,-330,0,5.3410191842549954
-90,-330,0,5.3410191842549954
-70,-330,0,5.3410191842549954
-50,-330,0,5.3410191842549954
-30,-330,0,5.3410191842549954
-10,-330,0,5.3410191842549954
10,-330,0,5.3410191842549954
30,-330,0,5.3410191842549954
50,-330,0,5.3410191842549954
70,-330,0,5.3410191842549954
90,-330,0,5.3410191842549954
110,-330,0,5.3410191842549954
130,-330,0,5.3410191842549954
150,-330,0,5.3410191842549954
170,-330,0,5.3410191842549954
190,-330,0,5.3410191842549954
210,-330,0,5.3410191842549954
230,-330,0,5.3410191842549954
250,-330,0,5.3410191842549954
270,-330,0,5.3410191842549954
290,-330,0,5.3410191842549954
310,-330,0,5.3410191842549954
330,-330,0,5.3410191842549954
350,-330,0,5.3410191842549954
370,-330,0,5.3410191842549954
390,-330,0,5.3410191842549954
410,-330,0,5.3410191842549954
430,-330,0,5.3410191842549954
450,-330,0,5.3410191842549954
470,-330,0,5.3410191842549954
490,-330,0,5.3410191842549954
510,-330,0,5.3410191842549954
530,-330,0,5.3410191842549954
550,-330,0,5.3410191842549954
570,-330,0,5.3410191842549954
590,-330,0,5.3410191842549954
610,-330,0,5.3410191842549954
630,-330,0,5.3410191842549954
650,-330,0,5.3410191842549954
670,-330,0,5.3410191842549954
690,-330,0,5.3410191842549954
710,-330,0,5.3410191842549954
730,-330,0,5.3410191842549954
750,-330,0,5.3410191842549954
770,-330,0,5.3410191842549954
790,-330,0,5.3410191842549954
-790,-310,0,5.3410191842549954
-770,-310,0,5.3410191842549954
-750,-310,0,5.3410191842549954
-730,-310,0,5.3410191842549954
-710,-310,0,5.3410191842549954
-690,-310,0,5.3410191842549954
-670,-310,0,5.3410191842549954
-650,-310,0,5.3410191842549954
-630,-310,0,5.3410191842549954
-610,-310,0,5.3410191842549954
-590,-310,0,5.3410191842549954
-570,-310,0,5.3410191842549954
-550,-310,0,5.3410191842549954
-530,-310,0,5.3410191842549954
-510,-310,0,5.3410191842549954
-490,-310,0,5.3410191842549954
-470,-310,0,5.3410191842549954
-450,-310,0,5.3410191842549954
-430,-310,0,5.3410191842549954
-410,-310,0,5.3410191842549954
-390,-310,0,5.3410191842549954
-370,-310,0,5.3410191842549954
-350,-310,0,5.3410191842549954
-330,-310,0,5.3410191842549954
-310,-310,0,5.3410191842549954
-290,-310,0,5.3410191842549954
-270,-310,0,5.3410191842549954
-250,-310,0,5.3410191842549954
-230,-310,0,5.3410191842549954
-210,-310,0,5.3410191842549954
-190,-310,0,5.3410191842549954
-170,-310,0,5.3410191842549954
-150,-310,0,5.3410191842549954
-130,-310,0,5.3410191842549954
-110,-310,0,5.3410191842549954
-90,-310,0,5.3410191842549954
-70,-310,0,5.3410191842549954
-50,-310,0,5.3410191842549954
-30,-310,0,5.3410191842549954
-10,-310,0,5.3410191842549954
10,-310,0,5.3410191842549954
30,-310,0,5.3410191842549954
50,-310,0,5.3410191842549954
70,-310,0,5.3410191842549954
90,-310,0,5.3410191842549954
110,-310,0,5.3410191842549954
130,-310,0,5.3410191842549954
150,-310,0,5.3410191842549954
170,-310,0,5.3410191842549954
190,-310,0,5.3410191842549954
210,-310,0,5.3410191842549954
230,-310,0,5.3410191842549954
250,-310,0,5.3410191842549954
270,-310,0,5.3410191842549954
290,-310,0,5.3410191842549954
310,-310,0,5.3410191842549954
330,-310,0,5.3410191842549954
350,-310,0,5.3410191842549954
370,-310,0,5.3410191842549954
390,-310,0,5.3410191842549954
410,-310,0,5.3410191842549954
430,-310,0,5.3410191842549954
450,-310,0,5.3410191842549954
470,-310,0,5.3410191842549954
490,-310,0,5.3410191842549954
510,-310,0,5.3410191842549954
530,-310,0,5.3410191842549954
550,-310,0,5.3410191842549954
570,-310,0,5.3410191842549954
590,-310,0,5.3410191842549954
610,-310,0,5.3410191842549954
630,-310,0,5.3410191842549954
650,-310,0,5.3410191842549954
670,-310,0,5.3410191842549954
690,-310,0,5.3410191842549954
710,-310,0,5.3410191842549954
730,-310,0,5.3410191842549954
750,-310,0,5.3410191842549954
770,-310,0,5.3410191842549954
790,-310,0,5.3410191842549954
-790,-290,0,5.3410191842549954
-770,-290,0,5.3410191842549954
-750,-290,0,5.3410191842549954
-730,-290,0,5.3410191842549954
-710,-290,0,5.3410191842549954
-690,-290,0,5.3410191842549954
-670,-290,0,5.3410191842549954
-650,-290,0,5.3410191842549954
-630,-290,0,5.3410191842549954
-610,-290,0,5.3410191842549954
-590,-290,0,5.3410191842549954
-570,-290,0,5.3410191842549954
-550,-290,0,5.3410191842549954
-530,-290,0,5.3410191842549954
-510,-290,0,5.3410191842549954
-490,-290,0,5.3410191842549954
-470,-290,0,5.3410191842549954
-450,-290,0,5.3410191842549954
-430,-290,0,5.3410191842549954
-410,-290,0,5.3410191842549954
-390,-290,0,5.3410191842549954
-370,-290,0,5.3410191842549954
-350,-290,0,5.3410191842549954
-330,-290,0,5.3410191842549954
-310,-290,0,5.3410191842549954
-290,-290,0,5.3410191842549954
-270,-290,0,5.3410191842549954
-250,-290,0,5.3410191842549954
-230,-290,0,5.3410191842549954
-210,-290,0,5.3410191842549954
-190,-290,0,5.3410191842549954
-170,-290,0,5.3410191842549954
-150,-290,0,5.3410191842549954
-130,-290,0,5.3410191842549954
-110,-290,0,5.3410191842549954
-90,-290,0,5.3410191842549954
-70,-290,0,5.3410191842549954
-50,-290,0,5.3410191842549954
-30,-290,0,5.3410191842549954
-10,-290,0,5.3410191842549954
10,-290,0,5.3410191842549954
30,-290,0,5.3410191842549954
50,-290,0,5.3410191842549954
70,-290,0,5.3410191842549954
90,-290,0,5.3410191842549954
110,-290,0,5.3410191842549954
130,-290,0,5.3410191842549954
150,-290,0,5.3410191842549954
170,-290,0,5.3410191842549954
190,-290,0,5.3410191842549954
210,-290,0,5.3410191842549954
230,-290,0,5.3410191842549954
250,-290,0,5.3410191842549954
270,-290,0,5.3410191842549954
290,-290,0,5.3410191842549954
310,-290,0,5.3410191842549954
330,-290,0,5.3410191842549954
350,-290,0,5.3410191842549954
370,-290,0,5.3410191842549954
390,-290,0,5.3410191842549954
410,-290,0,5.3410191842549954
430,-290,0,5.3410191842549954
450,-290,0,5.3410191842549954
470,-290,0,5.3410191842549954
490,-290,0,5.3410191842549954
510,-290,0,5.3410191842549954
530,-290,0,5.3410191842549954
550,-290,0,5.3410191842549954
570,-290,0,5.3410191842549954
590,-290,0,5.3410191842549954
610,-290,0,5.3410191842549954
630,-290,0,5.3410191842549954
650,-290,0,5.3410191842549954
670,-290,0,5.3410191842549954
690,-290,0,5.3410191842549954
710,-290,0,5.3410191842549954
730,-290,0,5.3410191842549954
750,-290,0,5.3410191842549954
770,-290,0,5.3410191842549954
790,-290,0,5.3410191842549954
-790,-270,0,5.3410191842549954
-770,-270,0,5.3410191842549954
-750,-270,0,5.3410191842549954
-730,-270,0,5.3410191842549954
-710,-270,0,5.3410191842549954
-690,-270,0,5.3410191842549954
-670,-270,0,5.3410191842549954
-650,-270,0,5.3410191842549954
-630,-270,0,5.3410191842549954
-610,-270,0,5.3410191842549954
-590,-270,0,5.3410191842549954
-570,-270,0,5.3410191842549954
-550,-270,0,5.3410191842549954
-530,-270,0,5.3410191842549954
-510,-270,0,5.3410191842549954
-490,-270,0,5.3410191842549954
-470,-270,0,5.3410191842549954
-450,-270,0,5.3410191842549954
-430,-270,0,5.3410191842549954
-410,-270,0,5.3410191842549954
-390,-270,0,5.3410191842549954
-370,-270,0,5.3410191842549954
-350,-270,0,5.3410191842549954
-330,-270,0,5.3410191842549954
-310,-270,0,5.3410191842549954
-290,-270,0,5.3410191842549954
-270,-270,0,5.3410191842549954
-250,-270,0,5.3410191842549954
-230,-270,0,5.3410191842549954
-210,-270,0,5.3410191842549954
-190,-270,0,5.3410191842549954
-170,-270,0,5.3410191842549954
-150,-270,0,5.3410191842549954
-130,-270,0,5.3410191842549954
-110,-270,0,5.3410191842549954
-90,-270,0,5.3410191842549954
-70,-270,0,5.3410191842549954
-50,-270,0,5.3410191842549954
-30,-270,0,5.3410191842549954
-10,-270,0,5.3410191842549954
10,-270,0,5.3410191842549954
30,-270,0,5.3410191842549954
50,-270,0,5.3410191842549954
70,-270,0,5.3410191842549954
90,-270,0,5.3410191842549954
110,-270,0,5.3410191842549954
130,-270,0,5.3410191842549954
150,-270,0,5.3410191842549954
170,-270,0,5.3410191842549954
190,-270,0,5.3410191842549954
210,-270,0,5.3410191842549954
230,-270,0,5.3410191842549954
250,-270,0,5.3410191842549954
270,-270,0,5.3410191842549954
290,-270,0,5.3410191842549954
310,-270,0,5.3410191842549954
330,-270,0,5.3410191842549954
350,-270,0,5.3410191842549954
370,-270,0,5.3410191842549954
390,-270,0,5.3410191842549954
410,-270,0,5.3410191842549954
430,-270,0,5.3410191842549954
450,-270,0,5.3410191842549954
470,-270,0,5.3410191842549954
490,-270,0,5.3410191842549954
510,-270,0,5.3410191842549954
530,-270,0,5.3410191842549954
550,-270,0,5.3410191842549954
570,-270,0,5.3410191842549954
590,-270,0,5.3410191842549954
610,-270,0,5.3410191842549954
630,-270,0,5.3410191842549954
650,-270,0,5.3410191842549954
670,-270,0,5.3410191842549954
690,-270,0,5.3410191842549954
710,-270,0,5.3410191842549954
730,-270,0,5.3410191842549954
750,-270,0,5.3410191842549954
770,-270,0,5.3410191842549954
790,-270,0,5.3410191842549954
-790,-250,0,5.3410191842549954
-770,-250,0,5.3410191842549954
-750,-250,0,5.3410191842549954
-730,-250,0,5.3410191842549954
-710,-250,0,5.3410191842549954
-690,-250,0,5.3410191842549954
-670,-250,0,5.3410191842549954
-650,-250,0,5.3410191842549954
-630,-250,0,5.3410191842549954
-610,-250,0,5.3410191842549954
-590,-250,0,5.3410191842549954
-570,-250,0,5.3410191842549954
-550,-250,0,5.3410191842549954
-530,-250,0,5.3410191842549954
-510,-250,0,5.3410191842549954
-490,-250,0,5.3410191842549954
-470,-250,0,5.3410191842549954
-450,-250,0,5.3410191842549954
-430,-250,0,5.3410191842549954
-410,-250,0,5.3410191842549954
-390,-250,0,5.3410191842549954
-370,-250,0,5.3410191842549954
-350,-250,0,5.3410191842549954
-330,-250,0,5.3410191842549954
-310,-250,0,5.3410191842549954
-290,-250,0,5.3410191842549954
-270,-250,0,5.3410191842549954
-250,-250,0,5.3410191842549954
-230,-250,0,5.3410191842549954
-210,-250,0,5.3410191842549954
-190,-250,0,5.3410191842549954
-170,-250,0,5.3410191842549954
-150,-250,0,5.3410191842549954
-130,-250,0,5.3410191842549954
-110,-250,0,5.3410191842549954
-90,-250,0,5.3410191842549954
-70,-250,0,5.3410191842549954
-50,-250,0,5.3410191842549954
-30,-250,0,5.3410191842549954
-10,-250,0,5.3410191842549954
10,-250,0,5.3410191842549954
30,-250,0,5.3410191842549954
50,-250,0,5.3410191842549954
70,-250,0,5.3410191842549954
90,-250,0,5.3410191842549954
110,-250,0,5.3410191842549954
130,-250,0,5.3410191842549954
150,-250,0,5.3410191842549954
170,-250,0,5.3410191842549954
190,-250,0,5.3410191842549954
210,-250,0,5.3410191842549954
230,-250,0,5.3410191842549954
250,-250,0,5.3410191842549954
270,-250,0,5.3410191842549954
290,-250,0,5.3410191842549954
310,-250,0,5.3410191842549954
330,-250,0,5.3410191842549954
350,-250,0,5.3410191842549954
370,-250,0,5.3410191842549954
390,-250,0,5.3410191842549954
410,-250,0,5.3410191842549954
430,-250,0,5.3410191842549954
450,-250,0,5.3410191842549954
470,-250,0,5.3410191842549954
490,-250,0,5.3410191842549954
510,-250,0,5.3410191842549954
530,-250,0,5.3410191842549954
550,-250,0,5.3410191842549954
570,-250,0,5.3410191842549954
590,-250,0,5.3410191842549954
610,-250,0,5.3410191842549954
630,-250,0,5.3410191842549954
650,-250,0,5.3410191842549954
670,-250,0,5.3410191842549954
690,-250,0,5.3410191842549954
710,-250,0,5.3410191842549954
730,-250,0,5.3410191842549954
750,-250,0,5.3410191842549954
770,-250,0,5.3410191842549954
790,-250,0,5.3410191842549954
-790,-230,0,5.3410191842549954
-770,-230,0,5.3410191842549954
-750,-230,0,5.3410191842549954
-730,-230,0,5.3410191842549954
-710,-230,0,5.3410191842549954
-690,-230,0,5.3410191842549954
-670,-230,0,5.3410191842549954
-650,-230,0,5.3410191842549954
-630,-230,0,5.3410191842549954
-610,-230,0,5.3410191842549954
-590,-230,0,5.3410191842549954
-570,-230,0,5.3410191842549954
-550,-230,0,5.3410191842549954
-530,-230,0,5.3410191842549954
-510,-230,0,5.3410191842549954
-490,-230,0,5.3410191842549954
-470,-230,0,5.3410191842549954
-450,-230,0,5.3410191842549954
-430,-230,0,5.3410191842549954
-410,-230,0,5.3410191842549954
-390,-230,0,5.3410191842549954
-370,-230,0,5.3410191842549954
-350,-230,0,5.3410191842549954
-330,-230,0,5.3410191842549954
-310,-230,0,5.3410191842549954
-290,-230,0,5.3410191842549954
-270,-230,0,5.3410191842549954
-250,-230,0,5.3410191842549954
-230,-230,0,5.3410191842549954
-210,-230,0,5.3410191842549954
-190,-230,0,5.3410191842549954
-170,-230,0,5.3410191842549954
-150,-230,0,5.3410191842549954
-130,-230,0,5.3410191842549954
-110,-230,0,5.3410191842549954
-90,-230,0,5.3410191842549954
-70,-230,0,5.3410191842549954
-50,-230,0,5.3410191842549954
-30,-230,0,5.3410191842549954
-10,-230,0,5.3410191842549954
10,-230,0,5.3410191842549954
30,-230,0,5.3410191842549954
50,-230,0,5.3410191842549954
70,-230,0,5.3410191842549954
90,-230,0,5.3410191842549954
110,-230,0,5.3410191842549954
130,-230,0,5.3410191842549954
150,-230,0,5.3410191842549954
170,-230,0,5.3410191842549954
190,-230,0,5.3410191842549954
210,-230,0,5.3410191842549954
230,-230,0,5.3410191842549954
250,-230,0,5.3410191842549954
270,-230,0,5.3410191842549954
290,-230,0,5.3410191842549954
310,-230,0,5.3410191842549954
330,-230,0,5.3410191842549954
350,-230,0,5.3410191842549954
370,-230,0,5.3410191842549954
390,-230,0,5.3410191842549954
410,-230,0,5.3410191842549954
430,-230,0,5.3410191842549954
450,-230,0,5.3410191842549954
470,-230,0,5.3410191842549954
490,-230,0,5.3410191842549954
510,-230,0,5.3410191842549954
530,-230,0,5.3410191842549954
550,-230,0,5.3410191842549954
570,-230,0,5.3410191842549954
590,-230,0,5.3410191842549954
610,-230,0,5.3410191842549954
630,-230,0,5.3410191842549954
650,-230,0,5.3410191842549954
670,-230,0,5.3410191842549954
690,-230,0,5.3410191842549954
710,-230,0,5.3410191842549954
730,-230,0,5.3410191842549954
750,-230,0,5.3410191842549954
770,-230,0,5.3410191842549954
790,-230,0,5.3410191842549954
-790,-210,0,5.3410191842549954
-770,-210,0,5.3410191842549954
-750,-210,0,5.3410191842549954
-730,-210,0,5.3410191842549954
-710,-210,0,5.3410191842549954
-690,-210,0,5.3410191842549954
-670,-210,0,5.3410191842549954
-650,-210,0,5.3410191842549954
-630,-210,0,5.3410191842549954
-610,-210,0,5.3410191842549954
-590,-210,0,5.3410191842549954
-570,-210,0,5.3410191842549954
-550,-210,0,5.3410191842549954
-530,-210,0,5.3410191842549954
-510,-210,0,5.3410191842549954
-490,-210,0,5.3410191842549954
-470,-210,0,5.3410191842549954
-450,-210,0,5.3410191842549954
-430,-210,0,5.3410191842549954
-410,-210,0,5.3410191842549954
-390,-210,0,5.3410191842549954
-370,-210,0,5.3410191842549954
-350,-210,0,5.3410191842549954
-330,-210,0,5.3410191842549954
-310,-210,0,5.3410191842549954
-290,-210,0,5.3410191842549954
-270,-210,0,5.3410191842549954
-250,-210,0,5.3410191842549954
-230,-210,0,5.3410191842549954
-210,-210,0,5.3410191842549954
-190,-210,0,5.3410191842549954
-170,-210,0,5.3410191842549954
-150,-210,0,5.3410191842549954
-130,-210,0,5.3410191842549954
-110,-210,0,5.3410191842549954
-90,-210,0,5.3410191842549954
-70,-210,0,5.3410191842549954
-50,-210,0,5.3410191842549954
-30,-210,0,5.3410191842549954
-10,-210,0,5.3410191842549954
10,-210,0,5.3410191842549954
30,-210,0,5.3410191842549954
50,-210,0,5.3410191842549954
70,-210,0,5.3410191842549954
90,-210,0,5.3410191842549954
110,-210,0,5.3410191842549954
130,-210,0,5.3410191842549954
150,-210,0,5.3410191842549954
170,-210,0,5.3410191842549954
190,-210,0,5.3410191842549954
210,-210,0,5.3410191842549954
230,-210,0,5.3410191842549954
250,-210,0,5.3410191842549954
270,-210,0,5.3410191842549954
290,-210,0,5.3410191842549954
310,-210,0,5.3410191842549954
330,-210,0,5.3410191842549954
350,-210,0,5.3410191842549954
370,-210,0,5.3410191842549954
390,-210,0,5.3410191842549954
410,-210,0,5.3410191842549954
430,-210,0,5.3410191842549954
450,-210,0,5.3410191842549954
470,-210,0,5.3410191842549954
490,-210,0,5.3410191842549954
510,-210,0,5.3410191842549954
530,-210,0,5.3410191842549954
550,-210,0,5.3410191842549954
570,-210,0,5.3410191842549954
590,-210,0,5.3410191842549954
610,-210,0,5.3410191842549954
630,-210,0,5.3410191842549954
650,-210,0,5.3410191842549954
670,-210,0,5.3410191842549954
690,-210,0,5.3410191842549954
710,-210,0,5.3410191842549954
730,-210,0,5.3410191842549954
750,-210,0,5.3410191842549954
770,-210,0,5.3410191842549954
790,-210,0,5.3410191842549954
-790,-190,0,5.3410191842549954
-770,-190,0,5.3410191842549954
-750,-190,0,5.3410191842549954
-730,-190,0,5.3410191842549954
-710,-190,0,5.3410191842549954
-690,-190,0,5.3410191842549954
-670,-190,0,5.3410191842549954
-650,-190,0,5.3410191842549954
-630,-190,0,5.3410191842549954
-610,-190,0,5.3410191842549954
-590,-190,0,5.3410191842549954
-570,-190,0,5.3410191842549954
-550,-190,0,5.3410191842549954
-530,-190,0,5.3410191842549954
-510,-190,0,5.3410191842549954
-490,-190,0,5.3410191842549954
-470,-190,0,5.3410191842549954
-450,-190,0,5.3410191842549954
-430,-190,0,5.3410191842549954
-410,-190,0,5.3410191842549954
-390,-190,0,5.3410191842549954
-370,-190,0,5.3410191842549954
-350,-190,0,5.3410191842549954
-330,-190,0,5.3410191842549954
-310,-190,0,5.3410191842549954
-290,-190,0,5.3410191842549954
-270,-190,0,5.3410191842549954
-250,-190,0,5.3410191842549954
-230,-190,0,5.3410191842549954
-210,-190,0,5.3410191842549954
-190,-190,0,5.3410191842549954
-170,-190,0,5.3410191842549954
-150,-190,0,5.3410191842549954
-130,-190,0,5.3410191842549954
-110,-190,0,5.3410191842549954
-90,-190,0,5.3410191842549954
-70,-190,0,5.3410191842549954
-50,-190,0,5.3410191842549954
-30,-190,0,5.3410191842549954
-10,-190,0,5.3410191842549954
10,-190,0,5.3410191842549954
30,-190,0,5.3410191842549954
50,-190,0,5.3410191842549954
70,-190,0,5.3410191842549954
90,-190,0,5.3410191842549954
110,-190,0,5.3410191842549954
130,-190,0,5.3410191842549954
150,-190,0,5.3410191842549954
170,-190,0,5.3410191842549954
190,-190,0,5.3410191842549954
210,-190,0,5.3410191842549954
230,-190,0,5.3410191842549954
250,-190,0,5.3410191842549954
270,-190,0,5.3410191842549954
290,-190,0,5.3410191842549954
310,-190,0,5.3410191842549954
330,-190,0,5.3410191842549954
350,-190,0,5.3410191842549954
370,-190,0,5.3410191842549954
390,-190,0,5.3410191842549954
410,-190,0,5.3410191842549954
430,-190,0,5.3410191842549954
450,-190,0,5.3410191842549954
470,-190,0,5.3410191842549954
490,-190,0,5.3410191842549954
510,-190,0,5.3410191842549954
530,-190,0,5.3410191842549954
550,-190,0,5.3410191842549954
570,-190,0,5.3410191842549954
590,-190,0,5.3410191842549954
610,-190,0,5.3410191842549954
630,-190,0,5.3410191842549954
650,-190,0,5.3410191842549954
670,-190,0,5.3410191842549954
690,-190,0,5.3410191842549954
710,-190,0,5.3410191842549954
730,-190,0,5.3410191842549954
750,-190,0,5.3410191842549954
770,-190,0,5.3410191842549954
790,-190,0,5.3410191842549954
-790,-170,0,5.3410191842549954
-770,-170,0,5.3410191842549954
-750,-170,0,5.3410191842549954
-730,-170,0,5.3410191842549954
-710,-170,0,5.3410191842549954
-690,-170,0,5.3410191842549954
-670,-170,0,5.3410191842549954
-650,-170,0,5.3410191842549954
-630,-170,0,5.3410191842549954
-610,-170,0,5.3410191842549954
-590,-170,0,5.3410191842549954
-570,-170,0,5.3410191842549954
-550,-170,0,5.3410191842549954
-530,-170,0,5.3410191842549954
-510,-170,0,5.3410191842549954
-490,-170,0,5.3410191842549954
-470,-170,0,5.3410191842549954
-450,-170,0,5.3410191842549954
-430,-170,0,5.3410191842549954
-410,-170,0,5.3410191842549954
-390,-170,0,5.3410191842549954
-370,-170,0,5.3410191842549954
-350,-170,0,5.3410191842549954
-330,-170,0,5.3410191842549954
-310,-170,0,5.3410191842549954
-290,-170,0,5.3410191842549954
-270,-170,0,5.3410191842549954
-250,-170,0,5.3410191842549954
-230,-170,0,5.3410191842549954
-210,-170,0,5.3410191842549954
-190,-170,0,5.3410191842549954
-170,-170,0,5.3410191842549954
-150,-170,0,5.3410191842549954
-130,-170,0,5.3410191842549954
-110,-170,0,5.3410191842549954
-90,-170,0,5.3410191842549954
-70,-170,0,5.3410191842549954
-50,-170,0,5.3410191842549954
-30,-170,0,5.3410191842549954
-10,-170,0,5.3410191842549954
10,-170,0,5.3410191842549954
30,-170,0,5.3410191842549954
50,-170,0,5.3410191842549954
70,-170,0,5.3410191842549954
90,-170,0,5.3410191842549954
110,-170,0,5.3410191842549954
130,-170,0,5.3410191842549954
150,-170,0,5.3410191842549954
170,-170,0,5.3410191842549954
190,-170,0,5.3410191842549954
210,-170,0,5.3410191842549954
230,-170,0,5.3410191842549954
250,-170,0,5.3410191842549954
270,-170,0,5.3410191842549954
290,-170,0,5.3410191842549954
310,-170,0,5.3410191842549954
330,-170,0,5.3410191842549954
350,-170,0,5.3410191842549954
370,-170,0,5.3410191842549954
390,-170,0,5.3410191842549954
410,-170,0,5.3410191842549954
430,-170,0,5.3410191842549954
450,-170,0,5.3410191842549954
470,-170,0,5.3410191842549954
490,-170,0,5.3410191842549954
510,-170,0,5.3410191842549954
530,-170,0,5.3410191842549954
550,-170,0,5.3410191842549954
570,-170,0,5.3410191842549954
590,-170,0,5.3410191842549954
610,-170,0,5.3410191842549954
630,-170,0,5.3410191842549954
650,-170,0,5.3410191842549954
670,-170,0,5.3410191842549954
690,-170,0,5.3410191842549954
710,-170,0,5.3410191842549954
730,-170,0,5.3410191842549954
750,-170,0,5.3410191842549954
770,-170,0,5.3410191842549954
790,-170,0,5.3410191842549954
-790,-150,0,5.3410191842549954
-770,-150,0,5.3410191842549954
-750,-150,0,5.3410191842549954
-730,-150,0,5.3410191842549954
-710,-150,0,5.3410191842549954
-690,-150,0,5.3410191842549954
-670,-150,0,5.3410191842549954
-650,-150,0,5.3410191842549954
-630,-150,0,5.3410191842549954
-610,-150,0,5.3410191842549954
-590,-150,0,5.3410191842549954
-570,-150,0,5.3410191842549954
-550,-150,0,5.3410191842549954
-530,-150,0,5.3410191842549954
-510,-150,0,5.3410191842549954
-490,-150,0,5.3410191842549954
-470,-150,0,5.3410191842549954
-450,-150,0,5.3410191842549954
-430,-150,0,5.3410191842549954
-410,-150,0,5.3410191842549954
-390,-150,0,5.3410191842549954
-370,-150,0,5.3410191842549954
-350,-150,0,5.3410191842549954
-330,-150,0,5.3410191842549954
-310,-150,0,5.3410191842549954
-290,-150,0,5.3410191842549954
-270,-150,0,5.3410191842549954
-250,-150,0,5.3410191842549954
-230,-150,0,5.3410191842549954
-210,-150,0,5.3410191842549954
-190,-150,0,5.3410191842549954
-170,-150,0,5.3410191842549954
-150,-150,0,5.3410191842549954
-130,-150,0,5.3410191842549954
-110,-150,0,5.3410191842549954
-90,-150,0,5.3410191842549954
-70,-150,0,5.3410191842549954
-50,-150,0,5.3410191842549954
-30,-150,0,5.3410191842549954
-10,-150,0,5.3410191842549954
10,-150,0,5.3410191842549954
30,-150,0,5.3410191842549954
50,-150,0,5.3410191842549954
70,-150,0,5.3410191842549954
90,-150,0,5.3410191842549954
110,-150,0,5.3410191842549954
130,-150,0,5.3410191842549954
150,-150,0,5.3410191842549954
170,-150,0,5.3410191842549954
190,-150,0,5.3410191842549954
210,-150,0,5.3410191842549954
230,-150,0,5.3410191842549954
250,-150,0,5.3410191842549954
270,-150,0,5.3410191842549954
290,-150,0,5.3410191842549954
310,-150,0,5.3410191842549954
330,-150,0,5.3410191842549954
350,-150,0,5.3410191842549954
370,-150,0,5.3410191842549954
390,-150,0,5.3410191842549954
410,-150,0,5.3410191842549954
430,-150,0,5.3410191842549954
450,-150,0,5.3410191842549954
470,-150,0,5.3410191842549954
490,-150,0,5.3410191842549954
510,-150,0,5.3410191842549954
530,-150,0,5.3410191842549954
550,-150,0,5.3410191842549954
570,-150,0,5.3410191842549954
590,-150,0,5.3410191842549954
610,-150,0,5.3410191842549954
630,-150,0,5.3410191842549954
650,-150,0,5.3410191842549954
670,-150,0,5.3410191842549954
690,-150,0,5.3410191842549954
710,-150,0,5.3410191842549954
730,-150,0,5.3410191842549954
750,-150,0,5.3410191842549954
770,-150,0,5.3410191842549954
790,-150,0,5.3410191842549954
-790,-130,0,5.3410191842549954
-770,-130,0,5.3410191842549954
-750,-130,0,5.3410191842549954
-730,-130,0,5.3410191842549954
-710,-130,0,5.3410191842549954
-690,-130,0,5.3410191842549954
-670,-130,0,5.3410191842549954
-650,-130,0,5.3410191842549954
-630,-130,0,5.3410191842549954
-610,-130,0,5.3410191842549954
-590,-130,0,5.3410191842549954
-570,-130,0,5.3410191842549954
-550,-130,0,5.3410191842549954
-530,-130,0,5.3410191842549954
-510,-130,0,5.3410191842549954
-490,-130,0,5.3410191842549954
-470,-130,0,5.3410191842549954
-450,-130,0,5.3410191842549954
-430,-130,0,5.3410191842549954
-410,-130,0,5.3410191842549954
-390,-130,0,5.3410191842549954
-370,-130,0,5.3410191842549954
-350,-130,0,5.3410191842549954
-330,-130,0,5.3410191842549954
-310,-130,0,5.3410191842549954
-290,-130,0,5.3410191842549954
-270,-130,0,5.3410191842549954
-250,-130,0,5.3410191842549954
-230,-130,0,5.3410191842549954
-210,-130,0,5.3410191842549954
-190,-130,0,5.3410191842549954
-170,-130,0,5.3410191842549954
-150,-130,0,5.3410191842549954
-130,-130,0,5.3410191842549954
-110,-130,0,5.3410191842549954
-90,-130,0,5.3410191842549954
-70,-130,0,5.3410191842549954
-50,-130,0,5.3410191842549954
-30,-130,0,5.3410191842549954
-10,-130,0,5.3410191842549954
10,-130,0,5.3410191842549954
30,-130,0,5.3410191842549954
50,-130,0,5.3410191842549954
70,-130,0,5.3410191842549954
90,-130,0,5.3410191842549954
110,-130,0,5.3410191842549954
130,-130,0,5.3410191842549954
150,-130,0,5.3410191842549954
170,-130,0,5.3410191842549954
190,-130,0,5.3410191842549954
210,-130,0,5.3410191842549954
230,-130,0,5.3410191842549954
250,-130,0,5.3410191842549954
270,-130,0,5.3410191842549954
290,-130,0,5.3410191842549954
310,-130,0,5.3410191842549954
330,-130,0,5.3410191842549954
350,-130,0,5.3410191842549954
370,-130,0,5.3410191842549954
390,-130,0,5.3410191842549954
410,-130,0,5.3410191842549954
430,-130,0,5.3410191842549954
450,-130,0,5.3410191842549954
470,-130,0,5.3410191842549954
490,-130,0,5.3410191842549954
510,-130,0,5.3410191842549954
530,-130,0,5.3410191842549954
550,-130,0,5.3410191842549954
570,-130,0,5.3410191842549954
590,-130,0,5.3410191842549954
610,-130,0,5.3410191842549954
630,-130,0,5.3410191842549954
650,-130,0,5.3410191842549954
670,-130,0,5.3410191842549954
690,-130,0,5.3410191842549954
710,-130,0,5.3410191842549954
730,-130,0,5.3410191842549954
750,-130,0,5.3410191842549954
770,-130,0,5.3410191842549954
790,-130,0,5.3410191842549954
-790,-110,0,5.3410191842549954
-770,-110,0,5.3410191842549954
-750,-110,0,5.3410191842549954
-730,-110,0,5.3410191842549954
-710,-110,0,5.3410191842549954
-690,-110,0,5.3410191842549954
-670,-110,0,5.3410191842549954
-650,-110,0,5.3410191842549954
-630,-110,0,5.3410191842549954
-610,-110,0,5.3410191842549954
-590,-110,0,5.3410191842549954
-570,-110,0,5.3410191842549954
-550,-110,0,5.3410191842549954
-530,-110,0,5.3410191842549954
-510,-110,0,5.3410191842549954
-490,-110,0,5.3410191842549954
-470,-110,0,5.3410191842549954
-450,-110,0,5.3410191842549954
-430,-110,0,5.3410191842549954
-410,-110,0,5.3410191842549954
-390,-110,0,5.3410191842549954
-370,-110,0,5.3410191842549954
-350,-110,0,5.3410191842549954
-330,-110,0,5.3410191842549954
-310,-110,0,5.3410191842549954
-290,-110,0,5.3410191842549954
-270,-110,0,5.3410191842549954
-250,-110,0,5.3410191842549954
-230,-110,0,5.3410191842549954
-210,-110,0,5.3410191842549954
-190,-110,0,5.3410191842549954
-170,-110,0,5.3410191842549954
-150,-110,0,5.3410191842549954
-130,-110,0,5.3410191842549954
-110,-110,0,5.3410191842549954
-90,-110,0,5.3410191842549954
-70,-110,0,5.3410191842549954
-50,-110,0,5.3410191842549954
-30,-110,0,5.3410191842549954
-10,-110,0,5.3410191842549954
10,-110,0,5.3410191842549954
30,-110,0,5.3410191842549954
50,-110,0,5.3410191842549954
70,-110,0,5.3410191842549954
90,-110,0,5.3410191842549954
110,-110,0,5.3410191842549954
130,-110,0,5.3410191842549954
150,-110,0,5.3410191842549954
170,-110,0,5.3410191842549954
190,-110,0,5.3410191842549954
210,-110,0,5.3410191842549954
230,-110,0,5.3410191842549954
250,-110,0,5.3410191842549954
270,-110,0,5.3410191842549954
290,-110,0,5.3410191842549954
310,-110,0,5.3410191842549954
330,-110,0,5.3410191842549954
350,-110,0,5.3410191842549954
370,-110,0,5.3410191842549954
390,-110,0,5.3410191842549954
410,-110,0,5.3410191842549954
430,-110,0,5.3410191842549954
450,-110,0,5.3410191842549954
470,-110,0,5.3410191842549954
490,-110,0,5.3410191842549954
510,-110,0,5.3410191842549954
530,-110,0,5.3410191842549954
550,-110,0,5.3410191842549954
570,-110,0,5.3410191842549954
590,-110,0,5.3410191842549954
610,-110,0,5.3410191842549954
630,-110,0,5.3410191842549954
650,-110,0,5.3410191842549954
670,-110,0,5.3410191842549954
690,-110,0,5.3410191842549954
710,-110,0,5.3410191842549954
730,-110,0,5.3410191842549954
750,-110,0,5.3410191842549954
770,-110,0,5.3410191842549954
790,-110,0,5.3410191842549954
-790,-90,0,5.3410191842549954
-770,-90,0,5.3410191842549954
-750,-90,0,5.3410191842549954
-730,-90,0,5.3410191842549954
-710,-90,0,5.3410191842549954
-690,-90,0,5.3410191842549954
-670,-90,0,5.3410191842549954
-650,-90,0,5.3410191842549954
-630,-90,0,5.3410191842549954
-610,-90,0,5.3410191842549954
-590,-90,0,5.3410191842549954
-570,-90,0,5.3410191842549954
-550,-90,0,5.3410191842549954
-530,-90,0,5.3410191842549954
-510,-90,0,5.3410191842549954
-490,-90,0,5.3410191842549954
-470,-90,0,5.3410191842549954
-450,-90,0,5.3410191842549954
-430,-90,0,5.3410191842549954
-410,-90,0,5.3410191842549954
-390,-90,0,5.3410191842549954
-370,-90,0,5.3410191842549954
-350,-90,0,5.3410191842549954
-330,-90,0,5.3410191842549954
-310,-90,0,5.3410191842549954
-290,-90,0,5.3410191842549954
-270,-90,0,5.3410191842549954
-250,-90,0,5.3410191842549954
-230,-90,0,5.3410191842549954
-210,-90,0,5.3410191842549954
-190,-90,0,5.3410191842549954
-170,-90,0,5.3410191842549954
-150,-90,0,5.3410191842549954
-130,-90,0,5.3410191842549954
-110,-90,0,5.3410191842549954
-90,-90,0,5.3410191842549954
-70,-90,0,5.3410191842549954
-50,-90,0,5.3410191842549954
-30,-90,0,5.3410191842549954
-10,-90,0,5.3410191842549954
10,-90,0,5.3410191842549954
30,-90,0,5.3410191842549954
50,-90,0,5.3410191842549954
70,-90,0,5.3410191842549954
90,-90,0,5.3410191842549954
110,-90,0,5.3410191842549954
130,-90,0,5.3410191842549954
150,-90,0,5.3410191842549954
170,-90,0,5.3410191842549954
190,-90,0,5.3410191842549954
210,-90,0,5.3410191842549954
230,-90,0,5.3410191842549954
250,-90,0,5.3410191842549954
270,-90,0,5.3410191842549954
290,-90,0,5.3410191842549954
310,-90,0,5.3410191842549954
330,-90,0,5.3410191842549954
350,-90,0,5.3410191842549954
370,-90,0,5.3410191842549954
390,-90,0,5.3410191842549954
410,-90,0,5.3410191842549954
430,-90,0,5.3410191842549954
450,-90,0,5.3410191842549954
470,-90,0,5.3410191842549954
490,-90,0,5.3410191842549954
510,-90,0,5.3410191842549954
530,-90,0,5.3410191842549954
550,-90,0,5.3410191842549954
570,-90,0,5.3410191842549954
590,-90,0,5.3410191842549954
610,-90,0,5.3410191842549954
630,-90,0,5.3410191842549954
650,-90,0,5.3410191842549954
670,-90,0,5.3410191842549954
690,-90,0,5.3410191842549954
710,-90,0,5.3410191842549954
730,-90,0,5.3410191842549954
750,-90,0,5.3410191842549954
770,-90,0,5.3410191842549954
790,-90,0,5.3410191842549954
-790,-70,0,5.3410191842549954
-770,-70,0,5.3410191842549954
-750,-70,0,5.3410191842549954
-730,-70,0,5.3410191842549954
-710,-70,0,5.3410191842549954
-690,-70,0,5.3410191842549954
-670,-70,0,5.3410191842549954
-650,-70,0,5.3410191842549954
-630,-70,0,5.3410191842549954
-610,-70,0,5.3410191842549954
-590,-70,0,5.3410191842549954
-570,-70,0,5.3410191842549954
-550,-70,0,5.3410191842549954
-530,-70,0,5.3410191842549954
-510,-70,0,5.3410191842549954
-490,-70,0,5.3410191842549954
-470,-70,0,5.3410191842549954
-450,-70,0,5.3410191842549954
-430,-70,0,5.3410191842549954
-410,-70,0,5.3410191842549954
-390,-70,0,5.3410191842549954
-370,-70,0,5.3410191842549954
-350,-70,0,5.3410191842549954
-330,-70,0,5.3410191842549954
-310,-70,0,5.3410191842549954
-290,-70,0,5.3410191842549954
-270,-70,0,5.3410191842549954
-250,-70,0,5.3410191842549954
-230,-70,0,5.3410191842549954
-210,-70,0,5.3410191842549954
-190,-70,0,5.3410191842549954
-170,-70,0,5.3410191842549954
-150,-70,0,5.3410191842549954
-130,-70,0,5.3410191842549954
-110,-70,0,5.3410191842549954
-90,-70,0,5.3410191842549954
-70,-70,0,5.3410191842549954
-50,-70,0,5.3410191842549954
-30,-70,0,5.3410191842549954
-10,-70,0,5.3410191842549954
10,-70,0,5.3410191842549954
30,-70,0,5.3410191842549954
50,-70,0,5.3410191842549954
70,-70,0,5.3410191842549954
90,-70,0,5.3410191842549954
110,-70,0,5.3410191842549954
130,-70,0,5.3410191842549954
150,-70,0,5.3410191842549954
170,-70,0,5.3410191842549954
190,-70,0,5.3410191842549954
210,-70,0,5.3410191842549954
230,-70,0,5.3410191842549954
250,-70,0,5.3410191842549954
270,-70,0,5.3410191842549954
290,-70,0,5.3410191842549954
310,-70,0,5.3410191842549954
330,-70,0,5.3410191842549954
350,-70,0,5.3410191842549954
370,-70,0,5.3410191842549954
390,-70,0,5.3410191842549954
410,-70,0,5.3410191842549954
430,-70,0,5.3410191842549954
450,-70,0,5.3410191842549954
470,-70,0,5.3410191842549954
490,-70,0,5.3410191842549954
510,-70,0,5.3410191842549954
530,-70,0,5.3410191842549954
550,-70,0,5.3410191842549954
570,-70,0,5.3410191842549954
590,-70,0,5.3410191842549954
610,-70,0,5.3410191842549954
630,-70,0,5.3410191842549954
650,-70,0,5.3410191842549954
670,-70,0,5.3410191842549954
690,-70,0,5.3410191842549954
710,-70,0,5.3410191842549954
730,-70,0,5.3410191842549954
750,-70,0,5.3410191842549954
770,-70,0,5.3410191842549954
790,-70,0,5.3410191842549954
-790,-50,0,5.3410191842549954
-770,-50,0,5.3410191842549954
-750,-50,0,5.3410191842549954
-730,-50,0,5.3410191842549954
-710,-50,0,5.3410191842549954
-690,-50,0,5.3410191842549954
-670,-50,0,5.3410191842549954
-650,-50,0,5.3410191842549954
-630,-50,0,5.3410191842549954
-610,-50,0,5.3410191842549954
-590,-50,0,5.3410191842549954
-570,-50,0,5.3410191842549954
-550,-50,0,5.3410191842549954
-530,-50,0,5.3410191842549954
-510,-50,0,5.3410191842549954
-490,-50,0,5.3410191842549954
-470,-50,0,5.3410191842549954
-450,-50,0,5.3410191842549954
-430,-50,0,5.3410191842549954
-410,-50,0,5.3410191842549954
-390,-50,0,5.3410191842549954
-370,-50,0,5.3410191842549954
-350,-50,0,5.3410191842549954
-330,-50,0,5.3410191842549954
-310,-50,0,5.3410191842549954
-290,-50,0,5.3410191842549954
-270,-50,0,5.3410191842549954
-250,-50,0,5.3410191842549954
-230,-50,0,5.3410191842549954
-210,-50,0,5.3410191842549954
-190,-50,0,5.3410191842549954
-170,-50,0,5.3410191842549954
-150,-50,0,5.3410191842549954
-130,-50,0,5.3410191842549954
-110,-50,0,5.3410191842549954
-90,-50,0,5.3410191842549954
-70,-50,0,5.3410191842549954
-50,-50,0,5.3410191842549954
-30,-50,0,5.3410191842549954
-10,-50,0,5.3410191842549954
10,-50,0,5.3410191842549954
30,-50,0,5.3410191842549954
50,-50,0,5.3410191842549954
70,-50,0,5.3410191842549954
90,-50,0,5.3410191842549954
110,-50,0,5.3410191842549954
130,-50,0,5.3410191842549954
150,-50,0,5.3410191842549954
170,-50,0,5.3410191842549954
190,-50,0,5.3410191842549954
210,-50,0,5.3410191842549954
230,-50,0,5.3410191842549954
250,-50,0,5.3410191842549954
270,-50,0,5.3410191842549954
290,-50,0,5.3410191842549954
310,-50,0,5.3410191842549954
330,-50,0,5.3410191842549954
350,-50,0,5.3410191842549954
370,-50,0,5.3410191842549954
390,-50,0,5.3410191842549954
410,-50,0,5.3410191842549954
430,-50,0,5.3410191842549954
450,-50,0,5.3410191842549954
470,-50,0,5.3410191842549954
490,-50,0,5.3410191842549954
510,-50,0,5.3410191842549954
530,-50,0,5.3410191842549954
550,-50,0,5.3410191842549954
570,-50,0,5.3410191842549954
590,-50,0,5.3410191842549954
610,-50,0,5.3410191842549954
630,-50,0,5.3410191842549954
650,-50,0,5.3410191842549954
670,-50,0,5.3410191842549954
690,-50,0,5.3410191842549954
710,-50,0,5.3410191842549954
730,-50,0,5.3410191842549954
750,-50,0,5.3410191842549954
770,-50,0,5.3410191842549954
790,-50,0,5.3410191842549954
-790,-30,0,5.3410191842549954
-770,-30,0,5.3410191842549954
-750,-30,0,5.3410191842549954
-730,-30,0,5.3410191842549954
-710,-30,0,5.3410191842549954
-690,-30,0,5.3410191842549954
-670,-30,0,5.3410191842549954
-650,-30,0,5.3410191842549954
-630,-30,0,5.3410191842549954
-610,-30,0,5.3410191842549954
-590,-30,0,5.3410191842549954
-570,-30,0,5.3410191842549954
-550,-30,0,5.3410191842549954
-530,-30,0,5.3410191842549954
-510,-30,0,5.3410191842549954
-490,-30,0,5.3410191842549954
-470,-30,0,5.3410191842549954
-450,-30,0,5.3410191842549954
-430,-30,0,5.3410191842549954
-410,-30,0,5.3410191842549954
-390,-30,0,5.3410191842549954
-370,-30,0,5.3410191842549954
-350,-30,0,5.3410191842549954
-330,-30,0,5.3410191842549954
-310,-30,0,5.3410191842549954
-290,-30,0,5.3410191842549954
-270,-30,0,5.3410191842549954
-250,-30,0,5.3410191842549954
-230,-30,0,5.3410191842549954
-210,-30,0,5.3410191842549954
-190,-30,0,5.3410191842549954
-170,-30,0,5.3410191842549954
-150,-30,0,5.3410191842549954
-130,-30,0,5.3410191842549954
-110,-30,0,5.3410191842549954
-90,-30,0,5.3410191842549954
-70,-30,0,5.3410191842549954
-50,-30,0,5.3410191842549954
-30,-30,0,5.3410191842549954
-10,-30,0,5.3410191842549954
10,-30,0,5.3410191842549954
30,-30,0,5.3410191842549954
50,-30,0,5.3410191842549954
70,-30,0,5.3410191842549954
90,-30,0,5.3410191842549954
110,-30,0,5.3410191842549954
130,-30,0,5.3410191842549954
150,-30,0,5.3410191842549954
170,-30,0,5.3410191842549954
190,-30,0,5.3410191842549954
210,-30,0,5.3410191842549954
230,-30,0,5.3410191842549954
250,-30,0,5.3410191842549954
270,-30,0,5.3410191842549954
290,-30,0,5.3410191842549954
310,-30,0,5.3410191842549954
330,-30,0,5.3410191842549954
350,-30,0,5.3410191842549954
370,-30,0,5.3410191842549954
390,-30,0,5.3410191842549954
410,-30,0,5.3410191842549954
430,-30,0,5.3410191842549954
450,-30,0,5.3410191842549954
470,-30,0,5.3410191842549954
490,-30,0,5.3410191842549954
510,-30,0,5.3410191842549954
530,-30,0,5.3410191842549954
550,-30,0,5.3410191842549954
570,-30,0,5.3410191842549954
590,-30,0,5.3410191842549954
610,-30,0,5.3410191842549954
630,-30,0,5.3410191842549954
650,-30,0,5.3410191842549954
670,-30,0,5.3410191842549954
690,-30,0,5.3410191842549954
710,-30,0,5.3410191842549954
730,-30,0,5.3410191842549954
750,-30,0,5.3410191842549954
770,-30,0,5.3410191842549954
790,-30,0,5.3410191842549954
-790,-10,0,5.3410191842549954
-770,-10,0,5.3410191842549954
-750,-10,0,5.3410191842549954
-730,-10,0,5.3410191842549954
-710,-10,0,5.3410191842549954
-690,-10,0,5.3410191842549954
-670,-10,0,5.3410191842549954
-650,-10,0,5.3410191842549954
-630,-10,0,5.3410191842549954
-610,-10,0,5.3410191842549954
-590,-10,0,5.3410191842549954
-570,-10,0,5.3410191842549954
-550,-10,0,5.3410191842549954
-530,-10,0,5.3410191842549954
-510,-10,0,5.3410191842549954
-490,-10,0,5.3410191842549954
-470,-10,0,5.3410191842549954
-450,-10,0,5.3410191842549954
-430,-10,0,5.3410191842549954
-410,-10,0,5.3410191842549954
-390,-10,0,5.3410191842549954
-370,-10,0,5.3410191842549954
-350,-10,0,5.3410191842549954
-330,-10,0,5.3410191842549954
-310,-10,0,5.3410191842549954
-290,-10,0,5.3410191842549954
-270,-10,0,5.3410191842549954
-250,-10,0,5.3410191842549954
-230,-10,0,5.3410191842549954
-210,-10,0,5.3410191842549954
-190,-10,0,5.3410191842549954
-170,-10,0,5.3410191842549954
-150,-10,0,5.3410191842549954
-130,-10,0,5.3410191842549954
-110,-10,0,5.3410191842549954
-90,-10,0,5.3410191842549954
-70,-10,0,5.3410191842549954
-50,-10,0,5.3410191842549954
-30,-10,0,5.3410191842549954
-10,-10,0,5.3410191842549954
10,-10,0,5.3410191842549954
30,-10,0,5.3410191842549954
50,-10,0,5.3410191842549954
70,-10,0,5.3410191842549954
90,-10,0,5.3410191842549954
110,-10,0,5.3410191842549954
130,-10,0,5.3410191842549954
150,-10,0,5.3410191842549954
170,-10,0,5.3410191842549954
190,-10,0,5.3410191842549954
210,-10,0,5.3410191842549954
230,-10,0,5.3410191842549954
250,-10,0,5.3410191842549954
270,-10,0,5.3410191842549954
290,-10,0,5.3410191842549954
310,-10,0,5.3410191842549954
330,-10,0,5.3410191842549954
350,-10,0,5.3410191842549954
370,-10,0,5.3410191842549954
390,-10,0,5.3410191842549954
410,-10,0,5.3410191842549954
430,-10,0,5.3410191842549954
450,-10,0,5.3410191842549954
470,-10,0,5.3410191842549954
490,-10,0,5.3410191842549954
510,-10,0,5.3410191842549954
530,-10,0,5.3410191842549954
550,-10,0,5.3410191842549954
570,-10,0,5.3410191842549954
590,-10,0,5.3410191842549954
610,-10,0,5.3410191842549954
630,-10,0,5.3410191842549954
650,-10,0,5.3410191842549954
670,-10,0,5.3410191842549954
690,-10,0,5.3410191842549954
710,-10,0,5.3410191842549954
730,-10,0,5.3410191842549954
750,-10,0,5.3410191842549954
770,-10,0,5.3410191842549954
790,-10,0,5.3410191842549954
-790,10,0,5.3410191842549954
-770,10,0,5.3410191842549954
-750,10,0,5.3410191842549954
-730,10,0,5.3410191842549954
-710,10,0,5.3410191842549954
-690,10,0,5.3410191842549954
-670,10,0,5.3410191842549954
-650,10,0,5.3410191842549954
-630,10,0,5.3410191842549954
-610,10,0,5.3410191842549954
-590,10,0,5.3410191842549954
-570,10,0,5.3410191842549954
-550,10,0,5.3410191842549954
-530,10,0,5.3410191842549954
-510,10,0,5.3410191842549954
-490,10,0,5.3410191842549954
-470,10,0,5.3410191842549954
-450,10,0,5.3410191842549954
-430,10,0,5.3410191842549954
-410,10,0,5.3410191842549954
-390,10,0,5.3410191842549954
-370,10,0,5.3410191842549954
-350,10,0,5.3410191842549954
-330,10,0,5.3410191842549954
-310,10,0,5.3410191842549954
-290,10,0,5.3410191842549954
-270,10,0,5.3410191842549954
-250,10,0,5.3410191842549954
-230,10,0,5.3410191842549954
-210,10,0,5.3410191842549954
-190,10,0,5.3410191842549954
-170,10,0,5.3410191842549954
-150,10,0,5.3410191842549954
-130,10,0,5.3410191842549954
-110,10,0,5.3410191842549954
-90,10,0,5.3410191842549954
-70,10,0,5.3410191842549954
-50,10,0,5.3410191842549954
-30,10,0,5.3410191842549954
-10,10,0,5.3410191842549954
10,10,0,5.3410191842549954
30,10,0,5.3410191842549954
50,10,0,5.3410191842549954
70,10,0,5.3410191842549954
90,10,0,5.3410191842549954
110,10,0,5.3410191842549954
130,10,0,5.3410191842549954
150,10,0,5.3410191842549954
170,10,0,5.3410191842549954
190,10,0,5.3410191842549954
210,10,0,5.3410191842549954
230,10,0,5.3410191842549954
250,10,0,5.3410191842549954
270,10,0,5.3410191842549954
290,10,0,5.3410191842549954
310,10,0,5.3410191842549954
330,10,0,5.3410191842549954
350,10,0,5.3410191842549954
370,10,0,5.3410191842549954
390,10,0,5.3410191842549954
410,10,0,5.3410191842549954
430,10,0,5.3410191842549954
450,10,0,5.3410191842549954
470,10,0,5.3410191842549954
490,10,0,5.3410191842549954
510,10,0,5.3410191842549954
530,10,0,5.3410191842549954
550,10,0,5.3410191842549954
570,10,0,5.3410191842549954
590,10,0,5.3410191842549954
610,10,0,5.3410191842549954
630,10,0,5.3410191842549954
650,10,0,5.3410191842549954
670,10,0,5.3410191842549954
690,10,0,5.3410191842549954
710,10,0,5.3410191842549954
730,10,0,5.3410191842549954
750,10,0,5.3410191842549954
770,10,0,5.3410191842549954
790,10,0,5.3410191842549954
-790,30,0,5.3410191842549954
-770,30,0,5.3410191842549954
-750,30,0,5.3410191842549954
-730,30,0,5.3410191842549954
-710,30,0,5.3410191842549954
-690,30,0,5.3410191842549954
-670,30,0,5.3410191842549954
-650,30,0,5.3410191842549954
-630,30,0,5.3410191842549954
-610,30,0,5.3410191842549954
-590,30,0,5.3410191842549954
-570,30,0,5.3410191842549954
-550,30,0,5.3410191842549954
-530,30,0,5.3410191842549954
-510,30,0,5.3410191842549954
-490,30,0,5.3410191842549954
-470,30,0,5.3410191842549954
-450,30,0,5.3410191842549954
-430,30,0,5.3410191842549954
-410,30,0,5.3410191842549954
-390,30,0,5.3410191842549954
-370,30,0,5.3410191842549954
-350,30,0,5.3410191842549954
-330,30,0,5.3410191842549954
-310,30,0,5.3410191842549954
-290,30,0,5.3410191842549954
-270,30,0,5.3410191842549954
-250,30,0,5.3410191842549954
-230,30,0,5.3410191842549954
-210,30,0,5.3410191842549954
-190,30,0,5.3410191842549954
-170,30,0,5.3410191842549954
-150,30,0,5.3410191842549954
-130,30,0,5.3410191842549954
-110,30,0,5.3410191842549954
-90,30,0,5.3410191842549954
-70,30,0,5.3410191842549954
-50,30,0,5.3410191842549954
-30,30,0,5.3410191842549954
-10,30,0,5.3410191842549954
10,30,0,5.3410191842549954
30,30,0,5.3410191842549954
50,30,0,5.3410191842549954
70,30,0,5.3410191842549954
90,30,0,5.3410191842549954
110,30,0,5.3410191842549954
130,30,0,5.3410191842549954
150,30,0,5.3410191842549954
170,30,0,5.3410191842549954
190,30,0,5.3410191842549954
210,30,0,5.3410191842549954
230,30,0,5.3410191842549954
250,30,0,5.3410191842549954
270,30,0,5.3410191842549954
290,30,0,5.3410191842549954
310,30,0,5.3410191842549954
330,30,0,5.3410191842549954
350,30,0,5.3410191842549954
370,30,0,5.3410191842549954
390,30,0,5.3410191842549954
410,30,0,5.3410191842549954
430,30,0,5.3410191842549954
450,30,0,5.3410191842549954
470,30,0,5.3410191842549954
490,30,0,5.3410191842549954
510,30,0,5.3410191842549954
530,30,0,5.3410191842549954
550,30,0,5.3410191842549954
570,30,0,5.3410191842549954
590,30,0,5.3410191842549954
610,30,0,5.3410191842549954
630,30,0,5.3410191842549954
650,30,0,5.3410191842549954
670,30,0,5.3410191842549954
690,30,0,5.3410191842549954
710,30,0,5.3410191842549954
730,30,0,5.3410191842549954
750,30,0,5.3410191842549954
770,30,0,5.3410191842549954
790,30,0,5.3410191842549954
-790,50,0,5.3410191842549954
-770,50,0,5.3410191842549954
-750,50,0,5.3410191842549954
-730,50,0,5.3410191842549954
-710,50,0,5.3410191842549954
-690,50,0,5.3410191842549954
-670,50,0,5.3410191842549954
-650,50,0,5.3410191842549954
-630,50,0,5.3410191842549954
-610,50,0,5.3410191842549954
-590,50,0,5.3410191842549954
-570,50,0,5.3410191842549954
-550,50,0,5.3410191842549954
-530,50,0,5.3410191842549954
-510,50,0,5.3410191842549954
-490,50,0,5.3410191842549954
-470,50,0,5.3410191842549954
-450,50,0,5.3410191842549954
-430,50,0,5.3410191842549954
-410,50,0,5.3410191842549954
-390,50,0,5.3410191842549954
-370,50,0,5.3410191842549954
-350,50,0,5.3410191842549954
-330,50,0,5.3410191842549954
-310,50,0,5.3410191842549954
-290,50,0,5.3410191842549954
-270,50,0,5.3410191842549954
-250,50,0,5.3410191842549954
-230,50,0,5.3410191842549954
-210,50,0,5.3410191842549954
-190,50,0,5.3410191842549954
-170,50,0,5.3410191842549954
-150,50,0,5.3410191842549954
-130,50,0,5.3410191842549954
-110,50,0,5.3410191842549954
-90,50,0,5.3410191842549954
-70,50,0,5.3410191842549954
-50,50,0,5.3410191842549954
-30,50,0,5.3410191842549954
-10,50,0,5.3410191842549954
10,50,0,5.3410191842549954
30,50,0,5.3410191842549954
50,50,0,5.3410191842549954
70,50,0,5.3410191842549954
90,50,0,5.3410191842549954
110,50,0,5.3410191842549954
130,50,0,5.3410191842549954
150,50,0,5.3410191842549954
170,50,0,5.3410191842549954
190,50,0,5.3410191842549954
210,50,0,5.3410191842549954
230,50,0,5.3410191842549954
250,50,0,5.3410191842549954
270,50,0,5.3410191842549954
290,50,0,5.3410191842549954
310,50,0,5.3410191842549954
330,50,0,5.3410191842549954
350,50,0,5.3410191842549954
370,50,0,5.3410191842549954
390,50,0,5.3410191842549954
410,50,0,5.3410191842549954
430,50,0,5.3410191842549954
450,50,0,5.3410191842549954
470,50,0,5.3410191842549954
490,50,0,5.3410191842549954
510,50,0,5.3410191842549954
530,50,0,5.3410191842549954
550,50,0,5.3410191842549954
570,50,0,5.3410191842549954
590,50,0,5.3410191842549954
610,50,0,5.3410191842549954
630,50,0,5.3410191842549954
650,50,0,5.3410191842549954
670,50,0,5.3410191842549954
690,50,0,5.3410191842549954
710,50,0,5.3410191842549954
730,50,0,5.3410191842549954
750,50,0,5.3410191842549954
770,50,0,5.3410191842549954
790,50,0,5.3410191842549954
-790,70,0,5.3410191842549954
-770,70,0,5.3410191842549954
-750,70,0,5.3410191842549954
-730,70,0,5.3410191842549954
-710,70,0,5.3410191842549954
-690,70,0,5.3410191842549954
-670,70,0,5.3410191842549954
-650,70,0,5.3410191842549954
-630,70,0,5.3410191842549954
-610,70,0,5.3410191842549954
-590,70,0,5.3410191842549954
-570,70,0,5.3410191842549954
-550,70,0,5.3410191842549954
-530,70,0,5.3410191842549954
-510,70,0,5.3410191842549954
-490,70,0,5.3410191842549954
-470,70,0,5.3410191842549954
-450,70,0,5.3410191842549954
-430,70,0,5.3410191842549954
-410,70,0,5.3410191842549954
-390,70,0,5.3410191842549954
-370,70,0,5.3410191842549954
-350,70,0,5.3410191842549954
-330,70,0,5.3410191842549954
-310,70,0,5.3410191842549954
-290,70,0,5.3410191842549954
-270,70,0,5.3410191842549954
-250,70,0,5.3410191842549954
-230,70,0,5.3410191842549954
-210,70,0,5.3410191842549954
-190,70,0,5.3410191842549954
-170,70,0,5.3410191842549954
-150,70,0,5.3410191842549954
-130,70,0,5.3410191842549954
-110,70,0,5.3410191842549954
-90,70,0,5.3410191842549954
-70,70,0,5.3410191842549954
-50,70,0,5.3410191842549954
-30,70,0,5.3410191842549954
-10,70,0,5.3410191842549954
10,70,0,5.3410191842549954
30,70,0,5.3410191842549954
50,70,0,5.3410191842549954
70,70,0,5.3410191842549954
90,70,0,5.3410191842549954
110,70,0,5.3410191842549954
130,70,0,5.3410191842549954
150,70,0,5.3410191842549954
170,70,0,5.3410191842549954
190,70,0,5.3410191842549954
210,70,0,5.3410191842549954
230,70,0,5.3410191842549954
250,70,0,5.3410191842549954
270,70,0,5.3410191842549954
290,70,0,5.3410191842549954
310,70,0,5.3410191842549954
330,70,0,5.3410191842549954
350,70,0,5.3410191842549954
370,70,0,5.3410191842549954
390,70,0,5.3410191842549954
410,70,0,5.3410191842549954
430,70,0,5.3410191842549954
450,70,0,5.3410191842549954
470,70,0,5.3410191842549954
490,70,0,5.3410191842549954
510,70,0,5.3410191842549954
530,70,0,5.3410191842549954
550,70,0,5.3410191842549954
570,70,0,5.3410191842549954
590,70,0,5.3410191842549954
610,70,0,5.3410191842549954
630,70,0,5.3410191842549954
650,70,0,5.3410191842549954
670,70,0,5.3410191842549954
690,70,0,5.3410191842549954
710,70,0,5.3410191842549954
730,70,0,5.3410191842549954
750,70,0,5.3410191842549954
770,70,0,5.3410191842549954
790,70,0,5.3410191842549954
-790,90,0,5.3410191842549954
-770,90,0,5.3410191842549954
-750,90,0,5.3410191842549954
-730,90,0,5.3410191842549954
-710,90,0,5.3410191842549954
-690,90,0,5.3410191842549954
-670,90,0,5.3410191842549954
-650,90,0,5.3410191842549954
-630,90,0,5.3410191842549954
-610,90,0,5.3410191842549954
-590,90,0,5.3410191842549954
-570,90,0,5.3410191842549954
-550,90,0,5.3410191842549954
-530,90,0,5.3410191842549954
-510,90,0,5.3410191842549954
-490,90,0,5.3410191842549954
-470,90,0,5.3410191842549954
-450,90,0,5.3410191842549954
-430,90,0,5.3410191842549954
-410,90,0,5.3410191842549954
-390,90,0,5.3410191842549954
-370,90,0,5.3410191842549954
-350,90,0,5.3410191842549954
-330,90,0,5.3410191842549954
-310,90,0,5.3410191842549954
-290,90,0,5.3410191842549954
-270,90,0,5.3410191842549954
-250,90,0,5.3410191842549954
-230,90,0,5.3410191842549954
-210,90,0,5.3410191842549954
-190,90,0,5.3410191842549954
-170,90,0,5.3410191842549954
-150,90,0,5.3410191842549954
-130,90,0,5.3410191842549954
-110,90,0,5.3410191842549954
-90,90,0,5.3410191842549954
-70,90,0,5.3410191842549954
-50,90,0,5.3410191842549954
-30,90,0,5.3410191842549954
-10,90,0,5.3410191842549954
10,90,0,5.3410191842549954
30,90,0,5.3410191842549954
50,90,0,5.3410191842549954
70,90,0,5.3410191842549954
90,90,0,5.3410191842549954
110,90,0,5.3410191842549954
130,90,0,5.3410191842549954
150,90,0,5.3410191842549954
170,90,0,5.3410191842549954
190,90,0,5.3410191842549954
210,90,0,5.3410191842549954
230,90,0,5.3410191842549954
250,90,0,5.3410191842549954
270,90,0,5.3410191842549954
290,90,0,5.3410191842549954
310,90,0,5.3410191842549954
330,90,0,5.3410191842549954
350,90,0,5.3410191842549954
370,90,0,5.3410191842549954
390,90,0,5.3410191842549954
410,90,0,5.3410191842549954
430,90,0,5.3410191842549954
450,90,0,5.3410191842549954
470,90,0,5.3410191842549954
490,90,0,5.3410191842549954
510,90,0,5.3410191842549954
530,90,0,5.3410191842549954
550,90,0,5.3410191842549954
570,90,0,5.3410191842549954
590,90,0,5.3410191842549954
610,90,0,5.3410191842549954
630,90,0,5.3410191842549954
650,90,0,5.3410191842549954
670,90,0,5.3410191842549954
690,90,0,5.3410191842549954
710,90,0,5.3410191842549954
730,90,0,5.3410191842549954
750,90,0,5.3410191842549954
770,90,0,5.3410191842549954
790,90,0,5.3410191842549954
-790,110,0,5.3410191842549954
-770,110,0,5.3410191842549954
-750,110,0,5.3410191842549954
-730,110,0,5.3410191842549954
-710,110,0,5.3410191842549954
-690,110,0,5.3410191842549954
-670,110,0,5.3410191842549954
-650,110,0,5.3410191842549954
-630,110,0,5.3410191842549954
-610,110,0,5.3410191842549954
-590,110,0,5.3410191842549954
-570,110,0,5.3410191842549954
-550,110,0,5.3410191842549954
-530,110,0,5.3410191842549954
-510,110,0,5.3410191842549954
-490,110,0,5.3410191842549954
-470,110,0,5.3410191842549954
-450,110,0,5.3410191842549954
-430,110,0,5.3410191842549954
-410,110,0,5.3410191842549954
-390,110,0,5.3410191842549954
-370,110,0,5.3410191842549954
-350,110,0,5.3410191842549954
-330,110,0,5.3410191842549954
-310,110,0,5.3410191842549954
-290,110,0,5.3410191842549954
-270,110,0,5.3410191842549954
-250,110,0,5.3410191842549954
-230,110,0,5.3410191842549954
-210,110,0,5.3410191842549954
-190,110,0,5.3410191842549954
-170,110,0,5.3410191842549954
-150,110,0,5.3410191842549954
-130,110,0,5.3410191842549954
-110,110,0,5.3410191842549954
-90,110,0,5.3410191842549954
-70,110,0,5.3410191842549954
-50,110,0,5.3410191842549954
-30,110,0,5.3410191842549954
-10,110,0,5.3410191842549954
10,110,0,5.3410191842549954
30,110,0,5.3410191842549954
50,110,0,5.3410191842549954
70,110,0,5.3410191842549954
90,110,0,5.3410191842549954
110,110,0,5.3410191842549954
130,110,0,5.3410191842549954
150,110,0,5.3410191842549954
170,110,0,5.3410191842549954
190,110,0,5.3410191842549954
210,110,0,5.3410191842549954
230,110,0,5.3410191842549954
250,110,0,5.3410191842549954
270,110,0,5.3410191842549954
290,110,0,5.3410191842549954
310,110,0,5.3410191842549954
330,110,0,5.3410191842549954
350,110,0,5.3410191842549954
370,110,0,5.3410191842549954
390,110,0,5.3410191842549954
410,110,0,5.3410191842549954
430,110,0,5.3410191842549954
450,110,0,5.3410191842549954
470,110,0,5.3410191842549954
490,110,0,5.3410191842549954
510,110,0,5.3410191842549954
530,110,0,5.3410191842549954
550,110,0,5.3410191842549954
570,110,0,5.3410191842549954
590,110,0,5.3410191842549954
610,110,0,5.3410191842549954
630,110,0,5.3410191842549954
650,110,0,5.3410191842549954
670,110,0,5.3410191842549954
690,110,0,5.3410191842549954
710,110,0,5.3410191842549954
730,110,0,5.3410191842549954
750,110,0,5.3410191842549954
770,110,0,5.3410191842549954
790,110,0,5.3410191842549954
-790,130,0,5.3410191842549954
-770,130,0,5.3410191842549954
-750,130,0,5.3410191842549954
-730,130,0,5.3410191842549954
-710,130,0,5.3410191842549954
-690,130,0,5.3410191842549954
-670,130,0,5.3410191842549954
-650,130,0,5.3410191842549954
-630,130,0,5.3410191842549954
-610,130,0,5.3410191842549954
-590,130,0,5.3410191842549954
-570,130,0,5.3410191842549954
-550,130,0,5.3410191842549954
-530,130,0,5.3410191842549954
-510,130,0,5.3410191842549954
-490,130,0,5.3410191842549954
-470,130,0,5.3410191842549954
-450,130,0,5.3410191842549954
-430,130,0,5.3410191842549954
-410,130,0,5.3410191842549954
-390,130,0,5.3410191842549954
-370,130,0,5.3410191842549954
-350,130,0,5.3410191842549954
-330,130,0,5.3410191842549954
-310,130,0,5.3410191842549954
-290,130,0,5.3410191842549954
-270,130,0,5.3410191842549954
-250,130,0,5.3410191842549954
-230,130,0,5.3410191842549954
-210,130,0,5.3410191842549954
-190,130,0,5.3410191842549954
-170,130,0,5.3410191842549954
-150,130,0,5.3410191842549954
-130,130,0,5.3410191842549954
-110,130,0,5.3410191842549954
-90,130,0,5.3410191842549954
-70,130,0,5.3410191842549954
-50,130,0,5.3410191842549954
-30,130,0,5.3410191842549954
-10,130,0,5.3410191842549954
10,130,0,5.3410191842549954
30,130,0,5.3410191842549954
50,130,0,5.3410191842549954
70,130,0,5.3410191842549954
90,130,0,5.3410191842549954
110,130,0,5.3410191842549954
130,130,0,5.3410191842549954
150,130,0,5.3410191842549954
170,130,0,5.3410191842549954
190,130,0,5.3410191842549954
210,130,0,5.3410191842549954
230,130,0,5.3410191842549954
250,130,0,5.3410191842549954
270,130,0,5.3410191842549954
290,130,0,5.3410191842549954
310,130,0,5.3410191842549954
330,130,0,5.3410191842549954
350,130,0,5.3410191842549954
370,130,0,5.3410191842549954
390,130,0,5.3410191842549954
410,130,0,5.3410191842549954
430,130,0,5.3410191842549954
450,130,0,5.3410191842549954
470,130,0,5.3410191842549954
490,130,0,5.3410191842549954
510,130,0,5.3410191842549954
530,130,0,5.3410191842549954
550,130,0,5.3410191842549954
570,130,0,5.3410191842549954
590,130,0,5.3410191842549954
610,130,0,5.3410191842549954
630,130,0,5.3410191842549954
650,130,0,5.3410191842549954
670,130,0,5.3410191842549954
690,130,0,5.3410191842549954
710,130,0,5.3410191842549954
730,130,0,5.3410191842549954
750,130,0,5.3410191842549954
770,130,0,5.3410191842549954
790,130,0,5.3410191842549954
-790,150,0,5.3410191842549954
-770,150,0,5.3410191842549954
-750,150,0,5.3410191842549954
-730,150,0,5.3410191842549954
-710,150,0,5.3410191842549954
-690,150,0,5.3410191842549954
-670,150,0,5.3410191842549954
-650,150,0,5.3410191842549954
-630,150,0,5.3410191842549954
-610,150,0,5.3410191842549954
-590,150,0,5.3410191842549954
-570,150,0,5.3410191842549954
-550,150,0,5.3410191842549954
-530,150,0,5.3410191842549954
-510,150,0,5.3410191842549954
-490,150,0,5.3410191842549954
-470,150,0,5.3410191842549954
-450,150,0,5.3410191842549954
-430,150,0,5.3410191842549954
-410,150,0,5.3410191842549954
-390,150,0,5.3410191842549954
-370,150,0,5.3410191842549954
-350,150,0,5.3410191842549954
-330,150,0,5.3410191842549954
-310,150,0,5.3410191842549954
-290,150,0,5.3410191842549954
-270,150,0,5.3410191842549954
-250,150,0,5.3410191842549954
-230,150,0,5.3410191842549954
-210,150,0,5.3410191842549954
-190,150,0,5.3410191842549954
-170,150,0,5.3410191842549954
-150,150,0,5.3410191842549954
-130,150,0,5.3410191842549954
-110,150,0,5.3410191842549954
-90,150,0,5.3410191842549954
-70,150,0,5.3410191842549954
-50,150,0,5.3410191842549954
-30,150,0,5.3410191842549954
-10,150,0,5.3410191842549954
10,150,0,5.3410191842549954
30,150,0,5.3410191842549954
50,150,0,5.3410191842549954
70,150,0,5.3410191842549954
90,150,0,5.3410191842549954
110,150,0,5.3410191842549954
130,150,0,5.3410191842549954
150,150,0,5.3410191842549954
170,150,0,5.3410191842549954
190,150,0,5.3410191842549954
210,150,0,5.3410191842549954
230,150,0,5.3410191842549954
250,150,0,5.3410191842549954
270,150,0,5.3410191842549954
290,150,0,5.3410191842549954
310,150,0,5.3410191842549954
330,150,0,5.3410191842549954
350,150,0,5.3410191842549954
370,150,0,5.3410191842549954
390,150,0,5.3410191842549954
410,150,0,5.3410191842549954
430,150,0,5.3410191842549954
450,150,0,5.3410191842549954
470,150,0,5.3410191842549954
490,150,0,5.3410191842549954
510,150,0,5.3410191842549954
530,150,0,5.3410191842549954
550,150,0,5.3410191842549954
570,150,0,5.3410191842549954
590,150,0,5.3410191842549954
610,150,0,5.3410191842549954
630,150,0,5.3410191842549954
650,150,0,5.3410191842549954
670,150,0,5.3410191842549954
690,150,0,5.3410191842549954
710,150,0,5.3410191842549954
730,150,0,5.3410191842549954
750,150,0,5.3410191842549954
770,150,0,5.3410191842549954
790,150,0,5.3410191842549954
-790,170,0,5.3410191842549954
-770,170,0,5.3410191842549954
-750,170,0,5.3410191842549954
-730,170,0,5.3410191842549954
-710,170,0,5.3410191842549954
-690,170,0,5.3410191842549954
-670,170,0,5.3410191842549954
-650,170,0,5.3410191842549954
-630,170,0,5.3410191842549954
-610,170,0,5.3410191842549954
-590,170,0,5.3410191842549954
-570,170,0,5.3410191842549954
-550,170,0,5.3410191842549954
-530,170,0,5.3410191842549954
-510,170,0,5.3410191842549954
-490,170,0,5.3410191842549954
-470,170,0,5.3410191842549954
-450,170,0,5.3410191842549954
-430,170,0,5.3410191842549954
-410,170,0,5.3410191842549954
-390,170,0,5.3410191842549954
-370,170,0,5.3410191842549954
-350,170,0,5.3410191842549954
-330,170,0,5.3410191842549954
-310,170,0,5.3410191842549954
-290,170,0,5.3410191842549954
-270,170,0,5.3410191842549954
-250,170,0,5.3410191842549954
-230,170,0,5.3410191842549954
-210,170,0,5.3410191842549954
-190,170,0,5.3410191842549954
-170,170,0,5.3410191842549954
-150,170,0,5.3410191842549954
-130,170,0,5.3410191842549954
-110,170,0,5.3410191842549954
-90,170,0,5.3410191842549954
-70,170,0,5.3410191842549954
-50,170,0,5.3410191842549954
-30,170,0,5.3410191842549954
-10,170,0,5.3410191842549954
10,170,0,5.3410191842549954
30,170,0,5.3410191842549954
50,170,0,5.3410191842549954
70,170,0,5.3410191842549954
90,170,0,5.3410191842549954
110,170,0,5.3410191842549954
130,170,0,5.3410191842549954
150,170,0,5.3410191842549954
170,170,0,5.3410191842549954
190,170,0,5.3410191842549954
210,170,0,5.3410191842549954
230,170,0,5.3410191842549954
250,170,0,5.3410191842549954
270,170,0,5.3410191842549954
290,170,0,5.3410191842549954
310,170,0,5.3410191842549954
330,170,0,5.3410191842549954
350,170,0,5.3410191842549954
370,170,0,5.3410191842549954
390,170,0,5.3410191842549954
410,170,0,5.3410191842549954
430,170,0,5.3410191842549954
450,170,0,5.3410191842549954
470,170,0,5.3410191842549954
490,170,0,5.3410191842549954
510,170,0,5.3410191842549954
530,170,0,5.3410191842549954
550,170,0,5.3410191842549954
570,170,0,5.3410191842549954
590,170,0,5.3410191842549954
610,170,0,5.3410191842549954
630,170,0,5.3410191842549954
650,170,0,5.3410191842549954
670,170,0,5.3410191842549954
690,170,0,5.3410191842549954
710,170,0,5.3410191842549954
730,170,0,5.3410191842549954
750,170,0,5.3410191842549954
770,170,0,5.3410191842549954
790,170,0,5.3410191842549954
-790,190,0,5.3410191842549954
-770,190,0,5.3410191842549954
-750,190,0,5.3410191842549954
-730,190,0,5.3410191842549954
-710,190,0,5.3410191842549954
-690,190,0,5.3410191842549954
-670,190,0,5.3410191842549954
-650,190,0,5.3410191842549954
-630,190,0,5.3410191842549954
-610,190,0,5.3410191842549954
-590,190,0,5.3410191842549954
-570,190,0,5.3410191842549954
-550,190,0,5.3410191842549954
-530,190,0,5.3410191842549954
-510,190,0,5.3410191842549954
-490,190,0,5.3410191842549954
-470,190,0,5.3410191842549954
-450,190,0,5.3410191842549954
-430,190,0,5.3410191842549954
-410,190,0,5.3410191842549954
-390,190,0,5.3410191842549954
-370,190,0,5.3410191842549954
-350,190,0,5.3410191842549954
-330,190,0,5.3410191842549954
-310,190,0,5.3410191842549954
-290,190,0,5.3410191842549954
-270,190,0,5.3410191842549954
-250,190,0,5.3410191842549954
-230,190,0,5.3410191842549954
-210,190,0,5.3410191842549954
-190,190,0,5.3410191842549954
-170,190,0,5.3410191842549954
-150,190,0,5.3410191842549954
-130,190,0,5.3410191842549954
-110,190,0,5.3410191842549954
-90,190,0,5.3410191842549954
-70,190,0,5.3410191842549954
-50,190,0,5.3410191842549954
-30,190,0,5.3410191842549954
-10,190,0,5.3410191842549954
10,190,0,5.3410191842549954
30,190,0,5.3410191842549954
50,190,0,5.3410191842549954
70,190,0,5.3410191842549954
90,190,0,5.3410191842549954
110,190,0,5.3410191842549954
130,190,0,5.3410191842549954
150,190,0,5.3410191842549954
170,190,0,5.3410191842549954
190,190,0,5.3410191842549954
210,190,0,5.3410191842549954
230,190,0,5.3410191842549954
250,190,0,5.3410191842549954
270,190,0,5.3410191842549954
290,190,0,5.3410191842549954
310,190,0,5.3410191842549954
330,190,0,5.3410191842549954
350,190,0,5.3410191842549954
370,190,0,5.3410191842549954
390,190,0,5.3410191842549954
410,190,0,5.3410191842549954
430,190,0,5.3410191842549954
450,190,0,5.3410191842549954
470,190,0,5.3410191842549954
490,190,0,5.3410191842549954
510,190,0,5.3410191842549954
530,190,0,5.3410191842549954
550,190,0,5.3410191842549954
570,190,0,5.3410191842549954
590,190,0,5.3410191842549954
610,190,0,5.3410191842549954
630,190,0,5.3410191842549954
650,190,0,5.3410191842549954
670,190,0,5.3410191842549954
690,190,0,5.3410191842549954
710,190,0,5.3410191842549954
730,190,0,5.3410191842549954
750,190,0,5.3410191842549954
770,190,0,5.3410191842549954
790,190,0,5.3410191842549954
-790,210,0,5.3410191842549954
-770,210,0,5.3410191842549954
-750,210,0,5.3410191842549954
-730,210,0,5.3410191842549954
-710,210,0,5.3410191842549954
-690,210,0,5.3410191842549954
-670,210,0,5.3410191842549954
-650,210,0,5.3410191842549954
-630,210,0,5.3410191842549954
-610,210,0,5.3410191842549954
-590,210,0,5.3410191842549954
-570,210,0,5.3410191842549954
-550,210,0,5.3410191842549954
-530,210,0,5.3410191842549954
-510,210,0,5.3410191842549954
-490,210,0,5.3410191842549954
-470,210,0,5.3410191842549954
-450,210,0,5.3410191842549954
-430,210,0,5.3410191842549954
-410,210,0,5.3410191842549954
-390,210,0,5.3410191842549954
-370,210,0,5.3410191842549954
-350,210,0,5.3410191842549954
-330,210,0,5.3410191842549954
-310,210,0,5.3410191842549954
-290,210,0,5.3410191842549954
-270,210,0,5.3410191842549954
-250,210,0,5.3410191842549954
-230,210,0,5.3410191842549954
-210,210,0,5.3410191842549954
-190,210,0,5.3410191842549954
-170,210,0,5.3410191842549954
-150,210,0,5.3410191842549954
-130,210,0,5.3410191842549954
-110,210,0,5.3410191842549954
-90,210,0,5.3410191842549954
-70,210,0,5.3410191842549954
-50,210,0,5.3410191842549954
-30,210,0,5.3410191842549954
-10,210,0,5.3410191842549954
10,210,0,5.3410191842549954
30,210,0,5.3410191842549954
50,210,0,5.3410191842549954
70,210,0,5.3410191842549954
90,210,0,5.3410191842549954
110,210,0,5.3410191842549954
130,210,0,5.3410191842549954
150,210,0,5.3410191842549954
170,210,0,5.3410191842549954
190,210,0,5.3410191842549954
210,210,0,5.3410191842549954
230,210,0,5.3410191842549954
250,210,0,5.3410191842549954
270,210,0,5.3410191842549954
290,210,0,5.3410191842549954
310,210,0,5.3410191842549954
330,210,0,5.3410191842549954
350,210,0,5.3410191842549954
370,210,0,5.3410191842549954
390,210,0,5.3410191842549954
410,210,0,5.3410191842549954
430,210,0,5.3410191842549954
450,210,0,5.3410191842549954
470,210,0,5.3410191842549954
490,210,0,5.3410191842549954
510,210,0,5.3410191842549954
530,210,0,5.3410191842549954
550,210,0,5.3410191842549954
570,210,0,5.3410191842549954
590,210,0,5.3410191842549954
610,210,0,5.3410191842549954
630,210,0,5.3410191842549954
650,210,0,5.3410191842549954
670,210,0,5.3410191842549954
690,210,0,5.3410191842549954
710,210,0,5.3410191842549954
730,210,0,5.3410191842549954
750,210,0,5.3410191842549954
770,210,0,5.3410191842549954
790,210,0,5.3410191842549954
-790,230,0,5.3410191842549954
-770,230,0,5.3410191842549954
-750,230,0,5.3410191842549954
-730,230,0,5.3410191842549954
-710,230,0,5.3410191842549954
-690,230,0,5.3410191842549954
-670,230,0,5.3410191842549954
-650,230,0,5.3410191842549954
-630,230,0,5.3410191842549954
-610,230,0,5.3410191842549954
-590,230,0,5.3410191842549954
-570,230,0,5.3410191842549954
-550,230,0,5.3410191842549954
-530,230,0,5.3410191842549954
-510,230,0,5.3410191842549954
-490,230,0,5.3410191842549954
-470,230,0,5.3410191842549954
-450,230,0,5.3410191842549954
-430,230,0,5.3410191842549954
-410,230,0,5.3410191842549954
-390,230,0,5.3410191842549954
-370,230,0,5.3410191842549954
-350,230,0,5.3410191842549954
-330,230,0,5.3410191842549954
-310,230,0,5.3410191842549954
-290,230,0,5.3410191842549954
-270,230,0,5.3410191842549954
-250,230,0,5.3410191842549954
-230,230,0,5.3410191842549954
-210,230,0,5.3410191842549954
-190,230,0,5.3410191842549954
-170,230,0,5.3410191842549954
-150,230,0,5.3410191842549954
-130,230,0,5.3410191842549954
-110,230,0,5.3410191842549954
-90,230,0,5.3410191842549954
-70,230,0,5.3410191842549954
-50,230,0,5.3410191842549954
-30,230,0,5.3410191842549954
-10,230,0,5.3410191842549954
10,230,0,5.3410191842549954
30,230,0,5.3410191842549954
50,230,0,5.3410191842549954
70,230,0,5.3410191842549954
90,230,0,5.3410191842549954
110,230,0,5.3410191842549954
130,230,0,5.3410191842549954
150,230,0,5.3410191842549954
170,230,0,5.3410191842549954
190,230,0,5.3410191842549954
210,230,0,5.3410191842549954
230,230,0,5.3410191842549954
250,230,0,5.3410191842549954
270,230,0,5.3410191842549954
290,230,0,5.3410191842549954
310,230,0,5.3410191842549954
330,230,0,5.3410191842549954
350,230,0,5.3410191842549954
370,230,0,5.3410191842549954
390,230,0,5.3410191842549954
410,230,0,5.3410191842549954
430,230,0,5.3410191842549954
450,230,0,5.3410191842549954
470,230,0,5.3410191842549954
490,230,0,5.3410191842549954
510,230,0,5.3410191842549954
530,230,0,5.3410191842549954
550,230,0,5.3410191842549954
570,230,0,5.3410191842549954
590,230,0,5.3410191842549954
610,230,0,5.3410191842549954
630,230,0,5.3410191842549954
650,230,0,5.3410191842549954
670,230,0,5.3410191842549954
690,230,0,5.3410191842549954
710,230,0,5.3410191842549954
730,230,0,5.3410191842549954
750,230,0,5.3410191842549954
770,230,0,5.3410191842549954
790,230,0,5.3410191842549954
-790,250,0,5.3410191842549954
-770,250,0,5.3410191842549954
-750,250,0,5.3410191842549954
-730,250,0,5.3410191842549954
-710,250,0,5.3410191842549954
-690,250,0,5.3410191842549954
-670,250,0,5.3410191842549954
-650,250,0,5.3410191842549954
-630,250,0,5.3410191842549954
-610,250,0,5.3410191842549954
-590,250,0,5.3410191842549954
-570,250,0,5.3410191842549954
-550,250,0,5.3410191842549954
-530,250,0,5.3410191842549954
-510,250,0,5.3410191842549954
-490,250,0,5.3410191842549954
-470,250,0,5.3410191842549954
-450,250,0,5.3410191842549954
-430,250,0,5.3410191842549954
-410,250,0,5.3410191842549954
-390,250,0,5.3410191842549954
-370,250,0,5.3410191842549954
-350,250,0,5.3410191842549954
-330,250,0,5.3410191842549954
-310,250,0,5.3410191842549954
-290,250,0,5.3410191842549954
-270,250,0,5.3410191842549954
-250,250,0,5.3410191842549954
-230,250,0,5.3410191842549954
-210,250,0,5.3410191842549954
-190,250,0,5.3410191842549954
-170,250,0,5.3410191842549954
-150,250,0,5.3410191842549954
-130,250,0,5.3410191842549954
-110,250,0,5.3410191842549954
-90,250,0,5.3410191842549954
-70,250,0,5.3410191842549954
-50,250,0,5.3410191842549954
-30,250,0,5.3410191842549954
-10,250,0,5.3410191842549954
10,250,0,5.3410191842549954
30,250,0,5.3410191842549954
50,250,0,5.3410191842549954
70,250,0,5.3410191842549954
90,250,0,5.3410191842549954
110,250,0,5.3410191842549954
130,250,0,5.3410191842549954
150,250,0,5.3410191842549954
170,250,0,5.3410191842549954
190,250,0,5.3410191842549954
210,250,0,5.3410191842549954
230,250,0,5.3410191842549954
250,250,0,5.3410191842549954
270,250,0,5.3410191842549954
290,250,0,5.3410191842549954
310,250,0,5.3410191842549954
330,250,0,5.3410191842549954
350,250,0,5.3410191842549954
370,250,0,5.3410191842549954
390,250,0,5.3410191842549954
410,250,0,5.3410191842549954
430,250,0,5.3410191842549954
450,250,0,5.3410191842549954
470,250,0,5.3410191842549954
490,250,0,5.3410191842549954
510,250,0,5.3410191842549954
530,250,0,5.3410191842549954
550,250,0,5.3410191842549954
570,250,0,5.3410191842549954
590,250,0,5.3410191842549954
610,250,0,5.3410191842549954
630,250,0,5.3410191842549954
650,250,0,5.3410191842549954
670,250,0,5.3410191842549954
690,250,0,5.3410191842549954
710,250,0,5.3410191842549954
730,250,0,5.3410191842549954
750,250,0,5.3410191842549954
770,250,0,5.3410191842549954
790,250,0,5.3410191842549954
-790,270,0,5.3410191842549954
-770,270,0,5.3410191842549954
-750,270,0,5.3410191842549954
-730,270,0,5.3410191842549954
-710,270,0,5.3410191842549954
-690,270,0,5.3410191842549954
-670,270,0,5.3410191842549954
-650,270,0,5.3410191842549954
-630,270,0,5.3410191842549954
-610,270,0,5.3410191842549954
-590,270,0,5.3410191842549954
-570,270,0,5.3410191842549954
-550,270,0,5.3410191842549954
-530,270,0,5.3410191842549954
-510,270,0,5.3410191842549954
-490,270,0,5.3410191842549954
-470,270,0,5.3410191842549954
-450,270,0,5.3410191842549954
-430,270,0,5.3410191842549954
-410,270,0,5.3410191842549954
-390,270,0,5.3410191842549954
-370,270,0,5.3410191842549954
-350,270,0,5.3410191842549954
-330,270,0,5.3410191842549954
-310,270,0,5.3410191842549954
-290,270,0,5.3410191842549954
-270,270,0,5.3410191842549954
-250,270,0,5.3410191842549954
-230,270,0,5.3410191842549954
-210,270,0,5.3410191842549954
-190,270,0,5.3410191842549954
-170,270,0,5.3410191842549954
-150,270,0,5.3410191842549954
-130,270,0,5.3410191842549954
-110,270,0,5.3410191842549954
-90,270,0,5.3410191842549954
-70,270,0,5.3410191842549954
-50,270,0,5.3410191842549954
-30,270,0,5.3410191842549954
-10,270,0,5.3410191842549954
10,270,0,5.3410191842549954
30,270,0,5.3410191842549954
50,270,0,5.3410191842549954
70,270,0,5.3410191842549954
90,270,0,5.3410191842549954
110,270,0,5.3410191842549954
130,270,0,5.3410191842549954
150,270,0,5.3410191842549954
170,270,0,5.3410191842549954
190,270,0,5.3410191842549954
210,270,0,5.3410191842549954
230,270,0,5.3410191842549954
250,270,0,5.3410191842549954
270,270,0,5.3410191842549954
290,270,0,5.3410191842549954
310,270,0,5.3410191842549954
330,270,0,5.3410191842549954
350,270,0,5.3410191842549954
370,270,0,5.3410191842549954
390,270,0,5.3410191842549954
410,270,0,5.3410191842549954
430,270,0,5.3410191842549954
450,270,0,5.3410191842549954
470,270,0,5.3410191842549954
490,270,0,5.3410191842549954
510,270,0,5.3410191842549954
530,270,0,5.3410191842549954
550,270,0,5.3410191842549954
570,270,0,5.3410191842549954
590,270,0,5.3410191842549954
610,270,0,5.3410191842549954
630,270,0,5.3410191842549954
650,270,0,5.3410191842549954
670,270,0,5.3410191842549954
690,270,0,5.3410191842549954
710,270,0,5.3410191842549954
730,270,0,5.3410191842549954
750,270,0,5.3410191842549954
770,270,0,5.3410191842549954
790,270,0,5.3410191842549954
-790,290,0,5.3410191842549954
-770,290,0,5.3410191842549954
-750,290,0,5.3410191842549954
-730,290,0,5.3410191842549954
-710,290,0,5.3410191842549954
-690,290,0,5.3410191842549954
-670,290,0,5.3410191842549954
-650,290,0,5.3410191842549954
-630,290,0,5.3410191842549954
-610,290,0,5.3410191842549954
-590,290,0,5.3410191842549954
-570,290,0,5.3410191842549954
-550,290,0,5.3410191842549954
-530,290,0,5.3410191842549954
-510,290,0,5.3410191842549954
-490,290,0,5.3410191842549954
-470,290,0,5.3410191842549954
-450,290,0,5.3410191842549954
-430,290,0,5.3410191842549954
-410,290,0,5.3410191842549954
-390,290,0,5.3410191842549954
-370,290,0,5.3410191842549954
-350,290,0,5.3410191842549954
-330,290,0,5.3410191842549954
-310,290,0,5.3410191842549954
-290,290,0,5.3410191842549954
-270,290,0,5.3410191842549954
-250,290,0,5.3410191842549954
-230,290,0,5.3410191842549954
-210,290,0,5.3410191842549954
-190,290,0,5.3410191842549954
-170,290,0,5.3410191842549954
-150,290,0,5.3410191842549954
-130,290,0,5.3410191842549954
-110,290,0,5.3410191842549954
-90,290,0,5.3410191842549954
-70,290,0,5.3410191842549954
-50,290,0,5.3410191842549954
-30,290,0,5.3410191842549954
-10,290,0,5.3410191842549954
10,290,0,5.3410191842549954
30,290,0,5.3410191842549954
50,290,0,5.3410191842549954
70,290,0,5.3410191842549954
90,290,0,5.3410191842549954
110,290,0,5.3410191842549954
130,290,0,5.3410191842549954
150,290,0,5.3410191842549954
170,290,0,5.3410191842549954
190,290,0,5.3410191842549954
210,290,0,5.3410191842549954
230,290,0,5.3410191842549954
250,290,0,5.3410191842549954
270,290,0,5.3410191842549954
290,290,0,5.3410191842549954
310,290,0,5.3410191842549954
330,290,0,5.3410191842549954
350,290,0,5.3410191842549954
370,290,0,5.3410191842549954
390,290,0,5.3410191842549954
410,290,0,5.3410191842549954
430,290,0,5.3410191842549954
450,290,0,5.3410191842549954
470,290,0,5.3410191842549954
490,290,0,5.3410191842549954
510,290,0,5.3410191842549954
530,290,0,5.3410191842549954
550,290,0,5.3410191842549954
570,290,0,5.3410191842549954
590,290,0,5.3410191842549954
610,290,0,5.3410191842549954
630,290,0,5.3410191842549954
650,290,0,5.3410191842549954
670,290,0,5.3410191842549954
690,290,0,5.3410191842549954
710,290,0,5.3410191842549954
730,290,0,5.3410191842549954
750,290,0,5.3410191842549954
770,290,0,5.3410191842549954
790,290,0,5.3410191842549954
-790,310,0,5.3410191842549954
-770,310,0,5.3410191842549954
-750,310,0,5.3410191842549954
-730,310,0,5.3410191842549954
-710,310,0,5.3410191842549954
-690,310,0,5.3410191842549954
-670,310,0,5.3410191842549954
-650,310,0,5.3410191842549954
-630,310,0,5.3410191842549954
-610,310,0,5.3410191842549954
-590,310,0,5.3410191842549954
-570,310,0,5.3410191842549954
-550,310,0,5.3410191842549954
-530,310,0,5.3410191842549954
-510,310,0,5.3410191842549954
-490,310,0,5.3410191842549954
-470,310,0,5.3410191842549954
-450,310,0,5.3410191842549954
-430,310,0,5.3410191842549954
-410,310,0,5.3410191842549954
-390,310,0,5.3410191842549954
-370,310,0,5.3410191842549954
-350,310,0,5.3410191842549954
-330,310,0,5.3410191842549954
-310,310,0,5.3410191842549954
-290,310,0,5.3410191842549954
-270,310,0,5.3410191842549954
-250,310,0,5.3410191842549954
-230,310,0,5.3410191842549954
-210,310,0,5.3410191842549954
-190,310,0,5.3410191842549954
-170,310,0,5.3410191842549954
-150,310,0,5.3410191842549954
-130,310,0,5.3410191842549954
-110,310,0,5.3410191842549954
-90,310,0,5.3410191842549954
-70,310,0,5.3410191842549954
-50,310,0,5.3410191842549954
-30,310,0,5.3410191842549954
-10,310,0,5.3410191842549954
10,310,0,5.3410191842549954
30,310,0,5.3410191842549954
50,310,0,5.3410191842549954
70,310,0,5.3410191842549954
90,310,0,5.3410191842549954
110,310,0,5.3410191842549954
130,310,0,5.3410191842549954
150,310,0,5.3410191842549954
170,310,0,5.3410191842549954
190,310,0,5.3410191842549954
210,310,0,5.3410191842549954
230,310,0,5.3410191842549954
250,310,0,5.3410191842549954
270,310,0,5.3410191842549954
290,310,0,5.3410191842549954
310,310,0,5.3410191842549954
330,310,0,5.3410191842549954
350,310,0,5.3410191842549954
370,310,0,5.3410191842549954
390,310,0,5.3410191842549954
410,310,0,5.3410191842549954
430,310,0,5.3410191842549954
450,310,0,5.3410191842549954
470,310,0,5.3410191842549954
490,310,0,5.3410191842549954
510,310,0,5.3410191842549954
530,310,0,5.3410191842549954
550,310,0,5.3410191842549954
570,310,0,5.3410191842549954
590,310,0,5.3410191842549954
610,310,0,5.3410191842549954
630,310,0,5.3410191842549954
650,310,0,5.3410191842549954
670,310,0,5.3410191842549954
690,310,0,5.3410191842549954
710,310,0,5.3410191842549954
730,310,0,5.3410191842549954
750,310,0,5.3410191842549954
770,310,0,5.3410191842549954
790,310,0,5.3410191842549954
-790,330,0,5.3410191842549954
-770,330,0,5.3410191842549954
-750,330,0,5.3410191842549954
-730,330,0,5.3410191842549954
-710,330,0,5.3410191842549954
-690,330,0,5.3410191842549954
-670,330,0,5.3410191842549954
-650,330,0,5.3410191842549954
-630,330,0,5.3410191842549954
-610,330,0,5.3410191842549954
-590,330,0,5.3410191842549954
-570,330,0,5.3410191842549954
-550,330,0,5.3410191842549954
-530,330,0,5.3410191842549954
-510,330,0,5.3410191842549954
-490,330,0,5.3410191842549954
-470,330,0,5.3410191842549954
-450,330,0,5.3410191842549954
-430,330,0,5.3410191842549954
-410,330,0,5.3410191842549954
-390,330,0,5.3410191842549954
-370,330,0,5.3410191842549954
-350,330,0,5.3410191842549954
-330,330,0,5.3410191842549954
-310,330,0,5.3410191842549954
-290,330,0,5.3410191842549954
-270,330,0,5.3410191842549954
-250,330,0,5.3410191842549954
-230,330,0,5.3410191842549954
-210,330,0,5.3410191842549954
-190,330,0,5.3410191842549954
-170,330,0,5.3410191842549954
-150,330,0,5.3410191842549954
-130,330,0,5.3410191842549954
-110,330,0,5.3410191842549954
-90,330,0,5.3410191842549954
-70,330,0,5.3410191842549954
-50,330,0,5.3410191842549954
-30,330,0,5.3410191842549954
-10,330,0,5.3410191842549954
10,330,0,5.3410191842549954
30,330,0,5.3410191842549954
50,330,0,5.3410191842549954
70,330,0,5.3410191842549954
90,330,0,5.3410191842549954
110,330,0,5.3410191842549954
130,330,0,5.3410191842549954
150,330,0,5.3410191842549954
170,330,0,5.3410191842549954
190,330,0,5.3410191842549954
210,330,0,5.3410191842549954
230,330,0,5.3410191842549954
250,330,0,5.3410191842549954
270,330,0,5.3410191842549954
290,330,0,5.3410191842549954
310,330,0,5.3410191842549954
330,330,0,5.3410191842549954
350,330,0,5.3410191842549954
370,330,0,5.3410191842549954
390,330,0,5.3410191842549954
410,330,0,5.3410191842549954
430,330,0,5.3410191842549954
450,330,0,5.3410191842549954
470,330,0,5.3410191842549954
490,330,0,5.3410191842549954
510,330,0,5.3410191842549954
530,330,0,5.3410191842549954
550,330,0,5.3410191842549954
570,330,0,5.3410191842549954
590,330,0,5.3410191842549954
610,330,0,5.3410191842549954
630,330,0,5.3410191842549954
650,330,0,5.3410191842549954
670,330,0,5.3410191842549954
690,330,0,5.3410191842549954
710,330,0,5.3410191842549954
730,330,0,5.3410191842549954
750,330,0,5.3410191842549954
770,330,0,5.3410191842549954
790,330,0,5.3410191842549954
-790,350,0,5.3410191842549954
-770,350,0,5.3410191842549954
-750,350,0,5.3410191842549954
-730,350,0,5.3410191842549954
-710,350,0,5.3410191842549954
-690,350,0,5.3410191842549954
-670,350,0,5.3410191842549954
-650,350,0,5.3410191842549954
-630,350,0,5.3410191842549954
-610,350,0,5.3410191842549954
-590,350,0,5.3410191842549954
-570,350,0,5.3410191842549954
-550,350,0,5.3410191842549954
-530,350,0,5.3410191842549954
-510,350,0,5.3410191842549954
-490,350,0,5.3410191842549954
-470,350,0,5.3410191842549954
-450,350,0,5.3410191842549954
-430,350,0,5.3410191842549954
-410,350,0,5.3410191842549954
-390,350,0,5.3410191842549954
-370,350,0,5.3410191842549954
-350,350,0,5.3410191842549954
-330,350,0,5.3410191842549954
-310,350,0,5.3410191842549954
-290,350,0,5.3410191842549954
-270,350,0,5.3410191842549954
-250,350,0,5.3410191842549954
-230,350,0,5.3410191842549954
-210,350,0,5.3410191842549954
-190,350,0,5.3410191842549954
-170,350,0,5.3410191842549954
-150,350,0,5.3410191842549954
-130,350,0,5.3410191842549954
-110,350,0,5.3410191842549954
-90,350,0,5.3410191842549954
-70,350,0,5.3410191842549954
-50,350,0,5.3410191842549954
-30,350,0,5.3410191842549954
-10,350,0,5.3410191842549954
10,350,0,5.3410191842549954
30,350,0,5.3410191842549954
50,350,0,5.3410191842549954
70,350,0,5.3410191842549954
90,350,0,5.3410191842549954
110,350,0,5.3410191842549954
130,350,0,5.3410191842549954
150,350,0,5.3410191842549954
170,350,0,5.3410191842549954
190,350,0,5.3410191842549954
210,350,0,5.3410191842549954
230,350,0,5.3410191842549954
250,350,0,5.3410191842549954
270,350,0,5.3410191842549954
290,350,0,5.3410191842549954
310,350,0,5.3410191842549954
330,350,0,5.3410191842549954
350,350,0,5.3410191842549954
370,350,0,5.3410191842549954
390,350,0,5.3410191842549954
410,350,0,5.3410191842549954
430,350,0,5.3410191842549954
450,350,0,5.3410191842549954
470,350,0,5.3410191842549954
490,350,0,5.3410191842549954
510,350,0,5.3410191842549954
530,350,0,5.3410191842549954
550,350,0,5.3410191842549954
570,350,0,5.3410191842549954
590,350,0,5.3410191842549954
610,350,0,5.3410191842549954
630,350,0,5.3410191842549954
650,350,0,5.3410191842549954
670,350,0,5.3410191842549954
690,350,0,5.3410191842549954
710,350,0,5.3410191842549954
730,350,0,5.3410191842549954
750,350,0,5.3410191842549954
770,350,0,5.3410191842549954
790,350,0,5.3410191842549954
-790,370,0,5.3410191842549954
-770,370,0,5.3410191842549954
-750,370,0,5.3410191842549954
-730,370,0,5.3410191842549954
-710,370,0,5.3410191842549954
-690,370,0,5.3410191842549954
-670,370,0,5.3410191842549954
-650,370,0,5.3410191842549954
-630,370,0,5.3410191842549954
-610,370,0,5.3410191842549954
-590,370,0,5.3410191842549954
-570,370,0,5.3410191842549954
-550,370,0,5.3410191842549954
-530,370,0,5.3410191842549954
-510,370,0,5.3410191842549954
-490,370,0,5.3410191842549954
-470,370,0,5.3410191842549954
-450,370,0,5.3410191842549954
-430,370,0,5.3410191842549954
-410,370,0,5.3410191842549954
-390,370,0,5.3410191842549954
-370,370,0,5.3410191842549954
-350,370,0,5.3410191842549954
-330,370,0,5.3410191842549954
-310,370,0,5.3410191842549954
-290,370,0,5.3410191842549954
-270,370,0,5.3410191842549954
-250,370,0,5.3410191842549954
-230,370,0,5.3410191842549954
-210,370,0,5.3410191842549954
-190,370,0,5.3410191842549954
-170,370,0,5.3410191842549954
-150,370,0,5.3410191842549954
-130,370,0,5.3410191842549954
-110,370,0,5.3410191842549954
-90,370,0,5.3410191842549954
-70,370,0,5.3410191842549954
-50,370,0,5.3410191842549954
-30,370,0,5.3410191842549954
-10,370,0,5.3410191842549954
10,370,0,5.3410191842549954
30,370,0,5.3410191842549954
50,370,0,5.3410191842549954
70,370,0,5.3410191842549954
90,370,0,5.3410191842549954
110,370,0,5.3410191842549954
130,370,0,5.3410191842549954
150,370,0,5.3410191842549954
170,370,0,5.3410191842549954
190,370,0,5.3410191842549954
210,370,0,5.3410191842549954
230,370,0,5.3410191842549954
250,370,0,5.3410191842549954
270,370,0,5.3410191842549954
290,370,0,5.3410191842549954
310,370,0,5.3410191842549954
330,370,0,5.3410191842549954
350,370,0,5.3410191842549954
370,370,0,5.3410191842549954
390,370,0,5.3410191842549954
410,370,0,5.3410191842549954
430,370,0,5.3410191842549954
450,370,0,5.3410191842549954
470,370,0,5.3410191842549954
490,370,0,5.3410191842549954
510,370,0,5.3410191842549954
530,370,0,5.3410191842549954
550,370,0,5.3410191842549954
570,370,0,5.3410191842549954
590,370,0,5.3410191842549954
610,370,0,5.3410191842549954
630,370,0,5.3410191842549954
650,370,0,5.3410191842549954
670,370,0,5.3410191842549954
690,370,0,5.3410191842549954
710,370,0,5.3410191842549954
730,370,0,5.3410191842549954
750,370,0,5.3410191842549954
770,370,0,5.3410191842549954
790,370,0,5.3410191842549954
-790,390,0,5.3410191842549954
-770,390,0,5.3410191842549954
-750,390,0,5.3410191842549954
-730,390,0,5.3410191842549954
-710,390,0,5.3410191842549954
-690,390,0,5.3410191842549954
-670,390,0,5.3410191842549954
-650,390,0,5.3410191842549954
-630,390,0,5.3410191842549954
-610,390,0,5.3410191842549954
-590,390,0,5.3410191842549954
-570,390,0,5.3410191842549954
-550,390,0,5.3410191842549954
-530,390,0,5.3410191842549954
-510,390,0,5.3410191842549954
-490,390,0,5.3410191842549954
-470,390,0,5.3410191842549954
-450,390,0,5.3410191842549954
-430,390,0,5.3410191842549954
-410,390,0,5.3410191842549954
-390,390,0,5.3410191842549954
-370,390,0,5.3410191842549954
-350,390,0,5.3410191842549954
-330,390,0,5.3410191842549954
-310,390,0,5.3410191842549954
-290,390,0,5.3410191842549954
-270,390,0,5.3410191842549954
-250,390,0,5.3410191842549954
-230,390,0,5.3410191842549954
-210,390,0,5.3410191842549954
-190,390,0,5.3410191842549954
-170,390,0,5.3410191842549954
-150,390,0,5.3410191842549954
-130,390,0,5.3410191842549954
-110,390,0,5.3410191842549954
-90,390,0,5.3410191842549954
-70,390,0,5.3410191842549954
-50,390,0,5.3410191842549954
-30,390,0,5.3410191842549954
-10,390,0,5.3410191842549954
10,390,0,5.3410191842549954
30,390,0,5.3410191842549954
50,390,0,5.3410191842549954
70,390,0,5.3410191842549954
90,390,0,5.3410191842549954
110,390,0,5.3410191842549954
130,390,0,5.3410191842549954
150,390,0,5.3410191842549954
170,390,0,5.3410191842549954
190,390,0,5.3410191842549954
210,390,0,5.3410191842549954
230,390,0,5.3410191842549954
250,390,0,5.3410191842549954
270,390,0,5.3410191842549954
290,390,0,5.3410191842549954
310,390,0,5.3410191842549954
330,390,0,5.3410191842549954
350,390,0,5.3410191842549954
370,390,0,5.3410191842549954
390,390,0,5.3410191842549954
410,390,0,5.3410191842549954
430,390,0,5.3410191842549954
450,390,0,5.3410191842549954
470,390,0,5.3410191842549954
490,390,0,5.3410191842549954
510,390,0,5.3410191842549954
530,390,0,5.3410191842549954
550,390,0,5.3410191842549954
570,390,0,5.3410191842549954
590,390,0,5.3410191842549954
610,390,0,5.3410191842549954
630,390,0,5.3410191842549954
650,390,0,5.3410191842549954
670,390,0,5.3410191842549954
690,390,0,5.3410191842549954
710,390,0,5.3410191842549954
730,390,0,5.3410191842549954
750,390,0,5.3410191842549954
770,390,0,5.3410191842549954
790,390,0,5.3410191842549954
-790,410,0,5.3410191842549954
-770,410,0,5.3410191842549954
-750,410,0,5.3410191842549954
-730,410,0,5.3410191842549954
-710,410,0,5.3410191842549954
-690,410,0,5.3410191842549954
-670,410,0,5.3410191842549954
-650,410,0,5.3410191842549954
-630,410,0,5.3410191842549954
-610,410,0,5.3410191842549954
-590,410,0,5.3410191842549954
-570,410,0,5.3410191842549954
-550,410,0,5.3410191842549954
-530,410,0,5.3410191842549954
-510,410,0,5.3410191842549954
-490,410,0,5.3410191842549954
-470,410,0,5.3410191842549954
-450,410,0,5.3410191842549954
-430,410,0,5.3410191842549954
-410,410,0,5.3410191842549954
-390,410,0,5.3410191842549954
-370,410,0,5.3410191842549954
-350,410,0,5.3410191842549954
-330,410,0,5.3410191842549954
-310,410,0,5.3410191842549954
-290,410,0,5.3410191842549954
-270,410,0,5.3410191842549954
-250,410,0,5.3410191842549954
-230,410,0,5.3410191842549954
-210,410,0,5.3410191842549954
-190,410,0,5.3410191842549954
-170,410,0,5.3410191842549954
-150,410,0,5.3410191842549954
-130,410,0,5.3410191842549954
-110,410,0,5.3410191842549954
-90,410,0,5.3410191842549954
-70,410,0,5.3410191842549954
-50,410,0,5.3410191842549954
-30,410,0,5.3410191842549954
-10,410,0,5.3410191842549954
10,410,0,5.3410191842549954
30,410,0,5.3410191842549954
50,410,0,5.3410191842549954
70,410,0,5.3410191842549954
90,410,0,5.3410191842549954
110,410,0,5.3410191842549954
130,410,0,5.3410191842549954
150,410,0,5.3410191842549954
170,410,0,5.3410191842549954
190,410,0,5.3410191842549954
210,410,0,5.3410191842549954
230,410,0,5.3410191842549954
250,410,0,5.3410191842549954
270,410,0,5.3410191842549954
290,410,0,5.3410191842549954
310,410,0,5.3410191842549954
330,410,0,5.3410191842549954
350,410,0,5.3410191842549954
370,410,0,5.3410191842549954
390,410,0,5.3410191842549954
410,410,0,5.3410191842549954
430,410,0,5.3410191842549954
450,410,0,5.3410191842549954
470,410,0,5.3410191842549954
490,410,0,5.3410191842549954
510,410,0,5.3410191842549954
530,410,0,5.3410191842549954
550,410,0,5.3410191842549954
570,410,0,5.3410191842549954
590,410,0,5.3410191842549954
610,410,0,5.3410191842549954
630,410,0,5.3410191842549954
650,410,0,5.3410191842549954
670,410,0,5.3410191842549954
690,410,0,5.3410191842549954
710,410,0,5.3410191842549954
730,410,0,5.3410191842549954
750,410,0,5.3410191842549954
770,410,0,5.3410191842549954
790,410,0,5.3410191842549954
-790,430,0,5.3410191842549954
-770,430,0,5.3410191842549954
-750,430,0,5.3410191842549954
-730,430,0,5.3410191842549954
-710,430,0,5.3410191842549954
-690,430,0,5.3410191842549954
-670,430,0,5.3410191842549954
-650,430,0,5.3410191842549954
-630,430,0,5.3410191842549954
-610,430,0,5.3410191842549954
-590,430,0,5.3410191842549954
-570,430,0,5.3410191842549954
-550,430,0,5.3410191842549954
-530,430,0,5.3410191842549954
-510,430,0,5.3410191842549954
-490,430,0,5.3410191842549954
-470,430,0,5.3410191842549954
-450,430,0,5.3410191842549954
-430,430,0,5.3410191842549954
-410,430,0,5.3410191842549954
-390,430,0,5.3410191842549954
-370,430,0,5.3410191842549954
-350,430,0,5.3410191842549954
-330,430,0,5.3410191842549954
-310,430,0,5.3410191842549954
-290,430,0,5.3410191842549954
-270,430,0,5.3410191842549954
-250,430,0,5.3410191842549954
-230,430,0,5.3410191842549954
-210,430,0,5.3410191842549954
-190,430,0,5.3410191842549954
-170,430,0,5.3410191842549954
-150,430,0,5.3410191842549954
-130,430,0,5.3410191842549954
-110,430,0,5.3410191842549954
-90,430,0,5.3410191842549954
-70,430,0,5.3410191842549954
-50,430,0,5.3410191842549954
-30,430,0,5.3410191842549954
-10,430,0,5.3410191842549954
10,430,0,5.3410191842549954
30,430,0,5.3410191842549954
50,430,0,5.3410191842549954
70,430,0,5.3410191842549954
90,430,0,5.3410191842549954
110,430,0,5.3410191842549954
130,430,0,5.3410191842549954
150,430,0,5.3410191842549954
170,430,0,5.3410191842549954
190,430,0,5.3410191842549954
210,430,0,5.3410191842549954
230,430,0,5.3410191842549954
250,430,0,5.3410191842549954
270,430,0,5.3410191842549954
290,430,0,5.3410191842549954
310,430,0,5.3410191842549954
330,430,0,5.3410191842549954
350,430,0,5.3410191842549954
370,430,0,5.3410191842549954
390,430,0,5.3410191842549954
410,430,0,5.3410191842549954
430,430,0,5.3410191842549954
450,430,0,5.3410191842549954
470,430,0,5.3410191842549954
490,430,0,5.3410191842549954
510,430,0,5.3410191842549954
530,430,0,5.3410191842549954
550,430,0,5.3410191842549954
570,430,0,5.3410191842549954
590,430,0,5.3410191842549954
610,430,0,5.3410191842549954
630,430,0,5.3410191842549954
650,430,0,5.3410191842549954
670,430,0,5.3410191842549954
690,430,0,5.3410191842549954
710,430,0,5.3410191842549954
730,430,0,5.3410191842549954
750,430,0,5.3410191842549954
770,430,0,5.3410191842549954
790,430,0,5.3410191842549954
-790,450,0,5.3410191842549954
-770,450,0,5.3410191842549954
-750,450,0,5.3410191842549954
-730,450,0,5.3410191842549954
-710,450,0,5.3410191842549954
-690,450,0,5.3410191842549954
-670,450,0,5.3410191842549954
-650,450,0,5.3410191842549954
-630,450,0,5.3410191842549954
-610,450,0,5.3410191842549954
-590,450,0,5.3410191842549954
-570,450,0,5.3410191842549954
-550,450,0,5.3410191842549954
-530,450,0,5.3410191842549954
-510,450,0,5.3410191842549954
-490,450,0,5.3410191842549954
-470,450,0,5.3410191842549954
-450,450,0,5.3410191842549954
-430,450,0,5.3410191842549954
-410,450,0,5.3410191842549954
-390,450,0,5.3410191842549954
-370,450,0,5.3410191842549954
-350,450,0,5.3410191842549954
-330,450,0,5.3410191842549954
-310,450,0,5.3410191842549954
-290,450,0,5.3410191842549954
-270,450,0,5.3410191842549954
-250,450,0,5.3410191842549954
-230,450,0,5.3410191842549954
-210,450,0,5.3410191842549954
-190,450,0,5.3410191842549954
-170,450,0,5.3410191842549954
-150,450,0,5.3410191842549954
-130,450,0,5.3410191842549954
-110,450,0,5.3410191842549954
-90,450,0,5.3410191842549954
-70,450,0,5.3410191842549954
-50,450,0,5.3410191842549954
-30,450,0,5.3410191842549954
-10,450,0,5.3410191842549954
10,450,0,5.3410191842549954
30,450,0,5.3410191842549954
50,450,0,5.3410191842549954
70,450,0,5.3410191842549954
90,450,0,5.3410191842549954
110,450,0,5.3410191842549954
130,450,0,5.3410191842549954
150,450,0,5.3410191842549954
170,450,0,5.3410191842549954
190,450,0,5.3410191842549954
210,450,0,5.3410191842549954
230,450,0,5.3410191842549954
250,450,0,5.3410191842549954
270,450,0,5.3410191842549954
290,450,0,5.3410191842549954
310,450,0,5.3410191842549954
330,450,0,5.3410191842549954
350,450,0,5.3410191842549954
370,450,0,5.3410191842549954
390,450,0,5.3410191842549954
410,450,0,5.3410191842549954
430,450,0,5.3410191842549954
450,450,0,5.3410191842549954
470,450,0,5.3410191842549954
490,450,0,5.3410191842549954
510,450,0,5.3410191842549954
530,450,0,5.3410191842549954
550,450,0,5.3410191842549954
570,450,0,5.3410191842549954
590,450,0,5.3410191842549954
610,450,0,5.3410191842549954
630,450,0,5.3410191842549954
650,450,0,5.3410191842549954
670,450,0,5.3410191842549954
690,450,0,5.3410191842549954
710,450,0,5.3410191842549954
730,450,0,5.3410191842549954
750,450,0,5.3410191842549954
770,450,0,5.3410191842549954
790,450,0,5.3410191842549954
-790,470,0,5.3410191842549954
-770,470,0,5.3410191842549954
-750,470,0,5.3410191842549954
-730,470,0,5.3410191842549954
-710,470,0,5.3410191842549954
-690,470,0,5.3410191842549954
-670,470,0,5.3410191842549954
-650,470,0,5.3410191842549954
-630,470,0,5.3410191842549954
-610,470,0,5.3410191842549954
-590,470,0,5.3410191842549954
-570,470,0,5.3410191842549954
-550,470,0,5.3410191842549954
-530,470,0,5.3410191842549954
-510,470,0,5.3410191842549954
-490,470,0,5.3410191842549954
-470,470,0,5.3410191842549954
-450,470,0,5.3410191842549954
-430,470,0,5.3410191842549954
-410,470,0,5.3410191842549954
-390,470,0,5.3410191842549954
-370,470,0,5.3410191842549954
-350,470,0,5.3410191842549954
-330,470,0,5.3410191842549954
-310,470,0,5.3410191842549954
-290,470,0,5.3410191842549954
-270,470,0,5.3410191842549954
-250,470,0,5.3410191842549954
-230,470,0,5.3410191842549954
-210,470,0,5.3410191842549954
-190,470,0,5.3410191842549954
-170,470,0,5.3410191842549954
-150,470,0,5.3410191842549954
-130,470,0,5.3410191842549954
-110,470,0,5.3410191842549954
-90,470,0,5.3410191842549954
-70,470,0,5.3410191842549954
-50,470,0,5.3410191842549954
-30,470,0,5.3410191842549954
-10,470,0,5.3410191842549954
10,470,0,5.3410191842549954
30,470,0,5.3410191842549954
50,470,0,5.3410191842549954
70,470,0,5.3410191842549954
90,470,0,5.3410191842549954
110,470,0,5.3410191842549954
130,470,0,5.3410191842549954
150,470,0,5.3410191842549954
170,470,0,5.3410191842549954
190,470,0,5.3410191842549954
210,470,0,5.3410191842549954
230,470,0,5.3410191842549954
250,470,0,5.3410191842549954
270,470,0,5.3410191842549954
290,470,0,5.3410191842549954
310,470,0,5.3410191842549954
330,470,0,5.3410191842549954
350,470,0,5.3410191842549954
370,470,0,5.3410191842549954
390,470,0,5.3410191842549954
410,470,0,5.3410191842549954
430,470,0,5.3410191842549954
450,470,0,5.3410191842549954
470,470,0,5.3410191842549954
490,470,0,5.3410191842549954
510,470,0,5.3410191842549954
530,470,0,5.3410191842549954
550,470,0,5.3410191842549954
570,470,0,5.3410191842549954
590,470,0,5.3410191842549954
610,470,0,5.3410191842549954
630,470,0,5.3410191842549954
650,470,0,5.3410191842549954
670,470,0,5.3410191842549954
690,470,0,5.3410191842549954
710,470,0,5.3410191842549954
730,470,0,5.3410191842549954
750,470,0,5.3410191842549954
770,470,0,5.3410191842549954
790,470,0,5.3410191842549954
-790,490,0,5.3410191842549954
-770,490,0,5.3410191842549954
-750,490,0,5.3410191842549954
-730,490,0,5.3410191842549954
-710,490,0,5.3410191842549954
-690,490,0,5.3410191842549954
-670,490,0,5.3410191842549954
-650,490,0,5.3410191842549954
-630,490,0,5.3410191842549954
-610,490,0,5.3410191842549954
-590,490,0,5.3410191842549954
-570,490,0,5.3410191842549954
-550,490,0,5.3410191842549954
-530,490,0,5.3410191842549954
-510,490,0,5.3410191842549954
-490,490,0,5.3410191842549954
-470,490,0,5.3410191842549954
-450,490,0,5.3410191842549954
-430,490,0,5.3410191842549954
-410,490,0,5.3410191842549954
-390,490,0,5.3410191842549954
-370,490,0,5.3410191842549954
-350,490,0,5.3410191842549954
-330,490,0,5.3410191842549954
-310,490,0,5.3410191842549954
-290,490,0,5.3410191842549954
-270,490,0,5.3410191842549954
-250,490,0,5.3410191842549954
-230,490,0,5.3410191842549954
-210,490,0,5.3410191842549954
-190,490,0,5.3410191842549954
-170,490,0,5.3410191842549954
-150,490,0,5.3410191842549954
-130,490,0,5.3410191842549954
-110,490,0,5.3410191842549954
-90,490,0,5.3410191842549954
-70,490,0,5.3410191842549954
-50,490,0,5.3410191842549954
-30,490,0,5.3410191842549954
-10,490,0,5.3410191842549954
10,490,0,5.3410191842549954
30,490,0,5.3410191842549954
50,490,0,5.3410191842549954
70,490,0,5.3410191842549954
90,490,0,5.3410191842549954
110,490,0,5.3410191842549954
130,490,0,5.3410191842549954
150,490,0,5.3410191842549954
170,490,0,5.3410191842549954
190,490,0,5.3410191842549954
210,490,0,5.3410191842549954
230,490,0,5.3410191842549954
250,490,0,5.3410191842549954
270,490,0,5.3410191842549954
290,490,0,5.3410191842549954
310,490,0,5.3410191842549954
330,490,0,5.3410191842549954
350,490,0,5.3410191842549954
370,490,0,5.3410191842549954
390,490,0,5.3410191842549954
410,490,0,5.3410191842549954
430,490,0,5.3410191842549954
450,490,0,5.3410191842549954
470,490,0,5.3410191842549954
490,490,0,5.3410191842549954
510,490,0,5.3410191842549954
530,490,0,5.3410191842549954
550,490,0,5.3410191842549954
570,490,0,5.3410191842549954
590,490,0,5.3410191842549954
610,490,0,5.3410191842549954
630,490,0,5.3410191842549954
650,490,0,5.3410191842549954
670,490,0,5.3410191842549954
690,490,0,5.3410191842549954
710,490,0,5.3410191842549954
730,490,0,5.3410191842549954
750,490,0,5.3410191842549954
770,490,0,5.3410191842549954
790,490,0,5.3410191842549954
-790,510,0,5.3410191842549954
-770,510,0,5.3410191842549954
-750,510,0,5.3410191842549954
-730,510,0,5.3410191842549954
-710,510,0,5.3410191842549954
-690,510,0,5.3410191842549954
-670,510,0,5.3410191842549954
-650,510,0,5.3410191842549954
-630,510,0,5.3410191842549954
-610,510,0,5.3410191842549954
-590,510,0,5.3410191842549954
-570,510,0,5.3410191842549954
-550,510,0,5.3410191842549954
-530,510,0,5.3410191842549954
-510,510,0,5.3410191842549954
-490,510,0,5.3410191842549954
-470,510,0,5.3410191842549954
-450,510,0,5.3410191842549954
-430,510,0,5.3410191842549954
-410,510,0,5.3410191842549954
-390,510,0,5.3410191842549954
-370,510,0,5.3410191842549954
-350,510,0,5.3410191842549954
-330,510,0,5.3410191842549954
-310,510,0,5.3410191842549954
-290,510,0,5.3410191842549954
-270,510,0,5.3410191842549954
-250,510,0,5.3410191842549954
-230,510,0,5.3410191842549954
-210,510,0,5.3410191842549954
-190,510,0,5.3410191842549954
-170,510,0,5.3410191842549954
-150,510,0,5.3410191842549954
-130,510,0,5.3410191842549954
-110,510,0,5.3410191842549954
-90,510,0,5.3410191842549954
-70,510,0,5.3410191842549954
-50,510,0,5.3410191842549954
-30,510,0,5.3410191842549954
-10,510,0,5.3410191842549954
10,510,0,5.3410191842549954
30,510,0,5.3410191842549954
50,510,0,5.3410191842549954
70,510,0,5.3410191842549954
90,510,0,5.3410191842549954
110,510,0,5.3410191842549954
130,510,0,5.3410191842549954
150,510,0,5.3410191842549954
170,510,0,5.3410191842549954
190,510,0,5.3410191842549954
210,510,0,5.3410191842549954
230,510,0,5.3410191842549954
250,510,0,5.3410191842549954
270,510,0,5.3410191842549954
290,510,0,5.3410191842549954
310,510,0,5.3410191842549954
330,510,0,5.3410191842549954
350,510,0,5.3410191842549954
370,510,0,5.3410191842549954
390,510,0,5.3410191842549954
410,510,0,5.3410191842549954
430,510,0,5.3410191842549954
450,510,0,5.3410191842549954
470,510,0,5.3410191842549954
490,510,0,5.3410191842549954
510,510,0,5.3410191842549954
530,510,0,5.3410191842549954
550,510,0,5.3410191842549954
570,510,0,5.3410191842549954
590,510,0,5.3410191842549954
610,510,0,5.3410191842549954
630,510,0,5.3410191842549954
650,510,0,5.3410191842549954
670,510,0,5.3410191842549954
690,510,0,5.3410191842549954
710,510,0,5.3410191842549954
730,510,0,5.3410191842549954
750,510,0,5.3410191842549954
770,510,0,5.3410191842549954
790,510,0,5.3410191842549954
-790,530,0,5.3410191842549954
-770,530,0,5.3410191842549954
-750,530,0,5.3410191842549954
-730,530,0,5.3410191842549954
-710,530,0,5.3410191842549954
-690,530,0,5.3410191842549954
-670,530,0,5.3410191842549954
-650,530,0,5.3410191842549954
-630,530,0,5.3410191842549954
-610,530,0,5.3410191842549954
-590,530,0,5.3410191842549954
-570,530,0,5.3410191842549954
-550,530,0,5.3410191842549954
-530,530,0,5.3410191842549954
-510,530,0,5.3410191842549954
-490,530,0,5.3410191842549954
-470,530,0,5.3410191842549954
-450,530,0,5.3410191842549954
-430,530,0,5.3410191842549954
-410,530,0,5.3410191842549954
-390,530,0,5.3410191842549954
-370,530,0,5.3410191842549954
-350,530,0,5.3410191842549954
-330,530,0,5.3410191842549954
-310,530,0,5.3410191842549954
-290,530,0,5.3410191842549954
-270,530,0,5.3410191842549954
-250,530,0,5.3410191842549954
-230,530,0,5.3410191842549954
-210,530,0,5.3410191842549954
-190,530,0,5.3410191842549954
-170,530,0,5.3410191842549954
-150,530,0,5.3410191842549954
-130,530,0,5.3410191842549954
-110,530,0,5.3410191842549954
-90,530,0,5.3410191842549954
-70,530,0,5.3410191842549954
-50,530,0,5.3410191842549954
-30,530,0,5.3410191842549954
-10,530,0,5.3410191842549954
10,530,0,5.3410191842549954
30,530,0,5.3410191842549954
50,530,0,5.3410191842549954
70,530,0,5.3410191842549954
90,530,0,5.3410191842549954
110,530,0,5.3410191842549954
130,530,0,5.3410191842549954
150,530,0,5.3410191842549954
170,530,0,5.3410191842549954
190,530,0,5.3410191842549954
210,530,0,5.3410191842549954
230,530,0,5.3410191842549954
250,530,0,5.3410191842549954
270,530,0,5.3410191842549954
290,530,0,5.3410191842549954
310,530,0,5.3410191842549954
330,530,0,5.3410191842549954
350,530,0,5.3410191842549954
370,530,0,5.3410191842549954
390,530,0,5.3410191842549954
410,530,0,5.3410191842549954
430,530,0,5.3410191842549954
450,530,0,5.3410191842549954
470,530,0,5.3410191842549954
490,530,0,5.3410191842549954
510,530,0,5.3410191842549954
530,530,0,5.3410191842549954
550,530,0,5.3410191842549954
570,530,0,5.3410191842549954
590,530,0,5.3410191842549954
610,530,0,5.3410191842549954
630,530,0,5.3410191842549954
650,530,0,5.3410191842549954
670,530,0,5.3410191842549954
690,530,0,5.3410191842549954
710,530,0,5.3410191842549954
730,530,0,5.3410191842549954
750,530,0,5.3410191842549954
770,530,0,5.3410191842549954
790,530,0,5.3410191842549954
-790,550,0,5.3410191842549954
-770,550,0,5.3410191842549954
-750,550,0,5.3410191842549954
-730,550,0,5.3410191842549954
-710,550,0,5.3410191842549954
-690,550,0,5.3410191842549954
-670,550,0,5.3410191842549954
-650,550,0,5.3410191842549954
-630,550,0,5.3410191842549954
-610,550,0,5.3410191842549954
-590,550,0,5.3410191842549954
-570,550,0,5.3410191842549954
-550,550,0,5.3410191842549954
-530,550,0,5.3410191842549954
-510,550,0,5.3410191842549954
-490,550,0,5.3410191842549954
-470,550,0,5.3410191842549954
-450,550,0,5.3410191842549954
-430,550,0,5.3410191842549954
-410,550,0,5.3410191842549954
-390,550,0,5.3410191842549954
-370,550,0,5.3410191842549954
-350,550,0,5.3410191842549954
-330,550,0,5.3410191842549954
-310,550,0,5.3410191842549954
-290,550,0,5.3410191842549954
-270,550,0,5.3410191842549954
-250,550,0,5.3410191842549954
-230,550,0,5.3410191842549954
-210,550,0,5.3410191842549954
-190,550,0,5.3410191842549954
-170,550,0,5.3410191842549954
-150,550,0,5.3410191842549954
-130,550,0,5.3410191842549954
-110,550,0,5.3410191842549954
-90,550,0,5.3410191842549954
-70,550,0,5.3410191842549954
-50,550,0,5.3410191842549954
-30,550,0,5.3410191842549954
-10,550,0,5.3410191842549954
10,550,0,5.3410191842549954
30,550,0,5.3410191842549954
50,550,0,5.3410191842549954
70,550,0,5.3410191842549954
90,550,0,5.3410191842549954
110,550,0,5.3410191842549954
130,550,0,5.3410191842549954
150,550,0,5.3410191842549954
170,550,0,5.3410191842549954
190,550,0,5.3410191842549954
210,550,0,5.3410191842549954
230,550,0,5.3410191842549954
250,550,0,5.3410191842549954
270,550,0,5.3410191842549954
290,550,0,5.3410191842549954
310,550,0,5.3410191842549954
330,550,0,5.3410191842549954
350,550,0,5.3410191842549954
370,550,0,5.3410191842549954
390,550,0,5.3410191842549954
410,550,0,5.3410191842549954
430,550,0,5.3410191842549954
450,550,0,5.3410191842549954
470,550,0,5.3410191842549954
490,550,0,5.3410191842549954
510,550,0,5.3410191842549954
530,550,0,5.3410191842549954
550,550,0,5.3410191842549954
570,550,0,5.3410191842549954
590,550,0,5.3410191842549954
610,550,0,5.3410191842549954
630,550,0,5.3410191842549954
650,550,0,5.3410191842549954
670,550,0,5.3410191842549954
690,550,0,5.3410191842549954
710,550,0,5.3410191842549954
730,550,0,5.3410191842549954
750,550,0,5.3410191842549954
770,550,0,5.3410191842549954
790,550,0,5.3410191842549954
-790,570,0,5.3410191842549954
-770,570,0,5.3410191842549954
-750,570,0,5.3410191842549954
-730,570,0,5.3410191842549954
-710,570,0,5.3410191842549954
-690,570,0,5.3410191842549954
-670,570,0,5.3410191842549954
-650,570,0,5.3410191842549954
-630,570,0,5.3410191842549954
-610,570,0,5.3410191842549954
-590,570,0,5.3410191842549954
-570,570,0,5.3410191842549954
-550,570,0,5.3410191842549954
-530,570,0,5.3410191842549954
-510,570,0,5.3410191842549954
-490,570,0,5.3410191842549954
-470,570,0,5.3410191842549954
-450,570,0,5.3410191842549954
-430,570,0,5.3410191842549954
-410,570,0,5.3410191842549954
-390,570,0,5.3410191842549954
-370,570,0,5.3410191842549954
-350,570,0,5.3410191842549954
-330,570,0,5.3410191842549954
-310,570,0,5.3410191842549954
-290,570,0,5.3410191842549954
-270,570,0,5.3410191842549954
-250,570,0,5.3410191842549954
-230,570,0,5.3410191842549954
-210,570,0,5.3410191842549954
-190,570,0,5.3410191842549954
-170,570,0,5.3410191842549954
-150,570,0,5.3410191842549954
-130,570,0,5.3410191842549954
-110,570,0,5.3410191842549954
-90,570,0,5.3410191842549954
-70,570,0,5.3410191842549954
-50,570,0,5.3410191842549954
-30,570,0,5.3410191842549954
-10,570,0,5.3410191842549954
10,570,0,5.3410191842549954
30,570,0,5.3410191842549954
50,570,0,5.3410191842549954
70,570,0,5.3410191842549954
90,570,0,5.3410191842549954
110,570,0,5.3410191842549954
130,570,0,5.3410191842549954
150,570,0,5.3410191842549954
170,570,0,5.3410191842549954
190,570,0,5.3410191842549954
210,570,0,5.3410191842549954
230,570,0,5.3410191842549954
250,570,0,5.3410191842549954
270,570,0,5.3410191842549954
290,570,0,5.3410191842549954
310,570,0,5.3410191842549954
330,570,0,5.3410191842549954
350,570,0,5.3410191842549954
370,570,0,5.3410191842549954
390,570,0,5.3410191842549954
410,570,0,5.3410191842549954
430,570,0,5.3410191842549954
450,570,0,5.3410191842549954
470,570,0,5.3410191842549954
490,570,0,5.3410191842549954
510,570,0,5.3410191842549954
530,570,0,5.3410191842549954
550,570,0,5.3410191842549954
570,570,0,5.3410191842549954
590,570,0,5.3410191842549954
610,570,0,5.3410191842549954
630,570,0,5.3410191842549954
650,570,0,5.3410191842549954
670,570,0,5.3410191842549954
690,570,0,5.3410191842549954
710,570,0,5.3410191842549954
730,570,0,5.3410191842549954
750,570,0,5.3410191842549954
770,570,0,5.3410191842549954
790,570,0,5.3410191842549954
-790,590,0,5.3410191842549954
-770,590,0,5.3410191842549954
-750,590,0,5.3410191842549954
-730,590,0,5.3410191842549954
-710,590,0,5.3410191842549954
-690,590,0,5.3410191842549954
-670,590,0,5.3410191842549954
-650,590,0,5.3410191842549954
-630,590,0,5.3410191842549954
-610,590,0,5.3410191842549954
-590,590,0,5.3410191842549954
-570,590,0,5.3410191842549954
-550,590,0,5.3410191842549954
-530,590,0,5.3410191842549954
-510,590,0,5.3410191842549954
-490,590,0,5.3410191842549954
-470,590,0,5.3410191842549954
-450,590,0,5.3410191842549954
-430,590,0,5.3410191842549954
-410,590,0,5.3410191842549954
-390,590,0,5.3410191842549954
-370,590,0,5.3410191842549954
-350,590,0,5.3410191842549954
-330,590,0,5.3410191842549954
-310,590,0,5.3410191842549954
-290,590,0,5.3410191842549954
-270,590,0,5.3410191842549954
-250,590,0,5.3410191842549954
-230,590,0,5.3410191842549954
-210,590,0,5.3410191842549954
-190,590,0,5.3410191842549954
-170,590,0,5.3410191842549954
-150,590,0,5.3410191842549954
-130,590,0,5.3410191842549954
-110,590,0,5.3410191842549954
-90,590,0,5.3410191842549954
-70,590,0,5.3410191842549954
-50,590,0,5.3410191842549954
-30,590,0,5.3410191842549954
-10,590,0,5.3410191842549954
10,590,0,5.3410191842549954
30,590,0,5.3410191842549954
50,590,0,5.3410191842549954
70,590,0,5.3410191842549954
90,590,0,5.3410191842549954
110,590,0,5.3410191842549954
130,590,0,5.3410191842549954
150,590,0,5.3410191842549954
170,590,0,5.3410191842549954
190,590,0,5.3410191842549954
210,590,0,5.3410191842549954
230,590,0,5.3410191842549954
250,590,0,5.3410191842549954
270,590,0,5.3410191842549954
290,590,0,5.3410191842549954
310,590,0,5.3410191842549954
330,590,0,5.3410191842549954
350,590,0,5.3410191842549954
370,590,0,5.3410191842549954
390,590,0,5.3410191842549954
410,590,0,5.3410191842549954
430,590,0,5.3410191842549954
450,590,0,5.3410191842549954
470,590,0,5.3410191842549954
490,590,0,5.3410191842549954
510,590,0,5.3410191842549954
530,590,0,5.3410191842549954
550,590,0,5.3410191842549954
570,590,0,5.3410191842549954
590,590,0,5.3410191842549954
610,590,0,5.3410191842549954
630,590,0,5.3410191842549954
650,590,0,5.3410191842549954
670,590,0,5.3410191842549954
690,590,0,5.3410191842549954
710,590,0,5.3410191842549954
730,590,0,5.3410191842549954
750,590,0,5.3410191842549954
770,590,0,5.3410191842549954
790,590,0,5.3410191842549954
-790,610,0,5.3410191842549954
-770,610,0,5.3410191842549954
-750,610,0,5.3410191842549954
-730,610,0,5.3410191842549954
-710,610,0,5.3410191842549954
-690,610,0,5.3410191842549954
-670,610,0,5.3410191842549954
-650,610,0,5.3410191842549954
-630,610,0,5.3410191842549954
-610,610,0,5.3410191842549954
-590,610,0,5.3410191842549954
-570,610,0,5.3410191842549954
-550,610,0,5.3410191842549954
-530,610,0,5.3410191842549954
-510,610,0,5.3410191842549954
-490,610,0,5.3410191842549954
-470,610,0,5.3410191842549954
-450,610,0,5.3410191842549954
-430,610,0,5.3410191842549954
-410,610,0,5.3410191842549954
-390,610,0,5.3410191842549954
-370,610,0,5.3410191842549954
-350,610,0,5.3410191842549954
-330,610,0,5.3410191842549954
-310,610,0,5.3410191842549954
-290,610,0,5.3410191842549954
-270,610,0,5.3410191842549954
-250,610,0,5.3410191842549954
-230,610,0,5.3410191842549954
-210,610,0,5.3410191842549954
-190,610,0,5.3410191842549954
-170,610,0,5.3410191842549954
-150,610,0,5.3410191842549954
-130,610,0,5.3410191842549954
-110,610,0,5.3410191842549954
-90,610,0,5.3410191842549954
-70,610,0,5.3410191842549954
-50,610,0,5.3410191842549954
-30,610,0,5.3410191842549954
-10,610,0,5.3410191842549954
10,610,0,5.3410191842549954
30,610,0,5.3410191842549954
50,610,0,5.3410191842549954
70,610,0,5.3410191842549954
90,610,0,5.3410191842549954
110,610,0,5.3410191842549954
130,610,0,5.3410191842549954
150,610,0,5.3410191842549954
170,610,0,5.3410191842549954
190,610,0,5.3410191842549954
210,610,0,5.3410191842549954
230,610,0,5.3410191842549954
250,610,0,5.3410191842549954
270,610,0,5.3410191842549954
290,610,0,5.3410191842549954
310,610,0,5.3410191842549954
330,610,0,5.3410191842549954
350,610,0,5.3410191842549954
370,610,0,5.3410191842549954
390,610,0,5.3410191842549954
410,610,0,5.3410191842549954
430,610,0,5.3410191842549954
450,610,0,5.3410191842549954
470,610,0,5.3410191842549954
490,610,0,5.3410191842549954
510,610,0,5.3410191842549954
530,610,0,5.3410191842549954
550,610,0,5.3410191842549954
570,610,0,5.3410191842549954
590,610,0,5.3410191842549954
610,610,0,5.3410191842549954
630,610,0,5.3410191842549954
650,610,0,5.3410191842549954
670,610,0,5.3410191842549954
690,610,0,5.3410191842549954
710,610,0,5.3410191842549954
730,610,0,5.3410191842549954
750,610,0,5.3410191842549954
770,610,0,5.3410191842549954
790,610,0,5.3410191842549954
-790,630,0,5.3410191842549954
-770,630,0,5.3410191842549954
-750,630,0,5.3410191842549954
-730,630,0,5.3410191842549954
-710,630,0,5.3410191842549954
-690,630,0,5.3410191842549954
-670,630,0,5.3410191842549954
-650,630,0,5.3410191842549954
-630,630,0,5.3410191842549954
-610,630,0,5.3410191842549954
-590,630,0,5.3410191842549954
-570,630,0,5.3410191842549954
-550,630,0,5.3410191842549954
-530,630,0,5.3410191842549954
-510,630,0,5.3410191842549954
-490,630,0,5.3410191842549954
-470,630,0,5.3410191842549954
-450,630,0,5.3410191842549954
-430,630,0,5.3410191842549954
-410,630,0,5.3410191842549954
-390,630,0,5.3410191842549954
-370,630,0,5.3410191842549954
-350,630,0,5.3410191842549954
-330,630,0,5.3410191842549954
-310,630,0,5.3410191842549954
-290,630,0,5.3410191842549954
-270,630,0,5.3410191842549954
-250,630,0,5.3410191842549954
-230,630,0,5.3410191842549954
-210,630,0,5.3410191842549954
-190,630,0,5.3410191842549954
-170,630,0,5.3410191842549954
-150,630,0,5.3410191842549954
-130,630,0,5.3410191842549954
-110,630,0,5.3410191842549954
-90,630,0,5.3410191842549954
-70,630,0,5.3410191842549954
-50,630,0,5.3410191842549954
-30,630,0,5.3410191842549954
-10,630,0,5.3410191842549954
10,630,0,5.3410191842549954
30,630,0,5.3410191842549954
50,630,0,5.3410191842549954
70,630,0,5.3410191842549954
90,630,0,5.3410191842549954
110,630,0,5.3410191842549954
130,630,0,5.3410191842549954
150,630,0,5.3410191842549954
170,630,0,5.3410191842549954
190,630,0,5.3410191842549954
210,630,0,5.3410191842549954
230,630,0,5.3410191842549954
250,630,0,5.3410191842549954
270,630,0,5.3410191842549954
290,630,0,5.3410191842549954
310,630,0,5.3410191842549954
330,630,0,5.3410191842549954
350,630,0,5.3410191842549954
370,630,0,5.3410191842549954
390,630,0,5.3410191842549954
410,630,0,5.3410191842549954
430,630,0,5.3410191842549954
450,630,0,5.3410191842549954
470,630,0,5.3410191842549954
490,630,0,5.3410191842549954
510,630,0,5.3410191842549954
530,630,0,5.3410191842549954
550,630,0,5.3410191842549954
570,630,0,5.3410191842549954
590,630,0,5.3410191842549954
610,630,0,5.3410191842549954
630,630,0,5.3410191842549954
650,630,0,5.3410191842549954
670,630,0,5.3410191842549954
690,630,0,5.3410191842549954
710,630,0,5.3410191842549954
730,630,0,5.3410191842549954
750,630,0,5.3410191842549954
770,630,0,5.3410191842549954
790,630,0,5.3410191842549954
-790,650,0,5.3410191842549954
-770,650,0,5.3410191842549954
-750,650,0,5.3410191842549954
-730,650,0,5.3410191842549954
-710,650,0,5.3410191842549954
-690,650,0,5.3410191842549954
-670,650,0,5.3410191842549954
-650,650,0,5.3410191842549954
-630,650,0,5.3410191842549954
-610,650,0,5.3410191842549954
-590,650,0,5.3410191842549954
-570,650,0,5.3410191842549954
-550,650,0,5.3410191842549954
-530,650,0,5.3410191842549954
-510,650,0,5.3410191842549954
-490,650,0,5.3410191842549954
-470,650,0,5.3410191842549954
-450,650,0,5.3410191842549954
-430,650,0,5.3410191842549954
-410,650,0,5.3410191842549954
-390,650,0,5.3410191842549954
-370,650,0,5.3410191842549954
-350,650,0,5.3410191842549954
-330,650,0,5.3410191842549954
-310,650,0,5.3410191842549954
-290,650,0,5.3410191842549954
-270,650,0,5.3410191842549954
-250,650,0,5.3410191842549954
-230,650,0,5.3410191842549954
-210,650,0,5.3410191842549954
-190,650,0,5.3410191842549954
-170,650,0,5.3410191842549954
-150,650,0,5.3410191842549954
-130,650,0,5.3410191842549954
-110,650,0,5.3410191842549954
-90,650,0,5.3410191842549954
-70,650,0,5.3410191842549954
-50,650,0,5.3410191842549954
-30,650,0,5.3410191842549954
-10,650,0,5.3410191842549954
10,650,0,5.3410191842549954
30,650,0,5.3410191842549954
50,650,0,5.3410191842549954
70,650,0,5.3410191842549954
90,650,0,5.3410191842549954
110,650,0,5.3410191842549954
130,650,0,5.3410191842549954
150,650,0,5.3410191842549954
170,650,0,5.3410191842549954
190,650,0,5.3410191842549954
210,650,0,5.3410191842549954
230,650,0,5.3410191842549954
250,650,0,5.3410191842549954
270,650,0,5.3410191842549954
290,650,0,5.3410191842549954
310,650,0,5.3410191842549954
330,650,0,5.3410191842549954
350,650,0,5.3410191842549954
370,650,0,5.3410191842549954
390,650,0,5.3410191842549954
410,650,0,5.3410191842549954
430,650,0,5.3410191842549954
450,650,0,5.3410191842549954
470,650,0,5.3410191842549954
490,650,0,5.3410191842549954
510,650,0,5.3410191842549954
530,650,0,5.3410191842549954
550,650,0,5.3410191842549954
570,650,0,5.3410191842549954
590,650,0,5.3410191842549954
610,650,0,5.3410191842549954
630,650,0,5.3410191842549954
650,650,0,5.3410191842549954
670,650,0,5.3410191842549954
690,650,0,5.3410191842549954
710,650,0,5.3410191842549954
730,650,0,5.3410191842549954
750,650,0,5.3410191842549954
770,650,0,5.3410191842549954
790,650,0,5.3410191842549954
-790,670,0,5.3410191842549954
-770,670,0,5.3410191842549954
-750,670,0,5.3410191842549954
-730,670,0,5.3410191842549954
-710,670,0,5.3410191842549954
-690,670,0,5.3410191842549954
-670,670,0,5.3410191842549954
-650,670,0,5.3410191842549954
-630,670,0,5.3410191842549954
-610,670,0,5.3410191842549954
-590,670,0,5.3410191842549954
-570,670,0,5.3410191842549954
-550,670,0,5.3410191842549954
-530,670,0,5.3410191842549954
-510,670,0,5.3410191842549954
-490,670,0,5.3410191842549954
-470,670,0,5.3410191842549954
-450,670,0,5.3410191842549954
-430,670,0,5.3410191842549954
-410,670,0,5.3410191842549954
-390,670,0,5.3410191842549954
-370,670,0,5.3410191842549954
-350,670,0,5.3410191842549954
-330,670,0,5.3410191842549954
-310,670,0,5.3410191842549954
-290,670,0,5.3410191842549954
-270,670,0,5.3410191842549954
-250,670,0,5.3410191842549954
-230,670,0,5.3410191842549954
-210,670,0,5.3410191842549954
-190,670,0,5.3410191842549954
-170,670,0,5.3410191842549954
-150,670,0,5.3410191842549954
-130,670,0,5.3410191842549954
-110,670,0,5.3410191842549954
-90,670,0,5.3410191842549954
-70,670,0,5.3410191842549954
-50,670,0,5.3410191842549954
-30,670,0,5.3410191842549954
-10,670,0,5.3410191842549954
10,670,0,5.3410191842549954
30,670,0,5.3410191842549954
50,670,0,5.3410191842549954
70,670,0,5.3410191842549954
90,670,0,5.3410191842549954
110,670,0,5.3410191842549954
130,670,0,5.3410191842549954
150,670,0,5.3410191842549954
170,670,0,5.3410191842549954
190,670,0,5.3410191842549954
210,670,0,5.3410191842549954
230,670,0,5.3410191842549954
250,670,0,5.3410191842549954
270,670,0,5.3410191842549954
290,670,0,5.3410191842549954
310,670,0,5.3410191842549954
330,670,0,5.3410191842549954
350,670,0,5.3410191842549954
370,670,0,5.3410191842549954
390,670,0,5.3410191842549954
410,670,0,5.3410191842549954
430,670,0,5.3410191842549954
450,670,0,5.3410191842549954
470,670,0,5.3410191842549954
490,670,0,5.3410191842549954
510,670,0,5.3410191842549954
530,670,0,5.3410191842549954
550,670,0,5.3410191842549954
570,670,0,5.3410191842549954
590,670,0,5.3410191842549954
610,670,0,5.3410191842549954
630,670,0,5.3410191842549954
650,670,0,5.3410191842549954
670,670,0,5.3410191842549954
690,670,0,5.3410191842549954
710,670,0,5.3410191842549954
730,670,0,5.3410191842549954
750,670,0,5.3410191842549954
770,670,0,5.3410191842549954
790,670,0,5.3410191842549954
-790,690,0,5.3410191842549954
-770,690,0,5.3410191842549954
-750,690,0,5.3410191842549954
-730,690,0,5.3410191842549954
-710,690,0,5.3410191842549954
-690,690,0,5.3410191842549954
-670,690,0,5.3410191842549954
-650,690,0,5.3410191842549954
-630,690,0,5.3410191842549954
-610,690,0,5.3410191842549954
-590,690,0,5.3410191842549954
-570,690,0,5.3410191842549954
-550,690,0,5.3410191842549954
-530,690,0,5.3410191842549954
-510,690,0,5.3410191842549954
-490,690,0,5.3410191842549954
-470,690,0,5.3410191842549954
-450,690,0,5.3410191842549954
-430,690,0,5.3410191842549954
-410,690,0,5.3410191842549954
-390,690,0,5.3410191842549954
-370,690,0,5.3410191842549954
-350,690,0,5.3410191842549954
-330,690,0,5.3410191842549954
-310,690,0,5.3410191842549954
-290,690,0,5.3410191842549954
-270,690,0,5.3410191842549954
-250,690,0,5.3410191842549954
-230,690,0,5.3410191842549954
-210,690,0,5.3410191842549954
-190,690,0,5.3410191842549954
-170,690,0,5.3410191842549954
-150,690,0,5.3410191842549954
-130,690,0,5.3410191842549954
-110,690,0,5.3410191842549954
-90,690,0,5.3410191842549954
-70,690,0,5.3410191842549954
-50,690,0,5.3410191842549954
-30,690,0,5.3410191842549954
-10,690,0,5.3410191842549954
10,690,0,5.3410191842549954
30,690,0,5.3410191842549954
50,690,0,5.3410191842549954
70,690,0,5.3410191842549954
90,690,0,5.3410191842549954
110,690,0,5.3410191842549954
130,690,0,5.3410191842549954
150,690,0,5.3410191842549954
170,690,0,5.3410191842549954
190,690,0,5.3410191842549954
210,690,0,5.3410191842549954
230,690,0,5.3410191842549954
250,690,0,5.3410191842549954
270,690,0,5.3410191842549954
290,690,0,5.3410191842549954
310,690,0,5.3410191842549954
330,690,0,5.3410191842549954
350,690,0,5.3410191842549954
370,690,0,5.3410191842549954
390,690,0,5.3410191842549954
410,690,0,5.3410191842549954
430,690,0,5.3410191842549954
450,690,0,5.3410191842549954
470,690,0,5.3410191842549954
490,690,0,5.3410191842549954
510,690,0,5.3410191842549954
530,690,0,5.3410191842549954
550,690,0,5.3410191842549954
570,690,0,5.3410191842549954
590,690,0,5.3410191842549954
610,690,0,5.3410191842549954
630,690,0,5.3410191842549954
650,690,0,5.3410191842549954
670,690,0,5.3410191842549954
690,690,0,5.3410191842549954
710,690,0,5.3410191842549954
730,690,0,5.3410191842549954
750,690,0,5.3410191842549954
770,690,0,5.3410191842549954
790,690,0,5.3410191842549954
-790,710,0,5.3410191842549954
-770,710,0,5.3410191842549954
-750,710,0,5.3410191842549954
-730,710,0,5.3410191842549954
-710,710,0,5.3410191842549954
-690,710,0,5.3410191842549954
-670,710,0,5.3410191842549954
-650,710,0,5.3410191842549954
-630,710,0,5.3410191842549954
-610,710,0,5.3410191842549954
-590,710,0,5.3410191842549954
-570,710,0,5.3410191842549954
-550,710,0,5.3410191842549954
-530,710,0,5.3410191842549954
-510,710,0,5.3410191842549954
-490,710,0,5.3410191842549954
-470,710,0,5.3410191842549954
-450,710,0,5.3410191842549954
-430,710,0,5.3410191842549954
-410,710,0,5.3410191842549954
-390,710,0,5.3410191842549954
-370,710,0,5.3410191842549954
-350,710,0,5.3410191842549954
-330,710,0,5.3410191842549954
-310,710,0,5.3410191842549954
-290,710,0,5.3410191842549954
-270,710,0,5.3410191842549954
-250,710,0,5.3410191842549954
-230,710,0,5.3410191842549954
-210,710,0,5.3410191842549954
-190,710,0,5.3410191842549954
-170,710,0,5.3410191842549954
-150,710,0,5.3410191842549954
-130,710,0,5.3410191842549954
-110,710,0,5.3410191842549954
-90,710,0,5.3410191842549954
-70,710,0,5.3410191842549954
-50,710,0,5.3410191842549954
-30,710,0,5.3410191842549954
-10,710,0,5.3410191842549954
10,710,0,5.3410191842549954
30,710,0,5.3410191842549954
50,710,0,5.3410191842549954
70,710,0,5.3410191842549954
90,710,0,5.3410191842549954
110,710,0,5.3410191842549954
130,710,0,5.3410191842549954
150,710,0,5.3410191842549954
170,710,0,5.3410191842549954
190,710,0,5.3410191842549954
210,710,0,5.3410191842549954
230,710,0,5.3410191842549954
250,710,0,5.3410191842549954
270,710,0,5.3410191842549954
290,710,0,5.3410191842549954
310,710,0,5.3410191842549954
330,710,0,5.3410191842549954
350,710,0,5.3410191842549954
370,710,0,5.3410191842549954
390,710,0,5.3410191842549954
410,710,0,5.3410191842549954
430,710,0,5.3410191842549954
450,710,0,5.3410191842549954
470,710,0,5.3410191842549954
490,710,0,5.3410191842549954
510,710,0,5.3410191842549954
530,710,0,5.3410191842549954
550,710,0,5.3410191842549954
570,710,0,5.3410191842549954
590,710,0,5.3410191842549954
610,710,0,5.3410191842549954
630,710,0,5.3410191842549954
650,710,0,5.3410191842549954
670,710,0,5.3410191842549954
690,710,0,5.3410191842549954
710,710,0,5.3410191842549954
730,710,0,5.3410191842549954
750,710,0,5.3410191842549954
770,710,0,5.3410191842549954
790,710,0,5.3410191842549954
-790,730,0,5.3410191842549954
-770,730,0,5.3410191842549954
-750,730,0,5.3410191842549954
-730,730,0,5.3410191842549954
-710,730,0,5.3410191842549954
-690,730,0,5.3410191842549954
-670,730,0,5.3410191842549954
-650,730,0,5.3410191842549954
-630,730,0,5.3410191842549954
-610,730,0,5.3410191842549954
-590,730,0,5.3410191842549954
-570,730,0,5.3410191842549954
-550,730,0,5.3410191842549954
-530,730,0,5.3410191842549954
-510,730,0,5.3410191842549954
-490,730,0,5.3410191842549954
-470,730,0,5.3410191842549954
-450,730,0,5.3410191842549954
-430,730,0,5.3410191842549954
-410,730,0,5.3410191842549954
-390,730,0,5.3410191842549954
-370,730,0,5.3410191842549954
-350,730,0,5.3410191842549954
-330,730,0,5.3410191842549954
-310,730,0,5.3410191842549954
-290,730,0,5.3410191842549954
-270,730,0,5.3410191842549954
-250,730,0,5.3410191842549954
-230,730,0,5.3410191842549954
-210,730,0,5.3410191842549954
-190,730,0,5.3410191842549954
-170,730,0,5.3410191842549954
-150,730,0,5.3410191842549954
-130,730,0,5.3410191842549954
-110,730,0,5.3410191842549954
-90,730,0,5.3410191842549954
-70,730,0,5.3410191842549954
-50,730,0,5.3410191842549954
-30,730,0,5.3410191842549954
-10,730,0,5.3410191842549954
10,730,0,5.3410191842549954
30,730,0,5.3410191842549954
50,730,0,5.3410191842549954
70,730,0,5.3410191842549954
90,730,0,5.3410191842549954
110,730,0,5.3410191842549954
130,730,0,5.3410191842549954
150,730,0,5.3410191842549954
170,730,0,5.3410191842549954
190,730,0,5.3410191842549954
210,730,0,5.3410191842549954
230,730,0,5.3410191842549954
250,730,0,5.3410191842549954
270,730,0,5.3410191842549954
290,730,0,5.3410191842549954
310,730,0,5.3410191842549954
330,730,0,5.3410191842549954
350,730,0,5.3410191842549954
370,730,0,5.3410191842549954
390,730,0,5.3410191842549954
410,730,0,5.3410191842549954
430,730,0,5.3410191842549954
450,730,0,5.3410191842549954
470,730,0,5.3410191842549954
490,730,0,5.3410191842549954
510,730,0,5.3410191842549954
530,730,0,5.3410191842549954
550,730,0,5.3410191842549954
570,730,0,5.3410191842549954
590,730,0,5.3410191842549954
610,730,0,5.3410191842549954
630,730,0,5.3410191842549954
650,730,0,5.3410191842549954
670,730,0,5.3410191842549954
690,730,0,5.3410191842549954
710,730,0,5.3410191842549954
730,730,0,5.3410191842549954
750,730,0,5.3410191842549954
770,730,0,5.3410191842549954
790,730,0,5.3410191842549954
-790,750,0,5.3410191842549954
-770,750,0,5.3410191842549954
-750,750,0,5.3410191842549954
-730,750,0,5.3410191842549954
-710,750,0,5.3410191842549954
-690,750,0,5.3410191842549954
-670,750,0,5.3410191842549954
-650,750,0,5.3410191842549954
-630,750,0,5.3410191842549954
-610,750,0,5.3410191842549954
-590,750,0,5.3410191842549954
-570,750,0,5.3410191842549954
-550,750,0,5.3410191842549954
-530,750,0,5.3410191842549954
-510,750,0,5.3410191842549954
-490,750,0,5.3410191842549954
-470,750,0,5.3410191842549954
-450,750,0,5.3410191842549954
-430,750,0,5.3410191842549954
-410,750,0,5.3410191842549954
-390,750,0,5.3410191842549954
-370,750,0,5.3410191842549954
-350,750,0,5.3410191842549954
-330,750,0,5.3410191842549954
-310,750,0,5.3410191842549954
-290,750,0,5.3410191842549954
-270,750,0,5.3410191842549954
-250,750,0,5.3410191842549954
-230,750,0,5.3410191842549954
-210,750,0,5.3410191842549954
-190,750,0,5.3410191842549954
-170,750,0,5.3410191842549954
-150,750,0,5.3410191842549954
-130,750,0,5.3410191842549954
-110,750,0,5.3410191842549954
-90,750,0,5.3410191842549954
-70,750,0,5.3410191842549954
-50,750,0,5.3410191842549954
-30,750,0,5.3410191842549954
-10,750,0,5.3410191842549954
10,750,0,5.3410191842549954
30,750,0,5.3410191842549954
50,750,0,5.3410191842549954
70,750,0,5.3410191842549954
90,750,0,5.3410191842549954
110,750,0,5.3410191842549954
130,750,0,5.3410191842549954
150,750,0,5.3410191842549954
170,750,0,5.3410191842549954
190,750,0,5.3410191842549954
210,750,0,5.3410191842549954
230,750,0,5.3410191842549954
250,750,0,5.3410191842549954
270,750,0,5.3410191842549954
290,750,0,5.3410191842549954
310,750,0,5.3410191842549954
330,750,0,5.3410191842549954
350,750,0,5.3410191842549954
370,750,0,5.3410191842549954
390,750,0,5.3410191842549954
410,750,0,5.3410191842549954
430,750,0,5.3410191842549954
450,750,0,5.3410191842549954
470,750,0,5.3410191842549954
490,750,0,5.3410191842549954
510,750,0,5.3410191842549954
530,750,0,5.3410191842549954
550,750,0,5.3410191842549954
570,750,0,5.3410191842549954
590,750,0,5.3410191842549954
610,750,0,5.3410191842549954
630,750,0,5.3410191842549954
650,750,0,5.3410191842549954
670,750,0,5.3410191842549954
690,750,0,5.3410191842549954
710,750,0,5.3410191842549954
730,750,0,5.3410191842549954
750,750,0,5.3410191842549954
770,750,0,5.3410191842549954
790,750,0,5.3410191842549954
-790,770,0,5.3410191842549954
-770,770,0,5.3410191842549954
-750,770,0,5.3410191842549954
-730,770,0,5.3410191842549954
-710,770,0,5.3410191842549954
-690,770,0,5.3410191842549954
-670,770,0,5.3410191842549954
-650,770,0,5.3410191842549954
-630,770,0,5.3410191842549954
-610,770,0,5.3410191842549954
-590,770,0,5.3410191842549954
-570,770,0,5.3410191842549954
-550,770,0,5.3410191842549954
-530,770,0,5.3410191842549954
-510,770,0,5.3410191842549954
-490,770,0,5.3410191842549954
-470,770,0,5.3410191842549954
-450,770,0,5.3410191842549954
-430,770,0,5.3410191842549954
-410,770,0,5.3410191842549954
-390,770,0,5.3410191842549954
-370,770,0,5.3410191842549954
-350,770,0,5.3410191842549954
-330,770,0,5.3410191842549954
-310,770,0,5.3410191842549954
-290,770,0,5.3410191842549954
-270,770,0,5.3410191842549954
-250,770,0,5.3410191842549954
-230,770,0,5.3410191842549954
-210,770,0,5.3410191842549954
-190,770,0,5.3410191842549954
-170,770,0,5.3410191842549954
-150,770,0,5.3410191842549954
-130,770,0,5.3410191842549954
-110,770,0,5.3410191842549954
-90,770,0,5.3410191842549954
-70,770,0,5.3410191842549954
-50,770,0,5.3410191842549954
-30,770,0,5.3410191842549954
-10,770,0,5.3410191842549954
10,770,0,5.3410191842549954
30,770,0,5.3410191842549954
50,770,0,5.3410191842549954
70,770,0,5.3410191842549954
90,770,0,5.3410191842549954
110,770,0,5.3410191842549954
130,770,0,5.3410191842549954
150,770,0,5.3410191842549954
170,770,0,5.3410191842549954
190,770,0,5.3410191842549954
210,770,0,5.3410191842549954
230,770,0,5.3410191842549954
250,770,0,5.3410191842549954
270,770,0,5.3410191842549954
290,770,0,5.3410191842549954
310,770,0,5.3410191842549954
330,770,0,5.3410191842549954
350,770,0,5.3410191842549954
370,770,0,5.3410191842549954
390,770,0,5.3410191842549954
410,770,0,5.3410191842549954
430,770,0,5.3410191842549954
450,770,0,5.3410191842549954
470,770,0,5.3410191842549954
490,770,0,5.3410191842549954
510,770,0,5.3410191842549954
530,770,0,5.3410191842549954
550,770,0,5.3410191842549954
570,770,0,5.3410191842549954
590,770,0,5.3410191842549954
610,770,0,5.3410191842549954
630,770,0,5.3410191842549954
650,770,0,5.3410191842549954
670,770,0,5.3410191842549954
690,770,0,5.3410191842549954
710,770,0,5.3410191842549954
730,770,0,5.3410191842549954
750,770,0,5.3410191842549954
770,770,0,5.3410191842549954
790,770,0,5.3410191842549954
-790,790,0,5.3410191842549954
-770,790,0,5.3410191842549954
-750,790,0,5.3410191842549954
-730,790,0,5.3410191842549954
-710,790,0,5.3410191842549954
-690,790,0,5.3410191842549954
-670,790,0,5.3410191842549954
-650,790,0,5.3410191842549954
-630,790,0,5.3410191842549954
-610,790,0,5.3410191842549954
-590,790,0,5.3410191842549954
-570,790,0,5.3410191842549954
-550,790,0,5.3410191842549954
-530,790,0,5.3410191842549954
-510,790,0,5.3410191842549954
-490,790,0,5.3410191842549954
-470,790,0,5.3410191842549954
-450,790,0,5.3410191842549954
-430,790,0,5.3410191842549954
-410,790,0,5.3410191842549954
-390,790,0,5.3410191842549954
-370,790,0,5.3410191842549954
-350,790,0,5.3410191842549954
-330,790,0,5.3410191842549954
-310,790,0,5.3410191842549954
-290,790,0,5.3410191842549954
-270,790,0,5.3410191842549954
-250,790,0,5.3410191842549954
-230,790,0,5.3410191842549954
-210,790,0,5.3410191842549954
-190,790,0,5.3410191842549954
-170,790,0,5.3410191842549954
-150,790,0,5.3410191842549954
-130,790,0,5.3410191842549954
-110,790,0,5.3410191842549954
-90,790,0,5.3410191842549954
-70,790,0,5.3410191842549954
-50,790,0,5.3410191842549954
-30,790,0,5.3410191842549954
-10,790,0,5.3410191842549954
10,790,0,5.3410191842549954
30,790,0,5.3410191842549954
50,790,0,5.3410191842549954
70,790,0,5.3410191842549954
90,790,0,5.3410191842549954
110,790,0,5.3410191842549954
130,790,0,5.3410191842549954
150,790,0,5.3410191842549954
170,790,0,5.3410191842549954
190,790,0,5.3410191842549954
210,790,0,5.3410191842549954
230,790,0,5.3410191842549954
250,790,0,5.3410191842549954
270,790,0,5.3410191842549954
290,790,0,5.3410191842549954
310,790,0,5.3410191842549954
330,790,0,5.3410191842549954
350,790,0,5.3410191842549954
370,790,0,5.3410191842549954
390,790,0,5.3410191842549954
410,790,0,5.3410191842549954
430,790,0,5.3410191842549954
450,790,0,5.3410191842549954
470,790,0,5.3410191842549954
490,790,0,5.3410191842549954
510,790,0,5.3410191842549954
530,790,0,5.3410191842549954
550,790,0,5.3410191842549954
570,790,0,5.3410191842549954
590,790,0,5.3410191842549954
610,790,0,5.3410191842549954
630,790,0,5.3410191842549954
650,790,0,5.3410191842549954
670,790,0,5.3410191842549954
690,790,0,5.3410191842549954
710,790,0,5.3410191842549954
730,790,0,5.3410191842549954
750,790,0,5.3410191842549954
770,790,0,5.3410191842549954
790,790,0,5.3410191842549954
