x,y,z,type
-73.34193501366377,76.02511919410433,0.0,CAF
83.28710375815406,51.047355250051375,0.0,CAF
83.10917743004104,63.89405085969716,0.0,CAF
59.789553420678764,49.15058446155038,0.0,CAF
-150.63929335848053,-68.0576135747965,0.0,CAF
29.531105752891122,103.8911444099743,0.0,CAF
-66.02163641257623,108.04769045874554,0.0,CAF
-56.74939257814596,-180.0576172257703,0.0,CAF
66.03470197829621,135.27300408827568,0.0,CAF
-9.20100446269624,-12.214184106875555,0.0,CAF
-105.77232477309308,163.28604546620522,0.0,CAF
-34.96344907543451,-137.308973992751,0.0,CAF
49.95311129165264,-101.78196565529038,0.0,CAF
57.06133007950597,144.56826226758574,0.0,CAF
-66.777238514018,142.58326798433944,0.0,CAF
111.7870638409163,-71.8792407684596,0.0,CAF
52.98737229539336,22.089603053673947,0.0,CAF
-28.878898136788546,45.08464740532054,0.0,CAF
-85.44545648830402,-150.01903430729323,0.0,CAF
-138.86929615530883,-33.66146061667496,0.0,CAF
163.49654088493122,-33.93049834899333,0.0,CAF
95.63173139711748,63.44551470421621,0.0,CAF
-170.099877805569,22.647699208998592,0.0,CAF
15.368033836270369,53.86454033900093,0.0,CAF
-44.364173911458025,29.79666467489544,0.0,CAF
5.532379866408439,-50.886101114896526,0.0,CAF
-1.024747971669434,-162.22626846216696,0.0,CAF
84.16444769952328,-119.10909070250084,0.0,CAF
76.3974431351371,-28.040185891107132,0.0,CAF
-57.15886766791769,-7.559647396357696,0.0,CAF
-125.68131539086859,19.242758012152343,0.0,CAF
-88.98847054181985,-9.912243246831217,0.0,CAF
-135.3685241851553,39.14382903366418,0.0,CAF
154.71320551068322,6.5801349226601715,0.0,CAF
-83.98004145638672,-65.68615604273985,0.0,CAF
-34.4163836392613,88.96796353438604,0.0,CAF
74.89305517887074,15.10776990967973,0.0,CAF
-166.35971159522578,48.30691549583649,0.0,CAF
-125.59619128315063,120.45790356876034,0.0,CAF
109.40099151201025,160.21616959683678,0.0,CAF
-133.49932033591767,59.079783554804926,0.0,CAF
-33.85143671165946,-97.3729256176428,0.0,CAF
97.48078706233763,160.09129905351855,0.0,CAF
35.44500516144274,159.2208972855605,0.0,CAF
84.39165672975068,44.75327204526617,0.0,CAF
29.910026977301392,-27.745267149801986,0.0,CAF
86.79182706287723,-103.8858878712028,0.0,CAF
-18.951272608838284,-11.656254517623573,0.0,CAF
77.14896720009337,98.61354477132828,0.0,CAF
103.14001748931496,-151.7575549406035,0.0,CAF
62.78567713067909,131.2683183959301,0.0,CAF
50.71760018773619,-192.09787123034835,0.0,CAF
164.7247713201353,11.9401385730259,0.0,CAF
38.503034134627214,-42.51537897747741,0.0,CAF
49.36186956689122,22.993235034030505,0.0,CAF
-74.62184728874406,97.0654192134139,0.0,CAF
15.792489816526718,24.81784560772606,0.0,CAF
-156.42607908123512,-32.12474540050503,0.0,CAF
119.38722150460217,10.833977878928323,0.0,CAF
-119.24514266899595,-154.5872304014571,0.0,CAF
-6.766756071600406,-96.39550672121925,0.0,CAF
-106.34839645313669,90.75609942840121,0.0,CAF
-26.383306318820537,190.44254648651332,0.0,CAF
-172.290100389582,78.34933068525936,0.0,CAF
-168.10099044743174,62.565795912006465,0.0,CAF
-134.3439063252359,6.651644434292102,0.0,CAF
-68.49146019187074,-137.81096860553706,0.0,CAF
-28.454853825735423,-3.6875082944251747,0.0,CAF
-20.43662579721403,-55.21742090016738,0.0,CAF
77.68344487580592,-118.57321539223577,0.0,CAF
-52.35151251990583,75.47384961842042,0.0,CAF
49.84774289308094,38.07518604478388,0.0,CAF
12.995354215287907,144.1306199980252,0.0,CAF
-171.54817711108703,-4.199398028192423,0.0,CAF
-66.42609878327937,73.42583081306658,0.0,CAF
24.180337146334956,160.0516326826942,0.0,CAF
70.56728636612394,-2.6804278690658165,0.0,CAF
129.58945761486407,55.04786940629439,0.0,CAF
33.63868503360375,39.619270115156766,0.0,CAF
32.32874198987113,-1.9415634024325568,0.0,CAF
-34.64941234800256,-12.64155336901678,0.0,CAF
109.94627576479391,130.08264457267487,0.0,CAF
-170.6355603013683,-25.64740176909258,0.0,CAF
-127.55111786155923,-140.92394617821668,0.0,CAF
125.02881842383367,-146.64814617627644,0.0,CAF
-62.56796292586291,163.45790200229663,0.0,CAF
-174.93556747877403,-44.81007138622914,0.0,CAF
-139.64927513944826,138.65456981043852,0.0,CAF
40.65589446968453,-84.88317193946727,0.0,CAF
-112.90935339856901,-44.36779500502162,0.0,CAF
-95.9722570021477,90.98898478557211,0.0,CAF
-48.19977636669759,141.2251028176832,0.0,CAF
46.88495986054978,-28.514172333386025,0.0,CAF
43.43994098762032,-61.02228038563557,0.0,CAF
183.06574142433,-31.39131193245467,0.0,CAF
19.72712871146101,-157.8746650346533,0.0,CAF
-69.9028219942542,-77.26883500983959,0.0,CAF
-134.47052025448252,138.47726025076017,0.0,CAF
-111.1469217145213,-119.16162277239401,0.0,CAF
-146.59342119987784,-75.69944242029773,0.0,CAF
-76.55262831124503,39.030991381928686,0.0,CAF
65.33992012850676,101.37936875936563,0.0,CAF
-89.21914330271836,3.672247989237063,0.0,CAF
57.24169572300927,74.2981767882312,0.0,CAF
-78.72015458447588,-11.590316068146242,0.0,CAF
17.571202198720258,-193.30207987191136,0.0,CAF
22.25715688672016,95.31892486103641,0.0,CAF
-148.65521039146287,-4.257146764861646,0.0,CAF
0.0679152766002019,83.17212167793001,0.0,CAF
89.59334614303408,98.47031067775896,0.0,CAF
99.81006097918105,63.41504143319666,0.0,CAF
101.60861940623673,133.58119508846838,0.0,CAF
-1.516422421604626,-183.89328804750534,0.0,CAF
5.003723466367758,108.34942183703478,0.0,CAF
-126.22398232587737,-23.88172619927084,0.0,CAF
-5.167631528888124,133.2380556066668,0.0,CAF
-5.625830485776922,59.88333163655706,0.0,CAF
-11.890801479596778,-110.91912327717952,0.0,CAF
54.73033519206599,-185.04769214594882,0.0,CAF
-24.594370974828763,-18.40426427716426,0.0,CAF
-21.98263382516164,-26.757307173440093,0.0,CAF
-179.17931176049544,-32.91174362595574,0.0,CAF
3.3503119316444057,54.160297212549835,0.0,CAF
-48.220815562759505,-160.37389971315082,0.0,CAF
-34.36896688432461,-136.90544477659904,0.0,CAF
-26.256740954302302,-90.8770742948456,0.0,CAF
150.90786666755582,-53.26618144892059,0.0,CAF
-17.163473553728796,18.884471992580355,0.0,CAF
155.59905818442556,50.31499379431124,0.0,CAF
-70.17644426976581,144.54284678756846,0.0,CAF
-21.143876099051525,-192.37947727176856,0.0,CAF
81.18428944927093,78.83736244435683,0.0,CAF
17.64386375452536,117.37869986344762,0.0,CAF
-179.2155691702896,40.245391018299344,0.0,CAF
-19.724797294926393,-134.76504551075746,0.0,CAF
81.22528473197607,16.150014319538986,0.0,CAF
103.50234816900813,-8.522347116822367,0.0,CAF
52.607391337467114,-133.67519241808392,0.0,CAF
-87.35457954154637,-108.02107774595069,0.0,CAF
-81.59177384092264,82.26844173887454,0.0,CAF
120.58466543948674,-149.16102557120303,0.0,CAF
154.1979346157496,97.57136218985661,0.0,CAF
150.1871647473827,113.26486549869699,0.0,CAF
-10.557866161304672,16.523123499500645,0.0,CAF
103.9928191418552,158.88932326458388,0.0,CAF
147.14214196358387,106.56009417228519,0.0,CAF
-45.13333783486904,-35.125932419151994,0.0,CAF
77.18098767229394,107.41250411423516,0.0,CAF
-146.55917111355265,76.19089893115078,0.0,CAF
-39.073596525589956,25.712735616294328,0.0,CAF
35.529998182777064,-55.851548631094715,0.0,CAF
160.05032471556885,101.20395735485647,0.0,CAF
138.680694928269,-55.30290052099723,0.0,CAF
-152.53570531997522,112.90884225736815,0.0,CAF
-25.17435398776282,140.84035806019574,0.0,CAF
193.0017059671405,-2.8662349607871405,0.0,CAF
-26.66580747696298,-134.4344834359522,0.0,CAF
51.26502879063116,-174.1820356301508,0.0,CAF
-54.86893729760086,65.34836534852168,0.0,CAF
-195.9163075228103,-8.122065361880187,0.0,CAF
68.48440545391918,56.17954643827642,0.0,CAF
128.6144265606516,-53.346846108443856,0.0,CAF
-0.8631351480807191,-19.4597867570107,0.0,CAF
-79.31924017555902,87.61388148411157,0.0,CAF
-87.33006978630279,130.1217197374786,0.0,CAF
-109.65983590236014,63.27571555461009,0.0,CAF
50.50160986619825,-182.43042072533393,0.0,CAF
29.858481425521106,80.79249145036623,0.0,CAF
-140.7079645004521,-36.267808729539,0.0,CAF
-160.1055981108115,119.33619062010303,0.0,CAF
-102.10681986178115,55.28636949496985,0.0,CAF
81.26117293704624,-73.74378010175536,0.0,CAF
22.67865073305109,25.88779717531489,0.0,CAF
97.64689415498812,-161.66002527552396,0.0,CAF
126.82857598973834,62.59989288523137,0.0,CAF
151.87011063919414,72.01630672233432,0.0,CAF
66.99172485765044,43.25746479592209,0.0,CAF
19.05858940218485,127.23618767294748,0.0,CAF
-98.08827964626845,156.86843470387922,0.0,CAF
172.462985684089,-11.633488210944105,0.0,CAF
44.952471302847826,-181.30095547774422,0.0,CAF
150.17667863472147,-46.67331611018056,0.0,CAF
-8.020224467053074,-95.09092226047508,0.0,CAF
77.7355568083794,-108.58454249458798,0.0,CAF
162.77228341675598,66.7423104635115,0.0,CAF
78.51473151863708,23.755916229171294,0.0,CAF
-58.585315431085064,106.2247579070551,0.0,CAF
54.808856273186564,129.47335831218655,0.0,CAF
-143.60823457027948,77.5817407063609,0.0,CAF
-191.2956664125048,-44.8627235268657,0.0,CAF
35.885595464992136,-171.34240853543392,0.0,CAF
30.806255037561787,76.4164099218675,0.0,CAF
-62.38652698322159,186.10255102371397,0.0,CAF
167.10704693635086,-55.60444145334522,0.0,CAF
141.108739896744,72.59573282654556,0.0,CAF
-132.4247616531251,-65.76297503442242,0.0,CAF
156.766061084527,45.777785767691995,0.0,CAF
143.95326571749553,61.38734683433889,0.0,CAF
-100.46578279798331,-143.0925833697376,0.0,CAF
-91.91911812466945,-154.8640251712486,0.0,CAF
-111.32813604849477,-22.313547886268594,0.0,CAF
134.2465592502902,130.65687435243737,0.0,CAF
83.8205365516569,83.96288526566639,0.0,CAF
21.785879286300563,158.58338316340604,0.0,CAF
114.07168663354426,-126.2125687888214,0.0,CAF
-199.30436172838083,11.80333189597703,0.0,CAF
1.7891136586949652,-195.23991956224336,0.0,CAF
-156.1236533201691,-94.1726657681677,0.0,CAF
9.627144803722716,31.295603977444678,0.0,CAF
-159.1997067398294,105.36342991439486,0.0,CAF
62.58593216569516,-188.85084800457025,0.0,CAF
81.04368842595733,166.22281412357256,0.0,CAF
-6.042187061006616,-68.03354063178367,0.0,CAF
-161.14928335155983,65.60612109335862,0.0,CAF
-94.27021476566856,96.44845562114567,0.0,CAF
162.20909433585453,-42.90359519991682,0.0,CAF
-121.58708067615345,67.00930267593088,0.0,CAF
-16.92332103878337,-98.3819999951936,0.0,CAF
-121.52032053740416,81.7781717589969,0.0,CAF
176.42502926428304,91.7919377719785,0.0,CAF
13.444468728332952,17.35651989580821,0.0,CAF
182.47334196324567,56.444805811153685,0.0,CAF
-140.9838521969948,53.111107896718664,0.0,CAF
-66.21184199356357,-19.046295995451477,0.0,CAF
-110.03246760932467,-125.65823199276157,0.0,CAF
-101.59579982238897,35.52886579725465,0.0,CAF
-147.2397199267348,22.492159672871534,0.0,CAF
138.00958000871114,93.36343562881474,0.0,CAF
-128.8346349010729,-152.4700987623981,0.0,CAF
-160.60229258885326,116.17904519862914,0.0,CAF
-104.10593878924516,107.29527530234263,0.0,CAF
42.51021142800187,93.38830738686246,0.0,CAF
-49.93756989893371,-120.70735486132254,0.0,CAF
69.25373856747996,124.66582967941461,0.0,CAF
27.927794763804915,-88.95064358837708,0.0,CAF
-96.77739392005579,-18.053932232138344,0.0,CAF
-140.51386003573816,-53.332821024786746,0.0,CAF
28.72909281642487,-90.68304800396452,0.0,CAF
56.488783805956196,-168.4120337541528,0.0,CAF
-23.637748982137953,185.06419158967782,0.0,CAF
95.26254741933127,18.169311119706204,0.0,CAF
15.826420279942269,185.69521484358987,0.0,CAF
93.54499344885458,81.97288467494981,0.0,CAF
-111.67765121094179,106.67429850437647,0.0,CAF
110.9033236357411,162.50494720430257,0.0,CAF
-33.33803173827656,149.87610016653085,0.0,CAF
180.4054554647011,-83.16830324989938,0.0,CAF
58.22681513609116,-81.67542587725715,0.0,CAF
-10.050026148830328,153.10370377580156,0.0,CAF
-130.73197299586357,-39.27603315256204,0.0,CAF
35.079871207104276,-126.99650898261312,0.0,CAF
53.59614866164434,-144.0707252819088,0.0,CAF
-166.39693130242418,39.61134936411478,0.0,CAF
101.32486084009811,19.580739378331277,0.0,CAF
98.2373787397128,107.69533715057955,0.0,CAF
109.62155989754613,160.0555469555246,0.0,CAF
115.61629750150139,78.4759155978853,0.0,CAF
127.75189798715148,121.66093941802274,0.0,CAF
15.00758624254664,-12.192310780508869,0.0,CAF
129.78945478223454,-26.17030365632316,0.0,CAF
-166.8460811163065,71.17350155155506,0.0,CAF
-73.59930988160635,124.07455162265661,0.0,CAF
60.69173969177315,122.93835130466108,0.0,CAF
30.423452105357104,133.00681665170603,0.0,CAF
-151.79407059337936,128.41895293388168,0.0,CAF
-30.401927617858423,116.61896358784598,0.0,CAF
-43.791089666079,150.75039837549636,0.0,CAF
-107.38367027011202,149.8672657493113,0.0,CAF
-105.82832864213584,-147.18749730137847,0.0,CAF
-194.19279447591524,20.94775919385319,0.0,CAF
-157.53879890694216,51.329494499924785,0.0,CAF
24.40795262081923,14.816882925064043,0.0,CAF
-15.089693441021124,-124.07523514670935,0.0,CAF
-159.22932835735438,110.41207242437417,0.0,CAF
-15.536306424290204,-99.79638991042616,0.0,CAF
123.92583454677842,154.37175867219378,0.0,CAF
-87.6239501790273,-125.03223373700743,0.0,CAF
65.45773611897636,-72.49633231021029,0.0,CAF
87.63450238829908,138.75139120633318,0.0,CAF
2.716239609931944,97.73073321646267,0.0,CAF
39.530899774650116,109.4307017830991,0.0,CAF
66.9501993186339,47.19985932536267,0.0,CAF
-1.6693441503641158,136.30376737600557,0.0,CAF
32.313787789488856,13.346778009063199,0.0,CAF
163.06927417014973,-84.13990374696282,0.0,CAF
-86.19870721295277,-4.559926743368639,0.0,CAF
34.240076411187296,84.03091480316367,0.0,CAF
279.48237733222265,-165.21265365146218,0.0,CD4_Tcell
-19.046666196569856,-311.2988776943443,0.0,CD4_Tcell
-185.77991847062393,237.0827096152467,0.0,CD4_Tcell
388.9816030580892,33.283082568834566,0.0,CD4_Tcell
-270.63275308015733,-153.312028825335,0.0,CD4_Tcell
-193.65275060089817,207.67813005742877,0.0,CD4_Tcell
323.9015143629281,-99.21370697330939,0.0,CD4_Tcell
27.263932070741955,288.41811864486925,0.0,CD4_Tcell
132.27538837187222,219.5099186008672,0.0,CD4_Tcell
-32.86395635046638,-254.6866281048178,0.0,CD4_Tcell
-140.26695450316123,-187.75648038708312,0.0,CD4_Tcell
-93.51418778312079,231.21344744131983,0.0,CD4_Tcell
143.80992769872728,268.59774372392826,0.0,CD4_Tcell
-190.31729631106612,-321.1216594096623,0.0,CD4_Tcell
-325.9495272045012,-27.765740427595574,0.0,CD4_Tcell
155.23099330286968,197.2198322935757,0.0,CD4_Tcell
-286.77634977537065,158.320559686086,0.0,CD4_Tcell
297.0901670735663,-36.80816525914894,0.0,CD4_Tcell
-204.60419356778104,-113.15097388253025,0.0,CD4_Tcell
-84.57410345978339,-276.1113061090642,0.0,CD4_Tcell
-267.362091584357,-142.48940830140936,0.0,CD4_Tcell
-136.63702706069864,-158.91832157362492,0.0,CD4_Tcell
-252.22199054981846,-54.10449679072661,0.0,CD4_Tcell
316.85176262047605,169.51313058931666,0.0,CD4_Tcell
-305.3247310564028,-126.41764724565995,0.0,CD4_Tcell
184.4062749681364,180.19957406639432,0.0,CD4_Tcell
311.21454721438374,56.307443748458404,0.0,CD4_Tcell
-194.1304937371618,274.7689240413181,0.0,CD4_Tcell
246.44386803602782,158.73265461608258,0.0,CD4_Tcell
77.29296164381088,-361.7021623624692,0.0,CD4_Tcell
-217.21730315704332,280.9464757824316,0.0,CD4_Tcell
-172.63049547389403,-279.4414156860846,0.0,CD4_Tcell
181.7718712632276,-323.59819995009514,0.0,CD4_Tcell
-194.78586481936316,202.96987598962616,0.0,CD4_Tcell
33.89698024962794,-218.83355317924264,0.0,CD4_Tcell
37.62775202032235,324.38331680741044,0.0,CD4_Tcell
-378.2253001152839,124.87424122504731,0.0,CD4_Tcell
-208.8429827078105,-138.68721412879975,0.0,CD4_Tcell
-41.02365915123585,305.46908866519846,0.0,CD4_Tcell
-179.7587561345891,177.8012294491946,0.0,CD4_Tcell
-272.96603874179544,253.5658717129069,0.0,CD4_Tcell
-221.92747113154314,228.09608387887332,0.0,CD4_Tcell
207.09533049580597,-68.4185715293187,0.0,CD4_Tcell
-285.50665586231725,-219.63136266892332,0.0,CD4_Tcell
-220.47659744101995,186.4531584395849,0.0,CD4_Tcell
33.80631527378191,209.48536705626077,0.0,CD4_Tcell
109.76724892492082,-327.2348000883609,0.0,CD4_Tcell
-77.12289782925593,240.2352231255954,0.0,CD4_Tcell
93.15604320257677,272.36599073275227,0.0,CD4_Tcell
97.55106255678125,-305.79973015107663,0.0,CD4_Tcell
-266.28686601538027,84.42925119792743,0.0,CD4_Tcell
215.30766221286552,-221.06017223988314,0.0,CD4_Tcell
-137.62528935073706,345.2451203138283,0.0,CD4_Tcell
343.67444939204,89.07680227281297,0.0,CD4_Tcell
-20.69635584674583,-201.73836488241685,0.0,CD4_Tcell
-270.31647192856553,216.3427304174136,0.0,CD4_Tcell
-155.50501622526917,213.62701388178496,0.0,CD4_Tcell
-187.21311118878702,-320.196019723641,0.0,CD4_Tcell
317.7759803338379,-56.85350633157676,0.0,CD4_Tcell
-22.79111517468395,-368.56418141736987,0.0,CD4_Tcell
138.56094157032842,-267.8764376540756,0.0,CD4_Tcell
-224.98049340975385,-94.87552714563488,0.0,CD4_Tcell
-2.3254743687709643,282.3845175498371,0.0,CD4_Tcell
0.8617228507563388,-258.5044726779966,0.0,CD4_Tcell
306.0594837759495,18.51265795806663,0.0,CD4_Tcell
-261.48837116159905,203.25786016904397,0.0,CD4_Tcell
-328.8428804204242,46.306164144056076,0.0,CD4_Tcell
228.9170253505505,203.61438776253823,0.0,CD4_Tcell
-161.29560405460367,-338.28031433261,0.0,CD4_Tcell
282.5130214529804,154.47108174310296,0.0,CD4_Tcell
-84.19711559901432,-310.06597518467805,0.0,CD4_Tcell
-318.03221626279907,55.91704200137386,0.0,CD4_Tcell
-173.09301315047145,-313.1045425479997,0.0,CD4_Tcell
-277.4656412034358,-252.8551641723224,0.0,CD4_Tcell
-339.665669688525,-68.48836211685386,0.0,CD4_Tcell
-161.34546247985477,-365.97885377851213,0.0,CD4_Tcell
-39.8321040915972,-249.6094072993139,0.0,CD4_Tcell
321.0761806189519,-167.62291292986274,0.0,CD4_Tcell
141.86482994752737,-312.34037778359533,0.0,CD4_Tcell
-296.7113029249404,156.75221206763013,0.0,CD4_Tcell
325.73678533812773,-117.36302821130899,0.0,CD4_Tcell
352.37574446957484,-1.7871900999269321,0.0,CD4_Tcell
8.691379691651656,-303.0697275571024,0.0,CD4_Tcell
-160.37990002425983,121.93668028223881,0.0,CD4_Tcell
-188.37353414605116,-171.99020084922898,0.0,CD4_Tcell
164.9260220620948,345.1881346418208,0.0,CD4_Tcell
-125.61931828792764,-372.1322815555937,0.0,CD4_Tcell
-241.54754549489,-232.74598879642352,0.0,CD4_Tcell
120.53708597976544,204.81421915539963,0.0,CD4_Tcell
-228.5840059804849,19.929405988783387,0.0,CD4_Tcell
216.00088439861102,71.94635651512165,0.0,CD4_Tcell
151.75102246534263,-277.29928051048114,0.0,CD4_Tcell
-339.26195052759624,76.28236918335318,0.0,CD4_Tcell
-11.460294598302978,290.50412177331447,0.0,CD4_Tcell
-81.93277548446117,-305.5821889029901,0.0,CD4_Tcell
-250.85947240062924,-292.4973309138197,0.0,CD4_Tcell
-41.940734298796734,216.9908546295043,0.0,CD4_Tcell
210.17125679296663,-206.23470126586133,0.0,CD4_Tcell
-51.50704038110365,269.4933204339537,0.0,CD4_Tcell
-109.75497884164871,-335.96479565395117,0.0,CD4_Tcell
231.1198872521217,321.9203675397553,0.0,CD4_Tcell
-253.74741130375585,-168.29932687924992,0.0,CD4_Tcell
232.0840338669252,241.52069439081188,0.0,CD4_Tcell
105.39711961181341,283.9824744839382,0.0,CD4_Tcell
-325.01098073167185,21.98848572167954,0.0,CD4_Tcell
-218.2893318033325,-115.98833399412055,0.0,CD4_Tcell
146.98237463443888,-225.4608582551096,0.0,CD4_Tcell
189.33480268394848,192.75662182217178,0.0,CD4_Tcell
-374.15938136159616,-76.2153982208356,0.0,CD4_Tcell
-243.4742731094608,-112.76680200728453,0.0,CD4_Tcell
-293.31146724311515,253.85162921562306,0.0,CD4_Tcell
200.3175045413752,-4.010548622410046,0.0,CD4_Tcell
9.621917859092234,327.0942331844063,0.0,CD4_Tcell
116.28666012665697,187.34318131567315,0.0,CD4_Tcell
73.97107351303855,237.27318816804691,0.0,CD4_Tcell
297.12652109276127,181.03586787239314,0.0,CD4_Tcell
-324.7706863581862,-19.8795158415762,0.0,CD4_Tcell
229.9842876724043,48.98828452858614,0.0,CD4_Tcell
-393.01278980071015,-65.29547289015686,0.0,CD4_Tcell
106.28275847959273,317.74987358555825,0.0,CD4_Tcell
359.94569033459305,-155.46509313285642,0.0,CD4_Tcell
-116.3393260133235,-178.52438017219768,0.0,CD4_Tcell
267.36895330035145,-105.3047473548991,0.0,CD4_Tcell
13.802077366447145,208.74520841185623,0.0,CD4_Tcell
-126.34312368750892,-224.47878057595557,0.0,CD4_Tcell
163.59535523249124,315.01420523196657,0.0,CD4_Tcell
-346.8611483678028,197.68211133712393,0.0,CD4_Tcell
-207.59423159666972,-340.8995969194632,0.0,CD4_Tcell
-231.81815000861428,-283.9855591367339,0.0,CD4_Tcell
-276.89327668452063,-257.5457912508378,0.0,CD4_Tcell
212.12794779893196,-163.70578829568757,0.0,CD4_Tcell
213.89033116747558,-85.73549511718048,0.0,CD4_Tcell
-308.05623367364666,16.025550842602343,0.0,CD4_Tcell
-307.9173031133892,-246.03221890688408,0.0,CD4_Tcell
362.8769909296282,95.18166870540875,0.0,CD4_Tcell
-279.2108676963392,-105.59986190096254,0.0,CD4_Tcell
-13.693497979544746,248.33042105538084,0.0,CD4_Tcell
139.7873315360974,-147.8348384655852,0.0,CD4_Tcell
12.914022715197758,245.42104887290677,0.0,CD4_Tcell
266.4064117490415,-149.36059474462297,0.0,CD4_Tcell
80.9070467348462,296.6787167735889,0.0,CD4_Tcell
-43.74229911738473,206.19910959893872,0.0,CD4_Tcell
-147.9348958293377,-315.9252154009262,0.0,CD4_Tcell
-287.5389295112837,-10.175584024151375,0.0,CD4_Tcell
314.46994212591125,83.42649686919889,0.0,CD4_Tcell
305.7401625571424,239.233907240722,0.0,CD4_Tcell
267.77100538366426,-163.16051340001204,0.0,CD4_Tcell
314.21673051783665,36.51848186882471,0.0,CD4_Tcell
-294.27955497447505,-38.81047620886602,0.0,CD4_Tcell
215.01944772214406,313.1492223449528,0.0,CD4_Tcell
89.7343716373584,359.7468346702539,0.0,CD4_Tcell
-316.4116911537473,137.9863606064021,0.0,CD4_Tcell
201.0204315997168,-13.733493633335739,0.0,CD4_Tcell
269.53181816857375,290.8561454305053,0.0,CD4_Tcell
233.55108245572194,-261.9772150168336,0.0,CD4_Tcell
247.42799658005217,-314.1540599830853,0.0,CD4_Tcell
-297.47526449355513,15.109739226216345,0.0,CD4_Tcell
265.57911032084985,172.79915637617034,0.0,CD4_Tcell
187.49881408149417,107.63314252120773,0.0,CD4_Tcell
230.48293060879507,243.32679283134343,0.0,CD4_Tcell
-48.903547204604976,-344.09301410421807,0.0,CD4_Tcell
126.77803259543984,370.12952753233185,0.0,CD4_Tcell
213.38096978559346,-262.709109047756,0.0,CD4_Tcell
-136.74675821419524,255.29341291476956,0.0,CD4_Tcell
187.04820469351935,235.510104969141,0.0,CD4_Tcell
-114.78602217210504,214.9352720722497,0.0,CD4_Tcell
-37.12562103814512,245.61848332573214,0.0,CD4_Tcell
-338.41497812199,-52.63987928960374,0.0,CD4_Tcell
-124.70135856177549,-326.70849890256727,0.0,CD4_Tcell
255.41175396018963,179.36518315219791,0.0,CD4_Tcell
333.5834541428859,163.52058100761923,0.0,CD4_Tcell
-319.5341094376751,210.4818198571528,0.0,CD4_Tcell
-213.49432029456867,24.749909495498606,0.0,CD4_Tcell
298.55364561017956,218.68523023979606,0.0,CD4_Tcell
359.19103353615037,-5.457101861176306,0.0,CD4_Tcell
-374.8723545974433,-26.54375289745952,0.0,CD4_Tcell
113.77441444843521,182.836915839186,0.0,CD4_Tcell
-120.02482698902517,306.3097459730586,0.0,CD4_Tcell
149.37522290219886,-308.21071365076745,0.0,CD4_Tcell
-39.292436010369016,276.7538975265231,0.0,CD4_Tcell
-360.8309449139908,53.16672303810167,0.0,CD4_Tcell
-94.159274614496,306.45357031767924,0.0,CD4_Tcell
-253.744535287955,-232.38613838570075,0.0,CD4_Tcell
148.23444529407357,171.75312345072166,0.0,CD4_Tcell
-245.46302689471412,139.38467594121727,0.0,CD4_Tcell
122.36275734930565,-305.7922959928533,0.0,CD4_Tcell
-83.62139908869322,340.9315133404618,0.0,CD4_Tcell
-52.8216862250389,-209.01158594238282,0.0,CD4_Tcell
318.7362353935997,93.72268644666484,0.0,CD4_Tcell
-78.83500646705048,292.6217632504316,0.0,CD4_Tcell
-284.9671265193319,50.57236343716425,0.0,CD4_Tcell
-13.268074705567571,-321.6145037534193,0.0,CD4_Tcell
-229.08348054584746,-300.2974151613679,0.0,CD4_Tcell
-200.26693531758255,67.66679016040749,0.0,CD4_Tcell
100.57628907274702,-280.66396805379145,0.0,CD4_Tcell
-138.2662522655895,-258.00518200227907,0.0,CD4_Tcell
-221.35103070411378,304.09986472130043,0.0,CD4_Tcell
-37.68640934239703,325.84940916935045,0.0,CD4_Tcell
280.9909946349967,15.233056585360304,0.0,CD4_Tcell
222.43999527362615,131.24271014969668,0.0,CD4_Tcell
188.40099745457482,115.97489657396365,0.0,CD4_Tcell
165.5312534384669,-265.01828139186176,0.0,CD4_Tcell
-333.7594870377467,-195.40845203984168,0.0,CD4_Tcell
276.5572668366336,-266.33501088158357,0.0,CD4_Tcell
-236.48112804485632,-116.6238328168636,0.0,CD4_Tcell
-352.1180076162923,151.39572178236986,0.0,CD4_Tcell
137.42309712427775,-353.4768208290214,0.0,CD4_Tcell
-236.16297828757735,-200.50363230447502,0.0,CD4_Tcell
-58.254746715734804,-327.6090364467037,0.0,CD4_Tcell
175.4276241955454,354.3570812643483,0.0,CD4_Tcell
230.00008895316026,-210.46451229760294,0.0,CD4_Tcell
6.201643406596665,-261.57595081754675,0.0,CD4_Tcell
-39.689615544826935,383.42497071574866,0.0,CD4_Tcell
195.02626475111794,48.79797411893304,0.0,CD4_Tcell
238.47572935527748,318.2428761114723,0.0,CD4_Tcell
-364.7440689385,129.79098121710192,0.0,CD4_Tcell
-277.57120106037115,208.0741596430379,0.0,CD4_Tcell
247.62685143093142,-242.83778417533696,0.0,CD4_Tcell
160.14544789762107,-133.964329100765,0.0,CD4_Tcell
-206.18795617084683,197.96063148133751,0.0,CD4_Tcell
-335.85655583646326,26.68165866508551,0.0,CD4_Tcell
226.1532232552162,-195.01556151961725,0.0,CD4_Tcell
61.77763311250017,219.49420116210018,0.0,CD4_Tcell
-233.4908307389506,14.981267793758883,0.0,CD4_Tcell
-289.9826892554089,174.16816252711868,0.0,CD4_Tcell
230.54290265907505,229.22528330009638,0.0,CD4_Tcell
241.79540424830046,117.67435671598341,0.0,CD4_Tcell
-249.78173950622684,73.70018698597977,0.0,CD4_Tcell
-305.675396730054,-4.066022935369254,0.0,CD4_Tcell
-194.13742916354187,-207.07342312710085,0.0,CD4_Tcell
119.9830007729525,242.38653930538823,0.0,CD4_Tcell
96.84942844342964,-192.90767938341583,0.0,CD4_Tcell
193.94991322347454,315.99362913226975,0.0,CD4_Tcell
-63.93239050554471,-228.88367995863317,0.0,CD4_Tcell
-80.86746026098649,-200.70206865651284,0.0,CD4_Tcell
58.96512939695205,-271.7550489931771,0.0,CD4_Tcell
202.348511993554,-163.08100231878976,0.0,CD4_Tcell
-140.56102575388763,217.53267291830812,0.0,CD4_Tcell
-205.91007856819712,46.07496558771755,0.0,CD4_Tcell
-391.18034623400126,-73.45723637126007,0.0,CD4_Tcell
212.29947082278687,333.8549497513235,0.0,CD4_Tcell
-44.607163386750415,275.7482109664947,0.0,CD4_Tcell
275.30650049997655,-276.9708650916007,0.0,CD4_Tcell
-57.933706044836256,-346.398227823922,0.0,CD4_Tcell
-270.61308106824464,25.298726235046434,0.0,CD4_Tcell
-177.43660782988542,-172.30456280274214,0.0,CD4_Tcell
103.53617385585464,323.92680331634415,0.0,CD4_Tcell
-157.87133641861726,-353.79370964936203,0.0,CD4_Tcell
-371.3092640442653,81.35346017437487,0.0,CD4_Tcell
-34.855581768477975,-288.9110005790433,0.0,CD4_Tcell
-246.8455719002031,-139.75639170056536,0.0,CD4_Tcell
-51.031322456676314,241.39300846251962,0.0,CD4_Tcell
13.103808050669034,-236.48544130656845,0.0,CD4_Tcell
-321.88144821981194,-36.749054666719175,0.0,CD4_Tcell
208.88260897775623,-174.97541662683807,0.0,CD4_Tcell
244.9031423362995,302.07648909619263,0.0,CD4_Tcell
300.14220990739847,-184.58724717488653,0.0,CD4_Tcell
-207.50818304834576,44.636061448430276,0.0,CD4_Tcell
244.62728149448793,65.16612527966406,0.0,CD4_Tcell
-149.50197951687957,169.0464646871129,0.0,CD4_Tcell
222.1655334838116,-306.17485077245624,0.0,CD4_Tcell
171.23286287738603,-243.55948500262897,0.0,CD4_Tcell
-175.51858479900807,253.66896486609434,0.0,CD4_Tcell
301.87421324844803,-94.4982715087324,0.0,CD4_Tcell
291.0371402888608,33.208942452798446,0.0,CD4_Tcell
-106.76897882624016,-328.7627056400488,0.0,CD4_Tcell
-59.21275586932101,283.9240628640784,0.0,CD4_Tcell
-145.10675548557523,366.9412501807387,0.0,CD4_Tcell
14.570359638250855,386.6254726123629,0.0,CD4_Tcell
158.03916276665723,356.93197925339933,0.0,CD4_Tcell
302.00738615637874,-40.53933786726628,0.0,CD4_Tcell
-183.27313580897942,235.25052818304437,0.0,CD4_Tcell
-173.67298410953327,235.98075823203564,0.0,CD4_Tcell
210.39921011006612,314.37333526341126,0.0,CD4_Tcell
47.461619110544056,-207.86063949061915,0.0,CD4_Tcell
-278.8847400474196,167.20761459236027,0.0,CD4_Tcell
-17.294051283518115,354.43959979201975,0.0,CD4_Tcell
-306.26061148144373,-234.50871467423158,0.0,CD4_Tcell
271.31463271348787,-19.071231428042605,0.0,CD4_Tcell
174.3395634369998,257.75700092932414,0.0,CD4_Tcell
10.922503752822692,-319.48340980698543,0.0,CD4_Tcell
362.5524812903874,52.810818750922884,0.0,CD4_Tcell
-103.79584845625538,220.643774019083,0.0,CD4_Tcell
260.1390777366437,-186.09894313388875,0.0,CD4_Tcell
293.7613042251344,17.330052597730422,0.0,CD4_Tcell
-5.117407839137743,-283.9567316048489,0.0,CD4_Tcell
-136.79457677854103,-214.84128317500281,0.0,CD4_Tcell
-85.38918029275685,-198.15670624092445,0.0,CD4_Tcell
253.66966170520948,210.45279155877768,0.0,CD4_Tcell
-197.3182174436632,318.5306033994503,0.0,CD4_Tcell
-166.68059325103087,120.08242660622219,0.0,CD4_Tcell
107.29942464112384,221.34740927026732,0.0,CD4_Tcell
318.9867034182385,-122.45580836779196,0.0,CD4_Tcell
-180.06423866586164,328.3570469751573,0.0,CD4_Tcell
-116.74047166490216,234.4213792818485,0.0,CD4_Tcell
-269.25038915077056,267.03444753655623,0.0,CD4_Tcell
232.80002887842923,264.60697789616074,0.0,CD4_Tcell
342.4875591655835,-95.7705913176816,0.0,CD4_Tcell
-135.97134017119987,-324.21953837146896,0.0,CD4_Tcell
-169.87715056146305,-131.60385869726895,0.0,CD4_Tcell
-229.04709487859384,-323.7912272628091,0.0,CD4_Tcell
-368.0100283116172,138.65159682684276,0.0,CD4_Tcell
288.3888022143133,250.57817444646648,0.0,CD4_Tcell
62.36101684390986,-339.7709108280842,0.0,CD4_Tcell
-250.31886287903595,-97.36812343744481,0.0,CD4_Tcell
-226.5017887932521,57.55424720337343,0.0,CD4_Tcell
-260.7688861927557,-248.44574509915526,0.0,CD4_Tcell
304.3886868509174,166.41806902493573,0.0,CD4_Tcell
270.08079689527733,78.46517507872908,0.0,CD4_Tcell
-172.17387328316454,-142.3117873519069,0.0,CD4_Tcell
274.8828393114696,283.1647282157221,0.0,CD4_Tcell
-280.0733133004518,106.41484036170067,0.0,CD4_Tcell
-87.62986767725465,179.78134635975107,0.0,CD4_Tcell
113.7091678872547,270.8307107911401,0.0,CD4_Tcell
259.2542309535764,-254.6423427033608,0.0,CD4_Tcell
83.41143274377909,-313.0465912442214,0.0,CD4_Tcell
0.12890460222530703,210.7099341718825,0.0,CD4_Tcell
-175.47221578281125,230.84576413838923,0.0,CD4_Tcell
330.3731374468536,-164.29092023481365,0.0,CD4_Tcell
-198.7705189336424,274.3242335682056,0.0,CD4_Tcell
-264.7600241943235,283.01488507621764,0.0,CD4_Tcell
-118.27366097530799,268.0652207385584,0.0,CD4_Tcell
-128.7435963812685,-362.5528757415405,0.0,CD4_Tcell
263.49382180249154,-218.56477242789475,0.0,CD4_Tcell
274.82901743104054,127.74717658995937,0.0,CD4_Tcell
39.51018774410082,-381.3067111603755,0.0,CD4_Tcell
-138.76193030826244,-294.6272173328416,0.0,CD4_Tcell
366.36944697482437,16.509055700718545,0.0,CD4_Tcell
122.18916821965695,-270.80563111968496,0.0,CD4_Tcell
-222.67567123731746,177.24904493710906,0.0,CD4_Tcell
204.05655125318498,-122.43927762728421,0.0,CD4_Tcell
326.4818358855222,-66.00307493412424,0.0,CD4_Tcell
18.58125329246625,338.5524270568202,0.0,CD4_Tcell
95.57994610748442,-240.70841035337756,0.0,CD4_Tcell
20.17316194800585,259.21418873360267,0.0,CD4_Tcell
-86.50231193307275,-370.83270400650156,0.0,CD4_Tcell
-69.08560567408391,-195.35411971525764,0.0,CD4_Tcell
-321.1833941256797,142.4124067855485,0.0,CD4_Tcell
232.216379291875,45.52052559433668,0.0,CD4_Tcell
-201.2926048861601,-78.68184257209433,0.0,CD4_Tcell
-175.19829688341503,215.9510228646677,0.0,CD4_Tcell
327.7010005451658,-219.8781477984636,0.0,CD4_Tcell
220.89240332913442,254.30490772577622,0.0,CD4_Tcell
282.5973827741614,87.72280873052995,0.0,CD4_Tcell
-186.85657665952925,312.44289807101734,0.0,CD4_Tcell
49.8033597904475,-241.77372324437582,0.0,CD4_Tcell
-158.8698236740562,188.0261158161823,0.0,CD4_Tcell
-250.94978642563385,-16.306453078345758,0.0,CD4_Tcell
-290.8752422877558,14.59694785072305,0.0,CD4_Tcell
364.3913780736236,164.8865092613376,0.0,CD4_Tcell
-348.65467295149335,-99.70985152991582,0.0,CD4_Tcell
47.14992552471777,-280.9616849090218,0.0,CD4_Tcell
43.43550975168466,231.21631967985576,0.0,CD4_Tcell
4.941641028412627,271.19154076342664,0.0,CD4_Tcell
68.9633068139001,-309.9742098336885,0.0,CD4_Tcell
260.91953736426103,-47.617554583205326,0.0,CD4_Tcell
-290.0897720825964,-227.7502449769012,0.0,CD4_Tcell
109.08492343809122,-260.39648748907393,0.0,CD4_Tcell
-227.90018598370705,48.477669013674124,0.0,CD4_Tcell
-309.8735319846827,140.4378555180509,0.0,CD4_Tcell
-231.11138081010498,-237.71063582334003,0.0,CD4_Tcell
100.6953309784612,213.97036728780603,0.0,CD4_Tcell
208.26221456816523,-32.14846614469922,0.0,CD4_Tcell
-310.31052124381193,0.41227013447525235,0.0,CD4_Tcell
-329.4964791647185,194.47094092181578,0.0,CD4_Tcell
-257.29805549732424,-302.96023254896886,0.0,CD4_Tcell
200.5775596352748,54.42774993890572,0.0,CD4_Tcell
-55.24751327770214,315.81550371373885,0.0,CD4_Tcell
93.61317006984582,-223.91476669244497,0.0,CD4_Tcell
-174.4234494958143,302.1626111404563,0.0,CD4_Tcell
-63.51197772704441,256.43259026211416,0.0,CD4_Tcell
264.1454072375488,-225.1096640583809,0.0,CD4_Tcell
352.93349905573564,-178.55921872109744,0.0,CD4_Tcell
-262.2745986014554,-238.05780570564477,0.0,CD4_Tcell
-315.20700103889897,117.0047871705074,0.0,CD4_Tcell
-281.243733447156,167.98846531834408,0.0,CD4_Tcell
-297.46200468425474,-35.79799293961361,0.0,CD4_Tcell
-252.64900218947375,97.62743438383832,0.0,CD4_Tcell
-380.8255174483007,119.79936380941992,0.0,CD4_Tcell
65.22062931110887,315.8679639678823,0.0,CD4_Tcell
-101.77423714177574,-245.00998178974558,0.0,CD4_Tcell
185.58419355082125,-158.25450718950032,0.0,CD4_Tcell
-17.90287186242153,308.13074595250526,0.0,CD4_Tcell
206.01954955446632,278.59058247840824,0.0,CD4_Tcell
-336.68638851842724,-100.96877744067433,0.0,CD4_Tcell
174.15348018020345,328.1918987501403,0.0,CD4_Tcell
125.40539020916903,-274.0005420757453,0.0,CD4_Tcell
8.559087478369998,237.351707750421,0.0,CD4_Tcell
-85.41183657887116,357.95632010760653,0.0,CD4_Tcell
-279.2484232192082,-130.65811577966983,0.0,CD4_Tcell
-286.6683978810628,-235.40769080078465,0.0,CD4_Tcell
-230.2342587987893,-243.14155400096763,0.0,CD4_Tcell
-392.37777471328974,1.1387345947533458,0.0,CD4_Tcell
-99.10554998301976,-258.77709452013687,0.0,CD4_Tcell
-277.9466865223849,-38.79028438418391,0.0,CD4_Tcell
54.05412878910452,-231.46944652163634,0.0,CD4_Tcell
-387.42051597748025,-52.922410841630295,0.0,CD4_Tcell
-140.58100715569302,245.797892970352,0.0,CD4_Tcell
-172.7251207326643,-145.72553820481528,0.0,CD4_Tcell
-2.1237666434088407,260.21354281260017,0.0,CD4_Tcell
-196.18302872746898,151.40736706264934,0.0,CD4_Tcell
213.752787707796,241.63039329877228,0.0,CD4_Tcell
-223.68429872218962,325.6750818987701,0.0,CD4_Tcell
215.06194221361284,-236.23791793687087,0.0,CD4_Tcell
317.2794035622176,-208.22593847027164,0.0,CD4_Tcell
292.4788994448968,191.51503112142913,0.0,CD4_Tcell
305.19691441635774,212.1894210000857,0.0,CD4_Tcell
308.24887843765157,-240.86392564793192,0.0,CD4_Tcell
19.468259132603194,390.98454875737934,0.0,CD4_Tcell
-57.27138101431659,-303.94482947505986,0.0,CD4_Tcell
333.68591865945456,90.2960048804435,0.0,CD4_Tcell
-188.58658393161787,89.94488394289264,0.0,CD4_Tcell
-381.8366263747077,7.390296253724366,0.0,CD4_Tcell
-150.39568987417525,206.27775173303374,0.0,CD4_Tcell
141.31286018567587,278.2414524950856,0.0,CD4_Tcell
318.0699466056933,133.14377716039291,0.0,CD4_Tcell
208.27437431894643,70.72817582844398,0.0,CD4_Tcell
99.55182473910958,256.34934034834697,0.0,CD4_Tcell
204.65249445009283,-190.63159887297869,0.0,CD4_Tcell
28.520492627474106,-384.17519063344963,0.0,CD4_Tcell
266.29572389563407,147.5562804594297,0.0,CD4_Tcell
15.31359136072664,-316.63771503674565,0.0,CD4_Tcell
246.3424723874426,162.32739604190309,0.0,CD4_Tcell
-324.3340454806217,-125.30670696991783,0.0,CD4_Tcell
153.49538020367814,131.8587017633774,0.0,CD4_Tcell
-232.0822439939316,85.4420338246499,0.0,CD4_Tcell
-273.0347422378615,-84.2435928386587,0.0,CD4_Tcell
-284.46031412228814,-183.2276917685928,0.0,CD4_Tcell
-143.63016402395218,-223.28086054984604,0.0,CD4_Tcell
151.4348829443406,-223.39371182533708,0.0,CD4_Tcell
297.62637008312856,172.56781618724884,0.0,CD4_Tcell
-266.92694578556143,90.65052009455393,0.0,CD4_Tcell
77.69841747188073,219.01876735505954,0.0,CD4_Tcell
-50.852936031744534,-347.0849120688089,0.0,CD4_Tcell
241.94373697533,110.15907817245822,0.0,CD4_Tcell
-252.08297051109687,-122.46965511406377,0.0,CD4_Tcell
-329.5378765761407,140.75717886466788,0.0,CD4_Tcell
23.54945119531647,387.4578666388495,0.0,CD4_Tcell
181.8750240099537,-87.9132262536719,0.0,CD4_Tcell
-371.24286423308206,98.90348912438478,0.0,CD4_Tcell
143.53257622056253,156.35471837158104,0.0,CD4_Tcell
-183.40764107119773,143.22984047211958,0.0,CD4_Tcell
-28.32931138204049,282.6794612742089,0.0,CD4_Tcell
290.31355263186146,159.20471671941374,0.0,CD4_Tcell
-172.2964456385609,358.4678834833472,0.0,CD4_Tcell
225.62078610467117,-121.17152303340866,0.0,CD4_Tcell
-238.37512236454612,133.80899344668416,0.0,CD4_Tcell
326.5689228260704,62.17730537365277,0.0,CD4_Tcell
-253.251920297605,-141.4929883727181,0.0,CD4_Tcell
-338.14683762971146,48.728411107842426,0.0,CD4_Tcell
-121.06211362808087,376.96372377870125,0.0,CD4_Tcell
98.92017291923176,363.83222051460695,0.0,CD4_Tcell
110.58772835855498,-317.96611158239176,0.0,CD4_Tcell
61.69983983416434,-242.28351401678762,0.0,CD4_Tcell
271.20902755802314,25.7588288822292,0.0,CD4_Tcell
353.1771376204671,135.7201659303473,0.0,CD4_Tcell
9.265782339088046,244.23470096783367,0.0,CD4_Tcell
-257.74699256868195,254.55416388605673,0.0,CD4_Tcell
115.10157743468477,-306.6613219657641,0.0,CD4_Tcell
-116.29516390120769,371.3966563271539,0.0,CD4_Tcell
121.84038986639528,-374.49024150954733,0.0,CD4_Tcell
-250.82058675970094,-200.49391892478212,0.0,CD4_Tcell
323.4699845446992,-53.84288643200047,0.0,CD4_Tcell
-150.5225936769446,249.77558932743625,0.0,CD4_Tcell
332.63505581654283,53.23393614522062,0.0,CD4_Tcell
257.6176067468751,-73.6844672535014,0.0,CD4_Tcell
-366.0874223752927,150.50620733205372,0.0,CD4_Tcell
54.63023153975058,209.29431816698258,0.0,CD4_Tcell
179.40561431832478,307.1244838374934,0.0,CD4_Tcell
-84.04389170541535,-260.15258021591814,0.0,CD4_Tcell
-261.1187956414441,-302.68295750915024,0.0,CD4_Tcell
-259.013671610683,-129.6773533388651,0.0,CD4_Tcell
-217.18647664536203,-117.56367415398816,0.0,CD4_Tcell
72.61448723411542,323.2390145032697,0.0,CD4_Tcell
-251.62509570951454,284.95154144500424,0.0,CD4_Tcell
86.0767886313864,247.34129967639942,0.0,CD4_Tcell
189.71845936385895,-124.34504449557174,0.0,CD4_Tcell
-95.83859017743194,-321.64682533667883,0.0,CD8_Tcell
242.11672757306292,102.28897639599681,0.0,CD8_Tcell
-223.5587059199445,195.9450956583509,0.0,CD8_Tcell
-43.38421797117024,339.772961249099,0.0,CD8_Tcell
-14.347580916668063,-346.6082046190186,0.0,CD8_Tcell
-270.3285205533699,-20.212634824164972,0.0,CD8_Tcell
199.17271109271599,239.15040846441875,0.0,CD8_Tcell
-317.87944719025955,-31.598186834199726,0.0,CD8_Tcell
-360.97757903128786,152.3684652842569,0.0,CD8_Tcell
171.23050442853003,-265.54692746864663,0.0,CD8_Tcell
-223.78282566549373,-125.0826907832514,0.0,CD8_Tcell
241.3362165331803,118.97038673449039,0.0,CD8_Tcell
385.83947408483635,31.95809667655472,0.0,CD8_Tcell
-305.6849720140822,-148.58336891157248,0.0,CD8_Tcell
-39.33792726795773,349.64829271824,0.0,CD8_Tcell
34.87091237724147,-327.1632971342785,0.0,CD8_Tcell
189.41570811038906,188.403573371634,0.0,CD8_Tcell
-196.38293792424304,191.70021955801437,0.0,CD8_Tcell
307.62061165169916,48.46264417679179,0.0,CD8_Tcell
183.11832570756746,-118.96335500686459,0.0,CD8_Tcell
207.38255538581186,320.5190792880906,0.0,CD8_Tcell
211.76173555643282,-124.05731289655888,0.0,CD8_Tcell
-118.49396003821091,-352.0362879304483,0.0,CD8_Tcell
277.2702372786392,88.86032682731098,0.0,CD8_Tcell
-10.93121280451347,-266.5410772531773,0.0,CD8_Tcell
-109.3430936869951,-188.54192395880878,0.0,CD8_Tcell
158.54232773486464,319.89215496370514,0.0,CD8_Tcell
-211.45358244511021,-249.95777583694758,0.0,CD8_Tcell
13.04252631259419,251.0365779882945,0.0,CD8_Tcell
-323.3276779736574,-64.40440498609584,0.0,CD8_Tcell
325.6307332755388,-80.37192037904259,0.0,CD8_Tcell
106.59832404934052,-221.42603960133374,0.0,CD8_Tcell
-36.86931320037615,-219.440877435832,0.0,CD8_Tcell
-264.26569139930905,-202.43038032169792,0.0,CD8_Tcell
104.29485602970203,376.8304450115619,0.0,CD8_Tcell
83.45946007999001,359.1176696306188,0.0,CD8_Tcell
43.979763311099376,370.20368628297973,0.0,CD8_Tcell
180.61446252385701,-203.57820712092854,0.0,CD8_Tcell
65.30068373875984,-224.032986620828,0.0,CD8_Tcell
168.5472923331194,-109.79379047451651,0.0,CD8_Tcell
-354.31067746106925,112.33831627978618,0.0,CD8_Tcell
-266.999403664582,-167.08746073918567,0.0,CD8_Tcell
-253.16031069999974,291.741611998089,0.0,CD8_Tcell
-57.166801232935384,265.10284477682416,0.0,CD8_Tcell
283.7917917068428,262.9425438056955,0.0,CD8_Tcell
-328.68814037300353,-168.55717860848182,0.0,CD8_Tcell
127.1501264370386,296.7177373102971,0.0,CD8_Tcell
-102.87460680863872,-193.00864568062656,0.0,CD8_Tcell
-365.47901178594606,-78.32839303109009,0.0,CD8_Tcell
3.8987488961804,305.07946677253676,0.0,CD8_Tcell
178.71767846461975,-188.16041252121826,0.0,CD8_Tcell
-292.8893382482106,-181.25516961247465,0.0,CD8_Tcell
276.67568450625856,-258.56199936572943,0.0,CD8_Tcell
-139.01547611683102,273.82796472288794,0.0,CD8_Tcell
-386.1502815697265,-44.03210662251937,0.0,CD8_Tcell
-220.8092134571276,170.28006390865053,0.0,CD8_Tcell
215.61680696656668,-125.7808266890145,0.0,CD8_Tcell
-225.4479106456843,279.95890445283794,0.0,CD8_Tcell
-336.7553783373614,-70.01771763170252,0.0,CD8_Tcell
83.20829418416766,-188.6387795988162,0.0,CD8_Tcell
198.85384974269638,-51.48113533730675,0.0,CD8_Tcell
-129.96671801681117,-292.8452062714862,0.0,CD8_Tcell
244.25170193973346,61.73238651743302,0.0,CD8_Tcell
350.23865890043743,-104.32600724558665,0.0,CD8_Tcell
298.748412974569,91.7556588182206,0.0,CD8_Tcell
-51.57135210247137,-276.5725643385604,0.0,CD8_Tcell
60.86356764195369,-299.34876292959683,0.0,CD8_Tcell
141.8511880106586,-310.7934392758826,0.0,CD8_Tcell
218.80803940094714,173.34722667522618,0.0,CD8_Tcell
-284.8382273940216,-77.02022442790732,0.0,CD8_Tcell
209.42486310373917,264.83024841898185,0.0,CD8_Tcell
-176.29725062331536,-358.5919374068267,0.0,CD8_Tcell
-248.59163152069974,-240.27128715698325,0.0,CD8_Tcell
348.11979308901715,-63.2438376244378,0.0,CD8_Tcell
194.09852022597326,80.17797355557104,0.0,CD8_Tcell
292.7128975120663,210.48620701629528,0.0,CD8_Tcell
46.12124306631695,-233.02606990597707,0.0,CD8_Tcell
107.1295163978529,332.4588030793012,0.0,CD8_Tcell
-293.92222872425174,-114.53393043273056,0.0,CD8_Tcell
173.39379715541833,-185.93248109584914,0.0,CD8_Tcell
87.73738314308048,-326.26182413253997,0.0,CD8_Tcell
95.4197782084137,266.6314524224088,0.0,CD8_Tcell
26.447529160474655,-229.6257742028825,0.0,CD8_Tcell
-338.3726655035194,206.76508441277625,0.0,CD8_Tcell
-269.5800779531171,16.436064964545768,0.0,CD8_Tcell
238.57509476288516,-228.1722651998363,0.0,CD8_Tcell
98.63259063417861,-201.08994085320919,0.0,CD8_Tcell
39.048085576463855,-314.47255428615034,0.0,CD8_Tcell
-301.1945578001458,-112.11527133978667,0.0,CD8_Tcell
33.425412051834975,390.8362971726982,0.0,CD8_Tcell
-205.36153908103236,289.00569979827634,0.0,CD8_Tcell
230.49017740837098,202.74644943827948,0.0,CD8_Tcell
263.12074388623125,39.978944100551594,0.0,CD8_Tcell
63.99839147395523,-308.87243346630123,0.0,CD8_Tcell
211.49576295482476,239.09412279937052,0.0,CD8_Tcell
-319.78254882316213,66.26722120081185,0.0,CD8_Tcell
-58.89519989906579,281.90278682347383,0.0,CD8_Tcell
0.988081373326895,221.6283131149168,0.0,CD8_Tcell
-310.26758835317105,-216.82738062194264,0.0,CD8_Tcell
-239.53494636230053,-239.3200328110882,0.0,CD8_Tcell
-94.03857086600297,-301.89954390323436,0.0,CD8_Tcell
-280.30080357933696,-133.21974176875415,0.0,CD8_Tcell
276.8724269516964,-9.61771570648708,0.0,CD8_Tcell
-154.77985638955744,-212.871843572932,0.0,CD8_Tcell
-186.87259004896106,89.78082503757243,0.0,CD8_Tcell
203.11925856565531,-321.62004218448465,0.0,CD8_Tcell
96.31831700099072,-287.31065899508036,0.0,CD8_Tcell
-274.2240349825729,-224.34877876544755,0.0,CD8_Tcell
-339.75137290854013,-176.74750640811405,0.0,CD8_Tcell
204.92645062195115,-205.80200982846134,0.0,CD8_Tcell
247.7785067400292,303.4914374811265,0.0,CD8_Tcell
-337.33329706464593,-121.39751516713406,0.0,CD8_Tcell
169.71795360318927,164.65405231900246,0.0,CD8_Tcell
-372.562039364582,-86.25676275784618,0.0,CD8_Tcell
-125.23922018690963,254.85280703606577,0.0,CD8_Tcell
-301.8965673737163,208.8376120415263,0.0,CD8_Tcell
102.46569612684668,-215.98383540333467,0.0,CD8_Tcell
-176.19693055499752,-140.2954486626672,0.0,CD8_Tcell
-294.3091409923581,-214.2394614862784,0.0,CD8_Tcell
-137.06168167882086,-294.68495971823177,0.0,CD8_Tcell
-113.13126332060868,-353.65439675095797,0.0,CD8_Tcell
313.52111748843754,224.06174296209306,0.0,CD8_Tcell
-80.30569704113161,-251.84012454087159,0.0,CD8_Tcell
-81.74406288805167,314.99861875238133,0.0,CD8_Tcell
-11.00358096114189,-256.15486503928963,0.0,CD8_Tcell
-69.81130057153663,295.87660362400976,0.0,CD8_Tcell
126.12314639402878,-247.28276505694612,0.0,CD8_Tcell
73.26944247532197,-279.39696706986973,0.0,CD8_Tcell
-320.80581148747245,91.24328044591226,0.0,CD8_Tcell
-136.6474271328737,-338.52569013571485,0.0,CD8_Tcell
-240.99218483204152,265.38996234802494,0.0,CD8_Tcell
-9.220583864225166,378.22867497732784,0.0,CD8_Tcell
327.585380701632,205.2362141355986,0.0,CD8_Tcell
152.2560807702823,-339.01703598474415,0.0,CD8_Tcell
-130.45467511496958,-153.61873687208413,0.0,CD8_Tcell
309.2185740133261,-225.47287330031244,0.0,CD8_Tcell
4.344729199832411,308.91717436772717,0.0,CD8_Tcell
194.0400762295361,327.69090475189427,0.0,CD8_Tcell
183.02326555617466,221.6460577439724,0.0,CD8_Tcell
317.3652028564507,223.44237908117233,0.0,CD8_Tcell
-46.8948688838104,335.1680219061906,0.0,CD8_Tcell
379.1734101461888,-30.293720703019805,0.0,CD8_Tcell
-296.1581038184845,162.5046466077248,0.0,CD8_Tcell
181.13564796900536,103.60954611294007,0.0,CD8_Tcell
282.95057933276036,7.214646002462363,0.0,CD8_Tcell
303.3896067165107,-192.05772856813027,0.0,CD8_Tcell
-88.73447673614712,-337.65072948267135,0.0,CD8_Tcell
236.1519076653227,273.1610773602475,0.0,CD8_Tcell
243.55835475646984,306.07201546908817,0.0,CD8_Tcell
263.89201775529995,-178.0151427627125,0.0,CD8_Tcell
-95.1205877008565,-280.6722755233908,0.0,CD8_Tcell
194.51484257176372,-340.676393125043,0.0,CD8_Tcell
-222.53421941078665,242.50302495899808,0.0,CD8_Tcell
-86.69134764815361,-328.568998708492,0.0,CD8_Tcell
376.40210414256103,131.30355981797925,0.0,CD8_Tcell
140.4847219944586,237.08661173706312,0.0,CD8_Tcell
219.97510299939114,-245.5026192447962,0.0,CD8_Tcell
-148.18544544032468,-284.461076903796,0.0,CD8_Tcell
-256.69133667413195,301.1056501008504,0.0,CD8_Tcell
-220.30182828913865,229.33987317596672,0.0,CD8_Tcell
-116.15483394303226,364.61729970768243,0.0,CD8_Tcell
122.7591853208802,291.3309393689581,0.0,CD8_Tcell
-297.55687547514276,43.92759722262778,0.0,CD8_Tcell
-207.7818713542197,114.07610774260131,0.0,CD8_Tcell
-250.98878815372032,128.04044611672956,0.0,CD8_Tcell
385.94126334500197,75.5339280337986,0.0,CD8_Tcell
-394.02288987260465,44.97987493123581,0.0,CD8_Tcell
176.83024083058203,-128.7452384978116,0.0,CD8_Tcell
187.40819739776833,167.53328216784118,0.0,CD8_Tcell
165.3504353616625,-291.9559530840006,0.0,CD8_Tcell
62.89922849994026,301.41679341372947,0.0,CD8_Tcell
236.42446857972672,95.41427557845114,0.0,CD8_Tcell
109.5067282426494,-282.81035745288153,0.0,CD8_Tcell
200.62116308540402,15.153388944458156,0.0,CD8_Tcell
4.2223871019150225,272.0901552519326,0.0,CD8_Tcell
-252.50203225084735,57.52428678395402,0.0,CD8_Tcell
-77.42684798201991,-368.7989757349064,0.0,CD8_Tcell
-111.88808889409364,-278.7406779705043,0.0,CD8_Tcell
327.0807672603561,-188.64398739351083,0.0,CD8_Tcell
-376.74103539155516,54.548702126054515,0.0,CD8_Tcell
-271.3763942373471,243.9906527113094,0.0,CD8_Tcell
-53.845887565215094,-194.4549720399433,0.0,CD8_Tcell
123.28002701079409,-314.4612099538774,0.0,CD8_Tcell
194.27557657958835,-345.18542918490135,0.0,CD8_Tcell
3.639440485525096,318.7461665482661,0.0,CD8_Tcell
61.294685072870976,-258.2144496217876,0.0,CD8_Tcell
190.4499316272348,-296.9026141795648,0.0,CD8_Tcell
220.79391666934015,-307.52914113367297,0.0,CD8_Tcell
351.38568930132294,-80.42318578117586,0.0,CD8_Tcell
154.45961527752166,-223.41834118299653,0.0,CD8_Tcell
-57.792770170397205,382.90256110189904,0.0,CD8_Tcell
-397.7929180940383,-28.68485177016134,0.0,CD8_Tcell
-203.20154082205917,-213.43536961749598,0.0,CD8_Tcell
-74.25726788984828,-302.69513335733905,0.0,CD8_Tcell
-163.45203200479477,-279.5414334138603,0.0,CD8_Tcell
188.94216142450844,-208.0530622050726,0.0,CD8_Tcell
-174.54796775535516,307.84058378971923,0.0,CD8_Tcell
318.03912115528607,139.96750684586632,0.0,CD8_Tcell
37.63818696177547,-309.21411336091467,0.0,CD8_Tcell
-46.488851402067155,344.000600907954,0.0,CD8_Tcell
-200.1647498323083,-249.71627045953295,0.0,CD8_Tcell
360.2351177820523,-91.40020706094367,0.0,CD8_Tcell
358.2278664064859,-0.6356260151981511,0.0,CD8_Tcell
-209.88648508126946,-8.822780637359132,0.0,CD8_Tcell
343.719995300794,169.13614213080461,0.0,CD8_Tcell
96.16735070298192,185.7998835355539,0.0,CD8_Tcell
-279.30397423060504,253.94965309922753,0.0,CD8_Tcell
256.3263253201049,-196.53356662965302,0.0,CD8_Tcell
-309.5939372290192,-59.85809750434795,0.0,CD8_Tcell
276.0786036323457,237.69824743224282,0.0,CD8_Tcell
103.7999633354618,385.8314203382331,0.0,CD8_Tcell
-65.66187330362533,-189.6083691984439,0.0,CD8_Tcell
-237.53859294657858,113.05680601843463,0.0,CD8_Tcell
-235.53405084851966,-161.9705144530582,0.0,CD8_Tcell
342.4787774464859,-29.272064360440393,0.0,CD8_Tcell
-182.82521376518238,170.7542014776577,0.0,CD8_Tcell
-92.01117190695146,345.8898884974428,0.0,CD8_Tcell
90.31388712380563,-335.6637349298051,0.0,CD8_Tcell
-56.33022569117775,-209.15073765789927,0.0,CD8_Tcell
-103.22283332437479,-272.94452737880914,0.0,CD8_Tcell
335.5840235352196,213.65093782143703,0.0,CD8_Tcell
200.07425698790897,45.540020952462264,0.0,CD8_Tcell
56.419499853981975,-274.49962864796356,0.0,CD8_Tcell
41.80344998139953,339.63805774037985,0.0,CD8_Tcell
-172.5716851332932,-243.37289845172788,0.0,CD8_Tcell
66.6061842928329,-317.97787977176887,0.0,CD8_Tcell
27.683780093895944,-381.0082907447826,0.0,CD8_Tcell
-61.985106802241894,328.13888741305664,0.0,CD8_Tcell
96.21861282110869,354.9707522918818,0.0,CD8_Tcell
-139.05333990518074,-208.02396082037487,0.0,CD8_Tcell
-150.184079322786,143.3141596744393,0.0,CD8_Tcell
238.8748209575202,230.88827000790005,0.0,CD8_Tcell
-285.56446447076235,130.351494096026,0.0,CD8_Tcell
363.64478071567606,-162.5423773712265,0.0,CD8_Tcell
134.00274636345506,-332.8836958544962,0.0,CD8_Tcell
267.81884001040714,234.13687814256616,0.0,CD8_Tcell
-199.20001721614076,70.58978375770867,0.0,CD8_Tcell
-187.79957391847046,-218.68881426487198,0.0,CD8_Tcell
227.11323419798686,7.200075384416652,0.0,CD8_Tcell
92.66290641562861,-387.05069957818154,0.0,CD8_Tcell
-254.53179563263708,-209.51905021664408,0.0,CD8_Tcell
-192.14195799082344,270.1608977821438,0.0,CD8_Tcell
-38.12500845013252,260.64800902536996,0.0,CD8_Tcell
-160.93857039676132,-220.31514984391643,0.0,CD8_Tcell
-395.0616924726511,48.2004365667328,0.0,CD8_Tcell
218.10807089877173,235.11498599100685,0.0,CD8_Tcell
-75.46176403664496,329.8075504739437,0.0,CD8_Tcell
302.01560297673035,-193.75523345457535,0.0,CD8_Tcell
-166.52030243362512,-235.01675223415683,0.0,CD8_Tcell
-201.17337088665144,-181.2691450693652,0.0,CD8_Tcell
-258.6860975021312,-177.7050677982578,0.0,CD8_Tcell
65.51711214842462,-221.77286387130843,0.0,CD8_Tcell
-183.84993757375506,123.34959320567917,0.0,CD8_Tcell
102.8948930931992,-310.89595166114486,0.0,CD8_Tcell
-237.62350999025648,-75.90727310610009,0.0,CD8_Tcell
329.5155353798344,75.94975203866412,0.0,CD8_Tcell
-376.6647135834532,89.21784615390324,0.0,CD8_Tcell
-136.0329087582174,164.02181038056125,0.0,CD8_Tcell
-170.36472962564127,-216.62821446504188,0.0,CD8_Tcell
-58.06610689118337,-392.03412545109813,0.0,CD8_Tcell
211.6057671814878,-153.5629088245635,0.0,CD8_Tcell
22.191217759665996,-280.36840036968414,0.0,CD8_Tcell
-248.28185684997715,148.28249329225147,0.0,CD8_Tcell
-105.78849592263967,255.06745352055205,0.0,CD8_Tcell
-80.30261665996349,356.0444905354984,0.0,CD8_Tcell
127.59886357529726,-246.41541594854795,0.0,CD8_Tcell
-244.38904521751053,-27.150732914080486,0.0,CD8_Tcell
-148.5405652639966,295.5685453772005,0.0,CD8_Tcell
-119.02194943348493,-293.0180452509572,0.0,CD8_Tcell
26.18109176970181,398.10456804060766,0.0,CD8_Tcell
244.82495004437868,163.57187229181687,0.0,CD8_Tcell
228.5790110246626,278.9974340524044,0.0,CD8_Tcell
-37.7403334300995,231.57131836025033,0.0,CD8_Tcell
180.60403481172614,91.40994344981024,0.0,CD8_Tcell
-172.6585512871771,239.73698550534556,0.0,CD8_Tcell
-148.0201171397048,272.536388610926,0.0,CD8_Tcell
269.1039725993724,-285.7166371580203,0.0,CD8_Tcell
-191.28398300696693,337.7504132758356,0.0,CD8_Tcell
187.15885877729013,241.56432811707924,0.0,CD8_Tcell
-82.38974546147956,361.6162672015916,0.0,CD8_Tcell
74.6523543468676,-268.3507291987093,0.0,CD8_Tcell
243.3010700700317,4.401711955049159,0.0,CD8_Tcell
-225.7545470490591,-212.88701244532157,0.0,CD8_Tcell
-178.13435872105686,-217.926430854378,0.0,CD8_Tcell
227.51562234676678,-59.808642028675656,0.0,CD8_Tcell
324.39698370154656,170.09204804768672,0.0,CD8_Tcell
24.923577689939673,-322.52062990207656,0.0,CD8_Tcell
95.5848387651863,363.06885076500436,0.0,CD8_Tcell
-42.90808006199676,332.5996702926383,0.0,CD8_Tcell
77.64754497667957,-316.3813246605665,0.0,CD8_Tcell
-141.18516263980646,297.65318978875894,0.0,CD8_Tcell
-61.069747082263156,-267.9980270827889,0.0,CD8_Tcell
150.7018691761279,180.81969388263198,0.0,CD8_Tcell
365.97078679190406,-138.3126772669252,0.0,CD8_Tcell
-251.63401435397205,-66.02058024646746,0.0,CD8_Tcell
331.6190040931671,-220.66301584041406,0.0,CD8_Tcell
61.20408507107581,344.7642297316248,0.0,CD8_Tcell
290.34787457543723,-199.76340300215787,0.0,CD8_Tcell
356.5859387068521,96.55577772570385,0.0,CD8_Tcell
-347.35622758415286,156.82654852684485,0.0,CD8_Tcell
163.67687651277703,-145.97756808195854,0.0,CD8_Tcell
-221.25583744905347,-105.94530648459123,0.0,CD8_Tcell
-168.91456031250956,-185.21585610157805,0.0,CD8_Tcell
201.6042806212771,-63.830493644425204,0.0,CD8_Tcell
180.8090803653889,-253.4101173517314,0.0,CD8_Tcell
-290.8583710700624,76.30357558355846,0.0,CD8_Tcell
368.3496095842814,63.91938109795587,0.0,CD8_Tcell
-103.34488725168306,262.94134445231003,0.0,CD8_Tcell
-321.15798763139685,237.98353391386271,0.0,CD8_Tcell
306.5492586047632,83.98908427481281,0.0,CD8_Tcell
-139.14267283197984,153.72308625394797,0.0,CD8_Tcell
218.39937272042596,56.21222475058041,0.0,CD8_Tcell
-92.33692056697808,218.03845633882972,0.0,CD8_Tcell
73.09253811533796,-355.5671895323227,0.0,CD8_Tcell
-303.9290118518101,21.32211412124847,0.0,CD8_Tcell
-290.34601768177123,-3.0376612240188274,0.0,CD8_Tcell
349.0489694800929,140.4520255162234,0.0,CD8_Tcell
-94.74203710659059,-202.90173498075958,0.0,CD8_Tcell
-247.2417730420022,-34.697264707918286,0.0,CD8_Tcell
-128.25349899604825,-338.30711450470017,0.0,CD8_Tcell
-58.28292585625649,-195.61835762581237,0.0,CD8_Tcell
-158.80739152066832,-263.7257556786083,0.0,CD8_Tcell
306.5117675851715,182.3563861362148,0.0,CD8_Tcell
217.31252230030356,296.34071151323326,0.0,CD8_Tcell
-123.00279569199603,-214.32506272072033,0.0,CD8_Tcell
-118.50893657693287,290.05600978205786,0.0,CD8_Tcell
-80.38200196815272,347.06654872311,0.0,CD8_Tcell
-172.38983367697418,-198.01570059145456,0.0,CD8_Tcell
-302.2860068922121,28.534751452302523,0.0,CD8_Tcell
208.41158103707073,-166.67883811947502,0.0,CD8_Tcell
193.66804330798922,-300.21841690506784,0.0,CD8_Tcell
-75.00739427903765,-199.62080608441676,0.0,CD8_Tcell
-289.96567195441565,43.45439345587953,0.0,CD8_Tcell
32.663961732730094,307.73181227015436,0.0,CD8_Tcell
-276.4458960541343,-224.1345052387347,0.0,CD8_Tcell
-329.6932517260756,82.12490865558381,0.0,CD8_Tcell
-125.56437783116809,248.2637376027923,0.0,CD8_Tcell
-324.2540051156058,11.027413893575584,0.0,CD8_Tcell
90.90457586805442,-289.1657076444026,0.0,CD8_Tcell
-254.01974856855213,-156.47188604974593,0.0,CD8_Tcell
229.10843652366003,21.370485301995885,0.0,CD8_Tcell
-298.0429786057841,-124.706573862113,0.0,CD8_Tcell
210.6539319726748,-37.657131899620936,0.0,CD8_Tcell
344.1653326406552,-190.43981144846921,0.0,CD8_Tcell
96.88436650778686,312.0326078966102,0.0,CD8_Tcell
-230.3541434091645,-217.78755736554692,0.0,CD8_Tcell
-246.8830571446263,-252.36740489757338,0.0,CD8_Tcell
361.53331806825196,-63.82836581948711,0.0,CD8_Tcell
-97.95724290296432,-247.93251442006758,0.0,CD8_Tcell
-145.29699240550178,337.04805797822354,0.0,CD8_Tcell
327.98831663584974,171.3585552477535,0.0,CD8_Tcell
59.488321607510066,-228.90426574525603,0.0,CD8_Tcell
-157.81728175664205,171.6118632374091,0.0,CD8_Tcell
-120.26472866220526,249.96754031903282,0.0,CD8_Tcell
219.55758247298817,-119.929812956001,0.0,CD8_Tcell
84.46183574036314,282.758354539577,0.0,CD8_Tcell
189.43005542927122,-329.1049518477409,0.0,CD8_Tcell
-204.10572287428678,42.528803347016584,0.0,CD8_Tcell
273.53931370886585,67.86193724678718,0.0,CD8_Tcell
-250.03643341026844,-10.811673249124238,0.0,CD8_Tcell
62.79403368296059,-289.4097178411171,0.0,CD8_Tcell
-299.1276455892979,117.78748563337113,0.0,CD8_Tcell
-81.40925413430185,308.4020460238282,0.0,CD8_Tcell
290.8235380619732,-87.07093710983249,0.0,CD8_Tcell
-370.2777184103126,-25.381420456208005,0.0,CD8_Tcell
-361.48521841356484,-73.3345394132494,0.0,CD8_Tcell
74.83892447608262,-249.47017663318084,0.0,CD8_Tcell
186.00363128550154,251.98010156552684,0.0,CD8_Tcell
172.6562119265908,-354.32809680916256,0.0,CD8_Tcell
234.62075409950802,230.29717281423981,0.0,CD8_Tcell
1.2338482819731345,203.39180922976703,0.0,CD8_Tcell
268.4500530615789,-48.84668131926957,0.0,CD8_Tcell
-65.48621741233656,-278.95616933940295,0.0,CD8_Tcell
-46.55754056400408,-339.2504218097224,0.0,CD8_Tcell
-171.23601654582768,-286.9239573626149,0.0,CD8_Tcell
-81.68519941134709,-380.65562437548294,0.0,CD8_Tcell
-83.05997803783082,-217.44253873070366,0.0,CD8_Tcell
-183.40352173673307,-352.024928674632,0.0,CD8_Tcell
383.92086971455547,43.860198497783166,0.0,CD8_Tcell
383.17542697052653,-23.795907383294068,0.0,CD8_Tcell
-229.00851229885942,310.217515256606,0.0,CD8_Tcell
-98.40187513675889,280.4703070561794,0.0,CD8_Tcell
302.9917216083617,32.653447083498094,0.0,CD8_Tcell
24.454786395984588,-279.5386785490183,0.0,CD8_Tcell
-64.12078363738308,298.29938470745674,0.0,CD8_Tcell
-41.441233531213584,295.22209894895065,0.0,CD8_Tcell
240.44496151051112,156.54845902054487,0.0,CD8_Tcell
-280.66905155265954,240.29537429373994,0.0,CD8_Tcell
324.5169159542518,134.3129522858914,0.0,CD8_Tcell
246.74072591680238,-233.84114973209975,0.0,CD8_Tcell
-361.46647441264963,101.3180446750829,0.0,CD8_Tcell
-352.557917479966,101.68446573442023,0.0,CD8_Tcell
252.5347232246792,-101.46103662156607,0.0,CD8_Tcell
211.80226616110895,153.14001742900552,0.0,CD8_Tcell
-276.69689721126946,139.90487555434302,0.0,CD8_Tcell
7.862411927997073,243.32210242432782,0.0,CD8_Tcell
86.88969071279351,376.66243099223954,0.0,CD8_Tcell
261.73672142093824,-150.39723772010908,0.0,CD8_Tcell
-22.55888296101353,-347.42130247499176,0.0,CD8_Tcell
46.3528878113666,286.68857014770657,0.0,CD8_Tcell
340.7985758565164,-172.48733723940205,0.0,CD8_Tcell
216.46400120257158,-129.95293622184008,0.0,CD8_Tcell
-275.21920089252666,263.2069269890434,0.0,CD8_Tcell
65.405067629237,-224.110862620299,0.0,CD8_Tcell
-103.01930256914181,364.1177016162832,0.0,CD8_Tcell
206.26088755292992,273.5693173142814,0.0,CD8_Tcell
-368.2996805087016,-150.7858655347694,0.0,CD8_Tcell
280.3455090756946,255.54579784384177,0.0,CD8_Tcell
-261.36770208088495,-211.5531373865289,0.0,CD8_Tcell
-71.80013112383367,269.2299038543135,0.0,CD8_Tcell
-253.59688975111357,64.20975508071996,0.0,CD8_Tcell
-287.6506792792365,-135.15306217903264,0.0,CD8_Tcell
-197.4010999926435,333.63904718033825,0.0,CD8_Tcell
-23.00655392065104,248.56370759159526,0.0,CD8_Tcell
104.38923929086491,-235.30682140005678,0.0,CD8_Tcell
55.60269294700668,-196.4138694518003,0.0,CD8_Tcell
302.87438133283723,-203.35431452789007,0.0,CD8_Tcell
139.2146381887146,199.7764273711079,0.0,CD8_Tcell
42.18594177310975,358.71461712662847,0.0,CD8_Tcell
55.4924886029617,-336.6339801770916,0.0,CD8_Tcell
6.013809852623812,-273.2309641077978,0.0,CD8_Tcell
-220.03032877571144,206.89705622167946,0.0,CD8_Tcell
-58.31872154135626,377.0173502085602,0.0,CD8_Tcell
397.2622261392509,-28.730033483045144,0.0,CD8_Tcell
251.3508829339021,-127.01408954687201,0.0,CD8_Tcell
-113.77719498201074,203.44406409625833,0.0,CD8_Tcell
-148.89472210390304,252.93517577656067,0.0,CD8_Tcell
202.23832348596108,244.3640575150931,0.0,CD8_Tcell
-332.3407516379473,-134.09311122197647,0.0,CD8_Tcell
-243.208572990686,-95.00004330126276,0.0,CD8_Tcell
240.50625471926568,-142.74562412986262,0.0,CD8_Tcell
-81.65757717047842,204.5959209118715,0.0,CD8_Tcell
172.07462982668218,-219.42177699374108,0.0,CD8_Tcell
341.3871381717229,72.0495119770301,0.0,CD8_Tcell
219.20864158598917,234.53104946742246,0.0,CD8_Tcell
159.60101937093094,231.98602460770672,0.0,CD8_Tcell
74.10509988572309,234.1699862813328,0.0,CD8_Tcell
220.97199150829286,-25.87399840208823,0.0,CD8_Tcell
209.61641767247588,191.30003733893003,0.0,CD8_Tcell
160.57970076640643,153.1756561767787,0.0,CD8_Tcell
48.08769107345806,396.96954657791923,0.0,CD8_Tcell
-167.06018371042452,-247.39351402689377,0.0,CD8_Tcell
-364.3238569742746,-5.501337368293026,0.0,CD8_Tcell
-31.63815368171655,231.89356410652994,0.0,CD8_Tcell
-39.668243859772915,-293.96515962986507,0.0,CD8_Tcell
-275.2491417971306,-57.609476601418244,0.0,CD8_Tcell
231.4846974496615,246.33826251155747,0.0,CD8_Tcell
-4.868286462755263,309.4336416496267,0.0,CD8_Tcell
-216.88371002764023,-146.1046560790638,0.0,CD8_Tcell
89.19327659792587,-351.0344881262349,0.0,CD8_Tcell
171.21113196332286,147.74190238878347,0.0,CD8_Tcell
-252.18667185846175,-97.82093780603259,0.0,CD8_Tcell
230.78277531540672,9.4045620278914,0.0,CD8_Tcell
99.09885885476487,-381.0303759137541,0.0,CD8_Tcell
-347.3043530814903,-52.81418364799557,0.0,CD8_Tcell
80.54660372505079,367.16158803819866,0.0,CD8_Tcell
326.9419287717287,-128.61248689261416,0.0,CD8_Tcell
-271.68030761153517,176.33366682170563,0.0,CD8_Tcell
306.7778952797769,30.31587084280223,0.0,CD8_Tcell
263.0908824196233,-156.6570100948591,0.0,CD8_Tcell
-167.58510046092957,351.36052643554876,0.0,CD8_Tcell
192.79756878674516,-93.83710571069852,0.0,CD8_Tcell
-273.9234133513128,-142.90214406204277,0.0,CD8_Tcell
221.00950010254397,93.36644416207386,0.0,CD8_Tcell
355.2332834804625,-62.65168803878247,0.0,CD8_Tcell
-134.00762190042914,228.86837888138137,0.0,CD8_Tcell
-335.7343361302474,167.91948952473436,0.0,CD8_Tcell
-321.52287645517714,43.08355074161876,0.0,CD8_Tcell
-124.70823920690619,-166.88057940310168,0.0,CD8_Tcell
-313.6828932291127,-100.03363286748242,0.0,CD8_Tcell
-192.57628694598233,-263.03800168968553,0.0,CD8_Tcell
-246.44794777500368,-177.49591209498058,0.0,CD8_Tcell
217.4251592445132,288.4638467159102,0.0,CD8_Tcell
352.1642197799271,0.8669054961736646,0.0,CD8_Tcell
-78.98586688730201,238.5146707817988,0.0,CD8_Tcell
269.32219326338287,10.418400379145364,0.0,CD8_Tcell
85.83175090596488,-277.4176537906301,0.0,CD8_Tcell
104.56904554620401,-229.91545208661393,0.0,CD8_Tcell
80.7675338508921,224.18932256223934,0.0,CD8_Tcell
-263.6275876910762,-271.6120700883756,0.0,CD8_Tcell
-26.08039580312224,-303.62401527657016,0.0,CD8_Tcell
70.5802903891448,202.78110431830592,0.0,CD8_Tcell
-343.9198978859102,-86.37510839682275,0.0,CD8_Tcell
-155.01919538143247,224.5474813274001,0.0,CD8_Tcell
287.94765105365036,254.50864730268995,0.0,CD8_Tcell
-266.7675079255733,-2.301171306329851,0.0,CD8_Tcell
-269.8453867978137,-254.43202600091456,0.0,CD8_Tcell
8.66555297935749,-387.1578631283216,0.0,CD8_Tcell
-234.09645071537838,311.0026588624341,0.0,CD8_Tcell
226.94616850408386,-252.09648024551075,0.0,CD8_Tcell
-185.3070201417679,197.38386735974987,0.0,CD8_Tcell
-26.292264130279428,372.97866416547953,0.0,CD8_Tcell
-228.76682907376673,21.52058765893267,0.0,CD8_Tcell
-137.24215545292662,-326.61584363300767,0.0,CD8_Tcell
124.58470482594896,-173.6673254814955,0.0,CD8_Tcell
16.883254938155915,229.16578419774063,0.0,CD8_Tcell
-281.4295317789894,-7.020188958290334,0.0,CD8_Tcell
204.28278435877152,197.7341404754773,0.0,CD8_Tcell
-171.59158248817948,-223.88275395445228,0.0,CD8_Tcell
81.95211339088094,344.4014513252329,0.0,CD8_Tcell
93.91390730869185,212.28999768105962,0.0,CD8_Tcell
-329.24475755951875,210.10238049566794,0.0,CD8_Tcell
-325.65022384130174,175.6560963381767,0.0,CD8_Tcell
215.14791275364772,-100.6281250802,0.0,CD8_Tcell
-227.27030109807873,276.45769066976766,0.0,CD8_Tcell
-261.65714940101867,-283.03212419950097,0.0,CD8_Tcell
206.3801856481491,-312.39173579999084,0.0,CD8_Tcell
-236.95440492391995,251.2618983470256,0.0,CD8_Tcell
-97.53556332429936,367.40528074652053,0.0,CD8_Tcell
189.45020330200535,-198.71012082698567,0.0,CD8_Tcell
-191.94198757140114,183.47043508921766,0.0,CD8_Tcell
-19.634412580730316,-394.97222606245504,0.0,CD8_Tcell
-59.81593350629169,-286.4216132040526,0.0,CD8_Tcell
321.55396174814535,-44.23161331086503,0.0,CD8_Tcell
-313.99745140265367,221.8986357231743,0.0,CD8_Tcell
379.22635559933104,-87.9590493089248,0.0,CD8_Tcell
-178.8721599485083,103.2133508069757,0.0,CD8_Tcell
224.13857048973827,-135.9942793242277,0.0,CD8_Tcell
-314.9021778250962,-78.72949041059955,0.0,CD8_Tcell
315.83620663088095,84.12721547693002,0.0,CD8_Tcell
59.766460720670544,-258.0381538744594,0.0,CD8_Tcell
229.1278223787154,-116.71313706304765,0.0,CD8_Tcell
186.62626237849167,297.52412363235146,0.0,CD8_Tcell
-43.55539750098088,229.58017988314737,0.0,CD8_Tcell
338.18316323074316,39.20957407276265,0.0,CD8_Tcell
148.13730119152038,354.3193890844059,0.0,CD8_Tcell
-49.1981750925523,-253.51992034251592,0.0,CD8_Tcell
295.63757833277595,55.86382913322725,0.0,CD8_Tcell
18.206906950027875,393.57395500633686,0.0,CD8_Tcell
56.956783343213516,268.7180193510721,0.0,CD8_Tcell
-248.4535047374853,169.07807551067722,0.0,CD8_Tcell
105.20726118135013,337.88332370002746,0.0,CD8_Tcell
37.786854786116045,321.3563176956974,0.0,CD8_Tcell
184.27380337688805,-354.899095655559,0.0,CD8_Tcell
149.64449383006436,-288.96590131623924,0.0,CD8_Tcell
-313.3476238920622,-152.98075870374933,0.0,CD8_Tcell
279.6195201400119,-274.14129839829775,0.0,CD8_Tcell
11.803929342355085,-370.53134742094807,0.0,CD8_Tcell
-182.44152997977696,-87.26453407959717,0.0,CD8_Tcell
213.0986818773467,130.8977171243831,0.0,CD8_Tcell
-199.59379789807534,206.98133872824465,0.0,CD8_Tcell
169.84271117023317,-155.96453058175018,0.0,CD8_Tcell
171.0112543085419,106.4858933111663,0.0,CD8_Tcell
308.2013137957422,-63.15755557008974,0.0,CD8_Tcell
-207.76289697216367,339.9871265244305,0.0,CD8_Tcell
14.44695780625836,-199.9286889510633,0.0,CD8_Tcell
-69.23823445956015,-384.7113905579152,0.0,CD8_Tcell
-162.19718509746937,263.27470049102266,0.0,CD8_Tcell
352.4142641349655,-33.481860782580675,0.0,CD8_Tcell
-151.05197841325838,307.8602881105374,0.0,CD8_Tcell
-356.12238040281005,165.43696078910446,0.0,CD8_Tcell
-143.00524874192845,-315.6333667353604,0.0,CD8_Tcell
235.96107188857803,-301.2678613310058,0.0,CD8_Tcell
-324.32075237167845,-64.73645224839787,0.0,CD8_Tcell
-216.55681814273123,-12.172237654775362,0.0,CD8_Tcell
326.28811949180675,-105.93030127012004,0.0,CD8_Tcell
246.4316977427033,185.91264560556965,0.0,CD8_Tcell
-322.8031506118575,94.87421554967057,0.0,CD8_Tcell
-38.6124665445121,-253.24170925199175,0.0,CD8_Tcell
150.25541203050852,229.93379922409727,0.0,CD8_Tcell
-298.14278708401264,90.59876602908166,0.0,CD8_Tcell
-143.6647241215651,306.0023890311411,0.0,CD8_Tcell
92.62323610989672,364.64501014469414,0.0,CD8_Tcell
257.0855479996984,220.4748785776724,0.0,CD8_Tcell
-189.99528593830547,132.4294578263193,0.0,CD8_Tcell
290.4890091607996,-66.76606490095757,0.0,CD8_Tcell
-58.07956014643176,262.5775729484754,0.0,CD8_Tcell
-335.3278349269914,-11.121561059635825,0.0,CD8_Tcell
-146.25629202852338,-363.9174461136628,0.0,CD8_Tcell
22.822046136406513,-263.9715713220165,0.0,CD8_Tcell
138.3500387997753,217.80387814274255,0.0,CD8_Tcell
71.94994645909752,367.18351618643555,0.0,CD8_Tcell
-108.03238132912858,333.6232540101061,0.0,CD8_Tcell
148.10624710918617,145.87370953073022,0.0,CD8_Tcell
113.16051691596552,308.90536567597456,0.0,CD8_Tcell
120.2606261439312,-331.9122597166442,0.0,CD8_Tcell
238.53365573160062,189.81928379208114,0.0,CD8_Tcell
-126.01733882061224,358.35965906618793,0.0,CD8_Tcell
53.324326345381714,331.2198074168818,0.0,CD8_Tcell
280.24497105578075,226.30131962325945,0.0,CD8_Tcell
230.98253554970708,122.87423118981596,0.0,CD8_Tcell
30.728448142765075,-227.08176868092798,0.0,CD8_Tcell
93.50907447517193,182.80433262235374,0.0,CD8_Tcell
-224.77523904923325,-162.31381723832936,0.0,CD8_Tcell
-167.94822860197135,-298.00393425279174,0.0,CD8_Tcell
43.924554168972996,-286.66320649593644,0.0,CD8_Tcell
48.47492130681046,395.87910380979844,0.0,CD8_Tcell
-371.2147055224072,-43.87244064556424,0.0,CD8_Tcell
-176.92030136064776,-212.43901660049968,0.0,CD8_Tcell
-77.15608397442422,256.88269009039055,0.0,CD8_Tcell
-157.99623964037232,237.51028403147797,0.0,CD8_Tcell
285.4816532233069,-263.9564506212607,0.0,CD8_Tcell
45.81743757002935,395.0123711277008,0.0,CD8_Tcell
322.9058607382571,175.21677969069523,0.0,CD8_Tcell
-28.807063125563406,329.4207190489101,0.0,CD8_Tcell
-59.51251867645952,-215.4830507258982,0.0,CD8_Tcell
268.93444231892875,-231.18269652358626,0.0,CD8_Tcell
236.07191148828102,-144.27555651819074,0.0,CD8_Tcell
109.10029362228374,-376.8646880680015,0.0,CD8_Tcell
-121.92983531395116,217.55759428559747,0.0,CD8_Tcell
-263.40050997175035,-22.11536463253653,0.0,CD8_Tcell
-258.9339468880553,-288.3652003259949,0.0,CD8_Tcell
107.7922274961213,245.67810864201732,0.0,CD8_Tcell
137.57229416584278,326.9501490135893,0.0,CD8_Tcell
87.67642594982196,229.35478805591507,0.0,CD8_Tcell
-54.801214408209844,288.224898301142,0.0,CD8_Tcell
-297.351354019991,141.94466521146734,0.0,CD8_Tcell
-166.64325605974878,291.395653426133,0.0,CD8_Tcell
163.8685707909404,208.61833279287563,0.0,CD8_Tcell
-280.79881311523815,-261.7315369230186,0.0,CD8_Tcell
13.088537796028119,-343.56739561814936,0.0,CD8_Tcell
210.15833010086922,37.560636912335674,0.0,CD8_Tcell
43.030573059671745,-197.5806248357469,0.0,CD8_Tcell
215.27895955119126,-198.47676662900065,0.0,CD8_Tcell
137.9678425663505,192.7078891628547,0.0,CD8_Tcell
229.485985012459,65.25385162781515,0.0,CD8_Tcell
-244.29936221254388,260.4345703001621,0.0,CD8_Tcell
-339.20129181947664,-173.4086934987989,0.0,CD8_Tcell
-123.57035638388741,282.4867181714394,0.0,CD8_Tcell
74.86166102231196,-345.4115397425912,0.0,CD8_Tcell
-190.74506175027278,-193.88448567831503,0.0,CD8_Tcell
-162.17378911354365,-353.8242723322634,0.0,CD8_Tcell
147.90272432599764,-285.272333215232,0.0,CD8_Tcell
96.43686417866172,319.45613315513214,0.0,CD8_Tcell
330.75455939706205,24.79479460415573,0.0,CD8_Tcell
-229.63439870107695,-150.89419547195726,0.0,CD8_Tcell
-341.65093175358516,-56.02543154449452,0.0,CD8_Tcell
-364.9660732673202,133.32945571789818,0.0,CD8_Tcell
-5.448499778724221,378.88998718804265,0.0,CD8_Tcell
-334.2269206052533,-104.72009765267136,0.0,CD8_Tcell
-242.36641862563957,132.6282462382084,0.0,CD8_Tcell
169.06874213170138,215.14966044581004,0.0,CD8_Tcell
-176.76351285178873,210.22620854197348,0.0,CD8_Tcell
304.68434951374667,-1.5076468032007107,0.0,CD8_Tcell
-227.78759358525096,59.158489808695336,0.0,CD8_Tcell
-73.05609861954818,383.2377358839215,0.0,CD8_Tcell
-207.40181942700713,-132.1853926983751,0.0,CD8_Tcell
-102.21273480579853,-358.2751102932936,0.0,CD8_Tcell
-2.7879525394424665,-246.335229674487,0.0,CD8_Tcell
63.03057770702869,319.27045590258604,0.0,CD8_Tcell
-5.649324712934699,369.3271191734906,0.0,CD8_Tcell
182.75863050376807,297.5415803881285,0.0,CD8_Tcell
257.1363111112841,83.76849346009028,0.0,CD8_Tcell
-276.079562919835,76.07116260145527,0.0,CD8_Tcell
-9.931167307917871,255.3094457303985,0.0,CD8_Tcell
240.7158586421782,316.29439238019796,0.0,CD8_Tcell
56.63400613596161,260.82356483404516,0.0,CD8_Tcell
-218.334395788916,-236.3426024325923,0.0,CD8_Tcell
40.59504548225431,-208.24234577012479,0.0,CD8_Tcell
199.99136668667086,143.1533356623977,0.0,CD8_Tcell
37.07858590817247,-301.74021439755995,0.0,CD8_Tcell
299.25607332831953,-190.04576741475262,0.0,CD8_Tcell
336.98043320868373,117.25843795976847,0.0,CD8_Tcell
-11.897170207329468,208.5491231925612,0.0,CD8_Tcell
73.25928841149774,-266.910558535845,0.0,CD8_Tcell
203.28859875838208,-334.2106041728711,0.0,CD8_Tcell
-204.19055916606965,-218.03108721656108,0.0,CD8_Tcell
76.859396401916,320.56254995951764,0.0,CD8_Tcell
229.07865075084644,180.636030689929,0.0,CD8_Tcell
386.0481969492241,-37.90513875386085,0.0,CD8_Tcell
-88.27532149613772,279.2750630219435,0.0,CD8_Tcell
-45.890067673275134,-280.3748338612759,0.0,CD8_Tcell
-283.910226769555,196.7167256971139,0.0,CD8_Tcell
255.8934301405767,-219.2887119406473,0.0,CD8_Tcell
-257.61561554875937,-182.93686657862946,0.0,CD8_Tcell
-214.73967892389868,202.81727506896644,0.0,CD8_Tcell
57.57342525484817,372.2095567698568,0.0,CD8_Tcell
-209.97534982720626,312.6889112924707,0.0,CD8_Tcell
302.40033290046233,160.59134457459277,0.0,CD8_Tcell
11.241739203443233,288.30827159816283,0.0,CD8_Tcell
-270.0335391241694,-158.24920135689212,0.0,CD8_Tcell
-350.49516131445966,171.46157883986234,0.0,CD8_Tcell
15.108483429473711,-358.6393757846067,0.0,CD8_Tcell
-291.5774063145677,-14.235193486189543,0.0,CD8_Tcell
383.14495094776476,71.57884271555848,0.0,CD8_Tcell
-226.82018548263486,51.32644569959124,0.0,CD8_Tcell
339.0386563011362,67.19836809455602,0.0,CD8_Tcell
220.16163770725387,228.0688216913259,0.0,CD8_Tcell
-310.34956481012017,-20.45439702357131,0.0,CD8_Tcell
-125.46328971116273,175.0807532543838,0.0,CD8_Tcell
307.04514550602215,-69.61700602119559,0.0,CD8_Tcell
-204.7888262636422,-47.69716688922313,0.0,CD8_Tcell
357.4577092010183,-116.80267754940067,0.0,CD8_Tcell
-51.0620432292504,228.81960399671837,0.0,CD8_Tcell
-354.8980490542863,-70.63232223126178,0.0,CD8_Tcell
-125.19700699473233,-326.6785404611102,0.0,CD8_Tcell
232.6387083766999,-285.3731401408873,0.0,CD8_Tcell
-244.3837674037603,199.15936036728613,0.0,CD8_Tcell
309.90337109828874,249.60092578611616,0.0,CD8_Tcell
325.30502973597237,-223.9565098412396,0.0,CD8_Tcell
231.02599079242893,-200.7981560017837,0.0,CD8_Tcell
-143.4079837610162,200.94766636395087,0.0,CD8_Tcell
-157.47222007597554,186.24661641899016,0.0,CD8_Tcell
-166.15595183620786,-120.9407065516419,0.0,CD8_Tcell
251.74062050511822,-271.1568218475929,0.0,CD8_Tcell
309.9587527100881,37.51553508448887,0.0,CD8_Tcell
239.80971583038806,-191.78157191642592,0.0,CD8_Tcell
-58.493415095743245,327.6976012671453,0.0,CD8_Tcell
198.25555813025875,171.03986181148912,0.0,CD8_Tcell
-152.08000066629114,176.87968989143744,0.0,CD8_Tcell
-330.0334282215566,8.788151478946471,0.0,CD8_Tcell
-165.10465199857836,144.02483290417445,0.0,CD8_Tcell
125.60161817020555,-323.82025646728704,0.0,CD8_Tcell
-138.09180293007637,-355.72065438247614,0.0,CD8_Tcell
-154.81060535466855,184.7296700506264,0.0,CD8_Tcell
185.86513997959833,-136.6391164776693,0.0,CD8_Tcell
-121.4834453381511,372.66794872525776,0.0,CD8_Tcell
-295.5173949992791,4.1793169162809365,0.0,CD8_Tcell
305.2975881612225,221.18100496690457,0.0,CD8_Tcell
-19.110148653605936,237.22126703803846,0.0,CD8_Tcell
-343.299199342203,-77.29555134836554,0.0,CD8_Tcell
258.4168620289323,-173.9009463557072,0.0,CD8_Tcell
272.65555437833757,-121.96520005952833,0.0,CD8_Tcell
189.11834220308396,-261.51085573801964,0.0,CD8_Tcell
-267.12944277952255,-96.26291129157505,0.0,CD8_Tcell
376.5892413797839,49.86835531647079,0.0,CD8_Tcell
-326.6900023761113,-171.0587899245871,0.0,CD8_Tcell
-217.26420575323328,-217.91129563894728,0.0,CD8_Tcell
345.2623135778708,172.14295295481608,0.0,CD8_Tcell
-55.97861520519626,247.29366409536678,0.0,CD8_Tcell
-297.0018134076883,-250.47722432082776,0.0,CD8_Tcell
-176.7671745027041,-179.9768894934233,0.0,CD8_Tcell
23.0997542588679,-251.91701750241876,0.0,CD8_Tcell
-371.73172098993933,-127.0066672994096,0.0,CD8_Tcell
21.093210136150145,206.82384789774497,0.0,CD8_Tcell
333.27567063419576,-126.97563943382058,0.0,CD8_Tcell
-105.31034346763,269.70648022056736,0.0,CD8_Tcell
228.07193979935002,-245.59230424228042,0.0,CD8_Tcell
-165.49306694361363,248.20295651070538,0.0,CD8_Tcell
4.340935561772172,-204.33410163209209,0.0,CD8_Tcell
-315.8488474934678,-154.3314993781397,0.0,CD8_Tcell
48.114644641834666,-264.3884166717617,0.0,CD8_Tcell
200.83525354311965,-223.7003826014142,0.0,CD8_Tcell
-1.7688525522458227,-200.1005477600857,0.0,CD8_Tcell
-270.09289039040607,262.7858763566404,0.0,CD8_Tcell
-311.4698547805425,30.445279286286564,0.0,CD8_Tcell
20.923327152605786,329.14902297447884,0.0,CD8_Tcell
-262.8751434062993,-215.98754759362123,0.0,CD8_Tcell
296.05583783118146,-236.64176628360383,0.0,CD8_Tcell
-374.3717010118188,13.881733680553218,0.0,CD8_Tcell
-149.92671553484476,-153.06505168502005,0.0,CD8_Tcell
-364.5032908416113,-24.73361947354753,0.0,CD8_Tcell
-281.9239893093367,160.77163939902343,0.0,CD8_Tcell
373.6789676119148,41.95816477594463,0.0,CD8_Tcell
-300.6883329542811,243.76843445639528,0.0,CD8_Tcell
-263.24832404389844,-264.25062994877936,0.0,CD8_Tcell
-233.95435231737412,-179.11994224117728,0.0,CD8_Tcell
-163.03884193613263,-326.3488308260925,0.0,CD8_Tcell
266.04340100233463,167.81080622737235,0.0,CD8_Tcell
365.0660172445358,-54.50698581501994,0.0,CD8_Tcell
-235.0718624068335,-28.809093138247835,0.0,CD8_Tcell
-350.1096456299004,140.6633695301098,0.0,CD8_Tcell
73.54622173723746,-214.6981903275748,0.0,CD8_Tcell
-362.05029303199257,125.65631480105158,0.0,CD8_Tcell
196.4417654410235,-87.65671549607472,0.0,CD8_Tcell
292.9567525585481,-46.22701643012041,0.0,CD8_Tcell
-263.3515641660289,-23.663850100471794,0.0,CD8_Tcell
-99.58396919329638,-358.99924463276386,0.0,CD8_Tcell
-271.4858817132297,143.0641676056722,0.0,CD8_Tcell
102.21264748543936,-199.22403749172483,0.0,CD8_Tcell
335.46466436772187,151.867398991151,0.0,CD8_Tcell
-213.7376843516999,-116.53838778260912,0.0,CD8_Tcell
-97.9038137611015,321.8832447680717,0.0,CD8_Tcell
76.779036799547,-249.98726077114773,0.0,CD8_Tcell
301.158862579195,254.53778546090038,0.0,CD8_Tcell
-357.83078423241574,-37.437455026385045,0.0,CD8_Tcell
135.34518843224737,-323.6207639318222,0.0,CD8_Tcell
-67.78076945014264,257.19448755060307,0.0,CD8_Tcell
354.80145904404804,179.22304082931356,0.0,CD8_Tcell
110.61955425295616,-219.51828395372434,0.0,CD8_Tcell
-95.97975491956143,-271.04526364204224,0.0,CD8_Tcell
-0.22341665574812059,303.15985449189077,0.0,CD8_Tcell
-304.7851147144885,-191.7769875803097,0.0,CD8_Tcell
-193.51540221286888,81.78663474235927,0.0,CD8_Tcell
125.5473967224066,239.3979989582381,0.0,CD8_Tcell
200.6614849329963,47.11206497800968,0.0,CD8_Tcell
159.74062057927904,189.05256223408364,0.0,CD8_Tcell
162.5592381137612,138.04259149746545,0.0,CD8_Tcell
-173.58746596262787,-248.54436884168535,0.0,CD8_Tcell
-269.56338742566606,244.99317149472628,0.0,CD8_Tcell
257.18793863354125,18.15328306321217,0.0,CD8_Tcell
-217.22038474571065,162.41351014732894,0.0,CD8_Tcell
-293.6269286028137,-264.8115218485485,0.0,CD8_Tcell
224.65951871626208,-207.25614186624364,0.0,CD8_Tcell
-241.21683290448283,-263.4655113317611,0.0,CD8_Tcell
-231.18402546791214,-84.00884824997688,0.0,CD8_Tcell
398.6963212769582,11.009321467920682,0.0,CD8_Tcell
-221.11777803530313,-113.20344880944852,0.0,CD8_Tcell
336.87225619756066,-68.91377195606685,0.0,CD8_Tcell
-289.14851729893206,-120.92047122454238,0.0,CD8_Tcell
31.786962426322425,-210.9952015590132,0.0,CD8_Tcell
312.85944486864213,-75.05619659106968,0.0,CD8_Tcell
201.17177095705406,233.5561082617509,0.0,CD8_Tcell
-240.40492219269078,-202.93477377658328,0.0,CD8_Tcell
228.5837083174693,96.57458761722484,0.0,CD8_Tcell
-39.726491353406544,225.117074719706,0.0,CD8_Tcell
-25.251477541813017,288.5516371152466,0.0,CD8_Tcell
-44.85499040220035,-357.32528176098236,0.0,CD8_Tcell
289.9357132989928,-258.2892900203399,0.0,CD8_Tcell
90.46700157952847,-323.5869459936489,0.0,CD8_Tcell
-268.3543855346287,206.85180967873134,0.0,CD8_Tcell
99.7252267067713,-379.3813606391254,0.0,CD8_Tcell
153.2510688008925,-307.5770565726138,0.0,CD8_Tcell
-265.6347518331304,-203.75865212206915,0.0,CD8_Tcell
-57.30420578508202,-378.66179112580545,0.0,CD8_Tcell
-277.7023440511466,-32.43406015842109,0.0,CD8_Tcell
282.0801051116479,-95.33426950450864,0.0,CD8_Tcell
-213.41232451611256,182.87654078888258,0.0,CD8_Tcell
-245.8840418074075,188.06960583949555,0.0,CD8_Tcell
-175.9384769028327,345.75603071212777,0.0,CD8_Tcell
-198.09149499612576,92.95022151137651,0.0,CD8_Tcell
-368.0874408600994,33.33418367489871,0.0,CD8_Tcell
-199.08872061094974,262.0533929816469,0.0,CD8_Tcell
-364.28314269419576,-138.38798341324795,0.0,CD8_Tcell
225.46356305398382,49.59319548559583,0.0,CD8_Tcell
-105.20608457191427,244.60430190944612,0.0,CD8_Tcell
242.92480710401637,202.08618094792382,0.0,CD8_Tcell
-210.8236202687525,72.55540705748692,0.0,CD8_Tcell
285.3405571480163,-26.702637485005845,0.0,CD8_Tcell
76.12038752752696,-350.1893677057478,0.0,CD8_Tcell
-89.50005921712618,-286.35822225336057,0.0,CD8_Tcell
210.4418071373325,-57.07122523715641,0.0,CD8_Tcell
-13.413668983520006,271.3451600775973,0.0,CD8_Tcell
296.1598399847289,241.383006541901,0.0,CD8_Tcell
-320.60650277222726,-29.083827626898028,0.0,CD8_Tcell
-249.74367915124523,-194.76036865458354,0.0,CD8_Tcell
-347.87774072666843,-152.8893331305285,0.0,CD8_Tcell
-339.24259015247765,-151.76697894775754,0.0,CD8_Tcell
-45.34182946655034,241.65484784342988,0.0,CD8_Tcell
269.86219737243414,284.7747630554183,0.0,CD8_Tcell
181.16945456925302,-141.73819995319425,0.0,CD8_Tcell
-168.01460216757627,254.55831845228624,0.0,CD8_Tcell
56.96096405998753,393.44525116800446,0.0,CD8_Tcell
-241.9639936094153,-270.1285687689713,0.0,CD8_Tcell
-305.7616432997106,-123.52289966727973,0.0,CD8_Tcell
315.7869734231264,150.1793019115387,0.0,CD8_Tcell
-63.65212490184192,207.2807839720898,0.0,CD8_Tcell
-290.1878643048048,256.37117427251536,0.0,CD8_Tcell
1.1268275182383352,-371.3384492073338,0.0,CD8_Tcell
-279.49223875311327,100.10181727112492,0.0,CD8_Tcell
194.64236495074567,-55.593367089975374,0.0,CD8_Tcell
164.7203522862418,190.42043583291584,0.0,CD8_Tcell
293.9687247974512,-35.139770085043644,0.0,CD8_Tcell
-201.90247753254508,84.55045599806685,0.0,CD8_Tcell
-209.3290238595832,38.340033988788974,0.0,CD8_Tcell
-119.9230378730431,281.7792390125433,0.0,CD8_Tcell
-24.012536178558502,-229.42952491504002,0.0,CD8_Tcell
-180.15844181175504,-210.85180743232385,0.0,CD8_Tcell
-195.94491924102826,243.3310755706708,0.0,CD8_Tcell
164.80568192180758,283.41504307948253,0.0,CD8_Tcell
-235.5487958734065,-116.62313030641073,0.0,CD8_Tcell
261.4916421545709,-168.00198642615135,0.0,CD8_Tcell
-239.3779702056825,-248.82460352365288,0.0,CD8_Tcell
201.60652867262013,-336.03810229912494,0.0,CD8_Tcell
71.98489424877744,189.64604702821788,0.0,CD8_Tcell
-71.1437127282789,359.4241893034756,0.0,CD8_Tcell
1.8986765435907011,376.5225089613877,0.0,CD8_Tcell
-73.95860801969584,-367.0626620928575,0.0,CD8_Tcell
110.85385081825041,-371.0837473296141,0.0,CD8_Tcell
183.6782553626264,-175.9999329830751,0.0,CD8_Tcell
-205.63792344002195,303.6561075201821,0.0,CD8_Tcell
-250.1170333350143,188.4421068894609,0.0,CD8_Tcell
-248.734180751976,-85.74080820036734,0.0,CD8_Tcell
159.38472947910324,300.3861151273271,0.0,CD8_Tcell
-279.5512283210948,241.04015068924215,0.0,CD8_Tcell
215.72274836891575,122.73004540059786,0.0,CD8_Tcell
118.39085061252766,228.1429104290735,0.0,CD8_Tcell
-343.78230771910864,-72.58386909789627,0.0,CD8_Tcell
127.82781621794825,258.1123357400755,0.0,CD8_Tcell
-376.3386882337057,99.19193011913204,0.0,CD8_Tcell
-279.83104347667046,-160.2364433457849,0.0,CD8_Tcell
-265.1627250980766,104.12198932402207,0.0,CD8_Tcell
250.7893033718045,-137.01853465128647,0.0,CD8_Tcell
214.72682931991562,-314.34714610962016,0.0,CD8_Tcell
211.6570591149164,-295.36857068609646,0.0,CD8_Tcell
364.7884558189495,134.41691807284332,0.0,CD8_Tcell
310.0451542391686,9.318586406781609,0.0,CD8_Tcell
274.5512558012901,123.06667115634042,0.0,CD8_Tcell
-296.5498356260224,-66.04494576863532,0.0,CD8_Tcell
-89.22107215951631,-283.6638814771244,0.0,CD8_Tcell
-249.47985792748955,217.58995112947025,0.0,CD8_Tcell
-268.8545448683523,258.5577734811429,0.0,CD8_Tcell
337.0227530713178,-205.43053072783795,0.0,CD8_Tcell
-16.644229047728196,-308.60755276730936,0.0,CD8_Tcell
37.54183124517827,346.43190552826985,0.0,CD8_Tcell
-366.11185289675126,143.16480158308113,0.0,CD8_Tcell
200.49242297877123,188.3324249726605,0.0,CD8_Tcell
-97.57245909762328,292.3219967402031,0.0,CD8_Tcell
-356.9916181109941,12.08921766084154,0.0,CD8_Tcell
-126.38406654763257,212.7015002342178,0.0,CD8_Tcell
218.9438586910378,111.1358350031458,0.0,CD8_Tcell
-129.29191917175282,212.36670859956098,0.0,CD8_Tcell
36.07682325405531,-252.81450765023723,0.0,CD8_Tcell
-270.43670424984515,270.9236106877747,0.0,CD8_Tcell
160.20007076929394,-197.03069300513033,0.0,CD8_Tcell
-15.866422296298657,-321.5319454464662,0.0,CD8_Tcell
60.98242179633845,-394.17346652340603,0.0,CD8_Tcell
307.42569268162373,-114.27967370820981,0.0,CD8_Tcell
52.253587344981824,-332.1999287813827,0.0,CD8_Tcell
210.45395412658192,-291.1222411312232,0.0,CD8_Tcell
382.4543787707627,-2.803769934407421,0.0,CD8_Tcell
-208.67832855117143,-317.8022798996067,0.0,CD8_Tcell
336.1727185796636,-202.90739171547045,0.0,CD8_Tcell
-195.312273510686,-214.9078559868394,0.0,CD8_Tcell
240.4937049187473,296.2328446036805,0.0,CD8_Tcell
124.27865320813387,296.7997067899845,0.0,CD8_Tcell
12.712922091628128,328.41290316330776,0.0,CD8_Tcell
-63.77404377005563,300.3320378611721,0.0,CD8_Tcell
-62.987644533646396,-229.02309362381996,0.0,CD8_Tcell
-230.45103733400032,-56.83234005657894,0.0,CD8_Tcell
-383.6326314323685,-40.61871664180671,0.0,CD8_Tcell
-95.47713860721275,-339.2912066729818,0.0,CD8_Tcell
155.29071763251636,345.3551843808559,0.0,CD8_Tcell
346.6933889047593,70.16557869074887,0.0,CD8_Tcell
-184.98175797422968,-299.4484192620967,0.0,CD8_Tcell
266.83552542741177,229.781631675429,0.0,CD8_Tcell
-248.6660577392507,-6.320318746327114,0.0,CD8_Tcell
128.6340555823131,186.4601196583855,0.0,CD8_Tcell
-226.07985313127566,-88.55345258844503,0.0,CD8_Tcell
188.89191926721813,97.18025550669445,0.0,CD8_Tcell
295.6110242777853,228.97754116327832,0.0,CD8_Tcell
-209.32859380459323,-303.5615966140224,0.0,CD8_Tcell
-366.49015451806025,-37.37724929385362,0.0,CD8_Tcell
-40.26382021643521,290.1320838152708,0.0,CD8_Tcell
-121.56443771457953,-239.39028935860486,0.0,CD8_Tcell
-165.77609896125378,-309.79766651787475,0.0,CD8_Tcell
-372.4423508331229,65.14822032943556,0.0,CD8_Tcell
53.19609522284136,-270.53770662955907,0.0,CD8_Tcell
27.69542405722187,-314.5758619668281,0.0,CD8_Tcell
-349.8892526285341,144.35920184167935,0.0,CD8_Tcell
155.90716391779722,266.9096384106646,0.0,CD8_Tcell
163.72510242707617,-349.8178288149417,0.0,CD8_Tcell
-193.67355980889366,-88.61079427959831,0.0,CD8_Tcell
87.4795415000778,286.66062191106977,0.0,CD8_Tcell
-31.451475911299585,-253.93663582225233,0.0,CD8_Tcell
-236.07195444147894,50.4445954616559,0.0,CD8_Tcell
371.239421514456,-99.71591524532418,0.0,CD8_Tcell
-34.23366245927548,239.41464507570808,0.0,CD8_Tcell
133.84669181960737,179.8219452250226,0.0,CD8_Tcell
195.59292601757917,-96.97330931746619,0.0,CD8_Tcell
246.39580769891916,-21.962791439545995,0.0,CD8_Tcell
-195.89924556061962,203.35381029335989,0.0,CD8_Tcell
183.63500676659268,-99.26648012261774,0.0,CD8_Tcell
-271.40898814683635,-147.74469750999037,0.0,CD8_Tcell
-207.3224036589719,-35.07291845331118,0.0,CD8_Tcell
297.55003075390175,-168.20247314330206,0.0,CD8_Tcell
211.5293299037158,-311.5569027112927,0.0,CD8_Tcell
-122.14291687981115,351.3374912535448,0.0,CD8_Tcell
333.98832053652256,2.7792167064682536,0.0,CD8_Tcell
90.05243804784354,-237.7966809011706,0.0,CD8_Tcell
162.9464282904108,318.76098507715176,0.0,CD8_Tcell
-367.0987816645917,-123.5958518668444,0.0,CD8_Tcell
-340.1834318453544,-17.133944319249213,0.0,CD8_Tcell
-210.60635874916542,79.86949534898663,0.0,CD8_Tcell
384.90948157534217,51.214730741264326,0.0,CD8_Tcell
225.90116970631394,219.28978138511798,0.0,CD8_Tcell
-84.10055264074379,-246.4487995620638,0.0,CD8_Tcell
-240.17900748879075,-17.7040049572412,0.0,CD8_Tcell
-110.9840008204664,-380.4583812485075,0.0,CD8_Tcell
-307.46693290909667,-127.31341261719552,0.0,CD8_Tcell
260.6133985861194,203.11578401929702,0.0,CD8_Tcell
230.4426563151877,73.18845943752699,0.0,CD8_Tcell
-291.8685502753967,-111.11573071676919,0.0,CD8_Tcell
-182.2619737255282,194.37842570981854,0.0,CD8_Tcell
-139.95987159900932,230.85241876231697,0.0,CD8_Tcell
153.57671529513956,-179.47123028292447,0.0,CD8_Tcell
-244.43743537441367,34.01956585426443,0.0,CD8_Tcell
342.8365014683584,-23.894305483643425,0.0,CD8_Tcell
368.13286007645326,-77.87601195594918,0.0,CD8_Tcell
-86.84742236224666,321.5447436662397,0.0,CD8_Tcell
319.5096902168342,37.85176385193896,0.0,CD8_Tcell
-126.32795561677085,215.36786451780964,0.0,CD8_Tcell
153.87838994382108,-358.78814749412163,0.0,CD8_Tcell
-171.4070911511774,126.29795093697999,0.0,CD8_Tcell
128.09744644270577,-182.05621060164927,0.0,CD8_Tcell
-117.3370102599417,-235.11829907025447,0.0,CD8_Tcell
354.5415681998192,-127.68296387660672,0.0,CD8_Tcell
-225.95575235092753,107.9064120052503,0.0,CD8_Tcell
-356.66277154551574,20.34230834923386,0.0,CD8_Tcell
308.5548147248074,-181.72012211946176,0.0,CD8_Tcell
-211.4003006411795,-70.46746304681089,0.0,CD8_Tcell
80.35491843065499,343.403939800171,0.0,CD8_Tcell
162.17146528189227,160.4128252092224,0.0,CD8_Tcell
243.14367422038904,-50.14021093872584,0.0,CD8_Tcell
-26.67524737707344,-301.8611877677327,0.0,CD8_Tcell
379.1025309822634,-98.92184958006206,0.0,CD8_Tcell
201.90660702217102,-57.37891132962569,0.0,CD8_Tcell
346.3245162420711,53.22786047104666,0.0,CD8_Tcell
285.30966883757645,267.72596543268094,0.0,CD8_Tcell
223.42334166925937,-171.43337066059803,0.0,CD8_Tcell
81.97971500478214,369.49271279329594,0.0,CD8_Tcell
120.24826223931166,287.3205565143608,0.0,CD8_Tcell
-359.002120226332,-151.97106921738072,0.0,CD8_Tcell
368.03903315270384,107.86004928285949,0.0,CD8_Tcell
-317.5599154425986,71.64851446873777,0.0,CD8_Tcell
265.7985602246815,-293.6988001628524,0.0,CD8_Tcell
208.83510117825358,139.26356647615103,0.0,CD8_Tcell
-306.38059709837574,-246.64710232078124,0.0,CD8_Tcell
-365.00543806318336,-58.69381780285655,0.0,CD8_Tcell
-43.55524359319649,-230.5984188674868,0.0,CD8_Tcell
-177.61344103089357,-171.39217106499862,0.0,CD8_Tcell
128.5061444919486,246.70563559726762,0.0,CD8_Tcell
-222.39824448622642,-196.69798610017892,0.0,CD8_Tcell
-83.59966413383553,-207.88644849457808,0.0,CD8_Tcell
214.35241845578625,-23.691283595086286,0.0,CD8_Tcell
279.53241699866214,189.13562334313818,0.0,CD8_Tcell
-3.1028602379883994,217.12359265961982,0.0,CD8_Tcell
-280.69400163847246,146.90372541380495,0.0,CD8_Tcell
-216.6385849270952,-35.44200056275682,0.0,CD8_Tcell
146.95962671651424,226.28591648151684,0.0,CD8_Tcell
-254.68282984200957,-226.34173988613506,0.0,CD8_Tcell
-256.41889123186235,306.21891060924787,0.0,CD8_Tcell
-336.5040282189235,-48.9890821181258,0.0,CD8_Tcell
-162.3418874574805,267.624784285407,0.0,CD8_Tcell
-322.514967035831,-158.38876416791754,0.0,CD8_Tcell
190.70072559499417,155.07473222393324,0.0,CD8_Tcell
44.57832436253221,-376.1426893318754,0.0,CD8_Tcell
47.171910304570815,214.81071230044986,0.0,CD8_Tcell
86.14040055938844,-256.88312079522336,0.0,CD8_Tcell
193.27389018957734,306.5338961651995,0.0,CD8_Tcell
-305.67536274976817,88.49991023770905,0.0,CD8_Tcell
-42.987293532408835,-266.4386006060982,0.0,CD8_Tcell
-172.0014447929336,164.6513761758152,0.0,CD8_Tcell
-5.94408424642406,350.2788576033993,0.0,CD8_Tcell
150.74405999545723,-300.59728874999956,0.0,CD8_Tcell
1.6733815272534527,270.81019625818175,0.0,CD8_Tcell
-298.70850168455416,-85.82240235366882,0.0,CD8_Tcell
280.48765341332216,243.334971353437,0.0,CD8_Tcell
-122.38353117312832,-180.21467469828633,0.0,CD8_Tcell
-321.8365908871004,14.692724463380776,0.0,CD8_Tcell
-244.91278335565167,215.75887541324502,0.0,CD8_Tcell
-388.2476272898288,73.7841516242004,0.0,CD8_Tcell
154.5040894727936,-334.1402515388762,0.0,CD8_Tcell
3.755976082991392,241.25977831767403,0.0,CD8_Tcell
-299.94409998147836,-187.54693277069188,0.0,CD8_Tcell
-309.684411577834,196.51165122898868,0.0,CD8_Tcell
283.02847040422813,-229.88153653258507,0.0,CD8_Tcell
-19.687361779277975,-300.7249094186426,0.0,CD8_Tcell
-154.37255881601186,257.2657522612691,0.0,CD8_Tcell
115.27896338416116,206.33067638333407,0.0,CD8_Tcell
28.46499033002481,278.5067553160271,0.0,CD8_Tcell
-279.65555179180495,-168.98431630507474,0.0,CD8_Tcell
152.83489443800516,-129.40122276657442,0.0,CD8_Tcell
-6.1071875363363075,326.77536750906904,0.0,CD8_Tcell
-312.4350008021244,-33.28251564710023,0.0,CD8_Tcell
-256.389143803146,-95.3049509512536,0.0,CD8_Tcell
-316.19648290369634,6.290075208898007,0.0,CD8_Tcell
74.56726075167379,318.8568283536867,0.0,CD8_Tcell
-279.84687384383415,-81.56846705160699,0.0,CD8_Tcell
-202.71824005849038,-296.05649163660746,0.0,CD8_Tcell
-246.12472480749418,51.04593601837263,0.0,CD8_Tcell
93.78913881224376,337.9886384369377,0.0,CD8_Tcell
-262.08160164577833,158.47844308201275,0.0,CD8_Tcell
-276.3744473689325,182.9742804923855,0.0,CD8_Tcell
347.73936633335427,-160.50702938595768,0.0,CD8_Tcell
42.75141381472487,-290.7712189179879,0.0,CD8_Tcell
-72.02286738501803,234.8618888324866,0.0,CD8_Tcell
85.22030200138613,209.52381114517195,0.0,CD8_Tcell
245.57619637407612,194.5137601742705,0.0,CD8_Tcell
-200.17329873783726,330.80526134713233,0.0,CD8_Tcell
372.9329296245857,40.886931261018944,0.0,CD8_Tcell
-301.0852474500184,18.763079052675522,0.0,CD8_Tcell
-279.62164547059643,4.754774729684895,0.0,CD8_Tcell
-179.62426963573384,253.10168904609762,0.0,CD8_Tcell
-18.820153476660426,-200.64186160239248,0.0,CD8_Tcell
33.63185375724445,244.71395734425693,0.0,CD8_Tcell
-332.49459853459854,-80.1199343182311,0.0,CD8_Tcell
-218.08470543664185,-249.7705263785006,0.0,CD8_Tcell
-83.10393907485721,-230.16139268691265,0.0,CD8_Tcell
-128.93879376608496,-260.4759597598886,0.0,CD8_Tcell
127.45772955903418,338.31304055235125,0.0,CD8_Tcell
-375.99695230161285,90.15942084302662,0.0,CD8_Tcell
275.16654879108364,95.33718774237201,0.0,CD8_Tcell
-371.4018955239851,-108.8927485163502,0.0,CD8_Tcell
53.48773742819473,380.4597847954667,0.0,CD8_Tcell
38.53972753958831,-255.06256881732432,0.0,CD8_Tcell
-350.3104274104776,4.1729948844818034,0.0,CD8_Tcell
195.87891989715445,-334.8874423684996,0.0,CD8_Tcell
193.66918596389525,174.99730766425813,0.0,CD8_Tcell
-94.69644629576749,-228.58021375684632,0.0,CD8_Tcell
139.5510625547762,237.23967965983866,0.0,CD8_Tcell
-73.52466161328154,-247.06697784074092,0.0,CD8_Tcell
-61.99474375208538,-310.45556601373715,0.0,CD8_Tcell
161.25165176743747,-241.02018402612555,0.0,CD8_Tcell
-186.47911742581218,-291.5684206815853,0.0,CD8_Tcell
-339.89119936993154,130.80018282429444,0.0,CD8_Tcell
-40.373126137318444,293.67248727180095,0.0,CD8_Tcell
-88.8888404256732,-331.14176222925283,0.0,CD8_Tcell
-235.50658055786812,-290.46629799479473,0.0,CD8_Tcell
115.15982414013378,-211.41245213249047,0.0,CD8_Tcell
7.395892154837615,202.7495278988345,0.0,CD8_Tcell
-252.21665606361427,134.69741998499657,0.0,CD8_Tcell
20.075107045876848,-216.60464989437745,0.0,CD8_Tcell
276.8697569615605,168.01614759734215,0.0,CD8_Tcell
-177.2636269639543,-324.3276379098704,0.0,CD8_Tcell
161.04173244425007,-250.3669376224386,0.0,CD8_Tcell
-201.50315787624493,25.141152081172706,0.0,CD8_Tcell
-281.4939060864317,85.68360453652919,0.0,CD8_Tcell
-251.55968849050757,296.2997504718004,0.0,CD8_Tcell
244.92325151898498,233.40414607118802,0.0,CD8_Tcell
54.69763652417964,331.90185406641973,0.0,CD8_Tcell
-357.0472577009509,141.2060934964182,0.0,CD8_Tcell
342.4938471843915,107.38691774910619,0.0,CD8_Tcell
166.46276994779458,-184.30239866307537,0.0,CD8_Tcell
-99.47534982563997,-197.60239857632192,0.0,CD8_Tcell
-286.2768690192567,236.90122208394567,0.0,CD8_Tcell
-327.261658881823,-82.20972018203821,0.0,CD8_Tcell
-274.35225081533065,31.223181531551504,0.0,CD8_Tcell
243.64125778979408,196.11431253925528,0.0,CD8_Tcell
-239.03940197259533,172.5505398692017,0.0,CD8_Tcell
-257.21223284014036,-63.16006009579492,0.0,CD8_Tcell
211.20718703398722,276.9355000487856,0.0,CD8_Tcell
-101.80725148392648,365.78316825252824,0.0,CD8_Tcell
216.63731096195704,-8.94747956464071,0.0,CD8_Tcell
-335.9683767702705,69.50419523254517,0.0,CD8_Tcell
96.69040878492612,304.777217513588,0.0,CD8_Tcell
-215.57739809408508,310.8425302070321,0.0,CD8_Tcell
-291.9933591462251,233.58650195139987,0.0,CD8_Tcell
-230.0811282769452,187.53192781892716,0.0,CD8_Tcell
260.25402999065165,-200.26061805988311,0.0,CD8_Tcell
-212.24959508755134,163.96310149777153,0.0,CD8_Tcell
-11.789467939663997,-344.8137654184551,0.0,CD8_Tcell
-98.91623653191786,323.75012348202625,0.0,CD8_Tcell
-341.5459811441744,-100.95531901414911,0.0,CD8_Tcell
64.86235270704888,378.3117690728688,0.0,CD8_Tcell
-108.84646846362641,-331.0936770551701,0.0,CD8_Tcell
-207.23189189177072,-82.87379633908233,0.0,CD8_Tcell
-274.1963010991354,-223.06121187513804,0.0,CD8_Tcell
153.74333934010414,314.4114315994976,0.0,CD8_Tcell
91.55176121997796,-366.7738016074129,0.0,CD8_Tcell
-217.6486431726825,-267.3019512419768,0.0,CD8_Tcell
-109.99375563467908,-287.5097049502631,0.0,CD8_Tcell
102.08752587825467,317.23806078394716,0.0,CD8_Tcell
247.38439517978398,225.45201019068662,0.0,CD8_Tcell
94.81589099345418,-325.80442096669276,0.0,CD8_Tcell
103.4872645390013,-218.0294003870762,0.0,CD8_Tcell
-62.158510354989204,-380.53033474380044,0.0,CD8_Tcell
284.36720509564316,209.195408691665,0.0,CD8_Tcell
-366.8017236691842,69.84839653460716,0.0,CD8_Tcell
153.87885281459617,-248.68334930766335,0.0,CD8_Tcell
-388.9849236045551,38.27686443356294,0.0,CD8_Tcell
229.6001740954597,144.3388844377359,0.0,CD8_Tcell
-18.989087095530188,362.7347306928473,0.0,CD8_Tcell
-228.61042479509308,2.1321798486179246,0.0,CD8_Tcell
-162.15978804131603,187.96729634947403,0.0,CD8_Tcell
192.16064453876174,-78.95488272252392,0.0,CD8_Tcell
-346.4636865385721,-13.130720359545801,0.0,CD8_Tcell
-128.48450274757755,-344.3477967737251,0.0,CD8_Tcell
-229.4482478197326,-73.60142071971666,0.0,CD8_Tcell
226.04157140041903,109.71694016609334,0.0,CD8_Tcell
31.7284378940675,-273.8712040673444,0.0,CD8_Tcell
-282.94658615519126,-274.42634638983833,0.0,CD8_Tcell
-376.90000120732833,24.912581177980222,0.0,CD8_Tcell
105.59373100465616,-171.56878450405745,0.0,CD8_Tcell
-382.1486582131259,84.70550385851479,0.0,CD8_Tcell
230.07596850725542,-137.20795072646803,0.0,CD8_Tcell
-278.54912873175283,-39.886361018515466,0.0,CD8_Tcell
-9.0048910445503,332.98677182699987,0.0,CD8_Tcell
-256.55658628776354,16.685445019998983,0.0,CD8_Tcell
176.50250619059779,104.09670810559071,0.0,CD8_Tcell
-316.99857652196675,-70.90807704889212,0.0,CD8_Tcell
-26.102848760874576,208.66852713017397,0.0,CD8_Tcell
103.71297482313211,177.19474295683284,0.0,CD8_Tcell
235.0833210752976,113.94334708825204,0.0,CD8_Tcell
182.20241686823016,-90.14509182469952,0.0,CD8_Tcell
-151.43844261660993,-195.65402557070638,0.0,CD8_Tcell
72.96609742982957,-334.77934011400373,0.0,CD8_Tcell
297.091845834375,-155.95672776462303,0.0,CD8_Tcell
216.87617272544202,208.97014741264286,0.0,CD8_Tcell
-273.8502138354674,104.74394200324765,0.0,CD8_Tcell
285.21643851924597,251.1636114416654,0.0,CD8_Tcell
-267.382938697253,225.85677547445542,0.0,CD8_Tcell
316.44158961669746,-87.15322471040426,0.0,CD8_Tcell
339.2068129105741,-118.0315929511976,0.0,CD8_Tcell
-52.3562875107059,-283.400603314729,0.0,CD8_Tcell
-219.9686007049353,224.38927761710224,0.0,CD8_Tcell
-213.09000333702113,-224.56727273300643,0.0,CD8_Tcell
129.7713365975016,303.0950021363181,0.0,CD8_Tcell
-368.3926595231432,-144.1757723589838,0.0,CD8_Tcell
-122.71076661693704,-208.99755592702488,0.0,CD8_Tcell
-321.5636821979113,39.60626398337409,0.0,CD8_Tcell
80.60142879095837,374.12098468192676,0.0,CD8_Tcell
227.1716860486303,-82.95806202479052,0.0,CD8_Tcell
61.61773873010962,-281.0459425835483,0.0,CD8_Tcell
254.05266623102727,-246.62216251334502,0.0,CD8_Tcell
-216.69320420472278,-19.99841365484183,0.0,CD8_Tcell
-289.1213115377772,-264.0495972075457,0.0,CD8_Tcell
-162.95064324666046,-224.7606697598643,0.0,CD8_Tcell
204.63682549149078,-63.733987573931415,0.0,CD8_Tcell
18.91945650762494,268.65054039546703,0.0,CD8_Tcell
172.40408803934534,248.012704082073,0.0,CD8_Tcell
-369.82516018609084,78.58261584827812,0.0,CD8_Tcell
-88.98676282840046,-307.77799596169166,0.0,CD8_Tcell
131.33547562099352,253.69417045833373,0.0,CD8_Tcell
-280.19671589491446,-55.65976820076485,0.0,CD8_Tcell
-67.03147833860059,268.201718331307,0.0,CD8_Tcell
32.84706726759052,-225.53683404686544,0.0,CD8_Tcell
2.5292888447393334,287.222523676907,0.0,CD8_Tcell
215.129524853328,-322.88495168514515,0.0,CD8_Tcell
-71.57513387183498,254.34488644928697,0.0,CD8_Tcell
-291.568149582152,180.2941389726588,0.0,CD8_Tcell
342.8063387598245,-138.8554536648505,0.0,CD8_Tcell
-46.19979836422313,-237.49330516262478,0.0,CD8_Tcell
169.34341772472837,247.7143268854027,0.0,CD8_Tcell
132.728992229569,-316.88765001096397,0.0,CD8_Tcell
144.23555271149678,337.2365656998849,0.0,CD8_Tcell
145.99615177548634,-147.66776352284637,0.0,CD8_Tcell
331.46009533405925,-26.11457203692349,0.0,CD8_Tcell
-246.98455256076826,-203.85995770382803,0.0,CD8_Tcell
259.98160230907666,-235.62539125212757,0.0,CD8_Tcell
-259.25831712670254,-102.41816080646099,0.0,CD8_Tcell
33.10954783043376,-254.72658341559423,0.0,CD8_Tcell
350.91934623061724,96.82561966749758,0.0,CD8_Tcell
-322.0355857619772,-142.95261132910886,0.0,CD8_Tcell
-72.5024559960659,246.74441577476674,0.0,CD8_Tcell
-151.67869878195606,-169.8405614753285,0.0,CD8_Tcell
-231.2627019012618,152.13684601311087,0.0,CD8_Tcell
110.64071478345258,325.30254972763834,0.0,CD8_Tcell
-156.69624193013834,255.4243277053003,0.0,CD8_Tcell
254.38724939364968,-194.5334445914914,0.0,CD8_Tcell
-245.26802056928315,83.05889057153513,0.0,CD8_Tcell
29.66828324603058,-347.8653603385803,0.0,CD8_Tcell
106.78787136886687,-229.68395013402792,0.0,CD8_Tcell
277.89195343095264,-176.97671403368858,0.0,CD8_Tcell
52.40854308895345,-204.246704159849,0.0,CD8_Tcell
183.70935302741225,293.3953975479575,0.0,CD8_Tcell
-139.6485817147674,-356.81900106861207,0.0,CD8_Tcell
69.03436173619268,-355.96846770884116,0.0,CD8_Tcell
-95.67926725106972,338.16207336016873,0.0,CD8_Tcell
328.70331441592737,112.89891249261193,0.0,CD8_Tcell
43.49952489213318,-302.8778613752351,0.0,CD8_Tcell
-105.86956067142705,320.58522844990006,0.0,CD8_Tcell
283.64271128529504,266.71256541062564,0.0,CD8_Tcell
-282.85960103807264,-262.9137115816515,0.0,CD8_Tcell
121.2188463777558,-188.5359927924477,0.0,CD8_Tcell
-330.2318446926133,-100.1312268908762,0.0,CD8_Tcell
321.54811059660875,-64.14427044304864,0.0,CD8_Tcell
224.55647239072988,-67.46660394166392,0.0,CD8_Tcell
-61.41421321173692,-205.6750096966799,0.0,CD8_Tcell
-165.89713504792152,-179.19314406728463,0.0,CD8_Tcell
-228.47255090491134,-301.1971009687362,0.0,CD8_Tcell
-219.90418069256825,-4.1332388441224674,0.0,CD8_Tcell
83.42523793647,269.11839205848537,0.0,CD8_Tcell
-210.1823717100946,-132.9551544594453,0.0,CD8_Tcell
83.59706703355394,253.07474955045436,0.0,CD8_Tcell
215.77033539824376,318.1169462087043,0.0,CD8_Tcell
-278.80301306294837,238.50878627755583,0.0,CD8_Tcell
-291.17846482352564,32.890357118206715,0.0,CD8_Tcell
-18.62769638828697,381.1586194360503,0.0,CD8_Tcell
-141.5465252355214,-258.460892443402,0.0,CD8_Tcell
37.04043359015239,391.8670538867882,0.0,CD8_Tcell
-310.19981288089485,-186.29564126959662,0.0,CD8_Tcell
-164.1358135217104,-245.3361346990844,0.0,CD8_Tcell
-178.49983856660708,301.14087098422834,0.0,CD8_Tcell
-169.83307107196666,186.11194985233564,0.0,CD8_Tcell
-350.86992493723267,-158.5264177657098,0.0,CD8_Tcell
-383.0691102935982,77.84622071084311,0.0,CD8_Tcell
66.17933198882409,336.7077915957527,0.0,CD8_Tcell
-319.3507531785104,151.2253420899964,0.0,CD8_Tcell
-50.11328544126674,-235.90105674951354,0.0,CD8_Tcell
16.6062374896773,-314.7161989913964,0.0,CD8_Tcell
-186.85095727732804,-88.18654875366452,0.0,CD8_Tcell
-161.26593952118662,331.41964331327216,0.0,CD8_Tcell
-11.897136101614167,304.6002246437226,0.0,CD8_Tcell
158.78700220193375,-207.88929941414938,0.0,CD8_Tcell
259.0503386707028,116.3348005379265,0.0,CD8_Tcell
218.83995332532152,306.99674057737866,0.0,CD8_Tcell
-339.82883324359574,-164.18103103742482,0.0,CD8_Tcell
-24.90510998219515,277.8652539883746,0.0,CD8_Tcell
183.10219928955692,-149.32110427972555,0.0,CD8_Tcell
-319.1445922797486,-213.3747604460872,0.0,CD8_Tcell
380.5726703186013,-104.28478921184946,0.0,CD8_Tcell
175.05632036930845,222.85002422670297,0.0,CD8_Tcell
-62.33602838440308,190.77035380385243,0.0,CD8_Tcell
290.6348117661349,-173.87320502934364,0.0,CD8_Tcell
266.14623968908785,-134.94398027027913,0.0,CD8_Tcell
-244.8539904866628,21.766022987832173,0.0,CD8_Tcell
-371.3207245979925,-46.650269952983535,0.0,CD8_Tcell
227.6118839198823,56.90159023965129,0.0,CD8_Tcell
-306.8935980639957,-205.3558678409049,0.0,CD8_Tcell
96.8066912289915,262.1105716486434,0.0,CD8_Tcell
-285.6317432170853,218.9776882248535,0.0,CD8_Tcell
235.58769697851952,256.13841190922557,0.0,CD8_Tcell
168.789223847853,-335.07244459585394,0.0,CD8_Tcell
-270.8024003933487,-212.39681019753024,0.0,CD8_Tcell
-12.717030626992248,-287.30651442319146,0.0,CD8_Tcell
71.05305528919165,-350.9232021312991,0.0,CD8_Tcell
186.44295962817267,151.83073542111046,0.0,CD8_Tcell
319.1442008787159,-54.67156125886314,0.0,CD8_Tcell
125.3826008474752,-189.73936188736823,0.0,CD8_Tcell
92.1128067117052,299.52493515331497,0.0,CD8_Tcell
298.56908127669567,-129.39165132125146,0.0,CD8_Tcell
133.33694344046742,-310.09840596856236,0.0,CD8_Tcell
31.989409418323447,332.95740045368854,0.0,CD8_Tcell
-298.4425127682887,53.456466401245784,0.0,CD8_Tcell
54.20644106595618,205.989355036771,0.0,CD8_Tcell
213.63394957759402,-314.8189887028868,0.0,CD8_Tcell
246.95940430861847,-94.55139660716264,0.0,CD8_Tcell
-355.415229979375,-0.015052809979037206,0.0,CD8_Tcell
52.49482016764883,-306.79035256523093,0.0,CD8_Tcell
-302.982577345261,56.248371342250024,0.0,CD8_Tcell
-147.83521632566402,319.8653482387798,0.0,CD8_Tcell
-169.4439592385166,-244.49191492966946,0.0,CD8_Tcell
-326.08954696949235,195.37638033975665,0.0,CD8_Tcell
356.70004585166186,67.65185569577491,0.0,CD8_Tcell
152.13029418347458,-227.9248737834933,0.0,CD8_Tcell
164.40901673136102,-272.7111677699927,0.0,CD8_Tcell
-345.3715279240263,69.1862274374483,0.0,CD8_Tcell
204.2176670991349,10.297193538831918,0.0,CD8_Tcell
-172.69352927169618,130.56042987632344,0.0,CD8_Tcell
-251.66273745761944,191.44580193433882,0.0,CD8_Tcell
-5.711523592371608,-257.76101464267566,0.0,Treg
-295.59526577352364,52.69796990174822,0.0,Treg
143.9893671049327,369.7968076925099,0.0,Treg
300.2496419006783,-70.92160747639461,0.0,Treg
-193.11606263053784,-239.97082720008808,0.0,Treg
351.74959027502405,151.05388493974735,0.0,Treg
-242.3847742973721,296.0288443614002,0.0,Treg
60.71937517711651,-272.86228458737196,0.0,Treg
-327.1400038565632,180.74330985288,0.0,Treg
-65.82887260327843,307.81971268316806,0.0,Treg
-179.2842820869027,91.87475670132598,0.0,Treg
-308.2892775525776,251.49597938334605,0.0,Treg
-226.5208099873809,291.28205291931147,0.0,Treg
-5.4637717448578496,-371.8772726408294,0.0,Treg
-288.79115885013334,-12.293086245927077,0.0,Treg
-361.8482884394645,-167.38223087685515,0.0,Treg
156.19909612129308,153.02540775222096,0.0,Treg
130.78725293024638,308.89411601432175,0.0,Treg
-138.4734558256247,368.9516239602736,0.0,Treg
208.72476419419144,-142.37143561636344,0.0,Treg
-109.9300256554363,-248.92102143986634,0.0,Treg
256.0137120466285,197.61332280213358,0.0,Treg
262.7677979522051,-234.33545159434954,0.0,Treg
-127.32543579730668,267.8445002117408,0.0,Treg
-338.8503744111119,-132.34752819391863,0.0,Treg
-219.43327894535022,80.8464577447503,0.0,Treg
-145.19531134434985,-344.338357399861,0.0,Treg
-366.33994733514993,43.567139268926184,0.0,Treg
313.97458922434623,-110.3256476657475,0.0,Treg
-195.66127239264495,111.25653668351228,0.0,Treg
-97.5450563736136,-229.91528754869498,0.0,Treg
-202.82144288446688,292.061259805533,0.0,Treg
-78.0697631557905,-372.79042525354674,0.0,Treg
-133.55056176787224,234.00324588568373,0.0,Treg
-265.3435040820755,115.87039701547263,0.0,Treg
163.96152969699608,-290.92522467278144,0.0,Treg
245.30503431735505,279.59041303972555,0.0,Treg
-363.15764936531076,-115.02332321526066,0.0,Treg
-263.0435518046211,180.18613975207018,0.0,Treg
-105.50468140028443,335.6358363703371,0.0,Treg
-164.3622979954849,357.19700060681043,0.0,Treg
208.9946985718024,-257.01529427147375,0.0,Treg
248.6866901267875,-26.94197582778334,0.0,Treg
-244.61272199407009,213.20607833687367,0.0,Treg
267.06659395424606,286.82570058303907,0.0,Treg
189.8137332033862,-253.0332297639032,0.0,Treg
-366.5161536068644,-9.41204594826052,0.0,Treg
-299.17136297313306,-131.64786576539774,0.0,Treg
-173.0722316754326,-103.7341475038703,0.0,Treg
-235.2021871830691,-248.02866870078918,0.0,Treg
51.80549457653881,-283.5688993353759,0.0,Treg
-30.58072673523268,279.9442851003838,0.0,Treg
54.027502646283395,238.42237040282956,0.0,Treg
203.90293316834246,-78.33762926517136,0.0,Treg
390.74181740058594,40.59452135736176,0.0,Treg
153.5617190081511,297.6848240748937,0.0,Treg
-320.58499719198113,52.76059911628352,0.0,Treg
-146.6287076267323,-217.88345789503376,0.0,Treg
181.26245760413698,-151.73077277154732,0.0,Treg
-170.55601037170305,-104.49211384125071,0.0,Treg
-334.55622817146826,36.72853985530797,0.0,Treg
-247.32120259229052,41.66021816352532,0.0,Treg
289.6705451967796,-226.54622289031178,0.0,Treg
103.92689716534446,-307.80694277191697,0.0,Treg
-328.7716847338175,-139.8569637145111,0.0,Treg
-253.31828307475024,67.04157673752766,0.0,Treg
361.4031416281099,117.97877820902148,0.0,Treg
306.4569907827775,-92.88400631153998,0.0,Treg
262.02792240771,-256.6243455797818,0.0,Treg
-95.35808456828852,-255.8409092020686,0.0,Treg
-224.0793526561029,-318.04040884816254,0.0,Treg
-63.01675587306085,223.89300503489156,0.0,Treg
-325.4843204395773,120.62006507849756,0.0,Treg
294.8465427813862,-112.71877966553883,0.0,Treg
359.8374149494818,-27.051841461136615,0.0,Treg
-352.80102349606244,24.81567585430401,0.0,Treg
-183.5291587069537,-169.26236690564866,0.0,Treg
-105.52833425085569,-179.94660569638364,0.0,Treg
-44.098730969694984,270.795384521308,0.0,Treg
181.04094764791336,-152.62096982323573,0.0,Treg
-229.49520819998355,143.54573210188548,0.0,Treg
-251.99812880464614,-301.23230559262,0.0,Treg
318.81829866889245,130.18552744699394,0.0,Treg
108.39828208422793,-170.32122281568644,0.0,Treg
-194.85450499391877,-262.99323204331455,0.0,Treg
-321.08433094832804,164.25416372446324,0.0,Treg
321.74095025769253,-51.01257066545917,0.0,Treg
-20.188625381745414,277.75771762075107,0.0,Treg
258.79746301473,-61.60306804680414,0.0,Treg
-360.5859328377121,3.495910711035915,0.0,Treg
161.7739892238725,-194.93636974764246,0.0,Treg
-161.53217107267173,270.7592270037856,0.0,Treg
-185.44550796514486,-126.70480322598317,0.0,Treg
327.2783792946262,154.1076978788137,0.0,Treg
-177.15955738713208,265.6553196551183,0.0,Treg
343.7447798181678,-102.14666662181284,0.0,Treg
149.12078170988994,296.4059261193254,0.0,Treg
-154.6701306669988,338.2089374121527,0.0,Treg
239.51680096697416,-249.71932413661193,0.0,Treg
159.52632722230334,295.3679979791473,0.0,Treg
79.14693219076962,262.1686524480613,0.0,Treg
249.91113421495962,280.56628031014105,0.0,Treg
-47.86265737915408,-313.2542679325087,0.0,Treg
335.2876677178709,-54.30890249786442,0.0,Treg
-296.7957639667206,97.70658371581776,0.0,Treg
324.6284411733845,229.70509147573088,0.0,Treg
-75.0480913094813,291.4631477183184,0.0,Treg
81.4845832433466,-300.47936436802416,0.0,Treg
-84.17107002566843,-357.48207148075596,0.0,Treg
-328.10395813154935,-36.90914472695442,0.0,Treg
-36.64888632494785,320.5902723231518,0.0,Treg
379.9580209034818,21.838536755898307,0.0,Treg
-62.49184243248712,379.2280199190241,0.0,Treg
293.2048783160219,80.19008345972019,0.0,Treg
379.2305043266997,98.99896963577093,0.0,Treg
286.42181377935015,-245.90461144144172,0.0,Treg
-358.37157694322366,-126.90659349284878,0.0,Treg
142.49580669187623,-180.59138568094932,0.0,Treg
189.4921077937867,-319.2391264433951,0.0,Treg
-154.37208100925068,303.3664726284401,0.0,Treg
268.8655716032737,-257.39448936222027,0.0,Treg
193.64260400030557,-190.2604868166034,0.0,Treg
-190.6260192842892,-269.59358777502297,0.0,Treg
-117.61748898986583,-291.1110017154612,0.0,Treg
-183.42014750731937,-267.14453309215963,0.0,Treg
-310.7995747034478,60.49832142762868,0.0,Treg
392.74598105520886,-70.51403988819224,0.0,Treg
285.8939611979046,131.31446571037486,0.0,Treg
4.309767364884837,206.31808247959228,0.0,Treg
77.92944589117667,275.5062916175198,0.0,Treg
-313.0421461542642,-203.70944222379433,0.0,Treg
218.05097171122472,159.27619882677863,0.0,Treg
-286.1280119918921,83.22061440150438,0.0,Treg
-359.39098018280157,-118.15853952533668,0.0,Treg
179.45939678853713,169.20124028055668,0.0,Treg
56.89450364380472,280.18324235064114,0.0,Treg
241.04259489156618,-248.61690947629194,0.0,Treg
-16.952534114099297,-292.28832629589965,0.0,Treg
-19.625557839121246,379.2875074503819,0.0,Treg
38.84345872884449,-301.152872068852,0.0,Treg
363.92856910984926,74.94029099086535,0.0,Treg
-195.63320973206274,250.6378747464567,0.0,Treg
283.2048761534713,88.8221572763679,0.0,Treg
143.63721413447658,241.25657106695775,0.0,Treg
314.95700733230956,-70.40102367046237,0.0,Treg
313.9093037538197,119.59149084161304,0.0,Treg
-337.05928106367946,-11.510337168988489,0.0,Treg
115.83589229214927,-277.76629700864146,0.0,Treg
230.7834033511618,287.33129605828583,0.0,Treg
360.8418351560098,34.797050603403285,0.0,Treg
220.2193625464589,-20.620166861215885,0.0,Treg
59.507848377393316,-392.77126652043086,0.0,Treg
258.05529931906585,-245.48407378966508,0.0,Treg
172.3018776189667,-190.92196352090605,0.0,Treg
-30.68341834739383,-361.12692308167107,0.0,Treg
5.997719639988632,232.7930480644021,0.0,Treg
312.10050594374684,75.89418983553513,0.0,Treg
368.9532155573579,102.08332918229894,0.0,Treg
-111.10692976694614,296.70548035567157,0.0,Treg
-239.84657902258087,-250.2696117100186,0.0,Treg
219.569170024583,-117.15036362598573,0.0,Treg
159.67617706977506,-320.97076633049244,0.0,Treg
198.98624030553427,-79.66718665220866,0.0,Treg
-219.55636134942617,162.32101456706357,0.0,Treg
217.79808567094955,-301.27151153777686,0.0,Treg
327.12898653017464,-203.22246693034103,0.0,Treg
21.892339827914373,283.6065334740817,0.0,Treg
-23.539747812539076,-358.5672775073541,0.0,Treg
208.0140111860247,-227.49619790661657,0.0,Treg
-235.77671073674972,-138.25800616701616,0.0,Treg
293.7569412117816,-271.23678014640984,0.0,Treg
203.9161602565177,-61.34903507471184,0.0,Treg
-77.2219831958615,362.3385883363883,0.0,Treg
42.83525641181332,269.1125806695235,0.0,Treg
61.71116956465862,-322.52430811279476,0.0,Treg
355.4120631479542,12.7619364668701,0.0,Treg
279.32688248750344,-242.89979605524303,0.0,Treg
-265.71358798402065,-270.0722516498858,0.0,Treg
-323.1787078848615,36.73204610060403,0.0,Treg
-345.3977881725597,28.683466004347082,0.0,Treg
0.379971293515799,-329.0893472083658,0.0,Treg
193.7211773485851,134.93636709564686,0.0,Treg
-174.21844331276287,-134.61771910080813,0.0,Treg
367.22975133500285,142.51130778992874,0.0,Treg
216.5193901470908,197.18380278032066,0.0,Treg
-151.28606477932212,196.66281882249774,0.0,Treg
-9.023715706667875,289.86896480461576,0.0,Treg
316.4974016778509,4.4951121378094925,0.0,Treg
-152.69390565029306,195.84449109181304,0.0,Treg
254.30994206655834,-79.58365746289485,0.0,Treg
-6.353121398901548,358.8066014627752,0.0,Treg
145.46940776486505,146.1545881908926,0.0,Treg
-341.9814434739322,-85.51866206681582,0.0,Treg
301.6131122704894,109.78746682685195,0.0,Treg
-210.2704823206064,9.656682530905499,0.0,Treg
293.137279457849,81.55446886118155,0.0,Treg
-75.20452963269203,-191.26416752983707,0.0,Treg
-21.160125179824863,-270.6278544975714,0.0,Treg
-225.22326611581371,7.065984986821602,0.0,Treg
-210.38974575193615,183.3986250221253,0.0,Treg
360.4475306432261,-38.478970668310126,0.0,Treg
-57.09924923966627,-216.11817993003206,0.0,Treg
303.0714439026948,-141.39062420523177,0.0,Treg
388.72373944095,0.03362626019243915,0.0,Treg
261.2645865348292,222.2760252227757,0.0,Treg
-158.3448504547891,177.10769301855882,0.0,Treg
-48.32977704919061,-229.8467760242763,0.0,Treg
-372.0617763751824,67.90491419767994,0.0,epithelial_tumor_class1
345.5905561993343,40.89884806275401,0.0,epithelial_tumor_class1
-92.23927891605784,278.53284171984524,0.0,epithelial_tumor_class1
-268.9408276165161,170.96082001723528,0.0,epithelial_tumor_class1
-198.80647940614276,243.75506335536312,0.0,epithelial_tumor_class1_class2
196.5028451158123,46.84175759597425,0.0,epithelial_tumor_class1_class2
366.4068516913748,121.35182259223212,0.0,epithelial_tumor_class1_class2
-341.2556266372343,168.39269629568153,0.0,epithelial_tumor_class1_class2
230.8881810992501,-24.19120095350354,0.0,epithelial_tumor_class1_class2
-228.0559822846464,-303.84942762289563,0.0,epithelial_tumor_class1_class2
-323.73302436188,185.81629474301187,0.0,epithelial_tumor_class1_class2
339.3461332825783,-132.59984022306884,0.0,epithelial_tumor_class1_class2
-39.39187580792543,307.0588101451352,0.0,epithelial_tumor_class1_class2
237.43156475953117,234.3545330570251,0.0,epithelial_tumor_class1_class2
314.5166478622017,205.5420481017911,0.0,epithelial_tumor_class1_class2
326.611364969385,-221.21524051143788,0.0,epithelial_tumor_class1_class2
211.9670980069006,322.4458444890898,0.0,epithelial_tumor_class2
115.04808766247677,361.6742761587955,0.0,mesenchymal_tumor
-251.26434669283552,163.66912917880336,0.0,mesenchymal_tumor
-122.1221229818919,-310.10155685460813,0.0,mesenchymal_tumor_class1
-314.33384899068534,127.0785776021852,0.0,mesenchymal_tumor_class1
-241.67660695954265,-267.64466356765786,0.0,mesenchymal_tumor_class1
305.43651109090024,148.3935881413977,0.0,mesenchymal_tumor_class1
-232.73239121601142,55.92844832035054,0.0,mesenchymal_tumor_class1
189.15238391748628,310.8491316812023,0.0,mesenchymal_tumor_class1
-115.44630261648926,382.68180698690946,0.0,mesenchymal_tumor_class1
332.8131597337346,-193.6109393526499,0.0,mesenchymal_tumor_class1
-336.21326582184895,-179.23968443359482,0.0,mesenchymal_tumor_class1
-271.06997432319906,118.57964742570626,0.0,mesenchymal_tumor_class1
-273.29843421689634,173.6296521982514,0.0,mesenchymal_tumor_class1
203.1309451754461,80.18839336126322,0.0,mesenchymal_tumor_class1
-339.91336720199035,-58.914790464529,0.0,mesenchymal_tumor_class1
287.12095817302253,-191.6558255211501,0.0,mesenchymal_tumor_class1
-173.1949161297235,-300.7828803682468,0.0,mesenchymal_tumor_class1
8.918100368629373,-213.18072962654873,0.0,mesenchymal_tumor_class1
-77.6040099468724,-265.34706947910286,0.0,mesenchymal_tumor_class1
167.50586086697402,-362.99945250971535,0.0,mesenchymal_tumor_class1
384.18317243156594,-78.6768851560155,0.0,mesenchymal_tumor_class1
-111.04134585047318,-190.99564020488006,0.0,mesenchymal_tumor_class1
354.4536989014784,101.01622535531027,0.0,mesenchymal_tumor_class1
41.613622354815725,-274.4987153345125,0.0,mesenchymal_tumor_class1
-2.241324045597521,300.71297083231286,0.0,mesenchymal_tumor_class1
-310.6491361906965,53.17798873744855,0.0,mesenchymal_tumor_class1
208.71035871169116,-58.721782640365504,0.0,mesenchymal_tumor_class1
256.9120508853368,-253.28277025636578,0.0,mesenchymal_tumor_class1
-366.29109682370364,-63.73993177696736,0.0,mesenchymal_tumor_class1
-181.9748543352473,352.30797458148805,0.0,mesenchymal_tumor_class1
-127.02673647115874,240.34016127961596,0.0,mesenchymal_tumor_class1
-308.34743586161045,17.657134434218452,0.0,mesenchymal_tumor_class1_class2
-243.17550855040338,35.75142103020279,0.0,mesenchymal_tumor_class1_class2
-35.28323020597681,-253.78937300465964,0.0,mesenchymal_tumor_class1_class2
277.656838176073,-84.1708372422515,0.0,mesenchymal_tumor_class1_class2
289.7288728757321,245.49015440959639,0.0,mesenchymal_tumor_class1_class2
-76.98363672489194,-325.50203239212976,0.0,mesenchymal_tumor_class1_class2
-46.64042598568203,299.38068857668776,0.0,mesenchymal_tumor_class1_class2
-134.41314078729852,-203.5203286402486,0.0,mesenchymal_tumor_class2
159.14221853981755,172.25470157511688,0.0,PDAC_unclassified
-257.77787666703193,22.01145510523346,0.0,PDAC_unclassified
-10.182914915914099,299.3205215895132,0.0,PDAC_unclassified
-192.13025796045358,-59.05118206178586,0.0,PDAC_unclassified
114.17533013838231,323.2971156927229,0.0,PDAC_unclassified
156.05915655016022,-300.1962239214778,0.0,PDAC_unclassified
-232.8885681276581,115.81574825795859,0.0,PDAC_unclassified
-295.7002972364508,24.258052897131783,0.0,PDAC_unclassified
71.67392244954762,-369.8764280336706,0.0,PDAC_unclassified
147.4534074483638,-330.3263109527464,0.0,PDAC_unclassified
-353.03712230454624,-96.91395079198716,0.0,PDAC_unclassified
147.08894955407263,311.0110303420518,0.0,PDAC_unclassified
288.8181224253505,128.6787524200431,0.0,PDAC_unclassified
-67.3816314349867,-239.1604366894073,0.0,PDAC_unclassified
141.42241193951415,281.3106656432994,0.0,PDAC_unclassified
-254.77392098020175,103.87812701363315,0.0,PDAC_unclassified
-177.26060904025312,157.60006714889084,0.0,PDAC_unclassified
