x,y,z,type
-319.6468925937836,1.7289309166989404,0.0,CAF
337.1623276114594,123.6776317966273,0.0,CAF
-196.50351615523192,-208.7476989325203,0.0,CAF
-370.05663412761055,132.65410624804034,0.0,CAF
79.2285102730552,-385.80831165750476,0.0,CAF
-76.03938504499521,-273.41571638808443,0.0,CAF
-239.73562718958948,109.60765277180558,0.0,CAF
-74.23471658732504,-204.4700604671615,0.0,CAF
277.7032879283361,185.85475813267365,0.0,CAF
353.6944294572583,61.44764387043702,0.0,CAF
266.454955227636,-99.710835821521,0.0,CAF
-261.6898856390328,-184.09463169017735,0.0,CAF
-72.5734687840854,219.89910331810313,0.0,CAF
-224.7604032485606,226.8091599659632,0.0,CAF
-333.1651479683225,-148.59031048917518,0.0,CAF
-321.7396239137737,-117.24976194688942,0.0,CAF
-13.671762433588182,-386.271448799846,0.0,CAF
243.91061559824558,180.12205354999324,0.0,CAF
-260.80838255565476,276.7123104131349,0.0,CAF
-258.6874595578061,-13.17819418850389,0.0,CAF
184.82134808673501,177.50974040870193,0.0,CAF
-121.04450289432984,293.74281697716634,0.0,CAF
208.52383710523395,338.9808031542371,0.0,CAF
23.928494380232483,372.2926201185045,0.0,CAF
-30.159725653227408,296.3400099019008,0.0,CAF
-337.1020871145984,191.6006862860276,0.0,CAF
-207.69242558514838,-103.36522006939599,0.0,CAF
310.7526019800705,-76.96373976146901,0.0,CAF
260.8495294334465,-49.11914364037978,0.0,CAF
-144.8900849996929,208.8239674275435,0.0,CAF
-177.7912737640714,-255.07177400709506,0.0,CAF
97.35464122237558,-250.31425585620866,0.0,CAF
-123.51515711399486,318.37812725372237,0.0,CAF
-212.60997962081686,18.11110028697605,0.0,CAF
-95.21592233596147,337.41440079564535,0.0,CAF
-12.070302346945653,-375.1529920231068,0.0,CAF
-209.53185197615534,-253.07160193131898,0.0,CAF
-11.439162669436415,-202.60563509611353,0.0,CAF
-296.5349973219315,-131.1780163957013,0.0,CAF
-118.77386257989964,262.0074521623833,0.0,CAF
138.47447341373632,232.02412682476924,0.0,CAF
68.18611100741951,236.35856269527068,0.0,CAF
-238.0189042473554,271.5465373261552,0.0,CAF
-205.96758246539605,-219.16657258905576,0.0,CAF
311.96293640038243,-118.63586762568154,0.0,CAF
168.25593165017207,-139.535522191371,0.0,CAF
-298.3218714313509,70.98621281545421,0.0,CAF
-187.9549119036422,233.23036377187412,0.0,CAF
-17.341476567024902,210.28230112087508,0.0,CAF
-176.03824717366726,114.75310691376275,0.0,CAF
126.16855381551117,-175.77747247408635,0.0,CAF
-148.81298520114427,160.42527246735563,0.0,CAF
-8.396183718769931,-341.26603440945485,0.0,CAF
108.55818822879169,318.729553734155,0.0,CAF
-66.39470457436249,278.5679073822287,0.0,CAF
367.8246895525536,-135.12693014249635,0.0,CAF
-45.54298345746478,202.82246121762046,0.0,CAF
286.57100427429975,166.53300470680543,0.0,CAF
-130.3093112681552,196.7419291510964,0.0,CAF
367.2672109277439,10.198012722260003,0.0,CAF
-336.1621474188223,35.615001051284935,0.0,CAF
22.859418191485712,333.59917684532945,0.0,CAF
239.1611708899607,267.6107797844806,0.0,CAF
145.43126915963637,-364.7149970828173,0.0,CAF
-332.25621223356467,112.86301586187037,0.0,CAF
220.85854006870142,236.86316499064117,0.0,CAF
-362.1127824665624,10.650338579777667,0.0,CAF
-14.97948246049066,278.0638183299733,0.0,CAF
219.8559929072462,133.220360036832,0.0,CAF
-242.82105228711438,272.1815471409692,0.0,CAF
80.10582403504695,307.49038246489965,0.0,CAF
208.27480710462982,-249.96341661727755,0.0,CAF
-317.80667675957295,-228.79147844258037,0.0,CAF
353.97462310527874,112.25558285160173,0.0,CAF
-143.34353007649773,-263.2373383504878,0.0,CAF
81.19903030575341,-269.40053804099955,0.0,CAF
309.71398750212654,-225.01778692884417,0.0,CAF
-217.1093141749947,-191.3245437472565,0.0,CAF
-295.6260186220234,-239.86907113702034,0.0,CAF
-112.3828325978778,-315.41323683831985,0.0,CAF
-233.9839792381968,88.00525112660827,0.0,CAF
-73.39395862059905,-363.12709815045514,0.0,CAF
-100.90909390638483,-215.918114549883,0.0,CAF
-163.06946035204405,128.52157395987913,0.0,CAF
-215.06799532756108,-15.120634196740893,0.0,CAF
175.52210752679892,105.23690478978965,0.0,CAF
-176.39184827880683,-304.3963731553783,0.0,CAF
302.7839822426647,-156.68032769269962,0.0,CAF
-189.1699396298687,-186.25276058942544,0.0,CAF
-223.91607369970626,-212.41310606535845,0.0,CAF
107.30385541849668,350.7617798880695,0.0,CAF
-205.566401286537,-179.34239000435124,0.0,CAF
176.38176087572216,223.4644123728713,0.0,CAF
-328.78100045788614,-97.36651783240524,0.0,CAF
-245.3050410930346,83.796465028409,0.0,CAF
263.49112520776583,8.286934494709426,0.0,CAF
56.79358450795474,-225.78245626461853,0.0,CAF
-318.8707079857593,182.45686307364957,0.0,CAF
388.6303047285969,-36.65563829185105,0.0,CAF
202.98300911833508,167.28375162819808,0.0,CAF
174.28312620610563,163.1103204376895,0.0,CAF
-101.88246332160313,-198.87086734226978,0.0,CAF
262.70222476744215,-254.26036434797555,0.0,CAF
-53.17014088949957,213.07928309744253,0.0,CAF
-374.2564651782807,69.33559493883931,0.0,CAF
117.77169507252164,-287.20630923795795,0.0,CAF
-278.6919428684522,144.28884739036428,0.0,CAF
-335.91513672276915,-116.34864607363869,0.0,CAF
318.8939974810795,-163.87598164693043,0.0,CAF
142.3438023995509,205.53305013043533,0.0,CAF
184.4285452642622,-117.72766259778109,0.0,CAF
136.0403538093045,-190.10214811910413,0.0,CAF
-207.38393182725846,261.8371603029505,0.0,CAF
288.6205791254987,-178.45102397150347,0.0,CAF
-357.30087395881577,-150.42332613137623,0.0,CAF
-61.09764055312541,-337.52306611804954,0.0,CAF
169.82195034167975,112.25558501164682,0.0,CAF
-310.77961502715476,-8.025764054279527,0.0,CAF
-355.83547026400396,-24.778810029802802,0.0,CAF
-180.382546448415,261.0719635555347,0.0,CAF
179.2099120765028,-290.4434569330669,0.0,CAF
-38.37403640949394,204.27736834338367,0.0,CAF
263.9496942214214,-163.61291040927125,0.0,CAF
125.97703721388842,-305.89077522830706,0.0,CAF
-172.0728044526826,-108.85476092414466,0.0,CAF
105.44501674669742,288.1579442059841,0.0,CAF
56.75837019519302,-228.0768585664475,0.0,CAF
-2.5132193443063553,-392.6084327831993,0.0,CAF
-312.76353538287356,72.31186730537438,0.0,CAF
-331.94950785392336,-105.2506003338753,0.0,CAF
-67.43234443068104,-256.672860377325,0.0,CAF
258.1816789006009,56.52274334615535,0.0,CAF
-159.1490332972409,-139.11842598603934,0.0,CAF
-324.0791287490833,-130.47243374655116,0.0,CAF
-234.29214427968984,88.09699697863353,0.0,CAF
-45.734542162403635,-229.72795395834848,0.0,CAF
-205.89875433626207,39.17341946980031,0.0,CAF
-138.05054487412045,258.0066268737873,0.0,CAF
-198.21360512190913,254.5584626091707,0.0,CAF
20.676066637607665,-272.91982102870014,0.0,CAF
-334.2430265081071,-73.04629856727568,0.0,CAF
252.0081148124399,-242.77024984824249,0.0,CAF
124.47951308797182,260.7503239849628,0.0,CAF
332.15731965502465,-137.4001318898593,0.0,CAF
-333.57489896953194,207.5917305947311,0.0,CAF
-181.5486531222367,91.16498173781979,0.0,CAF
162.85629994124173,233.44600355712558,0.0,CAF
-360.1519680829397,-38.009204670141514,0.0,CAF
-373.55170166707626,-15.868104337218869,0.0,CAF
-161.97104360608688,258.6199212381439,0.0,CAF
159.3379901569378,268.86635159513867,0.0,CAF
-358.70943738444436,27.74017209757842,0.0,CAF
-26.31498834658286,-238.55273178253444,0.0,CAF
-219.6122069803388,10.852771771436302,0.0,CAF
139.0785683747317,213.40229816465833,0.0,CAF
-380.3773114721577,-55.12260149033712,0.0,CAF
-188.7561625971694,131.92347262284724,0.0,CAF
202.22454959905747,154.80725718247726,0.0,CAF
147.91707265039983,266.4721087269976,0.0,CAF
-300.163482295256,-239.32438996974815,0.0,CAF
152.5261889514431,178.07473958699148,0.0,CAF
-376.0858570025335,-84.71107097436096,0.0,CAF
-237.53756667988907,148.93984199805823,0.0,CAF
-122.771718917871,366.54510099979217,0.0,CAF
117.43651297824644,174.23198371891544,0.0,CAF
-196.7283454020448,235.90262982450238,0.0,CAF
322.06062622175006,166.95032173594714,0.0,CAF
96.34390031385755,-184.82443196937055,0.0,CAF
322.0202657307864,-111.0676411455221,0.0,CAF
-62.95808826577408,237.6427775698806,0.0,CAF
-50.65844388415445,272.28928912816616,0.0,CAF
-35.9986169005622,-391.10159902316775,0.0,CAF
108.56188553053538,247.34504750188194,0.0,CAF
-243.7504860119443,142.4719356231691,0.0,CAF
300.22002025846007,-127.59904751653697,0.0,CAF
113.37649404020586,340.6280267031776,0.0,CAF
-185.7825300878215,-204.97230697546914,0.0,CAF
382.47559256999045,-6.6107986002026164,0.0,CAF
51.52090199745954,298.5597601493562,0.0,CAF
178.26390183872914,-110.0286691205173,0.0,CAF
184.1448190926271,-291.9663682570887,0.0,CAF
-112.30307575725223,-173.90052125247956,0.0,CAF
-385.2971950519116,29.530715914215204,0.0,CAF
244.4004501533368,-198.53594096890313,0.0,CAF
-212.83146843265257,-96.5294906162165,0.0,CAF
250.8116685563118,-168.7568255154806,0.0,CAF
-27.28650463781849,-224.5803644070615,0.0,CAF
80.8621559949186,356.61795797198545,0.0,CAF
-238.42953119041343,7.505816172346195,0.0,CAF
-156.99299644294373,-301.9546089721487,0.0,CAF
111.33921798445614,324.2544469895958,0.0,CAF
-226.11216574258447,147.51569731321092,0.0,CAF
164.78983595280826,-359.77766909163796,0.0,CAF
-68.74720325270954,324.28325191143415,0.0,CAF
90.90960802926986,-250.70234843657062,0.0,CAF
60.913789283557506,325.60066150442947,0.0,CAF
240.34904075426752,-247.8363123797834,0.0,CAF
76.11812481849867,-233.44098927676302,0.0,CAF
-267.9756999760377,-92.33271543205746,0.0,CAF
-278.54152030785576,230.1323092238384,0.0,CAF
157.39879294792695,-365.4192716528338,0.0,CAF
-335.44303583537794,-24.35358050797107,0.0,CAF
288.2640757836283,119.94263459999247,0.0,CAF
-148.4806621448184,-263.18611067384234,0.0,CAF
183.24913977833484,-235.56752765443497,0.0,CAF
-213.27771453070116,-184.9189492089821,0.0,CAF
-239.8191154122529,7.556326147211597,0.0,CAF
356.4883149011794,5.441591909103434,0.0,CAF
310.91200572564924,-133.3704721871702,0.0,CAF
-192.3532954315802,-226.02048541942085,0.0,CAF
52.6521035578364,349.6867230137454,0.0,CAF
-158.5506664225501,-129.93587112041277,0.0,CAF
277.55949169918983,-275.8098221005209,0.0,CAF
6.672741545318121,-364.828125229225,0.0,CAF
-72.38996882838518,195.24648212637754,0.0,CAF
-265.2842821542556,105.91267384130954,0.0,CAF
177.66776940829007,-205.99596592315245,0.0,CAF
-308.17320941132397,200.79637118350578,0.0,CAF
-71.21282886606191,195.24002828481622,0.0,CAF
278.5942709206132,102.54634118159545,0.0,CAF
-325.75460190173214,-88.29179587579874,0.0,CAF
-287.49205103891467,-64.60815108984922,0.0,CAF
-179.69892318167442,-319.8511035471097,0.0,CAF
-340.7663966755814,-182.08663996577,0.0,CAF
-25.707428071476894,-314.0987597319189,0.0,CAF
-315.5689178448752,169.6725837942389,0.0,CAF
239.7298199719848,256.8329561048072,0.0,CAF
224.04968606215905,3.665956644102181,0.0,CAF
-286.123737020876,-206.3659177038006,0.0,CAF
-242.767146330735,260.8604720551198,0.0,CAF
-226.16524710221404,-158.41140588908488,0.0,CAF
-210.94217357356655,-0.730590532427832,0.0,CAF
-164.46117082063807,114.057498664132,0.0,CAF
17.445749023468295,292.1684044433369,0.0,CAF
359.0364498969476,66.25980031035083,0.0,CAF
51.62570887825401,-304.4750876533313,0.0,CAF
-320.3841263328865,84.73993833871083,0.0,CAF
-183.06327533146657,148.03536674182726,0.0,CAF
-356.0263015897315,43.60494437622676,0.0,CAF
232.44948064919896,123.71402763497704,0.0,CAF
-206.61609976997417,-97.30412141996416,0.0,CAF
340.2803803203598,-113.79782033186812,0.0,CAF
313.1106885815006,237.3927963467432,0.0,CAF
-52.65487780691382,325.3611448621799,0.0,CAF
306.1523306171828,-135.25362469237908,0.0,CAF
292.7500225905831,6.025007544259567,0.0,CAF
261.79397371146666,277.236157163245,0.0,CAF
154.72222619306822,257.83705352763496,0.0,CAF
-237.37845516359684,49.87076305538508,0.0,CAF
-334.3091337692744,-46.71250012521694,0.0,CAF
226.86829198974,-81.63991469239322,0.0,CAF
-202.60414451943223,-23.378446871866046,0.0,CAF
204.9822573608265,158.5672339328586,0.0,CAF
-27.49273224718964,366.9899277953687,0.0,CAF
292.8976543677734,-262.099316532766,0.0,CAF
376.90519996008777,119.69303558414443,0.0,CAF
-292.93403544060925,-188.43612826927372,0.0,CAF
4.209804490164579,-296.94324272415497,0.0,CAF
-33.097564362067814,-372.02481930785035,0.0,CAF
333.02775908461547,118.87865443937834,0.0,CAF
192.87214067817672,68.38699239111877,0.0,CAF
-334.9384263874816,202.57359102601282,0.0,CAF
199.03546582703115,-49.00599884738614,0.0,CAF
-257.96544732228585,174.90574580101324,0.0,CAF
171.25423875198663,-284.96187302150236,0.0,CAF
24.54415678628397,213.62882451701114,0.0,CAF
-365.25998629561855,-77.99560202933418,0.0,CAF
-204.28367649024872,-106.98218622778077,0.0,CAF
-119.15216370191474,-327.2664891306536,0.0,CAF
284.4870514063732,134.3555301142997,0.0,CAF
331.44785026805357,177.35437906875475,0.0,CAF
-85.0840984230777,-236.72999095912968,0.0,CAF
-205.82697302977854,328.3405849730798,0.0,CAF
-223.99048266617626,-317.1863994686232,0.0,CAF
-146.60487214541567,-166.76682115095917,0.0,CAF
-98.1857991859643,-296.8090624188644,0.0,CAF
-66.25984902569331,347.933882477088,0.0,CAF
-64.3818693928262,342.7210248464145,0.0,CAF
-382.9965070513562,-35.900784337579026,0.0,CAF
230.1167574978996,105.65427283042689,0.0,CAF
-180.05697029007897,208.06866838885966,0.0,CAF
31.493419197984945,388.96247733124306,0.0,CAF
83.50449692879874,-385.25845144281016,0.0,CAF
-232.75350857839655,-90.80734686384974,0.0,CAF
-231.70331227754093,-21.02371826772015,0.0,CAF
-284.1605665462444,-224.53340122953443,0.0,CAF
263.39497457423,-0.8308422350198014,0.0,CAF
-300.5559456216861,-196.92602984980928,0.0,CAF
-132.30345670633184,219.60022200692586,0.0,CAF
368.1905262957975,-45.73790512493644,0.0,CAF
-180.990503317602,125.92242182865331,0.0,CAF
-352.699188021058,-143.64330358333004,0.0,CAF
-309.17252839101263,-147.00091230264394,0.0,CAF
258.48140496481693,-82.82245731862187,0.0,CAF
-134.6548350143007,224.71625013032602,0.0,CAF
-226.37098865984885,-19.856016940900634,0.0,CAF
-277.5438902914115,-149.50174232239115,0.0,CAF
238.8022953847596,-144.34356855039886,0.0,CAF
292.5589636458933,-58.301536180389476,0.0,CAF
77.58224599683356,283.53868858699406,0.0,CAF
304.44435602859164,-116.95265058528253,0.0,CAF
-106.7436897928643,-371.05805101904934,0.0,CAF
294.0638008379264,-239.34793964902804,0.0,CAF
-311.7592357175375,-211.66910555584013,0.0,CAF
-258.0967689173343,-211.6535000096997,0.0,CAF
-270.9891508149422,-208.36079160419652,0.0,CAF
-288.1340990881391,-17.18342102805935,0.0,CAF
291.0494567149286,-113.76577742182717,0.0,CAF
-364.40390870084116,59.89030685218668,0.0,CAF
-266.9135371837699,-15.379109430067931,0.0,CAF
-61.221050144296186,254.39575626638026,0.0,CAF
-305.91041493498307,-106.4877381891179,0.0,CAF
110.4681523407122,-243.6170326716025,0.0,CAF
-5.3678292275661,-373.6453074016859,0.0,CAF
369.79847805101673,12.479486392752495,0.0,CAF
-290.96288047387105,5.328889804671071,0.0,CAF
-144.93806257085694,-210.68300966449522,0.0,CAF
-3.8384925520802216,-249.26333517634922,0.0,CAF
368.6112922370989,-68.33376196112808,0.0,CAF
389.03718668141204,-24.10131364100854,0.0,CAF
-30.664704922717036,283.7739031573123,0.0,CAF
280.808392011468,117.65678083501236,0.0,CAF
-264.4631285525432,62.08716583326446,0.0,CAF
-130.80447650447502,370.2749980231149,0.0,CAF
-186.90780383698203,141.05403833456685,0.0,CAF
88.55608328985264,350.4324856270892,0.0,CAF
16.483353032106784,-258.60102022792296,0.0,CAF
-327.52117367324485,229.4253787214424,0.0,CAF
43.43267130693873,-393.58665584530615,0.0,CAF
139.99462134454475,-220.19703253567633,0.0,CAF
-362.0873138195307,13.956093300266382,0.0,CAF
291.62582488271596,103.46048321079108,0.0,CAF
-108.94911382147461,-245.508409940246,0.0,CAF
-182.11274245127498,-91.50622278198634,0.0,CAF
-211.5354319222598,-74.8490107917122,0.0,CAF
-161.55405069945817,184.07745369865327,0.0,CAF
210.85347635361936,325.64475988873244,0.0,CAF
349.1607543661531,-97.83869523468292,0.0,CAF
-144.1597427494094,264.3424745397559,0.0,CAF
-53.698285619805574,-387.88190120044834,0.0,CAF
-47.573395766453324,-232.62956256610184,0.0,CAF
-131.72116170162428,-339.4629110721078,0.0,CAF
-305.06981026170445,85.26616170123108,0.0,CAF
-83.83939347455583,361.98291979965734,0.0,CAF
-234.35003212658341,-222.56982201544963,0.0,CAF
247.12848086263088,280.319171640842,0.0,CAF
8.83001988034044,336.64265184193306,0.0,CAF
-168.5528377449789,-199.30297416533983,0.0,CAF
-161.51957324328563,321.82144567469095,0.0,CAF
116.76636357943009,364.72731344079295,0.0,CAF
396.0270581074004,-1.7486404064311292,0.0,CAF
-308.97563565135744,165.3127270462179,0.0,CAF
237.078830531875,-111.835350175852,0.0,CAF
161.0553467583279,-175.30219376420894,0.0,CAF
-152.77440365873886,191.94037581136072,0.0,CAF
-304.0333820882176,-182.99887141620636,0.0,CAF
-168.8611941802982,343.8793010758895,0.0,CAF
201.097076115273,-110.91997723416083,0.0,CAF
-332.9103002317672,207.26106468766235,0.0,CAF
304.00942010364196,-42.335145565594175,0.0,CAF
293.73164997882185,154.13500058429665,0.0,CAF
-102.96121904690081,-301.27931853734395,0.0,CAF
-46.267724398222086,-283.3025247215539,0.0,CAF
-382.3023893114827,-47.4375355424353,0.0,CAF
323.2495026685295,-33.18227415755385,0.0,CAF
-287.9979109637607,-87.90048449509484,0.0,CAF
34.54811104848232,315.32520106454933,0.0,CAF
-340.36576401185044,75.25964148872683,0.0,CAF
-76.27984409888144,218.70139261378614,0.0,CAF
283.54770508609744,96.85954781842399,0.0,CAF
346.35113535021054,-4.913732800224802,0.0,CAF
-233.95389688063898,-205.27951072827946,0.0,CAF
42.78751720067091,-373.0230785928363,0.0,CAF
280.12213673419933,-7.599388060078548,0.0,CAF
90.76052313147785,231.25755569146767,0.0,CAF
-134.96919327617113,312.2558201271339,0.0,CAF
266.4532220369724,-154.29671793125812,0.0,CAF
345.61795353662006,3.905998847827243,0.0,CAF
-137.70022229451325,262.6914695757758,0.0,CAF
178.36068401469396,242.02562199614363,0.0,CAF
324.13557293726916,92.30422764779217,0.0,CAF
-227.65031632425405,-79.79855385601796,0.0,CAF
269.606217477482,263.5185815455038,0.0,CAF
249.39683251030223,94.80198399608157,0.0,CAF
-146.657499747473,264.83611344218644,0.0,CAF
-95.81557661126412,-205.14221576647662,0.0,CAF
-64.6092990057795,228.7416297333359,0.0,CAF
196.86100122821455,-255.63485767103037,0.0,CAF
-25.206045154447313,-327.3346534896971,0.0,CAF
-237.41308132926542,173.923778976434,0.0,CAF
106.49358899866974,-239.73875276829827,0.0,CAF
-201.077732579346,-14.676413573322177,0.0,CAF
337.15078187800646,-97.55492909888811,0.0,CAF
-290.996035560156,-5.06559443737275,0.0,CAF
231.71910288761993,-184.4541081424525,0.0,CAF
-235.71826767297512,-302.5556958301543,0.0,CAF
-97.21471504567464,-330.0898487812363,0.0,CAF
-182.84367382337064,-351.4282808117735,0.0,CAF
-102.10111168895783,227.69869783531894,0.0,CAF
-108.7304962819967,307.4047578182471,0.0,CAF
299.8683253956802,-5.2902268704794855,0.0,CAF
154.34891096499845,-317.7454039176299,0.0,CAF
128.5242130986294,325.9662565540323,0.0,CAF
150.6736279177858,350.23299537573763,0.0,CAF
179.60408230489486,98.66957980997252,0.0,CAF
-199.67573314907744,-279.2568657790075,0.0,CAF
-228.82588386870233,-228.01929565661936,0.0,CAF
246.96975844262872,60.99477727429814,0.0,CAF
-178.35954734270123,-175.23895708541733,0.0,CAF
-98.57349543197401,343.43165243930866,0.0,CAF
-38.12659634048584,368.3633155620003,0.0,CAF
-385.7235549813682,-84.41221861883751,0.0,CAF
-102.7705151006294,257.1696251916674,0.0,CAF
-193.60234816985636,-240.4689969764764,0.0,CAF
23.341264087921978,-301.3800596105391,0.0,CAF
368.23151290750013,-145.49266677769603,0.0,CAF
-226.03068590621504,-21.550674884865124,0.0,CAF
-306.92084220941206,195.5380992084768,0.0,CAF
131.18847257903832,-351.1655545060319,0.0,CAF
337.8801190159048,-29.901807069066077,0.0,CAF
-127.34033986785519,313.11123910424624,0.0,CAF
149.34559969172457,-232.78287153705398,0.0,CAF
-374.0857258447138,15.152406130117795,0.0,CAF
330.4713725562802,-93.33578853281449,0.0,CAF
-126.43968338013443,313.63755897225775,0.0,CAF
-189.0852754016616,-69.48999545767609,0.0,CAF
-328.9935116865939,147.12301781074603,0.0,CAF
-37.47259555246802,-273.61942670389413,0.0,CAF
-49.68778130749637,306.41089223282694,0.0,CAF
246.15340973883357,261.0046052348032,0.0,CAF
-64.31386309629342,-234.18298066092007,0.0,CAF
360.5326574523223,61.99778133206369,0.0,CAF
47.12146974798472,245.5284932945429,0.0,CAF
139.80438153948353,308.4672651767406,0.0,CAF
-175.53025389698158,-182.3263909046169,0.0,CAF
-230.1951860171108,-242.5350784466242,0.0,CAF
-57.08323986649012,-204.07422913735772,0.0,CAF
-197.75650696698,173.3245116038666,0.0,CAF
367.79911302927394,30.00424625144064,0.0,CAF
-264.08324923135405,-284.88445173817155,0.0,CAF
205.16256551203884,-62.86738916017267,0.0,CAF
237.7629371120965,-305.3973560184381,0.0,CAF
192.43642574168496,-179.58369858953543,0.0,CAF
-117.09158890625403,-163.5643077090096,0.0,CAF
83.84572178091082,375.06444094039074,0.0,CAF
-347.2449182394679,-132.0549736911958,0.0,CAF
-374.0301564250782,-12.214719822771606,0.0,CAF
-104.80180892061918,357.3262083419487,0.0,CAF
-82.9467678442151,228.2985203069049,0.0,CAF
208.0116297612023,-168.21934666659126,0.0,CAF
203.55875953757342,327.2519369902906,0.0,CAF
278.8819988701002,39.08590215982438,0.0,CAF
-236.1359422044647,164.1809374556558,0.0,CAF
-85.10964611705937,206.76876176520315,0.0,CAF
377.24785858837674,88.31179980295349,0.0,CAF
-114.88768043937569,324.0469004804106,0.0,CAF
263.25076021465117,-69.01408112071776,0.0,CAF
-272.53482544073864,-56.68613172623716,0.0,CAF
1.1163156402414036,-379.96659440275533,0.0,CAF
289.50154798273985,93.96366760805304,0.0,CAF
249.71177925992723,77.28531809301471,0.0,CAF
-146.2948676343702,-184.87395666028473,0.0,CAF
-87.30225524799147,-291.6860632256678,0.0,CAF
94.89973654244419,277.44468842630306,0.0,CAF
-245.57539429353255,-288.6139960900202,0.0,CAF
305.6720547774092,-246.3500636438765,0.0,CAF
319.1163985912267,107.42307710992633,0.0,CAF
234.87387651556577,-79.94143959030313,0.0,CAF
-132.74214710971384,-196.2051476083348,0.0,CAF
358.0430492805614,14.224459656472696,0.0,CAF
-381.9634837491236,-85.58560258328187,0.0,CAF
-148.8927725723578,-342.7318467919185,0.0,CAF
-142.36783605048856,-266.38433177362117,0.0,CAF
202.08423920467868,-245.5131626358251,0.0,CAF
203.41095706222546,-83.50122041259714,0.0,CAF
345.51565475214784,34.809027378880735,0.0,CAF
-203.16033991257007,-119.28334317372911,0.0,CAF
72.50693262937332,295.29632656963446,0.0,CAF
118.6613363590355,-194.942009367214,0.0,CAF
-327.11377815639406,-220.3169734691388,0.0,CAF
-204.08355273187928,165.77730245899477,0.0,CAF
45.939827155055745,263.93387897582096,0.0,CAF
-308.89616303261863,-50.017392765634334,0.0,CAF
-245.39160219521557,301.6934949778367,0.0,CAF
142.63280260946578,-158.29261333807173,0.0,CAF
40.75334976288204,-269.9231541945837,0.0,CAF
-264.38195151219855,-236.49752310089022,0.0,CAF
-31.03557685577618,336.52948463943983,0.0,CAF
145.51292514973312,243.07102386896912,0.0,CAF
-217.02099325005676,-107.92362255276058,0.0,CAF
-136.15518424878988,151.1966993768322,0.0,CAF
-51.9338190107039,375.9169324536419,0.0,CAF
-354.89722721422515,40.15160636960678,0.0,CAF
218.59895463382082,106.95185639432479,0.0,CAF
25.215823446420114,390.0794861917325,0.0,CAF
-325.0254028899321,207.48310921913182,0.0,CAF
-221.51470727166088,281.50095663041554,0.0,CAF
214.2987364703843,-292.97967725615996,0.0,CAF
-29.488416394770095,-199.5069610446936,0.0,CAF
94.3879059916132,207.08794052714364,0.0,CAF
288.16248443187317,-71.36242310870713,0.0,CAF
154.37259378837157,220.6534983348207,0.0,CAF
-82.35856904167132,-292.5016560312027,0.0,CAF
348.36142860541923,16.189373240660235,0.0,CAF
319.6507874281,186.7481478154824,0.0,CAF
135.44135758317805,180.52179063851514,0.0,CAF
-382.9102428577178,70.25371617573394,0.0,CAF
-160.93880183759205,-171.7804721623638,0.0,CAF
297.8042102435937,221.47243253193486,0.0,CAF
-171.77224015785467,-208.87200037332505,0.0,CAF
252.8195787486041,37.24284708467178,0.0,CAF
-30.990591854855076,350.0999319695941,0.0,CAF
149.75125331714898,-186.30362718045686,0.0,CAF
-77.41021597509285,-311.99662142688425,0.0,CAF
-79.93611196582746,388.32995976693616,0.0,CAF
151.421351251571,256.96013108590546,0.0,CAF
28.284482267656728,-375.21805700040613,0.0,CAF
-101.10380382563453,-378.31888097416555,0.0,CAF
-33.10622793567017,379.17350959641277,0.0,CAF
156.9793723924989,226.99618508700576,0.0,CAF
293.90418818250896,77.21617814733904,0.0,CAF
35.11661502923261,-276.2635921392546,0.0,CAF
-326.56358613738814,-46.98130551785389,0.0,CAF
-149.1389869287948,-154.78905238645294,0.0,CAF
-9.268154015804747,-339.65943970931846,0.0,CAF
-350.0088507728093,53.81405145483109,0.0,CAF
-327.3645378498147,-193.97206447337672,0.0,CAF
-253.56487074911485,57.79714035897357,0.0,CAF
-98.79532865611662,304.646231443857,0.0,CAF
118.07070538517547,338.4316610743497,0.0,CAF
-263.11815903222305,175.9268223723999,0.0,CAF
300.9784973693615,65.18638346021498,0.0,CAF
350.3574394495924,-104.42575140879174,0.0,CAF
-247.77106309734302,312.7090814611938,0.0,CAF
306.0789262658165,237.03880626010945,0.0,CAF
69.16115132409493,290.4070704618514,0.0,CAF
-257.9352221064205,-241.03068729062022,0.0,CAF
265.1795880539138,-165.48338206242693,0.0,CAF
220.15468804908744,-149.5222893931921,0.0,CAF
-342.1310982552481,179.78147604160677,0.0,CAF
-205.31141456419616,-136.5943592425169,0.0,CAF
105.46748748162986,-378.3608942525789,0.0,CAF
-238.0747826314465,-224.3417790814219,0.0,CAF
-361.4726355688905,-89.94706965651261,0.0,CAF
393.82760850592416,34.10031167936282,0.0,CAF
46.28895743263855,217.4744157681899,0.0,CAF
154.9379933134791,222.41690283559677,0.0,CAF
-328.24775667517804,-195.05132628250988,0.0,CAF
237.93774713022245,-32.345629224366306,0.0,CAF
-258.1787947382561,-204.53236034950143,0.0,CAF
89.15580530983378,250.6930888911947,0.0,CAF
171.57361465729085,-144.80361151264043,0.0,CAF
-201.10551215831654,-344.78827738057606,0.0,CAF
-185.38655284253704,-124.80333865792281,0.0,CAF
-207.4269488389928,127.5419206838927,0.0,CAF
304.70610886521683,-33.39085273216147,0.0,CAF
203.22044176490311,-72.87052375407963,0.0,CAF
-323.00634112432425,205.29585954819277,0.0,CAF
321.24397592296543,59.787423597127216,0.0,CAF
69.59933066385186,336.27148039137865,0.0,CAF
-213.56819877547156,-60.31867321402985,0.0,CAF
-60.82309814985624,283.4046511583385,0.0,CAF
-186.67671103027834,260.9585642300463,0.0,CAF
65.92470060578714,-315.9768314973097,0.0,CAF
-307.3966269107093,76.95307532176629,0.0,CAF
-224.5401128807092,106.31832045479491,0.0,CAF
358.40182875067825,-165.78997347224916,0.0,CAF
-261.5814315038663,233.56861684198296,0.0,CAF
366.2632317804242,30.26241591379042,0.0,CAF
112.7013922139984,-192.53482463514098,0.0,CAF
-302.85659901253996,-242.7646271025747,0.0,CAF
-337.012925660949,-199.76226987330637,0.0,CAF
-110.31041159240918,243.43188347305968,0.0,CAF
313.5942701366781,180.85510976626833,0.0,CAF
160.3864208804981,-152.29363261982024,0.0,CAF
86.4058219907024,-276.62226689136867,0.0,CAF
353.35070250896194,-32.56820280936436,0.0,CAF
207.40061518497865,-248.68337622157338,0.0,CAF
390.05381816366946,-81.73365478621491,0.0,CAF
13.717377033902517,268.9698938987724,0.0,CAF
152.8423845849575,-154.63156941423043,0.0,CAF
-394.43197609421736,-50.80436550492591,0.0,CAF
-189.52798146084254,234.2925616274427,0.0,CAF
-92.9336637326785,-345.165000355505,0.0,CAF
-117.1272598160559,227.47094658923336,0.0,CAF
163.81676622490548,218.55322881491088,0.0,CAF
281.0842460780245,-270.61744155780724,0.0,CAF
355.5622404239817,123.66537746602702,0.0,CAF
-167.17712365896148,287.79864802287926,0.0,CAF
165.1085243925769,-168.5003034486463,0.0,CAF
-238.54897006417357,33.16451251085168,0.0,CAF
-1.1154034373924206,-238.68928768652964,0.0,CAF
-137.84462310573025,-304.1095674175911,0.0,CAF
283.0297642063293,3.494959929099554,0.0,CAF
168.2841349789426,221.47154195144313,0.0,CAF
-172.84780344649636,157.27740384213266,0.0,CAF
22.047657260985044,274.5430239115597,0.0,CAF
270.5002047682482,142.7886286164262,0.0,CAF
-142.93100655960615,309.59351286720175,0.0,CAF
392.7462691135173,32.928122755866916,0.0,CAF
286.5475478799794,-49.1559867422941,0.0,CAF
203.81472179653701,83.63283064274245,0.0,CAF
34.58876745842201,253.33863134608973,0.0,CAF
320.63962378236624,-19.81540630794192,0.0,CAF
151.37224275983132,-144.95465718336717,0.0,CAF
-40.842397742241914,-205.05351448886844,0.0,CAF
-261.07717509196345,82.63889502178937,0.0,CAF
337.38675159065656,-186.87666377477535,0.0,CAF
1.5017471682738184,-223.86541940721273,0.0,CAF
353.8939644606034,47.846765427969544,0.0,CAF
-33.284708605892696,277.1137119781583,0.0,CAF
275.83344080574153,45.847874573869355,0.0,CAF
204.5109272370831,96.57955752086573,0.0,CAF
-265.464346845751,-179.16472181540527,0.0,CAF
-10.46529589903059,-350.239433279451,0.0,CAF
256.79603607411104,223.42012969579307,0.0,CAF
-342.1086195820304,-202.8648201410082,0.0,CAF
342.88560719321293,-205.11768513562652,0.0,CAF
-47.87536677676844,268.0984166316161,0.0,CAF
47.30892092758134,-379.32391851123066,0.0,CAF
116.12319673884724,347.04306802171004,0.0,CAF
-29.099888706745986,-292.01405659605,0.0,CAF
-29.130595731788958,-253.32668996959566,0.0,CAF
-276.01860231993567,164.72470732583295,0.0,CAF
96.18738390210257,-208.40654846612918,0.0,CAF
-248.50035368620797,302.8816600118194,0.0,CAF
301.89335561316915,-45.82011080832247,0.0,CAF
370.29509411198796,100.38970869041471,0.0,CAF
-165.06402794852397,-205.0923050299526,0.0,CAF
-6.615279607663716,219.40689704038832,0.0,CAF
378.6473482769255,-27.14892935311416,0.0,CAF
244.76766337006524,88.84216622725373,0.0,CAF
-154.26143484835265,157.07703722922565,0.0,CAF
39.737035965846566,-321.4537819414224,0.0,CAF
-218.98983343541155,-172.96588109497782,0.0,CAF
172.0734511837405,294.51489985929425,0.0,CAF
159.05255081258014,-150.05687876802332,0.0,CAF
172.8887013233465,242.5545168685886,0.0,CAF
-201.51478146544682,-94.50330601545201,0.0,CAF
-21.927244006029483,206.23370080623627,0.0,CAF
37.93169196025267,397.3677323491998,0.0,CAF
218.20373779699108,144.68328645336294,0.0,CAF
-319.56874048462544,211.34547011400113,0.0,CAF
-143.0572118535065,313.03833503060787,0.0,CAF
-313.486636890854,25.092053967274612,0.0,CAF
-214.3482160586461,-108.8497965023889,0.0,CAF
-333.9664803355705,-139.1208890883747,0.0,CAF
-114.80406129451217,218.51761784548947,0.0,CAF
-253.48666700972973,101.85633697157235,0.0,CAF
102.56586044319522,-203.69734870773155,0.0,CAF
294.0373793953537,-52.95141795900185,0.0,CAF
28.03287934346491,217.87958027527853,0.0,CAF
-20.90959542315027,351.38258091744825,0.0,CAF
-215.8524874403968,332.92302831097413,0.0,CAF
81.93329171210668,-249.7579316277177,0.0,CAF
-182.39051039739957,241.4537037195645,0.0,CAF
-47.197346002939874,311.24994382039955,0.0,CAF
248.96077134157878,-222.33333586139779,0.0,CAF
95.74317308551858,-220.7438859708926,0.0,CAF
241.86083166615725,241.7860023112709,0.0,CAF
-256.94310257839487,-209.34455143615568,0.0,CAF
229.0817426032814,-267.77002321171113,0.0,CAF
-223.49989619653255,319.54162147034197,0.0,CAF
344.55850949574625,163.7057986861018,0.0,CAF
227.65768474737487,-18.644874072410676,0.0,CAF
-131.56010410894802,-272.4333316132506,0.0,CAF
356.85373925220983,-19.133257974792258,0.0,CAF
116.2654762221397,-255.80164099709683,0.0,CAF
-348.17144945998666,-145.55461719945043,0.0,CAF
-99.60396080215294,214.732155272847,0.0,CAF
-9.022505624363797,-384.72139806782747,0.0,CAF
-148.44303006853363,-197.2655947874864,0.0,CAF
217.32012345101276,113.40114995052694,0.0,CAF
30.665259572793047,200.10024095688536,0.0,CAF
-167.33524819432702,272.5750000186352,0.0,CAF
157.35915821548863,187.16494836680695,0.0,CAF
131.12802651514463,290.585472487893,0.0,CAF
93.85576549598592,-301.9470315539676,0.0,CAF
337.0184335284394,-48.849437346155675,0.0,CAF
265.9806291935491,-57.88417562910488,0.0,CAF
-222.76331389076051,-145.98733140834472,0.0,CAF
6.831668350746554,-330.14329235613604,0.0,CAF
-123.78300679464895,267.77953672600586,0.0,CAF
-27.100432138559125,266.62265376682416,0.0,CAF
-276.9972044256134,60.24458258979103,0.0,CAF
-323.38310548620785,-174.72828611303507,0.0,CAF
-136.23109360693718,372.4426154853596,0.0,CAF
-180.2743170797365,-98.46387293826724,0.0,CAF
154.3744417104122,231.9421598157372,0.0,CAF
84.08568061158029,-216.4616445038757,0.0,CAF
68.6849188208762,-392.3645368755715,0.0,CAF
255.23603964408207,-20.539895268880606,0.0,CAF
247.7878255496259,-218.2908790757088,0.0,CAF
207.5980456788377,19.876339210928137,0.0,CAF
-180.50724383434903,-336.33034368152624,0.0,CAF
79.99562999952217,-250.22819167535806,0.0,CAF
-98.98036197543166,323.27020221699325,0.0,CAF
-269.12926463015947,-196.3989404555156,0.0,CAF
-144.96861076952436,-169.03174361382764,0.0,CAF
171.97185456030564,320.56030421999225,0.0,CAF
-69.52291731187637,-216.39579958072488,0.0,CAF
-101.19937627520194,-264.41541994045093,0.0,CAF
252.94961838945542,-236.85089256437044,0.0,CAF
94.34418022866129,285.56607373114656,0.0,CAF
-54.826012716951126,-238.65925799653644,0.0,CAF
130.4857086928956,-239.94498334674174,0.0,CAF
361.98014604703445,-33.22493010623633,0.0,CAF
-276.9176984628705,237.60281810433895,0.0,CAF
283.52811491724134,196.4680532699507,0.0,CAF
-189.59843024723017,296.2552113606502,0.0,CAF
-322.1299019005943,-150.52287122718204,0.0,CAF
-220.1768684288603,108.64267265516602,0.0,CAF
-383.2487446848407,-0.7128410898574499,0.0,CAF
-235.35970175527055,-242.3183183252361,0.0,CAF
161.68681258030986,-185.87329951992973,0.0,CAF
-186.74822096576264,-92.03885432981122,0.0,CAF
-16.059859319955507,315.4755276964875,0.0,CAF
-307.03034910475736,169.20284870937914,0.0,CAF
-370.2925833385906,7.674836272495019,0.0,CAF
15.562303437914741,387.79475887491964,0.0,CAF
39.68821288080968,299.6978863144003,0.0,CAF
-234.16535755968164,102.57837982610897,0.0,CAF
-174.91369773611802,178.8830704879131,0.0,CAF
18.97051908298012,-325.9117912275059,0.0,CAF
-218.57677195261843,-79.21060677401424,0.0,CAF
-28.499586405440596,336.3506500324327,0.0,CAF
-267.31173482986446,37.53923462160435,0.0,CAF
233.4676977131165,-150.72860338983358,0.0,CAF
-292.8015372403898,-221.39265218854248,0.0,CAF
85.62264187702417,-263.02595574187524,0.0,CAF
125.05166235679914,-159.30644946834556,0.0,CAF
256.73367342822695,-252.5123914828225,0.0,CAF
315.7467755839893,-50.50479812468394,0.0,CAF
-167.19621772353125,271.71606274489096,0.0,CAF
-161.2653338046205,118.51718785348608,0.0,CAF
215.1737514443811,-166.47996314873265,0.0,CAF
195.42530352388556,77.91336921116991,0.0,CAF
173.52291352018253,333.8178264058236,0.0,CAF
-159.75098806355828,288.658112793742,0.0,CAF
238.1399323938981,209.0967699479785,0.0,CAF
101.42082479752244,196.10030635392673,0.0,CAF
-206.96795033163033,-137.79808410083967,0.0,CAF
243.36513322459487,-181.63320472042759,0.0,CAF
235.7702927575543,132.14581530121868,0.0,CAF
-99.70310988371823,371.41673859577554,0.0,CAF
117.86554396583861,337.5256879336428,0.0,CAF
-320.08189760173576,-187.62739444933393,0.0,CAF
28.940381998214033,-257.99167195301493,0.0,CAF
218.31605623196978,236.68294491844145,0.0,CAF
-386.46308185181323,50.76351309525,0.0,CAF
224.07409863610627,-127.26915407402718,0.0,CAF
-312.4495343549306,225.54706046970153,0.0,CAF
-113.83831230137106,219.31822542235395,0.0,CAF
-108.81370911546004,316.5470149786457,0.0,CAF
-97.82704009305475,349.01130057423376,0.0,CAF
310.3172651774358,-184.92419111278468,0.0,CAF
254.20669297004898,-1.8725783822765103,0.0,CAF
219.49749959191655,81.61331095081765,0.0,CAF
257.8185694918538,201.29101378559815,0.0,CAF
-67.98391885108579,314.05158827895366,0.0,CAF
-318.1069802565853,-146.45834473794434,0.0,CAF
194.29253614116078,-317.53324703158995,0.0,CAF
-189.14195730553965,65.12154287366955,0.0,CAF
-256.264010978724,20.694036165790756,0.0,CAF
-271.56410053637336,27.11492809736187,0.0,CAF
213.8876999054445,33.84178549895438,0.0,CAF
-199.92469492169533,-234.8490193697038,0.0,CAF
193.94638430410538,-115.36038224665523,0.0,CAF
-214.20337340724802,-209.52103332894313,0.0,CAF
-381.3250438265917,47.91658432555568,0.0,CAF
-118.96218604565581,214.8200896930303,0.0,CAF
144.18496395791797,303.0399742160365,0.0,CAF
343.6884472118529,189.24290133595312,0.0,CAF
226.49044170252623,75.49742831645477,0.0,CAF
240.26999290533712,-82.41778537952453,0.0,CAF
-229.7009504122544,182.13309689402223,0.0,CAF
89.42431194029004,273.9872736360915,0.0,CAF
343.15599596252383,-186.60721862004578,0.0,CAF
61.36492152174793,275.7123543443062,0.0,CAF
-297.68382897527476,68.45053837161726,0.0,CAF
157.59787636052508,-302.370628494943,0.0,CAF
-75.36446076623362,-244.45158768250903,0.0,CAF
355.7011772601046,63.197671166531855,0.0,CAF
368.30685842687535,92.1698499011411,0.0,CAF
-362.85580471580954,15.410408177569757,0.0,CAF
-211.99498648764893,176.58868168811125,0.0,CAF
83.94306053613474,-188.3032881570918,0.0,CAF
-254.9603232844808,-27.586207080883256,0.0,CAF
-72.87333896523356,-187.1966363845999,0.0,CAF
223.40258664545544,328.1345310440308,0.0,CAF
152.30442982768443,-226.67154328151253,0.0,CAF
77.46539044778534,-229.65409611335497,0.0,CAF
328.0685008674442,133.13283752252542,0.0,CAF
-104.82869837200947,-256.27736604393897,0.0,CAF
42.82170682586027,301.61646521339117,0.0,CAF
-42.60994531764354,321.77827188503966,0.0,CAF
-161.70471504617444,209.44610088283093,0.0,CAF
-11.162148862313675,-363.2062582552841,0.0,CAF
-136.55850027753544,331.1875696630277,0.0,CAF
200.7107332224416,-332.9442552473279,0.0,CAF
-335.1052802855164,-181.82448274319754,0.0,CAF
-206.1375147673927,-231.62033169458928,0.0,CAF
-177.3231265256017,350.12291656707316,0.0,CAF
-126.8689629455945,178.36912029332893,0.0,CAF
174.54439113702801,332.70801912825846,0.0,CAF
-192.82887608847255,-264.1878251980297,0.0,CAF
325.05460429283613,-41.63940987367293,0.0,CAF
-7.690040114081368,369.5604375022096,0.0,CAF
59.491158018385626,-246.75641033077386,0.0,CAF
-151.93720713803037,191.44887332391485,0.0,CAF
-93.04589174602646,-297.22885948468536,0.0,CAF
-130.39618620053747,-272.6768985043261,0.0,CAF
334.5894973697414,157.1878412594468,0.0,CAF
274.4321620640464,-37.07818448609305,0.0,CAF
-113.22397757667889,189.44900233454604,0.0,CAF
355.4782596685324,80.25644635397663,0.0,CAF
-202.54190123937116,318.07271673700495,0.0,CAF
-309.19921862112716,226.23824318609363,0.0,CAF
-222.106096382612,307.35775602693684,0.0,CAF
-299.3541305498762,-45.21557853806341,0.0,CAF
-246.6386588350168,33.49420483419624,0.0,CAF
200.3710802208167,258.28077972155967,0.0,CAF
73.76465618228794,-278.3775976760953,0.0,CAF
-304.76399251925955,-104.68568995649312,0.0,CAF
-6.8516051326264735,-371.6794016608266,0.0,CAF
-229.60556447902417,306.92932595697846,0.0,CAF
-188.30337478960996,-135.6596360671866,0.0,CAF
205.6801037178416,122.66605759695746,0.0,CAF
-388.9602187289026,-23.090913429476696,0.0,CAF
-65.20608940964729,-236.2524369891736,0.0,CAF
-202.9622334548907,-267.1586326568236,0.0,CAF
357.71778480186015,6.110637826556128,0.0,CAF
-159.88999682012013,148.70256662939846,0.0,CAF
-311.75273024544543,-131.95522844607456,0.0,CAF
-212.38624837430848,221.4089728221841,0.0,CAF
-217.3236100425536,-163.63702077621087,0.0,CAF
-248.9409796814479,-232.27455106642185,0.0,CAF
285.60271335176475,91.3162377268405,0.0,CAF
3.856251783269424,324.16451044470716,0.0,CAF
137.07285364495579,-294.90089936019564,0.0,CAF
-257.7555705830062,116.36962965657074,0.0,CAF
-285.43614283423244,266.13451292397184,0.0,CAF
11.918239905755112,-369.7598203920814,0.0,CAF
-103.23732607310305,-289.3547388327785,0.0,CAF
194.3903814212107,239.1027155424334,0.0,CAF
131.74687213771202,-214.98514299759154,0.0,CAF
304.0219314299673,128.36051397090526,0.0,CAF
-221.3866841086956,168.6967094785276,0.0,CAF
314.1784848397923,-103.00637887312865,0.0,CAF
240.5359892356963,195.36687038712307,0.0,CAF
206.73531076333057,328.3406269199474,0.0,CAF
-188.97428865358853,124.11904432046414,0.0,CAF
-41.38920463454698,283.5149222974621,0.0,CAF
345.6653429244657,-37.1235399860141,0.0,CAF
114.07792282498326,-240.50119247186774,0.0,CAF
200.5281625912424,-342.28495340170224,0.0,CAF
-11.646563919134582,280.4403785908083,0.0,CAF
-264.57507091693753,289.70042975432045,0.0,CAF
-195.93311822853417,224.51456131898732,0.0,CAF
331.20354098717013,-2.7677353908520477,0.0,CAF
317.65168035593996,-157.2993791728815,0.0,CAF
262.27978733437305,144.2468475299082,0.0,CAF
-342.3000870451676,-42.58625262027252,0.0,CAF
-220.7903553632369,240.94291354250777,0.0,CAF
-206.79895393874634,232.2359327330477,0.0,CAF
287.09841241302917,192.9523701041463,0.0,CAF
118.86555035735547,342.24709446367905,0.0,CAF
204.84370945090512,215.52358913261486,0.0,CAF
263.24033989940415,255.3728832379975,0.0,CAF
345.00976771825265,-25.60781433207976,0.0,CAF
144.84409982969478,146.0705346981814,0.0,CAF
362.2427081226227,-91.55110173074554,0.0,CAF
104.2966613673293,304.5699256949411,0.0,CAF
186.5402926536696,262.93299674735175,0.0,CAF
-117.41001626930333,177.30219335096456,0.0,CAF
23.79897247739125,-361.3389483065558,0.0,CAF
381.65898355149307,64.47918686471476,0.0,CAF
124.53412902945476,-251.3181408093248,0.0,CAF
216.71470300399199,106.7909920201871,0.0,CAF
245.75675669711774,-205.8545028566489,0.0,CAF
378.028377708803,20.908861016491628,0.0,CAF
110.93005682525667,332.6944520865327,0.0,CAF
362.09860531977415,-2.771234809950881,0.0,CAF
284.32796376540887,-259.64617836447223,0.0,CAF
-323.70882472430577,90.42698335183103,0.0,CAF
98.00348869137117,-291.86817158950976,0.0,CAF
-148.6511092914145,200.40028482176686,0.0,CAF
264.2542500639214,133.45237285249817,0.0,CAF
-314.5081662337801,37.01286786121732,0.0,CAF
171.70985270721297,107.1454408703289,0.0,CAF
318.76520687310904,-77.42834179396432,0.0,CAF
58.01966788603806,272.51441351014404,0.0,CAF
221.52242512110698,318.4875823409992,0.0,CAF
41.367987911104265,-206.52933442088795,0.0,CAF
121.53703786694719,266.9977270978784,0.0,CAF
254.49201761027348,-70.47487182031831,0.0,CAF
319.24600394797756,207.81552778571995,0.0,CAF
208.34938567008427,37.0124593373786,0.0,CAF
-77.57636766408233,-358.3389241205627,0.0,CAF
-181.51544894721724,322.5386939577369,0.0,CAF
-29.174754548060132,-353.84729482141427,0.0,CAF
23.381545493011572,310.84390342266425,0.0,CAF
288.6818303968349,88.21152849653309,0.0,CAF
-42.629398937518545,-297.5584389010058,0.0,CAF
19.470443941841737,-334.91447682680445,0.0,CAF
-194.61007779670018,47.094812601156576,0.0,CAF
129.07907451641492,269.8664776296319,0.0,CAF
45.273908463326144,197.41638414091403,0.0,CAF
-299.68263541299206,182.59143586195697,0.0,CAF
-11.988763089346511,-241.78695223700257,0.0,CAF
201.53848069222215,284.857795612306,0.0,CAF
-314.89382328430924,-135.00179649897365,0.0,CAF
192.87453093691508,-107.22582584945631,0.0,CAF
-44.12859721202498,-223.21539285206987,0.0,CAF
-277.337258890181,-221.33423232169986,0.0,CAF
116.48796032604476,-302.3338799423059,0.0,CAF
-153.4083395240105,225.83489323259025,0.0,CAF
-239.39270510346813,-184.22782613090206,0.0,CAF
-12.30170120323745,-268.2946302758327,0.0,CAF
23.47193350213392,-384.948208637247,0.0,CAF
198.63521840468545,-32.57310047427947,0.0,CAF
216.75438061591527,-182.75727005626158,0.0,CAF
146.5406630986022,-219.8209277574204,0.0,CAF
222.59446565419987,117.54197512293882,0.0,CAF
-218.0685696244274,69.366869344405,0.0,CAF
287.2638748369291,64.0023796042032,0.0,CAF
-128.12792573762286,-340.19647913159815,0.0,CAF
-154.25190011471932,-190.49743308762476,0.0,CAF
-264.4956530076121,-63.38642573409982,0.0,CAF
-317.2664994693125,198.69526507299952,0.0,CAF
-392.17737182453055,19.297627659964977,0.0,CAF
-271.42035577541725,-60.37869543574028,0.0,CAF
-258.225341460701,-208.00483106039118,0.0,CAF
-306.46684091104476,105.13666636250237,0.0,CAF
219.87039451398408,153.2166543224322,0.0,CAF
-290.0129589739656,222.7919876222307,0.0,CAF
-209.5318797806669,-123.18601323245106,0.0,CAF
-74.12280711886682,-226.73394041967703,0.0,CAF
-235.93436530063929,-111.03968063557397,0.0,CAF
214.42555401789923,-163.71846447916948,0.0,CAF
-95.93365616732991,-369.88686334491626,0.0,CAF
261.9592111880964,-77.9357203891219,0.0,CAF
131.58986187355757,169.96960666571573,0.0,CAF
-253.710998461906,242.5619767652085,0.0,CAF
-287.1077803372715,-91.17644482836567,0.0,CAF
29.04374963125642,-285.45892421785925,0.0,CAF
294.4161158370111,53.609635333955715,0.0,CAF
-36.95142783359014,-267.7804633833416,0.0,CAF
249.4146280633739,264.82032951482756,0.0,CAF
234.30454770216173,54.04697133772843,0.0,CAF
-78.22275335698224,309.2734721987042,0.0,CAF
347.45950271951403,-4.345809874869716,0.0,CAF
-267.47412192516146,-2.2080229425316418,0.0,CAF
101.9053914863363,-182.4693106919535,0.0,CAF
366.65647204491563,-117.24814378197668,0.0,CAF
6.07404778492628,-375.02175002649295,0.0,CAF
-357.58741856448944,-145.40663471028859,0.0,CAF
382.18828840044773,-30.938139215709832,0.0,CAF
-340.1622525365026,-198.11880371793637,0.0,CAF
157.37880251263576,308.3456368026106,0.0,CAF
81.8024289072177,366.6030257927208,0.0,CAF
145.11943092420194,174.49005535324187,0.0,CAF
-258.42234287995524,231.70671517902335,0.0,CAF
-329.2140149555931,131.11540557688937,0.0,CAF
-345.1232228290848,18.6606753006193,0.0,CAF
257.2879702607893,-268.0923478553726,0.0,CAF
294.1788027114746,123.49629706562044,0.0,CAF
198.75634808238573,307.89361929662783,0.0,CAF
163.13818511887175,193.46009526764794,0.0,CAF
-214.93670711099432,168.4067587641281,0.0,CAF
212.13980365032413,-157.91736750461618,0.0,CAF
-234.16390498298838,65.62116653255086,0.0,CAF
190.69581207867063,-294.6910795052784,0.0,CAF
-50.35418292665844,359.83080868134783,0.0,CAF
-44.93684913243351,-315.70377371110123,0.0,CAF
-147.2952554730922,-153.9860051999893,0.0,CAF
234.70238660928104,-299.99074162040296,0.0,CAF
304.3420532403823,20.58172411312173,0.0,CAF
-20.582349253813938,-350.35250916115376,0.0,CAF
-105.17624762174862,-293.8328080821326,0.0,CAF
107.63444315029903,-323.46380133811607,0.0,CAF
196.3887719951976,-47.0781258839502,0.0,CAF
59.152861429780025,203.660091733476,0.0,CAF
215.091175626588,-152.77057460740477,0.0,CAF
308.4221959923537,-220.21813624041044,0.0,CAF
-11.286422245013846,218.81810576602078,0.0,CAF
296.3806031960066,135.23854760035775,0.0,CAF
-204.8154907494493,-131.79476820110222,0.0,CAF
-220.98976020683483,109.93537206755006,0.0,CAF
298.14753598096195,117.31749800712547,0.0,CAF
196.55813226313794,93.58728691446618,0.0,CAF
-278.15194767133386,-190.1887201012031,0.0,CAF
343.64187190608567,-109.69087372203992,0.0,CAF
20.139494048246128,277.211923352152,0.0,CAF
281.21976324456847,29.144906040613222,0.0,CAF
156.77761322944957,259.3272301357048,0.0,CAF
-319.6587689598922,-140.21963928097395,0.0,CAF
296.9166559138187,-43.15531177753869,0.0,CAF
-261.5267837736055,-267.9065234243087,0.0,CAF
-259.4331064228803,-94.9966329759431,0.0,CAF
320.1875428055912,-235.3526130214386,0.0,CAF
-183.6872757581564,142.2342509115886,0.0,CAF
248.2810728422237,-137.52333258222018,0.0,CAF
220.46554696659487,199.4628442753689,0.0,CAF
363.6544584631612,9.721140494375543,0.0,CAF
242.37563744910955,-54.487754268359566,0.0,CAF
-363.6779286005318,-7.1080074606358865,0.0,CAF
140.9365691229374,-200.9646299576401,0.0,CAF
66.92909385500823,299.80923348557843,0.0,CAF
-248.6832602037499,197.26436875156253,0.0,CAF
210.16553024470204,-124.99734310852276,0.0,CAF
256.30075972622336,-61.67446756560651,0.0,CAF
-254.44237530319793,236.87765379946063,0.0,CAF
-257.6560161229859,-162.53058502247347,0.0,CAF
-33.86650207492914,-359.8463518426018,0.0,CAF
268.30159265877757,-151.88842591852324,0.0,CAF
-178.27513331777737,163.49542603727116,0.0,CAF
-141.69146313280197,141.89064454259838,0.0,CAF
340.4019119822417,197.73055281078206,0.0,CAF
-177.68369187790643,249.39622053051846,0.0,CAF
-155.0412207498669,342.33204619401766,0.0,CAF
-218.9522400534691,-64.57988163505962,0.0,CAF
-295.66542749584954,-194.44154015566286,0.0,CAF
-122.43985465800664,292.4854436151212,0.0,CAF
-254.9277658673589,-32.293467296128796,0.0,CAF
271.54198806867424,-147.841160841141,0.0,CAF
-273.07580405563976,145.13578711260737,0.0,CAF
-318.8499029786833,151.41201944828882,0.0,CAF
212.21200356375377,-298.82145871541604,0.0,CAF
-139.3823807519463,239.87020112703087,0.0,CAF
69.3667434832907,310.35915595618116,0.0,CAF
-267.79616026933724,-107.74088716967503,0.0,CAF
120.68866100971353,276.6028509452026,0.0,CAF
144.34657397494487,268.21762919728263,0.0,CAF
-304.60266657602784,198.59150620493733,0.0,CAF
276.3313144603228,139.14626219770292,0.0,CAF
283.4948026031405,146.32995924719614,0.0,CAF
-26.15026785495394,338.31009704553423,0.0,CAF
266.5712284390187,-225.07618637193931,0.0,CAF
130.75195525683569,-182.56474533613286,0.0,CAF
-242.37203525276146,-35.90547262184526,0.0,CAF
365.2526227109041,119.31201285101363,0.0,CAF
97.92983003700381,-293.0659534839497,0.0,CAF
300.6637378330474,-25.652976458851665,0.0,CAF
-399.2138005328713,3.1927224550041804,0.0,CAF
-47.76732366473773,-227.80090616019635,0.0,CAF
360.0411784636694,-128.8438419440342,0.0,CAF
164.91479879087228,-158.64858801333344,0.0,CAF
-115.7841414044472,-312.6007114761366,0.0,CAF
359.21503213447374,-27.081447064594773,0.0,CAF
-27.380199483244485,223.18310294666674,0.0,CAF
269.3170369074165,292.0291120924107,0.0,CAF
-371.2031598044813,52.19388340007041,0.0,CAF
289.89422925340875,162.26013094004432,0.0,CAF
-252.35782732906938,-44.07766321264879,0.0,CAF
322.961669023208,-137.74632232508696,0.0,CAF
130.106665220561,160.30217142047954,0.0,CAF
300.77818828661225,76.30894970500437,0.0,CAF
-277.972447935557,30.315693826387953,0.0,CAF
54.68898117297827,-350.7858544402211,0.0,CAF
43.49917788885995,219.57797924699153,0.0,CAF
-8.59295067479221,-208.84042617322322,0.0,CAF
314.4877385759001,-245.6504177713772,0.0,CAF
397.6952339529242,-11.139986909811796,0.0,CAF
-128.5417077296859,356.4677122973964,0.0,CAF
170.28569366593132,-202.88440557799797,0.0,CAF
-69.06707750473738,319.5486878963008,0.0,CAF
386.22883044513856,35.86370405163795,0.0,CAF
-227.92206849439114,272.7668738583874,0.0,CAF
-359.1020018618185,-15.045323325052602,0.0,CAF
152.0856517962441,189.04137841617114,0.0,CAF
-21.042421655583695,305.0547421660131,0.0,CAF
-323.7713187459755,-148.90131928178963,0.0,CAF
377.94760954639514,6.506227183636263,0.0,CAF
-8.476363913663574,327.34571342216907,0.0,CAF
352.533922667228,103.58058250930787,0.0,CAF
-256.06780521565196,19.109815963562678,0.0,CAF
-276.4780411619805,-214.49546627139216,0.0,CAF
102.50395068897964,-197.89928857850745,0.0,CAF
109.44939638562036,-253.63081254907613,0.0,CAF
-278.1602356470367,259.29342784787667,0.0,CAF
335.0219708063401,33.017803748785305,0.0,CAF
-358.37857312275685,30.961836881170203,0.0,CAF
-195.19290090268623,171.59262053465244,0.0,CAF
64.27262928371087,388.0378399663073,0.0,CAF
-281.8671996844407,41.26970277659333,0.0,CAF
33.95922757417165,-254.3643439019696,0.0,CAF
48.14372092298255,352.61813076899494,0.0,CAF
-156.82455977290394,-254.25582858007712,0.0,CAF
-282.9480299838078,201.2362485727436,0.0,CAF
280.8830584916976,8.064250295886842,0.0,CAF
219.70697391198487,-269.7242538371204,0.0,CAF
-29.92964396271276,-362.33805193193746,0.0,CAF
85.45054208502236,-349.6426503704181,0.0,CAF
-312.7918390428666,-121.25052554980203,0.0,CAF
172.31262370564238,328.63914029932715,0.0,CAF
202.74892194291212,-114.08473977781547,0.0,CAF
219.12409129386168,298.5585264256023,0.0,CAF
4.1273548700118035,331.6048935454978,0.0,CAF
-2.67304388179207,-206.7064310241236,0.0,CAF
306.8704158851211,-42.044234056416755,0.0,CAF
307.99604747526485,-76.88014581724134,0.0,CAF
-159.14402441901564,-271.30579677669283,0.0,CAF
327.85968359869946,40.30794045963647,0.0,CAF
-221.1989744103606,83.48307578833804,0.0,CAF
245.37372945093787,-292.4037420552688,0.0,CAF
-35.97877509995997,-312.68517281887387,0.0,CAF
350.91443710626754,-115.44772072136384,0.0,CAF
233.4750930834916,179.80568652757322,0.0,CAF
-141.6704604255375,-256.8559255477409,0.0,CAF
322.3665412294304,-61.04970251232522,0.0,CAF
114.91042600792879,-270.8838008533748,0.0,CAF
-206.95531256659626,78.28014910653626,0.0,CAF
93.94400726506068,259.9425340983245,0.0,CAF
243.69260751879142,-230.38872925624213,0.0,CAF
-103.68532717364013,-181.34461547844057,0.0,CAF
18.17502316485115,387.05665865912266,0.0,CAF
-65.61151244576902,392.2149812592817,0.0,CAF
-263.2702473520174,-150.46068525566167,0.0,CAF
-107.20941622272935,319.7426443065142,0.0,CAF
82.0218584314991,281.5769997267392,0.0,CAF
98.54928619409932,-347.32295913377845,0.0,CAF
139.0674816959999,-360.9694726666744,0.0,CAF
-70.42296288048821,242.35441521391846,0.0,CAF
216.89620453692345,-164.6704882062169,0.0,CAF
-61.56990406801245,320.98503864773005,0.0,CAF
255.54456592365136,84.83541965105645,0.0,CAF
138.11010267151903,344.5159879115998,0.0,CAF
139.53314485816628,-205.76810326214047,0.0,CAF
-112.59274172865406,190.47592833189807,0.0,CAF
310.76376789048624,-107.31725943587567,0.0,CAF
-67.14757624151729,188.52573822068905,0.0,CAF
-166.78129864696672,-236.00719191773166,0.0,CAF
313.12619147148655,131.1854103437528,0.0,CAF
-95.09060166424885,-331.80215066677397,0.0,CAF
270.65676497607495,-85.83483075698129,0.0,CAF
319.27654009615924,-102.25694036782859,0.0,CAF
-224.6148649492821,-150.14350327121812,0.0,CAF
-372.840619680682,134.0197973178516,0.0,CAF
-390.1940167392131,3.2374715595501753,0.0,CAF
-298.03780720474043,210.7323386115064,0.0,CAF
-234.32139608483897,-224.73878116883446,0.0,CAF
101.948708585533,346.08267822872887,0.0,CAF
98.25939503434357,-375.1842739300785,0.0,CAF
332.7325056109445,211.5934953480161,0.0,CAF
-222.7587994709738,147.7517427226012,0.0,CAF
-220.28156969572538,236.7593816836695,0.0,CAF
-198.13736179250645,80.11814668663126,0.0,CAF
-212.78714300567245,-132.62836838729325,0.0,CAF
346.53074990738355,-70.90749205161178,0.0,CAF
93.01145301126144,216.16967116299696,0.0,CAF
-21.35934085959858,-203.2982420529079,0.0,CAF
-232.51552800830993,26.185083378682513,0.0,CAF
-134.05511302900268,-252.48835749823422,0.0,CAF
109.79351259210182,305.76295928026,0.0,CAF
-289.8205240080716,-109.88650066817456,0.0,CAF
65.00279483203353,356.95570453790697,0.0,CAF
244.8525586141144,-83.97397812530932,0.0,CAF
-189.6202997692007,-137.70240214132764,0.0,CAF
-357.3201470816084,-50.06518891755515,0.0,CAF
274.3631667408027,-164.53532770973754,0.0,CAF
238.41325285163325,-256.95737674308947,0.0,CAF
34.80092837800438,-223.79125448911802,0.0,CAF
-330.073693201269,-169.71249731507595,0.0,CAF
-155.73034207131857,228.01768488278242,0.0,CAF
86.19671223566525,-294.50894047305314,0.0,CAF
-291.9605663351257,-227.57908476181788,0.0,CAF
327.5219967226975,9.2480789610638,0.0,CAF
-90.77386371491431,354.24560232678004,0.0,CAF
-329.82590326437804,174.55674974748382,0.0,CAF
57.63086049852164,-355.37016239456744,0.0,CAF
-380.0223716677489,-72.59570280422122,0.0,CAF
388.8293251352413,-21.72085168187153,0.0,CAF
72.43029609435588,-209.1199933289818,0.0,CAF
361.66721008009637,83.98243358355724,0.0,CAF
-57.21047613451766,-329.10561613419986,0.0,CAF
228.2422553579602,284.7310855165502,0.0,CAF
-269.4309804056919,240.9577385963874,0.0,CAF
157.09055284168025,-231.91127865131494,0.0,CAF
-242.05314092432934,49.11742293573739,0.0,CAF
150.89792437510275,349.5434010632276,0.0,CAF
-316.0021536318804,-229.16944726013142,0.0,CAF
-344.2591717207728,15.56571805285197,0.0,CAF
-309.4869304373947,-162.13334400548266,0.0,CAF
-365.73467625872195,117.11997638852,0.0,CAF
126.04855983476938,-199.01703919839272,0.0,CAF
191.7032031434419,172.56262825976194,0.0,CAF
-385.8743684148931,-65.64164016033187,0.0,CAF
-221.88879635494413,92.58226503741506,0.0,CAF
30.150085677665064,-313.341597119472,0.0,CAF
-270.5437303758613,-177.89817115337058,0.0,CAF
-262.49392357255596,68.00392241032174,0.0,CAF
254.5082093407616,7.057050050482063,0.0,CAF
-277.4591109429157,266.3716312525299,0.0,CAF
-4.861906779733039,278.13612970696954,0.0,CAF
-46.63526034692581,274.55128779035107,0.0,CAF
43.73057489987389,344.8964967356247,0.0,CAF
-150.16078743353543,343.4943355670243,0.0,CAF
141.14581182981135,347.9203069303118,0.0,CAF
-280.25297811093304,199.50487638914237,0.0,CAF
238.54867671423844,-260.1696032787133,0.0,CAF
-251.41261835248199,66.30949754604875,0.0,CAF
117.58501045210961,-233.01802119495477,0.0,CAF
-232.0574267173068,266.37345276183345,0.0,CAF
92.55282231274172,244.45901470117474,0.0,CAF
89.48100109193454,-287.3316413969797,0.0,CAF
384.49828609084017,22.74831930594751,0.0,CAF
156.28351868379426,-237.83151250586042,0.0,CAF
-11.781809998403823,-236.42160220716409,0.0,CAF
-153.94335578376345,316.71162531606154,0.0,CAF
-6.26881011425115,239.94188923070476,0.0,CAF
-131.22288902046685,-260.37690858033545,0.0,CAF
-218.70997886011213,133.2720921745985,0.0,CAF
-293.8147523848102,-239.49668729969042,0.0,CAF
-177.32323448580536,114.9990700035922,0.0,CAF
357.97188409379066,-154.73360567789032,0.0,CAF
243.09081668862672,-204.6529217047598,0.0,CAF
279.7209833979017,3.5081140440725576,0.0,CAF
323.482177976,93.9494276008236,0.0,CAF
251.99374588105854,150.03030831662795,0.0,CAF
123.63355633054127,345.2418490763651,0.0,CAF
-312.9349479896371,10.940865230666654,0.0,CAF
157.27929286296396,204.33695660622024,0.0,CAF
-253.58330498662156,43.38644820945291,0.0,CAF
-263.3438759481109,161.49573106705424,0.0,CAF
175.01345183003016,-152.47012745662113,0.0,CAF
176.33694283009837,357.5406931668348,0.0,CAF
-111.70233596383682,-358.5508403512225,0.0,CAF
-37.09195803693468,366.78971901423864,0.0,CAF
385.3612494683757,-103.93663483028972,0.0,CAF
381.47809481620186,-0.12172115007121445,0.0,CAF
332.8330189646908,-8.336210659936317,0.0,CAF
182.51428608429845,159.97238483426696,0.0,CAF
-350.97148209975967,-127.40266852300675,0.0,CAF
-314.90846729339864,32.199303436623694,0.0,CAF
-281.26896911373166,202.15303799256338,0.0,CAF
304.0956178912859,-203.99275569221322,0.0,CAF
29.69293862997825,394.26293960765724,0.0,CAF
-324.57643481566464,134.05086342554117,0.0,CAF
-230.89290058269026,123.87613746991917,0.0,CAF
-199.02500781683065,-52.82567288380866,0.0,CAF
-48.31201941963715,-370.97030301573045,0.0,CAF
385.47366889080473,-84.641185022723,0.0,CAF
-330.44854882322585,185.79831002070705,0.0,CAF
-162.27323030614707,119.17892978954627,0.0,CAF
212.1713320509534,109.0194055445357,0.0,CAF
-152.16449846659245,-281.00308963227286,0.0,CAF
-49.16080515270327,-369.5287509129793,0.0,CAF
10.817493152115787,-302.13174735114893,0.0,CAF
-210.33412053983352,255.38335166952515,0.0,CAF
-215.41091864086528,-175.74494232223958,0.0,CAF
0.1600647701326898,-208.26113238069303,0.0,CAF
-324.05273861667257,119.62436357497275,0.0,CAF
-310.62102001387,-197.05360506821532,0.0,CAF
-334.38231466368774,-120.56329746065535,0.0,CAF
226.72916354374067,142.51618805002713,0.0,CAF
-319.1434629640252,-50.65940400945779,0.0,CAF
-261.156829170224,-159.76523748335336,0.0,CAF
-230.11155124776258,11.61456674144726,0.0,CAF
26.71697460471631,-380.97733944383265,0.0,CAF
-273.1600676450224,290.36589648010374,0.0,CAF
132.35101381421944,-307.47974609908636,0.0,CAF
190.11810839622737,88.8913628781368,0.0,CAF
-210.6962358254912,-50.81229683321231,0.0,CAF
-245.01843738708857,274.05943897934367,0.0,CAF
60.722268074033195,-237.7955503271117,0.0,CAF
157.07839724974193,284.6843645673599,0.0,CAF
206.98507535337515,339.2141373574407,0.0,CAF
-185.63633340183267,238.85698246202585,0.0,CAF
-279.6394339686608,-79.05995735605497,0.0,CAF
-86.89225798902527,202.05053455656832,0.0,CAF
12.58140855177855,-380.97453520460186,0.0,CAF
-299.01030803972986,-202.89066575379192,0.0,CAF
-84.54769702264076,-228.7090342624491,0.0,CAF
6.100945166611451,201.0915846005616,0.0,CAF
-186.05321073221705,307.52533999533597,0.0,CAF
355.3728310091389,-70.62723646656183,0.0,CAF
288.0840807178693,147.11268405557274,0.0,CAF
266.17889181273347,182.36852273040702,0.0,CAF
-80.30781138774225,390.194402091831,0.0,CAF
-200.046963167776,91.3682453883777,0.0,CAF
-190.25997602826791,234.1072366778358,0.0,CAF
239.62701839827926,-308.1407937090874,0.0,CAF
166.75936049564697,185.38330884056265,0.0,CAF
233.9870977394725,-198.11403713933686,0.0,CAF
158.8514265380788,317.2134834559021,0.0,CAF
-110.67601043784093,378.68104520258584,0.0,CAF
-361.6658449646899,-141.55117164268927,0.0,CAF
61.95462376934097,206.71304563358922,0.0,CAF
159.86634051245616,253.12477961959382,0.0,CAF
-204.0837534584368,-272.7854823545733,0.0,CAF
337.66164179906445,207.25140071035617,0.0,CAF
-101.0165288238765,-322.16801828227295,0.0,CAF
131.0310327676961,-169.9196954013691,0.0,CAF
-252.63216697290548,-8.278831032361559,0.0,CAF
145.1382229313456,333.74465076992476,0.0,CAF
254.7454299383931,-230.87421134593328,0.0,CAF
-295.32264984946704,-89.52811917328337,0.0,CAF
-267.60103963061687,91.61155497345366,0.0,CAF
269.60891965107413,71.337327368792,0.0,CAF
201.11320876351226,312.45079575166005,0.0,CAF
-43.698254022937526,233.77990411086594,0.0,CAF
17.198368580249344,354.009204190525,0.0,CAF
-312.9200797909222,-159.44400076817084,0.0,CAF
199.41130840856093,-79.716005488731,0.0,CAF
173.16672945902104,152.90913326916825,0.0,CAF
138.7070440046438,-292.70887983248844,0.0,CAF
103.58772169230637,323.2824109897508,0.0,CAF
-237.13082419327566,-80.85448903477541,0.0,CAF
-374.96127408830904,-54.44812580868397,0.0,CAF
-188.8481512468661,243.0582801839288,0.0,CAF
-63.01618189217542,-289.79826946202417,0.0,CAF
8.090362417036156,270.60255327662566,0.0,CAF
-230.59770095314468,29.364201450059976,0.0,CAF
-112.18620387632286,-242.63544405814355,0.0,CAF
265.99845133605993,-24.456340904005284,0.0,CAF
-230.79375272486902,162.04251928298586,0.0,CAF
175.03169544547356,-293.10888637001926,0.0,CAF
74.36191149686637,-210.6360140291878,0.0,CAF
-205.24934278442356,-2.8839865339063677,0.0,CAF
299.9039559217397,-203.00310290132293,0.0,CAF
-343.96707835034294,26.820111891966288,0.0,CAF
-340.6995167438376,190.98156007601824,0.0,CAF
-375.26024982096556,-138.04993249130771,0.0,CAF
39.051667943309376,-237.49837879838063,0.0,CAF
-209.24689981395107,-180.68097978588466,0.0,CAF
-147.13016657631474,-322.9699117292591,0.0,CAF
-351.81001251999896,-142.50504290227133,0.0,CAF
-120.57500728951837,-260.6587514218449,0.0,CAF
359.88263364513034,-91.1591770127414,0.0,CAF
305.5899919161908,111.63099768830116,0.0,CAF
-225.3302274440137,-296.6085694627286,0.0,CAF
-105.90648534383125,277.50261117846446,0.0,CAF
357.00840788839804,-171.1497168141994,0.0,CAF
73.72094440412556,194.8379670055579,0.0,CAF
206.09246516158225,-27.923640149797397,0.0,CAF
-201.466251668973,252.73519894073672,0.0,CAF
236.55667070855037,-308.1495434370049,0.0,CAF
294.27546275053766,-149.48300034043245,0.0,CAF
-117.2987939748249,238.7225179445121,0.0,CAF
-283.66006232395495,202.64782455997036,0.0,CAF
289.59865522725573,20.93423612163281,0.0,CAF
76.87456783772525,236.93201425022536,0.0,CAF
340.4944237521008,137.74883513773096,0.0,CAF
270.7374615893331,8.368140876940716,0.0,CAF
-180.50292034248366,-250.14492411444184,0.0,CAF
12.269870832482638,296.27332674393244,0.0,CAF
16.39974717740267,363.3009174525466,0.0,CAF
233.0983759288258,53.45661248571434,0.0,CAF
-229.229802598726,6.756399210020727,0.0,CAF
-49.82651349265255,392.8929183143896,0.0,CAF
210.6633506481037,126.2345537152565,0.0,CAF
231.66870490166116,-85.28069442793888,0.0,CAF
70.4645226003661,199.6217954417619,0.0,CAF
-154.4427487703203,191.75366315594806,0.0,CAF
-0.5794394997755238,217.74141610626904,0.0,CAF
-270.1972559059157,33.669855799851135,0.0,CAF
17.301804667546858,220.29715356397904,0.0,CAF
-6.155718969173581,-237.81433255654147,0.0,CAF
-295.1755214742301,113.42089578608277,0.0,CAF
277.01546265249567,-200.9031460173799,0.0,CAF
74.37413113357313,-307.5336606419651,0.0,CAF
316.3112840012028,-162.63269889697065,0.0,CAF
-323.00122904417947,-21.715105854340116,0.0,CAF
170.95161784694247,113.37843620644892,0.0,CAF
-116.26878438673246,371.4538913623327,0.0,CAF
-9.11797130234192,337.3849417851945,0.0,CAF
-49.515850536630225,316.46149359548866,0.0,CAF
-254.58432579432008,-248.96624185837317,0.0,CAF
85.24773322705181,323.543416364547,0.0,CAF
-273.2453917285287,-20.134353595594945,0.0,CAF
-120.21697049574725,196.7260738361585,0.0,CAF
-377.27912569899104,-40.71093752318436,0.0,CAF
-331.1003319360445,-90.90999915971773,0.0,CAF
258.0715281183972,-194.87798131042314,0.0,CAF
-129.85161362544721,376.6035925318273,0.0,CAF
33.614007537221696,280.93255065143234,0.0,CAF
281.40516595316035,-96.56093161371835,0.0,CAF
64.47468085300035,312.3686766976543,0.0,CAF
-193.36166804508693,228.69765717022682,0.0,CAF
326.5978227195188,-7.943339225734743,0.0,CAF
84.72571045743354,-281.4673991612967,0.0,CAF
-288.8610709838806,48.37964256346385,0.0,CAF
71.78722267396869,-384.7425289085995,0.0,CAF
49.2254968408165,255.77331511807307,0.0,CAF
-166.71118759131312,180.8444146811522,0.0,CAF
303.5278433234231,-144.81822601563172,0.0,CAF
221.16077047599907,-304.68917796205955,0.0,CAF
344.86917761959484,176.1745790084022,0.0,CAF
-19.223257375618367,-257.57947298539585,0.0,CAF
-284.49450832137717,132.52707341231223,0.0,CAF
308.3572468191508,71.67406542069669,0.0,CAF
207.28753365132326,-238.36850057152412,0.0,CAF
177.41712347138514,278.1405201484449,0.0,CAF
-244.74652184453234,154.0233513680144,0.0,CAF
-41.427905083550556,341.70755957749816,0.0,CAF
-337.8232008169472,-6.918810327672407,0.0,CAF
233.83632010571884,200.63971236053095,0.0,CAF
-81.02317286260525,294.4022462000041,0.0,CAF
311.59992200415866,216.20731004515102,0.0,CAF
212.45706715915833,-30.2778688602123,0.0,CAF
-169.2699790611914,-291.5690992229274,0.0,CAF
-377.0579024500514,109.11040551434454,0.0,CAF
207.94869175956464,-56.22271877943899,0.0,CAF
235.69981440017045,-124.9375486635058,0.0,CAF
334.1507698441718,128.0077395835883,0.0,CAF
221.12655374642762,308.7245233991817,0.0,CAF
363.51635441102036,43.55231472638235,0.0,CAF
382.16211236360664,52.64479780445602,0.0,CAF
-315.1595503343946,30.985927072891066,0.0,CAF
-141.30065682106428,352.89632382665656,0.0,CAF
-17.317412874498274,255.68992336146016,0.0,CAF
-286.79841800747164,168.68910170341468,0.0,CAF
315.08589737094115,16.22027345440719,0.0,CAF
78.49796511915517,-263.9136106468408,0.0,CAF
375.85792244645313,78.43756695924702,0.0,CAF
-183.15432315300114,-349.7508599096018,0.0,CAF
-188.9462860692511,-246.66167726468635,0.0,CAF
76.4288076735071,274.6272537032089,0.0,CAF
262.32888239313684,-209.7136136911289,0.0,CAF
-348.8663152050043,-113.81663635709924,0.0,CAF
-266.992267070707,249.6265844841698,0.0,CAF
54.83445017163055,359.7208213631768,0.0,CAF
-214.6200818600068,238.22421404593922,0.0,CAF
221.18128962322533,186.60200727726541,0.0,CAF
-108.03522556637208,318.8242952472203,0.0,CAF
15.747059316913003,-288.6717542352698,0.0,CAF
-239.34223554542706,-318.49699386899863,0.0,CAF
-152.0167645696875,-280.72926018073105,0.0,CAF
-227.32104018776636,-1.0049344958367472,0.0,CAF
117.34541155458757,340.97201839663745,0.0,CAF
90.79192177010708,-226.6482915121026,0.0,CAF
-276.03479859475374,-89.9229198084771,0.0,CAF
208.58359045933216,128.00323750915692,0.0,CAF
233.67016869614298,-303.76140915345167,0.0,CAF
148.39353589226624,-147.91855757260836,0.0,CAF
-249.56081011251766,-64.34016174115526,0.0,CAF
-219.48788956729257,204.56535753579465,0.0,CAF
159.09836769682173,181.5031245868753,0.0,CAF
-167.47315587739703,235.41088503754108,0.0,CAF
-289.20227542903723,-76.04900888438408,0.0,CAF
-326.59648870277005,148.91606433776428,0.0,CAF
68.95690107320038,-368.635236954882,0.0,CAF
222.1188453024253,-242.1844963990978,0.0,CAF
214.3069227077933,-285.2817632265783,0.0,CAF
-100.48799500208519,193.15615390900817,0.0,CAF
-90.46800969486826,-371.1934509737281,0.0,CAF
307.57183487115145,5.955053082631105,0.0,CAF
396.9822045975291,48.669631792770005,0.0,CAF
-302.63938010064356,107.35834679617268,0.0,CAF
-175.04094702827825,-132.28084517578202,0.0,CAF
38.000996554429484,-384.49623647990853,0.0,CAF
355.9932502596129,173.51017474396193,0.0,CAF
-11.822876031651026,339.3575522308473,0.0,CAF
210.71806168695812,141.5773080385647,0.0,CAF
-379.57920761193395,64.87209815013024,0.0,CAF
-259.6750170668464,192.34317624994142,0.0,CAF
179.73352453868446,-202.5715700833927,0.0,CAF
39.05155888044403,313.49898816042787,0.0,CAF
-192.8536159724997,76.71871017743655,0.0,CAF
217.36763154862052,98.1232698562914,0.0,CAF
151.45833346729813,166.77869848283856,0.0,CAF
-47.372839394277435,-260.4203306284096,0.0,CAF
347.0897981484943,-99.32683976884563,0.0,CAF
-262.1720720612114,265.09311030780174,0.0,CAF
72.70610397454273,-302.55424982993696,0.0,CAF
73.50038136408743,-326.164890934807,0.0,CAF
-125.96073681719338,376.6014075993443,0.0,CAF
280.43381819756354,-219.88897528364845,0.0,CAF
-183.94027261397423,-184.5611070347007,0.0,CAF
-124.80907655172496,-157.77026529142017,0.0,CAF
-95.05648363397803,190.90494899231828,0.0,CAF
-193.29927561514847,-171.47270513810992,0.0,CAF
-388.45585340013156,56.69789395725756,0.0,CAF
-292.0487018731477,211.86266215719306,0.0,CAF
84.1187985063194,-253.56674362941993,0.0,CAF
-223.3251399166724,23.84947893903754,0.0,CAF
-368.1021635149303,106.06476463946231,0.0,CAF
238.27642546200371,282.6868709925353,0.0,CAF
302.1036839784449,-154.24028554512014,0.0,CAF
13.197853305466626,301.8543157653166,0.0,CAF
-193.76930862608174,-225.3069512533515,0.0,CAF
-192.2175575591359,334.99502587372143,0.0,CAF
-14.705620644840373,304.7818837799051,0.0,CAF
-166.86525641347018,192.19681359519242,0.0,CAF
-101.48173066331707,378.4620213720298,0.0,CAF
-240.2107555085098,219.09098034234188,0.0,CAF
-14.359113691300527,283.21862744846464,0.0,CAF
289.3491240008422,-208.9247232278578,0.0,CAF
36.50075280754219,203.1635094432046,0.0,CAF
264.99350887324647,-65.29161020097543,0.0,CAF
186.1574444534657,-315.0161417588486,0.0,CAF
-18.518806654189774,285.3931139432725,0.0,CAF
164.75452641348068,226.01740587663167,0.0,CAF
356.875659866462,69.8256533886756,0.0,CAF
-115.27518153973325,-208.14336095255092,0.0,CAF
263.2659000015494,5.528131967004782,0.0,CAF
-261.5923176250723,59.27182884562361,0.0,CAF
109.14325648809887,288.1161292147916,0.0,CAF
-293.72903304185587,204.27647400670705,0.0,CAF
-113.27621241586853,-349.81418093182845,0.0,CAF
-242.30436640518408,-31.723475382482903,0.0,CAF
345.77533326035535,198.7415732252918,0.0,CAF
237.81206602549958,-205.49226114128484,0.0,CAF
11.652851958313649,312.96558143291855,0.0,CAF
246.7871512182221,17.77818744145031,0.0,CAF
-230.5087959635762,-151.81528482833542,0.0,CAF
163.60791144207553,315.0532232666123,0.0,CAF
-46.898204694114824,-370.3772896544117,0.0,CAF
154.26790979822752,-186.28700211471855,0.0,CAF
162.99877202233804,170.27707788109512,0.0,CAF
280.7840684407665,93.2907530456811,0.0,CAF
245.02372827287894,226.9105443331951,0.0,CAF
-363.78070721663573,8.382985119335665,0.0,CAF
74.24871262589348,-367.3411790379026,0.0,CAF
-66.15279571979559,-218.2775214717024,0.0,CAF
-243.32056012304042,2.572151233935517,0.0,CAF
-30.65662746393357,361.54937664807517,0.0,CAF
100.4876395638842,-383.00266619218837,0.0,CAF
-315.3645654799478,113.67902636721944,0.0,CAF
-146.03736481483907,-358.68956569880913,0.0,CAF
-266.9121158450815,-36.516224994931534,0.0,CAF
351.6074785203892,177.86427962368538,0.0,CAF
106.88427619413413,207.85975065552725,0.0,CAF
110.66455515668682,-274.87968153791724,0.0,CAF
32.97802163456078,238.28019143157243,0.0,CAF
-340.26058987618575,144.0350889066705,0.0,CAF
65.93262949223055,-274.42371427303794,0.0,CAF
341.5508532471252,204.67690241258836,0.0,CAF
-167.69356518597104,306.7769762840762,0.0,CAF
226.72848015780647,122.20614165597331,0.0,CAF
276.0635170468859,-96.79948585264606,0.0,CAF
-252.3712543173496,274.9268789961393,0.0,CAF
357.8995821686017,-60.494730380616204,0.0,CAF
-50.10425294843214,-278.47071646941333,0.0,CAF
-283.6316143790114,-104.2873583528795,0.0,CAF
117.02745075539056,334.23282775136875,0.0,CAF
-137.59678419487025,373.1966183724713,0.0,CAF
291.40174406226333,234.5202966395596,0.0,CAF
152.77159664614672,191.29990005401498,0.0,CAF
-227.8567398942571,109.04442212576672,0.0,CAF
-310.61673216509405,92.26768833910164,0.0,CAF
-310.03671961795425,-31.400586814437126,0.0,CAF
310.3525439218675,88.38488716963215,0.0,CAF
296.28110821285634,-21.433463676337237,0.0,CAF
362.20778026748155,-38.89995536824665,0.0,CAF
-379.752861872088,-4.486522474192355,0.0,CAF
-308.9348914722552,0.8118197202681843,0.0,CAF
368.47680002709495,5.130556442110855,0.0,CAF
-67.93450592076536,225.69826552549586,0.0,CAF
-206.196982038471,-255.44434314900403,0.0,CAF
203.06976451926846,258.6402489758319,0.0,CAF
-69.93046463989714,278.40498861462044,0.0,CAF
-150.41699449273955,-330.03543042615377,0.0,CAF
-26.847356977003372,-340.95767666667786,0.0,CAF
47.692911427950605,214.31139024109044,0.0,CAF
296.66251519325505,-130.5718146971465,0.0,CAF
-43.81468274597244,233.4544120531684,0.0,CAF
240.56985082688982,-117.39422371566538,0.0,CAF
356.8389023196339,-37.04641555289988,0.0,CAF
-13.398820484139481,326.477773675109,0.0,CAF
103.86249567617082,368.59252670137346,0.0,CAF
-279.6433065787934,256.6087610880147,0.0,CAF
-227.59496973874994,-269.2029498465887,0.0,CAF
53.02174939373474,-255.59443708489516,0.0,CAF
237.70127949162557,36.27198500210483,0.0,CAF
-359.2039853977081,-128.20417996470178,0.0,CAF
-173.93743336298058,252.36064867526568,0.0,CAF
-286.7164002314785,130.87781571652837,0.0,CAF
119.80193372421219,-330.40487339981144,0.0,CAF
-110.05548216567782,-177.3581850192263,0.0,CAF
357.3293728593617,7.918034220589287,0.0,CAF
-281.1942461192879,186.23458676833602,0.0,CAF
29.622587493141,-214.94545097559313,0.0,CAF
-296.36691736555065,-33.17891121915315,0.0,CAF
-138.5840230099175,220.32069938721563,0.0,CAF
-169.18182016521303,279.6754863430149,0.0,CAF
-71.36797813262271,338.1392047635799,0.0,CAF
338.7295452438771,203.88365076939957,0.0,CAF
263.4791541255114,97.91918553523482,0.0,CAF
376.2086581238806,-8.85250536155567,0.0,CAF
394.2777290029469,-19.132305224663032,0.0,CAF
-316.3969383667032,-238.3215004706707,0.0,CAF
257.2107738903039,-217.6640843784054,0.0,CAF
-122.32719743122142,316.8295603428431,0.0,CAF
-15.007330880561438,258.0347337018693,0.0,CAF
237.70541054553524,-191.2895150455842,0.0,CAF
-112.5759569732469,-183.72837701885413,0.0,CAF
94.21087807140816,-289.46781587511657,0.0,CAF
-370.22778724694365,1.5632952368195574,0.0,CAF
-362.0670461861515,67.22004830251649,0.0,CAF
332.86577889563256,-87.15282093715841,0.0,CAF
-157.94542607678903,-123.7044625762766,0.0,CAF
-124.4559792947902,353.30111452969277,0.0,CAF
-243.53937132988912,-225.97728651791695,0.0,CAF
78.99108084969497,-250.5260938952301,0.0,CAF
18.410852690646397,-279.356046983594,0.0,CAF
83.71379308050273,-335.4000421580614,0.0,CAF
185.84922405900235,-342.9685012983554,0.0,CAF
147.59884484682615,288.0546078512643,0.0,CAF
0.545544562373795,287.0984841278833,0.0,CAF
-33.46804591172122,268.3467421849136,0.0,CAF
283.8253243416898,-145.3258594041403,0.0,CAF
235.66005235200862,275.9864036661746,0.0,CAF
199.5418951990182,-299.9275802117932,0.0,CAF
359.07341741675083,-12.701594751111838,0.0,CAF
310.1200958494208,-230.70810277089024,0.0,CAF
17.646414460734782,297.465187725577,0.0,CAF
262.2416730988075,92.17913355779785,0.0,CAF
-265.8983648393084,52.43968552863126,0.0,CAF
288.27601689256375,148.80988172670502,0.0,CAF
-375.25683452607717,78.13743616922382,0.0,CAF
13.990488574947372,290.23918984047793,0.0,CAF
388.284456062392,11.150730364584787,0.0,CAF
-302.4405313538888,-147.25684423773308,0.0,CAF
-276.5249086623426,142.03470131126792,0.0,CAF
-205.66292327473118,335.5836348746793,0.0,CAF
-280.35954791865925,60.85229524138033,0.0,CAF
198.59471993327733,197.91038825229435,0.0,CAF
278.4943759629044,-181.41205581633605,0.0,CAF
-16.84860259853461,-312.95596219880605,0.0,CAF
-220.33656116339122,47.937305612201165,0.0,CAF
-231.3486117365987,219.10672743064984,0.0,CAF
-297.62231620282466,-152.6467586126334,0.0,CAF
102.84671484692814,-385.46696665332126,0.0,CAF
201.52042553522347,9.335398834496743,0.0,CAF
260.5926102136721,-296.73510450098934,0.0,CAF
311.1328105252203,22.252577493867815,0.0,CAF
95.51572242680108,232.29606433970716,0.0,CAF
339.5216042623869,179.33268495971265,0.0,CAF
-200.3895084210701,-299.6759223656891,0.0,CAF
7.443898756502872,-378.03796677807105,0.0,CAF
330.4659992007579,-181.3571162907787,0.0,CAF
-48.66904427249917,340.7927563608737,0.0,CAF
-223.10766246032364,17.58194301703964,0.0,CAF
257.72487536536806,105.8188625890996,0.0,CAF
-391.118194262934,56.88861608668772,0.0,CAF
249.7819663071182,-256.2400265978389,0.0,CAF
-26.485823143726808,379.6555164755277,0.0,CAF
-239.68501978979427,116.11981651058328,0.0,CAF
230.60015576239076,232.99501666786117,0.0,CAF
-131.58687989203258,-342.57119621090624,0.0,CAF
94.78311619148019,375.9187159024561,0.0,CAF
344.1255753410046,-61.73438709104319,0.0,CAF
-138.99412255158293,365.45680276041554,0.0,CAF
-166.4540294646882,-361.1962042774149,0.0,CAF
54.434043700368626,251.63337406068754,0.0,CAF
353.0767894832112,154.65593043420213,0.0,CAF
-339.85666671859053,-179.99261244542404,0.0,CAF
378.9271768212043,-31.788299635508118,0.0,CAF
74.25039049609599,248.6029926878402,0.0,CAF
41.30076432916046,-261.18217962181035,0.0,CAF
13.402258799553755,382.7692592452478,0.0,CAF
-263.68927279079526,-118.87676148175561,0.0,CAF
-198.05236139353923,154.65055527669645,0.0,CAF
187.0020224895854,-197.16791820189397,0.0,CAF
280.1702697253672,107.79955652813184,0.0,CAF
367.88469933238673,-93.74244969005522,0.0,CAF
265.2703262001573,28.87128822689359,0.0,CAF
-356.6439428540122,65.88976607449702,0.0,CAF
278.06374140412845,-53.3364339787162,0.0,CAF
-318.49014788193693,76.29218119395087,0.0,CAF
-359.219613302009,170.73592874076274,0.0,CAF
-221.1791372469912,273.2771457563188,0.0,CAF
260.05492639766754,-271.6716872263723,0.0,CAF
7.245603491674675,-361.87391798902536,0.0,CAF
384.6057451829366,95.90812519568901,0.0,CAF
-48.168173327802485,-196.1286615809381,0.0,CAF
-291.50340776602275,129.9464224993444,0.0,CAF
-241.19282931007112,-146.7765049339946,0.0,CAF
255.66586049489973,107.72958138040924,0.0,CAF
235.69552206886704,-69.11841676531232,0.0,CAF
-65.16120874544134,259.43264138752426,0.0,CAF
-232.2039455528476,-271.70406358338363,0.0,CAF
-118.25523391855405,282.2199030578344,0.0,CAF
-71.86103080048201,278.9692715391259,0.0,CAF
-216.41802946166663,61.662942320663554,0.0,CAF
231.84807041581124,35.67303304408411,0.0,CAF
123.87068623847318,211.0394756239237,0.0,CAF
-181.5070996442682,-302.988795898504,0.0,CAF
-250.68207914088893,56.53424044313646,0.0,CAF
-150.22944754868607,-250.0890462516918,0.0,CAF
325.6697940502895,-108.61813659359466,0.0,CAF
121.67387706308408,-337.43415387722155,0.0,CAF
211.41396761063262,-79.24255515178892,0.0,CAF
272.3998685568675,-134.13772307524823,0.0,CAF
124.47328866059546,296.2873351928912,0.0,CAF
-224.32635940095622,-67.02603824393329,0.0,CAF
-251.16605929533486,287.84778962651484,0.0,CAF
-207.26807157871986,145.40264502752987,0.0,CAF
353.70349093325825,1.3442589699488114,0.0,CAF
370.5091164001732,-38.282446917596204,0.0,CAF
32.12807876416249,336.68731436504765,0.0,CAF
-149.39286513023745,-274.6960275420494,0.0,CAF
283.9159368749008,-49.047935449658986,0.0,CAF
151.34537191393977,-366.97455290275366,0.0,CAF
-82.84213860069936,242.98102117499928,0.0,CAF
217.28431149780863,145.5479278507477,0.0,CAF
-175.6691112402354,-215.74810087771658,0.0,CAF
-154.89512689400402,-166.18685567029013,0.0,CAF
269.10139357804593,-286.76172019271,0.0,CAF
-107.27025735072075,-215.57942473802566,0.0,CAF
355.04168081234576,-102.38793727498273,0.0,CAF
-184.56903801333075,84.14028668460467,0.0,CAF
-21.59556852363255,390.76465048062204,0.0,CAF
118.09887239732734,-223.52904694115324,0.0,CAF
-50.88774036693791,-259.76708716076286,0.0,CAF
-338.3010445352215,46.17853613279593,0.0,CAF
89.44235228934393,381.289141770942,0.0,CAF
-324.91922331466213,-49.65832534158168,0.0,CAF
192.14962651079162,279.0902000069737,0.0,CAF
139.2363307184571,214.76910358110652,0.0,CAF
70.88780283824907,221.47166193035744,0.0,CAF
-121.16212795278564,-344.2468750256158,0.0,CAF
-102.65195934899074,-383.46369777394864,0.0,CAF
-305.77571738920466,-214.71132172896444,0.0,CAF
300.25312495987106,24.788654780451857,0.0,CAF
-116.363830584705,374.2365234295324,0.0,CAF
324.64761144730096,-27.260854788558117,0.0,CAF
-179.25118025804898,-315.2094740510389,0.0,CAF
-280.4165631380368,-104.21175516834155,0.0,CAF
144.58814292836067,237.7030104919107,0.0,CAF
385.31855042126875,-90.41861360268746,0.0,CAF
282.35669264624147,95.98148636278579,0.0,CAF
-259.32188103180755,189.1115795455297,0.0,CAF
-30.926659758864794,299.4276453799412,0.0,CAF
-95.88581070123796,-198.56518669659062,0.0,CAF
-265.3424752767303,-84.42441678312534,0.0,CAF
-145.4285648622667,287.0740765352073,0.0,CAF
-38.17737367361,-229.1964076655948,0.0,CAF
-0.14406144546619623,-257.1461306830026,0.0,CAF
-17.98581360085173,-364.4370477508211,0.0,CAF
-97.91169439028512,-351.7544162973016,0.0,CAF
260.1831277046498,182.00794064064647,0.0,CAF
-194.10157699108234,72.96934538134188,0.0,CAF
-55.6989807650996,386.92363652178017,0.0,CAF
29.168813794924418,377.7759329430893,0.0,CAF
-316.4744101683964,-17.917373230670265,0.0,CAF
61.80813991151749,362.8756767773426,0.0,CAF
364.1456693865842,-134.418002432551,0.0,CAF
-295.37194480911336,154.94822589849272,0.0,CAF
-303.2246588028343,167.51560283645003,0.0,CAF
83.89448552811348,313.5209200703026,0.0,CAF
-162.64902703550962,-153.28078067461004,0.0,CAF
72.03977577490966,344.3464954696435,0.0,CAF
124.4484380751214,157.2779721514966,0.0,CAF
112.77129825132899,-342.8363524726577,0.0,CAF
21.17097425803382,-260.01610977411275,0.0,CAF
167.829330820302,-322.79001663416443,0.0,CAF
-327.49159374035696,-106.9247480489498,0.0,CAF
-285.9739071102783,-48.42212017397146,0.0,CAF
-94.22215456311727,-253.4216890142073,0.0,CAF
224.26221101485936,281.60395852562164,0.0,CAF
314.90633454176714,151.24796287374835,0.0,CAF
274.54108578375394,-63.86760678019571,0.0,CAF
-210.11647496196937,-156.92800362537287,0.0,CAF
80.17015267339927,-332.174740339487,0.0,CAF
-253.2843487435991,-18.780370163173973,0.0,CAF
332.29388292485334,58.366437254200484,0.0,CAF
193.8003554953233,145.85289519348288,0.0,CAF
216.2503418803497,184.15334514415844,0.0,CAF
-108.3830970776469,-352.54471952097117,0.0,CAF
-150.79097606715078,-156.06748272283107,0.0,CAF
-219.88146916287576,-11.29694651791426,0.0,CAF
-125.74970394332122,-331.0149379240079,0.0,CAF
-386.0779146059384,-27.17130716095122,0.0,CAF
-17.028333125205766,246.80002498753768,0.0,CAF
-20.084788973057055,240.62465114614366,0.0,CAF
-348.98213111964833,-131.53103994616905,0.0,CAF
78.77225027697958,-246.32345125543364,0.0,CAF
386.8080310237027,28.645138685673917,0.0,CAF
366.80267983737014,112.7872870204795,0.0,CAF
-168.5516101723096,-134.4910684168476,0.0,CAF
34.56633465231497,-235.06688943201007,0.0,CAF
167.56431242182126,-149.8103981138135,0.0,CAF
367.02662960418735,-99.96645644133523,0.0,CAF
-370.58699100255154,-124.67731167765012,0.0,CAF
-9.890002571565498,-240.4623712520632,0.0,CAF
273.0861257215111,107.40031119109024,0.0,CAF
-267.6388930666115,184.3995866318817,0.0,CAF
23.145433621348335,-351.3352852230364,0.0,CAF
-154.64105337250814,-243.1366888132355,0.0,CAF
-350.4485847750783,-36.3676408545333,0.0,CAF
-327.30400785109885,118.24775365466432,0.0,CAF
285.5462403434801,75.08376143107007,0.0,CAF
219.80624821456237,-318.1121770659537,0.0,CAF
-384.65764655330855,-92.29923042595735,0.0,CAF
-382.9269394969415,25.279865217354626,0.0,CAF
-351.32624628565463,149.62068571702656,0.0,CAF
-352.961158252958,-146.8786815922267,0.0,CAF
250.70258422003462,-235.20550840882953,0.0,CAF
-378.2514331003015,91.098888888369,0.0,CAF
339.4414349638847,0.167543929471409,0.0,CAF
-60.39164580527794,-232.48906601072684,0.0,CAF
-145.43962555894433,-340.34372939149387,0.0,CAF
-204.24633971139144,-108.61066516313775,0.0,CAF
-242.55437730651144,-114.2253620576562,0.0,CAF
254.0884162325161,2.472132205270839,0.0,CAF
73.39667065494498,279.20441630876275,0.0,CAF
-323.0575348895413,-45.710013078616086,0.0,CAF
199.76079426608834,301.47400836312625,0.0,CAF
-327.8979642128274,23.310311634787404,0.0,CAF
-93.38548565470356,199.42799645229775,0.0,CAF
219.3221601247025,-43.83883984564584,0.0,CAF
156.74598051180362,189.76669929232477,0.0,CAF
-162.18764688615417,153.64847243707234,0.0,CAF
-237.46471208930438,-86.92277563825078,0.0,CAF
294.8835767830594,-31.179268020440944,0.0,CAF
199.06168869639245,69.19049774998417,0.0,CAF
163.40135551898942,341.70218606170874,0.0,CAF
294.0896558428139,-104.77785318528626,0.0,CAF
166.04928736612982,228.28054483545193,0.0,CAF
384.15326609975784,70.58730603917887,0.0,CAF
84.60219984232717,277.1496153532231,0.0,CAF
-279.9692835902324,233.67455836238474,0.0,CAF
275.43531751909376,50.11512714246985,0.0,CAF
-232.5182001925348,-316.3075963423692,0.0,CAF
-210.88617024822128,-215.75145084262908,0.0,CAF
218.00450947924887,81.89973317206855,0.0,CAF
-208.18531714347293,-23.456753428973954,0.0,CAF
-232.70607937305834,139.37820111157043,0.0,CAF
227.00932424165194,-153.13754826286805,0.0,CAF
283.99759374713193,-206.51793659199328,0.0,CAF
-243.21352973546823,81.44703626321109,0.0,CAF
-32.663382378826626,-249.2976743344478,0.0,CAF
259.3785810343802,-21.608731870273825,0.0,CAF
-260.86823295607957,-212.69588466842558,0.0,CAF
1.6700751108701963,-251.2313515080851,0.0,CAF
82.04430878405988,-217.71014541066532,0.0,CAF
297.5582337635805,-191.1536962219033,0.0,CAF
271.50003582933294,28.365601551292247,0.0,CAF
-210.46596340711199,171.13617471304923,0.0,CAF
127.23993708675641,352.57250444330145,0.0,CAF
206.01763822189685,-176.54107320628992,0.0,CAF
-186.62124542019617,-148.57275423933393,0.0,CAF
-153.6599116211219,356.4764233867199,0.0,CAF
-218.47844971157394,-5.81753171240514,0.0,CAF
31.495320010942958,350.63782137297414,0.0,CAF
335.7422927169176,136.69341049611756,0.0,CAF
-77.16505112745598,341.42391634680877,0.0,CAF
-38.27777518233444,-395.85324075322893,0.0,CAF
-123.59352949538997,-231.35258912529144,0.0,CAF
228.3982247104864,-61.05270711884336,0.0,CAF
152.01877739053847,172.18396442409318,0.0,CAF
331.28439040775714,169.33684230271967,0.0,CAF
-221.10470724720633,-105.73486799269823,0.0,CAF
-210.97382491992553,-83.60456903014976,0.0,CAF
-369.1832682398915,-130.54242379445344,0.0,CAF
49.68210999834609,396.848438359594,0.0,CAF
-96.95214362466473,-368.24413870410746,0.0,CAF
27.653585746341886,-270.5078884013058,0.0,CAF
-77.21204039498322,309.9362338458531,0.0,CAF
314.70382377415683,158.98823365120927,0.0,CAF
-5.522631019891175,316.4610132066186,0.0,CAF
-163.08485167023093,-264.9187430875731,0.0,CAF
-319.33799580277537,-234.873555427198,0.0,CAF
135.78415801267377,197.07542610652544,0.0,CAF
-350.0694432225739,-24.634837524245658,0.0,CAF
377.64491415649724,-67.46919269412052,0.0,CAF
-188.0806246115816,-276.63206439414495,0.0,CAF
164.1688047018054,-205.811162456836,0.0,CAF
74.66204663155304,203.4231524926892,0.0,CAF
207.51066986370034,-316.58568661883936,0.0,CAF
221.8969651486386,148.95481281720262,0.0,CAF
281.937180268366,146.6203258257501,0.0,CAF
-115.5006110486412,380.58951043054356,0.0,CAF
-334.7836818782854,-73.89459872515695,0.0,CAF
369.3502096537088,-70.13522387363771,0.0,CAF
-173.8965388720672,252.4436329168665,0.0,CAF
-204.01905264270252,-241.58196415611764,0.0,CAF
-304.7268644254282,188.10824836957252,0.0,CAF
-363.0646160076007,-144.58201239282184,0.0,CAF
319.0232156202442,-79.98045850946606,0.0,CAF
-107.95453986683617,-288.91440387240766,0.0,CAF
-242.40294629203353,301.1169782182064,0.0,CAF
-278.56287545303366,225.50338074382447,0.0,CAF
-129.59829536705357,258.0274582089536,0.0,CAF
260.673484017115,-86.20199757545478,0.0,CAF
68.31873355318528,-222.76205148103287,0.0,CAF
45.36960795308234,232.3934958145581,0.0,CAF
347.5356424830805,-177.06226428534805,0.0,CAF
323.2888746878576,-233.76319685998243,0.0,CAF
-189.9772005076219,138.37861305064493,0.0,CAF
347.1058930495053,75.5165284857275,0.0,CAF
-207.7776867855872,209.35545101845068,0.0,CAF
133.7593582000599,-316.5163102395167,0.0,CAF
-176.84834250895915,220.18361482146662,0.0,CAF
244.36042925945426,-176.2244537783969,0.0,CAF
245.80330232882253,1.7211633502788304,0.0,CAF
-292.904472387631,176.6758827222641,0.0,CAF
-54.52606841004685,-278.9589275060802,0.0,CAF
343.4291442747176,-42.57063795575282,0.0,CAF
62.254734023352995,238.5833912074178,0.0,CAF
-103.18417116171995,203.57914508734783,0.0,CAF
323.5843709388451,-27.865851254781628,0.0,CAF
-136.05788325998134,302.8662420567081,0.0,CAF
-175.43805234307763,-111.72970713545848,0.0,CAF
150.73733970754762,242.70862795842572,0.0,CAF
-217.88194752199004,140.16944107070424,0.0,CAF
-263.3760922337954,-182.61845936095924,0.0,CAF
48.40882266978273,365.633129172306,0.0,CAF
261.808735544771,55.59553015736945,0.0,CAF
-71.29072079541004,197.07418279975593,0.0,CAF
-23.913680034094206,249.66992218239957,0.0,CAF
-381.187308122359,113.10567945341751,0.0,CAF
-142.03186796080115,-186.46411209456963,0.0,CAF
-346.3999259989445,155.84224347446187,0.0,CAF
267.44146812733914,26.96166496677311,0.0,CAF
-271.80127681883954,-182.2324039386786,0.0,CAF
343.75030834967623,-32.956492919130916,0.0,CAF
328.8546659667024,117.21004427180253,0.0,CAF
360.3570524134803,-97.53851981829533,0.0,CAF
-185.10170526349813,348.05402588298114,0.0,CAF
-223.8119128977558,-82.35991059985064,0.0,CAF
-56.14774576195642,263.20492868021,0.0,CAF
-196.30060406605574,301.6403061992984,0.0,CAF
121.95741178722749,184.44390621052773,0.0,CAF
367.16890340441694,-17.848160710909752,0.0,CAF
-364.4218519753007,-5.2420981093048065,0.0,CAF
155.1767093693796,271.6206642161099,0.0,CAF
38.208844608078024,-261.37574981812367,0.0,CAF
101.99869793376614,280.7300224685062,0.0,CAF
220.70985474534274,55.100688906326845,0.0,CAF
301.7297743743185,221.88778648957404,0.0,CAF
206.27268578308798,-58.4348332311126,0.0,CAF
-353.7252421776527,54.0243370007808,0.0,CAF
-357.1175709901137,146.56448513226005,0.0,CAF
-187.43344809086386,-78.75135125910919,0.0,CAF
112.34272029252497,-201.8481023886042,0.0,CAF
-125.80544515893816,286.95320700509217,0.0,CAF
-75.56779866840216,-361.7635121837109,0.0,CAF
-327.4983304406408,-149.36887297367585,0.0,CAF
358.66367397653596,-46.09319960977459,0.0,CAF
71.10006266850526,222.25054819030376,0.0,CAF
281.82516062861106,92.78811377447366,0.0,CAF
94.72238479207951,-257.1368878278878,0.0,CAF
-234.60668621557932,-182.33985665013307,0.0,CAF
13.931178511316231,262.22082639525553,0.0,CAF
250.5830987403897,-68.01123961746171,0.0,CAF
351.17988023737763,167.84804381749518,0.0,CAF
-297.7595980177389,-244.24551341523116,0.0,CAF
-38.06207142444251,371.508647338731,0.0,CAF
107.61727664948796,374.2186224597154,0.0,CAF
389.37807695008405,1.090453014707317,0.0,CAF
157.18889442084284,320.67192597933104,0.0,CAF
-225.82182610668286,291.1502758853268,0.0,CAF
184.05392251340265,142.71154723612943,0.0,CAF
-238.96400481848409,281.81610874447944,0.0,CAF
340.43309716385346,-82.8957647928845,0.0,CAF
157.7803340591836,154.75653265593763,0.0,CAF
296.49632953581835,62.70437494244727,0.0,CAF
103.03189564172555,233.71489664537089,0.0,CAF
202.54821737894605,289.0728000703649,0.0,CAF
291.36135355190754,3.0985899270832684,0.0,CAF
-10.372037160070313,269.63745629319226,0.0,CAF
-300.6245200873883,-48.11313412227536,0.0,CAF
-268.9386498114761,198.82179769990867,0.0,CAF
-363.0507789053879,-67.1796453128205,0.0,CAF
-357.8151427492303,-73.45972382096936,0.0,CAF
-295.24423514840055,132.72226697678548,0.0,CAF
-197.69957618499822,-217.66805489780637,0.0,CAF
151.0173249923419,-336.33061555236117,0.0,CAF
-172.6551887152941,161.3554142414876,0.0,CAF
-212.9409462738566,24.654263149720457,0.0,CAF
110.57216693347496,-331.56593887186307,0.0,CAF
-6.169375579432194,211.87089501110412,0.0,CAF
-392.819917242794,72.36007968160426,0.0,CAF
-165.37883617481083,-362.20447545312726,0.0,CAF
-23.113050990236207,303.3986989702092,0.0,CAF
201.2540694435274,78.17877812917692,0.0,CAF
-202.21644109155278,-49.70082433658888,0.0,CAF
178.26455031655806,-120.56921635499349,0.0,CAF
221.37931303864508,114.30940894551388,0.0,CAF
288.63804491348486,-7.576351166332203,0.0,CAF
-250.4514925157013,171.0666961167145,0.0,CAF
-232.7083440088436,165.9590509032459,0.0,CAF
-286.80581039029425,-122.66215759923725,0.0,CAF
131.93930379620238,-329.4363262547633,0.0,CAF
-151.23262867233464,-286.15520451185034,0.0,CAF
285.48061479129456,208.33102293077704,0.0,CAF
264.73979687826863,242.4665876808567,0.0,CAF
-68.12649026982197,239.40647752263033,0.0,CAF
76.30705577154467,-360.45895797079993,0.0,CAF
26.140480778345697,-368.96573734712996,0.0,CAF
66.10138338670517,-217.60289218171644,0.0,CAF
366.88860457212513,91.27367938222403,0.0,CAF
217.77722005787493,250.47522326783002,0.0,CAF
268.86913064940023,35.94665312012522,0.0,CAF
51.56648745666487,319.66462223052457,0.0,CAF
-163.19726506213922,-310.0307064452943,0.0,CAF
-15.786276452394441,-338.42594876256857,0.0,CAF
-188.18868692555913,339.9545952397972,0.0,CAF
-133.35800837991852,-255.39501170512983,0.0,CAF
-140.90202996764228,-277.64234446374144,0.0,CAF
-313.4906242598573,129.7004582192938,0.0,CAF
-81.24343873137362,-284.33409790140547,0.0,CAF
294.0523031485778,-202.98208087918815,0.0,CAF
187.89309959495745,-87.88919478886638,0.0,CAF
-110.64331831918207,192.02604235639774,0.0,CAF
278.0832630340146,9.24282795415293,0.0,CAF
351.93861613936383,9.158158978344918,0.0,CAF
-76.2219037364589,-341.24125248609374,0.0,CAF
-18.198485127039742,-273.75763149951575,0.0,CAF
-144.83402214744206,325.3869779867384,0.0,CAF
365.75850673982774,-48.91259290367307,0.0,CAF
-92.45599614717533,206.6219208073679,0.0,CAF
-241.31457930210206,301.2523438175132,0.0,CAF
335.0204205112678,-16.448280856623406,0.0,CAF
310.70067358739703,-224.36174891521043,0.0,CAF
181.87336166918567,210.27447919470686,0.0,CAF
-323.4589920201468,109.2499984101017,0.0,CAF
264.7024743055513,-51.380039357074374,0.0,CAF
102.8447252429234,-257.73882592953595,0.0,CAF
373.9357042276955,39.20192933713296,0.0,CAF
-362.57065964550674,-61.877316537756485,0.0,CAF
94.26398299872697,234.1268788285325,0.0,CAF
91.41872743461987,221.30348009873535,0.0,CAF
259.7927716837042,-256.376058858896,0.0,CAF
139.35347005013446,175.64797782604222,0.0,CAF
-210.71190174704464,-245.97195051224426,0.0,CAF
80.47575949337335,375.74621176572174,0.0,CAF
66.87283925399109,-279.56154587335027,0.0,CAF
38.44856189312525,371.46115930041543,0.0,CAF
-259.8736290409506,105.55985449486613,0.0,CAF
-209.81508447393148,228.6942083368829,0.0,CAF
137.02659682652114,-210.28317559756158,0.0,CAF
-197.84354000944742,130.6825250275197,0.0,CAF
-96.65945629060447,-350.4637748786413,0.0,CAF
-267.7410232182847,71.94991342045927,0.0,CAF
216.52457491161334,-32.53823328134309,0.0,CAF
111.21880139757843,364.6846998517073,0.0,CAF
10.641610928271106,232.5799455830204,0.0,CAF
-182.71269143314865,-93.51389489710581,0.0,CAF
-184.55178571772606,-110.38999669290455,0.0,CAF
-253.49907272273765,-152.1824654256311,0.0,CAF
133.30062344161723,152.1982684131687,0.0,CAF
15.817877676899487,247.0863365874482,0.0,CAF
144.05275725785526,-283.4052841752141,0.0,CAF
-217.28787057624277,144.49760434785824,0.0,CAF
183.54668021522994,292.03842082478707,0.0,CAF
341.6618783777569,-166.62262557139428,0.0,CAF
-368.48307744157364,19.905739582031774,0.0,CAF
86.52791159310961,268.2874300919621,0.0,CAF
-298.5133065370369,-71.30196921284964,0.0,CAF
190.23257128719698,308.4671215352079,0.0,CAF
-180.88541747148994,132.6478952827449,0.0,CAF
-310.68745945430567,-95.40903286357742,0.0,CAF
70.4634229940482,340.630168402801,0.0,CAF
383.55848069417095,71.64001820847041,0.0,CAF
129.12140184042588,-212.6932736376861,0.0,CAF
-120.01102235490917,297.35475713140886,0.0,CAF
109.40457946881018,191.66856907265768,0.0,CAF
-108.18813212049714,337.8293784691198,0.0,CAF
185.43396741940313,-352.32923990584186,0.0,CAF
-263.4631284295875,-176.3341424907486,0.0,CAF
160.8281523171022,313.8599178322595,0.0,CAF
-380.87165353336246,-105.43402119741434,0.0,CAF
-128.70489261082804,289.7390910138918,0.0,CAF
-348.8426645197714,-170.33811290879655,0.0,CAF
-157.34230221688665,-176.699926617545,0.0,CAF
-17.250913780424707,-245.83334730351925,0.0,CAF
-355.594763619514,34.38024441175255,0.0,CAF
-51.08686157562084,-381.85222711259996,0.0,CAF
-92.25400313789773,274.01386220502786,0.0,CAF
-293.5776026793736,-181.21126081974793,0.0,CAF
134.9457472935851,232.44110508823687,0.0,CAF
-244.0842848291777,286.2856112209661,0.0,CAF
215.38448164487332,-296.14724369541096,0.0,CAF
32.81147031637365,-235.72681364144685,0.0,CAF
-192.15688408553837,241.84352011351584,0.0,CAF
6.47498065420957,211.88291844795557,0.0,CAF
-211.31910017083504,216.05914118105417,0.0,CAF
-202.22791862586135,-86.1955872973555,0.0,CAF
-132.8647273543622,-313.8006175484244,0.0,CAF
38.44913164896076,274.90586467086376,0.0,CAF
215.32014113296046,-26.271671950362194,0.0,CAF
193.1537693597167,-167.18404565351946,0.0,CAF
-162.1360988847867,275.795041823251,0.0,CAF
227.75401745361475,-158.99894112517663,0.0,CAF
-122.5039315703168,-227.9730929738231,0.0,CAF
380.961880326783,-20.895891320014712,0.0,CAF
-348.68021058408556,-158.2431919383858,0.0,CAF
-174.26027096479183,213.0007203381832,0.0,CAF
288.2087500700133,-189.19564677566785,0.0,CAF
179.22416751818446,-327.4547728973984,0.0,CAF
193.67003684313656,-75.09345958645024,0.0,CAF
-141.72813748601726,-145.78941349493383,0.0,CAF
-185.62826064696418,-75.36585466351423,0.0,CAF
218.16764414154673,48.75924781618978,0.0,CAF
168.29718410615365,134.97250348831156,0.0,CAF
-129.60130443405941,-336.4733216081287,0.0,CAF
-164.2228825989414,-167.24480843077157,0.0,CAF
244.9524937867423,-232.25713371384154,0.0,CAF
254.30125096313483,123.20840075911799,0.0,CAF
-129.6786991085776,-163.952405193698,0.0,CAF
-88.4420920300946,316.4312188940582,0.0,CAF
-316.77874564065723,67.67163657377681,0.0,CAF
-187.0095544029453,330.09238595853907,0.0,CAF
382.0463422008977,99.61138496417524,0.0,CAF
238.9015382024622,-40.85601664150438,0.0,CAF
-249.96342595134914,267.0668902839598,0.0,CAF
-242.50732190167332,-113.69345085119333,0.0,CAF
122.44877601346872,-378.67449814056044,0.0,CAF
-119.07060435561552,204.04086348035665,0.0,CAF
-291.90489399368107,266.02027028867315,0.0,CAF
93.98820134347076,362.68292168093797,0.0,CAF
-369.87287478478606,-58.32144501276005,0.0,CAF
286.76989663689113,-272.8729227488433,0.0,CAF
115.86766194549148,377.79189572899526,0.0,CAF
-126.12688494273601,-246.23516675247473,0.0,CAF
-224.68304062585045,55.39476946367535,0.0,CAF
-225.55126622856815,-327.72961104475917,0.0,CAF
299.649748207231,19.681791209299544,0.0,CAF
241.90741509131516,47.84206164982512,0.0,CAF
5.169757344984753,373.63048614386133,0.0,CAF
324.276871913677,130.5009062125028,0.0,CAF
-244.45875293142942,139.82361091630023,0.0,CAF
-287.05548016024005,-269.3648023574618,0.0,CAF
-241.95331587932048,22.101327910401437,0.0,CAF
-310.0857508918408,-197.10532342636316,0.0,CAF
-267.43554612862573,178.86251201814486,0.0,CAF
-133.41000362097046,305.59387378524355,0.0,CAF
-73.24195110941331,-255.42456789868808,0.0,CAF
-286.1112809190169,62.8616628669585,0.0,CAF
210.60611083829707,23.65461734573111,0.0,CAF
199.955827152894,118.18739066285009,0.0,CAF
-120.7587315467538,230.5664441122655,0.0,CAF
-269.1736813261534,248.20550439363078,0.0,CAF
-380.8343976282983,121.49898563306964,0.0,CAF
-275.14753898747273,-41.60631375321786,0.0,CAF
-205.23949424769876,233.334734126256,0.0,CAF
31.271225095315025,332.70816449430436,0.0,CAF
53.317922629854095,-196.20449152542525,0.0,CAF
-272.8055729773998,-180.9247131024592,0.0,CAF
257.9034991818927,-22.04469012424729,0.0,CAF
-132.5848859261334,-195.73284294351512,0.0,CAF
132.3117841690612,246.9631116750231,0.0,CAF
323.8653815139944,-43.34441054147329,0.0,CAF
102.47071099350902,-242.89862399627174,0.0,CAF
393.516054897268,-21.379923858873568,0.0,CAF
-130.62904118539808,-287.5399546625292,0.0,CAF
-329.96248473388744,-107.50034002218246,0.0,CAF
-31.194969098434917,-381.147865203213,0.0,CAF
-230.48241797490104,293.94939021744597,0.0,CAF
209.53261462045134,66.65542715394126,0.0,CAF
-301.82319747769606,80.41579885968294,0.0,CAF
168.4319055599919,-137.9661929511309,0.0,CAF
-102.45254725048326,-256.69466455076457,0.0,CAF
351.4880478671568,48.56264435635584,0.0,CAF
222.96481133799242,-172.63944793089667,0.0,CAF
309.37241634709613,-179.45139048579503,0.0,CAF
-33.25010246874408,-386.883579216958,0.0,CAF
-185.33748190619596,-95.5190863598018,0.0,CAF
-245.23917306365666,236.23700404284756,0.0,CAF
-110.2759103035492,-352.6712135583459,0.0,CAF
3.1256242156712624,-322.5340215708282,0.0,CAF
161.33861845724152,344.1089676820513,0.0,CAF
261.49211298679626,-239.8934459143832,0.0,CAF
28.280562473802043,-375.7371744853741,0.0,CAF
96.67744272694732,360.25095691719036,0.0,CAF
-197.43921504961605,-254.33838324886224,0.0,CAF
-327.2692943215062,-18.81203113304022,0.0,CAF
-196.2530686977239,142.07766537701767,0.0,CAF
-198.85001281180774,-341.86334130343823,0.0,CAF
163.7154944718547,240.77357813227863,0.0,CAF
-345.598300436201,-87.28643993390763,0.0,CAF
-26.482419843453616,240.8543761357129,0.0,CAF
24.762353311260828,-376.02878227450924,0.0,CAF
32.04821439537001,-302.1330407401306,0.0,CAF
227.3939481998977,-288.37930579828475,0.0,CAF
101.66543238846154,337.9660670568926,0.0,CAF
202.93155745437113,40.11856390000402,0.0,CAF
-338.8286684844395,139.98183089121392,0.0,CAF
-311.99402362457624,-76.42053378928335,0.0,CAF
-216.08719409787335,-113.0534204288209,0.0,CAF
226.79154223705856,-86.1932932863463,0.0,CAF
260.1530920605502,-210.58939906712786,0.0,CAF
-245.38093394035874,-165.02015646283297,0.0,CAF
255.30219736451326,-26.938353926838932,0.0,CAF
-112.89872067037274,345.3783962790042,0.0,CAF
148.23840434801076,-283.5455947822059,0.0,CAF
-23.145840866386298,-301.2811548629872,0.0,CAF
104.72490136756451,-303.03342922773953,0.0,CAF
-182.71737009255514,-103.28913363163868,0.0,CAF
-337.4137901937199,202.59973102570464,0.0,CAF
8.263863558918445,-266.3327440831483,0.0,CAF
381.5404931841335,50.31799422053862,0.0,CAF
254.5116233622445,192.01399839530092,0.0,CAF
-65.0699118396715,342.6677697198384,0.0,CAF
-169.59595310053083,-209.20820516790192,0.0,CAF
342.4812464858537,-133.8963788280691,0.0,CAF
72.2412543198462,273.2971403015855,0.0,CAF
-200.2026432710801,107.1823912420259,0.0,CAF
261.8107802986749,252.5229130059525,0.0,CAF
379.5077107050027,27.914141976746876,0.0,CAF
336.6561659667479,-197.94618895479516,0.0,CAF
-154.95971148330267,148.98059184100117,0.0,CAF
-96.57721202315959,354.54848289046333,0.0,CAF
51.033880860102144,380.88639762344826,0.0,CAF
380.8278825606119,-106.71162695174385,0.0,CAF
-253.6833554504859,109.36844502498664,0.0,CAF
353.44912953410335,42.00336750445854,0.0,CAF
-57.331278434937666,-237.0106912649536,0.0,CAF
-267.3041668819927,-8.645250072144554,0.0,CAF
-94.8358146830909,387.71560452314435,0.0,CAF
88.81053463473896,-199.50250781252907,0.0,CAF
182.89610421546695,-275.0966727579566,0.0,CAF
37.17989905578856,-290.3808124748943,0.0,CAF
-101.2961762719221,325.8176656103449,0.0,CAF
-188.68003659845894,-277.5960335189408,0.0,CAF
-252.34145526776118,-71.70355146685704,0.0,CAF
190.41222410771366,63.74273498643023,0.0,CAF
-304.52005918827035,-121.76474129954593,0.0,CAF
313.73415496998086,217.87548103191034,0.0,CAF
-288.44725997877276,264.9436678698092,0.0,CAF
-77.33568534621119,-263.9338485114451,0.0,CAF
68.67565370384615,-202.1251741646416,0.0,CAF
151.31144358431465,337.4600649914938,0.0,CAF
-154.97441107267025,-179.57981003707133,0.0,CAF
-225.91063307075194,246.21425878889394,0.0,CAF
-315.57101239674665,96.15075322698092,0.0,CAF
157.20114905477732,247.63895662076797,0.0,CAF
-142.95810617021593,278.25584082321546,0.0,CAF
-262.395910612106,-64.2282135025335,0.0,CAF
130.71888555458423,189.10607890712782,0.0,CAF
150.37604812224322,306.75375842111345,0.0,CAF
-260.0200774530149,196.1804247699724,0.0,CAF
17.444760100436095,230.39825159835775,0.0,CAF
-38.06093620036746,333.403505234824,0.0,CAF
-0.5481326926959462,-267.49394533955024,0.0,CAF
123.99754186066146,-347.8359402160535,0.0,CAF
138.93075930262304,-339.7532216253185,0.0,CAF
158.52660297204176,-196.09049903841034,0.0,CAF
71.86068167737841,-348.3319623540846,0.0,CAF
276.78687694699,-101.44851512198684,0.0,CAF
-311.80577663681663,-55.36023561965034,0.0,CAF
287.70413532016255,-128.6900546438189,0.0,CAF
292.4977846280848,105.13710743226844,0.0,CAF
-296.28569973213666,73.58627685258634,0.0,CAF
-127.0274365499619,219.7156095719604,0.0,CAF
188.78748063951414,-87.07930373635548,0.0,CAF
-293.9227059851028,-238.77997430065616,0.0,CAF
268.38091483269193,95.69072515331926,0.0,CAF
-195.91521875859385,244.1014007001068,0.0,CAF
-104.97853535606282,-179.3690659878764,0.0,CAF
303.3722284967085,254.30162211530092,0.0,CAF
-143.248488652647,-323.99147060054565,0.0,CAF
191.75391622064927,119.10379026882373,0.0,CAF
-220.05659157067188,259.2756030729112,0.0,CAF
42.59340642338563,261.2037198722919,0.0,CAF
68.09684733776773,307.19335584397317,0.0,CAF
144.59875980485012,232.3746241049858,0.0,CAF
94.04777901447014,231.84851044829338,0.0,CAF
-359.76345635372917,36.3622527503483,0.0,CAF
273.373028878209,103.92841174888878,0.0,CAF
203.84029685370052,-53.44685504165514,0.0,CAF
-62.057053896671626,-256.22816566629245,0.0,CAF
-232.44109853474677,207.9811249611679,0.0,CAF
283.98447414506063,140.59512958500724,0.0,CAF
-292.681922636404,177.6952970276224,0.0,CAF
-320.3469408053462,77.78408853701126,0.0,CAF
87.52467641457075,271.0801152757898,0.0,CAF
340.3907935994863,-199.94282958239194,0.0,CAF
333.39136859792933,-104.9845967245175,0.0,CAF
353.92135019356925,-24.4690202167853,0.0,CAF
-209.7014014446939,-205.25466567865277,0.0,CAF
-161.68471580520531,-117.99177370040191,0.0,CAF
95.6354002724874,243.78727232582509,0.0,CAF
-269.7528097875032,-29.06942017779639,0.0,CAF
-203.48464160981416,186.2656136451377,0.0,CAF
-244.98545673930235,199.4582780191713,0.0,CAF
-148.0262628725529,332.5231179683404,0.0,CAF
-45.51365995425301,349.351243459799,0.0,CAF
263.2789041595875,106.2058822574885,0.0,CAF
-163.0597896139085,-241.87225939330634,0.0,CAF
-102.97084750545949,-193.018690220594,0.0,CAF
150.44595088926778,-239.09522478178062,0.0,CAF
-96.22045484774536,213.85934061546826,0.0,CAF
-3.2277922618516897,274.2057300464675,0.0,CAF
-118.0757975549856,173.70202894549826,0.0,CAF
2.7810806248865294,370.40839997368494,0.0,CAF
64.4642831680644,-270.6908569410489,0.0,CAF
1.5570753645836812,209.19022398483125,0.0,CAF
131.54854099117628,-332.8344127210093,0.0,CAF
-231.15469158193957,-13.108741848256507,0.0,CAF
326.87756842264054,-171.1148890296743,0.0,CAF
-165.09464271521017,220.5159839568329,0.0,CAF
-59.93790692228173,344.0939921699629,0.0,CAF
157.88411836457632,-239.7272004975169,0.0,CAF
-162.8802461512423,-323.61954180925835,0.0,CAF
-350.65258217644526,-136.64413078646115,0.0,CAF
234.55864998868782,-97.18716869996656,0.0,CAF
295.90659896268653,70.37513812933705,0.0,CAF
-204.1326587583259,-301.3459872795726,0.0,CAF
-110.52044253296721,-268.6349900565426,0.0,CAF
-343.36896731539593,-109.63674073550249,0.0,CAF
-340.8830436666449,79.01498716508699,0.0,CAF
-217.61332813114953,253.118565642518,0.0,CAF
329.6782806408169,-212.91396541159958,0.0,CAF
-222.1269557427979,-17.11240411640801,0.0,CAF
-76.34102639178585,-299.9581535197712,0.0,CAF
269.8781332034869,-21.679368788543464,0.0,CAF
-235.94317213310475,240.88247512760606,0.0,CAF
-177.88219860077854,301.95736324138016,0.0,CAF
-324.6678359080663,-140.61769598118775,0.0,CAF
-201.47305705278103,-120.2796242684465,0.0,CAF
-160.0738836556066,-191.94825043498807,0.0,CAF
312.09317075640746,165.23214978998277,0.0,CAF
-277.8441985039559,-66.14624570145878,0.0,CAF
-213.94133079701868,268.85702931486037,0.0,CAF
35.61420420999753,-333.9211959472092,0.0,CAF
291.5997916796322,-110.13443503604272,0.0,CAF
-23.057078376852495,-293.9378689517411,0.0,CAF
295.56514233213136,156.75568697934582,0.0,CAF
-247.23318366661098,-140.89630384188516,0.0,CAF
-249.18687770902838,253.19629067664593,0.0,CAF
-33.30572278152405,274.17671857322927,0.0,CAF
98.16802090402695,-218.42019001166813,0.0,CAF
280.9054785777104,-97.0538796642056,0.0,CAF
-310.001080477109,124.7599895591879,0.0,CAF
-289.3730142671954,186.24524459382584,0.0,CAF
236.51693255876137,44.766064716465195,0.0,CAF
233.71732812316728,282.01694758648574,0.0,CAF
-382.210735099985,-102.76722417134079,0.0,CAF
244.8635746624435,-71.87372562330742,0.0,CAF
-157.8639734951035,-367.0617672310654,0.0,CAF
269.0648681401197,158.38576563944918,0.0,CAF
239.3473503026298,250.4537618310059,0.0,CAF
-98.90804968219301,-323.26318562064347,0.0,CAF
-75.42106502757828,304.11310049325084,0.0,CAF
-253.6577574706099,-119.52316250503188,0.0,CAF
23.374553290305734,389.7918593013481,0.0,CAF
128.5086898883322,230.8947418303366,0.0,CAF
284.5217720057281,-231.93386846501312,0.0,CAF
276.2379337684672,163.59600469936348,0.0,CAF
195.8919787659625,-62.859253092897234,0.0,CAF
148.49584170986097,-236.5937189684121,0.0,CAF
-7.757895357441153,288.0546201200894,0.0,CAF
-129.32292604848058,344.6028070908819,0.0,CAF
199.54999798345884,-283.98786610956586,0.0,CAF
197.85766756765506,-40.442012851340934,0.0,CAF
-48.70379208420863,321.77600462608564,0.0,CAF
56.69297138500489,341.9751986463541,0.0,CAF
315.8892379277591,74.77940058758738,0.0,CAF
-101.0332758494997,236.57281795409676,0.0,CAF
-327.1020146634629,-40.02809926843724,0.0,CAF
-120.24585669023033,-358.41155686522507,0.0,CAF
153.3497145497191,-327.75988042955277,0.0,CAF
282.25118550526025,-8.212089109104163,0.0,CAF
-11.698258338148197,-330.00879451487845,0.0,CAF
-351.6805819998251,-114.27191033090901,0.0,CAF
106.26635830842072,245.5413145638143,0.0,CAF
2.5171213970326756,-363.7622674516765,0.0,CAF
-222.67733292928133,314.8691117792169,0.0,CAF
292.25462834174624,141.92979342963108,0.0,CAF
330.80638967669785,63.269712944532905,0.0,CAF
-303.33561169403356,81.15631394360427,0.0,CAF
138.3385473712898,365.4904744662912,0.0,CAF
389.939410425692,84.8123315164874,0.0,CAF
-240.5484053268152,280.38930011744316,0.0,CAF
-239.12384178042487,41.91051142717677,0.0,CAF
-48.38441281411913,-309.2602204633423,0.0,CAF
201.3398808689854,-297.10529344171937,0.0,CAF
77.32817636568004,-218.19998194379377,0.0,CAF
-175.85338795487618,213.2159165247217,0.0,CAF
178.75070059629104,128.29343921828806,0.0,CAF
30.79266662688186,332.16522471416147,0.0,CAF
111.0940994947856,267.02852183434726,0.0,CAF
-220.71801092099187,218.92118575239738,0.0,CAF
184.78166824887145,329.0965628077273,0.0,CAF
151.1723005069131,-201.92076555868212,0.0,CAF
-23.201144405550007,317.61639523833117,0.0,CAF
-107.1958519169541,371.5729930862735,0.0,CAF
90.82608093564147,-245.09588164323307,0.0,CAF
-315.51532285848714,-235.2085000087113,0.0,CAF
-203.065568930498,-80.83165517391197,0.0,CAF
-325.64528101831837,-213.26040483722625,0.0,CAF
-280.2332604128795,-53.18777742764895,0.0,CAF
-99.54228852088028,321.6423373165157,0.0,CAF
310.8097078961919,-66.6339672330634,0.0,CAF
-16.993936367682714,385.4027867872258,0.0,CAF
-184.00007341196365,271.8465970175359,0.0,CAF
-325.6410592810592,152.53852975443743,0.0,CAF
293.3158167944268,-203.5436311795299,0.0,CAF
174.8205563280582,199.315662531357,0.0,CAF
288.5018879570332,-132.9158337512996,0.0,CAF
-125.63311983074921,-204.19793939674355,0.0,CAF
102.26513363594461,372.3991907774338,0.0,CAF
-329.94306841716593,-167.08551241061903,0.0,CAF
-286.5310050626028,-38.33046529364627,0.0,CAF
256.2523417184685,243.56605769530245,0.0,CAF
336.070483962914,-139.34458330961914,0.0,CAF
190.71468976883838,116.96662200365033,0.0,CAF
151.28171470996534,-171.76153345530332,0.0,CAF
377.5658790821195,-75.49604925960489,0.0,CAF
314.15915119023055,79.95510005797532,0.0,CAF
-43.615432628633236,325.1711324099576,0.0,CAF
-83.07475734270666,287.65721963931145,0.0,CAF
213.2404501795367,280.7701998414663,0.0,CAF
-317.1118293473919,-177.28708608996257,0.0,CAF
306.9213045622424,-256.2960341869842,0.0,CAF
-224.3323523475187,152.4658059667386,0.0,CAF
205.35381254018696,-27.472651794935167,0.0,CAF
274.4382988757476,93.0202924080382,0.0,CAF
229.54501432223262,32.00545199512821,0.0,CAF
-149.07471173574282,142.95449728049533,0.0,CAF
-140.2544384411567,-168.25048743918055,0.0,CAF
-363.27434083271356,-100.79057161898183,0.0,CAF
-142.24162769961256,-304.364864160742,0.0,CAF
82.51918088542257,227.39276052821634,0.0,CAF
93.77279093171893,-286.0887456397554,0.0,CAF
-25.857627072777678,384.60170609861603,0.0,CAF
-22.78820477630516,283.9252422129532,0.0,CAF
332.23849136444903,-178.75644682841119,0.0,CAF
-4.791741807521675,300.7680470512521,0.0,CAF
305.3154613632515,-45.10357315011954,0.0,CAF
-27.37563163501089,363.43084495763344,0.0,CAF
273.335160985548,243.79475168091054,0.0,CAF
255.75282486786472,12.70481420367457,0.0,CAF
372.3479838845768,9.577530260666073,0.0,CAF
-300.9963868326036,137.8672001335035,0.0,CAF
-304.2964431309885,237.76865032477096,0.0,CAF
36.22833221259405,-198.7673365082779,0.0,CAF
151.31498781231656,231.38969587764782,0.0,CAF
-7.338747384744798,298.5659435292896,0.0,CAF
-204.26488736685639,276.08796176742237,0.0,CAF
381.25081966203174,-4.239334779542532,0.0,CAF
-227.88421358576608,-32.9001670460958,0.0,CAF
-324.6483443383081,-206.7984311227583,0.0,CAF
119.98441082009921,-208.25224033376026,0.0,CAF
127.01635364496383,318.4377239999023,0.0,CAF
21.883356394927947,-242.6527522825961,0.0,CAF
-244.81931435712733,92.06146052451956,0.0,CAF
241.48811088062786,-49.342382629490835,0.0,CAF
48.641602164172326,-276.8259031365296,0.0,CAF
-113.42241872776775,-238.58891946878964,0.0,CAF
-100.64172076974597,-292.65535490553486,0.0,CAF
109.67775557722541,-288.0242585112422,0.0,CAF
-113.73684584758388,-287.7778102636784,0.0,CAF
267.92496373566036,17.398042783075223,0.0,CAF
-286.9020431459523,-113.23634617651906,0.0,CAF
269.79502457301135,-154.4810002568881,0.0,CAF
-143.0802205981702,321.450694866091,0.0,CAF
-269.18056296443547,9.59967039146496,0.0,CAF
-119.42253666119832,347.4338025361388,0.0,CAF
54.22133911191636,235.73497872646237,0.0,CAF
109.19502788232852,-253.41804508620956,0.0,CAF
-346.2809264444442,132.87321000882747,0.0,CAF
99.88183132436122,-277.2490519859511,0.0,CAF
-285.76081146580464,251.0540999400018,0.0,CAF
294.6967552455086,-176.74014054690952,0.0,CAF
-262.5718698550418,-231.77547078881858,0.0,CAF
226.94807351121293,187.86106680814243,0.0,CAF
-356.0672386118545,139.40113021800124,0.0,CAF
-70.74445357602411,300.17291373429066,0.0,CAF
209.83896614016123,82.63232762652622,0.0,CAF
176.1924809861286,286.2604207365013,0.0,CAF
0.27379878079854986,375.91509612235615,0.0,CAF
-75.50015576326399,185.26367567347188,0.0,CAF
236.3361742524392,183.81634530134409,0.0,CAF
59.35285624894092,-290.84497644293623,0.0,CAF
-360.9591182964207,-112.75694822119934,0.0,CAF
-371.9353735522773,87.94416496208032,0.0,CAF
139.28122634154738,242.68684733086278,0.0,CAF
-75.09521893453926,-274.22996903525035,0.0,CAF
294.8390299224921,-243.48248894400868,0.0,CAF
237.33383884266252,-130.4470020597347,0.0,CAF
-194.15130943635114,-132.84426939595005,0.0,CAF
255.07322647887585,-199.88961836013272,0.0,CAF
230.92664180142816,-192.96975830880152,0.0,CAF
-101.72085011418527,270.5887187963167,0.0,CAF
274.24762880897197,-68.74224416224881,0.0,CAF
-40.25126677820057,202.99979837893252,0.0,CAF
42.37126569550202,321.06303948786905,0.0,CAF
-315.4167716486341,135.6744032341466,0.0,CAF
101.47144512656702,-256.07257104510865,0.0,CAF
-269.5724553117569,-5.103504999880974,0.0,CAF
118.28696374854984,175.22773404408804,0.0,CAF
298.4010494791847,-181.9942548350253,0.0,CAF
27.323946042966142,296.4185699630502,0.0,CAF
-99.0976833173492,275.67403273780906,0.0,CAF
-192.0127312216029,118.42710204465806,0.0,CAF
71.57356682372897,-199.69032864663788,0.0,CAF
-279.86615067398975,119.93007446408228,0.0,CAF
240.72141615248253,-120.62883887391368,0.0,CAF
329.62412986879275,-125.5741936417782,0.0,CAF
-73.49492604048524,278.10732436543356,0.0,CAF
-321.3552707227603,30.415209231924063,0.0,CAF
346.410389988302,-54.57434637396002,0.0,CAF
-166.684416712784,-302.01563729766303,0.0,CAF
-300.54184038703175,-232.43627687954393,0.0,CAF
255.18702507289498,53.70655675663327,0.0,CAF
-145.65220336932282,-300.18913562035186,0.0,CAF
281.9325224264611,-283.11062242973213,0.0,CAF
131.19074889520627,205.7154490973176,0.0,CAF
95.00276014196233,-331.37373025982316,0.0,CAF
248.45819882674155,191.2136450610745,0.0,CAF
-12.392056306331774,341.9802076684688,0.0,CAF
68.28867569410392,-188.57087015535606,0.0,CAF
-387.9661293691065,-62.53820090589733,0.0,CAF
273.9450014437735,-28.666208904688343,0.0,CAF
-199.39403264810394,28.978075522025094,0.0,CAF
-377.28939182901956,-126.06413138217927,0.0,CAF
233.9891732167438,-162.58909570239175,0.0,CAF
-53.401759861226694,-349.17122315265925,0.0,CAF
265.7776644646232,211.2992101142795,0.0,CAF
-260.50709989086994,215.3121517204104,0.0,CAF
85.68999271756131,321.27682917562134,0.0,CAF
-302.0807201520597,24.572186561922596,0.0,CAF
-399.2277804435872,24.39321696298056,0.0,CAF
-72.57547076864766,-358.89960805262785,0.0,CAF
286.40984582347676,-95.14950628567833,0.0,CAF
-203.20930339841698,31.90071448865706,0.0,CAF
-276.64847414420547,-259.71051679632103,0.0,CAF
-204.36256605215922,-208.13663840425025,0.0,CAF
112.39488966693025,-189.74351612074616,0.0,CAF
-34.274774962165964,-347.9314281850759,0.0,CAF
221.85165057095423,-94.79476267867005,0.0,CAF
-301.7217319619006,-57.875365626140855,0.0,CAF
-199.07988005303383,-220.90696400137776,0.0,CAF
-144.57210719605013,346.1562486490257,0.0,CAF
-300.10415949623734,149.23567328656503,0.0,CAF
224.89823711683337,-117.24856880539653,0.0,CAF
-239.35749710421678,-63.0526295265884,0.0,CAF
223.14841467339468,-105.41683333579007,0.0,CAF
-70.22884887298568,257.0856690135719,0.0,CAF
-197.529391315728,336.6986529702524,0.0,CAF
-274.69652274623047,-118.18319560428901,0.0,CAF
313.31495692750775,198.39641138809216,0.0,CAF
41.2654449463011,385.3694192037749,0.0,CAF
-333.8489172608912,-133.79205297212528,0.0,CAF
303.77104164685915,-215.95231581937048,0.0,CAF
247.69173344854772,-297.21454933918494,0.0,CAF
350.62495372649926,-27.424916776717687,0.0,CAF
396.11845055160023,45.26994263984728,0.0,CAF
238.18680012908226,71.09200084789151,0.0,CAF
-73.47233466939737,-247.3775046531106,0.0,CAF
-9.000553060979323,-318.6852607697484,0.0,CAF
-356.62613587404593,153.27501561848507,0.0,CAF
205.64564190971882,-39.15556194611375,0.0,CAF
-77.14167024791924,334.66704907608937,0.0,CAF
122.00225964558197,-338.94318782692187,0.0,CAF
-322.16173755703795,132.02891008942106,0.0,CAF
-230.54928675806306,26.371649289326065,0.0,CAF
-72.33202257515497,376.3171843428223,0.0,CAF
123.9562834454976,-380.2218751923191,0.0,CAF
174.82569051626783,194.33287268053775,0.0,CAF
247.9773088972151,238.3314609555745,0.0,CAF
31.96434918412088,-386.43901415231437,0.0,CAF
380.54402484855717,-18.787842921410782,0.0,CAF
338.6069046639689,-97.73977720844846,0.0,CAF
-24.42248326098301,242.27033208029027,0.0,CAF
-70.38878408829817,212.38722010144255,0.0,CAF
-312.04902536902665,233.73084595050395,0.0,CAF
301.0973781896741,-72.1330842839235,0.0,CAF
-88.78312156135101,-205.2212252378273,0.0,CAF
-131.26930795081458,294.3599576857251,0.0,CAF
369.5956408166618,12.406631738059886,0.0,CAF
-37.73946788518639,373.944106760519,0.0,CAF
238.20708317728358,196.8043765513715,0.0,CAF
-285.22628234719326,219.95735160640777,0.0,CAF
192.75534662269226,-331.1949243872835,0.0,CAF
22.476783016142324,254.1470817277701,0.0,CAF
142.8934712896069,175.3788620494982,0.0,CAF
120.23162694310453,-338.0304864883964,0.0,CAF
-245.07060613585372,177.17868396441506,0.0,CAF
-114.46392120084116,-307.79031452071945,0.0,CAF
292.654018663914,162.3810083363654,0.0,CAF
192.71885292281215,-118.87518658564682,0.0,CAF
218.947002846723,-313.38838099150337,0.0,CAF
20.045114548031293,384.6964236532208,0.0,CAF
215.75268681923566,-79.5427154387919,0.0,CAF
-7.021308199187965,307.30491293045446,0.0,CAF
158.54895026837667,172.05053385581948,0.0,CAF
-56.55816670860717,287.0550599898534,0.0,CAF
-44.153392043254705,349.4075914304957,0.0,CAF
140.5976562189621,300.56657571706455,0.0,CAF
376.6518362915951,99.17168630005692,0.0,CAF
-144.99854003465967,154.60141897458584,0.0,CAF
-126.11884257003565,306.41835583957305,0.0,CAF
-306.1361613897883,-72.7340071159886,0.0,CAF
-39.68155356742685,282.54473406726964,0.0,CAF
-133.5442772484828,263.2421293110345,0.0,CAF
-231.5652351467421,54.49608692015852,0.0,CAF
316.4563939400846,210.0259345594221,0.0,CAF
330.59576340741756,-5.338307725050942,0.0,CAF
252.40575739327895,-126.40059114482379,0.0,CAF
291.7876077059687,-250.15683398495364,0.0,CAF
-126.2915338128887,-231.70963405275293,0.0,CAF
128.06754422683667,-286.3680833716617,0.0,CAF
176.20201522503453,-337.01869450957713,0.0,CAF
-158.7663980550127,157.0349117551965,0.0,CAF
306.50500678134034,53.57776287363057,0.0,CAF
220.43453773873307,51.64534275771749,0.0,CAF
78.80761435369197,-283.6233213842144,0.0,CAF
4.030946589475467,360.42423143815023,0.0,CAF
-242.7577994739621,59.90580240406374,0.0,CAF
12.023212479590509,306.1786459203213,0.0,CAF
-45.81466826630278,364.6785393575638,0.0,CAF
59.680636504337976,385.59307764833216,0.0,CAF
293.86116552477796,-161.3010608695365,0.0,CAF
118.52541256843915,-215.33648711501914,0.0,CAF
-224.77650953218918,-200.3570118868377,0.0,CAF
-23.6779584510783,-252.26537753393467,0.0,CAF
277.9918438013429,202.42439847610723,0.0,CAF
13.002655736665698,-237.0297085025381,0.0,CAF
99.39990509598046,-299.44323211294915,0.0,CAF
221.5307868644965,121.69182780939666,0.0,CAF
220.4456801868755,-227.27213820786213,0.0,CAF
274.4476565466326,278.61346997944287,0.0,CAF
-19.657397520827484,-240.30096599056182,0.0,CAF
-185.65145061349224,-203.7494537935826,0.0,CAF
174.1482362752821,263.0608580628562,0.0,CAF
304.50438414161954,98.89988633622725,0.0,CAF
-363.22279463961996,82.13868982981856,0.0,CAF
-263.6875731077964,73.14496284230658,0.0,CAF
301.14350177324087,150.03477144568296,0.0,CAF
-226.88150052082187,272.69898936514545,0.0,CAF
-239.64563816604775,-86.46957041982382,0.0,CAF
199.62220671211045,-216.47943509173544,0.0,CAF
-27.27801037764282,311.39110753999853,0.0,CAF
160.27234846751415,-184.94287568804242,0.0,CAF
245.6984019193502,-59.47110922581821,0.0,CAF
135.39474938376654,-281.0309953494693,0.0,CAF
-225.14687996234193,272.02998324463437,0.0,CAF
-256.9005504826389,-214.32771346674164,0.0,CAF
-169.40941239539688,181.44567565978684,0.0,CAF
-297.92573122750065,107.88771692637994,0.0,CAF
-72.99782090875348,-200.83931833501384,0.0,CAF
-190.61407512803254,-137.23270384073788,0.0,CAF
71.99834814411025,-372.7006692447896,0.0,CAF
23.701999656442155,225.16626331055227,0.0,CAF
-129.37252864685823,182.00564078140297,0.0,CAF
236.94775731077956,-318.7727720384647,0.0,CAF
217.87403508748315,48.591447443429416,0.0,CAF
-32.27819059526589,278.4087877564979,0.0,CAF
-322.6014802310818,-62.74761774918684,0.0,CAF
-37.66044146570296,-288.51513604949423,0.0,CAF
205.15570912968587,-302.20833193620194,0.0,CAF
276.49714431300055,-34.81355037566903,0.0,CAF
272.0438660916927,13.46655957211304,0.0,CAF
109.96004576792552,269.5471148054609,0.0,CAF
-187.69086050504507,116.78753157202512,0.0,CAF
-51.48444181446415,-240.83511599104162,0.0,CAF
23.663390633555437,203.97679561009858,0.0,CAF
-274.86922420563525,272.24851344563086,0.0,CAF
-332.3945110223372,70.14301870360158,0.0,CAF
-253.98498666978196,110.74781992987789,0.0,CAF
-215.92664985011837,-188.76338173719077,0.0,CAF
-345.4531632949104,-134.9103290257542,0.0,CAF
-101.98250071603762,183.39739391282274,0.0,CAF
-121.80202986973725,-312.99627228592095,0.0,CAF
199.3364911839282,-204.10258916828087,0.0,CAF
300.94928170254826,183.7799465877611,0.0,CAF
-268.63546635325525,-244.51505206569976,0.0,CAF
296.52870186546994,218.09325508143712,0.0,CAF
-315.8258304566476,82.64006740261424,0.0,CAF
106.35247823861627,-344.7680632812158,0.0,CAF
-397.6558967688561,-11.162203806958267,0.0,CAF
-182.22997900067332,-168.79697161651725,0.0,CAF
-51.22917752618638,-259.7475540459524,0.0,CAF
376.05338664762957,-87.63680353460494,0.0,CAF
-189.61598026941752,162.32093243314546,0.0,CAF
-185.3704552963679,-290.8521225824408,0.0,CAF
165.56836144269366,255.8160642318174,0.0,CAF
-302.8050386563241,40.47712535478899,0.0,CAF
36.07761755656607,395.5651592740204,0.0,CAF
-46.39812871586943,-366.54976300673684,0.0,CAF
-174.07476856186221,-190.60316859012494,0.0,CAF
-213.16614161887426,-48.472077428267816,0.0,CAF
200.81111907453928,37.565980944889915,0.0,CAF
-132.20527186189014,264.8271998210502,0.0,CAF
-119.86624856821774,287.2363223323686,0.0,CAF
-324.0986037046058,61.39551899975182,0.0,CAF
248.8481546835669,-42.92272713954203,0.0,CAF
-320.0777315270133,-208.4257018678867,0.0,CAF
-228.3161725033769,-286.9181376649304,0.0,CAF
-33.626701580504594,333.0313545311999,0.0,CAF
-175.13384860241425,228.1829063854366,0.0,CAF
-237.08479275892626,163.53732727101337,0.0,CAF
328.1565291108472,33.59425728937897,0.0,CAF
67.80889425509353,332.3224075233979,0.0,CAF
-66.10430629341649,383.3196486831186,0.0,CAF
175.8166524424292,-293.3031680475096,0.0,CAF
215.42009540020172,197.5925192727543,0.0,CAF
328.884998599619,-25.218927548579234,0.0,CAF
304.0309670271485,74.81032001064428,0.0,CAF
31.425132731011455,-388.2558308120478,0.0,CAF
-216.05523771125777,319.806928914041,0.0,CAF
-23.841284278553605,-210.4012833714733,0.0,CAF
-102.30648206041165,-267.9864680373705,0.0,CAF
198.21403937483905,-53.263757907793035,0.0,CAF
-295.50350153933095,-232.98413834116738,0.0,CAF
-70.33657984347187,-208.78930364375992,0.0,CAF
-250.18431724270886,-137.67595124928064,0.0,CAF
-76.22743615660184,364.65079480702906,0.0,CAF
18.679880464410964,245.39934123248852,0.0,CAF
277.6268495658345,-135.89588113619928,0.0,CAF
268.28824624560536,-194.97538896453605,0.0,CAF
266.35372814350785,-183.05573524398562,0.0,CAF
17.326887641592222,289.19530958780825,0.0,CAF
-349.6312012881023,-45.82519672868771,0.0,CAF
253.78193348157183,-229.46178726659784,0.0,CAF
370.8280190684395,39.535549450868466,0.0,CAF
-69.07241906767212,218.7617171319453,0.0,CAF
-290.2249149470895,266.112220566015,0.0,CAF
0.9278382778513978,376.5011572303393,0.0,CAF
196.66375187876918,42.69022894943379,0.0,CAF
-224.7256823789006,126.14738202054475,0.0,CAF
279.1260774383693,121.28254773509227,0.0,CAF
-107.66557095038745,-252.9483726013861,0.0,CAF
-153.46377598449845,-213.5303660855727,0.0,CAF
-58.53640818952607,239.8549337195548,0.0,CAF
262.1004415652285,-41.58484825102886,0.0,CAF
-62.751113149165654,389.2181733489176,0.0,CAF
34.85100176760916,-377.81014200204413,0.0,CAF
-276.44012859530335,212.64770244987295,0.0,CAF
359.82942997485003,-64.17724706143818,0.0,CAF
197.67335873110713,-326.61438598658856,0.0,CAF
-205.76238925382867,145.5590425300797,0.0,CAF
259.1634460443276,58.26251052267274,0.0,CAF
251.3785833473316,-280.4580169098596,0.0,CAF
-181.08586414522728,-317.33742337792273,0.0,CAF
141.12640126065497,309.13445394272924,0.0,CAF
16.195656232565632,-383.6236402764645,0.0,CAF
-216.57626124051117,241.98920650840446,0.0,CAF
-252.55209987207775,-182.91475802816296,0.0,CAF
-317.1862286371774,123.53081982581632,0.0,CAF
243.12237343704751,-94.95380991896377,0.0,CAF
396.1067387308273,-39.16123499381517,0.0,CAF
-249.14534308891382,181.2478128835317,0.0,CAF
294.76381428503123,90.8946724417273,0.0,CAF
57.989925377535336,393.77800539525253,0.0,CAF
128.7782591316591,-290.5845496096864,0.0,CAF
308.9697007143844,-242.787472068668,0.0,CAF
-137.0374721632434,318.58661362376006,0.0,CAF
229.10482437415763,-168.60780854695398,0.0,CAF
-226.93243066669191,-129.72582926309994,0.0,CAF
-53.05347146336308,282.3932399858075,0.0,CAF
-397.79522089271944,38.94651905816773,0.0,CAF
-5.3640017776217155,365.5030671089982,0.0,CAF
79.12966306713861,261.41030267107743,0.0,CAF
226.12789568174287,115.97970609967012,0.0,CAF
244.76461793064283,91.88195968536183,0.0,CAF
-338.4191172208188,30.21180536907135,0.0,CAF
-26.45145746384799,-378.7434720854599,0.0,CAF
-19.309510140223637,-348.44638413651495,0.0,CAF
-170.23075342438017,-255.7368875064525,0.0,CAF
-143.6603579176191,190.82860255139212,0.0,CAF
-18.580477359131258,-339.75149557052293,0.0,CD4_Tcell
261.4109363892802,130.1899953378582,0.0,CD4_Tcell
-295.1351125935593,34.107605437395,0.0,CD4_Tcell
-92.27468881857322,-331.0578808634377,0.0,CD4_Tcell
129.31431196200526,285.6122635040037,0.0,CD4_Tcell
-238.13644198495746,68.58893240798608,0.0,CD4_Tcell
-141.4335854012652,274.31295118194475,0.0,CD4_Tcell
315.27830837297523,-243.8791657064405,0.0,CD4_Tcell
-395.26527429718726,-56.28276784226951,0.0,CD4_Tcell
-197.90633886049676,303.16270069061585,0.0,CD4_Tcell
227.51191392517347,217.87123296104792,0.0,CD4_Tcell
11.324793189554171,218.65046647835916,0.0,CD4_Tcell
-26.44860725265571,333.1590290661928,0.0,CD4_Tcell
-133.0285939590387,-293.66183574492686,0.0,CD4_Tcell
-30.579772948679786,-374.4521296706758,0.0,CD4_Tcell
263.84621219355415,157.02565375723478,0.0,CD4_Tcell
150.52056734531763,308.98590945994147,0.0,CD4_Tcell
273.6660036787049,285.8870005638035,0.0,CD4_Tcell
-241.45822340976335,30.684037514400753,0.0,CD4_Tcell
386.7225272113209,-16.060904902098216,0.0,CD4_Tcell
-57.52167366116646,-395.3981798337975,0.0,CD4_Tcell
-272.2885833657041,192.27674632537133,0.0,CD4_Tcell
332.17592169806426,135.20788619450838,0.0,CD4_Tcell
214.0144578095799,290.3178802986872,0.0,CD4_Tcell
316.2476563618381,242.1151862841983,0.0,CD4_Tcell
308.70199992316583,232.96722938184718,0.0,CD4_Tcell
309.6934309928328,-130.00459425667216,0.0,CD4_Tcell
-42.6887748194504,-202.41265408850686,0.0,CD4_Tcell
287.65124383971835,59.65532229445178,0.0,CD4_Tcell
-189.3260248031166,186.03303897531237,0.0,CD4_Tcell
188.05608522817496,99.14824806642312,0.0,CD4_Tcell
19.427048158067823,281.48195362080685,0.0,CD4_Tcell
2.841947555865401,294.5291569604502,0.0,CD4_Tcell
10.244359805552998,-292.42936326609646,0.0,CD4_Tcell
198.349707189704,227.46286494169158,0.0,CD4_Tcell
-116.08550906569238,347.29102551107684,0.0,CD4_Tcell
-171.5187995268867,232.8721194427981,0.0,CD4_Tcell
-303.125346819854,237.50812449157428,0.0,CD4_Tcell
128.38443677289513,293.9682328198144,0.0,CD4_Tcell
158.37253062583744,259.16027432218135,0.0,CD4_Tcell
-273.2819999713389,-138.9715088617605,0.0,CD4_Tcell
-348.706052479721,-103.31933364707511,0.0,CD4_Tcell
-193.4601773447159,163.127490031299,0.0,CD4_Tcell
-225.35547762710303,315.43329232963737,0.0,CD4_Tcell
-260.23403246069523,282.992384096162,0.0,CD4_Tcell
213.8527771065202,10.659961299297372,0.0,CD4_Tcell
-253.78674727595183,-167.2162106992975,0.0,CD4_Tcell
-151.7377819484592,206.3666579120278,0.0,CD4_Tcell
244.3838403486757,74.06222209414416,0.0,CD4_Tcell
387.92164272030004,-22.65873860692924,0.0,CD4_Tcell
266.21625980250656,-28.50119762418491,0.0,CD4_Tcell
167.70177375313926,-302.8018720313929,0.0,CD4_Tcell
239.37924284105267,274.97761409006836,0.0,CD4_Tcell
282.85671644619345,113.9320265780121,0.0,CD4_Tcell
292.1352886496044,191.91216230075617,0.0,CD4_Tcell
-363.08048372507676,-143.9069619528487,0.0,CD4_Tcell
-338.6505710707492,-160.56571421207965,0.0,CD4_Tcell
-181.98243415758324,279.23157803005495,0.0,CD4_Tcell
-61.582395291380536,338.08150234818436,0.0,CD4_Tcell
293.88460830484837,-234.598370557378,0.0,CD4_Tcell
-118.7594322753015,370.2412453028487,0.0,CD4_Tcell
246.49338501727442,186.36192678450055,0.0,CD4_Tcell
-150.02667280688203,135.2097130062065,0.0,CD4_Tcell
201.29095195022924,281.31850387222175,0.0,CD4_Tcell
110.62099916695,207.01160025037782,0.0,CD4_Tcell
116.78587866008729,-353.79759761677263,0.0,CD4_Tcell
-169.14845736494462,177.05642577557143,0.0,CD4_Tcell
-248.07166536735994,-289.5674851793674,0.0,CD4_Tcell
179.72367939846646,250.11063612700465,0.0,CD4_Tcell
234.21298579250617,26.04506647028799,0.0,CD4_Tcell
-95.58743953899395,241.86596182163515,0.0,CD4_Tcell
-390.4008784904148,-7.000099899247602,0.0,CD4_Tcell
-238.91476862618532,94.80627484647492,0.0,CD4_Tcell
-114.25707170135713,-193.12158251936262,0.0,CD4_Tcell
-106.95876098548747,-188.4975012154401,0.0,CD4_Tcell
26.61697359364681,-381.87514216129154,0.0,CD4_Tcell
84.82521544434348,192.54894501232735,0.0,CD4_Tcell
-243.31241212819018,-50.177059275645334,0.0,CD4_Tcell
-158.75884693875219,256.7509864905393,0.0,CD4_Tcell
250.42520835066816,-134.3449472128444,0.0,CD4_Tcell
-190.5027313453514,302.1694292157383,0.0,CD4_Tcell
-221.6641824001037,-257.87646843320664,0.0,CD4_Tcell
215.0147830671992,-332.79463268833183,0.0,CD4_Tcell
271.78104234116597,-253.5901458568099,0.0,CD4_Tcell
-378.9443889025838,47.05811143135621,0.0,CD4_Tcell
-338.56277243688777,-10.405572024899397,0.0,CD4_Tcell
-332.2353225716946,182.16224428936582,0.0,CD4_Tcell
312.7909137593257,154.57034265448715,0.0,CD4_Tcell
-343.95252515085497,-170.1171334004878,0.0,CD4_Tcell
-111.03603767179386,-310.58580402117116,0.0,CD4_Tcell
391.72321556255736,-27.938311087839793,0.0,CD4_Tcell
368.44318953714236,-100.40710621207084,0.0,CD4_Tcell
-354.59658293147834,33.93979112536708,0.0,CD4_Tcell
-143.7639247028291,-193.28058579714678,0.0,CD4_Tcell
-86.727815294745,-207.87003939358783,0.0,CD4_Tcell
-123.42860739781064,360.9334297136653,0.0,CD4_Tcell
226.43084607066416,123.78492487640717,0.0,CD4_Tcell
354.49161282335575,-38.463683752476236,0.0,CD4_Tcell
103.08284642425791,209.4632635484071,0.0,CD4_Tcell
46.109528011146544,-285.0550343948616,0.0,CD4_Tcell
172.0235139856964,336.00061345423927,0.0,CD4_Tcell
300.9803813178359,-35.954333380663414,0.0,CD4_Tcell
387.903711053649,35.853855158101574,0.0,CD4_Tcell
11.735527707172134,-292.9915920082881,0.0,CD4_Tcell
-49.91400005273549,-337.3849175329271,0.0,CD4_Tcell
73.4262721140068,255.71000649873645,0.0,CD4_Tcell
-272.9774575994701,-6.318535285775507,0.0,CD4_Tcell
326.83799819909143,144.04317194542512,0.0,CD4_Tcell
-312.90998222939345,1.5885548214752114,0.0,CD4_Tcell
101.52464151370376,-264.52995961866657,0.0,CD4_Tcell
127.03156022672675,-300.85125663417887,0.0,CD4_Tcell
197.01688951128946,92.77690988279276,0.0,CD4_Tcell
-155.11443978248164,172.3926628631182,0.0,CD4_Tcell
-233.55208686487893,168.07297885399012,0.0,CD4_Tcell
-292.1637334222335,-249.18229532912474,0.0,CD4_Tcell
251.4627623824288,-27.033280855736926,0.0,CD4_Tcell
-47.267641421646566,-329.79021821368787,0.0,CD4_Tcell
293.94328778007315,-22.475426255982924,0.0,CD4_Tcell
-370.6346970648217,67.7978969002297,0.0,CD4_Tcell
379.277742803395,-93.005654443874,0.0,CD4_Tcell
211.21917911662177,-48.35545358371641,0.0,CD4_Tcell
86.07275985026378,-335.6574574132404,0.0,CD4_Tcell
339.43184667351704,4.7997306638986315,0.0,CD4_Tcell
2.874230720916231,235.31673273044206,0.0,CD4_Tcell
-283.5464260433948,180.45206352764586,0.0,CD4_Tcell
-114.45074191478999,-240.13769618668542,0.0,CD4_Tcell
-281.5642492358318,-77.9418637095766,0.0,CD4_Tcell
383.9825062182876,85.35856080812982,0.0,CD4_Tcell
-191.4042867481217,270.63321481181134,0.0,CD4_Tcell
281.3079740697735,-35.89366303356479,0.0,CD4_Tcell
175.04561611412404,251.5641355249106,0.0,CD4_Tcell
-287.6990059653509,182.1075004351626,0.0,CD4_Tcell
287.5015233600123,85.8214914034945,0.0,CD4_Tcell
-333.652358943606,162.86339624573435,0.0,CD4_Tcell
132.460140752898,-350.2042043988207,0.0,CD4_Tcell
198.4707479942324,307.24549944829164,0.0,CD4_Tcell
-95.29382610758911,207.5333936914876,0.0,CD4_Tcell
4.7615864650621305,248.05943444836765,0.0,CD4_Tcell
0.46176883876187613,-387.2002572556586,0.0,CD4_Tcell
208.82674423342579,-200.4201817185996,0.0,CD4_Tcell
91.67626825788841,291.7727263896521,0.0,CD4_Tcell
-310.7324465018063,194.36883656186134,0.0,CD4_Tcell
16.70773058455974,313.17284274343086,0.0,CD4_Tcell
-244.39877603691463,-279.9103811990167,0.0,CD4_Tcell
225.64772673740353,-255.90471180204557,0.0,CD4_Tcell
112.53865395479332,272.1203054205459,0.0,CD4_Tcell
252.10942535968252,-308.7310708211438,0.0,CD4_Tcell
-20.04335078323454,-391.69163485098295,0.0,CD4_Tcell
-157.07189318159686,274.0443047729839,0.0,CD4_Tcell
209.85101064670886,-217.23897586568933,0.0,CD4_Tcell
-29.07997646088956,202.19701328909477,0.0,CD4_Tcell
-335.68330016953564,-36.90710317536922,0.0,CD4_Tcell
241.15188792798457,-143.49523928076536,0.0,CD4_Tcell
45.563685912613614,368.16526654760486,0.0,CD4_Tcell
170.87222152763388,206.12206772148767,0.0,CD4_Tcell
-180.29340327535976,124.85802120793306,0.0,CD4_Tcell
-232.02978674391593,-98.31039083734098,0.0,CD4_Tcell
-277.02527184242973,-86.76250639355419,0.0,CD4_Tcell
-172.26315410189613,201.4672269266999,0.0,CD4_Tcell
255.08076948692943,-84.87455594137593,0.0,CD4_Tcell
267.8119066487808,12.779257161209909,0.0,CD4_Tcell
-88.11647101310773,378.40529618816583,0.0,CD4_Tcell
-385.70341914215004,34.01600497607256,0.0,CD4_Tcell
-56.50081100735783,327.0405840321108,0.0,CD4_Tcell
-117.77926855507897,222.13854357325306,0.0,CD4_Tcell
-175.25467078582312,121.94899476576964,0.0,CD4_Tcell
-213.35256182056148,-16.971527371410566,0.0,CD4_Tcell
199.36543410466697,20.66328164271675,0.0,CD4_Tcell
206.11198517745385,204.27432620624919,0.0,CD4_Tcell
-145.04259304276698,-345.5133560502052,0.0,CD4_Tcell
-82.1917709741194,196.5296313975549,0.0,CD4_Tcell
-178.04877410363423,-160.91136108528272,0.0,CD4_Tcell
-214.35325549297292,149.84031396510215,0.0,CD4_Tcell
-217.28004140954098,-54.135616258106516,0.0,CD4_Tcell
-279.6589626521902,107.32415431512963,0.0,CD4_Tcell
310.73354857358936,84.66591738791034,0.0,CD4_Tcell
30.71126031700929,345.74562582757227,0.0,CD4_Tcell
165.17962202961573,124.3540878190335,0.0,CD4_Tcell
262.1767656039079,12.079492127764107,0.0,CD4_Tcell
195.4705595627136,-201.08284691614423,0.0,CD4_Tcell
140.7171932912355,184.41119942623953,0.0,CD4_Tcell
-251.3043571153443,-306.3772584109451,0.0,CD4_Tcell
-118.98896041522441,-318.1447519159525,0.0,CD4_Tcell
-377.62604774109826,-26.287234286257217,0.0,CD4_Tcell
-213.39535520321368,92.58894247381872,0.0,CD4_Tcell
-259.3250759493558,61.15846859837774,0.0,CD4_Tcell
-290.08770158572156,-3.374636686076724,0.0,CD4_Tcell
-0.6731583463132572,-273.3976522645242,0.0,CD4_Tcell
346.45008148038073,-118.54965778193342,0.0,CD4_Tcell
-56.76031035521701,-214.17848708885944,0.0,CD4_Tcell
283.86481244858425,158.2561756743109,0.0,CD4_Tcell
282.3002772664442,2.3679912840399884,0.0,CD4_Tcell
-178.55502419968505,313.8350491084025,0.0,CD4_Tcell
321.2077547312636,127.72117646292257,0.0,CD4_Tcell
-389.2062539793715,-74.19242281009659,0.0,CD4_Tcell
133.17971149050925,191.71758825147273,0.0,CD4_Tcell
-94.15582201689215,-223.69666655700817,0.0,CD4_Tcell
82.49989471662619,188.60035024973283,0.0,CD4_Tcell
84.5097941439838,-355.86547242935507,0.0,CD4_Tcell
229.05661619606357,42.94364203532482,0.0,CD4_Tcell
-326.03667577821193,78.5461912524491,0.0,CD4_Tcell
-93.43703136247971,304.5400584665091,0.0,CD4_Tcell
-163.3897680419917,162.86000966243444,0.0,CD4_Tcell
96.1656080007855,247.9813792267056,0.0,CD4_Tcell
-192.12213930762363,-233.2040324902173,0.0,CD4_Tcell
-346.37059094798667,-145.69600640061876,0.0,CD4_Tcell
330.8853289186372,-127.65372327391357,0.0,CD4_Tcell
193.99695600834679,301.7563452578064,0.0,CD4_Tcell
-228.06361776196863,-247.14577516258305,0.0,CD4_Tcell
-280.1632767125911,-101.21808306694149,0.0,CD4_Tcell
34.2220879254952,200.53065971548742,0.0,CD4_Tcell
281.65387622085103,30.701294134778042,0.0,CD4_Tcell
253.34393492800328,-163.331589749427,0.0,CD4_Tcell
120.49342242678475,-160.47025655725008,0.0,CD4_Tcell
159.96641002292944,-347.8338917590142,0.0,CD4_Tcell
-136.23008639480344,-359.05303610303605,0.0,CD4_Tcell
75.49238608106226,-226.56363391581357,0.0,CD4_Tcell
289.3801701752392,-60.60245333330605,0.0,CD4_Tcell
99.98607362245109,240.4298855422518,0.0,CD4_Tcell
22.425650720830202,302.0279683582472,0.0,CD4_Tcell
127.17960863790847,-346.5187984328895,0.0,CD4_Tcell
19.16613158695994,-380.47288552115754,0.0,CD4_Tcell
244.48674614302658,49.426740498061086,0.0,CD4_Tcell
-281.607664260534,257.3644539691924,0.0,CD4_Tcell
-342.64197381382974,-104.67504067507507,0.0,CD4_Tcell
342.994590417703,-178.9711478849078,0.0,CD4_Tcell
-256.99561264062106,-34.686649466542846,0.0,CD4_Tcell
352.7999512455435,-102.4757780703658,0.0,CD4_Tcell
72.91656927187351,250.5527626105608,0.0,CD4_Tcell
-244.62487338457086,220.4237786757599,0.0,CD4_Tcell
-327.6631323291981,-111.5015057824797,0.0,CD4_Tcell
-84.96496771469813,-192.13807714898988,0.0,CD4_Tcell
-29.946292840038584,-270.0443659461184,0.0,CD4_Tcell
-225.52889990849232,-313.70773216863597,0.0,CD4_Tcell
103.01525810376523,-241.46992902426305,0.0,CD4_Tcell
115.97589459922072,264.69015574610825,0.0,CD4_Tcell
-354.1882535207384,-174.2112674188854,0.0,CD4_Tcell
-80.25223442492734,260.81901049762973,0.0,CD4_Tcell
-211.4540285264629,-193.7551993190668,0.0,CD4_Tcell
-138.29388760851677,-263.57642632652147,0.0,CD4_Tcell
372.3764450077148,4.420156111218801,0.0,CD4_Tcell
63.685992203847384,-267.92247656346603,0.0,CD4_Tcell
158.53513026464552,165.83404944908423,0.0,CD4_Tcell
-325.9793660634076,206.20645511995343,0.0,CD4_Tcell
-202.4010693451249,147.37443626934402,0.0,CD4_Tcell
-208.4347661856767,-153.25719763968107,0.0,CD4_Tcell
-318.3860857627639,93.68470285625047,0.0,CD4_Tcell
308.6190845915512,-48.95497350554298,0.0,CD4_Tcell
300.016985422206,253.48133244864962,0.0,CD4_Tcell
193.31126755073194,-168.2330992955271,0.0,CD4_Tcell
-388.62555833353287,-79.23679484988341,0.0,CD4_Tcell
300.25927729782455,238.74350729625058,0.0,CD4_Tcell
274.7965910140845,99.92034356799422,0.0,CD4_Tcell
249.1163182629484,-104.15576146809936,0.0,CD4_Tcell
-278.12005996219284,163.36696208579716,0.0,CD4_Tcell
290.48225182294647,118.08386972104904,0.0,CD4_Tcell
39.11412183902591,-254.03569196439156,0.0,CD4_Tcell
362.92215323067325,-25.201999046682584,0.0,CD4_Tcell
152.1610320785094,207.43096617841118,0.0,CD4_Tcell
214.8715000029853,83.30952104795436,0.0,CD4_Tcell
18.385438827652212,381.6930604769818,0.0,CD4_Tcell
297.6745602051042,143.43331833881282,0.0,CD4_Tcell
278.5127302345569,277.12967810557376,0.0,CD4_Tcell
-212.24665670248402,-266.76513547784936,0.0,CD4_Tcell
-53.17983764720812,-263.21974903616643,0.0,CD4_Tcell
-112.0348373063049,-166.51491411261344,0.0,CD4_Tcell
-33.20887293236039,-262.04186746935005,0.0,CD4_Tcell
-74.50283212302278,-347.5863919352435,0.0,CD4_Tcell
-277.2588302033223,54.098851502743216,0.0,CD4_Tcell
-185.18682549008085,100.0530691543656,0.0,CD4_Tcell
137.32768649759706,222.80392558123913,0.0,CD4_Tcell
-65.7849357137398,-353.29385907174816,0.0,CD4_Tcell
-161.67845557700485,-220.91946828166013,0.0,CD4_Tcell
-58.82763946721663,249.21932045235948,0.0,CD4_Tcell
248.08209221292054,-62.01482714485147,0.0,CD4_Tcell
-80.5347953730896,327.79343360369074,0.0,CD4_Tcell
214.11324089216805,182.8665790915972,0.0,CD4_Tcell
230.76245026803613,246.3599469243452,0.0,CD4_Tcell
278.59312155737535,279.5652438561286,0.0,CD4_Tcell
-162.1488584873634,-146.13130477228395,0.0,CD4_Tcell
294.38462181085094,203.8734428742707,0.0,CD4_Tcell
-365.1538366669132,150.7038459096625,0.0,CD4_Tcell
-224.81659949041085,275.09585600061536,0.0,CD4_Tcell
180.86911105923625,-133.76213376611614,0.0,CD4_Tcell
-250.10845662850016,100.08877439827688,0.0,CD4_Tcell
-254.44944727649593,-203.74131940764812,0.0,CD4_Tcell
53.88181068276484,294.1975989195546,0.0,CD4_Tcell
301.21484848933943,-235.50794622707437,0.0,CD4_Tcell
119.44588771406029,-286.2620916721192,0.0,CD4_Tcell
-332.16815748792413,171.7429079727428,0.0,CD4_Tcell
150.731912196441,312.85421352757965,0.0,CD4_Tcell
192.85407788339202,161.16593886586602,0.0,CD4_Tcell
-327.45577387658136,-66.3077498656554,0.0,CD4_Tcell
-191.3080055985882,-75.68648101473241,0.0,CD4_Tcell
299.5815926232963,105.9755083913121,0.0,CD4_Tcell
13.329167147853537,-321.188803137462,0.0,CD4_Tcell
207.1316755509995,223.72621054459773,0.0,CD4_Tcell
-383.20282272339637,-102.29472408161206,0.0,CD4_Tcell
322.18189959399365,-147.19640713652544,0.0,CD4_Tcell
284.5534414192316,91.13836645817922,0.0,CD4_Tcell
-6.500268117131576,240.54308933591076,0.0,CD4_Tcell
-20.666870727054366,-302.9485587155842,0.0,CD4_Tcell
-26.375783200434903,375.7972959022016,0.0,CD4_Tcell
156.93553283879893,-156.48141891483948,0.0,CD4_Tcell
109.5199139037514,211.9108441469105,0.0,CD4_Tcell
121.74430695361606,-221.95445746315337,0.0,CD4_Tcell
-254.54903179894887,151.5326719284452,0.0,CD4_Tcell
-318.22325687333137,191.77593214889237,0.0,CD4_Tcell
373.7103947997984,-39.02878836085952,0.0,CD4_Tcell
26.371175212713325,-369.1352922427301,0.0,CD4_Tcell
-260.0146961957271,-184.1874745397195,0.0,CD4_Tcell
286.45069096214587,182.87968188090358,0.0,CD4_Tcell
-21.195341154542344,226.26413772043466,0.0,CD4_Tcell
106.53803565859474,-241.98204434698118,0.0,CD4_Tcell
170.4087472274719,-240.7495872169695,0.0,CD4_Tcell
90.20812958323422,-318.32192389095127,0.0,CD4_Tcell
-86.21207960109668,-263.21840941239003,0.0,CD4_Tcell
-138.1480604603378,205.9527714831679,0.0,CD4_Tcell
-194.90162298114424,-46.072880096062356,0.0,CD4_Tcell
314.9299634012082,-60.90981762453175,0.0,CD4_Tcell
-190.33143870671654,259.32273150054505,0.0,CD4_Tcell
-233.24238226812017,-278.93990084978924,0.0,CD4_Tcell
-309.4865113068884,43.17244567414776,0.0,CD4_Tcell
-291.3268612979728,-212.87570121423386,0.0,CD4_Tcell
208.91772399376535,206.3788835061191,0.0,CD4_Tcell
284.08432069502203,-204.387917800885,0.0,CD4_Tcell
-122.48991116006906,367.9421969795131,0.0,CD4_Tcell
-122.82717712313934,-367.510004161088,0.0,CD4_Tcell
-212.9196192708342,-201.37755934830818,0.0,CD4_Tcell
191.8218514456561,143.09203916801914,0.0,CD4_Tcell
287.2349793825262,-153.08461367249492,0.0,CD4_Tcell
135.16355254242904,-206.31219117808413,0.0,CD4_Tcell
-166.46549418466145,286.9416872960465,0.0,CD4_Tcell
199.5778742206915,-123.46894027394609,0.0,CD4_Tcell
204.8909057490017,-238.8177478247084,0.0,CD4_Tcell
339.3157757404022,-152.1091119525445,0.0,CD4_Tcell
-228.83917661562492,-72.36049897394435,0.0,CD4_Tcell
314.41293864559384,-14.56382469775665,0.0,CD4_Tcell
179.2651638875546,-200.2695484700487,0.0,CD4_Tcell
-376.19590744983395,-134.35947473807133,0.0,CD4_Tcell
375.2202664762108,41.586499748898255,0.0,CD4_Tcell
-366.4282303329137,-95.22904395108323,0.0,CD4_Tcell
-312.099579757348,240.55152096844267,0.0,CD4_Tcell
184.2173934940217,-235.24369567457308,0.0,CD4_Tcell
212.47538622425432,175.59577082937906,0.0,CD4_Tcell
12.13169664178294,389.66395614150946,0.0,CD4_Tcell
-274.11315443702546,-160.5062247256275,0.0,CD4_Tcell
-211.18293366061647,-171.48857214348334,0.0,CD4_Tcell
385.85677910460237,-81.25798377477764,0.0,CD4_Tcell
283.450905529692,3.981582378387603,0.0,CD4_Tcell
-21.168455436983173,-276.0214238873764,0.0,CD4_Tcell
192.00718854284116,-124.20212151900421,0.0,CD4_Tcell
-199.7585416955017,-328.6557835656719,0.0,CD4_Tcell
41.70805192732844,-366.6489929106207,0.0,CD4_Tcell
-61.99071132581963,370.2035661791172,0.0,CD4_Tcell
-60.007984013083444,-317.5341930637426,0.0,CD4_Tcell
341.8066270018658,41.30316025763437,0.0,CD4_Tcell
173.44750990535482,-163.83074082853938,0.0,CD4_Tcell
254.90350975866437,-126.91289514100629,0.0,CD4_Tcell
320.50797732955294,108.44341628110912,0.0,CD4_Tcell
-286.8166167727594,-96.48339584271072,0.0,CD4_Tcell
114.4978518579029,191.77353098756956,0.0,CD4_Tcell
276.2855119647525,-262.691659920339,0.0,CD4_Tcell
214.86243568315274,-74.39994952374457,0.0,CD4_Tcell
307.81041523696564,228.31276303850174,0.0,CD4_Tcell
244.19905614210782,37.086685153045885,0.0,CD4_Tcell
33.794828450071236,327.6541048926722,0.0,CD4_Tcell
-230.94711699309133,-287.6369167663249,0.0,CD4_Tcell
10.49157650789654,230.3022409182554,0.0,CD4_Tcell
-191.0689106808128,-201.94794793261443,0.0,CD4_Tcell
-257.9303295243104,136.8149851671548,0.0,CD4_Tcell
-11.545011248334982,-397.10153437704486,0.0,CD4_Tcell
-269.79228955165786,-105.23955309881092,0.0,CD4_Tcell
-85.14208938589422,357.25342634319503,0.0,CD4_Tcell
-209.3319040493543,329.612440306117,0.0,CD4_Tcell
-259.94670986573584,286.7126389297866,0.0,CD4_Tcell
112.79855673471275,302.36792882025213,0.0,CD4_Tcell
-143.52685595521154,228.79050728768226,0.0,CD4_Tcell
-95.02123163448987,292.19813617326855,0.0,CD4_Tcell
274.4112142830107,137.27516901002218,0.0,CD4_Tcell
244.19142970911727,141.45735238788407,0.0,CD4_Tcell
45.30949703138947,-393.9223944274311,0.0,CD4_Tcell
-100.59745007520937,-378.37334769041286,0.0,CD4_Tcell
-236.96027613052382,-301.4306431306496,0.0,CD4_Tcell
-294.23237859415417,-179.87781285990732,0.0,CD4_Tcell
373.1881305844548,-14.60400453676828,0.0,CD4_Tcell
326.64622959333093,-168.32867408778918,0.0,CD4_Tcell
-165.8215182708818,-219.282583037095,0.0,CD4_Tcell
98.61372479406427,-179.71567642554785,0.0,CD4_Tcell
-128.54839920893627,282.14389843552146,0.0,CD4_Tcell
265.76878431372285,-83.1695391811359,0.0,CD4_Tcell
394.8529656605265,-13.815465553406638,0.0,CD4_Tcell
-124.39950119646878,258.91560441764216,0.0,CD4_Tcell
124.45028268667825,284.4607570517472,0.0,CD4_Tcell
54.74301166694552,-342.3362606766753,0.0,CD4_Tcell
-241.41532257057034,-308.75558230682645,0.0,CD4_Tcell
-66.3348123864259,342.9992867665714,0.0,CD4_Tcell
96.50699363115979,-327.0844036196069,0.0,CD4_Tcell
-145.09697629008608,-260.7674272830434,0.0,CD4_Tcell
-283.744770624388,268.7247560413904,0.0,CD4_Tcell
324.43920926145523,200.53167595884022,0.0,CD4_Tcell
-7.804404483379643,-287.86837067929525,0.0,CD4_Tcell
-278.469508503075,-219.9650203145315,0.0,CD4_Tcell
244.76976491691047,168.17040988861885,0.0,CD4_Tcell
321.9792983699829,135.0097843428429,0.0,CD4_Tcell
180.49559036620988,295.6030068452726,0.0,CD4_Tcell
-97.67688622209081,269.7471553505373,0.0,CD4_Tcell
71.69800813105246,-254.39496943207837,0.0,CD4_Tcell
-197.41020122443885,288.7615951099373,0.0,CD4_Tcell
-148.21735999466767,248.82330722521053,0.0,CD4_Tcell
319.06171047486725,-238.1788998872028,0.0,CD4_Tcell
-48.46935267770373,-251.0336108801262,0.0,CD4_Tcell
-214.81493694368177,266.91059046775626,0.0,CD4_Tcell
-134.64300704435234,252.66875655716527,0.0,CD4_Tcell
373.70466628267815,-27.406818952074907,0.0,CD4_Tcell
-220.28003251911713,-107.09817592756454,0.0,CD4_Tcell
268.71287120507066,-68.06505671168294,0.0,CD4_Tcell
-304.36371867017175,-179.40965354514518,0.0,CD4_Tcell
-305.05854780859516,251.53441387209767,0.0,CD4_Tcell
338.49963567779633,-109.0225866173941,0.0,CD4_Tcell
378.29501089221145,112.22027863054397,0.0,CD4_Tcell
-252.32196742880384,-233.18076290154966,0.0,CD4_Tcell
-212.14672155221234,137.44350829938134,0.0,CD4_Tcell
46.11457330743852,-363.8399274041469,0.0,CD4_Tcell
193.75778326572316,-157.97616944785293,0.0,CD4_Tcell
-235.40306668503183,220.65460285599804,0.0,CD4_Tcell
-157.41943758005607,146.5579684865331,0.0,CD4_Tcell
325.1483958814622,-62.90776550222852,0.0,CD4_Tcell
136.79957241196078,-186.38027687791617,0.0,CD4_Tcell
255.7816173408238,17.192536682952067,0.0,CD4_Tcell
-81.4661259530029,334.026640363515,0.0,CD4_Tcell
-358.56968455916575,-147.73516818201904,0.0,CD4_Tcell
374.76499071078706,-106.00657972270307,0.0,CD4_Tcell
-151.36413442853654,-158.0351610905022,0.0,CD4_Tcell
302.6344552732533,36.44384156886684,0.0,CD4_Tcell
-121.48646848385066,-315.0418545156913,0.0,CD4_Tcell
-87.22324672956202,-366.2714666291384,0.0,CD4_Tcell
-67.71637008993332,382.95087320987216,0.0,CD4_Tcell
-167.6566808115414,-119.21646439469815,0.0,CD4_Tcell
-55.842630363556275,-243.3181783135181,0.0,CD4_Tcell
-117.12882830082597,-325.8358594802394,0.0,CD4_Tcell
283.1882851330101,58.20235663618942,0.0,CD4_Tcell
217.6413795799989,-179.63486251035238,0.0,CD4_Tcell
40.182860209633816,-235.4491620274212,0.0,CD4_Tcell
-185.21090155557974,-184.03096770774582,0.0,CD4_Tcell
-79.79232705648646,-202.20591233319712,0.0,CD4_Tcell
-223.232165837704,19.194975525647845,0.0,CD4_Tcell
-195.69726356876953,97.39672327473143,0.0,CD4_Tcell
-245.00401263980982,-177.6200221319242,0.0,CD4_Tcell
268.5041591115059,-212.07376939275747,0.0,CD4_Tcell
218.17178399634562,183.95198297160013,0.0,CD4_Tcell
25.81494062592909,-236.4065397690043,0.0,CD4_Tcell
186.6842269050692,-257.963921845195,0.0,CD4_Tcell
137.6671947858138,-354.56978258838075,0.0,CD4_Tcell
360.13077199911993,149.3769120923045,0.0,CD4_Tcell
21.38755298788119,-364.06793505731866,0.0,CD4_Tcell
-274.56930810934,-197.4970283376802,0.0,CD4_Tcell
-101.59391214087427,297.7777729963523,0.0,CD4_Tcell
-198.37086153352206,44.961193597270636,0.0,CD4_Tcell
-17.219960470161052,294.9263874632689,0.0,CD4_Tcell
57.111998286320556,-341.11450042055714,0.0,CD4_Tcell
-143.8699853576186,183.25295820801662,0.0,CD4_Tcell
174.7197561028313,255.44775165335895,0.0,CD4_Tcell
91.4124114761672,-384.0532585879537,0.0,CD4_Tcell
246.29998410845542,-281.10699119223295,0.0,CD4_Tcell
-3.464262100369953,-287.20063201447584,0.0,CD4_Tcell
-186.40112349035414,300.61816600585735,0.0,CD4_Tcell
-72.50248076555059,-268.75296068454355,0.0,CD4_Tcell
76.28307805844976,-370.7667206352999,0.0,CD4_Tcell
62.25153019376779,-271.39832501490923,0.0,CD4_Tcell
268.64950468947546,53.83372195102004,0.0,CD4_Tcell
-24.448964874609597,230.64627504356926,0.0,CD4_Tcell
232.24630481223562,314.7881651942264,0.0,CD4_Tcell
-222.48656763569105,-57.5644940708779,0.0,CD4_Tcell
-213.19377175124106,201.0667354295614,0.0,CD4_Tcell
-31.777474728273628,-387.676182242284,0.0,CD4_Tcell
25.503496025869946,216.47823604796065,0.0,CD4_Tcell
-103.64281455144335,329.31075875474437,0.0,CD4_Tcell
11.107944438659048,301.1990252673543,0.0,CD4_Tcell
75.18611710154667,-267.7934239098149,0.0,CD4_Tcell
-130.75704355493818,-156.56064001712974,0.0,CD4_Tcell
251.9755475449542,-292.0719185173411,0.0,CD4_Tcell
286.1617803593168,-120.05131361195896,0.0,CD4_Tcell
-348.4372406994115,-20.393922020254397,0.0,CD4_Tcell
-204.55807030517673,-236.83642932291795,0.0,CD4_Tcell
40.15488771967206,359.3920994557415,0.0,CD4_Tcell
197.77137157279643,-175.67633277229436,0.0,CD4_Tcell
-391.18259599782675,-61.74607812143339,0.0,CD4_Tcell
-241.7503509894291,236.0406136155893,0.0,CD4_Tcell
-33.26161369811429,-329.1477543060864,0.0,CD4_Tcell
37.9717383887407,321.3425092608447,0.0,CD4_Tcell
-178.6484978670592,-127.95709769151635,0.0,CD4_Tcell
302.00152782018887,0.8209173249730587,0.0,CD4_Tcell
141.93751382955583,238.91061453027316,0.0,CD4_Tcell
116.61935380389258,252.6103534255636,0.0,CD4_Tcell
-89.8047538429279,314.4006495087772,0.0,CD4_Tcell
-264.3335656991925,144.21178305446955,0.0,CD4_Tcell
-127.73684096723723,158.2918245111072,0.0,CD4_Tcell
-217.86691763614434,-77.45473947897902,0.0,CD4_Tcell
-38.307728346099786,-318.9627777698178,0.0,CD4_Tcell
373.55092452677803,59.94415326784235,0.0,CD4_Tcell
-179.87678566022228,233.13147106917697,0.0,CD4_Tcell
-136.05099826716153,181.25844734526368,0.0,CD4_Tcell
352.38082018109645,-55.43778658790006,0.0,CD4_Tcell
54.317349411664885,-210.8839683616517,0.0,CD4_Tcell
272.6185937803729,-57.33239234314747,0.0,CD4_Tcell
-382.38946550550673,109.54198514862114,0.0,CD4_Tcell
-222.76196471485807,300.2238705369488,0.0,CD4_Tcell
-327.8641968710526,-29.697453184076082,0.0,CD4_Tcell
207.6775301011701,-217.3153518754466,0.0,CD4_Tcell
177.45518754321355,-265.6680080531339,0.0,CD4_Tcell
-278.69634208040287,-171.86607261424018,0.0,CD4_Tcell
-250.55656700627458,155.77733945059168,0.0,CD4_Tcell
301.4710959908779,-133.69274683715778,0.0,CD4_Tcell
219.84516159175877,-109.92871411316064,0.0,CD4_Tcell
-211.32701866065895,68.44205554774501,0.0,CD4_Tcell
54.14562166395343,-305.02544691467745,0.0,CD4_Tcell
218.9338720334986,196.33494802115032,0.0,CD4_Tcell
-177.18683450347294,-221.9858132658284,0.0,CD4_Tcell
167.45252984711976,-208.54573093875865,0.0,CD4_Tcell
121.5083401618932,-282.39879907930185,0.0,CD4_Tcell
-260.7933860668372,10.354991419786959,0.0,CD4_Tcell
-208.66211050346695,268.15543303464705,0.0,CD4_Tcell
-351.39067006550323,-85.54991548879973,0.0,CD4_Tcell
231.2477722842366,-301.90113670361745,0.0,CD4_Tcell
-302.8581663533171,210.97516821947946,0.0,CD4_Tcell
298.87374254125785,216.52335638240413,0.0,CD4_Tcell
89.24971448502536,-306.95028560185386,0.0,CD4_Tcell
-3.8624285575614463,-342.3364041987547,0.0,CD4_Tcell
262.4366556019653,122.63276569923117,0.0,CD4_Tcell
298.4518098053082,170.81304974847416,0.0,CD4_Tcell
-221.12636345115513,-81.67378943961964,0.0,CD4_Tcell
-279.4529607563297,136.9550090083874,0.0,CD4_Tcell
-267.1769589873332,94.05822988537938,0.0,CD4_Tcell
-121.86892817883262,-160.46697990875614,0.0,CD4_Tcell
-334.23887246399926,23.54542049369047,0.0,CD4_Tcell
194.19542729719316,-319.5119119999353,0.0,CD4_Tcell
-35.29548154742679,-290.9379210321702,0.0,CD4_Tcell
-312.70582545305376,205.42899007934352,0.0,CD4_Tcell
-108.60363248857651,372.3494743651255,0.0,CD4_Tcell
144.27975635788835,369.89668181755485,0.0,CD4_Tcell
-300.27237723472024,-21.920354773529944,0.0,CD4_Tcell
-119.97573341059615,206.07035610531503,0.0,CD4_Tcell
-292.9161235088346,-58.81078665479956,0.0,CD4_Tcell
233.02994647525492,-23.78528977188385,0.0,CD4_Tcell
-302.69070581316026,161.36187006977445,0.0,CD4_Tcell
-331.74630878940025,206.43165900518002,0.0,CD4_Tcell
133.11012026275804,-173.48826087263868,0.0,CD4_Tcell
340.6673814489831,-94.62186932627817,0.0,CD4_Tcell
-347.8018609714838,-184.6029397083894,0.0,CD4_Tcell
252.1665195051993,-215.35827956429824,0.0,CD4_Tcell
-179.80331907956764,-322.7737236102942,0.0,CD4_Tcell
74.58093149841291,277.82365735979477,0.0,CD4_Tcell
335.8067986240727,-127.01731084227532,0.0,CD4_Tcell
189.21001535964544,-299.7857906565097,0.0,CD4_Tcell
272.5752642548032,-169.40231730231238,0.0,CD4_Tcell
-372.3761085191701,13.616882553288113,0.0,CD4_Tcell
-164.33784954528065,349.79156157822064,0.0,CD4_Tcell
-266.7784217186532,-211.31164607296762,0.0,CD4_Tcell
-176.69623018457713,-119.48556734118489,0.0,CD4_Tcell
-47.87576673190336,267.5626252776263,0.0,CD4_Tcell
-220.55271059209764,316.78161597089394,0.0,CD4_Tcell
-290.74085933029244,-163.04069654325644,0.0,CD4_Tcell
198.29011375116596,-264.69417560841237,0.0,CD4_Tcell
310.81347748122204,46.940938410215054,0.0,CD4_Tcell
337.93328103803333,-12.254786180497469,0.0,CD4_Tcell
156.267235808191,-298.0450694974271,0.0,CD4_Tcell
274.7025578014782,-105.68090519597519,0.0,CD4_Tcell
309.58676461452984,-249.38495657315318,0.0,CD4_Tcell
-92.15484859714395,-210.35885973942933,0.0,CD4_Tcell
-169.04850978135747,-148.97601472355075,0.0,CD4_Tcell
-96.11838079871622,221.62408999325672,0.0,CD4_Tcell
237.25478142318786,-84.37379478887675,0.0,CD4_Tcell
-187.32389333353592,91.97523480004459,0.0,CD4_Tcell
-140.6241997693909,-356.43164572156275,0.0,CD4_Tcell
-74.52113624735831,-362.93659296125645,0.0,CD4_Tcell
-143.42955461544648,338.4345716063842,0.0,CD4_Tcell
-132.51761084809593,-245.14966053807473,0.0,CD4_Tcell
225.50806261649615,-17.798387047885026,0.0,CD4_Tcell
101.10576537121158,315.78246315966567,0.0,CD4_Tcell
-391.5130437848227,-43.969810171157214,0.0,CD4_Tcell
78.93379986700545,-385.4744941388822,0.0,CD4_Tcell
-325.589797032856,195.79482019016424,0.0,CD4_Tcell
-233.63358223269915,-144.97769200596727,0.0,CD4_Tcell
195.39926453996162,-91.31476279694907,0.0,CD4_Tcell
150.78376344729213,-195.77424540822196,0.0,CD4_Tcell
142.15914902351767,-238.05989280557455,0.0,CD4_Tcell
-307.5316697939114,-74.36132817124356,0.0,CD4_Tcell
-350.6058005224284,-54.90896523010834,0.0,CD4_Tcell
330.27555420518473,-134.20222835592114,0.0,CD4_Tcell
-66.72255810078924,-324.608361595363,0.0,CD4_Tcell
-198.1814769005456,38.356954265494316,0.0,CD4_Tcell
279.209771039998,-168.07532389825766,0.0,CD4_Tcell
-285.7185164645649,32.61265915937666,0.0,CD4_Tcell
-344.5609824940682,111.354472678896,0.0,CD4_Tcell
-213.03808313160667,328.3818773212345,0.0,CD4_Tcell
-264.63769876929257,147.18975924423435,0.0,CD4_Tcell
-319.2433028898502,-69.42508075597313,0.0,CD4_Tcell
-78.4658644545063,-252.65022412143875,0.0,CD4_Tcell
383.3597225247974,9.203316042498583,0.0,CD4_Tcell
0.18634623081503757,-283.1889088535574,0.0,CD4_Tcell
202.08135446970118,299.82562574813045,0.0,CD4_Tcell
371.0694601805804,36.91941356448387,0.0,CD4_Tcell
-33.04799586494339,378.06611912093905,0.0,CD4_Tcell
-313.70442128837834,101.40880776895271,0.0,CD4_Tcell
-54.04827623337024,-361.80529050947774,0.0,CD4_Tcell
236.09699601169595,-25.557540371822643,0.0,CD4_Tcell
-228.92997936684986,-81.08823658611513,0.0,CD4_Tcell
198.9173905483028,-203.9562136955153,0.0,CD4_Tcell
-185.44567200475348,301.30736341614613,0.0,CD4_Tcell
-231.20085326164224,128.09539716991023,0.0,CD4_Tcell
-20.80560185328403,-203.0757868167774,0.0,CD4_Tcell
-171.55210914590506,232.19250277801785,0.0,CD4_Tcell
136.1252737626636,213.84492144533505,0.0,CD4_Tcell
-289.933959505976,-120.88885334003551,0.0,CD4_Tcell
250.21299231809132,296.61556207131963,0.0,CD4_Tcell
-351.3670198693868,-87.43050737767578,0.0,CD4_Tcell
207.31075237076644,129.02409583473673,0.0,CD4_Tcell
325.2639670038612,217.17065750185333,0.0,CD4_Tcell
258.16964532927494,-44.458496060140035,0.0,CD4_Tcell
-243.3139994527371,-273.7659768360884,0.0,CD4_Tcell
-118.21442231778451,-188.89857270239918,0.0,CD4_Tcell
36.357297085906325,-347.993504878379,0.0,CD4_Tcell
-205.9929896748555,115.3299663714894,0.0,CD4_Tcell
-28.021512582245975,-209.71601961055381,0.0,CD4_Tcell
-209.1850423391482,326.5380818165873,0.0,CD4_Tcell
182.3968236735391,-234.94490197141758,0.0,CD4_Tcell
-132.4071033865745,-169.60578801405188,0.0,CD4_Tcell
288.0071894478831,133.0083353145088,0.0,CD4_Tcell
-296.11587090366885,148.11253193898347,0.0,CD4_Tcell
-57.74029547257757,-349.74822294295535,0.0,CD4_Tcell
-213.1936203955359,103.72719063102801,0.0,CD4_Tcell
-262.5690559836608,119.32994555104833,0.0,CD4_Tcell
-254.04548876389958,39.767989535520144,0.0,CD4_Tcell
207.26764657127995,302.8601306159817,0.0,CD4_Tcell
92.49390151068528,212.16726450664603,0.0,CD4_Tcell
-292.2793669118483,2.150294506388599,0.0,CD4_Tcell
344.823439849854,31.32185288101906,0.0,CD4_Tcell
131.36692584255593,-348.0652689340246,0.0,CD4_Tcell
333.73710298881855,-79.1061403793973,0.0,CD4_Tcell
-125.04158874855649,-356.72414359046127,0.0,CD4_Tcell
303.4261865097228,-250.06345024002974,0.0,CD4_Tcell
380.7249276152806,-44.86671177110291,0.0,CD4_Tcell
-137.65682281133442,233.82911271112044,0.0,CD4_Tcell
-265.22646672387003,50.66114075158157,0.0,CD4_Tcell
152.56374862185697,250.4443140605985,0.0,CD4_Tcell
108.96407574442003,301.7481809929437,0.0,CD4_Tcell
-154.42338176466248,131.5637750195388,0.0,CD4_Tcell
124.50923002014414,300.816279932779,0.0,CD4_Tcell
92.16322225270756,301.2227567331152,0.0,CD4_Tcell
-21.183103026029553,342.03790131451586,0.0,CD4_Tcell
120.20654120076665,-314.5055186465013,0.0,CD4_Tcell
-3.21606272789215,-393.81985757240176,0.0,CD4_Tcell
278.5442307116677,-151.5230521668753,0.0,CD4_Tcell
273.70420007726625,-0.010567898149576153,0.0,CD4_Tcell
-33.37978013532216,384.2906057409893,0.0,CD4_Tcell
-106.2631956941284,-253.4814595917367,0.0,CD4_Tcell
164.9071286687323,-195.33142120353003,0.0,CD4_Tcell
-299.74152422364153,-240.22591121713822,0.0,CD4_Tcell
265.5024758671314,274.413658146812,0.0,CD4_Tcell
231.6339039785108,159.4085379923445,0.0,CD4_Tcell
-221.59823477016627,-195.93644536595858,0.0,CD4_Tcell
-21.51541147635075,205.87763115124065,0.0,CD4_Tcell
-287.2787870702749,-192.62955617137453,0.0,CD4_Tcell
-354.23904288948165,152.61006513783016,0.0,CD4_Tcell
319.24361483325487,-227.9889607866686,0.0,CD4_Tcell
-40.28355908335221,-240.85696172959092,0.0,CD4_Tcell
-377.0313858409777,-127.11009865877003,0.0,CD4_Tcell
22.07882676659048,-199.38344582575584,0.0,CD4_Tcell
140.95059279059748,214.09437615794226,0.0,CD4_Tcell
374.3995023338877,-57.10671636045179,0.0,CD4_Tcell
-93.98139582505014,-342.6807637591874,0.0,CD4_Tcell
273.0660974742818,273.36278391268957,0.0,CD4_Tcell
-33.31036824522348,384.9234977643651,0.0,CD4_Tcell
23.068552941467324,-312.2271464632753,0.0,CD4_Tcell
174.80397133600087,270.38664320682335,0.0,CD4_Tcell
140.51348516302107,-233.60778866923977,0.0,CD4_Tcell
373.16204784080224,76.25457513153114,0.0,CD8_Tcell
140.8246607175899,338.20151209462773,0.0,CD8_Tcell
-216.17693147019259,-11.443584077435599,0.0,CD8_Tcell
-290.14652768597364,58.0987879992556,0.0,CD8_Tcell
-373.0360211890995,65.72084385963605,0.0,CD8_Tcell
240.27172955246854,-101.16051576815457,0.0,CD8_Tcell
-129.26887865125897,-175.7331505141297,0.0,CD8_Tcell
345.48103085056283,-45.646874695590874,0.0,CD8_Tcell
-200.3219776836168,75.35076028828449,0.0,CD8_Tcell
-26.26252780565373,211.3060433121486,0.0,CD8_Tcell
200.26214264874716,-112.14691335342084,0.0,CD8_Tcell
211.23532695205188,5.295162582652215,0.0,CD8_Tcell
-285.3362730137745,84.4944958551416,0.0,CD8_Tcell
-296.83971688805536,126.40578902029512,0.0,CD8_Tcell
-245.38419830194815,168.29900667503733,0.0,CD8_Tcell
-230.5605771929357,310.0957269572836,0.0,CD8_Tcell
-1.3303241187722563,271.12388026751853,0.0,CD8_Tcell
63.26408630975929,-314.32363555387974,0.0,CD8_Tcell
-219.65520532877727,81.80832573391588,0.0,CD8_Tcell
117.81321442180159,373.58480757229154,0.0,CD8_Tcell
-273.3820479770146,29.57499353747756,0.0,CD8_Tcell
-336.94159078615,-165.17118795979735,0.0,CD8_Tcell
338.80524269719126,-188.08792847683128,0.0,CD8_Tcell
-256.211726896224,-12.705096480338296,0.0,CD8_Tcell
296.5038876265215,137.01401935644597,0.0,CD8_Tcell
212.3871693399429,-176.47581238858655,0.0,CD8_Tcell
-105.51646105172318,-360.8412590038193,0.0,CD8_Tcell
-182.02783547252318,-124.06694885586968,0.0,CD8_Tcell
52.588543750826915,296.06896641922145,0.0,CD8_Tcell
-272.4240860966462,-165.34331944362924,0.0,CD8_Tcell
329.2015610257674,167.7829963137735,0.0,CD8_Tcell
15.241049935356129,-377.286041238623,0.0,CD8_Tcell
-83.13083468282608,328.9140991961244,0.0,CD8_Tcell
-327.69496486204577,-210.42779598259722,0.0,CD8_Tcell
-179.4542194210822,-350.89190884153805,0.0,CD8_Tcell
-344.9542923224104,-180.85913551318575,0.0,CD8_Tcell
-269.4902196747083,-181.76520219197135,0.0,CD8_Tcell
-123.83112279539168,-265.1702918747281,0.0,CD8_Tcell
-358.2616896380596,-60.088193085297625,0.0,CD8_Tcell
162.4648410191119,-119.57202451762986,0.0,CD8_Tcell
-213.73971031110185,273.383641401933,0.0,CD8_Tcell
26.55477023231812,215.17133048948835,0.0,CD8_Tcell
-109.47844189308215,291.1180324727305,0.0,CD8_Tcell
-361.5540886537819,-141.19170434011644,0.0,CD8_Tcell
198.54878995719838,254.74443708006336,0.0,CD8_Tcell
266.9640146769275,-148.66550338167622,0.0,CD8_Tcell
-277.6183678204792,-125.71046156650976,0.0,CD8_Tcell
237.90647650240345,139.96370038659154,0.0,CD8_Tcell
-159.9068875647357,325.843574398506,0.0,CD8_Tcell
-24.189764641367173,-279.81703079808904,0.0,CD8_Tcell
-236.25251491239857,-13.641135296406803,0.0,CD8_Tcell
-257.0976623781275,231.88518146523353,0.0,CD8_Tcell
-215.13076203852944,177.74710888632683,0.0,CD8_Tcell
234.92913471201783,237.27636194779063,0.0,CD8_Tcell
-304.1360486107099,-193.02839210892458,0.0,CD8_Tcell
178.1280025280833,291.91668524459106,0.0,CD8_Tcell
-287.74487185991813,-195.02830333521726,0.0,CD8_Tcell
-200.23098529606597,65.3492731929763,0.0,CD8_Tcell
123.79314205149001,368.6074517286183,0.0,CD8_Tcell
-273.47831823932745,-14.954045136674416,0.0,CD8_Tcell
-41.31148835335304,394.48097732571756,0.0,CD8_Tcell
-61.43534684852669,-305.53839888476597,0.0,CD8_Tcell
-244.44735745837284,-173.64515863662282,0.0,CD8_Tcell
124.9715638863243,195.14694579067094,0.0,CD8_Tcell
-354.6607962608456,-142.48538716700662,0.0,CD8_Tcell
-106.60337730628218,-363.91291132170903,0.0,CD8_Tcell
-358.76454392209195,-33.31842590597808,0.0,CD8_Tcell
162.6028608621088,149.63630010177275,0.0,CD8_Tcell
186.88724796234774,229.67454067571535,0.0,CD8_Tcell
131.45153863279515,307.1857758480963,0.0,CD8_Tcell
265.8629591041735,160.75716886854144,0.0,CD8_Tcell
265.3556631111734,292.15371549125206,0.0,CD8_Tcell
-174.58290102227548,-349.83880195318756,0.0,CD8_Tcell
204.37169758305058,25.18459606786302,0.0,CD8_Tcell
24.853194052554826,-355.74770301665296,0.0,CD8_Tcell
-96.27796515905831,306.2977817576966,0.0,CD8_Tcell
-261.1725301594137,156.54361947359413,0.0,CD8_Tcell
-218.31535840505904,-229.837943688435,0.0,CD8_Tcell
-273.0801951091361,263.84851648229613,0.0,CD8_Tcell
225.82574748474133,157.83235611573517,0.0,CD8_Tcell
243.3031840490218,-205.7714509091481,0.0,CD8_Tcell
242.93127268364717,-298.23478965575407,0.0,CD8_Tcell
-251.02474558935276,-97.5125972950822,0.0,CD8_Tcell
-139.73456021584948,187.52315424649888,0.0,CD8_Tcell
-181.59600831901005,350.03024273771535,0.0,CD8_Tcell
-45.34939330754554,-313.85847583001345,0.0,CD8_Tcell
-148.78916499810404,258.7629903428765,0.0,CD8_Tcell
322.1901962827627,-110.35069527619899,0.0,CD8_Tcell
323.5264489519089,-20.60338796412606,0.0,CD8_Tcell
-242.30667455499898,-173.6310893632876,0.0,CD8_Tcell
146.53886604582218,323.12920235750613,0.0,CD8_Tcell
11.256081961987674,-232.63294046635815,0.0,CD8_Tcell
-70.68784430810574,226.77084611667902,0.0,CD8_Tcell
-314.62099099379395,-100.46474991588862,0.0,CD8_Tcell
-199.16700592669181,58.40254820329849,0.0,CD8_Tcell
318.727903578503,-62.05434502791897,0.0,CD8_Tcell
-330.38859277236674,114.94547180173143,0.0,CD8_Tcell
78.6768330408866,302.1894296839362,0.0,CD8_Tcell
340.7611751476037,-86.22822868395994,0.0,CD8_Tcell
170.1409600902406,108.71952454319438,0.0,CD8_Tcell
-293.0744448988433,-85.0518272819792,0.0,CD8_Tcell
-251.6510940245249,290.54094067908227,0.0,CD8_Tcell
-136.17425384856514,258.1901846060915,0.0,CD8_Tcell
-207.6265827201164,-202.5262190336831,0.0,CD8_Tcell
-99.57717272319726,-211.28891870060485,0.0,CD8_Tcell
-219.5565799809192,283.39015186265294,0.0,CD8_Tcell
-75.71319411298602,-340.5195139923617,0.0,CD8_Tcell
318.1834251065836,-140.84252549125398,0.0,CD8_Tcell
-177.22517780265417,-198.7222388533628,0.0,CD8_Tcell
286.7961658773281,32.51719449251004,0.0,CD8_Tcell
-264.2874540162582,24.50691610609754,0.0,CD8_Tcell
-97.2601200591474,-290.38874106613554,0.0,CD8_Tcell
-297.8521349765104,-82.83163223118223,0.0,CD8_Tcell
-326.95510774154957,50.17751437452529,0.0,CD8_Tcell
-103.6214483266899,274.27715484026874,0.0,CD8_Tcell
-172.7551824430232,164.9525587621888,0.0,CD8_Tcell
-199.31186505370218,48.620192497651466,0.0,CD8_Tcell
349.4342505520555,1.367885619365707,0.0,CD8_Tcell
-331.1756853388944,30.223289023405233,0.0,CD8_Tcell
-200.0558428118134,-161.93225380928513,0.0,CD8_Tcell
-357.2046907655717,-128.625903711469,0.0,CD8_Tcell
228.49340636184598,-96.99737296779702,0.0,CD8_Tcell
131.30923726090094,-260.6520777784257,0.0,CD8_Tcell
-219.72124124480112,-216.86348493979446,0.0,CD8_Tcell
334.19397758980114,2.116053318557189,0.0,CD8_Tcell
-266.6707979353396,-52.509487820092346,0.0,CD8_Tcell
-254.76372189139747,280.4197424394875,0.0,CD8_Tcell
17.839037291300347,255.5928719846885,0.0,CD8_Tcell
85.96904576922827,183.74516064228106,0.0,CD8_Tcell
180.06586403048982,318.5160583484474,0.0,CD8_Tcell
-156.0668030676216,-276.67188633182917,0.0,CD8_Tcell
292.4960725920527,180.63450441396577,0.0,CD8_Tcell
-86.75008284253167,232.3842132635823,0.0,CD8_Tcell
-222.5822205779788,-263.75391951902014,0.0,CD8_Tcell
10.695223371915871,301.39957669680246,0.0,CD8_Tcell
66.51778670800272,215.97000563110993,0.0,CD8_Tcell
-63.00463290832075,-300.9746633364126,0.0,CD8_Tcell
-219.21603829986998,-35.894383007294444,0.0,CD8_Tcell
190.3947573385926,301.8604952219,0.0,CD8_Tcell
295.26117354010614,102.82575178932056,0.0,CD8_Tcell
120.37404252023484,-227.4573984509896,0.0,CD8_Tcell
-132.20557199691282,264.2443853282628,0.0,CD8_Tcell
165.21523602886077,139.24325581014534,0.0,CD8_Tcell
-18.870265479184074,262.10754327010204,0.0,CD8_Tcell
-313.6359877609904,200.8365747627044,0.0,CD8_Tcell
296.0916574137471,264.0275415833753,0.0,CD8_Tcell
-128.97989725366946,367.37747602448,0.0,CD8_Tcell
176.78898060824548,-206.25092733157157,0.0,CD8_Tcell
260.030355712758,141.69574953872936,0.0,CD8_Tcell
-309.27522994329246,-130.79049740300337,0.0,CD8_Tcell
285.72134250136594,-169.5404912116649,0.0,CD8_Tcell
107.67852446352224,324.8022036530614,0.0,CD8_Tcell
-270.3220479465456,218.28717549383364,0.0,CD8_Tcell
-80.79754227691807,298.56989772084376,0.0,CD8_Tcell
120.78597141877019,-275.15069533532494,0.0,CD8_Tcell
-223.65594375524563,327.7754530303913,0.0,CD8_Tcell
143.24844792725142,225.0813759704999,0.0,CD8_Tcell
-323.2580700776791,-15.026084552067827,0.0,CD8_Tcell
-120.58880713636519,-372.69732733678154,0.0,CD8_Tcell
136.32321405608477,368.480874176255,0.0,CD8_Tcell
-345.98092486663717,97.61979264258619,0.0,CD8_Tcell
-193.85607190532915,158.93329043373203,0.0,CD8_Tcell
78.90469700579786,-213.68371380018627,0.0,CD8_Tcell
239.3492498256642,261.4101277803354,0.0,CD8_Tcell
123.59404892166275,-261.62484687530326,0.0,CD8_Tcell
316.0246581588628,23.789312335973527,0.0,CD8_Tcell
315.5992630696345,-117.85288370607628,0.0,CD8_Tcell
-302.5596974433366,211.86452399379382,0.0,CD8_Tcell
266.6556746641955,-112.09711474974696,0.0,CD8_Tcell
143.76563368268367,-242.73828359416166,0.0,CD8_Tcell
-1.3613278018372976,234.5603280961228,0.0,CD8_Tcell
155.99815560443028,281.9101466605718,0.0,CD8_Tcell
355.2463716181464,131.9873133270497,0.0,CD8_Tcell
296.1172450760229,-213.838304690592,0.0,CD8_Tcell
-2.8946170290688538,284.14018067884894,0.0,CD8_Tcell
-224.1321882574878,-144.92803696201887,0.0,CD8_Tcell
255.40954006575836,-62.45084781734576,0.0,CD8_Tcell
-238.8269408045083,-41.230410740121464,0.0,CD8_Tcell
316.7954762291733,0.07593139663492704,0.0,CD8_Tcell
145.31651909685382,-196.58965135513745,0.0,CD8_Tcell
-317.331102784811,231.19710831281748,0.0,CD8_Tcell
183.44202181253385,246.3098572093943,0.0,CD8_Tcell
-268.78181069628147,110.085522689717,0.0,CD8_Tcell
-12.647132986460752,370.4612713499051,0.0,CD8_Tcell
355.9061795196069,-31.90342769983345,0.0,CD8_Tcell
-108.33855223219501,-278.25462070294674,0.0,CD8_Tcell
-387.9184924661036,-52.566235461278424,0.0,CD8_Tcell
-194.3562091045439,178.8618554063085,0.0,CD8_Tcell
-93.98946711926558,-381.8366340319958,0.0,CD8_Tcell
88.13382554496387,349.50787339682734,0.0,CD8_Tcell
-254.35048177106094,242.62958629568016,0.0,CD8_Tcell
-40.825821899770915,-236.59912738173438,0.0,CD8_Tcell
303.03177294383966,-139.54648449270772,0.0,CD8_Tcell
244.9312160927239,-288.59217814195796,0.0,CD8_Tcell
221.80023778768836,-211.76422262848,0.0,CD8_Tcell
125.1984505954381,174.8559161038978,0.0,CD8_Tcell
244.02639047950956,306.8045089903092,0.0,CD8_Tcell
295.1734124025798,237.94740540414278,0.0,CD8_Tcell
-44.008017901365804,-263.6096930760619,0.0,CD8_Tcell
285.76900175425607,111.5609479458671,0.0,CD8_Tcell
-281.674992901152,233.15198366155812,0.0,CD8_Tcell
-363.44487292525724,153.83145935059144,0.0,CD8_Tcell
-107.76421686124168,221.94697299230194,0.0,CD8_Tcell
-283.0213346324208,-70.41049854437176,0.0,CD8_Tcell
34.17869131234289,296.3473191962172,0.0,CD8_Tcell
189.19950624569424,261.19409525588816,0.0,CD8_Tcell
197.1428365065562,-104.77267996225545,0.0,CD8_Tcell
-48.257266632743395,-273.73952801884013,0.0,CD8_Tcell
-323.9707104856502,-229.832308545869,0.0,CD8_Tcell
291.8550825479868,-210.04169589978312,0.0,CD8_Tcell
-215.57615881565187,153.3857981547013,0.0,CD8_Tcell
132.10556714494254,251.62196521341124,0.0,CD8_Tcell
-264.8758247201548,-44.267613429373526,0.0,CD8_Tcell
-176.10866686780446,-332.1015991595419,0.0,CD8_Tcell
-238.39587844346767,-275.59476657658786,0.0,CD8_Tcell
-158.58318855706847,134.09686121272762,0.0,CD8_Tcell
-60.05267931191728,-322.2869926774513,0.0,CD8_Tcell
19.74449564422753,-218.60414185494307,0.0,CD8_Tcell
-186.65683340947012,209.08986338008916,0.0,CD8_Tcell
-165.7799056285086,205.19265948221155,0.0,CD8_Tcell
-53.53080388116525,-389.27043493794724,0.0,CD8_Tcell
127.40884554794887,-235.99216904185627,0.0,CD8_Tcell
-385.73360455525,-80.90490376188245,0.0,CD8_Tcell
303.8925537346255,14.416877021848183,0.0,CD8_Tcell
225.0826251604708,62.18545001050822,0.0,CD8_Tcell
-266.60734892033815,-239.3989600697465,0.0,CD8_Tcell
214.66984036758785,-219.0915728886013,0.0,CD8_Tcell
113.34959357168091,288.8642281714349,0.0,CD8_Tcell
340.57342261821384,26.93702376949878,0.0,CD8_Tcell
185.56267596414673,306.75855796719543,0.0,CD8_Tcell
271.44395221049695,51.17141194368983,0.0,CD8_Tcell
24.319046549291997,258.0691858517306,0.0,CD8_Tcell
239.1048027924875,80.07170423703961,0.0,CD8_Tcell
-274.5690498640365,210.5841698219817,0.0,CD8_Tcell
338.66655190438604,88.46200118846994,0.0,CD8_Tcell
200.01856977730907,37.66267473895715,0.0,CD8_Tcell
51.144857226452075,329.71380949955807,0.0,CD8_Tcell
276.1207247511086,77.02164549080784,0.0,CD8_Tcell
139.07397601245907,152.8190298030477,0.0,CD8_Tcell
-87.25071227110426,-260.9799034274832,0.0,CD8_Tcell
-8.916976558565185,301.8732868034496,0.0,CD8_Tcell
-290.2475014276151,73.52662247970828,0.0,CD8_Tcell
242.8248572152399,-69.39684127291711,0.0,CD8_Tcell
-185.19747265642903,-98.08384671710424,0.0,CD8_Tcell
202.23358182295888,50.968115643779704,0.0,CD8_Tcell
188.139433871264,-187.22938864025016,0.0,CD8_Tcell
196.1401505475331,-186.61309484364727,0.0,CD8_Tcell
136.98145615712937,-206.05415078941186,0.0,CD8_Tcell
-289.38033957307795,83.31138701215046,0.0,CD8_Tcell
179.9340544233555,131.23269416094067,0.0,CD8_Tcell
-216.7479183752613,-249.19106332230135,0.0,CD8_Tcell
-172.20462163102613,-198.63307171673367,0.0,CD8_Tcell
324.3321621155651,175.98377237011587,0.0,CD8_Tcell
39.53527358694106,-306.5918293018217,0.0,CD8_Tcell
4.774350248086094,-202.48296518693624,0.0,CD8_Tcell
-288.96969839207856,1.5659916738223214,0.0,CD8_Tcell
332.0263653381375,-186.58337763708124,0.0,CD8_Tcell
-205.59444050407535,329.62847991025046,0.0,CD8_Tcell
342.0223171943321,-95.60987069539759,0.0,CD8_Tcell
-365.7067977941483,-97.01270814057433,0.0,CD8_Tcell
207.86111408000795,-59.08035717394077,0.0,CD8_Tcell
100.90689290429451,379.52166800928984,0.0,CD8_Tcell
259.0289880618043,235.5448072246531,0.0,CD8_Tcell
236.15161060302793,-217.73263326298786,0.0,CD8_Tcell
-158.26334076464622,139.87460172157654,0.0,CD8_Tcell
-202.01442754242768,326.64934874995504,0.0,CD8_Tcell
245.56471942918324,10.780318844296103,0.0,CD8_Tcell
331.6063995380573,-78.79791324888352,0.0,CD8_Tcell
-283.3049900957924,-89.69030290449346,0.0,CD8_Tcell
102.08436566241453,-306.61916549868965,0.0,CD8_Tcell
269.9003414721196,-85.21974826664999,0.0,CD8_Tcell
253.23164936699024,-291.9359546984384,0.0,CD8_Tcell
-252.9657790891998,290.4519029039698,0.0,CD8_Tcell
-318.632566603452,-20.630995542281312,0.0,CD8_Tcell
-84.76677395414788,291.9210498355692,0.0,CD8_Tcell
-329.1301434821262,77.07922188588431,0.0,CD8_Tcell
-93.73189487644143,348.7553437201042,0.0,CD8_Tcell
366.19495828844487,-46.28474266697018,0.0,CD8_Tcell
180.80251833701232,321.38564995786254,0.0,CD8_Tcell
34.0870018051178,233.88975533227543,0.0,CD8_Tcell
184.38819574689916,319.2529998311981,0.0,CD8_Tcell
-37.951090368222964,-241.91756504095034,0.0,CD8_Tcell
-112.29686232091412,346.70978348784956,0.0,CD8_Tcell
92.81977506200819,-303.0151036412064,0.0,CD8_Tcell
-312.86896663604335,-206.3918168715199,0.0,CD8_Tcell
136.98611938918083,364.5730299994248,0.0,CD8_Tcell
-185.55652322849522,103.12680458029944,0.0,CD8_Tcell
121.6730206090541,-279.193280454629,0.0,CD8_Tcell
193.18148749372546,-175.2957821213843,0.0,CD8_Tcell
-282.59227950494665,-259.6150406881483,0.0,CD8_Tcell
-289.9986962575305,-72.54811066835433,0.0,CD8_Tcell
211.39375813885232,300.38905913211,0.0,CD8_Tcell
258.35386752667984,-296.97489231840143,0.0,CD8_Tcell
-305.2851654603719,-21.53719717720438,0.0,CD8_Tcell
48.68433747727511,310.17492461893676,0.0,CD8_Tcell
387.0337301805838,-15.656971545166392,0.0,CD8_Tcell
67.44193562754644,242.743974448762,0.0,CD8_Tcell
9.890632630095574,-315.4770848414237,0.0,CD8_Tcell
-149.96444431794464,-248.71617858225937,0.0,CD8_Tcell
147.93335327154784,355.3087118009922,0.0,CD8_Tcell
-344.7087182700514,-53.681496682440354,0.0,CD8_Tcell
272.81254027699725,15.746940133663848,0.0,CD8_Tcell
-357.6769380494475,143.35473017255046,0.0,CD8_Tcell
300.8374787151209,-142.50801346179682,0.0,CD8_Tcell
288.94144155958236,-206.93145353697662,0.0,CD8_Tcell
-226.87784635371818,-76.83325482781696,0.0,CD8_Tcell
-95.13251100294572,-322.2859093702789,0.0,CD8_Tcell
206.05111125040864,-243.35770873288806,0.0,CD8_Tcell
164.524833406785,-132.49069108111968,0.0,CD8_Tcell
150.25341254035678,-347.3536822305313,0.0,CD8_Tcell
23.468706942715784,-381.7124195508724,0.0,CD8_Tcell
-20.6447887927394,-249.7016197152904,0.0,CD8_Tcell
-164.08222103630507,-328.6983203778369,0.0,CD8_Tcell
-53.11567010008041,260.3962513307464,0.0,CD8_Tcell
183.139431705949,229.01827482042285,0.0,CD8_Tcell
-272.2236400277438,-292.5746499685141,0.0,CD8_Tcell
313.5848126838732,-192.3316986300867,0.0,CD8_Tcell
-213.16515302110238,36.50821506116322,0.0,CD8_Tcell
-195.1641646391251,261.33514752970495,0.0,CD8_Tcell
344.635939924648,176.87603427910972,0.0,CD8_Tcell
-190.71417946198707,297.01014569781427,0.0,CD8_Tcell
-53.62075119576259,-344.3946549860333,0.0,CD8_Tcell
-346.61468121302477,-117.77265967892477,0.0,CD8_Tcell
-265.2354047046496,271.55635992949266,0.0,CD8_Tcell
182.61195633036917,-335.0504079120716,0.0,CD8_Tcell
169.96103527407556,295.04245794567953,0.0,CD8_Tcell
205.2132789730772,-242.7380446769938,0.0,CD8_Tcell
197.57535910296582,-289.9790396835045,0.0,CD8_Tcell
-97.03388347162668,210.15401678960046,0.0,CD8_Tcell
29.372811260893172,-396.2568036715976,0.0,CD8_Tcell
-264.2701951176188,-287.8176189774228,0.0,CD8_Tcell
-40.96834873595108,-218.50059139508517,0.0,CD8_Tcell
319.54000268051936,154.24226302858943,0.0,CD8_Tcell
202.32585383856485,-168.08987047764796,0.0,CD8_Tcell
365.57796702026224,3.1810032190159503,0.0,CD8_Tcell
-153.50016960137353,145.45540420941143,0.0,CD8_Tcell
217.1175539695199,182.23927755376636,0.0,CD8_Tcell
62.77842724584908,363.82849692565395,0.0,CD8_Tcell
-61.810775757487484,374.59344601120625,0.0,CD8_Tcell
334.29313454296357,133.0204462544719,0.0,CD8_Tcell
-325.2888684122034,-52.49249966770487,0.0,CD8_Tcell
268.5274393171621,-23.150573153327542,0.0,CD8_Tcell
-338.2778061022545,-104.60104895701559,0.0,CD8_Tcell
-282.5586934218196,120.52324023820242,0.0,CD8_Tcell
-169.81589305539873,-244.32580469694813,0.0,CD8_Tcell
-24.31244856735794,-305.07110083567574,0.0,CD8_Tcell
-90.06154608242076,-233.65199667056234,0.0,CD8_Tcell
143.2227213659953,319.2131390562259,0.0,CD8_Tcell
135.1319259577556,-267.28400294240345,0.0,CD8_Tcell
-206.75317992278997,-93.54927941928727,0.0,CD8_Tcell
-165.7751720288124,-354.4829797841266,0.0,CD8_Tcell
33.42285960100082,385.7535965506362,0.0,CD8_Tcell
257.17033486576025,6.143818186479306,0.0,CD8_Tcell
194.5702453883853,332.082499885689,0.0,CD8_Tcell
62.97117138838396,-226.3769283432279,0.0,CD8_Tcell
372.7567845906635,43.11646448195958,0.0,CD8_Tcell
-133.5222810826937,276.5188817185433,0.0,CD8_Tcell
-321.9981392274683,130.80617923954188,0.0,CD8_Tcell
-212.84776504372007,155.19861892776794,0.0,CD8_Tcell
318.0483995658415,125.23837590188455,0.0,CD8_Tcell
275.5601084747109,-136.68916313956464,0.0,CD8_Tcell
-198.98478972717555,153.22712959180066,0.0,CD8_Tcell
-249.42344643154,-210.37799880815186,0.0,CD8_Tcell
-358.1450091316118,-154.99386936797663,0.0,CD8_Tcell
265.6931938515882,210.12316491118165,0.0,CD8_Tcell
-62.26410634433333,-192.41959702456128,0.0,CD8_Tcell
-308.1473211076945,70.87064804458429,0.0,CD8_Tcell
291.22852176142527,-39.29764539170367,0.0,CD8_Tcell
-208.9449828243091,-159.526647293243,0.0,CD8_Tcell
52.470317722420916,305.3348158859678,0.0,CD8_Tcell
230.8349392398193,-263.1673316672432,0.0,CD8_Tcell
-249.0333132541418,93.31731934428659,0.0,CD8_Tcell
-70.52686318738206,301.41446993260286,0.0,CD8_Tcell
193.51525114359424,315.05665584878244,0.0,CD8_Tcell
131.5569602747442,236.18962336034943,0.0,CD8_Tcell
195.96564135059177,40.96736246897627,0.0,CD8_Tcell
222.53423856174913,-10.33783447773047,0.0,CD8_Tcell
-307.582879844511,243.76289434840328,0.0,CD8_Tcell
-273.2066835112551,282.6790805555401,0.0,CD8_Tcell
392.7610387233183,23.04036742532752,0.0,CD8_Tcell
44.611557267139474,-225.53173638774138,0.0,CD8_Tcell
39.020338133539134,-341.5423977180587,0.0,CD8_Tcell
-267.05818024746804,-124.86218302912425,0.0,CD8_Tcell
-165.82448073022337,-358.923217037318,0.0,CD8_Tcell
113.69317907869737,269.0527514361115,0.0,CD8_Tcell
-291.9976067220115,-81.40379565705834,0.0,CD8_Tcell
-40.04994666334293,-313.25949133181615,0.0,CD8_Tcell
-6.016855995991562,-315.6485421376005,0.0,CD8_Tcell
270.46705852196715,-244.22009399543848,0.0,CD8_Tcell
172.84543976869682,-319.4084081386351,0.0,CD8_Tcell
-20.33138229774656,299.5151096423688,0.0,CD8_Tcell
-271.08116043363793,174.85147411382735,0.0,CD8_Tcell
258.80990606818557,235.5793623943975,0.0,CD8_Tcell
-273.19677708458636,-26.658599171311852,0.0,CD8_Tcell
203.8581195078183,-245.68310614112133,0.0,CD8_Tcell
161.4945646931537,266.98094572399344,0.0,CD8_Tcell
-140.1725591081367,163.415621305772,0.0,CD8_Tcell
26.09617425740277,-260.0885358112518,0.0,CD8_Tcell
-237.90907623252593,239.94777850812457,0.0,CD8_Tcell
-108.47414561090952,-330.8275643080609,0.0,CD8_Tcell
-172.66484471768993,106.06962212524598,0.0,CD8_Tcell
-177.08200469728874,-251.11767247818824,0.0,CD8_Tcell
-245.76572390238593,93.44545104589088,0.0,CD8_Tcell
146.86739715536564,357.3576025632574,0.0,CD8_Tcell
237.1908340204566,-306.59198788294924,0.0,CD8_Tcell
28.84098043566978,297.83682461762,0.0,CD8_Tcell
-275.8901661583402,236.5485159547206,0.0,CD8_Tcell
119.77925288829043,-212.311631685924,0.0,CD8_Tcell
210.30172338771462,-44.09613943153504,0.0,CD8_Tcell
-178.35121489433368,93.40775053526755,0.0,CD8_Tcell
-34.32298379601408,-392.027178235742,0.0,CD8_Tcell
21.247591440730915,-252.63704837323544,0.0,CD8_Tcell
395.8942172805273,7.482057666043262,0.0,CD8_Tcell
16.88146440037917,358.7488832121277,0.0,CD8_Tcell
-4.226958955395396,283.7725103949443,0.0,CD8_Tcell
-204.80757805463946,-21.09812316644598,0.0,CD8_Tcell
257.3846995455356,-217.95960578678125,0.0,CD8_Tcell
-337.49451257800797,-147.681139163455,0.0,CD8_Tcell
-214.07355266559463,194.1945195411447,0.0,CD8_Tcell
-320.44271516997384,-49.02139827113603,0.0,CD8_Tcell
232.3962555344968,-141.66373362752685,0.0,CD8_Tcell
199.62657233473558,47.117803291089274,0.0,CD8_Tcell
61.51877869121717,-222.43388237047373,0.0,CD8_Tcell
-336.51735740810676,-156.21238224542194,0.0,CD8_Tcell
-254.56792511851447,-128.50473526666383,0.0,CD8_Tcell
94.08791783060741,337.0200233974777,0.0,CD8_Tcell
-210.64371586008434,-242.58731257050596,0.0,CD8_Tcell
49.984606670008006,-232.67274465048862,0.0,CD8_Tcell
34.33568468402196,-324.3893435401116,0.0,CD8_Tcell
222.49895730767264,-126.96756999905581,0.0,CD8_Tcell
-96.24025622416154,338.31875646582097,0.0,CD8_Tcell
-314.47148844716804,224.05002665069242,0.0,CD8_Tcell
-152.0173637893387,-134.95596219255108,0.0,CD8_Tcell
-156.37147719690506,-367.8183677989295,0.0,CD8_Tcell
-367.55890415752816,82.1569302225755,0.0,CD8_Tcell
27.852080950608535,-328.91010139980926,0.0,CD8_Tcell
368.72294084488533,-96.20404504264779,0.0,CD8_Tcell
-368.45117272519076,-116.25065580145984,0.0,CD8_Tcell
-10.90865092746993,244.457862236177,0.0,CD8_Tcell
78.34543702305056,254.55935063651037,0.0,CD8_Tcell
64.66852222883564,-223.1416634391364,0.0,CD8_Tcell
-35.43831283177749,321.71453766567936,0.0,CD8_Tcell
224.30177553129823,-262.49527270726526,0.0,CD8_Tcell
-57.79617490602855,263.28042942865625,0.0,CD8_Tcell
323.8542084508203,206.97910679199578,0.0,CD8_Tcell
-243.67505967865327,-116.57447980115607,0.0,CD8_Tcell
183.97413261325403,301.5207569962083,0.0,CD8_Tcell
99.87180200275151,-228.83190574485565,0.0,CD8_Tcell
-29.17465180713508,-269.61893188958436,0.0,CD8_Tcell
-117.77793501443153,-340.9919447428668,0.0,CD8_Tcell
160.3685166822788,361.3746150014672,0.0,CD8_Tcell
-48.837276578186845,389.9734554340016,0.0,CD8_Tcell
-146.51852271364638,-184.3204430985181,0.0,CD8_Tcell
-42.08225180818806,-241.81883640483605,0.0,CD8_Tcell
20.156254149245182,-380.505363839288,0.0,CD8_Tcell
-288.3221669779821,264.8410250423018,0.0,CD8_Tcell
247.91953387392275,110.40109090084607,0.0,CD8_Tcell
-129.61829823905984,197.97536354039136,0.0,CD8_Tcell
-369.6443486758803,111.00182995518891,0.0,CD8_Tcell
131.79268631856613,337.68805067173975,0.0,CD8_Tcell
-211.98492899406207,217.52983149706785,0.0,CD8_Tcell
-210.3248925735388,-92.65542334950842,0.0,CD8_Tcell
-121.68402560716285,357.3636265226018,0.0,CD8_Tcell
210.1128720098758,-23.655290048154338,0.0,CD8_Tcell
36.5808753824485,226.25121727515682,0.0,CD8_Tcell
57.7621982552729,260.02033900846646,0.0,CD8_Tcell
-387.6445852602839,-96.40656265042931,0.0,CD8_Tcell
89.32346595701483,-368.71402773974603,0.0,CD8_Tcell
-293.99084774691397,-31.95736637562496,0.0,CD8_Tcell
-36.624991977970744,-269.3931010730743,0.0,CD8_Tcell
165.25834101624545,-167.73398017312093,0.0,CD8_Tcell
-240.05570894698613,-173.71829482696415,0.0,CD8_Tcell
306.1448104041864,71.66505152513272,0.0,CD8_Tcell
-68.97055742361414,372.37555017785553,0.0,CD8_Tcell
-214.05984638484253,106.66481288286704,0.0,CD8_Tcell
119.04364304237816,-255.47585365523148,0.0,CD8_Tcell
83.03204486085903,205.47320715350097,0.0,CD8_Tcell
240.3767935594971,-255.7970940380758,0.0,CD8_Tcell
211.09804757082634,292.51726293790045,0.0,CD8_Tcell
155.1644272253044,189.45119283217628,0.0,CD8_Tcell
249.67721242006795,-240.55169444377398,0.0,CD8_Tcell
164.17621790871235,359.6545990620303,0.0,CD8_Tcell
-253.49340585061057,39.604773361158095,0.0,CD8_Tcell
-35.62114320521085,-246.12670070841432,0.0,CD8_Tcell
-381.7606810166924,-22.16071479691989,0.0,CD8_Tcell
-169.2082742006585,334.68917069187484,0.0,CD8_Tcell
-170.15076173440943,-360.60350999372986,0.0,CD8_Tcell
1.8488152823420563,352.1685571385383,0.0,CD8_Tcell
-147.9713515252914,-251.07603652586843,0.0,CD8_Tcell
215.46386831610448,-10.159601380719316,0.0,CD8_Tcell
231.87451343531487,-249.97577422769055,0.0,CD8_Tcell
269.2924787308631,-192.6196095493026,0.0,CD8_Tcell
-242.73143384350806,273.381106682852,0.0,CD8_Tcell
-339.14978459057556,20.450590676852702,0.0,CD8_Tcell
71.34420955440817,266.12601606469156,0.0,CD8_Tcell
115.49256457125003,-334.8856767532312,0.0,CD8_Tcell
292.7307872977448,-112.19029285658274,0.0,CD8_Tcell
-266.0738388031601,-47.009000700834555,0.0,CD8_Tcell
-169.4629999126312,-158.8203040698073,0.0,CD8_Tcell
-10.671280146717422,222.0493174697582,0.0,CD8_Tcell
-256.7516606050937,109.9974497848951,0.0,CD8_Tcell
-103.04347150519324,-227.44685240496818,0.0,CD8_Tcell
-83.89790087479673,-270.34991705912415,0.0,CD8_Tcell
-193.56975186610876,329.6948637257334,0.0,CD8_Tcell
-99.20923178656315,330.3535869247699,0.0,CD8_Tcell
333.5361938505576,195.57976171909579,0.0,CD8_Tcell
175.68511849972958,290.15660029747465,0.0,CD8_Tcell
330.9597721088379,176.30590284170958,0.0,CD8_Tcell
-302.69354031285184,-228.34195450521736,0.0,CD8_Tcell
315.55570249959123,130.50866864715238,0.0,CD8_Tcell
-278.1640907114893,125.09769339828163,0.0,CD8_Tcell
334.23591904108685,72.8928080383632,0.0,CD8_Tcell
266.66634233034216,-244.13563844932833,0.0,CD8_Tcell
-296.23492279500823,-26.116550837479114,0.0,CD8_Tcell
-217.24225888891232,-311.74582177273555,0.0,CD8_Tcell
223.33672397555455,47.64517272176943,0.0,CD8_Tcell
-84.07561438068974,-390.316481094735,0.0,CD8_Tcell
-243.73016591713622,237.23234327651383,0.0,CD8_Tcell
87.48662024048676,-193.82293566992485,0.0,CD8_Tcell
233.04219858744045,-229.0483315584644,0.0,CD8_Tcell
-360.4638836948213,-106.96691781388627,0.0,CD8_Tcell
-311.4273440025931,79.52743381662738,0.0,CD8_Tcell
-254.59435987648087,-88.72755537292203,0.0,CD8_Tcell
-267.62445713623123,188.2687865448782,0.0,CD8_Tcell
-299.26836617300575,100.4665861757295,0.0,CD8_Tcell
330.3273957208631,109.76760008336554,0.0,CD8_Tcell
198.83982437772815,-336.87178234225905,0.0,CD8_Tcell
-184.66240615296283,-160.5828837946155,0.0,CD8_Tcell
4.615493595256773,-345.57039051795016,0.0,CD8_Tcell
-317.69118138639607,-213.79398366611323,0.0,CD8_Tcell
-41.462875534293225,281.0647431487466,0.0,CD8_Tcell
-246.68529658283796,199.68289798300614,0.0,CD8_Tcell
-180.68543677693822,-344.56086193793533,0.0,CD8_Tcell
-334.27400119255987,182.01687548863129,0.0,CD8_Tcell
-238.44545642930007,79.11917229166599,0.0,CD8_Tcell
-344.1987352727526,167.8018487605703,0.0,CD8_Tcell
254.86237961177238,97.66675685416446,0.0,CD8_Tcell
-323.90619463675023,181.79133117926528,0.0,CD8_Tcell
131.61570993850455,354.1124028681484,0.0,CD8_Tcell
369.9733598390449,16.08115465555215,0.0,CD8_Tcell
-71.7902980116956,233.9579828362794,0.0,CD8_Tcell
-291.73430873828306,-70.60429599435597,0.0,CD8_Tcell
-52.264870140396795,380.2901173218876,0.0,CD8_Tcell
-91.34506744528277,277.11657535905357,0.0,CD8_Tcell
-159.12378498581222,329.26833040151746,0.0,CD8_Tcell
251.91670079066975,-191.5662382006571,0.0,CD8_Tcell
-325.60051483780995,96.92149703861458,0.0,CD8_Tcell
245.82369355906766,105.08775352287418,0.0,CD8_Tcell
42.568946030835875,354.26101731100835,0.0,CD8_Tcell
-158.12815613931625,-281.4217463237758,0.0,CD8_Tcell
-214.76704192196618,-94.2818180903819,0.0,CD8_Tcell
341.31649370383036,-87.88748093981607,0.0,CD8_Tcell
-142.4727162331684,-356.2933633412846,0.0,CD8_Tcell
-156.68478434333224,-176.5101148938506,0.0,CD8_Tcell
-362.0294224358694,135.70861285326694,0.0,CD8_Tcell
-199.74175219954543,264.4262448013935,0.0,CD8_Tcell
-219.259809502356,16.28341397657651,0.0,CD8_Tcell
54.35510284141615,-329.4113116999575,0.0,CD8_Tcell
144.30474303737716,-301.6449997040888,0.0,CD8_Tcell
304.0724391765507,121.3914418418021,0.0,CD8_Tcell
288.75136558234203,-180.0915736701728,0.0,CD8_Tcell
-33.29816230960143,280.52843036493397,0.0,CD8_Tcell
135.77470722600788,-315.53207429173216,0.0,CD8_Tcell
51.577683527060884,-386.50375061597776,0.0,CD8_Tcell
-69.81722966405161,356.00733132117824,0.0,CD8_Tcell
336.62881155618726,117.1653996736585,0.0,CD8_Tcell
129.1453069884874,262.80597360196754,0.0,CD8_Tcell
164.95876839905182,-173.2279183273927,0.0,CD8_Tcell
-23.093049482742547,-220.30617928049412,0.0,CD8_Tcell
141.9098346651438,-306.2186077298294,0.0,CD8_Tcell
-206.9575868547397,143.71882161718497,0.0,CD8_Tcell
-279.1142495996618,-225.5375571492491,0.0,CD8_Tcell
-31.25182755212921,-341.79402359756745,0.0,CD8_Tcell
61.330955318656905,-289.47208625051263,0.0,CD8_Tcell
195.96950710251073,-110.84525548998616,0.0,CD8_Tcell
20.64116678398012,-336.63216948097573,0.0,CD8_Tcell
284.79383676221374,-196.66492720554004,0.0,CD8_Tcell
138.5782014053926,-372.5519116546224,0.0,CD8_Tcell
258.72494624135925,-95.63516229918119,0.0,CD8_Tcell
324.6059776411297,149.97221992414526,0.0,CD8_Tcell
199.24547512477744,229.3084524172962,0.0,CD8_Tcell
-35.58054638825508,262.313810084095,0.0,CD8_Tcell
64.56954923620243,-312.2142986419542,0.0,CD8_Tcell
-149.43432145750663,203.43746660112373,0.0,CD8_Tcell
-179.072832126621,206.93454133047172,0.0,CD8_Tcell
-247.53807744214217,-28.302029172951393,0.0,CD8_Tcell
112.3020797734023,-328.58279518974985,0.0,CD8_Tcell
303.63831150714276,143.6378164550801,0.0,CD8_Tcell
256.1049143476185,215.93317061611785,0.0,CD8_Tcell
-235.2590561276476,299.029548677665,0.0,CD8_Tcell
-243.192515904643,240.20328479472101,0.0,CD8_Tcell
161.45703909504698,165.52822585345433,0.0,CD8_Tcell
261.3396104501701,-137.66572302920002,0.0,CD8_Tcell
298.81002088798226,34.12065788166986,0.0,CD8_Tcell
163.82294995921708,-214.41491269986454,0.0,CD8_Tcell
371.5890598257314,139.26379760723214,0.0,CD8_Tcell
-219.8361359135331,-250.37507374846467,0.0,CD8_Tcell
-358.3791047114979,-157.63507483795888,0.0,CD8_Tcell
279.43484866574164,111.13106238911377,0.0,CD8_Tcell
-153.60329467362172,316.2344177579109,0.0,CD8_Tcell
215.01743200222904,199.86504846731586,0.0,CD8_Tcell
-243.69303234871853,34.73100642112436,0.0,CD8_Tcell
-210.7290537470562,-226.45715571616984,0.0,CD8_Tcell
-157.22536410585133,-186.68738188673493,0.0,CD8_Tcell
-211.2508754599273,-255.98783727314964,0.0,CD8_Tcell
-144.52300699832568,-300.2001854755355,0.0,CD8_Tcell
-188.2091489211939,191.6380065587109,0.0,CD8_Tcell
-346.88339104560134,21.694877577954728,0.0,CD8_Tcell
-359.2362041358607,135.85767255326795,0.0,CD8_Tcell
-186.51880910525597,-137.95673733577496,0.0,CD8_Tcell
194.57277541087092,167.42612372733512,0.0,CD8_Tcell
203.69769928991332,-20.5503939921773,0.0,CD8_Tcell
389.9979913813794,44.836289115615834,0.0,CD8_Tcell
233.58983578486067,317.36577564662525,0.0,CD8_Tcell
-333.5000929665679,109.2623114518715,0.0,CD8_Tcell
-173.93255934954186,101.14428548987128,0.0,CD8_Tcell
-191.54108586471423,300.8822332480206,0.0,CD8_Tcell
74.76763486683284,-214.41329150629716,0.0,CD8_Tcell
90.70027232827739,-343.99794971871535,0.0,CD8_Tcell
-161.19323327536245,-293.64276107916106,0.0,CD8_Tcell
-268.4346455954912,-186.3439642078961,0.0,CD8_Tcell
-126.82434519211783,-281.5420067891578,0.0,CD8_Tcell
-283.05291903963416,93.0225069296048,0.0,CD8_Tcell
139.13828186166495,-198.54598527466746,0.0,CD8_Tcell
-380.00386749302623,-37.44601926005431,0.0,CD8_Tcell
167.68499319823104,289.6627157279723,0.0,CD8_Tcell
-361.47480866134464,30.333846835650654,0.0,CD8_Tcell
-145.70787911688987,-194.24517120533181,0.0,CD8_Tcell
248.9393911463226,101.81476845682076,0.0,CD8_Tcell
13.373290095892663,-275.86614802557364,0.0,CD8_Tcell
-177.77610717744227,-351.47540550618623,0.0,CD8_Tcell
212.89708674490453,262.68819946549337,0.0,CD8_Tcell
-198.51501435874715,292.55422210605326,0.0,CD8_Tcell
96.30680397317006,219.23228250645704,0.0,CD8_Tcell
315.45267112488295,-28.135952316811487,0.0,CD8_Tcell
355.6947095568079,-80.90607131226416,0.0,CD8_Tcell
171.4998234665364,217.78885568569515,0.0,CD8_Tcell
-344.131064390879,-135.22388923927227,0.0,CD8_Tcell
-206.03581325489426,-158.56723983016587,0.0,CD8_Tcell
-132.06965631498716,322.7407967842046,0.0,CD8_Tcell
-344.36943710055925,137.4188306663464,0.0,CD8_Tcell
265.3614412337253,63.58075736265667,0.0,CD8_Tcell
-75.27156247593027,341.0154795270604,0.0,CD8_Tcell
-291.0051664983359,-256.0913513323797,0.0,CD8_Tcell
-14.772451020283418,209.77147647608928,0.0,CD8_Tcell
243.03515283046977,-22.317242854170665,0.0,CD8_Tcell
-306.4583118221745,-125.86782111564357,0.0,CD8_Tcell
-294.73442938687793,-85.33493819500579,0.0,CD8_Tcell
204.32026747130527,104.5023020118166,0.0,CD8_Tcell
-19.06669992473789,-270.16905046492275,0.0,CD8_Tcell
-340.3376383058905,26.036484499537647,0.0,CD8_Tcell
-138.10632835076842,234.0940890627832,0.0,CD8_Tcell
55.72531633937699,-277.23155696247585,0.0,CD8_Tcell
217.7599633434443,-164.12547769789205,0.0,CD8_Tcell
349.2246206227492,-175.0469817578623,0.0,CD8_Tcell
-194.68062377690944,-188.8340004870758,0.0,CD8_Tcell
214.37980403535263,288.9534318374445,0.0,CD8_Tcell
-268.11195221776734,214.8578907944162,0.0,CD8_Tcell
-274.5172739044052,-171.0257871196499,0.0,CD8_Tcell
-37.527609948661464,-322.15455163378897,0.0,CD8_Tcell
-388.2550239856763,93.29742484715656,0.0,CD8_Tcell
-87.78596668354668,332.5133581361167,0.0,CD8_Tcell
180.2222577236995,216.15487200479717,0.0,CD8_Tcell
-53.56968150591237,221.70472754019139,0.0,CD8_Tcell
-279.2149699564622,-88.38597129581818,0.0,CD8_Tcell
-32.73416657142382,382.23611629653374,0.0,CD8_Tcell
-199.21074749111273,312.9976317667163,0.0,CD8_Tcell
396.5819956706136,-8.116811638971804,0.0,CD8_Tcell
-227.64021197547032,255.46181714866424,0.0,CD8_Tcell
-7.3169286555222515,-258.8812990264357,0.0,CD8_Tcell
303.4599067698382,-27.766826273559403,0.0,CD8_Tcell
-333.2705376840122,-140.04393783522076,0.0,CD8_Tcell
-265.80181778078673,289.8125263809324,0.0,CD8_Tcell
-186.3614995372326,-235.57739145341992,0.0,CD8_Tcell
13.447327455664174,-307.17608962794236,0.0,CD8_Tcell
-200.6242424649165,-239.3380895417184,0.0,CD8_Tcell
362.72206144752397,115.2786630769565,0.0,CD8_Tcell
68.6776004407548,-356.83531949499314,0.0,CD8_Tcell
353.09876682941996,-103.07642517945037,0.0,CD8_Tcell
170.40275816053293,157.7517872866219,0.0,CD8_Tcell
-200.85906277368946,22.886529121919448,0.0,CD8_Tcell
268.04777463734035,-233.65965332114715,0.0,CD8_Tcell
310.6217913498001,-45.62240577784716,0.0,CD8_Tcell
74.2114558902325,-196.39791009055511,0.0,CD8_Tcell
-279.53127746372735,203.665515150239,0.0,CD8_Tcell
199.72079799168296,276.5054149448494,0.0,CD8_Tcell
-333.2024667686328,55.710875994096995,0.0,CD8_Tcell
-85.14898783257512,-285.4977865430425,0.0,CD8_Tcell
276.06299775957456,-218.7052162325791,0.0,CD8_Tcell
-271.96978956934464,119.45229811531219,0.0,CD8_Tcell
222.66437860853716,279.7276065080867,0.0,CD8_Tcell
-144.92232917273012,310.39912522030846,0.0,CD8_Tcell
192.80250505964105,147.7620511150071,0.0,CD8_Tcell
173.08239522254289,-343.86101576083485,0.0,CD8_Tcell
-312.63725019801353,-34.00498914723088,0.0,CD8_Tcell
91.16181414253039,-386.3275076016271,0.0,CD8_Tcell
-288.00317895796593,236.4880359447081,0.0,CD8_Tcell
-210.1566848993495,214.43031990053606,0.0,CD8_Tcell
123.72026869727097,-166.2328430174471,0.0,CD8_Tcell
204.69052476091895,133.23997500995003,0.0,CD8_Tcell
30.536240272920924,-234.0422327174893,0.0,CD8_Tcell
-202.55890510557657,-229.50317474674017,0.0,CD8_Tcell
310.69855007013575,-186.98114086713224,0.0,CD8_Tcell
373.36097855928017,102.09483041065337,0.0,CD8_Tcell
243.12313690573387,-314.3269376900079,0.0,CD8_Tcell
5.972114023506742,-280.71134993406565,0.0,CD8_Tcell
-115.9903420297509,-202.66473229208134,0.0,CD8_Tcell
199.20687910184628,-291.5814462224382,0.0,CD8_Tcell
-99.12577533502159,215.02675502336297,0.0,CD8_Tcell
-96.01994267707606,-269.8027947753952,0.0,CD8_Tcell
-209.81784328004127,-231.9967343068764,0.0,CD8_Tcell
-232.43995372341539,25.751307636327823,0.0,CD8_Tcell
292.31080512094405,21.00587983107519,0.0,CD8_Tcell
29.751595716834846,-385.65176402408605,0.0,CD8_Tcell
329.01041972530595,90.36053462659358,0.0,CD8_Tcell
-6.184581200283371,-289.071665333913,0.0,CD8_Tcell
12.551561519408502,-389.1546934424054,0.0,CD8_Tcell
302.751313065987,-79.63947883368895,0.0,CD8_Tcell
263.4741411018915,-31.341258954461523,0.0,CD8_Tcell
85.4462581925418,-205.60555163851654,0.0,CD8_Tcell
343.707820712061,-109.20340535933289,0.0,CD8_Tcell
329.691865511721,13.095747612881727,0.0,CD8_Tcell
-355.5680673956214,15.694695503584605,0.0,CD8_Tcell
311.61511382628606,240.00810889320485,0.0,CD8_Tcell
-202.6750214290693,27.793386395286163,0.0,CD8_Tcell
-224.7865037258765,81.18776274843981,0.0,CD8_Tcell
-300.9658950657631,248.72289979783824,0.0,CD8_Tcell
152.8596687591566,-184.71265123729023,0.0,CD8_Tcell
280.2503867991719,-149.81294078331982,0.0,CD8_Tcell
159.78965390371425,-192.8150175303527,0.0,CD8_Tcell
27.18521370718191,-221.69802805976613,0.0,CD8_Tcell
209.8543798740675,-170.63091468782665,0.0,CD8_Tcell
-337.7150874506136,115.52126327310322,0.0,CD8_Tcell
-66.95202055363326,327.9656461183183,0.0,CD8_Tcell
258.2549339387507,94.45319520318033,0.0,CD8_Tcell
304.9941219283408,15.207576455789939,0.0,CD8_Tcell
229.8093189498552,-233.86796956329243,0.0,CD8_Tcell
306.3991711313473,-51.755089330446964,0.0,CD8_Tcell
342.7670068810159,-81.34168551398119,0.0,CD8_Tcell
4.846827164525252,-283.59991531302165,0.0,CD8_Tcell
118.02620745036975,343.7676288186329,0.0,CD8_Tcell
-300.00757016534845,-131.33701619740643,0.0,CD8_Tcell
90.21902098650823,-240.46186798955333,0.0,CD8_Tcell
-98.30938684549378,-234.0402459952563,0.0,CD8_Tcell
-247.6207731426904,246.75356973267202,0.0,CD8_Tcell
260.10391862157127,298.55461795481847,0.0,CD8_Tcell
-164.78302043191528,-226.1306634686296,0.0,CD8_Tcell
388.5821544158257,-71.87173400786438,0.0,CD8_Tcell
-349.3815590899321,59.23798615808925,0.0,CD8_Tcell
67.13980113190586,-361.1069801824399,0.0,CD8_Tcell
308.4902384653593,-218.15601902839944,0.0,CD8_Tcell
60.59973808778844,-247.0954028391389,0.0,CD8_Tcell
-375.8831376817651,13.14459635028204,0.0,CD8_Tcell
-153.70508833646466,252.99055995621464,0.0,CD8_Tcell
41.93152915929697,320.57397924254485,0.0,CD8_Tcell
251.73640954096027,-172.35029185192153,0.0,CD8_Tcell
-107.9803021341908,-374.89816567457524,0.0,CD8_Tcell
176.30574730872382,167.26421461402953,0.0,CD8_Tcell
258.94359633858727,75.30511856614422,0.0,CD8_Tcell
-94.18018187419983,-276.3574368809811,0.0,CD8_Tcell
-190.4520404094605,-287.41780771910777,0.0,CD8_Tcell
217.25919252489422,229.2028930402388,0.0,CD8_Tcell
288.21509923411355,-26.057746973823313,0.0,CD8_Tcell
-266.7497872806767,-62.86818194636656,0.0,CD8_Tcell
-67.5125035340117,389.99952524654634,0.0,CD8_Tcell
33.87124287391245,-207.77995417088547,0.0,CD8_Tcell
251.68864220151465,90.91842431806889,0.0,CD8_Tcell
-357.5669931260247,-126.02288229056617,0.0,CD8_Tcell
-221.97947870055484,-17.174034973717447,0.0,CD8_Tcell
324.9161041311495,-144.08608773950672,0.0,CD8_Tcell
298.2193461179291,-262.90651850545464,0.0,CD8_Tcell
-246.69163533950626,4.601280561848072,0.0,CD8_Tcell
-111.49680089035971,-264.6186669480833,0.0,CD8_Tcell
-291.3603564105307,75.7272941832204,0.0,CD8_Tcell
-15.192531210420356,-263.61363155089487,0.0,CD8_Tcell
32.63774486030908,-198.36628379539152,0.0,CD8_Tcell
-175.58283090585329,340.0902511644916,0.0,CD8_Tcell
-158.8575056805984,-309.967172757411,0.0,CD8_Tcell
-159.0588299795933,305.1768720115033,0.0,Treg
-115.76683148760479,381.7649797649769,0.0,Treg
165.00936148669547,-247.27675611381267,0.0,Treg
-110.82803023532152,209.7634579569512,0.0,Treg
-192.53546365389917,333.87688234012865,0.0,Treg
150.48593349212095,232.86744493592468,0.0,Treg
75.69628837607979,371.10753574288185,0.0,Treg
325.4915782078812,-14.528306973887636,0.0,Treg
-359.9927732291336,-153.5935655181883,0.0,Treg
136.71695044372686,-267.1171675123872,0.0,Treg
51.524889548424,274.7569993114902,0.0,Treg
287.6440363454111,205.06986074032065,0.0,Treg
33.97471007528726,-281.4429189080803,0.0,Treg
147.82111419310974,-139.8882709662168,0.0,Treg
-338.36095934077775,-158.7061869599399,0.0,Treg
-183.73097165160112,-134.96039225083015,0.0,Treg
206.51705769017644,-34.101840629752004,0.0,Treg
-39.4702418224046,-382.3647501864014,0.0,Treg
-69.15067831972489,-332.6352715149719,0.0,Treg
156.39049671528255,-260.02888102457047,0.0,Treg
138.7859083630922,-326.96264758525155,0.0,Treg
-219.03634056581114,-194.27229841215473,0.0,Treg
366.1707393209819,-153.79542775566364,0.0,Treg
-232.44106914686952,176.78388167750083,0.0,Treg
65.53072285432503,284.64301676460474,0.0,Treg
298.59145487730626,-108.83826723547506,0.0,Treg
-202.49532738315304,89.34417128400646,0.0,Treg
-139.67981333035922,-236.89434609153426,0.0,Treg
215.46766387079927,103.83696870428619,0.0,Treg
-27.968110823071314,-302.08023947077106,0.0,Treg
-394.4617641576503,-38.76894367813664,0.0,Treg
-356.2076814172737,-132.8139266158823,0.0,Treg
-197.73941082071914,-116.96828598943911,0.0,Treg
-276.18931159469986,-152.47012459069757,0.0,Treg
356.23189865472773,29.727736529711592,0.0,Treg
-212.23890537911655,270.6356270007509,0.0,Treg
320.5680267342376,-132.46614557133785,0.0,Treg
-224.38480163685833,136.38890554659906,0.0,Treg
14.125925970412567,332.0849640872653,0.0,Treg
315.815922949199,-190.62022979894448,0.0,Treg
-218.2197660178132,194.6749587413774,0.0,Treg
277.6268427830764,-46.775109005162115,0.0,Treg
-336.096847865343,59.1484623598396,0.0,Treg
-140.3702819092949,217.24004915279642,0.0,Treg
273.98297704493564,197.14695403449468,0.0,Treg
114.41234460289748,-367.9828452966487,0.0,Treg
-185.91566314101723,-296.6985336883265,0.0,Treg
267.6412179904736,-216.81556294463275,0.0,Treg
-33.148914368403844,-249.29452385752614,0.0,Treg
-294.74442251640716,123.85108086220552,0.0,Treg
150.7425279350431,170.24974539937904,0.0,Treg
239.46008454676416,131.1934170476268,0.0,Treg
-249.21480467400372,76.55319233123468,0.0,Treg
30.364638812977905,-269.04773987334886,0.0,Treg
285.9788318944413,200.69167698223035,0.0,Treg
167.3136838244894,-300.1127052175277,0.0,Treg
-340.35629984155264,-37.90309495638841,0.0,Treg
-203.9893237136449,-178.06740090402684,0.0,Treg
-233.0431276330771,-97.03792262943487,0.0,Treg
-207.83314426239605,-157.83937629439382,0.0,Treg
49.94948619240429,358.9845698128413,0.0,Treg
13.98560299218303,-343.7315134822722,0.0,Treg
-104.00144178494064,242.65688127769704,0.0,Treg
117.90969568626419,219.66669025908317,0.0,Treg
190.28663726052824,-229.01222911425575,0.0,Treg
-304.6369150180309,-213.88551171161947,0.0,Treg
-350.95133937664434,-21.959726319563103,0.0,Treg
-237.85624638270303,19.469110530976472,0.0,Treg
333.92367959212845,-185.46263494402413,0.0,Treg
-238.747904607723,160.59147976583378,0.0,Treg
71.41309320374069,-375.9377978154661,0.0,Treg
-81.20437929649474,210.12137984517167,0.0,Treg
-132.98428231286437,-334.2876579857457,0.0,Treg
-61.42377904599447,389.22730414240596,0.0,Treg
187.84363765845103,-261.1824455278331,0.0,Treg
-40.929619921679226,-338.35833753395224,0.0,Treg
179.1675643372015,-301.07839806143744,0.0,Treg
333.71722599938465,136.58536547518872,0.0,Treg
-105.47607722238877,-382.7869715458124,0.0,Treg
-82.34017621373184,347.21118669709705,0.0,Treg
140.07147358616095,159.55052166851914,0.0,Treg
41.79210344980089,346.42485649901676,0.0,Treg
150.96959092538492,-170.85337803661739,0.0,Treg
368.6867192136048,37.19846678025164,0.0,Treg
339.37372360884103,-148.44470745342815,0.0,Treg
-327.6053016333317,-169.83939605834166,0.0,Treg
-106.1718108158122,-372.3906450724027,0.0,Treg
91.01298548381885,379.9444187729307,0.0,Treg
-244.78885279084312,-36.23759114429362,0.0,Treg
-58.31070217342175,-260.77868890841984,0.0,Treg
249.7472101488116,-79.81048035787998,0.0,Treg
-337.98698988236424,-5.063820517378854,0.0,Treg
94.17642370482085,321.9958095630999,0.0,Treg
-319.08547555239625,-158.58713387215758,0.0,Treg
-304.59651160996646,-155.04335327197606,0.0,Treg
-1.8326588884805286,-279.6830607170257,0.0,Treg
244.3494584059011,-141.48068929647008,0.0,Treg
34.63961540629628,-232.78022997217826,0.0,Treg
-236.2023236237853,140.55519712065094,0.0,Treg
-91.64166144068827,383.6215693066155,0.0,Treg
-234.5227400523137,182.56918403885584,0.0,Treg
350.4570594268071,-182.1336825730229,0.0,Treg
344.54317449761754,40.920953435465314,0.0,Treg
273.7573984936089,235.2914182663225,0.0,Treg
-347.32101687318806,103.0638245244192,0.0,Treg
-100.50684308223471,373.99447907913145,0.0,Treg
139.48478588678398,-266.64772024207343,0.0,Treg
288.71026839422046,51.05909178058611,0.0,Treg
-247.65760305042983,130.30495448260976,0.0,Treg
120.64058806913604,193.8232410648859,0.0,Treg
-159.0134177712327,137.83861522098613,0.0,Treg
377.5228310938109,27.114262395512537,0.0,Treg
-287.864091968607,100.71571606457654,0.0,Treg
340.789295434918,120.22841961411966,0.0,Treg
173.03724466949856,166.10987693398582,0.0,Treg
-235.83345852881413,-125.18608133455264,0.0,Treg
168.93772146359495,-278.20036622305656,0.0,Treg
244.58124667468604,5.558310692425071,0.0,Treg
-210.24517145394216,235.48218593552187,0.0,Treg
69.717989392411,239.9969579179356,0.0,Treg
-73.34649229415729,-314.2373559838783,0.0,Treg
-218.66536052665757,-68.6878357099708,0.0,Treg
-43.87406795728979,391.64601197001684,0.0,Treg
304.6904835819843,-155.7391921615427,0.0,Treg
119.85982854147971,196.55053447086152,0.0,Treg
282.0766655485322,-46.28610226144504,0.0,Treg
271.708734311196,93.04095575164298,0.0,Treg
-176.76599622766506,150.39305930176548,0.0,Treg
-184.48321242807498,-176.24574141435457,0.0,Treg
-311.76732455621146,-39.17511852785737,0.0,Treg
333.1894536986553,39.410622319880346,0.0,Treg
-189.86115290406747,131.10429955997935,0.0,Treg
-60.03749642562495,198.35970994520633,0.0,Treg
-8.513484621145505,212.21354913097207,0.0,Treg
146.1606741029302,358.45200010475116,0.0,Treg
-121.14938128766023,258.8124263001234,0.0,Treg
-208.18184844055534,63.73857788816876,0.0,Treg
184.81942549200699,188.08033546526346,0.0,Treg
43.81006167223785,-246.40233388129937,0.0,Treg
-221.60940094445047,263.3669768773029,0.0,Treg
56.492769233844555,208.03135614319035,0.0,Treg
349.19635543724945,-168.60386684569494,0.0,Treg
203.265849704104,-248.39337775845246,0.0,Treg
220.45344630055,-313.02646178101656,0.0,Treg
-223.84879573057074,233.4268744816343,0.0,Treg
204.99657407266508,-25.69983301165265,0.0,Treg
313.1393740517381,-153.07685442350135,0.0,Treg
332.75719945137627,-116.4012408217791,0.0,Treg
124.64097840801625,349.55096044200656,0.0,Treg
-158.70188225709813,177.94626937162087,0.0,Treg
229.08963306873264,292.8031372280738,0.0,Treg
218.91604712151863,305.8882132109654,0.0,Treg
-337.5789676680581,-45.31898694022423,0.0,Treg
214.1055022615264,-155.65933021085812,0.0,Treg
282.31574380263396,53.3080831086997,0.0,Treg
-172.25788745721653,-297.2875141268151,0.0,Treg
177.96852191990698,-268.94534645206346,0.0,Treg
194.20684254580064,320.6796205152921,0.0,Treg
18.316332171904385,274.0587651735111,0.0,Treg
-239.12289710412094,-145.38542851919928,0.0,Treg
59.342111214189806,253.1816899573936,0.0,Treg
190.93832447221922,186.0047072521068,0.0,Treg
-237.27363136283552,-62.08659122968458,0.0,Treg
189.1131210253039,-232.53134260102843,0.0,Treg
302.3831412207757,255.70738801603625,0.0,Treg
18.93886003444957,393.54155488369986,0.0,Treg
-259.7724051732069,-269.10466189899887,0.0,Treg
240.12152132245208,-292.43197387231226,0.0,Treg
-43.66088241694425,273.2863135613734,0.0,Treg
-289.2246146439296,-198.56402355471877,0.0,Treg
-153.698401556537,-310.8939030589231,0.0,Treg
-381.76959707384873,-85.20800165118833,0.0,Treg
292.46056489960245,132.3277483310322,0.0,Treg
62.52949439989302,249.92192523189118,0.0,Treg
133.049008805874,205.60035300217027,0.0,Treg
-65.04248085307813,316.581194393939,0.0,Treg
89.50306667929677,217.5878362184481,0.0,Treg
243.32612220782798,-129.0967354650452,0.0,Treg
-382.14549364708483,37.54177880057606,0.0,Treg
82.17522879211778,-262.28172419905405,0.0,Treg
-27.292796038810337,388.5416189688707,0.0,Treg
367.05135776236864,98.90951443806317,0.0,Treg
-341.35461177831854,90.28010655656632,0.0,Treg
183.78293953039076,132.40660504908004,0.0,Treg
-287.8042074663956,-86.37618230478141,0.0,Treg
274.6277215123256,-118.62006680684654,0.0,Treg
178.42982833586606,107.85065372331762,0.0,Treg
-234.0232088633791,57.915920761044546,0.0,Treg
214.3075297102013,-26.148836801953113,0.0,Treg
353.2694943944156,66.3796086350901,0.0,Treg
-284.8330005648835,126.12613108750027,0.0,Treg
264.53717942561667,141.4919159175222,0.0,Treg
221.98681829688311,61.44800741716077,0.0,Treg
72.47819877510196,-285.25611504619775,0.0,Treg
25.776032470481745,-338.9260096906935,0.0,Treg
37.849032776056035,-320.6465588015241,0.0,Treg
218.66646891143284,-41.73958801857157,0.0,Treg
-68.33911873969001,-281.6198613360583,0.0,Treg
114.08866169553933,325.74904153321353,0.0,Treg
-217.10251244963933,-143.8976749628084,0.0,Treg
333.9946480127401,72.80370753661978,0.0,Treg
241.2211959567119,-3.66626025363808,0.0,Treg
-286.3288094893942,-61.01335048220899,0.0,Treg
-0.81667442854574,392.9599677491529,0.0,Treg
-61.4190766540251,-356.18749995383916,0.0,Treg
-291.39683230315575,-58.2460956302264,0.0,Treg
197.39840559653868,-281.23533000126787,0.0,Treg
217.3049122537534,323.97518865943516,0.0,Treg
-44.65650407255149,214.85383469820283,0.0,Treg
90.15892326648259,-334.4229235858754,0.0,Treg
-251.97075129310767,227.2275364132195,0.0,Treg
-282.7701113352282,-265.32852684199264,0.0,Treg
79.95180727345046,-383.0966500062477,0.0,Treg
73.89933522636231,209.29684099507065,0.0,Treg
202.62634509348658,-200.75264857749994,0.0,Treg
-106.90251874923872,227.02790839484453,0.0,Treg
214.53733423419834,181.15766668717825,0.0,Treg
-21.55382209205159,316.0633601059201,0.0,Treg
-162.34159043010015,-223.45445558623234,0.0,Treg
339.9988458091964,-133.9579564144733,0.0,Treg
-261.19176415746824,-271.11995919225984,0.0,Treg
-15.485989895061183,267.17938248124983,0.0,Treg
-259.4878721292662,-113.90367993589918,0.0,Treg
91.38133895002194,-367.11214972336654,0.0,Treg
-345.15623074908154,125.90975272504994,0.0,Treg
-146.10223657439414,188.79829544371708,0.0,Treg
-32.07171767065637,-384.3394588877962,0.0,Treg
-86.90660453998946,250.78787723020898,0.0,Treg
123.79860088581931,243.02209970937002,0.0,Treg
-102.11755354112933,240.17432928376954,0.0,Treg
-320.213815603412,197.85535575770643,0.0,Treg
270.1590379757332,172.4180437021734,0.0,Treg
-202.3418004080011,93.73697101509364,0.0,Treg
182.16769961958795,-315.02294550752845,0.0,Treg
223.51980242548362,140.0505653225128,0.0,Treg
-250.46505206603248,85.61286451697134,0.0,Treg
-191.33726473311395,84.62653445003541,0.0,Treg
-205.64720329439555,117.98021859412069,0.0,Treg
131.08927856665454,-279.9256532340587,0.0,Treg
-5.715375829815537,-209.02750479308304,0.0,Treg
-390.8513689364737,64.01911331855037,0.0,Treg
-361.7609876924106,48.81386704472055,0.0,Treg
-112.90238720884673,-252.16190708736457,0.0,Treg
-340.5561147327918,129.04929073470925,0.0,Treg
-218.63305993003763,-153.50658586310527,0.0,Treg
-67.1589120556478,332.99238531797084,0.0,Treg
156.24822011507626,-291.131823799165,0.0,Treg
268.14163895397905,-23.958754992880095,0.0,Treg
-151.22655263588328,-196.9144389044705,0.0,Treg
43.82926570443877,-288.28546718794183,0.0,Treg
6.185788446969582,-207.83476040626377,0.0,Treg
213.70408497951513,-264.9777250512669,0.0,Treg
-170.35364871567373,188.86847403592319,0.0,Treg
-67.28348546057974,-392.90682903638657,0.0,Treg
-145.0370488906827,-170.1034259513021,0.0,Treg
266.1066664410223,75.69071454247614,0.0,Treg
-151.19510776201344,-177.76367030290274,0.0,Treg
-69.9443802845626,-276.8914492184704,0.0,Treg
-301.4321546149,-196.90892566406228,0.0,Treg
-201.89401749023426,-149.06126946761424,0.0,Treg
-11.415307188111631,296.21844622020546,0.0,Treg
28.69743988321091,308.167970681437,0.0,Treg
111.14836551778119,-291.9250634792272,0.0,Treg
47.62541373302987,-210.74911735247153,0.0,Treg
-327.8482210230836,148.5720099534139,0.0,Treg
176.84795822895342,-262.60542493167975,0.0,Treg
190.4998167232002,-133.01731828406702,0.0,Treg
-216.66507542910236,-141.09434170912647,0.0,Treg
91.02494190408592,376.56341386968865,0.0,Treg
333.86016883468346,55.87059722357418,0.0,Treg
268.2469603817954,-114.82519696117593,0.0,Treg
-185.99580581379277,131.7686591858013,0.0,Treg
206.15449309672985,131.58977830151446,0.0,Treg
205.11920722685548,301.98008573877456,0.0,Treg
-260.18097913074325,94.94681734772846,0.0,Treg
-348.34943096702244,-148.35656147361848,0.0,Treg
-180.1740959535096,-97.08354783494146,0.0,Treg
234.41910266558543,105.17086135554976,0.0,Treg
50.76310177440428,-383.43853276589005,0.0,Treg
227.11893755042297,154.18078588178105,0.0,Treg
231.63579951856266,172.68926838545477,0.0,Treg
182.54111736339777,149.59930736173806,0.0,Treg
260.2606895694198,120.44028539195001,0.0,Treg
60.06709140789846,-277.20542714929707,0.0,Treg
91.95845356160335,-343.7781164464794,0.0,Treg
-267.3962627598146,-57.21336397477464,0.0,Treg
92.89278996487995,-312.91143926516963,0.0,Treg
-291.2129401662359,-262.1576418611988,0.0,Treg
-212.76485884187414,103.0452318672714,0.0,Treg
326.0588102344253,34.443415415117386,0.0,Treg
268.10042109791954,129.82799388619745,0.0,Treg
-369.31078966862634,70.11941855729663,0.0,Treg
-148.11701562879654,-298.73592597972515,0.0,Treg
173.3648077514872,314.0367690578316,0.0,Treg
-235.66048071975626,-299.39261877639063,0.0,Treg
81.66777021892887,388.58125890680986,0.0,Treg
-70.67831252696416,-204.78946945844444,0.0,Treg
259.86859415274193,-263.74244765272437,0.0,Treg
114.06877530855334,299.02132826350635,0.0,Treg
-8.844431105087809,-265.4659692250238,0.0,Treg
-209.90669857118067,122.4669429479694,0.0,Treg
-77.58380133414875,252.24269992883868,0.0,Treg
12.647980797614087,232.8649870787015,0.0,Treg
100.10747983625684,-375.74009763053056,0.0,Treg
105.89920287751812,385.39120984764315,0.0,Treg
247.09631482957738,-152.3851164814194,0.0,Treg
-190.8738278586502,83.69176217817551,0.0,Treg
-342.09973837812146,102.75101871110888,0.0,Treg
-26.96678761077828,-329.88467813488796,0.0,Treg
-244.3825932721932,16.644286123880097,0.0,Treg
-272.9837161290673,-25.55545832786891,0.0,Treg
158.72988901587414,293.3832366749631,0.0,Treg
-304.9238957155856,162.22539681350906,0.0,Treg
-298.4531311750703,-38.08866781131382,0.0,Treg
232.73090466711986,220.00193909014536,0.0,Treg
-120.25722961888128,197.61974665941506,0.0,Treg
-60.01025707740967,369.45975866141214,0.0,Treg
-161.12530053255776,-132.93331838169246,0.0,Treg
-310.9570337915977,215.57038747965035,0.0,Treg
-292.71931740308014,191.19252886842213,0.0,Treg
-168.17631348794725,-228.36589100689395,0.0,Treg
-90.98499254417692,-199.99650189430764,0.0,Treg
70.03814478003078,208.38079749447093,0.0,Treg
78.53384254147413,247.28710612916788,0.0,Treg
-122.64574491647697,369.0572131589047,0.0,Treg
-386.5011199551196,100.93469633467335,0.0,Treg
-251.94730472659825,-196.14516089131843,0.0,Treg
200.43089481265446,-70.5749290346052,0.0,Treg
333.458741637292,-122.64831914606629,0.0,Treg
50.1960226199281,380.8292468053744,0.0,Treg
-296.9891504200821,-49.05116751213753,0.0,Treg
217.94939322518974,158.4294304579408,0.0,Treg
-117.06302788765946,259.22954733997364,0.0,Treg
-58.06820918558415,338.815867321535,0.0,Treg
-68.0509616890141,-243.84194320808592,0.0,Treg
-166.57694150266377,220.21651110281198,0.0,Treg
-262.94997770398635,-255.54676886042773,0.0,Treg
-25.98915548890231,204.09530283247793,0.0,Treg
-79.27827617916434,358.34787702716153,0.0,Treg
-83.69404330728518,315.55988745269576,0.0,Treg
342.1381579191765,-24.654120291542252,0.0,Treg
259.3129481724435,-21.899630203170105,0.0,Treg
142.16936944414104,239.05402249070931,0.0,Treg
246.17597991752066,170.35661989598586,0.0,Treg
252.71644965504285,282.7085662580008,0.0,Treg
-30.781890321172018,-267.79604890957927,0.0,Treg
95.8972500975377,-334.6425921878097,0.0,Treg
-335.920522464879,154.79810621732395,0.0,Treg
-108.55172092258735,222.86820747089536,0.0,Treg
-53.33368213054195,-335.5146805725576,0.0,Treg
-23.10095008107556,-346.3298884054898,0.0,Treg
319.77649717446053,154.12265695848254,0.0,Treg
-209.51700969384092,-256.8957443368072,0.0,Treg
392.05115111660587,20.531085445885196,0.0,Treg
12.851367101592238,-211.0921811682435,0.0,Treg
-226.43022649825403,134.75151348895164,0.0,Treg
-293.27015449230225,-87.74319711095394,0.0,Treg
-271.5459763045977,-251.0854332051716,0.0,Treg
-305.3653440684948,-221.70563418065473,0.0,Treg
-383.14194492929744,75.10634798496906,0.0,Treg
-95.47762824633858,-317.21181811895923,0.0,Treg
-223.7351110413763,26.738611934314427,0.0,Treg
-242.66676698446437,-196.1980175303961,0.0,Treg
177.76530122261272,321.90264784230686,0.0,Treg
252.63720443050164,-230.55654296817076,0.0,Treg
315.2343539681854,227.47270807317364,0.0,Treg
140.84601368617822,-271.2812010601074,0.0,Treg
-130.44226211753852,275.08934332482426,0.0,Treg
113.8825140566875,244.78406290956804,0.0,Treg
-40.76310450704492,-318.0484352058175,0.0,Treg
-278.13198240824295,142.67352559227882,0.0,Treg
-169.36093516929824,-178.88668386708673,0.0,Treg
-222.51023168396728,39.92013884793474,0.0,Treg
-284.18451973814746,-3.2238870285526704,0.0,Treg
-246.29407063168176,-149.42676819441328,0.0,Treg
212.30811308245904,36.4970371609192,0.0,Treg
295.5633972639313,-257.4364502104146,0.0,Treg
308.49440348718105,206.05547796620016,0.0,Treg
134.2526170071329,-315.8772155752395,0.0,Treg
-249.4110539510687,-228.47702940527222,0.0,Treg
283.8746935604471,54.029348712199,0.0,Treg
249.9305547312666,76.7028107159654,0.0,Treg
317.62585978009616,98.27176087050248,0.0,Treg
-68.07155305575932,-222.42333731895036,0.0,Treg
-299.9091419533054,-120.256813567122,0.0,Treg
-224.59883524958852,-296.5507158581302,0.0,Treg
-141.33076122714215,-371.6547948130095,0.0,Treg
185.7741883101482,322.28911935756037,0.0,Treg
139.46889620788292,274.5557756320907,0.0,Treg
-240.46291362234632,-86.54978079784043,0.0,Treg
-198.82092935264015,-261.51129296728465,0.0,Treg
-230.88667849389472,81.11680456707822,0.0,Treg
258.28377678363853,90.21468782209314,0.0,Treg
-67.48677792877297,-227.85052333560503,0.0,Treg
-270.52705678627603,85.3297114094768,0.0,Treg
-210.73043617377894,147.76088597934555,0.0,Treg
-258.1492099013809,-141.29358785679972,0.0,Treg
-226.80406938084587,268.4742616207951,0.0,Treg
231.24955926852326,-136.10856915298532,0.0,Treg
-101.51698146882822,-301.489500432825,0.0,Treg
-264.6662978507937,78.35671474206119,0.0,Treg
163.15906655365072,-192.13121375923885,0.0,Treg
214.98227179381377,-313.12400364761294,0.0,Treg
-182.41181015986973,213.22049570313337,0.0,Treg
-313.40973160645876,-170.6899897143381,0.0,Treg
-381.7637385222815,-115.44415688394916,0.0,Treg
-233.48755242336173,90.11903186598536,0.0,Treg
-224.45853622197004,72.07900327359879,0.0,Treg
-333.39213893171245,170.03504574136355,0.0,Treg
-155.70139004142018,-235.91649509299612,0.0,Treg
19.941797872214302,252.68733841542098,0.0,Treg
227.63312289671495,-7.499407611224895,0.0,Treg
-384.3643780551001,90.49873277490339,0.0,Treg
332.32679896101,-55.412156953100855,0.0,Treg
190.54412863471777,351.62487745579193,0.0,Treg
-26.203721352011,-237.2676280986386,0.0,Treg
-106.98883551631307,-256.4173267659656,0.0,Treg
-166.48767244698936,-169.24936972518347,0.0,Treg
-79.92952746171399,210.5123313788968,0.0,Treg
-101.54163482685404,-219.03351374481514,0.0,Treg
-199.30881171702578,-305.7729672090798,0.0,Treg
150.10474639006077,290.3874922678977,0.0,Treg
-352.2606731190349,92.96639135933628,0.0,Treg
-16.740617460438667,353.47919435915475,0.0,Treg
-211.89224258605515,167.3350524016451,0.0,Treg
47.777363053722055,387.35669607183456,0.0,Treg
213.17759694728272,94.24243265609574,0.0,Treg
-277.4094848724318,7.21132970260232,0.0,Treg
355.2949768249514,-140.01825162606326,0.0,Treg
324.0661495271474,230.85505562819705,0.0,Treg
195.7477173700098,-284.40851420936514,0.0,Treg
281.8613640093401,88.21567371573755,0.0,Treg
-20.155962391046074,-207.95782274459216,0.0,Treg
-30.787129096339275,-373.112428460854,0.0,Treg
158.60603543175844,-297.5252060795114,0.0,Treg
-105.5161452250926,-187.52506960009364,0.0,Treg
244.308826783177,-123.80096496289771,0.0,Treg
-243.16911263887425,244.28086482674524,0.0,Treg
271.83693773588067,117.04367420882997,0.0,Treg
350.9865418515139,6.3520286946248765,0.0,Treg
-54.573712912580255,309.67775663179555,0.0,Treg
351.59253537614234,91.79707949597625,0.0,Treg
-283.93146336388406,-181.3896707715711,0.0,Treg
167.41987168143365,-183.80378970481445,0.0,Treg
73.55736352373594,219.96537919378972,0.0,Treg
203.76727626314263,-73.71044797395679,0.0,Treg
347.25752561832337,-40.883375793327104,0.0,Treg
-290.8803813876635,-63.27734834055921,0.0,Treg
-374.93715093939045,43.89673632328307,0.0,Treg
300.98977963038976,-8.340645768949495,0.0,Treg
-272.17933026531114,-191.12567596478334,0.0,Treg
340.52575323796486,-29.723754399652247,0.0,Treg
246.7205918351689,-277.0972371499514,0.0,Treg
111.39343517681198,-267.82890026764966,0.0,Treg
-388.6819926168765,-86.90074874212577,0.0,Treg
134.9917315517048,-302.02753186924684,0.0,Treg
16.377887447522447,-315.07189590818376,0.0,Treg
216.8857791325766,225.59327216491,0.0,Treg
-245.6054453741673,-307.0982496125283,0.0,Treg
-80.54685802023195,363.8548693983199,0.0,Treg
22.149200722314614,332.7124952867425,0.0,Treg
5.007754362571947,371.7394807962001,0.0,Treg
258.9347887373947,-140.5710668784745,0.0,Treg
42.982258621615635,359.4230105377664,0.0,Treg
209.1040550061339,-4.598812870656691,0.0,Treg
332.7756322342823,-135.97003628982074,0.0,Treg
-245.07272313468104,-64.85299839778241,0.0,Treg
-381.2776724935337,-13.988617446694121,0.0,Treg
-155.67867176066136,-174.52860627522088,0.0,Treg
-82.60259542930183,240.2579350339533,0.0,Treg
106.7197598953019,-217.40734418589145,0.0,Treg
272.5847608253239,106.21194201325021,0.0,Treg
89.9124375328087,-205.2223886941512,0.0,Treg
-350.8340547389643,26.541283347766292,0.0,Treg
248.65841510603047,-254.92576802887743,0.0,Treg
-29.882338075169322,304.3626127148613,0.0,Treg
-77.64456741129544,-275.0963985314737,0.0,Treg
-73.99767880318478,186.68685168123474,0.0,Treg
-351.7726483800142,91.11589348081456,0.0,Treg
-42.42608882318768,-199.90858453538917,0.0,Treg
-218.82300823536653,145.13959141909763,0.0,Treg
89.06782923231474,225.7016335545216,0.0,Treg
279.0050546602295,114.6169713586393,0.0,Treg
21.975701804873687,278.1095520591624,0.0,Treg
226.95772898833442,-50.243088397330546,0.0,Treg
20.600474436039523,347.30421424039855,0.0,Treg
-246.11638300588086,143.36505688855706,0.0,Treg
-3.958952627469033,-323.6541025675971,0.0,Treg
223.46405690866104,271.1452402326777,0.0,Treg
-148.49363643591164,253.56699353799033,0.0,Treg
92.06009011770608,-196.26214493308495,0.0,Treg
103.09496179849742,-368.8458909587506,0.0,Treg
-243.95114015973536,-114.34493650911644,0.0,Treg
382.6937422686467,-94.76867543476422,0.0,Treg
-134.22868612254507,-227.7249986716633,0.0,Treg
-89.10599302926805,-360.865220755111,0.0,Treg
-94.02258978028682,-186.57598742720504,0.0,Treg
-296.838889139581,-192.98488887968654,0.0,Treg
301.1481291192695,-143.53684228618994,0.0,Treg
34.57769220829907,-322.138536663238,0.0,Treg
183.72960713745277,192.86181387383482,0.0,Treg
-227.70924150688722,281.7092303372888,0.0,Treg
342.34212404100595,109.45084406109521,0.0,Treg
243.47726470271903,-46.34966036241178,0.0,Treg
-148.31852195646715,-296.0381181867832,0.0,Treg
-149.07264412563254,-267.0231706640536,0.0,Treg
144.52794202676583,153.31608604475142,0.0,Treg
-179.59391665321635,-269.4266957139192,0.0,Treg
5.527225759561699,359.77882846318005,0.0,Treg
157.29013109302014,-178.5342711297898,0.0,Treg
-32.20369422790422,277.3780494920008,0.0,Treg
-115.23994143373649,-306.2707317328752,0.0,Treg
186.48946071954995,136.05297544782587,0.0,Treg
-65.04420556793985,305.39785598016,0.0,Treg
56.31792695796649,-339.98893920211566,0.0,Treg
272.89763509414485,-263.24725374958473,0.0,Treg
-74.92364004413302,339.98501904349683,0.0,Treg
200.1795524967325,33.42327423009291,0.0,Treg
-370.9912786860444,32.05077495468903,0.0,Treg
134.04337162174062,-351.5673381248599,0.0,Treg
-241.0953250297693,-125.0861794140395,0.0,Treg
210.56450989448538,106.49909330450522,0.0,Treg
140.00651874304984,329.2861674092934,0.0,Treg
236.36388515642594,-151.9405239421164,0.0,Treg
-223.12044353168403,275.5740167220736,0.0,Treg
239.06392340125637,256.9562735303102,0.0,Treg
-2.422820333460557,243.61862709938518,0.0,Treg
-389.6042784935947,-71.20536124293741,0.0,Treg
150.03488842017214,141.98978975496237,0.0,Treg
233.2844264194497,-230.645866719005,0.0,Treg
263.6340674148049,6.6017674681522776,0.0,Treg
-243.91403277804304,75.0428204794123,0.0,Treg
-290.58085343781516,223.03118002071167,0.0,Treg
-21.68490390064075,-355.0717538988534,0.0,Treg
338.474043793868,142.74642213679527,0.0,Treg
-59.11541627791477,-234.36698679452206,0.0,Treg
153.09735999642166,281.1367210626415,0.0,Treg
-14.757961185578056,-319.9583999186512,0.0,Treg
-111.04873699775271,294.7260671023301,0.0,Treg
54.33674307301245,-270.09522308966905,0.0,Treg
-164.94196898220457,238.47417080221751,0.0,Treg
-357.62943442414814,169.25070313450064,0.0,Treg
252.85486240399544,-189.4123361058016,0.0,Treg
338.47637453746387,173.84845373086722,0.0,Treg
168.67650981921938,-154.5797664841719,0.0,Treg
-245.68723250438893,11.33444921822649,0.0,Treg
350.53943539524886,147.9033612697563,0.0,Treg
326.530746184122,16.574797058561686,0.0,Treg
-293.4526221587365,-220.1331665285146,0.0,Treg
-274.01092299389416,-220.1207475907772,0.0,Treg
118.72373223942785,274.1401984635047,0.0,Treg
315.79878246697564,201.96180870044395,0.0,Treg
196.4113500259836,217.39190619246546,0.0,Treg
79.47479258188243,-282.0076136609455,0.0,Treg
130.10128638128367,160.13380821229345,0.0,Treg
104.53049064674337,248.98451023269263,0.0,Treg
-68.78534343032234,-374.34558113104055,0.0,apCAF
-133.58499805189538,187.52113126101955,0.0,apCAF
-74.69855338011021,-344.59847838507994,0.0,apCAF
116.6168864725657,-316.3735913003448,0.0,apCAF
-378.9468149371649,101.07299533326423,0.0,apCAF
-246.52887723114935,66.80498406315775,0.0,apCAF
332.62921404322486,69.80267726919608,0.0,apCAF
-59.855973688265344,371.89921991672543,0.0,apCAF
244.93625662077415,-60.139788338304506,0.0,apCAF
-0.14309505991350796,366.18315657757324,0.0,apCAF
-242.3077162586616,-25.58815529745753,0.0,apCAF
353.700823815213,104.06599096219738,0.0,apCAF
232.97366528155362,-198.40683099851785,0.0,apCAF
