x,y,z,type
-248.13448643343617,250.4556272456857,0.0,CAF
214.11731600480496,266.14398525109317,0.0,CAF
116.37255119610678,-277.47941739275797,0.0,CAF
-86.63231421317363,279.2785488623448,0.0,CAF
318.18096508104685,-5.853124142426425,0.0,CAF
218.2708455012459,178.14565276692954,0.0,CAF
-266.3290997639033,45.35320090330612,0.0,CAF
-36.62950694492254,-301.4087439755234,0.0,CAF
-271.3337215231268,-31.31293437572828,0.0,CAF
385.73452450360736,-50.619219003235195,0.0,CAF
274.7809133834858,-251.551645911211,0.0,CAF
332.4204174919266,-26.45476741039733,0.0,CAF
329.5717911233271,106.6118403937495,0.0,CAF
161.1353806725631,298.99076846544233,0.0,CAF
-90.91535290940215,267.4562165507155,0.0,CAF
-210.1692501680848,182.4941105113484,0.0,CAF
217.50036933711417,104.52980164641659,0.0,CAF
-81.24987796352647,-294.2552125799414,0.0,CAF
314.71749506129447,-214.47277207287925,0.0,CAF
274.40976221236383,-269.8256862017598,0.0,CAF
-226.75770357603054,-262.704498961623,0.0,CAF
-45.82347434675121,312.6532182791569,0.0,CAF
217.5515570412851,201.33186334828915,0.0,CAF
109.9570308866762,345.3731808662013,0.0,CAF
357.300431370129,8.293725794001935,0.0,CAF
68.58456502283458,290.8569739956818,0.0,CAF
181.18724549774774,-96.32611517861255,0.0,CAF
-336.0928867971082,28.426891828401534,0.0,CAF
-130.80521871765797,-318.23078755283404,0.0,CAF
-104.08511653116686,271.3025860901617,0.0,CAF
-229.66998843291927,-42.255351386666355,0.0,CAF
172.50404957554366,250.3921459928315,0.0,CAF
-382.1186311424461,-7.423084142727259,0.0,CAF
195.3043711299296,-70.86552802294625,0.0,CAF
230.17733993110508,139.8711935894583,0.0,CAF
224.8390572431471,-252.021584735411,0.0,CAF
251.87210624738884,272.76072364086974,0.0,CAF
-282.0398612439612,-117.02059479398216,0.0,CAF
-135.89812461261238,-284.382580191906,0.0,CAF
96.5703545698078,295.70299430017724,0.0,CAF
-310.13741283583573,25.345588545105425,0.0,CAF
-334.9174672601907,132.3098656846419,0.0,CAF
-306.2161719335649,-154.62800813959626,0.0,CAF
-226.765241149644,36.71879521740557,0.0,CAF
-284.842104963706,215.7601974841881,0.0,CAF
134.9469167827435,-282.54398276269796,0.0,CAF
-154.74127468237845,-137.56558423068543,0.0,CAF
-87.37497771453988,-278.58941721046006,0.0,CAF
-224.29309856095637,-44.56557756549809,0.0,CAF
101.13976036379636,327.7753501995625,0.0,CAF
273.14743456016,-213.56462643063236,0.0,CAF
229.76432364290525,38.8198658959376,0.0,CAF
211.12417419956193,319.6004881108879,0.0,CAF
-108.10809809732584,179.998902039741,0.0,CAF
186.88284774119117,-309.0247260368825,0.0,CAF
-193.80001164484656,58.82581411096118,0.0,CAF
191.24124416607384,207.18432588539332,0.0,CAF
357.8559669346893,-24.50897004064206,0.0,CAF
-320.2213309728405,-121.18656249505696,0.0,CAF
258.42493341327594,47.16689175154126,0.0,CAF
-97.71606167520304,-348.9537229154587,0.0,CAF
-68.34822551426092,-375.58713942043295,0.0,CAF
99.29208461127911,-217.22271856735048,0.0,CAF
248.91498870450494,2.270362131835639,0.0,CAF
-182.22813063539584,295.2910707384162,0.0,CAF
-237.04745539554682,-231.3005827308566,0.0,CAF
135.80762727603056,-361.66691411798377,0.0,CAF
48.796193576626955,-367.1668611242786,0.0,CAF
-137.7948392540611,-320.80348473903234,0.0,CAF
-169.44379155556362,-294.1749140522715,0.0,CAF
88.6654742690887,-188.94363798345543,0.0,CAF
22.956483596372713,272.6251552976427,0.0,CAF
368.3023360319704,-79.5965184861916,0.0,CAF
-265.39532606387496,-256.039529414601,0.0,CAF
363.3806379824283,13.353999080714665,0.0,CAF
204.8762553305142,252.46158703843065,0.0,CAF
-390.43452263511244,-68.52409425852788,0.0,CAF
281.7920562408142,-158.50146538251175,0.0,CAF
-233.92538846522888,-12.92746128094734,0.0,CAF
67.52869704092022,261.70624423134177,0.0,CAF
337.328437264443,-159.26314362409855,0.0,CAF
-65.44550043726446,284.22558615329257,0.0,CAF
-348.8658251297186,51.80855203718556,0.0,CAF
-307.1629176054488,-118.14086242117143,0.0,CAF
-23.260640266478394,223.26455121019845,0.0,CAF
-238.81266895755329,-270.5658372039555,0.0,CAF
-95.93830829263094,-350.2136875230867,0.0,CAF
-97.35635328888189,238.8643658606388,0.0,CAF
273.3594137340207,-10.765719065800885,0.0,CAF
12.140326439115382,271.571228442971,0.0,CAF
-68.3248416646369,237.84271394456752,0.0,CAF
111.78202466556534,229.64677008791125,0.0,CAF
-339.343229695845,-210.0324690209579,0.0,CAF
-360.5413681277367,44.259652253304914,0.0,CAF
286.5489266897156,-52.28982947248478,0.0,CAF
98.11772572727938,-212.16807234501726,0.0,CAF
313.0724981954363,-198.61876670070845,0.0,CAF
-116.08431578665233,-179.14456322437562,0.0,CAF
178.34654950993828,102.760095813045,0.0,CAF
77.56940155715051,372.4330305952992,0.0,CAF
115.46396860052599,256.245646928755,0.0,CAF
331.54449332086017,-153.21158490631504,0.0,CAF
-92.96311080517862,-191.66170937142707,0.0,CAF
191.5055900216449,-157.24885944551252,0.0,CAF
128.01398420130127,-238.112422043149,0.0,CAF
320.9020128971786,-25.583321618161584,0.0,CAF
28.098938844888398,-224.1183520761124,0.0,CAF
396.41661023821945,45.26121742271037,0.0,CAF
52.239238171293174,376.13515509081253,0.0,CAF
218.80722074403738,-218.5010599397314,0.0,CAF
-207.86405021472808,-11.15191494865286,0.0,CAF
202.33733538213056,-308.42528550197255,0.0,CAF
25.547514981418864,287.48257852854164,0.0,CAF
-127.21365648883659,351.4729415943394,0.0,CAF
94.97385646821836,257.93402753053834,0.0,CAF
-119.29463524180724,-237.41730825301326,0.0,CAF
267.36315550354567,153.99208730642712,0.0,CAF
-57.52878579424233,313.05550940974035,0.0,CAF
148.98264261579328,-319.8541176540378,0.0,CAF
40.174177419787284,-327.9563396264638,0.0,CAF
-368.83703417649804,-96.56960587796185,0.0,CAF
63.530784638076526,206.6268328555374,0.0,CAF
234.05616124722496,269.698494761396,0.0,CAF
273.49210408611293,-50.68147513343193,0.0,CAF
208.53191781512118,337.57814627837433,0.0,CAF
253.48749937952286,270.70937104208224,0.0,CAF
-285.6616574641342,-26.755154746941475,0.0,CAF
-331.98354139278354,-93.79459286784733,0.0,CAF
-0.8642728107569543,-207.93876297911984,0.0,CAF
103.23508616610958,364.1691911677914,0.0,CAF
-252.1958919138564,-36.69562842100413,0.0,CAF
-131.99568460264604,210.78785108082627,0.0,CAF
86.3710924258463,-320.05107673610917,0.0,CAF
-150.53740644876066,263.21132300060304,0.0,CAF
258.1054448293005,247.0262340218878,0.0,CAF
355.3770124248865,-127.87364736668121,0.0,CAF
328.5788633987797,-132.6865595445747,0.0,CAF
-157.01869874391977,151.1484777412366,0.0,CAF
348.0244965251925,170.77119246753708,0.0,CAF
84.89692730024524,-196.66956618666728,0.0,CAF
326.01524644111873,-198.26399550793107,0.0,CAF
-30.800216609943188,-370.2353178486198,0.0,CAF
124.50614956901717,316.6210117275268,0.0,CAF
-203.35901073234288,-24.947920051890613,0.0,CAF
-373.56221596159713,61.05284144620308,0.0,CAF
-225.15491992423745,236.18674542305723,0.0,CAF
-359.8288075951697,-169.51081498329546,0.0,CAF
-255.64894122338342,-213.37434381386205,0.0,CAF
226.19640260260599,102.88793224438488,0.0,CAF
374.6454881687766,-63.44987564294518,0.0,CAF
9.521334918747659,298.7712874217501,0.0,CAF
192.61867046770965,106.01871524557164,0.0,CAF
156.59917128898527,-260.4171797063244,0.0,CAF
129.2640155169684,-285.04822384098827,0.0,CAF
-217.24428910069295,26.1620013236972,0.0,CAF
-7.230632443165551,358.4469183176305,0.0,CAF
-197.4705154921599,-86.00842796517564,0.0,CAF
181.95232398339397,-110.43610996945984,0.0,CAF
-364.8997883994261,70.17740551489742,0.0,CAF
-91.40860259829638,281.59558796055137,0.0,CAF
165.43829628813327,148.52968019618777,0.0,CAF
-43.50477632154814,195.88723379424582,0.0,CAF
12.211809694507881,372.62591960384856,0.0,CAF
-279.4975269412222,-171.14625046394846,0.0,CAF
214.73401820410308,60.19619583224186,0.0,CAF
74.19975634109296,321.2314898340338,0.0,CAF
138.05331542778626,-178.51960930329886,0.0,CAF
233.4918484746357,45.84449423509233,0.0,CAF
39.093989214703825,259.5905408129437,0.0,CAF
-265.71604624198125,-140.69224750774194,0.0,CAF
54.76907267354526,-204.420573317935,0.0,CAF
23.501293290738097,228.7397579566237,0.0,CAF
218.16356265980644,-94.7857955699398,0.0,CAF
-136.09647942814684,-265.88331433887345,0.0,CAF
41.440128792378054,-278.93627687222425,0.0,CAF
-95.49749523198459,-310.2998653325612,0.0,CAF
-274.21205565557494,-221.57991529829945,0.0,CAF
250.91480951070537,253.23009036005902,0.0,CAF
11.278520559695162,-313.60653295896395,0.0,CAF
-259.58265792398635,-2.600836595389119,0.0,CAF
-343.38551440846135,-173.61580004550495,0.0,CAF
153.42649966220333,-273.82835914541806,0.0,CAF
239.52705097290928,-244.4671306086467,0.0,CAF
28.74293494895664,366.28682576019366,0.0,CAF
-72.2691939261904,-339.33633165936624,0.0,CAF
191.7302480023812,198.49955014960102,0.0,CAF
266.8901030484184,149.2592622726148,0.0,CAF
127.30865083080755,355.21871456915864,0.0,CAF
-76.05417434961615,285.5597566179382,0.0,CAF
253.11986392800185,-63.601979869164275,0.0,CAF
-382.2728727733315,-73.6029104009222,0.0,CAF
156.61343689150797,355.4077193933803,0.0,CAF
-17.03814201144682,227.41178550851143,0.0,CAF
-237.36433218830678,-7.005835110923683,0.0,CAF
-158.17626597904524,262.35656209587506,0.0,CAF
243.07153718911627,-156.25362950672906,0.0,CAF
248.18890531633457,129.59378424941434,0.0,CAF
269.8052540874978,24.806189301065967,0.0,CAF
208.92007310232157,31.660336738667354,0.0,CAF
-278.40759155661243,-70.07685947191489,0.0,CAF
124.73966929318894,283.7433786210042,0.0,CAF
246.1091531300677,-3.9814626367070063,0.0,CAF
-120.9149695889734,-307.86788484762656,0.0,CAF
279.60400800033386,210.4047068645402,0.0,CAF
-112.06789863742296,-239.6155636707608,0.0,CAF
-175.4024765108127,342.24346313634675,0.0,CAF
334.8420242171516,43.51073695896643,0.0,CAF
289.1572980353477,214.7459593335284,0.0,CAF
29.092451914585137,-226.69522410202725,0.0,CAF
-31.098953263849264,198.85100904214792,0.0,CAF
387.7620280666677,3.7161056410898885,0.0,CAF
-238.44599328887082,90.83410122876329,0.0,CAF
181.40544011606542,175.60715776791062,0.0,CAF
237.44419354272858,-25.970482266634345,0.0,CAF
-226.3419684253141,-206.53126384625526,0.0,CAF
-282.8574849062182,4.002305281184406,0.0,CAF
228.8249357130016,-162.96714898035395,0.0,CAF
249.08921494302317,-273.60489061058047,0.0,CAF
-186.72603683837144,-162.16680550316642,0.0,CAF
5.0849123957711475,-243.4288185382215,0.0,CAF
-84.4054717587435,258.4288571110508,0.0,CAF
-187.54202539933937,-216.45187599917398,0.0,CAF
-374.3986917595874,137.26184575903147,0.0,CAF
149.65717883380054,370.1397308764162,0.0,CAF
-241.74360046743558,167.25088718880113,0.0,CAF
-324.2374312874434,-194.8449818194506,0.0,CAF
-212.1426982019925,15.744613825491337,0.0,CAF
98.82578718070334,53.485892802427045,0.0,CD4_Tcell
-85.43708270295787,-163.0438133007826,0.0,CD4_Tcell
-116.42751246667693,-140.74705465272805,0.0,CD4_Tcell
124.44288762370277,55.86066129056279,0.0,CD4_Tcell
40.76077282465101,-79.76672726526841,0.0,CD4_Tcell
-144.97714590717834,-109.09851628226062,0.0,CD4_Tcell
-0.7769333959389964,-44.06649835122233,0.0,CD4_Tcell
-4.024620447227254,183.81849489258374,0.0,CD4_Tcell
-115.66856408747671,2.756988946629371,0.0,CD4_Tcell
-79.67027862722088,151.78411875313125,0.0,CD4_Tcell
4.358775612437773,-144.9478289858937,0.0,CD4_Tcell
-96.81479906502385,-146.33345507764662,0.0,CD4_Tcell
-71.88686462427323,-86.56409563005498,0.0,CD4_Tcell
164.32899995489325,98.74062759578513,0.0,CD4_Tcell
155.42426628010355,86.10377481284999,0.0,CD4_Tcell
63.484024994068776,64.45072045159387,0.0,CD4_Tcell
-3.834885197376359,-149.08582960889945,0.0,CD4_Tcell
49.72850195307676,-43.43861979571092,0.0,CD4_Tcell
-53.83400793534145,155.57172019711354,0.0,CD4_Tcell
-90.37270171303712,136.4103786602001,0.0,CD4_Tcell
9.366002534749136,96.11228191353425,0.0,CD4_Tcell
189.9613460782967,-37.581760032982,0.0,CD4_Tcell
-57.46973024855355,165.373589841576,0.0,CD4_Tcell
-54.5385392211713,185.17962710897046,0.0,CD4_Tcell
-110.78495179744806,104.5575772753013,0.0,CD4_Tcell
54.590330673147584,111.13922201101389,0.0,CD4_Tcell
-24.93924394202657,-176.1598325419786,0.0,CD4_Tcell
138.34895823511306,36.619918960729024,0.0,CD4_Tcell
-174.5299360693242,79.899305614999,0.0,CD4_Tcell
8.497992400634411,112.27653244344474,0.0,CD4_Tcell
-173.91796339861756,42.76727269403637,0.0,CD4_Tcell
13.135362301623596,-128.19234068507427,0.0,CD4_Tcell
91.72818701431383,78.20127204316793,0.0,CD4_Tcell
-144.08492815983624,-136.2450690581115,0.0,CD4_Tcell
-71.65618623021658,-129.6132944090095,0.0,CD4_Tcell
145.6362625377248,127.75069158435072,0.0,CD4_Tcell
-22.147614333317765,147.55048848216597,0.0,CD4_Tcell
155.92573648627317,44.82321082323987,0.0,CD4_Tcell
-76.91829901619943,43.208004635485594,0.0,CD4_Tcell
-30.989507109684038,88.4837488738051,0.0,CD4_Tcell
-33.47646126683234,95.80575572789354,0.0,CD4_Tcell
31.061604667407234,92.47100985371408,0.0,CD4_Tcell
24.82066634243466,129.61952832867274,0.0,CD4_Tcell
107.14190811425208,-86.24508599356584,0.0,CD4_Tcell
137.0262114547313,57.70764919033037,0.0,CD4_Tcell
-140.4053488654882,131.943794795921,0.0,CD4_Tcell
49.70953554512352,-59.23614090537779,0.0,CD4_Tcell
79.59987339981883,-89.54399009802997,0.0,CD4_Tcell
-128.31864569465975,-47.272669501459745,0.0,CD4_Tcell
69.82963852637765,83.80290621527449,0.0,CD4_Tcell
-34.77502831973383,12.872788002649482,0.0,CD4_Tcell
107.32249304615816,-55.04026416388769,0.0,CD4_Tcell
74.91912945301002,-63.929019343997034,0.0,CD4_Tcell
116.02248854927797,19.60103442023939,0.0,CD4_Tcell
-55.410698693246054,-188.56214022696184,0.0,CD4_Tcell
-60.247034957412055,60.750292792484764,0.0,CD4_Tcell
40.74517190042419,-103.98324489996186,0.0,CD4_Tcell
-140.40722650932722,52.83319183301466,0.0,CD4_Tcell
88.85434876130283,-34.17738542141608,0.0,CD4_Tcell
-43.246546759062475,152.9788099742119,0.0,CD4_Tcell
12.066229669498847,77.11748908769867,0.0,CD4_Tcell
-111.48820206028827,35.865760623244604,0.0,CD4_Tcell
-22.95271793748489,-21.951606503182187,0.0,CD4_Tcell
-47.314391520704575,-168.61698890143828,0.0,CD4_Tcell
-116.45216246925384,-127.01214103786867,0.0,CD4_Tcell
138.02407610039953,61.01439492993705,0.0,CD4_Tcell
-86.14878344587947,-152.88149159991613,0.0,CD4_Tcell
-130.58945263746844,-81.4158800815647,0.0,CD4_Tcell
-92.34507875962197,36.873362848994034,0.0,CD4_Tcell
-130.55787166736914,-107.38662503242044,0.0,CD4_Tcell
-166.5112609063449,10.008902654041483,0.0,CD4_Tcell
82.43782243782488,47.42217532883038,0.0,CD4_Tcell
111.09442108905519,120.96516965511026,0.0,CD4_Tcell
19.87442280004002,-84.315997483657,0.0,CD4_Tcell
148.3816391538386,18.547143342404798,0.0,CD4_Tcell
-47.73018207676938,98.24880457273915,0.0,CD4_Tcell
-120.80587832449777,-29.427478420240558,0.0,CD4_Tcell
90.86549902075457,111.93064556733206,0.0,CD4_Tcell
63.83777461814574,106.87068320304428,0.0,CD4_Tcell
12.75677782446377,74.3843987195648,0.0,CD4_Tcell
50.87615632050879,-70.62600237545311,0.0,CD4_Tcell
-6.323268892913352,-107.50533798000964,0.0,CD4_Tcell
46.2941224726601,-8.06448069251898,0.0,CD4_Tcell
-164.54485640134362,59.60701058496132,0.0,CD4_Tcell
127.69288988216485,-0.15085689450905468,0.0,CD4_Tcell
80.45615684833271,-77.84705626575139,0.0,CD4_Tcell
36.75869650060257,43.02186558785168,0.0,CD4_Tcell
123.9690784605905,-89.98999929376012,0.0,CD4_Tcell
73.70278961311172,19.912068394998304,0.0,CD4_Tcell
63.25641315319987,23.69186236071599,0.0,CD4_Tcell
35.137272812765055,12.86914982469905,0.0,CD4_Tcell
88.29443531358001,96.40321402264796,0.0,CD4_Tcell
-130.73165166921237,-129.27627564387768,0.0,CD4_Tcell
79.24192405779557,-49.114913056943834,0.0,CD4_Tcell
28.998802123328417,-19.46507091104473,0.0,CD4_Tcell
-48.8990064253696,175.81512962894882,0.0,CD4_Tcell
23.13498188179292,63.01366977228417,0.0,CD4_Tcell
29.656113021337852,-97.44823113916213,0.0,CD4_Tcell
178.72688315241942,-72.60081537217458,0.0,CD4_Tcell
-146.31293401646852,80.80575212017344,0.0,CD4_Tcell
85.88010671853739,16.044497850164053,0.0,CD4_Tcell
-20.44333780881289,-127.8574567701091,0.0,CD4_Tcell
-0.3623846170455756,-145.9269751867955,0.0,CD4_Tcell
-111.00000702807063,69.49300927730091,0.0,CD4_Tcell
33.351515236273436,-18.566550810030837,0.0,CD4_Tcell
167.8998639910394,-50.56500100656066,0.0,CD4_Tcell
-47.53853139112195,-123.88186139713027,0.0,CD4_Tcell
-103.11941442184022,-78.39398666758149,0.0,CD4_Tcell
-82.60239494492475,151.09243213062325,0.0,CD4_Tcell
-133.88670111946215,95.6918679803841,0.0,CD4_Tcell
95.8225381042955,-4.77645409273494,0.0,CD4_Tcell
186.99820501135605,53.33968514867632,0.0,CD4_Tcell
-80.62652373335843,-143.3937888754853,0.0,CD4_Tcell
-31.700794395866396,97.24806818383256,0.0,CD4_Tcell
-14.222760152159967,14.487241185297352,0.0,CD4_Tcell
77.57143465064807,15.222374177557949,0.0,CD4_Tcell
-115.28243969522414,-100.73354633265788,0.0,CD4_Tcell
13.440624403180134,128.16871091919984,0.0,CD4_Tcell
-12.325583867078368,169.35594207441494,0.0,CD4_Tcell
-108.09663128660806,-101.38936752182907,0.0,CD4_Tcell
163.22633776302777,94.59850771725384,0.0,CD4_Tcell
139.50388904737343,111.32700448137324,0.0,CD4_Tcell
110.98744571784597,-42.46819244101299,0.0,CD4_Tcell
-3.9915713225716587,-129.07041603512047,0.0,CD4_Tcell
-155.01137311931325,-31.00173326516259,0.0,CD4_Tcell
40.201811725302,77.93443995334265,0.0,CD4_Tcell
-2.378185620882362,151.96337496378976,0.0,CD4_Tcell
-6.191786011021836,183.4219209809037,0.0,CD4_Tcell
-148.35681828787082,23.700123563382334,0.0,CD4_Tcell
-100.00000768959413,-148.190950953164,0.0,CD4_Tcell
124.80846565354719,137.16554133178752,0.0,CD4_Tcell
-134.71974015450584,-62.023808899958844,0.0,CD4_Tcell
125.04739375837234,-141.42527629372853,0.0,CD4_Tcell
-66.4986572682714,81.8145880059955,0.0,CD4_Tcell
29.256136442013037,191.55837537009666,0.0,CD4_Tcell
-20.372663354471623,179.35272759791948,0.0,CD4_Tcell
-124.62358867327664,86.94289102416444,0.0,CD4_Tcell
-111.96292778535016,-80.86810394663456,0.0,CD4_Tcell
-158.2593987053667,-99.34561054390313,0.0,CD4_Tcell
-88.260480150871,173.88780871916455,0.0,CD4_Tcell
-59.87168696921053,33.84384555364028,0.0,CD4_Tcell
168.51303982694785,-97.5928595090235,0.0,CD4_Tcell
-111.50637346510156,-72.8796280342613,0.0,CD4_Tcell
4.071463697233618,26.58682969335105,0.0,CD4_Tcell
130.64407773708865,30.00788533436574,0.0,CD4_Tcell
-11.572877862417114,-102.80590485505114,0.0,CD4_Tcell
-20.445211226597994,-197.1096302435546,0.0,CD4_Tcell
-148.79678816962604,-76.30955089780758,0.0,CD4_Tcell
-118.23167483082881,-1.7369699137892216,0.0,CD4_Tcell
80.76323672850032,-67.42366595711044,0.0,CD4_Tcell
75.21664633482739,132.2793763412845,0.0,CD4_Tcell
14.642346754300222,-132.86527643798888,0.0,CD4_Tcell
116.62619140677593,-153.70479716555178,0.0,CD4_Tcell
-111.60038036475032,-112.55432613273581,0.0,CD4_Tcell
-47.107287500970834,-155.02376769538458,0.0,CD4_Tcell
34.82239174602209,24.46808315624321,0.0,CD4_Tcell
196.2481280712688,20.853006504641073,0.0,CD4_Tcell
45.84096510103579,-32.8881127766759,0.0,CD4_Tcell
-25.20689281816774,190.0957824298318,0.0,CD4_Tcell
-126.16962195509977,-58.47695162480364,0.0,CD4_Tcell
-113.48977601596938,-123.810079691054,0.0,CD4_Tcell
-80.20242763238556,40.14847991603951,0.0,CD4_Tcell
106.91254737028622,56.229943890734845,0.0,CD4_Tcell
160.33305007772628,-13.72975841387968,0.0,CD4_Tcell
72.63843566655716,46.438799569022635,0.0,CD4_Tcell
-63.86808541530511,188.07266455647564,0.0,CD4_Tcell
90.80102188041076,-84.52285732773497,0.0,CD4_Tcell
-117.31881788918605,-86.15043422011902,0.0,CD4_Tcell
26.560364586918848,-38.840817231027785,0.0,CD4_Tcell
197.84606746947873,16.424151296135562,0.0,CD4_Tcell
13.586216492583397,182.54065426531088,0.0,CD4_Tcell
138.5207879093303,75.98542327237797,0.0,CD4_Tcell
13.884608535840226,-7.9543886289825325,0.0,CD4_Tcell
-30.712690980067936,119.42838903511618,0.0,CD4_Tcell
89.25387729814767,131.77227223717043,0.0,CD4_Tcell
6.681264567904173,168.29016667725986,0.0,CD4_Tcell
145.016694549292,39.52960047615664,0.0,CD4_Tcell
9.424419472902793,-28.474738073103776,0.0,CD4_Tcell
-79.35455798460295,120.51851226311169,0.0,CD4_Tcell
10.894583052789994,-108.28619357837334,0.0,CD4_Tcell
51.73413806066344,113.30119939070283,0.0,CD4_Tcell
-73.65735976800613,56.51474189286376,0.0,CD4_Tcell
129.82376267670995,-65.28697978480842,0.0,CD4_Tcell
59.8568576600109,21.93957373360693,0.0,CD4_Tcell
154.44882926292516,-98.51170159960141,0.0,CD4_Tcell
-75.4433874569343,182.70091952703805,0.0,CD4_Tcell
-118.26460092779193,-20.378455965475375,0.0,CD4_Tcell
36.22982600401819,4.264229073261469,0.0,CD4_Tcell
-164.76887829982888,65.25134127802683,0.0,CD4_Tcell
-126.61881875743441,53.162955305992035,0.0,CD4_Tcell
41.338243225782435,-194.41785232615462,0.0,CD4_Tcell
-41.0768511917579,-184.13071017050825,0.0,CD4_Tcell
141.6069235693314,-87.19719822596612,0.0,CD4_Tcell
-132.0516135823857,1.2952301085153552,0.0,CD4_Tcell
-90.22398817962218,-39.51836398502223,0.0,CD4_Tcell
63.8018571696559,8.87669570323984,0.0,CD4_Tcell
-85.36935977451122,5.770978936941641,0.0,CD4_Tcell
87.35628616651157,-73.15331794355544,0.0,CD4_Tcell
149.23214787876165,-101.7021571280408,0.0,CD4_Tcell
57.652558374868995,-26.79231317994979,0.0,CD4_Tcell
102.84007633691122,158.73728252045373,0.0,CD4_Tcell
156.1135339397205,-106.00011553041361,0.0,CD4_Tcell
-101.95099290518861,-168.71214231210476,0.0,CD4_Tcell
-110.89195608518347,115.83902772284705,0.0,CD4_Tcell
-26.96032309691897,-11.699125874390147,0.0,CD4_Tcell
192.7490338901347,9.415501802319929,0.0,CD4_Tcell
-127.83195637446256,139.12075567400368,0.0,CD4_Tcell
-66.01809436717832,133.9954400302027,0.0,CD4_Tcell
127.78411497168621,-43.297298705382886,0.0,CD4_Tcell
-20.61102815180884,-154.33310728181823,0.0,CD4_Tcell
-18.851292833045203,-90.51318527944416,0.0,CD4_Tcell
-15.572843411989162,189.66394430476595,0.0,CD4_Tcell
-37.773054632452876,29.099175350662865,0.0,CD4_Tcell
33.56041626898663,167.03259800860974,0.0,CD4_Tcell
-1.8403496092661347,132.6425096576537,0.0,CD4_Tcell
-45.5843586057487,114.11872189100134,0.0,CD4_Tcell
32.592744057516256,-166.0033353030607,0.0,CD4_Tcell
90.60936415932842,80.76830491675001,0.0,CD4_Tcell
161.91806155809343,114.59628828453037,0.0,CD4_Tcell
-94.08058028988742,-65.33663326628722,0.0,CD4_Tcell
-34.86795690086659,175.0394909003344,0.0,CD4_Tcell
-12.56015456160813,-122.4309920286669,0.0,CD4_Tcell
-143.27994413256587,-70.5495194418038,0.0,CD4_Tcell
178.37364755171527,-43.83059263505862,0.0,CD4_Tcell
124.26141097015554,47.38808239803446,0.0,CD4_Tcell
189.38560606314277,28.824408652180008,0.0,CD4_Tcell
-81.4782245248985,171.1060608486853,0.0,CD4_Tcell
-71.35707451191378,5.781361692062532,0.0,CD4_Tcell
-55.06495895482041,171.25008650095242,0.0,CD4_Tcell
-41.55676590311651,65.20924388791322,0.0,CD4_Tcell
-58.56479686063354,-178.18279056473412,0.0,CD4_Tcell
-28.956735844348998,39.71917967782549,0.0,CD4_Tcell
9.42020583631781,-171.11750555225493,0.0,CD4_Tcell
136.03073488653718,129.80129596902304,0.0,CD4_Tcell
109.42021272380485,92.48458418194802,0.0,CD4_Tcell
89.13851508052039,127.02620153816433,0.0,CD4_Tcell
-101.7916216699852,-79.64335930632207,0.0,CD4_Tcell
-21.443525930323,107.93436329284224,0.0,CD4_Tcell
-54.42493542777708,186.4212322873397,0.0,CD4_Tcell
16.21443839858711,-159.79026453286158,0.0,CD4_Tcell
-138.77219612596525,50.72896406753231,0.0,CD4_Tcell
-90.94401771545718,89.0568469309659,0.0,CD4_Tcell
-67.37718593958166,-163.44515963477943,0.0,CD4_Tcell
83.1285585768686,-96.50890155202386,0.0,CD4_Tcell
101.83056534516153,-97.70623555444669,0.0,CD4_Tcell
-158.53451433832453,-82.59283867813559,0.0,CD4_Tcell
18.331754378309306,27.672281718258564,0.0,CD4_Tcell
-120.20988916726856,-129.23572474190536,0.0,CD4_Tcell
97.27245893339412,114.71648834451254,0.0,CD4_Tcell
-93.56042192235695,-122.1132522944385,0.0,CD4_Tcell
156.5351734011805,120.45501289674654,0.0,CD4_Tcell
-108.72491618329376,-52.08426028115527,0.0,CD4_Tcell
-56.68559989536632,-37.34977163403278,0.0,CD4_Tcell
154.07859987814322,-63.20344814618356,0.0,CD4_Tcell
-75.05640493711441,-82.91127579008797,0.0,CD4_Tcell
51.096601775205464,-33.27479828181533,0.0,CD4_Tcell
49.091853508733536,-144.9972710654096,0.0,CD4_Tcell
-153.2124400379906,71.8331583512574,0.0,CD4_Tcell
-151.58045394496023,26.868897182553173,0.0,CD4_Tcell
86.52417580985792,98.12599540376627,0.0,CD4_Tcell
42.248834774251044,-137.52093076857824,0.0,CD4_Tcell
124.09035916839935,-2.847612115109294,0.0,CD4_Tcell
-157.0883275958073,-110.16328240546895,0.0,CD4_Tcell
170.83206126756255,70.61031093902696,0.0,CD4_Tcell
51.23836535615803,-188.44255416818166,0.0,CD4_Tcell
62.88284443470895,26.221292766525323,0.0,CD4_Tcell
-114.9417553251764,-148.88164708918055,0.0,CD4_Tcell
-51.62437172057314,-14.073105952584585,0.0,CD4_Tcell
-67.76173085289767,120.03089680958851,0.0,CD4_Tcell
41.58855985490018,-156.8174220054561,0.0,CD4_Tcell
97.6643626339448,-77.62067633519716,0.0,CD4_Tcell
2.2684207939523264,7.694270714833897,0.0,CD4_Tcell
-107.61829475489907,89.33723397101788,0.0,CD4_Tcell
27.8380140486814,124.37299865717972,0.0,CD4_Tcell
-155.77317160871493,-85.5415696117218,0.0,CD4_Tcell
128.91614378281656,-73.67803587466979,0.0,CD4_Tcell
0.9887429717712145,178.34282745535262,0.0,CD4_Tcell
-33.25297414478198,39.508203801437354,0.0,CD4_Tcell
-0.8523530433831686,-128.91342819154556,0.0,CD4_Tcell
126.44916184580737,-85.89498721498184,0.0,CD4_Tcell
107.74247050056802,54.664355379844146,0.0,CD4_Tcell
45.93852501058133,-29.377265896664834,0.0,CD4_Tcell
115.82699229588064,-23.13744412581688,0.0,CD4_Tcell
-119.9637852908347,120.17205096408745,0.0,CD4_Tcell
15.910994816545415,-119.81836313424098,0.0,CD4_Tcell
108.84466117996365,66.9095154012055,0.0,CD4_Tcell
-108.36651736457881,-60.82644826456409,0.0,CD4_Tcell
6.18050141684842,69.38513988817502,0.0,CD4_Tcell
65.03645702590161,158.3028218179866,0.0,CD4_Tcell
-108.95729854709153,100.4334102751203,0.0,CD4_Tcell
72.72719236563815,-175.64831335051466,0.0,CD4_Tcell
-104.79187593531677,19.043259947156105,0.0,CD4_Tcell
-122.2581143361351,132.37230913225704,0.0,CD4_Tcell
-29.186609477971174,-196.22156568141867,0.0,CD4_Tcell
33.005101885407164,81.98085135180082,0.0,CD4_Tcell
-99.79374422195313,8.348197280804108,0.0,CD4_Tcell
103.80349743684654,-164.22354264819919,0.0,CD4_Tcell
154.04702066355654,104.09255665097213,0.0,CD4_Tcell
191.08416392384885,45.663537402877004,0.0,CD4_Tcell
-46.678653262510586,-20.78193074343049,0.0,CD4_Tcell
74.52116753373349,-14.645540732836322,0.0,CD4_Tcell
-51.60881323142249,-92.81583185593453,0.0,CD4_Tcell
51.38619759246684,-62.487712262187365,0.0,CD4_Tcell
-31.51123153901778,74.16169725028575,0.0,CD4_Tcell
-60.250196221362785,64.10970141256007,0.0,CD4_Tcell
122.4232938538002,-122.11684271528303,0.0,CD4_Tcell
180.09979030995336,46.75000807045993,0.0,CD4_Tcell
52.969600146463335,191.76828723063917,0.0,CD4_Tcell
98.36784867468836,-113.01971177712453,0.0,CD4_Tcell
-141.30462712358613,-103.74760117496933,0.0,CD4_Tcell
6.181160611181662,-65.42895449303819,0.0,CD4_Tcell
49.254570127179136,-141.85967568889018,0.0,CD4_Tcell
94.92893219583206,10.925661561221169,0.0,CD4_Tcell
136.2220529539422,101.60804248489322,0.0,CD4_Tcell
85.11962816083339,-152.00591467602686,0.0,CD4_Tcell
-57.49468190379807,141.4530031094426,0.0,CD4_Tcell
103.99527784435321,19.77612022605694,0.0,CD4_Tcell
89.32517586683183,-33.64728724316959,0.0,CD4_Tcell
-80.1660819233583,-120.81170825393554,0.0,CD4_Tcell
-24.09375421230291,98.8963948879907,0.0,CD4_Tcell
63.09395826616171,74.98694885077435,0.0,CD4_Tcell
-85.9097344618001,-76.27851718822754,0.0,CD4_Tcell
8.920075052168277,123.79928459669843,0.0,CD4_Tcell
-86.52871018981199,123.03704822118083,0.0,CD4_Tcell
49.53622357350671,78.02121415712469,0.0,CD4_Tcell
189.9198741071997,0.06537063829200727,0.0,CD4_Tcell
71.76136939845243,139.07088670092287,0.0,CD4_Tcell
190.26673098119363,-20.756051759791124,0.0,CD4_Tcell
14.084137333724177,-141.12984936411567,0.0,CD4_Tcell
67.9476246107986,60.26686314863515,0.0,CD4_Tcell
-21.585617504828424,-99.02807253304657,0.0,CD4_Tcell
31.4070367741025,-88.96935972075838,0.0,CD4_Tcell
48.79766185885836,116.40842983478547,0.0,CD4_Tcell
170.67092176398893,21.957225266082933,0.0,CD4_Tcell
178.31915933100348,-0.18113458915674943,0.0,CD4_Tcell
20.12559058540522,0.0459683974979221,0.0,CD4_Tcell
6.6404718986086095,164.97469201955994,0.0,CD4_Tcell
-34.05537769764049,-157.70243873340812,0.0,CD4_Tcell
1.5554441126742808,184.09481075601684,0.0,CD4_Tcell
7.8852102291440564,165.91494303972618,0.0,CD4_Tcell
-140.87272282992217,-31.32975112539724,0.0,CD4_Tcell
146.4880135194162,73.68656054131809,0.0,CD4_Tcell
176.01443123878008,68.05127579576741,0.0,CD4_Tcell
-4.379232202876724,165.36005313787012,0.0,CD4_Tcell
-181.7599008685406,-1.770064603693543,0.0,CD4_Tcell
86.40271599624548,134.5555428360839,0.0,CD4_Tcell
-115.99094118577494,-137.2350845588925,0.0,CD4_Tcell
16.851306176565718,-106.20937870822961,0.0,CD4_Tcell
-134.84124738479142,93.13580747756015,0.0,CD4_Tcell
-92.46517164942193,-50.44312653832705,0.0,CD4_Tcell
-65.95623782925527,-83.40585635422472,0.0,CD4_Tcell
29.189676895448393,-39.91676866391619,0.0,CD4_Tcell
-32.62931491647221,-56.51170662514758,0.0,CD4_Tcell
192.26072411206252,52.94071614010492,0.0,CD4_Tcell
-50.70731390574384,63.79916942870659,0.0,CD4_Tcell
13.058750994722699,-135.99060504316182,0.0,CD4_Tcell
102.610414357557,-161.36528037268596,0.0,CD4_Tcell
-56.80127630101448,38.53981885033576,0.0,CD4_Tcell
-24.094416796505307,82.0694210371359,0.0,CD4_Tcell
-187.5597217594084,-31.357901254241284,0.0,CD4_Tcell
-126.27813161374834,34.79117804822916,0.0,CD4_Tcell
29.30249032039947,76.7345750108618,0.0,CD4_Tcell
108.94793865831012,-34.88055794035057,0.0,CD4_Tcell
1.8107631756361837,-138.34249242797236,0.0,CD4_Tcell
-2.572744471659201,-168.57388856320466,0.0,CD4_Tcell
110.31876606987908,-50.71152917124932,0.0,CD4_Tcell
-6.862500361116256,181.94345733105456,0.0,CD4_Tcell
-64.03657502263016,-178.3374167245117,0.0,CD4_Tcell
45.082851994853606,110.29302350956749,0.0,CD4_Tcell
-171.76769797725282,66.64483153579097,0.0,CD4_Tcell
146.5527812007594,91.8858052165253,0.0,CD4_Tcell
-94.90763324814492,149.57204157186573,0.0,CD4_Tcell
-6.885636704021323,-2.915197396614128,0.0,CD4_Tcell
-108.48673525130387,142.44013905618132,0.0,CD4_Tcell
-50.83035732860189,141.41439862557164,0.0,CD4_Tcell
-38.45336661270834,-179.94162010966284,0.0,CD4_Tcell
31.129059815143858,3.5928196096685765,0.0,CD4_Tcell
67.76511771318408,-128.5565563351161,0.0,CD4_Tcell
17.462985220010854,27.261406537495876,0.0,CD4_Tcell
98.37876042348294,-171.96168534758672,0.0,CD4_Tcell
-198.53827873911604,9.248955268955354,0.0,CD4_Tcell
-148.61680019699557,-62.72241348595183,0.0,CD4_Tcell
-163.05772083297154,15.69129135888301,0.0,CD4_Tcell
-77.01430941106437,-20.54494265829601,0.0,CD4_Tcell
-183.3603120819437,21.65368147694252,0.0,CD4_Tcell
105.42507092729252,103.60967288630025,0.0,CD4_Tcell
109.31304774357395,-124.46295655115586,0.0,CD4_Tcell
-193.74441305856035,30.801184707484136,0.0,CD4_Tcell
93.08627117063476,104.17759355023239,0.0,CD4_Tcell
39.87943980731093,-20.4254573774352,0.0,CD4_Tcell
-124.29082455145448,-67.84974174462597,0.0,CD4_Tcell
85.75991255541932,31.994709380352674,0.0,CD4_Tcell
116.77338923415377,58.90423248293935,0.0,CD4_Tcell
37.95722879398915,-27.809416684958727,0.0,CD4_Tcell
89.92974538061539,37.61022024550694,0.0,CD4_Tcell
35.29366390684275,-0.5564527465013445,0.0,CD4_Tcell
-64.13827974275762,-141.95121583887797,0.0,CD4_Tcell
3.257720880915398,87.61396587631437,0.0,CD4_Tcell
65.12482372347641,7.981897560045977,0.0,CD4_Tcell
-108.78491895614728,25.462641495854758,0.0,CD4_Tcell
-75.46146281869575,-169.39399318293601,0.0,CD4_Tcell
74.5623657392409,113.94346495287363,0.0,CD4_Tcell
48.11997743752695,-127.05791980856665,0.0,CD4_Tcell
-156.83034734163715,-66.79140391152049,0.0,CD4_Tcell
-32.75217915977059,156.08829270411712,0.0,CD4_Tcell
148.46269210534865,-4.836978478116642,0.0,CD4_Tcell
166.7951901375993,-87.96332534446549,0.0,CD4_Tcell
-72.89443479478113,185.47397275950064,0.0,CD4_Tcell
-86.9689911573864,157.6734813313544,0.0,CD4_Tcell
-123.49570087738589,105.02992998937887,0.0,CD4_Tcell
-159.0443634797857,60.60569726549019,0.0,CD4_Tcell
-135.87905496278685,-31.671520979735224,0.0,CD4_Tcell
17.592872437378567,57.236617643278656,0.0,CD4_Tcell
-173.476035277872,45.54652751655426,0.0,CD4_Tcell
144.1086937244569,-52.99698120259178,0.0,CD4_Tcell
-74.9403733310418,11.040987190194544,0.0,CD4_Tcell
61.85896703750842,-31.812116663842108,0.0,CD4_Tcell
82.17014354814354,-119.20671144804851,0.0,CD4_Tcell
-29.151946158866387,12.564604409437838,0.0,CD4_Tcell
-20.53196745900824,24.844924106557183,0.0,CD4_Tcell
-98.25285836492489,-130.6607761910939,0.0,CD4_Tcell
29.14254410801991,12.987890765604176,0.0,CD4_Tcell
166.9827195772671,99.65011626314052,0.0,CD4_Tcell
126.34415958695728,-131.60711876338044,0.0,CD4_Tcell
31.837911194054083,8.055679708012038,0.0,CD4_Tcell
-72.9365691065887,16.40715066401167,0.0,CD4_Tcell
-186.7701715607507,-28.839094374104384,0.0,CD4_Tcell
-103.97661391365584,-92.78171159787692,0.0,CD4_Tcell
-136.07442617770508,-32.973378556957186,0.0,CD4_Tcell
-84.26479260238666,-128.29059427118517,0.0,CD4_Tcell
29.429200169500902,-17.476197987647364,0.0,CD4_Tcell
-52.976973664130206,-90.6189873758608,0.0,CD4_Tcell
-33.85079260596336,84.21423546930349,0.0,CD4_Tcell
-76.99480039031799,114.47518308649202,0.0,CD4_Tcell
-9.167656235770966,143.61257103229255,0.0,CD4_Tcell
101.1378061596318,-14.729139871459383,0.0,CD4_Tcell
63.99528239154412,-100.29318901781417,0.0,CD4_Tcell
41.02260500803343,-4.98633220566186,0.0,CD4_Tcell
141.48861198590342,73.21780847372023,0.0,CD4_Tcell
-115.49243082681365,57.534002459652285,0.0,CD4_Tcell
-179.40414273956998,-33.843034126156766,0.0,CD4_Tcell
27.9871974833161,19.33823168675896,0.0,CD4_Tcell
1.919242398559899,-66.35824629711942,0.0,CD4_Tcell
-160.75679198041064,-37.028806116226896,0.0,CD4_Tcell
-20.20822321499817,61.400181298153356,0.0,CD4_Tcell
-121.51490658570613,-72.68011178749214,0.0,CD4_Tcell
136.60230137547666,-70.5951803129213,0.0,CD4_Tcell
112.10042023602516,48.91756273963707,0.0,CD4_Tcell
-3.163745777228846,48.011079395261966,0.0,CD4_Tcell
-101.10653229708845,28.86566364069486,0.0,CD4_Tcell
135.25097020150844,65.2086816267849,0.0,CD4_Tcell
163.04794527936644,27.145080183537242,0.0,CD4_Tcell
-44.19981980797752,-99.55810544868231,0.0,CD4_Tcell
98.25404327163398,31.468671819399525,0.0,CD4_Tcell
109.08403002514224,81.19994282576516,0.0,CD4_Tcell
-56.396806232549324,148.65220376319294,0.0,CD4_Tcell
118.46545125683024,161.12658495834393,0.0,CD4_Tcell
-22.88579004192096,6.209757360354704,0.0,CD4_Tcell
179.46651186480517,-19.435616901445815,0.0,CD4_Tcell
28.893043111985058,51.91258486617415,0.0,CD4_Tcell
-49.64838128994188,-18.435154627820992,0.0,CD4_Tcell
-90.38924065025499,16.98025473010978,0.0,CD4_Tcell
136.00284023432414,-96.62646822170426,0.0,CD4_Tcell
-80.1699108896429,-48.088087859802904,0.0,CD4_Tcell
-22.24395038496723,33.88021142958932,0.0,CD4_Tcell
89.31020192364927,175.24251875864482,0.0,CD4_Tcell
-11.156547800004136,-27.251803074323558,0.0,CD4_Tcell
93.74961429644542,-77.20611508504396,0.0,CD4_Tcell
32.46439889078996,-13.556413955969813,0.0,CD4_Tcell
-55.60338962657193,3.100100656634127,0.0,CD4_Tcell
-146.5323042283132,-86.95646218736525,0.0,CD4_Tcell
17.94388263807343,-164.30178487060635,0.0,CD4_Tcell
-57.558215289023124,-22.962923250683506,0.0,CD4_Tcell
-98.35712924991537,172.6624275903507,0.0,CD4_Tcell
97.64238035614714,148.9958006895486,0.0,CD4_Tcell
122.87892777381691,-75.23993388602277,0.0,CD4_Tcell
72.1905661395962,-10.888212678660112,0.0,CD4_Tcell
-133.81457009362987,108.73506906049435,0.0,CD4_Tcell
-133.17076136292712,-29.384522897359535,0.0,CD4_Tcell
106.55767045654925,5.843207230876863,0.0,CD4_Tcell
-112.49782047803097,-103.98776131348345,0.0,CD4_Tcell
38.61369685615173,-177.41295128467954,0.0,CD4_Tcell
191.99747709020355,-17.056626369270315,0.0,CD4_Tcell
105.25426681824344,-139.53019426590097,0.0,CD4_Tcell
-122.74919931457535,-60.10748791689613,0.0,CD4_Tcell
-46.50487278055596,0.6588376548455538,0.0,CD4_Tcell
-146.05849423684904,-105.65944660835882,0.0,CD4_Tcell
-47.57998427813259,46.530567091109475,0.0,CD4_Tcell
-70.59146222071287,-148.64039914178016,0.0,CD4_Tcell
-116.3603399449538,124.80161859532706,0.0,CD4_Tcell
-94.35425814708702,70.54117723161532,0.0,CD4_Tcell
-54.36891873117875,49.51014292760736,0.0,CD4_Tcell
-160.6884947859581,83.18245440410357,0.0,CD4_Tcell
170.67528907475855,-1.95523354439495,0.0,CD4_Tcell
49.038084371685045,148.76169033666534,0.0,CD4_Tcell
147.55757976669568,-106.37493526992664,0.0,CD4_Tcell
5.139011070828185,157.534165190288,0.0,CD4_Tcell
85.71801783511368,-19.284365042888023,0.0,CD4_Tcell
88.686731191603,21.84530842803591,0.0,CD4_Tcell
137.16332077259466,115.42995431172042,0.0,CD4_Tcell
58.2651114083598,-50.97176471300098,0.0,CD4_Tcell
-132.61048158872103,-102.61365655179665,0.0,CD4_Tcell
-13.677083178742214,164.6172008103447,0.0,CD4_Tcell
63.67092678307019,-46.65088506973726,0.0,CD4_Tcell
-91.0311848739046,60.54024149216985,0.0,CD4_Tcell
-84.18882423747326,-14.703061979156942,0.0,CD4_Tcell
-45.80173903693679,127.53934490989387,0.0,CD4_Tcell
75.17632686744476,-67.50654483743143,0.0,CD4_Tcell
131.4716817292168,-63.77065062458676,0.0,CD4_Tcell
38.72138464399689,156.71569819295837,0.0,CD4_Tcell
61.17626253763255,-69.57680761515722,0.0,CD4_Tcell
-5.418955196924522,148.54262929740813,0.0,CD4_Tcell
-65.21054164041311,-164.72873556716715,0.0,CD4_Tcell
-66.77390779154582,12.843356513130907,0.0,CD4_Tcell
11.833648072694796,170.80397758255333,0.0,CD4_Tcell
23.25559349057096,188.6136670231608,0.0,CD4_Tcell
78.67681381650944,-121.45716701220566,0.0,CD4_Tcell
98.74853685551217,99.25260330599933,0.0,CD4_Tcell
-44.16845107976591,-42.121497547990366,0.0,CD4_Tcell
138.20509575550622,24.012844738638375,0.0,CD4_Tcell
106.4014953427869,-63.25053662134775,0.0,CD4_Tcell
-81.88501210520452,-100.41594021479507,0.0,CD4_Tcell
-7.76109098103274,135.92664047192912,0.0,CD4_Tcell
177.69846989165063,47.8165665512622,0.0,CD4_Tcell
184.79795359598063,-61.60514406088936,0.0,CD4_Tcell
47.601636926544394,90.26550986092963,0.0,CD4_Tcell
-177.9988590385459,-41.045886622437195,0.0,CD4_Tcell
-101.14073858400835,-35.25441054286552,0.0,CD4_Tcell
-41.92414702058418,182.79731193558058,0.0,CD4_Tcell
-3.7953524378164407,147.55240763915307,0.0,CD4_Tcell
3.3533438223743692,119.20223372181671,0.0,CD4_Tcell
181.0530092765179,10.097051297763654,0.0,CD4_Tcell
7.089530084989078,-154.18314566869802,0.0,CD4_Tcell
123.46179060673845,-45.12806489962992,0.0,CD4_Tcell
35.90875731600858,18.691349244719447,0.0,CD4_Tcell
-86.55238114774455,-35.997917424153435,0.0,CD4_Tcell
-173.83627489912269,45.416043846479354,0.0,CD4_Tcell
-19.255365843839627,29.116037655330455,0.0,CD4_Tcell
111.62387106661637,103.06861571148598,0.0,CD4_Tcell
28.010902693808394,68.32672192036564,0.0,CD4_Tcell
-69.4350601237127,15.992763060704199,0.0,CD4_Tcell
102.37332685482708,39.37094237469115,0.0,CD4_Tcell
9.51898993775023,167.64572196981405,0.0,CD4_Tcell
-187.45453697712267,-14.380437807263487,0.0,CD4_Tcell
-46.04323749317275,41.429849174053786,0.0,CD4_Tcell
24.421997095809722,-0.3926247732791177,0.0,CD4_Tcell
-174.29881653804685,-83.42774662303394,0.0,CD4_Tcell
31.82496917527085,-112.91716299534846,0.0,CD4_Tcell
132.87675451858536,13.799477241046354,0.0,CD4_Tcell
-156.83135843753757,-101.28516413219988,0.0,CD4_Tcell
1.6456196986142373,29.521991951676338,0.0,CD4_Tcell
114.3458468753259,-32.33001750336665,0.0,CD4_Tcell
135.20590732397807,-82.48863233368485,0.0,CD4_Tcell
97.14663817286223,123.80674776829476,0.0,CD4_Tcell
34.47666055168476,-31.140002237402875,0.0,CD4_Tcell
3.2420263234344646,41.47981937148586,0.0,CD4_Tcell
-77.4761001185121,38.07606052071108,0.0,CD4_Tcell
-62.595212979079115,149.21147336903573,0.0,CD4_Tcell
192.8307618965492,1.0914224352879502,0.0,CD4_Tcell
-81.95764371587396,55.85186021953248,0.0,CD4_Tcell
-48.825074414638486,52.03488899841808,0.0,CD4_Tcell
189.4355952281694,33.59783950180764,0.0,CD4_Tcell
-11.34517642372407,26.55684296809345,0.0,CD4_Tcell
22.48225768389902,-65.2748570113211,0.0,CD4_Tcell
-19.840665919343188,182.55149057967978,0.0,CD4_Tcell
102.26999487928104,111.34553948668821,0.0,CD4_Tcell
-15.432979893023276,-184.33752345190473,0.0,CD4_Tcell
174.39602327502422,-26.77398444465743,0.0,CD4_Tcell
63.2043384516233,87.97340478978906,0.0,CD4_Tcell
170.7386217048897,69.85779256290071,0.0,CD4_Tcell
16.399666177097984,145.69686765626605,0.0,CD4_Tcell
-163.08560652979824,50.93293975966776,0.0,CD4_Tcell
65.69489895739508,-50.32609962384969,0.0,CD4_Tcell
65.58069798289493,164.11535274508708,0.0,CD4_Tcell
145.79495126973003,46.65177814120078,0.0,CD4_Tcell
13.584148917470769,-10.827659403749792,0.0,CD4_Tcell
-55.93584247713749,191.35354698828337,0.0,CD4_Tcell
46.561439033785845,83.4357347656636,0.0,CD4_Tcell
176.50962336367243,-42.948317418417936,0.0,CD4_Tcell
-25.841344126449513,53.118343796058426,0.0,CD4_Tcell
-150.3885151573176,-19.08336300162391,0.0,CD4_Tcell
-194.83553921143817,-20.810654072422114,0.0,CD4_Tcell
194.57393992200886,-41.0681135707575,0.0,CD4_Tcell
40.15084034848781,12.646693352995262,0.0,CD4_Tcell
-43.723626580658845,116.50481729352438,0.0,CD4_Tcell
63.826807800759966,54.937142086180955,0.0,CD4_Tcell
73.78073023605417,-8.325216763311445,0.0,CD4_Tcell
119.38568420461642,1.2041323263955177,0.0,CD4_Tcell
131.62950760510094,-29.445184997186963,0.0,CD4_Tcell
133.8411549770033,-93.71810202064044,0.0,CD4_Tcell
137.80127293921427,95.0265071941291,0.0,CD4_Tcell
54.32679755360476,-76.89082945435672,0.0,CD4_Tcell
-65.62848128829837,-24.74029622282598,0.0,CD4_Tcell
-140.67169445002781,20.646023912297704,0.0,CD4_Tcell
-112.14364923188512,74.1978789359821,0.0,CD4_Tcell
-181.4251005801801,33.97707380127136,0.0,CD4_Tcell
97.70866775094967,-84.54808256725988,0.0,CD4_Tcell
156.69313883777974,-66.10353141698104,0.0,CD4_Tcell
119.94915022866788,-108.24184927398933,0.0,CD4_Tcell
158.6364526310543,86.31050596281548,0.0,CD4_Tcell
182.46418320624804,80.47102120027259,0.0,CD4_Tcell
151.13060452009518,93.92330959850457,0.0,CD4_Tcell
56.84467112203789,186.30785229644692,0.0,CD4_Tcell
144.5826520330932,-100.15966252868603,0.0,CD4_Tcell
159.14706466559667,-106.12645204307037,0.0,CD4_Tcell
-44.3663098748918,91.33564084439837,0.0,CD4_Tcell
109.22495627662595,108.69251411796395,0.0,CD4_Tcell
-21.310725864739627,146.56095516703002,0.0,CD4_Tcell
86.37537898697536,-84.2085061191931,0.0,CD4_Tcell
-109.06073612767663,61.98073100874457,0.0,CD4_Tcell
104.05454973689149,-48.081734482170944,0.0,CD4_Tcell
48.846494076572576,-138.30516079688218,0.0,CD4_Tcell
-6.065199042459833,-104.26877198258839,0.0,CD4_Tcell
126.01733762706051,26.504974595046324,0.0,CD4_Tcell
-47.168127343897815,131.33531814420797,0.0,CD4_Tcell
-35.511243405076165,-12.978170811233282,0.0,CD4_Tcell
-84.67826969937144,176.10463529939136,0.0,CD4_Tcell
181.67664353147202,41.212335485495636,0.0,CD4_Tcell
-38.80495152443436,-68.00115631964586,0.0,CD4_Tcell
-14.345290541312343,-95.72652000095955,0.0,CD4_Tcell
-40.69036299079626,45.61949072575332,0.0,CD4_Tcell
23.872674840881356,-46.03848371076562,0.0,CD4_Tcell
51.94510613908655,143.93673460591242,0.0,CD4_Tcell
-28.20890149876363,-1.461431774716635,0.0,CD4_Tcell
-15.118364381812306,-86.37469056449478,0.0,CD4_Tcell
109.12648554745414,144.40554246849624,0.0,CD4_Tcell
168.2358519599937,-12.986361270000515,0.0,CD4_Tcell
-169.73409492890912,14.857255121206359,0.0,CD4_Tcell
10.684252376869795,188.36219506385746,0.0,CD4_Tcell
37.636999638143735,-65.91321989407751,0.0,CD4_Tcell
136.98954607319837,-86.5815990626199,0.0,CD4_Tcell
115.71562720085915,-89.12761524918385,0.0,CD4_Tcell
-76.5941536469911,-101.49490607672354,0.0,CD4_Tcell
-130.9095559752939,49.57877947916896,0.0,CD4_Tcell
-53.25705984515787,118.74932797240659,0.0,CD4_Tcell
-127.89218981316822,-13.679720021540666,0.0,CD4_Tcell
-93.10355265767106,111.66041444121572,0.0,CD4_Tcell
-124.72192114884882,131.33148842953014,0.0,CD4_Tcell
-115.96508119776779,47.82433801103011,0.0,CD4_Tcell
22.681260031035787,-144.6164968494174,0.0,CD4_Tcell
-53.205363244880616,170.57332747376228,0.0,CD4_Tcell
-144.53705317405826,22.674295660831852,0.0,CD4_Tcell
-46.45981231884437,-131.9311011781847,0.0,CD4_Tcell
176.1836763062987,-72.4959078343519,0.0,CD4_Tcell
-65.37698501663792,-7.159423234523768,0.0,CD4_Tcell
149.60267589869378,69.49187959232727,0.0,CD4_Tcell
28.372412073879065,-141.70750500966057,0.0,CD4_Tcell
4.289224348095008,-199.0478426034906,0.0,CD4_Tcell
9.157100648578483,16.425437740646135,0.0,CD4_Tcell
50.27800991942162,134.87904839494618,0.0,CD4_Tcell
-2.2468199651529566,-165.71061029540726,0.0,CD4_Tcell
46.59706806733835,149.36067411621258,0.0,CD4_Tcell
36.82243439028535,-54.38321473674654,0.0,CD4_Tcell
-47.238973841979885,39.07170593361553,0.0,CD4_Tcell
3.0108252119086245,-112.081840191351,0.0,CD4_Tcell
-5.036597335788155,-149.9427045749454,0.0,CD4_Tcell
143.62660963172988,82.70191943664923,0.0,CD4_Tcell
113.27652815714097,34.69207177202364,0.0,CD4_Tcell
-6.756800985029472,102.12002723996653,0.0,CD4_Tcell
179.8480111526892,-34.47502710741883,0.0,CD4_Tcell
-12.334217185393456,-34.63735394313434,0.0,CD4_Tcell
4.309596695601845,-178.53952035022408,0.0,CD4_Tcell
-56.52139411712653,167.29300651522888,0.0,CD4_Tcell
168.87688772926083,92.52919328167891,0.0,CD4_Tcell
-115.7466393724629,99.39600554732355,0.0,CD4_Tcell
53.40213110031061,-10.975160964300517,0.0,CD4_Tcell
-26.25110651697636,59.18481714708368,0.0,CD4_Tcell
19.135006519858397,-186.8346048315897,0.0,CD4_Tcell
65.99215088839777,20.297473647195442,0.0,CD4_Tcell
104.53957822396238,37.071933056809286,0.0,CD4_Tcell
171.58118187830195,70.6096119528132,0.0,CD4_Tcell
-51.43090756476445,-36.3417615063748,0.0,CD4_Tcell
110.20332110640139,-22.067473292280855,0.0,CD4_Tcell
13.526336852282727,112.25373376672862,0.0,CD4_Tcell
79.40728270312681,-30.888975318999552,0.0,CD4_Tcell
164.62619562407636,-87.59200936473523,0.0,CD4_Tcell
20.615731770672397,-187.7425009096,0.0,CD4_Tcell
42.07998537272125,173.57519057208765,0.0,CD4_Tcell
-133.89700306364338,-26.941294401316526,0.0,CD4_Tcell
126.06888595429707,-21.335465849376316,0.0,CD4_Tcell
-29.21774068533509,-139.72155623499043,0.0,CD4_Tcell
9.72808300820244,127.68086100855598,0.0,CD4_Tcell
30.51182856184505,157.85601806016197,0.0,CD4_Tcell
-67.56096649340266,51.441246104430206,0.0,CD4_Tcell
-17.89139207693881,-130.278517500456,0.0,CD4_Tcell
-82.75023869860549,18.399217749286993,0.0,CD4_Tcell
4.201684315763196,24.23115094956134,0.0,CD4_Tcell
28.83120244883178,-40.311818801798466,0.0,CD4_Tcell
42.399278957515,153.02435981649433,0.0,CD4_Tcell
-79.22182324933577,-164.05660940494823,0.0,CD4_Tcell
-46.409429209147746,-63.70103530782831,0.0,CD4_Tcell
-106.66277421620376,-15.339933314659733,0.0,CD4_Tcell
-47.600231426845774,15.204819044197121,0.0,CD4_Tcell
54.85132635293855,-43.565816310322724,0.0,CD4_Tcell
4.173339582459364,-197.33127172909866,0.0,CD4_Tcell
-155.3197136913666,123.23479418693553,0.0,CD4_Tcell
-160.39455073663066,-78.19627083910065,0.0,CD4_Tcell
-53.37542637447792,-0.9913062161358908,0.0,CD4_Tcell
10.558014887354918,-171.69897458148102,0.0,CD4_Tcell
-61.45633781311103,187.26048210430383,0.0,CD4_Tcell
-183.63088144280547,-29.747508194863293,0.0,CD4_Tcell
-114.76473780802573,10.340467464210118,0.0,CD4_Tcell
190.74488369923117,-35.92724965746966,0.0,CD4_Tcell
11.056687193003267,-110.66917012956324,0.0,CD4_Tcell
-73.85313504802477,-136.55733618262082,0.0,CD4_Tcell
-101.43071299492375,-104.97431001356344,0.0,CD4_Tcell
-4.402833732948489,-70.94263979129744,0.0,CD4_Tcell
110.36202004148873,88.49702591647709,0.0,CD4_Tcell
-130.8818629671337,-139.34598771661345,0.0,CD4_Tcell
-125.78049107143647,52.15998571428572,0.0,CD4_Tcell
-171.56500070912946,-41.89274332182262,0.0,CD4_Tcell
-69.82157475244999,-139.30626184582695,0.0,CD4_Tcell
33.164036621607906,133.96257752423037,0.0,CD4_Tcell
3.1437740317616396,-73.58583273277391,0.0,CD4_Tcell
-22.351324529451286,142.3837387899975,0.0,CD4_Tcell
-84.41719315582812,-69.3077151683509,0.0,CD4_Tcell
133.01653600276362,116.4490068528179,0.0,CD4_Tcell
134.4537923495423,-12.661757475659124,0.0,CD4_Tcell
-46.812822439418355,114.68141385414971,0.0,CD4_Tcell
36.15321492528377,127.25694290225596,0.0,CD4_Tcell
132.80698687978358,97.10070647155355,0.0,CD4_Tcell
-59.91382443969761,142.33234559678175,0.0,CD4_Tcell
28.137436324964966,72.96290030389704,0.0,CD4_Tcell
86.94868774256985,115.72330141390334,0.0,CD4_Tcell
-63.932294513124404,-103.45832013664364,0.0,CD4_Tcell
-99.5677126645362,-57.09384003586365,0.0,CD4_Tcell
17.32983949638691,46.490026518576876,0.0,CD4_Tcell
-175.18112446039132,-78.02072822752429,0.0,CD4_Tcell
-13.6755247761274,-32.29147994567487,0.0,CD4_Tcell
-156.30255280474717,-110.73016328074583,0.0,CD4_Tcell
68.59788609317212,-158.3726067865232,0.0,CD4_Tcell
-197.2628087981319,-20.35350591320025,0.0,CD4_Tcell
101.86355455827066,92.86832824794593,0.0,CD4_Tcell
34.947848223028494,134.00035327813984,0.0,CD4_Tcell
12.581779051839051,-64.71441136020424,0.0,CD4_Tcell
153.20476860170692,-63.10800770000054,0.0,CD4_Tcell
-179.81493076394176,25.59391346799141,0.0,CD4_Tcell
-41.27623067552239,58.47638197637288,0.0,CD4_Tcell
-117.86316741786014,-136.610132271245,0.0,CD4_Tcell
61.13235454525929,126.6431471763882,0.0,CD4_Tcell
71.92478518683512,162.23150394862142,0.0,CD4_Tcell
-78.86095065462321,-10.575866916879704,0.0,CD4_Tcell
-24.063762676872816,161.73293948554252,0.0,CD4_Tcell
31.55430847136883,-112.24012622595015,0.0,CD4_Tcell
90.58901580099088,-102.98483215906506,0.0,CD4_Tcell
44.689001298146316,168.5949492995629,0.0,CD4_Tcell
74.27639814519947,-179.26501918262426,0.0,CD4_Tcell
39.30896880203717,94.99693118559959,0.0,CD4_Tcell
-110.26772454823258,62.88197398686754,0.0,CD4_Tcell
182.3153289923975,-22.417277318153086,0.0,CD4_Tcell
-42.16933606693852,-64.19140116201031,0.0,CD4_Tcell
-29.761487484098936,-135.60281768347312,0.0,CD4_Tcell
-34.42057168562841,139.1934252109163,0.0,CD4_Tcell
147.11672196977673,106.3610700751145,0.0,CD4_Tcell
127.24581228108286,101.93523071252251,0.0,CD4_Tcell
119.90275102225537,44.22965542348075,0.0,CD4_Tcell
-24.81123979136426,118.4981873990515,0.0,CD4_Tcell
25.110752724049583,172.32160981662543,0.0,CD4_Tcell
-6.194007400054699,-167.5694701278308,0.0,CD4_Tcell
53.57693420198043,-152.71920088303492,0.0,CD4_Tcell
-42.25529323709178,-143.15048738225104,0.0,CD4_Tcell
-193.00250553437263,37.02792380227733,0.0,CD4_Tcell
153.63503703286926,-76.49185404513447,0.0,CD4_Tcell
24.177846555352268,-31.848380363673463,0.0,CD4_Tcell
52.83257893926227,-46.636773270900726,0.0,CD4_Tcell
8.654845992624521,75.30247738224467,0.0,CD4_Tcell
10.222407841018526,-96.22621992991608,0.0,CD4_Tcell
-109.96975337115963,59.492082993355744,0.0,CD4_Tcell
-144.09808973897591,115.53391472926013,0.0,CD4_Tcell
89.37993983416214,-160.04791395693334,0.0,CD4_Tcell
-85.0173208506476,23.33597480890839,0.0,CD4_Tcell
-159.52504894029215,-6.836439179898105,0.0,CD4_Tcell
61.327094627408734,107.31639952409182,0.0,CD4_Tcell
106.35264923751566,-6.820690404372756,0.0,CD4_Tcell
32.87041141306537,-99.76794668921555,0.0,CD4_Tcell
-61.523621201166335,34.49607896019357,0.0,CD4_Tcell
50.477081550537534,-32.97069427210791,0.0,CD4_Tcell
-81.38930299791316,-24.11763945095842,0.0,CD4_Tcell
-111.5450141887412,-156.11129393147505,0.0,CD4_Tcell
0.6642526263960556,-142.9573465082045,0.0,CD4_Tcell
74.23440651333071,121.8001933656412,0.0,CD4_Tcell
-5.785435562849427,31.830476730796388,0.0,CD4_Tcell
6.005358025156167,-140.18472088908902,0.0,CD4_Tcell
45.921769538600124,-113.73981809804482,0.0,CD4_Tcell
-2.3596215274343213,-126.59259243590196,0.0,CD4_Tcell
91.99547850687108,-118.35203960028247,0.0,CD4_Tcell
36.61637392859508,37.72732198732139,0.0,CD4_Tcell
70.68495497262509,-136.47014954350098,0.0,CD4_Tcell
-94.68161965641399,-104.17608111793191,0.0,CD4_Tcell
114.66935034544996,-32.697877378126066,0.0,CD4_Tcell
-11.503445239302897,-151.32496278646013,0.0,CD4_Tcell
3.808481230834209,160.63320276904818,0.0,CD4_Tcell
16.26417567355976,-46.60538466629344,0.0,CD4_Tcell
119.65302083644995,-125.93092418748363,0.0,CD4_Tcell
57.329828078341734,-150.12832973404414,0.0,CD4_Tcell
136.3812799993204,-119.92131663308983,0.0,CD4_Tcell
157.93908974246054,-50.72851422788744,0.0,CD4_Tcell
165.8752194135978,-89.46406181248175,0.0,CD4_Tcell
27.540179677633084,26.422590373333538,0.0,CD4_Tcell
60.00262715339496,-43.23947712631494,0.0,CD4_Tcell
-167.4581468857948,-106.8755606926256,0.0,CD4_Tcell
9.27742007285605,-102.4858025467231,0.0,CD4_Tcell
9.18748474265252,43.965423019661266,0.0,CD4_Tcell
149.23126791613996,-28.537261980292755,0.0,CD4_Tcell
-28.878591867281763,173.4213745114855,0.0,CD4_Tcell
-165.6100444021744,-87.90828204349846,0.0,CD4_Tcell
-158.0864475206319,-70.7382756897114,0.0,CD4_Tcell
93.53094267909576,-97.46620716037485,0.0,CD4_Tcell
-22.95647943358148,-27.88855231834766,0.0,CD4_Tcell
125.74138770699683,85.69101584874352,0.0,CD4_Tcell
-55.81401581671082,53.197127561459254,0.0,CD4_Tcell
-178.25240737613862,-26.631321999639564,0.0,CD4_Tcell
115.93509268472428,37.81595225463655,0.0,CD4_Tcell
-165.3610606144022,52.12756918160584,0.0,CD4_Tcell
153.1604677971496,16.555704106860958,0.0,CD4_Tcell
-121.79321972719825,32.421267359642584,0.0,CD4_Tcell
186.902623327263,4.4842877986294125,0.0,CD4_Tcell
-77.4166493666293,-141.64505947014283,0.0,CD4_Tcell
-86.96212108254088,-101.3480475607957,0.0,CD4_Tcell
-72.98785038037344,-183.17425860466147,0.0,CD4_Tcell
148.25682381386034,13.414665383638287,0.0,CD4_Tcell
27.3946538697259,25.26532367315149,0.0,CD4_Tcell
6.048432116517917,5.910889908820513,0.0,CD4_Tcell
29.385911962390495,178.06405460699386,0.0,CD4_Tcell
-39.672300150352335,-152.5882923509452,0.0,CD4_Tcell
17.95360027753645,-189.4214326151757,0.0,CD4_Tcell
19.871134641779634,154.58097143574875,0.0,CD4_Tcell
-29.963618120115463,53.01110565685704,0.0,CD4_Tcell
67.47088028453604,165.2886859404109,0.0,CD4_Tcell
144.25943013785917,-33.46113278397889,0.0,CD4_Tcell
-35.214148198703285,129.01989306521423,0.0,CD4_Tcell
113.53292576939201,95.65822920790805,0.0,CD4_Tcell
-97.45766224775679,102.43549455995004,0.0,CD4_Tcell
43.539674969140485,92.01029695939984,0.0,CD4_Tcell
135.00650942830507,129.72696548473442,0.0,CD4_Tcell
-30.618267601823895,-111.87129189282624,0.0,CD4_Tcell
-101.58550626077215,45.030801498431906,0.0,CD4_Tcell
181.67485112242335,80.98433212601816,0.0,CD4_Tcell
163.77179855242926,-30.85535096290199,0.0,CD4_Tcell
100.63834479360384,104.1867004509347,0.0,CD4_Tcell
-132.57397616001523,104.06635479299469,0.0,CD4_Tcell
41.55185613414888,-43.85958515170932,0.0,CD4_Tcell
18.4659561339212,-142.39973148424195,0.0,CD4_Tcell
133.90176442389458,-26.295722378637752,0.0,CD4_Tcell
-27.38304172009574,21.790122520528264,0.0,CD4_Tcell
160.5708607771576,-60.919520752671254,0.0,CD4_Tcell
22.215873972749232,-103.1304213830398,0.0,CD4_Tcell
-152.587252543143,79.92118168388997,0.0,CD4_Tcell
-159.8344114565145,91.6149847286935,0.0,CD4_Tcell
42.89743766392202,-33.804966600483986,0.0,CD4_Tcell
-132.55534247139389,-137.85860347141355,0.0,CD4_Tcell
118.82869572015288,-133.36900463861093,0.0,CD4_Tcell
161.47369942388218,-68.67920443010152,0.0,CD4_Tcell
-22.34509803844515,-15.62784037667666,0.0,CD4_Tcell
123.44694635536797,-114.90351663473032,0.0,CD4_Tcell
-34.70629895291474,86.09698128096727,0.0,CD4_Tcell
-75.43994633546663,-28.55500288330888,0.0,CD4_Tcell
72.09788967519016,-88.91890595827935,0.0,CD4_Tcell
179.89674039741197,2.8991683278450258,0.0,CD4_Tcell
-173.1140687183192,9.072683914776004,0.0,CD4_Tcell
24.3633995929966,-65.97761019436922,0.0,CD4_Tcell
140.11553056372227,-123.7585301682654,0.0,CD4_Tcell
142.21190637401165,93.72764897519218,0.0,CD4_Tcell
114.74976141825046,76.24304933005662,0.0,CD4_Tcell
89.38785284169134,-150.3767093842844,0.0,CD4_Tcell
-109.66238395797006,10.264639797156537,0.0,CD4_Tcell
123.49588122709326,145.95594015754668,0.0,CD4_Tcell
47.36874282107457,50.47201981033792,0.0,CD4_Tcell
135.5881828891436,-42.233271458034146,0.0,CD4_Tcell
43.49557544332297,-36.815059366728306,0.0,CD4_Tcell
-184.35095731473544,-72.85753415739435,0.0,CD4_Tcell
62.119991117013925,165.0777791395996,0.0,CD4_Tcell
-160.9474249165857,-115.72808397211486,0.0,CD4_Tcell
-40.3487504400093,3.9646628794337335,0.0,CD4_Tcell
109.85094766559507,-20.724555224941277,0.0,CD4_Tcell
-150.3763989642937,54.38007381057675,0.0,CD4_Tcell
-181.70470284609246,-47.403402996510984,0.0,CD4_Tcell
97.6184928952246,-114.4169159519739,0.0,CD4_Tcell
28.45179001685118,-185.1961371839804,0.0,CD4_Tcell
82.82679091960702,-158.70473702770715,0.0,CD4_Tcell
-188.24492756912844,-33.77258986260932,0.0,CD4_Tcell
109.22689763073951,162.79488706630002,0.0,CD4_Tcell
20.18496354464952,-2.4727484283097514,0.0,CD4_Tcell
-149.9058730942063,-26.860859499216318,0.0,CD4_Tcell
15.382703849488403,-103.91686779959743,0.0,CD4_Tcell
-143.7300994172814,-107.43156083595208,0.0,CD4_Tcell
16.43507931960627,-146.96094989969637,0.0,CD4_Tcell
-80.58960664265246,-86.46385147083845,0.0,CD4_Tcell
126.22276231262305,10.052493572676449,0.0,CD4_Tcell
-193.38056952400785,-1.0518748752701754,0.0,CD4_Tcell
138.35962065688597,-135.04322818389832,0.0,CD4_Tcell
67.07868371901003,-46.29540662597366,0.0,CD4_Tcell
-89.02409404518943,91.56475154963844,0.0,CD4_Tcell
-21.55134361610434,-139.37224564827184,0.0,CD4_Tcell
-107.33868964319282,-4.871747030391792,0.0,CD4_Tcell
-90.09172706790793,34.86312259080849,0.0,CD4_Tcell
-147.03019712996561,-67.20950028167758,0.0,CD4_Tcell
-16.68033893784408,-134.86069467726784,0.0,CD4_Tcell
76.83298694954243,-82.28284910745963,0.0,CD4_Tcell
-117.99606709199195,84.84882212084658,0.0,CD4_Tcell
174.54597926792312,-70.14752380158596,0.0,CD4_Tcell
1.0825825512649396,78.38708344193364,0.0,CD4_Tcell
-73.05471120416134,62.684439110401115,0.0,CD4_Tcell
-118.49451921698214,-127.6223357062736,0.0,CD4_Tcell
47.1244193951901,98.78498453861246,0.0,CD4_Tcell
190.26979472934104,-22.399390877644613,0.0,CD4_Tcell
-99.47951236401833,-37.77016969131731,0.0,CD4_Tcell
-78.43729943080683,-135.0449420221559,0.0,CD4_Tcell
43.49598482579524,151.2296159749424,0.0,CD4_Tcell
-110.98925782856259,-77.54725325413301,0.0,CD4_Tcell
30.744583003628758,-151.66701271048532,0.0,CD4_Tcell
141.06911272954736,47.1745364106708,0.0,CD4_Tcell
-150.76337637853325,-98.70364451588438,0.0,CD4_Tcell
27.349812658198022,-104.59304707595605,0.0,CD4_Tcell
114.59315827648291,131.49942081718814,0.0,CD4_Tcell
49.85730869497346,38.88156248955858,0.0,CD4_Tcell
84.5477233350036,179.62918340791106,0.0,CD4_Tcell
148.9726947902974,49.05994842017637,0.0,CD4_Tcell
-44.34814234258539,-130.124940199973,0.0,CD4_Tcell
112.42961793078597,-131.0080809036524,0.0,CD4_Tcell
-157.3145035025145,-79.001950004995,0.0,CD4_Tcell
-107.65880502748236,98.87197684275658,0.0,CD4_Tcell
86.15287435625211,180.41296807370273,0.0,CD4_Tcell
5.73134763169752,50.76675100130519,0.0,CD4_Tcell
-144.2059564546964,-11.11096090444255,0.0,CD4_Tcell
-6.698952499093283,-90.62957729415685,0.0,CD4_Tcell
78.08866240897412,-152.4592538507779,0.0,CD4_Tcell
139.60514376040553,137.20215582082844,0.0,CD4_Tcell
141.65718377443685,-3.608485324712286,0.0,CD4_Tcell
-162.6630323253715,100.40487625867293,0.0,CD4_Tcell
-74.8728606321851,-48.898068843774176,0.0,CD4_Tcell
119.67980844789707,56.687173572591306,0.0,CD4_Tcell
65.15641032777717,-161.4647318164218,0.0,CD4_Tcell
150.73458221439492,-91.28963505453036,0.0,CD4_Tcell
-32.35944830087385,-2.4110300441204244,0.0,CD4_Tcell
30.026319825738582,62.30253596486752,0.0,CD4_Tcell
187.66656115488388,-29.512990444254065,0.0,CD4_Tcell
6.594215998258802,-70.86047968134473,0.0,CD4_Tcell
56.263299699231226,84.07449009745663,0.0,CD4_Tcell
25.951766659369053,-15.997138817832692,0.0,CD4_Tcell
-184.51276311449854,47.40044043623829,0.0,CD4_Tcell
-164.47847322648317,3.428065944315973,0.0,CD4_Tcell
78.28317326874505,53.88694912473882,0.0,CD4_Tcell
-61.026257984505456,55.229107620211856,0.0,CD4_Tcell
-168.4803026250985,-42.92314256698417,0.0,CD4_Tcell
10.436926651014536,-75.68255306850105,0.0,CD4_Tcell
-117.42395923349301,118.80919744652049,0.0,CD4_Tcell
136.9786281625768,36.12481549694474,0.0,CD4_Tcell
-72.40035413510573,13.305013524429407,0.0,CD4_Tcell
77.51634708564906,32.377821580645694,0.0,CD4_Tcell
44.0720031897885,-164.65685543467833,0.0,CD4_Tcell
-53.27131771347229,-21.61408810683769,0.0,CD4_Tcell
72.58443958295243,-86.24207218949846,0.0,CD4_Tcell
174.6614623444505,-29.277879213061468,0.0,CD4_Tcell
-87.5041697246038,50.57830215942804,0.0,CD4_Tcell
156.5494351938748,-36.98661383099536,0.0,CD4_Tcell
-171.1339253672071,-97.86736822875919,0.0,CD4_Tcell
-49.20347928615898,56.095085441887434,0.0,CD4_Tcell
-81.33548158444296,-31.996979912852918,0.0,CD4_Tcell
163.36965656063268,3.2102392557615573,0.0,CD4_Tcell
-73.41459257282324,109.1040062173717,0.0,CD4_Tcell
-3.9458127252090036,-42.43304853097087,0.0,CD4_Tcell
107.04308755537481,-86.10792871708665,0.0,CD4_Tcell
39.14724467609554,25.339547361895665,0.0,CD4_Tcell
99.07651357028567,112.08811902182525,0.0,CD4_Tcell
8.946831920942174,-66.67401391150703,0.0,CD4_Tcell
188.38369549910465,-26.097580874051662,0.0,CD4_Tcell
-77.1918772314422,-109.40376750004529,0.0,CD4_Tcell
-146.15373959774482,-56.85838507309354,0.0,CD4_Tcell
-88.65190758596368,-9.826196642823056,0.0,CD4_Tcell
147.38184349190985,2.1843724929869093,0.0,CD4_Tcell
-23.036250625854453,197.27856258613525,0.0,CD4_Tcell
-22.283090626633765,-43.865792349708755,0.0,CD4_Tcell
-28.809930354862182,-56.6695501163293,0.0,CD4_Tcell
-21.962667274762644,154.54969061327128,0.0,CD4_Tcell
173.9504159081946,7.136501916564139,0.0,CD4_Tcell
-187.8959898955607,24.187437588261442,0.0,CD4_Tcell
-76.47248540629263,30.97077589109366,0.0,CD4_Tcell
-0.9043474410864767,75.94562382931262,0.0,CD4_Tcell
120.28478591940205,-76.92639076469487,0.0,CD4_Tcell
-128.62855369601408,137.00216934475785,0.0,CD4_Tcell
-160.28481958541474,110.13477684228664,0.0,CD4_Tcell
44.13678935195265,89.48795701610976,0.0,CD4_Tcell
-112.80792876339873,-15.40546091617997,0.0,CD4_Tcell
-167.1437092666175,-14.99544935622504,0.0,CD4_Tcell
108.6025800712641,-76.36762474211056,0.0,CD4_Tcell
90.02408022260231,-175.60293744611877,0.0,CD4_Tcell
-91.43136395759349,99.75252900297016,0.0,CD4_Tcell
-34.11974586559716,26.873689240369647,0.0,CD4_Tcell
-90.58059584285527,42.682394255825834,0.0,CD4_Tcell
94.94541315215729,98.83324237460225,0.0,CD4_Tcell
19.380430110316702,86.42816923578073,0.0,CD4_Tcell
-117.60490997360768,-105.66951065426288,0.0,CD4_Tcell
109.82130826659206,-101.44408139335168,0.0,CD4_Tcell
-22.66688078477237,-20.50413899961987,0.0,CD4_Tcell
191.0618367509334,-24.914803610565194,0.0,CD4_Tcell
-173.82060578413677,-46.57232440033139,0.0,CD4_Tcell
127.04885203647869,-69.1171654943661,0.0,CD4_Tcell
-101.42780227547601,-142.9628995765449,0.0,CD4_Tcell
-133.6026444426679,96.1864549127532,0.0,CD4_Tcell
60.11265638365709,-84.46650720292655,0.0,CD4_Tcell
45.689428512297674,129.18206038870053,0.0,CD4_Tcell
-112.77922283385455,163.63069836928193,0.0,CD4_Tcell
-168.83510485035148,-6.212089507834471,0.0,CD4_Tcell
97.9092804011027,-135.3909604453466,0.0,CD4_Tcell
-28.56463890392959,-39.41967652637715,0.0,CD4_Tcell
-58.55447464681233,-46.029899141219886,0.0,CD4_Tcell
159.54452202256584,-40.294513656194646,0.0,CD4_Tcell
52.24512025060417,-165.8774694015739,0.0,CD4_Tcell
-40.17865168375591,-60.11654423806673,0.0,CD4_Tcell
16.439270263278388,-29.697041523508805,0.0,CD4_Tcell
33.68941798570592,-141.57569662071052,0.0,CD4_Tcell
-1.5579316060448085,-121.07551494605211,0.0,CD4_Tcell
196.75393495007418,-20.591105086657404,0.0,CD4_Tcell
-96.53378749756791,78.58399274154829,0.0,CD4_Tcell
-66.76599086637142,-61.55002240583011,0.0,CD4_Tcell
-65.47457854458798,-131.4850888102016,0.0,CD4_Tcell
82.38279194986943,-112.28711092547347,0.0,CD4_Tcell
-85.8393319346967,138.0371621151061,0.0,CD4_Tcell
184.78118940780325,68.15341064326513,0.0,CD4_Tcell
-26.405564284461917,172.50123927567716,0.0,CD4_Tcell
0.731210616626809,-52.136551950995674,0.0,CD4_Tcell
59.77654885455894,-130.62899607874354,0.0,CD4_Tcell
88.83496441088907,139.9770785530586,0.0,CD4_Tcell
-99.01452286218554,-76.22039895712763,0.0,CD4_Tcell
-146.62452782777393,88.49726856450182,0.0,CD4_Tcell
-138.1540366987464,136.04198510093775,0.0,CD4_Tcell
-114.54178078939316,-147.80473885625895,0.0,CD4_Tcell
-104.79884177904769,159.41959895706674,0.0,CD4_Tcell
48.90332705825327,46.624439477703326,0.0,CD4_Tcell
1.4763322705851043,-29.80575041599755,0.0,CD4_Tcell
-51.28810591002096,58.196828091069825,0.0,CD4_Tcell
-1.7113689930399545,77.6114378355279,0.0,CD4_Tcell
-1.6249704580940492,-20.844080455574943,0.0,CD4_Tcell
-17.786120313051086,62.27975453050366,0.0,CD4_Tcell
73.67815572975778,-41.61126802607255,0.0,CD4_Tcell
114.68653419830308,54.51579399772061,0.0,CD4_Tcell
-37.718474622895194,-109.31999507055887,0.0,CD4_Tcell
-5.848850457754634,-145.70475194134997,0.0,CD4_Tcell
39.06893141350639,75.14532645370839,0.0,CD4_Tcell
168.191946989321,-104.25694531549729,0.0,CD4_Tcell
20.427204971418792,141.64392016432456,0.0,CD4_Tcell
99.79001904870675,42.90709047932583,0.0,CD4_Tcell
-101.6714398951245,-139.41968950365296,0.0,CD4_Tcell
-6.051989196041137,5.93373137366372,0.0,CD4_Tcell
43.3166770700194,2.675539984712773,0.0,CD4_Tcell
-66.49922317065025,-159.00845385979184,0.0,CD4_Tcell
13.824853269816316,-44.41855304100383,0.0,CD4_Tcell
-52.64182355120636,181.85951959423548,0.0,CD4_Tcell
-60.80103675030516,-50.263708099744086,0.0,CD4_Tcell
191.66947866130002,24.64735218840563,0.0,CD4_Tcell
-45.48807085343709,128.04764166696728,0.0,CD4_Tcell
-76.69068244779595,-106.05272191426673,0.0,CD4_Tcell
42.35941100973358,170.68248563333017,0.0,CD4_Tcell
-98.02645979964079,-69.70306998655163,0.0,CD4_Tcell
-132.72783847383525,87.84502089267846,0.0,CD4_Tcell
88.09794915441972,114.15972301787058,0.0,CD4_Tcell
-1.8609977083917806,-193.88550130665166,0.0,CD4_Tcell
148.44260134352226,-41.70819682164208,0.0,CD4_Tcell
101.51436725340581,62.151647282298605,0.0,CD4_Tcell
163.54510225963213,-19.456470414591397,0.0,CD4_Tcell
180.55706642484412,-52.806648937529104,0.0,CD4_Tcell
99.20623326740215,-86.01358563702581,0.0,CD4_Tcell
-3.751149294780063,-180.74245780079525,0.0,CD4_Tcell
-20.0183278923768,-181.85968770761326,0.0,CD4_Tcell
-122.2654736601029,-146.03457584443322,0.0,CD4_Tcell
-64.97312706825939,-137.67661010782956,0.0,CD4_Tcell
143.92418161530728,76.87852238248134,0.0,CD4_Tcell
-34.55995236687549,-82.71650709641173,0.0,CD4_Tcell
104.9688755658851,-127.21958088507124,0.0,CD4_Tcell
28.99886882366567,128.19499118038541,0.0,CD4_Tcell
-43.73749516794873,72.85862390222036,0.0,CD4_Tcell
10.63569116090425,-81.76399579318739,0.0,CD4_Tcell
-85.6370950157802,59.03803476442487,0.0,CD4_Tcell
13.039939757232451,43.764500242927966,0.0,CD4_Tcell
-42.061419020855425,-23.472005892036666,0.0,CD4_Tcell
-13.67924419756431,96.75904931605457,0.0,CD4_Tcell
-74.67569721624805,-10.493636569808643,0.0,CD4_Tcell
107.83827096256387,42.42218412821998,0.0,CD4_Tcell
58.62057078487515,13.390249750986321,0.0,CD4_Tcell
-107.84112785254052,-114.58104218286955,0.0,CD4_Tcell
-115.42057837733294,107.80020686194952,0.0,CD4_Tcell
-14.071416305364322,-37.42308184737259,0.0,CD4_Tcell
-12.315608985963992,-23.84927472011221,0.0,CD4_Tcell
69.06568019465969,72.77834306806099,0.0,CD4_Tcell
-23.72923675687306,152.48193652685313,0.0,CD4_Tcell
-124.48504626660896,143.09570889542667,0.0,CD4_Tcell
-160.31312857349545,-48.049304296854324,0.0,CD4_Tcell
89.45298256509413,167.41134463892266,0.0,CD4_Tcell
-7.019900965856685,-34.29147740161792,0.0,CD4_Tcell
69.28710663142033,-25.003565066701796,0.0,CD4_Tcell
104.53310243033492,-106.20488686738263,0.0,CD4_Tcell
-9.025738159233875,145.5146148302125,0.0,CD4_Tcell
-124.14826491316495,-97.4321491449236,0.0,CD4_Tcell
57.17999274561479,182.94776122599882,0.0,CD4_Tcell
60.13510490507947,-38.153066318450776,0.0,CD4_Tcell
-46.16860121831346,-122.45815117597498,0.0,CD4_Tcell
-51.26218905991336,-121.75118751647511,0.0,CD4_Tcell
18.12340762843836,179.3103495907201,0.0,CD4_Tcell
63.58196236817745,177.63135268157782,0.0,CD4_Tcell
-170.23056363290794,55.34280434588648,0.0,CD4_Tcell
-11.947733660323305,-140.29249686734997,0.0,CD4_Tcell
-152.21406713729363,66.9860996609546,0.0,CD4_Tcell
181.43376122604238,81.13529744507896,0.0,CD4_Tcell
-43.915716251149,-137.97311123382195,0.0,CD4_Tcell
28.44906226466507,-77.55770151304203,0.0,CD4_Tcell
91.9772819859082,-20.030289254081467,0.0,CD4_Tcell
26.53067282098207,-41.003123264694416,0.0,CD4_Tcell
-129.31228185585718,-96.55530642309878,0.0,CD4_Tcell
43.95306817116965,66.14097223773292,0.0,CD4_Tcell
-163.57142805953566,-95.83378034224106,0.0,CD4_Tcell
-74.36139876855262,29.680131612575515,0.0,CD4_Tcell
-55.69935653779081,-82.42296918904103,0.0,CD4_Tcell
109.18094176285233,88.0842937516958,0.0,CD4_Tcell
68.95866341816217,4.486464011473726,0.0,CD4_Tcell
26.358512218851992,-37.09155039151961,0.0,CD4_Tcell
-149.34699855498238,124.69869331449407,0.0,CD8_Tcell
-112.19784277186845,-60.99371897866963,0.0,CD8_Tcell
19.740817641479797,33.829643547233054,0.0,CD8_Tcell
160.2536366817657,48.47732173041135,0.0,CD8_Tcell
126.71614188687603,-63.16693806457964,0.0,CD8_Tcell
-15.280012922740857,-145.62587224909686,0.0,CD8_Tcell
78.8374380940692,-30.944343517146585,0.0,CD8_Tcell
-71.89781189426468,58.91135815846415,0.0,CD8_Tcell
-173.72677370161773,80.26481748916635,0.0,CD8_Tcell
-73.13208786883698,135.7113418928996,0.0,CD8_Tcell
12.785322246040657,62.02176793087204,0.0,CD8_Tcell
-33.108656104791066,108.77717637053003,0.0,CD8_Tcell
169.48920380537078,-4.947802310460779,0.0,CD8_Tcell
-169.02024768077084,27.19655693218528,0.0,CD8_Tcell
-93.3562274493954,174.3664199001338,0.0,CD8_Tcell
-66.18098507919638,31.632971797934438,0.0,CD8_Tcell
121.37471676859536,-113.75991087327765,0.0,CD8_Tcell
171.33019565658273,53.82496679273538,0.0,CD8_Tcell
100.17215634341866,167.87963355390994,0.0,CD8_Tcell
53.58568006138462,-97.0520204533282,0.0,CD8_Tcell
141.7258052739688,131.390372078588,0.0,CD8_Tcell
-171.18573413154857,24.194870089087587,0.0,CD8_Tcell
119.1516554866883,-88.8252314074423,0.0,CD8_Tcell
-16.960752440194717,-110.11707465616227,0.0,CD8_Tcell
-134.7024015612882,47.775814532300515,0.0,CD8_Tcell
-122.33218306029603,101.73583799180773,0.0,CD8_Tcell
39.149130629695016,89.64386502582306,0.0,CD8_Tcell
-120.44499517366576,-74.5290302713194,0.0,CD8_Tcell
-106.65627216374442,-0.8666150412820091,0.0,CD8_Tcell
-50.88821447117303,-120.478785613239,0.0,CD8_Tcell
13.729142234394828,190.37747319063845,0.0,CD8_Tcell
107.745520638628,167.8706200009145,0.0,CD8_Tcell
36.75534186411772,161.73288494066816,0.0,CD8_Tcell
-137.3972092480131,26.68154125998741,0.0,CD8_Tcell
64.90517832524934,128.99828478548594,0.0,CD8_Tcell
-45.234449403236205,112.22393044371297,0.0,CD8_Tcell
-182.41406437474075,44.53046469279258,0.0,CD8_Tcell
101.5962703363317,131.65645975566383,0.0,CD8_Tcell
134.40152681697563,-80.30412014386023,0.0,CD8_Tcell
-35.96665307522187,-82.97516604790432,0.0,CD8_Tcell
52.95015128062292,181.41103516841088,0.0,CD8_Tcell
86.10212641671578,1.1275619167651727,0.0,CD8_Tcell
-39.94078950549096,-7.940929055638181,0.0,CD8_Tcell
-99.35251487676216,122.24101489410371,0.0,CD8_Tcell
13.985758712238702,49.55594638247211,0.0,CD8_Tcell
114.70015622285982,-63.316666009689925,0.0,CD8_Tcell
12.689804731076558,125.08415739484578,0.0,CD8_Tcell
-109.71902722932575,104.96743868427853,0.0,CD8_Tcell
-12.671632409613323,-172.39126588003376,0.0,CD8_Tcell
81.01947258260391,180.3329900347281,0.0,CD8_Tcell
96.0271406171413,-129.7348593490826,0.0,CD8_Tcell
159.3313806769407,-75.94989542749103,0.0,CD8_Tcell
-14.254184893444837,-103.71272905570623,0.0,CD8_Tcell
138.69903565801783,-23.305000600377067,0.0,CD8_Tcell
114.28566902674814,-30.992936133052105,0.0,CD8_Tcell
-38.63040581553959,103.14284823939973,0.0,CD8_Tcell
-98.05049440513588,12.61995114556126,0.0,CD8_Tcell
153.54813244715433,-122.58109127666413,0.0,CD8_Tcell
148.1031596485579,107.29440387155083,0.0,CD8_Tcell
-81.81835861592474,-8.33917666380855,0.0,CD8_Tcell
109.45510572317083,65.83609265999937,0.0,CD8_Tcell
58.84480078141744,64.57275633213764,0.0,CD8_Tcell
-129.46933843881902,-98.27245241052397,0.0,CD8_Tcell
3.0713241647697713,-148.02691577219176,0.0,CD8_Tcell
76.78240611923968,-139.66603376101978,0.0,CD8_Tcell
50.008061219852486,48.68264266309638,0.0,CD8_Tcell
15.935273439271871,-73.24379509223598,0.0,CD8_Tcell
-53.18192140989546,-91.39745554810044,0.0,CD8_Tcell
-115.79617699039115,-68.82936284215968,0.0,CD8_Tcell
-151.3859720986441,127.74087950056185,0.0,CD8_Tcell
-138.33322314778138,-86.93835787723378,0.0,CD8_Tcell
77.2985342790412,-98.38603121480841,0.0,CD8_Tcell
-99.08587847446871,101.36709383464986,0.0,CD8_Tcell
76.77000166059108,34.67437058588505,0.0,CD8_Tcell
134.48127058390793,-105.1403622252364,0.0,CD8_Tcell
-79.30789837055322,65.82709467075786,0.0,CD8_Tcell
18.252102935127574,-196.7177602717234,0.0,CD8_Tcell
186.13614578268113,-24.438743344140114,0.0,CD8_Tcell
49.055827696392704,141.06796591691477,0.0,CD8_Tcell
85.10493346650067,-177.3182313995803,0.0,CD8_Tcell
-157.644620056969,66.219748537796,0.0,CD8_Tcell
110.2512692210233,79.09047276090938,0.0,CD8_Tcell
-0.4781911943542316,-98.14230607170833,0.0,CD8_Tcell
35.73631774303599,5.4362089105503495,0.0,CD8_Tcell
40.90187250913491,-146.28736943038518,0.0,CD8_Tcell
-19.553420342617976,37.30817010461027,0.0,CD8_Tcell
-128.80528036890234,112.07419449300714,0.0,CD8_Tcell
-82.12820151900341,148.6883982024422,0.0,CD8_Tcell
-8.457326932873427,120.20222872111245,0.0,CD8_Tcell
-78.4460920786374,-142.1037756797077,0.0,CD8_Tcell
198.21113934542467,-14.676837898067758,0.0,CD8_Tcell
115.6942615398433,-63.4245307956674,0.0,CD8_Tcell
120.92617961600092,33.44405212082879,0.0,CD8_Tcell
-108.65631668914278,133.99560600941257,0.0,CD8_Tcell
116.68770727510963,69.80124470017817,0.0,CD8_Tcell
-170.69494383224128,-12.799692993843058,0.0,CD8_Tcell
128.1547160259105,141.70352808164841,0.0,CD8_Tcell
-22.292508967789608,107.72236724722731,0.0,CD8_Tcell
-175.11014354041032,-86.52094563251393,0.0,CD8_Tcell
-109.67113338511925,-74.35079628923042,0.0,CD8_Tcell
100.51893415616826,-9.717440185575995,0.0,CD8_Tcell
-176.1126397701484,93.7300921703061,0.0,CD8_Tcell
165.99555831804832,77.2390119588518,0.0,CD8_Tcell
-81.84118639085335,-96.47239800328092,0.0,CD8_Tcell
-147.3855154003969,30.440449376808274,0.0,CD8_Tcell
36.68711994622763,-168.82019039497575,0.0,CD8_Tcell
-176.72574746079127,17.362733700374477,0.0,CD8_Tcell
26.590629718458146,-139.90650144231572,0.0,CD8_Tcell
157.3719767268854,-90.1542490860913,0.0,CD8_Tcell
137.06399621083898,120.85897249823503,0.0,CD8_Tcell
106.28845310441513,-63.42035256739913,0.0,CD8_Tcell
124.26612106572989,49.16087897505881,0.0,CD8_Tcell
-16.58412042753382,52.88272767192742,0.0,CD8_Tcell
46.28686786057691,-8.536574595496438,0.0,CD8_Tcell
48.266437666458586,-90.9248255333069,0.0,CD8_Tcell
-89.6455638037546,88.0426349788056,0.0,CD8_Tcell
-28.075581969690358,98.21839979248446,0.0,CD8_Tcell
182.1011092345875,21.263751795294453,0.0,CD8_Tcell
129.32726843371114,-57.775936010740274,0.0,CD8_Tcell
126.34037998643501,-128.12995931226627,0.0,CD8_Tcell
-68.4954694634628,-113.64785607800415,0.0,CD8_Tcell
-98.8202783053845,-167.27653298768152,0.0,CD8_Tcell
64.43859700830363,-84.491068858568,0.0,CD8_Tcell
42.15134909049738,-38.49923821730139,0.0,CD8_Tcell
-145.25650882154383,-10.044341873284878,0.0,CD8_Tcell
-30.98514512958862,181.80421206873282,0.0,CD8_Tcell
-60.94099300458934,14.509304782856187,0.0,CD8_Tcell
6.845307019573222,-112.86414854606824,0.0,CD8_Tcell
13.004094277821617,57.48353393251492,0.0,CD8_Tcell
-28.461487771521814,115.50008667041095,0.0,CD8_Tcell
-50.56594401004794,184.8983591814637,0.0,CD8_Tcell
160.00230593986907,32.503921890576756,0.0,CD8_Tcell
-10.55193066858339,161.69936067829198,0.0,CD8_Tcell
-165.4066955342135,-53.8496222916539,0.0,CD8_Tcell
-41.96054343799475,3.278187377257181,0.0,CD8_Tcell
-41.6488025970407,-83.7247459693578,0.0,CD8_Tcell
-108.80749661774257,-59.616783693637736,0.0,CD8_Tcell
38.584765346714555,70.26031023303038,0.0,CD8_Tcell
133.33293678908694,97.28982617496267,0.0,CD8_Tcell
164.5673027857075,3.9980779056461846,0.0,CD8_Tcell
-12.580204077578179,-100.45101939644007,0.0,CD8_Tcell
-19.221718434296168,-6.72599755116699,0.0,CD8_Tcell
-70.11970554503216,-132.77995156143902,0.0,CD8_Tcell
169.67767858998056,-86.98091597989975,0.0,CD8_Tcell
-60.26473652142475,138.39454434199178,0.0,CD8_Tcell
170.62892229509606,-31.15926670205288,0.0,CD8_Tcell
163.43101719975346,-22.98275383100269,0.0,CD8_Tcell
130.4793054990275,63.22942314387437,0.0,CD8_Tcell
-36.80895238311755,99.90311780199153,0.0,CD8_Tcell
-56.37133359388693,-69.8718253711244,0.0,CD8_Tcell
22.205335092251573,-99.3795991192666,0.0,CD8_Tcell
164.0466844035122,-63.743122035173144,0.0,CD8_Tcell
145.8853184196828,73.19138652935644,0.0,CD8_Tcell
-110.18196566003226,94.41862412212184,0.0,CD8_Tcell
35.413985655423176,-196.7594008249634,0.0,CD8_Tcell
-199.48785996561105,-4.844164411382995,0.0,CD8_Tcell
-7.8825352406052716,-110.4911713925084,0.0,CD8_Tcell
135.84974555158215,122.18079291755623,0.0,CD8_Tcell
-144.01440509252657,-113.40469532384851,0.0,CD8_Tcell
111.06710292852736,-24.956756172468722,0.0,CD8_Tcell
-50.20010604337308,164.1599884735206,0.0,CD8_Tcell
-141.89541087062676,-88.72935506763106,0.0,CD8_Tcell
-99.16111165966882,79.53661018175227,0.0,CD8_Tcell
184.0151399006208,71.14385605417326,0.0,CD8_Tcell
-52.42448853891985,183.15264080975064,0.0,CD8_Tcell
-92.11355544404624,-139.40143986278773,0.0,CD8_Tcell
-113.13156982803083,151.08633519672526,0.0,CD8_Tcell
63.31541431741677,-176.92277150494277,0.0,CD8_Tcell
14.741062943417518,-70.05656767414848,0.0,CD8_Tcell
-106.73832991660507,-34.88908768438637,0.0,CD8_Tcell
86.20767643161689,-104.84539693073494,0.0,CD8_Tcell
-14.872743402437747,83.66915475522269,0.0,CD8_Tcell
-7.38520275276389,-54.31596558437473,0.0,CD8_Tcell
86.18416212807108,-143.2917456920066,0.0,CD8_Tcell
146.64820140235986,-9.198307173934463,0.0,CD8_Tcell
-123.77252476931152,0.5699249176800402,0.0,CD8_Tcell
-159.04909807422902,7.422881930216071,0.0,CD8_Tcell
-10.672930092770926,112.76182768863343,0.0,CD8_Tcell
-84.68023220065864,105.77837981380883,0.0,CD8_Tcell
4.963693992594209,96.78766156093796,0.0,CD8_Tcell
21.937239112881517,-109.69000462079268,0.0,CD8_Tcell
78.37981522489915,-156.1198751331016,0.0,CD8_Tcell
146.26817503841724,-29.650890617248802,0.0,CD8_Tcell
-153.12706357419577,-43.38735254906442,0.0,CD8_Tcell
129.20148091646163,-22.672487078658897,0.0,CD8_Tcell
-28.582709952521114,109.53945533961758,0.0,CD8_Tcell
83.42007106742751,81.5919556800234,0.0,CD8_Tcell
-23.55825751980517,26.470554723840312,0.0,CD8_Tcell
124.96421256472865,-27.30634642426085,0.0,CD8_Tcell
23.86560330970145,144.593534989601,0.0,CD8_Tcell
-95.3371271323496,127.24745475651665,0.0,CD8_Tcell
113.92490958300694,-146.82330966259752,0.0,CD8_Tcell
2.3078672153309436,40.83734030825242,0.0,CD8_Tcell
85.77524381341057,102.89561038622057,0.0,CD8_Tcell
92.11096596806401,172.92038685674154,0.0,CD8_Tcell
101.97832672112725,64.07568619300919,0.0,CD8_Tcell
-90.79715877209914,138.61486517318164,0.0,CD8_Tcell
-47.89820577056007,-175.7187015445012,0.0,CD8_Tcell
-76.69280768837525,-142.60203389401423,0.0,CD8_Tcell
31.316392190602066,-57.14455489839933,0.0,CD8_Tcell
6.559318894770677,-159.37971592892893,0.0,CD8_Tcell
-130.21021383284432,4.511859844872205,0.0,CD8_Tcell
156.4505694109083,11.347742370382322,0.0,CD8_Tcell
100.09841466475895,146.65542838047364,0.0,CD8_Tcell
-145.9779179074213,50.81043740812802,0.0,CD8_Tcell
49.48597948217656,-180.95622880593424,0.0,CD8_Tcell
-48.55958805294284,-145.47678305082374,0.0,CD8_Tcell
26.88199952884084,-75.7736706066522,0.0,CD8_Tcell
-134.12925460340495,85.56417142731088,0.0,CD8_Tcell
22.860420087268544,-109.09866372853067,0.0,CD8_Tcell
3.375630923624933,188.1601154736407,0.0,CD8_Tcell
33.01051307863097,-25.338614397514128,0.0,CD8_Tcell
115.81361601449201,5.535276522400815,0.0,CD8_Tcell
109.42477520076669,122.44828989094187,0.0,CD8_Tcell
-69.64703694418205,-131.96268633094658,0.0,CD8_Tcell
-181.3432212594552,21.718424591267873,0.0,CD8_Tcell
125.14061137908814,53.31270453214191,0.0,CD8_Tcell
-157.8792903654786,-29.94644667258314,0.0,CD8_Tcell
126.23586896351155,13.212710324682492,0.0,CD8_Tcell
28.111763591222775,84.55535333499347,0.0,CD8_Tcell
-78.32118102782647,-82.35440995277303,0.0,CD8_Tcell
104.92426211336745,-67.42058697788615,0.0,CD8_Tcell
33.02412133053596,-91.00908251426748,0.0,CD8_Tcell
-59.74371833272388,184.70695598636084,0.0,CD8_Tcell
-109.3144681899833,-6.856997590609816,0.0,CD8_Tcell
87.59166958498696,156.76711305440816,0.0,CD8_Tcell
-29.169929650826276,-134.54501660493474,0.0,CD8_Tcell
117.88370584087316,-27.852658602723064,0.0,CD8_Tcell
-150.3914710682519,32.56664097741113,0.0,CD8_Tcell
166.85271017171047,-35.89092218435843,0.0,CD8_Tcell
70.51648505552075,64.00394630967368,0.0,CD8_Tcell
-52.25625250193787,-104.96429528450706,0.0,CD8_Tcell
71.09286625673239,-9.753637738350811,0.0,CD8_Tcell
102.1052110011628,97.3411845573978,0.0,CD8_Tcell
-105.9532412260686,-78.99342336520351,0.0,CD8_Tcell
71.27973598834942,-7.913263651467199,0.0,CD8_Tcell
99.07973592641785,-49.167581237589836,0.0,CD8_Tcell
-38.090743134281475,44.9969575426073,0.0,CD8_Tcell
-82.85681052390925,-155.67279299780108,0.0,CD8_Tcell
-108.59543707547846,28.681484881588016,0.0,CD8_Tcell
80.91096625539318,15.894058839492654,0.0,CD8_Tcell
41.83237052726274,-24.704953999913617,0.0,CD8_Tcell
-16.67364578148927,90.35732866276332,0.0,CD8_Tcell
73.92589549515178,-55.87406961457667,0.0,CD8_Tcell
-7.5281437074392885,36.16347032945485,0.0,CD8_Tcell
122.67493815272762,33.940837342020004,0.0,CD8_Tcell
-100.39386914892705,-5.182413476253215,0.0,CD8_Tcell
-129.1920567977556,-82.76710623770913,0.0,CD8_Tcell
119.40044234390186,49.57007612633117,0.0,CD8_Tcell
75.17907596151848,160.70231296017425,0.0,CD8_Tcell
120.61861974627261,8.588722106486996,0.0,CD8_Tcell
-39.40412628946298,-174.4124946856492,0.0,CD8_Tcell
-94.35525639435541,-117.0634130139674,0.0,CD8_Tcell
134.73392466057538,-97.8753539560622,0.0,CD8_Tcell
-117.40899172749516,-51.18498779521602,0.0,CD8_Tcell
32.27758839657332,83.03337759714483,0.0,CD8_Tcell
145.19571876506907,135.13263181483873,0.0,CD8_Tcell
-5.556011190096581,55.92032901703895,0.0,CD8_Tcell
11.978894143309002,47.71494676517728,0.0,CD8_Tcell
60.87690459998495,162.8392508988401,0.0,CD8_Tcell
50.84478130308436,-190.49505701576578,0.0,CD8_Tcell
19.05182841639268,124.2653695171486,0.0,CD8_Tcell
1.6662037029513075,-198.7471689076904,0.0,CD8_Tcell
123.71025788719733,-70.83592738209241,0.0,CD8_Tcell
65.5623839247847,-3.2602780116488024,0.0,CD8_Tcell
-16.44873117626123,63.22142532933654,0.0,CD8_Tcell
-49.904601942706186,-149.01943487419877,0.0,CD8_Tcell
45.20774747366786,185.0582090949053,0.0,CD8_Tcell
-81.04590585454656,154.60497733861166,0.0,CD8_Tcell
133.70189301302125,49.515643886519285,0.0,CD8_Tcell
140.3648457298482,89.08013278765432,0.0,CD8_Tcell
-81.52755859490941,-132.08623743756635,0.0,CD8_Tcell
-40.75934125007071,-31.787005761521865,0.0,CD8_Tcell
135.89307205372486,26.928903733090408,0.0,CD8_Tcell
105.80898610878661,61.41571036933711,0.0,CD8_Tcell
-120.89738733469976,-41.72026980510612,0.0,CD8_Tcell
79.98634893440719,166.04923949004075,0.0,CD8_Tcell
-59.93797510341629,82.00863188258101,0.0,CD8_Tcell
-85.09407740176951,-103.79391250756512,0.0,CD8_Tcell
-125.9336803479716,6.250282756508415,0.0,CD8_Tcell
-29.885566488503198,-190.9444487366179,0.0,CD8_Tcell
-17.532130159777186,146.2204502622354,0.0,CD8_Tcell
68.42229380707546,76.7555103416388,0.0,CD8_Tcell
100.89629608905557,-23.765716218029645,0.0,CD8_Tcell
-168.25539359133015,85.50659852960379,0.0,CD8_Tcell
-112.00631376962997,-109.3651439291358,0.0,CD8_Tcell
-24.121146874947538,-10.866800480657444,0.0,CD8_Tcell
-61.12909002956164,-175.17903146525478,0.0,CD8_Tcell
161.20386837621288,-59.754422679826426,0.0,CD8_Tcell
-4.446427986900284,-132.16036146641116,0.0,CD8_Tcell
19.49665312566837,-149.54848181808305,0.0,CD8_Tcell
-109.76910306975614,69.11611533506884,0.0,CD8_Tcell
171.8791441601196,98.84078455609905,0.0,CD8_Tcell
130.8150700364134,-72.51636079551014,0.0,CD8_Tcell
25.83750112308411,-136.19357282086696,0.0,CD8_Tcell
-8.764340820888254,15.47157694446511,0.0,CD8_Tcell
-50.02802186172375,-162.10319275614154,0.0,CD8_Tcell
-113.25336441871714,101.16479067193958,0.0,CD8_Tcell
-115.07513670798251,46.46949609349548,0.0,CD8_Tcell
39.93533442045252,40.81650809488964,0.0,CD8_Tcell
9.583264603378607,-4.870170289677246,0.0,CD8_Tcell
169.63024790686947,47.85245665126045,0.0,CD8_Tcell
140.1400928766081,-8.925826318381857,0.0,CD8_Tcell
129.95181358169702,-115.55281083050872,0.0,CD8_Tcell
10.181555787848774,-106.7385362504445,0.0,CD8_Tcell
8.169674903316944,187.98948134568843,0.0,CD8_Tcell
-19.541798070052725,116.82799643323274,0.0,CD8_Tcell
114.95109886346263,-43.84051752169691,0.0,CD8_Tcell
84.08973889916017,90.2025300515833,0.0,CD8_Tcell
101.82955765585388,113.02473806397545,0.0,CD8_Tcell
-67.54347096590678,-143.59072745737558,0.0,CD8_Tcell
41.83693009177821,52.338764300485444,0.0,CD8_Tcell
38.26634148337352,-178.23884932647522,0.0,CD8_Tcell
127.48212159851239,-88.78235146787748,0.0,CD8_Tcell
-46.88852948471742,119.43675677174944,0.0,CD8_Tcell
23.548042425791884,1.5296212655541706,0.0,CD8_Tcell
-29.09539578037338,57.58586385582247,0.0,CD8_Tcell
-60.363636014932396,-190.27503017097223,0.0,CD8_Tcell
-196.8333614902003,-5.64230999279387,0.0,CD8_Tcell
-26.616754362788775,-186.8811237424091,0.0,CD8_Tcell
165.75793053904235,6.054785272244966,0.0,CD8_Tcell
-152.65438678377836,36.6183946784164,0.0,CD8_Tcell
45.79618093988322,18.06790736051915,0.0,CD8_Tcell
-104.87237237910423,144.39772436556294,0.0,CD8_Tcell
-22.49282651195534,-66.46975131350952,0.0,CD8_Tcell
-53.95795504486516,91.94708942610647,0.0,CD8_Tcell
-101.21350569203024,-19.22330115050349,0.0,CD8_Tcell
-96.2807651811802,148.00743472206548,0.0,CD8_Tcell
-13.57121729035384,-111.84605088613752,0.0,CD8_Tcell
-88.6268783338909,-109.82540374029999,0.0,CD8_Tcell
-131.59347618341505,-85.428906656596,0.0,CD8_Tcell
-155.09324950610272,70.67630283008297,0.0,CD8_Tcell
85.79286217282959,21.120138308169654,0.0,CD8_Tcell
107.00999114988963,-42.322412656164616,0.0,CD8_Tcell
153.29703035101878,-69.0061288599088,0.0,CD8_Tcell
60.793820568310146,183.49320160397312,0.0,CD8_Tcell
-66.10974910724585,127.64788930895772,0.0,CD8_Tcell
-71.85101398930922,-66.14305153584787,0.0,CD8_Tcell
127.86857264609866,-104.62501471934587,0.0,CD8_Tcell
-100.81485216823206,-37.55368341956859,0.0,CD8_Tcell
56.038239149019894,-129.5336219515306,0.0,CD8_Tcell
-46.31824478770351,-79.22685423107244,0.0,CD8_Tcell
-38.766054159789604,-116.0156946461202,0.0,CD8_Tcell
67.79196267491331,-158.00554119741867,0.0,CD8_Tcell
-48.20495367864313,117.69538495154906,0.0,CD8_Tcell
-131.46034847859354,146.3720547227278,0.0,CD8_Tcell
-14.57653686922136,-160.54237546544636,0.0,CD8_Tcell
-56.59671232514415,106.6447524642962,0.0,CD8_Tcell
178.29820028145969,-37.230627068444676,0.0,CD8_Tcell
28.653699987768842,133.36936281812277,0.0,CD8_Tcell
180.71025695259814,3.1301180178978956,0.0,CD8_Tcell
-79.20022794338661,105.56425020549163,0.0,CD8_Tcell
179.1200463002535,5.360488331555142,0.0,CD8_Tcell
34.68633765991068,89.84248929230088,0.0,CD8_Tcell
109.59353346468974,119.68550376533287,0.0,CD8_Tcell
89.38208675386387,52.46961492983474,0.0,CD8_Tcell
-124.63342528316309,12.540841975188652,0.0,CD8_Tcell
-25.17178377200667,-62.94296215101136,0.0,CD8_Tcell
-110.57381965000593,154.9219854086113,0.0,CD8_Tcell
0.7950958771975115,-12.559537265332356,0.0,CD8_Tcell
104.07287315883171,69.93175359934533,0.0,CD8_Tcell
119.48312895163104,-13.321878187887151,0.0,CD8_Tcell
-62.93892760467202,-161.6831831624099,0.0,CD8_Tcell
143.1593060442641,-134.5975521374274,0.0,CD8_Tcell
-15.019320021807664,124.9178163262742,0.0,CD8_Tcell
-12.545449159978721,173.3175756530773,0.0,CD8_Tcell
-124.3130341381693,-136.1972511844356,0.0,CD8_Tcell
-15.709771344493271,-175.0780168679029,0.0,CD8_Tcell
-8.937506176361559,21.699040219038682,0.0,CD8_Tcell
-167.10715888711826,10.401519456485202,0.0,CD8_Tcell
-1.0973516791799973,-183.27714737156725,0.0,CD8_Tcell
-17.777714190614645,-102.86781458150902,0.0,CD8_Tcell
-112.61110931288636,145.67997931458072,0.0,CD8_Tcell
-16.1448722385593,64.17651135910108,0.0,CD8_Tcell
-124.43878135692174,69.30741243176676,0.0,CD8_Tcell
30.23986296688207,26.960583449476857,0.0,CD8_Tcell
95.18677285655801,168.29722257339225,0.0,CD8_Tcell
-59.91312509237741,-21.12859648702897,0.0,CD8_Tcell
4.890870295410251,157.05757757795223,0.0,CD8_Tcell
31.03277724074863,-12.848907369883818,0.0,CD8_Tcell
-66.5121796741706,-43.98285925223637,0.0,CD8_Tcell
-50.4110155148168,-156.371468391877,0.0,CD8_Tcell
-9.94681724348901,124.56594911921553,0.0,CD8_Tcell
73.42870894403845,41.553904279228206,0.0,CD8_Tcell
146.52577432072312,-119.56736621290266,0.0,CD8_Tcell
24.755630477220645,-142.30822179600287,0.0,CD8_Tcell
63.18313882607452,4.257338951978006,0.0,CD8_Tcell
3.2432708194170123,-142.44175115733867,0.0,CD8_Tcell
187.26765249762175,14.010743961605796,0.0,CD8_Tcell
-133.83848989905076,-109.73955773205391,0.0,CD8_Tcell
73.30119033233774,176.9378624013808,0.0,CD8_Tcell
-81.6905432136525,120.9233731600504,0.0,CD8_Tcell
47.86499579903935,186.5007748334302,0.0,CD8_Tcell
-104.05374778375081,45.08178287397261,0.0,CD8_Tcell
49.26246117442644,144.82355368195385,0.0,CD8_Tcell
143.59533454217828,-85.91238062303653,0.0,CD8_Tcell
26.43672093475746,29.59179428280981,0.0,CD8_Tcell
183.8640797824248,-69.5672621294189,0.0,CD8_Tcell
191.21721281862128,20.556670383009287,0.0,CD8_Tcell
27.166855173403132,170.12012338025502,0.0,CD8_Tcell
-19.911749340645596,38.4196279629475,0.0,CD8_Tcell
-83.18639037371068,-43.48367617160393,0.0,CD8_Tcell
31.86281180027699,69.35068439521372,0.0,CD8_Tcell
11.713018058678712,-31.31422615661379,0.0,CD8_Tcell
-23.9530994247994,100.89193510352437,0.0,CD8_Tcell
-92.30383020511248,116.43624157769639,0.0,CD8_Tcell
-36.45162546353676,127.59919668769957,0.0,CD8_Tcell
48.340758205190255,-57.83689955990427,0.0,CD8_Tcell
-30.455324782114367,10.488119034162134,0.0,CD8_Tcell
55.15361741306416,-48.1265298386665,0.0,CD8_Tcell
-125.96118251282404,116.53161858962181,0.0,CD8_Tcell
107.66199088511564,-104.60776651010268,0.0,CD8_Tcell
-170.30268543988845,-18.822037048996254,0.0,CD8_Tcell
74.51285149487079,-174.5782611421585,0.0,CD8_Tcell
-28.987476031865413,8.19776970371056,0.0,CD8_Tcell
-106.71107264950963,62.78979385729895,0.0,CD8_Tcell
-56.39455934660953,89.49992942795922,0.0,CD8_Tcell
-176.8472416026865,-39.704048854644846,0.0,CD8_Tcell
30.684137884383883,-176.0796319319723,0.0,CD8_Tcell
-116.25903382059819,64.13693320330785,0.0,CD8_Tcell
-137.65630108309927,6.985421191545251,0.0,CD8_Tcell
48.34937668271473,107.32073909531596,0.0,CD8_Tcell
-13.358219066892648,181.58881235184862,0.0,CD8_Tcell
102.93854857758703,-165.37251246187623,0.0,CD8_Tcell
-72.665718721973,147.5186346335101,0.0,CD8_Tcell
-181.76865585141775,82.73620962680099,0.0,CD8_Tcell
133.43108660239113,-65.10387114187623,0.0,CD8_Tcell
-145.15986554931905,1.9372128024517334,0.0,CD8_Tcell
184.32503894649003,-72.44641210254801,0.0,CD8_Tcell
-158.0609720768761,-19.12651451504128,0.0,CD8_Tcell
122.61905890583688,133.46083695099182,0.0,CD8_Tcell
-105.37153647912055,-106.95529401997184,0.0,CD8_Tcell
135.80632133792236,-41.283062522420224,0.0,CD8_Tcell
53.891963821994814,-141.55419240235344,0.0,CD8_Tcell
90.96699940168509,87.32692075061253,0.0,CD8_Tcell
196.44213706117188,-24.954413614403734,0.0,CD8_Tcell
-0.3224979790121657,191.52001924889265,0.0,CD8_Tcell
-177.82152760121028,-86.37702856260964,0.0,CD8_Tcell
24.35492533943092,-117.26001570573258,0.0,CD8_Tcell
-65.3408656678989,12.087105281628427,0.0,CD8_Tcell
-67.78232497194857,126.68070544212118,0.0,CD8_Tcell
-78.16888852177995,-75.97682768132059,0.0,CD8_Tcell
142.93622031465304,54.621364359451185,0.0,CD8_Tcell
-74.32966460663974,85.19365387494614,0.0,CD8_Tcell
133.2439956576755,49.82132152679118,0.0,CD8_Tcell
-33.118119549449446,177.4366550985161,0.0,CD8_Tcell
95.33311870458991,-82.09821718280172,0.0,CD8_Tcell
48.942224722779365,140.85321414424308,0.0,CD8_Tcell
60.874158976825406,-125.5177174996029,0.0,CD8_Tcell
-153.93745236961593,-3.693276830641086,0.0,CD8_Tcell
79.80305972546994,152.07170401454889,0.0,CD8_Tcell
175.40209714578575,32.149595970487646,0.0,CD8_Tcell
168.11771878897892,40.484419498164264,0.0,CD8_Tcell
-73.21728224149757,158.99508319714815,0.0,CD8_Tcell
-9.782031540347795,-153.65121564555534,0.0,CD8_Tcell
-58.89221544337686,-39.337209192180886,0.0,CD8_Tcell
-12.365558795854508,-193.5262931101392,0.0,CD8_Tcell
-61.958047836318904,-122.12516815864625,0.0,CD8_Tcell
-124.46432735747277,28.894306208512802,0.0,CD8_Tcell
-15.200574151270686,53.00777800867321,0.0,CD8_Tcell
-3.318925783511552,-169.9041659219923,0.0,CD8_Tcell
71.69939953020403,-154.6077975084419,0.0,CD8_Tcell
149.44817197350844,-104.39575589954704,0.0,CD8_Tcell
155.6690073396544,-69.38446630712829,0.0,CD8_Tcell
59.883392893760295,-114.36674962929064,0.0,CD8_Tcell
-30.23641380499891,33.95882628914161,0.0,CD8_Tcell
170.47624263844344,7.571814586745784,0.0,CD8_Tcell
97.66036906762527,-150.9026042961548,0.0,CD8_Tcell
140.83615361395945,-12.365517493662702,0.0,CD8_Tcell
9.168672793639058,196.19492761986396,0.0,CD8_Tcell
-139.2766489013613,-66.56530090018607,0.0,CD8_Tcell
-51.01145618636586,148.30530592292476,0.0,CD8_Tcell
68.9075116110321,-49.17191106304475,0.0,CD8_Tcell
-143.87798579785715,-84.49421834852691,0.0,CD8_Tcell
-29.976303007002013,-61.04701867524144,0.0,CD8_Tcell
132.31541134014887,-17.611011937766115,0.0,CD8_Tcell
-16.385586620376237,81.90092844251745,0.0,CD8_Tcell
74.55080595632901,114.82881357010044,0.0,CD8_Tcell
-18.411477255459843,-88.04446417161977,0.0,CD8_Tcell
148.80236231441387,-50.66264254100979,0.0,CD8_Tcell
-136.696214076423,-0.5022584926322049,0.0,CD8_Tcell
-140.97716764829346,121.85622668845167,0.0,CD8_Tcell
-12.689636168224913,6.06080099502199,0.0,CD8_Tcell
95.64352223571044,90.83906700302734,0.0,CD8_Tcell
187.96840982998475,30.92285236469367,0.0,CD8_Tcell
-97.00058975876031,-45.027715433121394,0.0,CD8_Tcell
-127.11623500456062,-136.02304260740402,0.0,CD8_Tcell
177.47656165583763,72.16191064636344,0.0,CD8_Tcell
138.68230171784847,33.92754404983135,0.0,CD8_Tcell
-59.231804964972376,-119.3914686013964,0.0,CD8_Tcell
-63.04622627473884,7.433787567294772,0.0,CD8_Tcell
39.374147582848195,-155.97475591342595,0.0,CD8_Tcell
124.45787331639013,-85.45090956336394,0.0,CD8_Tcell
124.15957511611948,-143.24421009714882,0.0,CD8_Tcell
-22.352818849234016,-25.21787011660006,0.0,CD8_Tcell
-61.20158302432348,141.98344954543404,0.0,CD8_Tcell
93.16814461793754,99.68451799917115,0.0,CD8_Tcell
151.7047296711843,-78.23359874796353,0.0,CD8_Tcell
41.12533022001673,-156.43461462013116,0.0,CD8_Tcell
-33.07144824494007,55.27238749955576,0.0,CD8_Tcell
157.0689737041117,19.523515033369925,0.0,CD8_Tcell
-24.870452379812832,-42.57914962325829,0.0,CD8_Tcell
-14.909537398263906,12.181173278744321,0.0,CD8_Tcell
-20.74204628923767,7.084702559058841,0.0,CD8_Tcell
-100.25210145869323,-155.08029689814472,0.0,CD8_Tcell
-84.73426461675722,88.93758000588531,0.0,CD8_Tcell
-59.81864727694438,-6.779664902499804,0.0,CD8_Tcell
77.46172992322457,44.41266433996025,0.0,CD8_Tcell
-71.99966433001383,-36.4908981800967,0.0,CD8_Tcell
-1.7678145829614587,-84.33659027685519,0.0,CD8_Tcell
127.88604516659721,7.850351032140739,0.0,CD8_Tcell
136.96140851267566,48.042317226114164,0.0,CD8_Tcell
-18.427359411922357,-53.498955637963135,0.0,CD8_Tcell
-24.601963714510656,-84.5681464889189,0.0,CD8_Tcell
-55.09261774113098,-41.52597529412026,0.0,CD8_Tcell
155.9011336068513,14.78749345918598,0.0,CD8_Tcell
82.93716475456566,0.30526623422958094,0.0,CD8_Tcell
140.04858583105138,69.54329584286083,0.0,CD8_Tcell
-108.00891318706485,53.0365564518395,0.0,CD8_Tcell
143.2124468361452,-49.62318033545901,0.0,CD8_Tcell
-68.1079793711299,133.35032232184392,0.0,CD8_Tcell
170.57550885988363,-45.34856514483477,0.0,CD8_Tcell
12.298020673009765,-92.81138578214824,0.0,CD8_Tcell
31.919876330360545,95.43502379267605,0.0,CD8_Tcell
-32.417425843346784,51.16188951445064,0.0,CD8_Tcell
117.19822419970814,-101.68217648090653,0.0,CD8_Tcell
172.701256997027,11.541871204842597,0.0,CD8_Tcell
-21.772064192659133,-71.29446795654488,0.0,CD8_Tcell
-103.48595349178491,-123.17916567632817,0.0,CD8_Tcell
-26.141959044591612,-72.89009834476028,0.0,CD8_Tcell
128.21818718417552,-122.65175395697966,0.0,CD8_Tcell
-43.381641607579446,-77.24252988602986,0.0,CD8_Tcell
-191.28108569270276,35.40562922732126,0.0,CD8_Tcell
-14.632668778383154,-141.21341197359322,0.0,CD8_Tcell
-114.03773690376353,-3.683699638180014,0.0,CD8_Tcell
151.1707552334646,9.132837674257564,0.0,CD8_Tcell
-6.563434386373372,-20.807108231660326,0.0,CD8_Tcell
-168.90022108636776,-70.46407299494275,0.0,CD8_Tcell
49.59498508446069,-10.907321798160647,0.0,CD8_Tcell
-107.28705347420882,43.549176389164195,0.0,CD8_Tcell
11.316968599490945,149.41217266409882,0.0,CD8_Tcell
-28.350638992177547,59.36639202914083,0.0,CD8_Tcell
53.079481364709864,-47.419745289888226,0.0,CD8_Tcell
-189.36957957165512,56.09395742215258,0.0,CD8_Tcell
-31.57702620047402,154.96269577265159,0.0,CD8_Tcell
48.49009690444883,13.063856171603168,0.0,CD8_Tcell
8.072937233429732,73.36538080983958,0.0,CD8_Tcell
14.905690294068187,16.022428551160075,0.0,CD8_Tcell
37.55157863888471,7.346930513609615,0.0,CD8_Tcell
36.36884855939386,-195.18649833170656,0.0,CD8_Tcell
-175.4424156451605,84.03782317854574,0.0,CD8_Tcell
78.44172363833168,-156.55248328045232,0.0,CD8_Tcell
80.69612379049033,72.44688848556311,0.0,CD8_Tcell
-55.81347969838454,51.78214113045334,0.0,CD8_Tcell
-191.99741637581843,-41.813167839597035,0.0,CD8_Tcell
43.88996225797528,179.03098708768215,0.0,CD8_Tcell
31.14468381105771,45.82051491727105,0.0,CD8_Tcell
-19.182368129696822,132.2710356013265,0.0,CD8_Tcell
83.37494316145683,-105.41160781893915,0.0,CD8_Tcell
-99.38568406981527,-111.71966497344272,0.0,CD8_Tcell
-118.35942181823019,73.32851852310141,0.0,CD8_Tcell
36.792259770992985,144.53754485332234,0.0,CD8_Tcell
85.30588496386298,-23.42181269513644,0.0,CD8_Tcell
-8.780280738859464,196.54287337975958,0.0,CD8_Tcell
9.156805709176531,-63.44656530221035,0.0,CD8_Tcell
-84.28574242853617,-158.11332804895082,0.0,CD8_Tcell
75.84441850824973,-148.311063477332,0.0,CD8_Tcell
173.73899035143452,27.24909125760894,0.0,CD8_Tcell
5.44962774480709,-60.8052104968514,0.0,CD8_Tcell
-5.782082873752416,-148.44215635491776,0.0,CD8_Tcell
159.25440539079787,-92.69777383137206,0.0,CD8_Tcell
-75.20964114532013,-123.76709803265864,0.0,CD8_Tcell
92.32902835831572,26.3458214330421,0.0,CD8_Tcell
190.43346667698742,1.0499233647594624,0.0,CD8_Tcell
-35.277594244900754,-149.3561214809578,0.0,CD8_Tcell
28.60493584785161,15.902621888171913,0.0,CD8_Tcell
-99.0779326983671,-32.92264173852052,0.0,CD8_Tcell
-15.152691212422724,98.9837620622021,0.0,CD8_Tcell
-36.55514063288519,33.52094978504493,0.0,CD8_Tcell
146.0003164569519,-60.180308983107416,0.0,CD8_Tcell
137.3114575035489,22.587935620763375,0.0,CD8_Tcell
145.45466845341744,-120.80232192162367,0.0,CD8_Tcell
48.51233317193151,75.5029868089858,0.0,CD8_Tcell
-0.412555832929628,-121.37350369458612,0.0,CD8_Tcell
97.8815976480582,-163.05346074638484,0.0,CD8_Tcell
-14.238291152270445,-136.44299892998188,0.0,CD8_Tcell
-98.38580292829266,-171.5961348504782,0.0,CD8_Tcell
120.53552996694835,19.90213488109361,0.0,CD8_Tcell
-77.26800419288664,14.994937220326554,0.0,CD8_Tcell
95.88229949536873,-66.212232902695,0.0,CD8_Tcell
-77.18960953445972,140.13898313824387,0.0,CD8_Tcell
-59.691037084351684,-56.19110903014084,0.0,CD8_Tcell
-90.57499586684686,-150.57284130944763,0.0,CD8_Tcell
161.05787021186734,-50.53355437064738,0.0,CD8_Tcell
188.26491192608285,-9.995831852790884,0.0,CD8_Tcell
57.275870762011316,-5.754162095908249,0.0,CD8_Tcell
18.935703267446833,173.04232789689766,0.0,CD8_Tcell
177.62991368413765,1.4473939422150164,0.0,CD8_Tcell
46.92929121640423,2.492104464139815,0.0,CD8_Tcell
-67.25737515114756,188.3222825061729,0.0,CD8_Tcell
72.47382191087229,136.34814217875729,0.0,CD8_Tcell
-121.62532662385378,-133.46749895350018,0.0,CD8_Tcell
-31.00327892266272,196.93414650719524,0.0,CD8_Tcell
-5.337420017878364,192.77523380402994,0.0,CD8_Tcell
-1.5759615897866213,-189.75658870899105,0.0,CD8_Tcell
155.46256222527,121.74717502184832,0.0,CD8_Tcell
-43.60156635521673,-193.6920582461381,0.0,CD8_Tcell
27.626547131250515,-157.12330614534733,0.0,CD8_Tcell
70.61523008407738,126.22742409646682,0.0,CD8_Tcell
21.721436454125932,-111.04016071402059,0.0,CD8_Tcell
61.33612309670018,14.524464533939481,0.0,CD8_Tcell
-69.05238541205719,-66.74889297114456,0.0,CD8_Tcell
107.93149016265845,-65.97221339571983,0.0,CD8_Tcell
-180.16943072411541,47.382614552713356,0.0,CD8_Tcell
2.5946841181514406,-194.83829900315038,0.0,CD8_Tcell
13.757371890598577,-162.95057427047854,0.0,CD8_Tcell
193.5886799605894,20.87327226869607,0.0,CD8_Tcell
101.81854916629722,75.41937572052252,0.0,CD8_Tcell
-21.64501479915463,-118.7589568081414,0.0,CD8_Tcell
118.41710681382372,-92.557928292398,0.0,CD8_Tcell
72.43380713293587,-5.402845989779003,0.0,CD8_Tcell
-123.12567494043722,33.17246999362164,0.0,CD8_Tcell
145.1740420986758,-75.51180725358472,0.0,CD8_Tcell
-146.1910696398373,-1.89027074121447,0.0,CD8_Tcell
22.65143375602861,-21.353451655171902,0.0,CD8_Tcell
-67.05191762849277,93.28449391953635,0.0,CD8_Tcell
-127.22228910008693,87.63413485675821,0.0,CD8_Tcell
112.08849895470671,30.56432060299598,0.0,CD8_Tcell
97.5162155971362,-49.545935956356836,0.0,CD8_Tcell
20.671273581809388,82.5957360630566,0.0,CD8_Tcell
-24.07500126198445,104.03411200437169,0.0,CD8_Tcell
-35.55616729968901,86.366184582935,0.0,CD8_Tcell
-10.404256651767621,-195.0209807120182,0.0,CD8_Tcell
132.15376943178705,-49.382721276897094,0.0,CD8_Tcell
-27.652114192645918,116.30790230067626,0.0,CD8_Tcell
61.31841085749127,-42.173862172278824,0.0,CD8_Tcell
-117.52680981323839,-102.79249145010816,0.0,CD8_Tcell
-76.01657212521037,-67.55660365959554,0.0,CD8_Tcell
-34.432984723772286,-96.5892842162475,0.0,CD8_Tcell
-0.4214765189287163,-143.44671168912265,0.0,CD8_Tcell
64.94674120744006,-172.01038484172108,0.0,CD8_Tcell
-116.34243587984247,-61.9594267790465,0.0,CD8_Tcell
129.15935653985142,50.4777440784213,0.0,CD8_Tcell
-6.582431937439419,-111.3205015598267,0.0,CD8_Tcell
-25.658095724080127,-147.91765842843537,0.0,CD8_Tcell
17.05105324025294,-148.33202288345598,0.0,CD8_Tcell
-178.79733767896238,-2.7448375926529995,0.0,CD8_Tcell
61.76208136401568,-6.741070221387744,0.0,CD8_Tcell
45.04759933578241,37.28441342166266,0.0,CD8_Tcell
-178.28573294742407,26.189298670204234,0.0,CD8_Tcell
18.96530286811244,145.50549976233765,0.0,CD8_Tcell
-141.46477199404328,-13.155211507793792,0.0,CD8_Tcell
-58.43320649081958,-77.7942683321913,0.0,CD8_Tcell
-93.6238504568236,172.47383011413348,0.0,CD8_Tcell
-8.842931938395541,146.50398566886793,0.0,CD8_Tcell
-191.71547896224195,-45.51000273264741,0.0,CD8_Tcell
-45.48849777181522,12.957892719957124,0.0,CD8_Tcell
31.409689654339566,101.15923659706792,0.0,CD8_Tcell
179.8699720339923,31.13898093636672,0.0,CD8_Tcell
60.15694630688635,181.7255727366078,0.0,CD8_Tcell
132.88087069452115,33.13493249393229,0.0,CD8_Tcell
24.771510048063867,-178.06684245911015,0.0,CD8_Tcell
-157.3341812486377,-87.9018785082113,0.0,CD8_Tcell
-17.582179847089655,42.427718892509546,0.0,CD8_Tcell
172.2197382001897,-57.39450744308842,0.0,CD8_Tcell
-193.84277836729547,-24.8759667869355,0.0,CD8_Tcell
32.41555432203379,95.69557409951389,0.0,CD8_Tcell
84.16003767475145,-154.94024941133472,0.0,CD8_Tcell
77.08045814941754,24.03561340365965,0.0,CD8_Tcell
102.59951800758294,5.898437779073928,0.0,CD8_Tcell
32.127988927575565,-134.952939491221,0.0,CD8_Tcell
-38.85660584999972,78.05117587391754,0.0,CD8_Tcell
-157.19698360083413,33.889160360375406,0.0,CD8_Tcell
117.4298145727427,-49.705102046766854,0.0,CD8_Tcell
72.69425751046278,171.73761444867827,0.0,CD8_Tcell
133.87853682935244,49.33162947971748,0.0,CD8_Tcell
102.11492352774526,12.25596254435265,0.0,CD8_Tcell
-28.270584480714238,13.848970303253674,0.0,CD8_Tcell
190.77382872628945,36.07227189917906,0.0,CD8_Tcell
94.10318963640403,-43.11353255432202,0.0,CD8_Tcell
-173.63582463769418,-61.10859619410806,0.0,CD8_Tcell
30.54727051939633,132.43744298592338,0.0,CD8_Tcell
57.09391026854509,37.87955997411844,0.0,CD8_Tcell
68.65556938846,164.07745410023594,0.0,CD8_Tcell
35.127775869874256,182.3190100730188,0.0,CD8_Tcell
-128.14385404216057,2.2189655230789627,0.0,CD8_Tcell
-100.69265343474746,57.74107056312373,0.0,CD8_Tcell
73.69932523287262,-40.41556466678701,0.0,CD8_Tcell
-112.05417470960344,-148.2393647462273,0.0,CD8_Tcell
-130.32425618825738,32.510514609918495,0.0,CD8_Tcell
-83.50499837292394,158.0526345958518,0.0,CD8_Tcell
22.08534402331456,65.39466157868237,0.0,CD8_Tcell
-79.20440835344263,-105.96693054732779,0.0,CD8_Tcell
40.95540808220688,135.62192347832394,0.0,CD8_Tcell
-28.84588245725842,-142.32953602066928,0.0,CD8_Tcell
-101.49060514695904,148.84169528735418,0.0,CD8_Tcell
-99.07218135315954,160.3611128578522,0.0,CD8_Tcell
88.84643648677353,-23.21963728852545,0.0,CD8_Tcell
165.35164293701115,86.76421802217611,0.0,CD8_Tcell
96.73580311758462,-92.76563988477217,0.0,CD8_Tcell
67.48096356713513,122.52072988766392,0.0,CD8_Tcell
94.71513411618231,122.03057939423068,0.0,CD8_Tcell
-121.38016817839801,-4.522393112472336,0.0,CD8_Tcell
38.56082749839064,2.702446569347976,0.0,CD8_Tcell
71.36079281580307,28.648967399791765,0.0,CD8_Tcell
65.2686105265001,132.55695196042663,0.0,CD8_Tcell
-32.32379322469417,147.37377679190243,0.0,CD8_Tcell
-23.885426822317566,-14.996816447654405,0.0,CD8_Tcell
185.89246764339643,0.018490382731737885,0.0,CD8_Tcell
-31.48747627872024,-50.40331208375192,0.0,CD8_Tcell
-47.026409443913266,112.42404945689158,0.0,CD8_Tcell
63.7919217823271,-51.5715738571124,0.0,CD8_Tcell
43.117017584973496,112.04181881456283,0.0,CD8_Tcell
-156.4772727777231,105.3795538496033,0.0,CD8_Tcell
176.28466358485912,24.73554061598861,0.0,CD8_Tcell
40.70873214154182,-7.197984299194411,0.0,CD8_Tcell
-167.76884396161435,-92.10263720400667,0.0,CD8_Tcell
142.04805821032178,138.00058821486704,0.0,CD8_Tcell
99.50350653178774,138.06818619487413,0.0,CD8_Tcell
123.71327920123927,-137.47660103661667,0.0,CD8_Tcell
-33.88120339456829,65.15903735688612,0.0,CD8_Tcell
-33.45685685995004,78.80569666539755,0.0,CD8_Tcell
131.4130465635242,-140.83553237235355,0.0,CD8_Tcell
-13.79605506558097,-54.64152566343785,0.0,CD8_Tcell
146.66547377090043,-85.25933347865919,0.0,CD8_Tcell
137.8007126398508,117.41814304011979,0.0,CD8_Tcell
-158.10535266606956,81.95076813370794,0.0,CD8_Tcell
-103.57704457562568,-101.18150866120361,0.0,CD8_Tcell
-35.632799382317444,-97.17872029588658,0.0,CD8_Tcell
-31.199815348645547,44.33269320480896,0.0,CD8_Tcell
-135.24084598776344,-74.39869441622281,0.0,CD8_Tcell
-3.6251502064146535,-152.59141533886327,0.0,CD8_Tcell
-189.89181918738825,22.449295917325887,0.0,CD8_Tcell
11.508287515912244,-101.27594824288288,0.0,CD8_Tcell
84.36251343419073,-167.5512871720102,0.0,CD8_Tcell
44.91042201439101,-37.06505160956086,0.0,CD8_Tcell
27.95584397092966,-7.782018680993239,0.0,CD8_Tcell
-41.961298570554575,-64.58187499448535,0.0,CD8_Tcell
78.02535363695034,-37.35169885085117,0.0,CD8_Tcell
-63.20351448934215,151.14793105609618,0.0,CD8_Tcell
105.42555965688324,-35.42807476898308,0.0,CD8_Tcell
-175.89123111488288,55.11742231509173,0.0,CD8_Tcell
-80.32703466635138,135.81920490173076,0.0,CD8_Tcell
137.67583159552504,40.030571995655656,0.0,CD8_Tcell
104.60192280488391,-81.88972746521455,0.0,CD8_Tcell
-30.85678925789078,-124.59738515077568,0.0,CD8_Tcell
70.94454463274694,86.71828412174601,0.0,CD8_Tcell
40.531861673442705,17.829658597873426,0.0,CD8_Tcell
147.95096016129904,32.68668331522114,0.0,CD8_Tcell
95.45144320807682,78.51714518365125,0.0,CD8_Tcell
170.25431874110288,70.99766724323081,0.0,CD8_Tcell
-30.149172020193998,93.45013174197541,0.0,CD8_Tcell
97.06740448657071,-123.54703449849201,0.0,CD8_Tcell
14.833951112889325,2.507511434817365,0.0,CD8_Tcell
-154.968118044676,-94.13740154837716,0.0,CD8_Tcell
-43.575318678470204,-119.7549642947564,0.0,CD8_Tcell
20.305083060256415,14.967237426655865,0.0,CD8_Tcell
142.53273335689073,96.6014623775238,0.0,CD8_Tcell
-52.78177501890751,-63.00795936932685,0.0,CD8_Tcell
43.344892532207055,-110.66446644238532,0.0,CD8_Tcell
-61.836322745747815,-135.00530020705781,0.0,CD8_Tcell
-14.582000743774474,87.13505438986796,0.0,CD8_Tcell
156.13886648640053,73.4956165414349,0.0,CD8_Tcell
-6.713266706755063,-40.28153606476065,0.0,CD8_Tcell
-58.22518617961098,-12.621628068088945,0.0,CD8_Tcell
80.51990058361847,104.13353126966639,0.0,CD8_Tcell
61.758940316273645,135.96634827766883,0.0,CD8_Tcell
121.98768672000641,-152.277913665831,0.0,CD8_Tcell
132.4719332395546,-103.98497017696532,0.0,CD8_Tcell
31.198539350411423,99.59213716081815,0.0,CD8_Tcell
60.91130035376391,-124.6707944314549,0.0,CD8_Tcell
-61.28739622656426,-59.018664548308145,0.0,CD8_Tcell
36.410490448180596,92.79076069154519,0.0,CD8_Tcell
1.5312851265384895,-194.2006397842966,0.0,CD8_Tcell
33.98821113590626,-20.936405485912477,0.0,CD8_Tcell
126.00744899516656,51.04615641389496,0.0,CD8_Tcell
46.96510549157191,-134.24068410813518,0.0,CD8_Tcell
50.89399754400084,-88.75669390912563,0.0,CD8_Tcell
-85.28836371859683,174.05990837646627,0.0,CD8_Tcell
-146.37171467501489,-68.96340814087088,0.0,CD8_Tcell
-92.79425662083987,-37.04484463086795,0.0,CD8_Tcell
50.791316454726,75.57527712971329,0.0,CD8_Tcell
-113.6416562001882,-27.69354887690785,0.0,CD8_Tcell
84.29833375563568,52.6948025750271,0.0,CD8_Tcell
-52.14464348620736,-62.26447050581747,0.0,CD8_Tcell
-144.34952725761738,5.264737253274552,0.0,CD8_Tcell
118.66231149389412,158.59140321255546,0.0,CD8_Tcell
160.48660803926998,-12.832304450296416,0.0,CD8_Tcell
84.2801253073129,0.03193523837628809,0.0,CD8_Tcell
-46.38257074413243,-193.7284883788757,0.0,CD8_Tcell
-33.0963824663962,145.7269285968908,0.0,CD8_Tcell
159.33000828638345,58.84461739651489,0.0,CD8_Tcell
-188.5590712521812,-14.98567432641687,0.0,CD8_Tcell
-133.28230903466846,-147.13448455302958,0.0,CD8_Tcell
-122.60834501571978,-42.08112365745961,0.0,CD8_Tcell
-35.38619616915027,-162.35618342873883,0.0,CD8_Tcell
137.52949451452864,63.52210778695506,0.0,CD8_Tcell
-106.21966641220227,-108.60462135648989,0.0,CD8_Tcell
50.45337826785505,-32.171122268796466,0.0,CD8_Tcell
-166.6828113310128,-14.396048060528994,0.0,CD8_Tcell
-32.85963101220645,-12.567982871354278,0.0,CD8_Tcell
-24.05834858167605,28.43857669425888,0.0,CD8_Tcell
-13.677413698336915,-75.54344138805263,0.0,CD8_Tcell
-67.73512169092864,45.82475841795041,0.0,CD8_Tcell
2.7598698630542877,155.7950092285941,0.0,CD8_Tcell
87.14234973744443,67.01324552814337,0.0,CD8_Tcell
109.23535439361171,53.42003351693369,0.0,CD8_Tcell
8.278100750850587,31.63624131927974,0.0,CD8_Tcell
-103.49375534096961,-79.60823076822902,0.0,CD8_Tcell
-50.81639444762987,-28.390839875015274,0.0,CD8_Tcell
-38.46396292210818,-165.67664462162224,0.0,CD8_Tcell
-130.7467928671373,-150.01765960522025,0.0,CD8_Tcell
-59.05909259059197,85.77437331937519,0.0,CD8_Tcell
170.1534242380071,91.45946802422075,0.0,CD8_Tcell
13.950446709956285,-118.69398560837,0.0,CD8_Tcell
22.527414563144628,-141.37937186863726,0.0,CD8_Tcell
169.05167897637327,-22.173889170000045,0.0,CD8_Tcell
166.00801889023433,71.99439659012299,0.0,CD8_Tcell
-66.35748631105727,-87.00895524238436,0.0,CD8_Tcell
-166.9284847083356,72.19331216250764,0.0,CD8_Tcell
-173.9242934686449,20.515371424242264,0.0,CD8_Tcell
94.55184755185887,164.0658462465966,0.0,CD8_Tcell
-2.8448429803523343,-128.50413519104563,0.0,CD8_Tcell
28.09072393869011,140.151834181189,0.0,CD8_Tcell
-105.23327408220867,27.67189043299155,0.0,CD8_Tcell
-110.4711880829257,14.778578562113731,0.0,CD8_Tcell
-63.94252048526148,-33.88215439963327,0.0,CD8_Tcell
21.980848248552633,-166.76686176738565,0.0,CD8_Tcell
5.103849434116556,86.39212091154342,0.0,CD8_Tcell
51.99776441965435,66.23216907384521,0.0,CD8_Tcell
45.28584644699654,-80.82938948020643,0.0,CD8_Tcell
-26.86325370542753,-57.71608167706384,0.0,CD8_Tcell
-127.8884086699595,-96.05672641106979,0.0,CD8_Tcell
187.67780021115914,-17.58613487280302,0.0,CD8_Tcell
22.693489382362774,-64.60471962511711,0.0,CD8_Tcell
-7.839506434384769,196.979526198867,0.0,CD8_Tcell
97.14708143382107,16.456133165609913,0.0,CD8_Tcell
50.182792577686556,82.46426245433238,0.0,CD8_Tcell
-118.50309989374476,39.731381088090394,0.0,CD8_Tcell
-8.61761857343934,-178.8140907048453,0.0,CD8_Tcell
-174.38691499721523,92.68717366753506,0.0,CD8_Tcell
62.179658582506754,-24.808719598812957,0.0,CD8_Tcell
-136.21803748028015,-123.0518771693732,0.0,CD8_Tcell
2.099996615669783,128.4481892446532,0.0,CD8_Tcell
-27.44681475490347,-171.95032566365347,0.0,CD8_Tcell
52.26139116489641,151.36440864703408,0.0,CD8_Tcell
49.79282719537366,-69.96362089529379,0.0,CD8_Tcell
-85.89724786238511,3.793667543299947,0.0,CD8_Tcell
-70.63457390944599,-88.51600663977462,0.0,CD8_Tcell
31.530182697605067,-18.016468319732184,0.0,CD8_Tcell
-93.0610848981261,-32.51437452823984,0.0,CD8_Tcell
179.59417872215252,-19.860987913870346,0.0,CD8_Tcell
-65.53983329625693,-166.94782849370682,0.0,CD8_Tcell
22.583468018032725,65.97124514315755,0.0,CD8_Tcell
117.76801607190106,136.41536776682312,0.0,CD8_Tcell
148.49676058015518,77.7863590500226,0.0,CD8_Tcell
-170.75420593969287,13.907423402719328,0.0,CD8_Tcell
-35.51563703185899,76.43425430036483,0.0,CD8_Tcell
-167.13878268694424,-33.09476780873901,0.0,CD8_Tcell
-90.78008193870949,-127.44973399503863,0.0,CD8_Tcell
23.127043936825178,43.20173792286161,0.0,CD8_Tcell
-113.90580387870264,118.816000286619,0.0,CD8_Tcell
-25.218087269204688,19.149674149455777,0.0,CD8_Tcell
-83.5695965891394,84.55706223988827,0.0,CD8_Tcell
183.86783966943398,1.5381607667209984,0.0,CD8_Tcell
-151.54700556754742,95.1555458290985,0.0,CD8_Tcell
-150.5378547954271,-122.30831330715762,0.0,CD8_Tcell
-47.19966508645949,-33.41720220955457,0.0,CD8_Tcell
6.0991813035965725,57.42739650003407,0.0,CD8_Tcell
28.484716783256086,123.39483708218013,0.0,CD8_Tcell
144.14959543657986,-12.43004421383946,0.0,CD8_Tcell
-148.26157535674596,69.83619510498431,0.0,CD8_Tcell
-67.70435985927757,-33.311075123138906,0.0,CD8_Tcell
-95.78945317059214,-111.98501923713144,0.0,CD8_Tcell
34.66707891264929,-195.9183264387737,0.0,CD8_Tcell
22.21369433699823,-121.94006666043498,0.0,CD8_Tcell
-29.072932622270816,-163.6807970659855,0.0,CD8_Tcell
30.90913830402758,-49.35150892772109,0.0,CD8_Tcell
58.12755962195619,96.91691922581967,0.0,CD8_Tcell
-27.24400725471308,-191.9681329272098,0.0,CD8_Tcell
-163.83514913895158,-27.755774554935286,0.0,CD8_Tcell
74.17679730347609,-89.40825073251068,0.0,CD8_Tcell
-26.745703389271974,7.381880122414741,0.0,CD8_Tcell
-185.10446694878206,47.752797139545926,0.0,CD8_Tcell
94.0393706677389,74.76554327569262,0.0,CD8_Tcell
-34.19879519095868,78.30652879788529,0.0,CD8_Tcell
46.75877872649143,-134.94309057761149,0.0,CD8_Tcell
173.16178713049302,-64.43107465123724,0.0,CD8_Tcell
-113.83808938596962,24.78025643166728,0.0,CD8_Tcell
-66.72125994409568,-109.30384913651665,0.0,CD8_Tcell
-37.29492984911712,72.57654979888387,0.0,CD8_Tcell
-14.900298397940134,-170.87849703294293,0.0,CD8_Tcell
190.69829495076124,-41.275066603905366,0.0,CD8_Tcell
-61.61773445061439,156.86202281968735,0.0,CD8_Tcell
64.10806331232729,-153.01767320439956,0.0,CD8_Tcell
-34.32522991777217,94.97753364156755,0.0,CD8_Tcell
-189.3991743188936,-44.798166056792994,0.0,CD8_Tcell
-190.36979875106766,-52.46827347043808,0.0,CD8_Tcell
-115.61719446219259,-12.147120204888374,0.0,CD8_Tcell
-125.41220844650903,-136.86460873957685,0.0,CD8_Tcell
-70.57146766345154,-12.58865059156146,0.0,CD8_Tcell
-82.09361754747201,6.6870664039251695,0.0,CD8_Tcell
-162.07428815545128,-74.05864086385415,0.0,CD8_Tcell
40.54774577202575,121.83596732220671,0.0,CD8_Tcell
-161.7381787391797,13.295945645988047,0.0,CD8_Tcell
41.68277250903652,49.17033542429152,0.0,CD8_Tcell
164.59642537421334,-109.96946621865985,0.0,CD8_Tcell
147.9110725531403,-58.519351223910945,0.0,CD8_Tcell
-8.84961429513106,-112.93501410958534,0.0,CD8_Tcell
35.202504392809,111.99348474489554,0.0,CD8_Tcell
161.70191650369924,24.256933021884667,0.0,CD8_Tcell
121.32354229541842,-125.08436205993628,0.0,CD8_Tcell
9.38840503351271,56.081766706377266,0.0,CD8_Tcell
-35.40728163483809,108.94208077028281,0.0,CD8_Tcell
-86.73320050534791,-170.6193545405177,0.0,CD8_Tcell
61.287222567415945,-142.4198390505241,0.0,CD8_Tcell
156.6647044261625,33.424240287295675,0.0,CD8_Tcell
115.63693992426606,-80.91714180205403,0.0,CD8_Tcell
-58.144826026262486,4.3438834158412805,0.0,CD8_Tcell
104.70082870779204,135.93185043587692,0.0,CD8_Tcell
59.369406784699365,7.46785445288809,0.0,CD8_Tcell
-125.51750486219463,-139.42084821840936,0.0,CD8_Tcell
91.47315388375765,145.4575107417732,0.0,CD8_Tcell
25.81721560654301,179.05305685446314,0.0,CD8_Tcell
-139.23753964459482,143.32304215711292,0.0,CD8_Tcell
-109.84731615646922,-39.90721254891509,0.0,CD8_Tcell
113.79870862461887,-9.262141642520643,0.0,CD8_Tcell
96.20779716042357,-82.35527733100965,0.0,CD8_Tcell
148.6524930227022,-83.9565841021552,0.0,CD8_Tcell
-33.765042004295054,28.268692928793403,0.0,CD8_Tcell
158.10792739568635,-59.30330364206257,0.0,CD8_Tcell
-32.0250907722733,170.7514050599582,0.0,CD8_Tcell
-158.1071800634364,-98.19274963554057,0.0,CD8_Tcell
107.19693139574134,-124.67713163897055,0.0,CD8_Tcell
-25.976664334995686,5.512894892093568,0.0,CD8_Tcell
-179.85675079869054,-39.71175388383365,0.0,CD8_Tcell
17.64296788393466,-75.9334251713888,0.0,CD8_Tcell
29.93590002875155,76.74509768163084,0.0,CD8_Tcell
153.41001482923332,119.79373266448556,0.0,CD8_Tcell
-105.02981532883771,133.2316806393482,0.0,CD8_Tcell
-156.53742090801018,-1.5738822357250513,0.0,CD8_Tcell
-121.49341892033367,-95.00273047671315,0.0,CD8_Tcell
-36.44121756273835,68.99914213238102,0.0,CD8_Tcell
-18.637595728519546,-176.35912109280937,0.0,CD8_Tcell
-178.158971480498,-6.422566421865377,0.0,CD8_Tcell
173.92481932170213,34.6068638206196,0.0,CD8_Tcell
191.8427188343702,49.38786694305344,0.0,CD8_Tcell
-155.24261769328876,-51.42328128007379,0.0,CD8_Tcell
-47.6653812536633,-104.68044717710004,0.0,CD8_Tcell
120.46217094974799,84.00246022770007,0.0,CD8_Tcell
-37.529694390702815,116.10527237756095,0.0,CD8_Tcell
67.26405478432204,131.64591943644945,0.0,CD8_Tcell
-63.47604245250365,69.30061355243943,0.0,CD8_Tcell
-165.34990235925162,70.46178894778868,0.0,CD8_Tcell
-48.2384453026943,23.584563725724337,0.0,CD8_Tcell
-98.85768371961503,-136.12872969601116,0.0,CD8_Tcell
6.0713449900338485,16.60112438977074,0.0,CD8_Tcell
-171.99103085785075,27.938038619473726,0.0,CD8_Tcell
26.681025071124157,-126.746964887605,0.0,CD8_Tcell
47.80201788913276,-105.55763658931302,0.0,CD8_Tcell
-43.87688082228871,-99.22255462096061,0.0,CD8_Tcell
-81.538988102064,161.57614656439338,0.0,CD8_Tcell
-12.213282500349633,143.7998950269313,0.0,CD8_Tcell
-167.90917268791418,58.891095916726925,0.0,CD8_Tcell
95.2585903652756,-44.71527280978994,0.0,CD8_Tcell
-114.86672102868816,-82.49563281952966,0.0,CD8_Tcell
160.89693247880072,-116.4303095657093,0.0,CD8_Tcell
67.46226139562712,41.84453578044878,0.0,CD8_Tcell
-13.748667093496667,33.950116601811274,0.0,CD8_Tcell
-35.04103909077016,162.7897676939211,0.0,CD8_Tcell
14.588192041140701,185.62935186150244,0.0,CD8_Tcell
-39.546413315248266,78.7592699199075,0.0,CD8_Tcell
-0.9945727756027937,-197.84978434212098,0.0,CD8_Tcell
-136.14130826035102,105.98623534785393,0.0,CD8_Tcell
161.09328547519254,81.8192245934947,0.0,CD8_Tcell
125.30839277383161,70.91561660073737,0.0,CD8_Tcell
-109.75523579351406,-62.932127453178744,0.0,CD8_Tcell
143.47946403245507,-93.72317164529224,0.0,CD8_Tcell
-55.198727499006715,28.83321248379404,0.0,CD8_Tcell
29.52016301311251,-159.0744707129065,0.0,CD8_Tcell
-116.55423573748052,109.30980271722804,0.0,CD8_Tcell
85.59668542612542,-41.8007938482795,0.0,CD8_Tcell
1.906494800229472,34.5999486686024,0.0,CD8_Tcell
-157.75893083179486,90.60019573911437,0.0,CD8_Tcell
122.42526925398674,-108.08035978641767,0.0,CD8_Tcell
70.25329975560189,158.11818402349263,0.0,CD8_Tcell
-100.51868117596578,107.41255637499312,0.0,CD8_Tcell
-126.8007409336221,72.61938554159565,0.0,CD8_Tcell
106.68831623602493,159.72521386127326,0.0,CD8_Tcell
-94.6367021324564,-102.14954568528728,0.0,CD8_Tcell
-41.059097714977916,-185.16860931547086,0.0,CD8_Tcell
44.121122702368005,-97.5452445507279,0.0,CD8_Tcell
126.93230453263787,41.087781286348175,0.0,CD8_Tcell
-55.085886435524074,-162.73471145585773,0.0,CD8_Tcell
32.11432082882146,69.62675751324647,0.0,CD8_Tcell
136.02071409816358,84.37458086696952,0.0,CD8_Tcell
-13.25082929119038,-169.23160542387865,0.0,CD8_Tcell
-67.92928688945898,-147.81122325280856,0.0,CD8_Tcell
-89.68534798111615,14.55686754337677,0.0,CD8_Tcell
-187.05687319424004,-4.616899565450318,0.0,CD8_Tcell
123.12934043138912,-127.3358967644525,0.0,CD8_Tcell
135.63549047356932,-129.88690267840605,0.0,CD8_Tcell
65.96899419344601,-185.0350836530838,0.0,CD8_Tcell
91.53632587439397,-16.32531874055645,0.0,CD8_Tcell
-128.59963784062765,48.795570743864985,0.0,CD8_Tcell
71.64789518630033,126.74100322878493,0.0,CD8_Tcell
36.855104359735066,-74.72119203720136,0.0,CD8_Tcell
-25.195443882841435,-110.00468936865404,0.0,CD8_Tcell
99.0325383443615,58.221469795822955,0.0,CD8_Tcell
-151.7857633768893,6.278881003077665,0.0,CD8_Tcell
74.22634648904521,2.7102507607151285,0.0,CD8_Tcell
145.0728710947536,-61.994599280619546,0.0,CD8_Tcell
110.79544134567854,17.87790016049924,0.0,CD8_Tcell
162.2416851656181,26.235926148521347,0.0,CD8_Tcell
6.372365129611864,-15.526276375786061,0.0,CD8_Tcell
-133.416893276799,84.78064129291027,0.0,CD8_Tcell
-178.8630287024358,-51.999247813877595,0.0,CD8_Tcell
-134.87059226251534,67.51371658139745,0.0,CD8_Tcell
-91.32789755773067,42.1789708583762,0.0,CD8_Tcell
-78.34875892984124,64.54852001330362,0.0,CD8_Tcell
-164.83459667466283,-53.80096759530623,0.0,CD8_Tcell
-66.70455629867848,111.35837116071508,0.0,CD8_Tcell
-179.64292075411663,71.47113510078756,0.0,CD8_Tcell
-35.25114791760652,21.186816509822584,0.0,CD8_Tcell
-123.29721334299592,-87.00095145622532,0.0,CD8_Tcell
-132.7812127815281,98.19497362333625,0.0,CD8_Tcell
-167.72203898065396,-21.94216243603519,0.0,CD8_Tcell
56.27297531710001,21.81912448627172,0.0,CD8_Tcell
-46.7703146540858,-9.609898827927564,0.0,CD8_Tcell
-71.99800459588762,-137.20570486701726,0.0,CD8_Tcell
-1.9901900935762673,154.07192194670995,0.0,CD8_Tcell
-96.99876619570473,59.06638855512603,0.0,CD8_Tcell
81.90445080100602,11.890284091140458,0.0,CD8_Tcell
-37.33828020338087,25.43644141445693,0.0,CD8_Tcell
4.081908654149669,113.00850356237285,0.0,CD8_Tcell
52.774684578692835,-162.18442676668235,0.0,CD8_Tcell
-90.91512586892327,74.38857370776344,0.0,CD8_Tcell
-84.92525693010344,48.755638296559,0.0,CD8_Tcell
96.93080392569387,-144.52861967451076,0.0,CD8_Tcell
-17.310869113200905,-189.68872564979418,0.0,CD8_Tcell
7.540092393083096,45.549900079215405,0.0,CD8_Tcell
-42.53328458277613,170.0219567274409,0.0,CD8_Tcell
25.919294362997203,-172.62603468631684,0.0,CD8_Tcell
124.95713214856048,-82.3963790482756,0.0,CD8_Tcell
-82.74436518921921,7.537777464526338,0.0,CD8_Tcell
-46.702361813711036,-41.3001112263715,0.0,CD8_Tcell
62.582443379947726,-70.7131533174386,0.0,CD8_Tcell
-108.68443699084062,-119.31313251800923,0.0,CD8_Tcell
-176.98965699339033,8.498218799633467,0.0,CD8_Tcell
54.58199810316468,37.030155275521516,0.0,CD8_Tcell
21.870192157459844,-112.74086551490403,0.0,CD8_Tcell
141.53634645492028,97.67152669295014,0.0,CD8_Tcell
125.11545771074448,5.835193394146453,0.0,CD8_Tcell
-170.65293380473034,-10.181629424305674,0.0,CD8_Tcell
-182.64511965183684,-35.71949389155229,0.0,CD8_Tcell
-20.042634292058395,193.3873263113597,0.0,CD8_Tcell
81.4112385826612,62.72583182078848,0.0,CD8_Tcell
-56.335405985455914,107.51713828448474,0.0,CD8_Tcell
101.01546562304361,-138.9263282803575,0.0,CD8_Tcell
-122.81401734784143,138.98931639601642,0.0,CD8_Tcell
-15.106365224215335,49.95357616254436,0.0,CD8_Tcell
-148.95866234772993,62.0479179937201,0.0,CD8_Tcell
-34.89586811454508,99.80237621525114,0.0,CD8_Tcell
-60.34285895497204,50.778223413442795,0.0,CD8_Tcell
117.06512362753183,-116.08784540108581,0.0,CD8_Tcell
83.16280038299327,129.32763894187013,0.0,CD8_Tcell
73.58551609489717,-40.65568362333688,0.0,CD8_Tcell
-134.19586563790756,-70.57098545002674,0.0,CD8_Tcell
66.86509639336703,99.29706267244116,0.0,CD8_Tcell
71.48219552236793,-29.64015618307749,0.0,CD8_Tcell
103.03812251983932,102.60376677361701,0.0,CD8_Tcell
15.861538871144964,151.4895122640752,0.0,CD8_Tcell
44.72047395706505,176.40157367424865,0.0,CD8_Tcell
-114.07369830807758,-19.266755220225328,0.0,CD8_Tcell
62.806452385403574,-181.03225920577668,0.0,CD8_Tcell
22.35072564803946,-185.17477777653403,0.0,CD8_Tcell
-38.56495404345525,-188.56452003036463,0.0,CD8_Tcell
-2.218098570991148,-162.46835817291915,0.0,CD8_Tcell
119.07092609499223,150.08575976571532,0.0,CD8_Tcell
-76.06177393551137,163.39294717117937,0.0,CD8_Tcell
108.79950230629802,-139.50448121122196,0.0,CD8_Tcell
23.137985387700205,-194.01233531371952,0.0,CD8_Tcell
-52.186212237112365,-129.67429764030453,0.0,CD8_Tcell
-137.97793854772047,-91.6021757809714,0.0,CD8_Tcell
-74.25938409519696,4.813279391855433,0.0,CD8_Tcell
37.151072714624426,62.80624629052586,0.0,CD8_Tcell
-124.5546908555679,-41.376179511277,0.0,CD8_Tcell
-177.17273000705345,-33.13348321356896,0.0,CD8_Tcell
166.9136027746048,-2.454992347358859,0.0,CD8_Tcell
-24.251909000197276,-127.91196546131368,0.0,CD8_Tcell
163.0890382741767,100.43339672316236,0.0,CD8_Tcell
109.25610503759972,104.41038140114179,0.0,CD8_Tcell
-153.68607931819844,-30.36708542372829,0.0,CD8_Tcell
174.7795232832787,-79.894739976578,0.0,CD8_Tcell
160.1529988080929,-21.79024737503171,0.0,CD8_Tcell
-32.56818854039921,-4.379670445313042,0.0,CD8_Tcell
-164.4644161086648,25.422082418400485,0.0,CD8_Tcell
-101.9301049493245,120.37856901464268,0.0,CD8_Tcell
-25.985131250191003,-86.64443734098087,0.0,CD8_Tcell
-144.3007704889434,-60.958763667991256,0.0,CD8_Tcell
-118.84592668291086,-19.232709793453832,0.0,CD8_Tcell
28.16080441790692,-35.413249793088724,0.0,CD8_Tcell
-66.85611978057105,155.0057252801024,0.0,CD8_Tcell
-79.67887441357239,-177.21811735248775,0.0,CD8_Tcell
163.3371953589749,-101.05195080702929,0.0,CD8_Tcell
69.12293361415415,0.6295084778888632,0.0,CD8_Tcell
44.56566934207021,86.41692626397462,0.0,CD8_Tcell
113.47201165417452,-80.35370969713883,0.0,CD8_Tcell
19.219959843934575,-191.9614058697423,0.0,CD8_Tcell
46.55478210205957,-13.876428630109979,0.0,CD8_Tcell
-114.58822093115013,41.40664410232599,0.0,CD8_Tcell
181.98174565623023,-82.62836613522042,0.0,CD8_Tcell
-69.45055910002321,162.63819180482741,0.0,CD8_Tcell
-169.8058583878097,58.4622473280515,0.0,CD8_Tcell
-192.04120552753005,13.837320066232195,0.0,CD8_Tcell
-151.68928977113376,7.881726222786691,0.0,CD8_Tcell
26.331758295503022,24.647667514393092,0.0,CD8_Tcell
-184.18968557606246,32.444592700178866,0.0,CD8_Tcell
11.391730303272308,-95.63345860598564,0.0,CD8_Tcell
-127.74499000415989,-43.47874970718185,0.0,CD8_Tcell
18.85439762451061,137.47171976173098,0.0,CD8_Tcell
0.34611065240991284,-13.989915523287657,0.0,CD8_Tcell
138.63307511845562,91.14572613315902,0.0,CD8_Tcell
52.43501544284185,-73.62016440470076,0.0,CD8_Tcell
161.7543751918981,69.34316481763773,0.0,CD8_Tcell
-27.264561905099065,135.08153089586952,0.0,CD8_Tcell
-111.56433439817822,-63.989531132347274,0.0,CD8_Tcell
158.44218375110032,104.84423297264266,0.0,CD8_Tcell
85.33057894859458,80.22181478168525,0.0,CD8_Tcell
-128.3425122726827,-16.788925715048517,0.0,CD8_Tcell
-60.41826893226418,-60.824376448509504,0.0,CD8_Tcell
20.09218560554269,-58.74167252176207,0.0,CD8_Tcell
-23.361613036277074,130.35911547273858,0.0,CD8_Tcell
-103.96721673893083,-72.37989838418625,0.0,CD8_Tcell
7.768023927810613,-70.92434166545193,0.0,CD8_Tcell
-103.0289281220764,116.3387315412129,0.0,CD8_Tcell
-140.53513615050485,-52.88288620064126,0.0,CD8_Tcell
22.054091100091487,52.40734810287523,0.0,CD8_Tcell
91.81911302197227,107.62033674345888,0.0,CD8_Tcell
-67.8135605368866,32.33552711940177,0.0,CD8_Tcell
174.65938462267394,42.88695563377204,0.0,CD8_Tcell
-122.042829479668,-51.49031202700053,0.0,CD8_Tcell
-21.77299940606582,174.62930790199323,0.0,CD8_Tcell
-73.72870076190063,130.65950230255856,0.0,CD8_Tcell
-77.70640031221484,-178.30285579550153,0.0,CD8_Tcell
-71.04007452384211,-29.534941494297875,0.0,CD8_Tcell
154.3930956965789,-3.034573498035823,0.0,CD8_Tcell
50.99404685698972,75.62840203920105,0.0,CD8_Tcell
71.79276856082535,124.5663277672656,0.0,CD8_Tcell
77.78730125984336,63.094264494052,0.0,CD8_Tcell
43.27185146224192,-99.07332282544553,0.0,CD8_Tcell
34.60601376481714,178.63028737209964,0.0,CD8_Tcell
160.1811639744233,-87.57111630095396,0.0,CD8_Tcell
-157.9533070499458,32.11606086138436,0.0,CD8_Tcell
-126.5412179496836,136.8579401418573,0.0,CD8_Tcell
24.529621848460884,-122.5903983007787,0.0,CD8_Tcell
4.043824437655553,-127.64002560159571,0.0,CD8_Tcell
50.116106940728024,-141.45144275928993,0.0,CD8_Tcell
-104.01286737232799,-125.88605819554293,0.0,CD8_Tcell
-35.04289420801974,46.95115688707337,0.0,CD8_Tcell
126.35154068727103,36.5849713587029,0.0,CD8_Tcell
-166.38351750205427,-11.377018543064843,0.0,CD8_Tcell
186.8704155479955,18.058611552740974,0.0,CD8_Tcell
196.07478397997943,-15.775407819511607,0.0,CD8_Tcell
-43.926985954804735,165.9987074465855,0.0,CD8_Tcell
190.41902723771247,-42.63111618690311,0.0,CD8_Tcell
36.24181695605541,69.68282430383839,0.0,CD8_Tcell
17.044212659037246,62.83780403508745,0.0,CD8_Tcell
-156.9502862019175,-49.91384026123683,0.0,CD8_Tcell
-80.9886384644715,-160.54634486470567,0.0,CD8_Tcell
124.06398061674287,-67.61757995836648,0.0,CD8_Tcell
158.951250903449,-25.137350649807953,0.0,CD8_Tcell
-37.764513258546714,-57.52951148856108,0.0,CD8_Tcell
-70.58446392805389,-38.728667420355265,0.0,CD8_Tcell
69.12737212737295,-44.82918470137151,0.0,CD8_Tcell
-51.14938056616301,116.53388370881093,0.0,CD8_Tcell
7.418377011233263,64.59460433357549,0.0,CD8_Tcell
36.52749457293104,-144.8377114373184,0.0,CD8_Tcell
92.28802951228958,-139.3166330375514,0.0,CD8_Tcell
-42.41228678095349,13.60299096978452,0.0,CD8_Tcell
-111.61865033814495,-3.435332199360686,0.0,CD8_Tcell
-133.54666451306093,140.67876026859042,0.0,CD8_Tcell
151.59298439658582,9.920381261609323,0.0,CD8_Tcell
-16.00735218164923,-124.92108486940958,0.0,CD8_Tcell
62.3368652239432,-3.7147613667037103,0.0,CD8_Tcell
12.124500166265744,114.10863261373244,0.0,CD8_Tcell
-1.4597840630890488,-93.74278424250517,0.0,CD8_Tcell
-111.7529350375667,-139.61773562291546,0.0,CD8_Tcell
-20.07603699872961,-48.91868917431513,0.0,CD8_Tcell
-121.24913286900288,-84.28082391909514,0.0,CD8_Tcell
-2.1209790849032752,-138.58353301355072,0.0,CD8_Tcell
-39.545084548689594,-120.72029461079937,0.0,CD8_Tcell
-43.104378299887756,129.6267373126641,0.0,CD8_Tcell
-118.6444316613899,36.556081199269194,0.0,CD8_Tcell
27.570144636973055,147.71390190244165,0.0,CD8_Tcell
-30.617286655708465,100.00283237979491,0.0,CD8_Tcell
-27.773181589593815,-128.0706260770388,0.0,CD8_Tcell
-152.0960111046606,-56.61091317478044,0.0,CD8_Tcell
-53.24127002468375,177.04879066481436,0.0,CD8_Tcell
150.83691110721526,-61.41308944469321,0.0,CD8_Tcell
-126.56345839552536,144.0923820667295,0.0,CD8_Tcell
159.6159791767253,13.761278659571323,0.0,CD8_Tcell
-59.98532586095008,126.2766602190954,0.0,CD8_Tcell
63.62658679899977,175.55000040784125,0.0,CD8_Tcell
38.72848208056047,-79.9908893617112,0.0,CD8_Tcell
49.182114104612474,-146.53130055469896,0.0,CD8_Tcell
59.929048452336566,-7.636845598205402,0.0,CD8_Tcell
52.501752243952886,-61.766395438681094,0.0,CD8_Tcell
-196.84888532457364,26.75959518467114,0.0,CD8_Tcell
5.752187594677416,76.21771993563154,0.0,CD8_Tcell
-13.986048228151903,-65.53165712102373,0.0,CD8_Tcell
36.941706919345556,43.275479143427155,0.0,CD8_Tcell
94.879875561687,-101.99097359979216,0.0,CD8_Tcell
-83.31992409340458,134.93278688442032,0.0,CD8_Tcell
-123.45139477315601,119.86815985294237,0.0,CD8_Tcell
-150.29895634596463,-112.60217705027614,0.0,CD8_Tcell
18.16438062096041,-31.8321146041913,0.0,CD8_Tcell
-71.14669687279718,11.422084543286461,0.0,CD8_Tcell
-0.38220808632264824,-179.47833206739406,0.0,CD8_Tcell
-71.08305102559478,156.1560904565204,0.0,CD8_Tcell
2.6162153614497465,-198.41564085052508,0.0,CD8_Tcell
19.15413405973214,-122.11368181447813,0.0,CD8_Tcell
93.43900647894904,-88.03561456831468,0.0,CD8_Tcell
-109.07623552332372,116.53828842896684,0.0,CD8_Tcell
-11.894953941360082,-112.84763850463646,0.0,CD8_Tcell
-149.77510319427364,-84.4919368720282,0.0,CD8_Tcell
-20.975323355141974,100.64335594934555,0.0,CD8_Tcell
-119.05078000422695,81.32679295169022,0.0,CD8_Tcell
67.49796548408737,-28.464777805067193,0.0,CD8_Tcell
38.555771037913814,151.4802512101375,0.0,CD8_Tcell
-125.29974904857234,-61.28282278431184,0.0,CD8_Tcell
90.36181451682516,-123.5424365987969,0.0,CD8_Tcell
-109.29584437453995,103.37248628203866,0.0,CD8_Tcell
4.806631500590419,181.24799908280156,0.0,CD8_Tcell
183.16963113167125,-40.145461465665676,0.0,CD8_Tcell
54.56718549993585,-175.57301544381897,0.0,CD8_Tcell
-136.89438263048433,-28.292620466786715,0.0,CD8_Tcell
164.39137899831394,-61.92155700227862,0.0,CD8_Tcell
-79.4449164954198,113.55998177163384,0.0,CD8_Tcell
89.46125137492368,52.01260628360395,0.0,CD8_Tcell
33.584268358899294,-98.77212267128309,0.0,CD8_Tcell
-125.74460641442893,-24.24500975022393,0.0,CD8_Tcell
-42.21280322364503,-99.2721940666058,0.0,CD8_Tcell
44.02633314667445,-84.81918535759294,0.0,CD8_Tcell
67.02586168584192,-40.993594909327975,0.0,CD8_Tcell
62.59271124700871,61.65792694720854,0.0,CD8_Tcell
-2.79720724399443,131.88477433955705,0.0,CD8_Tcell
-107.42976930766325,-94.27826306206904,0.0,CD8_Tcell
-156.84683298794667,120.78845045236878,0.0,CD8_Tcell
-144.25440509615902,62.311786377815416,0.0,CD8_Tcell
-11.110771454327816,-147.20628877906208,0.0,CD8_Tcell
144.19064006970726,-134.51536127531332,0.0,CD8_Tcell
182.68628062567765,-0.10053751774622173,0.0,CD8_Tcell
-121.85813383478292,-141.65112391928957,0.0,CD8_Tcell
1.8978744285969313,185.92091615862884,0.0,CD8_Tcell
163.49041401570324,-10.870714088264403,0.0,CD8_Tcell
-89.28424267360558,52.069157214271144,0.0,CD8_Tcell
39.34042100455612,-141.57144604552659,0.0,CD8_Tcell
56.428830553203085,-50.03920765797844,0.0,CD8_Tcell
41.41147858285875,-94.60405166783738,0.0,CD8_Tcell
126.69451027806913,-132.15743052507617,0.0,CD8_Tcell
-114.84169634056306,118.83661619613898,0.0,CD8_Tcell
136.60122793094163,46.97135628801597,0.0,CD8_Tcell
-43.52412968499339,-177.77061559257936,0.0,CD8_Tcell
-89.07310244943015,-99.03165796961275,0.0,CD8_Tcell
96.51033119319305,1.6344631561362442,0.0,CD8_Tcell
20.56985466762588,186.09167706709246,0.0,CD8_Tcell
43.287311201414845,-30.61395877742589,0.0,CD8_Tcell
172.47698332289087,-91.66069524704652,0.0,CD8_Tcell
113.93367682411824,-52.86075778227885,0.0,CD8_Tcell
-8.131878394558443,-42.05049082227778,0.0,CD8_Tcell
-128.86239815494642,25.476392818249362,0.0,CD8_Tcell
31.806471072244516,-26.374588663457395,0.0,CD8_Tcell
-37.64364276421951,-194.81974422591165,0.0,CD8_Tcell
-186.9411599029686,-35.696862548685104,0.0,CD8_Tcell
-53.016068949761156,-95.26561860330422,0.0,CD8_Tcell
32.82579554479772,-39.0292638931817,0.0,CD8_Tcell
-116.98241670886968,-62.40614806948572,0.0,CD8_Tcell
-122.31068975766902,-17.791914292888645,0.0,CD8_Tcell
65.91148000943745,1.7154906476961749,0.0,CD8_Tcell
124.52169840020396,-46.52521821898002,0.0,CD8_Tcell
-74.79087792002515,-76.35215900185578,0.0,CD8_Tcell
-98.08309368754102,101.32169567720699,0.0,CD8_Tcell
75.39410970293369,92.05761572762577,0.0,CD8_Tcell
-66.76334000149174,160.36748995873754,0.0,CD8_Tcell
-75.79435621387874,127.96061266276661,0.0,CD8_Tcell
14.97250666686218,35.622798646568576,0.0,CD8_Tcell
-55.47034070219464,-142.27605541197457,0.0,CD8_Tcell
-17.847095891153643,141.20164447663697,0.0,CD8_Tcell
51.642740895004756,-70.44747619330808,0.0,CD8_Tcell
-64.47560760693293,-119.47643515404044,0.0,CD8_Tcell
-52.79638638626175,92.43986103327246,0.0,CD8_Tcell
179.1988368195111,-43.8587132196898,0.0,CD8_Tcell
-156.9308628175225,72.26967039005599,0.0,CD8_Tcell
26.463239924322583,-136.98954053431171,0.0,CD8_Tcell
-146.74347568736104,-105.4606432513116,0.0,CD8_Tcell
-101.13319366815686,7.266445131890667,0.0,CD8_Tcell
-14.28782486233341,100.81516061903795,0.0,CD8_Tcell
196.58322296464073,24.637085025743804,0.0,CD8_Tcell
-45.111999932788535,157.08378807570188,0.0,CD8_Tcell
-185.26505686043816,72.9547413532917,0.0,CD8_Tcell
-79.22983399980534,57.06278717969837,0.0,CD8_Tcell
92.0458805165698,-98.02700307198776,0.0,CD8_Tcell
-116.3820694194451,-61.33147285186393,0.0,CD8_Tcell
58.89032683026531,-177.94799402955405,0.0,CD8_Tcell
157.43654538484938,-49.42679275812383,0.0,CD8_Tcell
-16.184025514201085,67.86603361744201,0.0,CD8_Tcell
-17.582997301817006,-24.715439827916402,0.0,CD8_Tcell
-58.34477763489383,-89.9479768831837,0.0,CD8_Tcell
179.76524227744318,-69.66570339847124,0.0,CD8_Tcell
105.09209023557457,9.018374728333269,0.0,CD8_Tcell
18.73640457979177,113.30372748898536,0.0,CD8_Tcell
89.06250279312982,-151.14275367707506,0.0,CD8_Tcell
-51.55645102459999,83.01501692582022,0.0,CD8_Tcell
-141.40186388762626,92.21289489428047,0.0,CD8_Tcell
-13.087357922837002,77.80029465768257,0.0,CD8_Tcell
119.96877428998502,102.06475040357661,0.0,CD8_Tcell
-57.31325926848024,46.51548722063506,0.0,CD8_Tcell
-20.05955272036136,-94.49038532957347,0.0,CD8_Tcell
0.3824671304083064,152.7172310160135,0.0,CD8_Tcell
135.78116278386608,-33.944182842762345,0.0,CD8_Tcell
-111.84222515250488,-104.64723229059771,0.0,CD8_Tcell
135.12809559873855,110.32744135201936,0.0,CD8_Tcell
155.27147841904406,77.96609682547647,0.0,CD8_Tcell
-37.22201425827866,-81.63929733507746,0.0,CD8_Tcell
-197.568949894486,-21.187479364569423,0.0,CD8_Tcell
-33.69174428288322,151.12287283537046,0.0,CD8_Tcell
-172.16939088301424,-84.99502556736898,0.0,CD8_Tcell
96.19841502288128,-32.066352261027475,0.0,CD8_Tcell
90.44062286470127,102.44842083291827,0.0,CD8_Tcell
-140.70282811581234,124.23508554343665,0.0,CD8_Tcell
-167.9288406215715,61.83253538396211,0.0,CD8_Tcell
-31.568053320691796,-195.20219328774837,0.0,CD8_Tcell
137.81583544886104,137.70111023881196,0.0,CD8_Tcell
102.82626766095457,-51.93732539041814,0.0,CD8_Tcell
119.23138462049398,-133.45664381484323,0.0,CD8_Tcell
121.92360705545164,32.65983385419689,0.0,CD8_Tcell
-31.172218900761816,-99.98189148640074,0.0,CD8_Tcell
-6.044148309215947,107.79900726190975,0.0,CD8_Tcell
-15.947639700913289,28.25725374578278,0.0,CD8_Tcell
127.7589694676262,-67.31014427415964,0.0,CD8_Tcell
-56.912734448715305,64.24230194747334,0.0,CD8_Tcell
-86.15055952989148,117.04139740965687,0.0,CD8_Tcell
-186.38163267726324,9.71536937817186,0.0,CD8_Tcell
8.981452586903364,43.27211282105356,0.0,CD8_Tcell
-182.12495818353887,66.15673483297637,0.0,CD8_Tcell
138.7623969502386,-122.77315792463095,0.0,CD8_Tcell
-151.61132345305876,103.30961867075519,0.0,CD8_Tcell
96.32804190786186,149.3357274580593,0.0,CD8_Tcell
34.72931625327388,88.53433663901296,0.0,CD8_Tcell
178.7853288511251,82.03424234315911,0.0,CD8_Tcell
-51.634633624694644,90.57459644453861,0.0,CD8_Tcell
-28.825660616180986,161.19589011993045,0.0,CD8_Tcell
-124.86465764797563,-97.12959027161403,0.0,CD8_Tcell
-12.793625013924402,-1.6083580011120615,0.0,CD8_Tcell
24.848680074986564,131.95144427535593,0.0,CD8_Tcell
-138.56395343452937,137.92597616986538,0.0,CD8_Tcell
-185.9385278844483,29.208596358819893,0.0,CD8_Tcell
-72.50524541467055,82.93527767478953,0.0,CD8_Tcell
-36.8035854338239,-84.91373113579134,0.0,CD8_Tcell
-86.11033276015091,-171.43521992441396,0.0,CD8_Tcell
-27.927742500690965,-150.979265425371,0.0,CD8_Tcell
-154.89003003758276,-63.142881973199124,0.0,CD8_Tcell
103.94817119313834,28.22461121538326,0.0,CD8_Tcell
75.57117649828442,66.58041902118487,0.0,CD8_Tcell
-48.13391795141941,-60.246038780241776,0.0,CD8_Tcell
185.90092339443456,10.35440386863256,0.0,CD8_Tcell
-125.97260510723532,-146.55765471319555,0.0,CD8_Tcell
-105.33232864339676,-36.379502444486846,0.0,CD8_Tcell
-85.11058819673138,48.20020968434853,0.0,CD8_Tcell
8.019607734965685,69.55076448920275,0.0,CD8_Tcell
27.873236561834194,-186.60070098252822,0.0,CD8_Tcell
-84.61897178279497,-162.4356811076064,0.0,CD8_Tcell
-125.05786628292509,105.58761575170597,0.0,CD8_Tcell
45.28399268003389,0.47728140408197867,0.0,CD8_Tcell
-64.49007279045611,-155.88731803314033,0.0,CD8_Tcell
-150.91572915014638,-82.94478702204064,0.0,CD8_Tcell
88.91221781027689,-94.05158544754646,0.0,CD8_Tcell
-114.49174393377118,127.10366291307729,0.0,CD8_Tcell
68.16877275716733,20.16382425888127,0.0,CD8_Tcell
23.488477052460293,-110.31906572680698,0.0,CD8_Tcell
56.03680044194361,-119.39323064143723,0.0,CD8_Tcell
11.93126561400428,190.6800492542675,0.0,CD8_Tcell
109.03458110602666,-101.90516934027097,0.0,CD8_Tcell
40.38287158986096,190.12268196780377,0.0,CD8_Tcell
35.1780935913423,-175.2719787835164,0.0,CD8_Tcell
123.34582676084806,-120.05197592071568,0.0,CD8_Tcell
33.76562428063461,-127.90264345305172,0.0,CD8_Tcell
123.0624940074047,13.78397345940508,0.0,CD8_Tcell
63.64353271973283,184.85814448061092,0.0,CD8_Tcell
123.94990849989837,137.03566972108527,0.0,CD8_Tcell
162.24110314359856,-111.55469762954131,0.0,CD8_Tcell
-159.526326154281,-92.57272063035855,0.0,CD8_Tcell
81.05745074621281,142.05984157764172,0.0,CD8_Tcell
-154.78262689226838,-12.080411198204466,0.0,CD8_Tcell
-67.21775622883924,-154.6329673570436,0.0,CD8_Tcell
48.06724331126656,161.71960954203928,0.0,CD8_Tcell
-35.95818910451541,-35.032203335544395,0.0,CD8_Tcell
-117.98416084048775,124.62038329035634,0.0,CD8_Tcell
25.380889200155515,-86.38339566329756,0.0,CD8_Tcell
179.43642761213007,12.817588306182145,0.0,CD8_Tcell
54.52794756352277,186.1444937438186,0.0,CD8_Tcell
-73.46738834029131,174.29148002580365,0.0,CD8_Tcell
83.53104471198908,-92.98558744603865,0.0,CD8_Tcell
169.5029560274362,8.376587693979843,0.0,CD8_Tcell
110.98997432260731,-112.12388755352336,0.0,CD8_Tcell
-136.5475763479937,74.11734357834683,0.0,CD8_Tcell
-57.385349835943686,78.12167110060595,0.0,CD8_Tcell
-131.2234829382833,45.98395421810712,0.0,CD8_Tcell
-21.49955501593644,-0.9584774906086726,0.0,CD8_Tcell
-85.45196907361681,-14.276432029567559,0.0,CD8_Tcell
115.41401909024232,-113.56023462725176,0.0,CD8_Tcell
163.11216280553975,-62.196858039796425,0.0,CD8_Tcell
-66.46444478527866,164.21701246468976,0.0,CD8_Tcell
157.4548416918216,118.71264167179683,0.0,CD8_Tcell
-11.12256705155249,-126.7393461514564,0.0,CD8_Tcell
-29.883195147464875,-108.6010370872336,0.0,CD8_Tcell
-16.898151956882216,165.19132507085146,0.0,CD8_Tcell
-24.376954161058414,104.69081330986985,0.0,CD8_Tcell
-127.69822314888829,36.5244709365871,0.0,CD8_Tcell
122.09654662504188,70.42905685199408,0.0,CD8_Tcell
71.77710019101175,32.16224083759017,0.0,CD8_Tcell
161.25783568990076,-31.488297936011584,0.0,CD8_Tcell
-74.18104062443447,35.83644785302754,0.0,CD8_Tcell
23.016757404691795,-89.87700423849992,0.0,CD8_Tcell
-114.35223102612933,-164.04823745009304,0.0,CD8_Tcell
-64.9137203559329,-38.53473004703825,0.0,CD8_Tcell
116.82971482686465,140.0431594391646,0.0,CD8_Tcell
23.60660088584105,-52.14026227563912,0.0,CD8_Tcell
126.57888814435866,6.315129853406173,0.0,CD8_Tcell
-106.54790272129202,63.26552540838098,0.0,CD8_Tcell
73.4920213892987,72.94310317999246,0.0,CD8_Tcell
-81.76113198522124,181.18143803696915,0.0,CD8_Tcell
156.74207390129,-22.629826779966905,0.0,CD8_Tcell
78.31936127383582,21.754170912026332,0.0,CD8_Tcell
36.209515728965776,107.34047819748757,0.0,CD8_Tcell
24.90550631678915,105.45843287436388,0.0,CD8_Tcell
-150.91901167024756,-6.838149252816277,0.0,CD8_Tcell
-65.63520242193373,-74.7485541442417,0.0,CD8_Tcell
75.29188007530948,183.2126212975502,0.0,CD8_Tcell
-36.231233222278696,149.42610486046414,0.0,CD8_Tcell
-2.9128042350446246,3.5323644144102286,0.0,CD8_Tcell
-31.183497860501966,80.84571885009406,0.0,CD8_Tcell
-101.79218978018628,14.031325164775211,0.0,CD8_Tcell
99.55002831697722,-111.74311942664491,0.0,CD8_Tcell
13.839418357549228,-53.66319101699084,0.0,CD8_Tcell
-168.34444034285696,51.66801972843299,0.0,CD8_Tcell
-184.8974642657301,-17.459777716424473,0.0,CD8_Tcell
132.20815334189572,-42.72042928369185,0.0,CD8_Tcell
19.4570732881497,-37.58474399449994,0.0,CD8_Tcell
-20.9258365979745,-113.87172300834463,0.0,CD8_Tcell
41.988351203424244,-29.069952275361633,0.0,CD8_Tcell
-56.232823620063506,125.88226619785085,0.0,CD8_Tcell
107.09691482751221,111.55574342034548,0.0,CD8_Tcell
57.17243375175809,183.74619699106583,0.0,CD8_Tcell
-122.0294864741096,22.461629363636064,0.0,CD8_Tcell
118.26218446276158,63.844010228445576,0.0,CD8_Tcell
30.310153578411345,188.58197751418479,0.0,CD8_Tcell
-4.005272979825787,120.97183567449915,0.0,CD8_Tcell
104.8149924913957,-156.38905067040292,0.0,CD8_Tcell
-29.95452215646946,66.85149085226176,0.0,CD8_Tcell
189.8433476617395,0.7707848294598577,0.0,CD8_Tcell
-12.559367527547355,142.9445955547199,0.0,CD8_Tcell
72.89737278800155,26.632269376665707,0.0,CD8_Tcell
97.88571117583287,86.10297601528066,0.0,CD8_Tcell
72.05716840557763,-27.537346975978558,0.0,CD8_Tcell
146.59432520111542,-13.57156033974355,0.0,CD8_Tcell
-82.1103839403357,164.20838352774635,0.0,CD8_Tcell
145.5723939845577,52.48146550191673,0.0,CD8_Tcell
103.89741628406213,-169.89355233957227,0.0,CD8_Tcell
24.608770060377424,160.33454555342647,0.0,CD8_Tcell
-30.727702388681394,174.67024962849155,0.0,CD8_Tcell
-18.77464171500686,51.51476819956542,0.0,CD8_Tcell
31.88627767736075,-195.22678006083248,0.0,CD8_Tcell
-93.19129569142859,-175.05484224235246,0.0,CD8_Tcell
-78.84047553569943,144.25004133166613,0.0,CD8_Tcell
-53.4758070685869,-20.82671355238914,0.0,CD8_Tcell
-67.06308283408784,-137.12786992338576,0.0,CD8_Tcell
119.44275341329383,-139.828604986126,0.0,CD8_Tcell
-121.25700980165982,-28.755884316439193,0.0,CD8_Tcell
-100.32840796351094,48.80760026769992,0.0,CD8_Tcell
-45.43242779224197,-183.5582111260824,0.0,CD8_Tcell
133.48612812871355,-10.687457378467972,0.0,CD8_Tcell
-188.30743127827964,42.90899604260486,0.0,CD8_Tcell
-67.26072256741949,-164.08598298396294,0.0,CD8_Tcell
-50.19055504237628,162.05175030013282,0.0,CD8_Tcell
-80.33656053395565,152.2586038969492,0.0,CD8_Tcell
-70.57386569269353,51.04214702883376,0.0,CD8_Tcell
130.05887993321736,-90.25705468790777,0.0,CD8_Tcell
9.367267050953245,18.589001657646183,0.0,CD8_Tcell
162.72644861854866,112.1215703388244,0.0,CD8_Tcell
-126.89867790166163,-56.953622063472956,0.0,CD8_Tcell
171.53604234921795,14.03607397179698,0.0,CD8_Tcell
-93.38868812403706,26.688503844558106,0.0,CD8_Tcell
-41.738979258617995,71.22696644430535,0.0,CD8_Tcell
74.7416721546669,-85.39088968561448,0.0,CD8_Tcell
172.5377780983286,-84.15320501679432,0.0,CD8_Tcell
105.00800332919309,27.320220881215384,0.0,CD8_Tcell
84.78480893932567,22.54157306437932,0.0,CD8_Tcell
-151.66019347228817,-115.72004963676181,0.0,CD8_Tcell
90.58528674882054,-90.74878236768512,0.0,CD8_Tcell
-48.544525199706385,138.20266073677237,0.0,CD8_Tcell
-12.556500006064564,-38.748396159286806,0.0,CD8_Tcell
-56.392505420341344,-27.70882003131576,0.0,CD8_Tcell
-130.8010650051971,-5.626608147471644,0.0,CD8_Tcell
-120.55879907053547,-118.80521346380944,0.0,CD8_Tcell
-49.878817016953796,21.013722191636205,0.0,CD8_Tcell
-34.12958051081808,56.202089995542295,0.0,CD8_Tcell
-157.41588993223613,-120.43075340055479,0.0,CD8_Tcell
-101.37603643640026,10.732415631283722,0.0,CD8_Tcell
155.4790175554285,-8.32617363677342,0.0,CD8_Tcell
-100.72773521236961,-61.06764660940958,0.0,CD8_Tcell
105.97891997136715,50.670060281537985,0.0,CD8_Tcell
37.95468615003738,85.00937388120887,0.0,CD8_Tcell
-59.061727271891506,60.35220873493621,0.0,CD8_Tcell
149.42886052434247,-108.3882948346816,0.0,CD8_Tcell
188.5180242033812,14.924324876603851,0.0,CD8_Tcell
-117.9801162484197,-19.296017783594554,0.0,CD8_Tcell
-142.4285861392185,-101.7422496906697,0.0,CD8_Tcell
174.13003577477642,66.38015510798483,0.0,CD8_Tcell
-14.12686625624394,39.29401253546521,0.0,CD8_Tcell
-134.41133150616142,-51.652401878944616,0.0,CD8_Tcell
46.30247293593882,20.262148562398593,0.0,CD8_Tcell
42.85706751421913,59.99263815227028,0.0,CD8_Tcell
162.68634563334825,112.81982706205619,0.0,CD8_Tcell
-141.73585500732875,133.45069026549055,0.0,CD8_Tcell
-78.6213563486834,-47.2012793515694,0.0,CD8_Tcell
11.075959489555022,44.08124649441682,0.0,CD8_Tcell
41.48518633173788,-157.17783812432998,0.0,CD8_Tcell
99.84724406267071,-9.449105316272078,0.0,CD8_Tcell
-183.57060944527484,18.29659633205333,0.0,CD8_Tcell
-150.2679029909335,-115.13479338541406,0.0,CD8_Tcell
48.87808239559705,-9.559035637271032,0.0,CD8_Tcell
167.1406490333946,-91.20067315866294,0.0,CD8_Tcell
-138.3595216929923,68.14694833831773,0.0,CD8_Tcell
51.88528547195353,142.6393698109894,0.0,CD8_Tcell
-52.859400216042445,174.65132962829435,0.0,CD8_Tcell
-4.188564482880885,-132.980057903137,0.0,CD8_Tcell
108.63894188981489,59.73321790938433,0.0,CD8_Tcell
-180.268886456474,80.13623587582741,0.0,CD8_Tcell
-121.11349374231357,79.19941397896224,0.0,CD8_Tcell
-68.6605683713072,15.111611458385516,0.0,CD8_Tcell
84.89739062621123,82.73743360081065,0.0,CD8_Tcell
59.82244160686525,43.66975942564902,0.0,CD8_Tcell
-152.01781548276267,-62.351037052763665,0.0,CD8_Tcell
19.325894185502644,-197.63501267507647,0.0,CD8_Tcell
24.046757943207,-8.548154134438892,0.0,CD8_Tcell
-12.273754541320272,191.3237721756194,0.0,CD8_Tcell
118.97619871399183,46.5908133218087,0.0,CD8_Tcell
-134.93402142914704,43.21604219151615,0.0,CD8_Tcell
23.00440845597141,198.08291822676836,0.0,CD8_Tcell
-152.04359274331262,104.27207462404787,0.0,CD8_Tcell
-6.003189931280359,149.49240819807832,0.0,CD8_Tcell
174.82194174390293,-88.1452261696108,0.0,CD8_Tcell
37.95930468603035,-17.618218875454353,0.0,CD8_Tcell
1.520621224416253,122.51956743302381,0.0,CD8_Tcell
-17.275159760022202,84.03163815581591,0.0,CD8_Tcell
10.888508377355675,46.523353780037795,0.0,CD8_Tcell
122.8245057274674,-103.45129652545344,0.0,CD8_Tcell
-58.570930960284386,-75.03592586935416,0.0,CD8_Tcell
54.432741410942015,154.07975196559318,0.0,CD8_Tcell
-24.981693409570525,-118.76956566600215,0.0,CD8_Tcell
-71.74590277293815,-146.62244297166882,0.0,CD8_Tcell
-51.98034078204598,-191.51739450939994,0.0,CD8_Tcell
31.12220403750456,147.41988565382783,0.0,CD8_Tcell
2.173294739714921,192.2473444732685,0.0,CD8_Tcell
122.91523422457743,27.95654813707065,0.0,CD8_Tcell
169.78348831532045,-69.73474622950934,0.0,CD8_Tcell
11.197183295045514,119.11910365929472,0.0,CD8_Tcell
32.50366588536269,68.90237061758128,0.0,CD8_Tcell
160.4850781350148,-95.73534562963721,0.0,CD8_Tcell
90.05662924294998,168.047028091489,0.0,CD8_Tcell
167.72586927503693,61.23908565614137,0.0,CD8_Tcell
51.8546419096854,1.918096803136126,0.0,CD8_Tcell
-114.5771807894938,142.18839760285263,0.0,CD8_Tcell
51.50934701104373,29.550241975345816,0.0,CD8_Tcell
52.588147392023124,8.751969504958089,0.0,CD8_Tcell
114.1970534571396,162.62589622610415,0.0,CD8_Tcell
98.1832371890084,-3.8711174167220785,0.0,CD8_Tcell
-6.755465139003451,113.4435218504542,0.0,CD8_Tcell
-43.2800174915114,1.1249955260570967,0.0,CD8_Tcell
-120.78560773289831,-49.35351047045045,0.0,CD8_Tcell
-126.54877272040625,69.4921484086805,0.0,CD8_Tcell
-120.73785054784251,-74.87199956733994,0.0,CD8_Tcell
-69.49531991500486,-49.729418143679,0.0,CD8_Tcell
85.56573514407461,-6.548790478795816,0.0,CD8_Tcell
-160.57791937984115,-69.45930832234805,0.0,CD8_Tcell
-185.16559192323493,-67.98598892774767,0.0,CD8_Tcell
-162.74233686324706,-88.29287785970094,0.0,CD8_Tcell
-128.448251586154,-3.1677349042930576,0.0,CD8_Tcell
81.79711769890714,140.82223829756023,0.0,CD8_Tcell
-93.38706562199813,-85.03731622371794,0.0,CD8_Tcell
-3.4814967340044998,168.5310474031619,0.0,CD8_Tcell
102.87317374658292,-3.948635165351871,0.0,CD8_Tcell
62.899002727897255,-100.10964853077994,0.0,CD8_Tcell
-91.76615108731261,55.56767010460101,0.0,CD8_Tcell
65.44357416326922,-100.5158371956821,0.0,CD8_Tcell
36.70363821284662,117.62870831743743,0.0,CD8_Tcell
136.20043981163184,19.14606283202608,0.0,CD8_Tcell
-20.676013409793715,148.85948052116728,0.0,CD8_Tcell
12.107303529883511,-4.437971601943725,0.0,CD8_Tcell
-28.617305546744248,-190.59190886064957,0.0,CD8_Tcell
-99.6201250336911,-124.14550699992651,0.0,CD8_Tcell
-60.89997387579729,101.92629884344096,0.0,CD8_Tcell
-117.1824337883208,13.338569067506647,0.0,CD8_Tcell
-81.15327614235211,79.74835959412987,0.0,CD8_Tcell
34.59207069705237,-102.4798636986794,0.0,CD8_Tcell
113.25569107551512,6.198312013705562,0.0,CD8_Tcell
94.04752132409988,98.08608108942025,0.0,CD8_Tcell
-7.271076114702898,-121.98241726805453,0.0,CD8_Tcell
20.84649564279181,128.1187601365643,0.0,CD8_Tcell
-173.27657077481686,94.66170158621907,0.0,CD8_Tcell
67.57570185324676,-164.50252151700704,0.0,CD8_Tcell
-19.12651076698002,154.53873707179986,0.0,CD8_Tcell
17.3858853555404,-38.2335950148188,0.0,CD8_Tcell
146.77559184544242,132.45015852704125,0.0,CD8_Tcell
179.86759404494762,-56.346076480611146,0.0,CD8_Tcell
114.41289789568265,-51.45782299644583,0.0,CD8_Tcell
-8.985884975513565,46.623075657845185,0.0,CD8_Tcell
-105.60390695802573,-27.77179805419235,0.0,CD8_Tcell
62.062104148918486,-164.25177535496144,0.0,CD8_Tcell
87.58636926711372,51.19610408180584,0.0,CD8_Tcell
67.68663543992479,-108.09386706884789,0.0,CD8_Tcell
-97.86805348260074,-38.10356984134987,0.0,CD8_Tcell
137.3350673625303,-40.58910417519046,0.0,CD8_Tcell
87.8055576913592,-32.673966821406765,0.0,CD8_Tcell
-112.05180043890947,24.528479012289683,0.0,CD8_Tcell
63.81320201763664,57.612515298969456,0.0,CD8_Tcell
-111.45476285671377,-57.882402292113255,0.0,CD8_Tcell
-37.97443510938516,111.99218077565206,0.0,CD8_Tcell
90.42928534406411,131.83670419127878,0.0,CD8_Tcell
96.44046593753995,-142.6356374535023,0.0,CD8_Tcell
89.25804728912571,-140.87157123652835,0.0,CD8_Tcell
-17.6334209614773,-140.43685138454913,0.0,CD8_Tcell
79.1185225687608,59.67086874798594,0.0,CD8_Tcell
-56.710188277318004,19.831274631886377,0.0,CD8_Tcell
116.79611781810725,79.904782136309,0.0,CD8_Tcell
-153.50052190622668,69.51269672009518,0.0,CD8_Tcell
194.98652388612498,10.914369736648233,0.0,CD8_Tcell
38.7370812024344,-37.15829707922809,0.0,CD8_Tcell
-9.030054588032804,-49.14058996269364,0.0,CD8_Tcell
36.19515974789225,-15.923036523973721,0.0,CD8_Tcell
172.06446994580813,97.71449337397641,0.0,CD8_Tcell
-9.302344670914042,-8.859854618661858,0.0,CD8_Tcell
82.69140940480624,91.29274902999808,0.0,CD8_Tcell
-197.4480601387505,-9.846028519768874,0.0,CD8_Tcell
-112.95905008144292,75.68324305466598,0.0,CD8_Tcell
148.0999288838407,-110.92871723488562,0.0,CD8_Tcell
-76.63322201623438,144.62268209131454,0.0,CD8_Tcell
165.79661977383338,71.33297101707014,0.0,CD8_Tcell
110.82969734091634,-64.58025882750708,0.0,CD8_Tcell
-144.0450691167987,-59.65006948390483,0.0,CD8_Tcell
107.0829722496245,-115.57080693445442,0.0,CD8_Tcell
42.69798526089731,-64.66197608226327,0.0,CD8_Tcell
171.46968227012815,-54.17951593036046,0.0,CD8_Tcell
84.9385506482202,84.77887282132747,0.0,CD8_Tcell
-79.06114715330409,-49.03726119801986,0.0,CD8_Tcell
55.705199372784065,-93.95893827895941,0.0,CD8_Tcell
58.70086203579515,92.47410198363922,0.0,CD8_Tcell
-164.58726082102982,-67.7516792017806,0.0,CD8_Tcell
1.8658848993424508,82.12822584714188,0.0,CD8_Tcell
-77.58860785549633,56.89407429633113,0.0,CD8_Tcell
95.0601548624115,29.492195354713395,0.0,CD8_Tcell
-139.66419967967377,-119.78201893054411,0.0,CD8_Tcell
134.9118693048383,-100.61931521362706,0.0,CD8_Tcell
52.90354136029052,41.19927876968743,0.0,CD8_Tcell
110.75141307276272,-72.57841239746904,0.0,CD8_Tcell
68.38925604607941,-39.47871795648435,0.0,CD8_Tcell
-64.27887200716796,-127.91879985159648,0.0,CD8_Tcell
41.822582122898346,122.73021261579166,0.0,CD8_Tcell
136.72695188764436,78.28499334340253,0.0,CD8_Tcell
-48.02536980399545,27.198156408676905,0.0,CD8_Tcell
-48.21071971423834,149.77824848234405,0.0,CD8_Tcell
60.967925782137094,-98.64581663097037,0.0,CD8_Tcell
194.0938439926653,-3.809894246602171,0.0,CD8_Tcell
101.97371752513325,-34.269934729721975,0.0,CD8_Tcell
80.98460434253859,115.92620612511296,0.0,CD8_Tcell
-110.38251035407748,56.99098557419944,0.0,CD8_Tcell
-6.261445132859261,-24.346075858819486,0.0,CD8_Tcell
49.11505846665286,155.26365458951327,0.0,CD8_Tcell
33.495631828533135,-128.12275541591097,0.0,CD8_Tcell
-38.928789493204256,39.57620706836762,0.0,CD8_Tcell
89.85490284407608,175.3146612833233,0.0,CD8_Tcell
-190.91793586880175,-12.132499713223202,0.0,CD8_Tcell
14.044150243061544,59.03284266873354,0.0,CD8_Tcell
-149.64884893076564,-85.91523582218935,0.0,CD8_Tcell
154.89157983209128,19.036526966365575,0.0,CD8_Tcell
152.9387848770663,-1.4526658638398262,0.0,CD8_Tcell
-87.35203044634642,44.22216695003235,0.0,CD8_Tcell
83.77063994670863,14.310686302243129,0.0,CD8_Tcell
-59.17933535060758,-140.4262323693928,0.0,CD8_Tcell
-87.28883329529869,-115.93233688337439,0.0,CD8_Tcell
125.03330946153397,31.258544831789525,0.0,CD8_Tcell
48.074386883318546,-123.91468038726589,0.0,CD8_Tcell
90.06990239238782,-28.506869177276474,0.0,CD8_Tcell
-110.08217377878063,-144.02641668972447,0.0,CD8_Tcell
-48.037372916893915,87.06697437205115,0.0,CD8_Tcell
23.138245893866166,-124.62641745205903,0.0,CD8_Tcell
9.115986362104481,-38.624733213140985,0.0,CD8_Tcell
38.45157260630964,-18.26080002839022,0.0,CD8_Tcell
199.11211160829353,18.73345994417219,0.0,CD8_Tcell
-136.74113591873547,-42.91415252300677,0.0,CD8_Tcell
52.711694941316175,66.66767197417208,0.0,CD8_Tcell
-33.879690445809096,-102.75843574903793,0.0,CD8_Tcell
-91.11366085095813,-142.62321782052618,0.0,CD8_Tcell
69.05536689185678,157.84399356746138,0.0,CD8_Tcell
169.02091329017807,88.0612107440356,0.0,CD8_Tcell
-122.89275190079059,-15.27816564516361,0.0,CD8_Tcell
-135.6930629251943,126.10529380818836,0.0,CD8_Tcell
-142.8790212235633,-10.324106169670088,0.0,CD8_Tcell
115.14171599793973,37.58299017634744,0.0,CD8_Tcell
154.40952552189674,32.02761326091024,0.0,CD8_Tcell
178.69986083624144,-28.610748861570478,0.0,CD8_Tcell
-64.373782109476,63.96635684162387,0.0,CD8_Tcell
-29.487364998083564,3.0265041584437227,0.0,CD8_Tcell
-7.819509073274539,-182.20337720393954,0.0,CD8_Tcell
-64.58598986380458,29.351569816709357,0.0,CD8_Tcell
93.09891489894017,-17.11995985579072,0.0,CD8_Tcell
26.907508051453437,-164.98421017159885,0.0,CD8_Tcell
105.93587228487839,-108.33351123762118,0.0,CD8_Tcell
-50.728403752954705,129.83196092366427,0.0,CD8_Tcell
15.782703397504667,188.41103529460162,0.0,CD8_Tcell
-9.545989556141713,-166.26978059226508,0.0,CD8_Tcell
194.6043619272632,-23.769304253555458,0.0,CD8_Tcell
-90.53433848624732,-82.53832819526646,0.0,CD8_Tcell
-91.49077609050138,-135.32233073116524,0.0,CD8_Tcell
-115.90855191181498,143.2835115135188,0.0,CD8_Tcell
163.7235478018199,105.2521881879757,0.0,CD8_Tcell
-108.08429777722661,56.93246309571957,0.0,CD8_Tcell
92.4757511117051,-63.96649842977917,0.0,CD8_Tcell
-101.27743854838289,-31.556733585204523,0.0,CD8_Tcell
-56.61644411865561,187.9276758052522,0.0,CD8_Tcell
-193.0296747870595,-1.1349582977695367,0.0,CD8_Tcell
-102.59220659391947,-159.44518594076197,0.0,CD8_Tcell
-33.7368664979632,163.0156152716708,0.0,CD8_Tcell
-130.94550745044555,-70.26610574212556,0.0,CD8_Tcell
-52.81508663535922,-137.5548297254318,0.0,CD8_Tcell
-53.06165238580669,94.67677979048433,0.0,CD8_Tcell
-22.013735719872443,-178.27059905078443,0.0,CD8_Tcell
-18.653785371635312,-11.065266288469143,0.0,CD8_Tcell
-67.79212269370797,123.64484332138994,0.0,CD8_Tcell
-69.77927914891265,-50.86741285716343,0.0,CD8_Tcell
96.34292905211281,-102.43692085691842,0.0,CD8_Tcell
-86.6557098940535,43.2654860213243,0.0,CD8_Tcell
-14.460889915700854,27.914551568964736,0.0,CD8_Tcell
-111.14949137160198,-70.86372677990984,0.0,CD8_Tcell
100.6992833852693,73.49524342962658,0.0,CD8_Tcell
-116.32837665334482,-96.81871264745666,0.0,CD8_Tcell
-23.47314876995108,22.32963508453961,0.0,CD8_Tcell
2.2172652876730043,-137.1870479436931,0.0,CD8_Tcell
30.74156630566193,-86.84303194260141,0.0,CD8_Tcell
3.703339021745344,176.73386102764795,0.0,CD8_Tcell
98.70682089460739,-156.4321475160917,0.0,CD8_Tcell
-137.38017276265393,1.0803897830945823,0.0,CD8_Tcell
97.11428993282217,174.37717527257604,0.0,CD8_Tcell
188.25323849487245,31.107801760655615,0.0,CD8_Tcell
-84.48330594174168,-59.641768175984836,0.0,CD8_Tcell
-8.590497465050316,182.2628650696264,0.0,CD8_Tcell
166.45605164139238,-67.46063808210552,0.0,CD8_Tcell
-10.714212502711767,-158.96304666882287,0.0,CD8_Tcell
-144.25977682733176,-52.531140794451815,0.0,CD8_Tcell
-103.986630149461,-146.18905211743353,0.0,CD8_Tcell
56.81532982077526,-47.63488508682351,0.0,CD8_Tcell
43.18650103921141,-152.57953701721902,0.0,CD8_Tcell
110.66356576532196,135.25528243724054,0.0,CD8_Tcell
-40.28754281314038,0.09742854335536705,0.0,CD8_Tcell
-94.6299695562959,-139.49027217130705,0.0,CD8_Tcell
-88.54299238159851,-108.13898199059469,0.0,CD8_Tcell
-74.25561483044754,170.64053441797864,0.0,CD8_Tcell
-139.87877002248845,65.41551940506052,0.0,CD8_Tcell
-2.529580679686552,140.84568987438425,0.0,CD8_Tcell
25.169794971510257,78.8707464617922,0.0,CD8_Tcell
138.45446295217593,133.6492854803139,0.0,CD8_Tcell
67.42083362787584,18.91967097773015,0.0,CD8_Tcell
82.29908591191567,-145.2858508538095,0.0,CD8_Tcell
135.7167796834621,15.509331997310163,0.0,CD8_Tcell
-6.4005814582758305,96.71693539407622,0.0,CD8_Tcell
75.47796255884441,-146.95202163697823,0.0,CD8_Tcell
-118.54961629176636,-94.97415871210168,0.0,CD8_Tcell
182.69012199337433,65.25690168464236,0.0,CD8_Tcell
-0.5126192747963413,-162.8554507191444,0.0,CD8_Tcell
-13.545900055412512,-109.87199173347399,0.0,CD8_Tcell
119.29961428642356,112.26190988046862,0.0,CD8_Tcell
98.10005365248969,-54.415126620846486,0.0,CD8_Tcell
-63.92081297123076,-117.35295774545713,0.0,CD8_Tcell
11.339066933543515,-132.7522781349226,0.0,CD8_Tcell
142.4218859995745,133.1731615073871,0.0,CD8_Tcell
-39.22420666440485,-48.76165326164247,0.0,CD8_Tcell
-117.89051165917571,-19.150488063921358,0.0,CD8_Tcell
-149.02190850169717,36.757305436960635,0.0,CD8_Tcell
108.47607356147067,-79.89782981441466,0.0,CD8_Tcell
199.03962405771014,9.1797035343066,0.0,CD8_Tcell
-46.10554549975602,-194.41243171262062,0.0,CD8_Tcell
18.147019989764097,88.9419396620454,0.0,CD8_Tcell
93.98397786321664,42.22071666022275,0.0,CD8_Tcell
46.95574255069179,-49.49016472041226,0.0,CD8_Tcell
-157.49965418615116,55.4232137004184,0.0,CD8_Tcell
-128.44534737933859,57.82598089812665,0.0,CD8_Tcell
-93.60924541123404,134.92389199046346,0.0,CD8_Tcell
83.9499396740864,114.74831906833761,0.0,CD8_Tcell
-84.93271823680149,12.838778343806148,0.0,CD8_Tcell
103.7550898642094,-85.24900024377533,0.0,CD8_Tcell
115.66557000433173,-120.60771210006418,0.0,CD8_Tcell
148.75221106242415,10.488696265274738,0.0,CD8_Tcell
65.68042824961944,138.4753408253977,0.0,CD8_Tcell
-127.02505159487919,-105.15296582837279,0.0,CD8_Tcell
-162.7052163099709,29.326647394907745,0.0,CD8_Tcell
-81.82046494538109,-161.2723384974608,0.0,CD8_Tcell
-19.759387085841773,136.6694671399396,0.0,CD8_Tcell
-96.38989286646661,25.04103438105638,0.0,CD8_Tcell
149.13563476843836,2.85679429143741,0.0,CD8_Tcell
-152.5776756913737,-113.88206425892731,0.0,CD8_Tcell
28.976780404938797,-9.719436569607154,0.0,CD8_Tcell
50.79490126377468,-111.00124272514316,0.0,CD8_Tcell
-75.2769175368069,-135.48397358010342,0.0,CD8_Tcell
139.75383972692612,-120.84262601098862,0.0,CD8_Tcell
-122.99445489709802,-92.60536998716334,0.0,CD8_Tcell
139.5534208498163,-77.59677151907123,0.0,CD8_Tcell
39.406202389895626,-102.0210266623461,0.0,CD8_Tcell
112.40195138535775,158.80231019010154,0.0,CD8_Tcell
-187.25689675536893,67.1506407660158,0.0,CD8_Tcell
-107.60154687411573,90.68970572047941,0.0,CD8_Tcell
-82.99673854516647,-55.348271750572515,0.0,CD8_Tcell
29.715272254588253,-146.7991553655061,0.0,CD8_Tcell
-13.813149088490944,-40.827895116855856,0.0,CD8_Tcell
154.60922685644417,19.16009915825369,0.0,CD8_Tcell
87.63117080612551,-163.31897323370046,0.0,CD8_Tcell
89.72015766765587,109.72401686242807,0.0,CD8_Tcell
147.0233921370999,45.195266783653544,0.0,CD8_Tcell
-120.14378757604955,-149.91942785772966,0.0,CD8_Tcell
78.45019222513606,-138.27841364987268,0.0,CD8_Tcell
-8.330971373658015,-118.37596784084646,0.0,CD8_Tcell
-59.526273721829654,-78.25881906227823,0.0,CD8_Tcell
6.7994944971030185,-191.5649581245449,0.0,CD8_Tcell
-60.922454624757464,131.48149844399643,0.0,CD8_Tcell
41.46055878427834,-60.52558174295297,0.0,CD8_Tcell
91.71931772271788,111.97348834925043,0.0,CD8_Tcell
-137.172847670641,-35.507035564187206,0.0,CD8_Tcell
-116.79220942480805,-101.64861118183421,0.0,CD8_Tcell
184.53234605872152,13.082648834100441,0.0,CD8_Tcell
58.76030818390558,185.99515965299375,0.0,CD8_Tcell
151.15123717031722,83.17304301583165,0.0,CD8_Tcell
-154.30759862072262,-96.55940938586771,0.0,CD8_Tcell
-37.699465014574294,17.411562982581327,0.0,CD8_Tcell
46.75092693633807,57.6844765021164,0.0,CD8_Tcell
16.73934952260669,166.44426774899503,0.0,CD8_Tcell
58.477467949438285,78.21116120302183,0.0,CD8_Tcell
48.942358678689466,-141.38887151403537,0.0,CD8_Tcell
62.88622377926521,-180.64097675854757,0.0,CD8_Tcell
120.04770044572942,-76.67149137902274,0.0,CD8_Tcell
-11.681309137764302,-130.97031278969706,0.0,CD8_Tcell
-42.15441842371379,110.37726728486373,0.0,CD8_Tcell
110.95260730825333,141.17201549435697,0.0,CD8_Tcell
-41.438721769270956,191.9679056201427,0.0,CD8_Tcell
-72.44093695576169,41.280494247031996,0.0,CD8_Tcell
72.96795756517633,163.45499136012478,0.0,CD8_Tcell
-136.64748487767818,-109.71954748724634,0.0,CD8_Tcell
-171.21055424349,-20.5246894518691,0.0,CD8_Tcell
-127.01034529804632,-120.43445863441276,0.0,CD8_Tcell
-18.96350466152371,-114.51116492008595,0.0,CD8_Tcell
-73.49014906631594,49.04545812637121,0.0,CD8_Tcell
-98.22632419741844,-30.44499440600662,0.0,CD8_Tcell
126.34631710025694,44.92497116503458,0.0,CD8_Tcell
-38.57709081220774,147.78286599122669,0.0,CD8_Tcell
-16.70451085694267,146.46131684653676,0.0,CD8_Tcell
-24.85119237088097,-172.37672756956562,0.0,CD8_Tcell
151.52439775578492,59.60924258618997,0.0,CD8_Tcell
14.801442615801443,-43.274645608187775,0.0,CD8_Tcell
-66.29622595059148,-157.168607162995,0.0,CD8_Tcell
-25.986098357993402,52.337924163329,0.0,CD8_Tcell
-14.83556186208063,-164.30630889182282,0.0,CD8_Tcell
66.55764855923293,120.43905778840846,0.0,CD8_Tcell
-77.82148525527161,117.36205216753233,0.0,CD8_Tcell
107.63905800097426,-99.25963652209627,0.0,CD8_Tcell
89.74902616835622,-125.83996511632542,0.0,CD8_Tcell
-129.47102300582577,-37.12307680232443,0.0,CD8_Tcell
-150.76610945735953,61.026834620872535,0.0,CD8_Tcell
-148.6018342133233,-6.3334317557008415,0.0,CD8_Tcell
155.68931630267693,-120.9598374441853,0.0,CD8_Tcell
-123.08779713451639,86.85014278149256,0.0,CD8_Tcell
132.81458541653498,21.256954181377015,0.0,CD8_Tcell
148.51256824131315,50.76421961285074,0.0,CD8_Tcell
73.72061684608627,50.885520966798154,0.0,CD8_Tcell
-134.77659505503055,-87.46964943920054,0.0,CD8_Tcell
-36.37709312454052,-0.9083476225067458,0.0,CD8_Tcell
-85.68487266749827,-161.59305997020132,0.0,CD8_Tcell
89.69525415873218,21.699917292271245,0.0,CD8_Tcell
-149.59749551714935,64.2168976195672,0.0,CD8_Tcell
82.46332125355642,149.44544014622716,0.0,CD8_Tcell
-46.71481881873797,116.71032309219724,0.0,CD8_Tcell
-75.37422601031699,-172.40019290865007,0.0,CD8_Tcell
-1.448018826522603,70.72706807354022,0.0,CD8_Tcell
-89.98504606792906,-162.19682577497673,0.0,CD8_Tcell
63.125206505585275,-78.64336452468345,0.0,CD8_Tcell
53.649795301038395,70.16952809486675,0.0,CD8_Tcell
81.35903727411285,118.3620024586215,0.0,CD8_Tcell
16.982685484097843,-35.43239069183983,0.0,CD8_Tcell
158.26853574702577,-59.45228640620415,0.0,CD8_Tcell
-10.086489412870725,-157.19461602262294,0.0,CD8_Tcell
-48.07702644719837,9.853602748425848,0.0,CD8_Tcell
64.49680251862165,-94.90748378355899,0.0,CD8_Tcell
-144.6987388625554,-27.382779608692974,0.0,CD8_Tcell
103.9134461572626,142.77402930017374,0.0,CD8_Tcell
27.839106030616925,76.63920766911941,0.0,CD8_Tcell
-30.966045137949997,-119.88026619441621,0.0,CD8_Tcell
-120.8952424936591,-69.9779658613006,0.0,CD8_Tcell
-10.88772157203785,175.56451794164795,0.0,CD8_Tcell
90.95965143098383,39.76712352406291,0.0,CD8_Tcell
-61.433088525230524,-181.49212898818854,0.0,CD8_Tcell
58.122014219263576,52.298948893811534,0.0,CD8_Tcell
0.9151007389454113,158.15135566812503,0.0,CD8_Tcell
85.2988769716806,-82.43278043599967,0.0,CD8_Tcell
21.928975286068432,28.04608811734696,0.0,CD8_Tcell
-129.8584919707949,-5.5258328845482465,0.0,CD8_Tcell
23.679943050453886,99.83582123267746,0.0,CD8_Tcell
110.15000721343485,85.80589241482743,0.0,CD8_Tcell
-131.260594022511,10.622034687159283,0.0,CD8_Tcell
-9.535486504343151,-180.47062088922775,0.0,CD8_Tcell
105.08219941951158,-5.744517334149737,0.0,CD8_Tcell
81.53650577021244,-60.85855677059299,0.0,CD8_Tcell
-194.319382535935,42.3571472713077,0.0,CD8_Tcell
-117.46617562339233,11.360920594423183,0.0,CD8_Tcell
-58.79576997706514,167.4609284459702,0.0,CD8_Tcell
-126.55617025927727,87.63676854855905,0.0,CD8_Tcell
15.907658851208787,-95.69098807593397,0.0,CD8_Tcell
-134.2562367913011,-100.73116944775167,0.0,CD8_Tcell
75.90189885730663,-120.50834630036712,0.0,CD8_Tcell
-1.436324766600954,-130.76715416865306,0.0,CD8_Tcell
-6.194650919236067,-190.8245978583219,0.0,CD8_Tcell
52.15221693440572,36.274161541154484,0.0,CD8_Tcell
-55.129611130097246,101.75466304668957,0.0,CD8_Tcell
-85.62061110313557,-65.8637368543704,0.0,CD8_Tcell
-55.11241915023622,54.949641341872045,0.0,CD8_Tcell
-122.28021625212814,144.6088829115581,0.0,CD8_Tcell
100.79348455205485,-81.11064883732635,0.0,CD8_Tcell
32.72547287362287,-13.311586779299898,0.0,CD8_Tcell
137.73471562264285,-91.21767670206273,0.0,CD8_Tcell
-17.440070878788525,149.61244036424085,0.0,CD8_Tcell
-145.25638563237496,-113.07346245070588,0.0,CD8_Tcell
-5.402604623500672,-93.6963790497113,0.0,CD8_Tcell
125.58134404733522,15.28447950977501,0.0,CD8_Tcell
-23.78296974145616,197.09862760739495,0.0,CD8_Tcell
189.30317882301264,-28.649904314525145,0.0,CD8_Tcell
-94.92146874320024,-27.093629941721744,0.0,CD8_Tcell
167.52220937680346,-106.81561817570149,0.0,CD8_Tcell
157.24773157056188,30.376866228707016,0.0,CD8_Tcell
152.01881983788203,-72.5884237663406,0.0,CD8_Tcell
-50.22740624120654,-66.86499475829349,0.0,CD8_Tcell
73.54852156882448,98.45899652752793,0.0,CD8_Tcell
180.299969330456,72.97737482039773,0.0,CD8_Tcell
-54.84325969604909,-116.36338562747838,0.0,CD8_Tcell
66.42051591378586,-18.91401114251637,0.0,CD8_Tcell
-150.41275222257403,-22.41564748130335,0.0,CD8_Tcell
-15.109162177764654,-116.89147081260064,0.0,CD8_Tcell
89.16375847747983,-98.67855434234029,0.0,CD8_Tcell
18.81440847622395,-19.34628788118499,0.0,CD8_Tcell
173.78282895730214,32.87186540312637,0.0,CD8_Tcell
132.46881757820947,-146.04391143745076,0.0,CD8_Tcell
-77.25067597023533,135.6192794565402,0.0,CD8_Tcell
-41.0453865929708,51.671809807429796,0.0,CD8_Tcell
-173.9613987750966,-43.77743773613763,0.0,CD8_Tcell
-80.6855427180336,150.4824684983198,0.0,CD8_Tcell
-80.35861816921383,-101.15736957493678,0.0,CD8_Tcell
-66.76951944091887,-29.080947856936813,0.0,CD8_Tcell
-168.7205861786916,-105.18781792980347,0.0,CD8_Tcell
121.67400060076962,78.11997526390266,0.0,CD8_Tcell
86.78419810290458,-92.51086491417877,0.0,CD8_Tcell
-14.362774940564192,183.29598758717577,0.0,CD8_Tcell
-111.83955894231232,-68.27541780995227,0.0,CD8_Tcell
-146.5746642249735,105.39425293480511,0.0,CD8_Tcell
141.01223136728535,-101.93498825311822,0.0,CD8_Tcell
25.751224555232092,152.52881981928792,0.0,CD8_Tcell
-51.12139351800889,161.3044146035353,0.0,CD8_Tcell
95.85655224364275,-112.05888209261823,0.0,CD8_Tcell
25.926184944184133,-63.53331817644306,0.0,CD8_Tcell
126.29124264827543,50.86945369332782,0.0,CD8_Tcell
-130.74530989428078,90.97547634592523,0.0,CD8_Tcell
61.9868105192751,91.4472061687565,0.0,CD8_Tcell
173.29382843665374,-40.206149293115,0.0,CD8_Tcell
133.0665372854624,128.43466699336554,0.0,CD8_Tcell
20.286187858405853,-197.56202098447912,0.0,CD8_Tcell
-121.60468436253862,113.51602976654668,0.0,CD8_Tcell
-46.14316757199436,46.469473245578264,0.0,CD8_Tcell
-56.63230389496808,127.77529689561541,0.0,CD8_Tcell
-44.738515890595494,-90.21188423042149,0.0,CD8_Tcell
-40.2149105439865,129.61739930526005,0.0,CD8_Tcell
9.880957789779849,118.81786117675712,0.0,CD8_Tcell
-134.78476984159485,60.776668152228176,0.0,CD8_Tcell
56.54955192103125,-76.5612927967642,0.0,CD8_Tcell
63.513020839919356,71.88263659676602,0.0,CD8_Tcell
49.8744163973388,-176.37030456728098,0.0,CD8_Tcell
-171.28740507848622,-24.10979266746728,0.0,CD8_Tcell
-7.0293115899335845,72.9068935164807,0.0,CD8_Tcell
49.84663691757949,-31.529160151634393,0.0,CD8_Tcell
9.971045717276748,-144.78873030547712,0.0,CD8_Tcell
-28.393533043437117,-110.11736258003064,0.0,CD8_Tcell
-93.77709150367104,-63.93023454736581,0.0,CD8_Tcell
31.737391463132266,-65.63162183062676,0.0,CD8_Tcell
-25.108696317376083,-16.91576866958551,0.0,CD8_Tcell
132.27304437528582,-123.08705622291002,0.0,CD8_Tcell
34.9797785811512,171.61694285646385,0.0,CD8_Tcell
31.80276466855637,111.74720650836684,0.0,CD8_Tcell
119.06509530767109,0.5426507790891806,0.0,CD8_Tcell
6.915400755383348,-143.79647098177483,0.0,CD8_Tcell
-62.44168881701855,96.51798615515355,0.0,CD8_Tcell
11.511897555672387,78.27457739138299,0.0,CD8_Tcell
40.08639226649004,120.16035043971489,0.0,CD8_Tcell
-31.73672719719389,27.329365044807357,0.0,CD8_Tcell
91.25486101178016,32.01724332364399,0.0,CD8_Tcell
-32.491277145784096,-26.37542036270016,0.0,CD8_Tcell
1.859756269543351,-1.6123249921164857,0.0,CD8_Tcell
-123.64886090253796,114.26797443812822,0.0,CD8_Tcell
43.01337330519621,12.385648257172178,0.0,CD8_Tcell
-131.30007131112254,-21.59942919580153,0.0,CD8_Tcell
-91.1034240557557,-94.2970043513391,0.0,CD8_Tcell
49.35914646039091,-174.79136693436203,0.0,CD8_Tcell
-195.58593370553135,21.343944488190488,0.0,CD8_Tcell
-140.2203097802103,132.03237215419017,0.0,CD8_Tcell
104.28644432433715,22.545500596168484,0.0,CD8_Tcell
74.34740180280099,-27.03085398008712,0.0,CD8_Tcell
96.90744617638258,146.3737273995573,0.0,CD8_Tcell
154.35941842176555,102.8343869564582,0.0,CD8_Tcell
-75.50029882649108,85.03427683305527,0.0,CD8_Tcell
-73.45133777372546,7.532165389347534,0.0,CD8_Tcell
148.92944317206218,-64.8448418367174,0.0,CD8_Tcell
132.62610969520875,93.08161742575807,0.0,CD8_Tcell
-143.2743785902754,-56.61473570052947,0.0,CD8_Tcell
161.307968403085,-101.01644203865163,0.0,CD8_Tcell
123.25437072395269,101.32883096833402,0.0,CD8_Tcell
41.082958178923256,191.82270225464302,0.0,CD8_Tcell
-165.69745536482924,39.94918795373156,0.0,CD8_Tcell
31.525642928469324,-112.41460480433007,0.0,CD8_Tcell
58.84052953665231,4.976001525442354,0.0,CD8_Tcell
-50.03561730790018,-178.31525940021885,0.0,CD8_Tcell
-40.00014725227575,31.195016171816615,0.0,CD8_Tcell
92.80633516152352,155.7905060914953,0.0,CD8_Tcell
106.9556372202932,-84.0447322784182,0.0,CD8_Tcell
32.78280842997851,140.8433061088972,0.0,CD8_Tcell
-101.42401572292972,-117.79705821595283,0.0,CD8_Tcell
139.0131070965096,-106.82661442164085,0.0,CD8_Tcell
88.22851157829119,152.2229121080975,0.0,CD8_Tcell
165.98980755637723,38.487779118799075,0.0,CD8_Tcell
28.86255744795801,17.87305185709595,0.0,CD8_Tcell
171.79156757872212,-63.97133426415384,0.0,CD8_Tcell
-134.05935949508907,-67.40132847477815,0.0,CD8_Tcell
9.19660018534869,-116.82007389104095,0.0,CD8_Tcell
191.0964581804719,-1.975824776663122,0.0,CD8_Tcell
102.40966734854676,25.0882056693315,0.0,CD8_Tcell
-62.854673602498124,-173.24631471769356,0.0,CD8_Tcell
76.9795176344848,-177.9487587791813,0.0,CD8_Tcell
45.01376413396451,-144.58235354299384,0.0,CD8_Tcell
8.64632076574026,160.94798823206406,0.0,CD8_Tcell
60.88209126424576,-159.99115190928288,0.0,CD8_Tcell
81.96458926600843,-140.56476347298104,0.0,CD8_Tcell
112.76975966471936,1.9677229789831694,0.0,CD8_Tcell
-6.494249513394801,16.90359376962839,0.0,CD8_Tcell
-16.475694190530785,-16.9554211909819,0.0,CD8_Tcell
-55.08390631679581,-3.9866509816718736,0.0,CD8_Tcell
-159.9833598547739,112.3804205395885,0.0,CD8_Tcell
-55.869047052442106,-166.74961465916454,0.0,CD8_Tcell
141.655074517971,-64.33534701320784,0.0,CD8_Tcell
187.26194524161448,67.15309003077444,0.0,CD8_Tcell
-177.92918665432896,70.85094663689047,0.0,CD8_Tcell
146.7861870421629,110.11456606239928,0.0,CD8_Tcell
-113.3190228528518,160.7458240944386,0.0,CD8_Tcell
-167.2907916324968,-46.1684051891736,0.0,CD8_Tcell
56.45364418923496,99.64242631496208,0.0,CD8_Tcell
-85.28011321702861,82.12296417922903,0.0,CD8_Tcell
-96.72434552756665,-102.87783666544468,0.0,CD8_Tcell
100.85118352889394,-31.704131137366982,0.0,CD8_Tcell
66.63955294468941,147.98579715989666,0.0,CD8_Tcell
-76.64573530522857,113.1402469132735,0.0,CD8_Tcell
-72.80845948294392,165.22085485995444,0.0,CD8_Tcell
-63.43915863993934,-75.92242374477497,0.0,CD8_Tcell
-188.32693520427998,-19.343557816162203,0.0,CD8_Tcell
-136.62409230950573,25.784987992637998,0.0,CD8_Tcell
59.093821489807375,-169.2773296930324,0.0,CD8_Tcell
-42.13943590699793,-47.80559083394122,0.0,CD8_Tcell
26.347756419628645,159.33023299340795,0.0,CD8_Tcell
152.5337409602724,-9.703581872234702,0.0,CD8_Tcell
-32.574700718453066,-174.5456050292082,0.0,CD8_Tcell
116.44916820860786,136.38769527250776,0.0,CD8_Tcell
-64.47166764075875,60.259033457742525,0.0,CD8_Tcell
-1.6085725718306363,-77.75811259951763,0.0,CD8_Tcell
-85.8345599486987,94.48302681046192,0.0,CD8_Tcell
-109.62401471718417,-133.5796758168242,0.0,CD8_Tcell
-114.21115758792715,155.61162091539285,0.0,CD8_Tcell
-47.74701412653468,116.6420030918903,0.0,CD8_Tcell
178.21587043737398,-84.65707047675282,0.0,CD8_Tcell
-171.74033772442903,56.90040555787559,0.0,CD8_Tcell
35.89426991315607,-22.291803335279358,0.0,CD8_Tcell
-11.477327359776268,-124.54212183881965,0.0,CD8_Tcell
138.1454237205947,-71.40821483013868,0.0,CD8_Tcell
-131.70478796863853,112.33153799643708,0.0,CD8_Tcell
-120.17740950998248,133.77309923273154,0.0,CD8_Tcell
137.35499243225183,-104.42189884137464,0.0,CD8_Tcell
-155.25115154351656,106.22688136741796,0.0,CD8_Tcell
33.41213857940235,-52.62177710431873,0.0,CD8_Tcell
55.813644092706454,89.34520558825112,0.0,CD8_Tcell
127.73531603272819,-61.452741588706246,0.0,CD8_Tcell
-11.281013226016578,-138.17501588249337,0.0,CD8_Tcell
-22.829796388597977,183.80825219626664,0.0,CD8_Tcell
-160.69864422542912,39.59205853307617,0.0,CD8_Tcell
69.71917312487018,80.99689207961707,0.0,CD8_Tcell
-88.79577826176782,-110.43933954275306,0.0,CD8_Tcell
31.648877769808703,-26.061346392393784,0.0,CD8_Tcell
-155.98872267028472,115.28718365932777,0.0,CD8_Tcell
134.06233881233373,-7.0276626628847865,0.0,CD8_Tcell
-65.20560407214396,-26.542974380606974,0.0,CD8_Tcell
35.609617220967166,-113.96760384805037,0.0,CD8_Tcell
-3.1869822884080428,-100.65250213511338,0.0,CD8_Tcell
-62.25167470068079,187.02703763522777,0.0,CD8_Tcell
11.928558530349733,-165.76468618827533,0.0,CD8_Tcell
175.0922491637475,-12.929229457063224,0.0,CD8_Tcell
-130.75527305218773,6.013764852312086,0.0,CD8_Tcell
-66.21763671020216,185.34530891379364,0.0,CD8_Tcell
-3.756806305104318,-166.73805188834973,0.0,CD8_Tcell
-154.51785702575927,-66.53073312375,0.0,CD8_Tcell
-119.64414528935221,50.19883444665272,0.0,CD8_Tcell
83.91902307023423,-45.48234233199662,0.0,CD8_Tcell
-6.800343856784675,-72.28466402163887,0.0,CD8_Tcell
-6.3731926422627625,-133.00942374023012,0.0,CD8_Tcell
-81.67261806963218,-180.00003482584512,0.0,CD8_Tcell
89.29592586628532,24.756702102069656,0.0,CD8_Tcell
-100.39894569283777,167.54628596578638,0.0,CD8_Tcell
-5.273136557614412,69.43744007559133,0.0,CD8_Tcell
1.2938975517595803,-17.79494326189099,0.0,CD8_Tcell
157.37107005408785,7.3252985706079095,0.0,CD8_Tcell
167.77362745524584,14.401964430427933,0.0,CD8_Tcell
-67.53428834690718,177.2710640255768,0.0,CD8_Tcell
196.36381728204367,36.39659031691386,0.0,CD8_Tcell
144.52847856756523,-25.529219589651195,0.0,CD8_Tcell
-127.08874124171919,60.01352141903164,0.0,CD8_Tcell
-99.89810567799029,46.52870479837287,0.0,CD8_Tcell
-115.41853760696445,104.55465286634706,0.0,CD8_Tcell
-8.07720993488661,-65.5655082244138,0.0,CD8_Tcell
-28.571038294572112,169.90507926211507,0.0,CD8_Tcell
-85.28421268296162,43.48823289023187,0.0,CD8_Tcell
108.86206969582275,72.84323155741049,0.0,CD8_Tcell
16.21054555649523,162.34131441181745,0.0,CD8_Tcell
-50.72454869473691,111.12228964781954,0.0,CD8_Tcell
-116.89197629027728,4.863725032418416,0.0,CD8_Tcell
-45.28025855703761,-186.17169135222477,0.0,CD8_Tcell
8.075109783064427,120.67184715448056,0.0,CD8_Tcell
-76.57507180111641,6.806697219954069,0.0,CD8_Tcell
-159.60605899025632,-4.558392914525777,0.0,CD8_Tcell
-158.12284634459306,-45.74594644211025,0.0,CD8_Tcell
-116.2447540500555,118.35064723316215,0.0,CD8_Tcell
-171.52705216821653,-28.48251496248589,0.0,CD8_Tcell
-39.982250619967814,-174.17738072267278,0.0,CD8_Tcell
102.46401664152371,-130.06894206708643,0.0,CD8_Tcell
41.15477875960705,102.78891810510173,0.0,CD8_Tcell
159.5594797873079,-98.52165792167176,0.0,CD8_Tcell
112.87745780547255,84.31282508828238,0.0,CD8_Tcell
-116.59392669630168,103.34203347570417,0.0,CD8_Tcell
-64.13511917895659,-40.5762580436404,0.0,CD8_Tcell
124.4045128708107,96.12154243293436,0.0,CD8_Tcell
106.38015515521703,79.10264687761449,0.0,CD8_Tcell
20.415883121392696,-73.34379045479727,0.0,CD8_Tcell
13.88918925412826,-116.76385875950938,0.0,CD8_Tcell
-89.011419830452,168.6588916592396,0.0,CD8_Tcell
3.3550754556390276,109.53547663802703,0.0,CD8_Tcell
158.19197620568715,66.27435297481624,0.0,CD8_Tcell
-104.94373104196156,-167.59449268169197,0.0,CD8_Tcell
63.32836694447656,171.6093963548831,0.0,CD8_Tcell
-99.6958570463196,-87.6089207463082,0.0,CD8_Tcell
-2.610932697995055,195.52252926484215,0.0,CD8_Tcell
-120.34690524582572,45.76165350100128,0.0,CD8_Tcell
-62.59145886215747,158.19704565191307,0.0,CD8_Tcell
-46.47636361594502,-96.2485002834195,0.0,CD8_Tcell
-136.93049601170262,-99.90271901164132,0.0,CD8_Tcell
-69.10896822289924,-1.2438560718192324,0.0,CD8_Tcell
-80.00507807300852,-97.2484195649724,0.0,CD8_Tcell
-66.84299049901114,173.7836038695462,0.0,CD8_Tcell
-134.49896667812772,-41.07138560667295,0.0,CD8_Tcell
-149.97395994211698,-122.88210945906282,0.0,CD8_Tcell
173.17241192441267,92.0876351691579,0.0,CD8_Tcell
125.45067143213372,52.39707132388766,0.0,CD8_Tcell
-2.3174573046985185,78.40567407027483,0.0,CD8_Tcell
-178.13418629740204,-84.74904794066993,0.0,CD8_Tcell
19.64997891820549,-1.9258637708733082,0.0,CD8_Tcell
-19.016267310007677,2.2139646094701098,0.0,CD8_Tcell
-129.59109846289002,-126.05414095060972,0.0,CD8_Tcell
40.117941165418564,-68.4343474502819,0.0,CD8_Tcell
-131.1957528950917,58.3397610775386,0.0,CD8_Tcell
147.76676120552025,30.866742843573935,0.0,CD8_Tcell
-24.97752538433968,-8.460622799347702,0.0,CD8_Tcell
-91.42056611015289,27.31160749797879,0.0,CD8_Tcell
-0.5804271020034537,93.68592110103954,0.0,CD8_Tcell
27.057215139820222,-177.2478334781265,0.0,CD8_Tcell
-160.74687649845845,93.7450683406932,0.0,CD8_Tcell
-71.64569386576365,-173.94019651485777,0.0,CD8_Tcell
-30.138196469992444,-34.154456928658774,0.0,CD8_Tcell
143.6342177636503,-11.140048047368792,0.0,CD8_Tcell
163.01127783230191,-76.54390538612678,0.0,CD8_Tcell
65.07337625506347,-98.51457741125573,0.0,CD8_Tcell
91.64326089456115,-66.3572059155639,0.0,CD8_Tcell
-64.78744380850978,-175.62731753848325,0.0,CD8_Tcell
-41.58625250488206,171.0674771771236,0.0,CD8_Tcell
-5.954492421573794,-70.96659586548027,0.0,CD8_Tcell
-170.8535823889835,11.19308765349691,0.0,CD8_Tcell
-44.06114975100862,-23.140322127885575,0.0,CD8_Tcell
-118.30306695809638,91.2304025980361,0.0,CD8_Tcell
-103.05071999854715,-68.23337611060447,0.0,CD8_Tcell
-113.24726798501837,116.93073252299763,0.0,CD8_Tcell
68.50764955336685,-36.306492603232975,0.0,CD8_Tcell
-0.5286318618871066,54.56057994036345,0.0,CD8_Tcell
-83.2574868989835,-161.53206427470562,0.0,CD8_Tcell
-114.88202793597827,92.06913262640293,0.0,CD8_Tcell
132.3779483933492,90.9840881016885,0.0,CD8_Tcell
-137.25455803261576,57.61322577237,0.0,CD8_Tcell
-80.3749220367885,104.5304196797832,0.0,CD8_Tcell
193.8302716418196,-13.400010948693538,0.0,CD8_Tcell
-23.569924750611104,-37.293928340715986,0.0,CD8_Tcell
-30.778120156833474,109.23085693483371,0.0,CD8_Tcell
-133.00466359757115,-61.93054672071826,0.0,CD8_Tcell
-149.3987712856518,99.60462342668532,0.0,CD8_Tcell
43.31787079790721,-161.44884421372356,0.0,CD8_Tcell
-2.0579254065421804,167.07459857396984,0.0,CD8_Tcell
-90.89499244439357,80.00096588255258,0.0,CD8_Tcell
169.7393608625061,59.798843423773505,0.0,CD8_Tcell
68.4641261744587,-88.60808426614038,0.0,CD8_Tcell
161.05867324664726,-2.470610077807379,0.0,CD8_Tcell
-187.8859011817716,-44.28721240541547,0.0,CD8_Tcell
174.42294974972828,-42.12852179904664,0.0,Treg
-159.61964425917668,-109.05728385028047,0.0,Treg
-99.85695425930163,-170.77360418388008,0.0,Treg
-148.29801971258198,23.30745082215417,0.0,Treg
-101.36673128628846,159.12840155700025,0.0,Treg
32.05917547668013,-65.12484499346438,0.0,Treg
-0.32182304737242506,-188.78916761377812,0.0,Treg
64.84645467366018,-182.61161896179368,0.0,Treg
11.507419888661587,130.66762544772786,0.0,Treg
-168.4605798081688,26.388514049017353,0.0,Treg
7.596492264599528,-119.48973928416926,0.0,Treg
-64.13126111506206,-105.84794065596287,0.0,Treg
-176.10000249117425,-25.12619238698894,0.0,Treg
89.25933224781758,-167.16797014763677,0.0,Treg
-14.000888519745349,-110.25714519420889,0.0,Treg
-23.89216829994392,8.961160748664167,0.0,Treg
-141.95645726949573,-107.16885742418481,0.0,Treg
-119.69774622158053,105.30740713783811,0.0,Treg
113.30923056058545,120.69456249156454,0.0,Treg
21.321453847841873,157.01142394717647,0.0,Treg
125.72226065222384,-73.63818019692134,0.0,Treg
77.94219533071369,148.11773418053298,0.0,Treg
121.78699042864925,-99.96506883362117,0.0,Treg
195.24265617048835,36.94063974979062,0.0,Treg
165.6448839917618,74.87606094624388,0.0,Treg
-55.89466751168863,-36.66183928656054,0.0,Treg
-117.528876897612,-46.98783816545956,0.0,Treg
-36.88368705312175,-94.04825803947877,0.0,Treg
6.079633806369533,-85.11267920923608,0.0,Treg
18.56487044170236,-191.3609907051149,0.0,Treg
-87.90993346934677,62.30747049684895,0.0,Treg
58.082550563156936,-52.66774247631667,0.0,Treg
141.9505539334653,121.93850954721331,0.0,Treg
-155.59742145719073,90.71507212348035,0.0,Treg
54.63863190322499,114.8930002961206,0.0,Treg
-116.54096411978685,44.30113638540973,0.0,Treg
-96.81258660989077,-84.01381862937643,0.0,Treg
-88.52408588903951,-73.35833660400492,0.0,Treg
44.0176769196019,-122.40945713331094,0.0,Treg
86.88048531290612,-142.8944577150136,0.0,Treg
53.0969068513304,81.52503798050397,0.0,Treg
26.709472089312474,180.74137885897667,0.0,Treg
-20.615059245915397,-72.6878768874156,0.0,Treg
60.65742111554124,-136.7275148853515,0.0,Treg
-52.88376320640859,97.10484757366001,0.0,Treg
29.442007612725064,-23.851723626787596,0.0,Treg
-154.03199283004292,-47.49082015500447,0.0,Treg
65.88618485752585,-165.37268172316257,0.0,Treg
-89.05357173029363,-34.15224254658785,0.0,Treg
150.83262081223415,-116.86970406003141,0.0,Treg
-150.4298490902004,-105.35024526219233,0.0,Treg
47.79908841183914,129.13477738069457,0.0,Treg
16.38704765316488,107.96591924493673,0.0,Treg
-92.20170896087973,-150.00973258828537,0.0,Treg
-108.34455733534087,26.42697853816016,0.0,Treg
123.1640325948857,-46.676813162531786,0.0,Treg
74.8054854551569,-170.58905674675012,0.0,Treg
-63.522553846807256,114.46851757038804,0.0,Treg
-38.20226155938706,-180.0409931451692,0.0,Treg
-148.70337589072105,133.19696421751095,0.0,Treg
170.51964431499366,-74.87963008862468,0.0,Treg
-31.073230120353205,-142.71473507200963,0.0,Treg
-94.0029439132668,-84.29899965960622,0.0,Treg
114.4145145683442,-26.39668916461966,0.0,Treg
-148.02082798996238,8.127545115132593,0.0,Treg
119.53573787407869,48.9763264440717,0.0,Treg
75.8007471755411,89.98636061913679,0.0,Treg
78.23184231062932,-158.91926376857143,0.0,Treg
-133.23448288436288,84.77572189855809,0.0,Treg
104.15472580468233,-29.91819985164324,0.0,Treg
-71.76864748438439,75.04163254262973,0.0,Treg
-26.907692832195583,71.5348652406534,0.0,Treg
77.8702915792758,31.934327419090067,0.0,Treg
-76.5593249697435,-168.11828567683403,0.0,Treg
43.11743283436425,-130.07977391053066,0.0,Treg
114.8613536331351,12.050559042503606,0.0,Treg
47.93088196951068,-110.7582672090391,0.0,Treg
57.942855046400524,-143.21543487611078,0.0,Treg
51.456020887984096,-4.843075434479456,0.0,Treg
133.80727679422236,26.997221726994965,0.0,Treg
69.33164073231133,-98.19891947027259,0.0,Treg
-118.97058963471203,103.82617690615487,0.0,Treg
-172.57544882067162,-58.96659631291226,0.0,Treg
111.09337753623507,-90.66306574177892,0.0,Treg
-127.97341510881282,-92.58631483773834,0.0,Treg
186.1747462043485,52.2868971813579,0.0,Treg
-172.05442605012425,-64.64816040105195,0.0,Treg
172.65677486877834,31.602760484684882,0.0,Treg
120.77572796847288,-135.48955594920412,0.0,Treg
44.118532981311375,-45.41192472525086,0.0,Treg
64.32377952872406,-147.19880790816953,0.0,Treg
46.55022924100879,-193.34948402172975,0.0,Treg
68.4040797050507,-74.47914307866634,0.0,Treg
1.8903706075484037,-110.81598492429023,0.0,Treg
-155.9333626214207,-79.63103586679557,0.0,Treg
119.86987960901122,-133.43551072768787,0.0,Treg
50.05031967842448,35.982911958699646,0.0,Treg
122.18792027641057,-27.976406973574704,0.0,Treg
107.74920082022003,42.116131991058836,0.0,Treg
-184.45890229648978,62.31758361645927,0.0,Treg
-4.242771596953461,-135.14561800384593,0.0,Treg
114.42055311184052,-156.96130499952582,0.0,Treg
-133.41415877438757,115.57020468955038,0.0,Treg
-24.168529279949738,125.86046891816825,0.0,Treg
103.34701653159493,-112.6924527525151,0.0,Treg
-9.095368562519129,157.12398186982577,0.0,Treg
-91.74040189979571,-103.21059210421708,0.0,Treg
82.36924488995598,33.147238384433166,0.0,Treg
45.81361208195429,-191.61907318625023,0.0,Treg
23.353752110524237,168.16360367203785,0.0,Treg
138.91145937222137,51.4502131021032,0.0,Treg
-100.60691275599405,110.41235930905373,0.0,Treg
79.8110990029407,19.408819468588106,0.0,Treg
-6.3499411900401475,-106.16168563333355,0.0,Treg
-59.4647079387507,-128.4043709937619,0.0,Treg
50.94156613344037,-126.03439620892175,0.0,Treg
173.05828684639204,28.254640874127638,0.0,Treg
162.4356774892319,-102.8580569040362,0.0,Treg
-17.074054358432242,158.75007260859346,0.0,Treg
70.47258284300408,138.24102892968315,0.0,Treg
121.07765653798177,-91.51072796367768,0.0,Treg
97.20237554087929,-64.8989905040798,0.0,Treg
-22.63554744937269,-181.77297243755407,0.0,Treg
96.30147455600357,-31.994922675394182,0.0,Treg
150.84647090503975,-5.615202597303095,0.0,Treg
-65.4452564978186,-24.541751414519968,0.0,Treg
-46.74514232759159,-27.156639964615962,0.0,Treg
19.546380145217686,154.55296788310216,0.0,Treg
93.921267474851,71.63237526291796,0.0,Treg
181.18031641169935,38.91865553684776,0.0,Treg
54.98401130392622,32.743883573297765,0.0,Treg
112.27284568454353,-31.12118376042616,0.0,Treg
-56.19286956889485,114.65794820749983,0.0,Treg
150.4825932358569,20.02572671635674,0.0,Treg
-118.75685988669683,-40.3146818358981,0.0,Treg
-103.97045163613481,-103.99681055025856,0.0,Treg
-80.97371998392829,161.62211664779582,0.0,Treg
-10.633264481648352,-35.47399389138171,0.0,Treg
-107.09673414966394,-123.3955265344626,0.0,Treg
102.60477045610357,14.259621860997893,0.0,Treg
-172.05381950633756,6.768726895059568,0.0,Treg
-25.381222060501837,151.5893293768904,0.0,Treg
87.16415109959271,-91.11472660917022,0.0,Treg
77.76727077015342,18.996429216590364,0.0,Treg
153.04893842753233,-62.582836754290796,0.0,Treg
-96.69054524708913,-139.23955678365672,0.0,Treg
157.1261274587697,81.86089410352277,0.0,Treg
-71.28027956808947,25.42843821899884,0.0,Treg
-30.040836079485505,175.19801951871642,0.0,Treg
49.781993177112135,96.44401774855764,0.0,Treg
63.21006675110302,29.99052984335632,0.0,Treg
-105.5796573707543,-54.972387937116956,0.0,Treg
-105.89220271191708,-134.85690528548295,0.0,Treg
-184.26962408599618,45.38709487959163,0.0,Treg
-190.51462575685395,-54.5109375278925,0.0,Treg
78.67975808087206,-138.16358521406366,0.0,Treg
-40.76804807874489,-134.4040430044716,0.0,Treg
19.64403339978225,113.62641997815565,0.0,Treg
-101.56133373102338,-62.79965350368896,0.0,Treg
-169.654492496174,105.10552018403746,0.0,Treg
-59.53732742563765,-130.60063455117893,0.0,Treg
195.97486498089415,-2.371560449577529,0.0,Treg
-30.681863476534534,41.43624352692943,0.0,Treg
66.85176246791833,-19.832717326780987,0.0,Treg
-180.61393702409077,-12.679811267601378,0.0,Treg
122.26343553771136,-10.73695306149809,0.0,Treg
-114.55991952351464,-149.40810708353467,0.0,Treg
-100.15405505996894,-29.484262744589458,0.0,Treg
-3.3032011464527997,111.22808728043506,0.0,Treg
-68.6982997212897,62.641126713947855,0.0,Treg
61.524310212299476,-171.23164464172805,0.0,Treg
-186.7464158365387,-65.92295088742749,0.0,Treg
-130.82075915595743,121.18643730263871,0.0,Treg
166.53659535380757,-56.21458464540243,0.0,Treg
-142.88642015263892,15.2456916284741,0.0,Treg
53.62182594797069,-113.32496610377899,0.0,Treg
-145.97601849263614,19.94858137249734,0.0,Treg
-110.034990044242,89.85080561790724,0.0,Treg
-91.08891745951479,110.26768730609632,0.0,Treg
-57.59807665476676,-161.32586231532335,0.0,Treg
-119.70346043988144,147.56510407441857,0.0,Treg
55.225714369649516,-182.11395637716848,0.0,Treg
30.449490627279648,-101.07052540848105,0.0,Treg
-50.31851436013038,82.29606243413059,0.0,Treg
135.68921982685063,48.02344015060365,0.0,Treg
-171.4417245463693,-36.821807944503924,0.0,Treg
86.58738400011752,141.22937276000619,0.0,Treg
79.03398439767876,27.149633426303964,0.0,Treg
-160.05098967382887,2.6042512826753215,0.0,Treg
181.14696556283022,-2.8497545478889426,0.0,Treg
-102.89522969143606,-9.591044453707196,0.0,Treg
14.346694037740416,-30.85284752092964,0.0,Treg
-193.992824608508,-31.916657492535702,0.0,Treg
103.23073481272758,-118.04240856066373,0.0,Treg
9.816332764913222,181.43390693660584,0.0,Treg
-2.4300190835989883,198.68587258290555,0.0,Treg
102.97517019885078,158.61420210682937,0.0,Treg
77.55259471118184,-149.83149946701076,0.0,Treg
153.1151313566241,-109.3548613309562,0.0,Treg
139.78698187293787,-123.44055415201424,0.0,Treg
-81.69967533685787,163.06273720990222,0.0,Treg
-128.85466744534918,16.598755949548867,0.0,Treg
-159.51424789986902,118.7588175051875,0.0,Treg
16.374168685706582,-49.25872548189535,0.0,Treg
-90.2828853176283,-66.28699113038638,0.0,Treg
70.15027349050789,-23.130297892971257,0.0,Treg
105.81396939483659,132.7787798554885,0.0,Treg
79.91704658208306,-127.80418923323222,0.0,Treg
-25.168733708917024,-58.49109847876287,0.0,Treg
-59.02382198955292,-133.22363336244015,0.0,Treg
165.01232567931828,-112.67746522604617,0.0,Treg
95.77118791250054,121.85810278494601,0.0,Treg
-176.578596016396,38.24938939247978,0.0,Treg
57.78300075593946,-67.19180755253976,0.0,Treg
-120.72210105401018,-157.92843823247148,0.0,Treg
-79.94608006757161,-2.3031863814069307,0.0,Treg
-125.61287658726192,80.56295567844474,0.0,Treg
-141.28970082930638,31.72183285179972,0.0,Treg
-40.73715947796144,150.50802402139223,0.0,Treg
114.467105814584,133.88014004988864,0.0,Treg
67.62248626707894,-57.25448386815634,0.0,Treg
-140.41810669350014,123.79488223566207,0.0,Treg
-182.08153614921773,14.953321974384876,0.0,Treg
-57.178682976547265,-27.67290993677485,0.0,Treg
-50.01030347659699,36.02049210345644,0.0,Treg
-41.769778385852604,-50.232020540721294,0.0,Treg
-18.740068875525104,109.0630038578174,0.0,Treg
-67.4834106067323,-89.56358804477293,0.0,Treg
-166.82464775860484,-44.4748438442249,0.0,Treg
-117.40359771919482,-135.61897459593266,0.0,Treg
84.1251404599587,85.50983279811743,0.0,Treg
82.1431038981517,64.90321468247754,0.0,Treg
-18.205833091829835,-93.22632761576736,0.0,Treg
102.0197684332868,123.72209486305242,0.0,Treg
-137.41389906890132,37.23960201938627,0.0,Treg
-21.978754226877317,-167.7987094589249,0.0,Treg
-85.75897405370631,-75.98267194681998,0.0,Treg
-128.45436926677885,-132.33251623781624,0.0,Treg
-50.72037571950418,-134.9264464693687,0.0,Treg
-144.12269357243642,21.51063548475999,0.0,Treg
104.57812104240031,-151.76173207797873,0.0,Treg
91.77078621922745,-85.80202742274658,0.0,Treg
111.17762004958877,-70.4118835465012,0.0,Treg
-35.689373909139775,49.90096305407994,0.0,Treg
176.13794452837445,-36.12573036122887,0.0,Treg
152.8229079764721,-79.76461686338564,0.0,Treg
16.02684961162899,23.698458783593225,0.0,Treg
-92.6203834918475,-64.44533275163245,0.0,Treg
36.497673134969624,-134.47116138934803,0.0,Treg
40.142523153344925,7.9189992803516525,0.0,Treg
-150.9535357899241,-22.92495296470648,0.0,Treg
-45.58157360222582,136.8754122195678,0.0,Treg
-79.29691061501123,-46.90076017191455,0.0,Treg
-154.74706976044965,-77.5923079272328,0.0,Treg
-33.884386141545455,-27.047898097546163,0.0,Treg
61.387702347793066,112.77111462324933,0.0,Treg
-103.49992085498407,49.136216559914516,0.0,Treg
-29.358829292765844,48.911310192906434,0.0,Treg
48.01504036418332,59.189598751828825,0.0,Treg
35.76731674665094,60.26785911543892,0.0,Treg
149.44559765540646,-106.91452346091852,0.0,Treg
-52.96315925424944,10.077225642488811,0.0,Treg
67.00230338920203,173.6192844286841,0.0,Treg
-84.07391722902514,-99.73835986434761,0.0,Treg
-71.85629182525044,-172.67594779991785,0.0,Treg
-140.35139743024902,94.39086357825184,0.0,Treg
-4.682104051619096,66.99990356781537,0.0,Treg
143.38291143290903,-137.31886582746887,0.0,Treg
-148.6383259367713,19.56314235478582,0.0,Treg
66.63244721973311,56.38319944315348,0.0,Treg
136.29473203052495,126.90119259729093,0.0,Treg
-95.70479385395149,-59.150278969984974,0.0,Treg
-110.83515195606407,-20.109772883320332,0.0,Treg
72.17426648441054,-14.17081257523101,0.0,Treg
34.26010385157749,-137.8567545288803,0.0,Treg
167.47826065391877,-24.227093205656825,0.0,Treg
11.605750461974623,-184.2588614318004,0.0,Treg
-32.3824013913315,-106.37721948752991,0.0,Treg
66.14364944849176,-11.99253553720375,0.0,Treg
25.17056065177318,-195.43641843499836,0.0,Treg
70.5789208415387,-19.70219718622761,0.0,Treg
93.58939147995899,114.45720512953102,0.0,Treg
106.19091467461759,-50.5335379520175,0.0,Treg
-23.950858584301066,-166.0262872099355,0.0,Treg
-134.6887273655288,-62.67673612770096,0.0,Treg
19.286342656131765,-134.59017059092895,0.0,Treg
-109.74036881512424,149.26270965358057,0.0,Treg
-45.90089308939624,-38.397554385636,0.0,Treg
-53.00892592637678,-131.36292584393118,0.0,Treg
-184.17382960485418,-25.906642934970353,0.0,Treg
-97.40017427266709,174.17128887976784,0.0,Treg
99.99298070658008,73.41333094610076,0.0,Treg
-6.032194560863893,-52.881360985059985,0.0,Treg
128.6674705810741,129.6769666171989,0.0,Treg
96.78721333590777,19.666042997749766,0.0,Treg
-2.6979777541850267,-97.08280166779689,0.0,Treg
-137.49465790394524,96.98923916668905,0.0,Treg
-28.53890558856585,-1.2738859131528817,0.0,Treg
-67.82679528317989,51.73958316097641,0.0,Treg
150.98916081455945,-96.52201647542863,0.0,Treg
21.479745457559044,22.124069474307007,0.0,Treg
-124.9162308979331,150.14324390770844,0.0,Treg
182.6673640459893,56.041215763463136,0.0,Treg
-69.66936965032794,145.98114834767546,0.0,Treg
-142.69296204598788,64.62280203530473,0.0,Treg
33.97664890244038,-86.31474887214988,0.0,Treg
-44.461370154062585,60.63778747293805,0.0,Treg
118.27087413140059,149.39716330893083,0.0,Treg
43.238753804453644,-126.86554228266702,0.0,Treg
-154.9949978784946,-101.27205143373376,0.0,Treg
-73.73246997735866,19.59361792750217,0.0,Treg
-116.7227075735631,-139.2827510659371,0.0,Treg
-1.983766777929785,-56.038492152386574,0.0,Treg
123.30188997930898,-23.97726909222382,0.0,Treg
108.86394684303752,110.8144467855823,0.0,Treg
-97.61854331882017,137.58998081739503,0.0,Treg
69.3745228983754,183.04650780741838,0.0,Treg
90.08768320620644,-19.067061388365257,0.0,Treg
-15.889659833214546,-193.30344606128958,0.0,Treg
67.26935972677659,-23.090199425267393,0.0,Treg
182.98966446514885,38.935877876238,0.0,Treg
76.62124855336783,-73.60514053422924,0.0,Treg
1.3044810364788904,-53.46896148763047,0.0,Treg
-7.570132101086286,-171.90275451147124,0.0,Treg
-19.500457939031474,157.48172369040873,0.0,Treg
-85.46626452448902,151.6010051776478,0.0,Treg
-191.01169238526938,-32.85092177384229,0.0,Treg
191.97062131284375,-46.013448801719754,0.0,Treg
-26.202374587552754,14.801749602831125,0.0,Treg
115.16499745424981,-42.12342602560039,0.0,Treg
-149.03923039653068,-34.806716749417,0.0,Treg
-96.22240261762461,8.052782914938335,0.0,Treg
78.004801904682,55.47601017566311,0.0,Treg
56.8216398504024,-40.41648597911969,0.0,Treg
95.9763405086952,11.028523072644495,0.0,Treg
39.71959354464584,-187.63687415914782,0.0,Treg
-108.56928332545229,-8.96016859426217,0.0,Treg
44.65746546396006,-90.1449016063963,0.0,Treg
155.90088305248392,-78.25035303663572,0.0,Treg
-10.979163353118823,111.02664167793635,0.0,Treg
161.66680056422962,-96.13760511944584,0.0,Treg
45.38918184079486,17.211287704817238,0.0,Treg
130.07927148087202,-106.3644878471095,0.0,Treg
45.50926363496874,-127.88630329158924,0.0,Treg
-131.69745753665003,-42.94947290624498,0.0,Treg
73.06539827019185,-113.62597063372534,0.0,Treg
142.65100999268105,8.30153288740026,0.0,Treg
1.9575498527884154,3.0960714391576616,0.0,Treg
31.668277377372444,12.466562042909182,0.0,Treg
-47.81002477109359,128.64526640081579,0.0,Treg
112.19935384485451,165.31078779379126,0.0,Treg
23.93720702628153,-174.99207170539327,0.0,Treg
60.77770612061611,-160.12607731712203,0.0,Treg
15.121354252168752,-124.20804186287775,0.0,Treg
8.773416330256456,-77.44631892550717,0.0,Treg
-128.17921090337606,54.94281964577595,0.0,Treg
-29.536531924132,100.39710199886635,0.0,Treg
112.45429799436987,-63.53250047899708,0.0,Treg
-95.4422578119464,-26.57311727921919,0.0,Treg
50.63819021123405,49.248720227919684,0.0,Treg
56.8151665246167,46.9387098716739,0.0,Treg
-88.50169360246642,-139.58608570500544,0.0,Treg
-124.24185046815035,-66.96319556432694,0.0,Treg
116.3880765128804,-108.72094652037786,0.0,Treg
72.87978816025712,2.8647218249971083,0.0,Treg
-159.30183082501551,-17.425067045231525,0.0,Treg
6.236888174651632,183.30085333627522,0.0,Treg
170.65176713645218,92.41491844229907,0.0,Treg
101.35054185941276,-7.04864727687576,0.0,Treg
-69.06534335239482,185.4502637849708,0.0,Treg
140.9421231241814,34.87337219919795,0.0,Treg
-59.22422695540583,-124.07110608555918,0.0,Treg
-134.71483398558166,67.7560626610697,0.0,Treg
185.607675984614,72.36496330135904,0.0,Treg
-49.78928281627506,-88.09241378110181,0.0,Treg
18.024513132755715,-96.14347668280924,0.0,Treg
-132.3638779432508,32.691283951892906,0.0,Treg
-132.22142806562613,28.94795671291895,0.0,Treg
-31.690910502569828,-63.19991131255242,0.0,Treg
82.73201901817028,115.56229430835016,0.0,Treg
-2.8032686139941245,-153.08340361343946,0.0,Treg
-181.15632504509907,68.46555844798877,0.0,Treg
-27.012925293446553,-32.182547787560765,0.0,Treg
-9.471208203680279,-171.73851860928585,0.0,Treg
78.99386690796224,113.71297168003397,0.0,Treg
22.08517131437618,56.904026283219146,0.0,Treg
92.22137308212923,66.15415303434034,0.0,Treg
-46.03135709007263,69.89936881776958,0.0,Treg
19.015731700049756,172.72313712414083,0.0,Treg
-381.4861498783338,35.092605264523726,0.0,apCAF
-237.1902619413005,-265.82156170266353,0.0,apCAF
-224.52818748898463,270.90997355950697,0.0,apCAF
186.9233120510881,305.52711479277724,0.0,apCAF
-264.7958072685942,-199.9047643624441,0.0,apCAF
334.42072379825385,30.2062812199122,0.0,apCAF
-215.44325493785786,-193.7688885122819,0.0,apCAF
-181.5780258480632,127.45523263226774,0.0,apCAF
48.67132738112767,-318.9088837703805,0.0,apCAF
387.17593711319853,94.46154220812947,0.0,apCAF
161.48641141489193,260.39140032861604,0.0,apCAF
77.33634769112055,280.0684518236852,0.0,apCAF
247.59002326268862,143.27759677789405,0.0,apCAF
310.5377113477942,96.65718173287492,0.0,epithelial_tumor
372.76208209986885,-15.992109802695273,0.0,epithelial_tumor
-237.05676388886928,-17.159808041699232,0.0,epithelial_tumor
-163.15551709070044,-227.70345490332534,0.0,epithelial_tumor
51.642843479200046,276.5746366229584,0.0,epithelial_tumor
-217.02023368490177,176.3346931890534,0.0,epithelial_tumor
-25.0873825329674,222.70460338022392,0.0,epithelial_tumor
225.6814968851828,119.96836120772667,0.0,epithelial_tumor
320.0780054587961,53.41096234556381,0.0,epithelial_tumor
-41.02982012076066,227.00128179441992,0.0,epithelial_tumor
-212.167979714774,331.5813933621363,0.0,epithelial_tumor
-298.3683365639579,232.4263910023551,0.0,epithelial_tumor
210.02230923647008,11.582457352205868,0.0,epithelial_tumor
-263.8498082935936,87.73888499211044,0.0,epithelial_tumor
150.0201719287186,190.51908730507785,0.0,epithelial_tumor
-176.21663532663752,217.7980021990841,0.0,epithelial_tumor
113.09180944164376,-199.87903706093454,0.0,epithelial_tumor
-153.8702105007842,359.1394452908142,0.0,epithelial_tumor
-282.22660861308435,-14.868976540934913,0.0,epithelial_tumor
299.5265730821339,250.923736884378,0.0,epithelial_tumor
161.8706106616129,-310.137766885339,0.0,epithelial_tumor
40.306024211094716,278.20995192306333,0.0,epithelial_tumor
-223.98679166912174,141.93778477340416,0.0,epithelial_tumor_class1
117.45481318787591,-331.47578640981385,0.0,epithelial_tumor_class1
-155.55303893720136,-270.2885257496575,0.0,epithelial_tumor_class1
-271.16641997798604,-155.94054282906865,0.0,epithelial_tumor_class1
253.98034072608274,-258.9642718997787,0.0,epithelial_tumor_class1
-167.9495479071646,159.59644191955817,0.0,epithelial_tumor_class1
1.6414553500379905,-399.3138153741929,0.0,epithelial_tumor_class1
135.8006091264705,-213.15608794962358,0.0,epithelial_tumor_class1
15.247917963731785,-331.10188255240354,0.0,epithelial_tumor_class1
-300.31957336016984,138.73009204659513,0.0,epithelial_tumor_class1
-204.3444376363484,-119.15277774463839,0.0,epithelial_tumor_class1
306.5285774903465,-88.51659395723681,0.0,epithelial_tumor_class1
-195.59682632156373,140.07685588647115,0.0,epithelial_tumor_class1
42.17245105547036,313.86938123472027,0.0,epithelial_tumor_class1
-242.42843715301598,-2.256617855036568,0.0,epithelial_tumor_class1
-94.7480344670279,358.1393662313649,0.0,epithelial_tumor_class1
-308.8960956594967,76.05444507332737,0.0,epithelial_tumor_class1
199.35446159172534,289.2043824264219,0.0,epithelial_tumor_class1
298.9168337098557,151.90831090530943,0.0,epithelial_tumor_class1
-150.5665450436669,356.89824714320144,0.0,epithelial_tumor_class1
308.67774868523236,-179.13089958460486,0.0,epithelial_tumor_class1
152.91983432593693,170.16695525467847,0.0,epithelial_tumor_class1
242.4448060039984,40.65741868587542,0.0,epithelial_tumor_class1
92.03640800773739,-309.0330231128239,0.0,epithelial_tumor_class1
-103.4647117061236,326.6571657995421,0.0,epithelial_tumor_class1
160.3248144617221,-353.39081014720114,0.0,epithelial_tumor_class1
-125.30725631347576,-199.53638439336385,0.0,epithelial_tumor_class1
86.00074047715097,-221.26838620169573,0.0,epithelial_tumor_class1
185.14116085621302,208.83332966595967,0.0,epithelial_tumor_class1
173.30898099377458,259.2152455883732,0.0,epithelial_tumor_class1
-196.0249493997086,198.1230805027033,0.0,epithelial_tumor_class1
-281.4700528450271,-254.94250640896078,0.0,epithelial_tumor_class1
336.5025221985736,161.31452789007238,0.0,epithelial_tumor_class1
-366.48493027262083,-88.8708206767511,0.0,epithelial_tumor_class1
381.57991756031277,-113.23528310745701,0.0,epithelial_tumor_class1
-308.49307772128805,61.6134896041419,0.0,epithelial_tumor_class1
337.96664782381447,188.17113796790022,0.0,epithelial_tumor_class1
-196.56366487745487,-89.73734918351188,0.0,epithelial_tumor_class1
-239.41249154180093,290.4448484810348,0.0,epithelial_tumor_class1
2.124611255432123,217.05687478871516,0.0,epithelial_tumor_class1
198.26271361044144,-128.52280042735805,0.0,epithelial_tumor_class1
-130.2652487291788,-334.65837262443364,0.0,epithelial_tumor_class1
-346.27398523641176,-5.679099117247331,0.0,epithelial_tumor_class1
79.88507727292294,320.08676939107926,0.0,epithelial_tumor_class1
323.88296798356936,115.50237397948639,0.0,epithelial_tumor_class1
67.53055539922562,-237.3673560616474,0.0,epithelial_tumor_class1
-109.25122605631766,243.4468187186202,0.0,epithelial_tumor_class1
99.46385677124458,309.78791690375016,0.0,epithelial_tumor_class1
-255.94879495123416,-137.29948080231503,0.0,epithelial_tumor_class1
297.28654732231035,44.33738382678942,0.0,epithelial_tumor_class1
-232.67182505075883,171.46832611560612,0.0,epithelial_tumor_class1
157.99580576193938,303.71670800245613,0.0,epithelial_tumor_class1
169.03089190395295,-241.7586254383649,0.0,epithelial_tumor_class1
-297.43373789617095,208.68233789636912,0.0,epithelial_tumor_class1
283.50515441987045,255.68568273653673,0.0,epithelial_tumor_class1
208.9555330839656,229.15889630308877,0.0,epithelial_tumor_class1
204.9928994907027,-246.73101426005334,0.0,epithelial_tumor_class1_class2
103.16268357804364,179.5659325261722,0.0,epithelial_tumor_class1_class2
288.2757501713086,-157.7254833348004,0.0,epithelial_tumor_class1_class2
228.74727562030705,-14.960940271668735,0.0,epithelial_tumor_class1_class2
-200.39006922845522,85.58983541198306,0.0,epithelial_tumor_class1_class2
196.6229328341643,-148.67412532770882,0.0,epithelial_tumor_class1_class2
-64.64105106581557,247.43638981540403,0.0,epithelial_tumor_class1_class2
-132.44940038888305,311.7747478120391,0.0,epithelial_tumor_class1_class2
-89.13721870690253,-338.44466427185006,0.0,epithelial_tumor_class1_class2
271.7120838681685,-81.5548066095403,0.0,epithelial_tumor_class1_class2
324.75137115707616,-32.91197385631524,0.0,epithelial_tumor_class1_class2
16.53187996307408,-201.12563656689437,0.0,epithelial_tumor_class1_class2
206.46580838161682,-51.44619077890292,0.0,epithelial_tumor_class1_class2
143.89295208366445,179.35943783601522,0.0,epithelial_tumor_class1_class2
363.5012118335361,61.70340372058062,0.0,epithelial_tumor_class1_class2
-379.05118301644507,-88.02416731873143,0.0,epithelial_tumor_class1_class2
100.2948432186569,-202.58948948754056,0.0,epithelial_tumor_class1_class2
123.82237562965145,-165.75724038384885,0.0,epithelial_tumor_class1_class2
245.88065239034606,-10.53663462504313,0.0,epithelial_tumor_class1_class2
-311.58590130993747,1.1700324955237589,0.0,epithelial_tumor_class1_class2
-217.1023067191877,68.44029387600159,0.0,epithelial_tumor_class1_class2
-249.7356695293836,121.29742574381194,0.0,epithelial_tumor_class1_class2
197.704300611815,264.2541280741275,0.0,epithelial_tumor_class1_class2
274.770887877454,-285.89439764261016,0.0,epithelial_tumor_class1_class2
342.5512078837436,109.65619831177911,0.0,epithelial_tumor_class1_class2
282.19526105820404,-75.89325876174465,0.0,epithelial_tumor_class1_class2
-369.4565483251045,55.35652944302846,0.0,epithelial_tumor_class1_class2
130.8115753392272,-288.2860256087776,0.0,epithelial_tumor_class1_class2
-53.22318684926994,-321.08850040281516,0.0,epithelial_tumor_class1_class2
102.22335141406153,-279.66038661214014,0.0,epithelial_tumor_class1_class2
-300.95506032320645,-186.13817736148346,0.0,epithelial_tumor_class1_class2
-178.82331938335463,298.94946049750513,0.0,epithelial_tumor_class1_class2
301.00431410361944,-7.353886237798049,0.0,epithelial_tumor_class1_class2
-309.46915261851706,16.95627515223112,0.0,epithelial_tumor_class1_class2
209.2417669708129,287.6649676366582,0.0,epithelial_tumor_class1_class2
-238.04633586877705,21.112723021946188,0.0,epithelial_tumor_class1_class2
264.530706968587,58.93631688795807,0.0,epithelial_tumor_class1_class2
-170.9929969633117,-212.74016410834892,0.0,epithelial_tumor_class1_class2
361.3108819464769,105.94815448388877,0.0,epithelial_tumor_class1_class2
-335.61897494336773,122.86734691152547,0.0,epithelial_tumor_class1_class2
-206.7624903010976,180.19212238627748,0.0,epithelial_tumor_class1_class2
309.63095690698884,-103.04272361857227,0.0,epithelial_tumor_class1_class2
146.6068321502223,341.3462274574331,0.0,epithelial_tumor_class1_class2
268.22333729051024,158.04532299288041,0.0,epithelial_tumor_class1_class2
-138.38778449229233,173.20914813078562,0.0,epithelial_tumor_class1_class2
60.79955260973025,-363.8374853301187,0.0,epithelial_tumor_class1_class2
-204.1522745467612,275.14168761581357,0.0,epithelial_tumor_class1_class2
-113.75672104020636,-325.15819866102737,0.0,epithelial_tumor_class1_class2
-90.56276658704688,-180.67979970310066,0.0,epithelial_tumor_class1_class2
217.46910375230505,-213.09394071038392,0.0,epithelial_tumor_class1_class2
218.18857076518975,212.65537198736644,0.0,epithelial_tumor_class1_class2
13.023270861340741,-275.5301372111256,0.0,epithelial_tumor_class1_class2
84.60017175770794,-311.59572923415226,0.0,epithelial_tumor_class1_class2
223.74392481239914,-192.78659228418257,0.0,epithelial_tumor_class1_class2
-138.53855088294173,-190.09924558460742,0.0,epithelial_tumor_class1_class2
-226.3595300412631,-253.61369552811655,0.0,epithelial_tumor_class1_class2
321.3850784364221,-8.200136909100909,0.0,epithelial_tumor_class1_class2
199.012787435302,-156.90074665377168,0.0,epithelial_tumor_class1_class2
290.2213678178148,-146.36462790762374,0.0,epithelial_tumor_class1_class2
-337.6119959771082,181.15697803720036,0.0,epithelial_tumor_class1_class2
-324.0536325057342,-165.2241565045137,0.0,epithelial_tumor_class1_class2
294.77102498893976,-268.13533402237636,0.0,epithelial_tumor_class1_class2
-198.0975176592507,-36.25332213368168,0.0,epithelial_tumor_class1_class2
-317.5721193621965,-118.06309762899258,0.0,epithelial_tumor_class1_class2
257.2704238499871,52.22539493180506,0.0,epithelial_tumor_class1_class2
-145.11687529590822,-310.02359723533885,0.0,epithelial_tumor_class1_class2
108.71403611648594,-380.1476907346383,0.0,epithelial_tumor_class1_class2
280.3549704496273,-116.16265552814058,0.0,epithelial_tumor_class1_class2
36.352952539348685,-309.9885542617009,0.0,epithelial_tumor_class1_class2
57.079588966529194,-251.4458915980467,0.0,epithelial_tumor_class1_class2
-309.67711209248205,-71.01273630637971,0.0,epithelial_tumor_class1_class2
-190.8123125154285,294.3438012959141,0.0,epithelial_tumor_class1_class2
-152.05104797389706,159.10560243101548,0.0,epithelial_tumor_class1_class2
-279.956630329514,-43.9657910461493,0.0,epithelial_tumor_class1_class2
-79.84544717935746,-283.6754022220826,0.0,epithelial_tumor_class1_class2
298.6257519032256,-99.96668020049638,0.0,epithelial_tumor_class1_class2
316.10576558521683,224.43715745242497,0.0,epithelial_tumor_class1_class2
242.33735875578577,-295.1301850808189,0.0,epithelial_tumor_class1_class2
45.452502965817295,-384.83485448994406,0.0,epithelial_tumor_class1_class2
105.13697468948683,187.57201294523796,0.0,epithelial_tumor_class1_class2
-67.11633084803206,-366.7899145735237,0.0,epithelial_tumor_class1_class2
-395.62801350885707,-48.82452223697635,0.0,epithelial_tumor_class1_class2
-107.69911007156206,-373.2629054498272,0.0,epithelial_tumor_class1_class2
-236.04981381881151,-158.78460786686173,0.0,epithelial_tumor_class1_class2
-175.61620895870402,-212.34099947905983,0.0,epithelial_tumor_class1_class2
-34.32874503080237,-262.9424825813324,0.0,epithelial_tumor_class1_class2
-271.6208432795377,-287.36908981786775,0.0,epithelial_tumor_class1_class2
138.5553071193849,-308.3071145740029,0.0,epithelial_tumor_class1_class2
266.1452820882767,180.24188573255017,0.0,epithelial_tumor_class1_class2
246.21727549322566,-11.085654899899895,0.0,epithelial_tumor_class1_class2
41.268980851370436,195.9079293850529,0.0,epithelial_tumor_class1_class2
234.72350516963965,-243.6359688215384,0.0,epithelial_tumor_class1_class2
185.7233496623432,198.77733083470926,0.0,epithelial_tumor_class1_class2
-197.04779664994476,297.30752133845067,0.0,epithelial_tumor_class1_class2
233.9848808383251,46.92866007000807,0.0,epithelial_tumor_class1_class2
207.4588322066529,194.88299559493856,0.0,epithelial_tumor_class1_class2
-348.35674020651453,-51.847642831445135,0.0,epithelial_tumor_class1_class2
203.9736818465051,-159.01914147993577,0.0,epithelial_tumor_class1_class2
-347.632548961466,-16.66602477867775,0.0,epithelial_tumor_class1_class2
-155.86039625971836,237.32320846598722,0.0,epithelial_tumor_class1_class2
290.7129019567874,226.07577476308327,0.0,epithelial_tumor_class1_class2
49.15198241755273,288.60127858258227,0.0,epithelial_tumor_class1_class2
279.6057162884963,-170.35604850753379,0.0,epithelial_tumor_class1_class2
265.7601567131307,178.94373913465373,0.0,epithelial_tumor_class1_class2
-19.722350706312977,343.77367501586684,0.0,epithelial_tumor_class1_class2
388.35531636979994,9.314242169637705,0.0,epithelial_tumor_class1_class2
235.18123647671302,-119.14639259497467,0.0,epithelial_tumor_class1_class2
-99.15071647574715,276.4272805947483,0.0,epithelial_tumor_class1_class2
-158.06583060776634,-176.12035323776277,0.0,epithelial_tumor_class1_class2
4.925039065271433,-265.24305087421453,0.0,epithelial_tumor_class1_class2
-311.78786241149805,-79.78510775661918,0.0,epithelial_tumor_class1_class2
-229.45336638126906,-311.1016899792452,0.0,epithelial_tumor_class1_class2
339.457632764848,-206.8292020919506,0.0,epithelial_tumor_class1_class2
208.92277575327648,29.172321714840166,0.0,epithelial_tumor_class1_class2
151.1696606167937,292.74014459162606,0.0,epithelial_tumor_class1_class2
99.03226035784151,-242.94489829107985,0.0,epithelial_tumor_class1_class2
44.051887559273425,-196.49426402334132,0.0,epithelial_tumor_class1_class2
283.8416715299674,-2.0555195388631127,0.0,epithelial_tumor_class1_class2
124.37138432943067,-212.62130905535483,0.0,epithelial_tumor_class1_class2
115.38012981124369,-298.52426353236547,0.0,epithelial_tumor_class1_class2
-288.5096791799537,274.6373102907947,0.0,epithelial_tumor_class1_class2
-58.96806112905075,343.1442600742517,0.0,epithelial_tumor_class1_class2
-220.28152382305714,91.19044881930142,0.0,epithelial_tumor_class1_class2
179.66805259617624,-321.8200321257866,0.0,epithelial_tumor_class1_class2
-119.73660369903574,367.74673678298,0.0,epithelial_tumor_class1_class2
77.29923036559342,370.02244814939723,0.0,epithelial_tumor_class1_class2
197.6402167187955,-141.9619165758038,0.0,epithelial_tumor_class1_class2
-161.62600585194343,-225.1509444374729,0.0,epithelial_tumor_class1_class2
131.37625136474193,-349.99824898899226,0.0,epithelial_tumor_class1_class2
-299.3405118038407,192.94422330494197,0.0,epithelial_tumor_class1_class2
374.5645261842892,53.46875681519899,0.0,epithelial_tumor_class1_class2
-15.91244638974808,-221.8142859357359,0.0,epithelial_tumor_class1_class2
-204.7440704657139,-145.71800324300355,0.0,epithelial_tumor_class1_class2
-80.48509123678738,-309.63643332965495,0.0,epithelial_tumor_class1_class2
-112.950144881567,184.52495576534778,0.0,epithelial_tumor_class1_class2
-67.8941711837962,-252.06074271581426,0.0,epithelial_tumor_class1_class2
-195.05048326361148,-267.3868737089756,0.0,epithelial_tumor_class2
-195.91883143684748,243.93083782452084,0.0,epithelial_tumor_class2
-178.9247632842951,285.3589610866615,0.0,epithelial_tumor_class2
202.65113888224673,-77.02788709002279,0.0,epithelial_tumor_class2
80.54280716536344,275.05682763463244,0.0,epithelial_tumor_class2
-224.80999032279772,229.1108671484603,0.0,epithelial_tumor_class2
261.282625733159,254.7095979535257,0.0,epithelial_tumor_class2
-19.08346595674179,-350.6385213639022,0.0,epithelial_tumor_class2
349.41302958256585,140.74429621425676,0.0,epithelial_tumor_class2
93.15017776740618,-192.73512666044402,0.0,epithelial_tumor_class2
-237.92002231635004,174.17161377794758,0.0,epithelial_tumor_class2
-382.6861156623362,-66.98027509822904,0.0,epithelial_tumor_class2
-114.94698763102423,203.1556991404283,0.0,epithelial_tumor_class2
94.97958050638358,262.0758381352897,0.0,epithelial_tumor_class2
-274.90262927428273,-66.23292390326503,0.0,epithelial_tumor_class2
313.4851783346822,139.29156886323884,0.0,epithelial_tumor_class2
-366.24573274753567,20.818101611262858,0.0,epithelial_tumor_class2
-226.89718414391825,179.90783672208693,0.0,mesenchymal_tumor
278.0649916599816,-271.8970656089883,0.0,mesenchymal_tumor
-254.95488160107098,-216.11848837280013,0.0,mesenchymal_tumor
189.09941424482292,250.1735491239833,0.0,mesenchymal_tumor
334.08889627620033,-183.21863695055401,0.0,mesenchymal_tumor
265.50555657191535,294.61997415457614,0.0,mesenchymal_tumor
300.8124784524078,-118.5827378301602,0.0,mesenchymal_tumor
-253.32758371574153,-139.45113697795713,0.0,mesenchymal_tumor
-208.56795450899241,-292.80001007688946,0.0,mesenchymal_tumor
-214.7294750139919,-225.44338159587815,0.0,mesenchymal_tumor
-12.911115831012875,347.5362562793167,0.0,mesenchymal_tumor
170.92199393588317,239.44636733825362,0.0,mesenchymal_tumor
-179.64393263580794,-96.33005179673003,0.0,mesenchymal_tumor
249.63176917997936,114.03462551159912,0.0,mesenchymal_tumor
-301.58868752915146,191.44500770879694,0.0,mesenchymal_tumor
313.1157740428067,-137.10654202909078,0.0,mesenchymal_tumor
-219.81571612014352,-261.90515460000756,0.0,mesenchymal_tumor_class1
-147.34635095782494,-142.99303879062552,0.0,mesenchymal_tumor_class1
-160.3155907026849,313.5766402312324,0.0,mesenchymal_tumor_class1
163.57541072961115,-196.33009810014366,0.0,mesenchymal_tumor_class1
-10.325721772124504,315.3083723968434,0.0,mesenchymal_tumor_class1
15.180105522867972,276.9468089610594,0.0,mesenchymal_tumor_class1
-206.19911931519678,195.82090366470544,0.0,mesenchymal_tumor_class1
-253.82693164979503,145.67704564948409,0.0,mesenchymal_tumor_class1
152.6023884602152,175.5186944590561,0.0,mesenchymal_tumor_class1
-357.0558306698198,-149.47171182592766,0.0,mesenchymal_tumor_class1
70.51689299054893,-264.14065118638376,0.0,mesenchymal_tumor_class1
142.90620055853077,-140.19697756291674,0.0,mesenchymal_tumor_class1
252.24605880946172,-13.090061316901513,0.0,mesenchymal_tumor_class1
-180.38096957394777,239.54785449332724,0.0,mesenchymal_tumor_class1
-247.5850070386212,-256.33605274992516,0.0,mesenchymal_tumor_class1
-228.11242344545667,85.83766997045682,0.0,mesenchymal_tumor_class1
103.59545453472633,338.2263039494736,0.0,mesenchymal_tumor_class1
-281.8481232991391,190.3315742370949,0.0,mesenchymal_tumor_class1
307.88989103705387,-113.6330352912501,0.0,mesenchymal_tumor_class1
-42.004945445823836,222.14727664613733,0.0,mesenchymal_tumor_class1
232.07747980547285,-92.12226377758792,0.0,mesenchymal_tumor_class1
-249.81742686090607,-69.74632218736289,0.0,mesenchymal_tumor_class1
-158.5012983223769,-354.1807772312516,0.0,mesenchymal_tumor_class1
225.73982508099803,261.680226752088,0.0,mesenchymal_tumor_class1
-195.48783189470495,52.48107334125698,0.0,mesenchymal_tumor_class1
-99.1221163041842,321.4820604775773,0.0,mesenchymal_tumor_class1_class2
-299.7549298312743,-192.00751863158328,0.0,mesenchymal_tumor_class1_class2
-234.27655250883655,64.3353242019887,0.0,mesenchymal_tumor_class1_class2
341.4111086275018,149.82006412397868,0.0,mesenchymal_tumor_class1_class2
79.76913438269892,384.35830775152283,0.0,mesenchymal_tumor_class1_class2
49.95986633325756,204.06698380660683,0.0,mesenchymal_tumor_class1_class2
-364.83897957127846,-139.86149110937185,0.0,mesenchymal_tumor_class1_class2
-57.18114725196664,199.12974553271604,0.0,mesenchymal_tumor_class1_class2
-364.150400090631,39.22053720603013,0.0,mesenchymal_tumor_class1_class2
174.31565809150473,191.12152266332643,0.0,mesenchymal_tumor_class1_class2
97.05313768377134,367.5109138302812,0.0,mesenchymal_tumor_class1_class2
-291.54264271405265,11.47397523286843,0.0,mesenchymal_tumor_class1_class2
-116.46238476779146,283.14636417903716,0.0,mesenchymal_tumor_class1_class2
116.84097944126746,-237.38159912420676,0.0,mesenchymal_tumor_class1_class2
257.41561325020047,137.87276769274698,0.0,mesenchymal_tumor_class1_class2
286.30759023696055,190.89341311958503,0.0,mesenchymal_tumor_class1_class2
-244.56428473022683,-283.1312795501102,0.0,mesenchymal_tumor_class1_class2
47.002508051661316,235.38596928714387,0.0,mesenchymal_tumor_class1_class2
-211.14343625346456,277.5503086237032,0.0,mesenchymal_tumor_class1_class2
186.60686239210443,-204.21467691561483,0.0,mesenchymal_tumor_class1_class2
150.50838673519505,-329.03496996402816,0.0,mesenchymal_tumor_class1_class2
-333.53432200021683,-46.8563619135502,0.0,mesenchymal_tumor_class1_class2
151.48245377795604,224.43351420707097,0.0,mesenchymal_tumor_class1_class2
-277.86117806871033,206.19165258388242,0.0,mesenchymal_tumor_class1_class2
-3.6547324932873724,291.4699310063651,0.0,mesenchymal_tumor_class1_class2
-261.5272907841946,-90.08686527467638,0.0,mesenchymal_tumor_class1_class2
-335.14202756316234,206.668004694312,0.0,mesenchymal_tumor_class1_class2
387.3253753610936,-10.359868906167154,0.0,mesenchymal_tumor_class1_class2
285.05867851356425,27.640049920004074,0.0,mesenchymal_tumor_class1_class2
237.17029192242396,188.9103764888093,0.0,mesenchymal_tumor_class1_class2
375.02415028991766,127.98277316354513,0.0,mesenchymal_tumor_class1_class2
127.85593784908218,338.73192409180126,0.0,mesenchymal_tumor_class1_class2
-153.16211459666485,-268.17406836026373,0.0,mesenchymal_tumor_class1_class2
333.5785596226825,51.26333519838699,0.0,mesenchymal_tumor_class2
-136.19727150956294,-318.49163560036794,0.0,mesenchymal_tumor_class2
238.9839570113509,-307.66461902414,0.0,mesenchymal_tumor_class2
121.66324024479852,-352.7633616359968,0.0,mesenchymal_tumor_class2
-54.381429710422296,321.74064301365047,0.0,mesenchymal_tumor_class2
212.61264421077283,223.16764035806852,0.0,PDAC_unclassified
283.38893229846616,-100.18679475769076,0.0,PDAC_unclassified
-95.31841927161871,-325.0858815543988,0.0,PDAC_unclassified
149.70138351873425,277.2174855318884,0.0,PDAC_unclassified
68.19230255870693,-391.7343400802846,0.0,PDAC_unclassified
354.2999614680553,8.235035530570153,0.0,PDAC_unclassified
-322.6935561351234,-181.48706706683058,0.0,PDAC_unclassified
252.02525796690927,97.23708550538817,0.0,PDAC_unclassified
221.54633079942747,-16.643585890963674,0.0,PDAC_unclassified
-258.0824492121099,287.5321822854128,0.0,PDAC_unclassified
244.13174827933003,24.360487871197215,0.0,PDAC_unclassified
-146.40852906395259,354.5394349169511,0.0,PDAC_unclassified
203.26506010535866,270.0621169200933,0.0,PDAC_unclassified
271.7775168101027,154.93794927590102,0.0,PDAC_unclassified
380.07658802799375,-8.50789553390639,0.0,PDAC_unclassified
267.8661963660505,-223.30472208029155,0.0,PDAC_unclassified
-192.09605908300284,266.1520340973023,0.0,PDAC_unclassified
254.2648648189431,-86.23372672011338,0.0,PDAC_unclassified
341.86477826428626,-71.16280929969557,0.0,PDAC_unclassified
-8.150046389504142,203.73902920237876,0.0,PDAC_unclassified
26.113414846570212,-384.24591749804347,0.0,PDAC_unclassified
-351.45545019270435,-90.45127716626683,0.0,PDAC_unclassified
1.8778782286997762,367.7490919125071,0.0,PDAC_unclassified
-114.15672250765283,289.58851667051727,0.0,PDAC_unclassified
270.546789302325,-229.3107630485986,0.0,PDAC_unclassified
-254.96067629751946,-202.00815286314034,0.0,PDAC_unclassified
-98.32796082450268,296.1223780508729,0.0,PDAC_unclassified
-262.8531867489466,-226.71195049221134,0.0,PDAC_unclassified
-285.2851880096131,210.52752618106553,0.0,PDAC_unclassified
-305.2587798723775,107.75869881986817,0.0,PDAC_unclassified
65.4325754632129,326.93474925772466,0.0,PDAC_unclassified
-1.7959786103742756,-371.6072713763495,0.0,PDAC_unclassified
-83.5067019558054,-251.8307673860562,0.0,PDAC_unclassified
221.1238632426543,94.058163221826,0.0,PDAC_unclassified
226.1005552339735,8.869245156910083,0.0,PDAC_unclassified
-198.83023382542115,331.39474338021256,0.0,PDAC_unclassified
227.58000354369565,-255.92358165303156,0.0,PDAC_unclassified
-178.27292627345702,-298.5341288191553,0.0,PDAC_unclassified
-56.858576457550214,-394.09212170199663,0.0,PDAC_unclassified
44.34832110889964,-252.72959253672028,0.0,PDAC_unclassified
72.18132448000348,-202.79672851329568,0.0,PDAC_unclassified
-297.7387643678628,-60.03584911562836,0.0,PDAC_unclassified
170.0667696770046,-290.0101361561842,0.0,PDAC_unclassified
80.91167850924475,327.02141371156057,0.0,PDAC_unclassified
225.0254093869113,-71.39654549092802,0.0,PDAC_unclassified
260.8134271043177,250.01318249555794,0.0,PDAC_unclassified
-240.73062334952755,11.170820161909868,0.0,PDAC_unclassified
113.06314705377945,-338.96013352333944,0.0,PDAC_unclassified
16.236098325683404,-333.82821970222983,0.0,PDAC_unclassified
369.4520234448625,7.638311397095377,0.0,PDAC_unclassified
139.80498670464985,173.13440567507973,0.0,PDAC_unclassified
294.51018076580783,38.71237122682667,0.0,PDAC_unclassified
259.08053662246226,-259.27032176699373,0.0,PDAC_unclassified
6.59646038184029,-250.6970236885729,0.0,PDAC_unclassified
208.31184687737593,-203.22415640288884,0.0,PDAC_unclassified
153.69012753797807,219.40117458796533,0.0,PDAC_unclassified
20.434295043846127,-271.37050989956043,0.0,PDAC_unclassified
-326.4757845960707,195.56609031377067,0.0,PDAC_unclassified
-350.85272226955743,72.01780946488621,0.0,PDAC_unclassified
-215.33263100532548,-148.40165880781404,0.0,PDAC_unclassified
253.58755673969242,214.17441276194415,0.0,PDAC_unclassified
-373.13297949246214,107.06533349018501,0.0,PDAC_unclassified
-199.53906216592165,322.87582354201186,0.0,PDAC_unclassified
386.3037317351945,-86.83287460312998,0.0,PDAC_unclassified
-177.56888381090198,344.76416531520607,0.0,PDAC_unclassified
-42.93083690354836,-328.2785250261522,0.0,PDAC_unclassified
-246.71093019849243,-13.768273348528577,0.0,PDAC_unclassified
159.61007253797607,-241.3116041802908,0.0,PDAC_unclassified
79.45611614897926,-292.6463877403598,0.0,PDAC_unclassified
350.16271210696965,-122.04104478543151,0.0,PDAC_unclassified
-189.76110402521934,99.67711518174329,0.0,PDAC_unclassified
-173.06958900138886,-357.351018651183,0.0,PDAC_unclassified
-120.59776763433462,374.68697112201113,0.0,PDAC_unclassified
-115.24690858907607,292.41550239109006,0.0,PDAC_unclassified
-322.54543298329827,22.97502587123514,0.0,PDAC_unclassified
-155.64450282203572,-142.28871302997672,0.0,PDAC_unclassified
-221.0640519781306,-312.1648431128865,0.0,PDAC_unclassified
-307.6639642263379,75.23856778399572,0.0,PDAC_unclassified
8.149442637167908,265.156278120226,0.0,PDAC_unclassified
346.27977880580926,-38.81656575391665,0.0,PDAC_unclassified
279.7442922706679,-135.76006487747188,0.0,PDAC_unclassified
59.773238107198054,-337.34017097333884,0.0,PDAC_unclassified
-129.19053462377565,214.92269288480128,0.0,PDAC_unclassified
-250.93900551752535,-104.58930521752785,0.0,PDAC_unclassified
168.60902780475666,-221.9481645774947,0.0,PDAC_unclassified
201.55295707234458,286.34263433858007,0.0,PDAC_unclassified
314.8833285706455,23.08358076827274,0.0,PDAC_unclassified
153.1028274389719,-281.3031424431633,0.0,PDAC_unclassified
-233.58180764652076,283.3435497675092,0.0,PDAC_unclassified
-271.65794475168263,108.69696183315736,0.0,PDAC_unclassified
348.9776064187908,42.94915497525858,0.0,PDAC_unclassified
312.201040738668,-36.92516538648261,0.0,PDAC_unclassified
-207.41493528046672,212.69600148618306,0.0,PDAC_unclassified
218.1326201136904,-57.238010440212854,0.0,PDAC_unclassified
136.00299492012144,-311.67868074578814,0.0,PDAC_unclassified
95.58298088830189,-258.9892812535019,0.0,PDAC_unclassified
220.5832586342863,16.47755986190343,0.0,PDAC_unclassified
-363.41782616288,140.05984106422991,0.0,PDAC_unclassified
-98.5195449101347,-370.37356619304626,0.0,PDAC_unclassified
-238.8532646825274,236.65477227400334,0.0,PDAC_unclassified
-123.14431648731741,296.6475386764644,0.0,PDAC_unclassified
-68.70623197571773,-246.60883480218402,0.0,PDAC_unclassified
136.37835710430957,245.8830103534539,0.0,PDAC_unclassified
-195.32285449219324,-203.56837658874295,0.0,PDAC_unclassified
175.93808119402846,-216.63899112086312,0.0,PDAC_unclassified
351.9603015863889,-53.5782281442778,0.0,PDAC_unclassified
293.3392376829484,148.2031957150843,0.0,PDAC_unclassified
151.2011105306637,290.80591271652196,0.0,PDAC_unclassified
0.08461557368181129,-314.4866454209447,0.0,PDAC_unclassified
-247.636274227741,261.83894882733574,0.0,PDAC_unclassified
-186.6111313593898,-126.4124323217302,0.0,PDAC_unclassified
253.56246108438873,-291.3503270279622,0.0,PDAC_unclassified
-49.10791001140521,-361.5503224306865,0.0,PDAC_unclassified
270.70833316118916,-197.62472076636766,0.0,PDAC_unclassified
67.0667765774439,211.20727641727333,0.0,PDAC_unclassified
52.248122012865984,247.17188296760276,0.0,PDAC_unclassified
75.1572787607189,-312.97626684605876,0.0,PDAC_unclassified
-22.201219211142956,-268.2005707636029,0.0,PDAC_unclassified
-261.5709536607338,27.18396048073411,0.0,PDAC_unclassified
32.525434218933526,384.7993271287126,0.0,PDAC_unclassified
372.46786936444454,107.33620146294743,0.0,PDAC_unclassified
-327.45174405046987,76.88922659070053,0.0,PDAC_unclassified
298.59543499256955,123.97228535300229,0.0,PDAC_unclassified
228.64572108676464,197.0995819328235,0.0,PDAC_unclassified
66.27312746782054,-368.1422576179647,0.0,PDAC_unclassified
-192.60339646010894,-268.2121900686572,0.0,PDAC_unclassified
86.71429040367832,-332.05882278173016,0.0,PDAC_unclassified
-209.78646473289206,-154.37759238028812,0.0,PDAC_unclassified
-153.29622794260183,155.12331747983822,0.0,PDAC_unclassified
-246.29439441576284,248.49531635029834,0.0,PDAC_unclassified
136.9380176735497,212.20112866711096,0.0,PDAC_unclassified
-173.2002884599581,-276.4818462576785,0.0,PDAC_unclassified
-151.85878479218158,153.0528803470454,0.0,PDAC_unclassified
194.11352046124776,253.63206223594472,0.0,PDAC_unclassified
6.214076739078079,238.71520318635612,0.0,PDAC_unclassified
157.13768915284336,-324.95732751358736,0.0,PDAC_unclassified
-146.04573968315646,-207.1542085851111,0.0,PDAC_unclassified
-222.78961901165093,-205.82129354691398,0.0,PDAC_unclassified
55.66923018424765,-199.76578516770465,0.0,PDAC_unclassified
-314.3254302867188,-84.3883237597392,0.0,PDAC_unclassified
-162.83880266642768,-341.791222897488,0.0,PDAC_unclassified
320.4005818273995,198.45905552673236,0.0,PDAC_unclassified
333.3183456313815,-67.21498986823418,0.0,PDAC_unclassified
272.89388350138313,206.21359570335375,0.0,PDAC_unclassified
12.209558310855012,235.1746876967302,0.0,PDAC_unclassified
165.2177975239944,277.1919993460409,0.0,PDAC_unclassified
-233.0864835438879,-265.0299458752504,0.0,PDAC_unclassified
-57.8018431149545,-313.78461087824905,0.0,PDAC_unclassified
-290.87607843654996,-138.28671569661867,0.0,PDAC_unclassified
-5.089988552683588,363.31805958146555,0.0,PDAC_unclassified
390.81712628828905,-75.79605149159424,0.0,PDAC_unclassified
-60.832703022481645,287.99371450278375,0.0,PDAC_unclassified
149.3971199661375,-181.35395890449297,0.0,PDAC_unclassified
218.87525525394346,232.26939454597533,0.0,PDAC_unclassified
-154.11632229037173,-228.74980041269112,0.0,PDAC_unclassified
221.7746456683837,197.08604713060325,0.0,PDAC_unclassified
-375.57676794750324,30.937007978362594,0.0,PDAC_unclassified
-31.514634856570606,-380.533339327496,0.0,PDAC_unclassified
-284.32031256146587,-190.50566730393933,0.0,PDAC_unclassified
196.41136351143717,-96.85123332211856,0.0,PDAC_unclassified
-37.82264295405992,307.67748722287644,0.0,PDAC_unclassified
-14.164056891440701,-240.02781053224754,0.0,PDAC_unclassified
-207.3865665764645,6.201188665832736,0.0,PDAC_unclassified
267.25800666028204,-182.09003361856543,0.0,PDAC_unclassified
86.76608707287028,368.24581832721117,0.0,PDAC_unclassified
24.1749177233534,-390.0091386264464,0.0,PDAC_unclassified
232.5426895467377,-70.33399093500624,0.0,PDAC_unclassified
