x,y,z,type
-96.4880158171334,-125.77539467360572,0.0,CAF
106.72863187757963,-10.944708014643748,0.0,CAF
-3.397567326143398,73.46486202321086,0.0,CAF
100.07604231466316,85.64648245929328,0.0,CAF
48.229419627095645,110.72503908873259,0.0,CAF
-94.58398357222354,124.83014445804396,0.0,CAF
85.6863364437064,-2.9591797329713962,0.0,CAF
108.26835899116631,-101.83327560271468,0.0,CAF
-128.6693457631631,138.81869059390579,0.0,CAF
-31.219965442844643,10.554826971349318,0.0,CAF
-36.33729392477681,-57.26935466184786,0.0,CAF
104.38434427774469,-63.03718747350547,0.0,CAF
47.74576988504094,-117.93640276838107,0.0,CAF
121.67026121807507,-130.22373216896696,0.0,CAF
-160.81847909697865,-1.526435433378174,0.0,CAF
35.28239506567474,-63.10092721662054,0.0,CAF
-60.404344992286596,-65.03561521411848,0.0,CAF
25.588741796056897,-172.67947049302637,0.0,CAF
41.76496986029146,-179.12580621627785,0.0,CAF
-19.74671716392101,97.08562064357645,0.0,CAF
110.92664725517241,45.26993318436145,0.0,CAF
157.59231953392015,66.25084997656552,0.0,CAF
-29.40821941704417,-73.98485901924577,0.0,CAF
134.9969785921063,-61.629120857829676,0.0,CAF
156.45399740602485,39.47503377069313,0.0,CAF
101.71893749198814,-80.51731634726029,0.0,CAF
144.06458551442006,91.28042645750055,0.0,CAF
-115.29178037239372,-109.06276789429926,0.0,CAF
-55.723636518191164,115.74931918373223,0.0,CAF
5.12901704187003,-179.20822199670337,0.0,CAF
-44.99357232019681,-76.71493628438085,0.0,CAF
158.11730110609082,-36.226984689611456,0.0,CAF
150.49139925677488,48.02716900201924,0.0,CAF
20.260886090107363,-65.93852064389965,0.0,CAF
8.528022484831341,-83.58718651025097,0.0,CAF
-133.8230671643895,-36.19976625308464,0.0,CAF
50.130950229367684,-40.46152452097486,0.0,CAF
-171.81229269883084,72.11191081101855,0.0,CAF
107.9342925442758,100.2630830575865,0.0,CAF
107.95367082220498,-122.36533203694484,0.0,CAF
104.36779865741003,-74.50485271377791,0.0,CAF
0.7501070103898277,-29.531301500423396,0.0,CAF
-63.10932145272022,-153.83998463733124,0.0,CAF
-34.30664463092497,-146.43104503244697,0.0,CAF
-31.50753095395369,-155.4963096885456,0.0,CAF
0.09616411842051559,77.97543138857907,0.0,CAF
-102.19276342154508,-135.63958908392803,0.0,CAF
108.84796470732435,82.27221469181177,0.0,CAF
-99.74651800848578,130.19789544239987,0.0,CAF
74.84747270900795,73.0352164664618,0.0,CAF
33.683529897202895,97.36548604339161,0.0,CAF
15.22998796588928,-109.45080098586335,0.0,CAF
-130.45752972944592,-87.96761720505273,0.0,CAF
-104.57604350910177,-163.256477451549,0.0,CAF
-7.046736780423711,70.11186276986764,0.0,CAF
-20.003624691901553,-31.92128932549804,0.0,CAF
-56.33560774546642,-70.58416054108521,0.0,CAF
-67.02068805307212,-133.2315710781147,0.0,CAF
-75.95367156759357,-46.666804845630935,0.0,CAF
-61.55398772825468,174.96036440522556,0.0,CAF
94.23343577809786,42.207124973879516,0.0,CAF
-92.09846681065943,-79.70112653197735,0.0,CAF
145.11252339907475,-66.09249285528239,0.0,CAF
-120.07769667742777,127.32759855538258,0.0,CAF
-192.8008593359078,-0.889555442904302,0.0,CAF
16.488247099346527,165.79439747712468,0.0,CAF
-42.9307219658692,160.01964460955787,0.0,CAF
-87.76874700091473,63.31754751205246,0.0,CAF
122.53602750569856,-1.6130421166745448,0.0,CAF
6.305429009678859,67.2786555163926,0.0,CAF
106.9361215917946,-5.445303510104834,0.0,CAF
24.699307813458827,-152.16867787475567,0.0,CAF
28.818851928519575,-141.97602521713125,0.0,CAF
-18.899936632646888,44.35483823842109,0.0,CAF
29.275621367005275,95.05976867793805,0.0,CAF
-33.614010408111675,-141.14316738512122,0.0,CAF
193.33028940803976,1.5099624802779554,0.0,CAF
144.58881030246206,39.57767845043656,0.0,CAF
-108.29651351871037,-136.07199361560225,0.0,CAF
-67.85978915539071,-167.00854805864063,0.0,CAF
-112.65996497553184,-153.58723342461326,0.0,CAF
68.53694291522034,66.98264104916939,0.0,CAF
-133.3339300603304,57.790845026050214,0.0,CAF
-16.59942489183745,77.0986812300552,0.0,CAF
-59.18736408653285,-17.21043274535773,0.0,CAF
169.61645267335967,40.00391252891532,0.0,CAF
-111.32436179305152,151.85682433366836,0.0,CAF
159.7005902731658,-79.83375520327289,0.0,CAF
0.7028798976543651,58.2503034382038,0.0,CAF
106.42399092678781,-25.971923011115546,0.0,CAF
-136.37932012351428,39.09299126249784,0.0,CAF
-78.9741945669071,-3.301534085516375,0.0,CAF
195.43911767981317,-41.47880222683237,0.0,CAF
-124.02402917076743,-11.089322170851176,0.0,CAF
-84.70303399874598,71.78643253836783,0.0,CAF
67.14241199815999,-30.448796138173236,0.0,CAF
-44.42204528789124,-39.98722828510654,0.0,CAF
182.73558473936015,-17.549732731508083,0.0,CAF
-43.17240389297957,-119.02487655917805,0.0,CAF
-176.958644067673,-55.77530250378801,0.0,CAF
31.109059462191226,134.80259628128005,0.0,CAF
19.21477246556704,67.6509427890955,0.0,CAF
113.80373126404338,0.2790721170850153,0.0,CAF
-0.6456135009972678,-95.84191579686387,0.0,CAF
87.15165049663928,21.859429842745442,0.0,CAF
118.91178234514592,-95.77474021834503,0.0,CAF
61.32815751973474,-46.43283438674026,0.0,CAF
22.92466049789607,-114.35736795450171,0.0,CAF
172.87069218924887,51.75459883032386,0.0,CAF
110.31495530022849,147.52672064078573,0.0,CAF
-35.723557140233694,27.19154953315551,0.0,CAF
-60.029360665280194,141.97056956735648,0.0,CAF
128.26158065932609,2.956292741403942,0.0,CAF
52.69086313815359,-31.66174398438768,0.0,CAF
136.58950301985013,134.3335618214822,0.0,CAF
-111.59964050359325,-135.27432640939878,0.0,CAF
161.1505915793951,25.298833783966224,0.0,CAF
-102.67053766503041,-148.83837420959736,0.0,CAF
-134.96300636886332,-26.11629991635629,0.0,CAF
31.98489105370915,148.64460699088235,0.0,CAF
-96.64014400618191,-48.11775612808675,0.0,CAF
-115.38073688157814,-24.10897068459015,0.0,CAF
61.14546736468958,-141.3539522127821,0.0,CAF
18.58698374334369,84.35876541232825,0.0,CAF
-61.45076677070364,-117.08441725957256,0.0,CAF
-68.93666841005091,-60.49373847122421,0.0,CAF
20.906181258446342,193.95987489392033,0.0,CAF
58.10051031652546,-168.67519299920372,0.0,CAF
61.28458044928324,46.515428741743,0.0,CAF
-21.925826883228464,-94.23726902949151,0.0,CAF
-27.69450947086256,158.15700397910132,0.0,CAF
-42.875759042704125,102.84264681852736,0.0,CAF
-118.80360306122911,-13.990321245932954,0.0,CAF
148.18043424748967,100.14460039883275,0.0,CAF
6.383437137442363,-151.27881314006478,0.0,CAF
56.06479578911048,-147.34355430350223,0.0,CAF
102.91337462770625,91.90901832147706,0.0,CAF
-100.54218053524207,-24.71836887452802,0.0,CAF
42.32848441546293,-77.71596601160111,0.0,CAF
-6.462900627033328,179.205572463295,0.0,CAF
-8.37780628051303,-182.54866411951497,0.0,CAF
-47.12161438709153,-4.399388532530253,0.0,CAF
56.24648125216713,-30.38343921595348,0.0,CAF
-112.33453875315381,117.87129367103246,0.0,CAF
-12.464874548177317,-162.6184071200235,0.0,CAF
-51.1145726106074,-147.3945438964716,0.0,CAF
164.15095696969104,57.393255507289034,0.0,CAF
64.82675528252426,91.6705347508169,0.0,CAF
-55.08195751826955,-37.60618507396533,0.0,CAF
144.17095940101973,90.17195991758012,0.0,CAF
9.985183710809359,122.57371840934003,0.0,CAF
142.1264102326041,-48.71706290598919,0.0,CAF
-111.17291832526044,122.0902733619536,0.0,CAF
-50.77662864325701,-103.272736102044,0.0,CAF
-150.5336652307243,-7.682488602919024,0.0,CAF
-144.31403973813983,-42.477009091296,0.0,CAF
167.90679747359044,-63.324225698521204,0.0,CAF
-8.96892471844008,191.08841485042814,0.0,CAF
-15.28286751247313,-166.9477013233816,0.0,CAF
38.49654892343923,-157.1992725681132,0.0,CAF
-162.45640535723996,69.31504923503056,0.0,CAF
41.775146178916614,-145.71968651781623,0.0,CAF
9.55274268678076,-178.8141505222515,0.0,CAF
-116.07133435616066,19.562862527716064,0.0,CAF
-19.65458022210423,-50.42678704199853,0.0,CAF
62.305183236733384,-148.04448996686705,0.0,CAF
-76.08378735122324,-131.83430912751257,0.0,CAF
-141.51210235028702,-41.734860497269594,0.0,CAF
62.51566169141896,15.387845552494479,0.0,CAF
53.77583929804309,162.12836377655094,0.0,CAF
148.57351268367336,28.174415241859535,0.0,CAF
-34.6894575654927,176.98717330200512,0.0,CAF
-64.39184563945803,34.320199723446926,0.0,CAF
142.48850440667172,49.160544161155904,0.0,CAF
4.011456002463258,-182.3776192721845,0.0,CAF
107.97822540497596,76.61896799861188,0.0,CAF
-14.563609058169714,183.15155476831467,0.0,CAF
-41.52707694291589,-107.6178568516771,0.0,CAF
-42.976436804753455,174.4222418407218,0.0,CAF
52.79200432521474,100.87955999991463,0.0,CAF
107.76520290182437,-58.6682437572815,0.0,CAF
51.86114200823326,-173.29461676484362,0.0,CAF
111.1947325598938,-41.34381573950289,0.0,CAF
-59.865108111572255,107.26837248331987,0.0,CAF
-125.01892564912119,-52.533457421974454,0.0,CAF
-70.63251549568685,-62.19999822310702,0.0,CAF
125.3331731317143,143.37378315199754,0.0,CAF
-100.20095764487648,-101.3639847965304,0.0,CAF
43.42140553366164,118.00170477851934,0.0,CAF
141.894594454968,-43.94764928498067,0.0,CAF
-88.39248616034388,-143.4075084492555,0.0,CAF
-173.02849536383616,-82.0582839499713,0.0,CAF
136.6581423113691,30.160791900588844,0.0,CAF
-61.181205926139064,14.965647450010612,0.0,CAF
-70.04196013370668,28.304592347921698,0.0,CAF
-5.836831557391497,31.048712467488745,0.0,CAF
146.1141284079725,74.91121490589597,0.0,CAF
-18.476918656927122,106.80191328029116,0.0,CAF
-11.369446918408443,-112.02589012285944,0.0,CAF
153.07401245599402,83.27282650667524,0.0,CAF
-119.63145568403704,38.26893923457866,0.0,CAF
-87.6631434143051,-100.22092955164186,0.0,CAF
45.27071217511669,-117.36285065681942,0.0,CAF
109.8523563047904,-12.27893213452076,0.0,CAF
-159.842876330632,-48.660896310497456,0.0,CAF
72.393397284449,-13.274007003249988,0.0,CAF
-18.01195436348421,98.39604521504553,0.0,CAF
56.31241628399628,-107.21078630220309,0.0,CAF
-99.81391584956425,-167.70099661895284,0.0,CAF
116.99350596578562,-114.88893447375786,0.0,CAF
68.93874959522998,173.70994945804452,0.0,CAF
-55.1954893706722,-92.73116232487888,0.0,CAF
-23.807250619585474,57.83627425205738,0.0,CAF
-113.09535299497033,53.66502361765953,0.0,CAF
-162.85935356098264,14.18530930650209,0.0,CAF
-68.83823475760366,28.825862335951907,0.0,CAF
62.284042780770356,55.845998987963284,0.0,CAF
32.16948573991704,73.71725600446307,0.0,CAF
-10.948867928502434,51.64265642192081,0.0,CAF
-28.731665213955353,196.49853148166093,0.0,CAF
149.03231704044035,113.31677229945224,0.0,CAF
-84.43376972742684,-143.82113860501082,0.0,CAF
-144.5232282997811,-64.2231050401675,0.0,CAF
87.5959466137788,-157.8105321343598,0.0,CAF
-146.0831459156952,20.862393170340226,0.0,CAF
56.50841888371932,-41.287685802807594,0.0,CAF
-97.73489761130918,17.24394321012613,0.0,CAF
141.4847452371829,-233.94947809021514,0.0,CD4_Tcell
148.21033224164853,276.042476706377,0.0,CD4_Tcell
287.12830044583416,-254.79009027452025,0.0,CD4_Tcell
-242.0602912901574,43.959984886756324,0.0,CD4_Tcell
-276.43706186329814,285.92264243864776,0.0,CD4_Tcell
106.02125002433982,303.57531470730856,0.0,CD4_Tcell
-57.13883109328875,366.22062222234104,0.0,CD4_Tcell
-208.09464287583853,-256.33786121547945,0.0,CD4_Tcell
-181.76146389558716,285.2308991757261,0.0,CD4_Tcell
301.3065779520807,136.80205651362098,0.0,CD4_Tcell
209.08295464608887,204.6535681415272,0.0,CD4_Tcell
191.9372084638163,-268.5832309241733,0.0,CD4_Tcell
298.1524155928783,131.32504087447978,0.0,CD4_Tcell
217.50410317252283,-284.8497440258994,0.0,CD4_Tcell
-82.61916339472955,224.65460669653922,0.0,CD4_Tcell
335.0231350958599,-158.85918216080645,0.0,CD4_Tcell
-46.12056320717575,327.26984297672965,0.0,CD4_Tcell
313.528085075448,-125.71989728376758,0.0,CD4_Tcell
-101.25728229184618,254.22747736432714,0.0,CD4_Tcell
239.32425579204323,-60.46059021612459,0.0,CD4_Tcell
-110.39755998417345,-286.70088308775735,0.0,CD4_Tcell
84.70501771102596,379.49183828147517,0.0,CD4_Tcell
210.8520682510628,-332.85829357056775,0.0,CD4_Tcell
8.993640274855942,-309.6768825706121,0.0,CD4_Tcell
332.5390116465723,-196.2034667238586,0.0,CD4_Tcell
296.04846537251217,-217.27224866024486,0.0,CD4_Tcell
11.231785886724916,293.2505631138741,0.0,CD4_Tcell
342.34331458155026,96.08200920235062,0.0,CD4_Tcell
-160.9318385945688,178.38325610594148,0.0,CD4_Tcell
59.535936570831495,-195.1327692974932,0.0,CD4_Tcell
294.65295599672044,134.238549195725,0.0,CD4_Tcell
-150.82139861608005,315.27562173071556,0.0,CD4_Tcell
30.15458079195036,229.12304732844737,0.0,CD4_Tcell
75.75232943749921,-266.7252126268616,0.0,CD4_Tcell
377.3694642283416,-44.96582312796115,0.0,CD4_Tcell
-172.42983964594677,109.1914332004832,0.0,CD4_Tcell
-356.1016664198393,-55.49738120096527,0.0,CD4_Tcell
163.5213722110389,-222.45324863831226,0.0,CD4_Tcell
211.42292824133656,-315.3350675485792,0.0,CD4_Tcell
-363.3138951660665,-37.261647939494075,0.0,CD4_Tcell
376.96576469748015,53.56797764133062,0.0,CD4_Tcell
194.67559814381747,-104.48984454400255,0.0,CD4_Tcell
198.0948537953473,-129.80634231904233,0.0,CD4_Tcell
-357.32952444026114,159.79618674120775,0.0,CD4_Tcell
-274.8675123517341,254.05912791056662,0.0,CD4_Tcell
266.26974688238874,-243.78481000906262,0.0,CD4_Tcell
226.9475656540018,269.79030498037855,0.0,CD4_Tcell
-309.5895344879689,29.187413736750816,0.0,CD4_Tcell
-102.95232976319537,-204.41878490607368,0.0,CD4_Tcell
195.4552359933181,-286.5661900045927,0.0,CD4_Tcell
30.2987339296792,343.3905368895226,0.0,CD4_Tcell
-369.4591380554888,79.41914182239711,0.0,CD4_Tcell
-313.4108152160409,-127.58629501795794,0.0,CD4_Tcell
-287.5759188565918,-136.46044768440166,0.0,CD4_Tcell
-278.2928671163308,-251.10722689617242,0.0,CD4_Tcell
192.65339000427994,209.28316879484575,0.0,CD4_Tcell
261.9878372859533,35.113196893742,0.0,CD4_Tcell
-172.1926755574076,237.64912910807587,0.0,CD4_Tcell
-189.55790101805508,180.2635511176684,0.0,CD4_Tcell
290.53494159265404,-211.1133251070228,0.0,CD4_Tcell
212.53653902895775,173.7726501815606,0.0,CD4_Tcell
241.779107914077,100.67898802693743,0.0,CD4_Tcell
197.22838103615157,-229.13818087209313,0.0,CD4_Tcell
166.6489197888438,-129.56039445912631,0.0,CD4_Tcell
357.50409176007355,8.237999237268651,0.0,CD4_Tcell
121.30084714722639,325.54168252182865,0.0,CD4_Tcell
-220.0276132098368,-31.839324851384337,0.0,CD4_Tcell
-41.15268322016773,370.69058969350704,0.0,CD4_Tcell
183.61136048006,308.13315557287507,0.0,CD4_Tcell
-111.12603764749662,-374.4949670538603,0.0,CD4_Tcell
67.06101934327485,195.4048424629186,0.0,CD4_Tcell
257.99071623585394,-26.63462276539975,0.0,CD4_Tcell
-209.0695976204918,-196.93370479786415,0.0,CD4_Tcell
-232.11275618488472,-322.7097781787746,0.0,CD4_Tcell
227.5689370901835,180.10257799052968,0.0,CD4_Tcell
97.7404238470905,198.05066750176852,0.0,CD4_Tcell
54.56213044134952,356.2573862387249,0.0,CD4_Tcell
220.82135196749167,71.84750219622006,0.0,CD4_Tcell
-245.16784751992608,-195.65010647004038,0.0,CD4_Tcell
122.59005974994739,-303.9594650597298,0.0,CD4_Tcell
-172.41193119632143,-175.1415818510004,0.0,CD4_Tcell
212.2625249730968,-76.39026152742551,0.0,CD4_Tcell
248.81244157550853,64.86688207540358,0.0,CD4_Tcell
-261.0885344140677,290.9471462389588,0.0,CD4_Tcell
112.58708678715789,-322.85149573424485,0.0,CD4_Tcell
307.93413731355383,-198.99098418417634,0.0,CD4_Tcell
-172.007331191174,-133.1231867758022,0.0,CD4_Tcell
265.9065597240724,103.96151072579976,0.0,CD4_Tcell
-179.43972862696185,106.38164181852447,0.0,CD4_Tcell
-272.6376974375772,-195.63842503586812,0.0,CD4_Tcell
-255.39346758576005,216.2574874788781,0.0,CD4_Tcell
135.92223514854595,300.2985137824047,0.0,CD4_Tcell
-103.72404384316484,279.72111715033435,0.0,CD4_Tcell
180.81930066556254,223.13685884673274,0.0,CD4_Tcell
169.19481596816874,292.05721509331795,0.0,CD4_Tcell
-174.27229971722232,296.7777834352995,0.0,CD4_Tcell
142.53803959229242,-153.84987540727698,0.0,CD4_Tcell
-166.6409412393738,-190.97568361423103,0.0,CD4_Tcell
-311.65008594513466,-42.48348391917653,0.0,CD4_Tcell
53.317333836802845,-338.43776603658154,0.0,CD4_Tcell
-319.28695788728294,199.75375599636038,0.0,CD4_Tcell
238.25032530731391,24.253292425611093,0.0,CD4_Tcell
256.0491723799102,181.704462674546,0.0,CD4_Tcell
-112.83759204714893,-181.41150108821896,0.0,CD4_Tcell
243.29083013278705,-257.04782745628296,0.0,CD4_Tcell
-259.2125670764172,-171.02822791921866,0.0,CD4_Tcell
-273.37847581012085,209.5946747432957,0.0,CD4_Tcell
-147.95767232507455,209.9127145834691,0.0,CD4_Tcell
388.5613051436506,-12.589175155759888,0.0,CD4_Tcell
-273.98494532512126,253.52929079942487,0.0,CD4_Tcell
-300.47477186954603,188.41018433800858,0.0,CD4_Tcell
-281.4130994372231,167.55177523824494,0.0,CD4_Tcell
154.49993379076585,151.09145594963186,0.0,CD4_Tcell
311.8853108228306,120.44388937265414,0.0,CD4_Tcell
-55.28101174600078,-246.06362156398004,0.0,CD4_Tcell
67.85914695923833,381.4504759023889,0.0,CD4_Tcell
-163.45576242106367,232.88214134871183,0.0,CD4_Tcell
76.59817561934564,370.8358778751216,0.0,CD4_Tcell
367.29470450060586,75.93939615541379,0.0,CD4_Tcell
230.05077777154446,-134.1200317729074,0.0,CD4_Tcell
-203.53879663528508,232.81928276767604,0.0,CD4_Tcell
225.90054366688307,-96.89485013729964,0.0,CD4_Tcell
88.32271175413182,-380.49225581129014,0.0,CD4_Tcell
-128.68487264184677,321.7204309591183,0.0,CD4_Tcell
-355.95493938594956,105.99716712654762,0.0,CD4_Tcell
293.28475599718973,-50.063535680290386,0.0,CD4_Tcell
-102.61106377805693,307.69090928736705,0.0,CD4_Tcell
118.09058852495497,337.37302625524313,0.0,CD4_Tcell
-211.7702087481923,-324.44742347188486,0.0,CD4_Tcell
295.4753638080532,48.032398629993466,0.0,CD4_Tcell
-369.83372009367196,18.841424673754513,0.0,CD4_Tcell
355.98200580442887,-29.121044110085737,0.0,CD4_Tcell
-234.4271765603491,122.08306500150906,0.0,CD4_Tcell
-77.2729549152538,243.44110721338015,0.0,CD4_Tcell
271.90872168949846,-151.0742807849475,0.0,CD4_Tcell
92.86646801840261,236.89333306283052,0.0,CD4_Tcell
333.8756986478985,-74.47623332631001,0.0,CD4_Tcell
15.5356739821953,-369.06408137786326,0.0,CD4_Tcell
-123.80827681609573,256.5861129149423,0.0,CD4_Tcell
-374.13507215913097,-128.20982853350586,0.0,CD4_Tcell
-157.2947789985735,-240.9900148493925,0.0,CD4_Tcell
-208.12178362789163,21.097468544578838,0.0,CD4_Tcell
174.2792657573548,117.34624787591655,0.0,CD4_Tcell
58.212765784420775,331.7648464672133,0.0,CD4_Tcell
-216.52024147598303,107.16449914665051,0.0,CD4_Tcell
55.470492889230385,372.9828567047799,0.0,CD4_Tcell
132.3788576073216,-216.19114083531537,0.0,CD4_Tcell
169.87985519134753,-323.8263793458347,0.0,CD4_Tcell
187.06165451165222,-97.64088100594466,0.0,CD4_Tcell
328.57888573194276,-12.167202744612714,0.0,CD4_Tcell
-377.1846585748122,-79.87617908357025,0.0,CD4_Tcell
352.7028211801276,-141.2461509863535,0.0,CD4_Tcell
-296.53227396406857,109.39602778002487,0.0,CD4_Tcell
-87.19747463229056,-215.8904531617223,0.0,CD4_Tcell
331.0305029768621,189.76510660696053,0.0,CD4_Tcell
-265.77541088208824,158.06967811590545,0.0,CD4_Tcell
134.42886964956242,229.90799549794195,0.0,CD4_Tcell
-197.69921915133753,-251.57004417888484,0.0,CD4_Tcell
-333.18518927313113,-176.6960116705698,0.0,CD4_Tcell
344.5830564817728,-158.4556266921183,0.0,CD4_Tcell
-238.03742488850312,-28.40930940035392,0.0,CD4_Tcell
42.03498399111739,-207.10332610536602,0.0,CD4_Tcell
-147.8945607822539,-322.4868876760191,0.0,CD4_Tcell
-329.4958911818718,-90.98838333254655,0.0,CD4_Tcell
-225.91738587726965,-270.0792928350356,0.0,CD4_Tcell
155.75334326794686,-274.85660601588285,0.0,CD4_Tcell
-309.80156252139244,-55.72311510567804,0.0,CD4_Tcell
349.942159480166,154.17080479252115,0.0,CD4_Tcell
237.48436541136005,-314.1225303479992,0.0,CD4_Tcell
324.87137739110864,103.1620765608406,0.0,CD4_Tcell
-162.81431140984833,-199.28640772028226,0.0,CD4_Tcell
-292.863841733836,256.89037280994165,0.0,CD4_Tcell
195.44970602512433,-161.10786034422398,0.0,CD4_Tcell
30.81927802577557,-385.87251663957954,0.0,CD4_Tcell
-254.79950156809483,86.44414999524354,0.0,CD4_Tcell
261.5096857632681,198.5334064969006,0.0,CD4_Tcell
-57.156940184520195,314.2841536810516,0.0,CD4_Tcell
160.6158567896192,-352.8804925324419,0.0,CD4_Tcell
367.63780310952893,-15.374408525022387,0.0,CD4_Tcell
205.45715349175234,-18.316197633338515,0.0,CD4_Tcell
165.2122066453416,291.15031679659984,0.0,CD4_Tcell
-2.4708023511913275,359.9633268537427,0.0,CD4_Tcell
233.00997460430872,89.94764616461221,0.0,CD4_Tcell
205.40692896783796,-57.923018240580625,0.0,CD4_Tcell
-349.68567391548686,26.27921818161988,0.0,CD4_Tcell
-317.5997106502363,-8.479806118331968,0.0,CD4_Tcell
-322.0953361604792,173.19185165827236,0.0,CD4_Tcell
94.31185789822936,-265.1727055453728,0.0,CD4_Tcell
-291.6710750415239,114.86486136479078,0.0,CD4_Tcell
-9.520884167885228,371.30731636777284,0.0,CD4_Tcell
235.6123732526801,-283.06160240729315,0.0,CD4_Tcell
-327.2244743190918,-151.99238940996463,0.0,CD4_Tcell
333.5323923934398,72.09804445042394,0.0,CD4_Tcell
-217.2549994732532,-104.76316555493852,0.0,CD4_Tcell
-317.88350041612637,136.3678008586979,0.0,CD4_Tcell
268.8302575754129,267.36361591161676,0.0,CD4_Tcell
-335.8036488229836,-138.8796745630715,0.0,CD4_Tcell
200.43813058469166,-228.9509682138813,0.0,CD4_Tcell
-176.9483753743525,292.8650686714453,0.0,CD4_Tcell
85.90842566774846,333.3505548072237,0.0,CD4_Tcell
-13.324588412542871,209.7243478734998,0.0,CD4_Tcell
25.19592500712674,-388.75116858282155,0.0,CD4_Tcell
251.38526829190795,237.29599438438802,0.0,CD4_Tcell
75.99372556810788,330.617855381288,0.0,CD4_Tcell
362.48955128572203,-167.82037851163565,0.0,CD4_Tcell
302.3756123496628,-9.491333496712208,0.0,CD4_Tcell
246.41940886882438,-81.79647934671785,0.0,CD4_Tcell
-356.33816539141554,155.0621772099688,0.0,CD4_Tcell
209.64686595548784,-57.81624189951642,0.0,CD4_Tcell
-371.07799449749643,6.2032513082227,0.0,CD4_Tcell
292.24510789003926,-7.181857635970638,0.0,CD4_Tcell
-357.1193986545368,13.169931420701952,0.0,CD4_Tcell
-148.66968830149736,-187.5515509959617,0.0,CD4_Tcell
148.37274025457356,194.29071281230745,0.0,CD4_Tcell
-297.1116557342213,-255.9043247938782,0.0,CD4_Tcell
253.37728024771482,-124.26574213824068,0.0,CD4_Tcell
-249.69134487913178,42.48530907410795,0.0,CD4_Tcell
-54.38250608073397,-357.92694248848886,0.0,CD4_Tcell
334.2780176192608,74.30681412761568,0.0,CD4_Tcell
-175.81394690866867,253.94215354466513,0.0,CD4_Tcell
-380.412843175673,-81.19708706522562,0.0,CD4_Tcell
229.84385802429875,-100.15966582628337,0.0,CD4_Tcell
-104.55247914568906,302.0977490108776,0.0,CD4_Tcell
-238.9848833851384,-67.86747731590084,0.0,CD4_Tcell
-296.72367525737525,-65.14451578399655,0.0,CD4_Tcell
-36.19398231385365,-237.0040516735942,0.0,CD4_Tcell
-279.59488121693994,-264.2793569843952,0.0,CD4_Tcell
302.85454479686217,-101.9741783742455,0.0,CD4_Tcell
-261.0257270496427,46.382704914726084,0.0,CD4_Tcell
133.8552338814044,344.00334160625965,0.0,CD4_Tcell
210.20493538668217,214.05762509477586,0.0,CD4_Tcell
77.06294238474382,200.44614491571224,0.0,CD4_Tcell
171.52487185405982,246.37271132863646,0.0,CD4_Tcell
-124.94594921560835,189.83259045625888,0.0,CD4_Tcell
-251.5531168698178,211.31455804802198,0.0,CD4_Tcell
-7.375745119647176,-271.91045248958335,0.0,CD4_Tcell
277.74249985236384,162.6272603633217,0.0,CD4_Tcell
-326.44419769902663,144.1412087345577,0.0,CD4_Tcell
-40.02361878517417,-355.52812268216655,0.0,CD4_Tcell
27.002877009606202,261.9809164169291,0.0,CD4_Tcell
-311.05296371341404,0.6589248683954338,0.0,CD4_Tcell
128.92369404528776,-158.52108662709313,0.0,CD4_Tcell
-287.3803772662766,58.26136116677256,0.0,CD4_Tcell
311.3314849079903,238.30876882524203,0.0,CD4_Tcell
-233.49480698711244,-290.7636967603735,0.0,CD4_Tcell
-25.37178227415455,-292.64729401051835,0.0,CD4_Tcell
303.52434961630973,162.60891570250496,0.0,CD4_Tcell
-35.19610295454444,-278.32557209727776,0.0,CD4_Tcell
-22.831861756811346,368.2155750209166,0.0,CD4_Tcell
130.54558646556953,339.6272660825328,0.0,CD4_Tcell
380.7414769441531,11.980552017790588,0.0,CD4_Tcell
120.07485347996095,-180.04576290878617,0.0,CD4_Tcell
304.1123451040512,-70.27378878351682,0.0,CD4_Tcell
251.4812796373713,-45.01051757805862,0.0,CD4_Tcell
-361.5422217852906,-107.6073771783651,0.0,CD4_Tcell
-226.59903621407588,55.95841792649888,0.0,CD4_Tcell
277.02404459205536,-65.78768964762584,0.0,CD4_Tcell
-85.90991113666617,259.8644493816701,0.0,CD4_Tcell
134.91229010085283,-168.92237676190496,0.0,CD4_Tcell
263.70676010185053,-151.11880093167318,0.0,CD4_Tcell
232.69806594572955,240.02905797068775,0.0,CD4_Tcell
149.63089734199812,277.3393661378732,0.0,CD4_Tcell
364.5295965497461,59.959646288068285,0.0,CD4_Tcell
298.31809190145844,-92.25513145849462,0.0,CD4_Tcell
-283.7402821207272,121.98840107804475,0.0,CD4_Tcell
-183.99708190502037,95.68508397118799,0.0,CD4_Tcell
242.77896872199943,171.21846767877614,0.0,CD4_Tcell
-250.63765677738905,281.1151976186682,0.0,CD4_Tcell
353.075496066167,114.90666100189674,0.0,CD4_Tcell
-336.466524012664,-55.52751991347164,0.0,CD4_Tcell
23.966501888337724,334.77374903818793,0.0,CD4_Tcell
94.8151268930504,381.1885814886489,0.0,CD4_Tcell
-333.1540290993786,-86.10182771145496,0.0,CD4_Tcell
288.44708889422867,-123.19638334974782,0.0,CD4_Tcell
324.58334823609175,130.2321911700923,0.0,CD4_Tcell
-292.64775588670545,-107.1915118429681,0.0,CD4_Tcell
182.61925624209547,128.3819835805422,0.0,CD4_Tcell
-313.0081234229746,109.1178297224345,0.0,CD4_Tcell
61.80668278629863,-370.152658078348,0.0,CD4_Tcell
361.1412478974568,-43.22129024434228,0.0,CD4_Tcell
214.16468965673923,-241.06005937281247,0.0,CD4_Tcell
-312.3394787469815,151.52515240255514,0.0,CD4_Tcell
362.0875314410085,23.50129056800475,0.0,CD4_Tcell
-49.756415422025015,332.11984345853597,0.0,CD4_Tcell
-151.9567517470406,362.18271595133734,0.0,CD4_Tcell
-122.3775616355848,302.42138847836173,0.0,CD4_Tcell
170.23978890763618,329.3499854923488,0.0,CD4_Tcell
274.92391265130806,49.06517923413974,0.0,CD4_Tcell
166.4247924444307,312.761689593538,0.0,CD4_Tcell
-79.94210822294927,218.03750108295563,0.0,CD4_Tcell
-210.09705373503624,-157.4835993530255,0.0,CD4_Tcell
-130.63772903255443,-220.2395076220326,0.0,CD4_Tcell
-259.7937323333226,200.04511537798658,0.0,CD4_Tcell
15.119274297097759,239.06173642201284,0.0,CD4_Tcell
266.65346248973196,-108.88915870673942,0.0,CD4_Tcell
-87.68227153823463,-235.41606166776606,0.0,CD4_Tcell
-111.08417388874872,-353.07604917206936,0.0,CD4_Tcell
300.75768915610513,-193.32634975818542,0.0,CD4_Tcell
356.1878498230027,138.51586576902642,0.0,CD4_Tcell
-67.82349895485692,304.2350645730765,0.0,CD4_Tcell
201.51140705951772,268.59772176416084,0.0,CD4_Tcell
-353.2491970587581,-93.28011639376005,0.0,CD4_Tcell
300.57363542343194,143.56742697283414,0.0,CD4_Tcell
325.1448850587412,70.52913611643552,0.0,CD4_Tcell
-128.09581555353776,169.77045896389913,0.0,CD4_Tcell
121.252214635132,-230.10055296900663,0.0,CD4_Tcell
106.24465727715699,301.44772082123706,0.0,CD4_Tcell
305.53432898293994,87.39741517157319,0.0,CD4_Tcell
97.48215339035784,-213.15034353183106,0.0,CD4_Tcell
351.8604064634254,9.799042351412107,0.0,CD4_Tcell
343.565960591361,-186.77300872579673,0.0,CD4_Tcell
-216.83052750282567,-54.69159430192743,0.0,CD4_Tcell
-37.85741222840512,207.483150134737,0.0,CD4_Tcell
42.095416052776216,-310.20763485358583,0.0,CD4_Tcell
-73.8763204559808,211.31481401120254,0.0,CD4_Tcell
135.24113443231192,318.52846780061003,0.0,CD4_Tcell
316.0944444802274,4.72023233810713,0.0,CD4_Tcell
-299.1291246099939,-250.73680559400265,0.0,CD4_Tcell
369.45816388468535,90.3717493441214,0.0,CD4_Tcell
-287.333300192563,168.86232046663503,0.0,CD4_Tcell
170.99644726059512,350.096202371033,0.0,CD4_Tcell
211.46522931889,238.90299448769574,0.0,CD4_Tcell
117.25145468214306,-353.78254853988835,0.0,CD4_Tcell
260.44782548378817,-28.824238857976745,0.0,CD4_Tcell
193.1288140534259,-123.95036900157466,0.0,CD4_Tcell
154.23616722292815,-348.7463244988395,0.0,CD4_Tcell
-300.0424713493132,-237.61319974165608,0.0,CD4_Tcell
-183.00546512564912,-267.8238984952578,0.0,CD4_Tcell
-201.36622024925416,-332.0096752272206,0.0,CD4_Tcell
-326.1580505120816,58.93563733817549,0.0,CD4_Tcell
331.28317603019406,-97.41775597073037,0.0,CD4_Tcell
-282.9093215330971,-19.54485446529881,0.0,CD4_Tcell
-263.4239215927642,-205.76108818382386,0.0,CD4_Tcell
71.2357453353933,-230.31794092828991,0.0,CD4_Tcell
-225.19709629272882,-32.789471701061004,0.0,CD4_Tcell
238.36670836940948,-317.874193945608,0.0,CD4_Tcell
-125.4798485266357,230.30473128917654,0.0,CD4_Tcell
-240.56135490822882,234.13553566598023,0.0,CD4_Tcell
267.7047614056432,269.0471328268549,0.0,CD4_Tcell
-255.25184363672466,287.2425203441025,0.0,CD4_Tcell
291.23707409386105,57.066120335604225,0.0,CD4_Tcell
-311.60846563318523,-105.84230354796122,0.0,CD4_Tcell
-129.5783955799324,227.5861561033284,0.0,CD4_Tcell
35.3444622490748,-306.97109030942875,0.0,CD4_Tcell
-132.022445762948,-183.3254961441446,0.0,CD4_Tcell
-163.46830929129376,230.52386631103693,0.0,CD4_Tcell
180.32624002176402,343.6508463054209,0.0,CD4_Tcell
-142.73107436886065,324.33006814560974,0.0,CD4_Tcell
-185.53960765757108,-75.58705720332442,0.0,CD4_Tcell
146.33949513869632,-294.4190723429684,0.0,CD4_Tcell
-206.40699632778723,325.98614616524014,0.0,CD4_Tcell
314.1184714644114,-17.884128270060422,0.0,CD4_Tcell
178.04064767695866,136.9831438816928,0.0,CD4_Tcell
-60.83351756862015,-233.5487650006365,0.0,CD4_Tcell
320.0833419887423,63.606965046654416,0.0,CD4_Tcell
-271.863412933824,74.88222420792907,0.0,CD4_Tcell
350.0454390345495,32.51622356798475,0.0,CD4_Tcell
-252.28912870657945,-133.02507431836324,0.0,CD4_Tcell
187.2334189887316,-139.7140461842492,0.0,CD4_Tcell
243.45107830658665,-119.79021258739947,0.0,CD4_Tcell
-344.9234492026095,-197.60912083304467,0.0,CD4_Tcell
-189.9412489902693,-123.06426209442121,0.0,CD4_Tcell
324.1696516719911,105.43005169426807,0.0,CD4_Tcell
-310.1341862409554,118.93260005727642,0.0,CD4_Tcell
40.71490136677067,-313.1426614290491,0.0,CD4_Tcell
-92.4979617385575,-203.77306962444848,0.0,CD4_Tcell
-268.1961019447965,215.74177861795468,0.0,CD4_Tcell
202.42483370236772,-191.01907253631552,0.0,CD4_Tcell
-246.2361531137523,-131.6487033720238,0.0,CD4_Tcell
-240.73482244862365,-53.19630964763775,0.0,CD4_Tcell
111.39769708227429,-302.3614846995213,0.0,CD4_Tcell
116.10584330652804,197.94493064705716,0.0,CD4_Tcell
-361.15342513889215,11.324182625180745,0.0,CD4_Tcell
-314.18894729879304,84.34131303989912,0.0,CD4_Tcell
93.00728434014779,177.5491020854321,0.0,CD4_Tcell
70.03200471784218,-208.31667560485477,0.0,CD4_Tcell
-279.04331430301335,-46.96333022747697,0.0,CD4_Tcell
-18.71143731970506,-324.60749751286346,0.0,CD4_Tcell
219.54501862846118,-166.49209166186947,0.0,CD4_Tcell
178.91892231904552,108.88110403836016,0.0,CD4_Tcell
-317.2550864366002,33.61022668032668,0.0,CD4_Tcell
-381.9543502983759,12.247008985315688,0.0,CD4_Tcell
134.48136002233457,263.4774941696412,0.0,CD4_Tcell
186.10536278120378,-207.24186734365034,0.0,CD4_Tcell
202.96167532985166,191.93947567073502,0.0,CD4_Tcell
-269.3897949134682,164.7105162736436,0.0,CD4_Tcell
30.653752886571024,-362.55311185069047,0.0,CD4_Tcell
248.52816251767914,-217.6799175346866,0.0,CD4_Tcell
-354.4072379626177,165.23203835630753,0.0,CD4_Tcell
-223.6256256332015,-220.0340820146715,0.0,CD4_Tcell
-264.36016753542015,-86.71523865260987,0.0,CD4_Tcell
154.0940457923823,221.8884965727779,0.0,CD4_Tcell
199.40841964380192,305.8284008879429,0.0,CD4_Tcell
116.5879244940971,-330.6939847367608,0.0,CD4_Tcell
-141.2033272259228,-209.55938402032263,0.0,CD4_Tcell
-200.8875648183759,-102.22864093627491,0.0,CD4_Tcell
-342.22286928868886,-203.54010656358273,0.0,CD4_Tcell
87.5269911219965,352.395296383715,0.0,CD4_Tcell
253.8537167658267,214.97977949220538,0.0,CD4_Tcell
-268.451503971567,-176.21650524409202,0.0,CD4_Tcell
-343.6778462789367,-176.98721498864285,0.0,CD4_Tcell
337.0798293679432,4.44292452071,0.0,CD4_Tcell
-343.9916407050862,153.53748011752725,0.0,CD4_Tcell
-335.2999268612238,-133.6532199480626,0.0,CD4_Tcell
5.154730122679706,397.82807234897797,0.0,CD4_Tcell
236.51827898690684,121.31367598135648,0.0,CD4_Tcell
-289.1486860483294,-164.13626659137913,0.0,CD4_Tcell
62.537662109392215,307.0276514486205,0.0,CD4_Tcell
-67.31005094751002,258.1159042415157,0.0,CD4_Tcell
-92.64603722778095,307.4823931677062,0.0,CD4_Tcell
-177.01875670846522,301.8988002993554,0.0,CD4_Tcell
-251.17409114435006,-17.270504289838982,0.0,CD4_Tcell
137.83304551298224,-220.04275773412235,0.0,CD4_Tcell
126.37413015755789,160.02211716991465,0.0,CD4_Tcell
326.3376216870899,108.0515428995631,0.0,CD4_Tcell
-183.95952371225633,-180.11392201473421,0.0,CD4_Tcell
-281.99972975585234,-198.2145972734039,0.0,CD4_Tcell
182.08624750568606,-164.9849220679288,0.0,CD4_Tcell
-294.9501587433577,84.10674264702548,0.0,CD4_Tcell
146.64408566860843,-146.34516728283094,0.0,CD4_Tcell
145.76110338435132,358.68633069151855,0.0,CD4_Tcell
200.3803132491785,39.13533106958183,0.0,CD4_Tcell
47.17010344322927,-363.917961112684,0.0,CD4_Tcell
35.652751241666394,384.8254164046357,0.0,CD4_Tcell
56.38067279165854,-337.16227763712334,0.0,CD4_Tcell
232.0662407084762,177.9961495700886,0.0,CD4_Tcell
168.44805529235862,229.93416388017496,0.0,CD4_Tcell
293.56307982075674,9.505280645421417,0.0,CD4_Tcell
201.8507635479012,124.32044704628787,0.0,CD4_Tcell
312.67215806752637,-65.21651814864495,0.0,CD4_Tcell
88.56977862156926,276.5979370536367,0.0,CD4_Tcell
169.37066805366396,-158.3684956945507,0.0,CD4_Tcell
291.8303062148888,184.82326692101918,0.0,CD4_Tcell
190.33577480985332,153.16254827629822,0.0,CD4_Tcell
317.55452206314743,127.66604017538735,0.0,CD4_Tcell
-119.4159872082908,-281.8476129023152,0.0,CD4_Tcell
272.542800286172,279.0769822403137,0.0,CD4_Tcell
308.78325821426444,-75.75773239199957,0.0,CD4_Tcell
-220.1472296954422,212.905497873749,0.0,CD4_Tcell
297.9525141487521,-208.63462533342283,0.0,CD4_Tcell
236.91955474671445,-112.68744907029667,0.0,CD4_Tcell
69.91996025105372,-277.61189836042803,0.0,CD4_Tcell
47.81946304394901,367.4341509949871,0.0,CD4_Tcell
250.22148643392617,135.50740588255033,0.0,CD4_Tcell
107.49621019147254,195.74943147769665,0.0,CD4_Tcell
352.42066373256796,10.10674549664933,0.0,CD4_Tcell
114.62636214713557,332.5610018935017,0.0,CD4_Tcell
-45.99635697251514,381.1332974158742,0.0,CD4_Tcell
21.851159384067355,343.09908869068556,0.0,CD4_Tcell
324.3066458818183,-203.84109771686974,0.0,CD4_Tcell
235.86055232512493,3.9909735135389472,0.0,CD4_Tcell
303.631208161235,34.72847999427298,0.0,CD4_Tcell
218.97346083004464,246.38887567716918,0.0,CD4_Tcell
-314.82700458447766,235.79614046570487,0.0,CD4_Tcell
-155.58548500682403,318.8601712784913,0.0,CD4_Tcell
-200.16649868678473,147.32638968044236,0.0,CD4_Tcell
122.21708805710331,-243.31022748800083,0.0,CD4_Tcell
-35.14860894877097,271.0995696397461,0.0,CD4_Tcell
-64.95713636356277,-343.3592949331442,0.0,CD4_Tcell
30.312331319519622,289.4386192209483,0.0,CD4_Tcell
218.05629441851568,211.5491282390064,0.0,CD4_Tcell
-272.3699337697288,6.2215739516538795,0.0,CD4_Tcell
217.11957616412744,-241.755127556605,0.0,CD4_Tcell
-351.85177521850363,-66.8742273273546,0.0,CD4_Tcell
-235.30309034076282,-112.5640242467624,0.0,CD4_Tcell
-246.7116009547399,-245.9517380129898,0.0,CD4_Tcell
-13.83192753425531,241.9449566702267,0.0,CD4_Tcell
-371.3066755048964,-134.71171491834264,0.0,CD4_Tcell
-17.652099335953828,-229.67775776966528,0.0,CD4_Tcell
121.598984616979,-268.27927168246686,0.0,CD4_Tcell
-215.476754053057,37.29087377098561,0.0,CD4_Tcell
283.5271001222832,188.43465357094752,0.0,CD4_Tcell
381.10800261427545,-22.245868745928224,0.0,CD4_Tcell
291.20409220242163,18.807200919410555,0.0,CD4_Tcell
95.4200615586713,-205.17516314568388,0.0,CD4_Tcell
-224.5812003157564,-197.61375137619447,0.0,CD4_Tcell
287.36938560918026,182.28213532063657,0.0,CD4_Tcell
277.8310224869163,-124.26005550506623,0.0,CD4_Tcell
-66.02372733103154,331.9348137448199,0.0,CD4_Tcell
121.85315400746369,225.37204652056678,0.0,CD4_Tcell
-225.34067739193466,60.47221091989282,0.0,CD4_Tcell
197.62913754331734,-221.0931399393788,0.0,CD4_Tcell
-15.234445733799932,289.0762290693177,0.0,CD4_Tcell
138.59650417545203,316.47824931482995,0.0,CD4_Tcell
141.5425026217486,179.4399240514988,0.0,CD4_Tcell
277.6674969839751,-150.07081583054338,0.0,CD4_Tcell
-161.11827928569426,124.86805045551007,0.0,CD4_Tcell
-321.9695221119168,-158.5706682836447,0.0,CD4_Tcell
225.79779225599538,273.66214633078187,0.0,CD4_Tcell
291.68404218333905,-111.21412786527948,0.0,CD4_Tcell
187.09321919660275,282.89189707052617,0.0,CD4_Tcell
-274.3150338630925,-231.27357540323507,0.0,CD4_Tcell
-353.12748106093966,-143.18373120775553,0.0,CD4_Tcell
-275.6595760028973,196.24326197392662,0.0,CD4_Tcell
-357.7604503612071,166.8018497673182,0.0,CD4_Tcell
70.75928126678444,-378.29912866832416,0.0,CD4_Tcell
-117.46538162601843,-238.07589981467265,0.0,CD4_Tcell
246.47379603137875,-98.00500995815226,0.0,CD4_Tcell
194.87366855397175,-169.83635285571577,0.0,CD4_Tcell
14.074812627278408,282.22024281860604,0.0,CD4_Tcell
-68.06244716281962,-308.81622410178244,0.0,CD4_Tcell
291.2925405504939,154.29744426603327,0.0,CD4_Tcell
115.15944731105931,-340.172990018646,0.0,CD4_Tcell
-155.1169866630982,285.7660928593488,0.0,CD4_Tcell
-228.36357035729864,134.45705347526214,0.0,CD4_Tcell
-116.43174123608671,-223.42331469994184,0.0,CD4_Tcell
294.8690844380967,-235.44749347209034,0.0,CD4_Tcell
371.9073453081918,33.2647231786662,0.0,CD4_Tcell
170.39011942238275,185.02293655454793,0.0,CD4_Tcell
-150.3131718448956,-141.65051651949383,0.0,CD4_Tcell
-235.54777084495137,98.01996428703728,0.0,CD4_Tcell
-244.39446955702962,-133.22076269300203,0.0,CD4_Tcell
-365.58190144483467,-82.58303522180057,0.0,CD4_Tcell
-358.5448587819717,-163.38954796886938,0.0,CD4_Tcell
232.8326702484937,-195.1788136831802,0.0,CD4_Tcell
34.68231766543438,-270.54812405778256,0.0,CD4_Tcell
-306.09809129128746,122.79336169994123,0.0,CD4_Tcell
-243.0572128823712,153.3544233119969,0.0,CD4_Tcell
-322.34824039964246,232.68272840292835,0.0,CD4_Tcell
-197.44441022742612,-48.57538883229781,0.0,CD4_Tcell
-97.02683736532619,379.3744637567506,0.0,CD4_Tcell
-83.65661763672918,-375.65237846321446,0.0,CD4_Tcell
208.53593895356687,-219.58708170451413,0.0,CD4_Tcell
-309.5031580835099,168.57228223603224,0.0,CD4_Tcell
104.9941141801123,288.4782287064499,0.0,CD4_Tcell
79.15919829419656,310.33931131298345,0.0,CD4_Tcell
-253.6750915204882,290.0193245889736,0.0,CD4_Tcell
11.034621695922986,-262.6359923587451,0.0,CD4_Tcell
-207.2223443931068,-287.3088842986967,0.0,CD4_Tcell
-85.24453534960763,286.7892882107585,0.0,CD4_Tcell
-209.2403653196997,-336.27393789179484,0.0,CD4_Tcell
296.02615902212443,-73.76767617570906,0.0,CD4_Tcell
310.5267667859751,-79.63280275008681,0.0,CD4_Tcell
105.02688266449204,-238.51585672472777,0.0,CD4_Tcell
45.085461412479624,221.0205513206984,0.0,CD4_Tcell
86.9687491160931,180.92379655276255,0.0,CD4_Tcell
-199.49892671384745,-279.9592365128854,0.0,CD4_Tcell
-190.1598299740097,-231.85902015976131,0.0,CD4_Tcell
121.67493480591699,308.3688250145605,0.0,CD4_Tcell
342.26349928820974,195.99927954372305,0.0,CD4_Tcell
-340.02019452683663,110.28725772286842,0.0,CD4_Tcell
-275.95185095079347,-121.14358671754486,0.0,CD4_Tcell
-82.05886981752994,-330.1578085758336,0.0,CD4_Tcell
-3.1262494972490744,-221.95587492734475,0.0,CD4_Tcell
-44.418822595406695,-274.3836569848394,0.0,CD4_Tcell
157.2686417272574,240.13386468602124,0.0,CD4_Tcell
-199.69937206097268,-26.925479307192525,0.0,CD4_Tcell
212.10866990349638,101.45625859924944,0.0,CD4_Tcell
275.6565922233039,106.11127704846092,0.0,CD4_Tcell
1.1512068114209553,-342.47345802912145,0.0,CD4_Tcell
-163.86161268123675,-361.2834143911991,0.0,CD4_Tcell
200.6314661204687,181.0123383834497,0.0,CD4_Tcell
124.19089709984466,-262.15753351179944,0.0,CD4_Tcell
235.88449270850677,-11.703691020544532,0.0,CD4_Tcell
-22.928961207937427,-242.37489994594355,0.0,CD4_Tcell
91.78470883456842,351.8265507130106,0.0,CD4_Tcell
-222.0117809570218,-23.66095655245478,0.0,CD4_Tcell
149.80769866691801,-330.305651805674,0.0,CD4_Tcell
-34.49663390564484,-371.582112363033,0.0,CD4_Tcell
196.25308075178913,73.94474411796911,0.0,CD4_Tcell
-345.27200973892064,-170.8338452125821,0.0,CD4_Tcell
-267.4750511894539,254.13617388143663,0.0,CD4_Tcell
207.7394691439274,-243.57702968477042,0.0,CD4_Tcell
346.38093350826017,-29.2156432624384,0.0,CD4_Tcell
298.5503422841051,115.58669518847282,0.0,CD4_Tcell
-331.7885990736817,154.31277689427134,0.0,CD4_Tcell
-396.44934148870476,27.332672185613507,0.0,CD4_Tcell
-35.7475222906473,216.36475561941742,0.0,CD4_Tcell
-336.2697994348946,-200.36045530689313,0.0,CD4_Tcell
253.8749797570905,-144.87296243937777,0.0,CD4_Tcell
249.88692559820095,218.76774087309767,0.0,CD4_Tcell
-84.85189381566029,-364.64803072732195,0.0,CD4_Tcell
-173.82247509412213,308.28882619947336,0.0,CD4_Tcell
208.78724166097453,10.41147947322207,0.0,CD4_Tcell
-169.30727765828857,133.59818697867462,0.0,CD4_Tcell
-242.22634742114576,192.04929495005058,0.0,CD4_Tcell
90.77731571873771,222.68916051029552,0.0,CD4_Tcell
-123.27556638071565,212.76065103368373,0.0,CD4_Tcell
43.64291742882286,-228.80287020450962,0.0,CD4_Tcell
130.2473781379504,153.44170170164617,0.0,CD4_Tcell
-18.73042967114988,-391.96475728685954,0.0,CD4_Tcell
-313.8033178332439,151.1045899091473,0.0,CD4_Tcell
-303.6953134032444,-235.26775800364146,0.0,CD4_Tcell
-72.91723130342555,-189.13329033118842,0.0,CD4_Tcell
-163.8196909539302,-118.03870467028912,0.0,CD4_Tcell
-250.61990027743073,97.28624142573759,0.0,CD4_Tcell
-335.23276107882583,-53.616488631151164,0.0,CD4_Tcell
-251.03874547170398,-117.17620867182076,0.0,CD4_Tcell
-116.94551799229602,-378.89088421388544,0.0,CD4_Tcell
257.6919764858114,-212.50035189356964,0.0,CD4_Tcell
-339.97373076099007,-132.43381184402125,0.0,CD4_Tcell
-112.08962117989934,-191.86832670088714,0.0,CD4_Tcell
218.33559564704356,23.404573500846038,0.0,CD4_Tcell
-331.9100924436721,208.5659333427497,0.0,CD4_Tcell
-90.40405122033202,-253.22220112499122,0.0,CD4_Tcell
79.10122470624587,270.28904604347355,0.0,CD4_Tcell
265.11618418670093,216.73307181273114,0.0,CD4_Tcell
-2.6879794803635426,-332.17778751397907,0.0,CD4_Tcell
234.1627698793063,171.66074147266113,0.0,CD4_Tcell
-263.1475579924308,75.73902369973996,0.0,CD4_Tcell
-370.65776351676095,108.89085584201453,0.0,CD4_Tcell
-175.66801378844713,-114.25180540416063,0.0,CD4_Tcell
-256.9867082045434,124.61036616464492,0.0,CD4_Tcell
154.69580176478655,-231.92349592786923,0.0,CD4_Tcell
-254.59298391119623,219.91288225835322,0.0,CD4_Tcell
-258.3777323338164,-47.286343451991485,0.0,CD4_Tcell
-346.8862464596712,3.702169063517869,0.0,CD4_Tcell
50.90665442518473,340.4779874336266,0.0,CD4_Tcell
100.93479349856115,328.95122017009265,0.0,CD4_Tcell
-125.82237544483435,235.4630068006512,0.0,CD4_Tcell
301.55112705117875,-92.97594568409829,0.0,CD4_Tcell
-339.61004322575405,-31.89431718819168,0.0,CD4_Tcell
32.21146915008661,251.38682131961957,0.0,CD4_Tcell
-15.410888907345969,-225.0149495606471,0.0,CD4_Tcell
97.46478831257714,368.27669381213224,0.0,CD4_Tcell
1.9944753086637812,218.35313285890948,0.0,CD4_Tcell
-67.13776823510938,247.98971757349537,0.0,CD4_Tcell
-257.29532164795734,-193.88287969780154,0.0,CD4_Tcell
-381.9606550981555,-41.73554553095667,0.0,CD4_Tcell
-237.13028564608695,-18.970979941793743,0.0,CD4_Tcell
337.0536808218006,107.238419937657,0.0,CD4_Tcell
-200.78067509851905,267.845526984687,0.0,CD4_Tcell
338.35572140576704,13.401344162309652,0.0,CD4_Tcell
281.37756059541573,-70.25710161922585,0.0,CD4_Tcell
352.0480912971655,17.1734331380939,0.0,CD4_Tcell
-91.87440929212904,-283.97661079380754,0.0,CD4_Tcell
-230.90120312956853,173.37607783158901,0.0,CD4_Tcell
39.75877958102443,-338.56011774324634,0.0,CD4_Tcell
19.178620239319812,307.7184220157587,0.0,CD4_Tcell
-254.33192492819867,-142.15603520576184,0.0,CD4_Tcell
250.98796401112705,-190.59612183637876,0.0,CD4_Tcell
226.0209928794922,-282.4105542473506,0.0,CD4_Tcell
-220.46151747545764,144.9983419196315,0.0,CD4_Tcell
328.3129143380576,132.85799310846932,0.0,CD4_Tcell
-58.38233546746713,262.5695743082056,0.0,CD4_Tcell
-232.08815805847883,251.2168351301889,0.0,CD4_Tcell
259.74842340760074,-226.51922717338934,0.0,CD4_Tcell
-246.26355700973926,139.0310116543951,0.0,CD4_Tcell
359.4890419033237,76.0653401173212,0.0,CD4_Tcell
-123.03357188899119,221.08331591055713,0.0,CD4_Tcell
-156.28798352464503,-260.47288122687473,0.0,CD4_Tcell
-295.81573619971397,86.0248315101391,0.0,CD4_Tcell
-346.3248892976836,-156.09120429887295,0.0,CD4_Tcell
-364.6657062412723,51.577995897467304,0.0,CD4_Tcell
135.63464451211956,-253.314455311859,0.0,CD4_Tcell
265.363388469555,203.21874509639898,0.0,CD4_Tcell
287.44709431148783,102.63639135572609,0.0,CD4_Tcell
226.20116589870347,192.48405524147958,0.0,CD4_Tcell
254.3257627788835,83.97833233347332,0.0,CD4_Tcell
147.79678458413642,240.98701147876616,0.0,CD4_Tcell
-25.407344681480033,327.01918658800054,0.0,CD4_Tcell
-114.17988621018844,331.6655453385346,0.0,CD4_Tcell
181.03902712924872,-209.23049956479545,0.0,CD4_Tcell
-190.8670196968012,-180.54943443627138,0.0,CD4_Tcell
188.29858373014366,-182.0458673056163,0.0,CD4_Tcell
-40.788773042668595,230.40194336999625,0.0,CD4_Tcell
-90.09982847393695,344.86761381426595,0.0,CD4_Tcell
262.69646872459674,168.506115831252,0.0,CD4_Tcell
-190.04732356746499,-215.67163267558695,0.0,CD4_Tcell
-340.7120341023922,194.60578228102506,0.0,CD4_Tcell
89.6952066112708,-349.9588208120484,0.0,CD4_Tcell
-132.7537642575773,228.1026529894061,0.0,CD4_Tcell
-100.1107600299908,352.7872289219224,0.0,CD4_Tcell
318.07276499523,93.49213565978995,0.0,CD4_Tcell
48.89926356644688,316.2559887402367,0.0,CD4_Tcell
-104.23197047598431,-283.9941505073607,0.0,CD4_Tcell
-124.84340616609052,-367.2152367977685,0.0,CD4_Tcell
297.69680982440724,-2.218466388202705,0.0,CD4_Tcell
-262.7727052717157,104.91206017325618,0.0,CD4_Tcell
29.51683994063517,-356.7294693645039,0.0,CD4_Tcell
-20.74215639634148,367.42170078475294,0.0,CD4_Tcell
-302.01479681385433,-36.528861162741016,0.0,CD4_Tcell
261.98126423214154,-284.5239654864767,0.0,CD4_Tcell
-167.27098534724792,242.70036212350138,0.0,CD4_Tcell
-247.12769655620843,205.88675007126378,0.0,CD4_Tcell
-3.261374316729406,324.07495865295147,0.0,CD4_Tcell
143.50258329229487,189.23385817900086,0.0,CD4_Tcell
-295.9886835826705,-82.71915345744301,0.0,CD4_Tcell
11.07464735991838,-222.77016051531197,0.0,CD4_Tcell
-303.1453682505052,-149.72375415008105,0.0,CD4_Tcell
-110.2633555710763,-352.340943651854,0.0,CD4_Tcell
-244.39489718595965,34.87018373008675,0.0,CD4_Tcell
-145.51909872627246,151.5713028205222,0.0,CD4_Tcell
-65.27147637249664,248.66642181405683,0.0,CD4_Tcell
-134.73915693658768,318.21408650299156,0.0,CD4_Tcell
-368.5772084306109,-56.53467144664757,0.0,CD4_Tcell
-90.31782724904558,233.33543743430553,0.0,CD4_Tcell
386.89528150924895,16.241722261400287,0.0,CD4_Tcell
207.88976584311587,-247.54966991814968,0.0,CD4_Tcell
367.94652574714354,-8.620938512625797,0.0,CD4_Tcell
-310.4630087444082,-91.03801681314785,0.0,CD4_Tcell
-349.405905578235,30.8016570550274,0.0,CD4_Tcell
-103.33152295164943,-382.11055631828975,0.0,CD4_Tcell
181.8753339676196,170.24220694933703,0.0,CD4_Tcell
120.48377365249263,-167.15722372464603,0.0,CD4_Tcell
8.35342881026358,-274.5291087369111,0.0,CD4_Tcell
373.9549966916064,-16.194911268514552,0.0,CD4_Tcell
289.0221968752205,-39.044393108870175,0.0,CD4_Tcell
-245.23132359325942,-248.12705235896192,0.0,CD4_Tcell
195.1215858502708,188.1125656949348,0.0,CD4_Tcell
-157.43787754667918,-291.5458220950013,0.0,CD4_Tcell
352.288818329187,154.61591872837508,0.0,CD4_Tcell
-235.96688744915699,250.78377083853155,0.0,CD4_Tcell
-195.68054488299504,-107.33808649089183,0.0,CD4_Tcell
129.8593086448807,164.40643683362865,0.0,CD4_Tcell
-210.16512547098782,-65.9553721508478,0.0,CD4_Tcell
-64.7812276826243,271.6731991160258,0.0,CD4_Tcell
-285.6145767367341,-18.22472114198411,0.0,CD4_Tcell
279.1809183107026,245.56318022883352,0.0,CD4_Tcell
108.3047106555336,308.7173325200276,0.0,CD4_Tcell
49.65726155910786,-287.71738426309344,0.0,CD4_Tcell
-179.7388541010433,-324.5255458470045,0.0,CD4_Tcell
-170.1789191467717,276.44227925614,0.0,CD4_Tcell
178.40831870253453,104.37446550207599,0.0,CD4_Tcell
251.4791874087324,129.5756424132148,0.0,CD4_Tcell
-99.77493563858317,-336.5161369355191,0.0,CD4_Tcell
146.49495799485985,306.1338926038138,0.0,CD4_Tcell
296.87229057830206,165.15932833495725,0.0,CD4_Tcell
-221.47492222331167,-91.52233547589287,0.0,CD4_Tcell
192.480948373654,-315.1421803057125,0.0,CD4_Tcell
180.37448972589243,156.4128843192208,0.0,CD4_Tcell
371.0031151369608,105.67401157126096,0.0,CD4_Tcell
204.25991375271727,103.15288551980926,0.0,CD4_Tcell
129.22458494029706,-323.8247110203912,0.0,CD4_Tcell
220.5403981337674,223.5538047414249,0.0,CD4_Tcell
306.3792346470289,-172.1085968156194,0.0,CD4_Tcell
34.50419496323891,213.1114225402986,0.0,CD4_Tcell
-372.6701032396204,-99.42140719566473,0.0,CD4_Tcell
-295.44701892665586,247.2330202191064,0.0,CD4_Tcell
-80.56037024987509,-341.44411150180974,0.0,CD4_Tcell
381.17990750946785,31.081974830857956,0.0,CD4_Tcell
-197.5753240937085,179.5887674857803,0.0,CD4_Tcell
74.67531730290436,333.74852357865524,0.0,CD4_Tcell
-139.08153078829736,-253.54971508906698,0.0,CD4_Tcell
-153.96012101669223,-369.0586551180836,0.0,CD4_Tcell
-94.30219889541632,-335.93593662071527,0.0,CD4_Tcell
-237.84207296854936,8.098694935773333,0.0,CD4_Tcell
-251.97196731192489,119.5879608273225,0.0,CD4_Tcell
-95.5989183125768,-277.3566834222611,0.0,CD4_Tcell
205.65303166234042,9.752066754951223,0.0,CD4_Tcell
83.08944926753438,207.36009245015433,0.0,CD4_Tcell
141.1430246788732,-282.157067248846,0.0,CD4_Tcell
-263.137705822531,216.30322465014208,0.0,CD4_Tcell
-255.57450332567745,-60.768218330733355,0.0,CD4_Tcell
-122.60827085640115,305.1168885826887,0.0,CD4_Tcell
-310.49388102203096,16.94372229272467,0.0,CD4_Tcell
-255.56403545426133,242.36554649366383,0.0,CD4_Tcell
-160.53725540325547,-136.42678510098995,0.0,CD4_Tcell
21.08705759353232,374.7243955738536,0.0,CD4_Tcell
136.145906196892,325.1199564443049,0.0,CD4_Tcell
-192.38049477871658,-135.67413250171955,0.0,CD4_Tcell
52.114990624259,355.9076504680371,0.0,CD4_Tcell
253.03213675408892,-188.70120976929627,0.0,CD4_Tcell
-308.9432277303085,119.95019818479638,0.0,CD4_Tcell
-29.743808684479237,-219.8754856261855,0.0,CD4_Tcell
-138.03014925492508,274.2852836052544,0.0,CD4_Tcell
150.13062885483234,-142.0721708971496,0.0,CD4_Tcell
133.61066158632664,-366.81166027139204,0.0,CD4_Tcell
162.1801343269209,193.27932180891494,0.0,CD4_Tcell
-315.83375999000344,-135.29399278080075,0.0,CD4_Tcell
-276.99045345010745,230.0027975606456,0.0,CD4_Tcell
204.65580639248788,-148.7211112149898,0.0,CD4_Tcell
138.86566078495687,-163.91961970939195,0.0,CD4_Tcell
-268.1926621691363,126.31260929183959,0.0,CD4_Tcell
-125.9778667770959,298.75773396540444,0.0,CD4_Tcell
182.2015052950371,116.56846422384452,0.0,CD4_Tcell
-365.7145451282197,93.7393166677616,0.0,CD4_Tcell
116.45015772793818,-170.53239615252625,0.0,CD4_Tcell
-286.63589997579953,177.46944215802412,0.0,CD4_Tcell
252.416367473556,223.69020626955407,0.0,CD4_Tcell
-318.1106391533747,-54.94159953172524,0.0,CD4_Tcell
-351.52312090950164,11.642547785492734,0.0,CD4_Tcell
-80.88496423162816,361.35361894471976,0.0,CD4_Tcell
247.41483421654664,223.0974083657488,0.0,CD4_Tcell
202.32626855914503,-179.73868202667282,0.0,CD4_Tcell
316.031243260549,219.10066031657271,0.0,CD4_Tcell
-257.39870509930853,-228.75867721814978,0.0,CD4_Tcell
292.39520780991273,205.8181597796723,0.0,CD4_Tcell
-78.05154270056902,-286.0185869740598,0.0,CD4_Tcell
83.29133283842933,-227.45660667989978,0.0,CD4_Tcell
-29.72433465260323,312.68645014390904,0.0,CD4_Tcell
-243.00139508188545,-36.150201958392024,0.0,CD4_Tcell
246.30470126366495,-135.4803236422238,0.0,CD4_Tcell
-221.75721542823896,150.28875000240868,0.0,CD4_Tcell
150.27762755935754,-357.183167494969,0.0,CD4_Tcell
-234.214059634317,-289.4205459588178,0.0,CD4_Tcell
-4.662797161321134,391.18034780998534,0.0,CD4_Tcell
-7.493986163338934,233.64190062077785,0.0,CD4_Tcell
-14.156340086422542,-250.13509539711964,0.0,CD4_Tcell
-133.55942846207262,360.03935614058815,0.0,CD4_Tcell
-80.1962286354169,-344.6069034596883,0.0,CD4_Tcell
-285.94395394272294,172.83127919787395,0.0,CD4_Tcell
134.9102498762281,333.9397012970191,0.0,CD4_Tcell
-345.25609944774567,-161.7196537651383,0.0,CD4_Tcell
197.48577263272674,140.5341346145269,0.0,CD4_Tcell
-193.73446484939376,-293.7511066832749,0.0,CD4_Tcell
171.13699700714062,-165.60785527009898,0.0,CD4_Tcell
322.85524536567476,-155.51865559561728,0.0,CD4_Tcell
366.4780601071374,100.42805381694386,0.0,CD4_Tcell
-210.3684133704373,-107.24248267600983,0.0,CD4_Tcell
-330.94342264843203,72.51754379477015,0.0,CD4_Tcell
310.23210321577784,100.12501828032961,0.0,CD4_Tcell
-339.0225159289451,140.5046501246382,0.0,CD4_Tcell
-294.4402506194732,-264.5057159677779,0.0,CD4_Tcell
-278.5415559412297,11.628757033715852,0.0,CD4_Tcell
368.8212282688084,-57.367403907935355,0.0,CD4_Tcell
31.28108977829009,-374.74574259944404,0.0,CD4_Tcell
-221.25728491439,-170.67747632063433,0.0,CD4_Tcell
303.3307024322011,-141.20030416716688,0.0,CD4_Tcell
-21.294200576077554,318.8564066465437,0.0,CD4_Tcell
68.35162893978476,240.890847838088,0.0,CD4_Tcell
-252.18772351378274,207.58849349173747,0.0,CD4_Tcell
-153.14176406589942,-138.67048094556887,0.0,CD4_Tcell
20.925451298410294,-305.5974640513203,0.0,CD4_Tcell
277.9317928251765,-191.86145480692485,0.0,CD4_Tcell
-253.5004290235952,77.73273735127428,0.0,CD4_Tcell
-175.20340568428315,154.18053244988496,0.0,CD4_Tcell
-285.7883513467477,262.3704494612204,0.0,CD4_Tcell
354.9318052192379,75.9340024031229,0.0,CD4_Tcell
320.5785470333634,-136.03598651232943,0.0,CD4_Tcell
-184.4316559309789,-290.908851708622,0.0,CD4_Tcell
-72.5694611613715,-237.93890093329858,0.0,CD4_Tcell
-175.85614816442796,184.39093446658967,0.0,CD4_Tcell
-296.7274857931409,51.73895941974506,0.0,CD4_Tcell
96.0576250954706,-366.96799422499794,0.0,CD4_Tcell
-125.44020953218823,261.81810634832556,0.0,CD4_Tcell
8.552517682237,338.5694568000287,0.0,CD4_Tcell
36.72730015310523,-389.4990124340579,0.0,CD4_Tcell
-277.5178397490556,-213.69546109308376,0.0,CD4_Tcell
33.20417100085749,367.11535724157125,0.0,CD4_Tcell
263.2447452449963,267.3688892274171,0.0,CD4_Tcell
141.81782500696204,-149.2603281395198,0.0,CD4_Tcell
-5.188948241610138,370.00777543098064,0.0,CD4_Tcell
346.8423482875685,57.6143330600815,0.0,CD4_Tcell
-265.3755718853612,-109.49468353552875,0.0,CD4_Tcell
-197.1042469744403,194.06420820668234,0.0,CD4_Tcell
95.07874167446626,-353.45705965490714,0.0,CD4_Tcell
252.5360927937093,145.65264152503332,0.0,CD4_Tcell
-347.28205116457025,83.6136594325968,0.0,CD4_Tcell
364.6179575802488,-61.801404638211594,0.0,CD4_Tcell
-285.00861370669827,-247.34311423926522,0.0,CD4_Tcell
139.64711993683792,-371.3733350239652,0.0,CD4_Tcell
199.6094342533685,-237.92262016241386,0.0,CD4_Tcell
-216.91326191824072,-319.9885838339164,0.0,CD4_Tcell
38.45863018254226,-278.066943030869,0.0,CD4_Tcell
72.8604832690242,254.5884175625486,0.0,CD4_Tcell
185.49903717178086,-261.92186448099824,0.0,CD4_Tcell
279.06400698266634,258.1095395922808,0.0,CD4_Tcell
206.5266871635118,36.87577988738364,0.0,CD4_Tcell
-231.41931003092918,45.81202206933672,0.0,CD4_Tcell
-19.70664368476147,336.6703088117193,0.0,CD4_Tcell
-161.68752984699017,325.23759146354473,0.0,CD4_Tcell
70.14020352671243,349.3240338980676,0.0,CD4_Tcell
-191.61708219564565,-61.12267862422262,0.0,CD4_Tcell
-160.70253405731788,221.7902072832328,0.0,CD4_Tcell
-290.78834018264644,11.965128667519075,0.0,CD4_Tcell
-264.1598019203244,-220.17170910754388,0.0,CD4_Tcell
-231.3113016236663,121.2376460142479,0.0,CD4_Tcell
-217.35011775655562,131.9813359616976,0.0,CD4_Tcell
381.04422155952454,-38.637653781892446,0.0,CD4_Tcell
258.048089529132,66.00330701317405,0.0,CD4_Tcell
65.25296182435417,-383.6146618258828,0.0,CD4_Tcell
-0.8398295138027714,-265.2491474892534,0.0,CD4_Tcell
330.1840625544542,-154.99359794009223,0.0,CD4_Tcell
196.11421784897834,295.4818970663711,0.0,CD4_Tcell
-225.98436106791914,328.08911385302684,0.0,CD4_Tcell
-89.01163571303233,333.00026121393506,0.0,CD4_Tcell
200.15650118651533,-327.5953527796216,0.0,CD4_Tcell
52.57888979783428,226.27147434548291,0.0,CD4_Tcell
-201.75653285837708,150.08160000198592,0.0,CD4_Tcell
-29.103503637744925,348.93542851203614,0.0,CD4_Tcell
-322.7907039333734,-128.3327720062419,0.0,CD4_Tcell
386.45212472197426,-100.38135167132816,0.0,CD4_Tcell
352.51953679537945,-50.883009072360736,0.0,CD4_Tcell
160.34328618826814,-131.3844058401811,0.0,CD4_Tcell
33.399666211565794,-200.00113125148903,0.0,CD4_Tcell
98.0739464661914,-223.29818710515505,0.0,CD4_Tcell
39.86844023344511,274.97192384210905,0.0,CD4_Tcell
-360.21346094842767,47.713385276238064,0.0,CD4_Tcell
-80.74927146625907,235.35028884251722,0.0,CD4_Tcell
291.3937435982713,-203.0184100201673,0.0,CD4_Tcell
233.46678601379514,-216.98396809025556,0.0,CD4_Tcell
-369.0740018967877,129.95486503160546,0.0,CD4_Tcell
-121.32426411385123,-305.3341608594227,0.0,CD4_Tcell
162.57041428018914,-312.1902820243138,0.0,CD4_Tcell
-225.33635636637493,119.28289172488105,0.0,CD4_Tcell
201.2552656221324,202.24107809745388,0.0,CD4_Tcell
-261.40036451560894,299.734932809591,0.0,CD4_Tcell
314.26309892764374,-131.89615324639692,0.0,CD4_Tcell
-125.18180680074433,-263.8989461229925,0.0,CD4_Tcell
178.02375334211482,-123.3704670432341,0.0,CD4_Tcell
-268.0112986972475,229.4594763077858,0.0,CD4_Tcell
-238.85511807429344,-247.9712432104089,0.0,CD4_Tcell
219.37663378164083,-273.20491591960115,0.0,CD4_Tcell
-240.36241788632785,-39.09035059468655,0.0,CD4_Tcell
-256.45416062380565,-161.8019723138441,0.0,CD4_Tcell
286.8158558509526,143.62008979058112,0.0,CD4_Tcell
-221.1721074843441,-102.73579214334043,0.0,CD4_Tcell
228.86212506118665,33.79286243922978,0.0,CD4_Tcell
244.47122050366303,-293.0315575802237,0.0,CD4_Tcell
-71.31823842421576,-210.30086095816614,0.0,CD4_Tcell
320.061120245746,36.016047115641044,0.0,CD4_Tcell
-222.27952829102472,-130.58683807767764,0.0,CD4_Tcell
74.08144850712674,356.5962662843422,0.0,CD4_Tcell
205.4709757464365,-119.33003546953398,0.0,CD4_Tcell
-324.3748243685781,29.47735378020624,0.0,CD4_Tcell
-152.09156910426313,-151.90171108060193,0.0,CD4_Tcell
227.72143075503624,-205.1155344281037,0.0,CD4_Tcell
301.3283451472634,-257.32088295466775,0.0,CD4_Tcell
-265.6957863155791,136.61291408107078,0.0,CD4_Tcell
70.14422250905764,196.05952341870284,0.0,CD4_Tcell
-209.97192764664976,250.87992010247635,0.0,CD4_Tcell
-177.9799145350953,-198.48340570489745,0.0,CD4_Tcell
-29.56309202476124,353.5740255918503,0.0,CD4_Tcell
206.0208343457259,-99.38305484546555,0.0,CD4_Tcell
-201.8515173354536,308.74547476819265,0.0,CD4_Tcell
92.8471901889848,-300.01660563907757,0.0,CD4_Tcell
-268.80476770812294,241.2589917337539,0.0,CD4_Tcell
122.99474953468834,-302.3364353505087,0.0,CD4_Tcell
256.5844401000325,-204.29344345740788,0.0,CD4_Tcell
-253.49664231314884,154.6542888368387,0.0,CD4_Tcell
-220.86723410315244,-82.14889225040322,0.0,CD4_Tcell
-227.72227394580705,-91.13935787392035,0.0,CD4_Tcell
-29.117971555873016,263.66681202189204,0.0,CD4_Tcell
-192.51772966494846,257.85787749767456,0.0,CD4_Tcell
18.568305171712076,315.63645773802455,0.0,CD4_Tcell
-283.44656232429975,-39.79195718266949,0.0,CD4_Tcell
259.0253193667842,84.70126978132437,0.0,CD4_Tcell
-49.83501854345734,-276.3155040322203,0.0,CD4_Tcell
-100.99365747300035,224.30188040410007,0.0,CD4_Tcell
-201.35628671495877,92.02041546024753,0.0,CD4_Tcell
-215.6357966262761,-112.68362183023856,0.0,CD4_Tcell
264.31590186874024,-27.529705245432698,0.0,CD4_Tcell
41.780912828608784,-376.8632449015264,0.0,CD4_Tcell
-0.9159963171862107,331.07348726834135,0.0,CD4_Tcell
-209.36099038043528,199.4889411752367,0.0,CD4_Tcell
-278.8914724003998,279.0805534080781,0.0,CD4_Tcell
305.4216806489463,212.59391285543668,0.0,CD4_Tcell
-20.21763046829413,262.83171326928283,0.0,CD4_Tcell
138.2827282232314,-339.6086236269779,0.0,CD4_Tcell
-237.89492607988618,224.59783898879752,0.0,CD4_Tcell
119.05959819252982,234.1471137387354,0.0,CD4_Tcell
79.2928174630857,-186.98373367880689,0.0,CD4_Tcell
12.568264296755984,-214.33577225463966,0.0,CD4_Tcell
-243.92745703104384,-134.35385656696934,0.0,CD4_Tcell
175.2969919561981,-101.54872803468378,0.0,CD4_Tcell
335.9646013229444,-51.13544937229471,0.0,CD4_Tcell
-199.41822261724093,-114.2644485379916,0.0,CD4_Tcell
-200.2237985676851,-58.08747454156451,0.0,CD4_Tcell
216.6997883821887,113.66799191982939,0.0,CD4_Tcell
133.7789334416054,-302.11670714995404,0.0,CD4_Tcell
256.7945670337449,265.9108229423246,0.0,CD4_Tcell
-208.33374364426047,152.09880806505097,0.0,CD4_Tcell
-235.14177702737925,-34.79537195337406,0.0,CD4_Tcell
-185.1992192844396,220.22045247580465,0.0,CD4_Tcell
40.975853129033815,-227.43163158634368,0.0,CD4_Tcell
315.23899104638497,-142.54896082866117,0.0,CD4_Tcell
328.162349912961,62.240940636913635,0.0,CD4_Tcell
277.2739004996281,-217.93184556335237,0.0,CD4_Tcell
-9.957263285618984,234.8071858278723,0.0,CD4_Tcell
-245.74827609760715,-178.5069982747801,0.0,CD4_Tcell
76.11799454457119,-190.49030952436183,0.0,CD4_Tcell
317.2083998131407,-89.3199873099557,0.0,CD4_Tcell
267.66714830662715,-140.26747152475022,0.0,CD4_Tcell
-175.0397521568311,161.0556850698198,0.0,CD4_Tcell
235.4959869992231,307.4514479586147,0.0,CD4_Tcell
184.28527272838227,-352.3229579167658,0.0,CD4_Tcell
36.66596173956997,353.56809137293163,0.0,CD4_Tcell
-46.43671265924881,-261.326763306324,0.0,CD4_Tcell
197.84036105877064,-264.86198514921784,0.0,CD4_Tcell
304.0397097231023,-36.38635481593781,0.0,CD4_Tcell
173.6254782837826,-219.2472376487134,0.0,CD4_Tcell
380.28478424937924,14.082645230930963,0.0,CD4_Tcell
249.9458759632246,-92.21248079810901,0.0,CD4_Tcell
-241.20776290332086,10.9912160296964,0.0,CD4_Tcell
-254.17368981138867,32.75497786259123,0.0,CD4_Tcell
194.25166684484535,180.04218211282165,0.0,CD4_Tcell
224.47537965110186,306.7756129788979,0.0,CD4_Tcell
-108.86255368521311,-343.16295272122017,0.0,CD4_Tcell
254.03311663310546,274.70297707897964,0.0,CD4_Tcell
155.79741861952536,-290.7953557083843,0.0,CD4_Tcell
-313.5008357339965,6.970155183740479,0.0,CD4_Tcell
-165.55445090905675,-189.5412292052157,0.0,CD4_Tcell
213.4668204403053,-195.39085009029498,0.0,CD4_Tcell
-220.87790147345308,150.8015820720161,0.0,CD4_Tcell
293.71020981073474,59.56105610946901,0.0,CD4_Tcell
220.30466493270765,-107.2017230053378,0.0,CD4_Tcell
304.7222440020632,-177.38648837901746,0.0,CD4_Tcell
-284.59631654985134,-196.48618557351074,0.0,CD4_Tcell
-299.249589950056,-57.2674573875174,0.0,CD4_Tcell
-360.5854926630468,-19.088400835048702,0.0,CD4_Tcell
180.1241029042644,-258.3768236198335,0.0,CD4_Tcell
-360.6327235501893,-120.36808658902774,0.0,CD4_Tcell
64.39011127318506,342.70779329058354,0.0,CD4_Tcell
-302.3943949520656,211.95168278077668,0.0,CD4_Tcell
113.2878935156081,-338.2278657127496,0.0,CD4_Tcell
-302.84498562019905,171.06932332010712,0.0,CD4_Tcell
265.02751425657203,-61.21875548972331,0.0,CD4_Tcell
0.5771597316565973,-382.2804812797199,0.0,CD4_Tcell
165.15774287306286,334.84218643342115,0.0,CD4_Tcell
-336.37878432266535,8.955446188659657,0.0,CD4_Tcell
-234.50389316625672,214.680298373343,0.0,CD4_Tcell
313.93177451457797,171.260215000328,0.0,CD4_Tcell
226.5403757329117,-10.195267620828835,0.0,CD4_Tcell
294.420326158722,142.63425889289007,0.0,CD4_Tcell
-70.97346280581374,262.3352363725484,0.0,CD4_Tcell
265.42742669853214,105.63381942297067,0.0,CD4_Tcell
147.54959622520272,280.3049344639804,0.0,CD4_Tcell
-73.32248737293348,-189.92651052858034,0.0,CD4_Tcell
-197.0907334177688,239.68424128669992,0.0,CD4_Tcell
322.48607778631987,-131.1527419763262,0.0,CD4_Tcell
248.0549574443736,141.82139220254223,0.0,CD4_Tcell
-245.94923118220441,38.45260037811503,0.0,CD4_Tcell
-63.013666125665814,-248.40559246730393,0.0,CD4_Tcell
-277.69392592303825,-103.48868066281187,0.0,CD4_Tcell
-245.47595868377152,109.50784451868736,0.0,CD4_Tcell
-304.60248190387057,75.81570489965638,0.0,CD4_Tcell
-307.89568899985727,121.52664222946935,0.0,CD4_Tcell
119.40447956240747,-300.8533260300035,0.0,CD4_Tcell
1.3916359184402098,-201.0093997677857,0.0,CD4_Tcell
-252.81168448644627,-10.440136097153033,0.0,CD4_Tcell
-353.59157476867716,-53.8790786848193,0.0,CD4_Tcell
23.32175211953618,-390.39032988785135,0.0,CD4_Tcell
-254.87589422516203,-277.6549151051515,0.0,CD4_Tcell
-298.32837661205764,73.02149729572949,0.0,CD4_Tcell
52.65018597579909,-258.63587988443,0.0,CD4_Tcell
206.08155699438214,-276.1456163536478,0.0,CD4_Tcell
-196.24787712039816,-175.8264258143054,0.0,CD4_Tcell
-227.79174820243185,-300.156611397528,0.0,CD4_Tcell
-24.487689278248354,255.36272169479338,0.0,CD4_Tcell
113.11897801017109,-363.4932252055565,0.0,CD4_Tcell
310.71146367822337,148.62213634874746,0.0,CD4_Tcell
255.96067347646965,-69.73957784397432,0.0,CD4_Tcell
-333.7605677105571,168.4571198264903,0.0,CD4_Tcell
37.63158066768039,-211.04359243858553,0.0,CD4_Tcell
-356.161398609101,-47.24412724432402,0.0,CD4_Tcell
138.38494876926939,-355.7644507036564,0.0,CD4_Tcell
-41.29936781001614,-367.16353581628545,0.0,CD4_Tcell
-111.61435341250144,-229.10596092132565,0.0,CD4_Tcell
114.55972210425946,270.8458184328454,0.0,CD4_Tcell
-374.06851439953334,123.25678432348758,0.0,CD4_Tcell
-154.45851185938923,-297.0336743231375,0.0,CD4_Tcell
238.6454776577925,190.23579014459864,0.0,CD4_Tcell
261.82268057737303,26.82602237995004,0.0,CD4_Tcell
309.10836804859963,151.40432315639688,0.0,CD4_Tcell
195.81293381575432,-329.9190253091454,0.0,CD4_Tcell
-339.12426526741314,19.48587562579559,0.0,CD4_Tcell
187.90422208232155,136.49053715737858,0.0,CD4_Tcell
-342.95116248069615,100.26645946682117,0.0,CD4_Tcell
-266.53464409905786,-26.01809171404413,0.0,CD4_Tcell
-242.63301078606287,160.47743770518895,0.0,CD4_Tcell
-237.66123817956648,305.2950842383794,0.0,CD4_Tcell
314.28048168689435,-215.22329402192773,0.0,CD4_Tcell
-129.00521660750704,-303.815324469271,0.0,CD4_Tcell
-371.4390025286828,24.305462052274663,0.0,CD4_Tcell
297.8279167197505,-208.37510620157596,0.0,CD4_Tcell
-174.52669988141056,255.8091701085811,0.0,CD4_Tcell
186.53711157139537,-217.15825478586663,0.0,CD4_Tcell
270.6536734215648,-123.85623955551542,0.0,CD4_Tcell
282.4161434749484,-136.54263143294537,0.0,CD4_Tcell
133.97479130480806,177.84166232752497,0.0,CD4_Tcell
-195.07653943058398,233.23977927820397,0.0,CD4_Tcell
-238.55618293211725,-257.5386785028222,0.0,CD4_Tcell
-75.26437489281496,-338.91481405929073,0.0,CD4_Tcell
-279.4591421039591,-160.72469947916005,0.0,CD4_Tcell
-337.1014150124288,-78.71726244840438,0.0,CD4_Tcell
226.52972126779375,-182.08593245989167,0.0,CD4_Tcell
39.77529477815654,-328.36508733307227,0.0,CD4_Tcell
-55.88615425473063,-244.65042600346146,0.0,CD4_Tcell
-68.72150761556311,314.91369644332866,0.0,CD4_Tcell
121.97603013486697,341.83956034138924,0.0,CD4_Tcell
-169.5934884676122,259.1572674674967,0.0,CD4_Tcell
-179.3587662728232,332.20515150531025,0.0,CD4_Tcell
384.0853597892908,77.87063120233603,0.0,CD4_Tcell
295.2587896101391,235.8386705100377,0.0,CD4_Tcell
49.005141928720136,-305.3851961354386,0.0,CD4_Tcell
-167.30997923780245,-316.2995261619692,0.0,CD4_Tcell
-8.662517123963752,295.2701537584668,0.0,CD4_Tcell
-266.9875432863292,-114.6102169763484,0.0,CD4_Tcell
-257.1760476866443,-225.04834777481554,0.0,CD4_Tcell
-295.121922498619,-209.17439811978156,0.0,CD4_Tcell
302.5724908921619,27.211866702514648,0.0,CD4_Tcell
-203.42571220391395,-68.44684537072408,0.0,CD4_Tcell
-268.3183420208955,195.68958065598025,0.0,CD4_Tcell
-23.998141182113763,-264.53286954326387,0.0,CD4_Tcell
272.52590913056866,-273.7858717188299,0.0,CD4_Tcell
-372.4456774703503,130.3099254856298,0.0,CD4_Tcell
5.541079996870958,-397.21694308228103,0.0,CD4_Tcell
-170.3190816639673,-290.7624541544584,0.0,CD4_Tcell
212.1711010912453,15.469042020933781,0.0,CD4_Tcell
280.6629409718964,-0.3608183513427697,0.0,CD4_Tcell
266.79472380378854,-215.96835747898118,0.0,CD4_Tcell
228.22246081386893,250.45246273313361,0.0,CD4_Tcell
-329.41718077156247,1.0529160240430646,0.0,CD4_Tcell
64.41131789086147,227.55578259752176,0.0,CD4_Tcell
90.11695875661192,-234.08793143092342,0.0,CD4_Tcell
-20.549592716840536,-263.0660281392181,0.0,CD4_Tcell
-3.431574371045598,298.33837018666753,0.0,CD4_Tcell
-312.8087980714845,17.129644350404458,0.0,CD4_Tcell
100.79874862663897,-380.90147131513675,0.0,CD4_Tcell
30.02051464729953,283.7371370279979,0.0,CD4_Tcell
218.23346494602242,114.46908166351568,0.0,CD4_Tcell
247.84831202996506,19.819862976797957,0.0,CD4_Tcell
223.63793129767512,-318.3844282877536,0.0,CD4_Tcell
328.02065559523055,-11.879396353990208,0.0,CD4_Tcell
294.5679032738411,239.89572900424864,0.0,CD4_Tcell
-194.89757209316681,107.07191665135053,0.0,CD4_Tcell
-396.9389486906313,27.7139346332159,0.0,CD4_Tcell
334.9746942010143,29.85807951341305,0.0,CD4_Tcell
25.920296097765753,-344.4668945449534,0.0,CD4_Tcell
168.59399708128808,355.79327986041386,0.0,CD4_Tcell
-211.5068133112458,-74.38173906322338,0.0,CD4_Tcell
255.797178588976,-179.7587567781172,0.0,CD4_Tcell
49.70259425687715,-288.2924295770204,0.0,CD4_Tcell
-304.2022284414142,77.54418061589001,0.0,CD4_Tcell
-313.1211524670412,194.65750125799565,0.0,CD4_Tcell
352.17004885964974,106.37522036050923,0.0,CD8_Tcell
-161.46012958063537,-229.75897882860508,0.0,CD8_Tcell
-217.82916068530756,8.78976869147481,0.0,CD8_Tcell
296.54594620525864,-10.26514228189625,0.0,CD8_Tcell
4.889694981409159,270.22953627770767,0.0,CD8_Tcell
-14.974929390006531,-351.1210420491034,0.0,CD8_Tcell
255.0078239245204,205.60700185936463,0.0,CD8_Tcell
172.21868481935687,319.41275474381064,0.0,CD8_Tcell
125.34415456335032,199.82476316660865,0.0,CD8_Tcell
44.26270402024393,-259.2280043962116,0.0,CD8_Tcell
-31.290049328699826,-359.6963725316606,0.0,CD8_Tcell
33.374660760011196,-231.0361576970126,0.0,CD8_Tcell
-291.9994435830977,-185.77542315630106,0.0,CD8_Tcell
-89.11816453262034,362.82675209458745,0.0,CD8_Tcell
-322.6491095654957,-33.72741289022439,0.0,CD8_Tcell
67.32522760156401,-256.8986170389874,0.0,CD8_Tcell
324.3494815269087,10.634391318698365,0.0,CD8_Tcell
278.2292546616794,183.3824724096594,0.0,CD8_Tcell
211.05415634859375,-78.43293367201326,0.0,CD8_Tcell
-343.35009556412086,26.82029194116695,0.0,CD8_Tcell
262.8445716450491,-40.905325493015866,0.0,CD8_Tcell
363.52541541209933,36.07600292931796,0.0,CD8_Tcell
-295.9156295331002,68.33652849060203,0.0,CD8_Tcell
-293.00559392312965,-97.52868397697246,0.0,CD8_Tcell
-263.4366464744962,-185.44819278258626,0.0,CD8_Tcell
320.87788113120126,-229.48982597940403,0.0,CD8_Tcell
-6.424400768806662,329.47809445429147,0.0,CD8_Tcell
249.4636995032174,-301.9508414530489,0.0,CD8_Tcell
223.74338880096968,270.6330660333887,0.0,CD8_Tcell
107.28978820228726,-196.36307850422736,0.0,CD8_Tcell
-387.949924650665,-34.554533622967604,0.0,CD8_Tcell
-131.10532397619605,207.39151310583162,0.0,CD8_Tcell
189.9774566067815,-69.40387746486267,0.0,CD8_Tcell
-192.95218345652071,-132.98458927161428,0.0,CD8_Tcell
-153.23595012101404,206.34984835678617,0.0,CD8_Tcell
77.69054642009876,389.78976929520434,0.0,CD8_Tcell
12.56326925052548,-275.0713937028579,0.0,CD8_Tcell
328.24875764744473,75.87960240191885,0.0,CD8_Tcell
158.81460328781785,-213.35497751546043,0.0,CD8_Tcell
-223.4205892181162,261.81799790802216,0.0,CD8_Tcell
-204.09755218563885,-308.3262637523146,0.0,CD8_Tcell
229.49166635751527,-108.26157339833738,0.0,CD8_Tcell
-252.76728035074206,121.46958654567061,0.0,CD8_Tcell
259.9690571862811,245.9250020165873,0.0,CD8_Tcell
-138.26739752178145,153.45676796247037,0.0,CD8_Tcell
102.57406686499772,-255.35325096856945,0.0,CD8_Tcell
249.30185329460818,-25.333411459789204,0.0,CD8_Tcell
0.026626189292992257,-290.9416366302808,0.0,CD8_Tcell
224.25907056009393,-9.309653133604066,0.0,CD8_Tcell
4.844379988215622,331.6572645011713,0.0,CD8_Tcell
-145.92202354997275,-282.3456649909805,0.0,CD8_Tcell
-96.01206710032535,-249.7486425519234,0.0,CD8_Tcell
-366.73419201644384,59.33762049574104,0.0,CD8_Tcell
-253.40507396420594,-51.46994307276819,0.0,CD8_Tcell
39.52247592042646,-215.81966007800804,0.0,CD8_Tcell
200.42509789805965,-115.58456308169838,0.0,CD8_Tcell
-93.5893540788287,-304.63025473047315,0.0,CD8_Tcell
-253.30383746722563,189.61296885510478,0.0,CD8_Tcell
-28.580560395496637,-388.89234592759027,0.0,CD8_Tcell
-49.245830743213595,-312.7952024065728,0.0,CD8_Tcell
-116.35388987726296,-170.42698480513423,0.0,CD8_Tcell
109.59214198672412,-381.00647137502085,0.0,CD8_Tcell
148.91391049990824,-151.30527355630625,0.0,CD8_Tcell
-72.25894155496727,-221.5265332033874,0.0,CD8_Tcell
34.651696833357434,380.52653208523793,0.0,CD8_Tcell
144.33843938622985,-261.19813638175174,0.0,CD8_Tcell
-53.06317284163726,-325.0514651115216,0.0,CD8_Tcell
183.25210429922382,-312.9672405939949,0.0,CD8_Tcell
-145.14264416474649,-367.4610815728836,0.0,CD8_Tcell
216.7510493705277,20.84755328172803,0.0,CD8_Tcell
309.935070972242,30.766297303766255,0.0,CD8_Tcell
-232.00655787802637,-64.02296661275533,0.0,CD8_Tcell
30.894861344534064,-208.73989642926895,0.0,CD8_Tcell
306.9628994783694,81.46338613910991,0.0,CD8_Tcell
-380.2958686447682,-46.05956512118047,0.0,CD8_Tcell
-9.24424598868144,351.8012818743337,0.0,CD8_Tcell
-278.2775407504309,38.89095035164456,0.0,CD8_Tcell
-233.19747081596418,-259.2611812289313,0.0,CD8_Tcell
161.23656179653128,244.93597292423374,0.0,CD8_Tcell
-187.44131056019418,-246.60079583938412,0.0,CD8_Tcell
196.0026044906154,297.06349644198787,0.0,CD8_Tcell
-110.54177744184751,-204.084193989338,0.0,CD8_Tcell
-163.68291676513098,-347.5001641255329,0.0,CD8_Tcell
172.4426262595267,-118.0130185731947,0.0,CD8_Tcell
276.0210698596737,228.52952214810853,0.0,CD8_Tcell
9.047065889686703,236.47145817174268,0.0,CD8_Tcell
141.57184481316156,279.80181512378084,0.0,CD8_Tcell
-161.7139417542893,362.6680017853775,0.0,CD8_Tcell
236.58360812539578,-311.22356135124977,0.0,CD8_Tcell
253.53511131793024,84.0041803153004,0.0,CD8_Tcell
-313.26036516085975,156.58826279531897,0.0,CD8_Tcell
-250.12393081978175,-154.1413740183748,0.0,CD8_Tcell
372.79351824090895,-41.3537858773406,0.0,CD8_Tcell
-108.02422160760781,271.289608924114,0.0,CD8_Tcell
113.86138230516906,217.53045137906994,0.0,CD8_Tcell
-127.89865336924257,268.1206425845454,0.0,CD8_Tcell
103.3357731553953,276.158325388872,0.0,CD8_Tcell
251.72297354991107,-171.6250120774465,0.0,CD8_Tcell
-87.77420726270294,-274.28820689960617,0.0,CD8_Tcell
-71.15966520152466,336.7657675309267,0.0,CD8_Tcell
-175.7972053629003,-146.71209185463664,0.0,CD8_Tcell
147.18333697936345,353.3936243527414,0.0,CD8_Tcell
-54.80346269631248,346.55715532897244,0.0,CD8_Tcell
-182.87707357506034,117.98637132837723,0.0,CD8_Tcell
-214.34976581884524,-183.58160626944974,0.0,CD8_Tcell
210.65833343326918,49.05325087356647,0.0,CD8_Tcell
131.4698327544462,291.8193526395305,0.0,CD8_Tcell
272.3129655792445,-161.58231349342228,0.0,CD8_Tcell
-249.88766578147735,240.81632842023987,0.0,CD8_Tcell
223.39246047068485,-152.7481636628294,0.0,CD8_Tcell
285.42033100586633,-33.811121061543695,0.0,CD8_Tcell
29.483031745215786,-361.3433254180697,0.0,CD8_Tcell
251.13706475635732,222.13793179266625,0.0,CD8_Tcell
-305.33268092149143,-82.60001992800429,0.0,CD8_Tcell
-247.50704173017593,-128.6612898485467,0.0,CD8_Tcell
-125.55135576094398,-272.94034705950384,0.0,CD8_Tcell
373.101180001722,-2.6813848247440832,0.0,CD8_Tcell
297.4708363506771,-199.01268295511383,0.0,CD8_Tcell
174.87007026082225,-355.7185571929058,0.0,CD8_Tcell
-105.3102729207051,312.34131717232043,0.0,CD8_Tcell
67.71592452655597,-253.59401352963337,0.0,CD8_Tcell
320.3592152780485,145.8107761634451,0.0,CD8_Tcell
235.5658934246872,-51.618515477874496,0.0,CD8_Tcell
-353.6690407866415,137.5149022415774,0.0,CD8_Tcell
280.2154352347777,-102.59987398276283,0.0,CD8_Tcell
-229.07952614874935,114.80061944489304,0.0,CD8_Tcell
17.28178852070774,265.34611404634046,0.0,CD8_Tcell
284.3484735710111,-62.81694277931194,0.0,CD8_Tcell
-68.0753890517464,-198.94923982727968,0.0,CD8_Tcell
176.85156295448135,266.22321799079236,0.0,CD8_Tcell
218.69177871162816,62.90254385028815,0.0,CD8_Tcell
-191.213513526808,315.77022738154886,0.0,CD8_Tcell
-304.829222668191,-28.589629870438397,0.0,CD8_Tcell
-71.66007289190476,317.84464638818065,0.0,CD8_Tcell
-213.05790756310589,145.78159995022793,0.0,CD8_Tcell
286.48775026982145,-179.80291301972582,0.0,CD8_Tcell
-280.32599117538626,-46.26018873928909,0.0,CD8_Tcell
-354.8006790530386,-171.49928503334934,0.0,CD8_Tcell
148.39614313656415,265.8680811917477,0.0,CD8_Tcell
255.19979015488104,-195.043166415179,0.0,CD8_Tcell
-232.48984018087452,70.02036332861155,0.0,CD8_Tcell
281.2013147725905,189.51224684257932,0.0,CD8_Tcell
-326.43379421820026,-90.30700209320717,0.0,CD8_Tcell
242.16251736579966,-135.4412083448637,0.0,CD8_Tcell
-326.78029120528805,-92.52795500203828,0.0,CD8_Tcell
-150.05321518941128,138.04776449061828,0.0,CD8_Tcell
-148.89706756596664,366.27704705410406,0.0,CD8_Tcell
-89.96073326235424,-271.80852201786314,0.0,CD8_Tcell
-273.52587710665574,-37.40468222066004,0.0,CD8_Tcell
-176.05928425458032,276.9448222972881,0.0,CD8_Tcell
-188.1446372067039,-310.3926373653493,0.0,CD8_Tcell
235.95554635354603,-321.13856976445084,0.0,CD8_Tcell
225.41773193694866,231.15884395613602,0.0,CD8_Tcell
-2.8250547642023505,229.22858693779577,0.0,CD8_Tcell
146.8921200091349,232.9439772353507,0.0,CD8_Tcell
205.1263240789994,2.6689682948432685,0.0,CD8_Tcell
295.9927567951889,55.17332323267918,0.0,CD8_Tcell
113.25323899815099,347.0014814382992,0.0,CD8_Tcell
-105.47529148266749,283.39776063690084,0.0,CD8_Tcell
-365.34930600654457,-160.61112423268116,0.0,CD8_Tcell
41.45996501203554,346.3779469915873,0.0,CD8_Tcell
386.8018302740923,-12.124536875882276,0.0,CD8_Tcell
242.18576975687725,157.19841517488354,0.0,CD8_Tcell
-154.61591075237214,198.9159434511392,0.0,CD8_Tcell
264.44709904036847,-281.6531141073777,0.0,CD8_Tcell
-288.6560269784217,260.5285383515171,0.0,CD8_Tcell
-293.4514598579582,-176.29137659839213,0.0,CD8_Tcell
-235.74454711910604,-320.59504829737057,0.0,CD8_Tcell
344.34871883535897,-155.81507469076791,0.0,CD8_Tcell
295.86662833572603,-5.705169741276072,0.0,CD8_Tcell
-225.93227174718757,-92.91110765946505,0.0,CD8_Tcell
-327.12953370355996,72.91775689430133,0.0,CD8_Tcell
358.17128081680204,-11.493119349128232,0.0,CD8_Tcell
-245.0262729155419,-100.45484408537712,0.0,CD8_Tcell
195.45794436991878,317.1319263001446,0.0,CD8_Tcell
-107.13323516172863,270.7795538254336,0.0,CD8_Tcell
332.9061103711432,111.29321609575557,0.0,CD8_Tcell
17.302514786676138,242.1408549465823,0.0,CD8_Tcell
-185.9952326048061,219.43411884614906,0.0,CD8_Tcell
-204.88667990423153,152.01836958294683,0.0,CD8_Tcell
165.71145043142025,173.95990407410622,0.0,CD8_Tcell
-245.3068783053939,94.85498691829952,0.0,CD8_Tcell
-218.9061974692306,239.83640745282102,0.0,CD8_Tcell
-199.01595845052194,317.2023512410603,0.0,CD8_Tcell
-264.20786360460414,148.11400434692803,0.0,CD8_Tcell
53.89898158055617,209.82034897011258,0.0,CD8_Tcell
-119.41374649718362,204.21427739531805,0.0,CD8_Tcell
-90.78965160618831,323.0130203917462,0.0,CD8_Tcell
41.726561689780766,-382.90384778538674,0.0,CD8_Tcell
270.56259155320754,282.3604331949309,0.0,CD8_Tcell
67.21903550257205,359.1130766445078,0.0,CD8_Tcell
234.89463808742596,-45.471097135739406,0.0,CD8_Tcell
210.3555316162533,-114.76271229148284,0.0,CD8_Tcell
-66.89241391099533,268.0222779946709,0.0,CD8_Tcell
-163.2328746096847,-286.7207820928743,0.0,CD8_Tcell
-201.88080536621703,39.572487169425195,0.0,CD8_Tcell
107.79379539540653,-187.26168117226084,0.0,CD8_Tcell
229.27300998477978,-172.7253668329846,0.0,CD8_Tcell
-276.418079094081,-74.31446245101235,0.0,CD8_Tcell
-216.1096039716534,-156.88311016669425,0.0,CD8_Tcell
-333.9016022614128,-88.15122926969093,0.0,CD8_Tcell
-307.22532935794345,254.12835024664133,0.0,CD8_Tcell
260.64588158060207,52.96051293327587,0.0,CD8_Tcell
-225.63136176406687,250.4017219199238,0.0,CD8_Tcell
251.9135961120419,245.5972495563861,0.0,CD8_Tcell
-246.7322753591809,76.41576766580965,0.0,CD8_Tcell
-217.14772735914602,134.45783437194888,0.0,CD8_Tcell
-175.12357332967213,-189.03098445371813,0.0,CD8_Tcell
-256.2062762261716,258.8786285801316,0.0,CD8_Tcell
154.57160097496603,-214.42471270506343,0.0,CD8_Tcell
-283.3346708869033,-104.58375023853786,0.0,CD8_Tcell
-323.501059677152,-155.26374721222186,0.0,CD8_Tcell
161.95291554319562,147.17255444868113,0.0,CD8_Tcell
78.32370309271037,320.38429157666985,0.0,CD8_Tcell
384.31362441494946,-81.37598241555142,0.0,CD8_Tcell
-220.23685207722906,-211.85350034851146,0.0,CD8_Tcell
-18.214755920530273,233.7994108919294,0.0,CD8_Tcell
24.5298029130472,-204.8797663223941,0.0,CD8_Tcell
-320.1563615061142,-182.4335064563341,0.0,CD8_Tcell
-363.89519971442326,103.20913322822273,0.0,CD8_Tcell
-302.32342452770865,-156.05721716721894,0.0,CD8_Tcell
339.38293029459714,168.74660604300334,0.0,CD8_Tcell
-352.19359422510144,158.06590183916273,0.0,CD8_Tcell
-18.721182496826742,-247.47924903271013,0.0,CD8_Tcell
-196.5749682977258,-228.39034599140894,0.0,CD8_Tcell
179.83324945830157,-170.56102691388614,0.0,CD8_Tcell
-341.2270931955257,132.43940207158076,0.0,CD8_Tcell
302.61305001991764,175.39036561250947,0.0,CD8_Tcell
188.00832879999743,311.5992523891062,0.0,CD8_Tcell
129.9213273183538,363.71166537540864,0.0,CD8_Tcell
-279.6700662368681,-225.9841030250101,0.0,CD8_Tcell
98.40825081841015,263.0100040812069,0.0,CD8_Tcell
-161.4008776177789,352.9712838401967,0.0,CD8_Tcell
231.81865449969675,289.76452275439624,0.0,CD8_Tcell
-192.72310753440928,258.6725134815083,0.0,CD8_Tcell
278.2070670226131,-127.60732331022984,0.0,CD8_Tcell
292.9816451434247,-59.17546167549181,0.0,CD8_Tcell
-164.1286187998624,-272.2455963879458,0.0,CD8_Tcell
180.09712053574438,114.3928924160844,0.0,CD8_Tcell
-248.9092110524153,38.67181876503985,0.0,CD8_Tcell
-377.6790675774358,54.76036703615132,0.0,CD8_Tcell
-36.81856813867697,-261.2163762702626,0.0,CD8_Tcell
207.24324013842508,45.70436939653997,0.0,CD8_Tcell
352.2306248931893,-54.44539726536587,0.0,CD8_Tcell
273.96890377800867,64.22851065013299,0.0,CD8_Tcell
96.84267024455181,-265.62184033198366,0.0,CD8_Tcell
-173.80260935890146,-119.31034555309742,0.0,CD8_Tcell
102.40062509646877,-327.2952941574506,0.0,CD8_Tcell
218.3420104798409,84.40280961024703,0.0,CD8_Tcell
372.85486292888544,134.5322458807877,0.0,CD8_Tcell
-320.1326729269894,100.20603546599965,0.0,CD8_Tcell
-191.6899701286199,91.20083976204656,0.0,CD8_Tcell
275.8752294055854,-48.60013302087986,0.0,CD8_Tcell
234.04289772377075,-27.005992011117417,0.0,CD8_Tcell
-251.14062230732046,-128.30364968356994,0.0,CD8_Tcell
-151.10619533046736,361.84529046729745,0.0,CD8_Tcell
-253.99484199396088,-210.93086770148295,0.0,CD8_Tcell
-186.78200300764482,-113.83556478556247,0.0,CD8_Tcell
217.2708968209659,201.48437675169626,0.0,CD8_Tcell
-212.58079382140946,-35.17643666005201,0.0,CD8_Tcell
167.56964558583425,276.5166166747887,0.0,CD8_Tcell
-132.423283998509,205.2717627325887,0.0,CD8_Tcell
125.2974206334764,-366.26936380169286,0.0,CD8_Tcell
-177.90932822987307,176.48966837894133,0.0,CD8_Tcell
-119.16444897351126,-314.6397789636216,0.0,CD8_Tcell
-171.74453273024162,226.67554570906472,0.0,CD8_Tcell
-226.20214721530672,-57.502095736850826,0.0,CD8_Tcell
244.43573311902946,-244.71626649466955,0.0,CD8_Tcell
340.1717240628712,-29.12876373339076,0.0,CD8_Tcell
270.77677407690777,-80.70365858631828,0.0,CD8_Tcell
-131.80456766060033,377.1733211353737,0.0,CD8_Tcell
155.3196449078932,-275.1021863324242,0.0,CD8_Tcell
-2.360018086995789,393.08276596292654,0.0,CD8_Tcell
256.18229693316437,-148.48823932241643,0.0,CD8_Tcell
286.46444002167794,34.008893110141074,0.0,CD8_Tcell
79.11276605590653,-219.87326465284613,0.0,CD8_Tcell
-327.47736632174116,103.36638932631206,0.0,CD8_Tcell
-236.23281032440025,198.8961059538213,0.0,CD8_Tcell
-231.09259184635417,-48.25156887239869,0.0,CD8_Tcell
-271.4671832660675,-285.16610428637216,0.0,CD8_Tcell
-107.62646773984262,322.3082366406638,0.0,CD8_Tcell
-344.458732536415,28.327977259239084,0.0,CD8_Tcell
-214.55296585243755,259.91455387127235,0.0,CD8_Tcell
229.43064140591827,-118.50966339369631,0.0,CD8_Tcell
-203.6749324207769,52.015984577247885,0.0,CD8_Tcell
-325.408863368996,-200.62272020443964,0.0,CD8_Tcell
135.61294217428465,-333.99853918497865,0.0,CD8_Tcell
257.5439201309537,-268.6624947336215,0.0,CD8_Tcell
159.8812067679596,360.84582008804637,0.0,CD8_Tcell
186.3898766318172,304.06787855180653,0.0,CD8_Tcell
-97.8513373185104,317.3603291354182,0.0,CD8_Tcell
12.273312550912607,-246.9452186312266,0.0,CD8_Tcell
311.07028415524167,18.964851483713534,0.0,CD8_Tcell
193.93933649088416,335.58463792852285,0.0,CD8_Tcell
357.90260459024296,-71.3837854706474,0.0,CD8_Tcell
-89.3355183570403,364.2678839059389,0.0,CD8_Tcell
126.86122400423014,174.60482316187546,0.0,CD8_Tcell
-98.64186340135225,-271.6886984002801,0.0,CD8_Tcell
76.26438850320034,-290.16210668618425,0.0,CD8_Tcell
-144.42623129022604,-330.02403488490484,0.0,CD8_Tcell
-233.2095822519308,116.32582718743963,0.0,CD8_Tcell
206.55613966001906,191.58741453890065,0.0,CD8_Tcell
-164.92981228082516,-229.46823685384268,0.0,CD8_Tcell
13.57341632185391,264.94294092237396,0.0,CD8_Tcell
365.6518549930227,-90.95565021623916,0.0,CD8_Tcell
-338.69657130051866,144.60871528971433,0.0,CD8_Tcell
-196.43752206966485,118.9399998072215,0.0,CD8_Tcell
379.9859729830359,80.36267381206011,0.0,CD8_Tcell
-334.8578723622164,-103.84931254080394,0.0,CD8_Tcell
-372.5600545554318,86.3242332462256,0.0,CD8_Tcell
-311.0399642174083,123.37958130738426,0.0,CD8_Tcell
-256.56579992317467,191.29817299463005,0.0,CD8_Tcell
274.6568679025258,82.09413256600527,0.0,CD8_Tcell
144.25638864313123,-238.253302810369,0.0,CD8_Tcell
-208.932872684737,-208.8480016421162,0.0,CD8_Tcell
-279.7383645670757,18.71892949512679,0.0,CD8_Tcell
322.51427839256826,184.74790065789037,0.0,CD8_Tcell
-268.0592931137444,-261.63967749933084,0.0,CD8_Tcell
342.82167791695707,188.83555944113863,0.0,CD8_Tcell
285.2007832293582,104.55251026590628,0.0,CD8_Tcell
-143.45181585054846,182.64810889035877,0.0,CD8_Tcell
-328.90417904006404,-9.284109533547689,0.0,CD8_Tcell
274.75179775665754,148.66922665887728,0.0,CD8_Tcell
-195.2378513602957,-75.6915546904731,0.0,CD8_Tcell
177.06589887172234,-222.89175330842647,0.0,CD8_Tcell
-155.68145274178093,-313.6540109190879,0.0,CD8_Tcell
382.28150652559714,-13.921819732008647,0.0,CD8_Tcell
205.26212056791368,-149.22610124278273,0.0,CD8_Tcell
225.56091021076654,-281.37588085260916,0.0,CD8_Tcell
177.36478627878424,-117.56197158243953,0.0,CD8_Tcell
191.62407283039417,-233.6900627252672,0.0,CD8_Tcell
-119.25680579256213,234.52874690197007,0.0,CD8_Tcell
-67.8489258388424,-340.3747501138341,0.0,CD8_Tcell
-140.5514933641104,-359.8550499194031,0.0,CD8_Tcell
-186.23138677085166,141.29420143907402,0.0,CD8_Tcell
-155.93794787456886,-232.29747450830135,0.0,CD8_Tcell
-288.8551927415024,-48.11618335035665,0.0,CD8_Tcell
343.3382127651329,-79.10804541550935,0.0,CD8_Tcell
192.6299632661986,62.931963837053,0.0,CD8_Tcell
-272.8731703042353,198.88157499102434,0.0,CD8_Tcell
249.04197846683832,3.9966258911583834,0.0,CD8_Tcell
256.94485393566305,-140.32492868406896,0.0,CD8_Tcell
-236.39620476034364,-185.51025321617624,0.0,CD8_Tcell
228.03965221064408,-267.3608714510678,0.0,CD8_Tcell
-231.38230482916308,-54.22472801440242,0.0,CD8_Tcell
-389.19733291698526,26.986962905318418,0.0,CD8_Tcell
-201.15978645564752,-244.74061492518018,0.0,CD8_Tcell
-219.6041648993453,247.0119918664896,0.0,CD8_Tcell
77.47508047299435,-190.15974115846828,0.0,CD8_Tcell
-251.67966226295422,122.01417539681303,0.0,CD8_Tcell
-232.38177576816022,-131.12603035858626,0.0,CD8_Tcell
227.04265175588313,80.89957443566706,0.0,CD8_Tcell
90.03914086440643,206.98679308509531,0.0,CD8_Tcell
254.31287503178856,213.79864857440842,0.0,CD8_Tcell
-361.06626411121874,140.44109472173682,0.0,CD8_Tcell
-313.2765050352392,189.97316745677122,0.0,CD8_Tcell
156.95543272499356,360.6619868483531,0.0,CD8_Tcell
280.49085078358894,-51.205893195857776,0.0,CD8_Tcell
133.3157853624305,299.120238098423,0.0,CD8_Tcell
-159.19688609194156,-207.71560093564983,0.0,CD8_Tcell
338.8279394320086,-151.42818860090856,0.0,CD8_Tcell
103.5263542794121,-281.74957787830965,0.0,CD8_Tcell
-47.33612188303285,-213.84349283609436,0.0,CD8_Tcell
361.948521403054,31.349154825800746,0.0,CD8_Tcell
35.87787950240971,340.97755711423304,0.0,CD8_Tcell
-26.596623974506976,244.212387417329,0.0,CD8_Tcell
78.12475204778431,350.9852085896242,0.0,CD8_Tcell
-193.7589234412514,82.60991247704759,0.0,CD8_Tcell
241.1130603548052,167.03081228218085,0.0,CD8_Tcell
126.78580053617304,280.6833998493185,0.0,CD8_Tcell
214.94416931084154,248.58411885445827,0.0,CD8_Tcell
61.59688117694365,194.90661814395298,0.0,CD8_Tcell
157.71121626699164,203.11323002580863,0.0,CD8_Tcell
84.36847611465899,359.10867462365627,0.0,CD8_Tcell
-154.02023827974796,-267.7897294621375,0.0,CD8_Tcell
383.8525104981118,-35.70469724742717,0.0,CD8_Tcell
-253.36959555887228,-276.46426208631993,0.0,CD8_Tcell
253.89790257040875,80.01686256295072,0.0,CD8_Tcell
315.8279609592659,-45.609426576789005,0.0,CD8_Tcell
7.336662514084597,-358.8219882360823,0.0,CD8_Tcell
302.618009864858,-42.27916199696386,0.0,CD8_Tcell
164.2041852022097,-340.5305378193082,0.0,CD8_Tcell
-319.4063656820681,54.272408426481476,0.0,CD8_Tcell
-303.04738405717643,-114.50973263476693,0.0,CD8_Tcell
-2.006087963855085,325.4823828541011,0.0,CD8_Tcell
261.35815810826074,42.075821324749725,0.0,CD8_Tcell
-258.3585196743702,278.28040741316187,0.0,CD8_Tcell
296.1671385035058,145.4882946048613,0.0,CD8_Tcell
-197.06959870592576,-160.76085605859456,0.0,CD8_Tcell
-23.178968262984256,-354.3201444745351,0.0,CD8_Tcell
-345.84231532948354,-10.789737965816364,0.0,CD8_Tcell
53.89859591148022,-217.87453477012227,0.0,CD8_Tcell
89.05272651018828,-353.48232438007693,0.0,CD8_Tcell
197.89008417129114,265.0674869690808,0.0,CD8_Tcell
-196.1229374786887,-159.08746702973968,0.0,CD8_Tcell
-88.8603701585897,-349.8158498417847,0.0,CD8_Tcell
129.47539848112504,157.1327144756376,0.0,CD8_Tcell
74.19651617751322,-197.27509781291744,0.0,CD8_Tcell
293.31502084733137,76.68852552171899,0.0,CD8_Tcell
-239.65472491607596,295.97504604612755,0.0,CD8_Tcell
136.2087149021783,-338.13230757276546,0.0,CD8_Tcell
79.57383519737252,-363.4123143916506,0.0,CD8_Tcell
-85.1477871649221,200.91481441477563,0.0,CD8_Tcell
-369.8718043002217,-71.5507372592606,0.0,CD8_Tcell
260.04808892412353,198.8015954638324,0.0,CD8_Tcell
-2.377439685645901,336.8019344645239,0.0,CD8_Tcell
-53.95068707092301,-395.95007644965835,0.0,CD8_Tcell
-326.01300462814265,-101.32877899827093,0.0,CD8_Tcell
178.10960357335347,-193.51867903782355,0.0,CD8_Tcell
104.27986478365858,201.2643734177364,0.0,CD8_Tcell
-360.69558330327993,-16.47591434330563,0.0,CD8_Tcell
261.92648790917485,-119.29387849081989,0.0,CD8_Tcell
334.5795009726551,37.09561804446019,0.0,CD8_Tcell
369.7015130717395,37.61302588846871,0.0,CD8_Tcell
263.5527368483821,149.09329218728206,0.0,CD8_Tcell
-373.22857709185513,140.48207237308364,0.0,CD8_Tcell
-333.59774977727164,-78.94017938700074,0.0,CD8_Tcell
-27.9758699094062,225.6120341466881,0.0,CD8_Tcell
10.712078879883338,-283.1112205208592,0.0,CD8_Tcell
-29.204579168631263,-260.89109571263515,0.0,CD8_Tcell
385.3808548284431,56.124634678761716,0.0,CD8_Tcell
73.5397819935175,-392.3899524132061,0.0,CD8_Tcell
-244.43256343049356,-165.8344337846336,0.0,CD8_Tcell
1.902080553358646,-226.05636310171192,0.0,CD8_Tcell
269.88213522609817,95.98056134136361,0.0,CD8_Tcell
241.44200296991104,26.825046609126126,0.0,CD8_Tcell
-197.94893214008763,-284.0729528725272,0.0,CD8_Tcell
216.23863138373326,-196.00341938827017,0.0,CD8_Tcell
-255.75848278603647,259.4428571736771,0.0,CD8_Tcell
313.73531674768907,157.45398821736862,0.0,CD8_Tcell
222.45181042643,147.3263840077661,0.0,CD8_Tcell
228.27115880876372,81.79854678582963,0.0,CD8_Tcell
-325.0289381417494,127.36057842748177,0.0,CD8_Tcell
239.00292161776775,-169.17979970625845,0.0,CD8_Tcell
-302.3378008742827,-13.026714782383078,0.0,CD8_Tcell
-374.3731234241073,-39.280387989702824,0.0,CD8_Tcell
-237.50013719198867,125.68703959069998,0.0,CD8_Tcell
-177.99557791368233,-125.1973584131697,0.0,CD8_Tcell
-151.47956889507208,-342.4178157028424,0.0,CD8_Tcell
-45.07417037630902,-324.3736869421054,0.0,CD8_Tcell
209.17705945685324,20.22961366466076,0.0,CD8_Tcell
-299.4925653015511,-257.5999242447929,0.0,CD8_Tcell
202.02932294875913,-191.87453379540878,0.0,CD8_Tcell
328.7036335871187,-147.06509588590717,0.0,CD8_Tcell
232.77165695090216,-81.75187683723529,0.0,CD8_Tcell
-332.5101096469648,-42.97811856066915,0.0,CD8_Tcell
-395.8948555537265,-20.0821011557054,0.0,CD8_Tcell
137.51538720750955,-237.53681406253673,0.0,CD8_Tcell
254.13079270547718,-44.7806820678995,0.0,CD8_Tcell
278.92279123009456,-168.37335112204408,0.0,CD8_Tcell
22.104077821403163,-225.2532011771419,0.0,CD8_Tcell
312.5284986788233,-57.90003067380341,0.0,CD8_Tcell
-87.44940402597544,-184.04223058609017,0.0,CD8_Tcell
-231.4251577230965,305.14768250379024,0.0,CD8_Tcell
-123.65130269683888,166.16726472603497,0.0,CD8_Tcell
127.57466025857315,-338.9308757196538,0.0,CD8_Tcell
-273.57004683149347,112.09807308199677,0.0,CD8_Tcell
-325.82633447551746,-207.04231801498838,0.0,CD8_Tcell
-201.67564529175613,-195.73430547794314,0.0,CD8_Tcell
144.56590466131414,-355.58071879869465,0.0,CD8_Tcell
389.229791649463,-44.053973873558014,0.0,CD8_Tcell
-19.756178143701106,-336.36808185722714,0.0,CD8_Tcell
-234.04983914686045,-155.47393187700558,0.0,CD8_Tcell
18.23557308006878,300.14681338450316,0.0,CD8_Tcell
197.5557357437912,141.27526404939235,0.0,CD8_Tcell
-166.4646111879308,286.1145807958334,0.0,CD8_Tcell
-378.9358128364229,125.64835125294992,0.0,CD8_Tcell
190.06589884264912,251.92399069276505,0.0,CD8_Tcell
236.08087299029273,230.98269687973988,0.0,CD8_Tcell
170.6286172181868,-267.71654710990697,0.0,CD8_Tcell
288.2646558807136,223.65937789412226,0.0,CD8_Tcell
235.22163515630444,-115.65738682414369,0.0,CD8_Tcell
349.480161712741,132.57773013976853,0.0,CD8_Tcell
-391.39457949643395,15.005926355024963,0.0,CD8_Tcell
-228.74412403643856,60.94168132262213,0.0,CD8_Tcell
-272.0478801567103,-257.4148596753409,0.0,CD8_Tcell
-383.8466066091427,-77.5801221230251,0.0,CD8_Tcell
197.93633188404496,-175.75734190226612,0.0,CD8_Tcell
128.02525331338776,-232.06516458105148,0.0,CD8_Tcell
-141.10298476153363,-195.38643668779935,0.0,CD8_Tcell
377.11167889696765,-30.93433083025692,0.0,CD8_Tcell
-175.90815327991461,153.6368488838962,0.0,CD8_Tcell
42.05776021569031,-381.78325740457433,0.0,CD8_Tcell
334.646661186618,125.15564616158625,0.0,CD8_Tcell
-198.55311591304454,204.58621337937845,0.0,CD8_Tcell
-140.3332223991626,-369.3228742132685,0.0,CD8_Tcell
254.16768449299778,157.83055041685475,0.0,CD8_Tcell
89.04245839252864,-259.42931354189534,0.0,CD8_Tcell
170.02705643574467,238.67501089399676,0.0,CD8_Tcell
184.8078139337763,-238.42987015968103,0.0,CD8_Tcell
46.34138159108714,369.33504280979196,0.0,CD8_Tcell
-201.49104173709404,-4.49993451380517,0.0,CD8_Tcell
-6.891245274183241,264.57341187265547,0.0,CD8_Tcell
-152.98210333585402,244.6185572066416,0.0,CD8_Tcell
342.7134027269504,-88.15790016846186,0.0,CD8_Tcell
281.811658357714,231.39461655662797,0.0,CD8_Tcell
40.355740388450684,-391.99481584545225,0.0,CD8_Tcell
140.76213300829394,-240.88859554930627,0.0,CD8_Tcell
235.21417502648376,-315.78927458198547,0.0,CD8_Tcell
231.18790328292388,292.5168390591862,0.0,CD8_Tcell
312.31657064387497,-49.044712206966054,0.0,CD8_Tcell
123.65231052661521,-239.15567772014774,0.0,CD8_Tcell
63.80425700721364,-216.83097577706064,0.0,CD8_Tcell
-206.15312949174051,-324.54776791448853,0.0,CD8_Tcell
-281.7041554536567,211.9759628300699,0.0,CD8_Tcell
212.685253507021,240.98040921755566,0.0,CD8_Tcell
187.42633019713358,-78.88021693412568,0.0,CD8_Tcell
176.0291207401382,164.22608115911714,0.0,CD8_Tcell
-100.17961788893544,272.89712354435085,0.0,CD8_Tcell
-271.58521930873485,292.909721904039,0.0,CD8_Tcell
23.04280392600387,-240.16602854565923,0.0,CD8_Tcell
-266.49694424977906,69.9775874595436,0.0,CD8_Tcell
201.44927851621205,-267.53781992887923,0.0,CD8_Tcell
362.28505335170706,-80.17349581255094,0.0,CD8_Tcell
41.389138286094784,-348.97856055700913,0.0,CD8_Tcell
94.0749045050368,347.30862203032854,0.0,CD8_Tcell
-300.74376028965696,-25.10119197235724,0.0,CD8_Tcell
-102.52038664392313,-273.2412109814241,0.0,CD8_Tcell
-343.35183249701123,5.302901280805817,0.0,CD8_Tcell
-287.84830296393534,31.461399400381662,0.0,CD8_Tcell
-49.82762298355402,-297.863694619852,0.0,CD8_Tcell
123.9366589840357,-310.7933806978221,0.0,CD8_Tcell
173.26769544808923,339.39347297914657,0.0,CD8_Tcell
225.76575781817644,195.54166831561056,0.0,CD8_Tcell
-92.00278354654883,318.6676764008827,0.0,CD8_Tcell
338.3901400151344,54.25124207946668,0.0,CD8_Tcell
-218.66114539530366,328.322149242817,0.0,CD8_Tcell
-280.6750836167104,-69.03653205075841,0.0,CD8_Tcell
-249.69393199236893,-153.07199581760293,0.0,CD8_Tcell
-204.1913913123041,-7.040187996141674,0.0,CD8_Tcell
-157.16635702527861,262.889203386381,0.0,CD8_Tcell
55.947030238910884,377.45996051768753,0.0,CD8_Tcell
-220.41118422238293,291.78888733174585,0.0,CD8_Tcell
176.03588945589757,108.42359604211396,0.0,CD8_Tcell
197.2283492189685,321.3259486362352,0.0,CD8_Tcell
87.09228402060289,-346.048980135735,0.0,CD8_Tcell
223.04005439386157,331.71650597372735,0.0,CD8_Tcell
-224.2058260337307,-292.0783311216908,0.0,CD8_Tcell
299.1094222980273,-117.99860757527107,0.0,CD8_Tcell
167.2058788970019,-121.7836992574736,0.0,CD8_Tcell
317.3693433781469,-28.069914827541105,0.0,CD8_Tcell
309.003770403261,-131.95009175606708,0.0,CD8_Tcell
61.58532773963856,223.21085327739945,0.0,CD8_Tcell
137.27562280757775,-351.29247379001157,0.0,CD8_Tcell
-21.51934526898597,305.69545249045353,0.0,CD8_Tcell
39.409819819376665,-333.2325858308272,0.0,CD8_Tcell
343.3888447177447,-196.65029739586382,0.0,CD8_Tcell
230.18755485242193,-269.91790239685395,0.0,CD8_Tcell
113.62085172871518,-297.37291912783263,0.0,CD8_Tcell
282.1421435361311,9.583851439727239,0.0,CD8_Tcell
43.50285026881526,-301.05948047622184,0.0,CD8_Tcell
219.86328606178094,-103.06758328213455,0.0,CD8_Tcell
187.62454215136833,314.8353825140159,0.0,CD8_Tcell
-342.59347005420665,-39.32334725287546,0.0,CD8_Tcell
-223.66990038054126,-190.17161490193945,0.0,CD8_Tcell
-18.59584488936207,-273.953940047812,0.0,CD8_Tcell
347.151423885608,-26.3393982333993,0.0,CD8_Tcell
372.587224806958,-44.34984927110848,0.0,CD8_Tcell
57.89901067534213,280.7726146904667,0.0,CD8_Tcell
278.37127117566837,29.013309269279365,0.0,CD8_Tcell
142.03976131631993,-164.36603908011318,0.0,CD8_Tcell
-3.5836120553670696,286.3867629699838,0.0,CD8_Tcell
-117.16516690105188,-359.60416580631414,0.0,CD8_Tcell
186.45544013592144,274.42040231596405,0.0,CD8_Tcell
-14.389000001238335,-320.39085156711513,0.0,CD8_Tcell
-115.42510170157728,-369.2795173548386,0.0,CD8_Tcell
-118.7743761387808,-276.78382825117,0.0,CD8_Tcell
-239.54651193417524,191.50167871587257,0.0,CD8_Tcell
-6.4676910717984635,-354.8695079833753,0.0,CD8_Tcell
341.4636839193306,-17.981610063993976,0.0,CD8_Tcell
-283.904096543953,-270.82644419291563,0.0,CD8_Tcell
315.73311510025775,5.665863294927475,0.0,CD8_Tcell
41.17569025316231,234.1100400073365,0.0,CD8_Tcell
21.036647826062712,-223.40577433258682,0.0,CD8_Tcell
51.60427755364162,212.18883390001398,0.0,CD8_Tcell
-88.40251374006864,373.8025381822494,0.0,CD8_Tcell
9.109298866663808,361.29054750473017,0.0,CD8_Tcell
194.12616397170493,122.18491961949769,0.0,CD8_Tcell
-357.35791005459436,-3.3668941038676636,0.0,CD8_Tcell
-358.85299152010714,51.05364637570755,0.0,CD8_Tcell
-325.7895807495645,34.810670160829424,0.0,CD8_Tcell
283.88592137294205,-48.596685806245645,0.0,CD8_Tcell
-34.641810118940334,331.5311742142529,0.0,CD8_Tcell
184.85972432049252,206.61545106240527,0.0,CD8_Tcell
-35.34013528424647,271.2370038471528,0.0,CD8_Tcell
114.5755188871243,-364.4210057981601,0.0,CD8_Tcell
-289.5246782775933,-26.211548716941774,0.0,CD8_Tcell
187.27775759719663,-260.37868610254026,0.0,CD8_Tcell
-237.30919397189643,128.05273695482063,0.0,CD8_Tcell
135.86999103832176,203.57750496924004,0.0,CD8_Tcell
-3.127362705485212,-288.8237262726971,0.0,CD8_Tcell
-34.36946794062692,-353.25352208756277,0.0,CD8_Tcell
209.79352867633105,-101.43152467998269,0.0,CD8_Tcell
194.06892726406002,174.48985642050462,0.0,CD8_Tcell
-169.37719479263325,150.8855362307716,0.0,CD8_Tcell
166.20921229920023,-222.19303139116096,0.0,CD8_Tcell
-296.28006090861044,-8.938756653759947,0.0,CD8_Tcell
257.35495740082035,-157.78036451145954,0.0,CD8_Tcell
356.07546049021636,162.09028199970103,0.0,CD8_Tcell
-60.10488895744056,-248.9263395528114,0.0,CD8_Tcell
-254.90701028049205,-145.21299287303725,0.0,CD8_Tcell
8.565960618225775,-371.18000409322264,0.0,CD8_Tcell
48.87909281212089,-362.2529893468456,0.0,CD8_Tcell
153.58130391683235,-273.95705260285285,0.0,CD8_Tcell
-83.12381032945596,377.9476711934993,0.0,CD8_Tcell
-69.71743749758433,374.56760199818194,0.0,CD8_Tcell
-188.5667575689248,335.25633124388276,0.0,CD8_Tcell
-373.261884551898,33.36582010827179,0.0,CD8_Tcell
-198.6584242110117,319.098012078777,0.0,CD8_Tcell
240.79341741582238,204.13864698514243,0.0,CD8_Tcell
196.24212406492742,240.60037683761934,0.0,CD8_Tcell
-85.31855779629089,230.17529690070793,0.0,CD8_Tcell
163.52472763697494,-358.0744456397031,0.0,CD8_Tcell
-256.1941936864837,-18.71008303926868,0.0,CD8_Tcell
-200.6956778485836,-102.77022212439115,0.0,CD8_Tcell
331.2252695134719,155.9713508911025,0.0,CD8_Tcell
346.49544790891343,57.13804585896682,0.0,CD8_Tcell
-83.58386028977306,269.22344325932085,0.0,CD8_Tcell
-89.40877684363987,276.1410808757691,0.0,CD8_Tcell
-184.97444205424893,-312.5536076623741,0.0,CD8_Tcell
151.17945965447882,-288.6507489235813,0.0,CD8_Tcell
-85.58109858879105,250.5248303858484,0.0,CD8_Tcell
218.5821376949031,-119.48116132030974,0.0,CD8_Tcell
126.0756521228036,-179.30944822390424,0.0,CD8_Tcell
-82.8453832536613,-262.24753597205415,0.0,CD8_Tcell
-370.2441453091682,-68.4325430746741,0.0,CD8_Tcell
12.469945152985575,377.42751700639167,0.0,CD8_Tcell
-357.76289599874025,-43.88039396444914,0.0,CD8_Tcell
156.05726436638298,234.24402779589596,0.0,CD8_Tcell
-11.636016869913687,-342.9431668351089,0.0,CD8_Tcell
95.99218229450948,319.0412106162972,0.0,CD8_Tcell
-117.96608734047145,263.14963473894346,0.0,CD8_Tcell
-102.85895314270599,356.20245989648686,0.0,CD8_Tcell
-141.05804151680096,238.86902714725562,0.0,CD8_Tcell
87.09631701472364,-292.9526849830848,0.0,CD8_Tcell
14.37527322558984,269.3298495625562,0.0,CD8_Tcell
-193.2099226667392,239.74684997803573,0.0,CD8_Tcell
337.3948921909809,88.92052901127082,0.0,CD8_Tcell
-45.353331538661116,317.9731090558109,0.0,CD8_Tcell
-74.06606258991283,-196.37163377762135,0.0,CD8_Tcell
-2.797399357038449,384.8165997592867,0.0,CD8_Tcell
-321.89339282563304,60.49497678511095,0.0,CD8_Tcell
-203.26008726768393,159.54935188301732,0.0,CD8_Tcell
330.26153983816823,-41.25996886299897,0.0,CD8_Tcell
160.35357542204713,-310.2355793641267,0.0,CD8_Tcell
251.2477156575627,-242.67171110009173,0.0,CD8_Tcell
289.27882520483263,-150.17561727375568,0.0,CD8_Tcell
-201.26163416446965,93.15920796068559,0.0,CD8_Tcell
-69.51253851729594,307.2963705839128,0.0,CD8_Tcell
20.150364818232273,390.2250886487584,0.0,CD8_Tcell
-375.29469542837603,-93.0984101941601,0.0,CD8_Tcell
-228.9130959179764,76.98035359876275,0.0,CD8_Tcell
278.3622770996731,137.72557061512714,0.0,CD8_Tcell
-264.8755283253614,-161.0471565806932,0.0,CD8_Tcell
357.2490763507919,-66.51737199184193,0.0,CD8_Tcell
-322.34757613492957,-10.47990240233754,0.0,CD8_Tcell
-261.91332557784796,294.31455640327425,0.0,CD8_Tcell
122.43751170217683,-307.8546314301022,0.0,CD8_Tcell
-271.018405240513,-264.7034195258371,0.0,CD8_Tcell
195.88910677864075,-150.60207178659036,0.0,CD8_Tcell
199.64527130886984,277.96853102795836,0.0,CD8_Tcell
-57.324914469456644,-298.7016699381364,0.0,CD8_Tcell
-293.9851446186284,-260.9533113220541,0.0,CD8_Tcell
-255.90884511162045,200.11731202137395,0.0,CD8_Tcell
288.1985055197972,-221.91072692995675,0.0,CD8_Tcell
-317.516387514536,-89.44777392714154,0.0,CD8_Tcell
-362.20471303985477,-15.72609904032237,0.0,CD8_Tcell
249.97838814200324,-149.74368670734628,0.0,CD8_Tcell
228.9954479416154,124.55763523008808,0.0,CD8_Tcell
214.22230972052802,-81.28176293262419,0.0,CD8_Tcell
-319.5535716935117,236.93230694124048,0.0,CD8_Tcell
251.59341201879457,-67.04597651191993,0.0,CD8_Tcell
294.0871241043118,-14.274513253220118,0.0,CD8_Tcell
223.39409856414073,77.90128974290819,0.0,CD8_Tcell
297.30930563747864,55.669706689235035,0.0,CD8_Tcell
-287.8271964459175,-139.09693515570777,0.0,CD8_Tcell
-149.29529137867104,-155.48927305203662,0.0,CD8_Tcell
255.63429376865224,302.1551302997542,0.0,CD8_Tcell
-132.80671569087497,273.4757869509248,0.0,CD8_Tcell
193.63150604403543,296.66617809693014,0.0,CD8_Tcell
-290.7448529576942,74.66015412609035,0.0,CD8_Tcell
237.80900618082322,22.61432047985111,0.0,CD8_Tcell
-81.68673662295349,319.09516384261485,0.0,CD8_Tcell
-15.745740535305389,296.07778588489356,0.0,CD8_Tcell
-208.9015263289011,-286.36902320437315,0.0,CD8_Tcell
49.170304742654274,-343.0213483782544,0.0,CD8_Tcell
-172.81687463733496,329.4625444317196,0.0,CD8_Tcell
179.9545381854351,-321.4924337884354,0.0,CD8_Tcell
-220.79431380282412,-23.96000456853278,0.0,CD8_Tcell
-34.72479016195236,-300.09296028456566,0.0,CD8_Tcell
103.79226416854664,217.51416679474798,0.0,CD8_Tcell
258.28989793646747,11.385335813741143,0.0,CD8_Tcell
-216.6522454548169,324.61372357000255,0.0,CD8_Tcell
-236.08859486498872,43.26878706823018,0.0,CD8_Tcell
15.235267194157588,311.9538559521801,0.0,CD8_Tcell
-270.7904926501244,-243.91550808845372,0.0,CD8_Tcell
328.309349202095,-75.75329402772559,0.0,CD8_Tcell
42.51079985040662,362.5714830754498,0.0,CD8_Tcell
-356.71436107226367,156.71777891291273,0.0,CD8_Tcell
40.85958254990454,-347.54823505738557,0.0,CD8_Tcell
390.57408776560106,16.23703264456372,0.0,CD8_Tcell
296.4484858284164,182.50420824797962,0.0,CD8_Tcell
-252.87956108109145,-264.33424943479474,0.0,CD8_Tcell
-254.57350775090032,-40.35861854612122,0.0,CD8_Tcell
105.27358202950083,305.04053370933167,0.0,CD8_Tcell
-307.50360372570987,70.12912699173451,0.0,CD8_Tcell
-192.745767511669,211.96198143026587,0.0,CD8_Tcell
92.92172265094746,-337.056783612849,0.0,CD8_Tcell
-72.24381039910193,-297.9445217859464,0.0,CD8_Tcell
239.57493063086986,-107.90043841229863,0.0,CD8_Tcell
342.5343559344023,17.964309248828076,0.0,CD8_Tcell
30.4132545293807,379.88549204116083,0.0,CD8_Tcell
186.29135745872202,145.71547758811633,0.0,CD8_Tcell
-267.574181980415,-218.1137048129086,0.0,CD8_Tcell
176.81228118370592,-220.8904230338141,0.0,CD8_Tcell
145.04545727777565,-298.3144538543151,0.0,CD8_Tcell
226.23675742573363,-307.52180103902356,0.0,CD8_Tcell
-90.8438192125546,312.5962044663006,0.0,CD8_Tcell
-219.64839053212665,23.6294641081526,0.0,CD8_Tcell
241.6047253429055,224.67523361245802,0.0,CD8_Tcell
228.9563689705163,55.751353400268,0.0,CD8_Tcell
-309.4128752634004,28.779830314762084,0.0,CD8_Tcell
224.94177689158266,216.29608916187064,0.0,CD8_Tcell
240.23152894314833,1.0657859469702309,0.0,CD8_Tcell
-137.44120798408673,-277.2134148043111,0.0,CD8_Tcell
-298.5363203211554,-132.299242576871,0.0,CD8_Tcell
-283.86932896926106,-55.521355563307395,0.0,CD8_Tcell
-61.51677625136639,-228.77057404344282,0.0,CD8_Tcell
259.93834755108355,-99.19730967752835,0.0,CD8_Tcell
209.26469660180283,321.9373098661303,0.0,CD8_Tcell
-168.08880428237717,320.919434845536,0.0,CD8_Tcell
198.30320749271758,260.8920656037417,0.0,CD8_Tcell
-234.71383400188748,-171.66056961251576,0.0,CD8_Tcell
-236.61487171959897,214.12627572942665,0.0,CD8_Tcell
13.626918215453387,313.3229071265643,0.0,CD8_Tcell
-59.252729318928914,-365.5810993896041,0.0,CD8_Tcell
-143.14770925122957,236.64897517505207,0.0,CD8_Tcell
-32.06189345652607,377.48861072504104,0.0,CD8_Tcell
-335.3649511910277,122.65957010640034,0.0,CD8_Tcell
172.97084496370488,244.54034604071555,0.0,CD8_Tcell
318.92444567381693,2.5491042137828384,0.0,CD8_Tcell
-29.234284364870277,359.2721788655259,0.0,CD8_Tcell
-214.95445995565004,-109.56760137022843,0.0,CD8_Tcell
-220.6688628718384,314.674814075058,0.0,CD8_Tcell
-343.17307882129705,195.79692807230992,0.0,CD8_Tcell
73.03916145402839,-278.3878755466661,0.0,CD8_Tcell
-235.2963526005018,270.46644924395525,0.0,CD8_Tcell
-126.80119892915725,-159.6531485673996,0.0,CD8_Tcell
-344.47148757319,-13.670587003430523,0.0,CD8_Tcell
-278.62145808519244,-141.09653708644802,0.0,CD8_Tcell
-109.92784815433356,334.5156588391464,0.0,CD8_Tcell
-122.64687523877716,-284.34402470415506,0.0,CD8_Tcell
34.61152381143245,-340.5061760268238,0.0,CD8_Tcell
193.22535521986543,244.4935914794767,0.0,CD8_Tcell
-3.286652524028078,-368.3257470816389,0.0,CD8_Tcell
152.36147037518384,-257.66033622616203,0.0,CD8_Tcell
-302.59588468943156,158.95636248676342,0.0,CD8_Tcell
-91.41353464753878,187.343743440752,0.0,CD8_Tcell
-261.94301902726255,20.45934110842903,0.0,CD8_Tcell
-19.627485267733565,359.44399048541214,0.0,CD8_Tcell
227.49320790694165,-153.6951632244038,0.0,CD8_Tcell
206.36005945509913,-185.79434916211738,0.0,CD8_Tcell
-272.0391770777654,182.08495237082548,0.0,CD8_Tcell
-112.21452464298122,-320.74293870186455,0.0,CD8_Tcell
126.67237768739525,216.50818145178638,0.0,CD8_Tcell
258.4818329424506,-268.1926071631269,0.0,CD8_Tcell
222.56372492309964,-132.10810050195948,0.0,CD8_Tcell
-332.32248724579927,-52.60889940232064,0.0,CD8_Tcell
240.25045024976575,-147.5043991708895,0.0,CD8_Tcell
48.94659212906732,-339.845869137302,0.0,CD8_Tcell
-205.25112521468225,157.59118781278616,0.0,CD8_Tcell
-201.9236847800378,337.7910616366259,0.0,CD8_Tcell
-388.7307680746947,-9.60079020301975,0.0,CD8_Tcell
-150.01337246915622,-303.334603799949,0.0,CD8_Tcell
358.57169295441906,73.67387534937207,0.0,CD8_Tcell
156.97524512112568,-153.04983609053568,0.0,CD8_Tcell
320.45779890387047,12.966444454847146,0.0,CD8_Tcell
-86.3281069685271,281.2770235161364,0.0,CD8_Tcell
-186.0315331394257,169.56404582181872,0.0,CD8_Tcell
371.30433628085694,-106.17631302396353,0.0,CD8_Tcell
-49.66202004420882,-353.97904581186015,0.0,CD8_Tcell
-321.2395404010799,49.47608760051667,0.0,CD8_Tcell
352.0159859177229,152.00606415238315,0.0,CD8_Tcell
266.8716188950731,-131.85129910337994,0.0,CD8_Tcell
-55.828110979612845,-342.9468019889145,0.0,CD8_Tcell
-372.16733890127074,-111.25802927522187,0.0,CD8_Tcell
-263.7947517776565,247.94197783964907,0.0,CD8_Tcell
-359.5577423908395,118.06921081588669,0.0,CD8_Tcell
-257.6898183695403,-219.5739178869082,0.0,CD8_Tcell
302.43985734866493,-14.835984939997715,0.0,CD8_Tcell
101.9006259264998,383.991137774132,0.0,CD8_Tcell
-302.0800122641769,94.53712629544174,0.0,CD8_Tcell
-92.43820994917363,340.5496698589245,0.0,CD8_Tcell
-234.41547734541794,168.64138279467815,0.0,CD8_Tcell
121.73095459802276,302.1573165727703,0.0,CD8_Tcell
93.85521619517914,177.78628304483473,0.0,CD8_Tcell
280.9722046403881,-6.746291782795388,0.0,CD8_Tcell
-212.71347516608066,323.06317449284364,0.0,CD8_Tcell
-163.5590025746953,243.8128292268104,0.0,CD8_Tcell
-132.62797646859795,-280.24849161492085,0.0,CD8_Tcell
89.86446855865601,206.22383551077186,0.0,CD8_Tcell
228.99396713188045,278.85313423608943,0.0,CD8_Tcell
-376.00737508932,-76.45864344681675,0.0,CD8_Tcell
-262.65361606758654,-36.130504193071005,0.0,CD8_Tcell
280.3901935515092,19.904358125470065,0.0,CD8_Tcell
-289.03409371777326,-51.13110555758587,0.0,CD8_Tcell
305.77660975068756,52.37222722905421,0.0,CD8_Tcell
46.04137043474401,390.5222708444374,0.0,CD8_Tcell
183.56330260376888,-135.707084102342,0.0,CD8_Tcell
-288.3174652280841,-119.71455270091556,0.0,CD8_Tcell
-145.5542845634524,-320.6967421480141,0.0,CD8_Tcell
-257.96704827574587,-80.15525882281158,0.0,CD8_Tcell
-97.75500890613239,-293.0970013786154,0.0,CD8_Tcell
252.85801805446914,-276.8729008283564,0.0,CD8_Tcell
-62.130862438866366,-196.35035760498462,0.0,CD8_Tcell
228.80821063633223,-321.4218498849271,0.0,CD8_Tcell
-63.23468294222616,-357.1704155757374,0.0,CD8_Tcell
68.43119055772715,333.14856194806833,0.0,CD8_Tcell
-58.7819492407606,-261.2540383274606,0.0,CD8_Tcell
267.0727575056028,-220.86076753249336,0.0,CD8_Tcell
122.90335142965358,-270.8266709031269,0.0,CD8_Tcell
-100.77752474360695,262.16004335371906,0.0,CD8_Tcell
342.6996951773946,-76.42862781298872,0.0,CD8_Tcell
327.5454232657048,116.63968373377352,0.0,CD8_Tcell
-279.6614542407686,106.97968747869453,0.0,CD8_Tcell
-23.76394334272515,-211.3519228608895,0.0,CD8_Tcell
212.3800170158358,82.76730190692975,0.0,CD8_Tcell
-176.25695528528414,-332.40109618871503,0.0,CD8_Tcell
-113.22494080441841,322.65144117587795,0.0,CD8_Tcell
-164.2793193053376,-296.6059988689585,0.0,CD8_Tcell
-4.629722796020823,208.7761946984352,0.0,CD8_Tcell
188.04325848357448,-173.55437614646223,0.0,CD8_Tcell
63.99619901360577,-245.11085214111145,0.0,CD8_Tcell
33.43265767526216,256.0472579107591,0.0,CD8_Tcell
-170.93640070783408,185.6774579836756,0.0,CD8_Tcell
359.5060082291484,141.75508646565683,0.0,CD8_Tcell
231.80575581871554,131.2058578892394,0.0,CD8_Tcell
-80.22862457959741,-391.8362265322378,0.0,CD8_Tcell
-336.9904853495033,104.1246740819497,0.0,CD8_Tcell
130.3980781779086,-349.00437865457064,0.0,CD8_Tcell
-90.3007272284097,188.51597425923035,0.0,CD8_Tcell
-115.41290045285265,276.6855132438838,0.0,CD8_Tcell
-221.71866587117864,-221.6430589351923,0.0,CD8_Tcell
-247.1727392881545,-296.846481137636,0.0,CD8_Tcell
349.4212844146039,-6.4792828351073775,0.0,CD8_Tcell
252.07113414238543,280.26450798872,0.0,CD8_Tcell
-397.9190994035056,13.200755193020992,0.0,CD8_Tcell
76.64556718937395,-340.3745018405383,0.0,CD8_Tcell
-58.25013836140967,303.72694981040496,0.0,CD8_Tcell
48.774298593519156,-195.42287439111837,0.0,CD8_Tcell
-203.7706941654403,-184.21105509676116,0.0,CD8_Tcell
198.8777060666561,-275.3215073083654,0.0,CD8_Tcell
330.6316153802568,-71.69965926325682,0.0,CD8_Tcell
348.1767585607919,-116.82746569550817,0.0,CD8_Tcell
231.5905815786855,-4.974298399880389,0.0,CD8_Tcell
-126.89870084242905,-274.02887071806884,0.0,CD8_Tcell
-59.729062976301975,235.00669607963724,0.0,CD8_Tcell
-122.06853533643611,-192.49884708927036,0.0,CD8_Tcell
142.64431262059142,-328.6160514116178,0.0,CD8_Tcell
-349.25465116639396,-154.35058938811505,0.0,CD8_Tcell
187.7547541843742,-74.05984917723768,0.0,CD8_Tcell
-138.84745138804323,-173.80456746304588,0.0,CD8_Tcell
48.53718238533564,-392.39540398673245,0.0,CD8_Tcell
-43.22020046449123,-256.28260741463987,0.0,CD8_Tcell
138.38990642054966,262.0233810986699,0.0,CD8_Tcell
104.79770954683994,-345.5528321178514,0.0,CD8_Tcell
-92.14666740804891,389.1254164535938,0.0,CD8_Tcell
352.5349079457489,134.22560304245889,0.0,CD8_Tcell
308.49217801436794,253.70386396074198,0.0,CD8_Tcell
29.20113420239339,-209.85016981703347,0.0,CD8_Tcell
45.12484568617087,321.45260675824596,0.0,CD8_Tcell
-234.55532092538445,126.11856630335788,0.0,CD8_Tcell
-227.2616745895258,283.9682680079416,0.0,CD8_Tcell
199.50457686161445,-174.7349989053606,0.0,CD8_Tcell
-206.31982693765818,-79.53917384656636,0.0,CD8_Tcell
-70.6973382984686,191.83609090594229,0.0,CD8_Tcell
99.69383628347074,377.4923665845664,0.0,CD8_Tcell
221.39625291738759,301.79848928720725,0.0,CD8_Tcell
-389.6239287165325,-16.20250656513984,0.0,CD8_Tcell
-238.7047182595461,293.63957042882436,0.0,CD8_Tcell
245.13413411786107,-273.57323590858465,0.0,CD8_Tcell
-172.0895219414179,246.0638485399369,0.0,CD8_Tcell
297.2208357629138,-69.40985119140626,0.0,CD8_Tcell
-108.69580155692066,172.23515909295054,0.0,CD8_Tcell
226.90937965970488,185.4580895580694,0.0,CD8_Tcell
292.73558215263796,-221.34192672442362,0.0,CD8_Tcell
240.97968389035842,-27.980709824328297,0.0,CD8_Tcell
200.4978233838487,129.00675005980045,0.0,CD8_Tcell
-256.14497622442576,142.3785758650099,0.0,CD8_Tcell
-227.93654953371512,209.23753457229304,0.0,CD8_Tcell
286.7794797113715,123.48791110542255,0.0,CD8_Tcell
199.50049234970598,125.51744143781391,0.0,CD8_Tcell
-213.5108316134441,42.36571337017256,0.0,CD8_Tcell
-81.23847225387327,-186.07228215026834,0.0,CD8_Tcell
-246.21594386787953,-98.94006138567492,0.0,CD8_Tcell
-324.8545841542552,81.14256944283247,0.0,CD8_Tcell
-79.04552017281678,284.0105367739998,0.0,CD8_Tcell
-173.57868252201743,225.75401474600625,0.0,CD8_Tcell
189.60526200934808,261.47326689960573,0.0,CD8_Tcell
-248.63197844890777,-156.4654100309845,0.0,CD8_Tcell
-332.89993121331554,162.87485430717214,0.0,CD8_Tcell
218.03945496644752,48.80009343387068,0.0,CD8_Tcell
-88.65653268817276,-389.74948606572696,0.0,CD8_Tcell
337.21526138424645,-117.1903757945425,0.0,CD8_Tcell
148.58200430090972,354.0664927554147,0.0,CD8_Tcell
178.55875788048903,320.2318233714909,0.0,CD8_Tcell
52.597111991481675,240.92255332876746,0.0,CD8_Tcell
268.6525482847119,-35.134497656942145,0.0,CD8_Tcell
29.399808452708267,-342.2492896813223,0.0,CD8_Tcell
321.0730181879864,-23.905638460690614,0.0,CD8_Tcell
-117.95785800967057,-329.8345574427671,0.0,CD8_Tcell
212.23223694464053,193.29759489189507,0.0,CD8_Tcell
-147.23017276511263,265.75854432565404,0.0,CD8_Tcell
279.351958665778,251.3457767089672,0.0,CD8_Tcell
-189.22616316809473,-289.86012286402394,0.0,CD8_Tcell
228.22556454345565,129.9734512662902,0.0,CD8_Tcell
248.02856288358393,-83.81300672359062,0.0,CD8_Tcell
-322.37259390359037,-102.15950877928583,0.0,CD8_Tcell
285.21729596861286,208.91611782095833,0.0,CD8_Tcell
362.4752569493838,-94.22199499976743,0.0,CD8_Tcell
-272.20396749667225,136.6019688214752,0.0,CD8_Tcell
194.44454441367537,84.22048824112618,0.0,CD8_Tcell
223.60389748836232,-308.7082938267604,0.0,CD8_Tcell
-325.28497674378985,206.09109591753852,0.0,CD8_Tcell
-275.84666230573214,250.3073185832347,0.0,CD8_Tcell
293.68464497000497,201.09126374475838,0.0,CD8_Tcell
-22.157319775166158,-373.1605984041166,0.0,CD8_Tcell
-69.09116220953389,-319.3143209080259,0.0,CD8_Tcell
-267.64827103543274,7.7517214830125685,0.0,CD8_Tcell
246.14208182306115,120.87602367243858,0.0,CD8_Tcell
84.27146860836736,-331.3745554388943,0.0,CD8_Tcell
368.9242450845501,-141.39641757513337,0.0,CD8_Tcell
99.95693249001309,339.87286511212136,0.0,CD8_Tcell
-196.88290056252302,340.88329300563066,0.0,CD8_Tcell
6.618937545138084,-219.6449378918017,0.0,CD8_Tcell
-89.07429267956293,-260.70861618138304,0.0,CD8_Tcell
239.5617568265421,-225.0677391619903,0.0,CD8_Tcell
18.047812471075968,347.5300335394466,0.0,CD8_Tcell
-99.95471095943152,324.5983044680165,0.0,CD8_Tcell
191.6162733437733,257.9764963007807,0.0,CD8_Tcell
-325.54292690751794,-9.278130607558088,0.0,CD8_Tcell
-102.08750601886966,-262.87547575719344,0.0,CD8_Tcell
-96.5296730301588,-197.6150565376976,0.0,CD8_Tcell
151.923693461905,-237.66332534257873,0.0,CD8_Tcell
39.37134885608306,320.1226704433587,0.0,CD8_Tcell
-309.8420966082261,247.18677600881043,0.0,CD8_Tcell
-370.3889208943977,66.5382887468329,0.0,CD8_Tcell
-239.47171312536565,-313.67745166230486,0.0,CD8_Tcell
-269.52889325624454,-197.07785103243103,0.0,CD8_Tcell
-352.35448118355185,4.937671228707545,0.0,CD8_Tcell
-15.577361330209637,260.16615960534847,0.0,CD8_Tcell
147.8435783139216,200.60683521274126,0.0,CD8_Tcell
130.1930171308591,-256.2291432712853,0.0,CD8_Tcell
-238.63217968352774,73.39543666747056,0.0,CD8_Tcell
305.4387184928167,-136.87935861431725,0.0,CD8_Tcell
266.0013619225658,-138.18187057945593,0.0,CD8_Tcell
47.54428728680224,-317.1186088872982,0.0,CD8_Tcell
231.64462430687396,306.8200384707562,0.0,CD8_Tcell
237.0364249837979,-320.9747033042943,0.0,CD8_Tcell
-182.35055946944524,277.7526722238585,0.0,CD8_Tcell
44.59398920859165,-320.3465207565457,0.0,CD8_Tcell
-306.57384654875864,-174.68258760192325,0.0,CD8_Tcell
-367.0148676059303,110.56612508614896,0.0,CD8_Tcell
308.93221596455817,-71.21867002659671,0.0,CD8_Tcell
-367.0333034634004,23.936735666059196,0.0,CD8_Tcell
-280.61803786521335,-182.1443220402867,0.0,CD8_Tcell
-329.51978818160876,37.61930110557446,0.0,CD8_Tcell
257.75382777566284,34.38184626103894,0.0,CD8_Tcell
42.423308216013815,359.3315758291767,0.0,CD8_Tcell
-242.25506808329303,68.08649894836469,0.0,CD8_Tcell
-23.77602317385148,206.81799172243913,0.0,CD8_Tcell
-216.19451821452407,81.35332417348224,0.0,CD8_Tcell
161.08021806874262,221.20878958868596,0.0,CD8_Tcell
-134.7004801435277,255.67334524313182,0.0,CD8_Tcell
-311.0523676693941,107.79486201707061,0.0,CD8_Tcell
21.304667617430496,373.7488258608914,0.0,CD8_Tcell
-263.23924502470237,150.80573797792044,0.0,CD8_Tcell
351.83295985212584,-118.12789053699878,0.0,CD8_Tcell
-186.4730535480463,158.9455933479859,0.0,CD8_Tcell
81.57554296114377,200.55219444106356,0.0,CD8_Tcell
57.91227773028025,-251.77433622447873,0.0,CD8_Tcell
246.72913522322926,-285.64484092818356,0.0,CD8_Tcell
-18.766202035195974,324.18811886659637,0.0,CD8_Tcell
239.8108004447144,225.67017024575864,0.0,CD8_Tcell
163.28413283330136,-311.82102209495554,0.0,CD8_Tcell
-122.44381845315915,261.71243450366364,0.0,CD8_Tcell
209.7841556697154,-60.14359136347681,0.0,CD8_Tcell
-142.61237140125866,-152.79305359232555,0.0,CD8_Tcell
-13.063203426067096,224.8225279126288,0.0,CD8_Tcell
18.623422339957113,209.86350556120178,0.0,CD8_Tcell
381.7928448684504,83.7136702257269,0.0,CD8_Tcell
274.4201363534733,-39.29795052903212,0.0,CD8_Tcell
173.54832546378498,166.69651229297776,0.0,CD8_Tcell
138.8424499697778,-208.30922209519505,0.0,CD8_Tcell
-269.8341844919943,88.14328445296907,0.0,CD8_Tcell
278.3337430631876,-176.1015813909272,0.0,CD8_Tcell
122.30565108924036,197.17350799082143,0.0,CD8_Tcell
-282.08727730379854,91.37925434484914,0.0,CD8_Tcell
-126.8475197457568,263.1897940254087,0.0,CD8_Tcell
-201.72279770407889,339.02223290568685,0.0,CD8_Tcell
229.825987047105,226.80156613652784,0.0,CD8_Tcell
-261.3142486054921,223.15062934022015,0.0,CD8_Tcell
198.62812895168088,54.66856581255161,0.0,CD8_Tcell
-276.6097274910437,-211.33147873291736,0.0,CD8_Tcell
-330.6703011379309,100.39576239022213,0.0,CD8_Tcell
-280.7152004968892,-156.23526526163934,0.0,CD8_Tcell
-149.7058927814144,-309.41182873995166,0.0,CD8_Tcell
359.9059696293843,92.56763815563833,0.0,CD8_Tcell
-79.99935409111733,224.65300896867112,0.0,CD8_Tcell
-153.48903774543848,-244.17188456287693,0.0,CD8_Tcell
289.8461844886173,-4.754656195964365,0.0,CD8_Tcell
62.64548352039167,-290.334893720772,0.0,CD8_Tcell
-112.56562924696662,-353.09941955052864,0.0,CD8_Tcell
-367.45858965471785,122.25069508220741,0.0,CD8_Tcell
-206.11689030919453,-259.9715860753144,0.0,CD8_Tcell
118.72979587303861,-318.07345027265757,0.0,CD8_Tcell
310.9553333117992,128.44460777560138,0.0,CD8_Tcell
-288.71717607627295,-202.8263686415919,0.0,CD8_Tcell
352.72130834500564,59.86219383657095,0.0,CD8_Tcell
218.65462481819472,-274.7127096439761,0.0,CD8_Tcell
-315.47005469498566,90.9937424448721,0.0,CD8_Tcell
213.59824733997604,36.16022726798915,0.0,CD8_Tcell
207.58138809864013,-221.75909368439955,0.0,CD8_Tcell
-283.61367556653096,-281.01766738123433,0.0,CD8_Tcell
114.6314127532103,-296.24391029270953,0.0,CD8_Tcell
220.47874257450047,99.92257712416547,0.0,CD8_Tcell
153.06768736264047,286.94202807877815,0.0,CD8_Tcell
288.895558002843,51.77596921637945,0.0,CD8_Tcell
-132.34294874600843,264.5882864136845,0.0,CD8_Tcell
-299.3185216962198,131.89171002314927,0.0,CD8_Tcell
128.57810451373695,-216.66957033139167,0.0,CD8_Tcell
-30.641311668067654,-206.38666771158566,0.0,CD8_Tcell
217.63586800224707,200.82031140451062,0.0,CD8_Tcell
278.57857550586516,-131.9039508440573,0.0,CD8_Tcell
310.1499798110404,-153.3424311431309,0.0,CD8_Tcell
334.80233524175503,23.66219973943084,0.0,CD8_Tcell
163.51612386468537,190.80802726318583,0.0,CD8_Tcell
4.376675963016145,-201.12809456041418,0.0,CD8_Tcell
223.18305451912727,-322.78655491562,0.0,CD8_Tcell
-28.955598737644035,255.54904467760832,0.0,CD8_Tcell
-314.57081767559623,70.5061415113526,0.0,CD8_Tcell
-246.6229443554813,-42.09729588562699,0.0,CD8_Tcell
-204.0158751528599,-68.87242946528198,0.0,CD8_Tcell
222.3850005855439,-102.38006214632195,0.0,CD8_Tcell
289.52091052132334,187.22642120170775,0.0,CD8_Tcell
132.79290638643454,-182.12959933069055,0.0,CD8_Tcell
-281.606027602964,145.40957793518777,0.0,CD8_Tcell
-242.5718082703249,15.099937159780607,0.0,CD8_Tcell
320.63824391637036,-169.01818781757953,0.0,CD8_Tcell
-323.0879722988998,67.73171256520325,0.0,CD8_Tcell
-88.66551766735822,341.13251295443047,0.0,CD8_Tcell
-272.71861831862475,-252.87837780837296,0.0,CD8_Tcell
-202.13651448824137,-216.3593544892638,0.0,CD8_Tcell
-88.67268239919241,349.5892142829186,0.0,CD8_Tcell
199.0056065696387,-146.12995989237191,0.0,CD8_Tcell
317.5416881456418,167.73029594636515,0.0,CD8_Tcell
-160.42003959580316,259.12319246231675,0.0,CD8_Tcell
263.5461950778484,101.34978312656426,0.0,CD8_Tcell
-66.45237788526343,286.91182270950145,0.0,CD8_Tcell
-257.81559203976633,-258.19243338107816,0.0,CD8_Tcell
-251.70369901305637,-133.13329939722252,0.0,CD8_Tcell
16.034639627353002,321.7594744038925,0.0,CD8_Tcell
388.50587766731763,73.48576058785267,0.0,CD8_Tcell
-164.32875853642997,204.1979378348394,0.0,CD8_Tcell
-312.5733567543694,73.74007065783044,0.0,CD8_Tcell
329.0612178256406,111.75643596413515,0.0,CD8_Tcell
348.4594496170033,1.9972011498159026,0.0,CD8_Tcell
378.1201193815175,7.793472245927819,0.0,CD8_Tcell
-225.0771995659635,-121.91349912083142,0.0,CD8_Tcell
62.0880884332879,-339.72827066388254,0.0,CD8_Tcell
236.92717124098553,-79.25696225472682,0.0,CD8_Tcell
-302.6926533688791,-132.37289647263123,0.0,CD8_Tcell
-227.6296053011193,-270.8842467851344,0.0,CD8_Tcell
361.27978159829405,-24.431200924309238,0.0,CD8_Tcell
282.6011483801646,-230.106528829533,0.0,CD8_Tcell
84.18738875164367,-283.18250830800866,0.0,CD8_Tcell
-117.58932665848259,379.39100582229963,0.0,CD8_Tcell
77.9564095830695,-222.22147438729075,0.0,CD8_Tcell
76.66840704697161,211.85014716762657,0.0,CD8_Tcell
9.53106983644859,-314.78217216297355,0.0,CD8_Tcell
-132.58903860953498,-287.94756937031786,0.0,CD8_Tcell
-364.08935242123783,-11.63319176626563,0.0,CD8_Tcell
-229.88406414056197,-71.75559506754024,0.0,CD8_Tcell
-367.055781739259,57.659294613154906,0.0,CD8_Tcell
-144.83016978083583,151.7375810925829,0.0,CD8_Tcell
-161.6248429736476,264.9260323695848,0.0,CD8_Tcell
-32.1458634348319,-212.62565885401776,0.0,CD8_Tcell
-148.77809758856569,187.53559469926208,0.0,CD8_Tcell
-302.62374836682744,-46.653654913523205,0.0,CD8_Tcell
132.52939651083997,308.791295670906,0.0,CD8_Tcell
-194.92448270234397,112.11656861343812,0.0,CD8_Tcell
-67.2142425429151,298.65448565491323,0.0,CD8_Tcell
-346.09315346586135,-0.05899448583553902,0.0,CD8_Tcell
350.63171748282844,11.8613834877096,0.0,CD8_Tcell
-306.067295243816,-170.77812824225202,0.0,CD8_Tcell
-150.79232522098195,-197.46331553598316,0.0,CD8_Tcell
-375.1285313739288,-17.596149494881605,0.0,CD8_Tcell
63.97599473381414,-255.73410056920358,0.0,CD8_Tcell
226.69549145341156,-53.002303365321936,0.0,CD8_Tcell
-347.314231306973,-135.34148064266887,0.0,CD8_Tcell
-194.03149866253904,-232.83881822309368,0.0,CD8_Tcell
-242.14145481661018,-121.24316811577062,0.0,CD8_Tcell
64.45354515598538,-246.95513781821904,0.0,CD8_Tcell
251.5127041226795,222.46602280469872,0.0,CD8_Tcell
-113.07347738225256,259.63450519861897,0.0,CD8_Tcell
-318.58768592006373,-171.93541469985902,0.0,CD8_Tcell
-364.8496164717211,35.903199915274335,0.0,CD8_Tcell
-183.81408401401177,-107.27266581592382,0.0,CD8_Tcell
324.24850570278187,111.32138153476879,0.0,CD8_Tcell
-223.9426468048163,74.7105527349687,0.0,CD8_Tcell
-145.4288318402208,284.2937829672168,0.0,CD8_Tcell
-79.87842823723157,-270.7137239259779,0.0,CD8_Tcell
41.42491706748043,335.5057502926398,0.0,CD8_Tcell
-213.17910917186614,222.30450960204533,0.0,CD8_Tcell
-91.0533612919944,-226.10022703656713,0.0,CD8_Tcell
320.2607512484122,-22.65722337990195,0.0,CD8_Tcell
-343.7729648681706,6.744723494555623,0.0,CD8_Tcell
-320.8455710920914,47.305097086374204,0.0,CD8_Tcell
203.40488655400483,-122.15057595862145,0.0,CD8_Tcell
126.36391005655075,215.13593429768497,0.0,CD8_Tcell
63.407946308735085,265.324694440987,0.0,CD8_Tcell
-73.85834377660663,-214.97257048491835,0.0,CD8_Tcell
-230.4239652789907,304.0605768872913,0.0,CD8_Tcell
-155.9027769711847,-128.19449067735732,0.0,CD8_Tcell
126.66634978173954,-158.19884005639065,0.0,CD8_Tcell
80.42465737033737,-262.22357488024215,0.0,CD8_Tcell
315.9973674176536,-13.080277198203062,0.0,CD8_Tcell
176.7958362737245,-305.0314907386578,0.0,CD8_Tcell
-359.7719306286589,145.04757804572571,0.0,CD8_Tcell
-110.94612446136482,-381.3145685665897,0.0,CD8_Tcell
-141.20387295868548,-277.45235861571683,0.0,CD8_Tcell
345.5589889972481,16.50859640001336,0.0,CD8_Tcell
-336.3689934070342,55.471413239206385,0.0,CD8_Tcell
-252.0370470960668,14.768989478701778,0.0,CD8_Tcell
-169.8536119591065,149.11377692924225,0.0,CD8_Tcell
-161.64557058392796,199.297032444546,0.0,CD8_Tcell
-121.66282894579793,329.51004279733695,0.0,CD8_Tcell
361.3119377183309,-140.88655053729934,0.0,CD8_Tcell
-131.4283474984068,-188.22879720916507,0.0,CD8_Tcell
137.84076533770002,-250.3595177269804,0.0,CD8_Tcell
-161.89599884461904,-291.41616355620926,0.0,CD8_Tcell
-234.36217710794855,-199.8398078860657,0.0,CD8_Tcell
-195.578856195718,-269.0175612584423,0.0,CD8_Tcell
-131.12598923407302,283.4465020768502,0.0,CD8_Tcell
284.8115614578932,-159.72682248113622,0.0,CD8_Tcell
210.2469188457014,-70.59696771235836,0.0,CD8_Tcell
-45.01999611741502,-271.32919821550877,0.0,CD8_Tcell
-160.3991702147201,-342.82233086278376,0.0,CD8_Tcell
-56.76968712699368,-372.4009703789024,0.0,CD8_Tcell
-256.4357483737961,-270.32052693416614,0.0,CD8_Tcell
374.00664566229324,-4.172332019178312,0.0,CD8_Tcell
29.453143842323783,293.6880549918558,0.0,CD8_Tcell
-9.274110880747289,384.5311583143063,0.0,CD8_Tcell
263.5855185079506,240.78407670310318,0.0,CD8_Tcell
-314.3702588799342,204.85239084273195,0.0,CD8_Tcell
208.79563972771882,40.000936231495565,0.0,CD8_Tcell
246.2534876257896,-73.8582288335843,0.0,CD8_Tcell
-209.33554227976873,125.89302421317724,0.0,CD8_Tcell
45.98289476114637,-204.05241486167316,0.0,CD8_Tcell
-39.72069605904971,-313.6848041450274,0.0,CD8_Tcell
-217.0109244573008,262.5347432278906,0.0,CD8_Tcell
-240.23506224833963,130.07577954464386,0.0,CD8_Tcell
-123.00358509831314,-283.6872941252494,0.0,CD8_Tcell
-154.48087477624819,-180.72902852142516,0.0,CD8_Tcell
20.910270204770672,306.50362570006376,0.0,CD8_Tcell
127.53415785110879,273.7008153103298,0.0,CD8_Tcell
43.138537786459274,284.90684707613997,0.0,CD8_Tcell
150.41437783716046,-154.70294953038922,0.0,CD8_Tcell
295.86940596424233,158.1905859491472,0.0,CD8_Tcell
115.65358154953518,-338.40665015999815,0.0,CD8_Tcell
-256.72192176863234,-238.02515264749738,0.0,CD8_Tcell
84.98866990390638,-218.31122915513617,0.0,CD8_Tcell
-320.90280660136676,-85.28289294025055,0.0,CD8_Tcell
-269.07857627513437,-128.23634182764894,0.0,CD8_Tcell
266.8894183387412,118.68305483299285,0.0,CD8_Tcell
-8.593660099589089,204.12692479441037,0.0,CD8_Tcell
181.3428794451338,323.8316132951662,0.0,CD8_Tcell
-355.50219188877554,81.62566909323357,0.0,CD8_Tcell
79.25081387259938,-327.40841810983625,0.0,CD8_Tcell
379.51884963180856,-4.201953986975994,0.0,CD8_Tcell
293.23583538769554,-112.99250194907069,0.0,CD8_Tcell
4.034791276893244,-213.57080711372325,0.0,CD8_Tcell
-105.0878678460321,342.9287436860474,0.0,CD8_Tcell
301.0504845482039,204.88706274008214,0.0,CD8_Tcell
-217.64686571510913,-72.68508185949287,0.0,CD8_Tcell
349.3980179502472,-25.35062932859962,0.0,CD8_Tcell
61.97840988292102,-270.8025571619561,0.0,CD8_Tcell
-342.27859820758516,178.22526564820717,0.0,CD8_Tcell
-88.88574379249737,-339.4068374988748,0.0,CD8_Tcell
-148.08638059953,283.59833944165587,0.0,CD8_Tcell
-244.47049686038608,-215.97065727847132,0.0,CD8_Tcell
-201.63615490627765,-313.5616827331629,0.0,CD8_Tcell
317.8188975045768,-78.53004089676915,0.0,CD8_Tcell
114.67146070361073,229.64311098013786,0.0,CD8_Tcell
293.9383336882387,6.742002455768024,0.0,CD8_Tcell
-152.75893380736457,-288.1590637354038,0.0,CD8_Tcell
-245.11299053848091,146.28700751756656,0.0,CD8_Tcell
84.85884918650387,294.095896853474,0.0,CD8_Tcell
-13.041175814669828,229.78431679972442,0.0,CD8_Tcell
-285.45941300480024,271.77437215304053,0.0,CD8_Tcell
317.56937675676045,47.20646549154572,0.0,CD8_Tcell
-148.83252315944378,-331.71498483205323,0.0,CD8_Tcell
42.52395740038611,253.54625209514995,0.0,CD8_Tcell
204.51870235159384,297.5531268039681,0.0,CD8_Tcell
326.3937131167877,-162.17489838647595,0.0,CD8_Tcell
63.74605111414392,201.67058193534328,0.0,CD8_Tcell
220.86643592862842,-77.41719328973554,0.0,CD8_Tcell
-30.77562966566948,272.9221961578891,0.0,CD8_Tcell
185.62310165897676,344.45046788033176,0.0,CD8_Tcell
-258.7976432532559,16.857188227118947,0.0,CD8_Tcell
188.42480033033692,-276.2897217220583,0.0,CD8_Tcell
272.05411874627606,161.29710432527,0.0,CD8_Tcell
289.53459252024265,269.56997405503546,0.0,CD8_Tcell
-313.0272608630669,115.41641224970175,0.0,CD8_Tcell
318.3325419425106,-75.08388526559179,0.0,CD8_Tcell
323.5108214996488,-156.80664901710995,0.0,CD8_Tcell
-246.0106606530237,224.9488741312572,0.0,CD8_Tcell
-267.9612636664253,-199.7499592901774,0.0,CD8_Tcell
-341.0464234224846,-105.46734408429522,0.0,CD8_Tcell
313.8695639729346,166.22196736259664,0.0,CD8_Tcell
-282.8058475246466,-255.44804082993107,0.0,CD8_Tcell
-337.6618028791612,-184.29414021231187,0.0,CD8_Tcell
76.25516454608118,255.85954476724325,0.0,CD8_Tcell
-217.44700506733935,-121.73218225278691,0.0,CD8_Tcell
-196.8829191650634,185.76742273265933,0.0,CD8_Tcell
-243.59946354761664,-198.7425299126709,0.0,CD8_Tcell
-49.566829719177555,385.0231767600432,0.0,CD8_Tcell
-244.4818124176839,-55.646959927815914,0.0,CD8_Tcell
231.76401471552109,134.5199897968418,0.0,CD8_Tcell
239.21994877003732,165.05050377648948,0.0,CD8_Tcell
167.2531896482586,231.05808995600503,0.0,CD8_Tcell
-22.514797996135204,385.35863792947487,0.0,CD8_Tcell
226.1982818166224,-43.180005214633375,0.0,CD8_Tcell
311.3105415359859,-49.0000923869878,0.0,CD8_Tcell
-317.4595847347271,-228.80013364400924,0.0,CD8_Tcell
238.78292182901916,-301.8601481438285,0.0,CD8_Tcell
309.264499612182,28.385718307968478,0.0,CD8_Tcell
-247.15485281936884,-27.29870902339758,0.0,CD8_Tcell
171.82829294033294,162.9680049521318,0.0,CD8_Tcell
-357.64448292982917,-151.19522784487083,0.0,CD8_Tcell
232.59844463058766,140.27423728573999,0.0,CD8_Tcell
129.3725579232323,-211.94329454579247,0.0,CD8_Tcell
156.73130180347533,215.6241072485284,0.0,CD8_Tcell
101.11666619083223,-198.22085463242036,0.0,CD8_Tcell
-198.28582371543655,295.20308179277754,0.0,CD8_Tcell
-267.8947192488411,-254.6466813428675,0.0,CD8_Tcell
-127.49582419387144,-171.8654448229529,0.0,CD8_Tcell
248.3579224299319,-305.08873797220264,0.0,CD8_Tcell
60.69275092504285,280.70735866028167,0.0,CD8_Tcell
-263.33714757642764,39.135819785972664,0.0,CD8_Tcell
-88.11421232523527,231.73276134981418,0.0,CD8_Tcell
224.17878358350282,317.48029802639195,0.0,CD8_Tcell
163.07724884712576,-270.42312424078284,0.0,CD8_Tcell
301.4589437005758,172.44707523950555,0.0,CD8_Tcell
-20.076684485551098,-393.3899007076625,0.0,CD8_Tcell
-146.38305154890224,165.1016968268979,0.0,CD8_Tcell
36.310855452603484,-263.24164923019543,0.0,CD8_Tcell
-336.0300629891628,-210.82572726310585,0.0,CD8_Tcell
-259.7202433101345,206.8758514020235,0.0,CD8_Tcell
-365.92719155618795,-99.6503892489341,0.0,CD8_Tcell
-148.62910628532322,266.79917331299754,0.0,CD8_Tcell
282.6715008084615,-76.13606287638002,0.0,CD8_Tcell
-187.00486362699013,-304.9456521931218,0.0,CD8_Tcell
-121.32531170479629,-258.46120052138485,0.0,CD8_Tcell
6.684996921707257,326.85415507969054,0.0,CD8_Tcell
198.86784250899282,282.49268828276576,0.0,CD8_Tcell
-102.40913880819075,381.4824091106067,0.0,CD8_Tcell
291.5241187024092,31.691924303693277,0.0,CD8_Tcell
220.29401439155737,-66.95165528226252,0.0,CD8_Tcell
-78.12763601703496,-246.97961928306097,0.0,CD8_Tcell
-236.92861852382657,27.171235180223874,0.0,CD8_Tcell
-237.60089820088018,-168.15797281646033,0.0,CD8_Tcell
-161.10270506666805,-203.34164012778635,0.0,CD8_Tcell
-230.39004324558948,175.268677910247,0.0,CD8_Tcell
-182.90799963563117,-103.49330833824331,0.0,CD8_Tcell
320.662864810533,-12.896422971580064,0.0,CD8_Tcell
116.5516493617126,-304.1133861456509,0.0,CD8_Tcell
-352.26588410685207,-136.95267476175798,0.0,CD8_Tcell
274.98734223242207,-128.72934207582983,0.0,CD8_Tcell
-339.74251454622737,173.0225692918247,0.0,CD8_Tcell
-155.88066578280367,143.76192187614657,0.0,CD8_Tcell
47.93532567485929,-260.0280570351416,0.0,CD8_Tcell
-313.822131526355,18.527276027989956,0.0,CD8_Tcell
-173.56681100460662,-143.45322151668452,0.0,CD8_Tcell
45.654769574332676,-201.06176959592364,0.0,CD8_Tcell
-226.64179987851887,184.1229373733976,0.0,CD8_Tcell
-256.90939294918434,-224.32027673057846,0.0,CD8_Tcell
28.560895423090482,-207.82560551970698,0.0,CD8_Tcell
287.59437399474064,142.95945817914966,0.0,CD8_Tcell
-200.99481064686276,139.31960696880824,0.0,CD8_Tcell
-183.53244893925427,-151.00271355881642,0.0,CD8_Tcell
-66.84674513848152,253.47687353781262,0.0,CD8_Tcell
231.76857303258532,-136.41657344932938,0.0,CD8_Tcell
262.8475186307971,-39.36292038590941,0.0,CD8_Tcell
-285.08570418274616,143.6935556881775,0.0,CD8_Tcell
30.10793606955259,217.0712728283096,0.0,CD8_Tcell
-307.10748269518257,72.84341684055003,0.0,CD8_Tcell
188.95014037197197,-135.53958457208404,0.0,CD8_Tcell
71.8215289928526,270.79344688203946,0.0,CD8_Tcell
372.92248501503207,-100.14334127269105,0.0,CD8_Tcell
165.3445256041819,-279.9554213546233,0.0,CD8_Tcell
-399.77407320228735,-9.020993676749471,0.0,CD8_Tcell
53.30179339142859,-388.4179645233304,0.0,CD8_Tcell
-256.4535441005108,258.9832991567254,0.0,CD8_Tcell
-151.35184693851124,-303.230738687946,0.0,CD8_Tcell
-263.22473259292735,-220.45019497003773,0.0,CD8_Tcell
-306.32110123836793,-192.33011744411272,0.0,CD8_Tcell
327.495878324244,15.161286887106964,0.0,CD8_Tcell
-127.49683785282268,-164.27392229858137,0.0,CD8_Tcell
-381.0090528887738,-26.736551854387585,0.0,CD8_Tcell
-295.817464171889,-241.59409447350205,0.0,CD8_Tcell
-178.96124457988907,129.70339554164062,0.0,CD8_Tcell
18.224862025796146,-336.1255085550069,0.0,CD8_Tcell
208.4397412434269,-224.25662988912487,0.0,CD8_Tcell
-351.77371107780095,-140.57378501150268,0.0,CD8_Tcell
-299.41895245388446,45.52464208655837,0.0,CD8_Tcell
221.82605745873917,-301.23595756410003,0.0,CD8_Tcell
-382.07700572443036,-37.056113554385924,0.0,CD8_Tcell
-324.7781700808831,-200.34739731429065,0.0,CD8_Tcell
-50.40279450912279,-291.3646315885574,0.0,CD8_Tcell
210.18343917448797,-319.7057284283114,0.0,CD8_Tcell
-209.75031760350905,-60.894512527427366,0.0,CD8_Tcell
119.53892991305786,-343.98093799929774,0.0,CD8_Tcell
204.8429646610191,237.1837713599804,0.0,CD8_Tcell
274.00869232706407,254.3168658819694,0.0,CD8_Tcell
111.97037410529946,352.1593899637903,0.0,CD8_Tcell
-214.20172270712197,188.66679611921228,0.0,CD8_Tcell
188.25973870934814,278.25877498418646,0.0,CD8_Tcell
352.1509145322283,106.87783885313766,0.0,CD8_Tcell
197.1454458902651,-134.42715775129463,0.0,CD8_Tcell
39.92030454689633,264.1108041662214,0.0,CD8_Tcell
77.74183588566152,-363.316897455687,0.0,CD8_Tcell
-146.86179341921977,139.9401761819583,0.0,CD8_Tcell
226.83461649443112,-31.072031989143536,0.0,CD8_Tcell
-277.1534745795934,126.46691901908952,0.0,CD8_Tcell
-178.77198547301413,244.3246174440846,0.0,CD8_Tcell
120.37419852074,161.4357939800861,0.0,CD8_Tcell
300.1903569288556,-25.805236918000656,0.0,CD8_Tcell
-227.35509141976198,168.14875771278008,0.0,CD8_Tcell
-151.21322798206378,-314.39710072150535,0.0,CD8_Tcell
-207.15744225439965,124.04704857031813,0.0,CD8_Tcell
-186.98272312993717,-292.08200111547075,0.0,CD8_Tcell
-200.334349710428,-169.29767152385585,0.0,CD8_Tcell
-222.80562476060214,-23.67120781587915,0.0,CD8_Tcell
27.69199198352782,254.92196137734211,0.0,CD8_Tcell
-15.851032136952057,-348.99448619612104,0.0,CD8_Tcell
-376.5761360365786,104.81877859015592,0.0,CD8_Tcell
310.85149857505235,18.012374989426554,0.0,CD8_Tcell
261.50169127755424,-49.196745846674624,0.0,CD8_Tcell
-277.51227089116225,41.81886911462906,0.0,CD8_Tcell
82.67676938433775,-250.08126223752342,0.0,CD8_Tcell
27.674123421409202,-299.62465973441556,0.0,CD8_Tcell
107.82656770525111,275.4301210026554,0.0,CD8_Tcell
179.7343046623219,99.13749136612024,0.0,CD8_Tcell
186.24220875601145,79.42618829598847,0.0,CD8_Tcell
-103.9639527377249,-233.70996141876756,0.0,CD8_Tcell
-122.36913700437832,-234.3187319809648,0.0,CD8_Tcell
-253.84736668280095,167.6902551833086,0.0,CD8_Tcell
-283.1246649918734,129.1804410935571,0.0,CD8_Tcell
-93.03963674099015,-343.55086493665135,0.0,CD8_Tcell
-296.2734689311563,-127.26231835518146,0.0,CD8_Tcell
307.14662196534283,-50.17606067171113,0.0,CD8_Tcell
-128.50261258569012,-374.3999509053546,0.0,CD8_Tcell
3.8798726048295427,276.24703027956247,0.0,CD8_Tcell
8.26451051179073,-214.45344233721377,0.0,CD8_Tcell
14.890344390063921,357.73349016843224,0.0,CD8_Tcell
140.93588276280116,184.8415869366227,0.0,CD8_Tcell
258.3790580789405,76.6798123452666,0.0,CD8_Tcell
30.384490039776068,-309.35276916893287,0.0,CD8_Tcell
-178.8628225936864,-351.9186515355992,0.0,CD8_Tcell
342.0527811167144,-83.34204841736126,0.0,CD8_Tcell
-24.29939392427084,279.2093434996041,0.0,CD8_Tcell
206.27978298609762,29.387640370191022,0.0,CD8_Tcell
373.26022492219727,-97.98159745049891,0.0,CD8_Tcell
-28.085975011788104,238.28729676573647,0.0,CD8_Tcell
225.4350092108575,-291.2173533499256,0.0,CD8_Tcell
-171.5663918566591,260.1138868776336,0.0,CD8_Tcell
204.91035485194746,-102.70125482341413,0.0,CD8_Tcell
-118.92236122923065,337.33698245848626,0.0,CD8_Tcell
229.5188824240099,38.139306119928555,0.0,CD8_Tcell
-305.97788401161876,-191.83262454318836,0.0,CD8_Tcell
147.67089342897756,-218.9791610996584,0.0,CD8_Tcell
-111.97513163700073,-300.3592698382225,0.0,CD8_Tcell
-229.65420806429552,-130.36686237443726,0.0,CD8_Tcell
258.2240322846413,-34.90027924566336,0.0,CD8_Tcell
-8.283566672539811,-392.36728813716013,0.0,CD8_Tcell
353.41580740303215,22.62377371758464,0.0,CD8_Tcell
190.36282215276398,192.31971057647328,0.0,CD8_Tcell
-230.52042550979095,195.0249054712468,0.0,CD8_Tcell
-68.86815842349093,249.18593117951932,0.0,CD8_Tcell
214.08251374573467,62.46276693305251,0.0,CD8_Tcell
242.0804644386033,-308.75414106792914,0.0,CD8_Tcell
146.99897817705482,-242.72325555359976,0.0,CD8_Tcell
114.32670866411796,188.145883983993,0.0,CD8_Tcell
-299.23518832447024,0.034230071677842575,0.0,CD8_Tcell
-30.23832492987166,-380.5673736277166,0.0,CD8_Tcell
-20.847129356666226,277.4740585065702,0.0,CD8_Tcell
-242.94908501654533,-274.0094091798141,0.0,CD8_Tcell
144.87804729426765,-210.04657929886804,0.0,CD8_Tcell
109.13006652271255,-247.5321936077627,0.0,CD8_Tcell
-231.6094979027306,-223.8892616966331,0.0,CD8_Tcell
24.737771190771358,302.0674263986635,0.0,CD8_Tcell
-297.3297185695177,-57.81006350003837,0.0,CD8_Tcell
48.83826065129668,327.5497550691218,0.0,CD8_Tcell
-101.74187187792451,384.63122293753594,0.0,CD8_Tcell
348.0460575671201,41.65350996556236,0.0,CD8_Tcell
337.89618418685234,118.4577766724262,0.0,CD8_Tcell
208.50688351767076,199.30076186837476,0.0,CD8_Tcell
284.74179726203687,109.75520548224357,0.0,CD8_Tcell
337.7923276321069,15.525915893412511,0.0,CD8_Tcell
382.71706357471237,-97.99749407997334,0.0,CD8_Tcell
-279.83280225848745,104.83812845666507,0.0,CD8_Tcell
-294.54266293330977,38.00300376862305,0.0,CD8_Tcell
320.29997668949426,-99.59475522600961,0.0,CD8_Tcell
291.6011348896668,-210.85586887762759,0.0,CD8_Tcell
-218.17325388432945,24.131720803122978,0.0,CD8_Tcell
-226.73659005393984,105.89405563644213,0.0,CD8_Tcell
312.39420281537866,-14.257805125338727,0.0,CD8_Tcell
-352.35531217551625,-160.50088777307545,0.0,CD8_Tcell
-94.2947061160755,228.73678960854411,0.0,CD8_Tcell
-65.53779835716468,-255.5225980471598,0.0,CD8_Tcell
-340.0210946705421,-56.910923818171625,0.0,CD8_Tcell
233.39054020784042,-271.89777770742506,0.0,CD8_Tcell
-211.3087168141036,142.81622409518232,0.0,CD8_Tcell
-309.22682279079623,-33.967313173969615,0.0,CD8_Tcell
51.65406627812506,-355.26020899508416,0.0,CD8_Tcell
-180.12431248842742,133.85572195422904,0.0,CD8_Tcell
269.82849502319215,-131.9399390422731,0.0,CD8_Tcell
279.35034763123275,-206.22405236043684,0.0,CD8_Tcell
207.76444785242828,125.95565568633826,0.0,CD8_Tcell
123.59378896639357,-369.99460306392353,0.0,CD8_Tcell
98.92048241953162,-371.0541114477995,0.0,CD8_Tcell
-86.52270471784367,227.82835777466536,0.0,CD8_Tcell
-17.764421700834284,316.7982394758611,0.0,CD8_Tcell
-250.97987859691872,302.6869110249475,0.0,CD8_Tcell
367.014551447495,-92.64122421925569,0.0,CD8_Tcell
193.56912774133878,115.73219797236877,0.0,CD8_Tcell
137.09434216309347,-296.68504661030147,0.0,CD8_Tcell
339.112711515162,93.279132288301,0.0,CD8_Tcell
-246.4592553258539,-164.76564295612508,0.0,CD8_Tcell
-256.98034329825623,-104.27010549507432,0.0,CD8_Tcell
128.95548763105367,-220.94442265819958,0.0,CD8_Tcell
-210.1909131231691,337.5605286489348,0.0,CD8_Tcell
191.86413962565717,112.84349683966249,0.0,CD8_Tcell
30.049872394909194,-269.15735610315426,0.0,CD8_Tcell
-147.17610272774795,362.5936925129155,0.0,CD8_Tcell
-193.90972390604017,-239.2278850260301,0.0,CD8_Tcell
5.8630566899677,218.54577508123901,0.0,CD8_Tcell
105.87822935138888,365.06733020841676,0.0,CD8_Tcell
131.51627958476973,287.9620928083153,0.0,CD8_Tcell
-369.81237829712614,-77.74724894859268,0.0,CD8_Tcell
-354.26393374779656,90.18069809008561,0.0,CD8_Tcell
73.94437090410561,263.05301367216754,0.0,CD8_Tcell
-47.28218907883909,321.12404059852634,0.0,CD8_Tcell
-251.66771626076087,14.747769958492041,0.0,CD8_Tcell
-307.39981530861934,-8.70958461440175,0.0,CD8_Tcell
189.23862379594658,129.80375801225617,0.0,CD8_Tcell
-271.12996036560946,-13.203168440628435,0.0,CD8_Tcell
-130.46630678825943,240.6659256982943,0.0,CD8_Tcell
365.05157810654106,-73.81680043164539,0.0,CD8_Tcell
-59.69424949601059,-272.5723953245447,0.0,CD8_Tcell
-178.83075999148514,-291.072883106419,0.0,CD8_Tcell
-246.33350540722557,126.40592454288424,0.0,CD8_Tcell
-182.25274988943502,175.2569430185061,0.0,CD8_Tcell
-245.14715837426573,272.6358677101365,0.0,CD8_Tcell
-150.16186807346347,-171.3875569197603,0.0,CD8_Tcell
-7.600280701195529,-356.47821549554084,0.0,CD8_Tcell
188.388222486324,-88.78367253531692,0.0,CD8_Tcell
-185.41322703810476,212.16954624917065,0.0,CD8_Tcell
164.52987596939232,-325.8038721859481,0.0,CD8_Tcell
-205.92362350762562,309.0412868477633,0.0,CD8_Tcell
-164.91605047266077,-199.23658644772223,0.0,CD8_Tcell
307.38383557039936,-127.0465138320988,0.0,CD8_Tcell
327.52889405338965,-117.10510571372333,0.0,CD8_Tcell
231.30950614176467,-77.59908500894662,0.0,CD8_Tcell
3.620826651460303,-255.6156768710671,0.0,CD8_Tcell
346.45083449773944,-3.8157416383912186,0.0,CD8_Tcell
-84.87173326785138,301.9051218949069,0.0,CD8_Tcell
-278.25275454116974,7.0002660084589134,0.0,CD8_Tcell
-88.23916445938087,223.01035362197112,0.0,CD8_Tcell
224.2541139430461,1.7833353279583004,0.0,CD8_Tcell
-170.8813581109684,-233.70882686611935,0.0,CD8_Tcell
-209.99297492606968,271.2192180301323,0.0,CD8_Tcell
-241.94651463267675,46.97266879140141,0.0,CD8_Tcell
-74.33401763684091,334.4421321379275,0.0,CD8_Tcell
-35.59281307056807,-345.13172897735853,0.0,CD8_Tcell
-303.340585434053,115.09977063625921,0.0,CD8_Tcell
-191.85157291054216,-168.82332254277827,0.0,CD8_Tcell
102.7124154209973,206.04071165138075,0.0,CD8_Tcell
47.22300457171377,-340.3834615063735,0.0,CD8_Tcell
-185.90111604259835,-111.66128434962307,0.0,CD8_Tcell
-126.59046852934203,323.10369060137066,0.0,CD8_Tcell
101.6483420590066,217.52914137549,0.0,CD8_Tcell
-203.26562360353492,-153.72078281237734,0.0,CD8_Tcell
-267.3667217226414,8.920359623019955,0.0,CD8_Tcell
-15.457373066473496,-274.259313357524,0.0,CD8_Tcell
25.425472780395086,362.8409774216298,0.0,CD8_Tcell
-289.71099847299905,-84.77244132637152,0.0,CD8_Tcell
199.92170757185565,183.8476415113847,0.0,CD8_Tcell
-286.242708919747,126.39997008758296,0.0,CD8_Tcell
-67.0554142519788,-301.18151941980204,0.0,CD8_Tcell
-353.5681312017826,166.90625087653004,0.0,CD8_Tcell
67.31955112874446,267.30973033662667,0.0,CD8_Tcell
162.9770374100363,-240.90175109445815,0.0,CD8_Tcell
-116.47397325212815,181.5656870872075,0.0,CD8_Tcell
220.0056888859029,-171.29005977981524,0.0,CD8_Tcell
-88.15484476201928,311.2767237796824,0.0,CD8_Tcell
-69.03779466358866,-255.4854346890207,0.0,CD8_Tcell
139.9483561997145,158.8245016390052,0.0,CD8_Tcell
-367.45975444864166,-96.29380930778913,0.0,CD8_Tcell
-250.47545062279266,-142.7187709760269,0.0,CD8_Tcell
-249.7562193214844,136.65386593225347,0.0,CD8_Tcell
-138.87752835193643,-263.6358780274095,0.0,CD8_Tcell
-178.00235177648543,260.31385676317814,0.0,CD8_Tcell
39.36664249906932,-231.730411887425,0.0,CD8_Tcell
378.74656679455876,-72.33409249166614,0.0,CD8_Tcell
341.28983866835927,77.77776895128811,0.0,CD8_Tcell
-71.64195624843329,217.38504166703964,0.0,CD8_Tcell
-6.59532314847112,-310.6340297881371,0.0,CD8_Tcell
20.405742020101037,-217.38046763357949,0.0,CD8_Tcell
-248.97999284845696,310.33945217501844,0.0,CD8_Tcell
307.0524424848112,67.38216263942657,0.0,CD8_Tcell
194.38804214565732,184.36868669611687,0.0,CD8_Tcell
-380.9743264761935,-85.15550315495561,0.0,CD8_Tcell
157.49423466433902,-355.94255753346766,0.0,CD8_Tcell
-370.62080702030283,-56.34641591726609,0.0,CD8_Tcell
-31.714312255837754,-365.7541493866692,0.0,CD8_Tcell
158.87618021720706,188.1245400067537,0.0,CD8_Tcell
198.5975547523493,-26.018055195294128,0.0,CD8_Tcell
280.73021472009026,170.43453133640597,0.0,CD8_Tcell
-153.96447195296267,-166.16810958717923,0.0,CD8_Tcell
258.1383955035893,199.10738483879967,0.0,CD8_Tcell
-147.15569174302186,-278.8934606582088,0.0,CD8_Tcell
50.64752196563643,350.46203533066176,0.0,CD8_Tcell
112.88197953202867,313.82595635278534,0.0,CD8_Tcell
366.86782146668844,-37.48752289394029,0.0,CD8_Tcell
-8.901727820132137,335.8381624575741,0.0,CD8_Tcell
-134.68704568762922,235.1415473261559,0.0,CD8_Tcell
38.0458553037394,-248.78536410986433,0.0,CD8_Tcell
195.342664481935,260.03933813344315,0.0,CD8_Tcell
70.99547943542585,-332.6642926114597,0.0,CD8_Tcell
-15.33721517222026,-282.987805158589,0.0,CD8_Tcell
6.812695956819041,-295.71768456929993,0.0,CD8_Tcell
-147.07139280725403,296.91080871321225,0.0,CD8_Tcell
-33.75244373042594,271.19204368760694,0.0,CD8_Tcell
-241.6370402905068,-66.34512079039324,0.0,CD8_Tcell
74.78466606233623,-226.224881779668,0.0,CD8_Tcell
117.14692925280669,-167.50125539512555,0.0,CD8_Tcell
324.9200359039578,194.21331755846896,0.0,CD8_Tcell
-113.35336524273848,-254.78594216590525,0.0,CD8_Tcell
-298.00275005134034,96.85834186535133,0.0,CD8_Tcell
-189.4813217875478,-315.9939785113541,0.0,CD8_Tcell
229.46677760031864,-32.66966638498202,0.0,CD8_Tcell
283.76484464005483,211.8722532440576,0.0,CD8_Tcell
-242.7482102894325,-148.6981836961299,0.0,CD8_Tcell
-273.7544519062223,-237.898115096194,0.0,CD8_Tcell
337.7837186207797,-25.770336552624098,0.0,CD8_Tcell
14.36896677892243,203.6985089796176,0.0,CD8_Tcell
-230.52590048908877,178.20953145055836,0.0,CD8_Tcell
106.60986234461056,173.6286974870581,0.0,CD8_Tcell
71.37010984374557,-347.24108775057266,0.0,CD8_Tcell
115.58910939624634,-365.3072277351626,0.0,CD8_Tcell
215.2866270597836,-2.0000236916157066,0.0,CD8_Tcell
-141.38295037251623,163.66775884654382,0.0,CD8_Tcell
20.821851447787292,356.4740809458932,0.0,CD8_Tcell
190.87137692424417,253.19615899261288,0.0,CD8_Tcell
266.3435042001939,-98.26865780382025,0.0,CD8_Tcell
-75.51825092964393,-199.55189262108615,0.0,CD8_Tcell
-65.23511985618735,210.24052348056853,0.0,CD8_Tcell
-331.0510783457317,184.12990764552174,0.0,CD8_Tcell
-159.12117006043002,-345.02532011728533,0.0,CD8_Tcell
-232.9805222300481,-263.97468940835637,0.0,CD8_Tcell
230.37568603117364,-1.2307915273426502,0.0,CD8_Tcell
161.15640941690094,264.68489460365214,0.0,CD8_Tcell
-220.0611806397305,-229.3708183721537,0.0,CD8_Tcell
158.766758331273,-310.49311668440293,0.0,CD8_Tcell
-346.8903724946793,-49.568314305593034,0.0,CD8_Tcell
-223.93368211530068,-168.63407772186733,0.0,CD8_Tcell
-264.2253763870292,-207.48776863101904,0.0,CD8_Tcell
-326.88499398587476,-224.93915719850798,0.0,CD8_Tcell
-143.57040576982118,-356.28590619963006,0.0,CD8_Tcell
395.90271878991814,-36.587302811017665,0.0,CD8_Tcell
-93.8406883133493,190.43074341046346,0.0,CD8_Tcell
194.6852042183893,109.9998414668467,0.0,CD8_Tcell
279.4839570582888,-4.873653727146776,0.0,CD8_Tcell
-72.24856021198843,-357.52867165253394,0.0,CD8_Tcell
23.413408355421957,388.2909669847198,0.0,CD8_Tcell
-40.440281597233366,197.17983830738328,0.0,CD8_Tcell
-273.5394188245565,243.0547908078708,0.0,CD8_Tcell
-380.76905702165203,-107.21207795685338,0.0,CD8_Tcell
-249.59878589453413,-109.40610745901598,0.0,CD8_Tcell
-189.29307460848668,182.42041757554733,0.0,CD8_Tcell
-68.16993223816488,-308.6282431474212,0.0,CD8_Tcell
-266.538916283303,-132.7289994084475,0.0,CD8_Tcell
115.44389903978013,269.72655297112834,0.0,CD8_Tcell
135.35781094777116,-241.6106293894114,0.0,CD8_Tcell
251.75661535885615,-71.16970425169126,0.0,CD8_Tcell
67.63598908764678,-205.79492855904374,0.0,CD8_Tcell
-120.61271643400123,349.43851436778175,0.0,CD8_Tcell
203.33669250473858,-273.8153475900897,0.0,CD8_Tcell
-207.98419834977452,-59.46652692107172,0.0,CD8_Tcell
3.720613734204302,240.83898508908487,0.0,CD8_Tcell
-138.64444894486024,157.95855487241246,0.0,CD8_Tcell
-186.45485919756345,196.69637713142527,0.0,CD8_Tcell
69.94898811844912,386.5981953659664,0.0,CD8_Tcell
-159.6972703886371,162.32216998149403,0.0,CD8_Tcell
250.34920086456196,-278.6450473487064,0.0,CD8_Tcell
296.7534692853449,-200.9370280890722,0.0,CD8_Tcell
-181.61671217628907,340.7626364311325,0.0,CD8_Tcell
46.551357689948084,-366.9106490084672,0.0,CD8_Tcell
190.84999217937715,89.64551097861437,0.0,CD8_Tcell
-367.05958258176435,-34.483229001471436,0.0,CD8_Tcell
232.82403614651548,-228.38345819755202,0.0,CD8_Tcell
371.96389203951344,-60.48725047055876,0.0,CD8_Tcell
-353.76465651500513,180.23877322495403,0.0,CD8_Tcell
40.049929775706445,-316.7251823627621,0.0,CD8_Tcell
36.080820838633535,-356.82648528674866,0.0,CD8_Tcell
-112.16430420568072,-342.23905714837457,0.0,CD8_Tcell
62.629795048458334,-270.11383113327406,0.0,CD8_Tcell
162.04521756691366,185.96850214180418,0.0,CD8_Tcell
-110.02436391348861,-349.5329323889656,0.0,CD8_Tcell
-234.97889430337756,193.65252687236716,0.0,CD8_Tcell
-260.9423365905288,217.4693014452014,0.0,CD8_Tcell
-269.58450237786263,99.33699563054604,0.0,CD8_Tcell
310.69949116708113,51.37792129099697,0.0,CD8_Tcell
369.78162741987524,-22.60990890828865,0.0,CD8_Tcell
-353.9511318217935,84.82458833923442,0.0,CD8_Tcell
-289.7449618338652,155.49927304198786,0.0,CD8_Tcell
234.7398362320928,-76.78542796293586,0.0,CD8_Tcell
306.5176364885387,210.8515884802037,0.0,CD8_Tcell
-365.1381394309351,-10.930402199025526,0.0,CD8_Tcell
116.7373830371704,-198.99220553483477,0.0,CD8_Tcell
83.1080830111774,-333.8963765454246,0.0,CD8_Tcell
-345.11989779205135,-54.10161023466874,0.0,CD8_Tcell
-248.05359928563038,63.45636204883071,0.0,CD8_Tcell
294.89521677891025,-170.92179298113604,0.0,CD8_Tcell
34.177746981011786,379.8573416307891,0.0,CD8_Tcell
-118.37175113706931,297.6875670706673,0.0,CD8_Tcell
232.4456252339693,-94.89187361180066,0.0,CD8_Tcell
-123.83474177328742,215.38384451926532,0.0,CD8_Tcell
-108.61642137479392,258.52862426941624,0.0,CD8_Tcell
-376.69209809115154,-68.99907382024156,0.0,CD8_Tcell
148.09176379585898,-150.99618674453663,0.0,CD8_Tcell
-68.52763227732572,-360.2367796065412,0.0,CD8_Tcell
-79.11272715745758,-289.892185668291,0.0,CD8_Tcell
-395.86898865975616,-12.394793733809031,0.0,CD8_Tcell
-187.69115225985118,-244.5325854941122,0.0,CD8_Tcell
-269.3396580849263,58.99196236641636,0.0,CD8_Tcell
-115.06848566969192,294.5852015463401,0.0,CD8_Tcell
-313.33957922136875,194.48132484049904,0.0,CD8_Tcell
-133.48240622735378,365.2115008007628,0.0,CD8_Tcell
244.96929996654853,-112.24868210047873,0.0,CD8_Tcell
85.9299444436567,-366.2580839558053,0.0,CD8_Tcell
20.753133808153585,-287.62812835814833,0.0,CD8_Tcell
-90.84798470137362,-195.01468329043266,0.0,CD8_Tcell
10.547806774459874,363.6616296292574,0.0,CD8_Tcell
191.2755700144197,-143.64409624077294,0.0,CD8_Tcell
251.4533922176453,11.462919310714005,0.0,CD8_Tcell
-198.39352634286075,342.0111925893711,0.0,CD8_Tcell
208.99914826937314,226.5732912703053,0.0,CD8_Tcell
-11.87954291855892,-342.7603544306393,0.0,CD8_Tcell
122.96787491479549,-267.9332223141097,0.0,CD8_Tcell
36.281532297641284,267.91070445814273,0.0,CD8_Tcell
-128.18717672953667,271.10824713654125,0.0,CD8_Tcell
-154.56375325993687,-157.11339226036088,0.0,CD8_Tcell
306.89658021526424,41.347181239775566,0.0,CD8_Tcell
-123.63057496321434,358.92745151308947,0.0,CD8_Tcell
150.15195321457892,236.50083312696708,0.0,CD8_Tcell
228.298449153834,290.70835788082576,0.0,CD8_Tcell
82.80093601499831,-284.5191941283879,0.0,CD8_Tcell
241.9889895964891,51.97795023308177,0.0,CD8_Tcell
-37.47859193750282,-322.4270734098102,0.0,CD8_Tcell
-209.72764201768726,196.27969482370668,0.0,CD8_Tcell
-364.4857689239428,107.34659821917451,0.0,CD8_Tcell
-345.08185888351164,-88.2099481580375,0.0,CD8_Tcell
-307.49209294137876,-228.29620556547795,0.0,CD8_Tcell
-59.564000674106445,332.13267622653217,0.0,CD8_Tcell
-350.74837561365297,-135.19775491827002,0.0,CD8_Tcell
256.88019247305857,126.14842458062424,0.0,CD8_Tcell
-46.46314983021617,-373.0671606570609,0.0,CD8_Tcell
21.4025913338393,-297.25275062473554,0.0,CD8_Tcell
62.68219021860519,256.18255982228766,0.0,CD8_Tcell
343.79996312132414,-164.871400780489,0.0,CD8_Tcell
224.48459472328224,-246.80396826388602,0.0,CD8_Tcell
16.210969667390895,-302.9433567619953,0.0,CD8_Tcell
80.5901235797006,200.83595485470906,0.0,CD8_Tcell
199.34496769543824,147.80991947715094,0.0,CD8_Tcell
190.2646617623726,79.68689400280597,0.0,CD8_Tcell
-383.26998253119297,105.37279693398315,0.0,CD8_Tcell
-258.6171539100825,171.63545756341657,0.0,CD8_Tcell
-9.036321320462761,202.79579075883711,0.0,CD8_Tcell
293.45845500196714,-232.52855043067763,0.0,CD8_Tcell
82.63174058197548,257.8620854347095,0.0,CD8_Tcell
-367.1803906224754,-132.39165599352856,0.0,CD8_Tcell
-162.07932567915108,-133.11386743027546,0.0,CD8_Tcell
-260.45946587323016,-66.90068987971969,0.0,CD8_Tcell
231.8927475932381,192.53214097671457,0.0,CD8_Tcell
127.06006439821378,314.3894877557201,0.0,CD8_Tcell
-260.7781553499305,-58.699418143488366,0.0,CD8_Tcell
-229.96014001530312,129.50194767913246,0.0,CD8_Tcell
58.438286266023,322.2995098647403,0.0,CD8_Tcell
127.69932067917748,246.09842862053654,0.0,CD8_Tcell
-269.49776760365404,-248.80164728475236,0.0,CD8_Tcell
-194.13175773374303,-77.90493575104811,0.0,CD8_Tcell
-175.09737326403095,-304.664981534006,0.0,CD8_Tcell
50.042153599150616,-196.16920639480355,0.0,CD8_Tcell
-267.66237717625194,34.42909049610682,0.0,CD8_Tcell
55.25317299904008,325.62832355288344,0.0,CD8_Tcell
-180.30010124306122,-89.93610283386948,0.0,CD8_Tcell
295.4233727202147,-72.46978608852362,0.0,CD8_Tcell
-62.23930548288162,351.09826291731076,0.0,CD8_Tcell
138.76545963118832,-209.24708982346831,0.0,CD8_Tcell
-87.46479286075342,184.60077473224524,0.0,CD8_Tcell
351.4240144937308,-58.42998916085459,0.0,CD8_Tcell
-83.14749939661621,321.89144539245297,0.0,CD8_Tcell
-93.6423693657227,-309.663907184077,0.0,CD8_Tcell
202.7455203452873,-271.0089688110594,0.0,CD8_Tcell
-244.14694444532844,72.32790278022242,0.0,CD8_Tcell
-211.52211583513454,53.428687556040174,0.0,CD8_Tcell
11.742389763797169,332.26525918441683,0.0,CD8_Tcell
-252.22295310904434,249.29744044977411,0.0,CD8_Tcell
247.71629303366686,71.44480312457976,0.0,CD8_Tcell
-156.42327431129902,202.20168989157733,0.0,CD8_Tcell
-191.82413830652735,-164.64929542967585,0.0,CD8_Tcell
-161.40316213127437,-151.56420666613127,0.0,CD8_Tcell
273.28371115354105,-110.98114640890165,0.0,CD8_Tcell
196.99882437260504,-93.2319658032407,0.0,CD8_Tcell
29.394559681766964,-387.1635285515936,0.0,CD8_Tcell
112.77238962993175,348.2848389571569,0.0,CD8_Tcell
-351.09434333272685,-33.47234984305205,0.0,CD8_Tcell
225.49918488748972,-0.432384317383446,0.0,CD8_Tcell
311.22245511022084,-93.65005394549082,0.0,CD8_Tcell
114.0644530763541,-321.6906773661679,0.0,CD8_Tcell
-245.85390478182111,142.04323915714235,0.0,CD8_Tcell
280.924544093799,215.7579681678028,0.0,CD8_Tcell
-189.67100916635835,-178.82187940842394,0.0,CD8_Tcell
268.3293628804403,192.25956278721043,0.0,CD8_Tcell
-301.8212422374675,-119.46755900082161,0.0,CD8_Tcell
-329.6794378897051,92.88986076471794,0.0,CD8_Tcell
186.30249082166648,-345.15961621798215,0.0,CD8_Tcell
-304.5565106093476,-115.0721399566635,0.0,CD8_Tcell
-262.97075216149324,23.366618316194927,0.0,CD8_Tcell
33.369822306676,-340.47893981633234,0.0,CD8_Tcell
-15.52833192786696,270.3240257738313,0.0,CD8_Tcell
-235.9147781491487,-227.87220827857433,0.0,CD8_Tcell
-157.0844883749382,-320.7596178454601,0.0,CD8_Tcell
-291.40163623484324,-55.483624198885124,0.0,CD8_Tcell
-236.73845148035954,49.12779345004826,0.0,CD8_Tcell
158.7230071635092,314.65523461272807,0.0,CD8_Tcell
-44.97819762642402,267.5800852073828,0.0,CD8_Tcell
-178.77359786607178,119.4254604566323,0.0,CD8_Tcell
93.25083479985771,-249.30343445805073,0.0,CD8_Tcell
155.68593589098853,322.5101370529091,0.0,CD8_Tcell
49.27586831755764,199.96873257679792,0.0,CD8_Tcell
362.7176285090752,-82.9307547773003,0.0,CD8_Tcell
68.50806719563396,365.12667950590964,0.0,CD8_Tcell
299.9744815370046,134.57400622957414,0.0,CD8_Tcell
226.98921666793632,298.76869854242756,0.0,CD8_Tcell
239.28500193917282,258.98399737902145,0.0,CD8_Tcell
-105.7722241592911,-222.99036620974186,0.0,CD8_Tcell
-99.11661684598992,264.6164418558356,0.0,CD8_Tcell
-282.60789514569353,-161.5425635546388,0.0,CD8_Tcell
-362.746952048064,-105.22982536097285,0.0,CD8_Tcell
-176.19157984921887,-358.3962361965178,0.0,CD8_Tcell
367.2600532705658,-36.62950381191328,0.0,CD8_Tcell
129.6101421166744,346.4956387346022,0.0,CD8_Tcell
183.75019540348126,-279.39779055817485,0.0,CD8_Tcell
301.7015317815264,249.681921490015,0.0,CD8_Tcell
294.7142793015735,256.1128922597188,0.0,CD8_Tcell
-374.6693194757736,50.19190099605771,0.0,CD8_Tcell
-15.30163574493287,-348.4514244910629,0.0,CD8_Tcell
203.75877991084448,-304.1398239983885,0.0,CD8_Tcell
-221.3266328248261,26.94130522440694,0.0,CD8_Tcell
-287.96625161032523,-42.903303391745396,0.0,CD8_Tcell
-320.548260505254,85.42226108141118,0.0,CD8_Tcell
-167.16883545355623,-161.90547423342994,0.0,CD8_Tcell
-130.99819467435603,231.52775045634692,0.0,CD8_Tcell
308.81299719876205,118.91363444973074,0.0,CD8_Tcell
-125.63413028131642,201.54182759028282,0.0,CD8_Tcell
-372.1054138170423,-12.332580865583266,0.0,CD8_Tcell
-293.9623754934412,-196.754334187597,0.0,CD8_Tcell
-208.60152188499725,339.92045564776055,0.0,CD8_Tcell
120.70432229284823,254.8786379919741,0.0,CD8_Tcell
220.81045406449704,23.152355934773183,0.0,CD8_Tcell
44.09660555420204,226.6778796826844,0.0,CD8_Tcell
141.6934979716797,-351.06378845643883,0.0,CD8_Tcell
-213.6728635463819,201.0013968238041,0.0,CD8_Tcell
268.92514512406893,84.54754893317437,0.0,CD8_Tcell
291.06095149966666,-247.06268813649433,0.0,CD8_Tcell
-317.3403538739551,-1.7150910860429667,0.0,CD8_Tcell
-211.4731868304974,4.715970010846823,0.0,CD8_Tcell
-72.90178891357492,292.3767163600462,0.0,CD8_Tcell
-12.435393800252319,-280.66897673204227,0.0,CD8_Tcell
314.24988486356506,-69.60004260335367,0.0,CD8_Tcell
-313.697176312273,-23.373421415485204,0.0,CD8_Tcell
-253.29910026758893,174.4480672870765,0.0,CD8_Tcell
-108.48108005090843,325.4092856116637,0.0,CD8_Tcell
22.96523588584048,264.62983518100214,0.0,CD8_Tcell
-141.14394692751245,-143.7527375804864,0.0,CD8_Tcell
56.08536443086971,-262.0966759830886,0.0,CD8_Tcell
188.6431622478457,174.1154783404932,0.0,CD8_Tcell
349.44733366019153,162.29280714034786,0.0,CD8_Tcell
274.58509879487184,148.0765953030153,0.0,CD8_Tcell
138.4708420210158,-273.270095097774,0.0,CD8_Tcell
-237.2149824066927,202.7225044019496,0.0,CD8_Tcell
160.44901018671698,-153.27643935968038,0.0,CD8_Tcell
-310.969166758606,-230.06349054173293,0.0,CD8_Tcell
231.17280913089385,-234.45677679828626,0.0,CD8_Tcell
-189.9633234029401,-258.23083396931264,0.0,CD8_Tcell
-99.40004419716095,-206.79319726882613,0.0,CD8_Tcell
317.59054754352854,-175.36631153829373,0.0,CD8_Tcell
264.88837328769046,-80.63872006666301,0.0,CD8_Tcell
-85.25244830411313,-302.75631469032254,0.0,CD8_Tcell
236.4478336798005,-15.669940305981033,0.0,CD8_Tcell
-43.57131173140231,207.13208201909012,0.0,CD8_Tcell
318.1422565894833,95.63795405662752,0.0,CD8_Tcell
262.0908704578884,-182.50958526961205,0.0,CD8_Tcell
-229.26346820718524,-183.43488036628466,0.0,CD8_Tcell
187.99866444078913,187.626786023993,0.0,CD8_Tcell
52.05807226648918,374.49573798842874,0.0,CD8_Tcell
41.11527791542197,-332.42060505431556,0.0,CD8_Tcell
342.9466199305383,-134.28405754377061,0.0,CD8_Tcell
59.51225112723118,-286.3013907104012,0.0,CD8_Tcell
-200.7478915186793,178.53885139762198,0.0,CD8_Tcell
-171.84122372553168,152.44905040455194,0.0,CD8_Tcell
-15.600844380918701,-324.7513578771483,0.0,CD8_Tcell
331.38706161990325,-68.50707828611958,0.0,CD8_Tcell
-86.94432345256179,-329.3487860047448,0.0,CD8_Tcell
122.96943926394447,-169.5145744736062,0.0,CD8_Tcell
-290.8849507748285,-82.65539478346409,0.0,CD8_Tcell
-189.280655399585,-133.35765270972055,0.0,CD8_Tcell
-37.28991012641316,335.77003847097336,0.0,CD8_Tcell
-131.21116407422738,194.89312030064488,0.0,CD8_Tcell
-160.3106490207206,-318.7693964239619,0.0,CD8_Tcell
-75.24278860136302,329.1585798491145,0.0,CD8_Tcell
307.0179393238705,178.69132400809352,0.0,CD8_Tcell
377.22008062108364,85.88643796670485,0.0,CD8_Tcell
240.80277202591813,140.1848880748988,0.0,CD8_Tcell
-208.82050367012351,188.83134518072626,0.0,CD8_Tcell
303.16651508899315,-220.01238156810632,0.0,CD8_Tcell
197.56232251347612,-39.20509466007183,0.0,CD8_Tcell
-140.23063067443448,-358.92033756790283,0.0,CD8_Tcell
337.5143760777995,-91.67793958838051,0.0,CD8_Tcell
-212.12232257005658,271.28092339000136,0.0,CD8_Tcell
-37.091155885277914,-223.58798746299883,0.0,CD8_Tcell
-267.3917010030069,-158.2380829986182,0.0,CD8_Tcell
-196.69720724071877,284.8098176629358,0.0,CD8_Tcell
-291.21091301564513,167.31451659172103,0.0,CD8_Tcell
-74.33085156242163,-344.65767939574926,0.0,CD8_Tcell
331.55256537171755,-26.74784820890785,0.0,CD8_Tcell
-321.03663259708003,-207.5638773340768,0.0,CD8_Tcell
258.73450936963627,-195.21207863060013,0.0,CD8_Tcell
313.95824922720806,-84.93445157906623,0.0,CD8_Tcell
281.58543805924006,-217.80197158355094,0.0,CD8_Tcell
-87.73032525921408,-196.125088967374,0.0,CD8_Tcell
-196.45857003296393,168.45957456370945,0.0,CD8_Tcell
-251.5253012713432,-281.72601390143825,0.0,CD8_Tcell
-64.87181292763267,-359.8031178804172,0.0,CD8_Tcell
165.75194051641563,225.20560245999818,0.0,CD8_Tcell
-369.1180093466744,45.00004505897981,0.0,CD8_Tcell
-176.17808003009642,-225.54914793906056,0.0,CD8_Tcell
215.42966401290218,-323.75824013369146,0.0,CD8_Tcell
161.4124538693315,-159.41602137987326,0.0,CD8_Tcell
-126.47598221675668,161.76192997365578,0.0,CD8_Tcell
-330.60803658031494,-127.59154947920472,0.0,CD8_Tcell
-300.355220484238,-59.053506340438666,0.0,CD8_Tcell
322.90142142738523,-147.72548978981777,0.0,CD8_Tcell
-181.86261043532107,237.2967978946693,0.0,CD8_Tcell
-274.21509019128206,269.1061224322445,0.0,CD8_Tcell
0.9421080630298094,-274.5313665478345,0.0,CD8_Tcell
-177.30382269547286,-235.83761618161765,0.0,CD8_Tcell
312.6287180256112,-84.04707448332549,0.0,CD8_Tcell
-210.21874231637722,83.78637025605303,0.0,CD8_Tcell
-3.5166509654190796,-379.8949805234691,0.0,CD8_Tcell
-248.3928657307612,-196.12154551323363,0.0,CD8_Tcell
-81.12947981246914,377.5391102167147,0.0,CD8_Tcell
171.4067308614607,-164.02948194513786,0.0,CD8_Tcell
41.71548163102307,-291.5506914315987,0.0,CD8_Tcell
-70.90904264891077,-327.5182526527104,0.0,CD8_Tcell
238.05503609711042,171.05344433038957,0.0,CD8_Tcell
26.195760174111165,-222.34965047798067,0.0,CD8_Tcell
365.10216058559826,56.59748834882631,0.0,CD8_Tcell
52.05130351681715,-251.9059927611987,0.0,CD8_Tcell
-146.58706832014218,-230.33297035628416,0.0,CD8_Tcell
341.26485768728685,133.70907243520298,0.0,CD8_Tcell
264.2836416041785,-110.85500743312592,0.0,CD8_Tcell
289.3322635628433,81.74684992445235,0.0,CD8_Tcell
-260.5470486465452,212.66343626841928,0.0,CD8_Tcell
312.7747713585728,116.74680052844936,0.0,CD8_Tcell
272.28143996479866,-41.977133783016725,0.0,CD8_Tcell
293.2762296968606,-140.03819506662495,0.0,CD8_Tcell
-28.92017712532452,241.71452728562988,0.0,CD8_Tcell
312.4142162401271,184.4166870168561,0.0,CD8_Tcell
152.68894718650867,-302.89325858894904,0.0,CD8_Tcell
60.26601604296838,394.0606395862038,0.0,CD8_Tcell
-156.9536362543903,-277.55647288149913,0.0,CD8_Tcell
-223.96096576076494,65.53219913649527,0.0,CD8_Tcell
232.38196001101704,-311.028532767411,0.0,CD8_Tcell
-136.78013959904698,-258.86069220443113,0.0,CD8_Tcell
-178.85575225999932,127.57806472382659,0.0,CD8_Tcell
-381.2488601878183,0.5066701760192178,0.0,CD8_Tcell
-277.3119807371602,198.61963249373477,0.0,CD8_Tcell
331.53656471197957,-144.37152358780946,0.0,CD8_Tcell
-153.69527287882985,187.32110951120933,0.0,CD8_Tcell
-209.30728708830486,-227.9649948163077,0.0,CD8_Tcell
-242.43589228341696,205.96959197256962,0.0,CD8_Tcell
-283.85230524480437,251.5365092832792,0.0,CD8_Tcell
317.5007184230716,-143.87081075195172,0.0,CD8_Tcell
194.84054540368805,-339.3216146007282,0.0,CD8_Tcell
-271.8449164484841,191.5822850683086,0.0,CD8_Tcell
-331.00136112556623,-53.324034074759545,0.0,CD8_Tcell
331.80279627982077,13.84065816662313,0.0,CD8_Tcell
184.7651727854814,-99.45914409728232,0.0,CD8_Tcell
-209.64409877195416,116.32336403379898,0.0,CD8_Tcell
-344.2567122835729,-23.245630180318322,0.0,CD8_Tcell
316.8549979059901,218.22796864078842,0.0,CD8_Tcell
214.87194280818045,187.18966193207604,0.0,CD8_Tcell
122.60402568582184,183.37729551542168,0.0,CD8_Tcell
-240.19258086037308,-282.10772438871726,0.0,CD8_Tcell
153.78120600428454,-181.7728634831397,0.0,CD8_Tcell
-338.8810737394365,-181.86119818199498,0.0,CD8_Tcell
216.77030918806926,301.25314830119993,0.0,CD8_Tcell
-297.4422721144707,1.2321656501908513,0.0,CD8_Tcell
318.1348078637604,-110.6330688946836,0.0,CD8_Tcell
-279.93655468429654,-256.0640338482926,0.0,CD8_Tcell
-171.43172578166244,-240.46350026607857,0.0,CD8_Tcell
-252.0686608669229,-204.08895233346587,0.0,CD8_Tcell
314.2493938680719,219.98595444364344,0.0,CD8_Tcell
248.12366349414057,-50.65301618013462,0.0,CD8_Tcell
-213.09622950098552,-285.6133343185554,0.0,CD8_Tcell
-303.92613278832874,-144.86775807973555,0.0,CD8_Tcell
240.53722555093563,-59.96687574040193,0.0,CD8_Tcell
-211.47400284749455,220.76812256941912,0.0,CD8_Tcell
286.95175853343966,200.26571274932502,0.0,CD8_Tcell
332.5669796381788,-84.55365913184366,0.0,CD8_Tcell
97.60785502949861,268.9504458464031,0.0,CD8_Tcell
-263.17795664904463,235.26405233381942,0.0,CD8_Tcell
204.74017246647063,77.48235172996318,0.0,CD8_Tcell
-66.2997911477541,335.02931462179475,0.0,CD8_Tcell
-43.09735247516868,-385.75434290216,0.0,CD8_Tcell
-197.80914060343918,189.71232453434385,0.0,CD8_Tcell
-218.23578541913827,14.744645630237983,0.0,CD8_Tcell
385.2805603324434,-96.12812723279957,0.0,CD8_Tcell
-345.79389353405924,-81.41913886392145,0.0,CD8_Tcell
-315.9666456166027,92.19793696550832,0.0,CD8_Tcell
-206.96586116184645,-47.42091218667966,0.0,CD8_Tcell
382.4503499999966,-84.89213186207714,0.0,CD8_Tcell
-302.8797511180031,-47.642383064691046,0.0,CD8_Tcell
69.56113895877172,-265.5410547302469,0.0,CD8_Tcell
228.21568913385346,306.49306756560827,0.0,CD8_Tcell
-31.878926864215984,351.66743880761345,0.0,CD8_Tcell
-183.03281197693747,-332.2664786355046,0.0,CD8_Tcell
313.1114255662735,143.63328986831152,0.0,CD8_Tcell
134.45426537079138,-365.4656960649195,0.0,CD8_Tcell
-31.230659896345554,-344.3126427349356,0.0,CD8_Tcell
-210.91367192056353,179.84176508762204,0.0,CD8_Tcell
-83.73070626183492,264.9094485165752,0.0,CD8_Tcell
-105.55463817817082,339.26248829501753,0.0,CD8_Tcell
-129.8244889130367,-160.4808802849086,0.0,CD8_Tcell
-331.2881816664104,200.4038261150865,0.0,CD8_Tcell
21.29680585847956,254.45438797891967,0.0,CD8_Tcell
124.49538816823839,-172.65478463551466,0.0,CD8_Tcell
249.16673454278953,-146.83848448499612,0.0,CD8_Tcell
147.78725489582652,172.93495933644854,0.0,CD8_Tcell
-303.43097215800657,214.98764632924733,0.0,CD8_Tcell
325.3767684231651,-44.98035322843984,0.0,CD8_Tcell
330.7069123304973,-187.74187549860793,0.0,CD8_Tcell
-375.8917255161489,-21.908399766128063,0.0,CD8_Tcell
-175.7004013253241,-124.653932995013,0.0,CD8_Tcell
319.14150263150293,-16.498726017851233,0.0,CD8_Tcell
270.2928418167862,-125.54407592946924,0.0,CD8_Tcell
179.28056498547815,-120.03027641893054,0.0,CD8_Tcell
188.76245578417974,232.1997858806533,0.0,CD8_Tcell
-351.844041143195,158.5070070290613,0.0,CD8_Tcell
322.585571544234,-116.7888540451771,0.0,CD8_Tcell
275.5451779969755,-113.25100518893224,0.0,CD8_Tcell
238.37075194924535,-87.42539285876535,0.0,CD8_Tcell
-318.0448981886347,-155.05379029445143,0.0,CD8_Tcell
-51.14587890364876,-336.32748297085976,0.0,CD8_Tcell
-319.2501703242299,-236.48622265828456,0.0,CD8_Tcell
288.5872365707751,-268.32830556018115,0.0,CD8_Tcell
-294.7850304062152,186.6869978287905,0.0,CD8_Tcell
172.9331641397265,-268.0062889777694,0.0,CD8_Tcell
152.63019608312672,214.26375623417223,0.0,CD8_Tcell
-122.21712732550651,-247.10392426616642,0.0,CD8_Tcell
153.10004121670457,-190.4883345388527,0.0,CD8_Tcell
279.27770370688586,154.39903680062943,0.0,CD8_Tcell
-101.62207533374742,240.53601753448893,0.0,CD8_Tcell
21.002695183439503,315.02725648900304,0.0,CD8_Tcell
361.4075788203488,69.3559494194142,0.0,CD8_Tcell
-278.45400885381184,140.57647770516104,0.0,CD8_Tcell
-138.50476626275258,-154.71642334898453,0.0,CD8_Tcell
-311.55420282584987,-200.55902969862063,0.0,CD8_Tcell
-379.4603691047387,79.82831856812177,0.0,CD8_Tcell
233.61806086042253,0.7934290937316844,0.0,CD8_Tcell
-51.267175423601856,-225.12493727943485,0.0,CD8_Tcell
-8.0853623493056,282.68238024133785,0.0,CD8_Tcell
118.50473523902401,273.7059496903879,0.0,CD8_Tcell
12.095107689328003,351.24579003058176,0.0,CD8_Tcell
279.0912894759971,-91.94663444398935,0.0,CD8_Tcell
-345.9913558676378,-19.234104084359917,0.0,CD8_Tcell
-183.78193501450525,158.2472165742975,0.0,CD8_Tcell
-272.5828241655327,71.4061184676689,0.0,CD8_Tcell
65.86704178676037,239.31433488413234,0.0,CD8_Tcell
231.1428095189588,232.1268665957257,0.0,CD8_Tcell
-344.6378653178911,-106.33334009138188,0.0,CD8_Tcell
-237.14592916385706,30.975953075323403,0.0,CD8_Tcell
305.53599421629764,-173.46817051766214,0.0,CD8_Tcell
190.13194566502293,303.91386291506313,0.0,CD8_Tcell
-300.5195501290815,92.81559259195429,0.0,CD8_Tcell
-377.5414323610771,-52.84930229195652,0.0,CD8_Tcell
-155.3201628500429,-172.36632833151364,0.0,CD8_Tcell
-165.9566038872193,267.81932472909693,0.0,CD8_Tcell
334.36757129841504,-75.02789934262925,0.0,CD8_Tcell
-364.98997877880913,-80.1495560156258,0.0,CD8_Tcell
-7.821763235057744,380.7535515560133,0.0,CD8_Tcell
-305.79109617355505,-81.60603564836785,0.0,CD8_Tcell
114.57021736069589,-305.30748616120275,0.0,CD8_Tcell
-295.36237101820996,-34.498192071150996,0.0,CD8_Tcell
40.83412920146921,350.1378367414858,0.0,CD8_Tcell
-296.6959845006447,-68.31810868956235,0.0,CD8_Tcell
367.7676549078221,6.870546717028244,0.0,CD8_Tcell
-335.99327157138794,-167.15176131415694,0.0,CD8_Tcell
-343.8797637533246,-108.6284525523246,0.0,CD8_Tcell
216.02321973535524,-306.05223100048426,0.0,CD8_Tcell
17.682589595255372,387.63643090055064,0.0,CD8_Tcell
-314.29943326554667,200.09760703564552,0.0,CD8_Tcell
-145.0568756656563,-284.1148618981766,0.0,CD8_Tcell
246.40710333291943,-76.82239878048509,0.0,CD8_Tcell
179.12158532958847,-217.1358729737309,0.0,CD8_Tcell
-83.47519906101732,-216.03807329026895,0.0,CD8_Tcell
-252.71565005184317,139.3998928353711,0.0,CD8_Tcell
317.6574488462883,-93.45859285626665,0.0,CD8_Tcell
-353.91623007700395,-138.57414398426403,0.0,CD8_Tcell
74.46293214802677,-241.7453000719218,0.0,CD8_Tcell
10.721566153239088,366.36619435473045,0.0,CD8_Tcell
-233.17972465572188,299.45195123512303,0.0,CD8_Tcell
198.6104171468476,116.67866150936136,0.0,CD8_Tcell
90.3250075710359,-265.0461114808709,0.0,CD8_Tcell
206.9972628145223,-69.01326267887787,0.0,CD8_Tcell
-282.62410455894496,133.81442922864738,0.0,CD8_Tcell
-320.36537461485136,66.84557874887336,0.0,CD8_Tcell
335.70295546571845,-205.4840657281653,0.0,CD8_Tcell
230.09400358959707,-191.05277595698064,0.0,CD8_Tcell
84.5163441581424,-386.4191880359928,0.0,CD8_Tcell
-224.0034065788636,-162.57268553895588,0.0,CD8_Tcell
-60.65516093920752,-328.20450289113757,0.0,CD8_Tcell
65.02469288903991,-220.77735648755646,0.0,CD8_Tcell
208.92599602132464,326.58394400525685,0.0,CD8_Tcell
288.2448164713999,-232.87380465226627,0.0,CD8_Tcell
183.05531036278435,220.03202079395624,0.0,CD8_Tcell
248.27528407523602,188.07467273693325,0.0,CD8_Tcell
307.43390095830966,254.08429757991078,0.0,CD8_Tcell
250.8532004246281,142.94589264091786,0.0,CD8_Tcell
96.46430666006195,-246.80405633705018,0.0,CD8_Tcell
-90.45662575589397,-371.6887118406315,0.0,CD8_Tcell
30.86456124147591,360.6878261471526,0.0,CD8_Tcell
85.48167698672627,209.04595560320905,0.0,CD8_Tcell
-240.72747797750543,-184.86641219985734,0.0,CD8_Tcell
-264.6049278704408,102.76337193360692,0.0,CD8_Tcell
-348.6544084225254,166.15205870577003,0.0,CD8_Tcell
296.88245908418247,162.6602831544635,0.0,CD8_Tcell
12.153813787237413,339.1353665038798,0.0,CD8_Tcell
-296.451158212845,228.47362962857477,0.0,CD8_Tcell
-354.6637115672133,-149.94497531042663,0.0,CD8_Tcell
254.92081881300277,276.68313322033134,0.0,CD8_Tcell
-54.72573664366845,-392.6465914957348,0.0,CD8_Tcell
292.17173539946356,-136.15591079741128,0.0,CD8_Tcell
142.2860942890213,267.16004516793896,0.0,CD8_Tcell
-41.58167393721313,-277.12131462676103,0.0,CD8_Tcell
-197.9149535250245,-124.42169144477188,0.0,CD8_Tcell
393.88317696651416,29.562527858182055,0.0,CD8_Tcell
235.31447783373574,322.95526536737736,0.0,CD8_Tcell
-229.0761923501834,-155.38180025739385,0.0,CD8_Tcell
313.1044383014998,-35.65704165716555,0.0,CD8_Tcell
-193.99303120733384,-174.58374189728391,0.0,CD8_Tcell
-256.6134331638367,239.43298023578197,0.0,CD8_Tcell
298.07486178188043,-10.596879571529602,0.0,CD8_Tcell
-138.58306621434343,275.0749746635699,0.0,CD8_Tcell
248.0779161672814,140.407533106577,0.0,CD8_Tcell
-43.76983728138646,239.1302302952909,0.0,CD8_Tcell
-175.9331294155695,-95.614392764666,0.0,CD8_Tcell
-79.34188503259597,369.6318805013493,0.0,CD8_Tcell
-207.1519710097572,137.5334197318162,0.0,CD8_Tcell
26.89712078634757,210.72351741077466,0.0,CD8_Tcell
-207.05566484139916,-171.4256756331094,0.0,CD8_Tcell
395.1791802191511,-20.94667169910208,0.0,CD8_Tcell
39.20502451724622,310.1713097630411,0.0,CD8_Tcell
-236.44256446833674,233.65863116915355,0.0,CD8_Tcell
-10.1380936077075,-202.5931435029546,0.0,CD8_Tcell
-182.98964070079674,131.12447678025126,0.0,CD8_Tcell
-300.0407938360863,-154.45158006291635,0.0,CD8_Tcell
-165.16046126988888,166.44471736764794,0.0,CD8_Tcell
231.51557656588554,-160.8532590152978,0.0,CD8_Tcell
-99.70021267637854,273.65370174522377,0.0,CD8_Tcell
391.9194617576356,66.21687014282972,0.0,CD8_Tcell
-52.992937501507235,-371.7824499956327,0.0,CD8_Tcell
-59.011541235806725,-369.53691391433836,0.0,CD8_Tcell
-356.2817818767111,161.26544845228082,0.0,CD8_Tcell
-221.21429504597356,71.06052179091594,0.0,CD8_Tcell
-259.3314190667782,-228.6448788469746,0.0,CD8_Tcell
-200.2482553509639,-79.25911652732775,0.0,CD8_Tcell
-382.0383356865945,56.25692132336282,0.0,CD8_Tcell
-39.5032337951906,218.2827305604042,0.0,CD8_Tcell
328.44290561872225,135.2617238417079,0.0,CD8_Tcell
-155.22124701281146,186.35320331890156,0.0,CD8_Tcell
-339.368343791485,211.11277459740162,0.0,CD8_Tcell
-200.5690918944948,-192.90492881306167,0.0,CD8_Tcell
40.710880577028625,255.9125113049421,0.0,CD8_Tcell
-220.53756011360232,-291.166729822583,0.0,CD8_Tcell
-326.2651531902213,-38.7347426793337,0.0,CD8_Tcell
-236.78977784967591,127.38986576958746,0.0,CD8_Tcell
-211.45178933008552,211.44888072481265,0.0,CD8_Tcell
-224.55621045329585,245.31474627578532,0.0,CD8_Tcell
-103.1455063564115,-253.10732247870737,0.0,CD8_Tcell
58.08534186535319,-247.03250058295865,0.0,CD8_Tcell
-21.253666334147876,-370.7312026511629,0.0,CD8_Tcell
305.7832431678635,125.64156055208757,0.0,CD8_Tcell
-363.31139156667837,142.71967272703134,0.0,CD8_Tcell
389.8042197108744,45.756078501648275,0.0,CD8_Tcell
299.0909696442201,214.468900626353,0.0,CD8_Tcell
307.82685931993154,-26.68330570739067,0.0,CD8_Tcell
293.4992361580534,61.20476045842016,0.0,CD8_Tcell
-293.5963700647266,-1.1792074201385452,0.0,CD8_Tcell
-298.84279724285904,137.76576303976262,0.0,CD8_Tcell
-70.76968670066005,357.2426160729262,0.0,CD8_Tcell
-134.19578741413466,300.91223872487785,0.0,CD8_Tcell
-229.94088673913208,-309.66167937589915,0.0,CD8_Tcell
266.6068620382005,-68.79258864384653,0.0,CD8_Tcell
300.5718337967145,259.9963239214807,0.0,CD8_Tcell
-265.7369713345281,-164.65150675508428,0.0,CD8_Tcell
233.59958952937075,177.02272880174468,0.0,CD8_Tcell
201.94742909285216,-264.11068260002696,0.0,CD8_Tcell
-184.17887061009637,189.34094150772287,0.0,CD8_Tcell
8.98510029128552,262.23154086559174,0.0,CD8_Tcell
-172.82118331057916,-210.41743314029907,0.0,CD8_Tcell
-204.54428474912726,65.41414412050536,0.0,CD8_Tcell
233.59874990661328,276.6305963482591,0.0,CD8_Tcell
60.24662379685677,323.3959318885098,0.0,CD8_Tcell
-145.66368514703564,-157.48436438965393,0.0,CD8_Tcell
50.109459382799514,364.7517131216069,0.0,CD8_Tcell
-210.23330404928646,106.14853246564638,0.0,CD8_Tcell
-33.086227835679736,-275.1975227766633,0.0,CD8_Tcell
-95.70407775470262,358.6973433442929,0.0,CD8_Tcell
168.7359431543298,240.01704350317254,0.0,CD8_Tcell
-140.13760184790004,304.2211232219284,0.0,CD8_Tcell
-212.7115505210089,314.97194523132526,0.0,CD8_Tcell
-81.6245656153879,245.1898835328664,0.0,CD8_Tcell
-244.962310511115,11.981382724717058,0.0,CD8_Tcell
264.3037204981506,191.16365239424488,0.0,CD8_Tcell
20.957683191964342,-309.68440681656045,0.0,CD8_Tcell
-22.21328900535558,302.03282491621115,0.0,CD8_Tcell
11.346620907273833,389.1108100259306,0.0,CD8_Tcell
324.08969706025573,-136.39966688543586,0.0,CD8_Tcell
-158.65587639385603,-216.8908591866373,0.0,CD8_Tcell
22.547418897445155,-322.41929729971304,0.0,CD8_Tcell
253.46345568515198,273.127549570009,0.0,CD8_Tcell
235.67936910462714,-290.63162741735243,0.0,CD8_Tcell
148.9983343995559,271.1947578226948,0.0,CD8_Tcell
-281.86809979258055,-201.68809295402673,0.0,CD8_Tcell
-244.50535730602152,164.05648775856739,0.0,CD8_Tcell
99.87638750060106,-351.0579170320644,0.0,CD8_Tcell
-56.55380452752121,-203.6574160218748,0.0,CD8_Tcell
361.5967323894568,142.88901063340492,0.0,CD8_Tcell
240.3318071901253,290.5752175478737,0.0,CD8_Tcell
293.3154372133571,141.6866213637568,0.0,CD8_Tcell
-163.77160530320643,-335.67891333963144,0.0,CD8_Tcell
-258.67002247656853,291.33994138358395,0.0,CD8_Tcell
-286.6637954999449,199.2317029160722,0.0,CD8_Tcell
-64.34573559848242,-225.61357979689137,0.0,CD8_Tcell
-172.07515976026048,334.11296472376847,0.0,CD8_Tcell
283.1792637954148,-100.11001827176622,0.0,CD8_Tcell
155.98934427723844,189.79150299327023,0.0,CD8_Tcell
98.06244367135344,-348.4089114969558,0.0,CD8_Tcell
101.66509803258833,346.7434269290206,0.0,CD8_Tcell
283.864780604569,41.74308898423861,0.0,CD8_Tcell
-268.8977022863376,-35.417525779687935,0.0,CD8_Tcell
192.37820171245366,305.1039323555575,0.0,CD8_Tcell
123.41338631820531,-284.89681455917747,0.0,CD8_Tcell
-224.5728789581915,-150.25545188102532,0.0,CD8_Tcell
226.75467226515536,-268.7691638248321,0.0,CD8_Tcell
278.80024160374506,-144.20847078774094,0.0,CD8_Tcell
184.60405430468836,-226.4166322112425,0.0,CD8_Tcell
-251.7964494136182,211.47669772032143,0.0,CD8_Tcell
30.341017745448145,335.4975542255825,0.0,CD8_Tcell
-210.30530847748472,74.44855917054731,0.0,CD8_Tcell
-50.393587499528856,-392.4791786400147,0.0,CD8_Tcell
-260.4853676496475,-185.94200063056488,0.0,CD8_Tcell
21.18838046639911,334.38326377706125,0.0,CD8_Tcell
-76.87301766976066,-337.2163128539241,0.0,CD8_Tcell
133.40611204938702,307.01681294520665,0.0,CD8_Tcell
366.7328852449375,106.01605159670835,0.0,CD8_Tcell
-220.61931441844766,312.20996375278827,0.0,CD8_Tcell
263.7091039677153,-202.75119235362934,0.0,CD8_Tcell
135.83893526694797,234.58888513427908,0.0,CD8_Tcell
-177.10990623576336,169.49578413725138,0.0,CD8_Tcell
189.53587617569846,294.5441832771382,0.0,CD8_Tcell
123.27444721413181,-357.5217435427267,0.0,CD8_Tcell
223.25243675896638,-91.79231413898103,0.0,CD8_Tcell
91.42362710930874,255.12847713216567,0.0,CD8_Tcell
367.63659904284077,-90.49428667022771,0.0,CD8_Tcell
-0.4837520513818066,-394.5576649101597,0.0,CD8_Tcell
359.0940612868233,-8.565563809895318,0.0,CD8_Tcell
-348.0007991602296,-86.49723384818566,0.0,CD8_Tcell
69.30598976053153,219.91633271272374,0.0,CD8_Tcell
19.335168480405883,283.7214182203735,0.0,CD8_Tcell
181.5447196243265,-243.63066985831534,0.0,CD8_Tcell
25.636809362238264,-375.0229092554819,0.0,CD8_Tcell
-132.82380654606501,270.064472925212,0.0,CD8_Tcell
198.17851087837573,119.33343003891103,0.0,CD8_Tcell
-258.90033219123694,299.60207223347663,0.0,CD8_Tcell
-260.5914674778537,-270.5407840673216,0.0,CD8_Tcell
45.51127171055928,201.74843338404486,0.0,CD8_Tcell
-246.42238720054698,-102.73733332139332,0.0,CD8_Tcell
-341.66058723128646,30.481130773864262,0.0,CD8_Tcell
157.6031858152114,-228.29597018045132,0.0,CD8_Tcell
253.81462573227657,-253.59410635279832,0.0,CD8_Tcell
269.61799651121726,-4.324341110319232,0.0,CD8_Tcell
257.92454672744213,-202.81195232751492,0.0,CD8_Tcell
215.69110534637724,226.82315018739916,0.0,CD8_Tcell
-245.92789749778012,-215.23456108848296,0.0,CD8_Tcell
30.780910010269615,-331.84134000011596,0.0,CD8_Tcell
-186.13093413330833,144.27613482994647,0.0,CD8_Tcell
-275.1727706814847,101.21602832466388,0.0,CD8_Tcell
202.49413864953425,337.8526594546178,0.0,Treg
3.905033165110755,318.08721341613887,0.0,Treg
-285.8322942971138,-33.97931125260848,0.0,Treg
-356.3225655444061,16.092215980552783,0.0,Treg
-398.48790840341206,-17.202710501790104,0.0,Treg
0.6102392556334878,343.6956298171352,0.0,Treg
70.84338899269446,-340.4174822465247,0.0,Treg
282.0281368419646,-221.46631179853767,0.0,Treg
-4.819461009604226,-214.04452907956002,0.0,Treg
-39.03689927737471,227.56479032641207,0.0,Treg
-369.9888024840391,-133.53258406516025,0.0,Treg
163.221661970388,118.85969172819246,0.0,Treg
-117.43175919593503,190.5236745702082,0.0,Treg
333.9883437201545,146.4064148211865,0.0,Treg
275.7509204329,149.33864569623103,0.0,Treg
158.96194431633157,-285.76223600553277,0.0,Treg
-235.78424953880375,15.902040219404908,0.0,Treg
225.1686442820057,-204.41237589286112,0.0,Treg
-374.0406370352388,0.11458965795102617,0.0,Treg
-273.23198525221824,37.00487609401267,0.0,Treg
392.7138613984238,-26.629834531577362,0.0,Treg
192.51583644022503,-150.31036291908092,0.0,Treg
-389.01907957663775,-51.45410579657977,0.0,Treg
38.448291690994445,334.77645625235084,0.0,Treg
-235.78953611677278,-136.5198593432475,0.0,Treg
-216.3797394162424,70.26905200559057,0.0,Treg
188.20985520999278,-336.87001890611003,0.0,Treg
-260.52690234602915,-47.60200858602051,0.0,Treg
144.15545868017495,-195.79677155434717,0.0,Treg
-95.32752133538557,-234.71497518567128,0.0,Treg
-211.8838043044845,-5.089528541116256,0.0,Treg
242.19812601376293,221.32321935102487,0.0,Treg
-357.71088812730125,95.62372990275678,0.0,Treg
51.05446550311409,221.97140840030718,0.0,Treg
-257.36835792351525,273.88929862739747,0.0,Treg
-26.146577311714466,333.12323833076374,0.0,Treg
170.4111084912599,129.25680991566722,0.0,Treg
210.68608042135136,-70.4877141524226,0.0,Treg
-211.92221290226234,-308.05586317325645,0.0,Treg
-295.96107726642924,29.73246193179527,0.0,Treg
257.2645335683675,233.9812505360251,0.0,Treg
-239.04494205349155,217.11127600599815,0.0,Treg
-26.449211619412495,-368.86216750844744,0.0,Treg
214.16857210840473,37.92704519475507,0.0,Treg
-211.29501769857242,-128.97794606400467,0.0,Treg
93.49016775340012,-288.476726558535,0.0,Treg
21.432158973152163,346.77716620740165,0.0,Treg
-212.07571193778563,-85.35933215598556,0.0,Treg
-145.11150228885867,-344.9784886151396,0.0,Treg
309.70273194576106,-111.18634405628983,0.0,Treg
167.65442463898924,-202.26356991167114,0.0,Treg
-178.53204852637833,-206.32716621713112,0.0,Treg
-33.198141943702076,338.82573028900754,0.0,Treg
-88.29963318914106,-282.29246222860786,0.0,Treg
349.9187328478013,22.38885635436976,0.0,Treg
-385.89432218235294,44.282912446960765,0.0,Treg
189.8160681623151,-86.26730041100555,0.0,Treg
195.16431045142522,279.85739380394494,0.0,Treg
91.69333697550347,-259.44315347110745,0.0,Treg
-18.585258995537867,249.35983701961297,0.0,Treg
-355.1249728436848,15.765569982160963,0.0,Treg
312.99047944664034,22.47497930358821,0.0,Treg
-189.64645918769713,196.62207237797497,0.0,Treg
58.99254253871163,-274.4193283657982,0.0,Treg
-169.50034606137808,-226.89343131532715,0.0,Treg
117.71459650351635,-332.76012231219767,0.0,Treg
-276.9498267663897,230.5599074590777,0.0,Treg
12.581418290677782,294.5355919523629,0.0,Treg
-109.36505193720186,210.90843898798485,0.0,Treg
288.1279050798012,244.2352680163048,0.0,Treg
124.4413115555085,268.6089500962265,0.0,Treg
-222.36323907106788,319.8674406373037,0.0,Treg
66.29099071102198,-258.0676595205671,0.0,Treg
-84.70263753454225,334.3825612974563,0.0,Treg
253.9120496584818,-51.50970420297427,0.0,Treg
-154.91356145510227,283.6526762369096,0.0,Treg
-213.67771058026463,249.81459703420973,0.0,Treg
19.127540199981695,-358.17957189704293,0.0,Treg
-147.47918757499784,212.37995363531147,0.0,Treg
-351.78415041525943,-48.646614711403586,0.0,Treg
222.3863823515721,-307.7832845152833,0.0,Treg
-45.74590620917826,293.7694666485246,0.0,Treg
-292.0774961808977,173.3947670687069,0.0,Treg
-175.18359766059547,140.30917846705205,0.0,Treg
-198.9161589020897,-313.06426983052916,0.0,Treg
294.40879615491326,93.05685220624291,0.0,Treg
20.63104638182389,-368.679938828377,0.0,Treg
-274.74488289818004,102.54143997549518,0.0,Treg
148.1400954227175,192.39268839482878,0.0,Treg
234.4487930545148,-241.4331723668784,0.0,Treg
374.07185210419647,29.81755592991576,0.0,Treg
92.78446757440034,353.60647597709925,0.0,Treg
-205.92261181829593,-89.71820941514298,0.0,Treg
259.3664247833326,29.353383213708206,0.0,Treg
-359.3477601179861,72.1799216047876,0.0,Treg
-249.47360529260467,-201.83109705182898,0.0,Treg
-248.3624135846565,-249.11144028613143,0.0,Treg
131.36546793178604,-284.62050525533357,0.0,Treg
346.23070095899425,-163.94025665759645,0.0,Treg
345.9559880257148,-91.39371762627569,0.0,Treg
91.40436471413703,-208.94784373305868,0.0,Treg
237.1189279447081,-68.18177823758505,0.0,Treg
-322.3582619981915,147.3109936873829,0.0,Treg
331.89240617670816,160.30891707712533,0.0,Treg
-71.32628275454017,-369.8173676859878,0.0,Treg
-257.9711433652122,-36.511986402230335,0.0,Treg
-83.79039553220883,361.09903189740743,0.0,Treg
-88.22872038986615,-363.06066321368996,0.0,Treg
331.8671020531866,199.45565129429795,0.0,Treg
4.075965764000834,227.33587441500137,0.0,Treg
118.53619147741655,-330.81141643057526,0.0,Treg
-278.2882237059812,-231.92321213901513,0.0,Treg
80.18103742585095,256.5914440309686,0.0,Treg
-193.21172263378426,-349.266754817428,0.0,Treg
-189.90430512307336,-201.49462902650723,0.0,Treg
-12.84165695637883,200.27669153432427,0.0,Treg
-371.5372571315587,-57.94666308670666,0.0,Treg
53.46830473439996,226.90883248486784,0.0,Treg
224.51137482493237,87.61372715123903,0.0,Treg
-251.34073309337816,137.61262312197573,0.0,Treg
-229.26709912911903,-128.50963023568596,0.0,Treg
249.90690316165458,-280.1517077220972,0.0,Treg
45.51862992658601,257.3350277728272,0.0,Treg
-128.52240974438664,-361.8678735112217,0.0,Treg
-68.4473872676575,362.43048382742415,0.0,Treg
-60.236738910929425,-270.9920757092459,0.0,Treg
136.00797613920275,-242.5481788257195,0.0,Treg
226.39845578630295,-240.8432039801663,0.0,Treg
-148.45864871449172,-309.5641725692739,0.0,Treg
-365.2947875477649,1.3622847436739491,0.0,Treg
50.05513548290587,-381.4018452233812,0.0,Treg
-53.009774134152856,246.57196827019894,0.0,Treg
-205.32972880127122,292.86115066365744,0.0,Treg
-276.4472265878912,276.1313351674032,0.0,Treg
-230.8588654888755,-134.58963017993074,0.0,Treg
-306.82004244941174,151.87831316451297,0.0,Treg
168.7216084115434,253.77860421293383,0.0,Treg
-181.65004632520007,-106.90142489349732,0.0,Treg
213.4104144116196,-269.8567973533924,0.0,Treg
79.06526987983794,198.24483851448772,0.0,Treg
-170.08516066447189,348.1650164825345,0.0,Treg
375.6287051308469,-88.15274961884354,0.0,Treg
191.6332273315888,98.60618661752743,0.0,Treg
-243.40777373072228,-3.7627097959933353,0.0,Treg
-46.13808126498893,-217.14806693955245,0.0,Treg
-142.47109203124666,-251.82777881512456,0.0,Treg
-252.1062437940149,-60.38149987262024,0.0,Treg
221.48035117680612,82.91110649028752,0.0,Treg
-246.95808268250767,54.19963716985607,0.0,Treg
306.18451487970054,-243.28273787555875,0.0,Treg
132.76543114751044,-253.02350607575477,0.0,Treg
357.03565418998465,-107.48182204793315,0.0,Treg
66.18952766665332,342.6331876542991,0.0,Treg
-268.5984549254046,-167.9428716373106,0.0,Treg
-176.52794549555705,163.26004862949188,0.0,Treg
-92.642391834802,-275.7292929345912,0.0,Treg
-369.6075903620777,-46.510991674776506,0.0,Treg
-224.86594592232981,-178.8796574487029,0.0,Treg
348.2590651829124,110.00930745347353,0.0,Treg
367.201589492037,-129.4683598261924,0.0,Treg
285.1358583854526,104.63532781340157,0.0,Treg
-291.64561868149974,-190.87749963857692,0.0,Treg
122.31693669078986,206.06567570376012,0.0,Treg
294.6098395850698,-91.04482023902708,0.0,Treg
-133.8895788877145,-225.63711137281499,0.0,Treg
137.90824035898282,-278.3623939947965,0.0,Treg
-341.2003474890163,141.47576877045765,0.0,Treg
-147.95590407341552,-358.19845647761866,0.0,Treg
-299.58604413025387,-146.18894760702162,0.0,Treg
262.6416698503539,157.99592121904408,0.0,Treg
-43.62149394466347,259.52969757019474,0.0,Treg
-191.83365042393729,-324.4066876060563,0.0,Treg
-247.2424213400523,261.15324657648387,0.0,Treg
347.6853418108302,-29.042371439352113,0.0,Treg
-123.84190815049008,-174.87873665778216,0.0,Treg
88.93709892584046,-247.8339467762359,0.0,Treg
-183.41217096040535,-281.14467293663483,0.0,Treg
-304.3599412485221,191.11148640985505,0.0,Treg
271.4123531634055,-63.267236433933185,0.0,Treg
-173.86905435012233,-193.32871843850006,0.0,Treg
132.8567009042005,308.0681892843981,0.0,Treg
-167.8067133319667,130.31028487559576,0.0,Treg
332.90057330518096,109.34237157319798,0.0,Treg
223.43093074513823,-28.702826876270578,0.0,Treg
-190.23797843214598,-299.30416906785604,0.0,Treg
-209.76467605698952,291.7052814390995,0.0,Treg
-56.03010262815728,373.5153435238391,0.0,Treg
119.0304831260992,231.50297095425918,0.0,Treg
-209.5187176146017,-263.3627923996643,0.0,Treg
-252.722688060978,74.47247450157143,0.0,Treg
-374.60292126167184,-95.91429658388178,0.0,Treg
-173.23835178927231,-146.9729687393306,0.0,Treg
-312.0541655373244,-209.05469440946175,0.0,Treg
128.62501274614914,153.69491427091256,0.0,Treg
341.6933429000916,-13.55931134267081,0.0,Treg
-27.201100911039173,226.4773413556278,0.0,Treg
262.1613799968184,-33.57732732488816,0.0,Treg
-139.71024629328036,-150.15902468125768,0.0,Treg
207.9079811917502,166.83336319408124,0.0,Treg
202.96428265406254,138.75004576154083,0.0,Treg
264.85801606330693,166.2793716604833,0.0,Treg
-152.60334542351197,274.87416164669224,0.0,Treg
-348.7572705203543,34.35424989518245,0.0,Treg
-1.8729448107635558,-284.4987036601625,0.0,Treg
-151.63765857228407,157.52436919745008,0.0,Treg
-361.4367969674457,-76.84944228000768,0.0,Treg
-356.6927822087335,32.8244586912868,0.0,Treg
237.58036712596575,-291.9213058463761,0.0,Treg
162.2335645977503,328.394536844087,0.0,Treg
382.65928689733244,-80.38722285287342,0.0,Treg
199.33022320194308,-205.83666021135414,0.0,Treg
298.65694216312244,175.47875711502437,0.0,Treg
-161.22209274223903,242.48315719896942,0.0,Treg
-165.522148523867,-113.12599351180796,0.0,Treg
-85.41603624264991,323.0668238266167,0.0,Treg
73.96642777814598,199.26922782731705,0.0,Treg
-139.3551797341543,254.91405258642814,0.0,Treg
-250.8902090388412,-23.838248909574734,0.0,Treg
-326.511675460707,-22.69674247958949,0.0,Treg
-218.31046956611598,231.1396415081497,0.0,Treg
272.94606186607,271.8405916123621,0.0,Treg
-165.11150411496138,-260.98850460656325,0.0,Treg
-7.957544762377239,-297.5725459827172,0.0,Treg
-308.18219276964305,7.202363822884886,0.0,Treg
-255.2767791368429,-262.96822065474964,0.0,Treg
150.7981633124394,254.53971755381048,0.0,Treg
-245.15818931651427,66.61284827414083,0.0,Treg
179.54736507614433,155.86409325801932,0.0,Treg
-295.93232964843367,42.11521863505018,0.0,Treg
214.3914262865768,69.96516981025248,0.0,Treg
76.94563318667787,-226.30616610823478,0.0,Treg
-118.25826676584624,251.85910419326504,0.0,Treg
257.8577542233936,-260.08178124864025,0.0,Treg
-32.81896876247735,367.4303162898711,0.0,Treg
256.1639145827072,-237.00488356174858,0.0,Treg
-154.55280294374117,329.46733308685043,0.0,Treg
324.4897307274024,-118.03853741893292,0.0,Treg
-240.6872899804242,289.34996345166,0.0,Treg
241.46637019279305,-200.4838662353551,0.0,Treg
-280.1323243001849,-124.30934332734901,0.0,Treg
156.7378220011138,-301.4872771629239,0.0,Treg
-245.98687036605696,24.600404768547754,0.0,Treg
-104.28667345331472,-205.59813999321813,0.0,Treg
-261.7733878483974,-159.21002264112602,0.0,Treg
146.2379872443518,-364.43031633489596,0.0,Treg
-92.2460807592621,-257.04190587173827,0.0,Treg
-181.2292060114958,-155.55913065671234,0.0,Treg
325.2787561112288,117.47238439412375,0.0,Treg
103.35433651162546,-245.49162771630398,0.0,Treg
161.58976748423575,-286.0155725667261,0.0,Treg
-186.81815223159973,-123.08794434847309,0.0,Treg
276.9482588680874,-29.918110296876822,0.0,Treg
-310.8208549006134,-242.31436264878283,0.0,Treg
-127.23637770525826,-271.3084721653588,0.0,Treg
-302.26860170795294,187.05895217772766,0.0,Treg
-241.45054189156224,-313.1529000733141,0.0,Treg
-263.89868978988255,-264.1785351222256,0.0,Treg
381.4772511028815,-17.293294017915336,0.0,Treg
-222.92357783482493,-210.05169190145907,0.0,Treg
-252.52651346648207,289.25027902867606,0.0,Treg
-27.487914725365616,251.73852287851795,0.0,Treg
9.139158422270738,-322.8810571120836,0.0,Treg
261.08319358321717,-54.191106351123466,0.0,Treg
-117.69622111395562,283.26776799420776,0.0,Treg
191.55826161939788,-340.5171865865269,0.0,Treg
214.28219818469887,205.44799760412238,0.0,Treg
360.7305219181431,117.06502211051706,0.0,Treg
362.6690881880444,-126.08243247677086,0.0,Treg
128.84293721835377,-208.4881766913795,0.0,Treg
288.12335774038314,40.39782159245944,0.0,Treg
-156.94872451165173,-245.2589438825702,0.0,Treg
-221.48148718964188,25.566843242054258,0.0,Treg
-65.02451029630181,-379.4567149868813,0.0,Treg
192.2634545622717,-223.71529142597007,0.0,Treg
123.46411711336559,232.68341997869638,0.0,Treg
-372.9276236781964,44.3525398370119,0.0,Treg
-103.39288934291548,210.23878892754536,0.0,Treg
280.44384268556337,-281.5041109530574,0.0,Treg
-77.7898264944343,-333.5764756566229,0.0,Treg
-280.89405900728275,-220.98158349690192,0.0,Treg
-245.68491139716502,265.40080581397865,0.0,Treg
66.63730035172097,281.2653928607834,0.0,Treg
-315.15904638032,-67.56744046455906,0.0,Treg
-18.778670679170087,-222.41997201279534,0.0,Treg
-343.68124113353656,62.23701006059847,0.0,Treg
301.53650029487903,-130.7368423940699,0.0,Treg
325.7540499339612,162.8476855599964,0.0,Treg
27.43269033705729,284.92010116611465,0.0,Treg
247.74568390107356,-287.59337087537364,0.0,Treg
177.0609998557477,328.4940950498587,0.0,Treg
-149.83631912685343,-306.6082635501731,0.0,Treg
-268.81221171518064,10.474437959066647,0.0,Treg
113.35545606019275,-215.64662409401444,0.0,Treg
-83.74045446030368,300.5228317945492,0.0,Treg
-232.22374794550447,-293.29305534321816,0.0,Treg
149.52894125446085,157.78096021075098,0.0,Treg
-233.58639737413677,-240.53195125419435,0.0,Treg
-289.7279812545532,147.22768234901613,0.0,Treg
312.5352613205686,-138.75112274903313,0.0,Treg
-202.66019643218578,-252.16602832747796,0.0,Treg
329.9008375289865,-180.70951875165096,0.0,Treg
43.78176665531673,-371.7426055240401,0.0,Treg
115.96854639671562,215.0454210701798,0.0,Treg
-360.6588389953224,135.95199776176153,0.0,Treg
-253.74905515647316,269.7734173096814,0.0,Treg
319.9789393803704,133.97919559193238,0.0,Treg
-193.5057210744353,148.86682191898103,0.0,Treg
184.05044670122717,155.07155312349514,0.0,Treg
218.6726579126264,-275.75862557540603,0.0,Treg
329.15294780105665,-29.991047967121144,0.0,Treg
112.49784717921627,-287.6118693205498,0.0,Treg
202.37821005207732,122.36807047285845,0.0,Treg
-55.9400679132215,-270.38211590596825,0.0,Treg
-72.06358391242841,245.87479615538018,0.0,Treg
262.17674620523894,140.69911343086474,0.0,Treg
-191.47658578910128,230.13973593178898,0.0,Treg
-373.7069842319262,-45.369039800732274,0.0,Treg
-311.9237774921177,-25.414416671153674,0.0,Treg
239.32932587418827,23.14626767326559,0.0,Treg
-172.07096690351315,137.83238712729926,0.0,Treg
280.4273100899639,-242.09746077529286,0.0,Treg
-82.51585356585572,332.69255850222686,0.0,Treg
239.53679730619933,267.0100475173471,0.0,Treg
-330.83844446614546,-7.634021169666782,0.0,Treg
-368.6905515150045,2.6453484590308403,0.0,Treg
-21.209414154259804,210.06023299423853,0.0,Treg
-101.00338504162553,207.3298603462429,0.0,Treg
159.9464539237498,239.69109443216988,0.0,Treg
-142.64656048845328,211.88639394427335,0.0,Treg
43.42867508905016,-283.9390973302003,0.0,Treg
-161.57945894981916,122.03253038501913,0.0,Treg
-33.942641709305086,321.27473869534464,0.0,Treg
2.4649619448216744,290.97004859855946,0.0,Treg
-171.5656411524518,-331.6731711163657,0.0,Treg
125.24701357572478,288.4530321751252,0.0,Treg
352.88119337340146,-174.93979842805024,0.0,Treg
-223.0525142052053,-13.67752738130364,0.0,Treg
-229.79420370987367,243.2219973569609,0.0,Treg
-17.48254213487074,-229.62562340818468,0.0,Treg
-333.1719310884063,61.31280305704511,0.0,Treg
214.55610461638247,46.022713628698796,0.0,Treg
196.27906680787237,136.86324915879436,0.0,Treg
-3.028876189295004,-385.1568602612556,0.0,Treg
-77.59668132999532,340.1320519169471,0.0,Treg
-217.70670283491157,-136.25881703645248,0.0,Treg
340.7949302205506,-178.86615013393623,0.0,Treg
-340.453103076226,138.89379514450363,0.0,Treg
-343.40383717281054,-175.34782506773237,0.0,Treg
-280.6550842168989,50.25230507070179,0.0,Treg
-84.76958179609872,336.0410565941645,0.0,Treg
-364.65943102490064,68.43840024796492,0.0,Treg
214.30510821853198,-299.6247606840911,0.0,Treg
-207.2053238280867,11.917666054706114,0.0,Treg
-207.913676025975,-133.06098080268495,0.0,Treg
-293.2514647070863,-72.39320154793778,0.0,Treg
257.02657481339617,-298.31821364625307,0.0,Treg
-88.95547596997898,289.71409667932915,0.0,Treg
166.50132396126386,245.0754884933139,0.0,Treg
-254.26345751451748,127.01612580039406,0.0,Treg
-221.2095592798365,11.116949411763606,0.0,Treg
-291.9343225235726,227.21420155385954,0.0,Treg
340.9598674394389,60.9983224809974,0.0,Treg
123.9690660001852,332.38315876694355,0.0,Treg
-107.8358939690562,-278.31484023689336,0.0,Treg
-135.62797600326854,-285.2922431421418,0.0,Treg
-305.19089099025297,53.860198206942904,0.0,Treg
299.52193503280995,233.99824522332378,0.0,Treg
43.85860884359145,386.13148774323474,0.0,Treg
-197.0762153822882,291.64211156242095,0.0,Treg
136.02533490419984,-311.9774684875044,0.0,Treg
-361.683632052585,88.62622474262004,0.0,Treg
280.35841635149427,-225.21224518517994,0.0,Treg
134.38828426287267,190.9552678868935,0.0,Treg
352.4317804331786,-103.00370642781155,0.0,Treg
55.418210671649184,-287.64794501157905,0.0,Treg
209.85516543906675,255.34148901731967,0.0,Treg
-33.65287828825389,-301.02544175430387,0.0,Treg
1.5939221546333955,398.40947943734733,0.0,Treg
-217.14770084016465,-32.49051746473323,0.0,Treg
-51.21249794393273,360.5086777148675,0.0,Treg
-180.22284433043546,161.84014212118726,0.0,Treg
343.9222536504696,-39.09143854344634,0.0,Treg
121.80570792730653,192.2993231944845,0.0,Treg
-242.93490324201144,156.24904309015807,0.0,Treg
-76.06625567737689,239.98353715909127,0.0,Treg
-178.42503076833583,302.1965557144332,0.0,Treg
-233.04544372374983,256.57386656715323,0.0,Treg
310.6233339840428,151.4599013302706,0.0,Treg
263.16489043167434,-41.97439825399579,0.0,Treg
-1.897410863258988,146.8189345649295,0.0,apCAF
44.947669463415224,-78.8105972890656,0.0,apCAF
90.01996335709295,-5.449161487774525,0.0,apCAF
-41.23912256568535,-67.26286728186454,0.0,apCAF
17.042726044065134,-103.295331211623,0.0,apCAF
-91.82429172073442,-138.1691523057151,0.0,apCAF
-39.998954336258954,149.50241805126558,0.0,apCAF
-165.1024680441948,76.06928318843786,0.0,apCAF
46.83246963796637,-185.74428950720056,0.0,apCAF
169.51942133074377,-6.92528074668341,0.0,apCAF
-104.55360324767133,-97.86376060944679,0.0,apCAF
-111.1227141398536,151.17499718115522,0.0,apCAF
46.85553188604747,-26.241106374475148,0.0,apCAF
56.88741033218649,-131.16564871941304,0.0,epithelial_tumor
66.2528483999779,-5.923084913654954,0.0,epithelial_tumor
-68.55898656388125,-114.57039629704474,0.0,epithelial_tumor
46.982824338433915,131.67558973228148,0.0,epithelial_tumor
159.51138531883055,31.303021498373035,0.0,epithelial_tumor
-68.90500258998803,-101.10077491774723,0.0,epithelial_tumor
-27.31767869073964,-139.02778343778633,0.0,epithelial_tumor
-185.33136381767602,-70.88279603317756,0.0,epithelial_tumor
-189.1674551394922,-9.428461018022514,0.0,epithelial_tumor
0.5889475846290722,196.6119029542711,0.0,epithelial_tumor
-27.575627365639555,-59.49261427486162,0.0,epithelial_tumor
156.0997985896098,109.93542961973513,0.0,epithelial_tumor
186.26239053282333,7.4888324358922445,0.0,epithelial_tumor
95.48464120130271,73.44582567611042,0.0,epithelial_tumor
73.45568103276801,94.20694816010928,0.0,epithelial_tumor
136.08233317139334,-45.321104940122325,0.0,epithelial_tumor
162.6475636532924,-0.3988808932816752,0.0,epithelial_tumor
-49.664710312712046,156.5917768288092,0.0,epithelial_tumor
0.706878829971222,-181.1865236384089,0.0,epithelial_tumor
0.27840143901126113,-131.1915179853144,0.0,epithelial_tumor
9.930904780885413,-152.5403914897878,0.0,epithelial_tumor
104.7193370925542,-44.83438500542959,0.0,epithelial_tumor
-17.00786466948798,-83.736764771484,0.0,epithelial_tumor_class1
-6.26683285964782,-13.588541853583688,0.0,epithelial_tumor_class1
97.42533319969074,97.87812730285805,0.0,epithelial_tumor_class1
29.857538091895943,193.2854271946412,0.0,epithelial_tumor_class1
-21.168231424496785,121.04781517776424,0.0,epithelial_tumor_class1
4.6820828060374255,67.19547373766348,0.0,epithelial_tumor_class1
95.94929588908461,-80.94124641016612,0.0,epithelial_tumor_class1
3.557452658275334,-185.95559445812978,0.0,epithelial_tumor_class1
14.508087770053443,-65.1404607606389,0.0,epithelial_tumor_class1
144.483342427345,121.87657714980098,0.0,epithelial_tumor_class1
-26.4127753952617,25.617724227104233,0.0,epithelial_tumor_class1
-168.40756103947868,8.102126955571537,0.0,epithelial_tumor_class1
-15.211715526477889,-21.929191375616348,0.0,epithelial_tumor_class1
130.1163584829149,32.82894802470535,0.0,epithelial_tumor_class1
-121.66366985463874,-11.72202347316284,0.0,epithelial_tumor_class1
-111.80996412809756,-59.345138605759715,0.0,epithelial_tumor_class1
38.2298186611164,-155.97687033431873,0.0,epithelial_tumor_class1
-91.88128595977275,75.61321903905007,0.0,epithelial_tumor_class1
83.36176068309301,-106.27446916971417,0.0,epithelial_tumor_class1
-115.581201833564,138.0571862223479,0.0,epithelial_tumor_class1
68.19389701325939,-156.90636525591194,0.0,epithelial_tumor_class1
-47.89237471747578,-189.6183771992761,0.0,epithelial_tumor_class1
-9.002905496161375,-195.72174289366498,0.0,epithelial_tumor_class1
74.769530963153,139.52312027524735,0.0,epithelial_tumor_class1
-79.66037376518713,-53.7444909810258,0.0,epithelial_tumor_class1
-65.1298236157934,16.18046420899684,0.0,epithelial_tumor_class1
157.74252676664136,-72.23897102032988,0.0,epithelial_tumor_class1
85.84124274089648,93.23268823453711,0.0,epithelial_tumor_class1
-55.957652071022075,90.21588659669477,0.0,epithelial_tumor_class1
-42.580687045628316,-157.1296577922916,0.0,epithelial_tumor_class1
-0.7460218548587948,171.0307489848939,0.0,epithelial_tumor_class1
59.01353374202767,-182.61598946426503,0.0,epithelial_tumor_class1
-75.66460744370286,74.8455000450531,0.0,epithelial_tumor_class1
141.94011110210317,127.22053986806127,0.0,epithelial_tumor_class1
21.844105700583015,-60.02784719500354,0.0,epithelial_tumor_class1
36.27624197857115,-44.20990298296557,0.0,epithelial_tumor_class1
-88.29038223963417,164.8728949599037,0.0,epithelial_tumor_class1
-76.93796000154781,72.28050487596083,0.0,epithelial_tumor_class1
-19.111865326880384,16.91209936145687,0.0,epithelial_tumor_class1
101.48112327116117,56.11460596380425,0.0,epithelial_tumor_class1
32.48382615212975,41.26522498419289,0.0,epithelial_tumor_class1
149.5257200382561,96.97721815285163,0.0,epithelial_tumor_class1
-162.1181018742464,-17.316673145362255,0.0,epithelial_tumor_class1
51.72509627173564,184.31477831559144,0.0,epithelial_tumor_class1
38.87532614944543,141.96237002173194,0.0,epithelial_tumor_class1
68.60369793491148,-46.307573640226,0.0,epithelial_tumor_class1
171.0902896461055,-3.8081335708865742,0.0,epithelial_tumor_class1
29.12392296913,19.830829136565374,0.0,epithelial_tumor_class1
77.37517299212914,-11.719989971649982,0.0,epithelial_tumor_class1
61.927907624183895,22.653205682577415,0.0,epithelial_tumor_class1
-10.220717448133671,-121.60832078427003,0.0,epithelial_tumor_class1
-59.34660065459188,-7.457997336622113,0.0,epithelial_tumor_class1
-144.37336615769422,37.5293444411834,0.0,epithelial_tumor_class1
65.21734092853652,188.5234854139715,0.0,epithelial_tumor_class1
117.52921062916757,67.85323481259842,0.0,epithelial_tumor_class1
126.52524784518624,111.1158555925272,0.0,epithelial_tumor_class1
-36.960591010340984,87.85041221300445,0.0,epithelial_tumor_class1_class2
86.49171328573546,105.80292166806208,0.0,epithelial_tumor_class1_class2
-80.03262883191522,46.57001438767642,0.0,epithelial_tumor_class1_class2
-199.1758204833167,10.663702951465885,0.0,epithelial_tumor_class1_class2
-191.44607089238818,38.95549627837512,0.0,epithelial_tumor_class1_class2
180.5544819930761,-80.93286126403615,0.0,epithelial_tumor_class1_class2
91.88008531180748,38.3831435271845,0.0,epithelial_tumor_class1_class2
-30.1087112804679,90.90081666157458,0.0,epithelial_tumor_class1_class2
-128.49519984784993,84.11166297876571,0.0,epithelial_tumor_class1_class2
-1.4596412725681034,-120.10474370068764,0.0,epithelial_tumor_class1_class2
-57.16109644797913,-168.79582061067214,0.0,epithelial_tumor_class1_class2
-30.552941708666033,-190.3937863221781,0.0,epithelial_tumor_class1_class2
-159.09541312391227,-58.91092709407512,0.0,epithelial_tumor_class1_class2
25.504344785718263,-140.22823124898477,0.0,epithelial_tumor_class1_class2
30.68542181462401,-64.36981098305675,0.0,epithelial_tumor_class1_class2
-126.73617103025224,-101.14491285118869,0.0,epithelial_tumor_class1_class2
56.01074371827784,67.72977370850515,0.0,epithelial_tumor_class1_class2
-118.48899364709092,-145.23575244338855,0.0,epithelial_tumor_class1_class2
-144.1812416237545,-71.27475020478369,0.0,epithelial_tumor_class1_class2
75.40256224093476,147.96588584947654,0.0,epithelial_tumor_class1_class2
-161.04349557622726,-33.976077184242165,0.0,epithelial_tumor_class1_class2
-193.98211320112398,9.392821929790488,0.0,epithelial_tumor_class1_class2
-67.53373612359444,68.99289804861186,0.0,epithelial_tumor_class1_class2
-91.44144148386876,52.29268787154853,0.0,epithelial_tumor_class1_class2
-21.994492846921656,142.5276600766494,0.0,epithelial_tumor_class1_class2
121.4864641959524,10.835505249173954,0.0,epithelial_tumor_class1_class2
-30.62577104080752,-156.43694258541265,0.0,epithelial_tumor_class1_class2
-90.9090562750381,-112.59246231118522,0.0,epithelial_tumor_class1_class2
127.5914398748832,-89.0761217264902,0.0,epithelial_tumor_class1_class2
-111.71221623869133,74.31770284652376,0.0,epithelial_tumor_class1_class2
12.796673794838178,163.95698882688706,0.0,epithelial_tumor_class1_class2
121.5725426770068,-9.06929700424883,0.0,epithelial_tumor_class1_class2
188.38263325908505,-31.251812241924394,0.0,epithelial_tumor_class1_class2
-53.015568088142686,41.47699379224323,0.0,epithelial_tumor_class1_class2
-16.944108319506665,-157.6902399011358,0.0,epithelial_tumor_class1_class2
-89.52151564238943,-119.38292029436455,0.0,epithelial_tumor_class1_class2
-107.05283423879288,65.16108618948365,0.0,epithelial_tumor_class1_class2
124.17947239039056,93.17379425157415,0.0,epithelial_tumor_class1_class2
51.31488563992533,-140.76493773796437,0.0,epithelial_tumor_class1_class2
7.956168162768558,106.98271277878779,0.0,epithelial_tumor_class1_class2
-15.293895500618822,99.84909442778817,0.0,epithelial_tumor_class1_class2
-160.02646581327278,52.16426627895456,0.0,epithelial_tumor_class1_class2
136.13678077083566,109.6986789478418,0.0,epithelial_tumor_class1_class2
-107.24566466961295,-112.52197190732421,0.0,epithelial_tumor_class1_class2
75.14963902024138,50.06244963211898,0.0,epithelial_tumor_class1_class2
-63.74922254323022,-130.86702251195968,0.0,epithelial_tumor_class1_class2
69.69688563707747,-85.23032842656642,0.0,epithelial_tumor_class1_class2
8.743191544013921,168.67001698533343,0.0,epithelial_tumor_class1_class2
17.37497691501261,16.948477448158297,0.0,epithelial_tumor_class1_class2
15.401150667442217,-77.86137671681615,0.0,epithelial_tumor_class1_class2
160.60647270157963,-67.6843525599777,0.0,epithelial_tumor_class1_class2
27.936556811277853,145.06082317441602,0.0,epithelial_tumor_class1_class2
64.06284242730808,8.860336531463588,0.0,epithelial_tumor_class1_class2
56.29049106565598,-132.6146429669994,0.0,epithelial_tumor_class1_class2
135.50606548448803,-63.43613966707531,0.0,epithelial_tumor_class1_class2
-107.41820744245246,-58.92891864387886,0.0,epithelial_tumor_class1_class2
132.65065135735085,63.22394078741897,0.0,epithelial_tumor_class1_class2
-193.1640592282118,-19.193867842388414,0.0,epithelial_tumor_class1_class2
-108.1321825179663,-106.31043583138361,0.0,epithelial_tumor_class1_class2
-22.440082395235702,-20.621699559167144,0.0,epithelial_tumor_class1_class2
-158.6579247162947,-87.40378738692065,0.0,epithelial_tumor_class1_class2
-121.36685117655331,-54.016844735370725,0.0,epithelial_tumor_class1_class2
-97.10545251666917,-44.76031618747675,0.0,epithelial_tumor_class1_class2
-17.947272473318066,-27.145789788087985,0.0,epithelial_tumor_class1_class2
8.290158272115338,-74.22290221673296,0.0,epithelial_tumor_class1_class2
88.26508941986903,-86.48721446871345,0.0,epithelial_tumor_class1_class2
-111.71045389864447,141.75332631734332,0.0,epithelial_tumor_class1_class2
56.90840998855529,41.73321075555813,0.0,epithelial_tumor_class1_class2
161.08522228287345,27.825932914718575,0.0,epithelial_tumor_class1_class2
-31.36883913566036,-116.4998822748212,0.0,epithelial_tumor_class1_class2
40.0027774912901,-36.133521074779196,0.0,epithelial_tumor_class1_class2
-63.67551482697178,93.70278976444968,0.0,epithelial_tumor_class1_class2
171.49667075337862,92.68724673133721,0.0,epithelial_tumor_class1_class2
-168.29829436483556,81.58786515348358,0.0,epithelial_tumor_class1_class2
120.48336154110054,99.43054970813438,0.0,epithelial_tumor_class1_class2
110.60695191694266,76.88518695715628,0.0,epithelial_tumor_class1_class2
52.13368998340784,-137.7950252111186,0.0,epithelial_tumor_class1_class2
-188.35879278226042,-15.029315984750294,0.0,epithelial_tumor_class1_class2
14.145285477165515,178.93866473250702,0.0,epithelial_tumor_class1_class2
-144.20057774172116,-95.73801867218185,0.0,epithelial_tumor_class1_class2
-34.792473872755224,106.93636283185005,0.0,epithelial_tumor_class1_class2
-37.97742037833168,27.372154249791137,0.0,epithelial_tumor_class1_class2
85.24722199562372,176.71144132950587,0.0,epithelial_tumor_class1_class2
7.942629163795294,129.36713636257838,0.0,epithelial_tumor_class1_class2
8.352996088607727,-91.53262924747399,0.0,epithelial_tumor_class1_class2
81.29158895637187,181.43570974782722,0.0,epithelial_tumor_class1_class2
-82.75245895472419,-121.17830266769343,0.0,epithelial_tumor_class1_class2
-146.98090222396533,-50.96777234658279,0.0,epithelial_tumor_class1_class2
-90.65203892866724,-150.643598604887,0.0,epithelial_tumor_class1_class2
78.88745545707492,45.381819463358674,0.0,epithelial_tumor_class1_class2
-11.094731007188217,182.23323130290206,0.0,epithelial_tumor_class1_class2
64.41675418428404,49.697669763566154,0.0,epithelial_tumor_class1_class2
15.07259043343643,100.06496980693426,0.0,epithelial_tumor_class1_class2
-40.35510388130643,-169.10469090847232,0.0,epithelial_tumor_class1_class2
-39.76759449441632,84.6174688037856,0.0,epithelial_tumor_class1_class2
-37.21675073135766,-77.29716899657384,0.0,epithelial_tumor_class1_class2
-179.0983807411198,-16.296693196581344,0.0,epithelial_tumor_class1_class2
177.8050469077921,-57.92811581377171,0.0,epithelial_tumor_class1_class2
9.97878425094461,-76.17714538692827,0.0,epithelial_tumor_class1_class2
-66.81493011070364,-168.40904383019804,0.0,epithelial_tumor_class1_class2
42.12517546589611,125.25522883659627,0.0,epithelial_tumor_class1_class2
-147.7847312056122,99.38678254130242,0.0,epithelial_tumor_class1_class2
-68.71672087211456,167.4265375192933,0.0,epithelial_tumor_class1_class2
72.878819328022,-171.53904298553607,0.0,epithelial_tumor_class1_class2
194.6708682691475,42.58366489740382,0.0,epithelial_tumor_class1_class2
173.22181865883866,19.89373798903394,0.0,epithelial_tumor_class1_class2
142.04333435281637,134.89975957860952,0.0,epithelial_tumor_class1_class2
61.83675474537448,-15.101414984581016,0.0,epithelial_tumor_class1_class2
63.10936261443666,-135.75500508880094,0.0,epithelial_tumor_class1_class2
199.21433394842887,3.3049911596895574,0.0,epithelial_tumor_class1_class2
79.24519713190338,40.775339725591216,0.0,epithelial_tumor_class1_class2
3.0017969361162478,160.69199203144674,0.0,epithelial_tumor_class1_class2
174.4217077494998,49.912360918510096,0.0,epithelial_tumor_class1_class2
33.990531060913995,40.22167455764926,0.0,epithelial_tumor_class1_class2
-4.625682456449957,-30.296167686950383,0.0,epithelial_tumor_class1_class2
82.57518429934298,-182.08033104162524,0.0,epithelial_tumor_class1_class2
-64.97530372463764,-34.27886008579015,0.0,epithelial_tumor_class1_class2
66.65584714232239,165.87732410085655,0.0,epithelial_tumor_class1_class2
-7.044865871350887,-172.02487910369013,0.0,epithelial_tumor_class1_class2
72.17161271339505,50.80713284268917,0.0,epithelial_tumor_class1_class2
158.1895649029301,59.02100231903528,0.0,epithelial_tumor_class1_class2
-117.89889188292678,-90.5745202062942,0.0,epithelial_tumor_class1_class2
54.232397270571894,-165.81129386375596,0.0,epithelial_tumor_class1_class2
127.90876653821589,90.7460573914907,0.0,epithelial_tumor_class1_class2
-189.51800295716527,-31.071230186478804,0.0,epithelial_tumor_class1_class2
-34.39611383704541,163.08241820232737,0.0,epithelial_tumor_class1_class2
-143.19328034065452,23.330054151389323,0.0,epithelial_tumor_class1_class2
-28.604481396322864,-81.92393654552308,0.0,epithelial_tumor_class1_class2
-143.4715137883973,-137.17642443950908,0.0,epithelial_tumor_class1_class2
-31.866988592409296,176.0260657853626,0.0,epithelial_tumor_class1_class2
-97.87716770489219,9.847035791392088,0.0,epithelial_tumor_class1_class2
-35.497758582208355,65.35479639815293,0.0,epithelial_tumor_class1_class2
-143.10543634247037,21.312624747536674,0.0,epithelial_tumor_class1_class2
-4.657879250752982,-142.78104318084888,0.0,epithelial_tumor_class1_class2
-101.36799590215679,87.71148719386856,0.0,epithelial_tumor_class1_class2
-176.37859747324185,93.33201769583003,0.0,epithelial_tumor_class1_class2
-5.6386200977523835,193.21276070182287,0.0,epithelial_tumor_class2
31.28127862361785,81.1837396915852,0.0,epithelial_tumor_class2
-48.4507503679886,127.34630398081786,0.0,epithelial_tumor_class2
-122.07651569100811,-20.608286884069557,0.0,epithelial_tumor_class2
99.94863340249428,-122.27396420398603,0.0,epithelial_tumor_class2
-115.23191573299032,-142.56035165237776,0.0,epithelial_tumor_class2
47.056469588169485,-194.11281803805676,0.0,epithelial_tumor_class2
0.7952209653733876,-52.87599689328627,0.0,epithelial_tumor_class2
156.82139066652107,-104.09512813272153,0.0,epithelial_tumor_class2
-9.256010275334768,41.293819975685054,0.0,epithelial_tumor_class2
19.98691770118181,133.67012303472973,0.0,epithelial_tumor_class2
-68.82628845542665,87.77843126873708,0.0,epithelial_tumor_class2
-2.245220972214478,-98.67329012222072,0.0,epithelial_tumor_class2
85.87876642584229,128.09113670471086,0.0,epithelial_tumor_class2
26.195428265977,-120.2726324257627,0.0,epithelial_tumor_class2
-37.33294610431088,118.45240030034103,0.0,epithelial_tumor_class2
-18.56664562453267,178.11237697107555,0.0,epithelial_tumor_class2
-141.8922778071135,-53.47390402191041,0.0,mesenchymal_tumor
-36.42244723839816,56.53379014591824,0.0,mesenchymal_tumor
129.78085530564496,148.02071112190143,0.0,mesenchymal_tumor
56.57043011859191,75.49851343449268,0.0,mesenchymal_tumor
64.328896288251,70.80533942435619,0.0,mesenchymal_tumor
-38.65601791227397,49.16751343411444,0.0,mesenchymal_tumor
-172.77207932978345,50.46604285514432,0.0,mesenchymal_tumor
5.99227534475573,114.33468066466938,0.0,mesenchymal_tumor
179.53924687835323,-51.079771517730684,0.0,mesenchymal_tumor
-133.86394449688598,33.90646689896136,0.0,mesenchymal_tumor
82.35835864653463,78.88011556740088,0.0,mesenchymal_tumor
-152.0731313868522,-30.537259631596626,0.0,mesenchymal_tumor
0.11689593626092852,73.88471019992731,0.0,mesenchymal_tumor
-38.93686316981097,-14.543867429534926,0.0,mesenchymal_tumor
64.97890948215397,-156.17306027816514,0.0,mesenchymal_tumor
5.616242654219019,189.13936058060867,0.0,mesenchymal_tumor
22.365999353661334,-35.5482019198377,0.0,mesenchymal_tumor_class1
118.36991994306881,13.628616821012077,0.0,mesenchymal_tumor_class1
-68.2010077825082,-22.760592586785048,0.0,mesenchymal_tumor_class1
139.74649451542,9.712620685305614,0.0,mesenchymal_tumor_class1
-94.08567961430263,-159.2039112320562,0.0,mesenchymal_tumor_class1
31.134884288470488,-72.79699602743555,0.0,mesenchymal_tumor_class1
-31.515803362358778,105.16560345721162,0.0,mesenchymal_tumor_class1
140.49740139926925,83.89089496192977,0.0,mesenchymal_tumor_class1
73.63151104850965,-80.91071056013479,0.0,mesenchymal_tumor_class1
-90.91728796715879,-55.91106682812731,0.0,mesenchymal_tumor_class1
-156.96684765959694,-35.9214682220559,0.0,mesenchymal_tumor_class1
-73.88900456361364,14.221364570322615,0.0,mesenchymal_tumor_class1
102.35548023021923,108.4353198942579,0.0,mesenchymal_tumor_class1
-2.7962966441385535,142.976534823177,0.0,mesenchymal_tumor_class1
90.60165368654566,-38.76993145771062,0.0,mesenchymal_tumor_class1
-102.36332733924411,7.350240579254654,0.0,mesenchymal_tumor_class1
6.75759431725013,76.77847086754988,0.0,mesenchymal_tumor_class1
-110.12556559451608,23.0362612090121,0.0,mesenchymal_tumor_class1
-21.465435136692477,123.57212655360536,0.0,mesenchymal_tumor_class1
-132.095848204063,62.80237547093366,0.0,mesenchymal_tumor_class1
-61.50463924588254,8.59781666375046,0.0,mesenchymal_tumor_class1
-74.31791788130094,-162.33774048213076,0.0,mesenchymal_tumor_class1
20.348268983848843,-38.33315860237069,0.0,mesenchymal_tumor_class1
75.08741732816105,-118.44403276188942,0.0,mesenchymal_tumor_class1
-54.415346519956884,6.925690660942084,0.0,mesenchymal_tumor_class1
-111.1646276147565,156.95743195922503,0.0,mesenchymal_tumor_class1_class2
-6.847158681421854,-152.49533196901885,0.0,mesenchymal_tumor_class1_class2
163.17956768266683,-95.05021008020542,0.0,mesenchymal_tumor_class1_class2
-104.36875035931254,-126.07313804486819,0.0,mesenchymal_tumor_class1_class2
-28.764786254796803,146.75899287118776,0.0,mesenchymal_tumor_class1_class2
117.56585237572413,90.57609887097144,0.0,mesenchymal_tumor_class1_class2
155.0824630342475,7.2371263516665785,0.0,mesenchymal_tumor_class1_class2
60.82689435586481,-54.51834221463492,0.0,mesenchymal_tumor_class1_class2
59.08084499533569,40.44601163303917,0.0,mesenchymal_tumor_class1_class2
128.96915263307028,103.23072601498858,0.0,mesenchymal_tumor_class1_class2
7.8171032263086335,-86.20640913819567,0.0,mesenchymal_tumor_class1_class2
-25.51884754550847,-151.66487229753736,0.0,mesenchymal_tumor_class1_class2
-107.27266247768716,-69.30063573813612,0.0,mesenchymal_tumor_class1_class2
1.5260048454598167,3.073338099757542,0.0,mesenchymal_tumor_class1_class2
-49.925038296843326,84.0167206226339,0.0,mesenchymal_tumor_class1_class2
-73.37706130579635,153.51975333797915,0.0,mesenchymal_tumor_class1_class2
-139.17164474373203,-112.67172177966467,0.0,mesenchymal_tumor_class1_class2
-81.88402350088207,37.807905409958124,0.0,mesenchymal_tumor_class1_class2
-24.576391319840596,103.67768244691365,0.0,mesenchymal_tumor_class1_class2
-7.088331706860177,-13.307676499901728,0.0,mesenchymal_tumor_class1_class2
-41.54376672494589,-174.21520641888108,0.0,mesenchymal_tumor_class1_class2
95.84591164577775,169.55820803407875,0.0,mesenchymal_tumor_class1_class2
-114.57760102250415,-116.08256009703432,0.0,mesenchymal_tumor_class1_class2
111.39417259169751,-158.64801950100212,0.0,mesenchymal_tumor_class1_class2
87.38371401217482,84.92134869820698,0.0,mesenchymal_tumor_class1_class2
-46.155950381826166,150.76474814332502,0.0,mesenchymal_tumor_class1_class2
119.82984313654794,-158.88655167870525,0.0,mesenchymal_tumor_class1_class2
17.355166395891512,-21.68217543922171,0.0,mesenchymal_tumor_class1_class2
-128.44383649042123,-138.4005914704229,0.0,mesenchymal_tumor_class1_class2
79.47690092711669,-146.5690860823682,0.0,mesenchymal_tumor_class1_class2
-11.875503430917107,113.4157942703328,0.0,mesenchymal_tumor_class1_class2
-111.01880394442041,-47.49840756820186,0.0,mesenchymal_tumor_class1_class2
69.35817235504045,167.79658322680157,0.0,mesenchymal_tumor_class1_class2
-88.61672385864726,-98.34347322277092,0.0,mesenchymal_tumor_class2
140.30968834428464,99.9520482077507,0.0,mesenchymal_tumor_class2
23.141172029285283,8.839959310583199,0.0,mesenchymal_tumor_class2
33.859217728495835,-64.27063649712983,0.0,mesenchymal_tumor_class2
37.80517315416471,0.744860318349532,0.0,mesenchymal_tumor_class2
82.19357191164269,-111.29777998129764,0.0,PDAC_unclassified
-87.62957021634548,-151.8378226865792,0.0,PDAC_unclassified
-157.93352037478485,8.255986214989013,0.0,PDAC_unclassified
21.888180087842997,-56.65860443606725,0.0,PDAC_unclassified
-149.01416699050003,-31.778189890423278,0.0,PDAC_unclassified
-103.84342316606805,-41.93598346331009,0.0,PDAC_unclassified
-3.370207031518699,194.39509927258717,0.0,PDAC_unclassified
57.96053130743395,-75.5141219949928,0.0,PDAC_unclassified
168.03061980447038,-79.69721770755625,0.0,PDAC_unclassified
165.0241667926107,-60.98364844518267,0.0,PDAC_unclassified
-169.5994336593096,-50.398760372130496,0.0,PDAC_unclassified
-108.72704893619267,101.17660361105929,0.0,PDAC_unclassified
37.343713238857205,92.92599152124095,0.0,PDAC_unclassified
1.895192834245723,193.08765124211143,0.0,PDAC_unclassified
83.11629373993124,-92.94792724852388,0.0,PDAC_unclassified
-102.03261376154865,48.41754628486835,0.0,PDAC_unclassified
-67.98059102954957,-111.05829700824037,0.0,PDAC_unclassified
-40.17192615806403,-166.40083079957378,0.0,PDAC_unclassified
-49.500796135825325,-91.55543983224183,0.0,PDAC_unclassified
-122.05414036342502,102.06780952892248,0.0,PDAC_unclassified
-43.10999564574518,-160.21408485647578,0.0,PDAC_unclassified
99.78050340730125,-49.20822408635489,0.0,PDAC_unclassified
-31.57010326233232,-153.66412897662462,0.0,PDAC_unclassified
46.29976614159202,176.86678124557253,0.0,PDAC_unclassified
99.63990437101418,-80.23340016789692,0.0,PDAC_unclassified
-4.4891852725750825,-25.613728342766965,0.0,PDAC_unclassified
-58.052117738890225,-76.1907548211142,0.0,PDAC_unclassified
105.589137833481,122.40826494610725,0.0,PDAC_unclassified
56.642807809874284,186.5173648758417,0.0,PDAC_unclassified
145.9541590216813,-30.645531890377743,0.0,PDAC_unclassified
9.545920293482494,-49.76007584522238,0.0,PDAC_unclassified
125.18132481053799,90.84906901930553,0.0,PDAC_unclassified
-111.98922172772573,-70.85555096413366,0.0,PDAC_unclassified
61.87289852737394,31.413327056864585,0.0,PDAC_unclassified
195.31771953805864,-34.07568666021584,0.0,PDAC_unclassified
-136.5890769531142,-4.418813308292683,0.0,PDAC_unclassified
-112.99489694025523,-18.949688469140472,0.0,PDAC_unclassified
155.07663551105952,36.6690556014578,0.0,PDAC_unclassified
-107.38008587265271,79.9035580213378,0.0,PDAC_unclassified
-32.5634568734997,-48.1792580511303,0.0,PDAC_unclassified
12.271550748910538,120.40339543749938,0.0,PDAC_unclassified
16.64413568097281,-41.65497902666444,0.0,PDAC_unclassified
66.09583916430834,143.96422189712246,0.0,PDAC_unclassified
82.87678863376041,89.56965407694385,0.0,PDAC_unclassified
-57.98689545951263,117.65814935926336,0.0,PDAC_unclassified
-36.49858116673953,162.653365058845,0.0,PDAC_unclassified
-106.36769225494601,-60.546996694916714,0.0,PDAC_unclassified
-24.658424166539753,3.9446735084848097,0.0,PDAC_unclassified
-32.098374401126755,140.44998681072934,0.0,PDAC_unclassified
23.229948007392757,-124.45885678754425,0.0,PDAC_unclassified
84.74158624133105,140.87248523705497,0.0,PDAC_unclassified
34.705328301086105,-66.588828515436,0.0,PDAC_unclassified
78.59753693082759,30.95131774443144,0.0,PDAC_unclassified
-32.14862195003167,-58.443694267932784,0.0,PDAC_unclassified
-4.841984260935641,-46.14124656856708,0.0,PDAC_unclassified
69.15872057429326,84.29057000484573,0.0,PDAC_unclassified
33.94775576135847,-16.213924177089144,0.0,PDAC_unclassified
-73.20839491302704,166.10906534730108,0.0,PDAC_unclassified
-114.75962742361759,-147.03965251594656,0.0,PDAC_unclassified
-21.144513543210184,-36.73903470498338,0.0,PDAC_unclassified
-153.31027576716212,-120.05906249769868,0.0,PDAC_unclassified
84.13691219055279,95.63699433099262,0.0,PDAC_unclassified
-74.33309881301504,4.771125767078123,0.0,PDAC_unclassified
1.7704645273408677,-162.72379263013204,0.0,PDAC_unclassified
30.614680935454707,-182.22482008572925,0.0,PDAC_unclassified
-145.3384905593171,115.49808004185192,0.0,PDAC_unclassified
127.0296472887597,-51.56886631431444,0.0,PDAC_unclassified
-3.287557435250633,-198.88407949677608,0.0,PDAC_unclassified
37.99550995317726,2.6010896635880574,0.0,PDAC_unclassified
72.63303586290193,-75.97624228697504,0.0,PDAC_unclassified
48.4567959298394,-187.16982165003927,0.0,PDAC_unclassified
-123.16681257166063,-111.12475258838276,0.0,PDAC_unclassified
-9.401548474361588,-179.1265733576656,0.0,PDAC_unclassified
25.70553328535526,-197.0212750881704,0.0,PDAC_unclassified
-21.485488608650353,-76.99808338250044,0.0,PDAC_unclassified
180.43924937825034,77.08482034818418,0.0,PDAC_unclassified
-130.96107651960847,5.181857929918105,0.0,PDAC_unclassified
-123.0418443739293,-31.1086398413257,0.0,PDAC_unclassified
111.50377885592656,-14.836751764192616,0.0,PDAC_unclassified
-106.00531564991081,-129.99940382551736,0.0,PDAC_unclassified
73.72788560858162,31.10774904368374,0.0,PDAC_unclassified
-42.18588072655171,-62.556324777492094,0.0,PDAC_unclassified
81.17672178946097,-158.53044974499193,0.0,PDAC_unclassified
-22.395352434200472,-163.3796096665433,0.0,PDAC_unclassified
81.394603850441,-115.48419418513947,0.0,PDAC_unclassified
90.36534354701007,140.33981777985906,0.0,PDAC_unclassified
4.152693131424573,64.12747337660132,0.0,PDAC_unclassified
-185.707809561031,9.452845206012608,0.0,PDAC_unclassified
-6.845359087621687,50.992682611745224,0.0,PDAC_unclassified
139.549230013757,-50.294881897379234,0.0,PDAC_unclassified
-156.13665491663485,68.54395111189837,0.0,PDAC_unclassified
-20.04698209097005,-15.008797093179961,0.0,PDAC_unclassified
112.38541042841322,-38.93986425834489,0.0,PDAC_unclassified
-177.24813258656175,27.34311093158562,0.0,PDAC_unclassified
34.42432351203282,-93.95942627264378,0.0,PDAC_unclassified
-138.272321952728,-130.4212727730128,0.0,PDAC_unclassified
62.10860599926603,-50.316026325195466,0.0,PDAC_unclassified
-36.7574882825878,143.7665835610424,0.0,PDAC_unclassified
-124.44144632744732,-52.87123812394875,0.0,PDAC_unclassified
149.11367625104893,-96.35128960618081,0.0,PDAC_unclassified
49.91483198792826,181.80404525923146,0.0,PDAC_unclassified
-94.99936018735153,-65.48045428635554,0.0,PDAC_unclassified
-160.38770596562384,-1.5976710616647762,0.0,PDAC_unclassified
153.5601098099446,22.822261541298854,0.0,PDAC_unclassified
23.418673030044456,-172.62190720952938,0.0,PDAC_unclassified
132.3943459469984,-43.03871736267489,0.0,PDAC_unclassified
117.59137505004398,-75.45920710400776,0.0,PDAC_unclassified
121.575557530286,-143.04900637243898,0.0,PDAC_unclassified
-1.673381514887636,-123.4424194999049,0.0,PDAC_unclassified
-87.3107109811178,-103.23606179026375,0.0,PDAC_unclassified
-79.70731387239512,-117.52210133791283,0.0,PDAC_unclassified
67.84284355249996,-154.62853056840163,0.0,PDAC_unclassified
-56.94881152330619,66.63015942233537,0.0,PDAC_unclassified
-110.40959999319982,22.51845980512213,0.0,PDAC_unclassified
-176.37440628538204,-88.3480997113558,0.0,PDAC_unclassified
45.2852817194012,48.165228411874466,0.0,PDAC_unclassified
-27.093622854434905,-19.799386219138654,0.0,PDAC_unclassified
22.571939134657665,21.20562259177716,0.0,PDAC_unclassified
75.8363025529448,18.27330618181716,0.0,PDAC_unclassified
31.848564671802503,-180.1977349364206,0.0,PDAC_unclassified
-1.9232615554216728,-75.39326296040453,0.0,PDAC_unclassified
-127.90756946612242,129.078099467667,0.0,PDAC_unclassified
-2.5285675693346548,-187.24963137024523,0.0,PDAC_unclassified
20.4941919614108,185.89661814476977,0.0,PDAC_unclassified
-101.16139290380305,-133.25707375694918,0.0,PDAC_unclassified
-19.148599258572798,162.17383627877308,0.0,PDAC_unclassified
42.116431808687686,160.52388382406727,0.0,PDAC_unclassified
-71.63440939690967,114.5768861631212,0.0,PDAC_unclassified
7.905702524437797,-196.04144693744752,0.0,PDAC_unclassified
-192.32865870159887,51.13489063239365,0.0,PDAC_unclassified
24.477555026535104,-53.146414807018196,0.0,PDAC_unclassified
-189.90188182188695,-13.469667226934696,0.0,PDAC_unclassified
21.52276743991242,-141.81690607958654,0.0,PDAC_unclassified
23.048492933065543,-87.77058573678481,0.0,PDAC_unclassified
107.1944107772254,17.39070655449266,0.0,PDAC_unclassified
76.22354959490242,50.70030019816441,0.0,PDAC_unclassified
-16.25745702296307,-99.50175945257716,0.0,PDAC_unclassified
-16.298391720543012,-137.67512282079096,0.0,PDAC_unclassified
-46.660909206433665,107.17927876750049,0.0,PDAC_unclassified
184.39687509634572,-3.624217245231984,0.0,PDAC_unclassified
-176.33255517505094,-88.14952216128654,0.0,PDAC_unclassified
-111.58043581947011,-92.09492005318815,0.0,PDAC_unclassified
53.89949957730405,147.04231320570617,0.0,PDAC_unclassified
-165.80737907081422,108.54628446623325,0.0,PDAC_unclassified
-16.48527741626806,-123.45043810959278,0.0,PDAC_unclassified
42.71731019643211,-163.28969094359618,0.0,PDAC_unclassified
128.75185194552674,-104.8548212007681,0.0,PDAC_unclassified
-27.66648460666244,49.82044590698112,0.0,PDAC_unclassified
-74.90707675980359,-174.39371981333238,0.0,PDAC_unclassified
122.47162094198781,-94.21210290108016,0.0,PDAC_unclassified
-37.6435799428923,75.04657389622984,0.0,PDAC_unclassified
35.247771212040846,166.81641069609526,0.0,PDAC_unclassified
3.201884393209899,54.44612720508952,0.0,PDAC_unclassified
111.28203217327271,-119.01766710176139,0.0,PDAC_unclassified
58.41134600753278,-176.71800142453364,0.0,PDAC_unclassified
-71.99529647395524,155.5137959880946,0.0,PDAC_unclassified
-174.53285638013872,39.16757766949616,0.0,PDAC_unclassified
-106.38614463279711,-92.89810613942875,0.0,PDAC_unclassified
125.64608043281123,133.08592563923284,0.0,PDAC_unclassified
-32.27539522209145,-120.43534389319117,0.0,PDAC_unclassified
-151.81421333306108,90.43452567083578,0.0,PDAC_unclassified
-160.09696624953762,66.58226376662246,0.0,PDAC_unclassified
-65.28617900759477,149.70057455848564,0.0,PDAC_unclassified
4.22396711142532,-97.20913367424572,0.0,PDAC_unclassified
-9.152907024688089,108.42777107873601,0.0,PDAC_unclassified
-126.42482314405851,-56.226346280759415,0.0,PDAC_unclassified
-156.02366486917464,107.47671025307046,0.0,PDAC_unclassified
