x,y,z,type
-236.41937218812407,14.374999860232489,0.0,CAF
-143.88874070689673,-176.1203837614667,0.0,CAF
-348.3737389541112,177.88958459759485,0.0,CAF
341.9234164446752,113.54384978603144,0.0,CAF
-42.86659673802519,-303.16761168307164,0.0,CAF
-297.77343708074284,123.26962814787333,0.0,CAF
19.300235870157533,-256.4937463777799,0.0,CAF
231.76448839080538,23.589366254248393,0.0,CAF
-164.54709280682857,-218.84915266659075,0.0,CAF
215.44968052852002,25.536573411763115,0.0,CAF
-259.4857671284651,-54.309692726906384,0.0,CAF
-106.77194301748486,-383.5959412440055,0.0,CAF
-373.8687156752444,94.47502228484325,0.0,CAF
-222.45742432736918,69.29844078466549,0.0,CAF
323.5031448568753,166.77568513506787,0.0,CAF
141.87691474656717,170.1034487265031,0.0,CAF
240.0748035360228,-293.9146681069992,0.0,CAF
92.12504358479751,264.7985376372229,0.0,CAF
-349.7408007578503,-1.5352727621077038,0.0,CAF
-200.26149114738433,20.748477483942594,0.0,CAF
-145.25834105719431,148.53601454837474,0.0,CAF
-255.0157282361062,-20.139009088696476,0.0,CAF
174.7775301080989,124.87625934879877,0.0,CAF
181.31727889887537,-352.31534584534825,0.0,CAF
247.814874113933,248.49126375647322,0.0,CAF
192.2968757257806,-296.91082796922336,0.0,CAF
-112.67190531624355,319.6845225580753,0.0,CAF
-230.2587771789992,160.63253948127388,0.0,CAF
78.42054318640974,262.48529458297884,0.0,CAF
10.985411766990794,288.23069734672947,0.0,CAF
-288.9358456801801,225.9592309501565,0.0,CAF
-249.33175273590066,65.49338431314577,0.0,CAF
249.68965510401114,-146.98303306564952,0.0,CAF
-136.78299534210507,-298.05154966227974,0.0,CAF
212.46459782239748,227.94061227809198,0.0,CAF
114.49796061048522,311.26166993600395,0.0,CAF
317.64845220406767,184.9836507872987,0.0,CAF
296.71672044135187,-209.90257784289048,0.0,CAF
-161.20452511575968,-141.47008418777094,0.0,CAF
250.4491210083442,-65.09911972690973,0.0,CAF
7.550999691829645,365.7124274448151,0.0,CAF
-72.26434425244538,325.67205457237276,0.0,CAF
286.0122827639754,213.3926577845335,0.0,CAF
-315.12968849799677,180.2403726038032,0.0,CAF
-358.39196180385454,-141.03965505964814,0.0,CAF
-127.57760436717463,311.03642346788075,0.0,CAF
184.6656521391561,-204.39985090236578,0.0,CAF
-143.2997001362554,-140.07363682326596,0.0,CAF
-117.72357817868289,270.845466923536,0.0,CAF
-330.89436605881184,190.1522142418857,0.0,CAF
362.7817870656352,-124.75125072931141,0.0,CAF
-224.91636925917305,-323.7415243020346,0.0,CAF
209.74400181024993,-311.9513526108928,0.0,CAF
-319.72798334608706,129.10805145310573,0.0,CAF
61.04005294630926,-245.81385969124943,0.0,CAF
309.0890895702572,155.03914188263838,0.0,CAF
-39.678733228105855,-274.21090551231606,0.0,CAF
-148.4910725742071,252.57538313345083,0.0,CAF
10.419336342318688,-292.1721953059944,0.0,CAF
-198.5306414305249,-116.84624448792479,0.0,CAF
-173.56050952710663,-338.2165345520609,0.0,CAF
373.1925996164585,-99.25031181936895,0.0,CAF
21.405830572179724,349.07583729770147,0.0,CAF
197.6861729855405,286.47869155945983,0.0,CAF
-151.03573246797558,269.3004374635124,0.0,CAF
177.3272812622337,-302.7976302754704,0.0,CAF
308.8321477489364,176.5094929313558,0.0,CAF
267.5303947400157,-291.8461345069055,0.0,CAF
65.25294016797761,-381.227414890887,0.0,CAF
-301.9161048823062,-185.40046008366915,0.0,CAF
-88.33698454109299,220.56280781097507,0.0,CAF
-138.57182958160482,-213.398726885427,0.0,CAF
-242.57526503956146,-196.53345227187268,0.0,CAF
87.49363921875116,250.99918453981044,0.0,CAF
-248.0293457602989,-242.13140931199288,0.0,CAF
116.18922486979024,183.9728587379918,0.0,CAF
-238.968562816614,24.653356914151956,0.0,CAF
-88.82312018664591,202.33364240885805,0.0,CAF
132.92278779457348,-299.87092336488604,0.0,CAF
-309.16803742273424,32.766878159310416,0.0,CAF
-113.91763137035615,294.41856237614945,0.0,CAF
220.65875023032274,-146.2885321715662,0.0,CAF
-1.029944807418996,295.9060427632333,0.0,CAF
356.8284518881757,-30.72563720637021,0.0,CAF
331.388590940107,101.60711072637433,0.0,CAF
0.7763911091738402,-355.3369719243614,0.0,CAF
105.65314067072546,229.9342131890242,0.0,CAF
362.7656824418946,96.62938530775025,0.0,CAF
137.45029138144665,-156.8543542583045,0.0,CAF
-286.58796223294706,22.06183777907537,0.0,CAF
-189.9574194731059,268.9294895314892,0.0,CAF
-345.42292147277465,-60.451375851518954,0.0,CAF
-2.9701736856482417,-285.7516934938119,0.0,CAF
63.12859173998511,370.7075843069732,0.0,CAF
272.08200790452605,24.455497403287005,0.0,CAF
-123.61642756470403,-256.2944272764911,0.0,CAF
-30.315467818961583,262.27102947849306,0.0,CAF
249.09193058515882,-246.40394749612662,0.0,CAF
-323.39890152415046,-232.4888857940769,0.0,CAF
308.4760576789351,-98.0952649851129,0.0,CAF
-374.81363370888994,-100.62077357539569,0.0,CAF
351.32804282931085,105.7382185409942,0.0,CAF
28.90888760028834,358.42876596011337,0.0,CAF
105.18518897349719,253.99571192616722,0.0,CAF
192.27892425342813,-125.94456660401697,0.0,CAF
-81.03062405832291,281.5608093110442,0.0,CAF
94.14573223732125,-363.45533889351606,0.0,CAF
-261.8292243357176,183.6368196396869,0.0,CAF
-226.74751821581796,-183.28257527493824,0.0,CAF
98.18068302890309,-387.36400193733937,0.0,CAF
-285.17336026551817,-6.364021796060089,0.0,CAF
147.44409326998775,-316.9348677489542,0.0,CAF
-88.25227467005075,-286.78686215538755,0.0,CAF
188.93089077980696,-86.01427839725652,0.0,CAF
238.20774529707344,295.32104579978807,0.0,CAF
-344.248874072682,-32.12694432181766,0.0,CAF
251.8954053876642,244.64402055690888,0.0,CAF
-345.512679075184,-174.04451427111928,0.0,CAF
104.66802504813077,284.3332524303935,0.0,CAF
291.86002008931604,-261.3531469226215,0.0,CAF
-197.27581337959364,122.99677478796468,0.0,CAF
-37.461495403714856,-258.0253497401976,0.0,CAF
17.851988757036985,297.38950884764904,0.0,CAF
321.40285139477646,-88.82497203438143,0.0,CAF
-197.92246035333406,-122.25864106943347,0.0,CAF
-236.05946449088208,-238.58032656284684,0.0,CAF
320.7974282042708,7.621927439153411,0.0,CAF
321.7092921879526,-78.25760139582354,0.0,CAF
-127.48619429921337,272.4447110638852,0.0,CAF
183.6545998942285,-242.93766815080926,0.0,CAF
122.14006166629476,337.61172157092193,0.0,CAF
66.34598515824771,-365.2346179414638,0.0,CAF
116.97484472910158,-175.6873220454191,0.0,CAF
358.6361088373042,-12.451564483703526,0.0,CAF
282.3390257537417,268.6309939529032,0.0,CAF
-135.84120439072652,204.28577596799937,0.0,CAF
60.0872697856255,-239.46018669084074,0.0,CAF
-69.39693033491206,219.56702412588737,0.0,CAF
24.409508844596164,-253.5238934139497,0.0,CAF
-212.7339578709031,-33.030571641925036,0.0,CAF
373.11488365718435,97.65546035189767,0.0,CAF
212.86545838520806,162.40876673811127,0.0,CAF
235.00900938990645,58.42987895116713,0.0,CAF
64.64724849458739,291.53208597937424,0.0,CAF
103.00251726200734,-305.7082115395696,0.0,CAF
86.85672187037125,-351.2139031507542,0.0,CAF
-271.23042499914453,-151.33588715750793,0.0,CAF
265.05816899387014,274.0304594434719,0.0,CAF
279.9539108144438,79.23776547086443,0.0,CAF
232.95659355156081,-68.27642553074804,0.0,CAF
-337.17518727019467,-187.10240628388578,0.0,CAF
263.58644693784015,226.524538124202,0.0,CAF
-43.53045379827295,-214.61547858363082,0.0,CAF
286.8456811486776,142.76003904161107,0.0,CAF
-269.5286902328167,102.80555730314461,0.0,CAF
202.90367803465222,-107.23221114003451,0.0,CAF
301.0617085098132,-72.17253555061896,0.0,CAF
203.8902567350896,-215.0806998177265,0.0,CAF
-243.72798015274887,-279.87530869337536,0.0,CAF
299.10429208997886,-81.44664925301656,0.0,CAF
175.4635554116957,250.89512146649759,0.0,CAF
188.85020084543294,-251.36219929136692,0.0,CAF
-334.6501689335446,-65.94166809926894,0.0,CAF
23.564178024935128,256.8227768836009,0.0,CAF
343.90513831865155,131.93371840464064,0.0,CAF
30.630023139955277,282.07628990054434,0.0,CAF
-183.9441585950156,103.70384674731989,0.0,CAF
289.4019479606562,265.87219703011885,0.0,CAF
224.21818707313693,-171.27042571137068,0.0,CAF
-96.24818990792117,226.13543313686526,0.0,CAF
-8.762987361650595,281.7932514269395,0.0,CAF
221.94362643388988,-122.0827379853814,0.0,CAF
75.50094839584123,322.5586480473469,0.0,CAF
160.41711591158298,-226.1602955412806,0.0,CAF
240.38744457690362,59.54914140185645,0.0,CAF
-259.7666490185071,281.22517286420725,0.0,CAF
181.4180271397002,338.397302249622,0.0,CAF
-299.46861797994995,-44.22341683677974,0.0,CAF
-274.83611781021256,18.244680886619076,0.0,CAF
239.28442278996351,84.4919547633204,0.0,CAF
-74.79810361260509,225.55684731200614,0.0,CAF
137.60868823361398,254.50152066552508,0.0,CAF
-274.6178164072295,-0.6858595202083462,0.0,CAF
259.9497701301067,-282.0794580902848,0.0,CAF
48.5574618103781,-343.9236200289598,0.0,CAF
267.53765097399423,-6.778736861594342,0.0,CAF
23.308871743189606,271.501315829522,0.0,CAF
-352.7962071552936,-32.19880627597448,0.0,CAF
-119.16524938900906,-236.14797830584425,0.0,CAF
-68.42644710773398,282.4652051520486,0.0,CAF
-14.17221813891239,384.6309586620223,0.0,CAF
-27.551274936282987,306.78701737679955,0.0,CAF
228.86807017937127,179.826380715628,0.0,CAF
15.259481381944541,-342.5193875055798,0.0,CAF
-61.460933505036664,264.54322204629153,0.0,CAF
302.173444493865,-231.66670405427752,0.0,CAF
73.55078389339191,326.4472436095038,0.0,CAF
-77.13685790407095,-346.43672898338156,0.0,CAF
317.51209000665216,217.14637113265974,0.0,CAF
-113.0916463298023,330.5863907571818,0.0,CAF
-204.90773659379082,42.43803252565532,0.0,CAF
166.95696978122572,243.86796320544977,0.0,CAF
46.45712848736855,220.16388943939413,0.0,CAF
302.9090056627733,-143.88863757398798,0.0,CAF
-285.9247977332203,-120.58184130161766,0.0,CAF
266.239902730343,-11.827279936468697,0.0,CAF
303.0151491224594,-46.64761862736104,0.0,CAF
234.46016913853794,90.78314918652637,0.0,CAF
-338.1409999938264,120.69227814096644,0.0,CAF
244.05041573294363,157.35473575684546,0.0,CAF
-36.15139893636961,396.39934403393784,0.0,CAF
-68.01310224809616,-330.1637643180851,0.0,CAF
203.73342651101234,-251.74899897534354,0.0,CAF
156.19425704981805,-169.28230531539316,0.0,CAF
-312.44458594494154,60.65991306364043,0.0,CAF
273.5275345066717,-129.3050962188252,0.0,CAF
107.13678373560505,199.34617117539017,0.0,CAF
322.7353164895316,45.27731217593504,0.0,CAF
109.00408544529935,352.5401596278346,0.0,CAF
-182.74102551559974,310.82258421362553,0.0,CAF
-185.24021995445807,-100.04397934210736,0.0,CAF
273.08803768903107,270.4502971636371,0.0,CAF
144.92280810820566,365.59752444916546,0.0,CAF
236.27138411640158,-259.01915063984495,0.0,CAF
-243.4100277521063,243.40948719332022,0.0,CAF
209.00491593174775,266.58898524996937,0.0,CAF
-29.691175083619367,-351.85661324317954,0.0,CAF
211.92847346841472,138.5302207130837,0.0,CAF
-129.4059550511785,-208.22226593820346,0.0,CAF
-9.485244422115983,-395.1974353649936,0.0,CAF
-42.45696752800751,-217.76997108644264,0.0,CAF
-121.83166469873508,-165.30508594358696,0.0,CAF
221.50614138544884,-199.08740124655085,0.0,CAF
-143.86343758124517,153.60542844895076,0.0,CAF
257.6099800678876,98.5080097199097,0.0,CAF
-309.0877625946387,-237.71251657490626,0.0,CAF
221.0219394226051,227.83052969139695,0.0,CAF
291.68768242589175,-262.62360122534994,0.0,CAF
-231.84347713824712,64.35131992590283,0.0,CAF
58.583917309271996,-315.7240998003372,0.0,CAF
-68.69868713931623,-304.3938325642668,0.0,CAF
-308.32917933511237,-199.5340095035798,0.0,CAF
282.57333958761274,11.429840109581374,0.0,CAF
217.34381756084684,-60.499147827506256,0.0,CAF
-228.8356401837074,-233.95005755218503,0.0,CAF
166.00501775204924,154.26151885372025,0.0,CAF
-128.1466829671012,-244.38897321932993,0.0,CAF
-236.88701471088973,34.738703003971914,0.0,CAF
110.91570328738882,298.05870893982893,0.0,CAF
287.30014809581206,11.634558420744339,0.0,CAF
374.73866377767416,70.45597386928074,0.0,CAF
-212.54989933940826,-230.96363708754023,0.0,CAF
70.69985711460464,292.54735226575224,0.0,CAF
-173.30678321700043,258.4335755637831,0.0,CAF
-256.80675961091214,263.1690118239538,0.0,CAF
275.21057674759663,-149.47283310658324,0.0,CAF
-114.84064257599971,300.12024962351353,0.0,CAF
-306.78258919308814,-88.53896567018533,0.0,CAF
120.7002137893735,320.4459497575059,0.0,CAF
338.6825221358045,-126.24363766438884,0.0,CAF
-224.01576755695774,215.76027014951853,0.0,CAF
-209.6061533173499,-319.7384573194729,0.0,CAF
-214.39974075907512,125.85571712953556,0.0,CAF
202.12130211579156,-236.7289799437733,0.0,CAF
312.09753914015624,178.55566986188194,0.0,CAF
69.49189300798024,-253.1607500229295,0.0,CAF
-30.82854276823443,-394.2795830426519,0.0,CAF
242.47346344835233,-131.32097990413553,0.0,CAF
-78.79095746344191,190.29913903655648,0.0,CAF
-233.1695779956441,252.22601707795963,0.0,CAF
-221.8274624617876,83.07980254734599,0.0,CAF
76.47456529264873,-274.27603801415626,0.0,CAF
145.1218985849734,-300.6359162754178,0.0,CAF
125.19687523075557,341.35599990374277,0.0,CAF
-115.70293009891462,328.21993474909715,0.0,CAF
185.67646288837585,-259.38950575766876,0.0,CAF
273.16609508656654,-115.83678949551556,0.0,CAF
-15.93039659721252,255.73492877165546,0.0,CAF
118.23630142977328,-285.9769901620384,0.0,CAF
249.62867963324481,-282.82435676452656,0.0,CAF
147.20361243712398,178.1617623427659,0.0,CAF
-322.64988038989986,208.1931776235118,0.0,CAF
-172.21487204031806,300.74632269463586,0.0,CAF
319.0394266896117,-197.35927147346462,0.0,CAF
236.6665553416411,140.8329299270018,0.0,CAF
46.750469674729864,-297.18491396776,0.0,CAF
-224.81720764602716,-200.8693037764423,0.0,CAF
-63.66502851781288,-262.46563120504584,0.0,CAF
56.27878386668115,-87.2829524004697,0.0,CD4_Tcell
6.160998046212157,167.76784890925555,0.0,CD4_Tcell
115.15898010612996,140.79637832345884,0.0,CD4_Tcell
116.06783424405712,-16.17181043189446,0.0,CD4_Tcell
-122.08189056215015,-147.7083732445503,0.0,CD4_Tcell
-119.01880335188788,-95.41718531203182,0.0,CD4_Tcell
-91.62010159629017,42.70726578191759,0.0,CD4_Tcell
132.2021362869271,-89.88690503740824,0.0,CD4_Tcell
186.9389141483516,-23.873602152063135,0.0,CD4_Tcell
-9.958768023385304,-158.18656333579995,0.0,CD4_Tcell
-104.04431878304658,57.31399873988676,0.0,CD4_Tcell
-168.5946823486925,45.33445487464215,0.0,CD4_Tcell
124.11496352287423,84.227713654876,0.0,CD4_Tcell
-129.4325157620658,108.69831754829707,0.0,CD4_Tcell
80.2741680547224,-90.9397173512735,0.0,CD4_Tcell
59.562470941348764,-10.400783005596146,0.0,CD4_Tcell
75.83376717004212,-41.56299983946474,0.0,CD4_Tcell
-15.893588435015918,-173.0153511827347,0.0,CD4_Tcell
-29.41665533529361,-120.79577190032013,0.0,CD4_Tcell
-158.5558105655313,-9.995403131565366,0.0,CD4_Tcell
112.09399833739309,-45.00451906211829,0.0,CD4_Tcell
-69.98111817191072,-56.80873748360073,0.0,CD4_Tcell
-161.21068596602217,-13.024167265923795,0.0,CD4_Tcell
-11.783375292755213,69.553015927319,0.0,CD4_Tcell
-109.98719304011611,-144.59633158034904,0.0,CD4_Tcell
-26.618961098693834,-149.94020488929974,0.0,CD4_Tcell
25.245656821991023,-177.52969533704496,0.0,CD4_Tcell
80.67619259833498,-3.114014105210253,0.0,CD4_Tcell
-56.59644074646247,-39.8488180664044,0.0,CD4_Tcell
161.05747714512017,-7.79524588400165,0.0,CD4_Tcell
-94.78003445904922,-61.1252686336464,0.0,CD4_Tcell
-136.29854465657604,140.12612750774645,0.0,CD4_Tcell
46.05711486758852,-90.97389815897417,0.0,CD4_Tcell
106.8981308682511,-123.45253566573535,0.0,CD4_Tcell
-35.96523784638518,115.1419581478728,0.0,CD4_Tcell
-157.1440971442336,-18.046448440634748,0.0,CD4_Tcell
-60.050970549725356,134.4266855190693,0.0,CD4_Tcell
-24.375756106041177,-123.03483687011021,0.0,CD4_Tcell
73.02642834146066,106.73419764560174,0.0,CD4_Tcell
-120.00239675872281,75.66553330894435,0.0,CD4_Tcell
187.57573209000256,61.379015407677464,0.0,CD4_Tcell
-12.454743674974715,-178.13192028666964,0.0,CD4_Tcell
108.73197205615205,100.14451504972084,0.0,CD4_Tcell
1.2986821737234782,3.1984432781377192,0.0,CD4_Tcell
198.64901878417206,-8.70005479291972,0.0,CD4_Tcell
-100.62583916264398,74.93171117650898,0.0,CD4_Tcell
147.00394809869283,-107.51735393304598,0.0,CD4_Tcell
95.50424477365995,-41.364406192153325,0.0,CD4_Tcell
-49.51825887311308,81.50308230053379,0.0,CD4_Tcell
150.90712635866785,-49.01638336260403,0.0,CD4_Tcell
110.98462158489234,104.89393611013762,0.0,CD4_Tcell
-76.88462127597822,47.04255658054612,0.0,CD4_Tcell
-83.97320860945297,11.685033282803374,0.0,CD4_Tcell
159.78409036439973,75.69697552395647,0.0,CD4_Tcell
-160.59723897181473,102.94377136203872,0.0,CD4_Tcell
86.51028536408487,168.99600905722076,0.0,CD4_Tcell
-61.85434980898011,98.35811332299377,0.0,CD4_Tcell
-45.07513333032422,-143.3678503656526,0.0,CD4_Tcell
156.45460423912584,56.55799077294416,0.0,CD4_Tcell
-90.79277094901893,51.01485909477578,0.0,CD4_Tcell
37.81567135553425,73.34142673029525,0.0,CD4_Tcell
22.747698407509436,-125.33974611127552,0.0,CD4_Tcell
17.004675816875174,173.19869180455316,0.0,CD4_Tcell
169.33470715782505,64.08322721382152,0.0,CD4_Tcell
167.06923764681295,22.535602227067493,0.0,CD4_Tcell
-33.40153282876043,140.83835467033617,0.0,CD4_Tcell
-126.72961168476107,-147.60699620949703,0.0,CD4_Tcell
-68.28195578448933,-50.854942714240785,0.0,CD4_Tcell
158.87848716015878,-49.70054663871293,0.0,CD4_Tcell
-108.94181065677657,-113.06628213651796,0.0,CD4_Tcell
-195.70668889996463,-22.26330557704316,0.0,CD4_Tcell
123.94834644511947,7.371878078636613,0.0,CD4_Tcell
25.96239502166869,-140.00681130450354,0.0,CD4_Tcell
-136.81352869898822,-50.47604205072896,0.0,CD4_Tcell
-42.60501672711005,-69.95642421344182,0.0,CD4_Tcell
68.56706833799358,-149.85535500737876,0.0,CD4_Tcell
-179.49898111647366,-1.0718280031436056,0.0,CD4_Tcell
-103.87373362952982,-42.848206131485036,0.0,CD4_Tcell
58.1087336827085,40.810279993627084,0.0,CD4_Tcell
140.2717694964332,-44.96035871884545,0.0,CD4_Tcell
-2.3479434330344118,6.4166616743844225,0.0,CD4_Tcell
-191.76111127571752,-11.1604967950411,0.0,CD4_Tcell
-74.5763411733614,-5.409270483071412,0.0,CD4_Tcell
-103.57777379900004,-48.210991334820484,0.0,CD4_Tcell
86.59089981352876,1.1004254194228973,0.0,CD4_Tcell
63.33258458867091,-14.638916074940322,0.0,CD4_Tcell
-53.80333233304905,43.157797668894545,0.0,CD4_Tcell
97.3109029368248,-60.01954757586938,0.0,CD4_Tcell
-138.19493378387725,-37.27644792103252,0.0,CD4_Tcell
135.57994610352614,3.300428772327416,0.0,CD4_Tcell
108.06463176222896,-126.999125171792,0.0,CD4_Tcell
-22.463128014898192,180.37672078954276,0.0,CD4_Tcell
-77.60312984310708,61.15242857816142,0.0,CD4_Tcell
77.98744855747537,-52.21510456237199,0.0,CD4_Tcell
52.72186576757078,137.82861544022867,0.0,CD4_Tcell
112.3697983351579,-44.782799981427644,0.0,CD4_Tcell
-23.806465542753504,-141.4208331828357,0.0,CD4_Tcell
17.474550667150503,-74.1839396544945,0.0,CD4_Tcell
52.765661799934264,-12.864732427641451,0.0,CD4_Tcell
168.46301251189462,94.62865379907852,0.0,CD4_Tcell
114.87749091921027,42.93370802593911,0.0,CD4_Tcell
126.85134126936711,-35.002077229352594,0.0,CD4_Tcell
-27.35440286760956,39.91977764410259,0.0,CD4_Tcell
62.965701436781714,-47.93553608046112,0.0,CD4_Tcell
-163.92921297206655,15.658479220068186,0.0,CD4_Tcell
-45.859106313845636,-171.99734289722653,0.0,CD4_Tcell
122.87341910869384,-16.532831365233488,0.0,CD4_Tcell
-118.95455328848276,10.873591776129507,0.0,CD4_Tcell
-15.83933648383229,-158.14214528550858,0.0,CD4_Tcell
135.4123104371248,18.559453884617582,0.0,CD4_Tcell
170.58047767479638,-22.904096713290684,0.0,CD4_Tcell
182.49270616760447,-76.6070392506932,0.0,CD4_Tcell
185.8469547111404,-72.68589067787325,0.0,CD4_Tcell
-68.58510382727673,-172.29248155380336,0.0,CD4_Tcell
64.24618415978615,5.8707328037061,0.0,CD4_Tcell
153.49037389551862,-28.97778426048289,0.0,CD4_Tcell
-60.243483206122065,-50.12227859103249,0.0,CD4_Tcell
117.37672519975467,157.2086963755217,0.0,CD4_Tcell
-22.530733725097807,177.03647079628317,0.0,CD4_Tcell
-101.21946454170119,99.58991871031763,0.0,CD4_Tcell
-84.32817501693923,57.80891640443503,0.0,CD4_Tcell
-22.21492646557963,-170.2574301104389,0.0,CD4_Tcell
111.6874495669094,-44.419273108734984,0.0,CD4_Tcell
-46.94337901010302,-83.6349562202628,0.0,CD4_Tcell
159.5515777652446,52.869131107587094,0.0,CD4_Tcell
135.98651233629673,35.78669183357729,0.0,CD4_Tcell
129.05951546177104,73.84761283547415,0.0,CD4_Tcell
4.389650665163261,65.18258277166468,0.0,CD4_Tcell
-73.0103939239654,-61.960214501219745,0.0,CD4_Tcell
-8.616786142714796,169.38416719095042,0.0,CD4_Tcell
-17.777140505490088,-87.85385485891757,0.0,CD4_Tcell
-140.9054849887656,-19.826521330084567,0.0,CD4_Tcell
-91.17383427589863,-138.42368839900587,0.0,CD4_Tcell
-59.86686262673778,79.32038449313401,0.0,CD4_Tcell
-28.88093313402434,-18.969353937748213,0.0,CD4_Tcell
42.69347759919662,-94.68391773982704,0.0,CD4_Tcell
32.35575728553535,159.94922794598932,0.0,CD4_Tcell
171.10513806918505,-27.3369606317932,0.0,CD4_Tcell
143.01392393276646,13.213220785169458,0.0,CD4_Tcell
16.23233553605097,-116.2765914998261,0.0,CD4_Tcell
117.20906325825739,-53.89922499540188,0.0,CD4_Tcell
-95.9665608134744,72.78075988237792,0.0,CD4_Tcell
-84.74251717826773,22.244976105443723,0.0,CD4_Tcell
-159.33737014232585,-35.71493294581739,0.0,CD4_Tcell
-86.98771200741642,-171.63269998201363,0.0,CD4_Tcell
159.2338532332442,41.09707033895706,0.0,CD4_Tcell
-73.09602379947114,157.2832978640951,0.0,CD4_Tcell
175.1079417111735,-16.913552455431574,0.0,CD4_Tcell
147.69591513802456,38.59793886374185,0.0,CD4_Tcell
90.92225806083842,43.05859799997079,0.0,CD4_Tcell
58.17146769464698,15.391918158864224,0.0,CD4_Tcell
-191.87041225952396,-15.736736095334061,0.0,CD4_Tcell
-94.42703499791278,-89.48973934561872,0.0,CD4_Tcell
-173.35499531555658,-44.52391060172634,0.0,CD4_Tcell
50.66138657967845,30.560371003204402,0.0,CD4_Tcell
134.31067328592286,55.66649091367609,0.0,CD4_Tcell
-82.1022613291457,-91.13043883248253,0.0,CD4_Tcell
-64.55988244972706,-131.82478131219887,0.0,CD4_Tcell
19.743883119551572,75.70552306191615,0.0,CD4_Tcell
-23.38573322403219,145.10380307585143,0.0,CD4_Tcell
-23.113205204758092,123.18375846733971,0.0,CD4_Tcell
113.89259073777727,-7.952411224218035,0.0,CD4_Tcell
-188.74125236540613,-46.303260145078866,0.0,CD4_Tcell
106.657496496727,-135.214388313986,0.0,CD4_Tcell
-93.27049270965823,17.023921183678954,0.0,CD4_Tcell
-158.49592030760107,-108.89692007806333,0.0,CD4_Tcell
32.97076486717018,131.21370403241048,0.0,CD4_Tcell
30.148856877069917,75.22757013372646,0.0,CD4_Tcell
-1.0502102426843871,165.78322407957435,0.0,CD4_Tcell
114.62859226376202,-78.5076822059195,0.0,CD4_Tcell
4.689271815010787,156.56438168694473,0.0,CD4_Tcell
7.10056494205747,28.731294383340842,0.0,CD4_Tcell
-4.231641069548882,-167.63807777286192,0.0,CD4_Tcell
-176.51147296466266,-75.98354741925205,0.0,CD4_Tcell
-180.538571941049,-14.205446356729581,0.0,CD4_Tcell
72.553562489134,108.00332809550824,0.0,CD4_Tcell
-184.40133452769356,20.618191882609096,0.0,CD4_Tcell
151.70209566174543,19.896278221748762,0.0,CD4_Tcell
-83.80505943482399,163.06534668550768,0.0,CD4_Tcell
25.394400710258402,-90.04438672740058,0.0,CD4_Tcell
129.3996277313051,151.53959018970755,0.0,CD4_Tcell
-147.06176902892247,-40.52850313656167,0.0,CD4_Tcell
-116.16458903009712,123.42694066366313,0.0,CD4_Tcell
3.526837077833827,-90.81044645637978,0.0,CD4_Tcell
-72.9845764727987,-72.50620829261204,0.0,CD4_Tcell
80.4537874371301,-29.108616326111097,0.0,CD4_Tcell
-33.9450355220716,107.46903481187027,0.0,CD4_Tcell
164.63561291526875,-55.21998403373357,0.0,CD4_Tcell
-61.88814071624435,77.263714051333,0.0,CD4_Tcell
76.20057408087995,-72.85277779529996,0.0,CD4_Tcell
187.2943231525368,-3.033035037679545,0.0,CD4_Tcell
-158.0565779813432,-4.537718396575924,0.0,CD4_Tcell
68.18349785751336,-64.12481635771167,0.0,CD4_Tcell
-27.1881725025951,30.303749811539554,0.0,CD4_Tcell
-177.3737183855293,-47.776704630298305,0.0,CD4_Tcell
-119.93668973631694,-131.48238130455425,0.0,CD4_Tcell
-134.38669363415408,8.876685058690017,0.0,CD4_Tcell
-17.225000027100762,-52.241139371154006,0.0,CD4_Tcell
-115.4487241987336,-80.04129163278247,0.0,CD4_Tcell
102.4733097707061,-11.82442598279674,0.0,CD4_Tcell
113.38614695907415,-114.1130966425189,0.0,CD4_Tcell
-156.06807787264847,-59.60228308852185,0.0,CD4_Tcell
7.228295935978975,3.035323021320372,0.0,CD4_Tcell
58.886532355240156,10.200250711848916,0.0,CD4_Tcell
-101.11839358896968,39.66037635209798,0.0,CD4_Tcell
-96.23843831024087,73.73753974419957,0.0,CD4_Tcell
-19.118121907178008,-14.497447389097571,0.0,CD4_Tcell
-35.133009429646286,-91.53349104209222,0.0,CD4_Tcell
-19.306267646088166,81.65096290288301,0.0,CD4_Tcell
74.00816742573643,-175.05016945648126,0.0,CD4_Tcell
78.10819652691058,-154.15842956302552,0.0,CD4_Tcell
-166.84095465528108,-1.157858061785458,0.0,CD4_Tcell
79.89333084103906,-58.232657944128405,0.0,CD4_Tcell
-109.39349340196534,-159.04293283386082,0.0,CD4_Tcell
-90.1123989287749,-80.53716986116744,0.0,CD4_Tcell
21.08101099888274,102.94021016067676,0.0,CD4_Tcell
-56.47257899214499,-77.91931219495176,0.0,CD4_Tcell
37.5693851571567,-35.15005212001782,0.0,CD4_Tcell
3.8885505768753497,175.06281618090202,0.0,CD4_Tcell
-90.48190370426619,-86.49388345656874,0.0,CD4_Tcell
-90.5458997096382,9.411942706213903,0.0,CD4_Tcell
66.83020823721584,149.847896655201,0.0,CD4_Tcell
60.81926092929134,173.5931881097066,0.0,CD4_Tcell
179.18548594873712,-67.4319126630173,0.0,CD4_Tcell
95.20040410579301,48.4091916809889,0.0,CD4_Tcell
90.1440090549689,-167.91351746970795,0.0,CD4_Tcell
122.09646845443856,24.64066735870665,0.0,CD4_Tcell
-67.95104858880697,20.962100461528994,0.0,CD4_Tcell
-32.6552030585425,-143.94185452365198,0.0,CD4_Tcell
180.42430375525376,-35.230769052074706,0.0,CD4_Tcell
44.58475793644053,-166.68865620897196,0.0,CD4_Tcell
-99.54797703654057,-70.2070798342956,0.0,CD4_Tcell
-11.078766421959806,84.44076947731077,0.0,CD4_Tcell
22.465004231253033,-132.68545563235793,0.0,CD4_Tcell
-154.9788044763103,79.83824144315814,0.0,CD4_Tcell
-63.255556956697234,17.1614670296692,0.0,CD4_Tcell
99.77278381236243,-107.69098236872144,0.0,CD4_Tcell
110.6381393417331,84.07741535313056,0.0,CD4_Tcell
-84.30530981474692,-94.49312829800888,0.0,CD4_Tcell
-156.24989347055592,-78.30440605098426,0.0,CD4_Tcell
-102.18603904852003,-64.00425685142292,0.0,CD4_Tcell
-69.50020986821252,-6.223785614913215,0.0,CD4_Tcell
44.29091206931744,-20.976787446256353,0.0,CD8_Tcell
-100.16801736870852,36.19000572569135,0.0,CD8_Tcell
38.175146361570796,-148.44562237907874,0.0,CD8_Tcell
83.32153300605421,19.60425834012929,0.0,CD8_Tcell
51.357100318215544,-114.06185364190745,0.0,CD8_Tcell
59.359483920744545,71.8765113765644,0.0,CD8_Tcell
-189.29647428764306,-54.38174345953007,0.0,CD8_Tcell
-174.9107394141459,-60.24524016120865,0.0,CD8_Tcell
-103.84766901861857,160.3952373107942,0.0,CD8_Tcell
-48.6250271457978,169.09220528718348,0.0,CD8_Tcell
-33.88723000843919,45.74613209802326,0.0,CD8_Tcell
147.9713103412818,122.84677067516658,0.0,CD8_Tcell
-107.80129375803014,-9.60707518481554,0.0,CD8_Tcell
1.8636113217713821,33.762371644013726,0.0,CD8_Tcell
-159.95296288029363,-106.58042774297432,0.0,CD8_Tcell
115.22166505430535,0.6775124558053026,0.0,CD8_Tcell
85.8777351138048,-157.3444347585992,0.0,CD8_Tcell
59.95949714997903,121.16538237700456,0.0,CD8_Tcell
84.1336959616557,-50.5466972957554,0.0,CD8_Tcell
56.13185040691192,155.43900539793776,0.0,CD8_Tcell
-45.16757829223003,-58.38558508103855,0.0,CD8_Tcell
-62.69890242248115,89.88058101807151,0.0,CD8_Tcell
-188.8714580330286,-40.21350170768633,0.0,CD8_Tcell
-63.605493881410474,-12.310326938910078,0.0,CD8_Tcell
24.194722737696917,-171.65138621736247,0.0,CD8_Tcell
11.49092530889162,121.07805040478424,0.0,CD8_Tcell
120.90758116765682,102.86453758938693,0.0,CD8_Tcell
-63.86814885666349,50.28182046167839,0.0,CD8_Tcell
-177.25093880044145,-53.53283573898741,0.0,CD8_Tcell
151.8516503806513,-21.82680132099087,0.0,CD8_Tcell
-13.982862706370916,74.68396974779773,0.0,CD8_Tcell
170.88398201033962,26.313648536887374,0.0,CD8_Tcell
-95.60893806788869,72.42020480595019,0.0,CD8_Tcell
-105.23875233758713,-131.0813948526049,0.0,CD8_Tcell
-189.00407443691847,-23.60552905864806,0.0,CD8_Tcell
-153.14157286637698,-79.6406238276283,0.0,CD8_Tcell
139.8884258331855,-130.7102189188029,0.0,CD8_Tcell
112.95758857070078,-18.93532602593759,0.0,CD8_Tcell
36.56293921607965,149.80953186255326,0.0,CD8_Tcell
-6.212788201493784,157.48069463986047,0.0,CD8_Tcell
-53.98527558339525,113.51377748421757,0.0,CD8_Tcell
-106.26430062801474,-168.04754857915646,0.0,CD8_Tcell
92.29591695906421,37.84382566963759,0.0,CD8_Tcell
23.870335856926676,152.09166733495684,0.0,CD8_Tcell
-52.18762516087387,-112.73516502607929,0.0,CD8_Tcell
95.89354706025719,-110.90847753214707,0.0,CD8_Tcell
20.708493396979758,-23.93014498413516,0.0,CD8_Tcell
100.75506730528316,99.29309480231524,0.0,CD8_Tcell
-62.51389858278371,-32.1955016186907,0.0,CD8_Tcell
113.11876161794201,-134.33066797555634,0.0,CD8_Tcell
29.17088922260027,-130.98547301851377,0.0,CD8_Tcell
77.43342874070457,-147.4950072247261,0.0,CD8_Tcell
123.28995601866416,-118.5243811489185,0.0,CD8_Tcell
-121.14014843730557,-57.2119628229165,0.0,CD8_Tcell
-171.30735206067945,96.26472605068393,0.0,CD8_Tcell
-63.747109265272464,-87.62300272649485,0.0,CD8_Tcell
57.28108796729158,-151.02719934371208,0.0,CD8_Tcell
-36.54324085853227,-76.11086804401812,0.0,CD8_Tcell
61.73078798336669,96.38222651454197,0.0,CD8_Tcell
-176.5894990580264,-13.394615930330662,0.0,CD8_Tcell
70.36716418573485,140.7059108113505,0.0,CD8_Tcell
101.98748262856503,-143.35644624764353,0.0,CD8_Tcell
109.3496226445916,135.51418983996396,0.0,CD8_Tcell
-45.43437036246252,146.69762805554214,0.0,CD8_Tcell
168.03147767283832,89.34253017916969,0.0,CD8_Tcell
130.0222211424951,67.79199543118526,0.0,CD8_Tcell
47.86095096866633,-59.166724559851716,0.0,CD8_Tcell
-15.34300744915898,53.674425913683315,0.0,CD8_Tcell
-33.67747899303849,188.61797579690705,0.0,CD8_Tcell
-12.206920076683238,83.13924371771976,0.0,CD8_Tcell
60.88977410841453,-101.23340359416166,0.0,CD8_Tcell
171.59168743228585,-55.32959720241278,0.0,CD8_Tcell
178.03148433856038,-38.77420255386414,0.0,CD8_Tcell
-150.17810954394963,33.30776113276504,0.0,CD8_Tcell
-13.879197457348619,-39.84911046579789,0.0,CD8_Tcell
-6.3973657067704295,181.37427463084688,0.0,CD8_Tcell
-11.869810118167585,168.45029400886204,0.0,CD8_Tcell
8.710401583687236,113.09229296769551,0.0,CD8_Tcell
-76.05888908202132,109.28664365483206,0.0,CD8_Tcell
-45.16931260142968,-146.5915148057761,0.0,CD8_Tcell
-150.62955772695875,33.330616782553975,0.0,CD8_Tcell
-50.871755064149646,142.9513846587941,0.0,CD8_Tcell
69.50901428684108,112.56852755421852,0.0,CD8_Tcell
160.92395569114765,108.69279037341764,0.0,CD8_Tcell
-171.81567158662645,-59.50561108878316,0.0,CD8_Tcell
170.89507391679138,-40.55925227020742,0.0,CD8_Tcell
-25.36089835005782,-142.7818002719072,0.0,CD8_Tcell
-105.61049953179948,-68.74394087321713,0.0,CD8_Tcell
-8.893990973139648,82.30680595006802,0.0,CD8_Tcell
-160.9892080256728,35.55977805412736,0.0,CD8_Tcell
182.8634203882793,-37.72118963717323,0.0,CD8_Tcell
-91.61768082606692,-149.00164616943002,0.0,CD8_Tcell
-51.726732203348526,-175.32380483296288,0.0,CD8_Tcell
-182.66612553266992,-80.32949760156251,0.0,CD8_Tcell
-67.10179796964513,-149.19105464757186,0.0,CD8_Tcell
80.2861953638567,-121.549827111396,0.0,CD8_Tcell
59.2239517606488,-97.36087268800318,0.0,CD8_Tcell
102.32563513029906,-169.6651915835843,0.0,CD8_Tcell
105.27846590745771,-59.37442892823147,0.0,CD8_Tcell
64.51787625563868,-136.13160634450597,0.0,CD8_Tcell
-93.86376427311912,-138.06061666889488,0.0,CD8_Tcell
-198.56757711107377,-15.231673182007766,0.0,CD8_Tcell
51.807544351460315,-94.81915060418402,0.0,CD8_Tcell
-187.4911394595212,39.281286329498,0.0,CD8_Tcell
164.89141481504953,-61.14883741459406,0.0,CD8_Tcell
129.8001044996946,-54.085718860581956,0.0,CD8_Tcell
-39.18758394337307,-155.01819740128548,0.0,CD8_Tcell
117.29494911178382,-117.69481592594137,0.0,CD8_Tcell
28.76459368821387,25.38694290413778,0.0,CD8_Tcell
156.61824709101884,76.5853745963987,0.0,CD8_Tcell
67.8000466360729,-165.8150582414158,0.0,CD8_Tcell
2.7460040178614085,125.51049495472249,0.0,CD8_Tcell
86.64174578049422,-117.89422734803603,0.0,CD8_Tcell
-111.08486263354929,65.23480587891012,0.0,CD8_Tcell
17.31758250904893,49.81523656174336,0.0,CD8_Tcell
-113.103365498421,-80.3861910364543,0.0,CD8_Tcell
109.24191588322068,84.6006127747786,0.0,CD8_Tcell
-110.00205054460974,37.79766416722655,0.0,CD8_Tcell
41.3067252737845,-93.01018253993385,0.0,CD8_Tcell
97.0642991808883,-30.174666778319484,0.0,CD8_Tcell
82.51492998463533,114.21554602937354,0.0,CD8_Tcell
73.16810268586742,-125.67154740074729,0.0,CD8_Tcell
-77.12138976605695,-57.25197196140356,0.0,CD8_Tcell
28.54262765871553,70.42954240136491,0.0,CD8_Tcell
68.69053768984364,183.58274915062887,0.0,CD8_Tcell
-140.75241734876,64.64423255947314,0.0,CD8_Tcell
122.34669825041502,52.51489935934681,0.0,CD8_Tcell
159.08988392654015,-99.41500560255548,0.0,CD8_Tcell
151.73521680590375,108.42582515371943,0.0,CD8_Tcell
-20.429866379602064,-16.11391781251374,0.0,CD8_Tcell
-81.62019212151351,-168.75757830883134,0.0,CD8_Tcell
-114.55694823579529,74.10801782845512,0.0,CD8_Tcell
-146.7675593548335,115.08937404910645,0.0,CD8_Tcell
-94.25635060311905,18.270075676878086,0.0,CD8_Tcell
-56.30230146286443,142.8981183447618,0.0,CD8_Tcell
-10.939203057764844,17.182508145120607,0.0,CD8_Tcell
-131.40218274846478,-114.59773973218157,0.0,CD8_Tcell
-135.71225259848535,91.33400034982373,0.0,CD8_Tcell
-157.64626638014892,-39.56026850768655,0.0,CD8_Tcell
-73.81103922028753,81.14132684405753,0.0,CD8_Tcell
-53.08228931416991,-129.74467298087998,0.0,CD8_Tcell
157.2716116878614,22.00209890401252,0.0,CD8_Tcell
143.2749063323576,53.62833653537229,0.0,CD8_Tcell
94.38982171798912,-28.727861432648805,0.0,CD8_Tcell
-163.17576163329397,-5.459912773758294,0.0,CD8_Tcell
74.07607744124083,-147.1921580897933,0.0,CD8_Tcell
10.656242861499647,55.53818302434625,0.0,CD8_Tcell
-149.3294206044937,60.719999568527136,0.0,CD8_Tcell
-186.13678641661258,-1.0083234615399403,0.0,CD8_Tcell
64.0775689895009,-10.809914051520861,0.0,CD8_Tcell
-50.29214023874455,-185.51138259669224,0.0,CD8_Tcell
96.51421092806004,21.06024998407908,0.0,CD8_Tcell
96.31094183976845,-144.99695923279705,0.0,CD8_Tcell
-35.418268142929726,-143.13634920334832,0.0,CD8_Tcell
94.87655584324494,-121.2686140386159,0.0,CD8_Tcell
18.78463382867279,-20.292769578279056,0.0,CD8_Tcell
120.62152275391205,-37.347698363412256,0.0,CD8_Tcell
-149.73974683448301,-8.421055090799758,0.0,CD8_Tcell
-99.01253965896498,-70.85815928071551,0.0,CD8_Tcell
-67.1995836849195,-48.16400994405787,0.0,CD8_Tcell
-108.97631375800583,24.085073099484884,0.0,CD8_Tcell
-5.195207383224399,-68.87430397880014,0.0,CD8_Tcell
24.100611140534262,-66.33684616096447,0.0,CD8_Tcell
119.36718074827169,-27.613737251146162,0.0,CD8_Tcell
103.96133571421403,140.9047960162252,0.0,CD8_Tcell
131.63710876881726,-126.85392817178325,0.0,CD8_Tcell
-142.59676341378062,-34.15861004837364,0.0,CD8_Tcell
-173.8787253362055,-10.06405181005583,0.0,CD8_Tcell
168.7459543298418,56.514079932985304,0.0,CD8_Tcell
-57.69053860115911,-98.22049611286518,0.0,CD8_Tcell
95.5058066982498,-31.56123568091913,0.0,CD8_Tcell
43.309748770677786,-166.5237983419208,0.0,CD8_Tcell
54.248961393380924,-129.31014510434173,0.0,CD8_Tcell
-17.68941375403612,145.4964782939767,0.0,CD8_Tcell
183.59774739163353,11.860936373734695,0.0,CD8_Tcell
-107.06533189759718,91.92226904801988,0.0,CD8_Tcell
29.6349203119664,75.46113119344768,0.0,CD8_Tcell
-167.11054652060574,30.442518978835693,0.0,CD8_Tcell
-47.98176018459238,-161.80493560034614,0.0,CD8_Tcell
-98.12912640082357,172.71887539056772,0.0,CD8_Tcell
-137.43466112457563,-55.293434266933254,0.0,CD8_Tcell
67.81612803545302,109.45938604681801,0.0,CD8_Tcell
-50.85804223614791,75.30439676016896,0.0,CD8_Tcell
-64.03285354615008,-156.53107859873117,0.0,CD8_Tcell
190.83649020229677,16.940608760735888,0.0,CD8_Tcell
102.3812954011044,7.294001231478757,0.0,CD8_Tcell
-112.69329821003453,-84.21051198925079,0.0,CD8_Tcell
109.45060346923637,-118.05304474091356,0.0,CD8_Tcell
67.45480360258101,157.319661429126,0.0,CD8_Tcell
-159.40885806332966,37.503178648138736,0.0,CD8_Tcell
11.37132604799459,-80.98145487443995,0.0,CD8_Tcell
12.540341719539814,-131.53005854085723,0.0,CD8_Tcell
-66.40612682262527,56.49383240673138,0.0,CD8_Tcell
-30.202593376417592,10.17319208221188,0.0,CD8_Tcell
147.71446389637245,2.1567084972568153,0.0,CD8_Tcell
14.007313010037487,122.29099479020462,0.0,CD8_Tcell
13.358329453144767,112.71328691246428,0.0,CD8_Tcell
-74.83726034408825,133.40314885017233,0.0,CD8_Tcell
68.20887346016168,-83.3141104025948,0.0,CD8_Tcell
67.5944835099244,176.17117413349953,0.0,CD8_Tcell
-44.61008689943149,140.60096353038742,0.0,CD8_Tcell
-181.09830573816348,-37.73452133074353,0.0,CD8_Tcell
-152.41560251011822,58.72122669379902,0.0,CD8_Tcell
-0.06992167295157252,149.21609173279873,0.0,CD8_Tcell
24.648425577929494,144.5002644419296,0.0,CD8_Tcell
-70.39038037928405,38.23763392562707,0.0,CD8_Tcell
-46.16462370333009,-94.79547543800078,0.0,CD8_Tcell
-132.4232037709091,-113.42226360779337,0.0,CD8_Tcell
-100.91758760829435,-150.42528140885966,0.0,CD8_Tcell
-22.393124407792126,-4.6826947047159155,0.0,CD8_Tcell
-22.10077082397204,-136.36436431516262,0.0,CD8_Tcell
-65.09146132747817,-80.11869906638674,0.0,CD8_Tcell
-147.2770604487825,-22.734542232663802,0.0,CD8_Tcell
115.82466166871042,-120.1534005610507,0.0,CD8_Tcell
96.22742111326635,-48.86310878321418,0.0,CD8_Tcell
3.730735957444317,135.2447721754922,0.0,CD8_Tcell
-23.759426363153565,54.4558541569035,0.0,CD8_Tcell
1.7637245445689438,-62.90017060895708,0.0,CD8_Tcell
-107.91537005692953,73.54804874745179,0.0,CD8_Tcell
156.18201690741645,78.13930196246352,0.0,CD8_Tcell
-13.736614453971129,-84.42942359209555,0.0,CD8_Tcell
-5.152580651277363,49.20235567988919,0.0,CD8_Tcell
-6.200011805220714,-51.521953546925545,0.0,CD8_Tcell
35.825761613017654,-93.18767342400334,0.0,CD8_Tcell
82.56552832718056,81.61131286672519,0.0,CD8_Tcell
172.7390045776674,12.15383612839999,0.0,CD8_Tcell
-128.74842223657126,60.82764838365292,0.0,CD8_Tcell
-138.45623729699767,-126.06687449801228,0.0,CD8_Tcell
166.3055285160374,-102.71995206429892,0.0,CD8_Tcell
-128.80410010345918,14.364633523869722,0.0,CD8_Tcell
191.20290589251417,27.510832854080654,0.0,CD8_Tcell
25.271955842565106,-165.14834422346632,0.0,CD8_Tcell
39.211059246326634,3.5272361375591252,0.0,CD8_Tcell
-12.242298306641757,-144.233027448662,0.0,CD8_Tcell
-84.10762967129942,-161.80289793292462,0.0,CD8_Tcell
172.30425915408824,37.75666831875174,0.0,CD8_Tcell
73.37114252400185,-144.25686919020404,0.0,CD8_Tcell
186.69282539362678,-26.564146094335428,0.0,CD8_Tcell
-105.6157960063896,97.75595363374875,0.0,CD8_Tcell
110.12656545842232,38.56528595322555,0.0,CD8_Tcell
107.30548066583258,52.14779889562147,0.0,CD8_Tcell
53.37435786759725,85.41351623209209,0.0,CD8_Tcell
133.163629328008,62.63444090385154,0.0,CD8_Tcell
177.20042913476442,79.38604997687045,0.0,CD8_Tcell
80.97981246383411,95.84252686671437,0.0,CD8_Tcell
47.54242062526892,-38.49898336049096,0.0,CD8_Tcell
178.3908579145031,-10.200115849294841,0.0,CD8_Tcell
-147.8038018328927,42.55278033812954,0.0,CD8_Tcell
80.06671661763929,95.75448870694787,0.0,CD8_Tcell
-158.29877557853615,50.99145319978178,0.0,CD8_Tcell
-108.38720636727366,41.21380548131136,0.0,CD8_Tcell
-105.62452736272628,-166.94349517282237,0.0,CD8_Tcell
-114.45714485099164,-150.98427096108765,0.0,CD8_Tcell
31.069973704836766,-4.439523941441225,0.0,CD8_Tcell
4.4897007802696836,-160.91948892228226,0.0,CD8_Tcell
170.77717929805186,38.517579262463286,0.0,CD8_Tcell
60.1306996428852,-14.489380334209255,0.0,CD8_Tcell
9.321042849053402,133.11239190838296,0.0,CD8_Tcell
6.515569658422331,-47.79855324367792,0.0,CD8_Tcell
-107.8482455795417,-69.69426919087167,0.0,CD8_Tcell
37.96200937204475,177.7475821169456,0.0,CD8_Tcell
63.19594532055343,73.34458430992447,0.0,CD8_Tcell
36.080654559622864,164.9597746033881,0.0,CD8_Tcell
182.09436925810505,22.163750709755167,0.0,CD8_Tcell
-101.7809817645877,18.654800367472497,0.0,CD8_Tcell
-145.07183073087842,-132.58283568670632,0.0,CD8_Tcell
-24.002878809835153,100.1925577404731,0.0,CD8_Tcell
-82.39634378472417,161.8674859252861,0.0,CD8_Tcell
-38.35536805286341,120.72980791449662,0.0,CD8_Tcell
-27.8798635692462,104.39216002802141,0.0,CD8_Tcell
-86.32631524976443,171.74903307943364,0.0,CD8_Tcell
111.36912660166908,-137.99505218563053,0.0,CD8_Tcell
-101.33245881022678,-102.6869918992671,0.0,CD8_Tcell
-159.56693756355716,74.46860875288698,0.0,CD8_Tcell
-182.5537293875371,65.61294136308122,0.0,CD8_Tcell
78.42015702602131,-162.94304876654118,0.0,CD8_Tcell
109.24096677203002,15.90166729138341,0.0,CD8_Tcell
71.40214207564202,6.523654644828964,0.0,CD8_Tcell
-111.14284197495844,136.42393778104932,0.0,CD8_Tcell
-41.99542393493826,120.85981609593163,0.0,CD8_Tcell
136.8548576602646,75.0993921081778,0.0,CD8_Tcell
-18.94079717327858,-6.676222014055136,0.0,CD8_Tcell
-94.57166488975172,-142.73416632745997,0.0,CD8_Tcell
-146.94996871801465,122.54710942059785,0.0,CD8_Tcell
-139.81331786221094,40.67578654524125,0.0,CD8_Tcell
-160.43007267588553,-16.541914394503966,0.0,CD8_Tcell
-89.99013182448672,-100.87958735072692,0.0,CD8_Tcell
-146.12846944278857,104.00232575333514,0.0,CD8_Tcell
-34.57081349228487,-146.2213447882138,0.0,CD8_Tcell
33.26720171937051,-187.225743221678,0.0,CD8_Tcell
37.42996801084655,193.30585936947136,0.0,CD8_Tcell
109.2413883662206,-149.11943123337298,0.0,CD8_Tcell
124.53055876761417,111.95819686567475,0.0,CD8_Tcell
-98.1595038446959,-79.01958946073697,0.0,CD8_Tcell
180.23219167012914,-5.351848270013525,0.0,CD8_Tcell
-26.96599150550182,-192.01548715523174,0.0,CD8_Tcell
-140.2837558520875,7.96480474672047,0.0,CD8_Tcell
-33.75287178502036,-56.91988640180839,0.0,CD8_Tcell
-15.825342930261534,-11.78135779471704,0.0,CD8_Tcell
-129.47332674765318,92.29617311030312,0.0,CD8_Tcell
-21.639396091371548,-81.92769434525044,0.0,CD8_Tcell
108.74387062316417,138.69468539064803,0.0,CD8_Tcell
37.8953412721604,104.34839382224659,0.0,CD8_Tcell
182.97675187721688,64.87614734452592,0.0,CD8_Tcell
57.132555679031775,91.58292102972902,0.0,CD8_Tcell
-32.668546163557046,137.31000656886823,0.0,CD8_Tcell
-1.3925885911574691,187.14421806281075,0.0,CD8_Tcell
75.99657469275256,-98.25339666244541,0.0,CD8_Tcell
111.5627529683142,38.3211295986183,0.0,CD8_Tcell
25.109141481911195,-58.27896793502981,0.0,CD8_Tcell
181.24668649145073,44.5488630055935,0.0,CD8_Tcell
29.810180949322692,46.19778962271323,0.0,CD8_Tcell
-67.33740726322505,129.1178226122855,0.0,CD8_Tcell
110.06592912655546,-68.75697588772739,0.0,CD8_Tcell
-26.267443391293416,169.80448927449564,0.0,CD8_Tcell
-189.45934688171738,-29.352843048449163,0.0,CD8_Tcell
-78.17225169369198,-123.12264138951176,0.0,CD8_Tcell
-116.74548851308465,-73.30068675327819,0.0,CD8_Tcell
-20.872128356952835,-118.34642691431576,0.0,CD8_Tcell
-44.103454842738266,86.61482130954727,0.0,CD8_Tcell
-180.358331184344,43.57744735665803,0.0,CD8_Tcell
-39.97729030835453,-138.39507625135244,0.0,CD8_Tcell
-84.32723392919593,142.12734043677796,0.0,CD8_Tcell
-65.42878640774914,-31.070507273429243,0.0,CD8_Tcell
-44.292884047964314,-68.94821114850079,0.0,CD8_Tcell
-53.647564823705856,74.53228786805545,0.0,CD8_Tcell
-115.89225827669837,-86.40256102511898,0.0,CD8_Tcell
-105.99236570527776,148.26201704223038,0.0,CD8_Tcell
-118.41011993808739,-27.870580963928024,0.0,CD8_Tcell
-172.1476024619595,21.39481797870846,0.0,CD8_Tcell
-178.4206251511806,36.93804610678735,0.0,CD8_Tcell
143.97388979314272,-74.10651354891024,0.0,CD8_Tcell
-26.579152289958458,103.5985657511228,0.0,CD8_Tcell
-51.78877734826169,91.3906869865523,0.0,CD8_Tcell
99.3262932046704,43.76479567982829,0.0,CD8_Tcell
12.576920806314332,71.93788145106632,0.0,CD8_Tcell
-3.4808517836712647,24.913371397444873,0.0,CD8_Tcell
-22.817705383138225,181.51414703995374,0.0,CD8_Tcell
-97.61522001959577,-37.7128923065624,0.0,CD8_Tcell
70.52544018740457,-81.55605114738438,0.0,CD8_Tcell
-22.91993978030933,125.98654546146531,0.0,CD8_Tcell
150.46979107270042,-24.827378181064354,0.0,CD8_Tcell
-81.06421513382442,-16.393629708730494,0.0,CD8_Tcell
-190.11755935193742,-52.412692312799145,0.0,CD8_Tcell
132.04939957570227,61.25289973988162,0.0,CD8_Tcell
48.077411267434215,177.04156946419124,0.0,CD8_Tcell
172.61026047978504,-95.57920928698982,0.0,CD8_Tcell
-35.73087815254805,-55.035526039712366,0.0,CD8_Tcell
-24.004403569701168,94.42247883964619,0.0,CD8_Tcell
120.32297074175219,152.80886832265415,0.0,CD8_Tcell
76.18365159400899,-20.867206284602823,0.0,CD8_Tcell
-107.0562359124727,-112.8900724574658,0.0,CD8_Tcell
102.61288843660363,-8.359717458511774,0.0,CD8_Tcell
-72.3351388980416,181.58866525109966,0.0,CD8_Tcell
145.9437501040436,-9.846852031035393,0.0,CD8_Tcell
93.2299802359083,-48.800322019171624,0.0,CD8_Tcell
133.92988324175968,-6.768417293138787,0.0,CD8_Tcell
-36.57112935907325,-119.91900396278761,0.0,CD8_Tcell
-21.79538879166997,182.27514737301877,0.0,CD8_Tcell
193.9006316070084,-26.352139765136748,0.0,CD8_Tcell
125.77002947262388,38.17266375710165,0.0,CD8_Tcell
53.6450946550429,54.954829738197915,0.0,CD8_Tcell
87.54280060889886,156.01588168513396,0.0,CD8_Tcell
147.02465233609755,45.70532435705058,0.0,CD8_Tcell
191.95141994053606,-54.976637205217266,0.0,CD8_Tcell
-58.6604920667524,-131.2523249228434,0.0,CD8_Tcell
70.15184655023498,13.204209806718758,0.0,CD8_Tcell
-142.91336203230043,-54.75796955728163,0.0,CD8_Tcell
89.40870116713837,-78.46505411154783,0.0,CD8_Tcell
-145.97663702881403,-97.15072649269447,0.0,CD8_Tcell
120.32283326388381,78.43523281018267,0.0,CD8_Tcell
2.3541007039272754,55.95519062546044,0.0,CD8_Tcell
10.494653944489995,-39.19762908258486,0.0,CD8_Tcell
123.50479278695285,-72.81817894617546,0.0,CD8_Tcell
74.78893901030064,162.17973273236018,0.0,CD8_Tcell
-31.278344904833062,57.36151084177387,0.0,CD8_Tcell
133.10073095113128,147.31575809277473,0.0,CD8_Tcell
40.66742736499572,2.3886442080792105,0.0,CD8_Tcell
-149.78801560564435,66.41907003386875,0.0,CD8_Tcell
-55.55591207160375,-135.80196814102723,0.0,CD8_Tcell
-29.09240048068865,6.410764133245254,0.0,CD8_Tcell
-81.76875170729589,-87.93270564384483,0.0,CD8_Tcell
63.94730609378804,-80.43326997824211,0.0,CD8_Tcell
-11.374833015760187,154.41666496055547,0.0,CD8_Tcell
87.14876685577103,-6.817909062893488,0.0,CD8_Tcell
167.2336342337191,86.94409707661723,0.0,CD8_Tcell
118.45193527704488,-3.889809936320694,0.0,CD8_Tcell
-34.59209119890493,-39.099107504894484,0.0,CD8_Tcell
177.10407311617533,73.71028038524929,0.0,CD8_Tcell
91.21081575666814,-168.5563296598914,0.0,CD8_Tcell
88.60019382887845,154.82455983845782,0.0,CD8_Tcell
-31.06539633451619,160.29208167949352,0.0,CD8_Tcell
-146.24085681468392,-111.61262807277842,0.0,CD8_Tcell
11.94593178381202,45.96794344823433,0.0,CD8_Tcell
-53.747171363683876,-169.42408443366935,0.0,CD8_Tcell
-192.3362660573948,-34.19842966800832,0.0,CD8_Tcell
-90.11605597914296,152.7848791454044,0.0,CD8_Tcell
136.6445664014919,137.16086426562066,0.0,CD8_Tcell
-162.32856326949104,66.67935971162608,0.0,CD8_Tcell
-103.19257945025322,-27.592253415387102,0.0,CD8_Tcell
76.47074615994978,183.99275147772065,0.0,CD8_Tcell
69.82888039605145,-171.2094618085469,0.0,CD8_Tcell
151.68540620392332,60.988682123463526,0.0,CD8_Tcell
-59.02191964244471,75.95355214092747,0.0,CD8_Tcell
38.03319847938079,-136.31605457685214,0.0,CD8_Tcell
159.33056332365518,-47.5831675367987,0.0,CD8_Tcell
-19.67356919661237,-178.5002107504645,0.0,CD8_Tcell
-30.06208159861095,172.2095101327701,0.0,CD8_Tcell
61.138246623421516,-171.52724976322256,0.0,CD8_Tcell
68.09739718350404,-154.19210329540314,0.0,CD8_Tcell
-69.22860747484353,39.66701882197361,0.0,CD8_Tcell
-111.0439271519598,-90.60825365731394,0.0,CD8_Tcell
-105.78381207843942,-67.73395342992725,0.0,CD8_Tcell
-141.38172275612507,77.87781964577783,0.0,CD8_Tcell
-56.63271919691281,162.00704715601353,0.0,CD8_Tcell
-111.39643163208663,42.61733358483751,0.0,CD8_Tcell
-110.07315425893496,-137.35334337076264,0.0,CD8_Tcell
-29.34838454648149,132.53385962666243,0.0,CD8_Tcell
-42.530236847134546,-170.62472291816772,0.0,CD8_Tcell
-146.97581937897368,111.85716898025495,0.0,CD8_Tcell
159.8960898246177,39.29374579966953,0.0,CD8_Tcell
8.90921187512942,47.25051899158007,0.0,CD8_Tcell
14.719419629157011,-7.246837426173236,0.0,CD8_Tcell
-92.6402564477039,144.5323943378053,0.0,CD8_Tcell
-147.75613704862036,-107.92847218166763,0.0,CD8_Tcell
121.80403877123288,-113.1319138263265,0.0,CD8_Tcell
2.617979379032445,84.62640343768189,0.0,CD8_Tcell
81.44809544062649,-171.55086952657064,0.0,CD8_Tcell
55.81180874725797,51.185771328579854,0.0,CD8_Tcell
-10.845691716819548,24.98025184094733,0.0,CD8_Tcell
44.21022579470591,-141.61416155569853,0.0,CD8_Tcell
32.0953703128905,-118.6001025200888,0.0,CD8_Tcell
-166.3814995317195,21.467405222260346,0.0,CD8_Tcell
15.39060677327721,-185.7055430173915,0.0,CD8_Tcell
-89.42129872842514,12.68167862654549,0.0,CD8_Tcell
45.646890648344545,56.59690965384116,0.0,CD8_Tcell
53.703780147541245,-161.5735234282764,0.0,CD8_Tcell
-49.908534211923445,156.85651490744064,0.0,CD8_Tcell
7.174043875948626,-192.59892982835444,0.0,CD8_Tcell
5.5655003283436955,-172.7200434908167,0.0,CD8_Tcell
-103.9930066455514,29.029417586119123,0.0,CD8_Tcell
40.81025788371682,-107.66077812785889,0.0,CD8_Tcell
30.334651825502988,55.50013892646813,0.0,CD8_Tcell
-173.78718507899634,95.851607155031,0.0,CD8_Tcell
-107.61928228951032,84.1207711141111,0.0,CD8_Tcell
-13.742114539969105,-173.7690697218867,0.0,CD8_Tcell
73.29187259112555,104.35186153240456,0.0,CD8_Tcell
56.72645248765576,-36.25275348087141,0.0,CD8_Tcell
-128.3388026504761,95.24612848608876,0.0,CD8_Tcell
136.7977592967633,103.67449772334949,0.0,CD8_Tcell
10.70813350529881,-177.60585538759287,0.0,CD8_Tcell
29.840753645715186,119.68666226225655,0.0,CD8_Tcell
-117.9989060632513,62.967418616661014,0.0,CD8_Tcell
-164.0540449030107,29.598553846062554,0.0,CD8_Tcell
23.636788292858224,61.703623877408006,0.0,CD8_Tcell
-131.34986392084306,70.52098726484455,0.0,CD8_Tcell
139.82757663539817,-63.66245306451665,0.0,CD8_Tcell
83.41999670520474,-102.9769775241475,0.0,CD8_Tcell
57.52334088395579,-141.12944587092093,0.0,CD8_Tcell
-79.29934828301226,5.8910036878530185,0.0,CD8_Tcell
-29.358556905595215,-99.8064333194304,0.0,CD8_Tcell
-140.0382534499597,-54.341158835126535,0.0,CD8_Tcell
-99.19010270859448,159.97982028113086,0.0,CD8_Tcell
-103.83448930724974,68.96058661297351,0.0,CD8_Tcell
39.6337490823597,123.7552869227076,0.0,CD8_Tcell
16.506581650051302,99.22633821501343,0.0,CD8_Tcell
-99.41320055670349,-119.45604494495736,0.0,CD8_Tcell
106.67890537686395,-155.71675572089438,0.0,CD8_Tcell
-159.31223579399813,-3.9537919493903524,0.0,CD8_Tcell
-141.9379959838644,98.0632276603415,0.0,CD8_Tcell
136.75132638209152,-61.03897117211995,0.0,CD8_Tcell
175.40764430483082,65.712530107529,0.0,CD8_Tcell
-20.498669856006863,-175.12568122897295,0.0,CD8_Tcell
-106.29067619186328,-156.17876121808249,0.0,CD8_Tcell
34.76529020564773,-155.80770829259876,0.0,CD8_Tcell
-13.272638743111026,-68.53495272278386,0.0,CD8_Tcell
-80.59588792264717,-71.9797308558512,0.0,CD8_Tcell
-82.64294959237209,35.119027314522036,0.0,CD8_Tcell
30.70829761808519,96.27478096654231,0.0,CD8_Tcell
-129.4727983612791,32.682373937437355,0.0,CD8_Tcell
173.24686887214617,87.42816193592164,0.0,CD8_Tcell
161.52422027081172,30.427599237069362,0.0,CD8_Tcell
-87.84171938203393,-17.32951918165791,0.0,CD8_Tcell
126.54468934646407,72.57995487287965,0.0,CD8_Tcell
-14.19884638561777,-179.80287002571097,0.0,CD8_Tcell
92.15169140684867,89.56655890587545,0.0,CD8_Tcell
45.02888882719184,12.60226816878602,0.0,CD8_Tcell
19.71230099734962,179.02996739073456,0.0,CD8_Tcell
-8.24058761926282,136.88989061738053,0.0,CD8_Tcell
-104.64561628569042,-58.856976172949516,0.0,CD8_Tcell
150.57279850093533,-81.398064558452,0.0,CD8_Tcell
-102.63761959467304,142.9422786817083,0.0,CD8_Tcell
43.82732265458312,165.4686431657778,0.0,CD8_Tcell
44.57009312701092,98.88400993966563,0.0,CD8_Tcell
89.69837009023429,-132.7445333262307,0.0,CD8_Tcell
-75.87841408612755,94.30363435276327,0.0,CD8_Tcell
-114.27235913585832,-149.5676345695175,0.0,CD8_Tcell
-75.99603006308872,-85.7943591841137,0.0,CD8_Tcell
-138.3282140664776,-106.73824275812989,0.0,CD8_Tcell
80.44321815151595,-160.06381784126017,0.0,CD8_Tcell
193.7373226946991,-1.8605014728555926,0.0,CD8_Tcell
-80.51206438684522,-130.10193369235483,0.0,CD8_Tcell
-26.46295717839715,-38.27719750520605,0.0,CD8_Tcell
-101.60611421624942,26.93152618334727,0.0,CD8_Tcell
150.33232961635642,109.7029126726655,0.0,CD8_Tcell
81.06389514799966,157.12148603776686,0.0,CD8_Tcell
26.62035578501699,-180.33700642508404,0.0,CD8_Tcell
148.46200008741877,13.541226473358394,0.0,CD8_Tcell
-93.43334515260968,102.36522995150891,0.0,CD8_Tcell
109.4593030149304,57.079791324190595,0.0,CD8_Tcell
-34.68837100283184,60.406378498044766,0.0,CD8_Tcell
99.64046744050123,-162.68464283934293,0.0,CD8_Tcell
-113.3682475742056,-161.49027896374372,0.0,CD8_Tcell
94.24132968593695,-46.37106249086321,0.0,CD8_Tcell
93.04721074419992,145.69598293325578,0.0,CD8_Tcell
-150.37294567148354,56.99469002160054,0.0,CD8_Tcell
16.872871776236323,9.133906863471454,0.0,CD8_Tcell
172.06356733799512,80.45561398748477,0.0,CD8_Tcell
-4.373613445182838,87.6880269283442,0.0,CD8_Tcell
176.22821555719239,27.941684178598514,0.0,CD8_Tcell
37.438902435386396,62.28990421678375,0.0,CD8_Tcell
119.8290236966015,14.19342656817642,0.0,CD8_Tcell
-47.53855386089091,22.518218638957904,0.0,CD8_Tcell
51.97657609351259,-111.96333722325853,0.0,CD8_Tcell
65.68334801293682,101.84105289445328,0.0,CD8_Tcell
126.60972775129378,-19.83446472922724,0.0,CD8_Tcell
-127.51090744471209,77.46096538236552,0.0,CD8_Tcell
82.61857661346598,7.480088945418496,0.0,CD8_Tcell
-54.25524131044617,-58.96780453037893,0.0,CD8_Tcell
145.2928475965217,20.160922896447442,0.0,CD8_Tcell
-154.39350330369876,-60.661691644131174,0.0,CD8_Tcell
-193.6359810419177,49.40907315600124,0.0,CD8_Tcell
93.73128348022618,20.205958106106458,0.0,CD8_Tcell
-14.616289041956433,-89.98176287214567,0.0,CD8_Tcell
189.16378921771292,1.2786026958776886,0.0,CD8_Tcell
57.71898542384736,-66.83771933953786,0.0,CD8_Tcell
117.95896947943716,110.35692128331924,0.0,CD8_Tcell
-93.86672584522091,-26.535296796436082,0.0,CD8_Tcell
-15.709750117385791,186.06118407599783,0.0,CD8_Tcell
105.2176451640302,-132.71236644172944,0.0,CD8_Tcell
-96.24277645186088,18.40880741077637,0.0,CD8_Tcell
-45.163313509497435,-144.64999574169306,0.0,CD8_Tcell
-32.32458173119103,-150.92352135678894,0.0,CD8_Tcell
76.33052478630306,143.75310826203068,0.0,CD8_Tcell
58.98233326331692,-106.71416901448553,0.0,CD8_Tcell
-36.58424839518938,37.52654256343336,0.0,CD8_Tcell
-51.731722764751964,-168.06986922327016,0.0,CD8_Tcell
143.47872260701902,55.86279575037989,0.0,CD8_Tcell
11.089331614371455,160.50604343316354,0.0,CD8_Tcell
19.570591723441364,94.67523589099837,0.0,CD8_Tcell
88.66336891440585,-173.77874406580048,0.0,CD8_Tcell
195.43917091618422,-26.98477068639469,0.0,CD8_Tcell
87.24498005360127,-144.33472773339537,0.0,CD8_Tcell
-74.85442124744151,-17.297675475061553,0.0,CD8_Tcell
15.887967747087375,-87.54291942790013,0.0,CD8_Tcell
3.1379693609430213,153.9910955467154,0.0,CD8_Tcell
150.8680654065002,-112.2988235077014,0.0,CD8_Tcell
-122.96703859946652,98.4628698599644,0.0,CD8_Tcell
-51.89042487698859,-99.11030887073395,0.0,CD8_Tcell
28.80745870753119,-15.428379004949475,0.0,CD8_Tcell
-38.01317885899464,-52.48676216222959,0.0,CD8_Tcell
-66.66911093763471,73.32269736332522,0.0,CD8_Tcell
-118.5274669450939,-97.62365289208047,0.0,CD8_Tcell
62.55110283116928,18.96077441508363,0.0,CD8_Tcell
-183.17117704102282,27.998080555862035,0.0,CD8_Tcell
-102.72653888768991,26.902781839973034,0.0,CD8_Tcell
-184.04027539123365,76.59859268358493,0.0,CD8_Tcell
-134.6517648186967,122.6036782171556,0.0,CD8_Tcell
-54.214612545573694,-3.3499004084968997,0.0,CD8_Tcell
129.18246805065496,-31.596520100931667,0.0,CD8_Tcell
-108.67158151776044,72.49740753621934,0.0,CD8_Tcell
8.090283509162303,-175.87670242582047,0.0,CD8_Tcell
-37.21835105923507,-179.61939739482045,0.0,CD8_Tcell
143.3089835981351,62.10078721014313,0.0,CD8_Tcell
-132.13530365122452,-97.97546492584259,0.0,CD8_Tcell
49.983464681074736,-189.59337693384367,0.0,CD8_Tcell
89.9521380490045,130.02453727928722,0.0,CD8_Tcell
129.04155626196533,10.78166129762399,0.0,CD8_Tcell
14.941008368186079,-3.210244035442032,0.0,CD8_Tcell
158.0465556512773,-87.46222214322997,0.0,CD8_Tcell
56.40713970459564,-27.443300799238223,0.0,CD8_Tcell
-178.0630644190647,32.677583394161424,0.0,CD8_Tcell
100.23294152180159,153.5309029921542,0.0,CD8_Tcell
-14.779269355482382,30.450603185932184,0.0,CD8_Tcell
146.10670695657055,-10.98064032356879,0.0,CD8_Tcell
17.09651600122151,-179.8930449050479,0.0,CD8_Tcell
-132.15768074314653,40.41984784758543,0.0,CD8_Tcell
83.48167543981137,137.05885932108515,0.0,CD8_Tcell
46.87553075367092,-50.37642573028393,0.0,CD8_Tcell
101.23673931538445,-32.62798393258016,0.0,CD8_Tcell
-121.29436048911808,129.35274555919048,0.0,CD8_Tcell
-6.238861321281139,126.2977497283459,0.0,CD8_Tcell
-171.3203517130591,-33.57975743583095,0.0,CD8_Tcell
108.65241969593785,-114.60725031351747,0.0,CD8_Tcell
151.7890161735668,-61.36430907761195,0.0,CD8_Tcell
-11.817289452453666,-25.145791882740987,0.0,CD8_Tcell
-2.4793660983053023,63.046532081241764,0.0,CD8_Tcell
-26.41663439206512,-20.125990873240415,0.0,CD8_Tcell
-5.0057182629583,-125.59115972037178,0.0,CD8_Tcell
82.70120176263922,84.35808358612782,0.0,CD8_Tcell
-41.64534066209772,189.6367595790879,0.0,CD8_Tcell
-54.97165836315581,31.577049495530904,0.0,CD8_Tcell
72.20160062800757,-124.9952484653129,0.0,CD8_Tcell
-148.26179961459178,-4.156808881650591,0.0,CD8_Tcell
-39.20745239622486,-143.05321261050264,0.0,CD8_Tcell
132.17197261093165,16.151864387109832,0.0,CD8_Tcell
137.18424326647857,19.622107782001972,0.0,CD8_Tcell
-81.85622543372777,-57.091699061985075,0.0,CD8_Tcell
48.393041523363266,-146.02479197215087,0.0,CD8_Tcell
21.290619728238443,-11.157179108884268,0.0,CD8_Tcell
-68.1758922997172,-4.215977798357492,0.0,CD8_Tcell
136.6077027977065,-23.420532681034686,0.0,CD8_Tcell
12.210662094860169,-66.39395768541408,0.0,CD8_Tcell
-20.382690812928548,-83.20884054495781,0.0,CD8_Tcell
-56.88205556720474,97.56414086243258,0.0,CD8_Tcell
59.26493593913154,108.0990114976822,0.0,CD8_Tcell
-25.35220406143958,185.52705161702144,0.0,CD8_Tcell
115.3878776924655,-11.941364661779474,0.0,CD8_Tcell
138.77898123101082,-75.07162029825622,0.0,CD8_Tcell
-79.50547944349138,-64.51871739408129,0.0,CD8_Tcell
63.88840057480941,174.3462877410169,0.0,CD8_Tcell
-36.832604538774554,-152.14665183645081,0.0,CD8_Tcell
64.14838587189075,15.861715145806324,0.0,CD8_Tcell
-153.1407154394724,76.86584644763428,0.0,CD8_Tcell
-61.4143781179388,121.56693878300763,0.0,CD8_Tcell
95.56931988831253,-22.988816117330085,0.0,CD8_Tcell
38.62221523372154,-43.08651043275958,0.0,CD8_Tcell
95.43153210828147,169.9409015385021,0.0,CD8_Tcell
133.00214977553057,-128.88447191710682,0.0,CD8_Tcell
-65.75637852625145,-123.32730262724063,0.0,CD8_Tcell
-4.681113861750836,133.90315495120788,0.0,CD8_Tcell
-120.64495817767677,-157.97734114157626,0.0,CD8_Tcell
86.95427869807298,-79.45265819649768,0.0,CD8_Tcell
-13.885257654584938,138.3544336931587,0.0,CD8_Tcell
133.26711320600276,113.40817190147698,0.0,CD8_Tcell
58.2870752099082,37.05107692398788,0.0,CD8_Tcell
9.883850693619749,6.121052039834586,0.0,CD8_Tcell
-68.70131779038363,-27.55902260770958,0.0,CD8_Tcell
148.85025653696295,16.010273438242706,0.0,CD8_Tcell
-61.70341412282597,-27.282331023575487,0.0,CD8_Tcell
11.15444896806897,134.47424276248552,0.0,CD8_Tcell
156.31196777735911,59.91330446626201,0.0,CD8_Tcell
105.41239191425653,-36.53472034967479,0.0,CD8_Tcell
124.0107199593118,-81.10154846636968,0.0,CD8_Tcell
-1.9739026782623748,-7.179405794515059,0.0,CD8_Tcell
-90.4653401497091,61.002040145618615,0.0,CD8_Tcell
-72.668226451367,46.94864764505067,0.0,CD8_Tcell
149.44502147767344,-35.350765516021404,0.0,CD8_Tcell
162.21945402557563,92.45429662170915,0.0,CD8_Tcell
-33.81404515584566,-166.9020476234413,0.0,CD8_Tcell
-48.931811113231916,-88.6976267392942,0.0,CD8_Tcell
-18.4479805246557,-5.91251157204471,0.0,CD8_Tcell
167.28902506001424,-90.52689493330826,0.0,CD8_Tcell
-10.343089649819238,-161.72907830254894,0.0,CD8_Tcell
48.55774447875783,-113.85528116439482,0.0,CD8_Tcell
49.89522328661107,-155.47582168665122,0.0,CD8_Tcell
-80.3780920337156,175.0580173794548,0.0,CD8_Tcell
-104.5771831037087,135.715806167889,0.0,CD8_Tcell
189.50610399281874,63.47878519130383,0.0,CD8_Tcell
-24.251772201513,50.218783685840975,0.0,CD8_Tcell
68.27178114653294,78.01887050248766,0.0,CD8_Tcell
120.1708326301601,-57.60092734981195,0.0,CD8_Tcell
-23.78159454894004,53.230616840974946,0.0,CD8_Tcell
99.95067601190422,-74.88312189979665,0.0,CD8_Tcell
-63.76821118790099,-164.34131213976372,0.0,CD8_Tcell
-20.211493978496097,-175.48811371369186,0.0,CD8_Tcell
88.66458270630217,174.9034953800302,0.0,CD8_Tcell
142.0990666922678,78.61433545108027,0.0,CD8_Tcell
7.624839570774647,-138.30620911226166,0.0,CD8_Tcell
107.72785159935421,-9.278847282261232,0.0,CD8_Tcell
-2.5552006064522006,-63.10614851372179,0.0,CD8_Tcell
-35.54215857939329,168.13382000594999,0.0,CD8_Tcell
94.30410295527332,69.48160431542793,0.0,CD8_Tcell
176.55067251288057,0.2598597733062094,0.0,CD8_Tcell
98.6451455120901,55.02118852049663,0.0,CD8_Tcell
-96.60142493440023,69.01778967610537,0.0,CD8_Tcell
91.1910420774218,-107.71134219875796,0.0,CD8_Tcell
-0.6791668688837609,-36.38241182417974,0.0,CD8_Tcell
-196.42422039759361,28.84517200286512,0.0,CD8_Tcell
-23.93043808264443,18.993156202406883,0.0,CD8_Tcell
-185.83821716465025,-7.174554726334186,0.0,CD8_Tcell
-97.78776207465289,83.31410790272723,0.0,CD8_Tcell
-83.61786809797503,179.1007689852151,0.0,CD8_Tcell
-148.19529434403134,104.12353510318772,0.0,CD8_Tcell
28.473621173567558,-3.1876717123457565,0.0,CD8_Tcell
-123.2632240531493,-89.07812059925007,0.0,CD8_Tcell
-10.956351602720881,81.16757905923797,0.0,CD8_Tcell
-38.20729377075324,48.81501034105156,0.0,CD8_Tcell
7.0562646997902085,38.925815035719125,0.0,CD8_Tcell
-109.99790298725384,75.0718749611311,0.0,CD8_Tcell
-35.08892931148182,-150.90673737623015,0.0,CD8_Tcell
156.66572347245713,49.473824727143906,0.0,CD8_Tcell
176.11029970343122,67.85265280974278,0.0,CD8_Tcell
145.96554971431513,-66.7036175049844,0.0,CD8_Tcell
-48.18441091366379,-125.18362701915346,0.0,CD8_Tcell
-9.849486951390523,-114.88580858837503,0.0,CD8_Tcell
63.708470992605626,151.97413804027096,0.0,CD8_Tcell
-147.59709772258523,-97.46151748088576,0.0,CD8_Tcell
-15.636199079616667,-171.13722510292075,0.0,CD8_Tcell
20.170988213877532,155.47304135345993,0.0,CD8_Tcell
-31.499628568154964,4.427837120115957,0.0,CD8_Tcell
81.90721687169763,108.89388641689338,0.0,CD8_Tcell
74.66076997883678,-168.28033877619905,0.0,CD8_Tcell
-121.98621695831199,34.69736679306374,0.0,CD8_Tcell
-52.63474927549187,166.91016179939894,0.0,CD8_Tcell
-107.97636306031913,107.92362445987311,0.0,CD8_Tcell
51.44280881895688,-110.24542754043634,0.0,CD8_Tcell
-51.18138867751461,-58.135260441371635,0.0,CD8_Tcell
26.178750416868073,144.73839615445107,0.0,CD8_Tcell
-84.7860467783444,-164.97818622525574,0.0,CD8_Tcell
5.386961315120827,141.29314975403344,0.0,CD8_Tcell
7.9090121657895915,-11.623233876344287,0.0,CD8_Tcell
-64.56011574881501,6.7152535240367,0.0,CD8_Tcell
-191.59016518649426,-21.853390178044396,0.0,CD8_Tcell
-134.47049795246247,50.183100908517794,0.0,CD8_Tcell
-136.740231726906,117.13134133145293,0.0,CD8_Tcell
-71.19997522067479,-114.97983936173353,0.0,CD8_Tcell
82.74034983355322,-95.30342712406986,0.0,CD8_Tcell
16.579392411997055,157.11607217557952,0.0,CD8_Tcell
-142.7179336952818,18.78427309804247,0.0,CD8_Tcell
93.19215438990409,86.73559675290947,0.0,CD8_Tcell
87.21462576617128,-27.395080839543763,0.0,CD8_Tcell
119.53251149778173,-97.61452107775973,0.0,CD8_Tcell
170.58479088669665,102.52564092349664,0.0,CD8_Tcell
-189.88462528663757,-13.9082178092471,0.0,CD8_Tcell
107.30724092415582,116.35502301687227,0.0,CD8_Tcell
125.56457015808188,69.38319117902687,0.0,CD8_Tcell
-191.14632330232598,-51.43637189310774,0.0,CD8_Tcell
146.17833218279605,-96.91349500735386,0.0,CD8_Tcell
61.54191462640622,-144.6598141933852,0.0,CD8_Tcell
131.0719753702703,-49.26710277392399,0.0,CD8_Tcell
100.26770143650288,69.9188830013758,0.0,CD8_Tcell
-32.3593967697132,80.1597592713243,0.0,CD8_Tcell
-143.1984984563524,70.39216568802102,0.0,CD8_Tcell
-118.65995869415843,21.04280367505632,0.0,CD8_Tcell
4.9366846819037535,152.0789190437701,0.0,CD8_Tcell
-3.8398882845411406,-24.110969389822877,0.0,CD8_Tcell
18.239112678994772,46.279729842805146,0.0,CD8_Tcell
-56.09765645149988,137.37287088825477,0.0,CD8_Tcell
146.73939473398877,-49.562390747494355,0.0,CD8_Tcell
-30.50492481756983,147.10791557968352,0.0,CD8_Tcell
180.3897472907288,38.2967759069908,0.0,CD8_Tcell
126.08948562258892,41.1243057855188,0.0,CD8_Tcell
-49.01073303136855,125.10266123809785,0.0,CD8_Tcell
-40.89510063085959,-62.78390290567314,0.0,CD8_Tcell
42.56295846942648,21.13495292743927,0.0,CD8_Tcell
1.6767397726828137,-51.039760768926655,0.0,CD8_Tcell
-16.59334393836492,60.201021589206064,0.0,CD8_Tcell
87.96639331566803,96.97942970319662,0.0,CD8_Tcell
165.23932750711154,-69.98457493533134,0.0,CD8_Tcell
-63.807421634495554,-121.42853402196526,0.0,CD8_Tcell
-39.48824725537063,125.34758961186837,0.0,CD8_Tcell
-26.499783170998597,-194.78979745316227,0.0,CD8_Tcell
-110.73188262884544,96.28821407258542,0.0,CD8_Tcell
0.47668206855251016,18.1888355312211,0.0,CD8_Tcell
64.88267871548896,-21.888378686931613,0.0,CD8_Tcell
-78.93499578956667,35.63511210381502,0.0,CD8_Tcell
82.41437271477531,136.05760624032078,0.0,CD8_Tcell
156.22740093959857,-42.39837992729824,0.0,CD8_Tcell
-112.54944892502508,-29.91004662826593,0.0,CD8_Tcell
-105.51183230518673,-134.40943473869038,0.0,CD8_Tcell
-186.14797036268993,-26.411304046710374,0.0,CD8_Tcell
-146.0578647669294,-50.08730708291717,0.0,CD8_Tcell
-86.86118651341327,-163.42826167509514,0.0,CD8_Tcell
-112.02785954599565,-74.28649913902085,0.0,CD8_Tcell
45.54593373292557,-18.03487814619271,0.0,CD8_Tcell
152.25480943649072,-108.86849318725298,0.0,CD8_Tcell
-25.095941451416213,150.9920256554874,0.0,CD8_Tcell
45.16411630258802,-105.69562372858317,0.0,CD8_Tcell
187.52819307982932,-30.61859769101626,0.0,CD8_Tcell
128.38689426097804,-149.2499112894199,0.0,CD8_Tcell
-78.02974772469464,-110.39002913631502,0.0,CD8_Tcell
87.00880497760072,171.04017389419454,0.0,CD8_Tcell
170.28432629950626,90.7086123050608,0.0,CD8_Tcell
95.63243568920791,-31.781434495931435,0.0,CD8_Tcell
13.245935152849784,-26.711469317908087,0.0,CD8_Tcell
157.11385368186248,76.9683047638769,0.0,CD8_Tcell
-25.01805758256795,104.04822853792483,0.0,CD8_Tcell
-153.0880355298835,93.61225267548342,0.0,CD8_Tcell
185.62685256868699,-44.07701949854238,0.0,CD8_Tcell
4.935394969930069,104.21672803928168,0.0,CD8_Tcell
108.49630115670283,-22.890711909395183,0.0,CD8_Tcell
75.82368546091818,97.62687388033875,0.0,CD8_Tcell
-36.05291671794452,20.73650627210163,0.0,CD8_Tcell
15.360903470272948,142.49294608152852,0.0,CD8_Tcell
106.27714951873375,107.20779735461981,0.0,CD8_Tcell
-75.38062632418232,30.553070722316708,0.0,CD8_Tcell
94.55369385357957,-70.77190503334175,0.0,CD8_Tcell
196.46994808309373,-5.4042972646671,0.0,CD8_Tcell
-10.247971693222876,-27.991251052111245,0.0,CD8_Tcell
-35.684349018642486,38.78316779000789,0.0,CD8_Tcell
-24.473122870423754,-180.43822742692163,0.0,CD8_Tcell
107.73305939898444,-107.83139842051413,0.0,CD8_Tcell
99.76068126030421,-50.56505632551522,0.0,CD8_Tcell
105.67432851448007,-164.76886020421756,0.0,CD8_Tcell
-7.849803623155682,136.0802565203146,0.0,CD8_Tcell
-88.6404380515146,-110.72659543379058,0.0,CD8_Tcell
-119.57784468869619,122.88621611711629,0.0,CD8_Tcell
3.182761559513787,-20.407995495658636,0.0,CD8_Tcell
35.55531850773446,164.03326747624018,0.0,CD8_Tcell
-27.580438943575395,153.38547469520947,0.0,CD8_Tcell
-59.17268358852256,-181.62816651834987,0.0,CD8_Tcell
-168.12480722353322,77.80925183278175,0.0,CD8_Tcell
45.806482171256384,-103.98928966039452,0.0,CD8_Tcell
142.05315854047876,7.56617241229539,0.0,CD8_Tcell
-105.1746064646167,-67.24852397329583,0.0,CD8_Tcell
170.83443299278298,-11.867522990386556,0.0,CD8_Tcell
155.9960441374841,-64.05772852426618,0.0,CD8_Tcell
-16.494430704993484,109.50773392114922,0.0,CD8_Tcell
185.86578269929998,51.260648320580934,0.0,CD8_Tcell
-147.6350218063176,82.11858030568895,0.0,CD8_Tcell
-64.51023561556067,9.82305061122322,0.0,CD8_Tcell
26.00081848831985,97.9094285027848,0.0,CD8_Tcell
-80.4124021871226,20.52358897700758,0.0,CD8_Tcell
86.01318556214343,-61.166806464682615,0.0,CD8_Tcell
-149.87285147876253,-86.27756714667417,0.0,CD8_Tcell
100.79963137719876,-22.362481060162487,0.0,CD8_Tcell
-129.9990238327551,26.152265771406345,0.0,CD8_Tcell
-62.87929616163786,-158.82355372416114,0.0,CD8_Tcell
66.6761779235081,-131.7776022901342,0.0,CD8_Tcell
28.289626608518535,82.06312979524378,0.0,CD8_Tcell
56.071700251817305,-174.70305815285616,0.0,CD8_Tcell
-136.33121629442712,-42.869977918065004,0.0,CD8_Tcell
62.76539017892302,-23.86214929834098,0.0,CD8_Tcell
-62.47822165678089,184.66765581615252,0.0,CD8_Tcell
41.23205570462213,32.64769197066497,0.0,CD8_Tcell
-102.00055107935312,-52.021462506384644,0.0,CD8_Tcell
-164.03025169717625,-80.99547629843765,0.0,CD8_Tcell
60.94544913819977,166.72685748107742,0.0,CD8_Tcell
-99.6248309380141,82.20088118885991,0.0,CD8_Tcell
145.2221414817873,-64.47946791261849,0.0,CD8_Tcell
-46.135464051507846,135.96726332921205,0.0,CD8_Tcell
-139.28550451920256,61.61396885089021,0.0,CD8_Tcell
56.1979117183504,-14.345206218561685,0.0,CD8_Tcell
-23.73335628260332,106.31549026514075,0.0,CD8_Tcell
-102.64074458135404,-116.22551243693927,0.0,CD8_Tcell
-132.88164714969892,61.00710747287614,0.0,CD8_Tcell
108.34401723632229,146.5967745574873,0.0,CD8_Tcell
108.17553847536566,-127.65733015823287,0.0,CD8_Tcell
-159.00011998501552,-82.88102356105117,0.0,CD8_Tcell
-114.8999092299123,-157.44522358685157,0.0,CD8_Tcell
101.02244350730054,138.33234661112758,0.0,CD8_Tcell
47.34258190858247,-157.74108739582303,0.0,CD8_Tcell
-69.20424912519331,144.27670464601306,0.0,CD8_Tcell
-103.78340268018685,-92.85135907478215,0.0,CD8_Tcell
85.82237116915095,157.03254316952112,0.0,CD8_Tcell
-49.08274959021492,-98.71831159488127,0.0,CD8_Tcell
-29.36325913530539,161.08453977908462,0.0,CD8_Tcell
89.85601143903544,-38.00171912187519,0.0,CD8_Tcell
-104.5664222386829,118.61279498998246,0.0,CD8_Tcell
155.26106087626826,18.35586291493379,0.0,CD8_Tcell
-147.36160933470632,78.07542356014898,0.0,CD8_Tcell
113.0725236075805,20.80552389929968,0.0,CD8_Tcell
122.17549675493534,23.262946244246418,0.0,CD8_Tcell
-42.04180992213076,132.16397680517633,0.0,CD8_Tcell
-44.229334232727496,-117.06640986493125,0.0,CD8_Tcell
25.700147679407877,76.74194819352762,0.0,CD8_Tcell
16.175354168306445,-89.57126812555589,0.0,CD8_Tcell
-86.8981190781479,-114.9471046500951,0.0,CD8_Tcell
64.79203198842374,-140.7233128721094,0.0,CD8_Tcell
17.319976387512234,-35.642153947001056,0.0,CD8_Tcell
-151.84461244333517,-5.490299020685215,0.0,CD8_Tcell
-158.99269723699436,38.608357867747884,0.0,CD8_Tcell
-3.320074266385559,114.31745095331617,0.0,CD8_Tcell
-85.68798607446234,84.17615671903032,0.0,CD8_Tcell
-64.03078040616644,-75.69309480844068,0.0,CD8_Tcell
-126.35920317301829,-119.60786756576255,0.0,CD8_Tcell
-20.604720556483738,-13.339961466117195,0.0,CD8_Tcell
100.96264385192013,-40.05949142262418,0.0,CD8_Tcell
-38.309459557343246,64.96689626859212,0.0,CD8_Tcell
-118.51708829542045,-8.257495168100585,0.0,CD8_Tcell
-78.50463984536738,-72.48904082007607,0.0,CD8_Tcell
-134.69791155028568,140.3693306367788,0.0,CD8_Tcell
135.05363547464998,-91.3520194137416,0.0,CD8_Tcell
176.05099328330758,-76.09383437926428,0.0,CD8_Tcell
90.41361563401789,-41.83221798262792,0.0,CD8_Tcell
-32.59259417774023,-69.3094756882546,0.0,CD8_Tcell
95.48900372610261,34.0414213898059,0.0,CD8_Tcell
-38.61705020150976,6.469468406277718,0.0,CD8_Tcell
43.23342788767472,-89.5501875022418,0.0,CD8_Tcell
-37.909118306333696,117.34888165875333,0.0,CD8_Tcell
41.09402942553174,-7.479239485137097,0.0,CD8_Tcell
52.49637148546017,-8.511691050916413,0.0,CD8_Tcell
-171.92480201003553,-68.61189380893492,0.0,CD8_Tcell
-56.09565133241515,145.32873403220157,0.0,CD8_Tcell
86.56024678954607,84.69068699110056,0.0,CD8_Tcell
174.47357550933262,-3.234725124832038,0.0,CD8_Tcell
12.77714859675345,49.93915441914282,0.0,CD8_Tcell
-146.09554641017263,-116.0636304323435,0.0,CD8_Tcell
190.05218730056004,-60.63615734480632,0.0,CD8_Tcell
-126.1886415313577,-143.88531884066987,0.0,CD8_Tcell
-16.450757237811594,-39.066114360437744,0.0,CD8_Tcell
-115.79469768486553,144.7996167060408,0.0,CD8_Tcell
11.67202010695551,-91.61591428210353,0.0,CD8_Tcell
-8.45868954604017,86.01650593332403,0.0,CD8_Tcell
7.204691893414792,45.94519980697974,0.0,CD8_Tcell
-29.284520151903425,36.81752958222374,0.0,CD8_Tcell
-104.59380428359138,-52.18101844680626,0.0,CD8_Tcell
-154.22537960993424,17.163348674816866,0.0,CD8_Tcell
10.975251024475694,-168.02313894435568,0.0,CD8_Tcell
6.329705602607111,186.78983976271186,0.0,CD8_Tcell
5.075377933717952,-85.33148830467708,0.0,CD8_Tcell
16.59333290922156,-89.58936094248452,0.0,CD8_Tcell
-61.92216047301106,-67.2705881897577,0.0,CD8_Tcell
18.54135243352336,-95.34723252178834,0.0,CD8_Tcell
42.51461706439631,65.72377102280102,0.0,CD8_Tcell
-73.72857754606103,16.4443686076734,0.0,CD8_Tcell
-98.91608805357662,-92.75071144311022,0.0,CD8_Tcell
-9.936655910305085,23.83174572064661,0.0,CD8_Tcell
-183.41111381196959,5.67247967131382,0.0,CD8_Tcell
76.79297579704193,-36.44883780019841,0.0,CD8_Tcell
-56.62986474426964,22.764117845859385,0.0,CD8_Tcell
-136.73947637805713,-49.870324240765896,0.0,CD8_Tcell
-163.34526283554325,77.90556182933837,0.0,CD8_Tcell
144.71484336264422,49.355131590716,0.0,CD8_Tcell
141.97272006363858,1.9402960883660216,0.0,CD8_Tcell
-175.8819849145332,81.364238750611,0.0,CD8_Tcell
-30.372983494603936,-197.2974715555149,0.0,CD8_Tcell
52.120477033613874,143.13713774669426,0.0,CD8_Tcell
-36.55665375598126,162.63625246926887,0.0,CD8_Tcell
-43.2168403124013,153.9406906064189,0.0,CD8_Tcell
53.15003269446601,-102.09938853397229,0.0,CD8_Tcell
-62.555990723532204,-163.0431599032285,0.0,CD8_Tcell
-69.74717470337812,84.12445890160313,0.0,CD8_Tcell
-161.62866682039243,56.231133238861105,0.0,CD8_Tcell
-2.5741623469544175,137.11643949357767,0.0,CD8_Tcell
134.48534405660158,-107.82680270099567,0.0,CD8_Tcell
87.20362643404123,-58.415360437412566,0.0,CD8_Tcell
7.145015559518545,16.23933557379895,0.0,CD8_Tcell
-91.40166108330799,-162.18387536146133,0.0,CD8_Tcell
29.57546859498042,-143.89043891449745,0.0,CD8_Tcell
-63.2260163967856,60.889697181996084,0.0,CD8_Tcell
-165.63755806011,90.06930229462228,0.0,CD8_Tcell
116.80208360781498,103.0185313546151,0.0,CD8_Tcell
-89.51687879623243,104.15913143239828,0.0,CD8_Tcell
85.44023832897595,-131.87400310906696,0.0,CD8_Tcell
-8.96314998367987,-118.17080190233756,0.0,CD8_Tcell
-0.19264639836813258,-14.147004559534494,0.0,CD8_Tcell
-89.08734754036449,31.536664217314314,0.0,CD8_Tcell
-85.99614642219466,-145.61571073645072,0.0,CD8_Tcell
176.0463266517478,22.82247537940294,0.0,CD8_Tcell
-56.24843952913755,-112.49120539907395,0.0,CD8_Tcell
-152.66594864724743,77.0095014808625,0.0,CD8_Tcell
-169.49438517311302,78.19238643848877,0.0,CD8_Tcell
58.508984616477825,-115.5621280050508,0.0,CD8_Tcell
-127.52287863125736,35.21746086767986,0.0,CD8_Tcell
179.5303695697666,-36.78199033489258,0.0,CD8_Tcell
-5.025748994956194,-143.29112196705861,0.0,CD8_Tcell
-112.59581169694223,80.82459931226187,0.0,CD8_Tcell
14.1176029016843,97.45484539579172,0.0,CD8_Tcell
55.3488672846841,22.748389728255336,0.0,CD8_Tcell
-53.01719977986425,52.008708411404,0.0,CD8_Tcell
53.00088908373215,163.57276905245564,0.0,CD8_Tcell
-39.768905468081265,54.5953107350473,0.0,CD8_Tcell
95.16648770575705,130.31184752891372,0.0,CD8_Tcell
76.34172626092116,174.52471839712862,0.0,CD8_Tcell
-129.45315597207747,84.40289494784753,0.0,CD8_Tcell
-88.7400493951783,2.9004676928436988,0.0,CD8_Tcell
171.31742767653205,-38.81995159202302,0.0,CD8_Tcell
31.18024329747509,-23.854464798735407,0.0,CD8_Tcell
64.61731910505324,-6.57287505286692,0.0,CD8_Tcell
54.99011313395511,-25.992879135783674,0.0,CD8_Tcell
-35.128181428011445,-8.270881301189812,0.0,CD8_Tcell
-74.04301768007177,-48.62036150189585,0.0,CD8_Tcell
38.19269857456356,158.97326388150827,0.0,CD8_Tcell
-166.4021137126148,-26.550512377469463,0.0,CD8_Tcell
137.26405491981572,-111.3965790355087,0.0,CD8_Tcell
-90.84055949763624,-106.65743235120141,0.0,CD8_Tcell
-155.57709380968112,-86.70754175533968,0.0,CD8_Tcell
78.833011554178,-22.65254953863468,0.0,CD8_Tcell
-23.235968059050087,-145.98950340145706,0.0,CD8_Tcell
-84.02029241556762,-151.8301913050509,0.0,CD8_Tcell
-136.05424712386016,-8.781760455782976,0.0,CD8_Tcell
4.96557367760967,52.91228901116917,0.0,CD8_Tcell
118.97651568169766,-88.28978864193554,0.0,CD8_Tcell
95.49374923935548,-44.36514391101209,0.0,CD8_Tcell
-155.99071903336787,1.0243303678822806,0.0,CD8_Tcell
-84.08198656841572,-73.3920886587091,0.0,CD8_Tcell
-98.90920148329337,-13.922286214941495,0.0,CD8_Tcell
129.22180726307894,-24.318542747745646,0.0,CD8_Tcell
-7.021723306569354,11.048160114728928,0.0,CD8_Tcell
117.64355341383364,101.72381999322543,0.0,CD8_Tcell
81.35168705909273,25.495892100104324,0.0,CD8_Tcell
-85.41977544748478,115.02662112219915,0.0,CD8_Tcell
69.9138133627934,151.26086089332287,0.0,CD8_Tcell
107.44155014250587,-165.8833421932075,0.0,CD8_Tcell
65.83079075225561,-156.35427272571712,0.0,CD8_Tcell
115.38043926690247,161.26833499136276,0.0,CD8_Tcell
59.60693166703299,64.53258958619088,0.0,CD8_Tcell
-111.55232951656842,-148.99768550539991,0.0,CD8_Tcell
-163.3764270602965,-8.60793285540271,0.0,CD8_Tcell
-24.413071068108945,164.30079438219911,0.0,CD8_Tcell
100.63728964993454,-55.76841958491727,0.0,CD8_Tcell
116.60934543919029,-54.968336942577956,0.0,CD8_Tcell
-29.126866347254303,49.06909735904074,0.0,CD8_Tcell
143.35319716098752,45.16293588378358,0.0,CD8_Tcell
142.6889013149883,-137.06748087569636,0.0,CD8_Tcell
-1.305004619955567,-163.82268127046044,0.0,CD8_Tcell
85.93313105146517,-65.80341829598251,0.0,CD8_Tcell
27.691794278803386,-144.89207701031106,0.0,CD8_Tcell
180.8655783366791,56.698935133061994,0.0,CD8_Tcell
140.0811282445168,-35.06424324794815,0.0,CD8_Tcell
57.53828075340507,137.44196946271546,0.0,CD8_Tcell
-89.45307892309945,-122.72141240666934,0.0,CD8_Tcell
-89.95898686032751,43.403669084886666,0.0,CD8_Tcell
55.01112856389863,181.1767217104435,0.0,CD8_Tcell
23.81270324216328,81.8335841409018,0.0,CD8_Tcell
50.81118208034833,71.49994244157466,0.0,CD8_Tcell
-76.6267774505193,80.1546517407593,0.0,CD8_Tcell
83.0822167657838,-162.8762050096072,0.0,CD8_Tcell
-147.37969020740766,-38.533694988027655,0.0,CD8_Tcell
-132.78902284097205,6.594985374430423,0.0,CD8_Tcell
-97.76309244731551,75.06218200170144,0.0,CD8_Tcell
-65.68204182020276,160.7010931853243,0.0,CD8_Tcell
-48.097000161137125,123.98794820001035,0.0,CD8_Tcell
-158.26983674447237,37.48946110741037,0.0,CD8_Tcell
100.93171927402005,134.83621875344184,0.0,CD8_Tcell
19.51858082747341,72.9980828542455,0.0,CD8_Tcell
-39.29725183237262,144.37544925002356,0.0,CD8_Tcell
72.28985787343886,-112.11022428211754,0.0,CD8_Tcell
91.29578084304818,-77.64027072055801,0.0,CD8_Tcell
115.90222977813745,56.488160140529594,0.0,CD8_Tcell
-199.03987031810894,3.6459156552481513,0.0,CD8_Tcell
-110.23403379149237,-133.25977323586312,0.0,CD8_Tcell
-49.87182529081708,-162.25652843749316,0.0,CD8_Tcell
-169.37493051334403,-25.590065041024044,0.0,CD8_Tcell
86.80758321492002,-158.92844822133762,0.0,CD8_Tcell
49.33342671139312,-54.683528444188106,0.0,CD8_Tcell
-44.347773024118474,-176.0782031541245,0.0,CD8_Tcell
-22.410377552433175,5.616145249345201,0.0,CD8_Tcell
37.66139882634621,-134.76907138148187,0.0,CD8_Tcell
-22.432375914659985,-32.59895690482002,0.0,CD8_Tcell
67.22617982906065,73.12347899213955,0.0,CD8_Tcell
-162.1242056547488,97.85353052049288,0.0,CD8_Tcell
153.4760051220145,-91.00058104707249,0.0,CD8_Tcell
-125.13197910139606,155.6368652017718,0.0,CD8_Tcell
34.943298594075934,-176.36736403433224,0.0,CD8_Tcell
-11.374518357787984,-19.594915058146,0.0,CD8_Tcell
-166.82637926297122,108.79623155732968,0.0,CD8_Tcell
-140.1849067154758,76.8918989400825,0.0,CD8_Tcell
-83.9083313592339,18.406639766466455,0.0,CD8_Tcell
-183.3402245936687,-61.35589092858832,0.0,CD8_Tcell
24.952134261973747,78.81628805644569,0.0,CD8_Tcell
-84.07533884764118,-5.355685960064332,0.0,CD8_Tcell
-160.0158815029765,-12.330428918716045,0.0,CD8_Tcell
-91.08376996282092,100.00987157016748,0.0,CD8_Tcell
108.43187458376892,-131.42033334966337,0.0,CD8_Tcell
-50.44997782054628,-22.604995633261193,0.0,CD8_Tcell
56.69550960166227,176.2296231930565,0.0,CD8_Tcell
-112.31216466817025,-63.55120408536138,0.0,CD8_Tcell
-91.98834237861118,56.33512923829139,0.0,CD8_Tcell
113.65470262200624,76.13348183227643,0.0,CD8_Tcell
39.211204598265375,-15.277727032110802,0.0,CD8_Tcell
56.80343931031177,89.80656364071008,0.0,CD8_Tcell
-128.8305182357124,-6.841432078163528,0.0,CD8_Tcell
-63.48102764227663,-130.18095444379898,0.0,CD8_Tcell
128.83794213366846,27.850609953639573,0.0,CD8_Tcell
-185.08512613428738,12.381076306336622,0.0,CD8_Tcell
93.72571141278674,-170.52793022081482,0.0,CD8_Tcell
-99.6164220814468,24.401567349266244,0.0,CD8_Tcell
71.8095240199005,178.41350222344843,0.0,CD8_Tcell
-31.756455038638457,135.78871256164516,0.0,CD8_Tcell
-58.620083743291445,-156.07454454615825,0.0,CD8_Tcell
-131.61685148994894,-20.833987755201942,0.0,CD8_Tcell
30.77152950249511,174.1852432789571,0.0,CD8_Tcell
5.670084683848168,-10.47105892127302,0.0,CD8_Tcell
107.4536570206661,-82.58423397985175,0.0,CD8_Tcell
-14.637495125169623,95.97871214405251,0.0,CD8_Tcell
122.51942427458089,-28.91611085388395,0.0,CD8_Tcell
-107.02939624092207,69.02675525516518,0.0,CD8_Tcell
-130.54559097780154,-20.52852174201363,0.0,CD8_Tcell
140.5889589735571,-90.33964585569362,0.0,CD8_Tcell
132.6836968659591,51.80212885289795,0.0,CD8_Tcell
70.91880460571403,-53.65123088020588,0.0,CD8_Tcell
170.62644914087934,26.466388919192603,0.0,CD8_Tcell
151.96387796890548,-81.96339501724842,0.0,CD8_Tcell
3.6295692897341536,-68.79692240257485,0.0,CD8_Tcell
194.53424398375032,-20.699426189701818,0.0,CD8_Tcell
34.135912025864044,-31.137362467084063,0.0,CD8_Tcell
92.22833381310755,-89.60831434756466,0.0,CD8_Tcell
-39.60702798691366,72.23395794006461,0.0,CD8_Tcell
-88.6060446856188,-30.84551546644293,0.0,CD8_Tcell
5.165876214688287,-82.68753018630755,0.0,CD8_Tcell
13.128099695828542,-101.39018457046701,0.0,CD8_Tcell
20.3302349680832,102.82565673916535,0.0,CD8_Tcell
173.1221065245611,0.6897325392952239,0.0,CD8_Tcell
139.96571957408995,-47.968494808364504,0.0,CD8_Tcell
-152.02517008144935,-1.2977067786757321,0.0,CD8_Tcell
97.10774298476043,71.79734149739146,0.0,CD8_Tcell
-67.07900855848584,-65.04130462416393,0.0,CD8_Tcell
97.76808119555365,40.36146127371441,0.0,CD8_Tcell
86.32251542290558,119.32729068813507,0.0,CD8_Tcell
25.697060079737508,4.089769866965339,0.0,CD8_Tcell
-55.261324934962516,-125.95605156125114,0.0,CD8_Tcell
73.8060536489318,-98.89212231106198,0.0,CD8_Tcell
-89.67994630169713,136.21295056877815,0.0,CD8_Tcell
186.18025835930504,9.660446163984057,0.0,CD8_Tcell
-105.84338412592194,143.18762541426452,0.0,CD8_Tcell
-26.464873585526817,89.94468218178321,0.0,CD8_Tcell
58.926073649196645,181.156427213962,0.0,CD8_Tcell
2.534420200360881,56.58667503221898,0.0,CD8_Tcell
48.85996338864476,79.53389088650763,0.0,CD8_Tcell
-19.730051058545808,119.62880213260573,0.0,CD8_Tcell
-133.40739837616644,-11.113994116569108,0.0,CD8_Tcell
99.74554807011603,116.70438122009026,0.0,CD8_Tcell
31.4941164934694,162.91924123985808,0.0,CD8_Tcell
-19.077555137881678,152.71172501977358,0.0,CD8_Tcell
-48.537280935259325,-149.0427929922103,0.0,CD8_Tcell
-14.658760816714684,42.093880337680766,0.0,CD8_Tcell
142.91953978195826,21.70200894738587,0.0,CD8_Tcell
-1.3216127563978903,143.09908848445082,0.0,CD8_Tcell
-48.19105665613699,113.29466298876294,0.0,CD8_Tcell
-50.339019764627245,30.050938299864047,0.0,CD8_Tcell
5.054627676561554,-176.75572141866064,0.0,CD8_Tcell
-105.07948141645021,154.21748488582972,0.0,CD8_Tcell
43.64775193328719,-117.02910854195603,0.0,CD8_Tcell
0.6189768512782855,44.65148509736041,0.0,CD8_Tcell
-81.08716941848822,-3.5122009709933817,0.0,CD8_Tcell
-43.62900403336126,-135.2988472032772,0.0,CD8_Tcell
-181.01781218817572,-19.69920226486358,0.0,CD8_Tcell
-78.86401676080006,80.9945658515466,0.0,CD8_Tcell
-16.954992601347048,-110.44948302330312,0.0,CD8_Tcell
124.34764025546725,-28.216075242009214,0.0,CD8_Tcell
-18.608726807506507,-47.694244416261704,0.0,CD8_Tcell
58.23292800808171,-78.92419114835988,0.0,CD8_Tcell
132.6789387509572,-86.17473797251805,0.0,CD8_Tcell
-114.0970830084116,153.53440951266458,0.0,CD8_Tcell
40.99994083343254,127.91951960649223,0.0,CD8_Tcell
50.40184305457696,-88.90630422145816,0.0,CD8_Tcell
27.840499930814186,-52.46737547913156,0.0,CD8_Tcell
-18.211240214886562,-38.72935966227073,0.0,CD8_Tcell
79.68414464670633,4.879677806503124,0.0,CD8_Tcell
-104.23364247158844,-16.95733621850991,0.0,CD8_Tcell
-132.83242048569159,-148.5888670452918,0.0,CD8_Tcell
-21.636505588033074,153.34364380854427,0.0,CD8_Tcell
-5.885430507798366,154.7240130657457,0.0,CD8_Tcell
144.6393114987927,58.94986841476482,0.0,CD8_Tcell
-132.065249710172,99.1536300437534,0.0,CD8_Tcell
-81.9873467866702,132.28354124057552,0.0,CD8_Tcell
149.71884169136055,-118.64740427720855,0.0,CD8_Tcell
-13.793159618249621,-176.21167035653326,0.0,CD8_Tcell
95.41257262157329,75.68344948611451,0.0,CD8_Tcell
11.484597106877823,159.68847228886855,0.0,CD8_Tcell
-67.09186855938722,-100.12141973996431,0.0,CD8_Tcell
-154.4893768018451,-40.43920303612431,0.0,CD8_Tcell
49.04680458144171,-124.97689418111403,0.0,CD8_Tcell
-132.36736531428676,104.42969016446477,0.0,CD8_Tcell
66.40320146225034,174.78424589383286,0.0,CD8_Tcell
59.713068359151336,63.52796555313092,0.0,CD8_Tcell
65.35935901373911,61.03980320519332,0.0,CD8_Tcell
-76.8708708821455,-20.959388466208182,0.0,CD8_Tcell
42.16650288566999,-45.203314544781236,0.0,CD8_Tcell
122.33196043566886,23.385521903207735,0.0,CD8_Tcell
-143.09964739293656,45.0458053253382,0.0,CD8_Tcell
-144.93695823492374,58.97620704147764,0.0,CD8_Tcell
-14.617117985691662,-163.37597516490743,0.0,CD8_Tcell
156.80714089262295,111.54592443394486,0.0,CD8_Tcell
70.91471035163715,102.45792919868333,0.0,CD8_Tcell
-96.20872221141424,-174.67128875570992,0.0,CD8_Tcell
162.32030498991838,54.19693689172337,0.0,CD8_Tcell
11.942637991552347,158.8400045449987,0.0,CD8_Tcell
70.1234225286746,-4.832750746369838,0.0,CD8_Tcell
78.84146981015991,109.26717360417598,0.0,CD8_Tcell
-82.21226892586245,-146.59167145787418,0.0,CD8_Tcell
-113.27425091041967,43.93099722058946,0.0,CD8_Tcell
-49.619884011859455,42.184577525897474,0.0,CD8_Tcell
-14.861075634829833,52.79591984050244,0.0,CD8_Tcell
-180.13910300285715,27.657348675109077,0.0,CD8_Tcell
-29.11366328089896,27.72179968200636,0.0,CD8_Tcell
191.9390507371762,52.79518774319396,0.0,CD8_Tcell
-84.72531370455222,-1.3760646005233452,0.0,CD8_Tcell
103.3704219605928,4.235982732034475,0.0,CD8_Tcell
72.66607546179985,-132.76313105936333,0.0,CD8_Tcell
116.98508602866335,-81.84164632991991,0.0,CD8_Tcell
-13.117691646132235,-171.5088684789711,0.0,CD8_Tcell
93.11390665886066,-148.2144325242196,0.0,CD8_Tcell
72.10746084984201,-92.57279570132398,0.0,CD8_Tcell
-12.971549359136967,10.8491019474175,0.0,CD8_Tcell
148.50417801999222,-52.56026235485352,0.0,CD8_Tcell
-37.6138304109777,163.77131054752854,0.0,CD8_Tcell
-36.833732500803436,128.23870692785317,0.0,CD8_Tcell
-157.09221140781187,3.0803692029194663,0.0,CD8_Tcell
146.31463629822264,-96.92674722775726,0.0,CD8_Tcell
-109.28719908539752,112.43194047394458,0.0,CD8_Tcell
-129.09101634306649,-56.89800521349279,0.0,CD8_Tcell
31.574070494181882,164.3440552436935,0.0,CD8_Tcell
-23.41679450142717,-146.9505952327006,0.0,CD8_Tcell
67.78959257760086,-187.9158024906338,0.0,CD8_Tcell
-81.59438413123915,120.782904164942,0.0,CD8_Tcell
11.02694959422219,-108.12962632520009,0.0,CD8_Tcell
189.7944339880947,36.33473459581967,0.0,CD8_Tcell
17.03599768826345,-164.94600753395375,0.0,CD8_Tcell
139.9124038121359,-15.380378343251463,0.0,CD8_Tcell
-182.87173018531345,55.95481931987947,0.0,CD8_Tcell
14.937319853091747,100.92156044436014,0.0,CD8_Tcell
67.94545712101255,-121.07454005607319,0.0,CD8_Tcell
145.9462104632599,-75.53758588576657,0.0,CD8_Tcell
-19.199089596095146,-101.75523596683043,0.0,CD8_Tcell
-11.736143074262717,-173.60575229851037,0.0,CD8_Tcell
11.798773420380416,199.24088453176427,0.0,CD8_Tcell
-116.70240308960487,45.80592732253799,0.0,CD8_Tcell
138.79440959907504,-21.68895057157952,0.0,CD8_Tcell
80.40953989873343,-1.9101555132077572,0.0,CD8_Tcell
45.248469301631836,123.50583584376699,0.0,CD8_Tcell
-21.938779010587012,-196.5573041775598,0.0,CD8_Tcell
-98.71520612171236,-46.11123022697772,0.0,CD8_Tcell
162.11283634313844,115.61970441159158,0.0,CD8_Tcell
109.80630925154348,-84.10776204895083,0.0,CD8_Tcell
100.37603485034789,145.49288029364195,0.0,CD8_Tcell
51.50561500999386,168.55944398674526,0.0,CD8_Tcell
40.69029482793052,-6.555954045509709,0.0,CD8_Tcell
115.50035660511583,-147.67491720417217,0.0,CD8_Tcell
-169.63952159134195,99.78954120405248,0.0,CD8_Tcell
-167.41825004152648,-47.55449559666459,0.0,CD8_Tcell
-91.11855353622886,-149.55177338943963,0.0,CD8_Tcell
-33.28251267451462,99.02608486442928,0.0,CD8_Tcell
18.44719225904689,-121.14926863745106,0.0,CD8_Tcell
-121.30639947624485,147.49478149349287,0.0,CD8_Tcell
-13.270335823433578,-40.28084563294593,0.0,CD8_Tcell
77.80800026942295,-112.73255112534262,0.0,CD8_Tcell
2.5538354161610455,-71.94038120200901,0.0,CD8_Tcell
-26.37022484967103,163.32953829370956,0.0,CD8_Tcell
-21.58624652876989,-73.5214153210208,0.0,CD8_Tcell
191.1605633383943,-42.95376168859083,0.0,CD8_Tcell
46.51481288344824,-148.55807845103794,0.0,CD8_Tcell
137.18331721406187,52.983388562923594,0.0,CD8_Tcell
14.305080646832758,25.147282373901444,0.0,CD8_Tcell
-161.58226834423365,86.2881851977121,0.0,CD8_Tcell
156.45171867025843,109.31135879140406,0.0,CD8_Tcell
-16.241577381652657,-42.69193601071772,0.0,CD8_Tcell
-131.5373863775518,131.17645275350114,0.0,CD8_Tcell
142.45091258486647,-0.7470581511092971,0.0,CD8_Tcell
73.77674041659404,138.19032597433653,0.0,CD8_Tcell
48.40837217703674,-44.09122380756091,0.0,CD8_Tcell
61.54227249525347,80.24342386598057,0.0,CD8_Tcell
103.85805634359308,85.27764507908391,0.0,CD8_Tcell
135.38394440581905,-17.92317909598725,0.0,CD8_Tcell
107.1382192050941,-85.13657574353756,0.0,CD8_Tcell
-115.67561718384188,-19.31450459514225,0.0,CD8_Tcell
127.15319431883557,-79.27786058723841,0.0,CD8_Tcell
-60.28669568111025,-111.04502154872914,0.0,CD8_Tcell
176.86560546632055,71.8104985619444,0.0,CD8_Tcell
-48.15810398251596,-161.9438375408303,0.0,CD8_Tcell
148.6575516488713,63.613496562616724,0.0,CD8_Tcell
-62.853965734657,101.87980422504431,0.0,CD8_Tcell
23.060828866662046,-116.05791104962066,0.0,CD8_Tcell
18.983238826065463,13.237414652453866,0.0,CD8_Tcell
-46.09642615360756,-57.90852136692208,0.0,CD8_Tcell
-152.7161325181406,-97.36317826393383,0.0,CD8_Tcell
-74.24080791652291,143.40194208295713,0.0,CD8_Tcell
75.43401802366509,56.033476851267515,0.0,CD8_Tcell
112.30676598306947,-158.43219703402895,0.0,CD8_Tcell
-119.09190047122802,97.7221891425491,0.0,CD8_Tcell
5.162473171527874,92.46271208640066,0.0,CD8_Tcell
62.50624888248584,-155.37226054922508,0.0,CD8_Tcell
32.415509791015985,-103.09762910599837,0.0,CD8_Tcell
-130.35428667379065,6.453180475761998,0.0,CD8_Tcell
23.781932302300568,24.791921427443683,0.0,CD8_Tcell
47.978380808181356,-150.15514501781814,0.0,CD8_Tcell
77.949980753621,-54.934274987347045,0.0,CD8_Tcell
75.41654062705834,182.45109801493172,0.0,CD8_Tcell
145.08131860367257,76.66011826250238,0.0,CD8_Tcell
30.920309376506978,-17.944251301172645,0.0,CD8_Tcell
138.53430042367907,-96.54978997315003,0.0,CD8_Tcell
56.864306035206965,-109.37472996893318,0.0,CD8_Tcell
-43.37406966352612,3.8951260180207687,0.0,CD8_Tcell
118.83342619081934,-55.39925028384238,0.0,CD8_Tcell
27.15489521334503,148.44421591279874,0.0,CD8_Tcell
-55.4680112648613,168.4223752538983,0.0,CD8_Tcell
106.56032158053586,143.19595130202882,0.0,CD8_Tcell
-67.85413860219154,182.810443083346,0.0,CD8_Tcell
27.570395253881447,-91.90562230422105,0.0,CD8_Tcell
-112.75871341227477,147.6115394044608,0.0,CD8_Tcell
-36.405322964841844,-59.04876212258337,0.0,CD8_Tcell
-86.4552045069999,8.893127084484751,0.0,CD8_Tcell
26.03954081301894,150.27827177296996,0.0,CD8_Tcell
-66.27335429099264,-158.49118189722526,0.0,CD8_Tcell
-147.72885072225088,-89.40791839222094,0.0,CD8_Tcell
-115.83370012656638,32.149234107439845,0.0,CD8_Tcell
-191.3683182616005,55.685530181111524,0.0,CD8_Tcell
-48.69864726102798,-109.15058636374515,0.0,CD8_Tcell
184.8163544027535,55.986382767987195,0.0,CD8_Tcell
10.889346680217765,80.74097762798975,0.0,CD8_Tcell
133.3329884126477,131.1493985887868,0.0,CD8_Tcell
93.39661269123452,-94.17162879102,0.0,CD8_Tcell
177.78180126879025,52.92987796192421,0.0,CD8_Tcell
41.372217612288864,-9.348004016737677,0.0,CD8_Tcell
-55.21099325312373,102.96358126256384,0.0,CD8_Tcell
-18.057561850421887,-168.14947045702007,0.0,CD8_Tcell
9.758439759228565,-3.7780762458183075,0.0,CD8_Tcell
145.05573954453178,-107.50056008173541,0.0,CD8_Tcell
-138.5153545680137,-22.574238585513076,0.0,CD8_Tcell
82.70880989890286,-127.93501851532685,0.0,CD8_Tcell
-3.254025446694956,-195.0920369490258,0.0,CD8_Tcell
34.93662292997233,-157.74084905025362,0.0,CD8_Tcell
142.80060289837243,-110.93937282107012,0.0,CD8_Tcell
-23.031646212884432,24.352678608296845,0.0,CD8_Tcell
104.21706042519997,95.86452184143519,0.0,CD8_Tcell
151.50267045791432,-54.76018185828251,0.0,CD8_Tcell
32.35132017765641,149.820066170409,0.0,CD8_Tcell
142.63794193314996,139.45736374996193,0.0,CD8_Tcell
60.457027418864925,-58.804907029135705,0.0,CD8_Tcell
-193.6898323022818,30.683967045233278,0.0,CD8_Tcell
-7.7225511480790585,96.60273042941984,0.0,CD8_Tcell
55.9127976855833,-104.54787346050611,0.0,CD8_Tcell
45.00999392936436,-134.45446106442728,0.0,CD8_Tcell
3.2699035823653175,-154.1693141778419,0.0,CD8_Tcell
20.421976245672997,102.59005835019764,0.0,CD8_Tcell
-149.19101777065327,-92.54726494245732,0.0,CD8_Tcell
-117.7783472259773,98.26362417075839,0.0,CD8_Tcell
117.32015403730415,-133.05067274373343,0.0,CD8_Tcell
-172.89200106060355,-45.38252299087985,0.0,CD8_Tcell
-116.08088950889731,-82.4899591367205,0.0,CD8_Tcell
-43.94088065109233,62.55231222801481,0.0,CD8_Tcell
-22.419057123100117,63.673102174513396,0.0,CD8_Tcell
-119.69220073979088,87.00923516880579,0.0,CD8_Tcell
47.014517670009774,-181.07831820905508,0.0,CD8_Tcell
-106.0138048334366,-79.20891074332486,0.0,CD8_Tcell
58.4737886660288,-69.11479288670465,0.0,CD8_Tcell
-30.166950403723227,-92.54071184433381,0.0,CD8_Tcell
-71.61354897468087,-54.27385426069761,0.0,CD8_Tcell
-147.35053343413668,18.519459574524056,0.0,CD8_Tcell
122.82872964118468,-31.558889524967082,0.0,CD8_Tcell
25.190866078277868,-195.01998312253988,0.0,CD8_Tcell
-102.5620442356075,-133.22010355525714,0.0,CD8_Tcell
-84.43025698169255,-66.5594992268475,0.0,CD8_Tcell
10.817679988577877,145.84716670096302,0.0,CD8_Tcell
109.6518540834416,-21.046710799926466,0.0,CD8_Tcell
47.05328093366922,171.87083898608137,0.0,CD8_Tcell
26.099296224425117,-174.3692378679895,0.0,CD8_Tcell
-93.84265315695126,91.05706834487243,0.0,CD8_Tcell
49.78513718210358,-125.3224771271016,0.0,CD8_Tcell
84.96054009818047,37.562773657918086,0.0,CD8_Tcell
79.60713429163589,150.43000387673465,0.0,CD8_Tcell
46.03506738354943,-168.89798967436914,0.0,CD8_Tcell
75.9291418545112,-160.0577472493478,0.0,CD8_Tcell
-53.58605364715855,-100.13982895076691,0.0,CD8_Tcell
152.62351723105277,51.56344496291833,0.0,CD8_Tcell
55.64564889730108,136.47313806221044,0.0,CD8_Tcell
-25.227350490149174,-190.03961404401085,0.0,CD8_Tcell
-93.4531646756225,61.55674205147289,0.0,CD8_Tcell
167.42406334418155,-76.82816990490451,0.0,CD8_Tcell
-115.42256277496631,-68.41217609889361,0.0,CD8_Tcell
18.715228968082943,61.46512516530578,0.0,CD8_Tcell
-86.25609755763581,-119.54879984221779,0.0,CD8_Tcell
143.5997441411076,-9.506710267929963,0.0,CD8_Tcell
189.9319061071191,-32.42523159175571,0.0,CD8_Tcell
88.25810173738333,-161.77236208982347,0.0,CD8_Tcell
-32.169077712596284,33.38368118134538,0.0,CD8_Tcell
28.724839187835137,188.74252726917592,0.0,CD8_Tcell
-38.30451963442571,-24.214329331785095,0.0,CD8_Tcell
86.41433807687153,65.0762045301605,0.0,CD8_Tcell
52.985935558956626,-137.39288140150822,0.0,CD8_Tcell
-195.1580325272593,35.7047131962295,0.0,CD8_Tcell
19.044559374927793,8.787267410618451,0.0,CD8_Tcell
-119.91758232493345,-140.71716904508827,0.0,CD8_Tcell
-127.16445449313386,80.61415934722288,0.0,CD8_Tcell
-18.50403747787302,-31.23332863584679,0.0,CD8_Tcell
-39.961036307273815,97.57119523732919,0.0,CD8_Tcell
56.42833786950765,-95.40107199611344,0.0,CD8_Tcell
-49.34284980742594,10.601689980523481,0.0,CD8_Tcell
-7.593573345048243,-31.13032277181733,0.0,CD8_Tcell
78.61644263191118,119.15950801128609,0.0,CD8_Tcell
13.276725941194927,118.99104081431565,0.0,CD8_Tcell
-23.977641864217407,153.3600498997625,0.0,CD8_Tcell
-106.07320565752683,21.89321503341474,0.0,CD8_Tcell
-163.9508289025541,24.469117465637257,0.0,CD8_Tcell
-172.46646869124953,9.514685776640661,0.0,CD8_Tcell
-104.36928468527306,51.89566261461863,0.0,CD8_Tcell
160.06763665248818,-84.54676201592946,0.0,CD8_Tcell
-27.75128968621934,-182.93076036785234,0.0,CD8_Tcell
56.00570059591571,-157.82847602644023,0.0,CD8_Tcell
50.76518606567074,-22.843746252998745,0.0,CD8_Tcell
19.693845989356955,175.79156304785135,0.0,CD8_Tcell
182.562762813848,-44.02618966685455,0.0,CD8_Tcell
-145.37220326120158,67.67885657482113,0.0,CD8_Tcell
-101.9263953532234,-59.67401409860487,0.0,CD8_Tcell
-34.06808435071885,-190.47362862829274,0.0,CD8_Tcell
-128.1489825315545,63.09695276116774,0.0,CD8_Tcell
114.27816437101387,-43.83656373027444,0.0,CD8_Tcell
-65.14102701859305,100.00773542432789,0.0,CD8_Tcell
-78.8171304564873,149.34866518048105,0.0,CD8_Tcell
60.8626122627204,67.779941215593,0.0,CD8_Tcell
23.07318467946761,-115.14874505979851,0.0,CD8_Tcell
-54.13262948036458,-18.231803939400596,0.0,CD8_Tcell
-97.440108514369,76.19261402100571,0.0,CD8_Tcell
63.43713567421256,-183.4538268437671,0.0,CD8_Tcell
-3.7116728228804283,-120.41757777272998,0.0,CD8_Tcell
-95.77050767084688,-68.11571666598377,0.0,CD8_Tcell
-126.86947521898152,-87.44520712863685,0.0,CD8_Tcell
124.09187163536211,95.33248471774496,0.0,CD8_Tcell
147.79965523037586,-17.997830335482554,0.0,CD8_Tcell
-146.801398427528,-11.936286904163541,0.0,CD8_Tcell
-176.72535912417965,3.9017617692063653,0.0,CD8_Tcell
43.46967639273566,-26.895224508810852,0.0,CD8_Tcell
-17.436419536688877,82.09886992688321,0.0,CD8_Tcell
78.15524567294983,100.59343084198312,0.0,CD8_Tcell
-191.57408511359958,-53.82231567573959,0.0,CD8_Tcell
-158.91132114508193,-47.67662073405431,0.0,CD8_Tcell
-22.898356783971042,-130.8791737151717,0.0,CD8_Tcell
-101.13229649575756,-165.5512097607646,0.0,CD8_Tcell
168.37210608762632,59.31985831953015,0.0,CD8_Tcell
149.6422855835242,23.65358258193668,0.0,CD8_Tcell
79.72540179935181,126.76074925954919,0.0,CD8_Tcell
19.239661858348992,17.316454383982215,0.0,CD8_Tcell
57.34388298928996,-107.30103259384407,0.0,CD8_Tcell
64.82853619726697,126.73796049515764,0.0,CD8_Tcell
-1.2366290028017146,-76.34587022320873,0.0,CD8_Tcell
-10.899747081622301,180.57795462378857,0.0,CD8_Tcell
196.78502870962038,24.171302048386412,0.0,CD8_Tcell
-93.54987087241578,128.31920433631836,0.0,CD8_Tcell
-89.89742468795058,-53.530489473037434,0.0,CD8_Tcell
143.48820097180666,-131.26438553629137,0.0,CD8_Tcell
-165.84697030654144,105.52792718292895,0.0,CD8_Tcell
109.05470907418704,-85.36487268991495,0.0,CD8_Tcell
-33.208575989243364,-145.10252755493684,0.0,CD8_Tcell
76.49100577635056,-19.993399670447122,0.0,CD8_Tcell
-108.47659882064079,-3.9025160126640324,0.0,CD8_Tcell
146.9996994922219,-116.03169619829724,0.0,CD8_Tcell
-105.05371153234012,-24.73819972017621,0.0,CD8_Tcell
34.07110288272122,-98.7962655644997,0.0,CD8_Tcell
-95.94616617130107,79.03648770569457,0.0,CD8_Tcell
-86.01794177429721,110.18702977239079,0.0,CD8_Tcell
154.4757820606279,122.4909260320223,0.0,CD8_Tcell
48.16401203436835,-136.29876830401446,0.0,CD8_Tcell
40.0847862225707,-89.42391747370174,0.0,CD8_Tcell
-29.611010434865,-125.9850545671805,0.0,CD8_Tcell
-38.757398064106056,-106.99283109344286,0.0,CD8_Tcell
9.552357930114685,119.56744913925016,0.0,CD8_Tcell
-52.683245267286914,8.142258850573395,0.0,CD8_Tcell
82.24423373213331,177.08997521530415,0.0,CD8_Tcell
-51.03669645616996,20.029909744413214,0.0,CD8_Tcell
53.14004730586434,88.90564338411941,0.0,CD8_Tcell
-99.54535603568765,-119.16636765987954,0.0,CD8_Tcell
75.90320447330822,-181.08420998711844,0.0,CD8_Tcell
75.68818522605723,-130.76362529180292,0.0,CD8_Tcell
-167.52340448958708,-103.58871898067622,0.0,CD8_Tcell
-62.24864771246401,95.19787571056064,0.0,CD8_Tcell
-56.56624267174774,-47.312474856147695,0.0,CD8_Tcell
-155.83551556455117,7.284129135367647,0.0,CD8_Tcell
-157.39444062437144,22.52650335114816,0.0,CD8_Tcell
44.96285413545569,-160.54996195372274,0.0,CD8_Tcell
-54.58538662988585,104.18467339135641,0.0,CD8_Tcell
52.4390036994106,10.78363998009717,0.0,CD8_Tcell
-140.9912513112158,36.368632552197376,0.0,CD8_Tcell
45.72542186304055,-185.75665287060076,0.0,CD8_Tcell
-182.10110231554552,78.05683821201252,0.0,CD8_Tcell
-52.10230637837804,191.8112376631147,0.0,CD8_Tcell
-18.781765780946227,-111.74619831082079,0.0,CD8_Tcell
27.440264939106505,179.19977492928322,0.0,CD8_Tcell
9.158537556819688,-32.27947683624053,0.0,CD8_Tcell
-113.29805305791061,-141.14526464495248,0.0,CD8_Tcell
119.31563409180359,-54.644690148133165,0.0,CD8_Tcell
66.50497189670403,100.5518130292751,0.0,CD8_Tcell
-143.33408939859223,-5.7103567193059845,0.0,CD8_Tcell
58.48727243477707,3.124727582279425,0.0,CD8_Tcell
-160.5967052505385,-86.86227895886968,0.0,CD8_Tcell
-52.32165035064885,140.66711893980468,0.0,CD8_Tcell
32.000412105608056,-83.93901264037197,0.0,CD8_Tcell
-16.048822983595688,-123.61820289171021,0.0,CD8_Tcell
-85.3503791555999,-62.30764902254863,0.0,CD8_Tcell
-71.75131975058751,50.064836533020944,0.0,CD8_Tcell
165.49020358850223,-91.87730765218286,0.0,CD8_Tcell
-59.226468661301396,98.70721467978564,0.0,CD8_Tcell
149.83873338843534,92.50632929695803,0.0,CD8_Tcell
6.669231327667425,43.509265326151855,0.0,CD8_Tcell
134.98156976986834,-119.0703934245415,0.0,CD8_Tcell
-51.40417342194007,-169.32897335051538,0.0,CD8_Tcell
-98.35634478352691,-48.40818635586794,0.0,CD8_Tcell
-33.74445886192716,87.52830362597224,0.0,CD8_Tcell
195.96980438460812,-36.76591229782698,0.0,CD8_Tcell
-60.29370541527244,114.56442997878086,0.0,CD8_Tcell
-61.17431004374419,-20.53004789080327,0.0,CD8_Tcell
-91.2190237041275,46.49971810018411,0.0,CD8_Tcell
19.691900663085324,165.61247428135056,0.0,CD8_Tcell
42.8211426372812,-25.28721657841224,0.0,CD8_Tcell
119.63404175887085,34.2987022930714,0.0,CD8_Tcell
-50.63753000219724,52.30500691903941,0.0,CD8_Tcell
5.950497444444782,-152.43225140378573,0.0,CD8_Tcell
-70.14199170435545,-167.28209570530498,0.0,CD8_Tcell
152.51024484776906,-89.95523163579722,0.0,CD8_Tcell
20.95885248132756,-178.3880361634642,0.0,CD8_Tcell
82.84064913492548,-155.91194791009286,0.0,CD8_Tcell
27.384808528501175,98.21918922567458,0.0,CD8_Tcell
-28.614367190942136,-59.71825459776252,0.0,CD8_Tcell
38.53893674332462,178.4678855935207,0.0,CD8_Tcell
81.97202955293885,14.27937914015207,0.0,CD8_Tcell
-168.95988777936105,-23.24692616968125,0.0,CD8_Tcell
-165.59658794958347,51.19025090411184,0.0,CD8_Tcell
119.22122053734832,-76.90319812840593,0.0,CD8_Tcell
-35.294780326072676,23.303403864998224,0.0,CD8_Tcell
182.82546905893273,-50.47463019829657,0.0,CD8_Tcell
-1.7359832968743945,-170.46849552249446,0.0,CD8_Tcell
-30.568575352522625,-178.52058053610142,0.0,CD8_Tcell
30.458163237403518,69.44220694132716,0.0,CD8_Tcell
52.47535357293432,49.94187697930067,0.0,CD8_Tcell
-139.21284607050902,-100.92733141057104,0.0,CD8_Tcell
98.73142833467067,57.20593837733762,0.0,CD8_Tcell
178.83136700573993,-0.6936513645642716,0.0,CD8_Tcell
137.3822452515195,104.84195766724991,0.0,CD8_Tcell
157.52643460764781,-16.84753904673257,0.0,CD8_Tcell
44.75396593489787,177.67388545392993,0.0,CD8_Tcell
39.06286008896249,-60.57864797802731,0.0,CD8_Tcell
67.87030633606534,18.379273952048656,0.0,CD8_Tcell
-115.65786590218184,-22.768070286851454,0.0,CD8_Tcell
-21.13746245131801,33.04213165481581,0.0,CD8_Tcell
78.68372489366132,-134.14662842542762,0.0,CD8_Tcell
-187.30504586844782,68.25836759986498,0.0,CD8_Tcell
-90.91492424458741,-84.23447733167224,0.0,CD8_Tcell
-13.222849749821965,135.2044494663903,0.0,CD8_Tcell
-68.38791883024972,67.75589990572077,0.0,CD8_Tcell
106.81585470755759,129.1610669530546,0.0,CD8_Tcell
-142.0731275217435,15.884911166486662,0.0,CD8_Tcell
0.7164683650253857,-141.2091973458207,0.0,CD8_Tcell
182.55907051597538,-4.365472672061287,0.0,CD8_Tcell
-103.05096479524964,-109.35540385148167,0.0,CD8_Tcell
155.22319818703465,50.905761199805546,0.0,CD8_Tcell
169.63074666287082,51.529006450062305,0.0,CD8_Tcell
-17.794937130819573,59.70088421262084,0.0,CD8_Tcell
107.9077218897745,14.710073778767658,0.0,CD8_Tcell
5.872181375133991,-107.93083684182294,0.0,CD8_Tcell
48.098267951923255,60.739515201904624,0.0,CD8_Tcell
-114.96761555406898,-12.239714075983635,0.0,CD8_Tcell
45.30138994545463,-161.21514466416,0.0,CD8_Tcell
38.904560243551614,24.781648594150667,0.0,CD8_Tcell
76.553565552645,166.21201609391403,0.0,CD8_Tcell
6.3880516234099,-145.65505936474398,0.0,CD8_Tcell
142.44117076677483,-97.50939794272055,0.0,CD8_Tcell
-68.54855154692359,63.606453784567314,0.0,CD8_Tcell
-81.73183861398479,-176.3784389462288,0.0,CD8_Tcell
102.80544391851342,-40.656475247817426,0.0,CD8_Tcell
170.60849945023745,-7.705994583659756,0.0,CD8_Tcell
-126.97348866420883,-22.69862291282944,0.0,CD8_Tcell
46.79101384890573,118.47750283695373,0.0,CD8_Tcell
26.685739842202665,-16.762650488190733,0.0,CD8_Tcell
121.2051184679962,27.276037659572943,0.0,CD8_Tcell
-3.9272461189688648,-186.20144017861992,0.0,CD8_Tcell
123.09651503370293,-76.61632414603973,0.0,CD8_Tcell
-74.6004594980408,-47.80634886074167,0.0,CD8_Tcell
-184.83720445053987,-63.0898462504879,0.0,CD8_Tcell
158.1697776611226,-64.42015623323032,0.0,CD8_Tcell
-47.546987521002656,174.83310671019282,0.0,CD8_Tcell
36.29164065472475,-123.38612320326774,0.0,CD8_Tcell
35.19097333134341,169.36690356493338,0.0,CD8_Tcell
-163.11021029663831,21.74204763977244,0.0,CD8_Tcell
-56.930648411748706,43.60592783959679,0.0,CD8_Tcell
26.280869367626337,71.13663315343446,0.0,CD8_Tcell
-46.788330578395495,182.127003542969,0.0,CD8_Tcell
11.139254750937033,138.749494350669,0.0,CD8_Tcell
60.387406589004755,152.97278935898882,0.0,CD8_Tcell
14.688600111947029,-4.118032261738007,0.0,CD8_Tcell
-79.50395023072612,-25.337667551412732,0.0,CD8_Tcell
-6.663707944935136,179.36131934832503,0.0,CD8_Tcell
114.08632693475379,35.90893075368842,0.0,CD8_Tcell
142.67087976108627,-33.388212930770294,0.0,CD8_Tcell
-94.37987471170864,63.80600659857248,0.0,CD8_Tcell
166.82333028452211,-2.9380791855105604,0.0,CD8_Tcell
40.29571622527962,-95.98264566813609,0.0,CD8_Tcell
42.107158155027065,72.50832805322905,0.0,CD8_Tcell
-167.44955423051246,-107.66761590758115,0.0,CD8_Tcell
38.576179695685546,-136.14531830444244,0.0,CD8_Tcell
89.33153977075457,23.134445554318493,0.0,CD8_Tcell
17.93559258363197,137.65518401956254,0.0,CD8_Tcell
163.47951786539815,71.77064191614177,0.0,CD8_Tcell
-0.8571510348329608,-4.004756388512002,0.0,CD8_Tcell
-72.98883192956761,108.17502407149539,0.0,CD8_Tcell
-46.447125516016534,116.14243581352105,0.0,CD8_Tcell
21.217357331728746,123.73465662565809,0.0,CD8_Tcell
-55.58518653407745,-37.89109542519619,0.0,CD8_Tcell
24.12010225561347,89.50961184799955,0.0,CD8_Tcell
-40.31399578600859,-144.7769565175675,0.0,CD8_Tcell
-113.8730443606886,25.833291059706493,0.0,CD8_Tcell
77.3841035225276,139.98082603241474,0.0,CD8_Tcell
41.85808098063659,-185.95086979497856,0.0,CD8_Tcell
-166.65966001805015,68.05402685579391,0.0,CD8_Tcell
-116.48663756121219,76.43805396454418,0.0,CD8_Tcell
-52.98617594127203,145.82455410274554,0.0,CD8_Tcell
-178.0048592774424,7.429637297963506,0.0,CD8_Tcell
13.646300762763758,-110.86023440877707,0.0,CD8_Tcell
-175.72742506301563,-55.31352255548932,0.0,CD8_Tcell
-171.2285618414363,70.4806121897272,0.0,CD8_Tcell
-169.64553408399425,-103.59945285070052,0.0,CD8_Tcell
108.55911613089833,-149.78669698429067,0.0,CD8_Tcell
-136.1196204329616,136.56237803941448,0.0,CD8_Tcell
167.284586204539,32.922790466325914,0.0,CD8_Tcell
-62.66097110949485,-52.21588543679134,0.0,CD8_Tcell
175.88502118527424,21.914816194665946,0.0,CD8_Tcell
-159.32291742783747,-100.96146348265157,0.0,CD8_Tcell
50.571401488400106,95.99209572793353,0.0,CD8_Tcell
-100.30184781100867,2.4304609865467177,0.0,CD8_Tcell
-18.558306772262416,-167.02426629638916,0.0,CD8_Tcell
-147.98235446429157,63.05176173381477,0.0,CD8_Tcell
156.84555615736912,-52.025223290225476,0.0,CD8_Tcell
-68.20020598171621,-80.44420960064197,0.0,CD8_Tcell
-120.80627379336211,19.00596118956628,0.0,CD8_Tcell
-153.05477481295117,-35.60785675309886,0.0,CD8_Tcell
191.08058768386425,-18.05002128720548,0.0,CD8_Tcell
-150.86219102969125,-46.42601322659737,0.0,CD8_Tcell
166.6004058204339,71.71597128623976,0.0,CD8_Tcell
57.76237866212933,-147.05324375593997,0.0,CD8_Tcell
-33.32342912004183,36.71785318722315,0.0,CD8_Tcell
77.60878265661009,66.41458365212887,0.0,CD8_Tcell
157.81841303574157,-67.20071503333446,0.0,CD8_Tcell
-32.031530666078766,138.32537232111332,0.0,CD8_Tcell
21.379600181907847,-136.4402024492651,0.0,CD8_Tcell
35.99287324653841,115.5852442154672,0.0,CD8_Tcell
-23.675669609788525,162.46982958464216,0.0,CD8_Tcell
103.72084360230437,145.15398017432656,0.0,CD8_Tcell
-68.33009455081066,-39.607816500828406,0.0,CD8_Tcell
-105.35817748875257,-139.61266457878975,0.0,CD8_Tcell
-12.901324957835602,64.98494137962146,0.0,CD8_Tcell
143.4280513304515,11.478560282175996,0.0,CD8_Tcell
137.89139702740988,7.787510482092909,0.0,CD8_Tcell
64.6262133790003,86.04230565473358,0.0,CD8_Tcell
-158.53076481695473,-40.14418591097367,0.0,CD8_Tcell
-137.24439543079393,-144.9839458528221,0.0,CD8_Tcell
-86.41520266727167,40.820294226391944,0.0,CD8_Tcell
-88.43868756274215,-172.19188250019,0.0,CD8_Tcell
-6.119703027027302,34.046067780121845,0.0,CD8_Tcell
130.61255121038906,-123.06392100738964,0.0,Treg
-89.91628206542691,116.01052835208664,0.0,Treg
-110.15274343974141,-110.47611278525862,0.0,Treg
13.87645623842374,-116.72098492708307,0.0,Treg
-86.35323176951468,-19.755645561803423,0.0,Treg
125.26406552924908,-17.161566889405243,0.0,Treg
-87.62932116606078,158.41388156423807,0.0,Treg
-62.401106694097045,40.987922220556655,0.0,Treg
59.532479492783025,-141.39584408350095,0.0,Treg
-40.07365730490215,84.88328277113641,0.0,Treg
90.74163525059684,140.5668111739172,0.0,Treg
-186.6847648078364,-49.083119898821955,0.0,Treg
-27.834571165114408,35.83875872137845,0.0,Treg
25.743041518302018,75.76140228671316,0.0,Treg
26.44922361547184,-22.858087538413795,0.0,Treg
-171.24616006169987,72.5726170534169,0.0,Treg
46.32424955302718,110.83414921355367,0.0,Treg
-54.4326603554207,41.28865502765308,0.0,Treg
45.27672548205576,-167.87671511966852,0.0,Treg
61.264192969223316,-147.95725300635985,0.0,Treg
174.45589974087136,-60.1744018068036,0.0,Treg
-34.45628465280353,166.8808333346166,0.0,Treg
-158.505729619885,-74.72415268805109,0.0,Treg
-171.0354590775624,10.328453955561525,0.0,Treg
-157.3394611838641,2.8898918461863525,0.0,Treg
-56.478773210226976,-25.22855336015143,0.0,Treg
-42.63675327794014,-79.07254012239001,0.0,Treg
-74.71592472147366,-130.18958945622927,0.0,Treg
-118.31208911381763,-158.53327328139608,0.0,Treg
-5.68394075012315,189.18970081558544,0.0,Treg
54.529553861413845,-12.288378490308514,0.0,Treg
105.9407056245758,-103.32798260936617,0.0,Treg
-144.51321146154643,-70.90952801525691,0.0,Treg
18.281717380699945,-198.4611721305364,0.0,Treg
21.23283345439875,-10.157009719547977,0.0,Treg
-6.887509441297162,-165.0233070865335,0.0,Treg
-74.28862746178282,-55.30908252657042,0.0,Treg
-7.542604079520045,-165.46141702695513,0.0,Treg
-96.77730202357193,-98.12957534674308,0.0,Treg
28.52582233451171,-174.22906641876722,0.0,Treg
27.943045090061414,-163.92477660191284,0.0,Treg
-80.02541502576473,-92.0234230644573,0.0,Treg
-139.8281854247293,-64.07244436547909,0.0,Treg
137.09125434298602,-50.67597345644854,0.0,Treg
154.03884858518873,-35.63216061388365,0.0,Treg
-133.60907628590047,5.408578143269297,0.0,Treg
63.323341683806255,-137.67835080779483,0.0,Treg
82.80090645100775,121.5943936162911,0.0,Treg
-186.5123951280063,-65.87550513093868,0.0,Treg
-115.13531730074497,56.785493387458246,0.0,Treg
152.66653005587335,106.48463215478797,0.0,Treg
-176.2199247384116,-29.827239474953025,0.0,Treg
92.97097584302713,94.54675062166599,0.0,Treg
-5.758694863554011,-155.80731193393217,0.0,Treg
19.862591766145812,-111.11795226262392,0.0,Treg
21.352667550628976,-191.6686955922504,0.0,Treg
-77.60222662422701,26.27699264126343,0.0,Treg
45.64941390367838,12.666079451629477,0.0,Treg
106.05697675119393,154.30202632432875,0.0,Treg
13.500406733260862,149.02861252737844,0.0,Treg
-39.596931210466146,-44.09683032647505,0.0,Treg
-70.50692973362239,-83.1645697230054,0.0,Treg
-139.59518935825778,-85.92386919680243,0.0,Treg
79.90502578684274,-153.2049889742763,0.0,Treg
10.656033903811025,-158.63520147775594,0.0,Treg
59.474311396095516,-8.317138574630578,0.0,Treg
25.415543408301396,-99.272554028808,0.0,Treg
-130.54496680448406,-89.37794936028459,0.0,Treg
-136.87984128826642,76.87855417346948,0.0,Treg
87.9385061012702,-57.39430872094878,0.0,Treg
5.88739483254239,-135.99978686521644,0.0,Treg
3.6040855071826483,173.55398556242992,0.0,Treg
148.5456239298609,-111.03899125906163,0.0,Treg
55.89097658498809,-137.19625963391172,0.0,Treg
80.44295417225435,-93.89183748878477,0.0,Treg
155.0674182190198,-27.361551326418983,0.0,Treg
-12.417434234921197,-172.18390149382125,0.0,Treg
-46.52764933173355,-106.76554557819493,0.0,Treg
-28.609309697562686,29.572906693829076,0.0,Treg
71.74291636557312,-185.21721730435138,0.0,Treg
-13.90333558326399,-30.823071919393264,0.0,Treg
14.276693245787358,-47.69928598407336,0.0,Treg
-139.86787243997426,134.11615117797632,0.0,Treg
-43.90589459019241,26.232750137733614,0.0,Treg
-10.120800750166294,-30.081347211185157,0.0,Treg
12.282570853585828,-168.00648052351414,0.0,Treg
-22.24153195705043,-143.98066217800826,0.0,Treg
136.95668076576118,54.26402886888304,0.0,Treg
-144.69775032019095,18.716931586577964,0.0,Treg
-195.65261503132237,20.076968884067757,0.0,Treg
39.420144695848556,139.61169252636114,0.0,Treg
121.33419785116212,-109.09629316900372,0.0,Treg
165.20035860752446,-58.385491878515396,0.0,Treg
56.13509530029585,-128.68060551945962,0.0,Treg
127.44907484496703,-76.42622765758982,0.0,Treg
-136.42666969533641,81.24975450369675,0.0,Treg
-50.828480490439055,114.81794307330537,0.0,Treg
90.9951684044082,40.5227767661568,0.0,Treg
-33.576314466032876,129.13437023586022,0.0,Treg
101.9281295458076,-355.9835969322494,0.0,epithelial_tumor
-13.423522259496572,-318.15784403750143,0.0,epithelial_tumor
-66.98850107940952,-233.07514031804703,0.0,epithelial_tumor_class1
151.78685651183326,-354.96281907258526,0.0,epithelial_tumor_class1
196.3410311259129,-98.41761797832113,0.0,epithelial_tumor_class1
224.42867023387583,36.819841224697505,0.0,epithelial_tumor_class1
-154.8190172521891,-210.4283555301045,0.0,epithelial_tumor_class1
-101.68498283155515,-313.6477490465965,0.0,epithelial_tumor_class1
273.23901080727387,269.1766762083721,0.0,epithelial_tumor_class1
-237.63982276767,178.18005714573712,0.0,epithelial_tumor_class1_class2
-329.4809140214088,65.37091968499087,0.0,epithelial_tumor_class1_class2
-96.82674716124514,302.9054036294415,0.0,epithelial_tumor_class1_class2
310.7978278369937,29.339557559911942,0.0,epithelial_tumor_class1_class2
96.11137428939249,-245.9315478694382,0.0,epithelial_tumor_class1_class2
85.95157125420043,319.85110479495063,0.0,epithelial_tumor_class1_class2
-197.57773194057185,74.23684247826493,0.0,mesenchymal_tumor
119.60379172694942,363.80456035697273,0.0,mesenchymal_tumor
96.82465758445538,260.80344087444905,0.0,mesenchymal_tumor
290.5398029576604,-119.6354283256134,0.0,mesenchymal_tumor
-206.61943437391866,-194.52069423378896,0.0,mesenchymal_tumor_class1
217.6994214912894,234.48958686507507,0.0,mesenchymal_tumor_class1
44.13226803178044,-219.83023248317073,0.0,mesenchymal_tumor_class1
-286.86936028111705,-102.97997990357689,0.0,mesenchymal_tumor_class1
15.5109012804714,-283.8050730494364,0.0,mesenchymal_tumor_class1
-230.39457343017847,177.76276294676578,0.0,mesenchymal_tumor_class1
44.86770196298817,358.3661746226006,0.0,mesenchymal_tumor_class1
257.08153957258645,-209.15525179705315,0.0,mesenchymal_tumor_class1
38.17229125249676,216.27682818377414,0.0,mesenchymal_tumor_class1
6.8939961633888345,-295.9824018103167,0.0,mesenchymal_tumor_class1
-258.0374695716454,-254.30539888916536,0.0,mesenchymal_tumor_class1
199.3752003418482,-155.67352370180728,0.0,mesenchymal_tumor_class1
50.79439281823626,-282.7493532622421,0.0,mesenchymal_tumor_class1
131.7079416929172,-208.5208492931992,0.0,mesenchymal_tumor_class1
-193.9403514768954,-328.3806367197125,0.0,mesenchymal_tumor_class1
142.0172032438988,245.6378316941551,0.0,mesenchymal_tumor_class1
367.6614296205134,-55.88059263830585,0.0,mesenchymal_tumor_class1
-77.14938352299149,242.32721697033375,0.0,mesenchymal_tumor_class1
335.55980968122384,172.93421036858967,0.0,mesenchymal_tumor_class1
-317.26003310188827,-43.79171639584464,0.0,mesenchymal_tumor_class1_class2
-83.8849335643643,353.0731252490455,0.0,mesenchymal_tumor_class1_class2
-207.78426299473492,-43.08841512299924,0.0,mesenchymal_tumor_class1_class2
-243.29998005686085,128.76406737925464,0.0,mesenchymal_tumor_class1_class2
305.6055791133473,222.13192642022724,0.0,mesenchymal_tumor_class1_class2
265.10999342042874,-258.4656756308471,0.0,PDAC_unclassified
-1.9156308401852113,-397.33821990587705,0.0,PDAC_unclassified
-166.97883387732196,208.28734383618843,0.0,PDAC_unclassified
337.68830868967854,91.90287842229796,0.0,PDAC_unclassified
201.48963949846186,317.69362696409684,0.0,PDAC_unclassified
-267.01501754427636,228.25546333120246,0.0,PDAC_unclassified
-233.54260996860324,-49.77246521255607,0.0,PDAC_unclassified
84.70055600423466,227.06025548274343,0.0,PDAC_unclassified
-123.81468672332082,266.3633623732356,0.0,PDAC_unclassified
170.8018714096379,119.41853936789246,0.0,PDAC_unclassified
218.08275994478228,36.0280712069796,0.0,PDAC_unclassified
-373.27661988814845,72.61520606851978,0.0,PDAC_unclassified
-137.22766932092492,241.99659065571467,0.0,PDAC_unclassified
229.21547145522317,-211.77400642850117,0.0,PDAC_unclassified
179.74499998044,-298.4940508585652,0.0,PDAC_unclassified
-364.9837261022251,-1.7166732391332589,0.0,PDAC_unclassified
-208.57548735086093,-144.62012911649856,0.0,PDAC_unclassified
-397.01164436520224,-26.2874425624189,0.0,PDAC_unclassified
39.33090204045161,-199.97002011736666,0.0,PDAC_unclassified
-53.566571962597266,-286.3737454398666,0.0,PDAC_unclassified
-316.93228641002383,187.8585837720141,0.0,PDAC_unclassified
319.45256943143676,-5.406815326476974,0.0,PDAC_unclassified
153.95593040950445,229.59457281518152,0.0,PDAC_unclassified
-144.40051123746997,-348.99095155038214,0.0,PDAC_unclassified
220.2795269431178,289.5720545315862,0.0,PDAC_unclassified
257.48750374263255,-224.585107424479,0.0,PDAC_unclassified
-331.23916933306634,82.99394610563976,0.0,PDAC_unclassified
208.59138907323864,49.43071316596131,0.0,PDAC_unclassified
-186.2633929290028,229.03476276934123,0.0,PDAC_unclassified
94.23774584748624,370.91107858720494,0.0,PDAC_unclassified
-139.10242408528111,292.45338551705424,0.0,PDAC_unclassified
267.3614304500543,106.4553650733294,0.0,PDAC_unclassified
