x,y,z,type
-188.62842962944404,329.41762664019507,0.0,CAF
-40.02707047942857,-164.5748794629561,0.0,CAF
197.83280159683486,200.4223504999762,0.0,CAF
25.802320868343877,22.921283398192255,0.0,CAF
-181.3453262189345,-188.45701321044666,0.0,CAF
308.7418180823191,-108.59941421901318,0.0,CAF
50.64705967229705,162.30797608765687,0.0,CAF
-200.0185371188143,247.08726361963753,0.0,CAF
287.09853033804393,-154.08700255111515,0.0,CAF
-187.93869423854446,222.61501717813076,0.0,CAF
6.200254831457772,-326.63828092670684,0.0,CAF
-320.47092750724323,-59.91251099468843,0.0,CAF
-331.6856658081408,-91.05426826448978,0.0,CAF
164.809833003557,101.82629140934235,0.0,CAF
-262.93668397838917,-152.85137618230644,0.0,CAF
-18.53104753366512,-32.033200671106144,0.0,CAF
160.59321799632627,-123.71740076343141,0.0,CAF
158.8169487113627,-276.78678172662995,0.0,CAF
-263.40045220209527,18.593551446727453,0.0,CAF
8.808562511300279,-307.26298547367145,0.0,CAF
-119.41973639410483,381.74683796385864,0.0,CAF
11.71439031340256,371.2283925354261,0.0,CAF
-43.615766904204584,164.47357178062018,0.0,CAF
0.5645704087972037,-249.18749926049878,0.0,CAF
80.12296344275119,30.601136774143168,0.0,CAF
-234.0014949201783,168.17980504006044,0.0,CAF
329.2583279389177,-149.92922519996264,0.0,CAF
-148.94407929745552,-296.02996031804753,0.0,CAF
136.7005032772707,269.91299646512243,0.0,CAF
43.04073818115929,346.966926389327,0.0,CAF
194.69318986414805,210.02700327212395,0.0,CAF
220.29039374706596,-54.137435570223275,0.0,CAF
256.7189924197815,-272.07208073382685,0.0,CAF
-153.8373496026553,-360.3539960323546,0.0,CAF
-39.81431771234921,-8.003380356917974,0.0,CAF
-167.59878101804998,-31.91706911603593,0.0,CAF
-144.8932601990875,-294.0836004485069,0.0,CAF
176.54274773976354,-0.4250011654686799,0.0,CAF
58.47248453039591,-63.31146362539854,0.0,CAF
193.27727856992772,-245.12077250448357,0.0,CAF
-132.24505900439007,-183.1500371520072,0.0,CAF
347.2454543443844,146.26014832363356,0.0,CAF
-83.91447052062331,307.9171587448229,0.0,CAF
-39.37801509405903,-147.08456161447828,0.0,CAF
22.47197541779258,395.8305810748127,0.0,CAF
238.6972401502688,-166.63326715739686,0.0,CAF
49.27172669728291,-380.8965179935907,0.0,CAF
114.05104461027709,-36.84987107712117,0.0,CAF
-25.083074853476468,-12.598562645718852,0.0,CAF
-1.3160988561232803,135.82672696854252,0.0,CAF
-11.49421895748895,77.3426207730671,0.0,CAF
158.60580724919055,-17.916234346483296,0.0,CAF
-48.3938556628749,347.71774844353865,0.0,CAF
173.03602892608353,-186.83082945436638,0.0,CAF
-34.135952502796876,-88.8802933775989,0.0,CAF
94.96533209701109,-236.0957015930166,0.0,CAF
-196.6026182644889,-158.54919486758862,0.0,CAF
313.46199527539284,48.9431077901153,0.0,CAF
200.65213760319037,-186.08503113448975,0.0,CAF
-15.669973091469913,-379.2038527274437,0.0,CAF
-181.03658805924678,258.52097635813954,0.0,CAF
186.9672464263365,302.50191804337555,0.0,CAF
168.24083216190013,-56.70990993134038,0.0,CAF
-44.768722324784484,333.7706696444939,0.0,CAF
328.26868679866675,-163.3000771614705,0.0,CAF
-22.096590702174545,-105.59764152925831,0.0,CAF
314.41267361971086,-5.5696161168744105,0.0,CAF
277.46504317342755,-125.89139433653152,0.0,CAF
-12.805710121334597,-313.0291709454854,0.0,CAF
338.0166435767012,196.5830615724939,0.0,CAF
-178.15866003319562,284.61297860557937,0.0,CAF
-227.8718990164068,-29.647084459623912,0.0,CAF
0.13906119945821666,85.16610357410919,0.0,CAF
-96.44328645643579,-159.63895552801338,0.0,CAF
212.40817289455117,-40.69320419193905,0.0,CAF
118.80807278022036,217.8943187944723,0.0,CAF
35.64553409718715,126.71782177815797,0.0,CAF
338.5117561305674,47.89408856803865,0.0,CAF
-256.39296519381185,-236.08887891418885,0.0,CAF
89.25406178006304,-51.02527925176344,0.0,CAF
-348.90423183825857,87.73368673282172,0.0,CAF
-288.14538563635494,150.49569400425085,0.0,CAF
301.2087331454473,206.43188893949332,0.0,CAF
-274.31571327242443,-152.54038283317126,0.0,CAF
284.02708875486377,197.2630330703031,0.0,CAF
341.0063189495648,-172.30350470400884,0.0,CAF
-113.88986383989287,-57.44082732980943,0.0,CAF
262.7692540738534,-192.8574273560032,0.0,CAF
-219.50563290222746,-105.72770804206853,0.0,CAF
-60.06100509548952,159.48306418899193,0.0,CAF
89.61588420871801,-342.0988861032644,0.0,CAF
184.12215872244798,260.62602502032206,0.0,CAF
-240.08776840209597,217.00148024713712,0.0,CAF
-175.67807597681775,322.5789987867842,0.0,CAF
247.26744061096585,43.525537189065716,0.0,CAF
-21.209746437869885,-387.91018341274554,0.0,CAF
-319.23401568939533,-66.52569374645162,0.0,CAF
378.1022392815895,-70.6335249329246,0.0,CAF
272.97860274762013,129.695223224,0.0,CAF
145.8389312236453,50.38866121991415,0.0,CAF
196.91822665648738,213.0875141112495,0.0,CAF
223.17461028891512,-71.83783243384573,0.0,CAF
-51.82862127097193,377.30224681142397,0.0,CAF
121.01914451263104,-366.8837284858674,0.0,CAF
-368.8317356229179,-49.977387661075554,0.0,CAF
30.171487349977454,-302.9703576261895,0.0,CAF
76.56672226384397,-243.6625606948576,0.0,CAF
-342.1218331417725,189.05181739454,0.0,CAF
85.49569024505412,-291.2717295584164,0.0,CAF
-229.9862210327638,18.8918660029716,0.0,CAF
271.84911505958456,-28.928428668552158,0.0,CAF
-194.47270098901635,-9.710636900578328,0.0,CAF
-132.16644820606948,320.5120290757129,0.0,CAF
-162.85177675425865,25.326785182699354,0.0,CAF
208.81752721818282,-94.17164511147135,0.0,CAF
208.31543596536414,267.61873505828595,0.0,CAF
241.183130256795,93.73592594275367,0.0,CAF
22.118964509858248,-212.05809407973393,0.0,CAF
28.989514522791097,293.0141849519795,0.0,CAF
209.09162293371918,168.53232445746522,0.0,CAF
-80.64776464617945,-268.76931771558304,0.0,CAF
309.51800934812945,230.9619493889316,0.0,CAF
-62.93684070984377,62.68210967308797,0.0,CAF
28.366144611721907,-167.48167459368128,0.0,CAF
241.89688791329218,115.34252358078312,0.0,CAF
-211.5635824744374,270.9638180482407,0.0,CAF
240.44837984126517,299.0149150138391,0.0,CAF
359.57040109903005,-44.33979960641973,0.0,CAF
241.76410984812838,-13.112218738324431,0.0,CAF
-41.835968849065196,257.703638187047,0.0,CAF
-6.661042767881467,66.94147411597616,0.0,CAF
266.2927376077569,-192.40747033544815,0.0,CAF
-24.65034446039463,-222.16815881925365,0.0,CAF
30.55574942093166,-317.5300777402201,0.0,CAF
64.45635301344755,326.758514716292,0.0,CAF
188.58518702426295,-134.1510200631653,0.0,CAF
-63.09808422816714,-300.1945262334777,0.0,CAF
54.25111172125783,13.20828247140751,0.0,CAF
231.3157089595865,-197.00649643712524,0.0,CAF
37.581671824031304,71.04349883893767,0.0,CAF
-80.42968848634237,391.57582419329736,0.0,CAF
-125.10833659310799,237.34896473983625,0.0,CAF
361.00297190305224,91.4988487649794,0.0,CAF
-342.98269118990663,189.97762118596106,0.0,CAF
60.10488934472641,-183.52499016194704,0.0,CAF
150.7366039102068,-319.79015971051655,0.0,CAF
75.89428291043764,325.08518264070415,0.0,CAF
-78.50582931877891,-155.968766903857,0.0,CAF
390.3549042159888,47.196335084635905,0.0,CAF
-67.45419065462181,-17.428356600868423,0.0,CAF
-15.1390709391471,-2.692584951381191,0.0,CAF
283.4540937727558,244.55650973255533,0.0,CAF
-72.61090656007993,-211.23444335447917,0.0,CAF
-113.74140250360558,-218.4877630277411,0.0,CAF
77.56264819918013,371.72581481009956,0.0,CAF
224.38051605354244,-77.18690462630242,0.0,CAF
150.94617547620754,-84.73410077714371,0.0,CAF
29.15322099668492,-343.113792584674,0.0,CAF
-112.11804534341823,-67.13498821227364,0.0,CAF
-137.76870556971795,317.4064577714771,0.0,CAF
191.50490873145023,-295.46534382503734,0.0,CAF
-112.63262038684569,247.82579075981576,0.0,CAF
-76.54515520398448,237.98803368911558,0.0,CAF
111.62056996122513,-181.00935911764157,0.0,CAF
-56.40454589525423,312.61242853979513,0.0,CAF
157.64587823885086,-297.18012149592494,0.0,CAF
56.08836809522164,-92.63202382568136,0.0,CAF
-124.57692570726797,-234.12397266574507,0.0,CAF
-233.39765040220757,40.619520392488354,0.0,CAF
-135.48731679886558,-7.387418305572039,0.0,CAF
47.86763358188059,-143.2717654367953,0.0,CAF
-43.095427269848585,74.4722861303081,0.0,CAF
119.27918919585782,223.7209677983849,0.0,CAF
-181.2906246895787,312.78989291757523,0.0,CAF
-171.14958231698293,316.27722471060264,0.0,CAF
169.1593206222368,-255.43971940906144,0.0,CAF
-275.35880939889614,154.268369356558,0.0,CAF
81.60712454929255,234.01032399531937,0.0,CAF
-88.82344862866587,-116.0114501458004,0.0,CAF
102.32681166327883,-252.5258220137144,0.0,CAF
-14.543173623557474,-274.8179080799739,0.0,CAF
21.779129028955275,-298.24203164169705,0.0,CAF
51.374377079105436,-162.7001101535088,0.0,CAF
-215.4020371742496,-235.94802749934044,0.0,CAF
129.5477331569313,373.7903112431658,0.0,CAF
-150.27663370997416,321.4879326414876,0.0,CAF
117.74272865074464,292.690864491478,0.0,CAF
-80.16149648383752,50.40862194090855,0.0,CAF
-92.56104448218207,315.30140995684286,0.0,CAF
214.75415993310526,185.4184043086267,0.0,CAF
-78.84315066286449,-184.7195810218127,0.0,CAF
176.2806127410321,334.4749264735356,0.0,CAF
-73.28362344927055,-228.5922627165832,0.0,CAF
224.54163913107416,223.64763838296463,0.0,CAF
-125.73005638279773,11.760848502221037,0.0,CAF
-129.43127091590574,49.21786458052135,0.0,CAF
-178.62784802339277,294.3264105682638,0.0,CAF
70.25201636487215,101.82031263619395,0.0,CAF
-386.1712225298218,-31.35847666135891,0.0,CAF
82.49671895582706,-133.2215909435759,0.0,CAF
348.19693983757463,-196.00171097355758,0.0,CAF
-246.02999593813382,-295.5510596637844,0.0,CAF
249.9765817014709,118.67076101649131,0.0,CAF
-360.60849301196237,158.03853712084043,0.0,CAF
105.37743905073587,-123.59886959349365,0.0,CAF
-239.48169302278777,-117.66764620721149,0.0,CAF
-11.492979882364224,328.10878788311845,0.0,CAF
128.69967882881718,-148.81445227480992,0.0,CAF
294.1005805286537,62.99443730299025,0.0,CAF
-338.949689883177,88.84244008045863,0.0,CAF
-218.73916308095676,323.46935844776107,0.0,CAF
-137.34614519188267,3.3520132835197924,0.0,CAF
348.19580050677274,-23.102836353738653,0.0,CAF
-110.70675896669448,294.3815767828409,0.0,CAF
215.35745157605066,-78.64555454042889,0.0,CAF
-38.29257771610828,-262.8817600122342,0.0,CAF
-32.8127112149991,-19.44549403920147,0.0,CAF
-348.49537836757344,-136.4297496075716,0.0,CAF
118.46852430489699,298.85047179116526,0.0,CAF
-24.773240351448234,-286.35048224245344,0.0,CAF
73.19006126321948,326.5654601380812,0.0,CAF
-141.34660937382105,-116.33563723245216,0.0,CAF
-291.21068731120664,0.12157144227235983,0.0,CAF
-44.04460948559443,212.87923316502474,0.0,CAF
125.9804410498524,347.9879061279198,0.0,CAF
204.060360843487,248.49353381471906,0.0,CAF
232.70334004667578,-255.1327664994878,0.0,CAF
-62.498409844642666,377.9517304382321,0.0,CAF
367.62563403666456,-94.14546669961717,0.0,CAF
-222.9295935886974,-197.73655354389587,0.0,CAF
359.47515688764247,-25.832542259014517,0.0,CAF
-290.4668651341767,3.7336968830741872,0.0,CAF
207.07773260537536,-209.7530691153426,0.0,CAF
227.24689489159343,-54.55441184841816,0.0,CAF
-302.0188246272686,45.949588920332104,0.0,CAF
-121.7698152277376,239.30470021296458,0.0,CAF
23.122887172523836,-316.1310534099925,0.0,CAF
227.16954996869669,-113.94499643366257,0.0,CAF
89.97320401780296,291.475571682089,0.0,CAF
-295.4405832710132,231.60021971740196,0.0,CAF
-209.97249768021769,-207.671543722963,0.0,CAF
-198.72062666848214,41.06238363057703,0.0,CAF
-232.35669746093552,-277.7869807206571,0.0,CAF
32.17479266344963,-82.29051389084555,0.0,CAF
-276.45917428850146,-124.55190178827485,0.0,CAF
-175.0945949863289,-237.42320333935982,0.0,CAF
-4.7491773906100025,194.14673906776292,0.0,CAF
-18.31190878731822,54.279419142232406,0.0,CAF
208.19206406278266,-71.802498183653,0.0,CAF
-251.09923710783139,-4.18898738402371,0.0,CAF
292.56740238371947,-36.40065876302817,0.0,CAF
-152.14813725626345,-258.78235603400293,0.0,CAF
-392.7456693280729,42.659238038570265,0.0,CAF
-344.1080002535451,-130.27374232605558,0.0,CAF
-299.4529159425615,239.192300704031,0.0,CAF
165.85727052678874,227.4421086744618,0.0,CAF
-305.02528112386534,22.769475491811455,0.0,CAF
257.1613030620597,236.9100907594635,0.0,CAF
-44.21863463720849,-395.08334096177356,0.0,CAF
-29.93247721998295,-35.82267774054784,0.0,CAF
-168.9049481458271,-97.01271478823351,0.0,CAF
-325.01702668979334,-137.20742521807938,0.0,CAF
-33.56331339353682,147.61369660809956,0.0,CAF
194.42022688951437,242.4761215880031,0.0,CAF
71.12510382444462,73.22107598782354,0.0,CAF
112.44508840942139,-346.4899349068315,0.0,CAF
-29.63486872124354,252.810235602184,0.0,CAF
-287.03230858127176,225.0871931181146,0.0,CAF
280.7805118482343,-171.74968962694152,0.0,CAF
-190.94392181613395,-17.31276955937374,0.0,CAF
-188.5526673376765,-142.04680921282446,0.0,CAF
-133.0626576788626,-280.14732705871415,0.0,CAF
358.30848057402847,-117.93133556664714,0.0,CAF
-30.563806229214713,37.79674732826098,0.0,CAF
180.84463734853506,163.6588554783266,0.0,CAF
50.89496732894017,-225.78809152151888,0.0,CAF
-86.4832984450733,292.8401361362608,0.0,CAF
-205.65518433814023,-115.95346838576344,0.0,CAF
164.62736567517626,306.7084505521148,0.0,CAF
267.3312749502299,215.66473254155835,0.0,CAF
-99.98858260767919,-262.32982991358557,0.0,CAF
163.12956433354387,-2.2898746694307435,0.0,CAF
253.76543551414676,-152.41294282631702,0.0,CAF
-228.0725771872345,-102.24989075938986,0.0,CAF
228.55505754994618,225.45914778233308,0.0,CAF
-27.383426178214297,-129.2853691758359,0.0,CAF
-21.619975795250483,77.06910830674482,0.0,CAF
-30.178853627635114,-22.5579128685616,0.0,CAF
85.5725214897542,-387.82839965012823,0.0,CAF
-130.358231753085,106.71676723229712,0.0,CAF
210.07611459505472,-160.38672772508397,0.0,CAF
-112.46934611221896,-90.63952314474419,0.0,CAF
94.1081210401558,200.08905546578114,0.0,CAF
-142.8000598400016,-299.8807914906546,0.0,CAF
158.56744216566298,130.22862929396234,0.0,CAF
-139.68054888502147,-20.20708583286715,0.0,CAF
-228.3591863626925,250.209683868914,0.0,CAF
-334.52086909522626,133.83932043879815,0.0,CAF
270.95829663348695,37.93948136044037,0.0,CAF
-347.73091802684274,85.87552039960333,0.0,CAF
-12.201598764027258,-357.8141178882529,0.0,CAF
82.53566127659623,-202.79345452846067,0.0,CAF
-119.83054987627426,-126.12909896724183,0.0,CAF
-206.41580892073608,-23.386579993613374,0.0,CAF
-58.82114938887593,-260.80347221991065,0.0,CAF
104.14115475553291,52.86873082646897,0.0,CAF
-144.82198993045796,39.21418984436449,0.0,CAF
120.89616473476042,-207.4737395977611,0.0,CAF
-153.12606389832527,-47.50085295579569,0.0,CAF
59.5665151918081,371.5668209377779,0.0,CAF
-264.65341200452656,221.62908481904518,0.0,CAF
45.27471907659313,175.1353423332193,0.0,CAF
88.76796166037296,19.999234905769487,0.0,CAF
156.2379567345741,69.29516876897256,0.0,CAF
148.96018524410843,235.57434140738306,0.0,CAF
-18.806000692158946,-111.76613213980812,0.0,CAF
-30.667740361959225,351.0094933773293,0.0,CAF
186.206805285604,221.94186090272694,0.0,CAF
136.95803650450807,349.9856505961355,0.0,CAF
-176.31573198794104,339.908635784974,0.0,CAF
-141.88508943280598,154.70618181714394,0.0,CAF
-340.63357376114124,202.5653112602141,0.0,CAF
-173.05176100295066,-82.89878018179074,0.0,CAF
323.9082377235272,10.157811555891332,0.0,CAF
5.020075998370592,291.9408884354775,0.0,CAF
324.8988438745074,-17.92828323470299,0.0,CAF
-46.00157932554288,-174.27189889299535,0.0,CAF
181.11409309208258,-281.60979885593497,0.0,CAF
2.0596519579201695,21.9447437779212,0.0,CAF
-16.038888315613015,-47.213188453360736,0.0,CAF
-220.7947681503556,140.5477340800216,0.0,CAF
-253.11451382847775,-228.0043763935664,0.0,CAF
360.95984683598675,-87.54905712608972,0.0,CAF
62.28556806937159,-32.044108637423626,0.0,CAF
-57.00933368114288,31.48247709362478,0.0,CAF
21.780793638845186,-354.80992753497793,0.0,CAF
226.1232621480169,-215.78496023951422,0.0,CAF
24.37776626062485,118.30645335876314,0.0,CAF
209.54411237782134,-113.87659330190793,0.0,CAF
-152.5190756134673,347.12336863564303,0.0,CAF
89.53708099485004,203.72535196557038,0.0,CAF
-124.69961026212209,115.72562385457121,0.0,CAF
-327.34981760952525,-160.3837002867531,0.0,CAF
-309.07347671261823,66.19980959216284,0.0,CAF
56.419110921004894,-53.37471261227769,0.0,CAF
-196.85894406621503,-35.91832134966839,0.0,CAF
-102.41741160734851,153.87227599495492,0.0,CAF
101.92768350599017,135.81296947197393,0.0,CAF
298.32991843393427,-23.82018265257752,0.0,CAF
247.27502871973795,203.71456556953495,0.0,CAF
-158.50975829192677,33.85062764928748,0.0,CAF
-52.9965575142151,30.655751132539883,0.0,CAF
-144.89557094048388,-296.20979281004645,0.0,CAF
168.53019744311132,-305.9757283332189,0.0,CAF
-20.213003570504007,-256.1506591881968,0.0,CAF
-148.70218749053316,83.42763108304041,0.0,CAF
-297.3868575647302,-260.2631685071573,0.0,CAF
-176.76658050319426,-195.4658388217421,0.0,CAF
114.32003541341642,-328.859581083165,0.0,CAF
-256.8394069912327,-198.9921789106805,0.0,CAF
113.59421372189743,-379.3736278426201,0.0,CAF
-19.4085338025417,-158.80026607793346,0.0,CAF
-38.80133986380471,-268.8576307836501,0.0,CAF
342.20441844133853,-120.98952738907444,0.0,CAF
12.531874617172424,-71.95656655589669,0.0,CAF
-4.048431507246529,-378.40733057638835,0.0,CAF
93.57810258392088,71.64767343159629,0.0,CAF
-10.768677067313975,-30.43598030850313,0.0,CAF
-116.47906777659783,325.41707149000723,0.0,CAF
91.77532148792525,-169.6362514060358,0.0,CAF
-67.31321298461731,2.0742716652993742,0.0,CAF
-98.56327942922675,-267.93797543825195,0.0,CAF
197.43896366872843,-221.46863225933467,0.0,CAF
10.333671603979772,361.4648731446325,0.0,CAF
88.55185028500107,-135.05653143312287,0.0,CAF
-207.41493969805921,29.707881411473483,0.0,CAF
290.81621940817234,-176.12597453171736,0.0,CAF
188.01144479356594,291.2709141358403,0.0,CAF
-275.3982684714198,-44.998580851021664,0.0,CAF
56.83908483437604,-56.30469979905176,0.0,CAF
171.1909783575403,15.350780027874922,0.0,CAF
-390.69507119934826,50.283688660914656,0.0,CAF
84.09074972373114,-373.3212611984323,0.0,CAF
98.32892189082641,9.890513154960097,0.0,CAF
103.27783829183653,-282.62930331458807,0.0,CAF
128.6013649315675,-235.79860387677223,0.0,CAF
288.4665388185767,197.66526805903325,0.0,CAF
56.47047889563441,5.453088191921336,0.0,CAF
11.48049670673542,-261.9758964012949,0.0,CAF
143.9562141899064,-142.08996056867934,0.0,CAF
-153.54819453485933,81.08632225677694,0.0,CAF
-93.1269384239348,344.33907886421514,0.0,CAF
-163.2277038957785,223.20108837515582,0.0,CAF
-96.2280909924928,340.4489399689623,0.0,CAF
43.72996274957049,-227.53731112210716,0.0,CAF
287.14771981490776,-136.50565862281374,0.0,CAF
-194.71494227637942,220.82912344823885,0.0,CAF
-234.9493072224563,-114.8109400638767,0.0,CAF
190.63678612136476,-333.75885939369584,0.0,CAF
-349.92028929983894,-151.89947893073568,0.0,CAF
-195.46359431672656,268.68950166125,0.0,CAF
-168.6191211290306,309.09992302039154,0.0,CAF
-45.38812196882115,-299.60433619110177,0.0,CAF
-182.15975325028597,269.1106775336653,0.0,CAF
66.12401697029857,-303.6610773114801,0.0,CAF
-244.37860785676602,-76.63944513628324,0.0,CAF
218.08662176248382,74.9095289419208,0.0,CAF
-54.95480616551166,343.4745032912575,0.0,CAF
88.0312855499226,-296.8876044867081,0.0,CAF
-109.98972561643008,-328.7163681112794,0.0,CAF
64.76258607055885,-278.92126385764897,0.0,CAF
122.77108243827057,-240.18494315523543,0.0,CAF
-293.0070090830369,263.8668738403587,0.0,CAF
-332.4776720809795,37.59435587891532,0.0,CAF
186.06066029698732,-309.70465858123214,0.0,CAF
-246.7601187812163,-44.61719522423139,0.0,CAF
160.37638630675,92.17273549549495,0.0,CAF
147.22473526126825,-118.97405791860925,0.0,CAF
103.41600522688161,-126.90601663021344,0.0,CAF
-53.94238155218944,-192.45761068023995,0.0,CAF
-98.79206967649571,65.56791696005797,0.0,CAF
195.07163989480097,334.5663572036769,0.0,CAF
178.31389689121102,-273.49854728237756,0.0,CAF
-271.2902041146246,-134.15623261364675,0.0,CAF
292.6462808252779,257.2992969499782,0.0,CAF
156.72776255906905,-185.87588245883396,0.0,CAF
-205.2427821642557,288.1767127032283,0.0,CAF
-254.21095174791552,-49.76712116376583,0.0,CAF
320.7233534733808,-232.49203691001696,0.0,CAF
256.69747757143097,64.22496530956217,0.0,CAF
131.56297018221994,-131.067805090437,0.0,CAF
-351.7918182849115,-183.50292861054743,0.0,CAF
-368.476620360664,-7.264284067903954,0.0,CAF
316.2723397429127,-36.31876290984247,0.0,CAF
29.911857225682734,207.89434694631802,0.0,CAF
281.7170077538499,-75.2439710247657,0.0,CAF
-165.30991228281104,-326.94999240016045,0.0,CAF
94.02624039043073,-261.6008838727683,0.0,CAF
-323.1628440478079,-44.71219300876256,0.0,CAF
-32.85497530624946,366.0575674592001,0.0,CAF
-3.085013890722342,161.56095375685004,0.0,CAF
-119.410075554944,282.8327615734832,0.0,CAF
-107.69008801841146,322.73648705237713,0.0,CAF
43.22917609363926,305.5343482086864,0.0,CAF
344.8215563314384,-74.50889724781895,0.0,CAF
-60.52030269470624,234.58771077723608,0.0,CAF
126.37775924651503,-94.03789967666357,0.0,CAF
91.62694431966732,73.3551077233705,0.0,CAF
-273.26623350163266,267.15333164541875,0.0,CAF
305.1209186459221,28.43677661051433,0.0,CAF
-141.37317708799338,-65.2143844656108,0.0,CAF
-214.6926392982523,155.89069846817964,0.0,CAF
-380.2782630115385,59.43586026195054,0.0,CAF
36.766677662657955,-177.84929763000733,0.0,CAF
-250.94752200559435,20.90747129422793,0.0,CAF
-129.43475094306757,118.62591698041446,0.0,CAF
-317.551269420131,223.94048924794598,0.0,CAF
-370.03672474606725,-129.26612463022434,0.0,CAF
217.8182535784873,-117.33364640228577,0.0,CAF
-22.602714328009345,-216.1017669659276,0.0,CAF
159.8200387628047,55.35365231614155,0.0,CAF
-264.0119353586001,209.24382545724578,0.0,CAF
-91.30294140817468,139.41720921087745,0.0,CAF
-40.275747592825866,-159.18800699225582,0.0,CAF
61.88240317338709,124.86351832365843,0.0,CAF
-189.88269028945155,-295.5916018706607,0.0,CAF
-361.43441586482413,48.9949633597937,0.0,CAF
-8.236527043901392,321.8926060039259,0.0,CAF
-209.94673014397574,-104.64975908698703,0.0,CAF
-103.09645224675113,-204.98962450159127,0.0,CAF
-258.50493456796573,-187.55555203628634,0.0,CAF
-263.7903053410426,279.2531426005302,0.0,CAF
-105.86329282423848,-85.29357567415752,0.0,CAF
99.26869096731089,8.174548750560128,0.0,CAF
-59.23307894140789,-358.73813549396874,0.0,CAF
165.85626267600225,198.7060151308169,0.0,CAF
269.3190865441072,106.3739660789846,0.0,CAF
-54.170517975457834,-322.7243910261296,0.0,CAF
-288.548381206717,-194.169309899485,0.0,CAF
119.68228909296408,-327.2537858322539,0.0,CAF
153.4246165394542,-368.7782234034903,0.0,CAF
360.44162950480455,128.68716103560465,0.0,CAF
-308.0264445780119,240.2641513956343,0.0,CAF
140.64749589718178,-368.78286336042424,0.0,CAF
-254.69163722371843,-26.600211748811024,0.0,CAF
254.3350346626267,151.09697520481356,0.0,CAF
341.0351513479986,-13.330319154613115,0.0,CAF
139.7301039797785,109.89509809240391,0.0,CAF
-214.2722674542792,-152.88140358473976,0.0,CAF
-387.9739120926925,78.65821275778673,0.0,CAF
-321.0176286613627,-125.76606686959117,0.0,CAF
81.15577745218364,-168.7484623911658,0.0,CAF
149.28730772250736,340.13086833600556,0.0,CAF
227.65062963196135,-56.389612475103476,0.0,CAF
-61.047149067932395,34.942600809797796,0.0,CAF
-12.710109002288366,-99.30857435528915,0.0,CAF
300.5570024888895,241.29141778657282,0.0,CAF
266.2284046499889,111.44783208436044,0.0,CAF
207.76742766568591,-149.15404518172517,0.0,CAF
275.0165216915527,-159.4737480325536,0.0,CAF
-376.6834123477703,-122.46162305503326,0.0,CAF
381.87807470020306,18.758882027729864,0.0,CAF
154.85255389138553,249.24697512156402,0.0,CAF
134.8213684172839,11.12655312662045,0.0,CAF
-176.17161857389888,-220.93209144222283,0.0,CAF
-245.9431612810775,23.186442934039214,0.0,CAF
-69.77535849184187,-3.6727505062276746,0.0,CAF
230.76269078764992,257.91065060172315,0.0,CAF
-184.2972417933216,99.3671883616098,0.0,CAF
-47.37422089336374,-175.347980221274,0.0,CAF
-79.69095600386986,-155.588652994757,0.0,CAF
-157.10681893505114,-296.9727331269811,0.0,CAF
-180.0711437805578,-281.6429711380408,0.0,CAF
188.0889290252886,352.17503498002395,0.0,CAF
-158.85464120188414,-135.94031514362624,0.0,CAF
147.3921469916859,99.88013599202176,0.0,CAF
-42.525331827893076,-339.48492854662214,0.0,CAF
-5.015216722402851,99.27120994352545,0.0,CAF
46.82742768060178,-87.15265392461329,0.0,CAF
-134.68079080103368,55.76994048052195,0.0,CAF
-203.2801879207645,271.6737975685455,0.0,CAF
16.278565322922272,338.83307962813,0.0,CAF
-185.8096371449659,112.86358819469459,0.0,CAF
257.65225034051235,-201.83767365962493,0.0,CAF
-19.86552146474934,-138.38920467457456,0.0,CAF
-23.877105380540772,98.17240235792895,0.0,CAF
375.57854597404634,-76.78650400013335,0.0,CAF
-118.41757807062928,-315.61917928523354,0.0,CAF
56.72317307702791,297.29615457266465,0.0,CAF
-27.587337923137063,180.21874579211345,0.0,CAF
-67.5018330521634,123.91316507094164,0.0,CAF
124.06744977183764,258.78862702182425,0.0,CAF
68.89635252932126,-186.97156162363385,0.0,CAF
304.42607915977425,-249.21788441965555,0.0,CAF
-314.5633429727859,-17.957145752007285,0.0,CAF
149.64477498499707,-182.82530579000783,0.0,CAF
93.74575723946661,217.65066722855744,0.0,CAF
322.8474084323772,121.50142381487662,0.0,CAF
307.80485385906064,-97.34177265355208,0.0,CAF
169.34917559992516,333.33608227175523,0.0,CAF
-100.80553301751031,344.69432385252827,0.0,CAF
251.81086563886427,6.039153291882745,0.0,CAF
-202.86249360667193,223.30850051874205,0.0,CAF
-83.50581970352103,8.306387083098457,0.0,CAF
-329.3200488254531,-1.8615363129346518,0.0,CAF
56.69682006046323,188.7639426165031,0.0,CAF
-148.45028642586925,-244.59972475248955,0.0,CAF
287.33284182532753,-134.02056319050976,0.0,CAF
-367.2621363903643,57.05382498285023,0.0,CAF
-11.935204133679454,-181.8624889217021,0.0,CAF
-231.34557622308913,296.24850332940076,0.0,CAF
266.69390704735144,0.5828528104587732,0.0,CAF
112.06315482393143,284.5932062275415,0.0,CAF
-0.3463608010367251,114.10596337804937,0.0,CAF
243.57458279395055,-70.8019387360062,0.0,CAF
371.66212698174525,-60.128677426524156,0.0,CAF
-294.62714304080885,-255.58372041369446,0.0,CAF
-295.9363312767535,17.262944041084765,0.0,CAF
193.3751536418511,-119.85681289017114,0.0,CAF
71.32788806550498,32.85901953811414,0.0,CAF
174.02923104031464,46.90351961792298,0.0,CAF
-25.3929723064644,310.95251318393986,0.0,CAF
-315.68244415203577,243.06406522648322,0.0,CAF
-4.387560216144219,-233.0225806597633,0.0,CAF
-3.8580595878042776,-398.95636175569257,0.0,CAF
-62.02490770964891,-386.69918931047306,0.0,CAF
-121.98311386307329,6.399513409725538,0.0,CAF
-184.2467342760477,13.586083815874725,0.0,CAF
258.91914006134675,192.79595747349703,0.0,CAF
-116.18114049423122,210.73049225016786,0.0,CAF
111.9463472430938,89.09986821267285,0.0,CAF
-221.69943821650216,158.91205186723386,0.0,CAF
-330.120078699997,-204.28295754973115,0.0,CAF
182.21568658410825,233.0974257754234,0.0,CAF
319.5929321548173,-132.09070860096648,0.0,CAF
-100.9571260250785,-374.9720556470326,0.0,CAF
-32.549406597514704,-378.8466151514039,0.0,CAF
197.46606073210484,-339.62364477156746,0.0,CAF
-24.63572511846573,-194.0751493349401,0.0,CAF
-188.92006082834558,-213.412470848632,0.0,CAF
-45.53771697271469,33.914024230598976,0.0,CAF
-167.90133467304932,98.88005698624245,0.0,CAF
159.44785066141696,-31.966877712759704,0.0,CAF
-129.30385657471814,-285.9590706510522,0.0,CAF
372.7739056250481,64.4852286955205,0.0,CAF
277.79177600070244,-252.49793105294768,0.0,CAF
22.841001913664613,358.85830608648877,0.0,CAF
332.6181379538247,67.0264519450372,0.0,CAF
-49.689812310126946,249.6304368950496,0.0,CAF
354.6726475487775,-128.6653530796803,0.0,CAF
16.45885634955557,-212.9903463046202,0.0,CAF
-172.07849606312786,-315.6280742600588,0.0,CAF
-185.6719696474202,76.76447650764938,0.0,CAF
-363.98616774508594,-152.20557651475255,0.0,CAF
327.0218122715301,190.64329697672787,0.0,CAF
54.59489200375308,-45.28280216781673,0.0,CAF
85.9004830493252,-89.80265271729172,0.0,CAF
169.64130849389036,244.87039526096515,0.0,CAF
15.095553415155363,-39.8546343987988,0.0,CAF
-138.33279774302858,-33.88717658954446,0.0,CAF
3.495723513670458,383.8510096681969,0.0,CAF
-29.423794298214478,-226.62459831208557,0.0,CAF
-171.81768758060457,171.63586330272398,0.0,CAF
99.45920068692503,263.0181093003082,0.0,CAF
-15.053427910183276,-368.712892744298,0.0,CAF
-3.7674267193027093,73.42293712409722,0.0,CAF
298.1634532332605,-246.20667256140942,0.0,CAF
266.0413044000346,211.3947665057322,0.0,CAF
158.1550540258337,276.3674294860391,0.0,CAF
-250.82933392146708,-195.96381437073543,0.0,CAF
238.13895253060898,12.42729614699855,0.0,CAF
-46.16549990965345,176.75323303323415,0.0,CAF
-348.6365042076104,-87.93050326547517,0.0,CAF
327.438830563933,-4.770740555311147,0.0,CAF
279.6047596686608,-187.33905291428596,0.0,CAF
-52.69535784722767,281.9299614729473,0.0,CAF
-261.95159687938406,58.93323703816325,0.0,CAF
-205.64909124736542,-255.19006174973518,0.0,CAF
297.6930344883388,109.8519295944083,0.0,CAF
-278.32306440662444,-59.77307974246629,0.0,CAF
-50.42740104226547,267.66190293532173,0.0,CAF
-197.41490165564724,-151.44464969937926,0.0,CAF
-99.15182094854462,39.213822555506624,0.0,CAF
-95.90859950919473,-207.46557901202922,0.0,CAF
92.63226982202617,254.85791642654763,0.0,CAF
-367.5557327208588,139.62879447686393,0.0,CAF
144.20577198875336,238.52379948211953,0.0,CAF
340.577902299483,128.04405708012004,0.0,CAF
-71.4597484635916,-106.09120424812744,0.0,CAF
-39.47205672680444,-380.03791444562336,0.0,CAF
26.728555866501335,237.09280182490687,0.0,CAF
-166.08326630209987,11.524831946193128,0.0,CAF
-81.42952835972702,10.164315502080184,0.0,CAF
341.84969184749514,-156.89345628680434,0.0,CAF
75.9160707739335,-76.84554078849922,0.0,CAF
70.9885217785232,-242.01985274631605,0.0,CAF
-150.64281526561265,128.4056509595721,0.0,CAF
251.43585273395595,266.48706478300045,0.0,CAF
274.04122637457215,106.74280302718749,0.0,CAF
246.2975139565376,-278.4399007291552,0.0,CAF
-103.9027724258348,-83.18132979963754,0.0,CAF
-51.02082603779345,134.86171382171418,0.0,CAF
290.77648133745834,-213.8883915203809,0.0,CAF
-1.221867072982934,-202.16084577453114,0.0,CAF
-68.7409441131419,-374.1303533458183,0.0,CAF
128.38875495421965,223.4443547560655,0.0,CAF
-174.96965221716016,-310.32373384642966,0.0,CAF
320.3890913785166,159.41137832631847,0.0,CAF
33.201827127994804,93.46793956005381,0.0,CAF
-24.880537988119595,-174.0677458141615,0.0,CAF
16.629035496874366,-329.00338123472335,0.0,CAF
253.14505343416582,226.07829987787898,0.0,CAF
20.139890137882443,12.66375850001934,0.0,CAF
284.4911858258652,48.01394161673187,0.0,CAF
-7.536264083226087,69.74073820500206,0.0,CAF
9.226494318184118,-37.82906257135344,0.0,CAF
287.1751128394093,170.6416788526533,0.0,CAF
-341.18503747299724,-26.95030017866098,0.0,CAF
188.03519020550004,224.17655527187642,0.0,CAF
2.767675556984562,362.0789903120451,0.0,CAF
-140.03102528049203,362.87345645092745,0.0,CAF
-57.27352950834732,60.20423396414773,0.0,CAF
285.986198628888,256.22352873729557,0.0,CAF
-225.32623963625542,-187.95986998982295,0.0,CAF
323.18803573388203,-113.08600648785836,0.0,CAF
106.39700263372858,278.72886665547225,0.0,CAF
125.37827233665274,-369.81343506091554,0.0,CAF
-243.9701437247607,284.26250781644006,0.0,CAF
-368.1446805910292,-118.3140770942232,0.0,CAF
-304.7752789236028,-62.41599942795596,0.0,CAF
13.995536692314161,257.83813018455794,0.0,CAF
257.20268766866064,-144.4009538503057,0.0,CAF
-252.55156472595016,262.6070059713493,0.0,CAF
-172.04214349581676,-258.9245095341714,0.0,CAF
-161.07585850067434,-54.09189095487204,0.0,CAF
182.1960117807936,-276.4270206597886,0.0,CAF
-209.6406806999586,-150.82000630082894,0.0,CAF
-95.49932912589782,-46.44861825300237,0.0,CAF
-138.02775843981712,-334.03496721879606,0.0,CAF
259.64185174424904,-185.56222403045518,0.0,CAF
328.29074871803493,16.673278210212274,0.0,CAF
252.1274519694535,100.70112804969523,0.0,CAF
-137.66246595006075,-346.1189970002133,0.0,CAF
-60.21632443863727,64.09077022425375,0.0,CAF
-46.18064413673296,148.10492828242653,0.0,CAF
-134.52622221109883,-210.13713150758232,0.0,CAF
74.50891762184432,-192.8078481665521,0.0,CAF
133.54181159010096,-300.98315912064675,0.0,CAF
-249.4370407597208,57.39750838010557,0.0,CAF
-152.44179488569065,-58.477202439942815,0.0,CAF
-312.56622029948323,179.63256739608067,0.0,CAF
-171.64061954152288,-46.771951839025604,0.0,CAF
325.7938339841255,211.14450954568773,0.0,CAF
186.0002608703269,170.79640759068613,0.0,CAF
-113.77396111263693,-179.2882869897183,0.0,CAF
104.91618978043071,-257.12976412920375,0.0,CAF
335.99870202123645,-105.89940505159319,0.0,CAF
-350.4783018748157,-46.63303530999205,0.0,CAF
123.49043952046048,-329.82990076406804,0.0,CAF
-25.509072140031382,-345.8181047031536,0.0,CAF
-195.96775539824927,-94.57022232292515,0.0,CAF
-245.5415669858383,-10.726645346253623,0.0,CAF
30.788184624407048,-317.3219679979055,0.0,CAF
-165.60664874689866,12.989062765119721,0.0,CAF
226.8988177709046,33.172496138342524,0.0,CAF
236.97023817436846,171.07970952926166,0.0,CAF
185.9558527074856,-240.78221201809998,0.0,CAF
-246.8366489197978,-102.57707161051928,0.0,CAF
224.27448451567767,142.6113443436615,0.0,CAF
247.51467868703185,294.72850224149187,0.0,CAF
-61.60148560121543,-200.37012746920328,0.0,CAF
-45.38433336487808,-283.8528671040077,0.0,CAF
141.69303608876362,-368.93853293286725,0.0,CAF
330.87415655640376,126.03355442422685,0.0,CAF
176.63686686691767,-188.10254261022035,0.0,CAF
-213.38403783102532,133.2636855790792,0.0,CAF
33.91065105785287,-199.4648067392702,0.0,CAF
26.200725781563232,210.64713474068273,0.0,CAF
-144.62560437646937,-57.06734143840956,0.0,CAF
-300.77666716675463,54.94885106092201,0.0,CAF
65.19093371703325,394.40812856161887,0.0,CAF
142.0473858151929,-35.75845893643755,0.0,CAF
67.86451772525143,349.48075599670955,0.0,CAF
-127.25663477852882,-27.422014606907908,0.0,CAF
-42.30130372127944,142.15115613435574,0.0,CAF
-284.6322436541523,-105.91411829214756,0.0,CAF
45.033763368210245,120.3395579910368,0.0,CAF
328.2368279960906,61.28307170009792,0.0,CAF
-272.7516750942443,-207.9010138318337,0.0,CAF
-127.2644716979412,26.774067218267128,0.0,CAF
-102.83144159700475,240.33672681601675,0.0,CAF
28.354966754425163,-355.59381985423823,0.0,CAF
192.312233167046,-122.83445694980223,0.0,CAF
-72.49307304561984,164.07670547830995,0.0,CAF
136.52604995636216,261.21850003604555,0.0,CAF
-60.7186085817998,-209.99715604148983,0.0,CAF
-150.78262644514575,-189.80654962526563,0.0,CAF
-213.31904160329836,-320.63617285547576,0.0,CAF
297.79551316917394,101.96076561783138,0.0,CAF
142.71069876786805,16.22236507828716,0.0,CAF
63.520656816034744,-361.40183860752455,0.0,CAF
-135.33180697801174,-72.56795708256455,0.0,CAF
-82.59497320584562,-175.03034967899058,0.0,CAF
-182.62107851242052,-276.24799686022186,0.0,CAF
226.491473552195,274.30579531241085,0.0,CAF
-173.57039896988385,-98.68859315747433,0.0,CAF
281.85810639881765,-249.17548759171018,0.0,CAF
171.207943202758,359.4318052491672,0.0,CAF
25.022706716144583,-252.949849027334,0.0,CAF
165.41889875588024,181.75608849805843,0.0,CAF
-370.20888965274463,-35.63571674085596,0.0,CAF
197.61374325618482,-269.616771799889,0.0,CAF
-138.60929336860988,171.88276395730028,0.0,CAF
68.78207760269304,298.11334889242676,0.0,CAF
280.98730366072806,148.3617943653247,0.0,CAF
29.02466184079807,-23.610991045862253,0.0,CD4_Tcell
117.87609983909411,255.24936137327134,0.0,CD4_Tcell
315.85513996757635,167.4013468992484,0.0,CD4_Tcell
70.8774575371051,284.0361318353305,0.0,CD4_Tcell
-207.2340891646097,206.6106678773132,0.0,CD4_Tcell
306.3454642477676,123.26191258269549,0.0,CD4_Tcell
105.16720919206288,-22.89658058068889,0.0,CD4_Tcell
56.3822062031599,336.72488001068643,0.0,CD4_Tcell
-248.07433205289527,65.01491248674094,0.0,CD4_Tcell
204.01700798103758,76.0987204995306,0.0,CD4_Tcell
-23.745946387093362,163.97173798132116,0.0,CD4_Tcell
232.6159922269811,55.500051184408385,0.0,CD4_Tcell
44.170446252931384,394.3173429278667,0.0,CD4_Tcell
-8.243793103255888,173.88062797008203,0.0,CD4_Tcell
118.05078173104943,240.78473193316594,0.0,CD4_Tcell
-274.1762229841968,-237.79145417066258,0.0,CD4_Tcell
-275.99387616308195,40.800581848678135,0.0,CD4_Tcell
-170.24605296910272,284.97231175780166,0.0,CD4_Tcell
-146.14932382062284,215.61886628149657,0.0,CD4_Tcell
-211.6438935369076,116.51478072819882,0.0,CD4_Tcell
-86.31906971034873,-295.2429929618873,0.0,CD4_Tcell
-2.9110965869386796,139.00692662722835,0.0,CD4_Tcell
50.46843502971394,-333.9717613636885,0.0,CD4_Tcell
-240.27931872272373,144.93472870047063,0.0,CD4_Tcell
282.4823270368207,-26.156153308193144,0.0,CD4_Tcell
73.70203755405292,-276.905735273169,0.0,CD4_Tcell
-111.48613737112568,-332.31599313800865,0.0,CD4_Tcell
-188.5773666491304,-281.99204998872625,0.0,CD4_Tcell
15.69459403547535,-107.65759364431872,0.0,CD4_Tcell
50.36184706664501,352.22667880548585,0.0,CD4_Tcell
-134.17365899609604,232.88151139289783,0.0,CD4_Tcell
-213.52862102661263,-231.8555139025443,0.0,CD4_Tcell
-158.70442316930283,-236.00679755885128,0.0,CD4_Tcell
366.7474037840283,-51.232392969564735,0.0,CD4_Tcell
310.52528350736844,-132.77229049900492,0.0,CD4_Tcell
38.06092739033079,-135.19505534348835,0.0,CD4_Tcell
157.75103649598785,8.047719249883379,0.0,CD4_Tcell
-46.91025526191421,-8.560886534371532,0.0,CD4_Tcell
-238.69334653247168,-256.71095443097306,0.0,CD4_Tcell
245.84897307167574,-165.04976744048267,0.0,CD4_Tcell
133.03683501706786,177.44109180021323,0.0,CD4_Tcell
-281.93601406105756,-244.8703671381361,0.0,CD4_Tcell
65.21771405070659,-206.88548745088556,0.0,CD4_Tcell
91.53727428413937,377.96072533375843,0.0,CD4_Tcell
183.9302399544565,-195.24947313896874,0.0,CD4_Tcell
316.2064413284227,198.18993919542834,0.0,CD4_Tcell
269.19755708588525,-260.32576826497314,0.0,CD4_Tcell
233.52967109784208,-28.271809293793726,0.0,CD4_Tcell
89.83696579120829,388.6287674015612,0.0,CD4_Tcell
-100.77247020102617,237.0414522509649,0.0,CD4_Tcell
118.0606684743247,-328.7805188848151,0.0,CD4_Tcell
-191.99843306108718,-223.59861595048991,0.0,CD4_Tcell
-191.2524512619193,-137.52338099294684,0.0,CD4_Tcell
-44.67465598506623,-260.59260351349235,0.0,CD4_Tcell
-55.988110353852875,12.86825056693028,0.0,CD4_Tcell
-134.98776095399847,-131.0889007743965,0.0,CD4_Tcell
117.51592266673028,-103.77305193024402,0.0,CD4_Tcell
123.283358678845,343.34784308587956,0.0,CD4_Tcell
-306.1111792959873,-161.84151575647942,0.0,CD4_Tcell
-81.57114207269106,-292.7971868794261,0.0,CD4_Tcell
54.74957119414446,-144.5861013984998,0.0,CD4_Tcell
-362.3992894187685,34.26130442022562,0.0,CD4_Tcell
164.4311191729966,-77.95270726553278,0.0,CD4_Tcell
-222.38984488939948,-148.59111181765084,0.0,CD4_Tcell
112.03497814067345,274.5622989192054,0.0,CD4_Tcell
-161.09366835084379,-322.96893394842715,0.0,CD4_Tcell
-174.56148435811718,-270.1284283835663,0.0,CD4_Tcell
-147.26388971690696,-131.88621218393615,0.0,CD4_Tcell
-106.65182903403436,-366.3406317493924,0.0,CD4_Tcell
141.31805236562334,12.159638349210326,0.0,CD4_Tcell
291.4661244776568,17.285182950859593,0.0,CD4_Tcell
63.41986286580038,360.9968710433067,0.0,CD4_Tcell
-12.450686285649878,-127.45921218413966,0.0,CD4_Tcell
4.977621073575734,25.620966047612495,0.0,CD4_Tcell
-272.1866475740381,110.76101670782543,0.0,CD4_Tcell
50.228766652273194,-63.42081483116737,0.0,CD4_Tcell
-320.9987405295319,51.053040905570896,0.0,CD4_Tcell
173.84459671307187,-150.98730925908825,0.0,CD4_Tcell
17.155128009167512,290.602677693943,0.0,CD4_Tcell
-205.34001493623657,57.53588844566393,0.0,CD4_Tcell
-220.99517550656745,-242.75614327076087,0.0,CD4_Tcell
-235.79590385714127,88.96945212331418,0.0,CD4_Tcell
-26.800527496580045,254.58619108094675,0.0,CD4_Tcell
-181.35209871873073,120.21435453568495,0.0,CD4_Tcell
76.30262758948447,-332.42104348673666,0.0,CD4_Tcell
-184.36660276786432,245.5580484167314,0.0,CD4_Tcell
387.98471014059294,90.62149366279488,0.0,CD4_Tcell
-22.251451204475405,-55.361698369161175,0.0,CD4_Tcell
360.50376085109446,-145.28639272079621,0.0,CD4_Tcell
-2.5771971705936436,11.144870748156603,0.0,CD4_Tcell
-50.634497872577136,334.5179343661044,0.0,CD4_Tcell
96.13371549617685,-238.38317270160195,0.0,CD4_Tcell
-16.2390030636079,-223.40017356949224,0.0,CD4_Tcell
-147.99528566735526,-318.3220928974847,0.0,CD4_Tcell
30.120850602099463,-371.46002382388554,0.0,CD4_Tcell
300.5968405566156,51.1467853119205,0.0,CD4_Tcell
359.99622691081777,-104.5277331290952,0.0,CD4_Tcell
-138.96652696804728,-218.47899378207327,0.0,CD4_Tcell
-76.21153936542042,338.9869448791458,0.0,CD4_Tcell
-178.9952162207503,176.84270980389854,0.0,CD4_Tcell
-320.9829114498703,-40.01642243802105,0.0,CD4_Tcell
29.74800712942547,251.3525780081619,0.0,CD4_Tcell
220.28308107927836,284.4261758493817,0.0,CD4_Tcell
-289.21002396633276,269.8270393375994,0.0,CD4_Tcell
349.7993320461861,135.7923958559524,0.0,CD4_Tcell
-183.7728355372465,-49.44047413650924,0.0,CD4_Tcell
-52.369589719369664,141.29678582070255,0.0,CD4_Tcell
58.851223445200056,-157.4910827520899,0.0,CD8_Tcell
153.04436098289946,-29.56796362571101,0.0,CD8_Tcell
-356.7063081223268,111.39809992400906,0.0,CD8_Tcell
-16.462827213493405,-150.7107345378792,0.0,CD8_Tcell
-140.40849151203972,-71.59519121052416,0.0,CD8_Tcell
-239.97732830326729,-224.90446671112016,0.0,CD8_Tcell
-133.75810434137108,101.3437376383548,0.0,CD8_Tcell
-175.41874832213833,90.00825224566856,0.0,CD8_Tcell
136.95762383704232,-56.68858117856337,0.0,CD8_Tcell
-58.77149875259971,-101.56367817126579,0.0,CD8_Tcell
-20.46390481032835,141.19444703821202,0.0,CD8_Tcell
4.613131217989313,170.45827715450517,0.0,CD8_Tcell
282.945469822593,-29.311342055929376,0.0,CD8_Tcell
-7.04985996736472,228.64602261586887,0.0,CD8_Tcell
-107.44587142916514,184.69266699150654,0.0,CD8_Tcell
-93.31212388021264,-27.98742498546098,0.0,CD8_Tcell
166.82232358552184,245.67044689159758,0.0,CD8_Tcell
68.49085110638998,-336.16513025288486,0.0,CD8_Tcell
-71.87955848814785,178.0863602953818,0.0,CD8_Tcell
319.94836615049945,153.44466917892726,0.0,CD8_Tcell
-4.772808995735084,351.85777407629377,0.0,CD8_Tcell
273.58055621729045,-53.717900316356804,0.0,CD8_Tcell
388.0438448557984,-53.01597088166653,0.0,CD8_Tcell
-350.4247673148069,-157.93438930396374,0.0,CD8_Tcell
-192.39008721266572,-101.86759445642195,0.0,CD8_Tcell
173.70029828308034,-27.96791282337263,0.0,CD8_Tcell
43.10311203387425,-44.39982456996824,0.0,CD8_Tcell
-207.6939846118572,176.1780661854398,0.0,CD8_Tcell
-10.154575348733399,-149.36807059300375,0.0,CD8_Tcell
72.27523263825852,132.3073447664253,0.0,CD8_Tcell
169.59423188371838,-42.444710338587704,0.0,CD8_Tcell
86.09748076618486,-222.80213351553786,0.0,CD8_Tcell
-205.57111809931754,156.55426168317152,0.0,CD8_Tcell
256.2842025967543,-182.5325668216799,0.0,CD8_Tcell
86.30999513266963,-104.31604598678281,0.0,CD8_Tcell
-271.29804421314674,208.74030353120241,0.0,CD8_Tcell
16.014891589519493,269.16314759462716,0.0,CD8_Tcell
47.01385868579058,37.93970143855956,0.0,CD8_Tcell
237.21985800866454,202.32387795670462,0.0,CD8_Tcell
37.39618037151214,102.24450903401983,0.0,CD8_Tcell
219.65416201105657,-188.7242299645445,0.0,CD8_Tcell
-317.5657757998992,74.36711670747152,0.0,CD8_Tcell
-358.0553034193908,-78.52492911744179,0.0,CD8_Tcell
-139.65456179187834,-330.72127905603645,0.0,CD8_Tcell
-94.09935747115956,25.621042885657133,0.0,CD8_Tcell
-99.35997617415872,-67.91902146039425,0.0,CD8_Tcell
152.40001430975417,18.97742168716199,0.0,CD8_Tcell
-8.924155315620162,313.84062626761255,0.0,CD8_Tcell
200.02600749950287,-22.951004027258367,0.0,CD8_Tcell
30.8161200721067,-170.12233372470243,0.0,CD8_Tcell
-307.4352567430797,206.7815283015678,0.0,CD8_Tcell
-341.8029900570271,189.49898504145506,0.0,CD8_Tcell
-37.24922351037017,-28.402284925355605,0.0,CD8_Tcell
-78.0131538138864,322.8999586436019,0.0,CD8_Tcell
-159.70071933246192,37.06196047178435,0.0,CD8_Tcell
-325.36221527357685,-186.0088135788306,0.0,CD8_Tcell
136.62335314326066,-83.2176841272717,0.0,CD8_Tcell
-0.7476348673453214,-243.94304642370855,0.0,CD8_Tcell
-45.12351505496444,80.92240360649838,0.0,CD8_Tcell
-124.14662856197786,326.26891924428287,0.0,CD8_Tcell
-232.59428839309334,-25.64003443073871,0.0,CD8_Tcell
130.67457446160145,-82.1721462061159,0.0,CD8_Tcell
-57.62926747056256,93.02341287912047,0.0,CD8_Tcell
150.42523526984974,243.49072403452809,0.0,CD8_Tcell
-109.81872309570005,-85.0604630555717,0.0,CD8_Tcell
-32.471430328010186,141.20204336017164,0.0,CD8_Tcell
20.49688500668647,-75.61088735441524,0.0,CD8_Tcell
-110.67977247669424,-230.88398430925537,0.0,CD8_Tcell
-155.2991614029165,284.44592895410284,0.0,CD8_Tcell
341.8134527111094,140.2936224817554,0.0,CD8_Tcell
37.86602656995443,23.40719756095108,0.0,CD8_Tcell
344.4601217663535,185.42808166444433,0.0,CD8_Tcell
140.04584369686597,291.66791633990977,0.0,CD8_Tcell
-228.84663651058355,230.56063651256386,0.0,CD8_Tcell
-256.01907488212674,131.13266955942063,0.0,CD8_Tcell
-157.88175319405457,-230.99813281285068,0.0,CD8_Tcell
156.28000879356327,298.8710574177255,0.0,CD8_Tcell
-79.47068311158928,303.9272912792971,0.0,CD8_Tcell
-79.81307971777794,-300.97418844065686,0.0,CD8_Tcell
354.72221825957274,138.72771024518758,0.0,CD8_Tcell
28.3293224770592,358.69196124801874,0.0,CD8_Tcell
-194.18264166643203,-75.41665227590536,0.0,CD8_Tcell
-149.24798673083157,-368.79125891603576,0.0,CD8_Tcell
154.8549461136344,-343.6220454528218,0.0,CD8_Tcell
-365.37395514286567,17.171299404630417,0.0,CD8_Tcell
-192.9968603738815,-241.12441342564506,0.0,CD8_Tcell
-65.86679598762498,234.09110392120996,0.0,CD8_Tcell
-78.98969457435429,226.62057292789802,0.0,CD8_Tcell
135.263711681815,181.65039788529336,0.0,CD8_Tcell
391.20833740120605,-76.04832535092385,0.0,CD8_Tcell
171.72342402666155,-116.96196626939383,0.0,CD8_Tcell
109.94307916539425,-3.4438833211000177,0.0,CD8_Tcell
96.56643772727327,261.55403909239635,0.0,CD8_Tcell
240.0118910978747,-285.3729352469624,0.0,CD8_Tcell
-146.94453128123874,-354.3445230287894,0.0,CD8_Tcell
-40.70308683168271,-285.84836985838,0.0,CD8_Tcell
-335.63066300500725,79.99563263493164,0.0,CD8_Tcell
258.6647353814729,-274.8916813870599,0.0,CD8_Tcell
34.600119445785424,-162.7829215551165,0.0,CD8_Tcell
11.597233800070866,396.47946851649283,0.0,CD8_Tcell
-250.64938570139003,142.9208239281189,0.0,CD8_Tcell
-197.0252806349819,-289.95122650116093,0.0,CD8_Tcell
-108.28080124217598,187.11633795288685,0.0,CD8_Tcell
-88.69654585718156,-290.0098797390146,0.0,CD8_Tcell
70.25702061223907,-369.32964479543045,0.0,CD8_Tcell
-22.526879378428866,34.02712151607515,0.0,CD8_Tcell
208.33613282043495,54.310394133998514,0.0,CD8_Tcell
134.2940435238581,-376.1783788415527,0.0,CD8_Tcell
195.09841116781948,-187.18637638718462,0.0,CD8_Tcell
-112.51505388291453,-370.9792350615361,0.0,CD8_Tcell
51.13309437271776,-43.68594852238622,0.0,CD8_Tcell
-156.09882637776514,-47.16845316480228,0.0,CD8_Tcell
298.58489017115875,-148.7187913473576,0.0,CD8_Tcell
84.72939647548573,150.486548903486,0.0,CD8_Tcell
170.6008020708453,-288.78856838562945,0.0,CD8_Tcell
14.087998602524511,-213.22461540652463,0.0,CD8_Tcell
172.38487462985805,236.99873305024465,0.0,CD8_Tcell
-270.0450693638691,-81.93770592345517,0.0,CD8_Tcell
-14.416816045801456,-283.23881349899165,0.0,CD8_Tcell
-121.9270124319019,-302.5899807381124,0.0,CD8_Tcell
224.40652174173368,226.33980418244218,0.0,CD8_Tcell
-119.10223284153335,-69.81085515625094,0.0,CD8_Tcell
71.97007644824538,110.07234570467425,0.0,CD8_Tcell
380.4604544693814,14.597741002272466,0.0,CD8_Tcell
-51.763916256057755,-136.62928257540898,0.0,CD8_Tcell
-358.1754171979968,-0.10236438463005935,0.0,CD8_Tcell
377.8132909890539,55.82418022292934,0.0,CD8_Tcell
105.03534544209745,-17.980829821983626,0.0,CD8_Tcell
-226.88787290596886,-234.08410276512464,0.0,CD8_Tcell
-282.68875113832036,23.46092228346584,0.0,CD8_Tcell
89.85830063175659,-325.041158136041,0.0,CD8_Tcell
-252.7906881472548,45.025222280399376,0.0,CD8_Tcell
232.7473909926115,-121.25760557136608,0.0,CD8_Tcell
-148.30572363140107,-134.39757925861608,0.0,CD8_Tcell
-216.87018583858068,302.2867876729834,0.0,CD8_Tcell
82.62623923148755,237.127658043739,0.0,CD8_Tcell
-61.32536229040573,377.53565930511627,0.0,CD8_Tcell
98.61017389928463,4.456630064562817,0.0,CD8_Tcell
-162.01670385056678,35.578822033773854,0.0,CD8_Tcell
100.89417797605392,98.45233562304175,0.0,CD8_Tcell
-51.12302280475192,-302.4954542417551,0.0,CD8_Tcell
42.46209813165369,-355.00608090399294,0.0,CD8_Tcell
-310.6768294712447,-106.33947432117499,0.0,CD8_Tcell
-57.76082707816513,-194.95901507443673,0.0,CD8_Tcell
-49.08914067635833,172.5587761203787,0.0,CD8_Tcell
-22.895104644001496,54.38511905281237,0.0,CD8_Tcell
206.64279147438302,280.1567055030199,0.0,CD8_Tcell
-142.25130122272557,-304.26076146415363,0.0,CD8_Tcell
72.47240224880156,-87.55091511542058,0.0,CD8_Tcell
66.25028406129321,341.57413492722316,0.0,CD8_Tcell
-177.79838540410864,-69.28796570151532,0.0,CD8_Tcell
-337.3030088780846,185.3307092316853,0.0,CD8_Tcell
51.05898718872686,-127.87818448599452,0.0,CD8_Tcell
-199.38115727669393,272.72727053540115,0.0,CD8_Tcell
20.48317607920933,355.04407875163906,0.0,CD8_Tcell
292.8432404537241,118.78571404305588,0.0,CD8_Tcell
-288.2011261396145,273.4892714695748,0.0,CD8_Tcell
-21.000343778034793,-63.10705170726013,0.0,CD8_Tcell
-148.1088582102833,263.86064884373474,0.0,CD8_Tcell
-183.01608355096212,178.89281975228266,0.0,CD8_Tcell
157.94715394410207,-34.88626614199745,0.0,CD8_Tcell
-273.9081826395913,217.09735646247373,0.0,CD8_Tcell
-356.109164111594,181.09838974612404,0.0,CD8_Tcell
307.11543909189317,-136.29451910962112,0.0,CD8_Tcell
-45.628601153749436,-94.56099360557242,0.0,CD8_Tcell
-159.70268716339325,250.64288297293353,0.0,CD8_Tcell
20.02660919095344,57.42098312526318,0.0,CD8_Tcell
-29.36471515713287,389.530895734667,0.0,CD8_Tcell
-219.8786985541608,-249.13167039359246,0.0,CD8_Tcell
-14.833177794914578,-158.2283751012653,0.0,CD8_Tcell
-27.03406087189897,-333.985861370558,0.0,CD8_Tcell
344.02177773392094,-23.54666286999892,0.0,CD8_Tcell
-61.84215588078876,-274.05865867059305,0.0,CD8_Tcell
-137.68691041493184,-265.20642434208395,0.0,CD8_Tcell
14.534489344502541,398.10487588945097,0.0,CD8_Tcell
55.69867527897694,357.5398372822713,0.0,CD8_Tcell
266.6500311662341,147.97567157010715,0.0,CD8_Tcell
218.21623815039203,-54.9343135290717,0.0,CD8_Tcell
-87.49341419788931,141.9307334067647,0.0,CD8_Tcell
-267.69551043609727,-177.21111056622982,0.0,CD8_Tcell
361.14146667895994,100.75160668130388,0.0,CD8_Tcell
-141.3875609959362,-211.61742071452298,0.0,CD8_Tcell
-51.47996344388078,5.371630590934879,0.0,CD8_Tcell
392.3657576372775,-16.386610460792316,0.0,CD8_Tcell
-205.24794123767964,252.12907012777097,0.0,CD8_Tcell
-164.60704723465167,17.275292806656378,0.0,CD8_Tcell
199.73992096783547,1.359451780002955,0.0,CD8_Tcell
210.79999426527345,225.4060405867112,0.0,CD8_Tcell
275.9525137810623,-272.9634635411114,0.0,CD8_Tcell
29.518875225124617,-374.6066622598253,0.0,CD8_Tcell
273.03586004663117,-238.30813275233112,0.0,CD8_Tcell
-46.82159831159195,54.10672465330098,0.0,CD8_Tcell
82.72578909500632,-26.50323206927312,0.0,CD8_Tcell
-56.252715985754406,83.08327613435765,0.0,CD8_Tcell
30.096542560617078,-62.28575849869461,0.0,CD8_Tcell
-158.67906175324876,265.16096740639813,0.0,CD8_Tcell
387.4688061703454,-25.12115866733352,0.0,CD8_Tcell
-315.19817952210076,-61.840654280147,0.0,CD8_Tcell
99.33367126134976,45.295200619085115,0.0,CD8_Tcell
-225.39477227512538,-308.51147341498637,0.0,CD8_Tcell
-174.36728791415877,-142.93629741849017,0.0,CD8_Tcell
-11.46723255672416,204.08722188177532,0.0,CD8_Tcell
226.5842242698858,90.89132084995303,0.0,CD8_Tcell
-179.8677790498471,-45.84130910852873,0.0,CD8_Tcell
-332.1218913015499,-2.880756239056769,0.0,CD8_Tcell
280.0019494736574,26.322945947744127,0.0,CD8_Tcell
-266.71823990043873,248.5170039114537,0.0,CD8_Tcell
-32.20694147600663,292.1074217397439,0.0,CD8_Tcell
-104.6351406859953,356.5488295734478,0.0,CD8_Tcell
-26.16783889819266,-6.505849907289306,0.0,CD8_Tcell
224.09693527907766,59.66378983888574,0.0,CD8_Tcell
183.50766822576998,-13.017825509250052,0.0,CD8_Tcell
-348.2880863116003,123.30023880675363,0.0,CD8_Tcell
69.25597788505131,348.8413649360805,0.0,CD8_Tcell
-263.1930416317514,-96.09092756093887,0.0,CD8_Tcell
-322.987396594106,234.95912929261794,0.0,CD8_Tcell
295.3449300215764,94.09255649147562,0.0,CD8_Tcell
44.983028404099585,-14.893348639119978,0.0,CD8_Tcell
-106.21395928624861,-340.51880983417414,0.0,CD8_Tcell
-281.78757573236766,-39.732059281151976,0.0,CD8_Tcell
206.4272956005268,113.34204234355026,0.0,CD8_Tcell
144.49056208090312,201.26205090250357,0.0,CD8_Tcell
316.4127576625017,81.70426282212681,0.0,CD8_Tcell
-196.65630677210228,318.7409775771232,0.0,CD8_Tcell
-75.82271730645762,-40.37304114133312,0.0,CD8_Tcell
31.678803991672556,264.2699824326096,0.0,CD8_Tcell
-19.684640663065863,-116.216816340685,0.0,CD8_Tcell
376.37744202300314,130.0516382833787,0.0,CD8_Tcell
357.05664579230324,149.17426446430832,0.0,CD8_Tcell
125.2238255243753,-45.13413405909706,0.0,CD8_Tcell
109.73070782740852,41.703318773714585,0.0,CD8_Tcell
-180.84696595240766,197.02275181743505,0.0,CD8_Tcell
194.5112152982734,-280.9514082665568,0.0,CD8_Tcell
269.1429586402417,-252.8046133161508,0.0,CD8_Tcell
-2.976479903440053,256.2629325508387,0.0,CD8_Tcell
73.02087924824396,-217.925827041119,0.0,CD8_Tcell
-346.09505658056355,-50.70112405440504,0.0,CD8_Tcell
-19.74745625450451,-126.8930160777212,0.0,CD8_Tcell
23.824978393653026,133.4173664200024,0.0,CD8_Tcell
-138.33081100086548,-230.56701933851093,0.0,CD8_Tcell
215.2706308573085,98.716845966812,0.0,CD8_Tcell
-59.54557144061544,215.86246251703184,0.0,CD8_Tcell
-168.2768622561014,88.5344848559505,0.0,CD8_Tcell
-194.6869064349849,-91.41121541086584,0.0,CD8_Tcell
110.62495237288576,-174.51557710708965,0.0,CD8_Tcell
-246.46639291181373,-56.93935966070838,0.0,CD8_Tcell
75.15753123575871,-183.3059397831276,0.0,CD8_Tcell
-381.83765582682224,-33.64848147333783,0.0,CD8_Tcell
-2.4195227386873492,-157.08264435129263,0.0,CD8_Tcell
-168.90714142961286,321.07489835467646,0.0,CD8_Tcell
302.58402046120204,-16.04904156877042,0.0,CD8_Tcell
-300.3293384591185,-178.48193872497177,0.0,CD8_Tcell
129.06432352847506,-273.19920867411065,0.0,CD8_Tcell
244.65011488558847,279.51108102844563,0.0,CD8_Tcell
-300.42058937484006,243.96406598205166,0.0,CD8_Tcell
187.8219495293261,168.95540382516344,0.0,CD8_Tcell
-377.3841954802272,-102.51815606769469,0.0,CD8_Tcell
-23.9037447702925,-195.03193572774273,0.0,CD8_Tcell
304.4058848878588,-100.7534203042775,0.0,CD8_Tcell
233.75001946884325,53.32376245816272,0.0,CD8_Tcell
112.35025105494839,-17.537353203260135,0.0,CD8_Tcell
243.12603280698679,5.505862478453039,0.0,CD8_Tcell
-29.041069164231942,388.41749424387217,0.0,CD8_Tcell
275.37004704769055,156.2508228066768,0.0,CD8_Tcell
-214.5138781403071,85.04961913157167,0.0,CD8_Tcell
-126.13171830205808,327.26695888423484,0.0,CD8_Tcell
51.02742896853023,364.3290633210042,0.0,CD8_Tcell
184.60103400324252,-55.12084173687475,0.0,CD8_Tcell
-92.67790709248885,132.78510620972338,0.0,CD8_Tcell
266.54506808795986,-69.15477532136708,0.0,CD8_Tcell
-105.59446228996958,-188.24060756474879,0.0,CD8_Tcell
232.90258683366642,-113.3285930526052,0.0,CD8_Tcell
-361.8757717971095,106.03851562183634,0.0,CD8_Tcell
11.851666343485688,164.45153410515783,0.0,CD8_Tcell
202.24110605844828,274.2595948367181,0.0,CD8_Tcell
130.48638232403007,7.490030442741962,0.0,CD8_Tcell
169.4203558192066,-231.51913506277643,0.0,CD8_Tcell
-67.43352935336418,276.47248859415635,0.0,CD8_Tcell
270.4453762314168,-237.7612448948411,0.0,CD8_Tcell
64.91895307366752,153.5725139421595,0.0,CD8_Tcell
312.29011197292016,72.86208409347722,0.0,CD8_Tcell
-140.43629225966268,365.5057936874858,0.0,CD8_Tcell
18.841759548034894,34.52146719873505,0.0,CD8_Tcell
-214.69449153614093,-199.5766594921802,0.0,CD8_Tcell
7.604546722547321,-352.5476419638404,0.0,CD8_Tcell
-130.47114481514146,-365.0020291293536,0.0,CD8_Tcell
211.2918664985436,-201.4584410246859,0.0,CD8_Tcell
-66.90111161840962,23.657475225075434,0.0,CD8_Tcell
258.6486511073192,163.22471964710593,0.0,CD8_Tcell
2.5604556722923904,-38.4156794583729,0.0,CD8_Tcell
-7.230452616201631,177.4358399259812,0.0,CD8_Tcell
-370.18720973679314,-5.770839252221236,0.0,CD8_Tcell
335.55561578720744,-204.22964009239845,0.0,CD8_Tcell
-317.55123062747236,84.68669081775195,0.0,CD8_Tcell
199.3160232904597,311.8815658362556,0.0,CD8_Tcell
-355.19509745981026,-63.569092818453356,0.0,CD8_Tcell
-183.7333770089651,-111.07042964828709,0.0,CD8_Tcell
218.71789801692464,-138.11620493064117,0.0,CD8_Tcell
111.51143838816077,-168.4909023885621,0.0,CD8_Tcell
309.2736541553667,4.4944201030229145,0.0,CD8_Tcell
28.51995403966131,4.054628613562582,0.0,CD8_Tcell
-114.31844572102092,-143.71433784378618,0.0,CD8_Tcell
-141.78940082335222,326.2685446461404,0.0,CD8_Tcell
-22.162780201859917,-365.22204289528247,0.0,CD8_Tcell
355.81237656316273,44.37098547314473,0.0,CD8_Tcell
-311.7104149787701,-234.00728185604677,0.0,CD8_Tcell
-234.75372024747395,93.18790870247379,0.0,CD8_Tcell
-79.06381395347623,176.16225531937783,0.0,CD8_Tcell
347.161047461789,176.790811974257,0.0,CD8_Tcell
261.5737896132477,-170.9755334782888,0.0,CD8_Tcell
-242.58815487701676,80.4326899019847,0.0,CD8_Tcell
-154.81062408513452,-240.75918870653769,0.0,CD8_Tcell
172.44666291859286,61.865809021845784,0.0,CD8_Tcell
-310.29640081726944,-147.56395608613755,0.0,CD8_Tcell
341.3679843366965,56.453219880534185,0.0,CD8_Tcell
56.84910547513961,43.94070095574018,0.0,CD8_Tcell
33.49357576986806,-299.0890685829981,0.0,CD8_Tcell
-119.70000481816253,170.80496937698643,0.0,CD8_Tcell
-239.92910809444135,-315.8103382895449,0.0,CD8_Tcell
-203.58146448076192,14.25840578307255,0.0,CD8_Tcell
-335.3906538751114,-169.28645496571139,0.0,CD8_Tcell
259.46648727101734,-91.20348904284356,0.0,CD8_Tcell
-315.6702759100665,-174.98823926095554,0.0,CD8_Tcell
82.92921009990258,160.65534508468807,0.0,CD8_Tcell
-17.98378742518859,-397.4049416433148,0.0,CD8_Tcell
-3.742576364990663,-192.10555464272852,0.0,CD8_Tcell
-310.1604229871488,53.90798187333593,0.0,CD8_Tcell
236.3818438290909,-91.84788795914962,0.0,CD8_Tcell
198.3640160366495,-279.4783771590278,0.0,CD8_Tcell
-113.83987116904507,-287.49584012064963,0.0,CD8_Tcell
-70.9100095953335,-129.179516538131,0.0,CD8_Tcell
-112.06427448876138,133.75496806099406,0.0,CD8_Tcell
221.2073048503958,-124.68869203841588,0.0,CD8_Tcell
225.37304839132617,-157.87038149051764,0.0,CD8_Tcell
17.34553218846781,-290.52601291509677,0.0,CD8_Tcell
-78.44799172084818,237.86308650555654,0.0,CD8_Tcell
-79.2325421626622,-305.2688403749375,0.0,CD8_Tcell
-51.45536441959913,-169.675854039275,0.0,CD8_Tcell
43.985690620346084,-136.58941093708165,0.0,CD8_Tcell
362.91512796213476,-47.00805401061424,0.0,CD8_Tcell
-13.460887510014077,177.74887640565026,0.0,CD8_Tcell
303.2828645495638,70.46923965481376,0.0,CD8_Tcell
25.997724573283453,-388.043200941605,0.0,CD8_Tcell
-6.202715336733079,-335.73296041220533,0.0,CD8_Tcell
-12.976796023954929,-44.68905160257031,0.0,CD8_Tcell
-297.3180226922283,-208.16828225542392,0.0,CD8_Tcell
223.20970920663981,46.277352979320725,0.0,CD8_Tcell
172.86606944095192,-213.04769061507108,0.0,CD8_Tcell
-188.01768337849774,-152.84521134410576,0.0,CD8_Tcell
-281.918808405833,174.72786814334953,0.0,CD8_Tcell
-159.945831143991,-207.45195947313175,0.0,CD8_Tcell
-126.79145390733916,105.4719129967338,0.0,CD8_Tcell
-42.184239454393925,-342.6264851380671,0.0,CD8_Tcell
-53.15094670059837,370.0195423352263,0.0,CD8_Tcell
-147.11671215370757,-24.289139763141684,0.0,CD8_Tcell
302.33838986293796,144.067400381832,0.0,CD8_Tcell
-137.66896167247668,160.63033317204312,0.0,CD8_Tcell
-248.27884060425492,-298.7403038496765,0.0,CD8_Tcell
-17.634840213206466,-28.432292279731907,0.0,CD8_Tcell
-57.09744715898389,-203.45897807484945,0.0,CD8_Tcell
-147.53811811113633,302.85099371158043,0.0,CD8_Tcell
-290.3696912650924,129.90991810579615,0.0,CD8_Tcell
305.6155408676099,-179.34840381198117,0.0,CD8_Tcell
-192.40111362089053,121.5806302947256,0.0,CD8_Tcell
23.580065250664177,114.08433784056088,0.0,CD8_Tcell
106.19844497914951,208.2104649475329,0.0,CD8_Tcell
179.72684727677648,-280.7336750969629,0.0,CD8_Tcell
355.49895430732386,144.66347709681207,0.0,CD8_Tcell
330.90892320484085,-137.0004601050479,0.0,CD8_Tcell
-85.83475753199862,-239.8487230015855,0.0,CD8_Tcell
-107.81811361593076,172.27137557500805,0.0,CD8_Tcell
-107.63341163903218,-52.04543665123857,0.0,CD8_Tcell
82.5762719493041,-361.715590106368,0.0,CD8_Tcell
-242.22494167169268,-240.58056441165164,0.0,CD8_Tcell
208.11355672013826,-45.965607135855585,0.0,CD8_Tcell
-221.26195901157342,62.990811232994304,0.0,CD8_Tcell
283.85888687626016,-181.67065781016058,0.0,CD8_Tcell
-76.18682197812623,-250.17465161826047,0.0,CD8_Tcell
192.30920663228224,74.48591073947259,0.0,CD8_Tcell
-183.11328544344806,-305.4411463209945,0.0,CD8_Tcell
45.428035243129585,-333.55272508447274,0.0,CD8_Tcell
312.46168220730357,41.9729723823917,0.0,CD8_Tcell
-217.5622112590064,51.738011392012325,0.0,CD8_Tcell
107.50248784860632,66.0739072969691,0.0,CD8_Tcell
49.5165087085528,248.71658040329027,0.0,CD8_Tcell
35.574160263385515,151.62270633625388,0.0,CD8_Tcell
81.94066324199021,-286.50210637968,0.0,CD8_Tcell
-270.60205041115506,66.81423048592292,0.0,CD8_Tcell
318.45174183181547,5.893608018600468,0.0,CD8_Tcell
-300.97981547394943,6.305470930359219,0.0,CD8_Tcell
260.22856858797593,-208.84353673384047,0.0,CD8_Tcell
-65.46729058725985,297.70790234789257,0.0,CD8_Tcell
26.871586984421565,280.41614233086904,0.0,CD8_Tcell
-47.3411091159558,-146.0538453034983,0.0,CD8_Tcell
-255.51324867636654,96.54511883628277,0.0,CD8_Tcell
-321.72405865581885,-110.91742738806472,0.0,CD8_Tcell
-11.530456547060785,-87.65441726487927,0.0,CD8_Tcell
158.89931820793203,-278.20704612253496,0.0,CD8_Tcell
-184.56196520626082,281.71973653574787,0.0,CD8_Tcell
189.1323666806907,-129.38604086860263,0.0,CD8_Tcell
149.33980226764837,-98.1357476634231,0.0,CD8_Tcell
-67.86161816013158,-78.60948832784582,0.0,CD8_Tcell
-270.9983754252296,-81.06359854036108,0.0,CD8_Tcell
357.41028464234915,-66.16502660861029,0.0,CD8_Tcell
240.91236715128596,-222.72766722724407,0.0,CD8_Tcell
-214.348158531,-83.23176155103091,0.0,CD8_Tcell
378.47292143880145,-30.854762405669604,0.0,CD8_Tcell
-56.807533805802805,-156.95040550407538,0.0,CD8_Tcell
-2.7381556263435622,-16.752084788964922,0.0,CD8_Tcell
151.55178586488373,143.90463275277367,0.0,CD8_Tcell
-275.45854312041354,153.4862612353934,0.0,CD8_Tcell
246.6127550104739,-63.44333181764688,0.0,CD8_Tcell
196.5201698655662,77.5015307012394,0.0,CD8_Tcell
-173.10648508158872,8.681734128865301,0.0,CD8_Tcell
327.4356885630009,101.95916008277167,0.0,CD8_Tcell
-251.12061715435775,57.65178004243645,0.0,CD8_Tcell
114.14747045326867,153.39072597841783,0.0,CD8_Tcell
-96.00224768787325,135.79542534889308,0.0,CD8_Tcell
18.714772999798672,316.8704432838562,0.0,CD8_Tcell
214.84472938846716,13.897355409179115,0.0,CD8_Tcell
-5.190336491018804,287.5120779829649,0.0,CD8_Tcell
-186.77161555918974,19.71899718011156,0.0,CD8_Tcell
-298.05584581318067,187.98510003999507,0.0,CD8_Tcell
188.54520666779845,226.77836622986428,0.0,CD8_Tcell
106.07409225305082,-367.0978355753772,0.0,CD8_Tcell
-191.77979198131473,324.7433959887486,0.0,CD8_Tcell
-147.2002811986238,-160.71384882058894,0.0,CD8_Tcell
-202.43398945190987,221.9484558977738,0.0,CD8_Tcell
-142.00073177259512,279.951553909133,0.0,CD8_Tcell
-70.32512487438444,76.45015074888984,0.0,CD8_Tcell
373.0209770261173,-109.41979896439743,0.0,CD8_Tcell
124.73077824472631,-104.30839057313496,0.0,CD8_Tcell
264.1938033831829,-112.50829932083528,0.0,CD8_Tcell
-2.826513658595411,-2.2109370161601687,0.0,CD8_Tcell
-22.0807415403721,3.7678786401047017,0.0,CD8_Tcell
-22.165906346229324,189.93021690235864,0.0,CD8_Tcell
-274.35447987243936,-38.87067039986998,0.0,CD8_Tcell
215.2758172612945,89.69963604810106,0.0,CD8_Tcell
201.17609725196832,230.7833744741216,0.0,CD8_Tcell
138.8539626040562,288.73537461529384,0.0,CD8_Tcell
-40.1301690349521,-272.71439499385565,0.0,CD8_Tcell
-338.0303468030005,-142.4587650820803,0.0,CD8_Tcell
-147.60677491530538,-280.7268145304406,0.0,CD8_Tcell
-5.402436063209458,-52.066210961979735,0.0,CD8_Tcell
261.10654339396336,-198.39732313429624,0.0,CD8_Tcell
-12.628289239650366,241.52072391615062,0.0,CD8_Tcell
365.6607140341243,-3.0180150547326763,0.0,CD8_Tcell
9.418928477545148,362.0648649205035,0.0,CD8_Tcell
-184.01962906258308,-111.39446785953689,0.0,CD8_Tcell
-49.54542844502407,237.68153804244275,0.0,CD8_Tcell
338.9349040085329,26.322602238473664,0.0,CD8_Tcell
372.1085443860105,-26.715993605904924,0.0,CD8_Tcell
177.54365819556455,162.7357344321959,0.0,CD8_Tcell
-109.73527310308168,-371.14391847129326,0.0,CD8_Tcell
-45.51491149219789,-327.505647488559,0.0,CD8_Tcell
-304.66699855095413,3.0329790960548375,0.0,CD8_Tcell
51.51293411485998,27.943145476526155,0.0,CD8_Tcell
-115.72660799822327,115.77838493437238,0.0,CD8_Tcell
150.08955569398148,14.551944263377427,0.0,CD8_Tcell
-75.8396737495655,20.95681995413725,0.0,CD8_Tcell
164.74297175047934,175.125829504289,0.0,CD8_Tcell
-65.59364518804527,180.48273173205007,0.0,CD8_Tcell
69.78865342682117,-50.41760187023455,0.0,CD8_Tcell
-82.50505604629137,231.87293301920613,0.0,CD8_Tcell
2.6425852569014205,109.17241705510465,0.0,CD8_Tcell
-242.202602913321,71.78974236666299,0.0,CD8_Tcell
-15.227893293914446,135.57082477633543,0.0,CD8_Tcell
-207.3213311202763,-120.00721284497156,0.0,CD8_Tcell
-101.4151385228074,298.2461991910058,0.0,CD8_Tcell
-69.38687473165567,186.7279407791808,0.0,CD8_Tcell
65.9301954944124,17.805690825789682,0.0,CD8_Tcell
-16.726313903084996,241.79262350230098,0.0,CD8_Tcell
151.67407222414306,-350.87138613885554,0.0,CD8_Tcell
106.04558426780085,249.654989344215,0.0,CD8_Tcell
344.7161976250189,9.990468794014863,0.0,CD8_Tcell
33.61845482336698,-159.63440432557766,0.0,CD8_Tcell
-302.9313040892156,-203.2110719276435,0.0,CD8_Tcell
-217.84995926870806,-189.78190479140522,0.0,CD8_Tcell
-374.372799609546,-76.20000034603333,0.0,CD8_Tcell
-276.9705365683231,-61.54280071702769,0.0,CD8_Tcell
49.56874457879979,128.98597057609734,0.0,CD8_Tcell
76.12838715845947,-375.8761280955468,0.0,CD8_Tcell
312.64353439803546,57.7578676880381,0.0,CD8_Tcell
-112.12267597932224,319.4019691359289,0.0,CD8_Tcell
-68.45320537052555,-26.55730739684966,0.0,CD8_Tcell
-165.60551212695503,285.683053684001,0.0,CD8_Tcell
-349.9473413074405,99.79936184076175,0.0,CD8_Tcell
95.34446139381811,-156.831655208997,0.0,CD8_Tcell
69.93952431778192,-21.90159130551448,0.0,CD8_Tcell
310.66338903504544,-158.3395016664109,0.0,CD8_Tcell
157.4662081433199,-41.713670472996775,0.0,CD8_Tcell
226.87126196339898,-38.29737248384318,0.0,CD8_Tcell
-128.75454983157098,-157.4513797705021,0.0,CD8_Tcell
10.47518781875668,-36.941164713553455,0.0,CD8_Tcell
-293.11732605629993,-168.2489734820784,0.0,CD8_Tcell
-264.4190498653187,115.27829266259873,0.0,CD8_Tcell
97.73346344282507,140.6762525525849,0.0,CD8_Tcell
-10.266155291040416,86.10163471384374,0.0,CD8_Tcell
43.873465140057775,157.69911845227873,0.0,CD8_Tcell
207.84661530165468,305.31846901153045,0.0,CD8_Tcell
-48.07687550445234,147.22584438163997,0.0,CD8_Tcell
142.5303614117573,247.13175458804713,0.0,CD8_Tcell
57.75508525212293,-107.73474069057168,0.0,CD8_Tcell
42.62012454329409,-236.23470934444904,0.0,CD8_Tcell
-214.44254882922667,-10.966609844536856,0.0,CD8_Tcell
21.776758514830536,-13.69933564598017,0.0,CD8_Tcell
-115.6697447963339,-71.94150755568616,0.0,CD8_Tcell
82.19647454602365,292.5544872102721,0.0,CD8_Tcell
-188.63129900285492,186.10696959260667,0.0,CD8_Tcell
-33.74918196601219,192.11772535932826,0.0,CD8_Tcell
-326.0290591598992,219.5889745250486,0.0,CD8_Tcell
-87.95884322941022,257.6115529805258,0.0,CD8_Tcell
96.03017518656883,-304.5199308371297,0.0,CD8_Tcell
105.49097331878794,-199.7135383151344,0.0,CD8_Tcell
31.800898478700415,-44.86595599622045,0.0,CD8_Tcell
-271.1451834950923,212.2917181140806,0.0,CD8_Tcell
257.6578042411354,100.24300045055226,0.0,CD8_Tcell
-297.62704617624206,173.04604377185146,0.0,CD8_Tcell
18.466402879053227,384.2181860498958,0.0,CD8_Tcell
-18.31256963799095,-102.96928043010561,0.0,CD8_Tcell
225.0156584788829,269.76716117958415,0.0,CD8_Tcell
205.05484640128086,-127.3740547506686,0.0,CD8_Tcell
-97.64114306825843,237.941297582958,0.0,CD8_Tcell
-7.896546653827779,-381.8122529116311,0.0,CD8_Tcell
-285.4317826169501,18.308037373606208,0.0,CD8_Tcell
-161.30425018044352,329.0416717502496,0.0,CD8_Tcell
362.8605017196121,78.53054717553398,0.0,CD8_Tcell
167.5623377496587,185.38483875707314,0.0,CD8_Tcell
18.37793925160665,-354.52383428913254,0.0,CD8_Tcell
85.7171330949874,296.2851806926513,0.0,CD8_Tcell
-198.36243555913376,-194.9472753975661,0.0,CD8_Tcell
65.07059593014533,-374.51432222089994,0.0,CD8_Tcell
237.45118786693166,-94.68917611892402,0.0,CD8_Tcell
212.2342817105188,65.26324836594232,0.0,CD8_Tcell
-301.08338507155537,-192.26915025744958,0.0,CD8_Tcell
98.75192000645313,27.85459206554244,0.0,CD8_Tcell
219.22097220110567,-237.89520976807495,0.0,CD8_Tcell
-99.74253709383905,298.56852646401705,0.0,CD8_Tcell
39.83714491170304,43.85632699094741,0.0,CD8_Tcell
370.06808804962554,-108.81423725033841,0.0,CD8_Tcell
-195.49134078568665,-8.983886077774821,0.0,CD8_Tcell
115.99633413524154,-309.0032073934795,0.0,CD8_Tcell
360.99746929868525,32.490944947681385,0.0,CD8_Tcell
5.7799393455254835,-92.68177814149585,0.0,CD8_Tcell
181.79183209059389,58.98232564898446,0.0,CD8_Tcell
65.83839595634583,251.64141234662412,0.0,CD8_Tcell
240.5982948570154,50.68955319551884,0.0,CD8_Tcell
304.7505962792101,140.59905887167128,0.0,CD8_Tcell
255.34001916397844,-45.03216144635934,0.0,CD8_Tcell
213.9837841035153,-194.33310303001917,0.0,CD8_Tcell
141.32706286686795,-52.1122454034868,0.0,CD8_Tcell
248.77663134423466,-97.8439336389022,0.0,CD8_Tcell
-32.814470383449745,177.7081520873898,0.0,CD8_Tcell
354.68836249817787,177.63968716526784,0.0,CD8_Tcell
-274.3334980979668,-258.8811427053256,0.0,CD8_Tcell
-191.78261265020734,125.89711726404407,0.0,CD8_Tcell
48.63602172586774,-74.4594012822028,0.0,CD8_Tcell
-64.75733164066452,-196.57242605508284,0.0,CD8_Tcell
372.0088470161979,-133.9193842911976,0.0,CD8_Tcell
-106.83254806688544,-331.0461646878944,0.0,CD8_Tcell
-187.19412188547628,121.67237905827402,0.0,CD8_Tcell
217.64395493625815,286.4023277955909,0.0,CD8_Tcell
-300.02738676154337,-140.93495944912266,0.0,CD8_Tcell
387.85857005565254,-21.067014460622175,0.0,CD8_Tcell
177.89229644210127,84.21774851729887,0.0,CD8_Tcell
125.2617104634619,-155.26557776242075,0.0,CD8_Tcell
380.9935170847879,-96.29291337168125,0.0,CD8_Tcell
-106.66546359691776,142.32470636371815,0.0,CD8_Tcell
-12.278212780022475,207.86921398271932,0.0,CD8_Tcell
-269.7067009454658,-139.10404717028547,0.0,CD8_Tcell
-73.35305219180236,-378.4240931522024,0.0,CD8_Tcell
-189.53033724311868,133.20453093915916,0.0,CD8_Tcell
314.62374010048126,-154.89843131849997,0.0,CD8_Tcell
52.304802188832056,-255.15451505585466,0.0,CD8_Tcell
81.64761233137264,-149.52649256242273,0.0,CD8_Tcell
36.12885841722442,-102.2042907605027,0.0,CD8_Tcell
278.7166129436306,1.5715790234977043,0.0,CD8_Tcell
-57.22670611482251,-37.752172045664864,0.0,CD8_Tcell
145.4042906754255,235.1466681833975,0.0,CD8_Tcell
-156.3493528887651,95.74901595820968,0.0,CD8_Tcell
159.34507597132048,251.1684609151865,0.0,CD8_Tcell
174.1312491079459,29.648734099635686,0.0,CD8_Tcell
199.1276680224234,-121.09254765034025,0.0,CD8_Tcell
267.65763516967723,217.08305620667988,0.0,CD8_Tcell
-320.9320491456589,46.10536279280364,0.0,CD8_Tcell
14.838646299203319,-210.32048705794372,0.0,CD8_Tcell
-168.05056838091977,-170.6844756529437,0.0,CD8_Tcell
294.4560147729861,-139.20996814945835,0.0,CD8_Tcell
145.22540706960393,218.8160970040799,0.0,CD8_Tcell
39.7031752060618,-208.09458749298796,0.0,CD8_Tcell
-208.75706179094084,124.89147387309177,0.0,CD8_Tcell
-133.02811258921875,-89.26034975591932,0.0,CD8_Tcell
80.33689835013828,-375.4839526003195,0.0,CD8_Tcell
-249.4228292558167,-11.140797692040278,0.0,CD8_Tcell
226.34395914033146,-151.4793727701353,0.0,CD8_Tcell
219.24893168885075,47.42960469884471,0.0,CD8_Tcell
2.31266848581096,369.13268816993815,0.0,CD8_Tcell
85.81314690946718,114.09371690731716,0.0,CD8_Tcell
162.36369795680218,-49.31958993395254,0.0,CD8_Tcell
203.87442878103124,188.05247468079054,0.0,CD8_Tcell
-59.78966291212411,-345.03212263987365,0.0,CD8_Tcell
-57.8048486004413,-244.04244069364245,0.0,CD8_Tcell
291.3235084774026,-22.762699548204637,0.0,CD8_Tcell
48.71811332359852,303.1009825326651,0.0,CD8_Tcell
164.29112382315876,-286.00839270111834,0.0,CD8_Tcell
347.40090565459883,-160.55713483431697,0.0,CD8_Tcell
274.45699632344133,-160.43079953326338,0.0,CD8_Tcell
297.7654380480573,-137.42996625556017,0.0,CD8_Tcell
27.86449044553722,10.739195049306616,0.0,CD8_Tcell
90.23640184521228,54.67866559088321,0.0,CD8_Tcell
-88.38846891772144,-97.599529182051,0.0,CD8_Tcell
-209.20714037365778,-108.6920926735301,0.0,CD8_Tcell
-384.48276915096085,74.82286792022306,0.0,CD8_Tcell
68.74258649740162,-103.67906064894028,0.0,CD8_Tcell
40.23078630334707,-148.92638404318953,0.0,CD8_Tcell
171.33503828287525,-178.33855515850667,0.0,CD8_Tcell
65.22732960407329,-44.61609088360121,0.0,CD8_Tcell
284.18432717098335,-10.192105257004533,0.0,CD8_Tcell
-100.9156901937402,-41.708408534754724,0.0,CD8_Tcell
-147.2294908368227,290.9616334352895,0.0,CD8_Tcell
199.69532838497287,-265.39449648458356,0.0,CD8_Tcell
-101.12373545598984,-249.90700615624004,0.0,CD8_Tcell
-238.9931938766731,-243.55012344000443,0.0,CD8_Tcell
281.07925794344237,45.58034327768915,0.0,CD8_Tcell
92.53489962523659,-9.19647443787518,0.0,CD8_Tcell
-29.039481622360597,-326.66745200397423,0.0,CD8_Tcell
-315.16851870727044,50.4166764447969,0.0,CD8_Tcell
-369.2363100887872,-137.1430255040169,0.0,CD8_Tcell
6.04764393719865,-237.76639990266753,0.0,CD8_Tcell
367.7927743191021,-98.75312606476398,0.0,CD8_Tcell
-80.25429802496308,223.46892425748322,0.0,CD8_Tcell
-28.017536274701932,-25.966371609755807,0.0,CD8_Tcell
-377.672408128986,-115.87665166057492,0.0,CD8_Tcell
328.14957372700746,199.6785819654768,0.0,CD8_Tcell
208.2654280841714,251.26967847042286,0.0,CD8_Tcell
-172.49657253979638,210.167809973597,0.0,CD8_Tcell
251.334032530764,195.21242596944842,0.0,CD8_Tcell
141.00793557010044,50.63401970621803,0.0,CD8_Tcell
-261.2854330794309,-110.81558605097037,0.0,CD8_Tcell
-59.097068763685215,194.6524047648076,0.0,CD8_Tcell
-302.328745906869,184.9681251428499,0.0,CD8_Tcell
-89.18874977270245,299.38459429627346,0.0,CD8_Tcell
79.37926559777341,-265.11790326277617,0.0,CD8_Tcell
292.3838402597617,-261.71224272323593,0.0,CD8_Tcell
203.15547999989357,30.204851020014775,0.0,CD8_Tcell
-319.97289689787067,-80.18253575973684,0.0,CD8_Tcell
164.7376450446217,-73.79439305619418,0.0,CD8_Tcell
167.71117417801022,-134.51043925162114,0.0,CD8_Tcell
-228.98114805623146,-0.2727901008169012,0.0,CD8_Tcell
-21.28972533911712,284.78094418648465,0.0,CD8_Tcell
-330.3773221506785,50.37582362333496,0.0,CD8_Tcell
31.247322786708924,320.3725131422655,0.0,CD8_Tcell
201.1611566569718,266.4696883872673,0.0,CD8_Tcell
81.62165572233523,-314.6312209508675,0.0,CD8_Tcell
-180.4213489768218,-103.65239667034038,0.0,CD8_Tcell
75.81189937667915,380.2551018222168,0.0,CD8_Tcell
-27.755560605053084,321.0336006033097,0.0,CD8_Tcell
-130.54152108101442,173.6050072946551,0.0,CD8_Tcell
-93.34245917453646,-18.659806625934213,0.0,CD8_Tcell
-297.63613568733837,81.44967016791249,0.0,CD8_Tcell
-211.52450849159843,11.992505500610761,0.0,CD8_Tcell
84.16610158056378,308.5095017954011,0.0,CD8_Tcell
355.240328500402,84.66956827195362,0.0,CD8_Tcell
-178.24100680604943,353.97561964311126,0.0,CD8_Tcell
81.96445618596992,-343.58305795302533,0.0,CD8_Tcell
-275.3712695424902,279.3541281950155,0.0,CD8_Tcell
-138.28489860590687,-81.61605149688576,0.0,CD8_Tcell
-306.0971336947944,-110.16054255642659,0.0,CD8_Tcell
-30.50596539595769,-43.47523920953102,0.0,CD8_Tcell
128.21126624067196,256.39359553183954,0.0,CD8_Tcell
144.39630905968912,-304.92559094766943,0.0,CD8_Tcell
-340.6272451144384,-76.77445953331002,0.0,CD8_Tcell
-260.6213039813955,-163.11885636013778,0.0,CD8_Tcell
100.39913645629915,309.88339046950426,0.0,CD8_Tcell
81.46268093065076,295.2190538962529,0.0,CD8_Tcell
328.74868307654225,61.54619883098001,0.0,CD8_Tcell
-79.31993369649994,121.57016532454891,0.0,CD8_Tcell
50.43817685001867,316.9493289112363,0.0,CD8_Tcell
205.0022403976726,291.21021442023016,0.0,CD8_Tcell
-242.18461587534497,-72.1653398159848,0.0,CD8_Tcell
345.03715891137875,201.41326651939175,0.0,CD8_Tcell
103.29526491750485,-200.3444178657022,0.0,CD8_Tcell
196.3247436074701,266.9670945940676,0.0,CD8_Tcell
213.6891633582817,-205.1451946780543,0.0,CD8_Tcell
11.355837041549096,75.38316090709347,0.0,CD8_Tcell
-90.09135677721132,46.9005339456149,0.0,CD8_Tcell
31.417505860424495,-215.61546456283202,0.0,CD8_Tcell
-214.62797708299297,-173.13757635479777,0.0,CD8_Tcell
-80.83630814711461,-376.54699577113684,0.0,CD8_Tcell
91.269942978436,-87.45671108265354,0.0,CD8_Tcell
255.93015254510115,-282.92336847715075,0.0,CD8_Tcell
114.5046571117174,-277.55707481680946,0.0,CD8_Tcell
16.93205152587157,85.5576893881515,0.0,CD8_Tcell
-93.9963754251868,-259.506702562704,0.0,CD8_Tcell
281.6945834684063,236.3452054538349,0.0,CD8_Tcell
88.25497960824741,-221.65915539177294,0.0,CD8_Tcell
122.43358191494869,-82.39945762674651,0.0,CD8_Tcell
-204.72191927607983,-165.64200125938754,0.0,CD8_Tcell
-151.08785966652928,147.27585832788617,0.0,CD8_Tcell
253.69673298272232,108.37481868462027,0.0,CD8_Tcell
-339.9673157874879,11.924912997488141,0.0,CD8_Tcell
289.074334125264,145.0207161737351,0.0,CD8_Tcell
-221.66936585124864,228.9301272820124,0.0,CD8_Tcell
-265.4824321368275,263.05561053417875,0.0,CD8_Tcell
-219.33087768103647,183.55677168632965,0.0,CD8_Tcell
264.20812829759893,-281.05856359654825,0.0,CD8_Tcell
236.4333622677971,318.67673485712714,0.0,CD8_Tcell
32.918104653142464,-227.6759710718083,0.0,CD8_Tcell
-65.55971837875707,106.17598545906435,0.0,CD8_Tcell
-317.2061475685387,-113.26910025075368,0.0,CD8_Tcell
102.1817681035064,-153.41466261046313,0.0,CD8_Tcell
-150.89066986554144,237.78941552052962,0.0,CD8_Tcell
56.0324493397184,261.02500131854083,0.0,CD8_Tcell
71.21908807796977,-166.45598627060633,0.0,CD8_Tcell
-209.00748420884506,-199.6052745846931,0.0,CD8_Tcell
62.12010677149182,7.008815245292269,0.0,CD8_Tcell
393.15428493721436,2.1184656205459644,0.0,CD8_Tcell
-284.29300924719985,176.97558668799377,0.0,CD8_Tcell
124.49566582210666,-304.6292980508233,0.0,CD8_Tcell
-34.79665404759082,-379.98444505334515,0.0,CD8_Tcell
375.11819205999086,-111.46543637475922,0.0,CD8_Tcell
-91.88058603021568,-67.85035119527714,0.0,CD8_Tcell
-41.677919163375904,304.36301877920164,0.0,CD8_Tcell
123.14304807563788,-54.22792595377899,0.0,CD8_Tcell
72.89496632964023,14.386633988528306,0.0,CD8_Tcell
-122.23170448366261,372.4625507852138,0.0,CD8_Tcell
-187.5726317101824,-320.338225624593,0.0,CD8_Tcell
-252.9459424134849,-21.085332619827128,0.0,CD8_Tcell
-38.1222187813365,-173.80819583988983,0.0,CD8_Tcell
-240.96022553538205,109.27321702951119,0.0,CD8_Tcell
-332.7015185219793,-167.431038384029,0.0,CD8_Tcell
-173.73073481632974,72.24507472669325,0.0,CD8_Tcell
295.276236711249,-119.65554038083638,0.0,CD8_Tcell
142.32961279016035,-215.4950001654178,0.0,CD8_Tcell
359.38854981113263,-28.828972832074072,0.0,CD8_Tcell
-4.095036383270193,385.3855767598702,0.0,CD8_Tcell
343.55428670090816,-82.21966160904243,0.0,CD8_Tcell
-196.83441142478384,279.38673829210654,0.0,CD8_Tcell
4.492020591799513,-396.574090257071,0.0,CD8_Tcell
286.9762777353255,-214.70623021434318,0.0,CD8_Tcell
-306.61723220058366,-60.337820426053504,0.0,CD8_Tcell
50.247617414387506,351.4174108635836,0.0,CD8_Tcell
56.52611447453819,-55.556261684212465,0.0,CD8_Tcell
-5.512469235343536,382.0568803572223,0.0,CD8_Tcell
-20.64841271169794,26.686182733506357,0.0,CD8_Tcell
354.66709634048556,-8.63713265082821,0.0,CD8_Tcell
-34.6983495040461,-107.48269060444142,0.0,CD8_Tcell
177.04779490842355,-260.0221973548948,0.0,CD8_Tcell
301.0715088197079,196.07467306070708,0.0,CD8_Tcell
36.70411571306859,-292.6733619634535,0.0,CD8_Tcell
-229.4867138288665,36.741689371428464,0.0,CD8_Tcell
-243.5659810028283,152.7202212850039,0.0,CD8_Tcell
202.91414481416047,288.79998783125933,0.0,CD8_Tcell
150.3539973324529,14.291916921216341,0.0,CD8_Tcell
325.4462020421643,181.0480425040673,0.0,CD8_Tcell
231.71089584774697,172.3491162496682,0.0,CD8_Tcell
-336.11232303220066,79.51768410328458,0.0,CD8_Tcell
159.17772532236546,126.02154242049716,0.0,CD8_Tcell
288.1582921855834,-81.47898487694643,0.0,CD8_Tcell
168.92309886254785,164.08541420899354,0.0,CD8_Tcell
62.06758508928867,64.87041156080737,0.0,CD8_Tcell
-32.3046353031164,-223.35039950837654,0.0,CD8_Tcell
2.0516172276935025,269.08904196823136,0.0,CD8_Tcell
281.9266329274994,-175.86426179361797,0.0,CD8_Tcell
153.86362840889518,-312.24001287383123,0.0,CD8_Tcell
217.07176584063797,283.9985820345167,0.0,CD8_Tcell
-23.23863391347461,14.53447263945414,0.0,CD8_Tcell
-201.6539733116481,-105.0685091290191,0.0,CD8_Tcell
-284.7115605105184,242.27105726418287,0.0,CD8_Tcell
-281.137859421685,219.7824262381916,0.0,CD8_Tcell
213.12128937495518,-238.5899626997484,0.0,CD8_Tcell
103.87741882375666,238.65141858772526,0.0,CD8_Tcell
71.63854550809116,-288.071521057544,0.0,CD8_Tcell
-283.3612135103086,-280.17958445667233,0.0,CD8_Tcell
365.7435614123786,-98.94648689877332,0.0,CD8_Tcell
249.0216274234466,-25.53002588150347,0.0,CD8_Tcell
-357.82650725735937,166.88257741975525,0.0,CD8_Tcell
-175.38433191969904,-59.35951668591455,0.0,CD8_Tcell
100.11713982571682,302.525294794437,0.0,CD8_Tcell
201.65667853049243,281.93009893460413,0.0,CD8_Tcell
96.81752567960925,160.15950183252502,0.0,CD8_Tcell
282.4835714951304,-218.71763641301635,0.0,CD8_Tcell
298.7082859612035,-38.04903958441123,0.0,CD8_Tcell
150.65516128282817,-168.90320309358657,0.0,CD8_Tcell
237.55437633968774,129.35607769511964,0.0,CD8_Tcell
-161.53210722788958,214.9873019274154,0.0,CD8_Tcell
117.84406634741939,138.54115395383326,0.0,CD8_Tcell
-171.53114093297927,-223.73782388131985,0.0,CD8_Tcell
21.546831532998123,374.4583229182771,0.0,CD8_Tcell
-160.8907740157712,-75.57000135434481,0.0,CD8_Tcell
-69.55322341577508,-308.24651767570526,0.0,CD8_Tcell
-56.112274296925634,-199.59807468081976,0.0,CD8_Tcell
-231.723482946859,-84.93592764162122,0.0,CD8_Tcell
-154.0286793175595,216.80272886295242,0.0,CD8_Tcell
234.42383901799474,70.14164735229664,0.0,CD8_Tcell
-350.2382593513879,-44.29724593436801,0.0,CD8_Tcell
-310.8188824680863,-225.21046368590365,0.0,CD8_Tcell
172.01390001523373,-106.63946563263818,0.0,CD8_Tcell
-18.295848964043522,-238.5925807180101,0.0,CD8_Tcell
-228.69394420989786,-301.0992558013761,0.0,CD8_Tcell
-221.08148351011806,60.74246952481005,0.0,CD8_Tcell
135.69443773285502,289.0547636903526,0.0,CD8_Tcell
343.89044823386666,-186.5124823567439,0.0,CD8_Tcell
-196.83283175784143,-316.07099849462753,0.0,CD8_Tcell
81.87381521898149,-308.27526268174455,0.0,CD8_Tcell
-215.1882205552129,307.95224484351235,0.0,CD8_Tcell
179.12574125428145,194.4197492471391,0.0,CD8_Tcell
-82.69896820398242,123.24094384153273,0.0,CD8_Tcell
310.38361581841804,128.80983646143687,0.0,CD8_Tcell
383.3279160867212,-106.97084963992206,0.0,CD8_Tcell
-137.72310550903939,-270.8229400440338,0.0,CD8_Tcell
-198.55569860784504,-171.48693275960426,0.0,CD8_Tcell
-163.45217655140075,135.78914249061,0.0,CD8_Tcell
242.83041013499647,183.43845202195615,0.0,CD8_Tcell
170.11521129662097,-96.9468831338133,0.0,CD8_Tcell
21.860746661824926,134.06662555881124,0.0,CD8_Tcell
106.31312986334194,272.85726120929166,0.0,CD8_Tcell
37.10334511199164,106.01093376711167,0.0,CD8_Tcell
332.92020831661375,198.8345604376048,0.0,CD8_Tcell
109.33382309732953,82.99108142716373,0.0,CD8_Tcell
-140.8630655789491,155.3433674888052,0.0,CD8_Tcell
-333.0564580249174,-37.109179953006816,0.0,CD8_Tcell
-22.10829124037282,43.27980907652375,0.0,CD8_Tcell
-234.75007373749983,161.8280389055448,0.0,CD8_Tcell
-44.43015115596649,275.4181029676417,0.0,CD8_Tcell
-29.910854491293183,-144.67360296355233,0.0,CD8_Tcell
-166.21616365633875,249.83446296151902,0.0,CD8_Tcell
282.69049868075933,271.03352420267163,0.0,CD8_Tcell
32.91808736870162,88.21458575044817,0.0,CD8_Tcell
-320.04085943159544,2.09405407609599,0.0,CD8_Tcell
179.22322415846824,-24.265664431546238,0.0,CD8_Tcell
79.75227805136339,120.39062793812079,0.0,CD8_Tcell
-67.58485118513221,72.79721041073073,0.0,CD8_Tcell
-69.09325484538857,-340.2193215513763,0.0,CD8_Tcell
13.650458644637622,121.15514000044028,0.0,CD8_Tcell
-123.61246387514886,-254.94986825607504,0.0,CD8_Tcell
-36.03104337022441,343.498442692457,0.0,CD8_Tcell
-128.82123761505318,-188.8275363483253,0.0,CD8_Tcell
205.4988179648021,328.7022692097273,0.0,CD8_Tcell
-84.59475832067272,96.25882889420421,0.0,CD8_Tcell
330.8604272484709,77.06063374678718,0.0,CD8_Tcell
-91.51821148879854,-20.5454478592388,0.0,CD8_Tcell
161.80796367356996,41.46445700436456,0.0,CD8_Tcell
121.72809618489369,-336.97910512279816,0.0,CD8_Tcell
-222.78975823578403,-288.80344760527925,0.0,CD8_Tcell
349.2317492069373,7.848188503393337,0.0,CD8_Tcell
270.0835136672166,-211.23436023107894,0.0,CD8_Tcell
49.134360349677834,-25.305287337199726,0.0,CD8_Tcell
-119.91758332720597,178.71215693191493,0.0,CD8_Tcell
-51.07228752110262,12.283279257451401,0.0,CD8_Tcell
212.6865218521329,13.20350448411722,0.0,CD8_Tcell
7.905547791258637,-399.1152825975232,0.0,CD8_Tcell
336.1262616434877,-202.94982490455754,0.0,CD8_Tcell
246.73873979948155,-178.1594454526665,0.0,CD8_Tcell
22.89211326766006,-200.06257382881557,0.0,CD8_Tcell
-365.7607927625665,-2.837884287514892,0.0,CD8_Tcell
134.97653704589013,-116.78306337219705,0.0,CD8_Tcell
-94.0397232054587,43.34550811009935,0.0,CD8_Tcell
92.64537899585072,276.49165573840776,0.0,CD8_Tcell
-6.8409739107095655,112.0859367508355,0.0,CD8_Tcell
-266.8482407606223,206.6237294232655,0.0,CD8_Tcell
48.86228885648938,-28.630914452349316,0.0,CD8_Tcell
81.18162105220283,-198.1310513184761,0.0,CD8_Tcell
-297.0096622239452,259.74879385641583,0.0,CD8_Tcell
-253.65932594481677,-303.9598156045499,0.0,CD8_Tcell
243.7471917352276,-191.06017944754655,0.0,CD8_Tcell
-28.501188977206937,306.913162240892,0.0,CD8_Tcell
10.264690406584377,329.47486424339434,0.0,CD8_Tcell
307.90294473566496,-232.0137066755456,0.0,CD8_Tcell
149.80088431151435,-296.3453504374057,0.0,CD8_Tcell
293.6822229076737,103.2632577377146,0.0,CD8_Tcell
152.98609408460604,-27.55925627361557,0.0,CD8_Tcell
69.26307760844917,21.785938612398965,0.0,CD8_Tcell
-233.2513979350089,225.0961068483198,0.0,CD8_Tcell
49.476584411860976,-143.80156683478467,0.0,CD8_Tcell
-59.167157545543134,284.4343960421397,0.0,CD8_Tcell
-374.5746622247492,126.69961315901804,0.0,CD8_Tcell
155.724094864426,-264.7877365852399,0.0,CD8_Tcell
-75.26430534338692,-57.36602110021496,0.0,CD8_Tcell
-376.64023542012256,-126.45587323099129,0.0,CD8_Tcell
-219.17495853103375,206.19729508124897,0.0,CD8_Tcell
-49.26474072237925,104.3873943652227,0.0,CD8_Tcell
250.41816508778385,-248.72297737903003,0.0,CD8_Tcell
-158.80428824945673,265.5800295300604,0.0,CD8_Tcell
-0.6160684834401712,-166.99918909331186,0.0,CD8_Tcell
-179.42476302895048,-93.85640473825462,0.0,CD8_Tcell
155.03552830314663,-171.72806172986043,0.0,CD8_Tcell
-89.20046757563091,240.51035128716677,0.0,CD8_Tcell
-140.52506129915204,-117.78149041944215,0.0,CD8_Tcell
-72.92425489087196,44.93082649344974,0.0,CD8_Tcell
108.6474996329517,32.76214824975922,0.0,CD8_Tcell
288.8733880499376,105.38675721960827,0.0,CD8_Tcell
-259.50010665215075,-173.13727644098853,0.0,CD8_Tcell
-279.66936897549056,-41.46641787182942,0.0,CD8_Tcell
107.00250446841322,-365.35537329757454,0.0,CD8_Tcell
362.42084683587007,19.452246373265456,0.0,CD8_Tcell
-290.9022917032715,-203.14173480571063,0.0,CD8_Tcell
31.602148159145724,248.1604251478889,0.0,CD8_Tcell
-102.47689192018268,88.77665226777584,0.0,CD8_Tcell
-186.48232708053774,191.54986790218268,0.0,CD8_Tcell
390.26135462494136,61.60675156741005,0.0,CD8_Tcell
329.15154243010835,-95.84962097493607,0.0,CD8_Tcell
-124.51014485871362,173.00970794904123,0.0,CD8_Tcell
-186.64341976948438,199.48574944435805,0.0,CD8_Tcell
84.6436081515595,-136.22856139848395,0.0,CD8_Tcell
220.878539498644,106.53443261572944,0.0,CD8_Tcell
-189.62664432517948,-159.72501881841563,0.0,CD8_Tcell
-126.54319200967545,-267.78624162418095,0.0,CD8_Tcell
147.4538943260688,-352.6339626485466,0.0,CD8_Tcell
263.4015766202506,-143.0529816459653,0.0,CD8_Tcell
-198.94011291011304,-10.583333680104632,0.0,CD8_Tcell
-51.15638437007152,34.63465530336324,0.0,CD8_Tcell
219.70206541084923,276.0707196378231,0.0,CD8_Tcell
-174.94578300445727,13.901342762733638,0.0,CD8_Tcell
-8.199809690049447,39.703772871907894,0.0,CD8_Tcell
25.843467926192037,-357.8824350312553,0.0,CD8_Tcell
-288.9214996169934,-17.519387952419457,0.0,CD8_Tcell
-114.2497050765713,-212.3501312771128,0.0,CD8_Tcell
-384.98779961580664,91.32436199603181,0.0,CD8_Tcell
-200.17893008922726,-209.6546986350278,0.0,CD8_Tcell
-311.152389725508,-59.08327958837256,0.0,CD8_Tcell
174.35910737556367,-264.48356748571746,0.0,CD8_Tcell
-231.6843925891827,91.02375355817128,0.0,CD8_Tcell
-76.68524831071123,363.40255129489026,0.0,CD8_Tcell
-178.02244028257365,-305.3273356773463,0.0,CD8_Tcell
-90.67293412958264,-246.94066787735798,0.0,CD8_Tcell
-22.214385585525832,146.4150022915913,0.0,CD8_Tcell
-15.629876944389519,30.747543956605096,0.0,CD8_Tcell
140.3173655665594,-27.98249645926732,0.0,CD8_Tcell
-287.2884830085029,-79.54744974348601,0.0,CD8_Tcell
212.49535749578888,-130.42482141625175,0.0,CD8_Tcell
-44.82746873064175,321.38047453514827,0.0,CD8_Tcell
-281.7253703329486,-200.82105080910935,0.0,CD8_Tcell
-83.46551119046367,236.3344083059024,0.0,CD8_Tcell
-361.8532206653546,160.3580205310596,0.0,CD8_Tcell
-131.23011304715527,-249.52275904894748,0.0,CD8_Tcell
-359.5329793250594,140.06240468705218,0.0,CD8_Tcell
183.67382891981129,-334.37214244727954,0.0,CD8_Tcell
48.486209405380094,-83.88878289001643,0.0,CD8_Tcell
-103.0370423737259,-130.01731269085562,0.0,CD8_Tcell
-171.21478478783084,272.49373232738606,0.0,CD8_Tcell
-387.82022731363935,-74.43416053983063,0.0,CD8_Tcell
-192.93910832712405,-149.69529684358884,0.0,CD8_Tcell
337.3065336289932,-197.115680227421,0.0,CD8_Tcell
65.09822618074648,180.0580075690081,0.0,CD8_Tcell
-2.2961674717140075,345.4829905669105,0.0,CD8_Tcell
-13.634243326956513,270.43893898591324,0.0,CD8_Tcell
-187.12824333554306,213.15314552654033,0.0,CD8_Tcell
142.28252020044147,65.6148981997636,0.0,CD8_Tcell
-93.387311688153,68.4507685841278,0.0,CD8_Tcell
294.7555979919374,238.4862993436209,0.0,CD8_Tcell
-146.54722619678407,359.34598563124644,0.0,CD8_Tcell
-253.26856258106008,-22.871472445651264,0.0,CD8_Tcell
-70.94359768602374,-61.16466662696638,0.0,CD8_Tcell
251.0080624420213,-14.994571408987929,0.0,CD8_Tcell
301.7793829409738,-159.74194775411038,0.0,CD8_Tcell
-356.0245294736556,-93.03825083593146,0.0,CD8_Tcell
355.5423609176302,-162.59057534416547,0.0,CD8_Tcell
269.4721373330302,-9.996057622960222,0.0,CD8_Tcell
-126.21929767972158,-295.40473043380376,0.0,CD8_Tcell
68.22176262074163,-290.47189995898754,0.0,CD8_Tcell
48.488038136692715,-127.65206672530725,0.0,CD8_Tcell
-334.9566963406113,-172.57557499982005,0.0,CD8_Tcell
349.01330946645504,-121.36793512366575,0.0,CD8_Tcell
262.26440052334596,-124.15029246714356,0.0,CD8_Tcell
-72.86978772475962,225.52086406092818,0.0,CD8_Tcell
-217.3930712035522,34.54365199235262,0.0,CD8_Tcell
83.18394227267883,60.68493539578064,0.0,CD8_Tcell
-259.60106610775046,-200.9759709193917,0.0,CD8_Tcell
197.56340223536478,-285.6675045915048,0.0,CD8_Tcell
77.09623587952406,269.2085391140801,0.0,CD8_Tcell
269.64792945188935,46.00262657764629,0.0,CD8_Tcell
-96.91919547460284,-236.09364986006833,0.0,CD8_Tcell
-267.922982913717,184.66850171898125,0.0,CD8_Tcell
-175.20995365760763,27.340399508437816,0.0,CD8_Tcell
-24.727271535594863,187.87046851719015,0.0,CD8_Tcell
30.336994469690435,-266.6328074645621,0.0,CD8_Tcell
61.36446307810465,343.6136702108319,0.0,CD8_Tcell
131.23444178404836,-55.986462411644005,0.0,CD8_Tcell
-44.515741077890944,379.0287502739635,0.0,CD8_Tcell
247.252583178811,-128.667306189133,0.0,CD8_Tcell
196.6512046903475,-87.9448409332663,0.0,CD8_Tcell
-188.33196488131944,321.5663671936048,0.0,CD8_Tcell
-260.85975886859126,243.34312836951705,0.0,CD8_Tcell
23.57440978585605,266.42260370279416,0.0,CD8_Tcell
-105.23494536834981,258.3589550292456,0.0,CD8_Tcell
-329.3320384657687,97.87221795463901,0.0,CD8_Tcell
322.2114003476085,169.1291241487856,0.0,CD8_Tcell
-55.40102054361238,202.53692595266727,0.0,CD8_Tcell
66.36966849096466,371.2270869860141,0.0,CD8_Tcell
-210.05500217716653,18.068564563925275,0.0,CD8_Tcell
271.89545864609386,-170.8586889642851,0.0,CD8_Tcell
275.3495941797271,-13.945253039317244,0.0,CD8_Tcell
-274.04612415166116,-205.33761239178028,0.0,CD8_Tcell
23.194868781940745,-132.92340276107717,0.0,CD8_Tcell
178.3296325772999,-172.64372095189466,0.0,CD8_Tcell
-47.49281413140738,206.7534789440653,0.0,CD8_Tcell
122.78017761001006,266.3323052465889,0.0,CD8_Tcell
-82.68814121366795,-276.4407720706549,0.0,CD8_Tcell
-218.13136426428414,59.04204810336597,0.0,CD8_Tcell
321.366179523081,83.98446845646247,0.0,CD8_Tcell
-149.06479735493193,-154.14671074413255,0.0,CD8_Tcell
68.55271237577277,-206.08103737436576,0.0,CD8_Tcell
-146.13524452305998,-183.77453950349567,0.0,CD8_Tcell
36.917279971794194,-221.45334951765457,0.0,CD8_Tcell
323.1803960200965,154.6904153636859,0.0,CD8_Tcell
-22.46284626479959,14.569960985115827,0.0,CD8_Tcell
-344.74908783350315,26.779854756300704,0.0,CD8_Tcell
-129.1023980649669,-159.72989601144403,0.0,CD8_Tcell
-246.87802354861864,88.58177800400021,0.0,CD8_Tcell
62.3195696357428,24.93610824599227,0.0,CD8_Tcell
-68.16413929341654,211.56587119749548,0.0,CD8_Tcell
-107.39357307350774,229.67685870096415,0.0,CD8_Tcell
168.5626398303854,130.3889368993328,0.0,CD8_Tcell
-281.253154277351,-4.472701794298222,0.0,CD8_Tcell
58.95012459029671,79.99495222246213,0.0,CD8_Tcell
-195.48825800776675,40.64936195805956,0.0,CD8_Tcell
-68.99943294713005,47.043857716884915,0.0,CD8_Tcell
186.06747952719473,128.0088988647388,0.0,CD8_Tcell
-252.64806621609324,80.22893719231384,0.0,CD8_Tcell
-87.0932262485058,-334.2030476592784,0.0,CD8_Tcell
214.03959047916416,-189.82770608234168,0.0,CD8_Tcell
-164.81861285558895,-195.3200102099311,0.0,CD8_Tcell
0.10266901430868147,-278.19877607867227,0.0,CD8_Tcell
290.16365205417594,-66.65760920099991,0.0,CD8_Tcell
-366.09807873851526,-60.04851124904076,0.0,CD8_Tcell
-269.80847635861625,64.62661825248681,0.0,CD8_Tcell
-368.1033258339359,-104.24627992804149,0.0,CD8_Tcell
179.01086312074645,-246.27293434422253,0.0,CD8_Tcell
-158.70651256253456,239.59101819336865,0.0,CD8_Tcell
59.735109259534546,269.01885816126065,0.0,CD8_Tcell
269.39657827818377,116.95163231049042,0.0,CD8_Tcell
122.51424715293746,-250.32091186033333,0.0,CD8_Tcell
270.69497641786455,-148.8391215028806,0.0,CD8_Tcell
-287.95764001077345,-267.9521728353752,0.0,CD8_Tcell
139.2557086591635,-229.06538759578257,0.0,CD8_Tcell
28.435802679698647,206.7953432351773,0.0,CD8_Tcell
371.7310825665,-138.9820314366016,0.0,CD8_Tcell
-244.84967784582236,204.92317307119123,0.0,CD8_Tcell
-46.41047118712931,388.3343618906337,0.0,CD8_Tcell
-258.5611051293685,-282.7144010655804,0.0,CD8_Tcell
256.658110041398,-302.88651577278756,0.0,CD8_Tcell
159.88244368707933,230.77269767895478,0.0,CD8_Tcell
-375.22731203756484,-15.323842047272866,0.0,CD8_Tcell
16.239925758863443,-347.18533236029197,0.0,CD8_Tcell
194.05543611493792,-156.19481622717734,0.0,CD8_Tcell
7.165850087613273,154.7979921926378,0.0,CD8_Tcell
108.69966181450121,198.32452244117286,0.0,CD8_Tcell
199.13562162197817,170.84160180244967,0.0,CD8_Tcell
82.34626563697559,2.6478188620070267,0.0,CD8_Tcell
214.0073818785719,-151.62787285769593,0.0,CD8_Tcell
182.56019984040142,-104.91796645992174,0.0,CD8_Tcell
288.11185251768563,-217.8138346321392,0.0,CD8_Tcell
-234.46801283917884,215.2156044044797,0.0,CD8_Tcell
84.47865907455335,-348.5338911609151,0.0,CD8_Tcell
-23.220974490708883,341.15430825735746,0.0,CD8_Tcell
195.075051357041,165.57209752587633,0.0,CD8_Tcell
-170.0810339514927,-296.67487705445774,0.0,CD8_Tcell
276.0613515286381,-173.9751786071711,0.0,CD8_Tcell
-0.7033709024372894,75.14866407549442,0.0,CD8_Tcell
60.000094450361814,93.46409869398703,0.0,CD8_Tcell
-280.5182684752146,-271.20397261341685,0.0,CD8_Tcell
-227.73535958896875,317.8368232767248,0.0,CD8_Tcell
239.5714657397534,-122.20072989810537,0.0,CD8_Tcell
-91.75386155419153,-109.82609511514337,0.0,CD8_Tcell
155.38813214979328,329.6456900014047,0.0,CD8_Tcell
-101.63026969503089,-266.5493601535569,0.0,CD8_Tcell
122.29090122238176,-341.39753834060906,0.0,CD8_Tcell
110.79138747277146,1.895803002676679,0.0,CD8_Tcell
263.3377213650617,-201.65879290137732,0.0,CD8_Tcell
-373.0782597167163,43.54045267769268,0.0,CD8_Tcell
116.4764355826653,-77.72477229435135,0.0,CD8_Tcell
105.56337233974969,125.72475079373791,0.0,CD8_Tcell
110.43880884319101,-263.44304515179056,0.0,CD8_Tcell
285.4239994875992,-98.58310055130443,0.0,CD8_Tcell
-27.51565648581174,-375.00721444825075,0.0,CD8_Tcell
261.7206516722178,242.73381304049147,0.0,CD8_Tcell
193.42404917245761,-52.84380544182247,0.0,CD8_Tcell
209.0503695055993,103.24504862607291,0.0,CD8_Tcell
-220.46176292490964,-138.9821239341727,0.0,CD8_Tcell
120.89997232964032,-381.25673254681107,0.0,CD8_Tcell
-4.72954134567118,327.5361857968469,0.0,CD8_Tcell
217.4827144994895,301.42692202245064,0.0,CD8_Tcell
-18.945809073157065,168.58017567080816,0.0,CD8_Tcell
284.40918636678265,-30.878882350510846,0.0,CD8_Tcell
-307.6479696359688,-149.79530961369827,0.0,CD8_Tcell
125.35410385824653,-51.36810397586498,0.0,CD8_Tcell
227.1992474066376,188.41253176658518,0.0,CD8_Tcell
-244.684837946963,139.25319333198195,0.0,CD8_Tcell
246.0876607147437,215.57616587142786,0.0,CD8_Tcell
97.9638162304618,-102.76405155287829,0.0,CD8_Tcell
-81.95756894447797,319.7184686201885,0.0,CD8_Tcell
-157.3742020739444,104.67883016032702,0.0,CD8_Tcell
40.31865746082743,-377.9639918518875,0.0,CD8_Tcell
264.5779444488207,221.15322198757715,0.0,CD8_Tcell
-326.085961337354,87.953398277378,0.0,CD8_Tcell
296.0950780580436,53.54535897690116,0.0,CD8_Tcell
218.66371998571924,-281.03222671377074,0.0,CD8_Tcell
-72.36784894356038,-166.02698896219246,0.0,CD8_Tcell
361.11007996660305,167.41015040935756,0.0,CD8_Tcell
-197.67530603478627,92.07207889038047,0.0,CD8_Tcell
352.4652803117578,25.741013127890177,0.0,CD8_Tcell
146.28487689636583,350.374034021884,0.0,CD8_Tcell
-147.23622018751027,-355.8773755133469,0.0,CD8_Tcell
157.63326508984164,-263.3721335804637,0.0,CD8_Tcell
-259.2087626333073,-260.0205626497606,0.0,CD8_Tcell
-173.5801357537364,-69.6768324184617,0.0,CD8_Tcell
273.9989839474428,67.91846866817771,0.0,CD8_Tcell
63.44645099579841,130.70277155108246,0.0,CD8_Tcell
277.20151928175926,-273.18366156186033,0.0,CD8_Tcell
120.72269774688905,-242.41295683977617,0.0,CD8_Tcell
-100.01411882161698,173.85967878731526,0.0,CD8_Tcell
-93.5823449766407,-126.50690762340663,0.0,CD8_Tcell
-177.74819905735993,158.51657788390037,0.0,CD8_Tcell
390.75083796136823,35.332257027497455,0.0,CD8_Tcell
-43.31704648703202,-114.5426465399688,0.0,CD8_Tcell
-103.57069008056958,-111.70527639687009,0.0,CD8_Tcell
-92.19452464922423,98.13625513014479,0.0,CD8_Tcell
219.45741708870403,-47.590428473681044,0.0,CD8_Tcell
31.90215621394077,287.9142327964903,0.0,CD8_Tcell
-238.59850042494503,82.54143007139399,0.0,CD8_Tcell
309.49072988540917,195.90682520096743,0.0,CD8_Tcell
-89.6742498000869,381.4792367018891,0.0,CD8_Tcell
-72.1680722005623,195.86459276617407,0.0,CD8_Tcell
-184.79241600240422,-272.81984459629524,0.0,CD8_Tcell
327.4544828824509,-173.2151537752933,0.0,CD8_Tcell
197.2564048159316,172.83461707070887,0.0,CD8_Tcell
59.404933196162766,-155.12201096376205,0.0,CD8_Tcell
22.588574406987398,10.79130456437574,0.0,CD8_Tcell
-309.4482132784164,238.5435338191719,0.0,CD8_Tcell
-202.6828326374265,110.7604147319015,0.0,CD8_Tcell
-295.28013162947224,-89.24869706792742,0.0,CD8_Tcell
-21.39277190703109,116.77483208853855,0.0,CD8_Tcell
-206.87993773014009,-328.8321807832058,0.0,CD8_Tcell
-125.65001107346508,105.6575970110726,0.0,CD8_Tcell
162.82872561709164,-290.01819167779263,0.0,CD8_Tcell
-20.45594667858605,312.59756678604293,0.0,CD8_Tcell
23.65998424668022,-84.2526381299134,0.0,CD8_Tcell
344.9135011285948,110.4919590201435,0.0,CD8_Tcell
-337.7280631673554,207.6398413047005,0.0,CD8_Tcell
73.89952149437512,306.1052023877175,0.0,CD8_Tcell
218.6050416298563,-269.14661481934314,0.0,CD8_Tcell
248.85785147859727,-187.49959486474228,0.0,CD8_Tcell
-146.9046661404592,333.3313147430889,0.0,CD8_Tcell
94.00880363140998,6.9791560432685795,0.0,CD8_Tcell
-124.24139511396963,-249.6714794212333,0.0,CD8_Tcell
87.70102289986616,-139.1287843280439,0.0,CD8_Tcell
-92.24252539894954,-341.72902555691905,0.0,CD8_Tcell
208.58703722963955,-31.99679857929252,0.0,CD8_Tcell
231.26893426486734,208.90309122225563,0.0,CD8_Tcell
3.069322838005938,342.4535163470359,0.0,CD8_Tcell
-10.803158013784222,269.0982993817585,0.0,CD8_Tcell
290.9727416035552,164.14745668116797,0.0,CD8_Tcell
-104.46300885564624,-96.67871069428583,0.0,CD8_Tcell
309.8733191789552,-73.1429065052786,0.0,CD8_Tcell
80.50140019151435,-170.62475540728244,0.0,CD8_Tcell
-288.2807927366202,-220.34951888944394,0.0,CD8_Tcell
-208.03165170700257,255.39050105953345,0.0,CD8_Tcell
-227.29545980274696,5.442667151891494,0.0,CD8_Tcell
214.66672593417556,333.9910079647706,0.0,CD8_Tcell
-296.0895844974324,-202.8001603339233,0.0,CD8_Tcell
302.8299363027006,22.447878792699818,0.0,CD8_Tcell
252.45765632618202,236.94918661832835,0.0,CD8_Tcell
-306.1434111583958,210.58554897818644,0.0,CD8_Tcell
319.62546628095174,139.41662730035463,0.0,CD8_Tcell
378.704157180778,-46.740941899205744,0.0,CD8_Tcell
12.544508635949613,276.1894065230075,0.0,CD8_Tcell
181.04541331590767,297.2954866269331,0.0,CD8_Tcell
-4.695002790667457,354.1027142846294,0.0,CD8_Tcell
171.90585803304975,85.61413288293345,0.0,CD8_Tcell
-73.1755257474892,-334.42459915277175,0.0,CD8_Tcell
161.74418188843734,177.618028470959,0.0,CD8_Tcell
288.33827763990774,274.2379368561023,0.0,CD8_Tcell
-212.9396101559212,-233.63487292381203,0.0,CD8_Tcell
-168.6586503314056,-216.80508123488664,0.0,CD8_Tcell
-129.3776012316434,-50.43407919483939,0.0,CD8_Tcell
-279.71745252931885,208.64374130038013,0.0,CD8_Tcell
-69.03677240216017,-55.87426115604168,0.0,CD8_Tcell
-165.73063746522965,-299.4450621587205,0.0,CD8_Tcell
-167.13342816312527,101.40963284465444,0.0,CD8_Tcell
209.80020263693183,163.97511166053357,0.0,CD8_Tcell
144.40884489332103,212.07305204311027,0.0,CD8_Tcell
-223.86410068989275,89.21877330041134,0.0,CD8_Tcell
13.567650112428206,329.11850646849734,0.0,CD8_Tcell
-335.5244568566463,-168.2730580637672,0.0,CD8_Tcell
156.80716428599726,-37.51132982924348,0.0,CD8_Tcell
-97.37003373562371,-359.9036237174783,0.0,CD8_Tcell
-25.813734941383558,228.66828916900695,0.0,CD8_Tcell
-26.99733512069415,331.8611653372571,0.0,CD8_Tcell
174.2920943229348,-197.66539444125183,0.0,CD8_Tcell
-227.1414090566763,272.9596708012876,0.0,CD8_Tcell
277.7298758509038,-242.4736493683662,0.0,CD8_Tcell
-68.61883007081208,-338.95070786765393,0.0,CD8_Tcell
0.33861163620833973,236.30998195345126,0.0,CD8_Tcell
-141.01076617653283,136.30319186163985,0.0,CD8_Tcell
-200.77897250386349,-11.359424156990299,0.0,CD8_Tcell
-41.54475274279471,-18.426238219351898,0.0,CD8_Tcell
174.3645608428382,-129.15718827154018,0.0,CD8_Tcell
301.3377628291635,23.53350956046667,0.0,CD8_Tcell
-58.97742777138716,114.83726077331478,0.0,CD8_Tcell
-211.15095273955683,-259.1905183969291,0.0,CD8_Tcell
345.96392112197697,33.25391491187747,0.0,CD8_Tcell
-128.18070668032567,-183.4731923527533,0.0,CD8_Tcell
174.82765246360327,98.2447002959107,0.0,CD8_Tcell
189.95417417940357,151.31142256303002,0.0,CD8_Tcell
206.91977008606804,-226.2179039562556,0.0,CD8_Tcell
138.05598891904825,310.26386629696475,0.0,CD8_Tcell
-10.152674380381773,105.13093197633066,0.0,CD8_Tcell
278.5669279167096,69.37937456056389,0.0,CD8_Tcell
-123.77289798978167,80.77558511010095,0.0,CD8_Tcell
145.64271775744967,-254.6444911710444,0.0,CD8_Tcell
174.0920685160926,-286.4521869629934,0.0,CD8_Tcell
289.06228774837973,239.03998885210072,0.0,CD8_Tcell
-109.57614477849637,-332.02948563782303,0.0,CD8_Tcell
-76.48803801748734,-343.9957901343948,0.0,CD8_Tcell
-136.49883653967962,-184.71741635396293,0.0,CD8_Tcell
259.4334476379878,167.7197443243185,0.0,CD8_Tcell
85.9761537970653,63.16613719827464,0.0,CD8_Tcell
156.53149607574684,-267.79714180758566,0.0,CD8_Tcell
-55.32127836977966,-169.43013221810327,0.0,CD8_Tcell
153.5825971710414,10.173987283718466,0.0,CD8_Tcell
-179.72624186230982,-137.54553571232088,0.0,CD8_Tcell
-252.82998315348686,10.956444045659868,0.0,CD8_Tcell
205.67860803533654,-17.99314753808439,0.0,CD8_Tcell
-184.9535948803189,141.1246794053119,0.0,CD8_Tcell
-70.66382036212835,194.3292928964151,0.0,CD8_Tcell
152.2673369502946,-203.58860812230773,0.0,CD8_Tcell
-245.05415018447036,213.77255301788222,0.0,CD8_Tcell
-291.1863228076248,196.18159190173486,0.0,CD8_Tcell
-292.33938759098305,-192.87302945173806,0.0,CD8_Tcell
293.00628011405166,200.238261638761,0.0,CD8_Tcell
-189.34224664467817,250.3353582417312,0.0,CD8_Tcell
-120.81509864069457,49.46960946674147,0.0,CD8_Tcell
-300.0463701988177,-17.940111014773137,0.0,CD8_Tcell
-168.68273044990556,309.72288970043195,0.0,CD8_Tcell
-328.0301240369102,59.14636434013235,0.0,CD8_Tcell
-123.6323113883956,-166.4505442463376,0.0,CD8_Tcell
-166.03193236516302,-223.43515666132956,0.0,CD8_Tcell
-96.24318585964797,284.0660015054829,0.0,CD8_Tcell
-223.3396002134781,251.49424335989224,0.0,CD8_Tcell
122.70061763716551,329.9429850298115,0.0,CD8_Tcell
292.27610726509045,140.6355706511335,0.0,CD8_Tcell
158.4573094775068,-55.91566106019432,0.0,CD8_Tcell
-377.72414605386655,34.45108920615519,0.0,CD8_Tcell
-12.872805892064976,307.01377342365157,0.0,CD8_Tcell
80.94522036888986,-318.3936181566066,0.0,CD8_Tcell
-164.70509182780987,312.9074537542811,0.0,CD8_Tcell
213.79920233293157,-113.55013269357683,0.0,CD8_Tcell
48.995959803671546,315.4022795215648,0.0,CD8_Tcell
146.58054466843933,-280.96829649579297,0.0,CD8_Tcell
-124.2842862003765,171.93204929333737,0.0,CD8_Tcell
213.92631448881534,-249.95783716450106,0.0,CD8_Tcell
-372.6658564187769,-117.7808282709773,0.0,CD8_Tcell
-135.38693627226394,-0.2290012864977636,0.0,CD8_Tcell
261.3863107391876,228.87946825453503,0.0,CD8_Tcell
-362.89889088504486,-72.79360194052009,0.0,CD8_Tcell
-204.28315728444048,215.7278146562304,0.0,CD8_Tcell
53.36568154985373,280.1126764095296,0.0,CD8_Tcell
96.33328630022281,103.84763940781612,0.0,CD8_Tcell
154.3014050008568,25.43447197354856,0.0,CD8_Tcell
372.8821284498803,126.77893781668092,0.0,CD8_Tcell
-364.9274650817598,150.91352314039855,0.0,CD8_Tcell
-279.4342645264719,-207.71882895147272,0.0,CD8_Tcell
5.559108918433876,352.01628850081414,0.0,CD8_Tcell
284.1158273764538,-209.7615977768608,0.0,CD8_Tcell
-309.4112401445741,-107.63203098224693,0.0,CD8_Tcell
64.62664620087784,59.711875314225864,0.0,CD8_Tcell
-194.4498896739607,-129.02857258901213,0.0,CD8_Tcell
290.7221530693151,121.12410545790402,0.0,CD8_Tcell
174.28204373362374,-279.7483975723762,0.0,CD8_Tcell
-70.11746200008481,264.4207212268154,0.0,CD8_Tcell
345.68194995748,84.10600791296157,0.0,CD8_Tcell
-154.33874838395678,28.255589201323627,0.0,CD8_Tcell
24.389129493209435,-168.67616692049367,0.0,CD8_Tcell
-238.31614351312285,280.87295233209744,0.0,CD8_Tcell
-38.676167291454306,326.41146228897935,0.0,CD8_Tcell
-83.75808196766558,205.60704110931448,0.0,CD8_Tcell
-287.57907177446936,180.72668111739122,0.0,CD8_Tcell
-87.3745020303683,76.1661505765429,0.0,CD8_Tcell
-270.12943558474035,-114.40908848850596,0.0,CD8_Tcell
-211.46347485420262,148.00041240325118,0.0,CD8_Tcell
94.1648542794128,-62.402258298676294,0.0,CD8_Tcell
179.4000372113801,-118.33463937893353,0.0,CD8_Tcell
69.88024359263758,-64.43678834050138,0.0,CD8_Tcell
50.866434333707105,299.09960300400957,0.0,CD8_Tcell
117.62956554108374,52.305396532845585,0.0,CD8_Tcell
9.606146067350913,-238.42284578752995,0.0,CD8_Tcell
-145.10495143453872,142.26215716558687,0.0,CD8_Tcell
-62.44707453594362,-254.4085381243514,0.0,CD8_Tcell
115.19715509713393,324.98373747395624,0.0,CD8_Tcell
47.215672548313364,-360.89762436630093,0.0,CD8_Tcell
-208.87557415269882,57.14429207573301,0.0,CD8_Tcell
-64.65963838913383,104.06264565382084,0.0,CD8_Tcell
-312.6144643463205,15.271349596225843,0.0,CD8_Tcell
106.89224440180105,-38.59484205114324,0.0,CD8_Tcell
-120.4592005584168,331.6527733044708,0.0,CD8_Tcell
333.97386171439496,52.87774818934315,0.0,CD8_Tcell
-223.49393309714173,141.2703239608934,0.0,CD8_Tcell
203.635459806422,-263.98849982382166,0.0,CD8_Tcell
76.61763720957825,-114.86585494338094,0.0,CD8_Tcell
-35.8142866432841,61.66665105191791,0.0,CD8_Tcell
151.6636864549778,-324.99243267497025,0.0,CD8_Tcell
-65.8925737401084,-222.7490295153434,0.0,CD8_Tcell
201.93913454039406,-123.13706275888336,0.0,CD8_Tcell
130.45597042691878,352.4963849658246,0.0,CD8_Tcell
-164.0405971124591,-336.79855488678135,0.0,CD8_Tcell
-148.67911657639527,211.31469050250087,0.0,CD8_Tcell
-235.06863727657725,-58.719356096499276,0.0,CD8_Tcell
-29.483858665911914,295.3335998850628,0.0,CD8_Tcell
338.8665899998179,30.636796073883946,0.0,CD8_Tcell
23.822333892224353,-255.96765867992886,0.0,CD8_Tcell
381.6725986000657,43.92610956731052,0.0,CD8_Tcell
154.2738007717215,-199.11608904161466,0.0,CD8_Tcell
62.640060028554075,-68.6631918870096,0.0,CD8_Tcell
-324.41748676213103,94.84333934913758,0.0,CD8_Tcell
120.60452436486179,220.6696948169093,0.0,CD8_Tcell
165.82522525653405,231.3725456743774,0.0,CD8_Tcell
241.5879282470592,-274.81823450712113,0.0,CD8_Tcell
185.4688834880251,-200.32003988039912,0.0,CD8_Tcell
44.966186850566146,178.18770006963993,0.0,CD8_Tcell
99.16145743038044,-131.287160281171,0.0,CD8_Tcell
280.6046538575703,118.27422097830282,0.0,CD8_Tcell
22.222810304770743,-372.17840984355996,0.0,CD8_Tcell
-145.0475455118183,-343.5288001614871,0.0,CD8_Tcell
80.36384004197106,-236.77751655706655,0.0,CD8_Tcell
357.10334129552655,-133.5203255699501,0.0,CD8_Tcell
308.3153862229574,193.468888419425,0.0,CD8_Tcell
-54.65505723581825,-383.20790223403156,0.0,CD8_Tcell
-60.285828209097616,-381.5294156268792,0.0,CD8_Tcell
-151.52491794018258,-183.44280074618868,0.0,CD8_Tcell
-195.3274624743028,-115.0717976412533,0.0,CD8_Tcell
-257.6682076215682,203.8271117491739,0.0,CD8_Tcell
1.127298407607608,-271.2323810456128,0.0,CD8_Tcell
378.0682374058335,28.699438198272897,0.0,CD8_Tcell
-123.73487352758691,234.09819948511324,0.0,CD8_Tcell
-331.4696769491432,144.74127930603538,0.0,CD8_Tcell
-158.5699274450312,100.30574399859431,0.0,CD8_Tcell
247.39026827111798,-9.894288117126315,0.0,CD8_Tcell
-32.214480622230816,-151.5596171763763,0.0,CD8_Tcell
212.38937570982603,85.52110302700208,0.0,CD8_Tcell
-66.16364005826915,260.41033064251553,0.0,CD8_Tcell
237.1071904389385,241.3755358165835,0.0,CD8_Tcell
-259.1368751233526,71.23557418154968,0.0,CD8_Tcell
-176.7397385185333,-218.9777360493199,0.0,CD8_Tcell
182.76972157440534,-228.3762453783896,0.0,CD8_Tcell
-362.1353279241288,-19.451131503308318,0.0,CD8_Tcell
-74.97929903172617,-297.46587456534945,0.0,CD8_Tcell
232.218597171954,-48.19174650035918,0.0,CD8_Tcell
383.9186693014659,-88.75284715472863,0.0,CD8_Tcell
144.35840580837595,350.94326148539096,0.0,CD8_Tcell
-142.53219882297725,-47.45248952381326,0.0,CD8_Tcell
-70.6985216388377,238.42451964790723,0.0,CD8_Tcell
-162.21160401309436,309.6041107245886,0.0,CD8_Tcell
-129.70137346238823,-334.34985903494703,0.0,CD8_Tcell
272.9609696283135,-86.09825572022521,0.0,CD8_Tcell
-166.79107000832624,23.10654390634349,0.0,CD8_Tcell
102.1494492685939,-258.3749757899883,0.0,CD8_Tcell
-288.84488105774517,-264.9182830732427,0.0,CD8_Tcell
-104.92708830208726,26.54075640145206,0.0,CD8_Tcell
287.23223681440203,231.51080869579326,0.0,CD8_Tcell
-289.67734159039804,138.1173127919011,0.0,CD8_Tcell
-141.09963184126877,-125.37312222885038,0.0,CD8_Tcell
-73.14199991322864,-102.18263060894138,0.0,CD8_Tcell
84.46755801288043,368.61417000420795,0.0,CD8_Tcell
85.59011022063083,-372.97836540811346,0.0,CD8_Tcell
-174.69829389140943,-64.82527303481129,0.0,CD8_Tcell
-64.93627825016844,378.5639348103079,0.0,CD8_Tcell
250.13656736131327,-116.84002152833783,0.0,CD8_Tcell
-194.64018386178776,-262.7169209571225,0.0,CD8_Tcell
78.16493287792882,248.24878057172765,0.0,CD8_Tcell
-39.102772345350864,-110.83870225040152,0.0,CD8_Tcell
201.27885885833928,211.8203013539367,0.0,CD8_Tcell
-379.6844657437358,-43.1445907458504,0.0,CD8_Tcell
187.97576895674263,195.40434443205285,0.0,CD8_Tcell
1.1449241947335043,-337.2293139323092,0.0,CD8_Tcell
156.46686389516856,-3.643158825376904,0.0,CD8_Tcell
-153.4463308583351,-43.55690780468562,0.0,CD8_Tcell
-304.0766314843908,240.80546133488548,0.0,CD8_Tcell
306.55815819378097,66.21183522647914,0.0,CD8_Tcell
140.17846660168135,186.52950014248955,0.0,CD8_Tcell
-36.150704620910275,361.7068124885308,0.0,CD8_Tcell
-294.97724700711035,-47.33181587096834,0.0,CD8_Tcell
121.2856100178065,-379.5658594959832,0.0,CD8_Tcell
245.71421401714886,245.9350073412089,0.0,CD8_Tcell
-300.9461259155557,146.14696711883164,0.0,CD8_Tcell
255.16373088919212,-240.13809867096964,0.0,CD8_Tcell
265.1919908113271,-46.495446528288525,0.0,CD8_Tcell
-164.98383193883166,-52.59115826569339,0.0,CD8_Tcell
125.04045110434848,141.98434025929637,0.0,CD8_Tcell
207.98918983220833,-278.71609084245796,0.0,CD8_Tcell
-100.75207117029377,154.1566724451961,0.0,CD8_Tcell
-247.08418279738962,-271.7212739277719,0.0,CD8_Tcell
-336.5470682832496,-210.47434627441936,0.0,CD8_Tcell
-215.71908556118876,-114.51854616952085,0.0,CD8_Tcell
14.755615596356261,-395.8654117648761,0.0,CD8_Tcell
146.97941277962974,-27.08585413087486,0.0,CD8_Tcell
-234.3934518431266,-26.464821171242836,0.0,CD8_Tcell
19.04145219771106,-393.22106460135484,0.0,CD8_Tcell
320.3040782686759,160.0130283304101,0.0,CD8_Tcell
209.4597301685123,304.976178967745,0.0,CD8_Tcell
179.10269580677863,-52.046194997742795,0.0,CD8_Tcell
108.09864279549993,120.05856332761842,0.0,CD8_Tcell
-173.8124999339196,-117.4098473163025,0.0,CD8_Tcell
219.1169566364494,252.8624241223679,0.0,CD8_Tcell
85.48201841300265,222.37694774916596,0.0,CD8_Tcell
-74.57242904809632,131.86377308885386,0.0,CD8_Tcell
-83.40527601236717,-30.235297596931517,0.0,Treg
-314.0448683587769,18.032749489044047,0.0,Treg
-77.3935519026132,-112.41220123643991,0.0,Treg
-138.7163782048974,-115.5374881240827,0.0,Treg
244.28070800682246,92.37851449699163,0.0,Treg
-369.4126926536687,-102.10420951285651,0.0,Treg
-261.05554897794684,-203.09987931938346,0.0,Treg
-344.9688004781622,-154.34609762967648,0.0,Treg
-116.61161245880922,280.83512959986825,0.0,Treg
-184.65170269150073,-21.627850513324503,0.0,Treg
10.962781732840757,377.74897306224204,0.0,Treg
78.93276263195919,383.5926226237395,0.0,Treg
-41.16867985784425,225.6750753484647,0.0,Treg
-108.8432824578256,38.731512605144786,0.0,Treg
64.3663572175294,391.3173911751894,0.0,Treg
312.48779029827256,209.74528055305646,0.0,Treg
64.24134643639297,-260.71851792968357,0.0,Treg
-219.69653998884235,-281.10164996251325,0.0,Treg
95.10523186801238,15.365275951466344,0.0,Treg
-47.24995883271048,-268.1374670470128,0.0,Treg
-308.50844534411374,-94.55082636173299,0.0,Treg
-236.01075470958594,-0.6831610029938081,0.0,Treg
213.63132450375568,265.79392280900424,0.0,Treg
213.30809972513757,15.305729967950064,0.0,Treg
-109.74805505442913,-93.54855325055969,0.0,Treg
-372.1701866319136,-20.56287942591237,0.0,Treg
4.978041899801511,-132.60260052016918,0.0,Treg
241.85938140559549,240.7200878607769,0.0,Treg
29.65689845979633,254.7126625985504,0.0,Treg
311.8461021024981,-150.67895189645992,0.0,Treg
-69.46416866449592,20.155049001593266,0.0,Treg
-256.9896535363867,122.6029297733264,0.0,Treg
186.1918739095875,310.48427548289396,0.0,Treg
-329.8215695646834,-167.47232219843733,0.0,Treg
117.72397919314922,-84.20461555417023,0.0,Treg
-63.18126107444169,-257.4107547821166,0.0,Treg
188.69412914651946,-239.6674863452623,0.0,Treg
118.03023716774172,344.25482973826325,0.0,Treg
-363.70751502631333,-51.21719334942724,0.0,Treg
-237.67320485274578,-120.96764793700672,0.0,Treg
198.98107094863414,317.72083069679496,0.0,Treg
-112.90527261246595,249.2522438849146,0.0,Treg
152.27935237342177,-76.46800234898807,0.0,Treg
198.2832008556382,-73.66974577942266,0.0,Treg
-15.162887308392591,302.3520900567542,0.0,Treg
-75.28883495019166,197.728941255061,0.0,Treg
-9.441909040333384,224.78336985942002,0.0,Treg
-314.77592405666877,-143.5833461464005,0.0,Treg
-27.132565081797566,-76.65181380631886,0.0,Treg
14.650314675470119,260.45184237956,0.0,Treg
18.325400360688405,-203.15984960832992,0.0,Treg
189.4960276977032,-174.87000433634518,0.0,Treg
-263.10658963220703,-68.50028201685363,0.0,Treg
-199.67141083716743,19.88441332605716,0.0,Treg
252.1084441699776,-264.96566082922334,0.0,Treg
-238.80867598424433,39.68299450218084,0.0,Treg
161.6109825977556,99.06148259926414,0.0,Treg
-118.96143293028905,177.02109975448153,0.0,Treg
229.5203798270527,239.56361355272637,0.0,Treg
162.99226311053968,182.30163862736094,0.0,Treg
174.41199292855217,60.28349172168457,0.0,Treg
-215.65578705241097,-311.09208579569014,0.0,Treg
202.35340251945584,42.638393024001076,0.0,Treg
-97.53787882471475,307.44247538595346,0.0,Treg
42.549458967208786,-64.31759853657702,0.0,Treg
64.51238677973862,-95.14723726213379,0.0,Treg
339.36104037132367,-115.47345279392863,0.0,Treg
-297.88882280924696,143.06230564832455,0.0,Treg
-219.81223630264918,287.6776471858964,0.0,Treg
211.20447111620223,-97.88582382788499,0.0,Treg
6.476445014926817,-172.71665883516724,0.0,Treg
94.98778469710741,-293.08282443990026,0.0,Treg
-206.41975475627547,42.67601556303493,0.0,Treg
315.7733148013837,192.70208779524916,0.0,Treg
-107.04106559603437,298.96354153089726,0.0,Treg
160.27265240014813,-94.15789292056877,0.0,Treg
374.23658490716633,-91.83790105309174,0.0,Treg
356.78369146217904,18.807707841410476,0.0,Treg
-39.746799864041044,319.54220208293805,0.0,Treg
145.9384794447075,-237.62686369750804,0.0,Treg
-24.465014199806415,169.54609960257406,0.0,Treg
308.1510526393158,204.3612913519535,0.0,Treg
-44.040423337641286,113.905623381086,0.0,Treg
-193.46749098339342,-121.0386145244606,0.0,Treg
-346.69245340575014,186.0781307415175,0.0,Treg
174.1608510654429,336.1942384165645,0.0,Treg
86.67871473155758,198.5100754885246,0.0,Treg
256.710425742626,-2.538482519497874,0.0,Treg
-359.3325358171351,14.64127138372393,0.0,Treg
-118.06353283371557,-286.32437449570523,0.0,Treg
235.1678589739562,283.4358497174029,0.0,Treg
-347.0917479726084,-160.18381592818483,0.0,Treg
-280.315669407884,254.07464977741756,0.0,apCAF
-141.64933055993342,342.0930562010437,0.0,apCAF
-180.88497236486242,-116.06078512134368,0.0,apCAF
355.1517725341611,-141.22234702132656,0.0,apCAF
-104.32622253766812,27.323752620807998,0.0,apCAF
279.88909253593283,-276.0409731481743,0.0,apCAF
196.21587710426832,-55.17505365913259,0.0,apCAF
349.88546323604277,94.00661489677445,0.0,apCAF
-72.16108338024077,46.20258527847709,0.0,apCAF
-126.92854797861168,-85.43685674710035,0.0,apCAF
-301.54156722770796,141.96127440487402,0.0,apCAF
-123.28649763144966,-357.66452290423035,0.0,apCAF
-199.73554014666,191.3386417757683,0.0,apCAF
72.91481610422582,-380.6272807718465,0.0,apCAF
63.19058199421607,-367.5983548265214,0.0,apCAF
-33.50409245990467,-352.4099592711204,0.0,apCAF
-251.74238896108716,228.166750643428,0.0,apCAF
245.07848543312235,129.05790231478318,0.0,apCAF
144.3023175718554,245.71457935544677,0.0,apCAF
327.3651412098964,28.951425581668484,0.0,apCAF
-338.53820079421826,-38.78114714006456,0.0,apCAF
303.6272415000605,-16.704891001528722,0.0,apCAF
246.18332374070516,-89.14991692106511,0.0,apCAF
-44.56370245443315,112.5073381691912,0.0,epithelial_tumor
-56.56172195783035,-9.396438789680285,0.0,epithelial_tumor
-76.09954132113948,-120.86145325897692,0.0,epithelial_tumor
178.08773550709472,-357.5675120938194,0.0,epithelial_tumor
-218.43896659895617,289.89935846135467,0.0,epithelial_tumor_class1
273.84304516205793,215.4521790953682,0.0,epithelial_tumor_class1
114.0417119550822,-125.6913309663318,0.0,epithelial_tumor_class1
-327.788032750221,50.233056914620306,0.0,epithelial_tumor_class1
333.4181961755946,-45.15040665464048,0.0,epithelial_tumor_class1
-4.533431234493529,-86.42470063637315,0.0,epithelial_tumor_class1
139.0781962379528,-175.9731825567513,0.0,epithelial_tumor_class1
-311.4321355558771,63.36485172871637,0.0,epithelial_tumor_class1
-257.5324582515833,198.58272985874794,0.0,epithelial_tumor_class1
70.31499552634544,-247.496190127615,0.0,epithelial_tumor_class1
280.55004629798754,-48.782006670373335,0.0,epithelial_tumor_class1
-274.90904888917197,-88.22140290222583,0.0,epithelial_tumor_class1
33.93113221810288,281.9448343294722,0.0,epithelial_tumor_class1
-275.7662444431172,-6.370174786701566,0.0,epithelial_tumor_class1
16.142122294669786,363.14575588572774,0.0,epithelial_tumor_class1_class2
81.36248084686923,-391.1852134499752,0.0,epithelial_tumor_class1_class2
-180.8766444748895,-128.48612226047658,0.0,epithelial_tumor_class1_class2
159.69699526567985,352.31699453951603,0.0,epithelial_tumor_class1_class2
197.65043516579328,257.20587189798584,0.0,epithelial_tumor_class1_class2
195.84340785888554,-118.00988480659909,0.0,epithelial_tumor_class1_class2
-42.45260236073154,-290.14194468600795,0.0,epithelial_tumor_class1_class2
-8.890541978267489,-90.48703688951086,0.0,epithelial_tumor_class1_class2
147.3841971982592,204.40629296478883,0.0,epithelial_tumor_class1_class2
-155.44692405821255,132.04529416278854,0.0,epithelial_tumor_class1_class2
36.294949187114725,164.55506886539104,0.0,epithelial_tumor_class1_class2
-138.2533384851276,125.1004968790407,0.0,epithelial_tumor_class1_class2
-197.2027903784225,335.20828504906797,0.0,epithelial_tumor_class1_class2
161.7900559219589,126.12578358700772,0.0,epithelial_tumor_class1_class2
252.28384284840422,46.40022949752028,0.0,epithelial_tumor_class1_class2
351.6914929609937,-123.56842357528782,0.0,epithelial_tumor_class1_class2
271.4270008105063,-196.11818954959546,0.0,epithelial_tumor_class1_class2
176.9955743356608,-268.06622869262935,0.0,epithelial_tumor_class1_class2
161.80825175786475,-334.3269520917057,0.0,epithelial_tumor_class1_class2
-167.54298994546033,253.5589227237521,0.0,epithelial_tumor_class1_class2
332.298299934711,26.218986359279658,0.0,epithelial_tumor_class1_class2
-69.1276567464358,220.16936859252786,0.0,epithelial_tumor_class1_class2
-187.79652165994403,41.40611381277769,0.0,epithelial_tumor_class1_class2
-40.544635904082035,-14.534614953954971,0.0,epithelial_tumor_class1_class2
362.8628325512211,93.88402999457043,0.0,epithelial_tumor_class1_class2
6.166204230095553,232.48753097823294,0.0,epithelial_tumor_class1_class2
-134.08261205167585,135.85611151007708,0.0,epithelial_tumor_class1_class2
-334.0170544864479,199.58073747605468,0.0,epithelial_tumor_class1_class2
192.58021342318077,-123.33085685362519,0.0,epithelial_tumor_class1_class2
-183.18817945495596,-63.6785734670007,0.0,epithelial_tumor_class1_class2
-272.9797774073075,249.30147209863847,0.0,epithelial_tumor_class1_class2
-190.69982477549937,351.0980454422576,0.0,epithelial_tumor_class1_class2
-255.6846613705605,165.49373615752998,0.0,epithelial_tumor_class1_class2
-247.26110599164437,238.67160185406271,0.0,epithelial_tumor_class1_class2
-377.89565325717126,128.42089259215362,0.0,epithelial_tumor_class1_class2
-49.5538210656405,180.51267725988845,0.0,epithelial_tumor_class1_class2
258.9934779377571,23.421450134799258,0.0,epithelial_tumor_class1_class2
-116.89490175899891,218.67431348251276,0.0,epithelial_tumor_class1_class2
243.53687547042225,232.84568643213854,0.0,epithelial_tumor_class1_class2
-125.12155924778911,253.8062985976276,0.0,epithelial_tumor_class1_class2
252.43180232135012,-102.73633102007544,0.0,epithelial_tumor_class1_class2
52.26256750889438,-99.01365441427046,0.0,epithelial_tumor_class1_class2
223.73713877876267,318.2582328697852,0.0,epithelial_tumor_class1_class2
-197.5499834907832,-63.102368243392576,0.0,epithelial_tumor_class1_class2
146.39003281030227,-177.2468260957987,0.0,epithelial_tumor_class1_class2
271.9227607978901,33.89395165350926,0.0,epithelial_tumor_class1_class2
-3.564602117617491,-177.74544479418654,0.0,epithelial_tumor_class1_class2
-145.32059278548172,-327.3095958630492,0.0,epithelial_tumor_class1_class2
-176.95723261873667,111.719606277031,0.0,epithelial_tumor_class1_class2
-251.3822495856946,-26.214935084431968,0.0,epithelial_tumor_class1_class2
-188.06192394555364,-225.07377959532778,0.0,epithelial_tumor_class1_class2
-127.87116013838435,38.26304207080983,0.0,epithelial_tumor_class1_class2
-133.77940248288627,-31.59351637301563,0.0,epithelial_tumor_class1_class2
-239.67238078416284,70.12167844827405,0.0,epithelial_tumor_class1_class2
-35.11138343825286,-218.22481418752795,0.0,epithelial_tumor_class1_class2
323.54514170939,76.6806025377892,0.0,epithelial_tumor_class1_class2
-344.0405790069026,111.0372196659522,0.0,epithelial_tumor_class1_class2
-54.20300797972992,138.8447746322913,0.0,epithelial_tumor_class1_class2
-384.547194279359,-37.07070783922764,0.0,epithelial_tumor_class1_class2
-18.72342903684208,183.27307417487296,0.0,epithelial_tumor_class1_class2
286.35868563162273,-56.00341739058857,0.0,epithelial_tumor_class1_class2
-349.0276996331197,-192.6159474879932,0.0,epithelial_tumor_class1_class2
-143.69114835373745,270.97385972249356,0.0,epithelial_tumor_class1_class2
163.8494931157367,-172.12645576932204,0.0,epithelial_tumor_class1_class2
143.89718344450867,-123.66481977233188,0.0,epithelial_tumor_class1_class2
-140.87101593050667,-272.5534974825011,0.0,epithelial_tumor_class1_class2
-126.42067707700058,-17.35506160458189,0.0,epithelial_tumor_class1_class2
-65.1803105024259,286.8710004657329,0.0,epithelial_tumor_class1_class2
-71.7303874912218,142.58486103775516,0.0,epithelial_tumor_class1_class2
-114.90360455324208,135.58132846155243,0.0,epithelial_tumor_class1_class2
-202.12375875569867,-137.77124834322493,0.0,epithelial_tumor_class1_class2
-34.31919096460462,-302.0724274336293,0.0,epithelial_tumor_class1_class2
70.50486087154786,291.4733035641269,0.0,epithelial_tumor_class1_class2
222.68752906264095,-126.4306215812101,0.0,epithelial_tumor_class1_class2
138.17335993963164,-98.2304953303119,0.0,epithelial_tumor_class1_class2
-16.670771980034697,-80.35014490885698,0.0,epithelial_tumor_class1_class2
-178.87579064795912,249.140911108067,0.0,epithelial_tumor_class1_class2
-76.53204395357608,315.3273123806417,0.0,epithelial_tumor_class1_class2
-270.4776814085192,-200.4237617643713,0.0,epithelial_tumor_class1_class2
-101.70862681681022,219.79055908827044,0.0,epithelial_tumor_class1_class2
-1.5373479388169824,392.93433033077446,0.0,epithelial_tumor_class1_class2
282.5495721754911,-265.48497012436394,0.0,epithelial_tumor_class1_class2
117.16353587485493,300.0345434451692,0.0,epithelial_tumor_class1_class2
205.91777160359715,238.55213391118664,0.0,epithelial_tumor_class1_class2
-131.38384801655204,-306.4650693872611,0.0,epithelial_tumor_class1_class2
74.67690083251745,57.69661779150632,0.0,epithelial_tumor_class1_class2
-232.0936152249943,280.9155172828621,0.0,epithelial_tumor_class1_class2
234.3143119240075,-118.4577149296149,0.0,epithelial_tumor_class1_class2
-193.68216095852705,-305.64387027203486,0.0,epithelial_tumor_class1_class2
-143.4257425005227,-284.01271967958485,0.0,epithelial_tumor_class1_class2
-62.914587541175734,-19.176603186495235,0.0,epithelial_tumor_class1_class2
329.0189212835337,194.57705544829963,0.0,epithelial_tumor_class1_class2
-308.32420563264014,-152.5183485876294,0.0,epithelial_tumor_class1_class2
231.6209457479672,125.72134327767034,0.0,epithelial_tumor_class1_class2
56.83476341124995,338.3906203446715,0.0,epithelial_tumor_class1_class2
196.5671274323564,-347.73019294600317,0.0,epithelial_tumor_class1_class2
-158.4557935936006,-5.696456426690339,0.0,epithelial_tumor_class1_class2
109.7703780519783,243.74501944462892,0.0,epithelial_tumor_class1_class2
56.078110705792234,-384.8225640884409,0.0,epithelial_tumor_class1_class2
-22.785437921297074,185.24034464441982,0.0,epithelial_tumor_class1_class2
146.9607756963075,-89.76627386295807,0.0,epithelial_tumor_class1_class2
-212.57600429539264,-33.963131890770704,0.0,epithelial_tumor_class1_class2
100.88487334616842,22.785863055193392,0.0,epithelial_tumor_class1_class2
-133.08588726885426,102.5108595231027,0.0,epithelial_tumor_class1_class2
31.76434074490352,192.8915059920044,0.0,epithelial_tumor_class1_class2
-357.60897820169527,-92.54134128036934,0.0,epithelial_tumor_class1_class2
85.40265922544016,366.95628482342903,0.0,epithelial_tumor_class1_class2
-193.67892488498117,145.90353066489024,0.0,epithelial_tumor_class2
-94.40421588957916,-199.69479236592704,0.0,mesenchymal_tumor_class1
145.79925776493417,-226.56509655515478,0.0,mesenchymal_tumor_class1
93.42870550204069,278.206862358071,0.0,mesenchymal_tumor_class1_class2
302.53377576750387,8.45227643545854,0.0,mesenchymal_tumor_class1_class2
233.70956175700982,280.32807114577804,0.0,mesenchymal_tumor_class1_class2
336.5714017686169,118.06487365299941,0.0,mesenchymal_tumor_class1_class2
293.97425284422434,109.249222774845,0.0,mesenchymal_tumor_class1_class2
36.44104972153661,237.2884015997147,0.0,mesenchymal_tumor_class1_class2
-261.29056969332714,-261.31297493770063,0.0,mesenchymal_tumor_class1_class2
-43.591726258721756,-150.07219161984582,0.0,mesenchymal_tumor_class1_class2
162.27547999952458,-100.2151008992758,0.0,mesenchymal_tumor_class1_class2
-174.86625198395333,36.126824415917625,0.0,mesenchymal_tumor_class1_class2
90.82543241604822,354.46934895884743,0.0,mesenchymal_tumor_class1_class2
-59.64139561480314,-34.789037616178014,0.0,mesenchymal_tumor_class1_class2
286.11424053978493,102.95719906023128,0.0,mesenchymal_tumor_class1_class2
78.31709670795783,-83.73582950993685,0.0,mesenchymal_tumor_class1_class2
-303.99046064641834,-259.2115207181637,0.0,mesenchymal_tumor_class1_class2
-141.59436723234947,68.26645150980619,0.0,mesenchymal_tumor_class1_class2
-42.86989608603149,-127.84304881859569,0.0,mesenchymal_tumor_class1_class2
-255.98895280221527,-233.34693231617192,0.0,mesenchymal_tumor_class2
97.47541533471507,-256.62284653464013,0.0,PDAC_unclassified
334.63171070813166,202.8984274415019,0.0,PDAC_unclassified
140.640319878094,-340.99976788570933,0.0,PDAC_unclassified
180.7511161381471,20.390631816387764,0.0,PDAC_unclassified
-108.72180620689605,-208.0434768508821,0.0,PDAC_unclassified
-198.03000707290758,0.5520602549666463,0.0,PDAC_unclassified
47.24813606429438,-37.06702754980073,0.0,PDAC_unclassified
393.40914262135675,26.19501137768766,0.0,PDAC_unclassified
-362.47599542010045,11.960597374868895,0.0,PDAC_unclassified
155.2647711099966,183.89098665463112,0.0,PDAC_unclassified
-202.6054336947429,-293.674227653901,0.0,PDAC_unclassified
25.644590407790876,-169.73643466063731,0.0,PDAC_unclassified
-211.85617021207136,53.264526514880515,0.0,PDAC_unclassified
37.384468899828825,-224.2286247675735,0.0,PDAC_unclassified
57.69169325423065,-109.05352782592162,0.0,PDAC_unclassified
114.6486748861442,181.0739529669259,0.0,PDAC_unclassified
191.65849121517013,328.0901445825148,0.0,PDAC_unclassified
183.71788986647914,38.85007399067553,0.0,PDAC_unclassified
190.5039459268909,82.2636858292287,0.0,PDAC_unclassified
-156.31397823992438,-296.32906499320615,0.0,PDAC_unclassified
-135.0508592433073,-41.38248210646591,0.0,PDAC_unclassified
-24.02406347088792,-224.6657989240315,0.0,PDAC_unclassified
34.96687569733802,-327.5767896691062,0.0,PDAC_unclassified
-111.41984415791086,-109.99734192730983,0.0,PDAC_unclassified
-161.13285503772855,-205.11773287397037,0.0,PDAC_unclassified
-162.1984917385194,-307.417506038044,0.0,PDAC_unclassified
9.75730265351061,58.567310780154116,0.0,PDAC_unclassified
334.82884843130773,-134.36964795915304,0.0,PDAC_unclassified
-266.30370518192854,-279.6566905034064,0.0,PDAC_unclassified
-63.44652725907405,-133.4478096494756,0.0,PDAC_unclassified
-112.7628071672179,194.28828972656197,0.0,PDAC_unclassified
-216.87852036255583,231.3960607162376,0.0,PDAC_unclassified
135.15069517234843,123.08503730678717,0.0,PDAC_unclassified
-117.04755766856275,264.45880947831347,0.0,PDAC_unclassified
137.47766685259234,3.763074202387423,0.0,PDAC_unclassified
-68.46165327201129,-200.29206528610968,0.0,PDAC_unclassified
154.34978377445037,187.35236436972127,0.0,PDAC_unclassified
-342.67346446641926,134.97834271796094,0.0,PDAC_unclassified
279.61629957192656,178.3986214139267,0.0,PDAC_unclassified
-338.35470960294174,-106.24929830996012,0.0,PDAC_unclassified
-272.2075871822363,-119.82330306262493,0.0,PDAC_unclassified
26.720283441510844,105.94177940573418,0.0,PDAC_unclassified
89.87094851544678,103.84492158063095,0.0,PDAC_unclassified
