x,y,z,type
-70.18232251403295,337.1917702048982,0.0,CAF
140.20042857849634,238.60362484174777,0.0,CAF
273.9146906022693,102.61277321653179,0.0,CAF
-30.882591845495092,377.595248835338,0.0,CAF
53.53026232555733,-279.3571701854992,0.0,CAF
-219.32588099345665,-105.92574109644129,0.0,CAF
-358.34560297196896,-99.28732866800672,0.0,CAF
-170.84827394546477,219.93744126151734,0.0,CAF
-50.9921584719708,-223.31080298565556,0.0,CAF
-119.54381811311664,-325.29511719092216,0.0,CAF
-284.4433988722951,247.35995453839305,0.0,CAF
-318.51094427643574,23.853516832656872,0.0,CAF
-44.821280397003186,-232.38827570692294,0.0,CAF
380.23721971860425,72.2580918138849,0.0,CAF
288.38689910217147,-120.13023385464001,0.0,CAF
-236.39561515130475,221.86978258102903,0.0,CAF
153.6135479126828,-237.86763588112166,0.0,CAF
-267.17125098751626,-290.94300251158745,0.0,CAF
223.60637322576753,152.13835512869807,0.0,CAF
-246.10069780947376,-292.00860303360514,0.0,CAF
31.367354406870952,-389.04355223586003,0.0,CAF
-191.96795045710363,-327.47101288884096,0.0,CAF
218.29264929102868,94.61432527249713,0.0,CAF
244.620319233289,-136.33339762057236,0.0,CAF
-77.57939367917703,325.08958205548663,0.0,CAF
-198.1316240258425,282.24863218476514,0.0,CAF
-23.11013231707294,-361.9618463994805,0.0,CAF
-72.91190169414207,-388.44115810620286,0.0,CAF
-372.5466824034303,-141.30723788532634,0.0,CAF
180.43098845715292,-310.1036878244329,0.0,CAF
252.94796302342039,278.7083316472746,0.0,CAF
233.15927128078545,-236.91632074427176,0.0,CAF
-155.87376718962852,-227.2336016861418,0.0,CAF
-263.5396728276693,228.63481537408052,0.0,CAF
-277.07270465211616,-267.63112297072246,0.0,CAF
-228.93396764434743,118.20288182463456,0.0,CAF
33.442341911172406,336.1515826763194,0.0,CAF
272.20822477787243,87.33753142421136,0.0,CAF
-209.26909844558088,14.815522517912287,0.0,CAF
187.48409643426675,166.2087327734973,0.0,CAF
182.85532539644842,-284.3731918977354,0.0,CAF
11.020629530634707,-268.8291072627305,0.0,CAF
-317.7377654022558,93.35438381342375,0.0,CAF
48.58632724242935,222.19777337820975,0.0,CAF
-239.2705619889996,-243.03324694936504,0.0,CAF
325.695413253505,-188.9052984420179,0.0,CAF
38.92389190556373,305.4598687818861,0.0,CAF
234.73918965821244,-127.77513980536305,0.0,CAF
235.22161094146966,164.81800557265183,0.0,CAF
-263.90039636046794,236.10551139110322,0.0,CAF
-135.63639579392384,-329.9282689999696,0.0,CAF
-198.580455215507,-202.1874258505113,0.0,CAF
284.0057114782994,68.65518521961357,0.0,CAF
-152.21708348642795,-199.45516504276245,0.0,CAF
98.32260435753619,-331.79209422839455,0.0,CAF
-378.4780244396832,90.27393581083581,0.0,CAF
159.20889684190158,165.72603806362483,0.0,CAF
-7.09236464502788,232.64815023991326,0.0,CAF
232.08073785101396,26.79889102330722,0.0,CAF
186.27406313226584,242.52064892142786,0.0,CAF
245.3616292604105,-107.74619468357322,0.0,CAF
105.81389846016059,-345.7477355107744,0.0,CAF
-204.59825288077204,-1.5123494899632137,0.0,CAF
197.9218363520268,-84.07158732220523,0.0,CAF
177.67504834193886,-128.54416889583047,0.0,CAF
207.16403857907906,-151.81394437685702,0.0,CAF
-277.91517078074696,3.488026768456493,0.0,CAF
269.94194629947515,16.108371954322894,0.0,CAF
394.3271780459235,47.399498205477585,0.0,CAF
104.18996693101559,-187.28380404624133,0.0,CAF
-336.01322990157007,-147.1281502989644,0.0,CAF
-147.39490156277995,-307.4147947477623,0.0,CAF
-228.56189606850467,235.45219657359934,0.0,CAF
-45.59652568148946,-308.9632716849046,0.0,CAF
207.47830701948382,320.77383887959127,0.0,CAF
-398.88095243789707,-5.824370385353769,0.0,CAF
-231.2257554021655,-324.7597816207252,0.0,CAF
259.111036849521,187.1659496899215,0.0,CAF
-162.88871058032063,321.87270076211774,0.0,CAF
-356.0637289412999,43.17041484083131,0.0,CAF
239.21832418873652,132.30640500180073,0.0,CAF
190.16877680050337,80.10968914384932,0.0,CAF
130.74335118869402,218.7181544189917,0.0,CAF
189.40727994861683,344.9450235741854,0.0,CAF
362.68369170991133,102.73436297207476,0.0,CAF
279.4460005555969,-277.7032937545576,0.0,CAF
5.0510149915566425,343.16634908215656,0.0,CAF
-121.4591701326369,-173.4743698276257,0.0,CAF
-195.61455631118721,-130.555037095449,0.0,CAF
-242.8028060810486,-228.92792897516622,0.0,CAF
-123.52818729009995,-326.3609601160047,0.0,CAF
87.90826762615849,385.01120465711375,0.0,CAF
-147.78027004006387,-142.6649225908108,0.0,CAF
-41.75421009992365,-212.46992430666012,0.0,CAF
139.32612672136938,-251.8465052810957,0.0,CAF
-354.26878820011046,102.31298527333726,0.0,CAF
185.99281371990097,183.94694400045398,0.0,CAF
380.9276863277861,0.4013530818591476,0.0,CAF
290.54838157455407,-38.80110224768803,0.0,CAF
197.19455866754285,120.06080853538228,0.0,CAF
61.994591038870375,-195.26346153677915,0.0,CAF
242.63689136333383,156.29984630658166,0.0,CAF
-269.9218363795809,293.91263368542207,0.0,CAF
239.64537004762835,149.03270101955397,0.0,CAF
-266.0013241295172,-150.6150750129454,0.0,CAF
-198.6303246312583,65.50851752790348,0.0,CAF
-103.57961566268678,-177.94205466950655,0.0,CAF
-260.776842789107,-57.208946413525325,0.0,CAF
-226.78459401388204,-198.82882592552474,0.0,CAF
77.20729549083111,-211.95020827593098,0.0,CAF
213.1703833778127,338.0829381309165,0.0,CAF
91.61023556980972,238.80748526029782,0.0,CAF
-298.25550883655643,-158.1180528118769,0.0,CAF
-246.6403304878702,21.353045046086596,0.0,CAF
-124.08875733260736,267.8972370318921,0.0,CAF
-222.06214157430998,-5.959454250650141,0.0,CAF
-206.3698450278385,-60.384881463677694,0.0,CAF
-328.7866945457008,5.726965821018363,0.0,CAF
110.44869398884197,-225.7531695919969,0.0,CAF
81.08496030656873,-185.29110979886684,0.0,CAF
29.524061568060336,-297.66183321230807,0.0,CAF
25.6479696199273,-213.44410808103498,0.0,CAF
-358.97305642125747,79.66837409431837,0.0,CAF
-228.61912882689,286.9957472949714,0.0,CAF
42.85606719784318,255.53212206042764,0.0,CAF
163.2786681681701,273.66341851767265,0.0,CAF
180.17244223851654,174.32712426053428,0.0,CAF
83.72237384709993,-283.4063935580156,0.0,CAF
206.8205595096853,-52.25703097130871,0.0,CAF
60.78242119843129,379.26696932547077,0.0,CAF
173.89915299255728,299.49951116529826,0.0,CAF
298.9173147308451,-125.09717782941864,0.0,CAF
-227.03588142517043,-83.97859362391245,0.0,CAF
-233.51417233305085,-68.41442136449723,0.0,CAF
-25.357061004575943,-288.9086295786983,0.0,CAF
-292.8315400633537,-17.035969403231995,0.0,CAF
212.46933738984205,164.48854179745874,0.0,CAF
-301.7255519471416,-121.80031038797657,0.0,CAF
275.3637137340709,188.8931092497858,0.0,CAF
-367.2504441080373,100.58399288536756,0.0,CAF
36.55591020341279,313.6837097473457,0.0,CAF
164.5240699246582,-312.6037610017966,0.0,CAF
-74.19266540735144,-386.8598075795132,0.0,CAF
-154.58929319166754,322.6500916648685,0.0,CAF
144.15529898437862,368.85299496298825,0.0,CAF
206.1966889395629,-251.91256743669018,0.0,CAF
-35.05348333508333,-285.25956600857,0.0,CAF
50.78257614902829,-313.48056141433756,0.0,CAF
95.27759039210194,371.6642816877292,0.0,CAF
-297.1075159775608,-9.205654689488219,0.0,CAF
-117.5928421327742,347.56487481956543,0.0,CAF
236.12973979955854,-307.05529325324153,0.0,CAF
-100.52720280228283,-339.6497156357791,0.0,CAF
-111.52706728912189,-176.95783618460302,0.0,CAF
-102.32294826232764,-345.0677596122218,0.0,CAF
-329.07924120578144,-67.20018197415867,0.0,CAF
243.6994591335482,-239.8243808267932,0.0,CAF
223.1833829205314,-300.92864589544547,0.0,CAF
-113.81479249638018,-275.0236990355646,0.0,CAF
-103.02794944244812,-334.27829849053353,0.0,CAF
-36.71903123867243,201.66995925764144,0.0,CAF
-254.2295122756022,154.22222309488362,0.0,CAF
210.10962071779068,305.33169858780235,0.0,CAF
83.29538222005712,250.90393119001584,0.0,CAF
-188.1287763536629,234.96069807390273,0.0,CAF
255.9179716259895,-182.57351112051796,0.0,CAF
154.52564587306316,-138.38902901738817,0.0,CAF
368.38621376654675,-122.80790629402034,0.0,CAF
151.70811814616516,289.52486690379607,0.0,CAF
292.9510511602293,189.23097351497114,0.0,CAF
11.809259011939206,355.7109480941161,0.0,CAF
391.39142941862013,69.73151267145424,0.0,CAF
51.14871137992973,363.3337629809121,0.0,CAF
196.53319136248473,225.979811128183,0.0,CAF
-118.07837202340639,238.90120369121834,0.0,CAF
-298.6986677748363,-91.53124239090482,0.0,CAF
280.76851511722504,-208.7952718845124,0.0,CAF
-24.436872961990385,228.73469166379957,0.0,CAF
152.0185644713048,202.12551107269962,0.0,CAF
-201.8151179068198,-276.6308932267265,0.0,CAF
200.30754582409926,11.543817532304445,0.0,CAF
317.0677330915835,-164.48428275993342,0.0,CAF
-132.0341201067365,-281.925858543573,0.0,CAF
309.18062724715327,-250.96860220994708,0.0,CAF
-255.52069273890916,-249.88113758191415,0.0,CAF
-252.62655940742079,137.15790327079446,0.0,CAF
-331.5539573281241,-164.81703429578224,0.0,CAF
156.61452870742326,244.19919587634746,0.0,CAF
-244.5741817128068,196.94994519779277,0.0,CAF
128.1138719579312,-278.3530328878712,0.0,CAF
229.7333877169015,98.67975141111665,0.0,CAF
-98.77915976622484,-205.06865484659832,0.0,CAF
-34.60469361642953,202.73175693726418,0.0,CAF
150.95802672772686,244.19319202878575,0.0,CAF
175.95271188373516,114.32662122383648,0.0,CAF
-324.44501226414525,117.00662975332338,0.0,CAF
-229.70138173209247,260.4440303592019,0.0,CAF
-17.32456551821753,362.2313808282604,0.0,CAF
5.024242723108179,211.35529839301682,0.0,CAF
166.6150306845552,351.80995432654856,0.0,CAF
274.2457158275446,290.2718107045972,0.0,CAF
-327.28905060511244,137.77975942889262,0.0,CAF
-131.6336760666614,-234.9180124172094,0.0,CAF
-284.9003011742856,50.66334202032707,0.0,CAF
-278.3201525402891,232.38728665187116,0.0,CAF
-363.2868144898985,-70.98409759935763,0.0,CAF
185.08488560765974,183.2436611245568,0.0,CAF
-215.22065057769353,-167.78249248541,0.0,CAF
173.94647697469648,103.26128278069433,0.0,CAF
-6.5214057693184815,291.2640859579169,0.0,CAF
-237.69316970914147,56.167884870053015,0.0,CAF
30.734145053823784,-386.7956137191172,0.0,CAF
288.5812218833765,-56.09874855985933,0.0,CAF
-159.13980449931668,273.28881520801497,0.0,CAF
66.10170681684903,224.42320611140343,0.0,CAF
-191.70895881766606,-281.76608141243554,0.0,CAF
379.7085647428212,24.216334929645775,0.0,CAF
-106.78050195804383,258.2803416205125,0.0,CAF
-124.40673317742535,-307.239704520851,0.0,CAF
-268.9390816079469,14.851247252375956,0.0,CAF
275.0915342798219,-257.1031901760405,0.0,CAF
-36.20660192729967,-299.4321465764289,0.0,CAF
-2.870040735549262,-234.64280953376547,0.0,CAF
299.14714173176947,-28.160258100540386,0.0,CAF
-172.33796567587603,219.17989361356334,0.0,CAF
178.58227031823938,230.68294151617297,0.0,CAF
-114.88976170849189,-240.13794767154326,0.0,CAF
-131.36187743014534,350.6071108145692,0.0,CAF
250.85475544409337,-115.98933998320273,0.0,CAF
275.1982034594214,274.51465343380295,0.0,CAF
-194.98238862029916,-176.40940094067918,0.0,CAF
-282.2971794857289,36.365183375852936,0.0,CAF
-267.77207027527896,54.31813019820768,0.0,CAF
192.45685002340468,-342.67217033169834,0.0,CAF
243.89479407393304,-144.2987618546935,0.0,CAF
329.4606621879902,-92.08155504797247,0.0,CAF
-216.0376318264349,-205.10775055742462,0.0,CAF
-94.2328525044088,285.47315639122957,0.0,CAF
-26.13751675128568,349.0244988882295,0.0,CAF
-160.53979188971797,354.5447756174239,0.0,CAF
277.74562496280134,-148.2140905819816,0.0,CAF
106.3260061985778,-327.0037342229232,0.0,CAF
329.42807901173865,-206.05315594411297,0.0,CAF
68.39607920977981,-195.52725604329405,0.0,CAF
-155.68443773238553,-251.56288464317066,0.0,CAF
-319.1582209502609,-93.79197188180991,0.0,CAF
-255.0743639671925,-35.56560288926328,0.0,CAF
-310.1444883816782,32.04008608344274,0.0,CAF
-106.96540826540456,-383.20093833932987,0.0,CAF
118.3486485908887,273.4206739764057,0.0,CAF
-293.8706291952682,254.072163992657,0.0,CAF
6.751648779552746,359.8283861690038,0.0,CAF
395.7094450380084,-10.727491270191932,0.0,CAF
125.72944888735535,307.224222580195,0.0,CAF
19.248677019254668,296.9918994176995,0.0,CAF
-33.910618831273766,-289.89659407241146,0.0,CAF
271.6719138575281,-138.41945948307784,0.0,CAF
-162.75991895127697,316.79701244247366,0.0,CAF
-19.394305902646874,312.9644631641758,0.0,CAF
198.98255033147092,245.16299850371115,0.0,CAF
-287.9942622911812,200.56755688296874,0.0,CAF
393.6224857612517,68.11800971543052,0.0,CAF
230.09005249471429,155.269661196916,0.0,CAF
-212.8607541440153,59.90648671430171,0.0,CAF
-300.8711224636394,176.7483693042498,0.0,CAF
328.5187098467332,-39.05761337715891,0.0,CAF
-274.54951161768406,121.4412768899839,0.0,CAF
177.21859870076304,-291.1411413141736,0.0,CAF
198.77406709779515,-237.82721241991914,0.0,CAF
-125.25031872736562,379.67349101373287,0.0,CAF
52.843292736139716,292.42200882041016,0.0,CAF
-60.86742014641459,-271.0778140960449,0.0,CAF
129.64867151750514,-318.3167781309744,0.0,CAF
-368.82686983596085,-44.61136787935489,0.0,CAF
235.88583221751858,-241.5301903767092,0.0,CAF
-28.256434017698368,284.20961567924104,0.0,CAF
166.7878403189403,-155.25001877643936,0.0,CAF
-141.5403919417671,-183.0797184100088,0.0,CAF
5.450707224907517,-363.7289704523673,0.0,CAF
-291.71975713409614,-186.15186617108742,0.0,CAF
-110.69311829357899,-383.4531964241266,0.0,CAF
-174.44502998518743,-347.7418702820785,0.0,CAF
323.81114761541863,164.31814780806528,0.0,CAF
-103.34694581584007,-296.61646088208136,0.0,CAF
152.35999270412697,-156.75403519158195,0.0,CAF
-172.94182553758725,-186.70145436992664,0.0,CAF
-169.55707572934602,-197.62280373889297,0.0,CAF
323.49422390393147,-75.85813542258528,0.0,CAF
-115.51502421272895,-312.40120074767134,0.0,CAF
-271.1660575612018,55.71621468109815,0.0,CAF
-62.56887426115924,354.05666687948445,0.0,CAF
-54.38659888811925,-351.29211926567916,0.0,CAF
161.7010519121168,256.98528170541886,0.0,CAF
-207.89698150203822,161.45890269509567,0.0,CAF
-83.42935028700738,208.01193776106655,0.0,CAF
238.44300416850712,-14.768883059671584,0.0,CAF
354.46405989262723,-154.56672476534627,0.0,CAF
70.18713454852747,269.89081891240295,0.0,CAF
-196.96573314891842,-235.27750273829272,0.0,CAF
301.75373054963103,-42.59969547781285,0.0,CAF
-28.63196128959098,-234.76076660162659,0.0,CAF
-278.9688947735555,-0.5219813963734281,0.0,CAF
288.60307119484986,-134.60069544464457,0.0,CAF
134.5201082951781,191.1870597141596,0.0,CAF
195.08712855335614,238.76201523183548,0.0,CAF
139.75561049704442,175.06759572337234,0.0,CAF
365.83272458261007,49.71366819698161,0.0,CAF
126.98497824843218,-164.68054268414636,0.0,CAF
-357.2151189611861,56.70857673389704,0.0,CAF
-216.40566093882492,-149.8043657741672,0.0,CAF
245.92337346061078,-140.3122969811238,0.0,CAF
177.62277189459547,-224.24643397561826,0.0,CAF
289.75585500262645,59.32978196342451,0.0,CAF
-293.0209877832925,189.81762943041815,0.0,CAF
-192.41187406624428,-113.15239676503978,0.0,CAF
356.5678171607734,34.212620350575186,0.0,CAF
-347.62766772137,-172.5314963866307,0.0,CAF
-213.01469086881863,30.70729623990528,0.0,CAF
-245.07483647908896,-31.72099569574716,0.0,CAF
261.6756372312244,184.90860224042814,0.0,CAF
-342.25735493519085,156.80852954569536,0.0,CAF
344.5272156158086,-92.2096540781638,0.0,CAF
300.49729403532274,-69.18851964580213,0.0,CAF
18.43072191907947,-316.7881372371946,0.0,CAF
270.3461969575308,181.1403592234686,0.0,CAF
-0.8698567325072368,-398.26099704186146,0.0,CAF
168.0935356426099,-137.16688599426948,0.0,CAF
48.747547696759575,-208.32659940154898,0.0,CAF
-242.11331703253575,-232.2448380317019,0.0,CAF
-301.07747773838054,-10.569054150714527,0.0,CAF
204.05301414457205,-83.76975788017636,0.0,CAF
186.23585456523944,105.40367190217582,0.0,CAF
-132.83954897841045,189.7455301750152,0.0,CAF
-239.54342615458185,184.48090282366476,0.0,CAF
320.63003717202776,227.07365144463154,0.0,CAF
-214.34921423784846,257.29262481192825,0.0,CAF
-69.58856717382292,-261.09407403008555,0.0,CAF
-235.9302768360944,71.50050144801634,0.0,CAF
185.66710370633126,279.4129545077255,0.0,CAF
276.6657832760277,-14.964082243615051,0.0,CAF
140.4966623981951,-307.1408975659972,0.0,CAF
157.35922267815764,345.7364541065108,0.0,CAF
-256.94267354176196,-81.34717242123044,0.0,CAF
294.1624797521712,-263.98503562868683,0.0,CAF
-209.97212671179162,309.6904840154251,0.0,CAF
-388.1585585303261,-13.817747983485582,0.0,CAF
-285.6383710408897,197.895715898454,0.0,CAF
-353.8550790854376,5.219926072382339,0.0,CAF
10.920197856887619,-243.0320702979405,0.0,CAF
-204.52748526999034,92.32886349921867,0.0,CAF
163.0893935269015,-136.2853002581306,0.0,CAF
222.09739088641612,329.18116338429456,0.0,CAF
175.30123904345598,-306.0335251215387,0.0,CAF
31.01680583775365,-385.51320611233325,0.0,CAF
182.18648138534664,-171.51530109118357,0.0,CAF
-314.73549197128193,112.54461134289396,0.0,CAF
-54.123073701823735,-247.56374591288514,0.0,CAF
-305.29343721929985,-20.764175978606403,0.0,CAF
315.2112405378416,-85.24998428622101,0.0,CAF
-181.5293642134073,190.92311458723083,0.0,CAF
240.41096611869904,186.7955353456835,0.0,CAF
-222.85936465601748,17.575068814781513,0.0,CAF
21.618496961976327,358.55271383065303,0.0,CAF
-269.40498041921535,-41.64324975349392,0.0,CAF
250.2360811524338,-242.64698294569263,0.0,CAF
198.16348370316948,-173.01882095158797,0.0,CAF
-133.93227565971446,-273.26639159334366,0.0,CAF
384.48525736921823,-60.68368849647758,0.0,CAF
-265.3511188670253,-285.9034307303755,0.0,CAF
297.52215301938526,92.11150301650395,0.0,CAF
275.1408555677363,-21.92084207334712,0.0,CAF
-2.8374517614259123,-213.45947459114336,0.0,CAF
-215.32620132982763,292.63803611930655,0.0,CAF
132.38289363806066,168.95989591178156,0.0,CAF
-174.629926954772,-215.4438613267598,0.0,CAF
388.22080939899575,63.592875791264696,0.0,CAF
106.73773828885368,-336.144757927181,0.0,CAF
31.678879592895306,355.42154910826304,0.0,CAF
-209.87856140930387,252.7185307564647,0.0,CAF
-267.06761780127107,128.13570731327857,0.0,CAF
-59.54325691068815,-333.19025556740127,0.0,CAF
-291.0582269850595,202.3253709116281,0.0,CAF
-285.9802182485685,-20.889779811045557,0.0,CAF
113.36381855580818,-202.32745518274004,0.0,CAF
140.91014216624203,260.23454071493177,0.0,CAF
-175.32990949275694,-189.3993251350789,0.0,CAF
151.51699747947063,-198.5116527039042,0.0,CAF
-233.5450652490272,150.01067579674645,0.0,CAF
-84.125727960493,252.89948798821754,0.0,CAF
-208.60570350149322,279.9115623019327,0.0,CAF
203.4102899519861,-23.563147733829453,0.0,CAF
-355.3992559262517,6.436208846822726,0.0,CAF
39.55224391972601,-286.3239371085654,0.0,CAF
-243.91585019134945,-146.28348192765353,0.0,CAF
-298.85614956981044,-167.26921403943282,0.0,CAF
-274.4215633137589,224.727934456911,0.0,CAF
239.97072050729977,-311.09215212698626,0.0,CAF
94.87404438086897,179.57854281557013,0.0,CAF
-163.94089166181922,-189.32109976233798,0.0,CAF
-91.69290376413544,-242.32365971205584,0.0,CAF
-159.30178103940443,332.0909086737741,0.0,CAF
149.58478909861128,-321.5515718618749,0.0,CAF
-204.5573720176449,32.46511415881827,0.0,CAF
-259.71756690175255,-160.83855514393167,0.0,CAF
-367.92672071776786,118.15601987283189,0.0,CAF
-245.8099896822771,-223.459761072278,0.0,CAF
138.98466158008281,237.61088747222462,0.0,CAF
6.557140929359154,-339.6331582518714,0.0,CAF
-246.03612383939986,-90.25716927487879,0.0,CAF
213.44790178049828,238.97046624081312,0.0,CAF
205.781186574754,-16.021277631326498,0.0,CAF
316.5978222490753,231.88970031327713,0.0,CAF
-61.38917524416562,307.02577720571486,0.0,CAF
-295.2368692509529,234.23791173696364,0.0,CAF
193.74009937212125,-113.82264177677267,0.0,CAF
-352.0415727249471,74.16555181537228,0.0,CAF
296.91427474291004,241.8285890853655,0.0,CAF
-165.63146858855131,-207.15526937326212,0.0,CAF
-172.10047112908947,-148.76856917624693,0.0,CAF
-195.4138322174733,-328.299083430148,0.0,CAF
-329.8852330365262,-115.30590915338267,0.0,CAF
-201.70747874544443,-70.71714060766382,0.0,CAF
-71.13413891432664,298.74526928768825,0.0,CAF
-96.84876784224132,-341.11851145408446,0.0,CAF
-225.00996944378235,-82.87090662875448,0.0,CAF
-157.34835380605867,-129.41740466754624,0.0,CAF
-225.87808248092418,-50.171126918355576,0.0,CAF
-217.31988162826923,-25.630234511640513,0.0,CAF
-154.3707204656923,-359.02015871013003,0.0,CAF
-146.4840695572151,-212.17650267335688,0.0,CAF
-247.1265812245093,22.026609713481783,0.0,CAF
87.49242318495735,325.3595595200731,0.0,CAF
-54.14146378447624,346.3818927255966,0.0,CAF
234.41153753985913,-321.75741525484267,0.0,CAF
-130.9037659597007,-367.3628950538474,0.0,CAF
-316.5030328571149,117.15796593155484,0.0,CAF
265.5601607609508,18.175407503966404,0.0,CAF
-95.6838180745963,-218.28877334644076,0.0,CAF
-186.68919466658826,-87.41190859928183,0.0,CAF
144.96089273082694,-288.6322435031535,0.0,CAF
-116.51293222298207,365.5064698719201,0.0,CAF
-224.4121933498446,-285.51152650202084,0.0,CAF
281.6964022365628,-218.1433295969177,0.0,CAF
393.3592090463587,-7.93759088483849,0.0,CAF
-174.18516378521682,332.787352089143,0.0,CAF
260.7694550398895,-10.805432193021042,0.0,CAF
-248.81007703045012,-139.41956909482144,0.0,CAF
-116.94530417145003,200.7706200477491,0.0,CAF
292.4919163775993,83.13045605931816,0.0,CAF
-135.7623539262754,164.31530525464743,0.0,CAF
-58.633307975122655,336.68673968384167,0.0,CAF
348.01157555699393,-122.784972271231,0.0,CAF
-236.66810276141797,-118.84767734399283,0.0,CAF
-275.68911291080775,75.04788923342038,0.0,CAF
-339.5819971943276,188.9369909053094,0.0,CAF
178.67332899480286,295.4034439941826,0.0,CAF
140.45861541118666,-233.16382406015785,0.0,CAF
233.77489726405662,-250.86244845540662,0.0,CAF
-24.78611423108234,232.276350671644,0.0,CAF
341.32622079312915,82.81157589368385,0.0,CAF
-41.15521706745676,209.98997009671805,0.0,CAF
-259.1604809048198,171.84794963201074,0.0,CAF
-197.09283271531666,-240.76474923231703,0.0,CAF
374.0176848033915,-37.60888479800717,0.0,CAF
-130.75160514454942,-364.98594070082913,0.0,CAF
192.0312173806155,334.6825435790881,0.0,CAF
-181.15693640684538,86.33316079379154,0.0,CAF
-93.55916580400469,180.58905691496128,0.0,CAF
-216.7897276198915,-147.95464408493743,0.0,CAF
42.14057817908851,-332.5406490919828,0.0,CAF
-51.90413275153668,230.42050393554285,0.0,CAF
-200.00236125893764,311.035677722714,0.0,CAF
305.61167104417717,-65.10211395233603,0.0,CAF
-204.26575333348822,155.9666935385856,0.0,CAF
-149.61658777482458,181.26714163086794,0.0,CAF
-343.73040696322397,0.5584815523489449,0.0,CAF
290.3807835071561,88.63565593467462,0.0,CAF
322.25225367964515,-106.63186236446913,0.0,CAF
-266.7972057864455,-83.23402441801174,0.0,CAF
-257.60875760565455,157.74664518897228,0.0,CAF
-140.9341414963978,368.00080319629956,0.0,CAF
-126.08622685758114,321.8579772255313,0.0,CAF
-181.37653885169377,-246.2256266295632,0.0,CAF
188.94108967521984,-109.34157107381066,0.0,CAF
154.61107373976125,168.47324859240777,0.0,CAF
55.40424037673035,225.6594088324509,0.0,CAF
44.07765514457923,-296.3701885178427,0.0,CAF
-15.704585845115849,391.8205396709459,0.0,CAF
298.5237296965964,-160.34868811380514,0.0,CAF
136.14115996729336,300.09980408222134,0.0,CAF
226.00144303588235,167.28819732240044,0.0,CAF
217.37137192787114,231.79336010020157,0.0,CAF
43.43720063229303,-311.8792072880678,0.0,CAF
82.67965353203657,-377.9855578919581,0.0,CAF
-323.3624503197273,14.581135967431203,0.0,CAF
3.2617822405100925,-388.7621894172431,0.0,CAF
230.19721476513138,123.68297831561175,0.0,CAF
-263.5724310826668,-238.0636497433049,0.0,CAF
57.38931339389321,214.56216960347922,0.0,CAF
-340.28144104753096,-53.17997785976699,0.0,CAF
42.0588697673427,302.2547234701766,0.0,CAF
-180.8284410304577,134.7663258345533,0.0,CAF
-203.92661175788245,-103.27375601952065,0.0,CAF
-297.75392490235595,-141.77965747637944,0.0,CAF
-151.10548253007985,164.48043550060265,0.0,CAF
-103.12544795127795,-177.62802921750819,0.0,CAF
-254.7840626747402,-190.00891971641934,0.0,CAF
-368.9189300319136,6.523609734709145,0.0,CAF
-247.15448434759813,-195.4912760591981,0.0,CAF
240.3833838798366,-83.07690780728183,0.0,CAF
-98.29386264794682,-230.3176648321238,0.0,CAF
-263.2882067363797,17.512802172799443,0.0,CAF
-284.0866453548978,39.237557239947726,0.0,CAF
-224.2397597802886,38.38941268572616,0.0,CAF
-239.65133769856902,141.621181175529,0.0,CAF
15.08605351237343,277.7133771551148,0.0,CAF
-213.5880756112066,-159.49167726649029,0.0,CAF
-111.73939692828127,377.33802631196465,0.0,CAF
-344.00053990281646,22.789895553553865,0.0,CAF
220.66833499002203,-228.2930647288504,0.0,CAF
-21.068471427664626,-334.7414510622828,0.0,CAF
-339.45369056595,-66.91207089751782,0.0,CAF
172.80968154922184,-269.11800320918206,0.0,CAF
206.97603447436978,-294.0700570035045,0.0,CAF
-198.26885567739436,128.1932789035082,0.0,CAF
42.304305142648836,-310.76462254564797,0.0,CAF
-70.79285331943157,277.8138706738914,0.0,CAF
-115.0346063650177,-355.7346581341194,0.0,CAF
-240.84663342953448,-94.86290419153589,0.0,CAF
-176.1652884361955,340.7502461236254,0.0,CAF
256.67850214429575,241.92723872921957,0.0,CAF
-132.2410678048621,-179.9547852049233,0.0,CAF
-109.03510894616679,360.1248346926863,0.0,CAF
10.454346978955726,280.5300812345538,0.0,CAF
305.6955823270476,43.534489120692236,0.0,CAF
-195.03557454568076,-165.3006159557392,0.0,CAF
236.79472333855435,-283.577854769926,0.0,CAF
146.11479590512934,-295.4566351665619,0.0,CAF
103.10950371301328,-264.66508947459363,0.0,CAF
-116.72468636471194,366.66610275298814,0.0,CAF
-133.32055058409637,-210.8298854866978,0.0,CAF
-217.15003355296324,-257.95937106156725,0.0,CAF
177.46229436993625,323.29360449775936,0.0,CAF
122.63756464198379,246.61546720204112,0.0,CAF
89.55978304367535,322.70890477961865,0.0,CAF
-236.2005187080986,20.757794396776568,0.0,CAF
-220.93030928644313,-320.86642616337645,0.0,CAF
-179.2936633184964,-302.07816367675696,0.0,CAF
-345.43596945669896,-132.25890845041573,0.0,CAF
-336.6062312055963,-68.19956379480864,0.0,CAF
301.6276539005677,-222.49276776512463,0.0,CAF
204.72753146209007,79.03221351663234,0.0,CAF
177.67647012212754,148.1134235332233,0.0,CAF
-204.09377826799766,-15.63451712491282,0.0,CAF
188.68424600897185,-188.44099327778977,0.0,CAF
249.4310269865509,-111.42631042465787,0.0,CAF
194.4967894243127,222.72330019436848,0.0,CAF
345.062396544716,179.38450013930324,0.0,CAF
-110.20906113659606,252.45622325431543,0.0,CAF
-294.0626654215281,88.39336107376516,0.0,CAF
142.26720921466068,201.58120089207625,0.0,CAF
12.004011809307412,-246.25212150551553,0.0,CAF
23.33039688480061,263.88930191356195,0.0,CAF
-250.35806425955744,133.85456727831104,0.0,CAF
-247.13308808943972,213.2162928060512,0.0,CAF
-304.6275749581796,-95.42796382563651,0.0,CAF
-281.1619075277701,122.64140172842733,0.0,CAF
-265.13250479761314,226.65329448177044,0.0,CAF
-75.65203232167981,-327.1761299475463,0.0,CAF
-40.577023643864045,302.5147613229905,0.0,CAF
75.3346467522276,292.2583511484472,0.0,CAF
-201.90871398439228,-343.31331766823416,0.0,CAF
317.341823847501,-222.3101193027963,0.0,CAF
168.808054059012,231.38363821819203,0.0,CAF
111.86049236812617,-317.74937060491317,0.0,CAF
195.11759211981035,280.9395440217487,0.0,CAF
-144.99773057836046,352.775862168936,0.0,CAF
18.9093511176075,-213.6673443457817,0.0,CAF
-109.12392717642555,-263.5899164835935,0.0,CAF
-207.11921731101344,162.45066636295283,0.0,CAF
-274.4209719934925,-157.55962989265686,0.0,CAF
-42.2851821674685,253.92167169551743,0.0,CAF
309.1515468406229,13.070554261679304,0.0,CAF
78.79616951243761,195.15497125356143,0.0,CAF
293.3240992955433,-174.7609619709256,0.0,CAF
-346.1247892066935,-45.43515382544759,0.0,CAF
156.0874858065743,-359.5000920678278,0.0,CAF
28.27596175351838,-374.1355296228665,0.0,CAF
183.90002266531818,-121.3682343074177,0.0,CAF
-149.59182868058036,247.50353421633648,0.0,CAF
-207.8045296023112,57.774987999471314,0.0,CAF
-306.7458629137498,54.9632078793072,0.0,CAF
228.1881332954384,35.818231687871034,0.0,CAF
281.33920447989993,3.957018635118851,0.0,CAF
-391.1083056162254,-61.70876684870127,0.0,CAF
324.41383445809385,207.2714739758478,0.0,CAF
191.42772087995124,-290.502725500108,0.0,CAF
-195.9770564287693,-71.77382921022459,0.0,CAF
121.15034740041959,-340.34907780298,0.0,CAF
-113.18391533772356,-268.2923274512943,0.0,CAF
111.57079712858543,199.76827875917576,0.0,CAF
-340.13211271628273,94.08524745794661,0.0,CAF
224.7350828403672,232.4220163174493,0.0,CAF
-157.6596489224943,-356.0294683597408,0.0,CAF
-36.47697367097364,-311.40651546196585,0.0,CAF
14.519307533845835,-204.92225643108844,0.0,CAF
314.89782423761176,-213.802477443707,0.0,CAF
-332.4135092212597,-93.30528558272952,0.0,CAF
-199.8052769229265,293.44498738287865,0.0,CAF
-233.2253974915603,43.086558742484506,0.0,CAF
368.76164019176,-141.7727120465977,0.0,CAF
-254.99970007695495,84.98184823634199,0.0,CAF
363.7038142045881,-138.7656970953801,0.0,CAF
348.11694458701527,-149.66382821302582,0.0,CAF
260.97467755411583,-301.7134103998039,0.0,CAF
165.59485447412928,-231.20386433050945,0.0,CAF
43.91770976353117,322.8919240481794,0.0,CAF
78.53627412747346,386.06225708105296,0.0,CAF
-299.95573061662134,165.16439544528546,0.0,CAF
-250.5323544310046,57.984733775047644,0.0,CAF
-187.9707105862923,-347.7606592961512,0.0,CAF
-49.234858485186834,367.0489120383837,0.0,CAF
-298.9449352627037,-135.2184681441929,0.0,CAF
-55.3558495813569,372.01160476103786,0.0,CAF
-163.56438251316303,145.69675917539166,0.0,CAF
-256.7859477692102,-44.086527589116365,0.0,CAF
-102.85568318707907,375.55951112338033,0.0,CAF
14.198277219791368,-221.06719287197927,0.0,CAF
79.32722457581517,341.12301938806183,0.0,CAF
-7.5842268085180615,367.9333686376802,0.0,CAF
125.7101752325806,-332.85030253266336,0.0,CAF
-132.96469196059252,-167.67016904699452,0.0,CAF
-226.19004534174582,-258.60984935692125,0.0,CAF
182.67835675256765,194.2270214526902,0.0,CAF
-378.3358252157318,-67.29824933422564,0.0,CAF
236.39025288710135,-162.04201565676215,0.0,CAF
-80.79010136204228,-256.6984877749395,0.0,CAF
-192.89657040601966,345.67971969483307,0.0,CAF
-177.65969430524245,-197.115484569381,0.0,CAF
232.4902751645508,-5.990645152509914,0.0,CAF
79.99364565655979,-215.5842521846906,0.0,CAF
203.36378317163593,276.418733644322,0.0,CAF
-82.09637544192839,-199.9551662862676,0.0,CAF
142.59984526940664,-267.4416956161228,0.0,CAF
249.0796162741477,110.05357132736157,0.0,CAF
-222.14353320201627,316.407037791764,0.0,CAF
219.90329236132825,263.66944653053065,0.0,CAF
-142.28248560218117,-270.4564818214056,0.0,CAF
140.4713707710033,-152.12247442987368,0.0,CAF
173.11520996197453,211.33026551141856,0.0,CAF
-295.90409652482856,-164.03425983262542,0.0,CAF
-243.21092917415504,-34.12902693975614,0.0,CAF
200.1945823578987,258.7696005163942,0.0,CAF
330.0616379197849,199.3299692990915,0.0,CAF
348.7574439234363,-89.65922840799743,0.0,CAF
389.7983019312336,18.797619251769436,0.0,CAF
-231.0828098722878,262.9473598188566,0.0,CAF
301.37602479932076,85.40327825831136,0.0,CAF
-16.747659007866957,-335.78158229434524,0.0,CAF
96.71732919345747,280.39986703941184,0.0,CAF
236.07112961278798,49.41468033287574,0.0,CAF
-310.71769872688117,-148.97518766933894,0.0,CAF
-1.2557276376232112,218.45364672971598,0.0,CAF
-67.44306729899611,-323.0395390622115,0.0,CAF
111.37659858046914,191.10895332945404,0.0,CAF
78.71651127317845,304.2686279567866,0.0,CAF
271.61216003232414,65.45118990026276,0.0,CAF
210.11490834090068,160.86097231530724,0.0,CAF
291.0240685717843,187.45283566210443,0.0,CAF
295.74520447799983,-124.83595579688996,0.0,CAF
-226.05047840406786,-44.175947330628325,0.0,CAF
-303.7527087795524,157.51817392580568,0.0,CAF
-212.17480162290002,-180.24397955693576,0.0,CAF
351.3649781155594,-85.37455803073071,0.0,CAF
262.1717355834656,-253.58959128603615,0.0,CAF
-171.69670038498163,-319.7830366061118,0.0,CAF
-245.3254950671181,4.827446305926141,0.0,CAF
-55.43967405462665,-338.7992919074146,0.0,CAF
242.48545749092492,48.912583298832146,0.0,CAF
290.20226837932415,-44.65218487727948,0.0,CAF
-384.36551094688065,30.678079167158486,0.0,CAF
-37.79496943409349,-322.68729562500715,0.0,CAF
219.26176538078025,106.80674814929202,0.0,CAF
325.47334985185347,-178.18005747582063,0.0,CAF
249.390620109903,222.287007979409,0.0,CAF
319.0020188270553,-16.682509139580976,0.0,CAF
-151.65705703621347,175.61222807839746,0.0,CAF
323.1994221775761,-202.79861030599082,0.0,CAF
-283.96938067315955,-156.93694703592195,0.0,CAF
246.44606823139702,-179.81451634568813,0.0,CAF
282.52061519386314,-28.78733274750408,0.0,CAF
93.23346523848346,315.12393305753545,0.0,CAF
-48.30145269099156,299.7220867283677,0.0,CAF
-367.75642885953783,-33.27754681466478,0.0,CAF
46.282023778857216,-213.17816806412847,0.0,CAF
-194.25648531965234,52.49325471350741,0.0,CAF
139.9499235560196,146.54166450989266,0.0,CAF
216.3875880031628,-200.39793487322518,0.0,CAF
108.6593575735814,269.42655778494117,0.0,CAF
-253.25352989740767,-173.461246623489,0.0,CAF
-271.72896487879257,-210.84176310779134,0.0,CAF
-284.07946474923455,-67.7092331995017,0.0,CAF
-390.90164611297627,42.78431238237941,0.0,CAF
-112.14621008732341,-339.33546433454273,0.0,CAF
-67.4533674494873,-225.2943785236037,0.0,CAF
-277.8535588201989,244.4472151498208,0.0,CAF
7.018739585025936,-284.26447642082786,0.0,CAF
178.05248895554308,-237.74399296926111,0.0,CAF
275.91833718160166,-54.17620393281707,0.0,CAF
388.459248196963,25.807664873794316,0.0,CAF
-149.27393535744923,297.4607487939825,0.0,CAF
274.3206897724381,-88.66568962447026,0.0,CAF
197.70390594605476,148.9554766598013,0.0,CAF
-132.309343648621,-266.7420317074231,0.0,CAF
9.810789352399825,367.84063157033967,0.0,CAF
-315.29692747490714,-73.78971697072892,0.0,CAF
-144.88770474325557,305.57809947957696,0.0,CAF
230.9619963190004,93.51902388340751,0.0,CAF
-244.85304166926232,-186.85716723774388,0.0,CAF
314.28197946394863,65.7689644789826,0.0,CAF
-108.15627977281433,-225.92807306801393,0.0,CAF
330.4087033704559,-197.8114798073251,0.0,CAF
-71.36963895093172,-318.9395095222149,0.0,CAF
213.6724639347428,146.80815255650867,0.0,CAF
179.94328060310235,-190.35661765284692,0.0,CAF
124.30038212536908,-207.91398952663283,0.0,CAF
-98.59747572993533,295.3445474514972,0.0,CAF
287.8492004850692,-212.2552219654449,0.0,CAF
-275.6088321249689,128.93300156806643,0.0,CAF
-179.21266477515923,-238.98237408578476,0.0,CAF
249.08225131529548,154.39882717674723,0.0,CAF
289.643187358857,203.16135803715963,0.0,CAF
-307.2549881477306,251.95510711985406,0.0,CAF
-210.47729893454763,-262.5368649894702,0.0,CAF
171.92869970833098,295.8355156672191,0.0,CAF
323.9253733342014,59.14429610967292,0.0,CAF
249.75988426137783,305.51741938263206,0.0,CAF
221.6920169284389,26.805307365544603,0.0,CAF
320.8811871680376,-222.69001472260692,0.0,CAF
247.997143934163,-100.7033802772341,0.0,CAF
-227.028915886561,-122.64128801111522,0.0,CAF
318.2650862301277,173.20992669080053,0.0,CAF
-103.35848392897762,254.82104397086258,0.0,CAF
189.40664616601828,82.8392291028227,0.0,CAF
-233.1507079424576,108.72656799838117,0.0,CAF
-27.5280037957584,-357.48914347840883,0.0,CAF
258.4190434086499,-0.8962073461817136,0.0,CAF
357.6854524344913,19.21637225124689,0.0,CAF
-362.09831260980275,-158.0124489474722,0.0,CAF
271.25654719595985,12.948885612457822,0.0,CAF
55.87047065829946,362.21225046608,0.0,CAF
103.67064380564517,173.30745397629926,0.0,CAF
226.43082235071654,76.02717654373657,0.0,CAF
58.34684336011311,281.90660570813725,0.0,CAF
283.2252745402431,144.64016515288296,0.0,CAF
0.03187950638357201,-389.49190751153213,0.0,CAF
393.062482504284,13.378009838461839,0.0,CAF
-321.85672941229757,149.3801304288491,0.0,CAF
-225.5766804558746,31.084603174701066,0.0,CAF
316.847792699272,61.34767784575529,0.0,CAF
-319.9201808566732,142.73832461132687,0.0,CAF
148.74155569638265,-238.90856889505613,0.0,CAF
307.4335221181078,-45.28344545955209,0.0,CAF
-64.98034254698372,-317.33143691437147,0.0,CAF
217.6432150968565,-264.12896752751516,0.0,CAF
-297.76470297117874,-60.3307065980253,0.0,CAF
-278.30709741287205,-220.46099124030803,0.0,CAF
-267.9835290993918,105.44531181126919,0.0,CAF
116.64693087321827,246.7047637773517,0.0,CAF
-332.8380856661289,14.627618232247656,0.0,CAF
-130.40297148225483,209.167276273347,0.0,CAF
5.2533610957897094,-359.68111584109204,0.0,CAF
-184.7181866018573,168.69256640001734,0.0,CAF
-139.33013590184888,369.90379203453256,0.0,CAF
-5.185797272286775,-226.5358400933908,0.0,CAF
-199.15076775877478,212.71368493139434,0.0,CAF
-193.84572960370994,-327.6242212579889,0.0,CAF
224.59337280973944,-88.4992944315931,0.0,CAF
98.84578729948113,-340.85044490720566,0.0,CAF
-277.11668852211795,-55.7791181488893,0.0,CAF
229.8222081232719,90.6346446002374,0.0,CAF
333.22196267459515,194.76921485206037,0.0,CAF
283.5004604843794,44.24438942757118,0.0,CAF
23.831548738218714,-207.06314396503532,0.0,CAF
126.11373167458385,-332.7535390954622,0.0,CAF
276.64038571774574,-161.45456461896322,0.0,CAF
-329.8912053992011,-189.821295331312,0.0,CAF
-196.63285249646358,149.1180526035296,0.0,CAF
362.6129795685165,-46.87398585266171,0.0,CAF
4.0024235116405675,228.04936650246492,0.0,CAF
183.4588541470721,-103.66767957449035,0.0,CAF
286.12341627947274,-6.3811567038608645,0.0,CAF
356.8021047056766,115.23852424296025,0.0,CAF
-338.955347358192,66.62920960624926,0.0,CAF
103.86034145879673,192.20275605912474,0.0,CAF
-192.86261056694156,-204.2089311149117,0.0,CAF
104.89744361175414,-249.3648542443851,0.0,CAF
295.9857159200695,219.0906006946821,0.0,CAF
277.868012434116,127.80866881194206,0.0,CAF
-216.19840072195217,-189.6292712230799,0.0,CAF
-9.72547599795402,-321.60914610365796,0.0,CAF
-164.72476005231283,-309.1732437188665,0.0,CAF
-258.52954357173485,-225.90470825934642,0.0,CAF
204.0858397244533,283.9261049945738,0.0,CAF
-200.3659494638431,266.98748656306753,0.0,CAF
-205.76494073166018,70.4201489717955,0.0,CAF
-308.3565149935842,-135.5560751871349,0.0,CAF
234.3124758608389,-127.25950022481358,0.0,CAF
-191.876561420507,150.68981281265548,0.0,CAF
-291.6700986884436,84.79265457462215,0.0,CAF
-156.3395564923456,322.31492891624544,0.0,CAF
253.89585927443787,-84.63075776442246,0.0,CAF
-100.62036475561314,211.54804781889413,0.0,CAF
176.04117952064993,-348.58261644983276,0.0,CAF
11.229857787137934,343.761344192848,0.0,CAF
-286.2219417774248,-234.69721288543184,0.0,CAF
-22.646830224277938,305.25626233885447,0.0,CAF
-51.52700212661436,319.9972213377845,0.0,CAF
85.77377526907553,217.55231131137276,0.0,CAF
164.0439852818867,195.50281648005645,0.0,CAF
74.03024825840579,-232.00525849790387,0.0,CAF
-184.71902841612467,336.4424654838033,0.0,CAF
135.80194068228022,331.5017153742637,0.0,CAF
296.3097905969473,-208.42744275771827,0.0,CAF
194.08789064789218,-127.59177441885561,0.0,CAF
73.77951182641614,256.77913965468287,0.0,CAF
-242.75878272196965,-208.59102236551757,0.0,CAF
54.78651485130646,-263.6182013003293,0.0,CAF
85.73888098539416,-298.66501411071096,0.0,CAF
9.280588315368341,374.7860569811101,0.0,CAF
-266.998683164273,274.68163973929956,0.0,CAF
-58.34965472795949,217.08199919751235,0.0,CAF
-187.77858446627894,116.39369563734651,0.0,CAF
131.4567109643197,282.5791765286731,0.0,CAF
145.92748433856448,212.8159679407822,0.0,CAF
-52.845547251544716,-252.2706745668226,0.0,CAF
-110.87733256821349,309.6368185543313,0.0,CAF
-306.0850728402743,118.41929747363136,0.0,CAF
211.42172457910408,285.28630813105787,0.0,CAF
216.15086661862964,-199.67563190869424,0.0,CAF
-96.73666831833391,-280.8584524427028,0.0,CAF
204.32044067268856,-332.15479882035186,0.0,CAF
118.37249177649295,269.8250661292055,0.0,CAF
-263.07209528162963,35.5437938562955,0.0,CAF
-126.52135055551544,-232.32565168157453,0.0,CAF
-40.51175143983237,269.9285902753678,0.0,CAF
377.3198575169054,-74.78511447224967,0.0,CAF
-268.5964487267807,-75.32425496526011,0.0,CAF
254.94998762881067,-159.82895608075074,0.0,CAF
197.38529681234994,299.52177548065276,0.0,CAF
-19.218837356431006,249.3778504037644,0.0,CAF
309.1542300812147,-25.391249258262096,0.0,CAF
81.63461050006235,-214.21779492230735,0.0,CAF
-304.8993844494224,180.86775362750197,0.0,CAF
80.37339802785714,215.55961862180732,0.0,CAF
136.55891481750004,320.9362413778864,0.0,CAF
-39.79322254733836,323.3207086359725,0.0,CAF
172.91371800478257,-216.24855711311093,0.0,CAF
237.07094830023215,26.349795436207447,0.0,CAF
259.3184431039708,242.58187932940558,0.0,CAF
14.359892305116771,393.196732135912,0.0,CAF
-207.2766061920092,325.5983361572272,0.0,CAF
317.71380881392,-238.02030094640847,0.0,CAF
210.96228781631254,138.66095933864062,0.0,CAF
-213.24072335169572,123.14148583529743,0.0,CAF
238.46464052846915,-168.99498492571598,0.0,CAF
-264.5152570073919,-139.32044880085118,0.0,CAF
62.414662396700635,326.8486559626763,0.0,CAF
38.48053771912053,-308.7652633159437,0.0,CAF
82.3805524269188,-284.012972078827,0.0,CAF
213.76341264921987,281.9556155463121,0.0,CAF
-68.28135555480908,251.73347724934712,0.0,CAF
232.73824467831938,-209.7624359029716,0.0,CAF
114.02621119987015,-296.11825542416966,0.0,CAF
51.237004247631376,-222.4146140067377,0.0,CAF
-143.06149047097978,313.63340262523263,0.0,CAF
-74.81579926097677,204.52974199260817,0.0,CAF
132.45064073802277,341.46743782493166,0.0,CAF
-357.5092596622867,-73.82244662038038,0.0,CAF
305.61811528377314,-170.64763557942803,0.0,CAF
143.06551505712875,213.03985022898655,0.0,CAF
-245.80259211927554,-223.70125318568466,0.0,CAF
210.79093337376986,233.4965022347911,0.0,CAF
227.4365791704391,-115.15632059044384,0.0,CAF
-381.54838230390254,50.45720789267998,0.0,CAF
-89.47571971567905,-307.24534267503583,0.0,CAF
-223.65650144695363,-325.9973534871596,0.0,CAF
180.69214990661175,-284.79916579428095,0.0,CAF
237.75464507647408,36.847543128855655,0.0,CAF
-315.65375562867814,199.72717273588273,0.0,CAF
-250.1856696838927,37.56011881838441,0.0,CAF
318.0227341055515,83.36915399999658,0.0,CAF
-355.6800680289372,-167.69228666099363,0.0,CAF
-250.30781884997546,42.960538252572505,0.0,CAF
-165.30305327535655,312.0418491477363,0.0,CAF
-251.67217595203638,303.780045580382,0.0,CAF
-43.624295599558266,359.01731060991085,0.0,CAF
186.76406612454798,-322.7107096740457,0.0,CAF
159.4850074128092,-339.1263993681112,0.0,CAF
-2.1033853294315645,346.2021923071079,0.0,CAF
311.53061278931585,19.665125165937077,0.0,CAF
-284.8723733455542,210.6249294305745,0.0,CAF
-63.65748297511365,308.6722786620376,0.0,CAF
-2.6616924988243733,-366.18531897159966,0.0,CAF
-0.5195689721612711,266.8545973614031,0.0,CAF
-286.1676739810757,72.3016517657676,0.0,CAF
-147.3711008395983,139.59468339711682,0.0,CAF
336.60338855747295,11.502884972633684,0.0,CAF
-7.479576947462972,-230.945960460938,0.0,CAF
342.26973923346833,-84.18753126830069,0.0,CAF
-235.73972749641317,-303.7552190038402,0.0,CAF
327.66436175800953,220.72065499196688,0.0,CAF
-162.50282137619445,350.9769450806167,0.0,CAF
-210.34358281902797,43.19579886744191,0.0,CAF
-238.63776666444753,223.40147928858244,0.0,CAF
223.55241149991812,321.6490145523652,0.0,CAF
-144.4819120851445,-213.5601934287839,0.0,CAF
-210.4133129125002,317.87655747913584,0.0,CAF
207.93159781878407,322.12947830440737,0.0,CAF
380.3247036710286,-66.02823811807664,0.0,CAF
12.107883859347362,383.8766392436626,0.0,CAF
36.387436877494146,283.631026383875,0.0,CAF
345.0694615588617,-145.00140933963846,0.0,CAF
-7.665404829303484,-207.17835486296053,0.0,CAF
146.3700779918045,254.82450045771515,0.0,CAF
271.8675440270148,102.86236098045485,0.0,CAF
299.446437680775,106.05135038221302,0.0,CAF
110.34291716620415,280.3121331667875,0.0,CAF
-323.1341386022453,-18.88811256493703,0.0,CAF
-119.29946018594158,263.2704945754927,0.0,CAF
224.1931407120761,109.39092511441773,0.0,CAF
155.8231933463001,-164.35513476979108,0.0,CAF
-228.9589713972644,11.632276463762459,0.0,CAF
-239.61638953602332,140.68364172899948,0.0,CAF
-142.36269819380072,-227.72940678407187,0.0,CAF
-61.53521837498323,287.03485912129076,0.0,CAF
-297.1208819754786,166.06987982709293,0.0,CAF
108.40568484792139,304.93024445539527,0.0,CAF
-103.6288578560594,284.63829698434625,0.0,CAF
-346.8073428213178,87.93177666928352,0.0,CAF
-142.19349537044917,237.95396522029665,0.0,CAF
14.140638023785414,-316.74519692819894,0.0,CAF
-285.0077513440194,-268.77686940954885,0.0,CAF
173.76637694556132,254.71913079362525,0.0,CAF
-132.18354915602737,350.7796659814974,0.0,CAF
-38.42714143246039,-340.73009624322225,0.0,CAF
-284.309788744137,21.212400106525152,0.0,CAF
202.7666247640273,-41.876867473951286,0.0,CAF
-121.40831480257205,-212.41442908473,0.0,CAF
-246.04604507273652,208.91971798017028,0.0,CAF
-240.73984470084835,136.45120101668388,0.0,CAF
9.060508524486014,-257.28871193866684,0.0,CAF
251.9564001135322,-284.440554063536,0.0,CAF
16.30279800788235,-264.5009584338475,0.0,CAF
-313.05002001548826,4.150124237155463,0.0,CAF
261.12952484131546,-126.33582418554334,0.0,CAF
64.86301971219645,210.04997080215566,0.0,CAF
-131.67461538869495,259.84112115783233,0.0,CAF
-247.41948665583118,199.09607920703812,0.0,CAF
-189.67987875943075,148.73604706546175,0.0,CAF
-175.0502438620654,-230.09383139807687,0.0,CAF
153.39230648201092,-265.3489176773917,0.0,CAF
178.5420782026636,-168.3359057864682,0.0,CAF
76.33662747877828,261.11373332437705,0.0,CAF
-193.21231374453683,-133.3764771620655,0.0,CAF
-350.66795652064184,67.74908332951605,0.0,CAF
-277.2722267625727,-45.209880085047764,0.0,CAF
-213.4451945789343,-100.78888112955252,0.0,CAF
-184.8696734410195,-226.47610917898555,0.0,CAF
-251.49717276118022,-179.12528182863497,0.0,CAF
145.827129723529,332.60018385368517,0.0,CAF
-228.87595991316044,-234.80039749447536,0.0,CAF
-282.7712944475296,16.277485280786564,0.0,CAF
-211.92270367595643,-23.566598891738277,0.0,CAF
316.00637948426674,196.34784873867596,0.0,CAF
-307.24661395831646,-126.04303561251702,0.0,CAF
123.86179153294091,-182.45694982560954,0.0,CAF
-360.2820669877044,-152.86433256587094,0.0,CAF
-348.09545434448773,-190.4720018676718,0.0,CAF
198.545291982017,-43.47836381045344,0.0,CAF
-350.63762726429474,-79.29138334764582,0.0,CAF
-187.49736353457354,290.9710882107866,0.0,CAF
-358.4252232745813,-36.39812047997102,0.0,CAF
-271.74641359078976,267.06403552018395,0.0,CAF
-358.924044361391,117.7623308496269,0.0,CAF
-318.8841150942591,12.177521230671491,0.0,CAF
233.9620993016853,104.68068976285994,0.0,CAF
294.8971441265601,175.6473233525563,0.0,CAF
-273.9257536998299,63.910796716026425,0.0,CAF
-255.9064660083354,32.068606598523786,0.0,CAF
-94.21483669713345,310.6493403647467,0.0,CAF
-296.77081469026086,7.049326217421921,0.0,CAF
13.506877559547151,-393.52320404087664,0.0,CAF
99.79100035474463,-234.24712910175936,0.0,CAF
312.9157112602905,-148.95097865293621,0.0,CAF
-211.41437654357998,254.56226034798092,0.0,CAF
-193.23426306123355,-323.5213876363071,0.0,CAF
-253.4215101061414,-306.55413248018067,0.0,CAF
-255.58241552541796,215.28595194463284,0.0,CAF
-89.36592476739129,-246.99179560754206,0.0,CAF
282.67384465935083,149.80326826221105,0.0,CAF
25.06062788107743,-389.7948763798108,0.0,CAF
-203.42936528488883,-318.8267230309212,0.0,CAF
161.39413304703908,147.28138697571825,0.0,CAF
-20.32764467887302,-378.61157388273483,0.0,CAF
167.88378606094966,-169.8947328616165,0.0,CAF
-121.89705007472892,-308.02647505836654,0.0,CAF
-348.93312526017684,-51.217552929891774,0.0,CAF
314.05685970471563,216.95322504077572,0.0,CAF
-81.11293805914823,-186.46116097977568,0.0,CAF
-232.34039298252807,184.07802400454446,0.0,CAF
-123.05943342991807,246.19574367393014,0.0,CAF
-52.8461876323769,-391.2367768127908,0.0,CAF
-97.52736225918085,-239.01244367875054,0.0,CAF
216.05203226397484,4.847499976249422,0.0,CAF
292.39475025714523,93.42576934675633,0.0,CAF
-130.9537267011432,-319.40672296834083,0.0,CAF
80.68078587631199,277.3351819457828,0.0,CAF
-371.4374323458316,134.71764724976006,0.0,CAF
-306.186363102873,-10.827493950513208,0.0,CAF
-120.15754615030747,-331.2886582513198,0.0,CAF
-14.003712352177443,-251.07831785186264,0.0,CAF
-167.58741167473542,184.12081214146937,0.0,CAF
-382.05931234648847,-101.67228119386978,0.0,CAF
-353.1582419072185,-165.56385820111856,0.0,CAF
168.3097387711537,-297.1498413268171,0.0,CAF
129.84394749497335,272.78613426104477,0.0,CAF
-92.25406134652644,-380.4587461542138,0.0,CAF
339.8093628738756,-53.226767175294114,0.0,CAF
205.11018050303142,181.07625977457087,0.0,CAF
210.14773048280642,-282.3152049295678,0.0,CAF
-197.270600570976,-256.73896459141315,0.0,CAF
20.038413086218394,-257.10307668255297,0.0,CAF
-111.74706572878583,-363.46705022848425,0.0,CAF
-368.4501883582223,-111.4206818468889,0.0,CAF
-42.66843132895163,280.8488708753052,0.0,CAF
147.6070236349776,-298.37537351785903,0.0,CAF
-29.808461028866994,198.23743864945183,0.0,CAF
209.6467515826196,135.48633696435158,0.0,CAF
-139.6791321622298,287.82045789525847,0.0,CAF
-319.94058962974816,-13.872247829062646,0.0,CAF
-82.92290467233398,-357.7375893081761,0.0,CAF
-61.632869531875535,197.52991174561612,0.0,CAF
-171.5379812175245,331.1720488519958,0.0,CAF
-260.3813017205462,-81.49381000736354,0.0,CAF
-230.59368390318315,262.5937802999639,0.0,CAF
-46.11354306849323,253.528363435686,0.0,CAF
167.15988692595522,115.9054587726003,0.0,CAF
175.78131144036584,126.27715825092922,0.0,CAF
-355.4071771549448,-47.44010243420582,0.0,CAF
-383.56146297906463,15.412553836989806,0.0,CAF
-75.42932363314944,377.9025524809528,0.0,CAF
-123.99660615246125,-189.573922451945,0.0,CAF
293.7800956512241,-186.4940712559731,0.0,CAF
165.62050001834902,-193.21879902046228,0.0,CAF
85.03368635747819,-309.49495042802766,0.0,CAF
-71.31359704903228,-244.95120982989215,0.0,CAF
-127.62279464065294,-280.3953072061392,0.0,CAF
13.734932844953189,280.6949469179852,0.0,CAF
-391.6515586911774,41.39840378159014,0.0,CAF
85.37569950130498,197.84179862673136,0.0,CAF
-235.10895233516547,74.87524448639262,0.0,CAF
-258.44618591516416,57.066966771717,0.0,CAF
338.6297437163054,173.0528715308559,0.0,CAF
-128.035590696554,-268.49461461789025,0.0,CAF
163.2035704386029,186.18458808509314,0.0,CAF
-37.22142271561707,362.28644506646054,0.0,CAF
-341.9247315858146,141.8579352326835,0.0,CAF
-280.81040750499204,130.25261210495663,0.0,CAF
183.84883589577794,-298.8876213310703,0.0,CAF
-139.11087845770552,-284.33741744596017,0.0,CAF
173.38382086794803,-205.6555017959692,0.0,CAF
-374.35974877225686,-4.613063307108633,0.0,CAF
369.3498434906938,43.589661099837976,0.0,CAF
-199.49132758130398,-311.74401331089797,0.0,CAF
-206.3743321541547,100.08550553534647,0.0,CAF
247.74901618748248,-87.84771574284572,0.0,CAF
-210.75637249384613,43.37040516944508,0.0,CAF
-5.64070318305121,-337.5235175321125,0.0,CAF
-104.21887395383042,251.11681888561884,0.0,CAF
371.3102792912981,-27.67451067109844,0.0,CAF
217.6231505626358,-235.88036758818996,0.0,CAF
-163.74910815417056,214.9378886829764,0.0,CAF
-298.16035374448217,-171.71499989243944,0.0,CAF
326.50506768199625,121.09655203849454,0.0,CAF
-291.83461828584296,78.85850759845307,0.0,CAF
-368.6859313238128,25.146100123209596,0.0,CAF
-105.26330005987388,-334.18573887225864,0.0,CAF
-292.8078314413754,176.88738575397667,0.0,CAF
-229.28213601640698,-66.58280221388482,0.0,CAF
226.79962057086112,123.21579903387611,0.0,CAF
122.08633010814812,-267.945544544376,0.0,CAF
188.25961322154683,190.46736928212133,0.0,CAF
-284.6559381385344,189.987129505728,0.0,CAF
324.4342482987245,109.4953176738331,0.0,CAF
-74.82665912555943,-269.633404840863,0.0,CAF
-172.09984131623028,-264.801209887952,0.0,CAF
86.46622119941976,-322.2448837399177,0.0,CAF
247.5228099344828,-8.0996356945417,0.0,CAF
-362.241485367866,32.614969514923786,0.0,CAF
-215.98506814756485,306.0734036113181,0.0,CAF
-202.25840248501694,71.36480786587683,0.0,CAF
-26.606383275313043,-245.8092672054261,0.0,CAF
-185.7492929297834,229.780611708142,0.0,CAF
-152.40968369792944,-355.32696368710094,0.0,CAF
-359.82939536420076,129.2218958573573,0.0,CAF
-283.69361525352105,-78.05872854394586,0.0,CAF
-303.3342151342276,29.01923139469862,0.0,CAF
118.13654925289168,-186.2879233050235,0.0,CAF
54.78517244839316,-337.2310257426023,0.0,CAF
-77.79209244556486,-261.7115251539216,0.0,CAF
-45.23004774624389,268.17054362201844,0.0,CAF
-309.96168380145883,-231.17691969494587,0.0,CAF
-275.4441755243295,216.4809368494625,0.0,CAF
-62.93818357041756,-281.99750248863745,0.0,CAF
161.09421452649696,313.1896271995838,0.0,CAF
163.44642684250596,-205.8978391649214,0.0,CAF
-377.79541940108675,-25.337200604499866,0.0,CAF
22.93572129649416,-340.0259024436288,0.0,CAF
288.0839796700905,-109.43814469967585,0.0,CAF
160.75414070216848,362.94702321217056,0.0,CAF
-21.987739947898458,338.66204314863705,0.0,CAF
154.18109398833226,163.25937240000178,0.0,CAF
295.08456436537966,-170.30302161994655,0.0,CAF
-299.4922056975939,100.4268868007954,0.0,CAF
273.40747355630396,-130.24803557250362,0.0,CAF
-147.21469774870863,351.48724990433374,0.0,CAF
-108.86305958477085,304.13435554929777,0.0,CAF
245.1069346083898,157.480452733826,0.0,CAF
209.57884689968284,203.57137678296542,0.0,CAF
296.9419789423095,-5.187880299914882,0.0,CAF
2.30463637710978,-282.35637338407383,0.0,CAF
-281.34117885977435,-208.73358871221248,0.0,CAF
9.549951653969622,347.78843253287766,0.0,CAF
-108.24508308609697,246.26041718823913,0.0,CAF
-376.16849269374256,129.73277958919397,0.0,CAF
-231.80168712530926,121.31675604963884,0.0,CAF
-217.5133904152093,-16.830117312474826,0.0,CAF
344.9495211632325,-26.205302221232003,0.0,CAF
123.8261900113317,-290.5674236878866,0.0,CAF
-209.6765334522589,8.430313180738462,0.0,CAF
215.40841446216766,69.82546332600188,0.0,CAF
98.23564021451014,314.4462491800872,0.0,CAF
358.4215434351634,124.39812556831617,0.0,CAF
276.6984356713638,-233.8897011202705,0.0,CAF
-179.31803904290499,-326.2292464504846,0.0,CAF
328.3970541649363,-58.00695167451323,0.0,CAF
15.067782898619933,-209.8057578710928,0.0,CAF
-230.3889106690296,293.68082862573203,0.0,CAF
298.8977462442609,-100.3810841052295,0.0,CAF
-15.583767053328982,-286.883728491835,0.0,CAF
93.94079731438819,186.01606604543502,0.0,CAF
-368.49436506079013,-24.30278641720009,0.0,CAF
209.0296564538053,323.15936639352276,0.0,CAF
-14.230827809522017,229.21743074642762,0.0,CAF
-178.52193993814996,138.00703851319045,0.0,CAF
-141.35675079183835,326.62564884870807,0.0,CAF
261.96135516367576,174.65783043340642,0.0,CAF
-212.59801201868277,-89.36311252749059,0.0,CAF
-54.69800329986478,-300.3110352309059,0.0,CAF
-23.793575701291054,-299.15870905786755,0.0,CAF
53.87327680290028,-271.00801033127874,0.0,CAF
-152.5318853981959,148.92043305046357,0.0,CAF
-111.26691143976488,-363.0480562808489,0.0,CAF
-29.702663703985202,-337.74265297559106,0.0,CAF
240.37117431836717,302.6765791314804,0.0,CAF
296.159883451422,237.96117701245308,0.0,CAF
-46.655263766569895,362.3460033363959,0.0,CAF
-302.4429042514255,-218.9154765225647,0.0,CAF
-23.36282754888291,-308.18810507964923,0.0,CAF
-144.50403777765032,-229.1095464565604,0.0,CAF
157.37751761663122,-330.35236977032883,0.0,CAF
-247.80718332572945,6.697958196685902,0.0,CAF
93.02828080489986,347.87675570749275,0.0,CAF
-226.14909305469712,-194.7192516818419,0.0,CAF
143.07469018177113,-247.48253085525266,0.0,CAF
339.07739423108274,-148.98432099070078,0.0,CAF
-218.28868025218932,-3.513966128026926,0.0,CAF
266.6777194882228,176.7962918222585,0.0,CAF
-204.4247761807978,-124.8490623971625,0.0,CAF
-262.76958710625024,251.58123844405554,0.0,CAF
101.41938571225216,172.529996559425,0.0,CAF
-62.58381659970732,353.946275173065,0.0,CAF
-274.10452809110524,127.78597021261592,0.0,CAF
228.2270634418238,-39.82856406673805,0.0,CAF
-85.7609678483132,225.88704831526752,0.0,CAF
-369.1530322256274,7.417290195020723,0.0,CAF
-152.9650164261043,-170.91297225288807,0.0,CAF
-257.9877591227801,17.70202653053181,0.0,CAF
-275.34633954924067,10.431308013295046,0.0,CAF
-329.6047306803568,-209.99150269882088,0.0,CAF
-15.071219167583363,200.96762081505565,0.0,CAF
264.6358169421092,297.46573364457873,0.0,CAF
95.10295647336052,-179.97726967163567,0.0,CAF
162.56230607520004,-323.38628053711284,0.0,CAF
293.8015131319625,-31.12839569518223,0.0,CAF
250.25644162235562,65.71322692307422,0.0,CAF
136.1749151918029,-344.9792085913036,0.0,CAF
314.8999453305679,100.23340801848715,0.0,CAF
357.20183719339394,69.53753363609488,0.0,CAF
138.59540013744544,285.8388524454361,0.0,CAF
-360.70391625088956,-42.55222117425272,0.0,CAF
-345.28559339376574,177.4528584337052,0.0,CAF
243.37723408813264,36.16937546976814,0.0,CAF
-328.3952450315918,-163.68635115892712,0.0,CAF
-224.16816600620223,-212.55883060558406,0.0,CAF
-151.34577655676674,-264.0249531897098,0.0,CAF
-37.81551231324623,274.56083685330316,0.0,CAF
-126.68461215342374,-262.9762430784422,0.0,CAF
-17.296467338653883,223.9717168010274,0.0,CAF
18.817150790811947,-202.9053214820324,0.0,CAF
88.04492747116024,384.9297253222584,0.0,CAF
86.25927121247703,-201.63877525727975,0.0,CAF
202.6023715265441,-148.58010022418944,0.0,CAF
310.1890898406906,1.7435678401940795,0.0,CAF
178.45093051088782,-126.5649656783168,0.0,CAF
243.4440065835814,186.22953943933146,0.0,CAF
326.7943723488182,22.882521460277214,0.0,CAF
-187.41899465097947,-344.6453177601316,0.0,CAF
-90.47838098426139,187.26259238551475,0.0,CAF
268.0370516096939,268.3039279731514,0.0,CAF
-64.68093813548111,-392.0929990126043,0.0,CAF
274.77714828861843,98.65162852505253,0.0,CAF
-260.473153996439,-35.139228565896566,0.0,CAF
-114.35437318533353,229.2499687772697,0.0,CAF
-132.17772426086947,283.2835145462728,0.0,CAF
108.03711866279471,-198.47658048030044,0.0,CAF
-46.06750462713751,-254.01137307270713,0.0,CAF
263.07173956154605,-41.942499848701885,0.0,CAF
-236.7286566871908,-184.3363129800102,0.0,CAF
-27.19690721959616,-309.2231983619897,0.0,CAF
380.26817685603294,122.47776990808751,0.0,CAF
349.43706655470277,-171.8247861668233,0.0,CAF
129.66291443878418,-180.8744503721656,0.0,CAF
210.10346650433965,101.3992875703306,0.0,CAF
34.4127195949555,271.6408278753793,0.0,CAF
307.63940288224387,69.84811622048525,0.0,CAF
185.04807747654797,172.63131026527145,0.0,CAF
138.00736871396134,206.75589193377476,0.0,CAF
-263.4071592238353,111.43059776245444,0.0,CAF
-117.27484800669691,-231.4089888383295,0.0,CAF
342.94625559376703,144.0150367803818,0.0,CAF
-69.46639067180347,287.3829679690769,0.0,CAF
303.22719787543696,73.69015390931244,0.0,CAF
66.8308471001565,209.18136418028362,0.0,CAF
267.6327620735377,-191.20498704429195,0.0,CAF
-252.26323545694774,16.027126187958487,0.0,CAF
-350.60818275424674,-70.79733267296292,0.0,CAF
-387.4833686972211,37.002077301450164,0.0,CAF
-37.727844746339834,-329.3965285998796,0.0,CAF
269.0762203581599,-222.63512939600872,0.0,CAF
305.9732920714339,-140.9126937072229,0.0,CAF
259.6381792076456,279.6646504998555,0.0,CAF
66.77263820335477,-379.61862028795986,0.0,CAF
-185.9877065419852,-165.85070393059104,0.0,CAF
28.69101612330105,293.57275143045405,0.0,CAF
212.3252920396273,301.4479562349357,0.0,CAF
-78.21812375085145,388.0892361255347,0.0,CAF
252.80104825805293,249.34213501702644,0.0,CAF
22.795620536934276,-259.9806083916778,0.0,CAF
17.365725753928874,-303.6962010593257,0.0,CAF
-208.0896485729099,-324.9088319443735,0.0,CAF
9.117452849561232,251.47486580434975,0.0,CAF
49.25143776186933,328.0476214190499,0.0,CAF
246.06814850890595,27.59337683291233,0.0,CAF
189.50911939162128,237.32997320810668,0.0,CAF
308.69782455526786,-29.33634916293955,0.0,CAF
304.0931391075525,-67.39360824583451,0.0,CAF
297.43616740139925,-87.37776007975567,0.0,CAF
-220.9527837251468,166.07124027594946,0.0,CAF
-161.8811508522319,149.05078592437525,0.0,CAF
95.23121681881997,-295.1125917420028,0.0,CAF
-288.46482700264795,246.14112429546856,0.0,CAF
-6.678856059831904,-274.8450743892068,0.0,CAF
-215.12882428567264,17.114888224547933,0.0,CAF
-358.28675646916815,116.20096422646367,0.0,CAF
-77.59922175427998,272.37041283420655,0.0,CAF
200.85817594156248,-36.1369106249589,0.0,CAF
-312.5210685688932,-69.14124681262774,0.0,CAF
200.9056259976167,-23.6408162567914,0.0,CAF
-277.6502993677106,-56.49727503705473,0.0,CAF
186.82056763120804,-121.64785253786366,0.0,CAF
-392.9446063042226,24.34529335647628,0.0,CAF
-208.70237356318685,-320.56969211097174,0.0,CAF
293.5127976278383,200.06756983667862,0.0,CAF
-361.018372926863,-170.97893533916027,0.0,CAF
-161.91360321478348,210.916305630107,0.0,CAF
-247.93739577097034,-10.933359853597121,0.0,CAF
138.40977744003098,229.8112838996037,0.0,CAF
323.8447372584731,121.05088084216806,0.0,CAF
-279.2354521965617,-39.379911755683,0.0,CAF
-241.77408787890545,-222.91782407798743,0.0,CAF
-356.460131041135,-124.90480867316501,0.0,CAF
-266.71763836471695,-96.31565412882638,0.0,CAF
-391.8255567482075,53.100117919733954,0.0,CAF
-205.12059964211946,320.61680323772595,0.0,CAF
-369.7554492047078,25.51739068425243,0.0,CAF
307.4918328584892,90.14563933527346,0.0,CAF
255.38787096003264,-111.49040369197547,0.0,CAF
94.2427557052388,-349.67331872605683,0.0,CAF
113.35810699321968,-221.7720060075601,0.0,CAF
299.3704233104922,197.5387624941281,0.0,CAF
-369.4502093915223,60.34495246749364,0.0,CAF
76.8271617038328,312.5195260792597,0.0,CAF
-397.3739052240935,-12.324228221815613,0.0,CAF
97.3777973215359,-308.2107103603805,0.0,CAF
232.59330097977335,-77.29541515786407,0.0,CAF
-211.63396794362237,143.20662348064758,0.0,CAF
-235.10473942433475,-186.40086404862723,0.0,CAF
58.07443035850336,242.6592444405514,0.0,CAF
-48.23418256093906,273.62419322674793,0.0,CAF
-144.50324629064966,361.51436314783564,0.0,CAF
265.9168746324979,72.41326273977076,0.0,CAF
-275.62148687436473,-283.576352699743,0.0,CAF
-319.0718699082514,-153.4738566290492,0.0,CAF
237.29191185208686,315.8312597666156,0.0,CAF
-196.55501840171007,-197.15565721541105,0.0,CAF
328.17543254002123,-110.42196983650845,0.0,CAF
374.89986203433705,93.28883664551775,0.0,CAF
189.2740329915877,-177.04088310560084,0.0,CAF
382.7680065428647,-114.26033491182275,0.0,CAF
373.12574403890943,-116.65826414756484,0.0,CAF
-191.78244056776043,284.8386989162041,0.0,CAF
-77.77601868538918,212.71356145416362,0.0,CAF
283.11947897686923,-219.35647957419332,0.0,CAF
240.32470005575004,276.34639152621565,0.0,CAF
57.87339999245173,-261.8979759047104,0.0,CAF
151.96600162757716,297.6088057336494,0.0,CAF
-366.4088696452632,-84.69717880599481,0.0,CAF
209.20406920855478,104.54022586823007,0.0,CAF
-305.5660081063358,-203.5173718440809,0.0,CAF
278.4547053961728,-148.06075843695896,0.0,CAF
-271.27418898710647,148.89928849920898,0.0,CAF
82.22198415004236,-312.63486601542,0.0,CAF
236.83878924861253,-69.55484973627594,0.0,CAF
-291.3641581374174,50.78574766389495,0.0,CAF
-188.02762598209827,243.22252134756872,0.0,CAF
35.638175167025885,-386.6460664828209,0.0,CAF
-360.7451717347113,-135.57462280987014,0.0,CAF
-297.8680364948855,181.8984976429315,0.0,CAF
-184.5688617305629,-182.70589576973114,0.0,CAF
-391.1755704470518,-10.436455041848728,0.0,CAF
217.53765275354277,74.64622179738089,0.0,CAF
291.6747930363067,-125.4664983929859,0.0,CAF
-184.63304245302336,277.98165714466427,0.0,CAF
-352.9967034994434,-154.68867746673962,0.0,CAF
301.5936307453164,87.59720218298406,0.0,CAF
-90.69981190327542,-364.6197789685147,0.0,CAF
-258.96337622609855,-225.09494438655298,0.0,CAF
167.60254158199962,256.9602495351697,0.0,CAF
-71.63776785384438,-261.008432413142,0.0,CAF
198.0537152331567,201.16341698556027,0.0,CAF
-183.4371811653198,-123.86118657712532,0.0,CAF
197.05941220359648,-254.81040990328498,0.0,CAF
99.35383919819489,205.55268484829065,0.0,CAF
14.557984038380189,234.2848036983901,0.0,CAF
200.4463727052412,-269.5840951296673,0.0,CAF
158.9860810939022,-327.3685724923519,0.0,CAF
166.95043469493228,-288.21542889275395,0.0,CAF
-23.816012548617532,217.2099222499529,0.0,CAF
106.11778832742073,-272.507522925196,0.0,CAF
-301.1396582991076,220.91504716881352,0.0,CAF
-321.73884761670115,-223.47180429700998,0.0,CAF
-273.3750929210087,-225.51825190089596,0.0,CAF
133.35421336081828,291.5643581244964,0.0,CAF
-31.041053323071004,-259.8212170081951,0.0,CAF
91.3111483544533,365.92640971233965,0.0,CAF
-64.802971871871,-373.06946591989873,0.0,CAF
-316.9124524796516,156.00097723072759,0.0,CAF
-88.61520918804933,299.4346735005376,0.0,CAF
-271.3023164459807,-188.92989910450834,0.0,CAF
-147.9991542644286,217.47943700281,0.0,CAF
251.39174831420388,178.58597194127296,0.0,CAF
247.12004604282302,-101.65648435155785,0.0,CAF
266.2366647320591,-270.97250905952245,0.0,CAF
167.4452579790134,259.8589583122411,0.0,CAF
-280.40811374565897,-267.2731370721089,0.0,CAF
109.26851537060153,203.1748608644091,0.0,CAF
-204.9183457668476,-146.4655127855084,0.0,CAF
180.10759438462955,238.03598525529978,0.0,CAF
254.69379297912437,-280.746708260395,0.0,CAF
-334.83069386533964,84.85423921451256,0.0,CAF
77.65526804625517,-257.8765768912215,0.0,CAF
168.441332704576,-137.81762922800633,0.0,CAF
200.82516251639515,24.345128294515256,0.0,CAF
250.2856359744831,275.90159613500634,0.0,CAF
228.86766825529955,48.54216039826969,0.0,CAF
-359.16727267544815,56.023410205503005,0.0,CAF
242.31015142951557,75.78673896643157,0.0,CAF
-239.51889319894553,146.45337116163077,0.0,CAF
-342.4516245034616,189.12995567919816,0.0,CAF
-153.83809258723872,277.90244722059435,0.0,CAF
203.95753657468217,91.32198000609476,0.0,CAF
-343.6310685828593,198.03790655384572,0.0,CAF
223.63341988844206,-121.28066963027347,0.0,CAF
266.4644327676969,269.3529740947161,0.0,CAF
329.00980876177607,-142.2236667246753,0.0,CAF
300.99352178762314,68.61838771421208,0.0,CAF
326.42169866554065,-203.23549214905154,0.0,CAF
-291.827851173216,-226.17271985462432,0.0,CAF
-111.50281705298457,191.66390225181917,0.0,CAF
81.69769753695894,-348.55930358743603,0.0,CAF
35.72641717748566,202.12764162700867,0.0,CAF
23.64259832874383,367.83798902592594,0.0,CAF
191.22312099079056,-336.0450363095724,0.0,CAF
-41.70375280532643,-357.5164249263907,0.0,CAF
327.6994956239196,-49.98172387262445,0.0,CAF
-55.61420047250459,-284.8940475696842,0.0,CAF
46.12455797898466,348.3700903009245,0.0,CAF
-14.83811500838523,-366.45479607564926,0.0,CAF
264.59733945944697,117.9427106571919,0.0,CAF
-226.02130272940863,-170.29472007872087,0.0,CAF
-170.42347618389869,174.6004084121862,0.0,CAF
29.52873784070832,-339.04558237742634,0.0,CAF
318.60322245399595,-155.87963633729046,0.0,CAF
248.33979714440613,-191.22927357195084,0.0,CAF
172.0952646862197,181.76347323586194,0.0,CAF
-111.66291502375128,250.5687979088418,0.0,CAF
290.5262030632439,232.59650484743395,0.0,CAF
-138.11789113157434,-161.94302888349722,0.0,CAF
-174.4602516587502,144.25146916905086,0.0,CAF
-139.2863314620011,-286.86440027736046,0.0,CAF
-308.21009741578547,-142.496732791705,0.0,CAF
200.75826883624612,-249.12310792202254,0.0,CAF
-54.98138161691175,-269.3221957185865,0.0,CAF
212.48521535642737,282.0695905818375,0.0,CAF
114.29217864688444,-305.28658935840474,0.0,CAF
208.95495073764545,-87.80468249520526,0.0,CAF
-87.16404356311804,237.79372224230866,0.0,CAF
-15.97510216505888,-357.85656103508524,0.0,CAF
345.8133923998599,31.516712369825665,0.0,CAF
279.04202433947313,102.02688281695283,0.0,CAF
-306.3558685404724,-252.2573683699061,0.0,CAF
220.56870940799087,-270.69260850150266,0.0,CAF
345.9107057823345,-64.66579203640748,0.0,CAF
-147.05402347045285,-348.12901123796587,0.0,CAF
-87.34605250396602,-283.7602202675836,0.0,CAF
13.82935460198605,-363.5180300003619,0.0,CAF
236.97898180410274,-139.49965238906327,0.0,CAF
6.028874423345269,-310.5525315195668,0.0,CAF
214.30970481995217,-276.0843742085257,0.0,CAF
-268.41208848334963,242.7919552461552,0.0,CAF
-109.76393549316867,340.6648027478406,0.0,CAF
-52.12028376725463,-221.96503866216017,0.0,CAF
229.66774678649983,-168.43507283141685,0.0,CAF
-280.7064197263845,-240.83505426647142,0.0,CAF
324.6549066624331,-177.59586569813948,0.0,CAF
312.4679023969075,183.49883159195093,0.0,CAF
-26.121380615001243,351.7785785580888,0.0,CAF
231.6091810983854,297.9111083467026,0.0,CAF
-154.9238578774803,-210.12462799334875,0.0,CAF
249.70059874515943,-184.98060703195566,0.0,CAF
-280.3763466305193,187.3713267909766,0.0,CAF
-243.21999293857206,234.69674849281128,0.0,CAF
323.80925365174323,64.66520535988981,0.0,CAF
164.5841420166974,295.57251142250743,0.0,CAF
350.6290627018676,-66.62362457367945,0.0,CAF
322.7397858557501,-95.77837762595148,0.0,CAF
63.74008617067252,-247.6270140442981,0.0,CAF
242.03519529059955,-107.15396078445582,0.0,CAF
162.3315919486627,-311.23396400403067,0.0,CAF
354.5015331228347,-132.52110008452772,0.0,CAF
346.9875314066141,77.91762835177033,0.0,CAF
-267.3565651358085,-64.83703558295598,0.0,CAF
100.45114352683431,-349.4034731541028,0.0,CAF
-190.03466354046222,71.16755379364976,0.0,CAF
-215.27254590395046,-22.970222348121812,0.0,CAF
149.5816801051356,-317.61108603818616,0.0,CAF
-81.78346418429705,360.31909345830275,0.0,CAF
375.6693866562087,78.78458921246573,0.0,CAF
94.39571360920304,276.5974335280356,0.0,CAF
-251.17776993603206,-28.22901745962562,0.0,CAF
-78.3409305296735,303.61651866207296,0.0,CAF
143.21662209009435,280.4864704180843,0.0,CAF
-248.37686634198604,-29.818384182294217,0.0,CAF
244.98611689237856,-29.01255289356144,0.0,CAF
99.59850099660083,-323.4999842543407,0.0,CAF
314.8519885607154,234.1813763860367,0.0,CAF
-223.423647043753,-5.01637422289092,0.0,CAF
293.90494514245245,-25.49263606625,0.0,CAF
-124.83829884609014,-366.06927232174354,0.0,CAF
-186.56286163028176,-302.4165892700632,0.0,CAF
74.46466189666381,229.2104949807554,0.0,CAF
-194.2441771353599,-104.40260007089115,0.0,CAF
254.39840687468634,-277.48923812933754,0.0,CAF
-324.0539489105759,-213.6890150816303,0.0,CAF
-8.286672565280236,-390.08704214076204,0.0,CAF
216.22436928446402,142.71394095673202,0.0,CAF
-48.88196632988105,340.8987925730995,0.0,CAF
207.764058091067,83.20275313242348,0.0,CAF
-221.61386675587985,125.21393293288149,0.0,CAF
-336.2441813168622,-53.634735620748366,0.0,CAF
-109.64819977926956,294.0171541796535,0.0,CAF
-111.80815629120745,225.66117392568657,0.0,CAF
-291.930119663881,91.7418919157621,0.0,CAF
-292.48698193056816,22.440731458779936,0.0,CAF
370.30177501794657,126.46851500680494,0.0,CAF
-321.32781465635185,180.82152304694708,0.0,CAF
-208.81212569500963,149.23303850800434,0.0,CAF
234.66549265352617,-312.0902131888332,0.0,CAF
151.09053411407294,-288.06503762996323,0.0,CAF
15.126260714994501,-333.48275744515917,0.0,CAF
-142.18819223560277,-264.7496088261443,0.0,CAF
-0.6784272349542028,287.30696008264863,0.0,CAF
-259.94642117880767,18.283385290723,0.0,CAF
100.1994061704089,-370.26388779713244,0.0,CAF
-83.17632699660372,-219.43779593722962,0.0,CAF
-343.657353788138,-32.7382052805038,0.0,CAF
121.37156756203672,230.86230769009424,0.0,CAF
211.5086223365951,327.5301343975229,0.0,CAF
-57.05132195495193,-380.37435560286167,0.0,CAF
-40.18233265527819,-284.04586727622797,0.0,CAF
-286.3676424878515,197.6565394848451,0.0,CAF
-211.76663189227415,-35.3823485406067,0.0,CAF
147.89383618985286,-276.3630266116721,0.0,CAF
-240.34781818030797,-112.08878338192852,0.0,CAF
-105.74989662048529,-331.00368684339094,0.0,CAF
209.03624249258598,18.84817979984469,0.0,CAF
-189.6073841357824,95.9492184315102,0.0,CAF
36.479795097286505,-317.14196410687265,0.0,CAF
-284.83864099122394,-136.74832417530388,0.0,CAF
-284.06798060461665,128.24224361913124,0.0,CAF
234.9561508783721,-267.7053511646568,0.0,CAF
291.50677042590314,-93.11093213537494,0.0,CAF
327.4983618077813,46.06937236722412,0.0,CAF
-77.13647344137166,-246.49879147308928,0.0,CAF
-138.79654119292056,-297.1728163203748,0.0,CAF
-193.69666191545346,-158.16282201059056,0.0,CAF
153.4859691889482,315.29927112837385,0.0,CAF
-7.823935844439961,331.5036133730973,0.0,CAF
-279.72405057462794,-10.694461670567039,0.0,CAF
58.403144837237676,-336.1910444513596,0.0,CAF
-275.87091416960203,270.51914241630453,0.0,CAF
-48.57294418622155,-250.0941815485967,0.0,CAF
248.65215525372852,124.86818563103705,0.0,CAF
110.48216807710857,-317.1355802149923,0.0,CAF
-118.61949760985206,352.52485925446786,0.0,CAF
155.29180712042177,292.49354739215346,0.0,CAF
253.04494314955963,191.20753878098506,0.0,CAF
273.8727549933507,-75.58410498375152,0.0,CAF
69.92185480211617,-191.25332849458744,0.0,CAF
-100.59807612927574,363.56848992162617,0.0,CAF
-20.056104612845523,-260.64000648426236,0.0,CAF
202.75105860612507,278.17770196469786,0.0,CAF
-58.088449028054065,222.82747139601435,0.0,CAF
332.1077218324343,48.40368212359916,0.0,CAF
-127.08101940034804,288.49508787671834,0.0,CAF
-133.4520724129041,172.0357733604513,0.0,CAF
-11.954071000941775,317.37852939867247,0.0,CAF
272.7340586194969,271.22699750130005,0.0,CAF
210.01423884364567,164.52842130165007,0.0,CAF
-200.34866280359216,-124.78212432248462,0.0,CAF
-95.07135946073343,199.7154658654256,0.0,CAF
160.82862450734888,277.31624383802045,0.0,CAF
-280.1217274872976,194.9395366109863,0.0,CAF
198.29684862362097,-143.62845423101513,0.0,CAF
168.91466864709824,270.34800027175834,0.0,CAF
-261.999667924992,53.283797376192815,0.0,CAF
-197.4721312542832,-84.1698796110375,0.0,CAF
-226.44301154152598,-315.618058002018,0.0,CAF
-196.7233012744565,162.67220220139166,0.0,CAF
191.0244161292135,131.62550866519106,0.0,CAF
94.40582276055568,-254.8442724212839,0.0,CAF
-219.88055006322793,55.518215434793376,0.0,CAF
224.61390968036955,226.60082265051494,0.0,CAF
-202.0298451677571,298.66522370218235,0.0,CAF
-356.70655464298704,28.675795635039083,0.0,CAF
40.567293053249024,-354.0980090560298,0.0,CAF
-251.01642586265183,-277.3138687345882,0.0,CAF
339.0377152968153,-42.727103155223546,0.0,CAF
-320.5488903360528,-44.30257254955165,0.0,CAF
4.695231202312003,230.67584524718302,0.0,CAF
-190.34134470410672,-135.384810682139,0.0,CAF
79.82318870049068,219.58750836674352,0.0,CAF
-118.01413323395184,165.68740259077887,0.0,CAF
-33.98356539674515,317.3548888719415,0.0,CAF
165.6285786288297,273.1716148433414,0.0,CAF
-342.0196622915401,-154.12626405553405,0.0,CAF
271.60910856241503,82.42091326599356,0.0,CAF
209.0642579809304,-306.13529281471114,0.0,CAF
206.97606759159268,113.36377276170302,0.0,CAF
-298.4936469477567,-14.664695421943357,0.0,CAF
-344.0490565297448,59.55022560044357,0.0,CAF
176.20258002097873,122.84387524586185,0.0,CAF
29.850838436038565,342.15257868249944,0.0,CAF
175.24583433093107,202.4976931963487,0.0,CAF
-343.91384748728234,-158.90199926695644,0.0,CAF
235.4085701807467,85.41666212606641,0.0,CAF
263.11535740623333,95.5847837273705,0.0,CAF
-213.0955479422987,116.08682436808435,0.0,CAF
366.3406270520867,-110.39241595315926,0.0,CAF
186.79542842515878,330.6040278869051,0.0,CAF
-222.95467151552853,253.4688460822171,0.0,CAF
-343.7354613495593,89.45352345113147,0.0,CAF
127.70753489577591,358.9582356840717,0.0,CAF
-4.0881721128584125,-248.6354875987563,0.0,CAF
211.5885984715961,292.00236349411716,0.0,CAF
305.1468317750101,-126.87487037930887,0.0,CAF
163.26134881474619,-130.62555062240472,0.0,CAF
-308.53009583048197,-67.77116179610582,0.0,CAF
282.10499090486854,-208.69607450856253,0.0,CAF
333.98176596479203,215.10324622159422,0.0,CAF
-54.51078638029632,-267.24177616823147,0.0,CAF
-239.22935633521723,-236.0737698416689,0.0,CAF
-140.18473512553362,-272.753596432955,0.0,CAF
73.89670598724427,343.72558469357455,0.0,CAF
-91.32052012451844,341.67245547170364,0.0,CAF
-227.9017297532515,-311.3442546220579,0.0,CAF
93.8639539208809,240.46305988984167,0.0,CAF
143.60310166464052,307.40770517985305,0.0,CAF
341.93370571125297,15.51648356055114,0.0,CAF
-340.444471674006,131.48325597265628,0.0,CAF
-27.406687744840966,225.4223930802225,0.0,CAF
1.0392762159834665,-267.0967475904734,0.0,CAF
-228.38335097097018,-170.58229338732392,0.0,CAF
40.06053841827884,343.4381993715611,0.0,CAF
-35.688630084762366,235.62391770374407,0.0,CAF
243.03549792652203,-161.38293804246928,0.0,CAF
204.6976535531243,189.41602388391973,0.0,CAF
-367.1565693055087,116.0651352014411,0.0,CAF
-291.8260182001947,-242.1959879322813,0.0,CAF
87.53179447269319,198.43902194679143,0.0,CAF
-236.26700339723826,-188.25798299309523,0.0,CAF
372.7309997354328,-142.83039267887673,0.0,CAF
194.03774807105762,-308.24738301754627,0.0,CAF
306.86169558069366,-72.84591023202503,0.0,CAF
-147.61362346944534,-187.33357878376145,0.0,CAF
-117.25977829722564,-208.0311269245809,0.0,CAF
347.9907305365968,-167.70180204956694,0.0,CAF
330.21283650825836,-18.821023702999288,0.0,CAF
155.7585792383913,-318.79423471691314,0.0,CAF
-288.16964055856283,-127.54724003446623,0.0,CAF
181.97078949158424,196.4947259553522,0.0,CAF
-97.60031066425285,321.9874818495049,0.0,CAF
284.09603479679316,-257.2563764996617,0.0,CAF
-364.7030721059856,-107.79643431494166,0.0,CAF
-99.30771560431768,-230.7446602838132,0.0,CAF
-104.56297736692363,304.78845137430267,0.0,CAF
26.14080697456184,251.70924479768806,0.0,CAF
-236.70405082794701,-148.71094229388834,0.0,CAF
279.82103522681376,282.95012521716393,0.0,CAF
121.63066841332078,281.43020680338367,0.0,CAF
-389.4175402159586,46.51285675767296,0.0,CAF
42.82596270370389,-247.27189576027408,0.0,CAF
249.27480291764516,130.89632486983146,0.0,CAF
76.86000731460673,-221.4469756678289,0.0,CAF
-99.87175953774603,211.32454089874722,0.0,CAF
271.77292859184075,-239.86320113596975,0.0,CAF
350.11068395685686,-49.2734151277719,0.0,CAF
-234.80290776023833,189.9602120783399,0.0,CAF
-165.15558214364665,-293.3744996054619,0.0,CAF
46.373729065216516,-303.26198742030493,0.0,CAF
2.897568146606287,-237.64249008590627,0.0,CAF
-202.94045743048036,133.73960545884418,0.0,CAF
275.3079943075532,-276.8504663890843,0.0,CAF
12.384396742883988,344.6426556180701,0.0,CAF
132.94299139378722,248.6653519082948,0.0,CAF
-238.97328335171332,115.65579428553316,0.0,CAF
360.49800659510464,131.6918040780013,0.0,CAF
1.1174696721868445,-326.36285008964137,0.0,CAF
121.10740056464398,249.4845313764009,0.0,CAF
-13.223928069729364,-383.2410049932038,0.0,CAF
207.16457544197652,191.30096671220224,0.0,CAF
-365.91411949986116,0.7439029868141301,0.0,CAF
-169.04941758200448,-334.65763003160185,0.0,CAF
-268.2443967136618,-246.07163836953944,0.0,CAF
315.9092167942892,187.7291393831043,0.0,CAF
-27.504476224138138,-218.26282655557569,0.0,CAF
-303.40072503007315,117.09185613350226,0.0,CAF
-246.5752142291589,103.14511948335247,0.0,CAF
-140.80321083826735,225.84840154127437,0.0,CAF
161.3659756860434,-308.1504480134405,0.0,CAF
-154.31556600431819,-157.56683088728764,0.0,CAF
-84.2486902063939,-282.9903297104066,0.0,CAF
108.5111052565618,175.98694090055093,0.0,CAF
-309.93779568900135,-131.99961292548412,0.0,CAF
-171.05643688296814,158.1560222709603,0.0,CAF
205.6333752890562,60.23731362553882,0.0,CAF
176.13213154067384,156.3752961147797,0.0,CAF
355.01963391152543,163.03049652348852,0.0,CAF
69.34372123110212,-366.21802565675216,0.0,CAF
-153.17806983916572,243.87429760920932,0.0,CAF
-212.5089035826585,-3.2265766957991784,0.0,CAF
-11.38094147251165,-250.4827728812318,0.0,CAF
-291.93359787334066,189.3246069847218,0.0,CAF
-53.48558303013725,-270.8314156699532,0.0,CAF
-379.1593190561877,-61.499471160266786,0.0,CAF
-303.2002185436872,167.1511281062758,0.0,CAF
8.353726236342313,365.7382999557193,0.0,CAF
157.02237021607954,-328.23376129220395,0.0,CAF
348.37307364501817,-2.9871190394671077,0.0,CAF
-38.70818665629384,368.1907143784132,0.0,CAF
120.43276402625641,-165.21822844625748,0.0,CAF
-351.1693501115598,70.77937561438978,0.0,CAF
227.36509574329344,-13.706924964732295,0.0,CAF
4.092763817923229,212.90680299485982,0.0,CAF
-309.0578484300424,49.96655529795628,0.0,CAF
-317.8658755677451,-14.846802062167862,0.0,CAF
329.3349694494809,-190.80284510613313,0.0,CAF
-93.49842573032014,208.55769523169948,0.0,CAF
-266.1785441598872,-114.38890132781223,0.0,CAF
83.23654852443116,-229.5174269100948,0.0,CAF
225.36028009295742,74.05171860220948,0.0,CAF
245.63203674441567,138.31387469212567,0.0,CAF
-266.9247897260047,-81.15509715846382,0.0,CAF
-32.470901583938826,239.07331611507053,0.0,CAF
205.56374114669578,8.604488191089864,0.0,CAF
208.26109559243628,-30.05167391413792,0.0,CAF
223.8959554304301,-320.10553458574736,0.0,CAF
-314.46592395572407,212.69350901152745,0.0,CAF
-296.44170215130094,-267.34659519669333,0.0,CAF
172.45504419374956,141.46837823011066,0.0,CAF
-140.88833745420314,-249.96768178752936,0.0,CAF
-188.70764508229524,-155.54477306266148,0.0,CAF
-112.59528675989637,237.98743939504772,0.0,CAF
69.26679361735759,-306.5181838610309,0.0,CAF
-55.11556251664866,285.5748338324856,0.0,CAF
-56.51564697321589,384.7460098964917,0.0,CAF
50.733027297867984,299.8175970594291,0.0,CAF
-309.79587578784253,205.44219020110734,0.0,CAF
-289.473019638595,197.6551129227393,0.0,CAF
-253.36310048883482,-264.2931021077923,0.0,CAF
209.2820653051347,101.16608736351606,0.0,CAF
248.6002923872317,-116.72116761507971,0.0,CAF
-96.51838728181272,239.81295798932732,0.0,CAF
-185.6794364895194,-108.7100074698301,0.0,CAF
-222.07327170950052,195.53717339466206,0.0,CAF
-126.03365162249649,373.5956099731918,0.0,CAF
-242.1561783534776,67.82972913140807,0.0,CAF
279.89165597677214,-193.7756082987941,0.0,CAF
-323.4586808115516,-55.032465859147244,0.0,CAF
-41.53904046196206,-293.14840418863065,0.0,CAF
311.8958027396119,-76.54191306561232,0.0,CAF
271.0346245908373,-63.78586578818044,0.0,CAF
276.8240125548086,-21.90557300028542,0.0,CAF
45.12666396591356,-361.0278710947997,0.0,CAF
297.5776855692459,259.038308020214,0.0,CAF
-312.0278572613432,125.87372777212073,0.0,CAF
-14.950153002515393,325.67198908986506,0.0,CAF
96.372637807001,-371.2409558273235,0.0,CAF
276.28370315891317,21.807104960195968,0.0,CAF
-255.63048228794995,-290.60589604636226,0.0,CAF
335.92738798293493,25.867868960106986,0.0,CAF
-94.24038091825608,182.4127550309548,0.0,CAF
302.8789499142266,224.7492764544209,0.0,CAF
-204.40861299215663,-326.3575842903345,0.0,CAF
283.3083517447739,275.5191342292401,0.0,CAF
206.33325621513654,51.86907928830537,0.0,CAF
-272.5677761304993,-48.781927478410324,0.0,CAF
-138.08296102846703,322.578880750194,0.0,CAF
117.96311633115195,215.64681993093583,0.0,CAF
-322.7238548308874,200.4988792213381,0.0,CAF
78.36059475541194,310.02376305415515,0.0,CAF
136.9661055221416,-264.17034871160877,0.0,CAF
-23.234025482837684,246.1899249381844,0.0,CAF
-65.065639811726,198.80341579861306,0.0,CAF
225.11656772555708,-154.33125594032538,0.0,CAF
-184.55179663824032,261.1989565137491,0.0,CAF
335.1113776475549,-74.93771462999831,0.0,CAF
274.97652561484887,26.079511374669973,0.0,CAF
280.0822004463262,-167.36055262701615,0.0,CAF
-191.90250592055148,-291.34608371358115,0.0,CAF
226.78482402229878,-223.41884930821556,0.0,CAF
-223.31002623894625,-54.98408517263724,0.0,CAF
265.719817550037,40.531536422189795,0.0,CAF
343.9741030686897,-51.59162801587531,0.0,CAF
-183.22310330413003,-115.65677759239304,0.0,CAF
-121.9358637344305,238.8279097910158,0.0,CAF
-148.11762414950172,-348.81385782512683,0.0,CAF
246.4041631830641,-118.74517452403593,0.0,CAF
-86.75879156186939,-186.78517549704293,0.0,CAF
230.81464914131007,260.65630866918593,0.0,CAF
-120.7087903492779,-188.60095027258484,0.0,CAF
-336.28876851961473,-155.92382588036094,0.0,CAF
-275.6335492783481,115.65681146174283,0.0,CAF
-215.63820527914547,-176.16204877553454,0.0,CAF
-197.95317707280438,-234.70750058015676,0.0,CAF
372.89940103480643,-92.98514342440349,0.0,CAF
-275.93572368258305,132.05004202194746,0.0,CAF
325.72751033651866,-97.59684853806797,0.0,CAF
-233.42681966666385,155.9370559010862,0.0,CAF
41.41600401644819,361.84632944445787,0.0,CAF
44.676654509044205,-269.19377885106604,0.0,CAF
64.83486682919673,366.1906446589175,0.0,CAF
234.3070649604139,-21.09671890113503,0.0,CAF
-240.46073935650833,-206.86245085460914,0.0,CAF
225.74368102818238,-229.84879317267306,0.0,CAF
-5.675614516246266,-341.9734613022078,0.0,CAF
83.77704748518715,261.33009019271105,0.0,CAF
-49.26281918103828,-346.42583020564825,0.0,CAF
141.04298731173722,-320.69373849069734,0.0,CAF
-42.811405220991965,330.08616105839997,0.0,CAF
42.878827301169885,242.0707228789626,0.0,CAF
181.9126795470621,-285.70178028977386,0.0,CAF
267.20928085137365,-259.82615893395626,0.0,CAF
326.4780662789176,152.82778634528523,0.0,CAF
-256.13006388764563,262.5442610260662,0.0,CAF
-129.88170727816512,-311.2900743415479,0.0,CAF
264.90543379895723,-237.43836088834993,0.0,CAF
338.9850690339178,138.9953099290814,0.0,CAF
-7.249352407111711,-213.06997448006038,0.0,CAF
222.6533573511226,-133.45291064248187,0.0,CAF
72.66816797310456,277.1110183498364,0.0,CAF
-219.62138254413583,-53.4750238292941,0.0,CAF
248.63027517574875,160.19820636871916,0.0,CAF
-270.234021733334,-237.7135236754866,0.0,CAF
217.4947965179822,-193.52584681571227,0.0,CAF
-333.87969466432867,153.2987057869295,0.0,CAF
13.296737173500272,-323.8594880846334,0.0,CAF
121.29086750583123,-341.6803936718535,0.0,CAF
232.8928120220046,-302.7814752687115,0.0,CAF
-259.8262636837392,294.10513536688256,0.0,CAF
327.1127503529197,120.4398081675812,0.0,CAF
-176.89668202181878,-271.37853134154216,0.0,CAF
129.5406517311458,201.41628486915894,0.0,CAF
-381.82675263579,66.38711870350559,0.0,CAF
-172.4820879248718,350.3509371725497,0.0,CAF
72.79614381802163,-277.53349578563336,0.0,CAF
101.686362344677,-329.6270289439389,0.0,CAF
-257.50573615469665,-130.80984922226563,0.0,CAF
30.79863977501873,214.0374649509551,0.0,CAF
-231.6149392271625,-12.505425903329982,0.0,CAF
64.05214024179989,343.5265113266614,0.0,CAF
-331.6644616018583,-181.50989896109817,0.0,CAF
172.9805863027088,296.18075399521,0.0,CAF
141.4009842263218,-260.49819366032335,0.0,CAF
223.4996232698098,-319.9296794971267,0.0,CAF
157.14885172563476,-179.68032658383999,0.0,CAF
226.34664577726858,-296.0741919670282,0.0,CAF
-63.228856791246834,251.77103910464646,0.0,CAF
-290.23920672923657,7.12316418709925,0.0,CAF
-158.07961633336205,300.9318971574434,0.0,CAF
-133.80232379927963,-355.0338243595084,0.0,CAF
226.77097667611545,-56.12833665528023,0.0,CAF
-302.23408375134494,9.498589065947135,0.0,CAF
290.845337190139,269.04367348391963,0.0,CAF
26.685541600985825,-386.4651880567464,0.0,CAF
294.52942270854356,-24.667509144780148,0.0,CAF
260.9816269621326,168.94058069309088,0.0,CAF
294.6206753057992,134.0059988222178,0.0,CAF
-133.47988580197077,278.48894171528633,0.0,CAF
182.35978546016122,-209.73772902720816,0.0,CAF
-200.55617997629292,61.92121981341919,0.0,CAF
-257.00730785553895,266.44168286516583,0.0,CAF
-111.80694205538225,210.48452825190293,0.0,CAF
299.71803601451774,-263.98717519529094,0.0,CAF
-218.5188043927906,114.31455803796604,0.0,CAF
66.0640777133896,364.8735460955641,0.0,CAF
239.02965761749383,-77.34603115352145,0.0,CAF
247.41919380383135,-13.945628980179364,0.0,CAF
307.18751615324084,-173.56313682460703,0.0,CAF
93.91219546140647,342.5685838074806,0.0,CAF
146.15453763138447,-227.35186021645902,0.0,CAF
-172.4173172176964,226.6703674611875,0.0,CAF
367.1130112454201,-89.92126818149897,0.0,CAF
206.85477018887772,239.34170030298708,0.0,CAF
-205.71846282380108,128.3482306397254,0.0,CAF
-213.01131379933057,-1.9728128168411536,0.0,CAF
270.60811657555007,-119.67855581636482,0.0,CAF
37.12124153869466,211.3318456232706,0.0,CAF
115.9632508643486,324.5124932924941,0.0,CAF
-217.37542190515825,-335.55705302174243,0.0,CAF
131.47226714550533,338.97377480212333,0.0,CAF
-52.424694444261085,-279.80603840080533,0.0,CAF
170.51788678315376,-355.1860417500675,0.0,CAF
329.25512703862955,52.75809859796181,0.0,CAF
-329.5213229686879,198.25665316339678,0.0,CAF
230.46491806553863,-141.29077230649693,0.0,CAF
-258.4337813393289,-213.00808867127898,0.0,CAF
69.24114059284527,223.98270025616506,0.0,CAF
-179.6922055567675,-122.73953665390592,0.0,CAF
90.59845697626209,182.38391389970937,0.0,CAF
-115.60029111836478,-240.61704212125196,0.0,CAF
352.6428466800388,-53.48918566098242,0.0,CAF
-178.14216724770543,187.4491246961437,0.0,CAF
26.940156346456924,-256.24793547138745,0.0,CAF
21.79805680820595,-343.86516240631636,0.0,CAF
128.3550358037157,-240.8647940301459,0.0,CAF
232.60104357568474,182.91843031596818,0.0,CAF
258.62025036149925,-254.16376551433927,0.0,CAF
219.6652992827131,142.49242553555112,0.0,CAF
-293.9833725949958,162.29971177818652,0.0,CAF
362.2872704906139,-149.49960252754138,0.0,CAF
196.31173136008152,137.23719413722844,0.0,CAF
-291.63325716587923,-237.37475906472835,0.0,CAF
-330.7714787951868,-45.08561130701352,0.0,CAF
322.0708676816604,-138.65043495036733,0.0,CAF
176.43866173616775,347.5076523968769,0.0,CAF
-248.43452054163433,38.63705919653993,0.0,CAF
144.63521650685928,-308.47964776016823,0.0,CAF
222.68664243343824,7.738324369531841,0.0,CAF
-265.7872771783747,-191.06128755810593,0.0,CAF
-283.4516089405713,-121.31783521638604,0.0,CAF
-370.8864173343979,-79.23610326359602,0.0,CAF
-372.93913871499143,79.63898818552558,0.0,CAF
-256.07631374957685,107.41710314522601,0.0,CAF
195.08346685319356,-128.95316483468963,0.0,CAF
-335.05504249064603,169.37351865487543,0.0,CAF
-194.85338945725812,-196.32819367674097,0.0,CAF
-258.14040005967064,-206.262997107596,0.0,CAF
-261.3995199077382,-57.16231979547564,0.0,CAF
-153.34552527998278,-349.6019977885293,0.0,CAF
33.35092761217425,-209.63707382178097,0.0,CAF
-235.82193036371825,-163.5343497448601,0.0,CAF
394.56662721059337,-3.0040009719485834,0.0,CAF
-52.772885491602885,232.26600256796277,0.0,CAF
-311.2907376400026,-225.79732619944684,0.0,CAF
-11.94573546996488,398.29776657435525,0.0,CAF
-198.21157289926165,-266.1040136664536,0.0,CAF
321.8292996365614,-57.66200984885712,0.0,CAF
279.9567022013127,274.3304269889413,0.0,CAF
235.41314259261432,-239.6259813720381,0.0,CAF
280.0108356031185,68.11126066133126,0.0,CAF
-328.98184593236067,132.45353383401508,0.0,CAF
-14.478344015325577,-256.4835216004212,0.0,CAF
-254.13081270793666,-130.42446332714354,0.0,CAF
-3.6235612758877753,-316.1217262599778,0.0,CAF
350.607181997203,116.91513693684601,0.0,CAF
197.4948543690405,317.76043467751776,0.0,CAF
297.08231936630926,65.39983570014527,0.0,CAF
-12.703881756784995,320.5179138355816,0.0,CAF
-139.73295024663494,-315.60215689900485,0.0,CAF
323.42947146362593,134.13384340217246,0.0,CAF
150.9353420834781,-140.41308576123157,0.0,CAF
-267.47284994240835,-124.55947678929782,0.0,CAF
-365.48007830561284,67.77626533211955,0.0,CAF
-66.32446206450618,368.75846891115157,0.0,CAF
-20.30368455389586,-312.11307544905264,0.0,CAF
-293.67419633239825,-155.33234088040285,0.0,CAF
-177.1876619024104,-274.2579589068554,0.0,CAF
147.78318066969908,-137.58146464216287,0.0,CAF
151.84860688546684,268.7072260643261,0.0,CAF
-18.40426577129502,-313.9416687893764,0.0,CAF
276.121354065075,188.65923341390175,0.0,CAF
149.14133565284,260.05142907478194,0.0,CAF
-193.74175991725508,254.2911270931014,0.0,CAF
-327.84074636710636,-107.6019175500362,0.0,CAF
-244.17943803338673,292.94541996563646,0.0,CAF
-206.16289597963362,-6.132728470307049,0.0,CAF
243.4654348078346,-291.3837301499225,0.0,CAF
250.9992471006127,-298.68088280740255,0.0,CAF
-141.59127937516163,354.60341982200123,0.0,CAF
103.53204757241855,-327.9511477349969,0.0,CAF
263.77267489548984,-122.57452179876414,0.0,CAF
-153.3039436107418,-249.7361357744567,0.0,CAF
190.37771987048876,-66.16014843745465,0.0,CAF
157.8373576873896,-204.15890157174593,0.0,CAF
-285.339770338599,8.101705835742903,0.0,CAF
-290.5788977686656,261.3126740278132,0.0,CAF
-128.38361989151466,218.07350859894015,0.0,CAF
218.4508963666843,276.72973437197675,0.0,CAF
-277.8626014164221,81.31527396639852,0.0,CAF
176.77717149718077,-167.7556659823202,0.0,CAF
-112.97524094124499,200.48396470376562,0.0,CAF
247.1866583772673,-1.9785363842022372,0.0,CAF
-158.7728850482924,209.26503304892887,0.0,CAF
238.91222983267792,86.4816211321611,0.0,CAF
210.73926064490723,183.01714340107003,0.0,CAF
-248.89577227226496,96.91842851452789,0.0,CAF
-132.99270015407885,255.8431899946709,0.0,CAF
364.8663446767989,44.0286106995933,0.0,CAF
-293.43977666576814,-269.06661776138793,0.0,CAF
185.5686646008094,-110.51645556562067,0.0,CAF
-295.7392962524571,-179.08848769919035,0.0,CAF
-271.99997207497984,-30.425467334923624,0.0,CAF
-382.14275403991456,-67.0058587510108,0.0,CAF
92.33750311783095,-196.88707502372776,0.0,CAF
71.95706118347125,332.92352451866367,0.0,CAF
-233.90616156251556,142.9197468865189,0.0,CAF
83.71182918066759,194.20861323974142,0.0,CAF
30.410570418027156,216.1201176690426,0.0,CAF
134.92475027331056,-259.7768110536785,0.0,CAF
173.04518489370454,-248.51878824997834,0.0,CAF
-261.2523128112357,31.95632602624426,0.0,CAF
-158.87298148033162,220.5897455230773,0.0,CAF
352.6433777234037,116.99716953312407,0.0,CAF
-242.4108746736487,181.86398994509946,0.0,CAF
301.81303665418767,256.7072457039602,0.0,CAF
52.22839378550507,379.23041028075477,0.0,CAF
-350.91372807984277,34.85552311359577,0.0,CAF
82.86916713272934,296.65022739095275,0.0,CAF
174.02201589367712,-336.498120823065,0.0,CAF
230.8980838054025,34.99582570372106,0.0,CAF
268.05381391704225,-287.4091677668787,0.0,CAF
126.53170952809863,-301.6971832869873,0.0,CAF
19.909853869406398,-238.8015795669526,0.0,CAF
-327.20733695532516,-126.72944701809931,0.0,CAF
217.2669525913015,251.83440645317026,0.0,CAF
-146.9269833850893,162.4948989692398,0.0,CAF
201.7700475158071,-189.0035954788837,0.0,CAF
-223.42875327931077,171.96083279769667,0.0,CAF
33.01492898201423,-305.11887929721513,0.0,CAF
-49.45352974199419,-299.1898422319426,0.0,CAF
295.36633660446444,-200.2391280293613,0.0,CAF
282.1542049786481,235.8088888688553,0.0,CAF
-263.3660604525274,-148.47632347501363,0.0,CAF
-191.91324400489458,275.44131008479667,0.0,CAF
-66.52030131350939,-222.91767065929102,0.0,CAF
-25.268316920057817,-266.2989903805861,0.0,CAF
-366.49544048607277,158.35148015741294,0.0,CAF
26.493633716939264,323.56292440753197,0.0,CAF
-56.663756813328895,266.46813568214264,0.0,CAF
-176.14622885516656,-98.88646530845847,0.0,CAF
-6.893627586792622,391.20905105445337,0.0,CAF
250.8748078701539,143.0254298614163,0.0,CAF
21.316325646497674,-316.2975861646457,0.0,CAF
260.12443549841566,24.842397926908983,0.0,CAF
314.6540564152557,63.619872835387085,0.0,CAF
-253.0112191971705,-17.725912818959426,0.0,CAF
-149.3729423639928,-151.72006409478672,0.0,CAF
-149.0238508972448,-318.0119728110217,0.0,CAF
-224.23307703121603,-222.6014172969508,0.0,CAF
70.33204292653411,358.6256083376155,0.0,CAF
258.1339354716659,288.41079093896764,0.0,CAF
240.14392478026048,13.48880150451476,0.0,CAF
16.87544188943402,-276.3507226439181,0.0,CAF
-32.50355963514256,-314.3182587319502,0.0,CAF
235.68307070872157,62.54919816596202,0.0,CAF
325.11298726627103,-168.14496240712856,0.0,CAF
-294.32794311820226,196.15147648821807,0.0,CAF
-211.3386841357442,-153.75826616098163,0.0,CAF
144.35008466429812,264.8557138513632,0.0,CAF
-121.43355573567025,369.2624627150395,0.0,CAF
377.9807133881087,-76.851903819239,0.0,CAF
24.03696858485945,-342.93615105719203,0.0,CAF
-202.88550700477205,-300.4300706443697,0.0,CAF
34.55732081687189,-338.59105221204254,0.0,CAF
202.14578615670948,157.69622792620248,0.0,CAF
-53.48007681923525,264.16537104191315,0.0,CAF
246.66612474649216,237.48510335659063,0.0,CAF
-324.3637315660493,151.52096076635385,0.0,CAF
102.60967401145459,-245.28274263663116,0.0,CAF
87.91246374112745,325.92322015579225,0.0,CAF
225.20709271368528,-3.189134807006541,0.0,CAF
-163.87238929365134,-124.73164594370245,0.0,CAF
-196.870037065982,-292.33198916372,0.0,CAF
213.47308159049066,206.2550133992915,0.0,CAF
-361.0488568623804,5.255947306417618,0.0,CAF
8.859423490539589,-331.2758837872278,0.0,CAF
-173.2170629043289,-206.22118297181294,0.0,CAF
88.35901634951374,-288.62323960416757,0.0,CAF
286.26357164654695,165.98354540224997,0.0,CAF
-135.17971726365462,188.45631989850378,0.0,CAF
-106.87874484886898,-362.5290443031086,0.0,CAF
197.90499250255579,-46.7830271607208,0.0,CAF
58.27428366006168,-360.6591171072713,0.0,CAF
252.96137617039543,78.90611039481112,0.0,CAF
174.5119500767434,-284.1767085310088,0.0,CAF
227.69889000510483,290.72841723007247,0.0,CAF
-141.37584671706844,-156.53596843351613,0.0,CAF
-129.8329746004247,344.97303022814117,0.0,CAF
-157.21285377385624,248.8846079328978,0.0,CAF
-208.82797085595038,319.0581324540066,0.0,CAF
-244.595474343157,184.6181206875601,0.0,CAF
-85.79844716542593,-226.55613396825999,0.0,CAF
375.0070651912777,35.94030610667179,0.0,CAF
-317.1978236931952,-167.76741758127716,0.0,CAF
53.30344420295356,237.8774653185687,0.0,CAF
136.73878639731996,298.66520462516297,0.0,CAF
-198.39589485471782,-174.18541837117778,0.0,CAF
378.7296156283016,-5.582354670151968,0.0,CAF
-180.49797612302712,-341.39844158881505,0.0,CAF
-188.227725703122,208.50464563752104,0.0,CAF
159.85909897964316,-314.03965355392387,0.0,CAF
267.03569932891145,135.97372646971797,0.0,CAF
-383.35031448003133,40.38778736655998,0.0,CAF
-319.2187598983647,-183.84398917772373,0.0,CAF
-96.85563948704772,275.0675342560658,0.0,CAF
-43.99104509493046,-353.2102799933457,0.0,CAF
180.41458233483505,-108.45713432251563,0.0,CAF
383.4200923561969,45.110387176983515,0.0,CAF
335.89678471888817,-62.24902074257652,0.0,CAF
24.179066761496443,206.41910792024564,0.0,CAF
-378.65774537946436,-88.0418615814285,0.0,CAF
290.69084692302823,48.73760227881507,0.0,CAF
204.23815026179597,269.09646734907915,0.0,CAF
126.26740503834021,374.2570736412142,0.0,CAF
78.02624308100663,-285.68264295664676,0.0,CAF
-307.6904689603947,143.07928373847778,0.0,CAF
89.97411776418892,312.70951944568236,0.0,CAF
156.75401008826782,-182.8790851034844,0.0,CAF
-220.99452228777835,41.12780981215222,0.0,CAF
-283.48436391728416,106.41434073976895,0.0,CAF
385.16000896323925,-76.4697294227129,0.0,CAF
-5.965629333446966,201.85831163218668,0.0,CAF
-283.15495246419437,-101.56345645949494,0.0,CAF
211.374796686926,39.94932500538803,0.0,CAF
379.38500719604974,10.728715675960931,0.0,CAF
-199.25978892067803,-61.85396937558772,0.0,CAF
-18.31539615264476,397.2914301068683,0.0,CAF
80.2215977032112,244.9717539196371,0.0,CAF
-219.8882838126724,111.1619233595665,0.0,CAF
-193.56215467453157,-67.82955654230618,0.0,CAF
-280.3098184636388,73.12409432514828,0.0,CAF
289.62303694724034,-159.99656071339768,0.0,CAF
-173.1936029447992,-310.7356363736533,0.0,CAF
261.1325170179233,28.061840511366405,0.0,CAF
75.87221196792736,-225.3133816621407,0.0,CAF
-33.46453281327093,219.1834355009283,0.0,CAF
-178.40382844870942,227.74672017825205,0.0,CAF
111.9498377213762,276.98494476553293,0.0,CAF
217.74235078911713,275.93675475895196,0.0,CAF
-229.7847705306821,-192.6981710080983,0.0,CAF
342.7635766587121,-17.11336036756168,0.0,CAF
61.30264997490982,-308.07195981822514,0.0,CAF
108.85683954761537,-189.34736188322822,0.0,CAF
14.68524851147496,308.9653148526667,0.0,CAF
-3.7737432113736777,-261.85989859711304,0.0,CAF
261.02720471413005,61.37181127518322,0.0,CAF
18.809576446016806,344.5852339003909,0.0,CAF
-273.34672208594276,92.04867131433556,0.0,CAF
-221.83650035063647,-324.3347344015985,0.0,CAF
255.69342852148787,-108.51729756911037,0.0,CAF
-187.93627399961989,110.45714863363267,0.0,CAF
-346.54015735134067,67.76064652987925,0.0,CAF
349.86453607629704,-59.46276412796973,0.0,CAF
-231.49196633239447,-313.33413774814534,0.0,CAF
-170.1262267238572,295.7257863933859,0.0,CAF
-66.62687173305373,-369.67491631002406,0.0,CAF
-226.85105130014745,-298.7940375997593,0.0,CAF
-264.4911860513933,29.200967489496666,0.0,CAF
-199.4448732755883,-275.21670743130824,0.0,CAF
-202.49252308984785,97.21194735361364,0.0,CAF
47.223772963413104,-212.26462025082387,0.0,CAF
-332.56991506633585,167.0806806663038,0.0,CAF
237.17124836675816,-254.49351330896505,0.0,CAF
-222.66335382632462,-70.84203513415054,0.0,CAF
-321.1964006716543,-142.50220968872654,0.0,CAF
-83.82252485354996,278.69088657515044,0.0,CAF
-71.52861142881912,339.5177781997652,0.0,CAF
223.3326801969138,-303.00840270492967,0.0,CAF
1.7461958159594413,270.5545581567832,0.0,CAF
-327.7902297576989,-30.966200350576052,0.0,CAF
95.03603212185261,370.98441547838377,0.0,CAF
-215.67210228569547,98.33091220710988,0.0,CAF
-69.98601589661655,378.9522472131093,0.0,CAF
-310.487133682032,26.678857998430157,0.0,CAF
36.99863476696239,239.2245677494092,0.0,CAF
302.9039029550106,-101.5242686171059,0.0,CAF
146.69899093088398,161.3395521696609,0.0,CAF
249.12815370682836,169.014563658668,0.0,CAF
-205.38926816642484,126.71595846380038,0.0,CAF
317.53751478819106,192.65310508128084,0.0,CAF
-29.045274499543073,-238.2380344505692,0.0,CAF
-373.645484324218,-6.745129298918103,0.0,CAF
282.2901572949396,-84.22262442819645,0.0,CAF
374.01314138795584,109.40183475834873,0.0,CAF
16.012089679723758,220.5576394326551,0.0,CAF
123.66837761202565,-241.08726502663907,0.0,CAF
260.18698621103994,-104.65504158492006,0.0,CAF
313.45897757019486,238.23124155567174,0.0,CAF
18.8168158482702,206.91581696559086,0.0,CAF
237.27231049984215,-194.73410838522346,0.0,CAF
119.6779262980647,303.18548241325385,0.0,CAF
217.29032508809576,40.26868493324044,0.0,CAF
-196.95912174477036,-44.92564124923033,0.0,CAF
-259.3709417631427,6.852880602683156,0.0,CAF
-284.81641745586705,-100.4241319826871,0.0,CAF
345.11201671572155,21.250562842875716,0.0,CAF
387.05304184663265,89.65673518849839,0.0,CAF
-87.58458125847629,-382.8701454561488,0.0,CAF
254.56765458526843,-171.41311074452017,0.0,CAF
362.20170326098474,33.35916630347706,0.0,CAF
-82.06400574144891,200.8809875299147,0.0,CAF
73.30843868342009,-334.066533410736,0.0,CAF
237.00323584391086,-299.33832634748575,0.0,CAF
-329.80469732035317,45.05978599435514,0.0,CAF
-116.79881864233552,-201.32425068018114,0.0,CAF
-241.68929557523495,-36.49240289673507,0.0,CAF
102.34836803008787,-254.24907082858377,0.0,CAF
55.94058643778211,391.27202261753854,0.0,CAF
-294.9522443763726,232.62936187510616,0.0,CAF
229.10350897569677,176.6915157822746,0.0,CAF
370.99093157375006,-60.95952402256197,0.0,CAF
-11.449683891516756,337.77216611715596,0.0,CAF
83.74531860855654,-251.58930760601064,0.0,CAF
347.3017904318946,34.730744365220474,0.0,CAF
-266.8171572298578,102.94068458277832,0.0,CAF
-71.92175858802455,-331.8263195188649,0.0,CAF
163.7148940344117,-276.61243910494267,0.0,CAF
-117.58411448115979,-311.163346187121,0.0,CAF
-268.84742731563114,-164.60227705051236,0.0,CAF
-130.37918223820012,-359.6202343175127,0.0,CAF
-344.7795448385861,-96.6319753167629,0.0,CAF
-372.9684351845882,-38.516811160939426,0.0,CAF
-318.22143567857444,-54.44701871797883,0.0,CAF
-79.87260290939072,-300.11602541397343,0.0,CAF
-95.43070711045286,-322.4983746518266,0.0,CAF
262.14953879816954,-37.01494067690945,0.0,CAF
253.8076190592089,39.54434617214857,0.0,CAF
285.71336753559154,121.00322081438358,0.0,CAF
376.9161948954477,-40.07854564049265,0.0,CAF
172.97296053922452,111.60560526942481,0.0,CAF
330.6236686843444,-151.71774211520528,0.0,CAF
-183.6445757200471,304.4975003721997,0.0,CAF
-33.040663464253846,308.1147705849224,0.0,CAF
253.86746857087232,100.57196597981682,0.0,CAF
55.09247889901638,-288.3289007192775,0.0,CAF
83.47470200663352,-198.0320108745943,0.0,CAF
-341.7874009309988,201.20069718135576,0.0,CAF
-54.43930358959545,-318.65166596427207,0.0,CAF
-308.73534192532503,-31.51889673854454,0.0,CAF
-25.862795161137406,387.0469860579647,0.0,CAF
-236.93013986807063,62.601613547926526,0.0,CAF
313.3640244643081,-106.33811818584448,0.0,CAF
196.16122303185145,-324.15434406458934,0.0,CAF
-192.50285064220913,-63.57547600007024,0.0,CAF
-360.9593055257726,-18.167349520655705,0.0,CAF
254.93585928045968,231.31291829412856,0.0,CAF
-158.147041921626,152.6813046094006,0.0,CAF
-154.51150318474143,186.25832756608932,0.0,CAF
230.18110478183857,-92.26785899813142,0.0,CAF
-333.60984204579546,191.5394894810815,0.0,CAF
249.17017691269604,307.8313731374852,0.0,CAF
17.221846227326992,-261.2771124514283,0.0,CAF
358.05598550076843,-43.12576597759501,0.0,CAF
-349.28061213177955,-18.691656614700996,0.0,CAF
-283.4384502664688,-196.54823899843137,0.0,CAF
-393.7325841591901,-36.790384579256695,0.0,CAF
152.10903971599214,170.01283755192236,0.0,CAF
316.6192618326395,26.55087151012435,0.0,CAF
-378.0682274444206,72.80312891451466,0.0,CAF
-15.530212019561773,-227.4309595833071,0.0,CAF
-248.11834556043925,0.7880881230191882,0.0,CAF
-203.05935029124106,137.88092619805215,0.0,CAF
-66.40492497263463,369.00321909802386,0.0,CAF
257.69307093404313,113.2595327770095,0.0,CAF
-273.3951768444529,15.65590713133666,0.0,CAF
37.78390325246243,311.45609604393985,0.0,CAF
270.6353475252417,-281.97647879401944,0.0,CAF
-36.89797908861151,231.36574722775117,0.0,CAF
-23.178357806765554,-307.4342059482947,0.0,CAF
121.83228425289812,-340.11599508375195,0.0,CAF
-8.55596222153263,366.25698136320676,0.0,CAF
81.41765084098137,253.4687353190888,0.0,CAF
-185.7206406995525,-346.10117269787804,0.0,CAF
120.86605765082122,299.72338228860724,0.0,CAF
-235.78342085239336,81.9317035327853,0.0,CAF
183.08759534477605,-178.93445618353755,0.0,CAF
-18.55272133394666,-369.89049743624196,0.0,CAF
140.68035108096825,275.5227265387808,0.0,CAF
207.7600097046568,-144.5951406062139,0.0,CAF
116.96058288436336,-261.7710933358727,0.0,CAF
-210.18222658010217,223.86982922409547,0.0,CAF
317.95028488879615,-203.91165433570092,0.0,CAF
253.23756101307336,169.59587847236875,0.0,CAF
-178.1691007013286,-209.41045421047258,0.0,CAF
-44.66888592525613,-353.6287581596919,0.0,CAF
232.79140789432583,17.858201949111262,0.0,CAF
236.1275723065818,317.6595981114846,0.0,CAF
-260.3885395912496,-71.32216540307026,0.0,CAF
94.11394299688007,388.41275200000786,0.0,CAF
117.61616525096316,-167.1212491330635,0.0,CAF
9.12645682164069,-368.0200343395396,0.0,CAF
106.13656189844362,-313.3677100548445,0.0,CAF
-61.057794178714744,-255.4735332728921,0.0,CAF
-86.08364038053625,-315.3899861636185,0.0,CAF
-173.8117537833182,264.67361968226436,0.0,CAF
25.426135145891784,-349.33809415875953,0.0,CAF
-49.55857898775567,230.87492757093509,0.0,CAF
-258.7098720362086,-210.7261192608011,0.0,CAF
74.2405020933684,375.0767562972508,0.0,CAF
307.95924500172634,219.91232240658303,0.0,CAF
-60.626236357795435,220.6316216366897,0.0,CAF
-251.02515668468337,-86.0703472646361,0.0,CAF
67.33198046579933,-228.34167447303093,0.0,CAF
-360.70390056651377,-82.64756800261817,0.0,CAF
-157.08328260847898,-259.4795160658844,0.0,CAF
390.4476425392876,22.90457601111706,0.0,CAF
255.46740197028103,118.08805262196871,0.0,CAF
94.7929598539042,331.0557884973156,0.0,CAF
133.91987055386997,-279.65606361716226,0.0,CAF
-185.12907867172416,-137.19446150047995,0.0,CAF
-265.7943551054464,131.0575168189246,0.0,CAF
83.93266573402514,298.02312934496985,0.0,CAF
178.8006412397368,-221.8528189448544,0.0,CAF
-181.97640547385018,296.5827788638917,0.0,CAF
246.32115074193058,299.83007660543365,0.0,CAF
332.9936111637474,-25.378222690629652,0.0,CAF
-231.9021372134637,-227.2572311159415,0.0,CAF
235.59146216278177,-285.26056074384445,0.0,CAF
315.87680608455355,166.41213402005113,0.0,CAF
-189.44118205612824,258.8538600014676,0.0,CAF
347.5244352246601,-192.5487537367096,0.0,CAF
-16.13560940829356,-249.40978554490619,0.0,CAF
-302.6117257875164,-181.32273139770098,0.0,CAF
-49.30765194968709,-307.5271054176841,0.0,CAF
201.41108447151004,-2.128601937900789,0.0,CAF
18.994573503468324,398.6172776402765,0.0,CAF
-86.90408175937408,247.4390825138487,0.0,CAF
337.66902376987423,159.44118631278704,0.0,CAF
71.03544144729673,284.86290980637875,0.0,CAF
-246.76555360228645,-93.19375166189239,0.0,CAF
193.35001734953636,-222.90713277998097,0.0,CAF
-42.07283716352496,304.59993683135565,0.0,CAF
-83.93615493647232,186.25156644396435,0.0,CAF
341.7761261527986,-52.191436369731726,0.0,CAF
-93.91868545652089,348.37150957457055,0.0,CAF
-184.34563426542837,325.28485016466533,0.0,CAF
274.69823267165964,-148.96168265844523,0.0,CAF
-338.97881643347944,-78.68423470071882,0.0,CAF
-91.82993057374426,-376.5635542747547,0.0,CAF
-115.8756707793491,-255.05659093854874,0.0,CAF
-363.5652307165018,-156.5940464645535,0.0,CAF
358.0405219950591,100.14177275307922,0.0,CAF
342.3359969866921,120.26433516610734,0.0,CAF
224.88437840335212,-275.0622734671965,0.0,CAF
34.87295324802219,237.97840821578808,0.0,CAF
-61.760986210304445,-198.82685507005988,0.0,CAF
-213.99183146136946,-70.06099093815408,0.0,CAF
-282.41273039319617,150.34851752504085,0.0,CAF
73.60081410955901,336.41258209874735,0.0,CAF
-227.81619144057888,98.54063549842428,0.0,CAF
197.25669022613437,-98.2087892007682,0.0,CAF
132.04833054782392,-250.32841862851058,0.0,CAF
346.4830837175686,-185.948483460514,0.0,CAF
-1.5690012018623842,-250.82213604829738,0.0,CAF
56.50096259822991,275.79779633822096,0.0,CAF
-326.7749227155378,124.34835522174501,0.0,CAF
-343.31722330578674,69.04880972816,0.0,CAF
171.62319266302555,-149.85203918408382,0.0,CAF
134.48430025836453,236.84639545852303,0.0,CAF
-179.88206513987421,-299.2460328762492,0.0,CAF
-268.8181153155218,-28.97544509829503,0.0,CAF
-100.21790510194812,192.75299759926418,0.0,CAF
-336.0916594985321,212.62180482311837,0.0,CAF
-183.42644643886445,-93.214352858472,0.0,CAF
139.70321159734996,183.38877738634974,0.0,CAF
-256.63506496098995,31.481174158348054,0.0,CAF
67.16103506513967,342.3538290264666,0.0,CAF
-153.65732252582555,337.6134465251573,0.0,CAF
108.09120048360141,373.31986574738465,0.0,CAF
-161.85688241027447,-269.2350088287956,0.0,CAF
165.6160998377952,-121.1730842576754,0.0,CAF
277.63530906901804,-266.9341389942849,0.0,CAF
-229.84694830989383,-18.513025540647607,0.0,CAF
0.5499958174882558,-228.81332720889102,0.0,CAF
76.83129784364209,-301.1808836752764,0.0,CAF
58.57433922237242,370.6842849866272,0.0,CAF
295.3311137234552,-206.17386121158592,0.0,CAF
118.09215427367566,-379.1509015875369,0.0,CAF
-112.17341930654739,-322.95847032305784,0.0,CAF
255.14414568588504,-102.11683390928408,0.0,CAF
-183.88862495046075,-156.90954511591616,0.0,CAF
-147.2362686170147,200.85193953557732,0.0,CAF
-172.26988134945893,266.9046087469069,0.0,CAF
-64.60910319035528,-294.5759234024215,0.0,CAF
-368.0456872972999,116.15380568503483,0.0,CAF
-346.5692279012532,87.54401231884276,0.0,CAF
270.6714109654023,-222.44419344351442,0.0,CAF
294.4093070601296,185.35074820872902,0.0,CAF
245.09288594911834,-261.8957105360302,0.0,CAF
21.640207886862182,299.69528860553567,0.0,CAF
196.9448012695276,249.21705276964624,0.0,CAF
244.96509293898038,-94.30825589173217,0.0,CAF
-47.96364114687874,335.7623108184073,0.0,CAF
-224.50205428103394,117.53892001516658,0.0,CAF
-327.907038225303,176.242959669015,0.0,CAF
-117.73230166797788,-208.49025547704366,0.0,CAF
301.27307738518084,39.89571883030826,0.0,CAF
-44.8419151859678,-243.55445029296692,0.0,CAF
-201.99303642320075,-327.07156195445043,0.0,CAF
286.9822803453203,-104.68006591532537,0.0,CAF
252.66530412218233,-237.27714262980652,0.0,CAF
-260.7271958090823,301.5033884931549,0.0,CAF
321.11921923909034,-178.3771617825659,0.0,CAF
81.21637946248639,-350.86122883798294,0.0,CAF
193.64887721540535,-301.43018760701364,0.0,CAF
183.11202777086612,282.49238838027696,0.0,CAF
286.58204811715814,-124.6775302570563,0.0,CAF
-125.07713833871597,254.92152678992267,0.0,CAF
98.689439415318,-230.79016430557297,0.0,CAF
109.96677559024803,250.26006152569622,0.0,CAF
319.6001916999421,-135.21504349436722,0.0,CAF
-193.33914678814645,-299.42461550544164,0.0,CAF
-160.98127695104756,213.04017253970534,0.0,CAF
141.85044858789058,-145.3549526384729,0.0,CAF
237.67251018193807,-129.83641702470163,0.0,CAF
134.30519357367248,326.1887479794929,0.0,CAF
152.91151103195537,-160.43398252973446,0.0,CAF
237.31831222586007,-275.14124985998745,0.0,CAF
-296.95267629205625,169.6865490228445,0.0,CAF
-172.03135589015915,189.87701649998584,0.0,CAF
95.52672131773653,336.18458871894,0.0,CAF
-319.1450676483139,165.44970598752644,0.0,CAF
48.756718759575705,257.6160227404732,0.0,CAF
-214.1767639050186,218.45715572428122,0.0,CAF
-209.4738128152739,-121.15465157324061,0.0,CAF
-136.52308963603758,328.6338683028844,0.0,CAF
187.089550725411,187.93814306371817,0.0,CAF
-355.7750907006821,156.94555352087056,0.0,CAF
197.92307184287048,-230.62048494033866,0.0,CAF
-108.8540083580085,181.53205253833784,0.0,CAF
95.82049817513939,317.89577437217434,0.0,CAF
343.0795680783251,161.79578530622223,0.0,CAF
148.5744231036896,147.48822035090748,0.0,CAF
-396.69257521963897,-21.952550082908736,0.0,CAF
336.8173226262548,133.06526704508946,0.0,CAF
-131.09634381979492,204.8021423350508,0.0,CAF
310.40375607221745,184.3551926416385,0.0,CAF
379.8808793767164,23.130337486953326,0.0,CAF
228.93239239191436,55.41751596265164,0.0,CAF
-147.9114711423244,167.12279490741622,0.0,CAF
-271.97261412527274,-149.164218438232,0.0,CAF
107.87073798194413,366.96493516558553,0.0,CAF
206.79296410381696,74.7271601173479,0.0,CAF
-51.57330741855549,207.069795796038,0.0,CAF
63.381940309674725,-373.6484848330601,0.0,CAF
-102.76127723364525,-182.45984861981498,0.0,CAF
-239.37333489247612,-15.93469773768956,0.0,CAF
42.18198294482891,-351.2262167101336,0.0,CAF
148.50102170505068,318.9532761720034,0.0,CAF
-235.2206146653144,-318.5918383076882,0.0,CAF
-90.97687728127936,-388.7048692796423,0.0,CAF
163.5108786861202,296.4643885324975,0.0,CAF
209.50944259228925,121.33187392831614,0.0,CAF
262.5312634924966,118.29847217359546,0.0,CAF
310.72671280160023,100.1572293842298,0.0,CAF
116.51813529170246,-380.6685771676275,0.0,CAF
-99.54904048466747,227.88487162095348,0.0,CAF
-352.97402383309947,-175.59995986147683,0.0,CAF
106.8937190895525,175.15783171785236,0.0,CAF
-329.0709305461929,-184.18486224503587,0.0,CAF
63.814588954724805,-258.91116537339633,0.0,CAF
374.9932023759476,16.61746555898824,0.0,CAF
-357.92566983361445,116.92476654282754,0.0,CAF
112.77977299002973,-378.44503887822026,0.0,CAF
-258.23897935146425,101.11107660392736,0.0,CAF
-278.00029729520253,149.67838035021404,0.0,CAF
-222.77979362878858,303.2422511276529,0.0,CAF
18.15046882290081,305.5872387517902,0.0,CAF
324.0738463408182,-129.08970457246775,0.0,CAF
-17.910259867461523,-321.4949831108788,0.0,CAF
-161.5668991322355,147.3262233140076,0.0,CAF
-126.3371808356658,189.52821170013758,0.0,CAF
54.81485455528262,333.1701301037377,0.0,CAF
-175.03225721425778,214.03461487636233,0.0,CAF
160.44597501657762,221.55333728833432,0.0,CAF
311.00598849790657,235.26403124130596,0.0,CAF
-256.55354935503135,-272.40224428767004,0.0,CAF
-34.50276599804316,-203.41473479106466,0.0,CAF
301.3496338175804,60.79410056008164,0.0,CAF
-32.80688256860441,-268.0340334029766,0.0,CAF
-28.63777604680313,243.13238398399844,0.0,CAF
322.3961666288266,-158.85150528796265,0.0,CAF
-235.933431328268,-302.72335096030656,0.0,CAF
-170.23553061292026,-316.3608513197084,0.0,CAF
92.08735597499378,-210.62227697196025,0.0,CAF
-20.234217745628545,-269.29278956753814,0.0,CAF
-256.62039107240366,-154.507220510811,0.0,CAF
-298.41226634801075,-145.3758754329412,0.0,CAF
-155.74113903856406,284.7113519513057,0.0,CAF
-175.09393253426694,204.42571979801687,0.0,CAF
-31.933073436198615,-313.58115320003066,0.0,CAF
135.30728563939118,-309.3395307388085,0.0,CAF
77.08319932138257,221.34840350909138,0.0,CAF
178.87072799171324,-159.8990288554584,0.0,CAF
-235.1333274451099,141.62891580506556,0.0,CAF
-186.80362809080071,280.83276880181097,0.0,CAF
27.28447441137476,-228.9038248242478,0.0,CAF
-234.00555538342846,-105.58275705764967,0.0,CAF
293.22955079540867,-2.516278604547966,0.0,CAF
90.85519082876661,277.2552712861471,0.0,CAF
309.8003729149038,-164.57527971201964,0.0,CAF
228.6698436321324,-324.83572129824944,0.0,CAF
226.5965688924094,-92.37676297740319,0.0,CAF
-93.57267312215593,-239.36047713826326,0.0,CAF
-85.7958309490189,-359.6077490212417,0.0,CAF
-316.7710177021948,-103.87374336986956,0.0,CAF
288.55620672055915,210.04236619744844,0.0,CAF
-342.0516278273572,-12.05567189638391,0.0,CAF
-155.21346127367846,191.9455542940704,0.0,CAF
151.64202504271614,-244.55724962866074,0.0,CAF
97.29800606549972,256.57706464177284,0.0,CAF
-21.95692412705047,366.9592622329461,0.0,CAF
225.29063608026829,-283.18651512240723,0.0,CAF
-259.0453778564807,118.5160952027758,0.0,CAF
-101.76378005284087,230.23378807112041,0.0,CAF
-336.78156677583837,166.1508992326012,0.0,CAF
-198.2806162003438,330.8668095404664,0.0,CAF
218.50706054944982,-312.3886299201917,0.0,CAF
-26.024236636474704,-237.68596851813055,0.0,CAF
-301.2553458140186,-50.409143982056335,0.0,CAF
-107.70463043028671,-222.0544084280424,0.0,CAF
78.21017422034738,-250.0683211871844,0.0,CAF
-16.834277491028836,-351.86579346378966,0.0,CAF
36.0658710074044,343.74835929884074,0.0,CAF
82.26632500943396,-212.4869001770883,0.0,CAF
-298.86186866236665,-145.2484563090064,0.0,CAF
-188.3002474223298,-167.75512951810381,0.0,CAF
156.12699849277774,240.07955659620134,0.0,CAF
171.12561986035928,-174.41513427709967,0.0,CAF
-258.5366580393316,164.15353530031314,0.0,CAF
-242.34719625291498,48.324532222639185,0.0,CAF
-317.11526017299354,72.64421599942928,0.0,CAF
268.8229682121728,-260.24886351072405,0.0,CAF
180.43465306635156,231.85909964364998,0.0,CAF
-246.6439536615939,-240.517705339634,0.0,CAF
-141.7500119016232,-266.383829822054,0.0,CAF
-49.694366989214615,249.73335360221262,0.0,CAF
-367.89435415859424,103.14272035789752,0.0,CAF
9.12331193323853,-243.41158930384208,0.0,CAF
-71.43780745216174,263.78909842035597,0.0,CAF
2.644003065317536,279.56083967070253,0.0,CAF
334.60677376933904,138.36128597531416,0.0,CAF
-337.8759546004188,25.069136869072082,0.0,CAF
246.7877249424404,140.5848228390175,0.0,CAF
296.16708403586995,33.40426723702109,0.0,CAF
391.06823481834994,12.397218245735157,0.0,CAF
-159.48092800602393,-178.07617592668763,0.0,CAF
-352.26757582129,-173.85275026131708,0.0,CAF
-235.02384384155079,-193.45003216572266,0.0,CAF
238.2948341723584,-190.11050739084578,0.0,CAF
-368.73156227627885,62.2952846059754,0.0,CAF
178.8642695552908,305.0916332065099,0.0,CAF
-261.9614122012328,-8.84871245516291,0.0,CAF
-257.2627211096154,-171.16024877442678,0.0,CAF
-73.47576144153933,-238.65960907849217,0.0,CAF
195.90202238770297,-169.25118066351098,0.0,CAF
-46.62975345285661,379.00509749396457,0.0,CAF
-370.9175820999283,-35.22262319827552,0.0,CAF
-95.16210183119989,-192.91377055537808,0.0,CAF
105.59513690541732,272.9934731951229,0.0,CAF
-157.02096419250384,336.833380083989,0.0,CAF
-329.4750731218942,-29.75445270115213,0.0,CAF
-35.40066058438735,302.2941926109745,0.0,CAF
38.988358041255246,386.38233087015317,0.0,CAF
237.6528523895204,-57.06176193112229,0.0,CAF
110.79237800490034,-253.5798974649909,0.0,CAF
256.7114218261078,219.48161477899075,0.0,CAF
-281.1763868616154,282.84602757901393,0.0,CAF
-184.61065775682485,-159.43775524091063,0.0,CAF
-163.33909483016814,-273.4339856964585,0.0,CAF
-162.29771321185913,300.28992274780967,0.0,CAF
-70.01237855015324,203.7898161123371,0.0,CAF
-111.04181521812404,-327.56754268618414,0.0,CAF
-171.44214522366136,219.2404747360496,0.0,CAF
336.00449331985385,-127.47337880996449,0.0,CAF
-236.07407551094107,-113.49541200890724,0.0,CAF
188.15953805785608,-93.469292675515,0.0,CAF
-327.3222067716412,-110.2563496064756,0.0,CAF
-161.10941704029645,-263.4099519972042,0.0,CAF
263.56286163389956,-244.78623015821532,0.0,CAF
-66.31893246267408,-258.3058277731701,0.0,CAF
-240.383062993012,213.42552209558923,0.0,CAF
290.5887433249958,-46.22753907350997,0.0,CAF
-254.23770716120274,157.27088480095128,0.0,CAF
-140.33825812762367,-174.95276301392443,0.0,CAF
205.27366519475115,17.42472057941636,0.0,CAF
78.47007021136551,-252.2012227820437,0.0,CAF
-70.95670794831791,255.08692744268066,0.0,CAF
-335.9482748648407,68.89065171089169,0.0,CAF
336.6441899885745,-76.31083214935265,0.0,CAF
-39.07555184094337,-216.74370530778512,0.0,CAF
-325.4697107574247,149.50742113125486,0.0,CAF
-32.147274388564156,-377.2222753639858,0.0,CAF
-284.16237537002434,-143.42561192670394,0.0,CAF
190.65893497947718,-309.01463440514743,0.0,CAF
-261.577620257174,-53.65826744815022,0.0,CAF
51.84748012113311,196.525124473738,0.0,CAF
-209.88631040009156,189.32090214140277,0.0,CAF
297.2934990663813,46.85653729478737,0.0,CAF
-161.8133705514335,-161.10764009611697,0.0,CAF
194.31774971816762,-276.45575704565516,0.0,CAF
-93.32811172831816,-290.70415493567003,0.0,CAF
210.29662245175402,-280.72707936242807,0.0,CAF
373.1608317199923,5.171141433386034,0.0,CAF
-93.95618672535043,-328.53463041991296,0.0,CAF
228.38428943038753,-157.24879365494192,0.0,CAF
-42.86157859447989,297.02535430712715,0.0,CAF
-1.7493368127565188,208.93473089329862,0.0,CAF
257.2905269639338,-240.03464561131563,0.0,CAF
-76.52652648584065,-241.2903232676254,0.0,CAF
-240.98242045692265,232.38004896591008,0.0,CAF
169.23244351504735,-301.2344267616116,0.0,CAF
-190.46172247376182,112.99845147112666,0.0,CAF
320.4002572584898,-54.03291994591775,0.0,CAF
-268.91594443383843,-225.54299126050762,0.0,CAF
-194.49088013979724,336.4595820252267,0.0,CAF
10.828588286401384,-326.07895394959684,0.0,CAF
24.887680983328934,-301.84215835480086,0.0,CAF
-38.066192637517645,346.62782390199027,0.0,CAF
197.36065263012048,-112.47613805470876,0.0,CAF
138.9444189498568,-318.0658378245349,0.0,CAF
-254.78617944542367,224.99072513351302,0.0,CAF
-272.98750528506565,-204.042127866485,0.0,CAF
165.47966059327615,179.92992040750607,0.0,CAF
-129.01883581155556,-261.9226439666896,0.0,CAF
-246.35541791183408,-32.74223707763868,0.0,CAF
-316.6501911485656,-218.62625496941587,0.0,CAF
-148.75321297382894,-222.13012454963157,0.0,CAF
-97.48763473314075,341.31914871892303,0.0,CAF
-124.53795592538395,158.79697932508986,0.0,CAF
-196.54447796110574,256.35436837345196,0.0,CAF
-121.28488616898494,-221.2751541006524,0.0,CAF
-177.016789236254,-306.1439014120922,0.0,CAF
-10.058519586560466,-309.9637127194393,0.0,CAF
-168.26594427107858,-144.84523150038467,0.0,CAF
-27.240366198699025,-398.1547905660045,0.0,CAF
-211.91689959246844,-114.56243846791294,0.0,CAF
-378.4268831931111,9.918822647755624,0.0,CAF
0.32972776151717864,-333.49238327214096,0.0,CAF
260.0538930864074,184.0248453713215,0.0,CAF
25.332084017897724,382.2210383350438,0.0,CAF
-129.06209889896172,352.8156472872282,0.0,CAF
-187.32596924318958,-265.1561510526229,0.0,CAF
1.0359431023059829,-389.8976938458208,0.0,CAF
188.69272800904204,-237.497760416423,0.0,CAF
252.79021289362976,214.6829028689504,0.0,CAF
227.63705094819497,-273.59746999822994,0.0,CAF
-5.470050166889965,-291.54708788761684,0.0,CAF
257.0561097875871,-188.63068464895107,0.0,CAF
-149.9091847464236,212.07838461898453,0.0,CAF
-185.62270063058583,-219.91267735457362,0.0,CAF
-214.39647747741978,-293.9831411594378,0.0,CAF
-158.1773646282956,-280.2635370505466,0.0,CAF
-227.34465018639014,312.40702038344415,0.0,CAF
-96.4353112111837,342.5889149341055,0.0,CAF
-176.85612473146105,257.416617810131,0.0,CAF
-296.1316238262413,188.09662621222597,0.0,CAF
180.12143771599645,344.7149717120344,0.0,CAF
-139.02750016968574,154.19542912321552,0.0,CAF
-202.6208395189115,-136.04746893655462,0.0,CAF
142.03655402634647,-261.9617600369117,0.0,CAF
32.778869162303465,-330.64919610501227,0.0,CAF
244.01315951541358,-109.70797128499802,0.0,CAF
198.27318716315577,237.66959945855365,0.0,CAF
-225.09612595539522,-100.66296034789418,0.0,CAF
273.11470592930135,74.60704625120904,0.0,CAF
-73.67445326003431,-378.12544272545483,0.0,CAF
-379.8145163508192,36.809735046473435,0.0,CAF
-369.0966886162162,128.95953975508175,0.0,CAF
256.00517462159127,166.22976610743686,0.0,CAF
168.79407026225374,316.14054103543,0.0,CAF
204.41055123223316,-268.2134641370573,0.0,CAF
106.59170718759252,-315.5794462043944,0.0,CAF
241.70563949738838,134.76525087017293,0.0,CAF
-209.39460486356032,148.0060805071748,0.0,CAF
127.97116869460866,310.4984016827799,0.0,CAF
347.65359992345566,144.16768519334101,0.0,CAF
-168.4710702936958,298.15285350923557,0.0,CAF
-0.5094610025235901,278.8525743490777,0.0,CAF
-324.5941703620508,79.57079916701423,0.0,CAF
23.996384363572318,-360.98180308026184,0.0,CAF
298.7626425364851,32.17648405234159,0.0,CAF
-279.8206847845329,124.27438458523521,0.0,CAF
122.97618066066114,-245.76418959166784,0.0,CAF
127.73363827765255,-265.32702642532064,0.0,CAF
-217.14358483072695,-56.35055210690884,0.0,CAF
-224.45040807939012,-106.442469624171,0.0,CAF
-332.8004213366274,84.66501570538543,0.0,CAF
46.122894244218706,-224.9820585615373,0.0,CAF
-29.272034926907747,-198.61377152381905,0.0,CAF
-366.71363319405685,134.1522354343626,0.0,CAF
-133.93096647206983,160.83709167676952,0.0,CAF
-366.2636720119762,60.60090132904127,0.0,CAF
102.77710372427055,-196.06512610217362,0.0,CAF
252.83135537368446,-2.8579947915257695,0.0,CAF
243.0662956211333,-141.44804595984272,0.0,CAF
74.16772667356942,258.14799112069767,0.0,CAF
319.80800471980217,-204.90810542954145,0.0,CAF
-328.320614827802,36.223628853124964,0.0,CAF
131.9564877176412,-198.268431709786,0.0,CAF
-61.444708853210976,224.95225941955866,0.0,CAF
73.55813792027001,298.9587080912339,0.0,CAF
225.748825078959,40.18114509558735,0.0,CAF
-173.5362390797055,111.85098638894189,0.0,CAF
196.28374115810087,228.56708213019468,0.0,CAF
-33.30327435777595,-376.5889676957249,0.0,CAF
-181.5726133989372,131.83906373624052,0.0,CAF
-51.64893551720008,-263.62583101725636,0.0,CAF
-108.67794105227875,-215.21655695027152,0.0,CAF
241.12505641399667,-204.7239999375729,0.0,CAF
-58.52237617783778,-333.252188422994,0.0,CAF
66.84838743965449,-343.7080939546844,0.0,CAF
216.04482440368045,-325.5049870059955,0.0,CAF
163.14048087687087,-136.75336338517022,0.0,CAF
41.31700827546351,-250.41474127296578,0.0,CAF
-18.7408205358767,221.6757485575275,0.0,CAF
242.1294590359729,160.095884281828,0.0,CAF
73.6315487927196,382.5182131103526,0.0,CAF
343.2165560731677,-139.5038824987654,0.0,CAF
-155.83956363348156,131.8792210863192,0.0,CAF
253.02903080647235,-174.26439692214606,0.0,CAF
26.181018664330963,322.55158091628874,0.0,CAF
-281.8746940033264,0.8039123235290088,0.0,CAF
-189.81748855418454,206.08363302022275,0.0,CAF
163.61523394340176,-152.86778475842817,0.0,CAF
204.41719668492945,162.4300442397197,0.0,CAF
-164.83859148860978,308.03733790156747,0.0,CAF
-161.32211934704347,188.15243156075158,0.0,CAF
270.87638211142774,-126.51362212553575,0.0,CAF
324.09405892349974,86.9643597273971,0.0,CAF
157.6073479536585,200.3973460036635,0.0,CAF
18.17637213898332,-329.6029354453624,0.0,CAF
306.68536852412683,-198.38129255806226,0.0,CAF
-10.6947701805838,240.87787089208808,0.0,CAF
-26.088747528239775,237.20541220287964,0.0,CAF
295.5512229137356,101.50775790242513,0.0,CAF
42.75102104988145,-290.85974229339445,0.0,CAF
-173.81763168876628,348.2290713702105,0.0,CAF
-181.74389343040602,342.6313421513593,0.0,CAF
-56.498419075516274,378.1690067099937,0.0,CAF
-135.14055360279235,372.81116964845836,0.0,CAF
-355.7437307384922,-122.2413000984971,0.0,CAF
79.29669797532765,375.5831679233715,0.0,CAF
226.25393401812073,-81.0588001689369,0.0,CAF
273.36009043079986,175.73882524015565,0.0,CAF
135.35574111870983,-208.23047033976704,0.0,CAF
377.39228211851344,-32.5262204294411,0.0,CAF
235.384364581238,82.30378683097007,0.0,CAF
-21.595613097267968,-321.8497387349072,0.0,CAF
204.07364575808873,127.77831213158977,0.0,CAF
156.28084849465017,-269.41521827269054,0.0,CAF
120.92909774120447,-256.3727570944447,0.0,CAF
-272.2874530286942,45.0536211437569,0.0,CAF
-94.22321321753185,350.63485388888796,0.0,CAF
380.7151720153114,-58.38131930931659,0.0,CAF
178.1618043313596,206.41589574201097,0.0,CAF
200.60734736863586,-195.23460854232567,0.0,CAF
-152.60447012658614,-139.05017272559923,0.0,CAF
193.09059752875365,86.68355137756033,0.0,CAF
203.27858263630938,4.267226016928714,0.0,CAF
-239.38368548867828,55.80064517114421,0.0,CAF
97.77716967856684,-378.0056740366273,0.0,CAF
-119.11215671661569,-257.72455502346526,0.0,CAF
-161.48112849838884,361.64865034916625,0.0,CAF
316.45742643843295,-30.801566993710175,0.0,CAF
-357.4403602943775,91.83980023382746,0.0,CAF
-47.78697857181644,-318.5919018620527,0.0,CAF
-124.29287510401423,195.94248170244325,0.0,CAF
201.88971438504353,-42.165583675950224,0.0,CAF
281.427996149516,-119.73631399336622,0.0,CAF
-52.32593845797567,-335.0159534502788,0.0,CAF
250.9885534688547,-198.03546155412377,0.0,CAF
281.1344491957908,14.2326628829198,0.0,CAF
249.89204225409125,141.3941995957199,0.0,CAF
141.70203224586308,158.26028352627887,0.0,CAF
176.80293160300786,-248.89339877855497,0.0,CAF
385.5471164224285,-53.20996698026186,0.0,CAF
-76.79456930216575,-282.14645010245783,0.0,CAF
344.4865761221686,61.38484610348877,0.0,CAF
-288.1939090327383,-46.801553683740856,0.0,CAF
146.99938732324864,-147.07657282800275,0.0,CAF
8.502334758192381,-290.9991835903627,0.0,CAF
66.63461807853682,250.6041568144162,0.0,CAF
110.03974949389446,-360.8783162307337,0.0,CAF
356.2665122689207,-17.12558643972285,0.0,CAF
17.835013651024344,351.4159645793557,0.0,CAF
-92.12960179385142,301.2553418765949,0.0,CD4_Tcell
325.51858366428036,-221.46458247781442,0.0,CD4_Tcell
-279.9899571823866,47.92453730624527,0.0,CD4_Tcell
145.5743583298052,-291.38893083282915,0.0,CD4_Tcell
-139.49446909700333,281.35894872132286,0.0,CD4_Tcell
147.63000020375313,-187.10228964152418,0.0,CD4_Tcell
337.8070710555605,-100.90310749802269,0.0,CD4_Tcell
-39.184441195477184,322.37760267549373,0.0,CD4_Tcell
42.29345484603674,201.96988472191634,0.0,CD4_Tcell
71.07819774175323,365.21616412100514,0.0,CD4_Tcell
-141.40490576109957,-213.87526484690878,0.0,CD4_Tcell
-146.3020176460814,305.35131581735817,0.0,CD4_Tcell
362.6266282024579,140.734691471656,0.0,CD4_Tcell
344.88637375096636,161.33455247968874,0.0,CD4_Tcell
89.36505289267868,389.65032997955103,0.0,CD4_Tcell
-328.56768468282405,-135.77439238537224,0.0,CD4_Tcell
342.51737563492304,-6.1352155629774865,0.0,CD4_Tcell
-381.4136857241892,-114.2183651245955,0.0,CD4_Tcell
-261.6185452782006,-63.79355337705994,0.0,CD4_Tcell
167.56070646625705,-329.8582323286828,0.0,CD4_Tcell
66.18673569579286,-252.72411562205855,0.0,CD4_Tcell
184.55543289780405,153.25051591548652,0.0,CD4_Tcell
-352.95257336507456,161.81467294865863,0.0,CD4_Tcell
335.62731677827117,205.17957459614465,0.0,CD4_Tcell
192.19509005875983,320.4239851015731,0.0,CD4_Tcell
-263.6051445305837,-29.95920292677421,0.0,CD4_Tcell
-185.02006923620252,275.9231974342985,0.0,CD4_Tcell
235.4626348037753,318.1708761789659,0.0,CD4_Tcell
82.46837946954172,-304.7302733516436,0.0,CD4_Tcell
-101.12509909565674,-312.45362638610084,0.0,CD4_Tcell
272.37478725199514,-108.47579575664915,0.0,CD4_Tcell
-253.12306370772671,-122.25857702602733,0.0,CD4_Tcell
164.85748211847422,-256.80999784952854,0.0,CD4_Tcell
84.03779236816084,225.2038040594919,0.0,CD4_Tcell
-56.62223119887351,-382.98171181337096,0.0,CD4_Tcell
-236.4971633598993,28.87479843141599,0.0,CD4_Tcell
245.31387607697724,-302.00829069980585,0.0,CD4_Tcell
-146.4601372958012,-218.52405809275746,0.0,CD4_Tcell
-186.85099641345897,-348.569718104169,0.0,CD4_Tcell
-310.8160549504927,130.05096824834368,0.0,CD4_Tcell
-208.17079919825954,-292.9663738916433,0.0,CD4_Tcell
-367.4171514392728,-2.155298048028493,0.0,CD4_Tcell
-59.359061946518466,-369.30551088159524,0.0,CD4_Tcell
-28.55203822266697,389.5964558879495,0.0,CD4_Tcell
-111.46571827127589,-381.86171297549055,0.0,CD4_Tcell
-345.21917592579643,186.48068984807233,0.0,CD4_Tcell
-191.44659912940685,60.73282358127187,0.0,CD4_Tcell
-301.420355267087,-188.35619123681076,0.0,CD4_Tcell
311.51393450120565,-234.80409702379873,0.0,CD4_Tcell
-14.237696113586715,-302.97549888106767,0.0,CD4_Tcell
335.70888981482653,42.906941842302494,0.0,CD4_Tcell
226.4270212421756,-223.12688613965207,0.0,CD4_Tcell
203.5380063453793,227.2633890870445,0.0,CD4_Tcell
20.523911637149755,-217.77030205160185,0.0,CD4_Tcell
12.653919696568053,270.01989764931386,0.0,CD4_Tcell
-124.67501378921052,290.301543747551,0.0,CD4_Tcell
-231.7667937447033,-282.393217491349,0.0,CD4_Tcell
-195.5056875486902,252.83522607606304,0.0,CD4_Tcell
-269.20690142064564,167.4254574997452,0.0,CD4_Tcell
-278.25385820782736,-233.45014342874995,0.0,CD4_Tcell
-149.93992854658694,314.7006552014982,0.0,CD4_Tcell
325.72328504362315,33.32919239895481,0.0,CD4_Tcell
-213.06907791587292,-190.3670888586031,0.0,CD4_Tcell
156.65277272929848,-139.97063655298675,0.0,CD4_Tcell
175.67468783031404,99.96975371091631,0.0,CD4_Tcell
308.8844768266412,-63.03696349406022,0.0,CD4_Tcell
-70.3177452922813,242.85848094443054,0.0,CD4_Tcell
-60.84107565774754,352.2581840316428,0.0,CD4_Tcell
-67.54877631051353,272.7019110965046,0.0,CD4_Tcell
75.82645605033552,-276.80634066885614,0.0,CD4_Tcell
-344.646572415449,32.901619066768184,0.0,CD4_Tcell
298.8650128397781,3.703340353575922,0.0,CD4_Tcell
153.63890613555859,-259.6028326816616,0.0,CD4_Tcell
-97.64210646967774,-308.62149409209815,0.0,CD4_Tcell
-309.5961732508254,-224.39240644636533,0.0,CD4_Tcell
191.01183986323943,215.82295666349867,0.0,CD4_Tcell
278.88095592541,-111.8948097483365,0.0,CD4_Tcell
-267.16000190856386,-173.91507374517573,0.0,CD4_Tcell
-123.99197592282086,-312.57904249331693,0.0,CD4_Tcell
-45.601772555165674,-280.50651619370933,0.0,CD4_Tcell
-8.669626864660911,-292.9350109791036,0.0,CD4_Tcell
-260.2037638913012,-127.0579301976039,0.0,CD4_Tcell
-210.86920667892517,-162.8891024066563,0.0,CD4_Tcell
235.2209144928614,151.8954456724894,0.0,CD4_Tcell
-304.6392799589789,-51.66835028968065,0.0,CD4_Tcell
-183.2123521335094,-128.25096804659836,0.0,CD4_Tcell
200.7946665917092,-175.9219627760861,0.0,CD4_Tcell
255.57856369921004,-229.05623775441964,0.0,CD4_Tcell
98.74885079098112,-330.54516436721156,0.0,CD4_Tcell
206.05176353304114,320.6549123433856,0.0,CD4_Tcell
90.82614824035038,356.47733496620214,0.0,CD4_Tcell
-323.7326089683843,53.1394734916438,0.0,CD4_Tcell
141.54678003348474,164.74399093164072,0.0,CD4_Tcell
279.7675534317665,-52.71196275767985,0.0,CD4_Tcell
329.72140019592626,51.11622077523313,0.0,CD4_Tcell
119.71902972693084,-317.49783980051757,0.0,CD4_Tcell
-191.71429077252145,-273.1600276480167,0.0,CD4_Tcell
386.93026218449864,4.2089643546307425,0.0,CD4_Tcell
-348.5173703915658,-123.52483762008944,0.0,CD4_Tcell
98.68429301257581,-204.80422782294832,0.0,CD4_Tcell
364.3706515148784,157.05500513599358,0.0,CD4_Tcell
265.0488808184464,-281.5486265153753,0.0,CD4_Tcell
-352.193433701582,-80.56204500132515,0.0,CD4_Tcell
268.53626505875667,-3.018267660358058,0.0,CD4_Tcell
150.41925078698048,-255.70746432252653,0.0,CD4_Tcell
-59.378222304953965,204.2729043431725,0.0,CD4_Tcell
-7.0414066768718,378.0304038390238,0.0,CD4_Tcell
97.76155231884812,-384.97168319458615,0.0,CD4_Tcell
259.3987672561943,164.74559358803592,0.0,CD4_Tcell
-304.1609731546196,-43.39767967500636,0.0,CD4_Tcell
-210.89341837680755,-282.2201109102812,0.0,CD4_Tcell
-230.7263021359101,39.33157888280375,0.0,CD4_Tcell
86.38699388740798,294.8831425133041,0.0,CD4_Tcell
386.83474316656236,83.3937912709215,0.0,CD4_Tcell
383.68873972515865,79.99069811781682,0.0,CD4_Tcell
213.30509046061258,-97.4354813615505,0.0,CD4_Tcell
-9.715895287136847,261.68519019885997,0.0,CD4_Tcell
-259.87507013927063,178.38355216001935,0.0,CD4_Tcell
13.822786350890869,-213.658693521736,0.0,CD4_Tcell
-210.62934596490314,-279.6027347644585,0.0,CD4_Tcell
49.806226156488016,-306.9791463367692,0.0,CD4_Tcell
-342.26240539946804,-78.77691223692864,0.0,CD4_Tcell
-314.921249099812,236.17809772277124,0.0,CD4_Tcell
80.81393626630685,-319.7844784926116,0.0,CD4_Tcell
-167.9870444158695,-320.0920234662678,0.0,CD4_Tcell
-187.68960767399514,140.5638735906007,0.0,CD4_Tcell
-276.0198591262493,270.0707165815817,0.0,CD4_Tcell
-249.095030236267,111.00867350912628,0.0,CD4_Tcell
277.6171512051819,-219.69731940630658,0.0,CD4_Tcell
21.06160741382693,334.79570032619586,0.0,CD4_Tcell
63.25542184488963,-386.304253950748,0.0,CD4_Tcell
265.3341735061503,247.57783241938486,0.0,CD4_Tcell
138.3346320101365,-351.2756650502735,0.0,CD4_Tcell
278.326124557361,156.07057573407974,0.0,CD4_Tcell
342.3552208483552,121.67886297752935,0.0,CD4_Tcell
-127.33847012297959,-273.5897499219327,0.0,CD4_Tcell
-171.5035183870463,298.0481501906123,0.0,CD4_Tcell
-313.8769726743977,-158.06227680186137,0.0,CD4_Tcell
-105.7229501705278,340.1111802715873,0.0,CD4_Tcell
-274.9239993682131,-215.41835857419318,0.0,CD4_Tcell
-158.0936259643302,269.1654137692722,0.0,CD4_Tcell
-194.68559480674736,293.83446170524917,0.0,CD4_Tcell
33.01522801054998,-333.47909527134476,0.0,CD4_Tcell
-282.8512762102964,-127.60372414376278,0.0,CD4_Tcell
134.33199856695734,-315.9360842088423,0.0,CD4_Tcell
276.23937363358624,-177.0042819081388,0.0,CD4_Tcell
-318.27863158115457,223.2023170857631,0.0,CD4_Tcell
-235.6987992911345,124.10186927107151,0.0,CD4_Tcell
-323.7857234734935,-220.52875702851978,0.0,CD4_Tcell
-343.8366884869593,-159.7674543422592,0.0,CD4_Tcell
-172.1689222662528,-357.6363962863391,0.0,CD4_Tcell
16.240672513679275,-358.2087914986024,0.0,CD4_Tcell
12.521976991118164,-344.9638668809624,0.0,CD4_Tcell
12.144446071101543,-214.667536726406,0.0,CD4_Tcell
253.5799604286742,213.07747361965542,0.0,CD4_Tcell
-194.99825892940547,-75.00479490538434,0.0,CD4_Tcell
118.3269511433317,-210.96542288756197,0.0,CD4_Tcell
250.06273101683846,45.97648936609323,0.0,CD4_Tcell
-105.51275548005819,203.39378085923255,0.0,CD4_Tcell
-175.555267318787,198.25761199401623,0.0,CD4_Tcell
-330.8353217783928,58.36059384867454,0.0,CD4_Tcell
-16.723520404611715,393.1092678919647,0.0,CD4_Tcell
-168.01133486465923,178.34140291668305,0.0,CD4_Tcell
212.8622048937551,332.0154352375861,0.0,CD4_Tcell
-293.8965085449965,-216.05840602785983,0.0,CD4_Tcell
-206.95411623641834,287.9412453443998,0.0,CD4_Tcell
-10.52581644522483,-386.70882120620576,0.0,CD4_Tcell
-297.34205027470136,2.4256382056409085,0.0,CD4_Tcell
67.53015992475098,198.5721884869798,0.0,CD4_Tcell
5.855231248335813,367.9186277392582,0.0,CD4_Tcell
229.61538322106378,291.6084598116324,0.0,CD4_Tcell
124.04235377198195,-168.68071267178718,0.0,CD4_Tcell
-258.2892447705115,280.0677301462438,0.0,CD4_Tcell
-223.17976089167,83.34580028296813,0.0,CD4_Tcell
81.45482124364571,385.83950792726347,0.0,CD4_Tcell
138.29905227118135,283.1966533420234,0.0,CD4_Tcell
-156.9670361534362,-327.38568561487676,0.0,CD4_Tcell
-203.94575897830504,-58.2520958168187,0.0,CD4_Tcell
296.1353447339384,-251.3810973636675,0.0,CD4_Tcell
-191.83557128877496,265.34393995804027,0.0,CD4_Tcell
55.72522076998656,-239.67666793094352,0.0,CD4_Tcell
251.6127022251752,-153.18244723819157,0.0,CD4_Tcell
167.12431723892288,166.65514097203518,0.0,CD4_Tcell
-126.31950663864995,263.0933012109987,0.0,CD4_Tcell
66.0909533255734,-336.23031843070663,0.0,CD4_Tcell
148.19521794404616,-148.4635484632209,0.0,CD4_Tcell
-254.59855366945996,-304.06273859648746,0.0,CD4_Tcell
-161.26955071901347,256.5726799459597,0.0,CD4_Tcell
-76.53060829780068,-361.2438468663402,0.0,CD4_Tcell
-208.83766273515576,-289.8035197758616,0.0,CD4_Tcell
379.2688008015718,-19.593451356516447,0.0,CD4_Tcell
-233.0324258537511,-39.4063121600962,0.0,CD4_Tcell
-354.2526219788106,-54.56103260846412,0.0,CD4_Tcell
362.714555762091,-77.91949440410238,0.0,CD4_Tcell
-101.40729289588468,178.11772902302573,0.0,CD4_Tcell
-156.95134099120503,-127.36277069170896,0.0,CD4_Tcell
-335.1744257807879,46.072902194219246,0.0,CD4_Tcell
-220.48904081132667,52.06735812031463,0.0,CD4_Tcell
-210.8069224877542,-39.740412029405185,0.0,CD4_Tcell
191.60659919205872,-109.83745533954539,0.0,CD4_Tcell
-67.26188067084014,-316.53586039655954,0.0,CD4_Tcell
358.9597832414163,-116.44129485279113,0.0,CD4_Tcell
-356.6530981345304,-64.09861649079492,0.0,CD4_Tcell
267.80503822207214,-286.23956371309146,0.0,CD4_Tcell
-51.80495878898938,323.54237926215825,0.0,CD4_Tcell
35.23047777029587,265.02727134402693,0.0,CD4_Tcell
-322.15766907609515,-72.07232670530381,0.0,CD4_Tcell
86.43357508320756,-211.07323437739902,0.0,CD4_Tcell
159.5960155937984,297.72214271778034,0.0,CD4_Tcell
-343.24893760236824,143.81198537700385,0.0,CD4_Tcell
223.22384107915468,-61.22072476236932,0.0,CD4_Tcell
15.125001406875391,326.0207294012528,0.0,CD4_Tcell
-216.58519071512757,272.00192691980567,0.0,CD4_Tcell
-260.1703278214594,-139.04102187816417,0.0,CD4_Tcell
-104.10748267510218,320.96171168259013,0.0,CD4_Tcell
248.83313698422543,120.29613528951462,0.0,CD4_Tcell
123.09988611175508,198.95571300138565,0.0,CD4_Tcell
-233.2625172930375,113.50117382549686,0.0,CD4_Tcell
369.2846291204563,-28.95612938529212,0.0,CD4_Tcell
92.63932090111685,231.5733076563398,0.0,CD4_Tcell
54.594522417796355,360.3515749112252,0.0,CD4_Tcell
118.50833665613656,352.41949988393435,0.0,CD4_Tcell
-319.15749064948324,-26.929538624761328,0.0,CD4_Tcell
-281.3534436417781,109.95329066413748,0.0,CD4_Tcell
251.48463272980814,-119.70368520503068,0.0,CD4_Tcell
-267.4715741300074,-164.4801057143365,0.0,CD4_Tcell
-122.94555937882514,160.8823437881793,0.0,CD4_Tcell
266.0732838576654,-177.7358775622805,0.0,CD4_Tcell
-205.31463446748847,-318.9401722254026,0.0,CD4_Tcell
-6.834348885178114,-200.6229968521975,0.0,CD4_Tcell
31.57133351515967,-326.6801143872684,0.0,CD4_Tcell
-143.39573567752157,-355.4593477897557,0.0,CD4_Tcell
-66.21139808158281,-292.8903788620705,0.0,CD4_Tcell
161.05446649329807,152.64944230239072,0.0,CD4_Tcell
-295.32958736336644,-56.235601164506875,0.0,CD4_Tcell
167.58924830024256,-362.65091606213196,0.0,CD4_Tcell
-305.6402589185997,26.011271001050453,0.0,CD4_Tcell
49.07093072775321,-228.28865579416382,0.0,CD4_Tcell
-202.17729147692452,10.900329510979848,0.0,CD4_Tcell
-199.42797423255163,-277.8493677843005,0.0,CD4_Tcell
206.43943216295577,342.5263186208138,0.0,CD4_Tcell
254.17605247165343,-291.11874714137036,0.0,CD4_Tcell
273.20825078395967,-223.62818061824467,0.0,CD4_Tcell
85.019744898134,327.00101150806006,0.0,CD4_Tcell
380.9561668671802,-105.05248368971303,0.0,CD4_Tcell
-227.5823995479457,-327.4703787478474,0.0,CD4_Tcell
249.10035336604042,204.86087864246855,0.0,CD4_Tcell
122.23017205581218,210.64957863992356,0.0,CD4_Tcell
-258.72665821763303,60.167467158549364,0.0,CD4_Tcell
332.9931237492071,90.18405540993272,0.0,CD4_Tcell
54.01562731050444,-277.9443663296624,0.0,CD4_Tcell
-78.40130297673214,-329.0714483380934,0.0,CD4_Tcell
181.8352022774533,84.4310513583115,0.0,CD4_Tcell
337.32869331283166,0.8866777105239239,0.0,CD4_Tcell
288.4673676891405,-190.43605821126263,0.0,CD4_Tcell
-273.2768261797559,-40.977718190305595,0.0,CD4_Tcell
-115.5676277841538,-230.3714786242565,0.0,CD4_Tcell
72.58621715186176,206.54358849007676,0.0,CD4_Tcell
-157.19626504384968,165.54608893653952,0.0,CD4_Tcell
1.1559737283143852,247.96437708602656,0.0,CD4_Tcell
-15.384316968418212,-365.03727080913905,0.0,CD4_Tcell
-160.18620665947873,301.6945298007215,0.0,CD4_Tcell
-79.57385714025928,377.6299271381691,0.0,CD4_Tcell
-377.0012323680909,80.88213639708778,0.0,CD4_Tcell
-349.3819658151839,-113.18351689475112,0.0,CD4_Tcell
260.01361980916516,-254.8614511904079,0.0,CD4_Tcell
4.8444788981081945,333.7537518121679,0.0,CD4_Tcell
266.59204632167007,250.16537336153922,0.0,CD4_Tcell
-29.144324951345304,284.2946296047924,0.0,CD4_Tcell
-24.042908513250914,210.87384599974442,0.0,CD4_Tcell
-161.22122389368852,-262.7227184992602,0.0,CD4_Tcell
-239.53166201152177,-14.676275933223408,0.0,CD4_Tcell
-44.11025805550505,-377.2455099993245,0.0,CD4_Tcell
356.2067742025108,81.6134471937825,0.0,CD4_Tcell
-281.7930704567229,-8.972895654172012,0.0,CD4_Tcell
31.411389949509694,373.11636044477615,0.0,CD4_Tcell
-203.52173091508539,-260.5564171174567,0.0,CD4_Tcell
140.04252655285654,303.48465634706446,0.0,CD4_Tcell
313.0227212077521,-173.25272555655732,0.0,CD4_Tcell
-133.1182132892168,245.62646061670765,0.0,CD4_Tcell
-366.8416047545455,47.66553951494613,0.0,CD4_Tcell
-112.6568573658822,-324.55136606494074,0.0,CD4_Tcell
-207.5269273587992,118.87491884372854,0.0,CD4_Tcell
79.17827467619638,241.70020615959322,0.0,CD4_Tcell
167.9433822162665,-215.44536263179901,0.0,CD4_Tcell
-197.44301897332227,-240.68461807504045,0.0,CD4_Tcell
304.2286384390799,194.52281557644892,0.0,CD4_Tcell
-221.84242776605487,-74.01295608406059,0.0,CD4_Tcell
75.39938473687191,-232.42058856436947,0.0,CD4_Tcell
2.2448591362885906,382.04195709140475,0.0,CD4_Tcell
-217.85183827217529,-325.07884730464565,0.0,CD4_Tcell
-147.0458594551065,351.04106784101276,0.0,CD4_Tcell
358.9410766738292,-103.21020586052568,0.0,CD4_Tcell
-166.77604954444197,339.89748456359155,0.0,CD4_Tcell
244.26841651672675,-84.51125194234379,0.0,CD4_Tcell
-108.01604101809055,284.251589382091,0.0,CD4_Tcell
-240.26670609761902,-197.76060239800108,0.0,CD4_Tcell
227.29066220571278,320.4521375641601,0.0,CD4_Tcell
65.10782222651531,294.2303571957619,0.0,CD4_Tcell
-297.8956997635442,-158.88649379111965,0.0,CD4_Tcell
-326.79309036669116,2.0058805622694877,0.0,CD4_Tcell
-276.0383483749175,-189.59435795784233,0.0,CD4_Tcell
-29.777274271526647,-396.0908764344169,0.0,CD4_Tcell
-41.78425437265358,-197.4591879263779,0.0,CD4_Tcell
-2.173163176800407,-351.4050750848041,0.0,CD4_Tcell
-152.80016427532797,263.78747348763574,0.0,CD4_Tcell
72.07218356119135,284.72061657360103,0.0,CD4_Tcell
262.1352687528888,-34.8057887190841,0.0,CD4_Tcell
-263.1895678217841,-184.71322510641653,0.0,CD4_Tcell
267.12820308747513,96.99043516826929,0.0,CD4_Tcell
72.68430356734363,-300.6358264240339,0.0,CD4_Tcell
26.77752802495686,302.16881400431043,0.0,CD4_Tcell
332.27407738716965,-58.13410241436906,0.0,CD4_Tcell
-320.7640119200932,64.43534418601598,0.0,CD4_Tcell
301.2250114330779,-181.03274087292618,0.0,CD4_Tcell
-95.367035041855,339.25311463136615,0.0,CD4_Tcell
-152.5754961432348,332.2037045259513,0.0,CD4_Tcell
243.5742048320349,109.32050792772903,0.0,CD4_Tcell
202.2837378883036,89.73767032344385,0.0,CD4_Tcell
12.711612583602307,-264.35451586785246,0.0,CD4_Tcell
227.37626339104202,-259.693724518608,0.0,CD4_Tcell
122.27382874441564,-352.3203402175659,0.0,CD4_Tcell
-278.14269314749816,-143.82712971030435,0.0,CD4_Tcell
120.16829756789453,-194.05164255379856,0.0,CD4_Tcell
46.268482850816405,315.77564621376166,0.0,CD4_Tcell
-306.78958847409694,45.52598866567023,0.0,CD4_Tcell
210.9786048906668,-139.6449957146054,0.0,CD4_Tcell
115.19030568845423,-323.8328663838071,0.0,CD4_Tcell
-394.5550582175834,-34.157452178788375,0.0,CD4_Tcell
283.57555026862406,-39.215558187848586,0.0,CD4_Tcell
-292.756540094447,-247.62713203640374,0.0,CD4_Tcell
195.86818273273198,-138.21405703419092,0.0,CD4_Tcell
-222.58113910171772,-115.42705148785576,0.0,CD4_Tcell
-228.06295641021032,171.49167252391484,0.0,CD4_Tcell
210.7386002678274,139.71043454167028,0.0,CD4_Tcell
127.77175636653377,-230.08835022552512,0.0,CD4_Tcell
184.8055298346515,-259.7529399625807,0.0,CD4_Tcell
202.2095023952936,-282.87949656381574,0.0,CD4_Tcell
68.27236320567077,221.49146386347968,0.0,CD4_Tcell
-223.419236052666,-211.52258629753834,0.0,CD4_Tcell
263.037940464573,137.95922338011533,0.0,CD4_Tcell
210.00630726305548,-309.1975999306487,0.0,CD4_Tcell
52.56141173752498,-216.91730538777728,0.0,CD4_Tcell
-29.3800399374964,-276.75354182355443,0.0,CD4_Tcell
138.5406155513805,-218.42341062536343,0.0,CD4_Tcell
154.6779473975765,-307.7065430436409,0.0,CD4_Tcell
197.02793999322608,184.03497763460928,0.0,CD4_Tcell
213.46787235759567,109.60671446396663,0.0,CD4_Tcell
-64.73886037535536,231.7999254309506,0.0,CD4_Tcell
-288.4882122896659,32.93639089599723,0.0,CD4_Tcell
-117.72247894563041,-237.32294047469392,0.0,CD4_Tcell
-315.57068220112615,0.8841078952559266,0.0,CD4_Tcell
78.32594099410099,305.59908524179286,0.0,CD4_Tcell
29.061469036171133,-316.2271004982251,0.0,CD4_Tcell
-305.4827452145286,232.00671022933702,0.0,CD4_Tcell
-226.72608517921978,37.644458597294026,0.0,CD4_Tcell
-388.52049130154467,49.19636959837411,0.0,CD4_Tcell
96.4990001532558,362.95487827571856,0.0,CD4_Tcell
65.59558902127279,-374.9486932431207,0.0,CD4_Tcell
257.6056467850565,138.49610798181067,0.0,CD4_Tcell
-153.7320619349476,186.47257557576938,0.0,CD4_Tcell
208.65839701576246,274.79014439612456,0.0,CD4_Tcell
57.71750203408798,-216.80059206277457,0.0,CD4_Tcell
37.63829592858527,340.4867336668232,0.0,CD4_Tcell
-194.51328338086043,-267.61659558315466,0.0,CD4_Tcell
-271.5687710014514,113.70797024852446,0.0,CD4_Tcell
-194.34754305664583,-175.27149681847004,0.0,CD4_Tcell
-259.92545209192457,-161.04086904203155,0.0,CD4_Tcell
117.51004683954999,342.90894401093635,0.0,CD4_Tcell
-6.938870080700872,249.79022475995342,0.0,CD4_Tcell
110.70558141364857,-226.33867833856445,0.0,CD4_Tcell
196.606012577298,-66.90403364226408,0.0,CD4_Tcell
105.88173675268483,-220.54690964254164,0.0,CD4_Tcell
5.879579232706822,-274.50473760727294,0.0,CD4_Tcell
370.55061454939096,27.559966971622533,0.0,CD4_Tcell
-52.384686305266996,222.13697791930846,0.0,CD4_Tcell
-243.80473272535937,-186.78497697313003,0.0,CD4_Tcell
-224.86651217599444,306.88279454920485,0.0,CD4_Tcell
185.31159669376075,270.85965136257295,0.0,CD4_Tcell
-219.9695050956855,60.81165944482459,0.0,CD4_Tcell
-383.23862051791525,56.03670757556961,0.0,CD4_Tcell
-308.066142661979,-234.21474405112463,0.0,CD4_Tcell
339.0177254930508,66.47343472361987,0.0,CD4_Tcell
-276.3516126550005,-254.0731499427444,0.0,CD4_Tcell
154.71713489270147,178.28466256026553,0.0,CD4_Tcell
-159.64397847298758,313.78748390183534,0.0,CD4_Tcell
261.5416275036812,-264.94629813322814,0.0,CD4_Tcell
-277.6415230883138,-152.46155936456086,0.0,CD4_Tcell
318.11943947601856,-222.05459159689138,0.0,CD4_Tcell
-265.8440510602108,-234.08179572825716,0.0,CD4_Tcell
-289.08120469538534,-250.36254735976468,0.0,CD4_Tcell
-193.33517935835332,-153.81255626216154,0.0,CD4_Tcell
198.54443026437895,-168.68880905034916,0.0,CD4_Tcell
212.10594663899317,104.8884296837353,0.0,CD4_Tcell
366.1714083255276,16.908686075338913,0.0,CD4_Tcell
-107.97147644689453,-193.49812534531094,0.0,CD4_Tcell
278.1547640339296,185.81298555316863,0.0,CD4_Tcell
201.90878453626172,180.98297597095936,0.0,CD4_Tcell
-179.73867599135028,-181.15158111488554,0.0,CD4_Tcell
222.46948296666068,180.93384264544997,0.0,CD4_Tcell
-246.0172521066417,-133.21001580278812,0.0,CD4_Tcell
155.80266055459066,214.61437604002535,0.0,CD4_Tcell
-5.973817072141087,296.5769375156441,0.0,CD4_Tcell
242.15277854497455,170.9407671759673,0.0,CD4_Tcell
-188.73353291229796,125.40574643499109,0.0,CD4_Tcell
-217.59613263103338,-63.2426289382812,0.0,CD4_Tcell
-293.69603420857936,251.62753274010515,0.0,CD4_Tcell
377.9077444840828,-48.27704567786654,0.0,CD4_Tcell
-240.32218623476254,-252.42607130330626,0.0,CD4_Tcell
58.61720555098283,235.96111862073545,0.0,CD4_Tcell
-130.3651058980435,-295.76135587594126,0.0,CD4_Tcell
232.4488524356844,-47.796271014865745,0.0,CD4_Tcell
-299.47775014856296,33.49973142742386,0.0,CD4_Tcell
139.539235125485,-340.8070246405664,0.0,CD4_Tcell
-231.11209314654946,-241.01392102195337,0.0,CD4_Tcell
-135.52546981250146,-366.5812410676743,0.0,CD4_Tcell
236.65143207538097,229.64907537937222,0.0,CD4_Tcell
163.5910203979084,306.01207424089904,0.0,CD4_Tcell
-348.72916222846703,-182.98078141026244,0.0,CD4_Tcell
25.67453333600956,379.0958024277728,0.0,CD4_Tcell
91.65487026798282,247.50153971261176,0.0,CD4_Tcell
86.37276345148149,-362.86685823950586,0.0,CD4_Tcell
292.4817307450387,-53.39577540300427,0.0,CD4_Tcell
-65.35304591223489,193.55425840666877,0.0,CD4_Tcell
78.14647120529976,371.1828951916095,0.0,CD4_Tcell
-377.8994415987419,-62.24911016488792,0.0,CD4_Tcell
134.20065657140324,163.33512528958806,0.0,CD4_Tcell
229.3192427670425,-200.83005733044007,0.0,CD4_Tcell
-265.9584037017723,216.71382066707076,0.0,CD4_Tcell
-262.508238692278,271.7274740778904,0.0,CD4_Tcell
-204.42989968725087,189.81033376037442,0.0,CD4_Tcell
-356.48537339462246,-93.60747993639592,0.0,CD4_Tcell
74.9364549654891,264.4261595450741,0.0,CD4_Tcell
290.6029437379721,119.1607360333678,0.0,CD4_Tcell
-207.81312994693886,235.80916823152478,0.0,CD4_Tcell
232.75959288178618,64.97205030853938,0.0,CD4_Tcell
-100.48846004825526,280.13297885922844,0.0,CD4_Tcell
352.2217450560914,152.76665715397584,0.0,CD4_Tcell
-25.617096529660586,-227.30645290956525,0.0,CD4_Tcell
169.3823842603799,129.3035427444602,0.0,CD4_Tcell
84.48192919068335,-345.42179671955705,0.0,CD4_Tcell
270.59436076169146,19.852604920479763,0.0,CD4_Tcell
-36.083567279542926,-391.1148707823203,0.0,CD4_Tcell
231.21005366033936,199.49528606372442,0.0,CD4_Tcell
-309.92150995872584,-36.27983909307177,0.0,CD4_Tcell
149.93063135712435,-227.35227566327472,0.0,CD4_Tcell
-100.54739337060494,287.8491327209011,0.0,CD4_Tcell
291.59643987657057,179.162548318627,0.0,CD4_Tcell
-125.26908867130122,315.1383448151664,0.0,CD4_Tcell
134.25954112165084,-321.3097921466437,0.0,CD4_Tcell
-138.54787590259403,-241.16425738609797,0.0,CD4_Tcell
132.08584203090493,-327.83264637894024,0.0,CD4_Tcell
145.2643730766566,-180.59309416732953,0.0,CD4_Tcell
277.84457575597594,194.2757370678357,0.0,CD4_Tcell
190.21208232020194,322.68562261291623,0.0,CD4_Tcell
-10.5221472994789,-357.99215740459636,0.0,CD4_Tcell
87.3901049358421,-335.1219297994158,0.0,CD4_Tcell
175.36226937025504,126.20483900827142,0.0,CD4_Tcell
72.02601963958632,-277.25006566782145,0.0,CD4_Tcell
-200.67694642756487,305.2014158248282,0.0,CD4_Tcell
287.9824508561986,-273.03608794434183,0.0,CD4_Tcell
144.14638403165262,-309.73070111810114,0.0,CD4_Tcell
-188.4671178403118,262.55865446546585,0.0,CD4_Tcell
-296.23616124673094,-109.48691758810374,0.0,CD4_Tcell
-323.24698544497915,45.53662039962797,0.0,CD4_Tcell
-204.4442598384145,176.0097528275458,0.0,CD4_Tcell
-323.2856937275036,-79.9465005306631,0.0,CD4_Tcell
196.04076443234197,235.20614161888105,0.0,CD4_Tcell
-250.43010305345652,-116.11771657216507,0.0,CD4_Tcell
141.51329930995803,-166.52022488807486,0.0,CD4_Tcell
-322.8589178071023,-182.6555970223065,0.0,CD4_Tcell
-83.2113723269054,-192.03531536731336,0.0,CD4_Tcell
-99.14679215603998,247.69359001847272,0.0,CD4_Tcell
248.58892501820603,-234.7027637489407,0.0,CD4_Tcell
32.59000808864569,369.78801064193124,0.0,CD4_Tcell
104.67515018473185,189.79508199472207,0.0,CD4_Tcell
56.29498822256747,210.16600296018453,0.0,CD4_Tcell
39.04392556683748,-265.60780186420357,0.0,CD4_Tcell
101.8996854704492,188.85752379914538,0.0,CD4_Tcell
-281.21337724406493,-283.9935713111292,0.0,CD4_Tcell
-77.92437037401913,190.6419326656036,0.0,CD4_Tcell
-272.3489105549808,-46.27606125603846,0.0,CD4_Tcell
-251.06047931971696,-183.5210968232737,0.0,CD4_Tcell
-273.4453717742474,-226.9003035830925,0.0,CD4_Tcell
-223.1885985219151,-232.6378109765962,0.0,CD4_Tcell
215.42336663601452,-227.7986483372921,0.0,CD4_Tcell
239.63059976024206,152.62684108919228,0.0,CD4_Tcell
-328.3544521960195,106.56853527149867,0.0,CD4_Tcell
-285.1517476623482,-159.6149440744869,0.0,CD4_Tcell
300.5380425549152,-60.42715045547233,0.0,CD4_Tcell
195.6288567553238,-143.30521267573707,0.0,CD4_Tcell
56.828364371784346,-393.7000870472178,0.0,CD4_Tcell
241.41816643002522,77.30792969746891,0.0,CD4_Tcell
-236.65808937442674,163.83974331594615,0.0,CD4_Tcell
-115.99804762434671,-380.8767554448663,0.0,CD4_Tcell
-114.21713827093728,273.50906624358686,0.0,CD4_Tcell
323.02583173744694,126.31585089859078,0.0,CD4_Tcell
122.34458139918642,240.23979126144738,0.0,CD4_Tcell
-336.4765903692716,-134.0607297920929,0.0,CD4_Tcell
-322.4617431488955,-99.28053810206359,0.0,CD4_Tcell
172.84350724941285,203.63800058578596,0.0,CD4_Tcell
84.71456192975987,358.57653857652656,0.0,CD4_Tcell
345.5551994472757,-105.81577086579836,0.0,CD4_Tcell
-5.399430800127297,-328.03411619951163,0.0,CD4_Tcell
-174.13263234640715,311.28518107120044,0.0,CD4_Tcell
-170.98056424515673,-234.49697181605347,0.0,CD4_Tcell
-146.87285563574287,-327.79494138007885,0.0,CD4_Tcell
95.86968944161276,-365.97046671539607,0.0,CD4_Tcell
44.16038868999523,-325.3194796510163,0.0,CD4_Tcell
-27.62820724480738,237.5213278562767,0.0,CD4_Tcell
-98.418077432282,-190.93353028414683,0.0,CD4_Tcell
328.57427911353216,-219.62353507856858,0.0,CD4_Tcell
190.85837905007432,348.8975724785893,0.0,CD4_Tcell
288.5899177477192,194.98360041434918,0.0,CD4_Tcell
-241.13327306051866,-136.00805195042474,0.0,CD4_Tcell
173.58106744642149,350.23673892727777,0.0,CD4_Tcell
-28.29343576524055,376.8780194667922,0.0,CD4_Tcell
-155.9465000033738,-296.63472503231066,0.0,CD4_Tcell
219.41915715520602,-40.22212708433832,0.0,CD4_Tcell
304.4562837009212,-15.918313784762697,0.0,CD4_Tcell
-330.82499456495157,73.79931706715992,0.0,CD4_Tcell
3.5852252372493036,224.21373068931882,0.0,CD4_Tcell
286.9215801848722,68.72086888607399,0.0,CD4_Tcell
221.65500888066967,-60.85856635380238,0.0,CD4_Tcell
258.25916653473735,-271.1703410484468,0.0,CD4_Tcell
-236.30342023922674,-102.37735520362497,0.0,CD4_Tcell
107.15944862628312,-341.1798797759596,0.0,CD4_Tcell
-329.2162932011941,-171.83284586206256,0.0,CD4_Tcell
247.6907757012111,-212.05715119195082,0.0,CD4_Tcell
293.1468183031168,-244.10331779939023,0.0,CD4_Tcell
238.50759749543437,314.974662191011,0.0,CD4_Tcell
88.56237157971994,255.90327963320163,0.0,CD4_Tcell
-323.2373848590457,-29.598211975158502,0.0,CD4_Tcell
51.49917143528817,-302.6707650231073,0.0,CD4_Tcell
-243.98653832946385,-160.69008151674547,0.0,CD4_Tcell
-47.69583468664934,-306.2426463395179,0.0,CD4_Tcell
-219.4776862917395,-282.4461088843761,0.0,CD4_Tcell
5.923658170760568,317.932116503526,0.0,CD4_Tcell
266.5564706215407,-178.92387653999924,0.0,CD4_Tcell
331.6114768422771,-182.35108245100716,0.0,CD4_Tcell
148.28100208208798,-225.38518557458616,0.0,CD4_Tcell
207.3244644121168,139.27999856949208,0.0,CD4_Tcell
180.34719781562137,217.67185167014313,0.0,CD4_Tcell
-320.31521452075515,51.15148398321222,0.0,CD4_Tcell
-157.71426687187562,-216.81168395064597,0.0,CD4_Tcell
61.695341844591056,-224.30623332426083,0.0,CD4_Tcell
-15.622820576873126,-296.02059113029077,0.0,CD4_Tcell
-268.1889146481246,-47.426860357599864,0.0,CD4_Tcell
251.07690768975846,-169.67002293740725,0.0,CD4_Tcell
-257.4810113433842,-65.50611133098593,0.0,CD4_Tcell
205.01254015814055,77.80017073474451,0.0,CD4_Tcell
266.725039332029,-225.47004049319398,0.0,CD4_Tcell
389.31679980091855,80.9730258927949,0.0,CD4_Tcell
-124.23970359348094,-193.34695403928683,0.0,CD4_Tcell
316.4888699715502,95.16687516040025,0.0,CD4_Tcell
252.9707424277026,-167.37459495308926,0.0,CD4_Tcell
78.2599234505021,-257.48507041668523,0.0,CD4_Tcell
115.86512100509312,-163.60700818216387,0.0,CD4_Tcell
252.00861773186452,-178.62908220140696,0.0,CD4_Tcell
-268.2060386305882,240.8295692577726,0.0,CD4_Tcell
-21.373156043391894,309.52987849455906,0.0,CD4_Tcell
157.1797989889252,-308.9138883455867,0.0,CD4_Tcell
-242.41772524641135,313.9987514549336,0.0,CD4_Tcell
336.0244739301395,-179.41993546945392,0.0,CD4_Tcell
-308.8591233860809,-133.570229392255,0.0,CD4_Tcell
340.31612763108103,91.38870686040701,0.0,CD4_Tcell
-139.05915798299293,242.49533108567533,0.0,CD4_Tcell
-241.95519187493213,-55.59426423903,0.0,CD4_Tcell
56.67723329416858,383.1047424081187,0.0,CD4_Tcell
136.90477044552753,-262.26244530881536,0.0,CD4_Tcell
295.23067745036747,85.57725677913193,0.0,CD4_Tcell
-329.6782786875323,-38.04066210332474,0.0,CD4_Tcell
289.6776939029761,-152.24654609846345,0.0,CD4_Tcell
-252.82090070320558,54.08088770571382,0.0,CD4_Tcell
81.77262168986198,331.3435472130452,0.0,CD4_Tcell
207.98677602782152,324.56008002539835,0.0,CD4_Tcell
-192.75366392365146,-345.838706316344,0.0,CD4_Tcell
-21.671308124200664,-295.7791958863277,0.0,CD4_Tcell
-261.7340354770925,99.11257197201567,0.0,CD4_Tcell
-343.3126950855815,65.67348480074244,0.0,CD4_Tcell
197.23798035604477,307.6305519585271,0.0,CD4_Tcell
-97.07738686383584,-362.159634785681,0.0,CD4_Tcell
233.3553345267919,-307.17772629202153,0.0,CD4_Tcell
-233.1606609654753,-310.8437085380352,0.0,CD4_Tcell
23.10669362434138,-349.6120495825557,0.0,CD4_Tcell
319.48769568255625,-142.85690732351893,0.0,CD4_Tcell
-97.05012078449859,-228.34640723781607,0.0,CD4_Tcell
-379.68281272769167,65.61663305985984,0.0,CD4_Tcell
-222.81031907597736,-117.25249724912618,0.0,CD4_Tcell
7.4919421081052615,-239.62913282401516,0.0,CD4_Tcell
-8.523128803667255,-209.5126700310737,0.0,CD4_Tcell
92.53941709615738,-305.46953032710354,0.0,CD4_Tcell
215.63858134103427,-88.7186988487146,0.0,CD4_Tcell
246.00805321032297,-76.39482715856776,0.0,CD4_Tcell
-362.6982762879893,-163.43485693975356,0.0,CD4_Tcell
-375.2076512359034,67.99247977987095,0.0,CD4_Tcell
-294.4936342511168,5.92451803269522,0.0,CD4_Tcell
-288.02689380737735,-91.22621054449422,0.0,CD4_Tcell
-213.0600986412206,245.40137560669586,0.0,CD4_Tcell
196.60645509939056,-290.709434119943,0.0,CD4_Tcell
383.1730350721826,-14.459548510694376,0.0,CD4_Tcell
245.19717321765643,125.21993734357413,0.0,CD4_Tcell
97.1107860132746,-287.88456020701125,0.0,CD4_Tcell
116.08639867918443,219.40198113502845,0.0,CD4_Tcell
42.09163346826438,-199.24611683767458,0.0,CD4_Tcell
109.27146187307281,239.02152999601822,0.0,CD4_Tcell
-245.85402916601882,122.93312086460546,0.0,CD4_Tcell
-231.68559358633235,210.75572926356128,0.0,CD4_Tcell
257.4548950754938,104.64145285921005,0.0,CD4_Tcell
-19.870050414587055,251.94821856765452,0.0,CD4_Tcell
-216.96111501839295,3.227199259448063,0.0,CD4_Tcell
-292.5077929651388,-81.85206517162993,0.0,CD4_Tcell
62.7998551638886,358.82632336598374,0.0,CD4_Tcell
260.8846826415344,169.1711847678952,0.0,CD4_Tcell
377.4974343255621,15.034830229569566,0.0,CD4_Tcell
64.0068230052982,213.17708012460471,0.0,CD4_Tcell
72.43585390740215,-348.07285810782264,0.0,CD4_Tcell
183.12027964812825,-353.2714886840031,0.0,CD4_Tcell
-240.77093686571192,183.724823671665,0.0,CD4_Tcell
39.758727385851266,-316.3325355727912,0.0,CD4_Tcell
-24.06052238237999,-357.3561795166248,0.0,CD4_Tcell
-115.8667707170131,307.36786161939517,0.0,CD4_Tcell
-178.0603198217658,-271.4028605030343,0.0,CD4_Tcell
195.50954464553982,214.01515293302415,0.0,CD4_Tcell
156.28155295832397,-327.29423613192563,0.0,CD4_Tcell
-156.6337574100532,-157.31090339219307,0.0,CD4_Tcell
72.05031728808682,-381.31376194756814,0.0,CD4_Tcell
20.26159367510916,391.9720247468968,0.0,CD4_Tcell
238.68675585539805,-259.87147511605036,0.0,CD4_Tcell
-338.8607483429375,182.23390526937442,0.0,CD4_Tcell
-37.72535656839759,226.12204030409387,0.0,CD4_Tcell
-192.35733455428388,330.7342633425872,0.0,CD4_Tcell
-293.40491097693587,202.8788493871198,0.0,CD4_Tcell
44.39866191717326,-282.9878598243782,0.0,CD4_Tcell
-255.4086746101568,-197.8210208298662,0.0,CD4_Tcell
128.59573572276287,209.00911595816928,0.0,CD4_Tcell
27.477869199963052,-335.14458129571534,0.0,CD4_Tcell
320.0569362486041,111.76068564446443,0.0,CD4_Tcell
-235.34432240851402,321.13328096092954,0.0,CD4_Tcell
-165.01464521600627,267.29031934400854,0.0,CD4_Tcell
97.1540439153512,206.99986494039345,0.0,CD4_Tcell
-89.69877699128382,-299.7375776833953,0.0,CD4_Tcell
46.05136615231872,-251.79154484829914,0.0,CD4_Tcell
-158.60265403296447,341.61937776648915,0.0,CD4_Tcell
352.5079271241453,-156.62674051878116,0.0,CD4_Tcell
162.80603301652914,191.28428695169407,0.0,CD4_Tcell
-244.12564993035642,14.91576885986149,0.0,CD4_Tcell
-13.484807065397122,257.95563892946086,0.0,CD4_Tcell
-27.376397357198503,-202.48373091462818,0.0,CD4_Tcell
321.2046980974732,-157.99976202422158,0.0,CD4_Tcell
183.52712920294502,-153.9610359518824,0.0,CD4_Tcell
398.0003740221427,23.855998395093067,0.0,CD4_Tcell
-32.815521579130376,263.3073766549749,0.0,CD4_Tcell
-173.80831206423943,-145.33608422172284,0.0,CD4_Tcell
-307.23724463532307,-180.470380692338,0.0,CD4_Tcell
-322.0627696174292,191.46642739164574,0.0,CD4_Tcell
-157.56449922998573,-350.4931467004026,0.0,CD4_Tcell
104.30337142420323,383.0243982080882,0.0,CD4_Tcell
-225.63178116401758,128.73507480898294,0.0,CD4_Tcell
-231.05262960592378,-236.46905386353137,0.0,CD4_Tcell
-292.21211903258995,75.8668504028343,0.0,CD4_Tcell
116.43434677340368,367.238732509062,0.0,CD4_Tcell
237.19667434645828,-310.97091683706003,0.0,CD4_Tcell
-327.644774780676,43.02488749370028,0.0,CD4_Tcell
-277.03763283404135,-188.03307221864117,0.0,CD4_Tcell
9.40475166729063,-244.68754898348973,0.0,CD4_Tcell
-389.2687634947834,64.95179805861669,0.0,CD4_Tcell
74.72539377040944,-213.80967520722058,0.0,CD4_Tcell
233.0230741328566,-158.9590897187414,0.0,CD4_Tcell
92.14243483783028,-201.2812844853439,0.0,CD4_Tcell
57.99044016833965,247.85198039375317,0.0,CD4_Tcell
-204.81120755501874,154.469823442324,0.0,CD4_Tcell
326.09170518430244,198.56115333437805,0.0,CD4_Tcell
-277.23752947404813,-173.62117784469055,0.0,CD4_Tcell
234.66179205143476,265.54000948610746,0.0,CD4_Tcell
60.685356362623565,363.1861533286509,0.0,CD4_Tcell
-84.41318859286214,389.0325828732182,0.0,CD4_Tcell
365.9611793992318,80.02503199221135,0.0,CD8_Tcell
-42.780663361299524,-313.16920854741267,0.0,CD8_Tcell
84.73942260890313,-252.13625922884103,0.0,CD8_Tcell
2.6169674822832323,-378.7323343681198,0.0,CD8_Tcell
-231.78471587693076,-150.48301368734354,0.0,CD8_Tcell
32.56148143550733,-355.70087676148984,0.0,CD8_Tcell
-123.41954501854208,-204.48028306888062,0.0,CD8_Tcell
-381.14989144643437,-25.423910637935403,0.0,CD8_Tcell
-224.2404292290695,-101.06329647714793,0.0,CD8_Tcell
-305.8301492761045,-90.72404869317539,0.0,CD8_Tcell
-93.56175178832277,-309.42018329508323,0.0,CD8_Tcell
94.75661222684595,-240.10183341804685,0.0,CD8_Tcell
-225.21828318952646,327.42180503554897,0.0,CD8_Tcell
-259.6587425631064,210.6251370818623,0.0,CD8_Tcell
-124.45330652146848,-203.99269800619754,0.0,CD8_Tcell
-176.82170031004637,-148.8907042050814,0.0,CD8_Tcell
-54.06412076961765,-375.15539838295234,0.0,CD8_Tcell
199.56844901917427,-69.43747239000032,0.0,CD8_Tcell
318.2260094759668,204.22043043558912,0.0,CD8_Tcell
266.6281960670849,247.6555003081502,0.0,CD8_Tcell
-352.9628079977313,-41.23721625934104,0.0,CD8_Tcell
-172.59048271067016,-295.8613913890922,0.0,CD8_Tcell
-187.67644546515075,317.0061985558821,0.0,CD8_Tcell
69.72522524565551,266.6105452271812,0.0,CD8_Tcell
321.8990375677833,-234.9564969317226,0.0,CD8_Tcell
-184.91261352498134,298.91897532876897,0.0,CD8_Tcell
-161.75659991588532,-308.1335445461198,0.0,CD8_Tcell
-216.31502473033498,-295.88705283919774,0.0,CD8_Tcell
-140.16833084585167,238.76568844342813,0.0,CD8_Tcell
70.00230888551857,316.5298466043508,0.0,CD8_Tcell
-235.34900588697673,-58.760190065241346,0.0,CD8_Tcell
229.49064421874738,155.91719140746594,0.0,CD8_Tcell
28.754130728008516,-357.2067243677222,0.0,CD8_Tcell
102.02570642542187,-335.0333099061589,0.0,CD8_Tcell
-28.377378237762095,325.3759830356145,0.0,CD8_Tcell
-268.0198899891186,290.1443694651224,0.0,CD8_Tcell
340.4154620908795,191.02982424218288,0.0,CD8_Tcell
241.36719279140377,-169.29408580252746,0.0,CD8_Tcell
39.275383065405194,-395.62423888521454,0.0,CD8_Tcell
-146.74844850534856,346.69377059917053,0.0,CD8_Tcell
-269.3530974380694,101.3452041884805,0.0,CD8_Tcell
97.0644668417104,320.2038949153464,0.0,CD8_Tcell
-241.23500423338515,161.90600545200354,0.0,CD8_Tcell
143.98442524087073,-371.3319032804209,0.0,CD8_Tcell
-293.9276453463643,18.83061495050913,0.0,CD8_Tcell
216.90905690176635,-82.21348905809319,0.0,CD8_Tcell
-207.23486235934206,78.59842276546895,0.0,CD8_Tcell
-285.7766144615995,188.2068672989795,0.0,CD8_Tcell
-20.649463107654697,-201.25954116283768,0.0,CD8_Tcell
28.88703552388796,367.58838482708245,0.0,CD8_Tcell
-116.89161434769562,-240.99769895197832,0.0,CD8_Tcell
-29.19220203915646,258.36978141018363,0.0,CD8_Tcell
227.73347380787789,-106.13626253702729,0.0,CD8_Tcell
-3.7077697250752957,375.29007176957003,0.0,CD8_Tcell
-66.92526653089998,-211.2428518132883,0.0,CD8_Tcell
263.80999824553413,-18.38595856729424,0.0,CD8_Tcell
-226.56148596671935,61.09026038014687,0.0,CD8_Tcell
-166.58936829058217,-269.9727400689345,0.0,CD8_Tcell
284.3950574143755,182.29393624977507,0.0,CD8_Tcell
4.742566862126131,-257.1936016379029,0.0,CD8_Tcell
279.35594143783396,200.6531191384234,0.0,CD8_Tcell
-47.12204375084283,195.3640835401967,0.0,CD8_Tcell
-269.7085435865907,-9.227294685392247,0.0,CD8_Tcell
-188.89723350743702,352.3169760993036,0.0,CD8_Tcell
42.00341443373698,-369.23069633972796,0.0,CD8_Tcell
40.209113471760595,253.73266990650197,0.0,CD8_Tcell
382.19778689845833,109.11214047086321,0.0,CD8_Tcell
105.38591422387661,-286.87884419147866,0.0,CD8_Tcell
241.26953593889363,167.96063751921022,0.0,CD8_Tcell
347.3197753815623,159.19337144255076,0.0,CD8_Tcell
-338.1072952583572,21.13574175428901,0.0,CD8_Tcell
248.19952033045496,-239.0161215320861,0.0,CD8_Tcell
202.20548333127897,-213.17269495153045,0.0,CD8_Tcell
-53.06570380547955,-251.5350083479771,0.0,CD8_Tcell
103.32113839832776,-293.80132714523495,0.0,CD8_Tcell
-86.12932382021641,185.85881592872028,0.0,CD8_Tcell
298.9728110250327,150.53852001930775,0.0,CD8_Tcell
225.44224087511697,311.50698875421915,0.0,CD8_Tcell
21.40016624447479,241.19694064330355,0.0,CD8_Tcell
118.3583830901836,360.8010044227623,0.0,CD8_Tcell
-194.94059863380738,269.5117515805054,0.0,CD8_Tcell
117.10503975174444,325.6585464055322,0.0,CD8_Tcell
334.3262863095759,38.527280449208575,0.0,CD8_Tcell
-29.783876442271158,-375.1697719112256,0.0,CD8_Tcell
38.26369971432613,386.29642974493623,0.0,CD8_Tcell
-265.4252153624321,-69.90766961256882,0.0,CD8_Tcell
-170.5319094117137,-304.73194602093787,0.0,CD8_Tcell
53.93903514313371,275.1359729059798,0.0,CD8_Tcell
-266.9228192156813,189.96918349414312,0.0,CD8_Tcell
-177.99860544689392,130.81482585122086,0.0,CD8_Tcell
-155.36466628522152,324.8796070407946,0.0,CD8_Tcell
2.582468898292588,-340.7681470610581,0.0,CD8_Tcell
214.90478159190303,-229.87908819991247,0.0,CD8_Tcell
193.4611621056177,-311.2108396925096,0.0,CD8_Tcell
-307.4562561645796,-46.38667709825162,0.0,CD8_Tcell
292.34735523080997,86.00638976706466,0.0,CD8_Tcell
-99.54980146981222,-253.35222614306394,0.0,CD8_Tcell
-229.6912971952494,173.8163177477655,0.0,CD8_Tcell
-68.8446580651542,-393.573400541455,0.0,CD8_Tcell
-298.6680277661815,-251.56709363759902,0.0,CD8_Tcell
165.79235106177978,233.85425073853102,0.0,CD8_Tcell
222.4526899077114,-0.6698427827845813,0.0,CD8_Tcell
102.83762651857063,-373.07676664242956,0.0,CD8_Tcell
153.64232659018268,131.43580295441143,0.0,CD8_Tcell
192.31861275097026,-286.11454647047304,0.0,CD8_Tcell
65.09299279826399,356.60621590207467,0.0,CD8_Tcell
-51.95492803387409,-203.33163402089343,0.0,CD8_Tcell
271.46536651017544,189.36274543619243,0.0,CD8_Tcell
279.6673401274807,225.809201854644,0.0,CD8_Tcell
-261.02142264745004,192.70568134009054,0.0,CD8_Tcell
-118.65958670428168,-280.70127619395623,0.0,CD8_Tcell
-168.88334622485925,116.10138257945094,0.0,CD8_Tcell
-371.01183435925066,133.90855527959405,0.0,CD8_Tcell
216.4682313208522,334.2867909589356,0.0,CD8_Tcell
285.7565496235894,-279.76110478487794,0.0,CD8_Tcell
369.9955616825061,44.48945255881599,0.0,CD8_Tcell
248.4143757049484,252.8416666788573,0.0,CD8_Tcell
229.72789405671153,-248.63478120376243,0.0,CD8_Tcell
-151.06180906376275,187.13190215131948,0.0,CD8_Tcell
-239.61182077114873,-263.79256356933485,0.0,CD8_Tcell
385.0353818051321,-60.2156750792821,0.0,CD8_Tcell
258.0551228242305,252.200934793613,0.0,CD8_Tcell
381.7428422673043,38.827776355714384,0.0,CD8_Tcell
154.116101648221,-264.3355253525428,0.0,CD8_Tcell
-254.99061591352486,-281.0833179482626,0.0,CD8_Tcell
318.8978710316431,-91.05517719217885,0.0,CD8_Tcell
-35.280312890338934,198.14605448198736,0.0,CD8_Tcell
-293.6502120129925,169.74133120312675,0.0,CD8_Tcell
373.8485877489236,-100.69054532472101,0.0,CD8_Tcell
-174.66473474086536,236.5160874572261,0.0,CD8_Tcell
-68.79126002733577,270.6836310407138,0.0,CD8_Tcell
19.608277905524996,-345.5224332648464,0.0,CD8_Tcell
51.2219328393503,198.08889681039162,0.0,CD8_Tcell
174.73784469504608,103.97563954228862,0.0,CD8_Tcell
-203.06811599898037,-241.53624034834849,0.0,CD8_Tcell
-279.9819271674932,-76.06507412693817,0.0,CD8_Tcell
269.5832086551193,183.317603209661,0.0,CD8_Tcell
-138.08421840850855,206.59005407734395,0.0,CD8_Tcell
329.70823486531873,-163.35049524395993,0.0,CD8_Tcell
217.82916748177814,209.51368497778438,0.0,CD8_Tcell
-35.402717958802484,-231.99099473938358,0.0,CD8_Tcell
-323.14581069037064,206.9141279112769,0.0,CD8_Tcell
-188.19052953050235,-139.7284102175749,0.0,CD8_Tcell
-177.50167650500524,-100.8555253916251,0.0,CD8_Tcell
326.2876233608697,-149.3583882337244,0.0,CD8_Tcell
-121.27555958809214,169.7881323604775,0.0,CD8_Tcell
220.3794289578164,292.66397168924465,0.0,CD8_Tcell
0.050045422164504805,381.90115267289184,0.0,CD8_Tcell
-200.1185348260884,76.01783027804662,0.0,CD8_Tcell
-137.38756050527692,256.91612059099714,0.0,CD8_Tcell
-114.27984789027538,167.44655355627495,0.0,CD8_Tcell
369.27200234404125,129.12039999853587,0.0,CD8_Tcell
-182.39074870468113,234.05369902448084,0.0,CD8_Tcell
260.52442202808544,-24.039646471553894,0.0,CD8_Tcell
277.7549424468953,45.90391397888597,0.0,CD8_Tcell
-279.9988075029689,-46.2460091651244,0.0,CD8_Tcell
265.5009217982609,39.73143521761988,0.0,CD8_Tcell
119.71729894617113,-232.1252692927927,0.0,CD8_Tcell
75.92753880052163,361.9247363317092,0.0,CD8_Tcell
260.76658325280334,-10.17168013419087,0.0,CD8_Tcell
-18.456373298613393,335.82139209309736,0.0,CD8_Tcell
-212.1048756889968,-1.3940306526674828,0.0,CD8_Tcell
-21.191782015149126,250.35347037398637,0.0,CD8_Tcell
-212.562225989257,20.860977206515173,0.0,CD8_Tcell
383.6824560535185,62.701268764153106,0.0,CD8_Tcell
-44.62521823425062,380.5273593194872,0.0,CD8_Tcell
209.37432426202304,77.25504881821543,0.0,CD8_Tcell
-82.42424068761599,-242.86664949523453,0.0,CD8_Tcell
88.10496874388654,-179.81743879569112,0.0,CD8_Tcell
395.84708210583915,-54.195551222894096,0.0,CD8_Tcell
-159.25696473644686,279.35473441812223,0.0,CD8_Tcell
-180.86199079849192,-169.33093922668408,0.0,CD8_Tcell
-225.95374769397216,-161.48133497576364,0.0,CD8_Tcell
299.0515114182462,50.367978801137184,0.0,CD8_Tcell
-169.20902392751165,279.72763408327023,0.0,CD8_Tcell
202.0748922079135,-124.1781618480455,0.0,CD8_Tcell
232.38844328832326,292.35078738726656,0.0,CD8_Tcell
-245.01321276861628,-143.84579468867307,0.0,CD8_Tcell
206.65864865828746,244.38295165489342,0.0,CD8_Tcell
70.35030249826117,255.04148526704384,0.0,CD8_Tcell
-239.4907017283048,-242.7769371081831,0.0,CD8_Tcell
-246.68087843114364,-154.28702611579644,0.0,CD8_Tcell
296.92807985791944,203.65409909372312,0.0,CD8_Tcell
346.02028058533307,43.16228036726848,0.0,CD8_Tcell
264.0563636329174,-43.945287496934796,0.0,CD8_Tcell
-314.5527872440092,-192.31438796570166,0.0,CD8_Tcell
-227.9682180543699,310.9377802472423,0.0,CD8_Tcell
241.6571371827102,91.68025402474383,0.0,CD8_Tcell
-121.3683924898764,-276.3325447257407,0.0,CD8_Tcell
-105.26790773321468,-231.42052649089734,0.0,CD8_Tcell
221.7844131986318,-170.77190839907263,0.0,CD8_Tcell
-352.05671319665805,-160.64265723312923,0.0,CD8_Tcell
-234.49275377979845,289.28015532447523,0.0,CD8_Tcell
-53.955573975255966,-385.5092716571099,0.0,CD8_Tcell
273.01620557000746,-278.2213806701213,0.0,CD8_Tcell
-47.504197218899705,-357.17223375717555,0.0,CD8_Tcell
-321.8269087652052,151.56111356225972,0.0,CD8_Tcell
381.07386688449833,-99.1847215202258,0.0,CD8_Tcell
53.30597068928351,-202.8752971070569,0.0,CD8_Tcell
-310.1011823301524,19.691660786537035,0.0,CD8_Tcell
255.0582970393896,180.46448599693394,0.0,CD8_Tcell
-224.64004908147746,-7.147237510510717,0.0,CD8_Tcell
101.68310074104714,356.7235323388846,0.0,CD8_Tcell
-46.58188742354164,-349.23244300032826,0.0,CD8_Tcell
-300.53094134851136,72.16625398258464,0.0,CD8_Tcell
210.2533652104472,-85.00006458201064,0.0,CD8_Tcell
300.81952188162717,228.44852594828734,0.0,CD8_Tcell
55.49936152761191,-313.2610783972334,0.0,CD8_Tcell
137.4281112801803,227.56769815587455,0.0,CD8_Tcell
215.07560779582596,-188.00347443562364,0.0,CD8_Tcell
-179.53522226820016,303.15185995405017,0.0,CD8_Tcell
-296.62134132452724,133.3071090865195,0.0,CD8_Tcell
-77.51265013440772,294.23806571836934,0.0,CD8_Tcell
-248.81732355640037,186.19555904196312,0.0,CD8_Tcell
-85.05094663077419,363.4020715734407,0.0,CD8_Tcell
96.72983625640316,340.44242586543135,0.0,CD8_Tcell
345.84212193624745,0.3855857758707631,0.0,CD8_Tcell
350.83599387291684,-112.91756205077881,0.0,CD8_Tcell
-361.36596566535934,-110.49361430319284,0.0,CD8_Tcell
-289.80500164479264,-50.182961275608875,0.0,CD8_Tcell
299.6982678272168,48.08654316670856,0.0,CD8_Tcell
226.79670605880764,314.975820202042,0.0,CD8_Tcell
-171.77507176267804,242.44030353283887,0.0,CD8_Tcell
-199.9235000585487,301.46023042864294,0.0,CD8_Tcell
266.4545723120099,-284.3293813387778,0.0,CD8_Tcell
241.68950326849256,22.95389711474922,0.0,CD8_Tcell
182.9763547999105,-145.23379304438166,0.0,CD8_Tcell
243.1367565621207,-48.53599309738247,0.0,CD8_Tcell
-230.4419321756609,-301.54164172997054,0.0,CD8_Tcell
297.57334467731783,-139.60896893009172,0.0,CD8_Tcell
-147.93074925636577,-208.76024196309973,0.0,CD8_Tcell
159.04885670465524,237.53321904841093,0.0,CD8_Tcell
150.48932015628824,182.28387326169144,0.0,CD8_Tcell
-266.46882836312386,12.521946129184803,0.0,CD8_Tcell
58.92015080485384,392.879705203057,0.0,CD8_Tcell
-230.8288877047649,80.93089841512806,0.0,CD8_Tcell
93.72381611616706,343.41205806709786,0.0,CD8_Tcell
-196.57601161109037,-89.20979382556683,0.0,CD8_Tcell
30.07814173144235,-206.81964351924026,0.0,CD8_Tcell
-187.50942944276758,226.6316874033609,0.0,CD8_Tcell
213.26200012141618,271.3846986432541,0.0,CD8_Tcell
-361.5270452197187,39.12903310220541,0.0,CD8_Tcell
328.63483509718606,224.54090266357974,0.0,CD8_Tcell
90.18717655503461,255.8943715645535,0.0,CD8_Tcell
-260.5181849442152,-198.76124574917975,0.0,CD8_Tcell
186.12921537836914,-240.93008928524168,0.0,CD8_Tcell
3.8144505338551418,280.97061365726705,0.0,CD8_Tcell
-305.24032855178575,-176.12532965368922,0.0,CD8_Tcell
315.5326911115254,19.135036743190277,0.0,CD8_Tcell
259.19500129464814,60.74196338299655,0.0,CD8_Tcell
275.60180126535215,210.02462864604243,0.0,CD8_Tcell
-199.99362593708193,187.97578476281228,0.0,CD8_Tcell
-362.76659160417705,118.79995286436856,0.0,CD8_Tcell
360.22196527520566,88.25806891022232,0.0,CD8_Tcell
343.15736060579917,-59.36625267425172,0.0,CD8_Tcell
32.111961966061926,-264.0848447624364,0.0,CD8_Tcell
303.133050760156,-223.39666829503298,0.0,CD8_Tcell
311.18318297576764,-72.56040611029012,0.0,CD8_Tcell
213.9808547614223,-300.86941661488436,0.0,CD8_Tcell
0.9473735841627554,-250.8242522529731,0.0,CD8_Tcell
250.68407420608105,-192.05600674795483,0.0,CD8_Tcell
98.56541867007623,-363.77686387210593,0.0,CD8_Tcell
-282.73221251504157,243.8035588356226,0.0,CD8_Tcell
-199.22714496696213,-162.34700687051125,0.0,CD8_Tcell
231.8640867071119,-178.42446437858143,0.0,CD8_Tcell
-204.53225583543718,328.97673687138433,0.0,CD8_Tcell
256.1073142385132,94.09778200374375,0.0,CD8_Tcell
15.058524072131537,-245.31665533539396,0.0,CD8_Tcell
270.8392899256057,25.564102691859162,0.0,CD8_Tcell
210.71075621934975,54.62796478725338,0.0,CD8_Tcell
-254.90365788634836,-145.69092407028083,0.0,CD8_Tcell
234.47105527536033,38.060508901985656,0.0,CD8_Tcell
272.57965887696474,-56.51673291312975,0.0,CD8_Tcell
107.93861606840704,273.7702383590722,0.0,CD8_Tcell
-190.1542220879945,-134.66401756588454,0.0,CD8_Tcell
-11.0514792923903,-379.0333457436226,0.0,CD8_Tcell
269.65310206835244,61.12375854986524,0.0,CD8_Tcell
-279.9144316354479,202.02940360034097,0.0,CD8_Tcell
163.04941604735635,-231.57273221121847,0.0,CD8_Tcell
264.9948581685025,271.7543751227107,0.0,CD8_Tcell
23.136140858387726,-232.1657077146011,0.0,CD8_Tcell
320.1360351502759,18.723166603929688,0.0,CD8_Tcell
-192.10383054243266,-267.61188958058705,0.0,CD8_Tcell
-186.5124120059065,-287.6051139835773,0.0,CD8_Tcell
280.36286248410494,272.7568635813966,0.0,CD8_Tcell
-28.462289955037942,-286.09759950178625,0.0,CD8_Tcell
47.792618688546916,244.4884792311756,0.0,CD8_Tcell
228.96598569702175,-72.65134920596267,0.0,CD8_Tcell
212.95234941846886,-67.40367675553325,0.0,CD8_Tcell
-306.09375943952006,189.92894407809126,0.0,CD8_Tcell
224.02821818654834,-193.6535185647557,0.0,CD8_Tcell
-63.442022639076654,381.75082816257066,0.0,CD8_Tcell
218.07757950288013,-148.302956256305,0.0,CD8_Tcell
-253.86039419859935,-296.1634368971624,0.0,CD8_Tcell
-330.3035766399274,-216.62446741915485,0.0,CD8_Tcell
17.809111563631575,286.0579274831857,0.0,CD8_Tcell
37.91993565564564,-348.3056615056872,0.0,CD8_Tcell
84.82462619152356,-228.18292970344308,0.0,CD8_Tcell
-285.6536853535649,-221.77938575981668,0.0,CD8_Tcell
257.2891908716938,-192.10540279964098,0.0,CD8_Tcell
-95.56132927896749,-212.60114256340677,0.0,CD8_Tcell
-392.93525647703495,48.759452498316044,0.0,CD8_Tcell
-23.644740196059416,235.219200294455,0.0,CD8_Tcell
-298.69109130743055,33.5735422523173,0.0,CD8_Tcell
332.88902471980566,191.54148139093516,0.0,CD8_Tcell
361.22343362334635,80.97372436134238,0.0,CD8_Tcell
-337.46143514601437,-50.89769106124814,0.0,CD8_Tcell
195.48277736671724,-210.59573188366724,0.0,CD8_Tcell
-5.661324449873829,236.48887778064932,0.0,CD8_Tcell
259.30337330768845,75.03094205095644,0.0,CD8_Tcell
-368.4596267088407,52.72428110720177,0.0,CD8_Tcell
79.42716997817297,231.75277152160754,0.0,CD8_Tcell
-170.41340070733062,246.0387734299961,0.0,CD8_Tcell
380.55906985775664,-51.241194825787495,0.0,CD8_Tcell
-240.44242320873178,221.101221807115,0.0,CD8_Tcell
108.85805716842451,339.93197464600746,0.0,CD8_Tcell
-284.1186885511069,148.45909315117305,0.0,CD8_Tcell
285.5722791494703,-93.96261871384719,0.0,CD8_Tcell
-220.97912133288276,-108.57307319477597,0.0,CD8_Tcell
-120.62288384390513,266.27910568961005,0.0,CD8_Tcell
17.51911061122651,232.23980819358286,0.0,CD8_Tcell
-170.99528390010425,258.09088571203256,0.0,CD8_Tcell
-24.636012943000242,-389.31549323061284,0.0,CD8_Tcell
192.28392784208492,99.02906274659227,0.0,CD8_Tcell
-109.43495092111246,302.7972691575417,0.0,CD8_Tcell
219.5600442334976,-283.2249579839358,0.0,CD8_Tcell
94.86144154744315,-249.69109327705442,0.0,CD8_Tcell
208.80986519085977,-105.2519494548807,0.0,CD8_Tcell
293.3785158932653,75.14388292910184,0.0,CD8_Tcell
91.13101807272474,-357.0128523155091,0.0,CD8_Tcell
-336.73700588747175,140.87912896534638,0.0,CD8_Tcell
36.99661281011804,219.61856391410777,0.0,CD8_Tcell
-31.46582270348481,-361.23515678503605,0.0,CD8_Tcell
255.20557459788967,267.3684916815187,0.0,CD8_Tcell
308.1364702665891,-131.75737386052867,0.0,CD8_Tcell
-251.06562146337578,179.47056739746003,0.0,CD8_Tcell
109.61668191243793,-347.9466137509394,0.0,CD8_Tcell
128.21412021021015,343.7533145988078,0.0,CD8_Tcell
-145.49585156587682,157.41690596229301,0.0,CD8_Tcell
206.35909841552976,-3.814493121346344,0.0,CD8_Tcell
101.10783250355897,-336.8777050407636,0.0,CD8_Tcell
-226.29223236661161,-190.7994870684678,0.0,CD8_Tcell
20.450680365996714,-386.3202812130242,0.0,CD8_Tcell
-71.24275470074751,-294.8683387891071,0.0,CD8_Tcell
-362.1414185850219,37.0272345651674,0.0,CD8_Tcell
-347.0029946920529,141.87008025516874,0.0,CD8_Tcell
-308.0471148812589,66.59882293730784,0.0,CD8_Tcell
-231.1937483743244,-200.1506033066873,0.0,CD8_Tcell
195.23847809377156,156.0633387741725,0.0,CD8_Tcell
-158.73542583978957,276.74566980987316,0.0,CD8_Tcell
-78.80712041217126,-208.6750220262337,0.0,CD8_Tcell
143.52330412946327,304.37769236878063,0.0,CD8_Tcell
316.2175240542962,-57.59655542449182,0.0,CD8_Tcell
-193.4103357497838,-217.09507790608816,0.0,CD8_Tcell
-390.5962246060975,-15.570651536539152,0.0,CD8_Tcell
-172.16597038983485,-103.95929268994303,0.0,CD8_Tcell
292.1940755884533,194.41969028835476,0.0,CD8_Tcell
41.316815761836665,-297.08087480717273,0.0,CD8_Tcell
256.2903036452866,104.09968490313672,0.0,CD8_Tcell
226.0245017264268,111.6986423084604,0.0,CD8_Tcell
53.455506666531555,-356.0762947293962,0.0,CD8_Tcell
-64.57617482535026,-334.9843160527462,0.0,CD8_Tcell
-337.707233174267,202.28556830441408,0.0,CD8_Tcell
115.52715037790881,-316.94351321981287,0.0,CD8_Tcell
359.6872966999071,53.14033764961571,0.0,CD8_Tcell
192.83203638146503,-141.95240388144626,0.0,CD8_Tcell
228.54490089380064,-24.66876901383603,0.0,CD8_Tcell
-244.34358532342114,229.43756495394248,0.0,CD8_Tcell
-105.27636149519638,-304.7154129559441,0.0,CD8_Tcell
78.52419797606129,380.6324980895496,0.0,CD8_Tcell
-223.67811168332324,61.82393728958344,0.0,CD8_Tcell
-302.46243274232154,-48.69435960626865,0.0,CD8_Tcell
-84.55465904112181,290.42702224742436,0.0,CD8_Tcell
-365.3710008032027,87.27589294886323,0.0,CD8_Tcell
-83.83933721587026,307.3970548742686,0.0,CD8_Tcell
76.85565586023344,191.58465385230306,0.0,CD8_Tcell
-5.641096277207951,259.78657663533903,0.0,CD8_Tcell
101.57356821631873,-337.36540466446706,0.0,CD8_Tcell
327.2355515499015,-94.60635892185043,0.0,CD8_Tcell
-180.03385164248053,140.77015640700847,0.0,CD8_Tcell
151.6121568495784,-314.87319336008426,0.0,CD8_Tcell
175.11923226244096,352.90744525384224,0.0,CD8_Tcell
248.51368667594275,192.17631619613184,0.0,CD8_Tcell
105.97922172058034,286.1772518260154,0.0,CD8_Tcell
78.01107220940307,-270.16131704823886,0.0,CD8_Tcell
300.6901009870465,-22.727062818640654,0.0,CD8_Tcell
-49.80509522507651,394.6100181827579,0.0,CD8_Tcell
195.17913929500835,-150.2865601830507,0.0,CD8_Tcell
-232.82385512937643,89.28908593306153,0.0,CD8_Tcell
-132.45819021371767,-304.0898949472932,0.0,CD8_Tcell
-313.4816196324898,-13.181234253589222,0.0,CD8_Tcell
194.08127907055538,-229.48592821047276,0.0,CD8_Tcell
-173.37127705702883,-279.2319454608666,0.0,CD8_Tcell
194.08948186116857,285.1215751422107,0.0,CD8_Tcell
24.385646505797627,320.068530153706,0.0,CD8_Tcell
-95.58616733440164,184.66870924430557,0.0,CD8_Tcell
341.9746924730587,62.177582246093095,0.0,CD8_Tcell
-357.6844632838008,-161.8456186134549,0.0,CD8_Tcell
336.5754187985603,-54.59754225654474,0.0,CD8_Tcell
33.92215476844338,-280.85034758843824,0.0,CD8_Tcell
-142.8026639603624,-214.6907332567684,0.0,CD8_Tcell
256.7621873687455,-112.946713423481,0.0,CD8_Tcell
200.22231001927364,-252.47796719286941,0.0,CD8_Tcell
364.1314080471877,56.31119251502603,0.0,CD8_Tcell
360.62787981305445,2.4535027713924737,0.0,CD8_Tcell
-374.78987077240026,30.747503829179983,0.0,CD8_Tcell
-297.64431298380055,-87.3155843327841,0.0,CD8_Tcell
-48.76094716466059,288.0346504734035,0.0,CD8_Tcell
33.15201142779092,-372.8539445817934,0.0,CD8_Tcell
-382.07858169609335,-95.0138467044129,0.0,CD8_Tcell
28.128604843069468,-269.8283731167649,0.0,CD8_Tcell
107.04598086446198,176.1896857571023,0.0,CD8_Tcell
28.28480995556484,-208.09919577904677,0.0,CD8_Tcell
196.97315663520266,66.27805180976931,0.0,CD8_Tcell
-16.57522411766518,-378.2427608084491,0.0,CD8_Tcell
-328.764658124153,-219.50706604879866,0.0,CD8_Tcell
20.304512167206475,-256.2552066656164,0.0,CD8_Tcell
301.64216432545464,-250.4156908188787,0.0,CD8_Tcell
195.40149593395626,-199.1984502916183,0.0,CD8_Tcell
-11.88912646466889,-352.6170922163515,0.0,CD8_Tcell
-168.64594601342264,-340.3270008975663,0.0,CD8_Tcell
90.44334486158269,-315.8321503311473,0.0,CD8_Tcell
-61.743401428447385,207.24230428688634,0.0,CD8_Tcell
314.0834219929922,-207.17436729956668,0.0,CD8_Tcell
-317.339810135686,-87.01904822163517,0.0,CD8_Tcell
-279.0076280301782,139.2701377433348,0.0,CD8_Tcell
200.33306771600638,-46.84491229113507,0.0,CD8_Tcell
-257.18549924515156,-108.0702477983856,0.0,CD8_Tcell
69.28566363796578,274.11866347605775,0.0,CD8_Tcell
224.1514534719043,86.16237680987767,0.0,CD8_Tcell
-288.17412549570867,107.06889925455451,0.0,CD8_Tcell
179.25246668545685,-160.7784259331738,0.0,CD8_Tcell
293.8619222570559,-229.44366222545636,0.0,CD8_Tcell
-108.73115300934356,372.29955781423405,0.0,CD8_Tcell
-96.10863102630404,269.9477592303302,0.0,CD8_Tcell
205.66193948450265,-251.3152138474974,0.0,CD8_Tcell
-231.82920490977077,64.42858638789819,0.0,CD8_Tcell
8.672348846855753,227.2085893752168,0.0,CD8_Tcell
-256.60613983338254,16.611078969056514,0.0,CD8_Tcell
242.29014561194518,213.0114868306158,0.0,CD8_Tcell
-161.51559265299645,-313.4205267912487,0.0,CD8_Tcell
-228.23400011993954,260.77705839581586,0.0,CD8_Tcell
257.1939329887694,-96.45720926352209,0.0,CD8_Tcell
-163.8282326079483,-150.481965450376,0.0,CD8_Tcell
-173.912888415676,322.01982712195365,0.0,CD8_Tcell
274.04642104049697,-171.13540099403838,0.0,CD8_Tcell
-371.1706065229628,-89.1028062567091,0.0,CD8_Tcell
-209.1550887351462,-207.3361545078635,0.0,CD8_Tcell
-176.92376700921932,-177.891991232126,0.0,CD8_Tcell
57.78244016707551,-206.285156329115,0.0,CD8_Tcell
242.58083688632803,311.94424015839604,0.0,CD8_Tcell
-50.39441902144837,-325.5136238772934,0.0,CD8_Tcell
264.7408397526379,143.9163772221939,0.0,CD8_Tcell
73.52779868273846,-203.3851930567271,0.0,CD8_Tcell
201.35092460395018,136.01709562372014,0.0,CD8_Tcell
73.20325930713796,-351.09101401769556,0.0,CD8_Tcell
264.2719100007162,206.58153033730858,0.0,CD8_Tcell
217.53164359861145,-219.19158270676152,0.0,CD8_Tcell
244.25735081161744,22.50657534815927,0.0,CD8_Tcell
329.30021446958006,-89.88729586386411,0.0,CD8_Tcell
220.3303594653738,287.36253407347533,0.0,CD8_Tcell
154.86113923185712,158.1521529055992,0.0,CD8_Tcell
209.41598136121738,165.95842272528571,0.0,CD8_Tcell
300.9500106804381,-239.85052208847318,0.0,CD8_Tcell
158.21888079914066,259.12922013410264,0.0,CD8_Tcell
138.73299961896885,-305.5922383964462,0.0,CD8_Tcell
268.3378107617138,-74.31960990313331,0.0,CD8_Tcell
-389.71625503498905,84.89826434443623,0.0,CD8_Tcell
248.3947420151568,28.88937300440793,0.0,CD8_Tcell
-4.401302389914269,292.53882437505285,0.0,CD8_Tcell
216.35267522190634,-106.4626362603869,0.0,CD8_Tcell
8.584645953362703,248.00938237172105,0.0,CD8_Tcell
170.09569865852785,-317.29566702888366,0.0,CD8_Tcell
283.27037297352433,-62.72361431986773,0.0,CD8_Tcell
-121.10777679094983,165.12906246090094,0.0,CD8_Tcell
-163.05535796671356,202.69598708222668,0.0,CD8_Tcell
266.2896686269698,-284.48618057336193,0.0,CD8_Tcell
64.41570013287296,382.0391863680122,0.0,CD8_Tcell
167.52039460624295,198.00708917512435,0.0,CD8_Tcell
-310.3167323206659,-252.25466255724615,0.0,CD8_Tcell
-175.31374266867346,-237.70043381225136,0.0,CD8_Tcell
172.15047369234605,139.7291851239984,0.0,CD8_Tcell
-381.48660033102567,98.7874740795408,0.0,CD8_Tcell
129.5245780287282,253.19587142791013,0.0,CD8_Tcell
211.83992203768872,141.1460324340671,0.0,CD8_Tcell
294.7711181566065,-152.30746372313405,0.0,CD8_Tcell
113.1533520611234,-330.8908163237956,0.0,CD8_Tcell
300.37613789016814,116.76485682629172,0.0,CD8_Tcell
-130.46206957305935,189.09637431251184,0.0,CD8_Tcell
87.64651329478934,356.14417660929735,0.0,CD8_Tcell
-63.353530988037605,-212.12778007307256,0.0,CD8_Tcell
315.33563858167895,205.04276679315504,0.0,CD8_Tcell
289.4011712212634,163.54546748930235,0.0,CD8_Tcell
-234.37068189924872,222.73943723028782,0.0,CD8_Tcell
-260.98782984275545,248.0546934132154,0.0,CD8_Tcell
206.88760718250123,-307.17556595942705,0.0,CD8_Tcell
-253.67260811910427,260.1323078927361,0.0,CD8_Tcell
-66.1276249616536,-226.8988364200023,0.0,CD8_Tcell
154.48462737780523,180.67044946072193,0.0,CD8_Tcell
16.193236451810993,-341.1079649837359,0.0,CD8_Tcell
294.92601631215376,131.48217241477244,0.0,CD8_Tcell
144.09915446742187,298.08797433584357,0.0,CD8_Tcell
257.09756164577755,-213.7863024517374,0.0,CD8_Tcell
297.88404170455294,113.44591662087325,0.0,CD8_Tcell
-43.13551525167379,356.948856910038,0.0,CD8_Tcell
119.03790011888773,262.8342353837831,0.0,CD8_Tcell
315.0735101900202,-121.21683494565062,0.0,CD8_Tcell
-178.5277373705138,254.01809378758875,0.0,CD8_Tcell
155.87672914739127,152.46204090424217,0.0,CD8_Tcell
202.14914898127492,-239.54023489008077,0.0,CD8_Tcell
345.0498266312294,100.13809152085206,0.0,CD8_Tcell
-16.56482782712519,-260.1868092600398,0.0,CD8_Tcell
-294.4713112854978,-88.68920546784818,0.0,CD8_Tcell
150.3120282351488,-336.943052554877,0.0,CD8_Tcell
57.03493808640216,-221.6505129566892,0.0,CD8_Tcell
-222.859762042365,275.5358598043416,0.0,CD8_Tcell
81.77199293912837,-314.6203794932473,0.0,CD8_Tcell
-74.88446623527012,333.365858398032,0.0,CD8_Tcell
222.92466376843825,-10.648697033547158,0.0,CD8_Tcell
374.06185110345365,70.50381044741327,0.0,CD8_Tcell
309.6050957158602,-78.57018844396299,0.0,CD8_Tcell
338.73386635864887,104.05411336072765,0.0,CD8_Tcell
-248.2093791338171,275.5899337677359,0.0,CD8_Tcell
-202.29026330097267,-323.66371626584885,0.0,CD8_Tcell
50.93934510001069,-261.2231515982311,0.0,CD8_Tcell
168.25275216834163,-184.5757363477259,0.0,CD8_Tcell
148.62429640293354,-313.09169484900957,0.0,CD8_Tcell
-80.26410293406967,-256.88117972198773,0.0,CD8_Tcell
-231.12462964290935,-48.34288801243236,0.0,CD8_Tcell
19.40316073569387,244.1240579324468,0.0,CD8_Tcell
-124.71032628508841,352.66291948634984,0.0,CD8_Tcell
-295.23701970584585,-246.8254200386477,0.0,CD8_Tcell
282.35131433204674,205.68400709397395,0.0,CD8_Tcell
-55.413321731212484,-332.85000584914246,0.0,CD8_Tcell
-217.7435829608512,230.34766948499845,0.0,CD8_Tcell
-229.24076015222593,80.54477028481682,0.0,CD8_Tcell
-64.32971646875124,214.98515553586688,0.0,CD8_Tcell
139.53568289163366,-296.6165917521994,0.0,CD8_Tcell
152.1353625874172,239.05817333777827,0.0,CD8_Tcell
81.67283403275277,-334.28947277418945,0.0,CD8_Tcell
-150.83988114782144,-362.52599276784605,0.0,CD8_Tcell
106.40599801917725,-371.20909382255513,0.0,CD8_Tcell
213.07264672734502,147.1555492053441,0.0,CD8_Tcell
-284.2688618115363,-101.25683268891943,0.0,CD8_Tcell
197.84066534285193,255.53700668982287,0.0,CD8_Tcell
-147.72607917783924,223.0847965004359,0.0,CD8_Tcell
272.27859946903965,-161.29451064080862,0.0,CD8_Tcell
-206.6856009141186,-6.766933324454993,0.0,CD8_Tcell
-145.80031729404655,-325.6976596220318,0.0,CD8_Tcell
317.4737016747497,-109.94946485553218,0.0,CD8_Tcell
331.77029035258215,71.73103778539051,0.0,CD8_Tcell
208.48829212725423,298.12731668527704,0.0,CD8_Tcell
-306.83114013546765,-186.30162733785505,0.0,CD8_Tcell
180.32721947536555,239.09008691841933,0.0,CD8_Tcell
276.7704328915621,-121.72944399946721,0.0,CD8_Tcell
-270.16269040418837,-271.3722609678687,0.0,CD8_Tcell
263.44269776397664,67.47925144329487,0.0,CD8_Tcell
273.05560864099647,-217.36648960818803,0.0,CD8_Tcell
-162.94169935373006,-211.64752773339947,0.0,CD8_Tcell
-70.30785913037984,-306.0657632348543,0.0,CD8_Tcell
-233.79985633717126,197.03885964208675,0.0,CD8_Tcell
-39.03624442622482,-388.90440616377543,0.0,CD8_Tcell
208.17183191190742,-27.50302206800868,0.0,CD8_Tcell
103.9261534212116,-225.22045720618712,0.0,CD8_Tcell
-9.037216928370546,-353.47198677949194,0.0,CD8_Tcell
311.8496165267347,183.25804827931887,0.0,CD8_Tcell
-200.97402374998887,-2.448698434217407,0.0,CD8_Tcell
-121.9401377960831,-232.5972926520949,0.0,CD8_Tcell
-203.4937836884916,300.6991235535144,0.0,CD8_Tcell
32.26327085964456,-384.0920949200637,0.0,CD8_Tcell
-105.84205269956603,-267.3739718673695,0.0,CD8_Tcell
-126.53922243937332,-342.7734025200588,0.0,CD8_Tcell
-225.08028095949115,-122.8375824952764,0.0,CD8_Tcell
212.95761815788643,-334.5987075828784,0.0,CD8_Tcell
-178.2215847116172,138.91581016014467,0.0,CD8_Tcell
218.2412884970074,173.28650475012068,0.0,CD8_Tcell
190.05543322751777,-197.2246844960402,0.0,CD8_Tcell
13.585984792310207,394.69197020060454,0.0,CD8_Tcell
275.48646915911553,-103.62955663084851,0.0,CD8_Tcell
286.0429471572292,249.3678316299596,0.0,CD8_Tcell
-49.224975002627126,-373.161822780931,0.0,CD8_Tcell
-221.28349730843857,296.0702784940889,0.0,CD8_Tcell
-311.89516449185913,72.81741783687718,0.0,CD8_Tcell
256.58906913730993,-160.22005723231402,0.0,CD8_Tcell
-150.601958458782,292.02176102951324,0.0,CD8_Tcell
-168.17721370427657,-309.62040568351284,0.0,CD8_Tcell
-83.64424620764792,204.36996277629837,0.0,CD8_Tcell
-90.06688278216694,238.0349252494039,0.0,CD8_Tcell
224.90795626548703,-271.74005104432587,0.0,CD8_Tcell
0.5306357501284965,-255.4573859987432,0.0,CD8_Tcell
-126.67612346145944,283.01933626071747,0.0,CD8_Tcell
190.4461080422971,-164.45634417258475,0.0,CD8_Tcell
-46.850211573709196,-219.7588020530037,0.0,CD8_Tcell
-85.17788909045915,184.70683638398464,0.0,CD8_Tcell
221.85336884382218,221.41176866584314,0.0,CD8_Tcell
75.9945299247956,-192.30175310433353,0.0,CD8_Tcell
-317.5795647849095,195.28478491551687,0.0,CD8_Tcell
-68.69560933235933,-231.78720128102844,0.0,CD8_Tcell
-187.84340824969843,-171.74066740936047,0.0,CD8_Tcell
286.11010270606744,116.46786322848304,0.0,CD8_Tcell
-299.70335230932403,226.26251954615648,0.0,CD8_Tcell
310.4141832550991,-32.56746582138495,0.0,CD8_Tcell
-200.85818361036226,-329.114151199288,0.0,CD8_Tcell
-64.35658668187251,388.53194378820723,0.0,CD8_Tcell
-303.5820713342016,-184.01719199400824,0.0,CD8_Tcell
-335.8720143100626,-122.62547139594813,0.0,CD8_Tcell
50.50755582510521,251.302441568517,0.0,CD8_Tcell
-361.00230713260873,-100.84175113648513,0.0,CD8_Tcell
100.1952206167123,-281.40497137580786,0.0,CD8_Tcell
178.03222452405703,267.48580864016344,0.0,CD8_Tcell
-95.29372866913396,-196.60508664768318,0.0,CD8_Tcell
369.12908659015466,-152.25065934417015,0.0,CD8_Tcell
-82.10632710206497,-187.38320196643295,0.0,CD8_Tcell
18.013121237595342,288.1824529848272,0.0,CD8_Tcell
173.8388812440738,315.09990859166663,0.0,CD8_Tcell
176.91182287842943,-186.21171262416797,0.0,CD8_Tcell
-319.23428544535176,-112.4165997414538,0.0,CD8_Tcell
-245.447512020872,-241.39458891927382,0.0,CD8_Tcell
-5.220719014417486,-279.21654386658986,0.0,CD8_Tcell
-94.25767472996036,-236.62611285271856,0.0,CD8_Tcell
-192.07205593246306,-107.80820553339522,0.0,CD8_Tcell
129.47428369504078,-258.4053734657906,0.0,CD8_Tcell
-346.7891932876897,140.1305167719796,0.0,CD8_Tcell
47.55079054846199,229.3250040328766,0.0,CD8_Tcell
303.35969264494133,-76.83244702960066,0.0,CD8_Tcell
139.7088243695272,-319.69039885071214,0.0,CD8_Tcell
281.90418004507717,-125.63361995204399,0.0,CD8_Tcell
160.62156891419662,-161.59676689569665,0.0,CD8_Tcell
-118.57698465390735,-376.7732842037196,0.0,CD8_Tcell
-271.34213399424027,-167.9701653026223,0.0,CD8_Tcell
278.0279676128627,121.13191147058718,0.0,CD8_Tcell
-293.6506898836794,62.524655163811104,0.0,CD8_Tcell
9.871650649145941,-205.6995900001774,0.0,CD8_Tcell
330.49068359251737,144.78207160756955,0.0,CD8_Tcell
100.88761231876242,209.9123018297644,0.0,CD8_Tcell
-217.13678500712328,271.40198831991074,0.0,CD8_Tcell
-143.94222862341775,-230.41089160841068,0.0,CD8_Tcell
-166.4540789677734,157.6882026941296,0.0,CD8_Tcell
219.73720026756743,-55.312620989185746,0.0,CD8_Tcell
183.97167001858458,-293.8982060398088,0.0,CD8_Tcell
-245.30836329116033,-35.792380572076354,0.0,CD8_Tcell
225.44601278380108,-204.09762918676867,0.0,CD8_Tcell
216.07783622254868,-128.20756901671004,0.0,CD8_Tcell
-49.47040422631141,313.6220566214022,0.0,CD8_Tcell
-297.0756315467791,204.24849593385505,0.0,CD8_Tcell
-304.20348118057376,-93.33863787505126,0.0,CD8_Tcell
57.823829274820916,-350.58525496675674,0.0,CD8_Tcell
58.89380418251729,271.60585188714253,0.0,CD8_Tcell
245.1037226955079,267.3534046189768,0.0,CD8_Tcell
288.08607633491806,-227.12874309955978,0.0,CD8_Tcell
320.89131219408944,-119.52553034797934,0.0,CD8_Tcell
271.64823936218784,-253.95943157606487,0.0,CD8_Tcell
125.28330182420977,289.0011512230532,0.0,CD8_Tcell
222.18413027241644,316.3055598140569,0.0,CD8_Tcell
277.3080103616942,262.62665394717374,0.0,CD8_Tcell
-298.01644391841774,-121.55451846523204,0.0,CD8_Tcell
-349.8220269082426,7.782311772244682,0.0,CD8_Tcell
255.68074958620966,49.44900590834864,0.0,CD8_Tcell
57.697256764098576,-369.3041366967676,0.0,CD8_Tcell
-227.20210097912206,-235.1724249349041,0.0,CD8_Tcell
-31.051044652758538,267.17971130561654,0.0,CD8_Tcell
-162.9660926585135,205.77922131088584,0.0,CD8_Tcell
258.9802291674787,-244.84804204732527,0.0,CD8_Tcell
347.02548851284075,-71.65645026382028,0.0,CD8_Tcell
-328.4548690086227,-11.13560836794794,0.0,CD8_Tcell
56.50303198750949,196.6480391988217,0.0,CD8_Tcell
-245.94004473387545,-147.50394738973162,0.0,CD8_Tcell
-256.93131343943486,80.52824805614881,0.0,CD8_Tcell
310.93030413282554,92.8738562505539,0.0,CD8_Tcell
-277.06214301723355,-187.32373047235274,0.0,CD8_Tcell
84.53586695662516,-188.6636060691655,0.0,CD8_Tcell
159.76756618962287,137.82477263622192,0.0,CD8_Tcell
-126.95370908622424,-162.37172429248983,0.0,CD8_Tcell
287.1603914883027,-210.15213691810035,0.0,CD8_Tcell
350.2489833382976,-4.176178598214199,0.0,CD8_Tcell
-213.49395013526924,-156.65847419788497,0.0,CD8_Tcell
346.93803312899496,-116.9110932200283,0.0,CD8_Tcell
268.95096980477484,20.959899120999843,0.0,CD8_Tcell
5.209492926420939,369.3772518168239,0.0,CD8_Tcell
-229.83625243437703,266.7499036227695,0.0,CD8_Tcell
-154.88726528912383,184.99856440336663,0.0,CD8_Tcell
-228.42914648541753,117.15864796068574,0.0,CD8_Tcell
-168.93787812489433,176.53466817153782,0.0,CD8_Tcell
350.67398014827603,20.968466095952536,0.0,CD8_Tcell
-282.11914917941675,46.15847543960796,0.0,CD8_Tcell
121.99614460337136,177.3998074991043,0.0,CD8_Tcell
334.8781569559924,76.67520293953896,0.0,CD8_Tcell
95.26790980961405,-250.37371239091848,0.0,CD8_Tcell
111.19922777219669,-296.09117617138213,0.0,CD8_Tcell
214.44575867106485,1.772003304397024,0.0,CD8_Tcell
-224.9143139860308,210.41303495215266,0.0,CD8_Tcell
63.86869357313789,277.61133482063354,0.0,CD8_Tcell
73.39492290310508,286.76915349020817,0.0,CD8_Tcell
-179.8066340537211,-262.9741967145551,0.0,CD8_Tcell
83.20714514712878,388.9650633037154,0.0,CD8_Tcell
-381.2034622957952,-118.95566124181141,0.0,CD8_Tcell
-248.10375311425014,-49.05959421112732,0.0,CD8_Tcell
-143.6670534506589,235.38437988140404,0.0,CD8_Tcell
-66.03941933356269,287.56914946314834,0.0,CD8_Tcell
32.262714022812425,-274.9456525182793,0.0,CD8_Tcell
-251.1777876047883,-165.77888091803592,0.0,CD8_Tcell
175.1626851853242,-285.96409354263386,0.0,CD8_Tcell
228.09280072857138,-181.38170939745166,0.0,CD8_Tcell
-240.67344269727406,-166.08270136563706,0.0,CD8_Tcell
-269.7316261083284,21.54362946140139,0.0,CD8_Tcell
-198.80347116483762,-105.80726462757323,0.0,CD8_Tcell
345.09054397804607,32.355755313379056,0.0,CD8_Tcell
-199.96695545219163,140.3176775146086,0.0,CD8_Tcell
75.03253714799452,-389.47956369392614,0.0,CD8_Tcell
-64.85395021373088,-259.5477809798466,0.0,CD8_Tcell
381.7601979516479,84.7645791457024,0.0,CD8_Tcell
8.845257983869976,-244.02942111449084,0.0,CD8_Tcell
49.06119599554633,-248.37888598698171,0.0,CD8_Tcell
129.28890173772956,-164.3798477417348,0.0,CD8_Tcell
-242.39183777878208,-99.34458475125655,0.0,CD8_Tcell
260.1850889961843,-224.47370348980564,0.0,CD8_Tcell
-65.45116895458156,218.52917673997902,0.0,CD8_Tcell
-295.6314992260928,228.4617254237834,0.0,CD8_Tcell
-36.092583518761245,-215.73000904542678,0.0,CD8_Tcell
350.48950920566244,15.160196777099515,0.0,CD8_Tcell
284.43129324082264,96.58707340681056,0.0,CD8_Tcell
-79.58326368766667,357.0041840082293,0.0,CD8_Tcell
293.60559135616467,-186.39106989778702,0.0,CD8_Tcell
105.54532064190214,-238.27714112221523,0.0,CD8_Tcell
275.2172161058943,101.61670098302423,0.0,CD8_Tcell
-246.53338024888342,-186.69124955599747,0.0,CD8_Tcell
-114.31775056330953,373.4772457159169,0.0,CD8_Tcell
-155.25274105052807,-272.89991321095283,0.0,CD8_Tcell
-18.427516025009457,228.55244378712305,0.0,CD8_Tcell
298.4740714438691,-119.94110743819378,0.0,CD8_Tcell
-187.85042062054833,352.55091247155764,0.0,CD8_Tcell
149.03906612726902,239.39502716531752,0.0,CD8_Tcell
320.96155112274766,168.22656774717134,0.0,CD8_Tcell
-161.43785838621585,210.38888521579798,0.0,CD8_Tcell
72.25339269827981,326.4042706000393,0.0,CD8_Tcell
60.28772883315152,257.9176969184691,0.0,CD8_Tcell
308.8095703582268,236.99306751798315,0.0,CD8_Tcell
-111.1663448336592,243.4430299554465,0.0,CD8_Tcell
-19.338140068014294,-220.27514107099623,0.0,CD8_Tcell
287.8275428959038,210.9888305620222,0.0,CD8_Tcell
363.6557269788774,30.605467172528783,0.0,CD8_Tcell
-280.39381107985656,-22.321475452565217,0.0,CD8_Tcell
104.5543599820844,-316.38676857036126,0.0,CD8_Tcell
-122.33493622336269,174.8547408384712,0.0,CD8_Tcell
212.3766795130783,251.06305950409913,0.0,CD8_Tcell
-219.38050615402827,-182.87605854693217,0.0,CD8_Tcell
325.0829318440246,-104.53813578149774,0.0,CD8_Tcell
219.40923649749266,-299.28829434153624,0.0,CD8_Tcell
-304.1497575058502,-203.89800044558268,0.0,CD8_Tcell
361.2945318201132,-106.27187790473725,0.0,CD8_Tcell
-266.9877577420637,-253.87745793470933,0.0,CD8_Tcell
155.67531602977442,-248.04113619486046,0.0,CD8_Tcell
93.39360339972572,283.2898066429285,0.0,CD8_Tcell
-340.46654993933794,137.67458310121643,0.0,CD8_Tcell
189.83072428057991,-150.17868570094458,0.0,CD8_Tcell
242.39466408958117,-27.421815716498013,0.0,CD8_Tcell
-384.91681555895894,21.29501364264165,0.0,CD8_Tcell
-268.4808468961216,-69.2452836508148,0.0,CD8_Tcell
46.829330440390876,-221.66220112244565,0.0,CD8_Tcell
182.1287781120507,268.52832448436476,0.0,CD8_Tcell
187.0378308027553,255.500128124679,0.0,CD8_Tcell
-59.01186368882571,-369.2623885856185,0.0,CD8_Tcell
-375.1673136425992,-82.58249349881297,0.0,CD8_Tcell
113.88013629579049,-331.57480093291116,0.0,CD8_Tcell
312.7709534584815,71.58239751267594,0.0,CD8_Tcell
92.90181009408006,-356.728975590273,0.0,CD8_Tcell
-35.39015243831325,-277.63105459565014,0.0,CD8_Tcell
-32.43618675788503,-245.14557633496574,0.0,CD8_Tcell
200.52992946398132,-80.55983509654907,0.0,CD8_Tcell
300.34436781281505,-181.66122232590814,0.0,CD8_Tcell
230.95805672557046,134.84278301597922,0.0,CD8_Tcell
-344.34241337602515,-149.50433348278656,0.0,CD8_Tcell
-39.507515475338245,239.0726757433505,0.0,CD8_Tcell
223.0772206599387,-302.2990125026855,0.0,CD8_Tcell
330.82148666979396,-184.65207413868862,0.0,CD8_Tcell
265.37772402734095,23.14332714803387,0.0,CD8_Tcell
-132.87043607476875,222.19534194857238,0.0,CD8_Tcell
231.10627598993898,-52.914649498774565,0.0,CD8_Tcell
-325.605841070308,-129.25118306656142,0.0,Treg
-6.16445216900113,285.90102650222116,0.0,Treg
130.1283142273782,-191.17172944763817,0.0,Treg
238.03090043109538,-250.3821552101266,0.0,Treg
-158.4341635443802,337.3006684223663,0.0,Treg
123.2881522939432,284.04472882267083,0.0,Treg
163.0864398955576,-260.5341131283875,0.0,Treg
176.48198870561882,-320.6830509816192,0.0,Treg
164.58785180976102,335.53767461169764,0.0,Treg
-262.37979588704513,-17.646569378009172,0.0,Treg
33.74126414863949,397.99668564747066,0.0,Treg
-110.86939136482816,275.6475709248057,0.0,Treg
-293.22364975392054,-156.77023333493977,0.0,Treg
-195.61934505547202,259.0107646486421,0.0,Treg
242.90435193206054,158.96208710335478,0.0,Treg
-169.56458820925582,354.4046337403163,0.0,Treg
321.11986403654555,0.22392629890334106,0.0,Treg
-200.3952108363636,-312.2223671527849,0.0,Treg
212.12539300118556,63.57227123635806,0.0,Treg
-312.6080295691779,113.60043199000074,0.0,Treg
230.3295748852743,-70.26298994728796,0.0,Treg
51.28101472297815,319.90906606470713,0.0,Treg
-275.17347786516206,155.49309847439676,0.0,Treg
-99.81700620051973,-242.0979127445406,0.0,Treg
-181.64809867036192,108.81730945702958,0.0,Treg
-308.191633567772,-171.6098904804089,0.0,Treg
-201.31637301469488,40.14768644067283,0.0,Treg
197.0576869158998,-237.08732348965694,0.0,Treg
252.3824219173674,-1.9213587271273858,0.0,Treg
260.30665335481405,-299.8199183620699,0.0,Treg
179.78705633550655,-282.7725760656476,0.0,Treg
334.25292058939317,-150.76206391322685,0.0,Treg
-147.0580299730812,-369.6587407081662,0.0,Treg
-238.13780445161518,-289.04742194940223,0.0,Treg
-166.7779466229619,274.4426350213026,0.0,Treg
134.67226491484664,247.3456996334176,0.0,Treg
-237.4761777731034,-118.81419979871083,0.0,Treg
305.2075124030337,-224.49844117415518,0.0,Treg
208.01417689121322,-35.74409234095335,0.0,Treg
397.04571512715086,3.458488981431225,0.0,Treg
-53.3844661949156,240.80108494191867,0.0,Treg
-387.81252170045843,-69.16677246458117,0.0,Treg
-201.3779781697705,-53.74818215023061,0.0,Treg
159.91931934407714,159.1612877355638,0.0,Treg
-77.03697732127097,328.3061359669238,0.0,Treg
360.64814377871085,171.37834365562145,0.0,Treg
-105.94462392300775,188.06750713676755,0.0,Treg
-331.70260819425846,69.4207528777846,0.0,Treg
365.33142121054,82.56878222690949,0.0,Treg
295.6104303741853,163.53631555359541,0.0,Treg
197.6676192331454,-191.29276294598856,0.0,Treg
-197.64852128657407,288.9151101218855,0.0,Treg
-86.06704735272467,-312.376896015944,0.0,Treg
203.49424778294645,30.229039336867743,0.0,Treg
34.80420016311009,-386.1543906219135,0.0,Treg
102.68624387664765,257.982795126976,0.0,Treg
183.97599829376404,-346.3811474106534,0.0,Treg
210.0813739830249,156.1372684565778,0.0,Treg
58.02896369300425,315.30087117358954,0.0,Treg
-34.105092629498984,369.62442707467045,0.0,Treg
-55.78597539930165,-367.62073184850794,0.0,Treg
342.3569890161137,184.4421626251732,0.0,Treg
-65.62808763107495,304.02836921244324,0.0,Treg
224.9521091031297,-30.89202463911489,0.0,Treg
185.56051837100955,189.37968522462896,0.0,Treg
-128.8325606348355,233.72751060540097,0.0,Treg
367.02423404610386,35.92154656522172,0.0,Treg
-106.12085753641865,-376.86434146281533,0.0,Treg
83.44722380234553,-312.93059080431124,0.0,Treg
163.64344696272352,284.50214336371215,0.0,Treg
266.3058953177325,285.1289001530699,0.0,Treg
288.95520914164325,-214.89221422148768,0.0,Treg
-55.62391406526223,-283.1561683788258,0.0,Treg
304.983753791415,-3.2448012050899013,0.0,Treg
-97.37734610246788,176.41856595497126,0.0,Treg
327.3635707482645,-213.05991472093538,0.0,Treg
299.9388375915575,-111.68165198176463,0.0,Treg
71.60270452613995,-360.7958763176732,0.0,Treg
-18.500025958989987,247.59441320991937,0.0,Treg
131.99988024638824,178.57533206397798,0.0,Treg
-227.63081701067264,226.12397056759693,0.0,Treg
-211.43486217720488,-92.59568136912877,0.0,Treg
-312.55814512795416,187.49080516900958,0.0,Treg
-225.86443017498038,-106.58780449158441,0.0,Treg
180.5364458121508,254.6518181628113,0.0,Treg
-90.69875171757994,-236.6553878958223,0.0,Treg
-186.2105372096169,233.1469000572166,0.0,Treg
108.97381513438268,337.71903109111423,0.0,Treg
87.39300633521628,319.7926672998176,0.0,Treg
289.1919392407254,-119.95222583900716,0.0,Treg
-207.59393325450588,341.2718008671181,0.0,Treg
261.2786860765338,-263.2509322141121,0.0,Treg
197.0095958784278,77.32738437322942,0.0,Treg
-181.17646575450587,201.46348147603715,0.0,Treg
-189.76705079646078,184.8735808768762,0.0,Treg
131.61837811961607,-376.599634383508,0.0,Treg
288.0817241710816,-120.56657292685932,0.0,Treg
-4.4584269874135645,304.3988612744729,0.0,Treg
-297.4379376395772,-247.06922508449261,0.0,Treg
-117.6290585885536,291.4880080543616,0.0,Treg
204.16822427732757,305.80057886399743,0.0,Treg
315.41463722827274,191.79639994984825,0.0,Treg
270.7434080386976,-91.97831603800654,0.0,Treg
-165.09245141057016,206.43184231728972,0.0,Treg
42.69204707735279,-381.48155616365426,0.0,Treg
-170.02135339652204,-256.86295558947205,0.0,Treg
284.8047736512025,53.927114310342866,0.0,Treg
19.887020743035933,-294.92205017434014,0.0,Treg
-266.06392131688034,172.22302522524942,0.0,Treg
149.7744558918236,-358.4591418326527,0.0,Treg
179.28790629696633,145.0239275393235,0.0,Treg
-21.34849575078818,341.01325365695413,0.0,Treg
-135.11149156106188,-196.2775452523865,0.0,Treg
181.0740519784099,-247.53963930897217,0.0,Treg
-339.1939248583396,120.69017838796032,0.0,Treg
298.954243088244,-196.85691789756675,0.0,Treg
-58.82383302625896,-230.48451325578208,0.0,Treg
-204.14559049829188,46.42395285126654,0.0,Treg
130.03133930510316,278.3947850258468,0.0,Treg
181.8736627758732,-122.92324626223103,0.0,Treg
61.458352626547644,392.76252836744925,0.0,Treg
193.40120228668505,334.1815429356457,0.0,Treg
292.99158093432357,124.3986451017251,0.0,Treg
-206.25399951692842,-284.43642583636114,0.0,Treg
-13.086569877109957,361.82736829678686,0.0,Treg
362.4794810046568,84.49902712250315,0.0,Treg
211.72627972421097,291.1219855958354,0.0,Treg
-168.63013444127753,113.61391720934978,0.0,Treg
-101.87809252192993,-273.3340823139978,0.0,Treg
127.06855006076674,-188.7693826275849,0.0,Treg
-119.66972604866145,217.4858847890429,0.0,Treg
-294.48610634907595,-243.1494482964258,0.0,Treg
140.4455441525291,302.34231901041954,0.0,Treg
-110.36485139528588,-360.18745293899093,0.0,Treg
67.4252804161961,285.22668155363874,0.0,Treg
29.413539308532656,237.63163017861774,0.0,Treg
-337.99958021209,90.0683905161946,0.0,Treg
-66.58732852925337,-288.2211801137782,0.0,Treg
279.84974233521905,-174.76747318478542,0.0,Treg
-365.97777227741017,160.4598767245464,0.0,Treg
287.921265526488,5.894249266640678,0.0,Treg
31.552977570889965,-270.8399603688573,0.0,Treg
-183.98703077825175,85.32326838353919,0.0,Treg
153.48511765709267,-316.18291048025065,0.0,Treg
264.9503820138354,172.8191100489083,0.0,Treg
298.8582377263986,83.25147584941536,0.0,Treg
-91.22769154679,182.16516737167422,0.0,Treg
125.84487191646076,-179.67870351640218,0.0,Treg
194.45495396850788,255.41279144414742,0.0,Treg
190.81780164815115,102.92161184267391,0.0,Treg
19.42962510652751,-325.7141518809512,0.0,Treg
275.58378977902794,-245.99145469292338,0.0,Treg
-372.4596364701657,-57.84108621120343,0.0,Treg
-234.37528262385368,0.38647913849847837,0.0,Treg
187.0424164639807,-272.21220427044506,0.0,Treg
72.66748905039675,-245.56280085576915,0.0,Treg
-121.94183380536683,233.7012851871547,0.0,Treg
12.533454399450903,308.70702198283243,0.0,Treg
-89.84882591054718,291.96932646081365,0.0,Treg
-241.22051323728198,18.33699783961247,0.0,Treg
236.82498152614917,219.04013829605964,0.0,Treg
-71.79452435222888,-235.14504005474194,0.0,Treg
336.70064412310177,-2.2361262189780815,0.0,Treg
-267.80651512473617,-102.52077012819566,0.0,Treg
69.7839997078038,-318.3478955924838,0.0,Treg
-327.14886288389465,-72.9411787125781,0.0,Treg
-318.1963232671091,-228.71271552276852,0.0,Treg
247.05535606320555,225.4332753078866,0.0,Treg
342.24902866843746,-24.28041664282928,0.0,Treg
-392.8315491414195,-14.684198868003211,0.0,Treg
-201.3516481417363,-167.44349458713248,0.0,Treg
-18.296447944416855,215.75501677139573,0.0,Treg
269.00785520717653,-64.00293747638905,0.0,Treg
179.9650823089878,-166.44169156242492,0.0,Treg
-111.32148558454317,185.86131571035116,0.0,Treg
-252.5042769235321,-3.0833280097942106,0.0,Treg
-260.49411073913905,246.60659055200102,0.0,Treg
262.61175963361956,-209.08312130194886,0.0,Treg
-390.2959095367409,-60.19145681086094,0.0,Treg
24.918188946109595,274.4844662086375,0.0,Treg
31.399528597907217,237.2380313098934,0.0,Treg
-90.79800706116227,-305.8374793767173,0.0,Treg
221.12236161298148,-215.07511620891407,0.0,Treg
-117.20298652354204,341.59964750724436,0.0,Treg
-202.36608389810664,-120.59738033013734,0.0,Treg
296.3672291532814,65.2633281612635,0.0,Treg
-261.75203008532793,-58.573674201656424,0.0,Treg
189.20080681526935,-197.13876496920471,0.0,Treg
222.90965414040835,10.894462582429773,0.0,Treg
-211.50653878338963,-97.97226265283187,0.0,Treg
24.474459475373894,358.57094453999355,0.0,Treg
325.4644676944304,224.7282821140215,0.0,Treg
258.9863871916476,-27.768682741205104,0.0,Treg
266.6724939823771,13.812266000425126,0.0,Treg
-45.3015389204291,-254.24608310843192,0.0,Treg
148.64391706768524,-149.3193764587201,0.0,Treg
321.69129263934883,-33.8291513143924,0.0,Treg
-304.29209032670167,86.32125445188309,0.0,Treg
-206.92666468778233,211.18941154136104,0.0,Treg
-183.26783773280937,150.0373896222635,0.0,Treg
-169.1562932384435,236.99673821033798,0.0,Treg
226.2134684417693,-7.976361511375683,0.0,Treg
-23.476298127740744,219.2213451478643,0.0,Treg
-351.62969260102886,175.58201136243733,0.0,Treg
-221.29711061904845,56.07462701829008,0.0,Treg
-242.04624067677665,-298.61350914080435,0.0,Treg
133.74552713158545,372.35848118912025,0.0,Treg
192.14779055659682,202.54258658026734,0.0,Treg
-259.7826036463727,18.81373707972687,0.0,Treg
301.12518071890753,-150.91263221777388,0.0,Treg
-266.10626759340244,-234.77152072640408,0.0,Treg
-357.04628700393874,165.7930534357287,0.0,Treg
-57.77139300914714,356.8019547641047,0.0,Treg
-367.4253159781393,93.63855713047788,0.0,Treg
-313.3164228709115,-14.911670554002137,0.0,Treg
-188.26250845317233,-156.11635902582512,0.0,Treg
-355.5237780066523,136.0265664189071,0.0,Treg
333.96858300119305,-60.88941213420804,0.0,Treg
98.08970800054293,-323.81137255775633,0.0,Treg
-175.51660711986176,169.1842851076947,0.0,Treg
69.29072571614199,-223.7891723311569,0.0,Treg
-8.073385857935344,-330.6316691386198,0.0,Treg
73.34979185832967,307.89736543342843,0.0,Treg
16.185987377509456,356.7135230410024,0.0,Treg
-92.4443598972268,-299.4175177458208,0.0,Treg
83.48145518954134,-294.7520509367635,0.0,Treg
282.040657582278,278.8922270406571,0.0,Treg
207.89008209120138,319.75800904929827,0.0,Treg
210.1578532331702,-20.344738158942917,0.0,Treg
288.8227123291174,247.8035029647382,0.0,Treg
-22.25616879169222,319.96781252076204,0.0,Treg
-196.69433100855036,-178.67045985450034,0.0,Treg
311.9971898771138,-124.15028224345419,0.0,Treg
171.1891055596247,322.20010723977464,0.0,Treg
105.15989461257017,-366.29255598880764,0.0,Treg
-186.52011237386034,-84.22510212863308,0.0,Treg
36.68527974674872,224.09358699023142,0.0,Treg
234.15533152999905,-254.30857817502385,0.0,Treg
-187.469468583009,167.4499428574672,0.0,Treg
-163.33729865598528,-335.2328626571525,0.0,Treg
88.02101122695333,337.8857043705543,0.0,Treg
369.03582134894884,-49.411978185711774,0.0,Treg
-237.09175212940576,29.230489043896473,0.0,Treg
-281.9545853185799,89.86791311484713,0.0,Treg
-289.9503788067071,2.291983813951919,0.0,Treg
55.791341668652336,301.518708948674,0.0,Treg
330.68997924567867,-19.12979515544747,0.0,Treg
118.44235140293439,-250.17575926898394,0.0,Treg
351.6492935352793,-152.509861224213,0.0,Treg
-205.57684909430156,-206.15173342730338,0.0,Treg
348.536810047856,171.08163746397204,0.0,Treg
-101.58512557047021,246.8075793160866,0.0,Treg
247.57919640243054,176.21743936711593,0.0,Treg
-95.0178332390629,-346.13259182270406,0.0,Treg
-349.7191542989287,126.46955822417374,0.0,Treg
364.61004805938444,-36.59954153957808,0.0,Treg
55.133194962341804,388.7171919675051,0.0,Treg
-221.7605392624148,241.23341667656317,0.0,Treg
41.00100464568105,-202.98340616389538,0.0,Treg
247.6066714110906,50.246000679222654,0.0,Treg
60.531173808936224,-273.2092205623254,0.0,Treg
-273.94013858430236,69.33937503772242,0.0,Treg
160.38894907298436,-154.9489851460791,0.0,Treg
340.93176565979473,77.80488046476873,0.0,Treg
304.75192554463484,27.81223584764383,0.0,Treg
208.40352185670199,251.74426435426827,0.0,Treg
-136.91356517055436,151.85756715156043,0.0,Treg
-202.3784143481036,62.24878725378213,0.0,Treg
-204.45507944254297,-110.34627842530915,0.0,Treg
321.33632045137455,-130.9481254935437,0.0,Treg
195.41935653302698,50.42850943220933,0.0,Treg
-211.39867123541507,123.92350755483297,0.0,Treg
53.9174480612481,357.54510154516925,0.0,Treg
125.38195890905081,-322.89660783999153,0.0,Treg
152.89937947707648,-179.89011695537968,0.0,Treg
-212.5279814309712,298.9025498964088,0.0,Treg
-303.9517068157723,-155.63758581955554,0.0,Treg
273.5776181574497,-141.53455068445447,0.0,Treg
-198.38577361063162,-290.5549870838714,0.0,Treg
-266.16201075759017,-42.124104126879594,0.0,Treg
-201.96446710735052,-153.7646176576534,0.0,Treg
344.7543486393763,143.98149138708266,0.0,Treg
386.25720419626714,-20.448772163724133,0.0,Treg
365.05198635737196,130.48810637290336,0.0,Treg
-8.797901352772493,303.4925505592428,0.0,Treg
195.85799453360826,-174.328653950442,0.0,Treg
188.72807179295737,-262.17399831481947,0.0,Treg
357.4997096204437,-116.7885426406463,0.0,Treg
-155.79349895968323,-251.76711204845842,0.0,Treg
6.635209579744129,344.3700265798235,0.0,Treg
313.77451311799024,-95.24388258072483,0.0,Treg
308.8880259524491,-46.650639904867155,0.0,Treg
228.33798729069278,-209.7497599713623,0.0,Treg
215.94954496764595,-157.74434113747378,0.0,Treg
298.0493224620396,-266.47461409920504,0.0,Treg
-245.45128056900046,158.45257693245608,0.0,Treg
-331.32825290438285,-140.48012213232317,0.0,Treg
-157.15471711351856,124.67918969702912,0.0,Treg
244.86582854850857,151.6789867932751,0.0,Treg
-368.32879031979473,-118.02167694184728,0.0,Treg
-370.5479942673016,61.66707028502151,0.0,Treg
331.934079360849,-87.52301314970713,0.0,Treg
283.5247613813215,15.154033702448528,0.0,Treg
64.55733771099102,-298.07386919070973,0.0,Treg
-98.11194323136843,-220.08019343848989,0.0,Treg
7.02671890135128,-366.90928964626323,0.0,Treg
-235.13796262738794,-121.90206333373722,0.0,Treg
-4.220569647202894,377.85200640537136,0.0,Treg
221.367434965999,-100.08615804636351,0.0,Treg
147.3428673747943,157.04157520129112,0.0,Treg
-256.95952452318636,-14.5221075226522,0.0,Treg
-369.79363267664155,-44.650149883907105,0.0,Treg
48.900191490313475,-324.3927406633565,0.0,Treg
54.78235874130948,311.0715267197876,0.0,Treg
305.2019711800525,186.94356560580968,0.0,Treg
-267.3564264438745,62.6520854738295,0.0,Treg
-343.48828798604546,-142.2164504297986,0.0,Treg
285.37001641898,20.28950095134256,0.0,Treg
340.42772920602243,199.12375814252113,0.0,Treg
-250.47700553425906,-285.54605691667996,0.0,Treg
215.27763700085143,-209.7817451385526,0.0,Treg
-200.47452533340925,292.1551419054521,0.0,Treg
-328.10785039022164,-82.78656290715648,0.0,Treg
217.3439502464804,-187.8690508847551,0.0,Treg
-304.39425493475795,-204.42600463263528,0.0,Treg
268.3878610521715,255.87394354957206,0.0,Treg
-138.97962432567743,180.44745339633513,0.0,Treg
243.98117492981132,-59.49467661217439,0.0,Treg
-280.2835072373143,-41.3091493708037,0.0,Treg
-228.12940329218648,-63.56058179998252,0.0,Treg
-155.07873543015458,359.78717845569764,0.0,Treg
-202.20229548051293,96.41574190151844,0.0,Treg
-209.9762911812197,264.2776099448919,0.0,Treg
-34.50131271949962,339.53570949674946,0.0,Treg
3.675509811028026,-221.9131561317585,0.0,Treg
-78.28039809881142,389.83272035358624,0.0,Treg
187.86287827279568,-111.64025410494001,0.0,Treg
-44.28133702497608,270.74991360287464,0.0,Treg
-134.76382476724538,-253.59912295105534,0.0,Treg
-142.22727124924313,-308.44028776952456,0.0,Treg
-23.845346420519686,327.27890111581564,0.0,Treg
210.38224347239978,275.73676251582486,0.0,Treg
-193.2507240960849,-223.64338024700407,0.0,Treg
-218.74400690373162,-280.82618544333013,0.0,Treg
-280.3830097643197,211.01732902732013,0.0,Treg
-122.87957806286667,356.1588293197505,0.0,Treg
-398.5488724997401,-4.094524582934202,0.0,Treg
-182.15770187526968,-336.9238964410515,0.0,Treg
299.83711437179846,9.46134264173357,0.0,Treg
345.65955762104966,-70.86098037713363,0.0,Treg
-186.7321268818364,-137.38663982959486,0.0,Treg
-207.97376592315402,12.467782788547973,0.0,Treg
-342.38122975936886,-49.29873376106527,0.0,Treg
106.144232110984,297.88917453259705,0.0,Treg
-203.71390767041711,-112.6822626690259,0.0,Treg
-148.48217666572526,-294.21472758578733,0.0,Treg
332.486244437025,154.628669615761,0.0,Treg
332.38113326454646,-173.51870637646073,0.0,Treg
-191.73034824959078,164.12064648547923,0.0,Treg
180.95768329139668,295.82386441074135,0.0,Treg
-325.1804971452354,171.62533497662784,0.0,Treg
62.855050163163796,-371.82463354656966,0.0,Treg
-202.12057760897042,237.7331394423681,0.0,Treg
-159.88563830057217,160.9460302531947,0.0,Treg
-17.78297271619851,218.7749729814771,0.0,Treg
-256.01710806120036,139.50506541368648,0.0,Treg
-29.057817481551133,314.4045735943279,0.0,Treg
194.84501945589227,123.83249670850311,0.0,Treg
-214.59509661290096,-260.0084051620342,0.0,Treg
-272.1089457863916,209.40290100189736,0.0,Treg
-134.11483186254517,-334.43176588647543,0.0,Treg
-84.39329271200852,197.083921861154,0.0,Treg
-144.43873159667925,164.35129468065827,0.0,Treg
273.5072466383857,-94.05157326405302,0.0,Treg
163.65401663473858,-312.89905343292054,0.0,Treg
2.1809145565520636,229.01368325577698,0.0,Treg
334.3115153091963,-34.86080451535573,0.0,Treg
212.9756522450629,-265.19606911409215,0.0,Treg
46.153413050493164,327.0252441443001,0.0,Treg
267.95069957198615,224.72161635633236,0.0,Treg
-375.656675511946,-82.10379699748829,0.0,Treg
-308.6775303310721,-92.18333652769692,0.0,Treg
323.70842349057125,-102.43706987044075,0.0,Treg
-244.69452116290543,208.51946252161892,0.0,Treg
-30.66354154666644,-380.3096150089361,0.0,Treg
209.69534834978097,194.64102453322735,0.0,Treg
231.3440963278827,187.24331655076597,0.0,Treg
219.80147602268502,-285.71739420374627,0.0,Treg
209.0980413934344,-66.53918098540233,0.0,Treg
31.200679435960353,-281.1285214027197,0.0,Treg
66.32189561164438,330.45150451638864,0.0,Treg
-0.5623025130041741,-220.4610884513691,0.0,Treg
175.70101409442728,-344.65932186931366,0.0,Treg
391.1839968717699,73.14079300978837,0.0,Treg
-179.55139073117695,304.34109130593794,0.0,Treg
359.44536376564594,-80.54137240869403,0.0,Treg
303.2416899921955,98.23926404755224,0.0,Treg
33.41073162323535,255.00546406759287,0.0,Treg
356.0236862191342,-172.14040525456878,0.0,Treg
67.74339253944069,-245.40455621042167,0.0,Treg
43.64302514296756,-372.00477264864304,0.0,Treg
-166.1114769838916,-190.69587663757014,0.0,Treg
164.60415753050512,-243.2948127246858,0.0,Treg
-114.71000497167925,-166.71792800368934,0.0,Treg
183.17859289744186,-272.01513293037885,0.0,Treg
208.47070510892328,-312.502208841103,0.0,Treg
332.16087690535835,-70.24687065219642,0.0,Treg
-243.3953925619824,49.45064339909983,0.0,Treg
-222.29719436442588,56.93232831974639,0.0,Treg
159.07068683130413,282.17262787556484,0.0,Treg
130.60387835987478,243.2212035788152,0.0,Treg
266.3194174253847,-181.56933003890813,0.0,Treg
-43.66413679944009,389.70408087644876,0.0,Treg
26.738475375661896,-198.81176394904097,0.0,Treg
-370.09906012053096,50.844311251110014,0.0,Treg
202.81197781833862,274.451208159041,0.0,Treg
-102.30352205668744,-262.98450549067854,0.0,Treg
-38.479109858680175,343.6879867691694,0.0,Treg
0.11555460694485103,343.55717733290186,0.0,Treg
-112.27810938823748,-370.9279029877299,0.0,Treg
-137.17595052896553,322.70880905707554,0.0,Treg
326.13160516072435,15.328973717256144,0.0,Treg
-87.23662920401793,296.1115182485049,0.0,Treg
232.94876312858295,-287.761000532855,0.0,Treg
-149.9670444422825,-262.01507987738773,0.0,Treg
-269.71373047802865,111.36402754022863,0.0,Treg
336.65985312240446,28.658515726155976,0.0,Treg
-45.108372475162994,-340.8455807538829,0.0,Treg
223.12695435313302,-92.38887008233793,0.0,Treg
-195.05187996865328,178.98380039519787,0.0,Treg
-48.177266048712,330.35617698043654,0.0,Treg
-292.4189943477103,163.27972859070917,0.0,Treg
-185.64013952599424,-182.79091265948594,0.0,Treg
269.8177674051364,10.35350877876453,0.0,Treg
-253.6596444287439,139.2622573424652,0.0,Treg
208.97553508303895,137.3020800662623,0.0,Treg
243.0218926347943,90.26394458289278,0.0,Treg
-76.87213144820679,298.5951079631013,0.0,Treg
-169.23064624789623,353.4457852537443,0.0,Treg
-155.2527065282537,-237.05167592035392,0.0,Treg
-277.8280170190626,-74.93919247057786,0.0,Treg
-271.53429401552626,-119.85186361942145,0.0,Treg
-304.21383696334084,-186.09210263961748,0.0,Treg
189.43374674928685,198.7375240067546,0.0,Treg
85.6795822374417,266.38590142298625,0.0,Treg
144.22384577832923,149.70709065331607,0.0,Treg
-27.50900846195395,-310.4836006285422,0.0,Treg
239.29959324911437,-9.731345835225552,0.0,Treg
-177.44857621904532,357.7030638680682,0.0,Treg
-373.85518463548914,-22.727065824556455,0.0,Treg
-319.8422062538015,-169.93908768566578,0.0,Treg
158.68724908354818,-328.19681483111367,0.0,Treg
295.2876200550701,106.9315267972166,0.0,Treg
-197.86131217946712,115.8171920492491,0.0,Treg
214.15181883037252,-56.531692588356655,0.0,Treg
276.680189914265,-77.45368515473616,0.0,Treg
115.47451565165028,186.13480381949535,0.0,Treg
151.40334334462995,-272.04557988107365,0.0,Treg
145.96023553794382,314.17997648339633,0.0,Treg
265.85008995605216,-170.54336653259182,0.0,Treg
322.04023027251463,-232.97817546237584,0.0,Treg
257.47465812813215,72.78177126458831,0.0,Treg
156.36836789203198,-314.6769758303588,0.0,Treg
170.95526130252978,-172.61583758812768,0.0,Treg
-321.8656953200221,-13.60448433869999,0.0,Treg
219.23964603695947,-83.36308329696736,0.0,Treg
-290.30003898114023,87.8169276574334,0.0,Treg
7.079599638054687,339.9269300908617,0.0,Treg
-189.46298234882775,349.1035829430568,0.0,Treg
3.7199157863657213,-271.89141809808626,0.0,Treg
33.69688290284985,207.29186104736553,0.0,Treg
-211.02617205018117,51.91890534003889,0.0,Treg
-69.39750723933892,-267.70312845054076,0.0,Treg
196.28441208049784,-201.2029339218463,0.0,Treg
-49.57538790730314,216.44427393012293,0.0,Treg
265.60490683930607,-41.13719704984802,0.0,Treg
-218.63767578452442,287.96263181140597,0.0,Treg
198.75339478651637,-132.14351424274068,0.0,Treg
-347.5561185503793,-176.08033933712696,0.0,Treg
-370.0280135704321,-47.277953344535476,0.0,Treg
-377.03799976173343,87.5442312484856,0.0,Treg
11.258409871224734,-267.95872595335436,0.0,Treg
162.83647926334035,-218.97375226362723,0.0,Treg
307.0903118810161,125.5994359581913,0.0,Treg
55.27345854039638,-305.2358643649373,0.0,Treg
-362.80602079880737,-111.61119208321887,0.0,Treg
-300.72896349648266,-41.588992752906094,0.0,Treg
162.0119495412464,-345.55590862150916,0.0,Treg
-184.61904039031185,127.66179171112191,0.0,Treg
-211.0548018826304,159.86439791426406,0.0,Treg
-93.45155329847984,180.83130713765232,0.0,Treg
-266.0825669778713,-167.08705659385603,0.0,Treg
-184.75860464358135,211.76310045245816,0.0,Treg
217.27072555260293,299.4792776979317,0.0,Treg
-109.45945341801222,-301.83616932383615,0.0,Treg
35.60171679377221,326.4235477276167,0.0,Treg
-311.0835167078838,-106.09239470991015,0.0,Treg
133.92691499989982,281.39521586605997,0.0,Treg
-335.77803735535286,136.1817144068937,0.0,Treg
-144.6305706390064,221.55862317967308,0.0,Treg
286.16958391228,77.51707606289594,0.0,Treg
-263.1765849569783,106.53885085425316,0.0,Treg
200.11496176542616,78.38567067581404,0.0,Treg
-320.58318433323484,13.127054565397009,0.0,Treg
-320.75350528480476,164.47169881647312,0.0,Treg
-148.84754040667934,-346.26790565759705,0.0,Treg
-205.62862453876184,-339.86481194551413,0.0,Treg
-163.0860212730997,-220.34607239751884,0.0,Treg
293.27175121638066,97.28573574322975,0.0,Treg
-184.2224008081862,-125.21514017123224,0.0,Treg
89.59568510216926,-185.82930025697712,0.0,Treg
-313.8981016246042,-79.17096131491745,0.0,Treg
384.7786590111492,99.97652059994054,0.0,Treg
-354.5448577959725,29.042794729584752,0.0,Treg
36.84314730504896,345.61547293829716,0.0,Treg
-194.485806298333,-141.09164288779291,0.0,Treg
99.14197396968072,-378.4284809409311,0.0,Treg
-195.25352517569797,190.26745082121292,0.0,Treg
-257.8867119568194,277.712528381364,0.0,Treg
122.05190937843827,261.79514186921205,0.0,Treg
-321.5902859114343,-5.80197043737879,0.0,Treg
187.2019241934142,-101.44617063911187,0.0,Treg
217.58775835506552,-290.8977210962419,0.0,Treg
-263.52281414228617,-223.30297153097194,0.0,Treg
251.42218504554708,30.801983187131412,0.0,Treg
348.66836892976744,22.277655544961284,0.0,Treg
-239.17778340939986,14.735156007448657,0.0,Treg
-69.17390307484735,-199.91329449925365,0.0,Treg
22.95046657582307,261.4275643288959,0.0,Treg
-17.349294400642737,201.36832997841717,0.0,Treg
129.01252497297028,-375.59297625727766,0.0,Treg
293.9946080267271,147.82801538243666,0.0,Treg
-201.8031903449351,-174.59499892979818,0.0,Treg
-191.11615075709122,-99.62404522646044,0.0,Treg
349.7642471031239,165.50148565366686,0.0,Treg
-235.2406464894534,283.49960491343984,0.0,Treg
-91.06945077058542,346.48358191109423,0.0,Treg
68.49338305617368,363.8288101997995,0.0,Treg
256.1479283743647,191.50816873196828,0.0,Treg
-241.68964947196963,-44.803822055224295,0.0,Treg
-240.31867629111315,83.01198992932787,0.0,Treg
332.21610229943286,17.6910438731901,0.0,Treg
-296.79839562359854,256.2030468310136,0.0,Treg
143.0792743204797,308.6696680216409,0.0,Treg
348.4434799912353,112.63936116234417,0.0,Treg
-176.5567390008969,-294.182687600907,0.0,Treg
-94.0285890971424,189.49738583739983,0.0,Treg
89.47233303579387,385.77168865855515,0.0,Treg
-256.72974531899456,-166.66552127220612,0.0,Treg
-211.4221549540433,-275.198193766776,0.0,Treg
235.09408975819176,130.6336692374857,0.0,Treg
311.2185599069181,-211.2218694702639,0.0,Treg
126.41112278750498,-193.71013588187395,0.0,Treg
-305.0809793892035,-7.435473142548379,0.0,Treg
194.13431676436602,188.2835980604243,0.0,Treg
126.98029963554063,246.12419455493637,0.0,Treg
-265.88638485437315,-208.08941418800123,0.0,apCAF
-208.05997319738668,109.00223172132483,0.0,apCAF
-173.13115818806398,-301.63606999681326,0.0,apCAF
-269.25043016969533,69.6973844519256,0.0,apCAF
191.3384167998139,326.5303211163544,0.0,apCAF
-237.37206986030387,134.9712273951428,0.0,apCAF
39.47702883083382,369.10049236419064,0.0,apCAF
31.97753324501403,-232.91514628029054,0.0,apCAF
150.85992572004724,343.4338556145006,0.0,apCAF
32.34116658329017,350.598369760868,0.0,apCAF
5.420891528235588,292.232048689835,0.0,apCAF
-363.98820856224495,-80.48293421591961,0.0,apCAF
342.58073549302935,-28.759692744220533,0.0,apCAF
