x,y,z,type
-190.2342697088154,-240.68244546415363,0.0,CAF
100.3613542512396,261.0380955537137,0.0,CAF
-297.63274702119656,106.69836311481076,0.0,CAF
-152.66478928796533,127.5967389760444,0.0,CAF
-126.93449249028373,-40.26053204795444,0.0,CAF
169.83074699501913,29.932134613532345,0.0,CAF
-328.95416772813655,-13.779481410676402,0.0,CAF
-177.06949056739677,193.3091563232936,0.0,CAF
-113.42125272211534,-95.61915571283629,0.0,CAF
164.67516091921215,286.5625542675557,0.0,CAF
-12.470028465049081,219.20678835058297,0.0,CAF
-167.86609380788667,44.834971100171835,0.0,CAF
146.4013336693728,36.263990202944896,0.0,CAF
75.97730076158689,95.86090887902854,0.0,CAF
-185.4801189437216,-292.11341437636713,0.0,CAF
-177.5608862247769,174.9446193253974,0.0,CAF
92.71634617158185,331.9297276494997,0.0,CAF
322.44624924927206,-62.52845560842438,0.0,CAF
76.94140870377382,104.48988033721035,0.0,CAF
365.40541822385114,4.458352536213494,0.0,CAF
-11.311223871684009,-161.01681468310838,0.0,CAF
4.859769088198658,-230.3009283766993,0.0,CAF
-108.97140184695772,44.273293684663344,0.0,CAF
-73.63657110378308,-141.37595025709174,0.0,CAF
67.5224016623681,93.73495158696346,0.0,CAF
-64.99142091949173,-239.11164395699095,0.0,CAF
-291.79373111631145,-130.63309095615656,0.0,CAF
139.13849809194429,-8.972457017047478,0.0,CAF
-287.56280054812584,-248.9419645899402,0.0,CAF
43.57600145462174,112.31400031501752,0.0,CAF
-86.26956951301945,159.88458858154777,0.0,CAF
359.0314522292708,55.98715962417152,0.0,CAF
-139.9761535841056,119.15895143093327,0.0,CAF
285.38033726597655,-4.120370519249872,0.0,CAF
293.6057218795572,204.2617154751417,0.0,CAF
138.19665977793045,-206.03148870900318,0.0,CAF
41.14110455590708,5.888202392568177,0.0,CAF
-174.3493185423913,84.28575921354265,0.0,CAF
-13.871995658411297,281.0168356465504,0.0,CAF
116.98088253834577,36.34494162315653,0.0,CAF
323.63176971642366,119.41677656686343,0.0,CAF
-300.02555506952444,-124.10047437442311,0.0,CAF
26.143410514603406,-123.61189661925005,0.0,CAF
-12.744004220566012,204.66841005500535,0.0,CAF
-129.42734428697747,-308.17528767539864,0.0,CAF
267.1519309013472,138.19672669922062,0.0,CAF
-258.1595792016595,-1.7036022470330654,0.0,CAF
220.3356134232344,269.1176365957488,0.0,CAF
139.03603214401863,-185.2806795997895,0.0,CAF
3.769718319216381,-326.02414868849525,0.0,CAF
-8.243678213087342,-215.06013514336516,0.0,CAF
371.7763828214312,-66.52179517750422,0.0,CAF
33.81924082597119,-43.777719234114926,0.0,CAF
-18.315819379516896,-29.732733806379873,0.0,CAF
-269.6207736824639,209.4751582923364,0.0,CAF
-122.82833713522224,-5.525759724825707,0.0,CAF
227.27964802497928,20.79361498325285,0.0,CAF
37.37958496457167,-266.65287268175405,0.0,CAF
-67.68719348139633,119.45141909659917,0.0,CAF
211.76318538454453,201.50165322692393,0.0,CAF
-296.6100577325332,188.7120860156517,0.0,CAF
-397.9048299583203,21.333521015143656,0.0,CAF
-211.13140532573522,309.7460327308306,0.0,CAF
-63.022131670497934,118.35746315194585,0.0,CAF
132.17420948601045,12.593002285255443,0.0,CAF
-333.22506254336696,134.04836693272696,0.0,CAF
-56.94431217798641,56.13472777988016,0.0,CAF
-126.15086973876525,229.97829271308447,0.0,CAF
64.37468487698592,-85.07524230280822,0.0,CAF
-290.21281822967387,-179.0170966314268,0.0,CAF
333.1109823144644,-181.61004760617936,0.0,CAF
299.36343093039693,242.43142632326612,0.0,CAF
-159.52411253846358,-335.19061200603886,0.0,CAF
246.6367725079187,-58.0453004292547,0.0,CAF
-62.44428169962914,-70.42539453907159,0.0,CAF
-201.53546689166905,196.63420787719215,0.0,CAF
200.99882120518075,-215.38788015426394,0.0,CAF
229.52091793786394,181.38328817312686,0.0,CAF
29.731173747828418,122.38372811284238,0.0,CAF
-279.93699673721403,-264.252977832664,0.0,CAF
200.10012121987685,301.5545622790583,0.0,CAF
198.33650761313123,-233.27425035287771,0.0,CAF
111.02059434290774,-365.345532326781,0.0,CAF
281.6734579604697,-137.32218109037274,0.0,CAF
288.4196812150248,133.2789043884154,0.0,CAF
-343.0807539772562,-112.76641488826131,0.0,CAF
122.75837996488617,243.02510811841654,0.0,CAF
148.85096158243294,-142.16466745490862,0.0,CAF
116.00300903133926,76.49394641608049,0.0,CAF
-58.34388877051361,-93.22157055951024,0.0,CAF
-246.27860035977196,184.74167323451667,0.0,CAF
158.9118645787091,-146.1207537348644,0.0,CAF
-349.24161947168693,84.72999764139,0.0,CAF
-27.71102309972859,10.233922118825372,0.0,CAF
188.74876402712584,-63.33324242509924,0.0,CAF
-220.2337464349336,-239.32055395140856,0.0,CAF
-363.701928942419,5.67379114310468,0.0,CAF
38.86094387810072,280.64181512775366,0.0,CAF
-29.16133369034318,391.84260679794534,0.0,CAF
237.49527018159293,149.67020188790076,0.0,CAF
15.445477484753226,372.37751812872636,0.0,CAF
-24.66868874441273,-8.96192904403249,0.0,CAF
21.06172029037239,-293.47730756397726,0.0,CAF
80.96642917108288,288.21524123659725,0.0,CAF
155.26776395031496,318.71941035018466,0.0,CAF
-135.73399679980236,75.03319496640316,0.0,CAF
220.84719310643433,-303.12927775228724,0.0,CAF
36.334751974439094,-15.31952952573387,0.0,CAF
103.12370194363717,-134.7098689626103,0.0,CAF
-279.67241750977166,66.19489298281759,0.0,CAF
124.12530223044558,143.81071506860937,0.0,CAF
-2.3437039438692504,88.96441595631704,0.0,CAF
179.4734180090357,-209.04838895880943,0.0,CAF
71.0544055051734,107.04467642435598,0.0,CAF
-103.61051921845066,-344.20501668510684,0.0,CAF
49.04572399351557,-350.7666981874837,0.0,CAF
224.57311134864744,-55.34502524728552,0.0,CAF
-230.60774305168724,-231.7624928710493,0.0,CAF
-94.62453285693024,318.61737704011085,0.0,CAF
-71.20417855369924,63.27590325624491,0.0,CAF
221.4106141840353,-131.7537812056923,0.0,CAF
281.99952549713043,-128.0623754870238,0.0,CAF
-151.054174835239,367.2954761885288,0.0,CAF
56.36962905563938,72.08379676978565,0.0,CAF
25.26780277808718,279.8300892063805,0.0,CAF
96.7502059857568,348.99312101334135,0.0,CAF
-26.73888385027712,-179.10806327011235,0.0,CAF
-118.1433886885375,-85.63873471816524,0.0,CAF
-60.394908788537734,-318.9628942380364,0.0,CAF
-278.3413478606111,8.4697366089123,0.0,CAF
-155.74531837874898,-79.32148747069226,0.0,CAF
-75.52476128364735,135.28699077398963,0.0,CAF
-142.03083546068257,-56.683242937177155,0.0,CAF
-249.6801880460932,-156.0043630352463,0.0,CAF
-216.1514030352604,289.7670521969757,0.0,CAF
196.6376237437594,-26.94195154388472,0.0,CAF
-350.08484320414425,-12.813529585559742,0.0,CAF
-174.54739773965503,-346.4734793391782,0.0,CAF
-91.70299610688801,299.84886843935357,0.0,CAF
-103.88645726702711,-215.02720107525784,0.0,CAF
-179.91617275723516,288.3592248992026,0.0,CAF
-248.78120186360886,122.56052408363762,0.0,CAF
-48.18583092726244,-289.1551368098442,0.0,CAF
-59.62936799742764,-330.37258827878935,0.0,CAF
-276.7354189434311,52.743168915845175,0.0,CAF
30.888699864599563,-264.19729389905524,0.0,CAF
199.64016261732075,-47.06936183620287,0.0,CAF
-141.50647777427116,-187.82233798938898,0.0,CAF
-56.49521139940712,-290.9314253467792,0.0,CAF
-155.02552444935958,264.67690708054977,0.0,CAF
-358.5325947390314,-133.1190092669999,0.0,CAF
-119.56435055117429,-230.7140786897811,0.0,CAF
-392.7892459135053,-8.412877065848187,0.0,CAF
91.92860149937863,111.37628428356022,0.0,CAF
-275.40102669801735,55.86245303027766,0.0,CAF
302.33218160688443,-215.66767336928726,0.0,CAF
112.86083979573253,86.06145716232216,0.0,CAF
-207.7105299105916,11.846640144123072,0.0,CAF
-284.51006993985357,69.26612770422228,0.0,CAF
187.51318484838794,-186.8148997204438,0.0,CAF
-59.359031096265696,274.5922504568163,0.0,CAF
197.85600801492384,41.016427626140775,0.0,CAF
-366.4743204863371,-68.06027015348424,0.0,CAF
-320.22380200254537,25.779844760779728,0.0,CAF
-356.6766800816793,22.04840978843272,0.0,CAF
299.6209062072252,157.33614785215377,0.0,CAF
-64.00651215830496,-368.3006149109513,0.0,CAF
220.80049143628705,33.59793729185441,0.0,CAF
-167.35722747880666,29.64852021200911,0.0,CAF
-173.5652013413437,27.289374481497514,0.0,CAF
325.9833021003637,72.8514132443926,0.0,CAF
193.7229145715876,11.7683851025108,0.0,CAF
13.696545850785434,361.30457360577714,0.0,CAF
267.4141710224448,-285.2097316183663,0.0,CAF
-182.7092608592152,304.0030656951906,0.0,CAF
-43.63540232366118,73.34700756043014,0.0,CAF
-116.89279169065468,-186.9067334383644,0.0,CAF
198.76205951442856,255.2883522805604,0.0,CAF
-378.1652001189141,-127.27427856588943,0.0,CAF
-107.67033260107162,59.44732925183255,0.0,CAF
27.43018157655649,-53.777572901706954,0.0,CAF
-296.4863523154291,-211.51626819405763,0.0,CAF
380.5352810842016,-78.41038879187458,0.0,CAF
-252.86706230823953,284.7138861112708,0.0,CAF
192.9066535836299,14.893996323453791,0.0,CAF
-95.80852622397359,-359.4637563127422,0.0,CAF
10.78850989868678,-378.3574646312202,0.0,CAF
174.99513048970647,-202.90365632557297,0.0,CAF
132.19098252633933,-286.4456547006012,0.0,CAF
-350.43149099527824,87.4099019561242,0.0,CAF
232.6052478928697,225.43340524090794,0.0,CAF
297.0292402072797,-113.53454659237937,0.0,CAF
-168.87455597670606,-167.49527822224366,0.0,CAF
77.26366722486266,-284.2906994723824,0.0,CAF
161.8057549459341,31.57886249705209,0.0,CAF
-168.69393495550696,134.24793131759307,0.0,CAF
-117.74952362268985,-235.66588562299052,0.0,CAF
111.04769261881692,-129.48051484473797,0.0,CAF
263.3215015289217,24.239326412298503,0.0,CAF
-221.97474808409146,-26.67412610692241,0.0,CAF
-44.12990001686762,-377.88461909487023,0.0,CAF
-265.30362609180963,-96.11144221376817,0.0,CAF
-165.19195952874762,-165.4095370556221,0.0,CAF
-31.131199322088396,252.8355692196259,0.0,CAF
-312.2865133926466,166.96516330684042,0.0,CAF
-85.90070133051819,-175.38716234390478,0.0,CAF
-245.65349945141102,-280.5037380230606,0.0,CAF
-56.0226810333143,151.28644310203035,0.0,CAF
-377.05337927276815,-127.51815566569037,0.0,CAF
-107.7485487517387,226.78725085604256,0.0,CAF
27.78675513753837,-84.61662300694711,0.0,CAF
190.85458417565735,-75.69738422718112,0.0,CAF
-57.79448838065314,-252.65501382207808,0.0,CAF
145.7530671483396,-84.78995634683335,0.0,CAF
303.1612467850589,-13.437124049431906,0.0,CAF
-171.7580691877548,-67.38130344739669,0.0,CAF
-166.08307151172855,-79.61014096698202,0.0,CAF
8.148443547487668,302.5987895365091,0.0,CAF
-0.09760346196155445,111.02962305666495,0.0,CAF
-216.59718024124416,252.93689438550274,0.0,CAF
331.02125537998626,-140.678308713861,0.0,CAF
38.299021779124025,64.213764477095,0.0,CAF
100.34898756724009,-238.3150048088185,0.0,CAF
100.77601931000864,-288.816013885098,0.0,CAF
-20.021958679329025,94.75296645269778,0.0,CAF
-11.15994948879243,-390.24323887298203,0.0,CAF
309.1771142031955,-53.694419655189705,0.0,CAF
152.36237376095178,-118.61484386405535,0.0,CAF
-144.87085962122788,355.3571116424598,0.0,CAF
-86.61636832686648,-122.43252573409325,0.0,CAF
-280.0136109622246,-43.68536739162704,0.0,CAF
-272.18510213120214,-8.03845463797451,0.0,CAF
180.3109295748592,343.2662569848848,0.0,CAF
177.7231792571326,337.39459610630405,0.0,CAF
49.92602689070533,130.7549378622237,0.0,CAF
248.0667941357414,-218.1610442170364,0.0,CAF
-363.7974469240081,-129.5461743416673,0.0,CAF
148.22938536223452,-60.607774196507854,0.0,CAF
56.869462743560575,161.29505809770524,0.0,CAF
-150.69044584097298,355.5415907716879,0.0,CAF
190.88246546444458,-303.5646168498955,0.0,CAF
269.6338340157927,-202.7098750352316,0.0,CAF
-109.70077279675458,358.01622166869834,0.0,CAF
323.905036218053,229.83364454745612,0.0,CAF
34.986054685604806,-271.05517955227805,0.0,CAF
118.80932677334131,157.69469228271606,0.0,CAF
347.52275787228103,175.65738621045674,0.0,CAF
-253.43529550456915,47.66765503909408,0.0,CAF
42.55488170736452,33.76137244801848,0.0,CAF
143.0366788662313,162.69134497578824,0.0,CAF
127.42326638020505,19.576763740474714,0.0,CAF
-233.86215205261485,144.05307976580264,0.0,CAF
-148.44898649289348,158.17701470325426,0.0,CAF
-58.888364319578315,58.141743348844045,0.0,CAF
-351.57683275429764,97.7191654831913,0.0,CAF
-113.11516701842427,175.29182129631843,0.0,CAF
36.71599386470671,-278.0956934563019,0.0,CAF
-300.6313784036919,-46.04803202751917,0.0,CAF
88.10225066338754,124.6659859491578,0.0,CAF
-113.77801614013356,-249.31691175838893,0.0,CAF
-229.49748282111435,321.8909941371714,0.0,CAF
329.78814491102844,161.39729777610899,0.0,CAF
55.82205301770802,361.49414672597237,0.0,CAF
250.4738617933716,297.61066722243714,0.0,CAF
-160.12022919124934,-142.64241506586507,0.0,CAF
88.54870206683974,101.80947106586085,0.0,CAF
212.84497268972223,208.24403068083856,0.0,CAF
-240.83962246831902,301.26738780385836,0.0,CAF
-94.60493622000517,107.6500397129772,0.0,CAF
363.5729361130629,161.74201172464572,0.0,CAF
-93.55555373175518,211.06853616468536,0.0,CAF
-80.23533109139211,365.61078986172896,0.0,CAF
247.6176037473843,226.94199740335984,0.0,CAF
-184.46728406926084,41.98980799063411,0.0,CAF
51.598709909717634,351.7419624629689,0.0,CAF
206.76608916389966,-101.70092274784021,0.0,CAF
-72.58960920831962,111.97493846575584,0.0,CAF
-112.59062014011357,59.77410506161732,0.0,CAF
-180.20452233821499,-332.78788086143237,0.0,CAF
-15.61969860552081,-117.05076081637606,0.0,CAF
-140.85696730148817,-56.23925121027388,0.0,CAF
-47.06150652369793,287.5784743948291,0.0,CAF
-77.28127659950364,215.43944584181602,0.0,CAF
140.1841177239129,-118.74484491103765,0.0,CAF
205.42312947458686,248.88741497006896,0.0,CAF
303.41691218492167,209.08410461419706,0.0,CAF
-65.71000491076674,240.59718755118766,0.0,CAF
169.06972068708762,-142.45977997672438,0.0,CAF
-302.8939647515883,-154.67785219725218,0.0,CAF
-206.24719842693358,-187.91771544379168,0.0,CAF
-170.25603778586844,133.92415660369022,0.0,CAF
-101.65767513604708,287.29635503572297,0.0,CAF
349.0287544628719,177.71096480313014,0.0,CAF
-98.15479591004058,227.8198230738582,0.0,CAF
-233.235939991304,125.93497205404269,0.0,CAF
189.1738478146705,335.3689439806556,0.0,CAF
252.14024535543786,-116.91542300682754,0.0,CAF
-198.06010957479384,293.29855117710804,0.0,CAF
-197.42652208617812,156.96486930941197,0.0,CAF
-105.50599405775763,-360.6699679820434,0.0,CAF
-179.94625742985195,-55.679144547625725,0.0,CAF
-345.29096660974534,193.7113325041641,0.0,CAF
-339.7777599559675,36.304078232139155,0.0,CAF
-182.7304119354704,-163.1471248113336,0.0,CAF
-346.638447515148,131.9535973388082,0.0,CAF
-273.5493794323077,-279.1525644913207,0.0,CAF
-63.79462169481619,163.67348656763798,0.0,CAF
89.53780191895999,-279.5208016908925,0.0,CAF
69.63436566768355,-267.3276705484828,0.0,CAF
340.8547802615266,-83.36822104326959,0.0,CAF
178.90533413747443,-212.70734547780927,0.0,CAF
-197.9606908845134,-29.111126983527885,0.0,CAF
49.82419107241646,230.3390765794893,0.0,CAF
101.48150934030083,327.8934670863807,0.0,CAF
34.344980629268925,-221.1550404540717,0.0,CAF
-126.53130809838436,292.67043276501,0.0,CAF
-162.04723565181988,55.75823345786841,0.0,CAF
183.6621557891807,106.492339323884,0.0,CAF
-79.5527267650323,-101.85341168627944,0.0,CAF
21.00240386112981,214.4119535187621,0.0,CAF
374.85569780322066,102.43101034429851,0.0,CAF
194.39038475829975,18.181377142525385,0.0,CAF
-14.697331536466905,-118.51229276391278,0.0,CAF
196.84465141858763,127.94780403409733,0.0,CAF
187.81957786798034,-349.7085681593662,0.0,CAF
251.31576975871886,286.88590784935803,0.0,CAF
-155.04468765070382,-145.32133802197225,0.0,CAF
-260.5128744480361,196.9387834722446,0.0,CAF
-244.37331373607793,296.1012757015438,0.0,CAF
43.46397999653198,-36.18716348442736,0.0,CAF
-266.521996882498,-23.78118454643789,0.0,CAF
310.4196666140271,105.57672521598589,0.0,CAF
242.59031621555448,53.1193889088536,0.0,CAF
-166.7682634204361,-265.62673777331895,0.0,CAF
31.92958375598121,193.3798923304898,0.0,CAF
168.2780088384015,-212.71094440564093,0.0,CAF
-172.41985042580887,316.33429844429116,0.0,CAF
20.881052250358678,385.7066595117279,0.0,CAF
-127.25535584014952,-95.25381140584314,0.0,CAF
-180.26235346055535,-326.39839607248433,0.0,CAF
-163.36317279996322,-43.69700903016681,0.0,CAF
-52.63947434848978,-185.03926213428605,0.0,CAF
294.28599034808377,-137.23949821151007,0.0,CAF
324.46166386493996,-23.182335160869215,0.0,CAF
-387.54353577348456,74.85249415529638,0.0,CAF
-163.3368719957908,-75.98982709941299,0.0,CAF
232.597783807743,-48.23749005488673,0.0,CAF
49.47504391541876,252.4338693079182,0.0,CAF
172.03707512394803,-113.82593514553169,0.0,CAF
332.6149145032899,123.2120490135786,0.0,CAF
167.23503993421733,169.37748879865669,0.0,CAF
185.66554514319103,-200.70102889600986,0.0,CAF
382.00956097293954,105.20231812697676,0.0,CAF
299.7255382169112,156.1546700360618,0.0,CAF
79.67276659182488,-223.39830965390445,0.0,CAF
-272.62055251507525,-57.253139930214076,0.0,CAF
129.9577109472655,126.69613147983067,0.0,CAF
-19.61960226426382,176.64400250102017,0.0,CAF
328.53666354167956,-26.14783707670558,0.0,CAF
367.8264320512204,57.28455776111131,0.0,CAF
182.4948150733348,-21.4820043660266,0.0,CAF
121.34416189909176,-169.6343470735486,0.0,CAF
218.7203540707945,-224.3680698919663,0.0,CAF
-148.77139423460162,-206.54687920890302,0.0,CAF
389.80457338244844,51.066679871120535,0.0,CAF
-277.8737653364139,150.19133947897322,0.0,CAF
98.16174693200911,-75.69246651390706,0.0,CAF
62.53447477070844,82.31955011305949,0.0,CAF
217.8813817898483,91.08750544705585,0.0,CAF
-93.70981541998397,-342.15191164713923,0.0,CAF
2.761787898532846,-180.64049692149732,0.0,CAF
-179.30740657231692,-30.304809282690073,0.0,CAF
301.790634257878,116.56519075241667,0.0,CAF
-203.8178678489143,-279.36776890459043,0.0,CAF
-185.37233181323037,206.78695417770993,0.0,CAF
-289.656025591954,75.36492240077654,0.0,CAF
-117.85671149989767,-199.07736744410641,0.0,CAF
-16.613644664774483,128.85453087447078,0.0,CAF
-147.4213556935165,146.56837879711276,0.0,CAF
175.93228443492444,222.57921033291993,0.0,CAF
77.90730401358576,52.27568429371947,0.0,CAF
283.2131927749463,70.56311971587407,0.0,CAF
123.71256818674262,-16.82556827577463,0.0,CAF
37.42851214772697,277.2453153901528,0.0,CAF
218.8723384694408,176.35608259621375,0.0,CAF
-188.2281663555641,86.64796509476456,0.0,CAF
208.9508221202436,-138.88609572321653,0.0,CAF
255.87459969691957,-133.62400276252177,0.0,CAF
-141.988499602696,201.2186429006359,0.0,CAF
198.5248330219477,86.23524740014024,0.0,CAF
-108.27101986191875,-196.37697995603878,0.0,CAF
-14.515460218648975,223.07551072559443,0.0,CAF
-12.661122562373434,244.8444144097834,0.0,CAF
188.3292938187115,-252.01638220256606,0.0,CAF
-330.40855463025196,-75.77062460994784,0.0,CAF
144.81292108723184,-156.88528971801242,0.0,CAF
24.113530110449265,301.9592916099081,0.0,CAF
218.76490748926685,-54.665468659919895,0.0,CAF
205.6839529946312,132.7897629025377,0.0,CAF
-175.26422284088295,147.12837625286562,0.0,CAF
-320.7264971606198,194.48380222091393,0.0,CAF
-317.30914164657656,-106.39605392935763,0.0,CAF
159.47152181466151,-41.30609145029424,0.0,CAF
-85.56659385415668,56.659522175869625,0.0,CAF
-57.02785958708652,6.606620816229581,0.0,CAF
-215.26748440416134,94.61746604083146,0.0,CAF
13.277657902663911,241.63442453942352,0.0,CAF
2.7617786992100046,59.517685597085936,0.0,CAF
-102.88183558146432,-3.6272658052891247,0.0,CAF
-104.40034087249875,-242.1727142692185,0.0,CAF
192.3995511427305,-142.24059580069084,0.0,CAF
39.40354488315587,221.77651650242743,0.0,CAF
96.81506093893944,-283.85632260186304,0.0,CAF
153.5763819463825,-265.44096469150884,0.0,CAF
-169.25679217678348,-84.32556759079056,0.0,CAF
99.32783894465436,-288.1102157762722,0.0,CAF
88.99680894770475,-52.10235422024831,0.0,CAF
38.392287978442724,-294.8057142816908,0.0,CAF
-343.55711527664886,-58.31589820852623,0.0,CAF
335.46522603772087,-136.02552726895962,0.0,CAF
-110.62013821934526,-355.7362164986755,0.0,CAF
-121.4180700978508,152.86669070904534,0.0,CAF
-164.07764716782162,-214.7194113078845,0.0,CAF
-306.8828505391246,46.07120671351544,0.0,CAF
108.04354914262781,292.76826463265013,0.0,CAF
-227.25256095753846,281.40324895807584,0.0,CAF
-170.11909583403116,92.79849562416638,0.0,CAF
-98.88762543623965,-80.10556753730148,0.0,CAF
-324.6165301123757,230.55765095230365,0.0,CAF
-103.81209906444991,-269.039313874299,0.0,CAF
-184.76525175723503,-338.46494854358195,0.0,CAF
370.3710185429644,-45.54192685781942,0.0,CAF
109.3132158866429,-144.67083694992914,0.0,CAF
134.31318246858228,-165.8458041771306,0.0,CAF
-237.05376019748354,217.01242282624995,0.0,CAF
-18.55125791033802,-155.58527701666483,0.0,CAF
-182.32647053336834,50.03170627311921,0.0,CAF
241.96433852758372,212.6084154528684,0.0,CAF
-196.9222597655204,117.15156239310362,0.0,CAF
-6.392957999817131,-376.10104808379293,0.0,CAF
-46.99174176214175,158.932819851505,0.0,CAF
242.6494240411521,-187.8355800314774,0.0,CAF
-49.31058191345032,-81.01015527222,0.0,CAF
211.99281312260874,308.19120836411514,0.0,CAF
-296.5586841761238,-249.63419836280755,0.0,CAF
173.34170638810755,-207.5528789150128,0.0,CAF
161.35941916651316,123.40867256799972,0.0,CAF
-202.56735619275568,100.10386587348121,0.0,CAF
-219.13992997495217,32.256552619291504,0.0,CAF
35.39989028261821,18.516689223310376,0.0,CAF
337.1484357269072,125.43642881738054,0.0,CAF
-43.77897965694799,-356.9765445626841,0.0,CAF
290.8551840560487,59.70264686011139,0.0,CAF
208.2006315128638,233.13737158807265,0.0,CAF
-342.3286386270446,-172.98877904940798,0.0,CAF
-14.415535877633673,-45.99276505927782,0.0,CAF
-262.9442183423479,-246.14265782046127,0.0,CAF
193.84748292531785,322.5567555206953,0.0,CAF
47.98541115240153,113.24244076357547,0.0,CAF
70.14423498704346,-33.84165065668699,0.0,CAF
264.19542491400955,206.40754972804848,0.0,CAF
359.41013258898244,-7.331229410664631,0.0,CAF
131.91507237600086,324.4607934547236,0.0,CAF
338.00360226311363,-26.31833061748195,0.0,CAF
-11.120997777625124,228.78486256096835,0.0,CAF
-377.1771298915231,111.45674154275676,0.0,CAF
-34.42896554986771,264.61017470188744,0.0,CAF
-155.92349600015638,316.3769573473458,0.0,CAF
76.97637829283919,290.11769734908637,0.0,CAF
233.80299632797986,-95.16317425628567,0.0,CAF
363.01781570435054,102.00685193598487,0.0,CAF
-32.83394976836412,222.32541826576642,0.0,CAF
328.11542590145655,-182.90714332003995,0.0,CAF
56.09035347066747,-293.9200134993647,0.0,CAF
-258.4689703878266,-134.6987135346719,0.0,CAF
32.34456491557491,-168.213938961991,0.0,CAF
-254.00915609808808,77.89865121503604,0.0,CAF
-9.519050559721487,-323.92701209914816,0.0,CAF
64.13200423513993,-267.74280430127,0.0,CAF
94.6854233234495,-135.70069721997424,0.0,CAF
-28.409496240045783,-142.59649572960438,0.0,CAF
154.86185590323612,105.02039606511504,0.0,CAF
-265.51049469879354,218.81705404216797,0.0,CAF
-15.528569197692569,332.786438450825,0.0,CAF
-126.05178345012705,184.40662778515198,0.0,CAF
-55.63893561423961,274.4422997613154,0.0,CAF
28.616450037167574,-230.0514221375238,0.0,CAF
58.93481232234246,108.4259328266034,0.0,CAF
321.87929676627573,-99.38442397652895,0.0,CAF
124.83378761538142,371.4967050041172,0.0,CAF
246.18353661349343,123.76066825267358,0.0,CAF
202.9580711766215,-236.34223870338624,0.0,CAF
46.75968325403739,23.255935444468026,0.0,CAF
-398.2316876736182,22.363744844679108,0.0,CAF
-265.8601471817663,-231.38153929692237,0.0,CAF
110.60088279416918,-188.06349394187117,0.0,CAF
-135.07026033797777,-135.84058845355705,0.0,CAF
-220.53794088078763,172.54380469155666,0.0,CAF
174.44489023259825,-332.3272416793364,0.0,CAF
194.87997467120414,297.7098588565871,0.0,CAF
148.2590997732784,-92.88754844632686,0.0,CAF
58.84955280664656,93.140534394271,0.0,CAF
-97.2355115253402,226.71714727977806,0.0,CAF
282.928626458544,-261.04592562283904,0.0,CAF
-241.68853983137512,67.39113867840327,0.0,CAF
157.56679330074263,119.13424826127508,0.0,CAF
-220.6462091082041,-41.95764438560775,0.0,CAF
-233.95258558395673,-103.62295187291403,0.0,CAF
65.78585879349788,-97.78512953724218,0.0,CAF
-119.26829677528372,-195.64986646826475,0.0,CAF
307.0379553579968,243.48395818083898,0.0,CAF
49.87521364524929,270.6015603985602,0.0,CAF
-102.22915407144984,-106.05795520245069,0.0,CAF
-157.35902337880609,-212.20933783005032,0.0,CAF
44.26249921540424,316.68509139084955,0.0,CAF
-365.7146486136935,-150.39142291800667,0.0,CAF
-154.37261733663635,-296.7255885969464,0.0,CAF
-97.471486028203,216.64730244052342,0.0,CAF
-175.90874982364537,304.9709248428339,0.0,CAF
119.31929819015276,-376.7362419121061,0.0,CAF
-38.65944701741818,5.94397562365274,0.0,CAF
-83.54540494304725,-322.7412689289687,0.0,CAF
53.9854755375723,22.48466602675163,0.0,CAF
244.31283729384182,-44.05652775769032,0.0,CAF
-8.06323552727927,-382.1174104381121,0.0,CAF
-311.12743380302715,131.37662680110301,0.0,CAF
90.20879817316208,-355.081688973648,0.0,CAF
-379.7872269899096,77.44878967629188,0.0,CAF
207.57636219737572,-81.8171883579065,0.0,CAF
-80.72816911462178,229.8357722435691,0.0,CAF
-331.35177617752277,-127.52291141172273,0.0,CAF
-65.59829615583965,-50.65619168119335,0.0,CAF
-183.35761724812835,-312.4473102971357,0.0,CAF
-93.46856905101605,152.74390745955824,0.0,CAF
148.24865898774362,267.34324802852916,0.0,CAF
145.24448061554895,-183.52374180547804,0.0,CAF
-299.8005928255052,-86.464661348553,0.0,CAF
-157.50376428165987,225.8039231203778,0.0,CAF
-169.23000030939465,-332.8715382218349,0.0,CAF
301.399891220174,82.66197875249189,0.0,CAF
300.24760886101217,-70.84323126417553,0.0,CAF
-300.81714729389165,42.81968883237279,0.0,CAF
-14.517189402285553,93.00898377428615,0.0,CAF
205.53184139073772,-6.822095166654044,0.0,CAF
-77.12377911242986,164.40188532284367,0.0,CAF
-220.32776400133517,238.08517955451615,0.0,CAF
-28.599469884860735,2.4201810950657543,0.0,CAF
-171.9413674299034,127.54445121740474,0.0,CAF
371.88482908124723,92.21945972674968,0.0,CAF
-19.046579955794545,-363.1479133230098,0.0,CAF
-9.073250116685662,266.3937557525001,0.0,CAF
193.41277464513547,108.6304295701751,0.0,CAF
-79.10677570722758,23.033761428184416,0.0,CAF
153.2170001274083,61.53685454584951,0.0,CAF
28.134744808775256,200.99286443084299,0.0,CAF
-320.26929061162804,125.82092005756485,0.0,CAF
88.27868106362483,-362.24055133744145,0.0,CAF
-261.5960242710631,75.46453881321844,0.0,CAF
49.145421345395356,-140.53957727297572,0.0,CAF
-142.7343149702834,-19.17661651894986,0.0,CAF
-133.49138329157927,15.427460516983587,0.0,CAF
106.34160863164679,-368.0130093865081,0.0,CAF
-307.26000683621675,-42.00091840581964,0.0,CAF
-204.16907242548734,114.578554672921,0.0,CAF
-310.3413885606142,172.587584989812,0.0,CAF
-13.121746890337427,-120.78510309654183,0.0,CAF
356.9288527784583,132.48652251921288,0.0,CAF
-241.16708795332505,-16.911540313529546,0.0,CAF
235.3630226904248,57.36160948918008,0.0,CAF
329.4098822139188,-27.926877802419966,0.0,CAF
197.34502165777835,-139.62948910655678,0.0,CAF
-10.072465834281326,-131.8126512069221,0.0,CAF
-106.72042138598933,-179.8427944081537,0.0,CAF
-97.44270042992687,166.03613591204328,0.0,CAF
-284.3843791429138,-224.28460233006305,0.0,CAF
257.4603862299884,-197.85530300348037,0.0,CAF
172.1306639037044,191.25571806589994,0.0,CAF
98.57419328314565,-196.5425985857436,0.0,CAF
-73.92766750056784,-167.34031930967785,0.0,CAF
214.32599533658697,-247.1254667482186,0.0,CAF
373.69006329301266,-12.744734382137878,0.0,CAF
158.59108475590344,-270.2242633446986,0.0,CAF
186.28431030749266,-214.44501072196604,0.0,CAF
-74.71728533179,-203.3759612869031,0.0,CAF
256.4044792346831,-272.3154038126819,0.0,CAF
-4.073074597971163,123.37441112419411,0.0,CAF
132.2389768368496,-105.82649936981896,0.0,CAF
46.652959776021355,-296.4724902792182,0.0,CAF
-16.445248427565417,-10.50884400457446,0.0,CAF
-366.73892772059247,37.421582440528674,0.0,CAF
-24.602083692856787,-273.85555258770046,0.0,CAF
125.0678009767688,320.1494477516178,0.0,CAF
214.24631132938117,-65.5805760882452,0.0,CAF
-22.058239269215317,191.5641025301774,0.0,CAF
-107.5571811116098,230.33439162791902,0.0,CAF
192.87969254068088,91.88028995564954,0.0,CAF
6.200919485455362,-257.88865301906776,0.0,CAF
107.00744550224692,-165.73763758153154,0.0,CAF
-146.2162784787157,-205.8555660254667,0.0,CAF
-142.52558913897877,268.0924645852284,0.0,CAF
146.58164568272616,-159.66892141715334,0.0,CAF
197.93691016695382,-188.03871091912163,0.0,CAF
383.15410671127364,31.095177836206407,0.0,CAF
-180.92724472523034,327.71334001121903,0.0,CAF
-315.2532785803223,217.98381402064243,0.0,CAF
-181.73922900138982,17.703718111843706,0.0,CAF
-124.06252236186175,-67.29513966926383,0.0,CAF
232.2999997920957,-87.506422776645,0.0,CAF
219.0713240052906,277.1104182174364,0.0,CAF
324.53833022152804,-192.93386428405603,0.0,CAF
8.099094025520154,102.44552306899182,0.0,CAF
134.42498880961904,-187.64783924245,0.0,CAF
-169.61655600812148,-94.10410869495436,0.0,CAF
-105.10389419391953,286.17905138582387,0.0,CAF
114.31938107960872,369.4900948471248,0.0,CAF
-322.8385826047364,185.5048723948698,0.0,CAF
163.4650852671107,150.6313665152675,0.0,CAF
-186.25992363328157,-183.7660308657238,0.0,CAF
224.76082788111697,162.6924181498895,0.0,CAF
-116.3671388466705,-266.92574629484125,0.0,CAF
72.00276284048293,-118.6951291949456,0.0,CAF
-140.16019775518382,26.915019747204013,0.0,CAF
33.62226739807761,205.21700546434738,0.0,CAF
-150.7668291088585,3.5041644699729764,0.0,CAF
-271.7452480043566,183.78426553664448,0.0,CAF
-266.0504783784702,-253.8920360766614,0.0,CAF
251.65529966483177,-107.47277151763669,0.0,CAF
-188.84320632681798,-145.97490840828698,0.0,CAF
-121.67628519178508,-162.29299900969838,0.0,CAF
225.44857046278332,-212.6691650985557,0.0,CAF
285.9956046231318,-175.33044789249186,0.0,CAF
-219.63456442001495,250.11489392756178,0.0,CAF
-271.404186289343,-231.41642725260732,0.0,CAF
-370.1838283404625,-4.2527650581064345,0.0,CAF
-212.55166977164492,295.9905093431726,0.0,CAF
-184.43229888444716,-183.7120580366189,0.0,CAF
-139.8716065772165,257.8880686458131,0.0,CAF
-29.16466983827869,288.1866416233786,0.0,CAF
108.25097108897855,-62.70275122005759,0.0,CAF
-286.07920868184493,72.683685204711,0.0,CAF
-113.69707479693105,-292.4694849829314,0.0,CAF
292.6091356866598,128.87623569795517,0.0,CAF
-57.15484758601544,-157.3499288752817,0.0,CAF
-22.521552301017017,-359.91203000934365,0.0,CAF
111.55959840647664,-69.27183740499038,0.0,CAF
-234.33814650900425,268.98683120820465,0.0,CAF
156.552520550938,236.92177944576065,0.0,CAF
314.18704884067915,120.59110482348322,0.0,CAF
-154.57556863643777,-273.0903399958792,0.0,CAF
199.13835062401483,-62.916983775779045,0.0,CAF
-274.20537958652505,-267.18435047624496,0.0,CAF
-346.3438195318645,-174.75819905354996,0.0,CAF
211.01200620468398,-271.0866519003593,0.0,CAF
97.14424485384019,-176.30618818391045,0.0,CAF
61.73726600357752,285.11459931334656,0.0,CAF
-144.69181114231674,-181.57986025045946,0.0,CAF
-169.83649598112368,-49.6944760375439,0.0,CAF
-312.4753852765527,-1.1752709362001095,0.0,CAF
-5.716668603588431,-83.19048415108625,0.0,CAF
124.04385383741072,372.57530041454567,0.0,CAF
-339.93596777332573,95.09844102806262,0.0,CAF
-390.73062341123017,-73.09146079113849,0.0,CAF
186.15382046564568,-89.01270748680314,0.0,CAF
-77.4777426894401,-152.72291823141728,0.0,CAF
19.49348077043297,235.90452218730212,0.0,CAF
131.19216612993236,40.91603418767771,0.0,CAF
134.29167339277154,74.88278351433111,0.0,CAF
-282.4286340611002,68.5432395654207,0.0,CAF
-201.67713195032965,168.773489948494,0.0,CAF
59.33792647077406,324.52887733684713,0.0,CAF
-62.52857689631989,-322.62264364210284,0.0,CAF
-166.31110512110754,184.57245335472604,0.0,CAF
-85.54294883151205,177.64902333915177,0.0,CAF
-282.6984933889175,133.4606878884859,0.0,CAF
102.29992383864028,34.56174516967585,0.0,CAF
182.0650619707038,-105.37954895871236,0.0,CAF
-34.583105405036996,163.06865427976965,0.0,CAF
180.86376286090567,300.22327924526417,0.0,CAF
-6.3211324021117745,113.4497060568261,0.0,CAF
57.107521803131405,20.275227910155024,0.0,CAF
306.9258162192812,220.7092014342383,0.0,CAF
-371.64841832167133,-39.19609035525931,0.0,CAF
-362.46010710340346,-101.86967551181829,0.0,CAF
-55.03192546670524,-250.17962112635394,0.0,CAF
158.63485050639312,72.17286287281273,0.0,CAF
-30.081725271826514,-377.27465839149323,0.0,CAF
348.43324671031706,68.87540957386257,0.0,CAF
-257.40154785406736,-3.316055850095066,0.0,CAF
-344.2596639283331,-174.52527908414712,0.0,CAF
145.52786736986107,333.60934942044423,0.0,CAF
287.54373460774985,-122.01419676106609,0.0,CAF
19.340637982944525,268.2582194627877,0.0,CAF
-232.0171820521811,113.79463762420042,0.0,CAF
299.70324740257945,108.48522263253359,0.0,CAF
196.17516819632246,-83.17156968624118,0.0,CAF
209.70055106178376,46.77809214356737,0.0,CAF
346.4282690235732,-198.82757493941196,0.0,CAF
-322.32886656342384,-188.15192765077106,0.0,CAF
242.35113529283262,-94.8388950670248,0.0,CAF
-0.0461047078269427,211.5192798734352,0.0,CAF
35.00095553304837,-133.3860412933894,0.0,CAF
-21.99716996042734,-238.0587265134553,0.0,CAF
315.5950666297272,191.8549241233595,0.0,CAF
-184.1306179475132,2.397838793240304,0.0,CAF
-8.115684325602594,92.19118116379647,0.0,CAF
-87.93617991760685,16.389354076338677,0.0,CAF
7.205710416205887,282.7659420978511,0.0,CAF
76.59160784026338,-121.4630103785562,0.0,CAF
67.29756016791966,209.63676241023722,0.0,CAF
87.77365935857618,221.39112452827183,0.0,CAF
192.39760068383745,32.24514437271509,0.0,CAF
386.32916873790714,-87.14237300140188,0.0,CAF
-219.27648436581967,147.7870015476542,0.0,CAF
77.18066894515586,-250.6859016109327,0.0,CAF
-310.8000154862892,23.94755886179331,0.0,CAF
299.22344568415235,184.45265366844203,0.0,CAF
181.61311399854782,185.8404938811384,0.0,CAF
143.21750647557025,156.67976176488844,0.0,CAF
244.64698587984557,-35.394348270072165,0.0,CAF
304.09478496378784,13.489080598720022,0.0,CAF
142.83557639817795,198.7771730274169,0.0,CAF
30.928719906163455,142.06675623261384,0.0,CAF
187.77003182578062,-288.5576679790917,0.0,CAF
-263.04701665533094,-215.19670757184957,0.0,CAF
-195.65016302494126,94.08620350825669,0.0,CAF
77.07212641039149,43.08051061196066,0.0,CAF
17.073946314954977,216.29540371438645,0.0,CAF
-308.5627847854746,-199.22989053189508,0.0,CAF
256.94838390338253,146.67664873162533,0.0,CAF
186.06911519833653,193.32526066029274,0.0,CAF
83.43102723535372,-308.6044395601494,0.0,CAF
29.44160079059578,373.92922461218774,0.0,CAF
-55.72472320854962,134.56949845039418,0.0,CAF
-2.0640859581210096,157.71587205474574,0.0,CAF
-144.79132527422217,355.85040684966475,0.0,CAF
69.36525670588146,-213.35827616937172,0.0,CAF
-206.1743241109991,231.04105571503993,0.0,CAF
-229.12500351577498,-312.82941680408993,0.0,CAF
220.93767234067263,187.91848074255864,0.0,CAF
114.25061756650908,-12.993110950359789,0.0,CAF
-304.3009533261311,169.54267063694078,0.0,CAF
-52.55563153082496,389.64873379499835,0.0,CAF
63.78080608156527,184.0335105285311,0.0,CAF
176.52179020295418,-64.69693646298106,0.0,CAF
161.69625293060733,-140.5461179636121,0.0,CAF
25.08775061762459,262.29944804725324,0.0,CAF
-201.59470031887915,-293.2207232687046,0.0,CAF
-325.8594924120365,-183.83893934166244,0.0,CAF
229.59992743839393,320.0888873735563,0.0,CAF
95.71255648915749,212.3742575623008,0.0,CAF
-297.67566258988506,-158.20895477364746,0.0,CAF
142.0729855870903,-273.9823199998281,0.0,CAF
-61.13175172517488,-31.395277962403522,0.0,CAF
48.875456338533304,-80.92537971320877,0.0,CAF
78.56053271246664,283.62235406368626,0.0,CAF
277.1380153118571,-10.298204054463246,0.0,CAF
-110.35191039446508,-340.3554599128149,0.0,CAF
194.74265029446698,-96.65706870892562,0.0,CAF
310.23123504484187,43.71964009228111,0.0,CAF
120.6384357206972,232.84551683334166,0.0,CAF
13.959430687956415,348.12567026670183,0.0,CAF
-271.0881493756922,-241.9157792242568,0.0,CAF
242.75134784156268,14.296041198800808,0.0,CAF
152.70602417616234,6.390060058442599,0.0,CAF
115.29504416832772,-175.66994520027737,0.0,CAF
324.9947124401243,200.0708454620662,0.0,CAF
86.97582559175757,283.2200027306333,0.0,CAF
8.717604312649861,-53.45833530683557,0.0,CAF
-23.40621130703227,-223.37181897225892,0.0,CAF
287.17025389427187,270.8393222542605,0.0,CAF
92.86009109746722,-165.27433155864435,0.0,CAF
108.64184392624901,-206.1076886584323,0.0,CAF
-247.14452842521032,102.96817813306066,0.0,CAF
182.67699058125854,-291.2671218306713,0.0,CAF
393.04978925479924,-58.8706559488957,0.0,CAF
59.58943740204121,-286.8479869687146,0.0,CAF
-183.46603497118355,222.26184535401546,0.0,CAF
43.50216348611094,-297.16199764988556,0.0,CAF
-324.24705796771343,-72.89914524403363,0.0,CAF
-334.3688887859386,-50.0929036398255,0.0,CAF
-257.50842580448136,-160.1923411958094,0.0,CAF
-139.88428387740004,-34.702008937246326,0.0,CAF
149.22356716273495,273.02784502330036,0.0,CAF
309.7823996406218,229.15888844328393,0.0,CAF
51.2962758727927,-392.4506362325164,0.0,CAF
171.71450600073345,118.95659863251015,0.0,CAF
-60.70576624574924,292.6787203894945,0.0,CAF
-153.84901893046876,-81.84294938770229,0.0,CAF
-4.916741560969614,-353.37770724148567,0.0,CAF
284.5247280703881,48.77645884223682,0.0,CAF
-228.01898429782773,-102.30300732788493,0.0,CAF
25.70457282015296,-383.05394093147055,0.0,CAF
-312.3215542132086,91.77010356772739,0.0,CAF
-155.157121350981,320.3171352406957,0.0,CAF
40.575151658896544,-202.8438140612554,0.0,CAF
335.5430145412164,210.16568016279007,0.0,CAF
331.6207791920208,-153.86234816473643,0.0,CAF
-181.9642489013526,233.53475715065184,0.0,CAF
-105.13949481672205,-123.69621212322834,0.0,CAF
36.867757247160036,-270.00627175065705,0.0,CAF
-36.92299586424691,-255.75401929608304,0.0,CAF
136.2769200926661,-133.2080369201017,0.0,CAF
-244.77199243828,-186.07447674223414,0.0,CAF
215.0880367551845,139.32622530911092,0.0,CAF
79.04125609442548,341.58813194155044,0.0,CAF
87.04426985664125,15.88970254525945,0.0,CAF
-252.58382129121293,-235.6560632989559,0.0,CAF
-222.97826495323181,-85.67183747941262,0.0,CAF
56.670493494574046,249.98167305617238,0.0,CAF
-146.5498698400597,-261.0127102364662,0.0,CAF
258.9334857868156,87.86224837804232,0.0,CAF
-12.84012574930166,-10.945314076736656,0.0,CAF
-10.928426530119324,-170.22084579382903,0.0,CAF
162.51919978899457,342.95697499886677,0.0,CAF
-80.46547111638826,324.74822984001884,0.0,CAF
-151.79080704011403,-142.79531785087775,0.0,CAF
-220.38600751263613,164.14149054973836,0.0,CAF
197.67137747232562,-322.45519468571615,0.0,CAF
349.04667624439367,-191.97549319526718,0.0,CAF
-303.29169163538785,243.7868672548072,0.0,CAF
-162.43108977636462,-190.52412401695463,0.0,CAF
194.5444318829677,-247.4657544689528,0.0,CAF
265.8382944689646,29.66540950806472,0.0,CAF
-167.28071963572694,-328.08348955511,0.0,CAF
224.7937981902759,207.29956030495066,0.0,CAF
235.11135972645943,99.09698587238849,0.0,CAF
369.5104403234857,126.22517816710359,0.0,CAF
-108.63395621132676,-333.53033568746935,0.0,CAF
286.005948305761,252.00274617967793,0.0,CAF
-44.06703079308768,-336.63405981220365,0.0,CAF
235.67965125343014,62.633286267184985,0.0,CAF
3.8463513761835464,343.36866174157603,0.0,CAF
115.47386834252457,68.66694946024609,0.0,CAF
29.293171052735218,258.04118476318735,0.0,CAF
213.2342375613942,134.49012971127,0.0,CAF
127.39749835116409,339.1397982701127,0.0,CAF
-159.64093147121164,304.3401116664728,0.0,CAF
-35.18213350479853,-251.36262840285332,0.0,CAF
171.29436259782852,-140.8531291825252,0.0,CAF
-5.429910282953601,209.278762729258,0.0,CAF
97.17067231533254,-259.237176335728,0.0,CAF
372.20901830696,-34.10763439755787,0.0,CAF
85.86844384836701,26.420992468751606,0.0,CAF
-213.22812180224457,-235.49559062984002,0.0,CAF
-302.8305779307699,111.9093258108364,0.0,CAF
235.53183373771344,-278.1654372735456,0.0,CAF
204.19693132785378,-218.20693464610162,0.0,CAF
-134.10519419579808,338.95184835328604,0.0,CAF
107.03761024553715,-216.91676544569734,0.0,CAF
339.2259077736955,184.07804990300002,0.0,CAF
11.461295173136476,353.39269338916114,0.0,CAF
255.60469041693491,266.1830421347012,0.0,CAF
-91.16245651130379,158.66378580933548,0.0,CAF
377.8410402894062,-39.978418879532015,0.0,CAF
-78.88134183999915,266.33387670356393,0.0,CAF
-245.86291440272828,260.0841340426435,0.0,CAF
92.34317350542901,-377.1818895085464,0.0,CAF
-141.00055550669856,294.93236341487227,0.0,CAF
203.70362883276178,187.63164766381354,0.0,CAF
105.28216226357137,-204.81287737709428,0.0,CAF
152.97542584240054,297.7600679057644,0.0,CAF
108.7500136048013,101.03625607992836,0.0,CAF
-143.82800041268564,282.16067544659023,0.0,CAF
267.93207452120237,-11.115046096827053,0.0,CAF
235.20123472200862,310.1193350167222,0.0,CAF
-309.91046367335997,-153.1188090409963,0.0,CAF
156.10934785448623,257.79714759397285,0.0,CAF
-342.9616003246197,93.48293648918433,0.0,CAF
-134.1451192148306,111.20645934934839,0.0,CAF
342.3664277884491,165.30116493524193,0.0,CAF
280.5168527496906,-252.41928006336107,0.0,CAF
116.19608764406925,-64.30777851086357,0.0,CAF
-137.93631974384743,-196.03850335556584,0.0,CAF
-172.8423169781356,-276.19042422468175,0.0,CAF
-143.7291719490553,-290.5801375556012,0.0,CAF
192.6843500767893,261.77642758002287,0.0,CAF
1.7850759246419967,-296.58606943697527,0.0,CAF
-7.795569183358998,284.0416762514358,0.0,CAF
100.41849624963747,-246.4273166846376,0.0,CAF
32.822527811689596,260.23500778077226,0.0,CAF
104.25484120609944,46.63289210629442,0.0,CAF
-93.80150427012411,-85.70202427256741,0.0,CAF
358.1320346527593,56.97388752977645,0.0,CAF
48.95410639298218,17.627806442344454,0.0,CAF
114.20205760487512,-170.3796002659101,0.0,CAF
304.1247349920775,-184.0950792621974,0.0,CAF
322.6277795300835,-181.85188279401945,0.0,CAF
-182.6066448324533,274.2678082046918,0.0,CAF
97.87119751769778,94.40957167361009,0.0,CAF
-381.1951328028308,-5.780259592649677,0.0,CAF
-50.92997932447374,193.75650858183633,0.0,CAF
-71.7654368471604,-228.16839377616103,0.0,CAF
186.25040173443918,-41.85618817943508,0.0,CAF
-379.8406326609969,29.94201542695869,0.0,CAF
287.07465592486415,-142.17237168944922,0.0,CAF
353.5082271273933,74.52050216772656,0.0,CAF
-157.8939609668854,-128.87722069103992,0.0,CAF
-151.23884624359832,-184.0161474920336,0.0,CAF
296.39504603827896,232.7663592574184,0.0,CAF
158.51125755713804,209.77063458757112,0.0,CAF
-16.347690984287542,-77.06671589134389,0.0,CAF
289.87748367140836,-249.44383206246695,0.0,CAF
226.80741807259844,-150.05694998290767,0.0,CAF
54.26673200211738,352.2835359699126,0.0,CAF
-295.18765220797405,37.64176540988439,0.0,CAF
-112.25106237806905,-7.601571484540653,0.0,CAF
-243.3678727510117,231.73174047544248,0.0,CAF
161.96430883351758,132.4174535049419,0.0,CAF
289.80568010834554,-131.06220550517207,0.0,CAF
-149.08926104253564,-249.35208836897885,0.0,CAF
118.51634055038333,-305.4499779276966,0.0,CAF
-161.24613660830678,345.4774378201367,0.0,CAF
134.2609651419161,-358.0296817891779,0.0,CAF
-92.78047004804418,-331.77197642326814,0.0,CAF
-246.5556615406724,-285.1622952264673,0.0,CAF
268.2417816225215,83.4926389617151,0.0,CAF
238.85899935408534,151.90521122723487,0.0,CAF
134.37252525825153,43.75436107530604,0.0,CAF
191.82521490117196,-83.75718761803148,0.0,CAF
65.10153450652602,25.4352927462696,0.0,CAF
-142.42232773750567,-301.0630215663783,0.0,CAF
-10.905044309612064,-109.60749809437438,0.0,CAF
309.09139870710493,27.032409205152533,0.0,CAF
-10.80359505418726,357.1608185408243,0.0,CAF
-148.72418674481648,-370.346799676965,0.0,CAF
-120.85488319837495,285.4804064655081,0.0,CAF
-61.93621893158745,-210.50766554374383,0.0,CAF
-256.60783661840276,-83.53966746300829,0.0,CAF
-94.94442232767621,-350.3445808502636,0.0,CAF
225.23843649461733,-59.83092327320406,0.0,CAF
229.3690048448877,-165.68680695029815,0.0,CAF
340.7961030204195,202.29101780294863,0.0,CAF
355.8590187525559,-155.90381317565397,0.0,CAF
-153.96621444077311,-287.6090724195616,0.0,CAF
-132.76070709480837,-304.80174569183816,0.0,CAF
-293.9467899169008,-152.71493878062353,0.0,CAF
-241.12515792248456,159.66339865852183,0.0,CAF
-105.71826698220171,360.1873142673861,0.0,CAF
23.72073553183072,-296.69246756631753,0.0,CAF
-300.0856358979793,195.7274193113079,0.0,CAF
48.33691957335866,-161.61381132506384,0.0,CAF
191.7009238539107,61.550201231537095,0.0,CAF
-11.347367476314618,222.25628924935702,0.0,CAF
353.1935872014281,110.92431461910847,0.0,CAF
375.65225229822585,-0.6607109737577473,0.0,CAF
-52.97819466791675,-240.81766147838186,0.0,CAF
5.772447783096065,306.40319383505215,0.0,CAF
275.45331805476815,-50.89749923509578,0.0,CAF
5.539950296054411,201.205425602512,0.0,CAF
-353.6698180889774,145.95446321320924,0.0,CAF
-54.51530094178154,314.6289849787614,0.0,CAF
327.6960196676701,174.71767198087602,0.0,CAF
-155.27028497646594,186.13698428198455,0.0,CAF
-82.16873917759366,-230.21264250044268,0.0,CAF
348.70221064817554,-178.17805908787292,0.0,CAF
164.10413394289444,169.29880728301612,0.0,CAF
-131.20323710630325,52.671122449689925,0.0,CAF
164.43845159129205,-193.0170803531068,0.0,CAF
313.4394796604065,91.8691346541911,0.0,CAF
-106.4060478728523,-271.17314711667115,0.0,CAF
-297.5801072057558,-84.15580027702194,0.0,CAF
6.408427722221701,-71.35437128301913,0.0,CAF
368.6337824882279,85.95521822513436,0.0,CAF
-388.5509094632227,63.74842846980762,0.0,CAF
73.55164261878701,281.75126830113277,0.0,CAF
-148.8010150836282,-115.44310777806513,0.0,CAF
262.5636350467936,247.49076010268226,0.0,CAF
-56.516471899799384,44.73763908696811,0.0,CAF
-215.8533336310364,183.84325516513982,0.0,CAF
-87.94276481295917,-370.44605579156456,0.0,CAF
-134.82698467105294,-241.68968706291616,0.0,CAF
-69.85548638694377,-55.88509962357169,0.0,CAF
131.38893103789349,-44.80135691385075,0.0,CAF
-209.73420732406123,236.99669674817446,0.0,CAF
63.14502831255999,347.1397582277642,0.0,CAF
-367.717105491376,-153.47584822222893,0.0,CAF
170.17385888696538,124.7306436672123,0.0,CAF
-168.4677600100211,-213.84354545677843,0.0,CAF
-75.44152187648368,-19.244028645475705,0.0,CAF
-95.41305872587634,253.57812543773318,0.0,CAF
-26.337965152493055,198.47354253555548,0.0,CAF
-236.65046165250203,-68.4878747110941,0.0,CAF
-172.566453694966,-163.5636680821346,0.0,CAF
-236.2853185358854,256.1647217843404,0.0,CAF
270.8837139421171,95.18856999862936,0.0,CAF
208.2516229899962,-213.42607218473086,0.0,CAF
128.8138196588369,377.86966298637964,0.0,CAF
161.75003679590674,-339.2157267861555,0.0,CAF
74.4221092057799,-7.207852769451303,0.0,CAF
-25.082196529701907,157.71239662547285,0.0,CAF
-194.47400981245676,-346.24699699046346,0.0,CAF
-342.21449715613784,26.28541213434153,0.0,CAF
-90.77087230451319,-303.7806463478539,0.0,CAF
-376.9054752463327,-98.31790540710503,0.0,CAF
64.68675571282532,-260.25716519649484,0.0,CAF
125.72230665695606,-378.84400144282125,0.0,CAF
-36.15803867895626,-153.6755344592216,0.0,CAF
78.4418208251048,-210.88208646950352,0.0,CAF
91.36325393763626,-360.8508991129591,0.0,CAF
-7.320083956450533,-364.5752241053871,0.0,CAF
290.8878279039671,-20.723918472708498,0.0,CAF
-26.013004865894263,354.6006747185848,0.0,CAF
-174.55698883494625,-26.000209631582596,0.0,CAF
-158.51264422134938,-253.23066161518463,0.0,CAF
111.54225163586408,-8.242644271087578,0.0,CAF
116.96946188567635,33.95161825256846,0.0,CAF
221.29813084652884,218.17301417064368,0.0,CAF
252.8304118697033,-76.13758902307235,0.0,CAF
-75.52489284138788,82.28779842057153,0.0,CAF
292.31662206591983,-183.77337915607416,0.0,CAF
-45.93113674389254,97.3264396748321,0.0,CAF
-63.241498508244874,337.3012529345033,0.0,CAF
-99.8909569258389,-54.511445443869164,0.0,CAF
-101.18528059009455,-71.35464728514268,0.0,CAF
53.26520685379285,-235.80659951696774,0.0,CAF
302.68177299961985,212.00231484967762,0.0,CAF
148.8064612261562,327.18177891390144,0.0,CAF
184.46406215037004,-170.6943003460679,0.0,CAF
-139.08195108077666,-270.52516188673434,0.0,CAF
54.6048560997581,-296.0228263218956,0.0,CAF
329.5415614206824,-47.15846686160555,0.0,CAF
-341.51282997715805,-102.83898837097738,0.0,CAF
59.64987719967243,203.81169868197128,0.0,CAF
318.125393175775,16.04893259133785,0.0,CAF
34.258267807223724,-51.14128363531806,0.0,CAF
-83.30900936677851,-315.82094616500956,0.0,CAF
-252.4961372910101,-306.82823560709375,0.0,CAF
-262.9969174245611,-221.65279047264988,0.0,CAF
174.90550039434132,338.1426087199621,0.0,CAF
315.11726880642266,104.3929191595666,0.0,CAF
46.381149339151776,352.25154466946896,0.0,CAF
3.9735019562739367,259.783693009901,0.0,CAF
-205.24059064069402,285.55311683608306,0.0,CAF
314.2193254109209,-184.71326084781393,0.0,CAF
-107.44920381123214,-217.57692713796126,0.0,CAF
80.06176757016362,43.13899317645268,0.0,CAF
-132.28384437074376,-356.96879982637233,0.0,CAF
290.6784002704132,143.9678452718259,0.0,CAF
-259.94764386465675,-66.00934401751626,0.0,CAF
210.14231185984727,160.93792930266687,0.0,CAF
174.57228767562253,-207.93494619133946,0.0,CAF
27.457674849683062,-362.37839501918893,0.0,CAF
40.406323518639866,-268.9666621666422,0.0,CAF
-341.13748859410094,-16.800330771782594,0.0,CAF
1.478407141646271,-174.4106393056187,0.0,CAF
-103.757619075578,207.81405919460138,0.0,CAF
-246.23226267999277,157.26856368428312,0.0,CAF
-117.33946894935274,-378.73282174458166,0.0,CAF
83.84286827726523,-11.499473360150303,0.0,CAF
-89.22999151959898,65.65964265132257,0.0,CAF
-51.77631050991974,-107.92675377975806,0.0,CAF
231.55004102309744,-257.1545398693891,0.0,CAF
-113.55032124227074,369.3392039467169,0.0,CAF
-59.879415943233695,356.8193859555635,0.0,CAF
13.88279904556269,-298.00493578408344,0.0,CAF
-85.4378746914869,-278.955881840283,0.0,CAF
33.02365349430344,-191.2044462858099,0.0,CAF
-7.250961670994616,349.99793822697967,0.0,CAF
-163.6253549767336,-201.57090161374055,0.0,CAF
-3.9953010007994947,133.48315900447116,0.0,CAF
229.7892340648193,-161.8942769646784,0.0,CAF
23.65442989656415,43.607438169200435,0.0,CAF
-166.0292799622634,-360.2340575589313,0.0,CAF
-34.86857927491939,49.812643599991496,0.0,CAF
291.4305253750904,120.8326493222527,0.0,CAF
185.44287264551997,225.71108319625182,0.0,CAF
-379.0123535133478,-26.64199640167613,0.0,CAF
307.71440586675004,179.2322814329908,0.0,CAF
315.6456417951757,76.15978618121771,0.0,CAF
12.818436062963324,66.74605668133933,0.0,CAF
109.99973709080976,-92.35755110343293,0.0,CD4_Tcell
128.5165699838573,-238.6197533330092,0.0,CD4_Tcell
-284.20570380313876,-201.65335634192155,0.0,CD4_Tcell
-191.11740621005873,-224.6432373839362,0.0,CD4_Tcell
-268.5340155477864,190.61344874457455,0.0,CD4_Tcell
381.7925931178758,-35.48927619936408,0.0,CD4_Tcell
114.65053552687327,-216.6935029413933,0.0,CD4_Tcell
33.87008438590469,127.43056387943425,0.0,CD4_Tcell
-123.3575178985868,-107.72320922317559,0.0,CD4_Tcell
-123.4172159112592,-214.99143263140988,0.0,CD4_Tcell
-214.63594114674268,-132.45092907504898,0.0,CD4_Tcell
-136.99474546815907,-312.7455750421388,0.0,CD4_Tcell
382.0313703841046,81.73857354521604,0.0,CD4_Tcell
-112.87400436509803,-332.20750606074745,0.0,CD4_Tcell
-203.24532894968172,-131.90078791846685,0.0,CD4_Tcell
103.93141973149064,-76.43312493632375,0.0,CD4_Tcell
230.79999382820975,-144.2209590261968,0.0,CD4_Tcell
63.29009674661714,91.49913014629774,0.0,CD4_Tcell
249.88345408967933,104.39369795151313,0.0,CD4_Tcell
210.71122154487097,56.079408478730585,0.0,CD4_Tcell
174.49025893353414,-91.76358917970698,0.0,CD4_Tcell
152.906445860185,12.815888731281499,0.0,CD4_Tcell
-260.9140175821905,51.68531637380104,0.0,CD4_Tcell
-183.08032843462104,287.311489689355,0.0,CD4_Tcell
-307.12159765778654,15.093874273068447,0.0,CD4_Tcell
370.61467109792176,-33.56666008918936,0.0,CD4_Tcell
-152.50364495646983,13.963763816704233,0.0,CD4_Tcell
162.75659087139408,69.83196102328155,0.0,CD4_Tcell
-228.81720324756913,183.01438927626927,0.0,CD4_Tcell
-114.87118577901303,160.26770702938242,0.0,CD4_Tcell
-123.61528243490936,-52.68368902823964,0.0,CD4_Tcell
-347.47327477258096,-120.45403525901015,0.0,CD4_Tcell
111.62501706051442,-16.555152915297324,0.0,CD4_Tcell
-145.18025983165768,-20.10420838059677,0.0,CD4_Tcell
126.96513384300133,-27.451608786279017,0.0,CD4_Tcell
93.08851861209018,278.676691127819,0.0,CD4_Tcell
-389.7684541365834,5.153195850815538,0.0,CD4_Tcell
295.9606494833776,-107.98015370958238,0.0,CD4_Tcell
-192.71803242158038,207.01381791130646,0.0,CD4_Tcell
-145.27511317808515,295.426610051969,0.0,CD4_Tcell
153.06316756588566,-362.9950609036802,0.0,CD4_Tcell
324.2226840638122,-99.76209930947904,0.0,CD4_Tcell
37.23341669803024,-11.894967369786084,0.0,CD4_Tcell
-247.61818543019646,75.58688506082694,0.0,CD4_Tcell
-366.1934148790008,-139.83594950797158,0.0,CD4_Tcell
-106.88195617664245,57.19099797448007,0.0,CD4_Tcell
361.17686077814886,-18.81335939354926,0.0,CD4_Tcell
216.21230414234458,293.27213307136884,0.0,CD4_Tcell
-161.41546817251094,114.09253083893572,0.0,CD4_Tcell
200.52556891481214,138.23062650492798,0.0,CD4_Tcell
-210.43564490942197,28.19455664340151,0.0,CD4_Tcell
-85.69174302237387,-28.352908050981654,0.0,CD4_Tcell
5.807644023146561,-271.528393253438,0.0,CD4_Tcell
171.78115412727658,355.58611971146996,0.0,CD4_Tcell
-290.9967260430117,-252.14157226811486,0.0,CD4_Tcell
-159.23390473338046,-23.39485135444826,0.0,CD4_Tcell
-240.1351341916836,173.9139381780096,0.0,CD4_Tcell
-3.4026691253305774,-126.39525899885955,0.0,CD4_Tcell
57.998198632753706,150.02930739509827,0.0,CD4_Tcell
-196.39279593684017,-17.92129886434276,0.0,CD4_Tcell
-229.44178752346588,-315.5592696436305,0.0,CD4_Tcell
174.04279076957923,-337.0684385025926,0.0,CD4_Tcell
-156.15515785578026,113.85884252173776,0.0,CD4_Tcell
-224.06036007342215,82.86689417312269,0.0,CD4_Tcell
205.74843702362185,-276.2529888054554,0.0,CD4_Tcell
-3.463792477912148,-159.83555561549824,0.0,CD4_Tcell
142.99600346702587,162.04892816928293,0.0,CD4_Tcell
-33.12471596346466,18.189133034745613,0.0,CD4_Tcell
-387.2573403423388,-90.29618629147856,0.0,CD4_Tcell
-101.48652349587039,-34.556964058785674,0.0,CD4_Tcell
167.21296370951387,-301.83883100871725,0.0,CD4_Tcell
247.7206480873473,-81.88122146651533,0.0,CD4_Tcell
-59.963747731039724,-369.29050597289324,0.0,CD4_Tcell
308.09739099175414,-68.66934370352101,0.0,CD4_Tcell
138.62303552859353,-369.8011648696348,0.0,CD4_Tcell
-279.0141437541357,234.85013132090756,0.0,CD4_Tcell
-323.18298906356483,227.45319839345132,0.0,CD4_Tcell
-257.4646906900914,103.75640120215739,0.0,CD4_Tcell
-238.41972942932833,-1.7434080051924719,0.0,CD4_Tcell
228.8437176183483,279.51363863835815,0.0,CD4_Tcell
225.5022439899099,130.1143298635981,0.0,CD4_Tcell
283.87460392386555,67.22667092460668,0.0,CD4_Tcell
-284.9488490857247,-138.61015159285762,0.0,CD4_Tcell
4.068376252025763,-168.07833228051044,0.0,CD4_Tcell
-239.63905362393703,278.92398029645864,0.0,CD4_Tcell
-342.9956433655598,-112.97788504653737,0.0,CD4_Tcell
186.5235208322058,-213.55525008001155,0.0,CD4_Tcell
352.91418288180625,-72.41976228188146,0.0,CD4_Tcell
-342.2313612039747,54.27635539031906,0.0,CD4_Tcell
300.1923219860882,226.87742874384557,0.0,CD4_Tcell
236.28787939657008,-220.82533499832036,0.0,CD4_Tcell
-333.0471443032068,84.32502499938936,0.0,CD4_Tcell
-312.63074013792135,16.45178358056073,0.0,CD4_Tcell
-28.617516157076228,-308.49369706414916,0.0,CD4_Tcell
40.22462547237034,41.932858791029304,0.0,CD4_Tcell
-126.5252619710109,8.648163859669996,0.0,CD4_Tcell
-211.32541841692287,-38.506819592431896,0.0,CD4_Tcell
129.02181018516944,158.76448704208062,0.0,CD4_Tcell
-281.8846635983111,-202.67749366191387,0.0,CD4_Tcell
199.3662906279703,-165.7480851274281,0.0,CD4_Tcell
-239.99489684466909,210.01016162532125,0.0,CD4_Tcell
-135.57896324162868,282.7707905501111,0.0,CD4_Tcell
-149.13696966582043,-116.01598093178336,0.0,CD4_Tcell
-21.227284873145436,257.11408229255915,0.0,CD4_Tcell
-132.03107867187555,-331.740569432577,0.0,CD4_Tcell
19.51689837588113,-258.76656267861074,0.0,CD4_Tcell
-158.13860450822517,-178.82125669585145,0.0,CD4_Tcell
108.30085294202532,266.54098512487263,0.0,CD4_Tcell
19.334447873218117,204.2100270806592,0.0,CD4_Tcell
-86.32081465971604,-30.63728478791659,0.0,CD4_Tcell
12.283069574525856,220.15233389378108,0.0,CD4_Tcell
-366.8299522417959,-158.00759399469348,0.0,CD4_Tcell
295.22786836233354,146.66841995286728,0.0,CD4_Tcell
-88.75276683041466,129.03135795123006,0.0,CD4_Tcell
160.8813578592872,118.24614756033235,0.0,CD4_Tcell
-114.9720364345735,196.5277712406272,0.0,CD4_Tcell
-198.82652888871073,285.4091316940829,0.0,CD4_Tcell
-101.58261551991573,-61.90468391669142,0.0,CD4_Tcell
244.77864294942196,26.937073179268573,0.0,CD4_Tcell
87.93300197833568,-174.70467883396316,0.0,CD4_Tcell
-58.45228748197878,-125.62027905871595,0.0,CD4_Tcell
-270.5123876879476,264.5751215597555,0.0,CD4_Tcell
314.8858865606383,123.57816300678246,0.0,CD4_Tcell
32.06123747091272,-272.28912482576357,0.0,CD4_Tcell
-338.2921288976183,-184.21200216257853,0.0,CD4_Tcell
248.95475984074844,-230.02319616525727,0.0,CD4_Tcell
-216.8543215936752,-178.49690725101829,0.0,CD4_Tcell
43.373312216139354,79.25477585645683,0.0,CD4_Tcell
1.102113515707943,-15.160568117518888,0.0,CD4_Tcell
196.86657072184832,333.1038194170323,0.0,CD4_Tcell
151.86160376710612,-301.2772436958344,0.0,CD4_Tcell
261.3576067997115,-100.18921094850099,0.0,CD4_Tcell
-241.31445689097515,-44.42674819604764,0.0,CD4_Tcell
213.98332348486719,178.4204822724862,0.0,CD4_Tcell
-142.16267750962209,228.3010852451023,0.0,CD4_Tcell
81.6604875468202,176.70040304469575,0.0,CD4_Tcell
-146.8727640804572,-18.28205535936164,0.0,CD4_Tcell
137.006898435989,-11.777337079458848,0.0,CD4_Tcell
-41.53473293668611,373.51194886281775,0.0,CD4_Tcell
-336.44513246321117,103.71938405649455,0.0,CD4_Tcell
-137.19389569955655,136.96748805311393,0.0,CD4_Tcell
-105.18084304205496,-5.8592751381000685,0.0,CD4_Tcell
-76.08524143512923,338.07421604375423,0.0,CD4_Tcell
79.30093926801587,-281.5418065555889,0.0,CD4_Tcell
-154.22909203918738,291.3350064246987,0.0,CD4_Tcell
-29.896877315203874,-60.29149876856611,0.0,CD4_Tcell
-51.37592590367326,208.81648581349634,0.0,CD4_Tcell
7.681179188700822,60.15786489321752,0.0,CD4_Tcell
28.941436979574174,-5.370921755379862,0.0,CD4_Tcell
-280.0169915926243,33.25302158590184,0.0,CD4_Tcell
310.2094887603358,-84.91215392742276,0.0,CD4_Tcell
-66.82195025753782,-213.9134722517728,0.0,CD4_Tcell
-224.08526457111788,212.93469315378286,0.0,CD4_Tcell
119.66050198804764,207.97115895757605,0.0,CD4_Tcell
-34.550193421563996,-328.7572029078953,0.0,CD4_Tcell
-78.98229747310378,218.91219188098134,0.0,CD4_Tcell
47.365584863375936,368.9701273605756,0.0,CD4_Tcell
-159.66207590297927,-131.36279829301742,0.0,CD4_Tcell
-138.0005372891906,283.6419607026078,0.0,CD4_Tcell
7.91369162937253,210.247202192736,0.0,CD4_Tcell
230.44718497143995,-39.244090055987186,0.0,CD4_Tcell
-27.585114806834575,125.17337878577939,0.0,CD4_Tcell
81.13646583358883,389.99569465689274,0.0,CD4_Tcell
-369.29231602547355,-25.536415147460023,0.0,CD4_Tcell
39.14749814608163,-199.5786971437997,0.0,CD4_Tcell
-83.1346247075242,-382.37099430949854,0.0,CD4_Tcell
185.3024153970097,-265.6193028484494,0.0,CD4_Tcell
-16.562590740104422,-46.66233277894705,0.0,CD4_Tcell
-348.36712421728333,117.6745204975166,0.0,CD4_Tcell
355.2086900547965,-121.51959970583844,0.0,CD4_Tcell
27.9399886826366,150.73670061365755,0.0,CD4_Tcell
-267.4366080580249,-128.678188054204,0.0,CD4_Tcell
300.12669106117465,-60.78531571911877,0.0,CD4_Tcell
-258.1831697723788,218.51318301426136,0.0,CD4_Tcell
196.52223244994767,-55.58651723668416,0.0,CD4_Tcell
200.83832197073923,-308.2959463562229,0.0,CD4_Tcell
197.20884946123687,-46.0322646842657,0.0,CD4_Tcell
-168.570552053652,285.3552326448092,0.0,CD4_Tcell
-63.46671128370726,-203.0785965643657,0.0,CD4_Tcell
-323.35207379751927,-115.55004338800467,0.0,CD4_Tcell
158.08079564048026,151.57868247190342,0.0,CD4_Tcell
-298.17185819089406,194.78427064519155,0.0,CD4_Tcell
-41.0353416265273,-170.78135428356342,0.0,CD4_Tcell
-22.96347977852355,-109.35717382339594,0.0,CD4_Tcell
1.2576776729981791,-275.73339576157036,0.0,CD4_Tcell
-265.64361169558794,30.89206224580615,0.0,CD4_Tcell
89.98567653167123,166.04947497842085,0.0,CD4_Tcell
160.65337085044797,-235.46720368263837,0.0,CD4_Tcell
39.60706826594785,-148.97395337756512,0.0,CD4_Tcell
48.43768627634028,235.145275274126,0.0,CD4_Tcell
-158.6218770781442,64.03964289447373,0.0,CD4_Tcell
-373.66284749925313,-53.25575521092139,0.0,CD4_Tcell
-53.42480110544656,132.53087387978184,0.0,CD4_Tcell
-183.28253856814385,26.109224934759457,0.0,CD4_Tcell
246.081285383638,-13.111572695250175,0.0,CD4_Tcell
198.14552243382022,153.5711476394707,0.0,CD4_Tcell
-256.9262067629983,39.35881045756844,0.0,CD4_Tcell
-61.1977373584235,-58.8729472969352,0.0,CD4_Tcell
-249.23389547638203,104.77064445930604,0.0,CD4_Tcell
-229.55979466262073,263.88679318856134,0.0,CD4_Tcell
299.1754866842432,196.76557729407477,0.0,CD4_Tcell
95.60208393761513,151.6403658724426,0.0,CD4_Tcell
117.08082858997196,-302.51209750562265,0.0,CD4_Tcell
277.52029783349747,-263.18331602188243,0.0,CD4_Tcell
-240.70034851694564,238.2443971271284,0.0,CD4_Tcell
-333.8867690817952,192.13020450443352,0.0,CD4_Tcell
49.05158861908594,-86.3842667841001,0.0,CD4_Tcell
-61.69350598487711,232.29100409103341,0.0,CD4_Tcell
306.4475858718598,-74.3198575525059,0.0,CD4_Tcell
67.87724000516886,44.52506692886151,0.0,CD4_Tcell
235.3845121894974,-181.42467031364995,0.0,CD4_Tcell
141.01915773583104,132.54313942301212,0.0,CD4_Tcell
-332.8917196053953,127.35372466948803,0.0,CD4_Tcell
53.553610755696845,387.0779822992999,0.0,CD4_Tcell
81.66327460837047,338.7185893596157,0.0,CD4_Tcell
382.04115977242265,20.81663636124196,0.0,CD4_Tcell
61.89381430905619,124.89693161299762,0.0,CD4_Tcell
-317.32900534759597,-117.38212681065401,0.0,CD4_Tcell
189.15405964401012,237.76393372023688,0.0,CD4_Tcell
246.06387983629216,130.6554827327509,0.0,CD4_Tcell
-335.1960449242345,164.5147883880068,0.0,CD4_Tcell
-239.88004487031745,-278.1448677535829,0.0,CD4_Tcell
217.1703449344396,-142.2242786816486,0.0,CD4_Tcell
-336.8802627525337,-199.91414664372314,0.0,CD4_Tcell
-383.1965966017297,40.544485784974576,0.0,CD4_Tcell
-364.7281528554447,-65.46499823997863,0.0,CD4_Tcell
-276.4897888326409,-18.810425234737775,0.0,CD4_Tcell
74.88622596601256,71.90315739375302,0.0,CD4_Tcell
-156.04487655477024,296.8878187765781,0.0,CD4_Tcell
-67.58454740782769,249.97308735513116,0.0,CD4_Tcell
23.764234830022097,8.084259170441802,0.0,CD4_Tcell
45.62683866252438,-264.43449626794643,0.0,CD4_Tcell
299.50022487350793,96.48016298374635,0.0,CD4_Tcell
274.8956873790502,229.15581964200965,0.0,CD4_Tcell
193.15517660506964,341.13972469262546,0.0,CD4_Tcell
-120.8959797154408,-80.90255427056094,0.0,CD4_Tcell
-298.1427368960956,259.39327701012724,0.0,CD4_Tcell
-279.3121544803365,-238.0752916367004,0.0,CD4_Tcell
-13.088101488303472,-169.58563187164938,0.0,CD4_Tcell
47.17345666149952,333.5207130348089,0.0,CD4_Tcell
-47.565180803624905,-264.40972102844637,0.0,CD4_Tcell
66.8393575650007,-327.75211647263916,0.0,CD4_Tcell
5.585318601790503,138.05299218579395,0.0,CD4_Tcell
5.502685807617558,-24.507127384576567,0.0,CD4_Tcell
37.443182177498436,273.8089121471047,0.0,CD4_Tcell
41.5663109127323,-213.6622280105611,0.0,CD4_Tcell
37.46375413615915,-277.4270529083544,0.0,CD4_Tcell
-213.0205448620065,-175.29413212870617,0.0,CD4_Tcell
-20.048400265061225,303.9518069320634,0.0,CD4_Tcell
37.79357514318387,-153.73469178551528,0.0,CD4_Tcell
218.30370849500773,46.789769649022986,0.0,CD4_Tcell
-61.17181768726079,387.7035425908916,0.0,CD4_Tcell
-138.79526916825714,253.48661652084562,0.0,CD4_Tcell
-372.8817029796354,37.54032658118704,0.0,CD4_Tcell
138.94829302562692,53.72974936816936,0.0,CD4_Tcell
-59.009540612013154,40.73790307842857,0.0,CD4_Tcell
95.69392179677402,288.9341737938693,0.0,CD4_Tcell
-320.9151675397911,-12.20663602962083,0.0,CD4_Tcell
-171.47640259059105,-116.53179372434083,0.0,CD4_Tcell
114.34123220259971,-336.9729652113549,0.0,CD4_Tcell
-201.0062567081786,-83.44791609518094,0.0,CD4_Tcell
-348.3372337693821,-150.9864722305285,0.0,CD4_Tcell
132.41807420228002,257.1181555133096,0.0,CD4_Tcell
-268.8565581034842,60.92408986899731,0.0,CD4_Tcell
341.6581185561753,117.31696524153828,0.0,CD4_Tcell
250.02310925406204,219.4931901343481,0.0,CD4_Tcell
207.08195874135075,310.75872962762776,0.0,CD4_Tcell
-230.91646392985973,253.4487089317901,0.0,CD4_Tcell
-366.2875247182062,-130.4002179114315,0.0,CD4_Tcell
78.27639769940629,300.24851176577755,0.0,CD4_Tcell
9.518719873448415,277.24797195767644,0.0,CD4_Tcell
-41.22969928317628,226.44364476593634,0.0,CD4_Tcell
228.17223171527533,-221.61775533445223,0.0,CD4_Tcell
152.20571001398048,318.9066606711482,0.0,CD4_Tcell
-356.7143035207709,-171.97013881097303,0.0,CD4_Tcell
205.90454564178438,-300.8673484741932,0.0,CD4_Tcell
-331.2996901633885,24.536555022721185,0.0,CD4_Tcell
288.991342758212,175.75099371587999,0.0,CD4_Tcell
-182.6085371184816,26.03613022007769,0.0,CD4_Tcell
-189.320927523081,228.19132984913804,0.0,CD4_Tcell
-174.7571054218147,-154.50416654329626,0.0,CD4_Tcell
200.68090947469875,-173.16705886279215,0.0,CD4_Tcell
98.86568982072845,192.95670486584527,0.0,CD4_Tcell
-296.4887372936793,-17.245478109101484,0.0,CD4_Tcell
-227.47953109078085,298.52056497370876,0.0,CD4_Tcell
-305.8186837418337,218.350287452146,0.0,CD4_Tcell
65.5403316951659,-80.38460815091861,0.0,CD4_Tcell
-169.7327327700224,-111.36559544965475,0.0,CD4_Tcell
-237.81296835247738,157.37241748519318,0.0,CD4_Tcell
111.18788371777292,140.56295766131552,0.0,CD4_Tcell
35.62803465650481,-46.273707390176476,0.0,CD4_Tcell
60.16353514460664,-207.0535651316895,0.0,CD4_Tcell
-155.88972230044126,-25.96620658500302,0.0,CD4_Tcell
-69.1500413630243,-321.7388691140242,0.0,CD4_Tcell
-236.62342356891705,273.00471822428335,0.0,CD4_Tcell
342.6833793655229,100.91366931918867,0.0,CD4_Tcell
-62.352116187188834,-350.70161417666645,0.0,CD4_Tcell
-263.2788969397861,252.78970735092906,0.0,CD4_Tcell
41.490445206255984,85.3255469726,0.0,CD4_Tcell
240.3799313524805,-84.63448995132542,0.0,CD4_Tcell
13.075491161911087,233.07410982073853,0.0,CD4_Tcell
-239.54129748061405,-136.26713171194126,0.0,CD4_Tcell
-112.03424761917421,-350.0043507218891,0.0,CD4_Tcell
-322.0936344226921,8.376170870819179,0.0,CD4_Tcell
179.8756199355309,-265.5685298136088,0.0,CD4_Tcell
179.30345225698036,100.14579468865504,0.0,CD4_Tcell
170.0696068894423,220.0886992915658,0.0,CD4_Tcell
-145.14252821095076,88.46667812343425,0.0,CD4_Tcell
181.2239103034797,-126.72521459702611,0.0,CD4_Tcell
339.2041324359212,210.08774668977955,0.0,CD4_Tcell
-129.1488701498659,-370.6823051562501,0.0,CD4_Tcell
32.406088241892306,298.01460740572776,0.0,CD4_Tcell
83.35356330662628,-66.0853074460233,0.0,CD4_Tcell
-13.382232465060133,8.543735905946873,0.0,CD4_Tcell
30.916182605872034,-226.08841110479952,0.0,CD4_Tcell
-256.7531885945911,-87.5837962946177,0.0,CD4_Tcell
46.185472461773095,-143.80446624569132,0.0,CD4_Tcell
-115.15098188974589,-284.6477435966278,0.0,CD4_Tcell
-241.75758497612628,-3.041494685808817,0.0,CD4_Tcell
219.28412321716866,279.1779522626819,0.0,CD4_Tcell
204.67667070423954,75.87486454219426,0.0,CD4_Tcell
-375.18616014059864,-29.973644832459918,0.0,CD4_Tcell
-299.1297784907505,150.6251258234727,0.0,CD4_Tcell
-54.27616922762988,204.0587616064333,0.0,CD4_Tcell
394.4500322134037,44.89192967066477,0.0,CD4_Tcell
-224.95416654328727,34.94151339739165,0.0,CD4_Tcell
-210.30289908921816,140.04098023168243,0.0,CD4_Tcell
92.01497973252525,33.91645404689498,0.0,CD4_Tcell
209.6170287234492,-249.1372927042391,0.0,CD4_Tcell
208.26678204213502,136.93761243985023,0.0,CD4_Tcell
-55.27137846765115,394.4182781051318,0.0,CD4_Tcell
-298.46735501337525,-124.71904314228615,0.0,CD4_Tcell
119.42862569810745,121.86466359591766,0.0,CD4_Tcell
177.82031484504787,293.96479228264604,0.0,CD4_Tcell
37.14721133202835,28.319286135062743,0.0,CD4_Tcell
-40.33977602289922,-342.9844023517959,0.0,CD4_Tcell
-274.0072566549519,55.9469797735985,0.0,CD4_Tcell
-201.44604289095005,-42.7851024947592,0.0,CD4_Tcell
-280.59772786372395,-117.66348076902017,0.0,CD4_Tcell
195.31430897083604,203.30647663284412,0.0,CD4_Tcell
-77.230296775868,-74.86243005347522,0.0,CD4_Tcell
-54.62418571900543,-144.15747873530262,0.0,CD4_Tcell
88.01712958255185,-146.42317245598912,0.0,CD4_Tcell
-360.04263168489,-149.79856415062736,0.0,CD4_Tcell
-245.35619647009187,177.8746119867846,0.0,CD4_Tcell
-355.9693663632987,15.001428546366181,0.0,CD4_Tcell
87.7395376653717,-91.72555227324712,0.0,CD4_Tcell
-5.185787468083801,71.09815082602101,0.0,CD4_Tcell
-164.62173200588884,-351.77234057759057,0.0,CD4_Tcell
-379.838874933667,-66.50084822471626,0.0,CD4_Tcell
165.41096784927998,-130.57827533410247,0.0,CD4_Tcell
50.719661680765306,299.86130829654,0.0,CD4_Tcell
-139.0553087886842,161.96064222681773,0.0,CD4_Tcell
79.03860786917214,388.9832418687659,0.0,CD4_Tcell
314.156712930766,139.10243348904277,0.0,CD4_Tcell
-168.64778376443303,-14.042832147433879,0.0,CD4_Tcell
162.69621697138206,-115.99008390923319,0.0,CD4_Tcell
9.586445372255286,67.90447945563096,0.0,CD4_Tcell
-339.81603748352194,109.30756645874261,0.0,CD4_Tcell
11.691757645879777,326.13206954914057,0.0,CD4_Tcell
180.0084309809363,-18.610523941060716,0.0,CD4_Tcell
166.00500500419244,107.82992511070493,0.0,CD4_Tcell
-368.9207251883579,90.14552805282493,0.0,CD4_Tcell
-89.28234920195723,19.483434041595252,0.0,CD4_Tcell
327.3718827303055,-170.30430569498142,0.0,CD4_Tcell
285.31379509958043,-49.11396935117064,0.0,CD4_Tcell
309.41145969109857,-246.94744467578994,0.0,CD4_Tcell
-82.1319366273613,73.37119946704327,0.0,CD4_Tcell
156.23711191822642,259.3243848594145,0.0,CD4_Tcell
162.27020428216784,212.2456213348845,0.0,CD4_Tcell
201.17303414767787,71.64873816624322,0.0,CD4_Tcell
-4.401239170239951,-353.3684938566795,0.0,CD4_Tcell
285.99838305545995,9.543709313032158,0.0,CD4_Tcell
242.6052408158952,-289.5876045067903,0.0,CD4_Tcell
13.731300699203585,-166.3083402278504,0.0,CD4_Tcell
-72.06105415404221,331.10948006672197,0.0,CD4_Tcell
-392.9144697731374,-46.61129900538056,0.0,CD4_Tcell
-225.61544160591401,9.619153413714633,0.0,CD4_Tcell
186.72303379337902,206.906562191351,0.0,CD4_Tcell
295.5768433266164,156.58966418271234,0.0,CD4_Tcell
-346.3155114216711,-38.91136772769048,0.0,CD4_Tcell
-145.32995779072266,281.53269222227715,0.0,CD4_Tcell
30.553834376759486,-375.3250022390356,0.0,CD4_Tcell
-73.6483956379233,-236.01852688101843,0.0,CD4_Tcell
45.64508039761255,50.036892342269056,0.0,CD4_Tcell
67.86943367436699,-44.12497958800244,0.0,CD4_Tcell
-172.13033145478565,295.23121543609096,0.0,CD4_Tcell
66.01483827364838,87.58188551810093,0.0,CD4_Tcell
-342.23716894955214,-78.87273189774682,0.0,CD4_Tcell
-217.66161959719628,211.62682928797017,0.0,CD4_Tcell
169.90725505354217,150.78004618676852,0.0,CD4_Tcell
184.108988911958,104.95222208325308,0.0,CD4_Tcell
-81.79176658481221,26.43543387418134,0.0,CD4_Tcell
-107.24439495102867,306.18538827551663,0.0,CD4_Tcell
-11.313171589151567,241.79375922735147,0.0,CD4_Tcell
161.16180277237234,270.9906822634483,0.0,CD4_Tcell
280.01895783366285,-250.1229002761262,0.0,CD4_Tcell
182.4604095525722,202.352797652062,0.0,CD4_Tcell
-61.368407849484925,334.42543246252603,0.0,CD4_Tcell
328.19400555349324,-98.7879900329975,0.0,CD4_Tcell
37.850122818721864,-267.87607818219124,0.0,CD4_Tcell
341.8274028157192,127.59551899605546,0.0,CD4_Tcell
-331.87997879809234,129.186381849725,0.0,CD4_Tcell
140.64768118004085,367.3260898425732,0.0,CD4_Tcell
-271.3391953309804,82.93184129931619,0.0,CD4_Tcell
-228.84555197240152,254.93862259475145,0.0,CD4_Tcell
7.671271342905274,109.14450529660867,0.0,CD4_Tcell
11.012721582977955,109.37864055169051,0.0,CD4_Tcell
-86.37058285969587,-287.7806350180864,0.0,CD4_Tcell
-256.91641972797794,-128.9801241975928,0.0,CD4_Tcell
159.07431736890734,35.94527973020561,0.0,CD4_Tcell
98.39538175151176,23.37034230767295,0.0,CD4_Tcell
158.73589328222818,-78.19777840130571,0.0,CD4_Tcell
208.78920649265604,292.0767518732296,0.0,CD4_Tcell
36.34348492268663,314.9651330749052,0.0,CD4_Tcell
86.26855868242984,350.3695458750849,0.0,CD4_Tcell
178.7114879303069,-137.6354919550766,0.0,CD4_Tcell
2.891434790343721,-40.44238075501879,0.0,CD4_Tcell
-214.2339419641052,-0.3667763068951721,0.0,CD4_Tcell
365.42737018308105,78.20544131982957,0.0,CD4_Tcell
-154.6441625558714,207.3561476104861,0.0,CD4_Tcell
18.708004103277972,-57.62235984756382,0.0,CD4_Tcell
331.02725403916486,56.83652364195768,0.0,CD4_Tcell
-177.7847448491277,-295.62317502444563,0.0,CD4_Tcell
-165.21924781039746,86.7426131275062,0.0,CD4_Tcell
-362.7486035016499,-124.65734829872642,0.0,CD4_Tcell
-165.78278135171846,-51.43017057544617,0.0,CD4_Tcell
100.15179978415517,-311.1882915091954,0.0,CD4_Tcell
227.13994841394438,161.8426116052696,0.0,CD4_Tcell
-71.64176330729354,-241.07144651030993,0.0,CD4_Tcell
-76.1790659464716,-55.47389120328315,0.0,CD4_Tcell
171.09619774637358,-15.972059223566962,0.0,CD4_Tcell
-118.74386191639893,182.6110864158424,0.0,CD4_Tcell
-305.6475280006088,118.33575274172028,0.0,CD4_Tcell
-160.45802967672657,54.94376915105963,0.0,CD4_Tcell
-311.7665874806288,-216.22276232807758,0.0,CD4_Tcell
201.63054641318618,320.63011076586344,0.0,CD4_Tcell
54.56007359350475,227.92129844306672,0.0,CD4_Tcell
-67.80758154093884,347.8703767455629,0.0,CD4_Tcell
-274.3817317494229,-240.25102846566858,0.0,CD4_Tcell
236.57740137991843,-108.34195600721846,0.0,CD4_Tcell
218.6075477341088,-80.39422214682006,0.0,CD4_Tcell
-130.15670060397505,84.21551847278461,0.0,CD4_Tcell
-143.59586465657122,-341.9838332993661,0.0,CD4_Tcell
278.8599823617234,201.23761130295026,0.0,CD4_Tcell
-168.41700741918004,-160.1545195601917,0.0,CD4_Tcell
-8.358294346108178,37.31847809825462,0.0,CD4_Tcell
41.72565513470638,252.1439933319905,0.0,CD4_Tcell
-232.19254365520646,-242.83870127006628,0.0,CD4_Tcell
-91.61435578619532,286.7056842163644,0.0,CD4_Tcell
-189.22153078065188,-190.07630593243601,0.0,CD4_Tcell
-151.54579078155098,-244.81651886152915,0.0,CD4_Tcell
-260.398875261747,-67.98018476873342,0.0,CD4_Tcell
-299.9456782418951,134.93829443827275,0.0,CD4_Tcell
-336.7877216511841,135.08910001625978,0.0,CD4_Tcell
-288.4950448552396,-206.70118312781585,0.0,CD4_Tcell
66.27921565559842,-313.0525918937916,0.0,CD4_Tcell
-390.04398559423885,69.63472627783702,0.0,CD4_Tcell
41.98533498556436,269.7390003830106,0.0,CD4_Tcell
46.640106553068314,-216.39730618920407,0.0,CD4_Tcell
289.23743098428184,148.9348465714554,0.0,CD4_Tcell
295.41248830371154,167.18802813239185,0.0,CD4_Tcell
61.58359387357726,-219.97637797761004,0.0,CD4_Tcell
-325.31776281600304,-70.345508372635,0.0,CD4_Tcell
-197.78459763678447,261.1004652817495,0.0,CD4_Tcell
101.83349062948973,-303.1417570504962,0.0,CD4_Tcell
-321.41426863421066,-87.3849639412154,0.0,CD4_Tcell
366.71820076612096,-96.72621066337224,0.0,CD4_Tcell
116.91151033689457,-165.62593361086007,0.0,CD4_Tcell
-30.60748241985109,-93.93265676810024,0.0,CD4_Tcell
-81.17749815233915,-54.9295909524296,0.0,CD4_Tcell
-50.72063327839759,113.16642569609785,0.0,CD4_Tcell
233.74940647618698,125.00333902618529,0.0,CD4_Tcell
-172.2044452945499,101.22616973782158,0.0,CD4_Tcell
196.48459386267746,-180.26266430428498,0.0,CD4_Tcell
-273.3235823077527,-253.05331439004595,0.0,CD4_Tcell
232.05629975008262,-85.64130561077059,0.0,CD4_Tcell
-118.8346926120659,326.19458974888624,0.0,CD4_Tcell
-37.88528375066346,-73.89157564364122,0.0,CD4_Tcell
76.26037286484001,67.0593403842221,0.0,CD4_Tcell
360.15570191494805,53.261146291253624,0.0,CD4_Tcell
140.6471452115797,-22.64103999872471,0.0,CD4_Tcell
-109.55267751766841,319.3362249544303,0.0,CD4_Tcell
90.24605603873192,389.6771566335906,0.0,CD4_Tcell
49.431289017110565,216.70355749396023,0.0,CD4_Tcell
-362.75942366365774,43.63461122355656,0.0,CD4_Tcell
293.3016710339797,74.5281182697664,0.0,CD4_Tcell
286.3259459626545,-37.170709165728425,0.0,CD4_Tcell
-283.53091975345274,-21.772383010006717,0.0,CD4_Tcell
9.4434088547876,-213.66224995339235,0.0,CD4_Tcell
141.43071789369966,-314.2099107404473,0.0,CD4_Tcell
115.68588186189427,-25.77302632854612,0.0,CD4_Tcell
50.66815723715827,-47.256325391013235,0.0,CD4_Tcell
-197.0541643229876,205.23957028107557,0.0,CD4_Tcell
-182.66412174801545,28.90624389329227,0.0,CD4_Tcell
-235.97988702425056,292.9054165599871,0.0,CD4_Tcell
222.86011615870893,255.74643872855395,0.0,CD4_Tcell
256.3993721214895,-249.43544282675424,0.0,CD4_Tcell
67.24465094967758,384.89456779465223,0.0,CD4_Tcell
-287.96945359934875,-116.50981116430269,0.0,CD4_Tcell
-245.9574964201476,-304.71374031304015,0.0,CD4_Tcell
60.27785151571351,384.9501040556098,0.0,CD4_Tcell
111.69419979119738,287.89950272571093,0.0,CD4_Tcell
-0.17502209341881808,171.95897804708426,0.0,CD4_Tcell
144.42281818774313,18.777316627862906,0.0,CD4_Tcell
-315.39088811032724,-134.80162785072397,0.0,CD4_Tcell
-146.15251240236296,68.64260969514991,0.0,CD4_Tcell
-202.17422164713125,-2.356947485344615,0.0,CD4_Tcell
-256.1090159087267,165.28401047237327,0.0,CD4_Tcell
217.75170633086674,238.02995324315867,0.0,CD4_Tcell
370.8930715000734,79.0094432731119,0.0,CD4_Tcell
-209.4295278847724,92.49876858952238,0.0,CD4_Tcell
29.180782054483217,197.05817891177696,0.0,CD4_Tcell
41.24285913704579,326.7525992518137,0.0,CD4_Tcell
114.3005642143279,344.74861717348784,0.0,CD4_Tcell
2.2652838539571083,-163.53044126245587,0.0,CD4_Tcell
-87.83927305830568,-0.608377214504771,0.0,CD4_Tcell
-383.1042610608924,-5.827658459750157,0.0,CD4_Tcell
-95.10872632847564,-125.72934253095823,0.0,CD4_Tcell
58.496165999741855,-151.19898212101592,0.0,CD4_Tcell
246.20827185133282,-103.34067882127128,0.0,CD4_Tcell
65.26940638660636,-385.91682289569684,0.0,CD4_Tcell
-19.849731574670464,388.37347756221334,0.0,CD4_Tcell
-310.54479068242546,-97.32912607636595,0.0,CD4_Tcell
-81.67234125143868,-94.341924761861,0.0,CD4_Tcell
194.21463624305107,287.6160737358126,0.0,CD4_Tcell
-282.3079343778684,149.26511495822135,0.0,CD4_Tcell
-59.146227003201425,-219.96935140011482,0.0,CD4_Tcell
41.56862261860978,-191.152141623435,0.0,CD4_Tcell
-67.63927077146946,-217.37276951332032,0.0,CD4_Tcell
-360.4458984525045,-118.45367307486609,0.0,CD4_Tcell
297.17337329617027,103.10341290399683,0.0,CD4_Tcell
-101.04325045616464,-332.50361065632495,0.0,CD4_Tcell
-22.57170761534182,-310.6539745948843,0.0,CD4_Tcell
-329.41169271958137,-212.71146842858715,0.0,CD4_Tcell
124.23507334556884,224.21336964814188,0.0,CD4_Tcell
261.7206528435997,-98.61009352121191,0.0,CD4_Tcell
228.13277966226588,224.52886763179018,0.0,CD4_Tcell
397.86366521011047,10.575919966532586,0.0,CD4_Tcell
277.37589684363587,66.16457923994217,0.0,CD4_Tcell
-9.576375669594917,-261.3868822518522,0.0,CD4_Tcell
324.5810758802286,-69.74476530268433,0.0,CD4_Tcell
286.522651830818,245.25287905175202,0.0,CD4_Tcell
-181.97607888127206,-337.8299606454876,0.0,CD4_Tcell
368.46992673471874,100.84190225155245,0.0,CD4_Tcell
66.79167635533294,-176.3366259440567,0.0,CD4_Tcell
244.9547248870116,-121.87694664720254,0.0,CD4_Tcell
34.78953803195648,-61.343070786736966,0.0,CD4_Tcell
-20.967496461269988,-139.46871913242563,0.0,CD4_Tcell
-87.54971792763438,314.53731112938306,0.0,CD4_Tcell
254.33823282152056,139.0679704278388,0.0,CD4_Tcell
83.1582668022157,262.9805469337331,0.0,CD4_Tcell
35.42448705336299,-204.95826387200037,0.0,CD4_Tcell
-281.903631581888,-101.66747584527394,0.0,CD4_Tcell
100.09061002673936,-299.43161993115336,0.0,CD4_Tcell
73.3708901613613,50.69972147104689,0.0,CD4_Tcell
289.56783834450357,268.82180127120523,0.0,CD4_Tcell
-245.61995033768105,248.46614715040596,0.0,CD4_Tcell
-353.2921889782483,-142.9582914455799,0.0,CD4_Tcell
-60.44004358305263,294.1845556656856,0.0,CD4_Tcell
-16.042976555745113,14.03434474238364,0.0,CD4_Tcell
-237.41725745334134,194.5789482222464,0.0,CD4_Tcell
-26.66009321949599,139.20415944217677,0.0,CD4_Tcell
104.09409434682215,254.6773522395889,0.0,CD4_Tcell
-148.73306138761072,-343.55898902506374,0.0,CD4_Tcell
174.90368274443756,73.36124693069101,0.0,CD4_Tcell
97.97068730807918,113.49963885548756,0.0,CD4_Tcell
-118.60495264299611,-183.6429519659462,0.0,CD4_Tcell
-229.2490827073094,-97.84076346375687,0.0,CD4_Tcell
200.3037160251535,229.7986284633343,0.0,CD4_Tcell
-162.81320603627992,284.6892616777368,0.0,CD4_Tcell
-4.764912511459157,-259.2634272448782,0.0,CD4_Tcell
176.6390150302624,134.3284656352522,0.0,CD4_Tcell
-109.69772063187106,-337.48684712979224,0.0,CD4_Tcell
139.23837389389564,211.40417638559242,0.0,CD4_Tcell
-21.952358949643205,46.90662441352492,0.0,CD4_Tcell
-321.78930041750107,222.703952149954,0.0,CD4_Tcell
169.67683209964508,-354.7386776327976,0.0,CD4_Tcell
-261.4339855265078,157.28620248969096,0.0,CD4_Tcell
184.8351975525694,260.23922484808077,0.0,CD4_Tcell
32.50952418581133,-60.275098437825974,0.0,CD4_Tcell
76.65303478626434,272.75911109802144,0.0,CD4_Tcell
29.871737149499875,76.06469841012758,0.0,CD4_Tcell
-138.47599705006803,-270.2995247182289,0.0,CD4_Tcell
334.67769560511465,17.496957102067675,0.0,CD4_Tcell
-147.50015319554035,299.9662796609973,0.0,CD4_Tcell
-1.89134661603209,174.85175484517637,0.0,CD4_Tcell
10.53307886857666,29.619610980014862,0.0,CD4_Tcell
93.05766597317586,-319.62458750562246,0.0,CD4_Tcell
315.9973358703967,91.75591848307245,0.0,CD4_Tcell
-247.4253663231544,-194.7064491733837,0.0,CD4_Tcell
-150.86013114384326,172.0969566319935,0.0,CD4_Tcell
-358.9468794218205,96.14711103741422,0.0,CD4_Tcell
-140.99750863725507,-250.4053933842919,0.0,CD4_Tcell
-31.488258064734858,219.88016165961386,0.0,CD4_Tcell
262.94189888298763,-41.34219516896777,0.0,CD4_Tcell
61.19612173133087,171.21951327987048,0.0,CD4_Tcell
255.85079717139945,-245.70340546469725,0.0,CD4_Tcell
-302.1323592320415,140.26581727998771,0.0,CD4_Tcell
30.574531366207534,220.1802118660991,0.0,CD4_Tcell
-22.82091535476993,-302.4366179322113,0.0,CD4_Tcell
-41.159605035417485,-217.63934499005887,0.0,CD4_Tcell
199.2923115103836,-32.12670417385496,0.0,CD4_Tcell
-223.38335747477564,-8.013669619904663,0.0,CD4_Tcell
274.1526731519339,-250.35116553688079,0.0,CD4_Tcell
-244.23802970357872,165.5258409135671,0.0,CD4_Tcell
-38.05058337160015,86.25821741631661,0.0,CD4_Tcell
195.87490029876432,-90.01891965081155,0.0,CD4_Tcell
123.91710264593715,19.244743688098925,0.0,CD4_Tcell
162.11397781787548,182.5695773522968,0.0,CD4_Tcell
203.11388673447743,-106.94263087582773,0.0,CD4_Tcell
-133.79149004727626,217.8105375788033,0.0,CD4_Tcell
123.8394549980915,124.78159192950964,0.0,CD4_Tcell
-60.98941623814383,-30.80285284576103,0.0,CD4_Tcell
-71.7526416451978,327.3716420140842,0.0,CD4_Tcell
-222.8178445241264,-305.9482639328178,0.0,CD4_Tcell
69.85005062549536,371.3111460296761,0.0,CD4_Tcell
353.40367852087576,132.65845602758213,0.0,CD4_Tcell
392.45081131052495,-31.07340389817581,0.0,CD4_Tcell
-211.12186158794827,-276.54406019835034,0.0,CD4_Tcell
-21.82198487900753,334.5114487008287,0.0,CD4_Tcell
238.26462156851193,-220.5919659491728,0.0,CD4_Tcell
-159.79829715209277,-102.25923613743709,0.0,CD4_Tcell
-171.90630749068197,170.63216749840922,0.0,CD4_Tcell
253.17962293352247,160.1589718931965,0.0,CD4_Tcell
-56.76596881804318,323.9087660946225,0.0,CD4_Tcell
-196.16643500940674,-287.02883103672355,0.0,CD4_Tcell
-218.6909526700212,12.106306889278331,0.0,CD4_Tcell
290.5980244903602,51.206150908712985,0.0,CD4_Tcell
315.6445585077859,44.42489643828758,0.0,CD4_Tcell
-171.16637016154462,214.25563417098806,0.0,CD4_Tcell
152.71206095115903,308.367960279646,0.0,CD4_Tcell
-208.8079616428651,-244.74820119800575,0.0,CD4_Tcell
227.4543800643086,305.4804479844068,0.0,CD4_Tcell
-72.50082048302923,-294.37961466966317,0.0,CD4_Tcell
33.9754591152042,-155.9865283064976,0.0,CD4_Tcell
-150.6330221650407,-84.24477945500401,0.0,CD4_Tcell
-150.37980726212265,118.88051402781015,0.0,CD4_Tcell
106.46388188859531,-384.4518003557468,0.0,CD4_Tcell
-321.26492581606135,33.46346442201075,0.0,CD4_Tcell
-136.8530719553752,182.68641809962276,0.0,CD4_Tcell
3.7484944596203906,112.54287100242404,0.0,CD4_Tcell
-181.92819499061306,-261.56272858406527,0.0,CD4_Tcell
-243.1459033196053,93.28055515961485,0.0,CD4_Tcell
238.74485854581582,121.57542812699215,0.0,CD4_Tcell
-270.3756126088657,-35.722175475654396,0.0,CD4_Tcell
-322.02816898209545,-21.365802041412437,0.0,CD4_Tcell
11.927467204289671,337.64916181851726,0.0,CD4_Tcell
-253.4875774779322,-43.50160512783706,0.0,CD4_Tcell
-107.73561431691503,345.95156521706963,0.0,CD4_Tcell
322.1870582946594,41.28595487150889,0.0,CD4_Tcell
127.41325896145011,-11.368013291745278,0.0,CD4_Tcell
-208.40499800363253,-198.64419661199872,0.0,CD4_Tcell
151.61138553549108,-42.4543123901132,0.0,CD4_Tcell
-303.1947461550424,-0.2997157067758622,0.0,CD4_Tcell
-49.96574458900282,-59.23890390199303,0.0,CD4_Tcell
99.22146567469147,-133.3824062793488,0.0,CD4_Tcell
-112.31938771711367,-349.20329646492803,0.0,CD4_Tcell
316.7202803183842,233.7395947170876,0.0,CD4_Tcell
193.0806752401334,-88.42939655922933,0.0,CD4_Tcell
-77.68115405074035,-65.072542557446,0.0,CD4_Tcell
-213.17121100005747,-328.20357216722846,0.0,CD4_Tcell
-312.61681338210235,26.8135321609241,0.0,CD4_Tcell
-339.7219626195208,-169.89199307535898,0.0,CD4_Tcell
21.937293373274183,-209.27920317147823,0.0,CD4_Tcell
-40.08848400241794,79.41319761737091,0.0,CD4_Tcell
-274.4202121844405,-179.37283003253404,0.0,CD4_Tcell
112.39580868005771,-353.2159465660446,0.0,CD4_Tcell
-286.5669516976002,236.42241596561053,0.0,CD4_Tcell
-39.84911362694681,-153.3471830463209,0.0,CD4_Tcell
215.45954024113806,-105.28824955105772,0.0,CD4_Tcell
106.67830407114323,-0.539747592122864,0.0,CD4_Tcell
-222.627347512587,-323.3650571322691,0.0,CD4_Tcell
231.6764955275464,305.2432989948845,0.0,CD4_Tcell
-97.0654062663839,264.2063574579401,0.0,CD4_Tcell
-135.45999719891597,-306.2532733374633,0.0,CD4_Tcell
220.77626291864854,-298.0352074428473,0.0,CD4_Tcell
257.9116985310986,-4.42200154725305,0.0,CD4_Tcell
-162.42802382893638,-39.963517231616414,0.0,CD4_Tcell
-91.19659871524074,373.9423774205907,0.0,CD4_Tcell
-213.68948955955494,66.83048005485169,0.0,CD4_Tcell
-159.3356651302146,299.9424102696047,0.0,CD4_Tcell
-284.26052995801234,220.32787222255627,0.0,CD4_Tcell
-197.86519093120515,-248.92274409734924,0.0,CD4_Tcell
282.67253972540294,103.71194526718448,0.0,CD4_Tcell
-34.22848055977738,-95.67166032014943,0.0,CD4_Tcell
187.38259155794145,-323.02544123025876,0.0,CD4_Tcell
202.97372411576697,185.1442197785406,0.0,CD4_Tcell
363.6088555947523,-128.33044170966807,0.0,CD4_Tcell
-322.8144133626147,-162.98098654917058,0.0,CD4_Tcell
169.88261715232787,-304.52877512456973,0.0,CD4_Tcell
242.69573744963944,217.21188723138204,0.0,CD4_Tcell
49.8493767295552,-34.42133476200996,0.0,CD4_Tcell
-308.07635093932964,55.235492219179,0.0,CD4_Tcell
-263.9644255615507,40.22000409638167,0.0,CD4_Tcell
100.7804637740584,370.23083665695003,0.0,CD4_Tcell
-202.18068348249412,-148.18507899832295,0.0,CD4_Tcell
-45.541512586584744,333.8620964008041,0.0,CD4_Tcell
292.27234660999324,0.9793161153819352,0.0,CD4_Tcell
-300.9418195562642,-107.82445912437831,0.0,CD4_Tcell
181.7113192978825,-144.82025545646107,0.0,CD4_Tcell
257.6666579017194,267.0303352333479,0.0,CD4_Tcell
315.526576258523,15.39700493406998,0.0,CD4_Tcell
257.4379417675892,-138.4980722593511,0.0,CD4_Tcell
166.83703351261755,68.16530037997559,0.0,CD4_Tcell
159.44578309704934,333.57375433750013,0.0,CD4_Tcell
175.43264113451735,-31.407475232463362,0.0,CD4_Tcell
310.92237438019333,-152.65495576267008,0.0,CD4_Tcell
-292.529842811146,-151.74220699944658,0.0,CD4_Tcell
-216.1568903073047,-262.1592669404178,0.0,CD4_Tcell
-58.50569761786175,-240.8289156355435,0.0,CD4_Tcell
89.30403999551098,182.90294572450622,0.0,CD4_Tcell
237.3542078312107,244.22211506302415,0.0,CD4_Tcell
-126.30188256606799,-360.7210895196652,0.0,CD4_Tcell
-328.13873600153624,178.84357791058298,0.0,CD4_Tcell
86.6875569568179,-160.33392408119465,0.0,CD4_Tcell
-319.6715632821856,27.609022248579492,0.0,CD4_Tcell
226.1869339443024,145.8297123130056,0.0,CD4_Tcell
112.07802571936656,142.10983296360308,0.0,CD4_Tcell
35.48079026243827,52.00720728474797,0.0,CD4_Tcell
112.68524195167406,289.2260451544012,0.0,CD4_Tcell
367.70861013183446,50.27870208791473,0.0,CD4_Tcell
3.333700651641089,181.9690951956465,0.0,CD4_Tcell
-364.8573460089512,-64.71773159132714,0.0,CD4_Tcell
250.2270604136772,189.01382583077,0.0,CD4_Tcell
274.9646627331246,280.07619978550844,0.0,CD4_Tcell
-133.68372514539973,-194.6481899077167,0.0,CD4_Tcell
90.602150018943,-151.89019995442632,0.0,CD4_Tcell
16.815874433958292,-367.13225414605745,0.0,CD4_Tcell
-95.88699942250288,325.30730641377556,0.0,CD4_Tcell
-35.063967308994656,-292.52894973225887,0.0,CD4_Tcell
317.33118795184265,199.27558197336847,0.0,CD4_Tcell
323.3270470421303,-229.68352352831317,0.0,CD4_Tcell
351.9615957303452,181.9770399710695,0.0,CD4_Tcell
22.3675549840053,-102.15478246487454,0.0,CD4_Tcell
-246.08713535619168,86.37890780867819,0.0,CD4_Tcell
109.10483808562465,137.86829402296843,0.0,CD4_Tcell
310.4179615425256,40.55895210487726,0.0,CD4_Tcell
-280.36803333814447,110.79075685145807,0.0,CD4_Tcell
56.91198250533188,-57.64385987390904,0.0,CD4_Tcell
-65.42220072678123,-376.96734979107515,0.0,CD4_Tcell
-236.06095220747483,234.7440733284047,0.0,CD4_Tcell
204.34553278130502,-55.131792527010916,0.0,CD4_Tcell
-81.93446210510612,-237.81312056671263,0.0,CD4_Tcell
130.11674525097058,-327.11640774717637,0.0,CD4_Tcell
-105.72612600645319,-90.02658196377054,0.0,CD4_Tcell
99.66176939677423,120.1559732244914,0.0,CD4_Tcell
70.53265389370016,-260.6994483057657,0.0,CD4_Tcell
316.4339601955327,165.8651703819143,0.0,CD4_Tcell
204.7929424332435,36.86561364017767,0.0,CD4_Tcell
176.43584103100082,-66.64866455120539,0.0,CD4_Tcell
-142.52348909080465,309.8868975214336,0.0,CD4_Tcell
201.2398484939457,196.38929869933736,0.0,CD4_Tcell
201.75778231816017,315.7653355082832,0.0,CD4_Tcell
-314.8287747158388,-229.26627483854838,0.0,CD4_Tcell
200.050116545231,285.62775715725456,0.0,CD4_Tcell
249.81617961515153,64.38790290024215,0.0,CD4_Tcell
182.82944398224106,67.43961854410651,0.0,CD4_Tcell
363.05316655678536,-36.309803024010314,0.0,CD4_Tcell
-199.949617037378,305.1077318830777,0.0,CD4_Tcell
100.00920252216909,152.98868066186063,0.0,CD4_Tcell
13.538436884913889,-16.741746223640607,0.0,CD4_Tcell
247.00504074632278,-268.9891783033254,0.0,CD4_Tcell
251.16558194612972,5.587764872931139,0.0,CD4_Tcell
271.4527742053594,-177.96975210460707,0.0,CD4_Tcell
-170.69766998579206,4.187476680627,0.0,CD4_Tcell
0.5735713138203421,43.547389342497574,0.0,CD4_Tcell
-361.5176969047395,162.45611256906935,0.0,CD4_Tcell
-365.8203417017721,-93.84868036775744,0.0,CD4_Tcell
247.99853537190134,10.930054164627014,0.0,CD4_Tcell
-47.989939376704655,156.83608855254573,0.0,CD4_Tcell
246.6371680368215,232.7650537052019,0.0,CD4_Tcell
231.78571930968693,178.35276256020495,0.0,CD4_Tcell
-210.86617340104874,-36.759739119859354,0.0,CD4_Tcell
287.5790546306588,-259.5032658506452,0.0,CD4_Tcell
-271.33123861328767,-39.37624688245825,0.0,CD4_Tcell
-58.02262709869117,140.8086977244409,0.0,CD4_Tcell
2.9049081006435546,-119.40788290028543,0.0,CD4_Tcell
-173.18559610213367,119.29455037328505,0.0,CD4_Tcell
-167.7294823410881,-211.0756184882821,0.0,CD4_Tcell
-179.95914335696614,-311.0056700135313,0.0,CD4_Tcell
169.4919674207925,334.91624511565584,0.0,CD4_Tcell
-388.17481564833304,34.03697598948766,0.0,CD4_Tcell
-67.46779837337496,336.48143357832066,0.0,CD4_Tcell
125.70875756088081,85.97933037382231,0.0,CD4_Tcell
-291.45884003471843,227.43382927748613,0.0,CD4_Tcell
166.3235694201502,-135.00522806271502,0.0,CD4_Tcell
43.47004701651039,-370.56691235383875,0.0,CD4_Tcell
137.61208073270984,-314.043948787307,0.0,CD4_Tcell
-240.09750699505892,-196.04468476836837,0.0,CD4_Tcell
383.7032547340931,93.59766536745475,0.0,CD4_Tcell
-339.28331325717613,191.14806644677435,0.0,CD4_Tcell
17.61626825751452,-126.54673892864703,0.0,CD4_Tcell
52.62964531548689,205.09698330073354,0.0,CD4_Tcell
-241.5740307218746,16.049393200506703,0.0,CD4_Tcell
243.85287012707548,-129.66283401507835,0.0,CD4_Tcell
-362.0675108782232,-86.23635726994085,0.0,CD4_Tcell
335.90960044697584,48.49501986459544,0.0,CD4_Tcell
70.79088818911931,270.25038120418435,0.0,CD4_Tcell
11.57149400927659,129.44102641197975,0.0,CD4_Tcell
205.9909434800654,246.3720332614721,0.0,CD4_Tcell
-11.116371499043106,281.9836611963025,0.0,CD4_Tcell
195.88431183029587,-314.98164331673036,0.0,CD4_Tcell
172.55522419180613,257.6816100525076,0.0,CD4_Tcell
132.74090898515334,25.88630013340723,0.0,CD4_Tcell
221.30847776831658,-171.5874907423804,0.0,CD4_Tcell
-53.37239707555804,271.1014979012027,0.0,CD4_Tcell
72.28207262507867,380.5608159449493,0.0,CD4_Tcell
-216.842340958839,334.2819255642389,0.0,CD4_Tcell
-106.08791810042308,214.34748949666331,0.0,CD4_Tcell
214.1909823646992,332.4419805792198,0.0,CD4_Tcell
-210.325428954585,130.81041549746075,0.0,CD4_Tcell
-84.89179447465182,205.12391424226288,0.0,CD4_Tcell
387.71493219661306,33.46456917770327,0.0,CD4_Tcell
3.898698277569232,-8.194322942709606,0.0,CD4_Tcell
99.38145287693845,215.9755948889458,0.0,CD4_Tcell
288.7529937441148,-32.14725910757551,0.0,CD4_Tcell
279.07123135280614,-87.03299895763232,0.0,CD4_Tcell
278.81649375100204,144.06425235580298,0.0,CD4_Tcell
65.41883962762113,-289.0134163716119,0.0,CD4_Tcell
-369.4193403605525,-35.53431796673882,0.0,CD4_Tcell
83.81858030020057,-271.9850199162998,0.0,CD4_Tcell
99.30489207792152,-157.34034309375264,0.0,CD4_Tcell
184.903571059367,-222.64946686764398,0.0,CD4_Tcell
307.50225323267074,204.6039590937623,0.0,CD4_Tcell
-185.2175088095127,337.84340604016046,0.0,CD4_Tcell
-228.7234010082481,42.73419681449262,0.0,CD4_Tcell
286.2068295500047,-22.79218210865064,0.0,CD4_Tcell
-160.04578722102343,305.0114457085227,0.0,CD4_Tcell
-342.68190123158195,197.14680022936383,0.0,CD4_Tcell
153.63071538139712,334.6620644447132,0.0,CD4_Tcell
261.4601677999318,129.49025693015832,0.0,CD4_Tcell
-221.40415113989627,-125.75609034857821,0.0,CD4_Tcell
-264.84638770461777,-45.80750817846873,0.0,CD4_Tcell
-230.50205255486372,-124.61246434191067,0.0,CD4_Tcell
18.27260081700199,-190.5826854160458,0.0,CD4_Tcell
-193.05286409543464,-319.054552445558,0.0,CD4_Tcell
-379.074463469378,-109.581414088893,0.0,CD4_Tcell
-93.41320443404592,-258.73435815067256,0.0,CD4_Tcell
-85.37837514557123,-243.62510721318432,0.0,CD4_Tcell
205.8231113917029,22.834763941664022,0.0,CD4_Tcell
23.796937238936483,212.58440026394484,0.0,CD4_Tcell
209.56628874263902,158.8610701740945,0.0,CD4_Tcell
267.28473751261345,32.83922172029779,0.0,CD4_Tcell
-23.24383011838564,-63.84671950948633,0.0,CD4_Tcell
42.37390158335175,11.476680855478124,0.0,CD4_Tcell
-150.622028719166,186.79394902006834,0.0,CD4_Tcell
220.688150177259,243.9648421740298,0.0,CD4_Tcell
-304.10467247619357,89.22994137967768,0.0,CD4_Tcell
3.8989113372046464,64.19688915420512,0.0,CD4_Tcell
319.2272653425537,33.0131884754012,0.0,CD4_Tcell
171.14994510526395,240.18501453528347,0.0,CD4_Tcell
-298.90631431941677,-30.426624992998413,0.0,CD4_Tcell
261.0515412476302,-267.48590593110305,0.0,CD4_Tcell
299.526902377826,147.98283178696013,0.0,CD4_Tcell
-60.75061379481962,-13.025471008023453,0.0,CD4_Tcell
118.83549043192976,292.48304569040414,0.0,CD4_Tcell
282.8919887144411,99.60833170954862,0.0,CD4_Tcell
-362.80140507289076,-41.25584004128392,0.0,CD4_Tcell
309.6765955106567,-8.973029539231364,0.0,CD4_Tcell
119.1057386717749,179.3411687255225,0.0,CD4_Tcell
140.20510471979372,-26.142914500280725,0.0,CD4_Tcell
202.88885344234328,-332.2641784855398,0.0,CD4_Tcell
-250.70111129537622,-128.63483415800755,0.0,CD4_Tcell
223.94717837515384,-275.03918482546885,0.0,CD4_Tcell
-303.18763757033713,-35.192296883368705,0.0,CD4_Tcell
-228.45821489591935,11.86981550584929,0.0,CD4_Tcell
83.51176348672092,91.457294998294,0.0,CD4_Tcell
-31.278605095726295,295.43635694979446,0.0,CD4_Tcell
-216.69786486089131,32.76175052141201,0.0,CD4_Tcell
-47.90119319115889,376.53241486679747,0.0,CD4_Tcell
297.0005174192188,264.07053375778395,0.0,CD4_Tcell
154.1608141966948,-206.3582470498407,0.0,CD4_Tcell
345.31693380658953,162.5914479314476,0.0,CD4_Tcell
32.4268259363095,-33.71234063672488,0.0,CD4_Tcell
41.297597772446565,240.84711310031983,0.0,CD4_Tcell
-158.78451341714057,138.06438280540334,0.0,CD4_Tcell
80.56646166390841,-365.865904837432,0.0,CD4_Tcell
-241.385651679324,-265.2549555740573,0.0,CD4_Tcell
12.195433616880596,229.4952530690196,0.0,CD4_Tcell
-226.1336025678532,160.9522962576176,0.0,CD4_Tcell
300.2990356409335,-191.62011627981934,0.0,CD4_Tcell
128.37055860683876,-354.2870595460748,0.0,CD4_Tcell
-139.2025019536293,293.58220605009313,0.0,CD4_Tcell
288.22659746403497,131.87348900002792,0.0,CD4_Tcell
110.53145483851486,-195.2538947537626,0.0,CD4_Tcell
186.67782370105127,-339.72550274574576,0.0,CD4_Tcell
59.91909325916601,315.02479300506934,0.0,CD4_Tcell
-233.44237415593128,255.04129631414483,0.0,CD4_Tcell
287.68972932787113,-183.65348343470265,0.0,CD4_Tcell
-98.74351961942808,-270.6172278545904,0.0,CD4_Tcell
38.76442376768539,87.1504718000904,0.0,CD4_Tcell
308.2142445408185,-22.825620809299817,0.0,CD4_Tcell
-192.19082855180147,254.356775020939,0.0,CD4_Tcell
175.4427769479792,-151.4872055426921,0.0,CD4_Tcell
7.2580686481417365,-134.87706162930058,0.0,CD4_Tcell
-158.62709740857198,182.67944064720018,0.0,CD4_Tcell
-40.35525457711923,72.95553187578116,0.0,CD4_Tcell
-179.75389336165642,334.9474598970737,0.0,CD4_Tcell
289.0454381723489,-18.743909373479838,0.0,CD4_Tcell
127.3486652697453,-212.8555871759235,0.0,CD4_Tcell
-255.16030339038923,232.65546305811415,0.0,CD4_Tcell
-121.16156213749522,187.62754251268663,0.0,CD4_Tcell
279.43451797421835,-214.9467821990052,0.0,CD4_Tcell
200.9174628326737,240.7837581152316,0.0,CD4_Tcell
-159.65450023230332,313.0351468934158,0.0,CD4_Tcell
-194.63390984622347,-335.2373706810055,0.0,CD4_Tcell
27.121298713505304,-90.0624734538849,0.0,CD4_Tcell
286.86084874489467,-70.4543665966173,0.0,CD4_Tcell
324.11235749101417,-131.72688984015102,0.0,CD4_Tcell
369.9894441106374,118.85596312724923,0.0,CD4_Tcell
-311.0830762103869,202.88037526581505,0.0,CD4_Tcell
-310.22597742035015,-25.651674214331592,0.0,CD4_Tcell
148.52492438502907,-131.64795131812184,0.0,CD4_Tcell
-154.97334115967274,87.68606702894238,0.0,CD4_Tcell
-92.92042546912428,-305.221537013391,0.0,CD4_Tcell
-35.82043651653653,65.11566204425789,0.0,CD8_Tcell
-233.44385464048958,-98.78017034725701,0.0,CD8_Tcell
-19.459589975814424,221.6200870572276,0.0,CD8_Tcell
-22.022225554534447,154.36420216163617,0.0,CD8_Tcell
287.6019093676817,128.389346407529,0.0,CD8_Tcell
94.25067965619857,-8.918737065306262,0.0,CD8_Tcell
-30.828289662369972,-112.70411275660959,0.0,CD8_Tcell
-293.8653498104127,76.60359279650864,0.0,CD8_Tcell
-64.8337393495853,-152.25265087746868,0.0,CD8_Tcell
166.7265427227835,60.333596962773925,0.0,CD8_Tcell
35.782002828154916,177.19783549960266,0.0,CD8_Tcell
-174.93177661839124,-73.14978950220774,0.0,CD8_Tcell
-148.6910495061657,-204.6909793223832,0.0,CD8_Tcell
-58.01144251318101,171.89477052669181,0.0,CD8_Tcell
-61.689297283644486,-172.82329281784524,0.0,CD8_Tcell
-322.60472896036254,-103.9167740390566,0.0,CD8_Tcell
131.43659541055177,-22.565940699643853,0.0,CD8_Tcell
-184.42793528749073,-128.63204032047673,0.0,CD8_Tcell
-268.9827251800389,241.5401530116695,0.0,CD8_Tcell
-365.8538507671133,-21.970109775865858,0.0,CD8_Tcell
13.107145275148438,-16.023248275874394,0.0,CD8_Tcell
144.80390404142003,81.26841636999251,0.0,CD8_Tcell
65.12257301873706,374.86712479736207,0.0,CD8_Tcell
-69.16290064242892,36.87092424110147,0.0,CD8_Tcell
-291.2889805980086,192.4489409162277,0.0,CD8_Tcell
77.68274983050138,155.76223789241587,0.0,CD8_Tcell
282.2842651406802,-15.895150149550265,0.0,CD8_Tcell
-245.06688835180753,136.5560343998738,0.0,CD8_Tcell
-348.30074169897006,103.40219010747164,0.0,CD8_Tcell
-152.00886453927382,261.77943651736683,0.0,CD8_Tcell
83.39053471382667,-87.69000285489321,0.0,CD8_Tcell
-309.88829512531527,-33.650835272221265,0.0,CD8_Tcell
166.49460617443907,176.03892363030693,0.0,CD8_Tcell
-306.00871747554197,-179.79512309139324,0.0,CD8_Tcell
-354.7042280596611,-1.569540254851082,0.0,CD8_Tcell
1.991307814645924,-55.312966883586995,0.0,CD8_Tcell
138.02754499878847,-165.14253856044482,0.0,CD8_Tcell
-324.09413144509466,-56.15962458345979,0.0,CD8_Tcell
137.1926189626019,277.9634251800908,0.0,CD8_Tcell
-265.9313975445424,-261.9794116067736,0.0,CD8_Tcell
32.89944319124672,-120.2602988480411,0.0,CD8_Tcell
351.2735530674022,-48.61267193624516,0.0,CD8_Tcell
-152.48745277426943,18.270311361701022,0.0,CD8_Tcell
174.74181292487646,-65.7998919392508,0.0,CD8_Tcell
-42.00643481560613,-231.41807145247594,0.0,CD8_Tcell
30.992252439106657,-291.79937482563787,0.0,CD8_Tcell
-376.1891621669196,13.487247322067761,0.0,CD8_Tcell
233.03164633784996,153.67531229814065,0.0,CD8_Tcell
-119.6891252676574,-72.95101591088616,0.0,CD8_Tcell
257.3168925773869,139.07680169203698,0.0,CD8_Tcell
192.88796863566753,163.57101317931912,0.0,CD8_Tcell
21.90498509659526,38.66840795815872,0.0,CD8_Tcell
226.93854420978263,-31.155663460648636,0.0,CD8_Tcell
-28.41215786540716,351.0255272473726,0.0,CD8_Tcell
-373.5228938145051,87.67126077946634,0.0,CD8_Tcell
41.25956759063505,185.52752826837488,0.0,CD8_Tcell
147.77140260636085,-344.6385118774492,0.0,CD8_Tcell
-71.889786929046,-274.7933148365524,0.0,CD8_Tcell
61.67507209969273,144.84998358399426,0.0,CD8_Tcell
-115.64440137821911,-308.4557393449116,0.0,CD8_Tcell
-46.12757214304259,61.1805716799095,0.0,CD8_Tcell
-261.17549512771143,-168.59354209966367,0.0,CD8_Tcell
-113.02979534862143,-337.5945046096281,0.0,CD8_Tcell
-135.25520079902233,302.96826185878695,0.0,CD8_Tcell
270.9863871271597,61.69505285503333,0.0,CD8_Tcell
248.89302888369008,-89.57217927596614,0.0,CD8_Tcell
347.6026896601219,178.6750667168964,0.0,CD8_Tcell
67.27598731257845,334.77052687202604,0.0,CD8_Tcell
-138.93800152058822,118.47613439265083,0.0,CD8_Tcell
-329.3296068483901,-83.25478213268842,0.0,CD8_Tcell
-64.44373335356946,120.76262284659163,0.0,CD8_Tcell
-147.72155128011485,150.45003876279054,0.0,CD8_Tcell
-25.927395549852335,-281.7146842905532,0.0,CD8_Tcell
178.48329866096728,-192.0066206753953,0.0,CD8_Tcell
33.52736369286263,216.00426165981258,0.0,CD8_Tcell
-285.6570642040808,116.49093166088765,0.0,CD8_Tcell
291.9200689810922,57.15283594549628,0.0,CD8_Tcell
115.95684515190248,117.95567504227046,0.0,CD8_Tcell
183.01847500854748,333.67602946551705,0.0,CD8_Tcell
-157.7738961022486,-199.18477560537386,0.0,CD8_Tcell
-70.22267916922924,223.5868970833945,0.0,CD8_Tcell
294.16333237758215,134.98040898459035,0.0,CD8_Tcell
-97.79989796290802,-356.45272086882005,0.0,CD8_Tcell
-48.49574086460023,138.81296429326972,0.0,CD8_Tcell
313.50598751741506,-101.5856734107841,0.0,CD8_Tcell
-0.0924997417611957,-52.22662881985868,0.0,CD8_Tcell
-244.92965447839512,149.70365081557446,0.0,CD8_Tcell
-225.65306044707447,-174.09968095120033,0.0,CD8_Tcell
-50.65775867892846,-368.23789152941015,0.0,CD8_Tcell
-77.79190722286239,372.5650403735895,0.0,CD8_Tcell
185.9598320528353,-242.6508849638065,0.0,CD8_Tcell
19.815048560578965,-31.245867835771733,0.0,CD8_Tcell
-23.71943798813853,-322.94852490588505,0.0,CD8_Tcell
-23.934643800818346,-71.98100225889486,0.0,CD8_Tcell
8.362993066770233,-304.92758555904294,0.0,CD8_Tcell
-82.69461804309172,36.97489970933348,0.0,CD8_Tcell
-45.87125815598788,-0.3913344544355353,0.0,CD8_Tcell
7.142692086741964,111.23770429598447,0.0,CD8_Tcell
-62.48496028725895,202.89576203719344,0.0,CD8_Tcell
-150.56256970795602,-282.2277056096332,0.0,CD8_Tcell
-112.81462162567976,354.39683531442887,0.0,CD8_Tcell
-36.455352722204516,-384.6228666624908,0.0,CD8_Tcell
-26.90047641382252,-10.960867514473371,0.0,CD8_Tcell
-114.50344013829994,197.88706452825502,0.0,CD8_Tcell
-26.872727703038873,256.39466741145895,0.0,CD8_Tcell
153.1738931426272,48.40279259467727,0.0,CD8_Tcell
-305.5995771405476,248.98517831591403,0.0,CD8_Tcell
122.35319777552348,-236.1680002797546,0.0,CD8_Tcell
-271.3681088558451,255.4748496559844,0.0,CD8_Tcell
-111.68562238103647,213.53808725487895,0.0,CD8_Tcell
92.8411615408445,327.9145809148191,0.0,CD8_Tcell
-64.1166273742025,66.27964118380599,0.0,CD8_Tcell
343.11919844578296,-42.38345154708766,0.0,CD8_Tcell
96.96650340034485,124.42660857706177,0.0,CD8_Tcell
-201.895097605074,184.9612704241627,0.0,CD8_Tcell
-343.2122909619383,96.32152081362435,0.0,CD8_Tcell
-51.123248416049655,207.78392379075171,0.0,CD8_Tcell
160.6951000255783,124.46218685934551,0.0,CD8_Tcell
-115.1954618848675,-237.0639477254865,0.0,CD8_Tcell
159.08259127728883,-258.8087702751708,0.0,CD8_Tcell
314.0805934451283,-153.53563937612603,0.0,CD8_Tcell
-44.965430703575336,202.2240008995592,0.0,CD8_Tcell
-338.2232406310598,101.09376959608696,0.0,CD8_Tcell
-207.8844598388104,-161.46451711165832,0.0,CD8_Tcell
186.45978013365985,146.66101345475678,0.0,CD8_Tcell
-145.59311536062694,-96.41399688405522,0.0,CD8_Tcell
318.2442657098472,2.430621593982907,0.0,CD8_Tcell
-189.08009000795116,211.28681816241038,0.0,CD8_Tcell
47.002501998926,-237.25886675351435,0.0,CD8_Tcell
114.8469857362669,189.3364445190146,0.0,CD8_Tcell
371.49737528674746,-94.86853935264962,0.0,CD8_Tcell
-123.37729147299163,-202.0352118690216,0.0,CD8_Tcell
97.92381037440752,-14.895665432135397,0.0,CD8_Tcell
118.11497133811152,276.064167479248,0.0,CD8_Tcell
78.10899277621509,321.1682878742739,0.0,CD8_Tcell
-100.666850225762,-298.6719142715067,0.0,CD8_Tcell
-343.38023091073876,69.22296253369932,0.0,CD8_Tcell
241.60124125260043,-276.58059617134387,0.0,CD8_Tcell
-202.89547531083943,-161.40386687631135,0.0,CD8_Tcell
-25.431624864307583,-114.50045297632286,0.0,CD8_Tcell
-340.51375336207326,-179.2039019928576,0.0,CD8_Tcell
-146.91318318040808,-115.58267955679374,0.0,CD8_Tcell
-24.0498311312776,-288.55749117350393,0.0,CD8_Tcell
-223.29395403662386,-267.12017515959695,0.0,CD8_Tcell
-11.385043451969773,-11.418715108381612,0.0,CD8_Tcell
-10.256098956718123,315.0574665968026,0.0,CD8_Tcell
29.662113542564413,-76.1301149635234,0.0,CD8_Tcell
-44.45815243898731,-162.05192976751835,0.0,CD8_Tcell
-193.45743772388735,109.53074787919151,0.0,CD8_Tcell
-70.94937584373042,-61.38558927068035,0.0,CD8_Tcell
81.72127027279771,-341.0195528138162,0.0,CD8_Tcell
159.77269068968354,333.19558539984615,0.0,CD8_Tcell
-277.6087370444071,89.69542100996344,0.0,CD8_Tcell
18.26263749342477,313.9708893650815,0.0,CD8_Tcell
-39.85365233291634,-226.94282490141364,0.0,CD8_Tcell
175.81071517634518,246.29149333253605,0.0,CD8_Tcell
-113.4376518534028,137.16297068036414,0.0,CD8_Tcell
264.0743473256649,-28.147823602148243,0.0,CD8_Tcell
350.61677460365814,106.64018293405663,0.0,CD8_Tcell
146.6282953457687,48.50999381500199,0.0,CD8_Tcell
190.73217304631052,164.99836966897655,0.0,CD8_Tcell
30.62025110827202,-321.9446544098768,0.0,CD8_Tcell
-269.04804571148026,239.6188005660079,0.0,CD8_Tcell
-111.66974555645233,-169.7987455397458,0.0,CD8_Tcell
-170.8465005763195,-341.0525473916881,0.0,CD8_Tcell
248.599428609902,183.87685137801935,0.0,CD8_Tcell
-45.26890161005578,-229.65954477725884,0.0,CD8_Tcell
166.4040989946237,9.529213080079511,0.0,CD8_Tcell
-323.7452980849197,53.70740951314094,0.0,CD8_Tcell
-296.3545535057762,147.82950265035393,0.0,CD8_Tcell
-197.7005400438725,273.75579002252573,0.0,CD8_Tcell
343.3217223406488,5.798546089039988,0.0,CD8_Tcell
-113.08767068457304,-268.529880535772,0.0,CD8_Tcell
-192.09979976096142,-234.12891800831102,0.0,CD8_Tcell
15.541646255342961,154.2601804476446,0.0,CD8_Tcell
-28.88814277618273,111.0695176816854,0.0,CD8_Tcell
-8.523489098477913,-168.26251417812549,0.0,CD8_Tcell
-70.0311416284026,155.45017216564324,0.0,CD8_Tcell
255.52381389860653,-254.2250250873538,0.0,CD8_Tcell
30.784950312162604,-78.66630045091684,0.0,CD8_Tcell
382.5046809125752,49.868345379102905,0.0,CD8_Tcell
-296.0266697613412,-96.7999772362736,0.0,CD8_Tcell
-69.60897285594832,326.95659623381107,0.0,CD8_Tcell
-351.65938905094845,60.128905764965864,0.0,CD8_Tcell
-234.2857469874695,-249.40790637715722,0.0,CD8_Tcell
-251.75848556845392,-263.05969702477296,0.0,CD8_Tcell
-254.52663383470147,-182.7411805769494,0.0,CD8_Tcell
-42.28493566299105,-333.4745807532855,0.0,CD8_Tcell
-327.7159061402314,105.63840500880204,0.0,CD8_Tcell
44.561692974318234,-224.4102109476601,0.0,CD8_Tcell
-134.50697999659906,71.96169259846276,0.0,CD8_Tcell
259.65714163622044,-232.9802832997648,0.0,CD8_Tcell
-134.8746445349146,125.55312277452657,0.0,CD8_Tcell
48.39263294164319,326.5064371700171,0.0,CD8_Tcell
-365.2481232071262,-160.25116836433668,0.0,CD8_Tcell
26.083784568226328,265.36630855112253,0.0,CD8_Tcell
-102.91776080044396,-321.80911587312954,0.0,CD8_Tcell
-178.3217593514481,-268.0504016299721,0.0,CD8_Tcell
-29.788073446712264,259.911434681082,0.0,CD8_Tcell
-274.19158487082325,75.08279136041756,0.0,CD8_Tcell
363.4150496900752,-1.0343407942648526,0.0,CD8_Tcell
-261.14200800196585,17.984112522912906,0.0,CD8_Tcell
11.820621212623273,39.95986048108232,0.0,CD8_Tcell
248.31004512124076,-233.62285619343913,0.0,CD8_Tcell
-293.3497398751671,-237.1563034464043,0.0,CD8_Tcell
-135.8460657274489,45.239306061093,0.0,CD8_Tcell
315.7564409427494,-219.7847702674809,0.0,CD8_Tcell
30.432789307939707,64.75157558529554,0.0,CD8_Tcell
86.27931229418995,301.49615394785906,0.0,CD8_Tcell
-96.43011296331835,255.3100466380589,0.0,CD8_Tcell
-203.06402836621248,-25.7150402301547,0.0,CD8_Tcell
-49.55105397761579,-76.52923463415823,0.0,CD8_Tcell
-130.13623598220929,-182.494167522888,0.0,CD8_Tcell
62.035014290785455,357.89969576789366,0.0,CD8_Tcell
-162.52928420243384,-265.5726353917591,0.0,CD8_Tcell
352.27213854527787,-86.50471479904718,0.0,CD8_Tcell
-240.47071822014027,-286.2780413024729,0.0,CD8_Tcell
-6.006792795357614,31.187779903447932,0.0,CD8_Tcell
-278.1014070131048,119.86814423606072,0.0,CD8_Tcell
231.20944893777542,28.078017788894165,0.0,CD8_Tcell
344.93559449748227,-11.861607193716967,0.0,CD8_Tcell
220.29953470696702,-99.61908383606095,0.0,CD8_Tcell
183.2862249181274,-44.56583437851439,0.0,CD8_Tcell
-8.224089434985085,-107.4245653921181,0.0,CD8_Tcell
-181.5258679595931,-27.233674276088017,0.0,CD8_Tcell
246.76723893671462,56.9319884211901,0.0,CD8_Tcell
199.23564707947625,81.64615032105486,0.0,CD8_Tcell
369.37016898994085,0.8323175130688042,0.0,CD8_Tcell
-65.61142653297748,11.463268774846547,0.0,CD8_Tcell
-147.574536861425,-124.61868664798222,0.0,CD8_Tcell
-387.9885374329502,59.3244206990507,0.0,CD8_Tcell
-366.85322474920747,70.88418039511583,0.0,CD8_Tcell
201.84861234613953,-259.50768727287436,0.0,CD8_Tcell
-141.33905389840774,-246.54782766269997,0.0,CD8_Tcell
255.0097601138231,225.1776986313514,0.0,CD8_Tcell
126.6404377979678,192.46887321368993,0.0,CD8_Tcell
-169.25155637847553,-247.91030520957736,0.0,CD8_Tcell
61.46191847913665,232.01822201903022,0.0,CD8_Tcell
-50.72290385488442,294.62969162277864,0.0,CD8_Tcell
-18.14308853339685,-352.30286288335725,0.0,CD8_Tcell
-96.33024315229355,159.87593204469042,0.0,CD8_Tcell
-360.40142118724646,148.19489322323358,0.0,CD8_Tcell
89.48617156968457,-70.76547401925187,0.0,CD8_Tcell
305.59680110627625,43.485293917601986,0.0,CD8_Tcell
-225.4255565558166,108.52204531371741,0.0,CD8_Tcell
239.04899296010973,-173.15742707579142,0.0,CD8_Tcell
11.96472262751329,-67.8581771499264,0.0,CD8_Tcell
-199.36476592343246,124.20317989774945,0.0,CD8_Tcell
160.25202427598063,20.305201684647745,0.0,CD8_Tcell
-113.5637581275902,-37.644138164001404,0.0,CD8_Tcell
-39.41552763442429,-40.70977672991202,0.0,CD8_Tcell
122.2036536716505,360.15050607898934,0.0,CD8_Tcell
-83.84616527750693,204.48809508176603,0.0,CD8_Tcell
245.71793924397087,-23.32004280029444,0.0,CD8_Tcell
112.38513294041178,-68.62710629893556,0.0,CD8_Tcell
131.35928927755964,371.95940046668574,0.0,CD8_Tcell
135.77470539697796,-29.050033317673282,0.0,CD8_Tcell
-83.30111446599139,194.45807077542372,0.0,CD8_Tcell
20.95476068041936,343.8788911910986,0.0,CD8_Tcell
311.03040065596934,-134.287716454673,0.0,CD8_Tcell
-373.1453728546108,-15.216540391288891,0.0,CD8_Tcell
-73.52622498292025,49.61438359302813,0.0,CD8_Tcell
-75.86210094610459,-228.08189336893003,0.0,CD8_Tcell
-270.5469241029901,223.10209332989612,0.0,CD8_Tcell
234.77941434462673,-15.457431453363842,0.0,CD8_Tcell
134.68141996450777,-24.715100057969185,0.0,CD8_Tcell
-361.3228460758327,-94.9799143308107,0.0,CD8_Tcell
-110.93863933086256,114.00970335530533,0.0,CD8_Tcell
186.82643952578238,171.24414671407138,0.0,CD8_Tcell
-4.162172483346692,-76.84925867781446,0.0,CD8_Tcell
20.55932111486006,96.62326752358959,0.0,CD8_Tcell
122.67614490734383,-130.70115432606354,0.0,CD8_Tcell
-6.8967368000641445,105.29758774517177,0.0,CD8_Tcell
364.0414876259569,-32.32190487473208,0.0,CD8_Tcell
-173.94782059821526,-218.73234189333002,0.0,CD8_Tcell
-233.5157845887751,-291.27424744522426,0.0,CD8_Tcell
-178.65826512751806,157.1702043849306,0.0,CD8_Tcell
-180.27067051078674,-114.70185193343325,0.0,CD8_Tcell
2.6136046758198885,80.62495628589387,0.0,CD8_Tcell
-250.447512381357,115.77456022847755,0.0,CD8_Tcell
-46.66618532776119,-157.2765417954827,0.0,CD8_Tcell
-193.6460470681114,-285.0896920478194,0.0,CD8_Tcell
-299.8045991357304,-7.284476752464923,0.0,CD8_Tcell
-349.16745879494607,84.33387445038144,0.0,CD8_Tcell
-100.20213667910186,-339.3998220236721,0.0,CD8_Tcell
231.4261898507548,213.5099543482671,0.0,CD8_Tcell
165.3299998119865,242.7177663922915,0.0,CD8_Tcell
-73.31330759222593,-92.987094123839,0.0,CD8_Tcell
23.672195655791,-283.7129784007609,0.0,CD8_Tcell
-348.8681499526445,-126.78738916389224,0.0,CD8_Tcell
29.70501840674855,-240.91554277243966,0.0,CD8_Tcell
87.76641031188139,-371.68730336708677,0.0,CD8_Tcell
42.526305917642404,-87.19484132100696,0.0,CD8_Tcell
-37.5412562069828,128.04757728776835,0.0,CD8_Tcell
117.60624896687511,-359.5273696589584,0.0,CD8_Tcell
-183.55100014588044,-119.4189706661996,0.0,CD8_Tcell
103.98533420608703,-132.21064074619687,0.0,CD8_Tcell
189.51897444015964,135.9266272670639,0.0,CD8_Tcell
-138.13946789070457,-123.42762954434754,0.0,CD8_Tcell
-269.40420164776623,-70.33556499208285,0.0,CD8_Tcell
-124.81663907757516,333.0080411351641,0.0,CD8_Tcell
200.4797593515256,281.90984316657483,0.0,CD8_Tcell
-46.203721072105736,300.52970788136855,0.0,CD8_Tcell
340.0802155634736,-197.86075443871746,0.0,CD8_Tcell
246.9665821267405,128.72613879049766,0.0,CD8_Tcell
253.20087669951968,178.24821835894636,0.0,CD8_Tcell
-249.47586005165624,-146.04796256932508,0.0,CD8_Tcell
155.07412152660837,167.16887244726033,0.0,CD8_Tcell
284.6548336700409,-112.33068753035214,0.0,CD8_Tcell
54.3356133679703,230.4727698570789,0.0,CD8_Tcell
269.1059250830679,-244.52847662211053,0.0,CD8_Tcell
-366.6455431871917,-126.21149721530051,0.0,CD8_Tcell
-258.486355431357,-106.8535068359376,0.0,CD8_Tcell
92.55282726667332,39.94525988350202,0.0,CD8_Tcell
-38.046868313849366,-322.86517444190474,0.0,CD8_Tcell
-184.8884887268398,165.62251441017824,0.0,CD8_Tcell
-328.93064083478913,198.68752987448204,0.0,CD8_Tcell
-380.5039632981963,45.56290245023145,0.0,CD8_Tcell
266.34904140133364,-40.43941483822742,0.0,CD8_Tcell
70.24281846026936,373.84931865024026,0.0,CD8_Tcell
181.51441829973737,-78.87102131948772,0.0,CD8_Tcell
-53.17341246193617,-108.5002582875549,0.0,CD8_Tcell
-350.4935394100926,20.27783022989802,0.0,CD8_Tcell
180.52784035280075,245.8177026149861,0.0,CD8_Tcell
-57.40610758138037,-359.6265456049698,0.0,CD8_Tcell
-241.98180150966007,-272.1785380054308,0.0,CD8_Tcell
-67.78167038190284,284.19414144417436,0.0,CD8_Tcell
298.8689961105536,54.363638217615964,0.0,CD8_Tcell
-139.49643393007554,-81.38348444311006,0.0,CD8_Tcell
57.85283822590707,352.5791065359051,0.0,CD8_Tcell
223.20826734621664,-282.5892646960718,0.0,CD8_Tcell
270.42304097452825,99.401570274917,0.0,CD8_Tcell
149.64354194131383,251.77168742106534,0.0,CD8_Tcell
117.8007512719818,142.8554119283193,0.0,CD8_Tcell
355.31034298152207,-15.596751683760315,0.0,CD8_Tcell
15.687412268819347,161.69149590039967,0.0,CD8_Tcell
194.87263808624806,112.54945785919736,0.0,CD8_Tcell
173.89990984812306,-6.314169584528931,0.0,CD8_Tcell
134.91431690353255,-146.09436211002247,0.0,CD8_Tcell
59.95065481476649,103.91909288293995,0.0,CD8_Tcell
-94.67782134548614,346.18090558343096,0.0,CD8_Tcell
-145.5332980348669,-282.5352870267833,0.0,CD8_Tcell
53.9196505604874,310.3750569257092,0.0,CD8_Tcell
241.4922242566558,261.56761104629777,0.0,CD8_Tcell
-250.45834615440143,11.675471158393217,0.0,CD8_Tcell
53.45828738069216,-243.70444226362773,0.0,CD8_Tcell
107.21521612521484,-367.75567409947996,0.0,CD8_Tcell
-4.225607392202374,91.55738498272844,0.0,CD8_Tcell
283.9898315532799,115.68366320438265,0.0,CD8_Tcell
165.18951201984092,99.71583114971006,0.0,CD8_Tcell
-3.7068491378674757,-304.16674566895057,0.0,CD8_Tcell
-266.11876931615876,187.11719304058244,0.0,CD8_Tcell
-321.9903435282245,140.49169341629548,0.0,CD8_Tcell
-351.7275479231758,-32.2085113346714,0.0,CD8_Tcell
-60.85897915159509,104.48726503588888,0.0,CD8_Tcell
-100.56311365590877,17.364138800576807,0.0,CD8_Tcell
-205.77415344791783,111.60962264794233,0.0,CD8_Tcell
163.5841429142452,246.697267436462,0.0,CD8_Tcell
-305.1989288047766,-11.339961876954021,0.0,CD8_Tcell
223.39920680561158,157.24363116698865,0.0,CD8_Tcell
-281.7295560533674,-185.08372769053116,0.0,CD8_Tcell
-263.0126374669061,-35.799843510488486,0.0,CD8_Tcell
14.257485292623546,-215.6144778235415,0.0,CD8_Tcell
121.74489930364284,88.94925478569859,0.0,CD8_Tcell
-143.00694187266674,315.6420503698152,0.0,CD8_Tcell
145.25905088470788,-23.585616341618667,0.0,CD8_Tcell
-46.10110035210425,-134.41187767771416,0.0,CD8_Tcell
6.58393615288188,-343.2696884795211,0.0,CD8_Tcell
-331.87185367403885,-155.49907757444765,0.0,CD8_Tcell
245.9425996576633,-37.94487981780942,0.0,CD8_Tcell
324.0612057285155,-62.797854319241864,0.0,CD8_Tcell
-136.50721687229134,-256.22929376554606,0.0,CD8_Tcell
267.8567427569933,63.55620368628196,0.0,CD8_Tcell
116.9832974028074,-60.58233189255499,0.0,CD8_Tcell
336.84339827291967,15.964717308554455,0.0,CD8_Tcell
-248.13817700267256,-71.9989589193999,0.0,CD8_Tcell
-245.63158236502187,79.56322064192999,0.0,CD8_Tcell
-109.07105914533226,133.69227374769227,0.0,CD8_Tcell
14.327659402020878,358.69075369734173,0.0,CD8_Tcell
-16.32780954031788,-320.6343198127769,0.0,CD8_Tcell
-274.49871094440385,124.8459532280502,0.0,CD8_Tcell
-386.7809183441699,-40.58327498457168,0.0,CD8_Tcell
-94.37908314131064,155.9188627770403,0.0,CD8_Tcell
146.4634568642571,348.36199877175954,0.0,CD8_Tcell
-18.08004692384459,-16.12197485171339,0.0,CD8_Tcell
262.298300250143,-165.7478749845198,0.0,CD8_Tcell
-193.12791053256976,184.75890290609368,0.0,CD8_Tcell
-121.99569304562523,-61.124915767330805,0.0,CD8_Tcell
-11.054799931236026,-7.074948174098662,0.0,CD8_Tcell
-71.41100390328529,169.7663447113985,0.0,CD8_Tcell
-181.29676849222355,-54.182214965804754,0.0,CD8_Tcell
-75.58437172964719,260.1960856898104,0.0,CD8_Tcell
106.4160043552761,58.272338445588424,0.0,CD8_Tcell
-228.10916580692168,11.218181849655641,0.0,CD8_Tcell
-257.3479360352991,-230.79429160817776,0.0,CD8_Tcell
30.082612031827267,318.10843500434237,0.0,CD8_Tcell
142.09888942972012,191.11593276612766,0.0,CD8_Tcell
58.09248727868487,222.1510331659771,0.0,CD8_Tcell
209.25428847027428,8.554630817509704,0.0,CD8_Tcell
-219.95661232196701,266.36631676775806,0.0,CD8_Tcell
85.55563901560586,-11.193419575144194,0.0,CD8_Tcell
121.78847951309157,129.87740568154604,0.0,CD8_Tcell
-140.93139354264886,-16.841812895293252,0.0,CD8_Tcell
182.67764396839303,-36.66041419287347,0.0,CD8_Tcell
-24.358738012639428,368.56371407413275,0.0,CD8_Tcell
-92.93849611014733,-306.19983702733833,0.0,CD8_Tcell
294.18846378760384,-46.13253545392428,0.0,CD8_Tcell
96.93789618219375,276.4553037313684,0.0,CD8_Tcell
104.63723894441428,63.792447441906496,0.0,CD8_Tcell
-253.74687922600572,167.34893117642642,0.0,CD8_Tcell
297.4331771291793,169.85449947917323,0.0,CD8_Tcell
-204.9538143535615,-251.37027313690177,0.0,CD8_Tcell
174.73824756849757,105.7724768672666,0.0,CD8_Tcell
-7.704503407570876,-379.0933436189871,0.0,CD8_Tcell
341.66399542333966,124.37665379704787,0.0,CD8_Tcell
-31.03909617408688,-123.00501333037252,0.0,CD8_Tcell
105.04569877880374,-24.973646910843232,0.0,CD8_Tcell
-278.87739038315885,183.97801156608386,0.0,CD8_Tcell
92.2712641330634,141.44495365088451,0.0,CD8_Tcell
36.12451150648936,233.49426849294258,0.0,CD8_Tcell
-249.52135376542034,-108.87948115252439,0.0,CD8_Tcell
-305.79921027267693,142.3693817220996,0.0,CD8_Tcell
-25.527464527028858,-51.19992928345178,0.0,CD8_Tcell
43.18399561684797,-107.94564138079714,0.0,CD8_Tcell
-71.96570712268668,-318.76363253506537,0.0,CD8_Tcell
264.81946706831826,-259.0719817936976,0.0,CD8_Tcell
-58.74293381114469,-145.5713165511015,0.0,CD8_Tcell
-272.3391158592485,8.514179950277546,0.0,CD8_Tcell
292.3313898981125,6.8263967847894715,0.0,CD8_Tcell
-166.87569385239107,-352.98615716645355,0.0,CD8_Tcell
-182.25092205485984,-299.2454602583694,0.0,CD8_Tcell
231.7356122763107,29.321177853,0.0,CD8_Tcell
91.75589769775108,96.2489030437809,0.0,CD8_Tcell
-288.7983730171677,-238.3167466540161,0.0,CD8_Tcell
-33.175293669781254,175.48639809569988,0.0,CD8_Tcell
-195.40884859175884,4.116878864431781,0.0,CD8_Tcell
-101.30385214704465,-11.173716381696606,0.0,CD8_Tcell
31.614636192677946,81.61274457901784,0.0,CD8_Tcell
121.64346634033306,209.0239581333177,0.0,CD8_Tcell
-86.83740301746984,179.5929114227692,0.0,CD8_Tcell
213.18101806067145,10.653651584540587,0.0,CD8_Tcell
267.0484994226932,208.75222599603458,0.0,CD8_Tcell
346.50948734653343,66.71766648386378,0.0,CD8_Tcell
109.02879474980142,154.16778868163493,0.0,CD8_Tcell
46.84129908727044,-294.50678988356844,0.0,CD8_Tcell
-257.12364086545716,137.9101635476256,0.0,CD8_Tcell
133.17667405818878,312.64171263277103,0.0,CD8_Tcell
-108.01218403284206,-372.1959424551469,0.0,CD8_Tcell
240.66279892398964,56.10892234671397,0.0,CD8_Tcell
334.3150214142998,115.3994911115158,0.0,CD8_Tcell
233.46568645754326,-170.81394441375573,0.0,CD8_Tcell
19.519986972045945,-361.8980302717865,0.0,CD8_Tcell
50.158147592259446,229.05979245422387,0.0,CD8_Tcell
-7.683935107201998,-173.13786899415027,0.0,CD8_Tcell
108.86006259125313,47.89530906862615,0.0,CD8_Tcell
-162.75671987385684,136.74030933355075,0.0,CD8_Tcell
-289.8906359113638,84.32131610856544,0.0,CD8_Tcell
364.4640227462212,157.64612500467118,0.0,CD8_Tcell
195.65525013665223,-237.51595286343334,0.0,CD8_Tcell
-49.033739232469514,99.73463863097182,0.0,CD8_Tcell
-191.0727972813828,262.05530277387635,0.0,CD8_Tcell
-120.13549435514014,151.07929205532457,0.0,CD8_Tcell
154.31658076826537,367.6738224925323,0.0,CD8_Tcell
378.0732305669615,1.5704668243667628,0.0,CD8_Tcell
279.59003601958426,-133.22510642773722,0.0,CD8_Tcell
-363.1777270805624,-23.106092304430305,0.0,CD8_Tcell
164.47870669447056,-161.77699923331912,0.0,CD8_Tcell
-162.11566468536864,-98.94504834282154,0.0,CD8_Tcell
-166.01620014832423,-293.6231273153939,0.0,CD8_Tcell
-134.72811319338913,-123.95077798156869,0.0,CD8_Tcell
3.969695543327523,-337.3128225168512,0.0,CD8_Tcell
215.03843964081477,172.49813423358341,0.0,CD8_Tcell
-69.14301860310856,-115.5839996597637,0.0,CD8_Tcell
7.119809240731009,-109.98654003357845,0.0,CD8_Tcell
73.21753998594365,347.84288305117485,0.0,CD8_Tcell
-17.602653311588732,298.6738364688268,0.0,CD8_Tcell
-201.29292438749184,257.8539941702169,0.0,CD8_Tcell
139.4364978065745,88.81062817107906,0.0,CD8_Tcell
194.18226691204967,66.72868945847233,0.0,CD8_Tcell
-133.19835792713184,36.14634588775024,0.0,CD8_Tcell
-325.80255229079916,-135.78558076675537,0.0,CD8_Tcell
67.33858172346832,384.8421864258312,0.0,CD8_Tcell
-167.78496626731769,33.38547342239544,0.0,CD8_Tcell
-221.24729057883664,-61.858803486312276,0.0,CD8_Tcell
-142.74081268847814,-372.52688597611524,0.0,CD8_Tcell
-130.67755465890662,-101.3489190616833,0.0,CD8_Tcell
-53.33954706169436,155.0993278796502,0.0,CD8_Tcell
-190.97811820140026,148.39923189643363,0.0,CD8_Tcell
69.52127945603519,205.28456870360094,0.0,CD8_Tcell
-134.4840240120848,83.81171819567638,0.0,CD8_Tcell
-91.20103010261231,337.87212135103823,0.0,CD8_Tcell
-327.5764991760228,186.84951569637087,0.0,CD8_Tcell
-179.10904099823065,-94.4321909403722,0.0,CD8_Tcell
101.07789571673096,319.52090870937707,0.0,CD8_Tcell
64.3593651259838,145.7939062688181,0.0,CD8_Tcell
214.66608765694102,286.69243729320385,0.0,CD8_Tcell
227.36052098420686,51.190483306372926,0.0,CD8_Tcell
-146.66776016144786,118.12568060440141,0.0,CD8_Tcell
365.67589673375744,26.368970623888966,0.0,CD8_Tcell
-127.4590991889888,25.65165505957029,0.0,CD8_Tcell
44.45137953243928,-396.84012723066303,0.0,CD8_Tcell
-101.8941524226663,140.29669851585604,0.0,CD8_Tcell
-344.1752460158063,48.10591762382402,0.0,CD8_Tcell
-7.37453156053247,-147.61933023029354,0.0,CD8_Tcell
128.51784832453822,-65.96478891969106,0.0,CD8_Tcell
-137.53137635045522,197.72907301460336,0.0,CD8_Tcell
362.51473481314713,107.76173559541175,0.0,CD8_Tcell
18.74890749187269,316.44782727658907,0.0,CD8_Tcell
-246.52218145535707,246.21663128378185,0.0,CD8_Tcell
201.02676705325942,-143.18064577486075,0.0,CD8_Tcell
-44.902176401435725,-312.2917575433125,0.0,CD8_Tcell
-311.165013591656,-201.3189039769249,0.0,CD8_Tcell
-141.11937072998057,34.57410507930946,0.0,CD8_Tcell
-206.84347840484634,303.26497360197334,0.0,CD8_Tcell
-9.338868300874223,86.8661451439288,0.0,CD8_Tcell
257.43732982361234,-23.71176534770566,0.0,CD8_Tcell
-195.84486270037786,-92.78642986533225,0.0,CD8_Tcell
-301.1518125748331,-179.44666851244423,0.0,CD8_Tcell
289.0744923996425,-9.82133884579229,0.0,CD8_Tcell
377.61494222234546,-3.4778146553321525,0.0,CD8_Tcell
112.68541809078877,289.7617017132157,0.0,CD8_Tcell
-190.1708415775919,350.5831640945226,0.0,CD8_Tcell
1.5450931645062382,52.64037347767321,0.0,CD8_Tcell
200.09654087261765,-1.0072901840076727,0.0,CD8_Tcell
96.30831439018064,352.54664390125436,0.0,CD8_Tcell
-340.76647861185137,-50.96285908765528,0.0,CD8_Tcell
-205.0872955073708,221.7725619714791,0.0,CD8_Tcell
-164.08418918858672,-113.4784907523311,0.0,CD8_Tcell
81.39204143110202,-198.94933460558028,0.0,CD8_Tcell
110.88634187238982,-275.83665523680367,0.0,CD8_Tcell
150.9551297761644,-228.34774123677707,0.0,CD8_Tcell
-273.2358877701809,213.2396388964363,0.0,CD8_Tcell
-139.46344427745183,-40.14925427563763,0.0,CD8_Tcell
-320.92369472164006,-229.23439702716766,0.0,CD8_Tcell
-339.238382901266,-129.53841092379128,0.0,CD8_Tcell
-258.5705879398306,180.53054499233764,0.0,CD8_Tcell
-198.39653693742775,220.81991518646566,0.0,CD8_Tcell
-248.3554024798267,164.32566726363888,0.0,CD8_Tcell
88.95817310167286,-349.3035028355639,0.0,CD8_Tcell
257.611176590372,-219.10035056465472,0.0,CD8_Tcell
-194.16711354360203,84.2642660504085,0.0,CD8_Tcell
236.2628770457763,-314.73413062389875,0.0,CD8_Tcell
-261.4017173955088,-127.4117310023371,0.0,CD8_Tcell
-96.57222713676202,53.40799757945579,0.0,CD8_Tcell
-109.35500515985626,180.30217987474285,0.0,CD8_Tcell
152.38742415210393,-167.26265838553795,0.0,CD8_Tcell
-221.8745633517429,-28.04617388429303,0.0,CD8_Tcell
-84.40914656516745,-284.4639267743135,0.0,CD8_Tcell
-137.47684999739312,335.59019028085066,0.0,CD8_Tcell
-348.0553827994151,37.20784753814757,0.0,CD8_Tcell
-210.8178634255979,132.65334049784497,0.0,CD8_Tcell
207.6854739541261,22.092253718162812,0.0,CD8_Tcell
-131.91347892879878,227.62248580561638,0.0,CD8_Tcell
149.3557846140723,362.5161195971061,0.0,CD8_Tcell
-281.13606864994847,193.59339328913308,0.0,CD8_Tcell
-327.19078919024207,172.49136574122366,0.0,CD8_Tcell
-65.3065144846805,-195.52175443162858,0.0,CD8_Tcell
266.23701583184976,-269.39422895925156,0.0,CD8_Tcell
212.38938367868084,-160.62635271430383,0.0,CD8_Tcell
-202.43061532178456,343.0208255007719,0.0,CD8_Tcell
76.76813449471781,241.3146981075977,0.0,CD8_Tcell
-229.87651434318016,-127.02788108776366,0.0,CD8_Tcell
-366.4855648302109,54.31320866041079,0.0,CD8_Tcell
296.3926191415077,131.6862866006637,0.0,CD8_Tcell
-113.87101951866006,102.13835849720417,0.0,CD8_Tcell
7.638628208829921,281.1808318308296,0.0,CD8_Tcell
93.26914852912041,139.62770974242147,0.0,CD8_Tcell
-246.95366464994248,-284.114661763313,0.0,CD8_Tcell
192.83399200959332,312.2885902428995,0.0,CD8_Tcell
-107.3793637592416,-274.2603400931918,0.0,CD8_Tcell
254.18352066027958,221.45839148977058,0.0,CD8_Tcell
-195.19326533897478,8.279372255500395,0.0,CD8_Tcell
87.90086234901645,-198.6521018849405,0.0,CD8_Tcell
63.55239727220632,227.08324183789753,0.0,CD8_Tcell
-378.83760548470553,-41.59688693793134,0.0,CD8_Tcell
316.04192443642535,108.2326146009023,0.0,CD8_Tcell
107.19985011616636,215.15353744131252,0.0,CD8_Tcell
-213.293867333416,-214.76785368481094,0.0,CD8_Tcell
-332.04145979008615,-213.10289560300157,0.0,CD8_Tcell
-98.45379722667518,-209.99576840173935,0.0,CD8_Tcell
-98.8288730383898,-184.2790605015979,0.0,CD8_Tcell
40.363011358278726,-103.01411188631968,0.0,CD8_Tcell
80.98683362496915,231.22146980818977,0.0,CD8_Tcell
-272.1488314423275,145.8680276919167,0.0,CD8_Tcell
-232.87834794687782,264.5865771912624,0.0,CD8_Tcell
-203.60360025469427,261.910847369555,0.0,CD8_Tcell
-62.9022134734353,-32.650745417096104,0.0,CD8_Tcell
223.04062698770107,219.72263689554836,0.0,CD8_Tcell
-30.829084727620405,-215.00592938047296,0.0,CD8_Tcell
66.50368093901066,-379.46713883267296,0.0,CD8_Tcell
-325.7205865352108,-93.1295363885006,0.0,CD8_Tcell
-378.2602067938857,3.3000255953658204,0.0,CD8_Tcell
365.4893503917581,33.8370730086124,0.0,CD8_Tcell
31.208967492523644,-114.5876069946214,0.0,CD8_Tcell
-38.88294105465499,385.42811262857117,0.0,CD8_Tcell
205.7550517958235,8.606462631423854,0.0,CD8_Tcell
-23.95414154598499,-124.99152323178957,0.0,CD8_Tcell
236.13758998983778,-297.38534461946955,0.0,CD8_Tcell
-227.46948077329614,-272.61921628901564,0.0,CD8_Tcell
106.88101128113807,219.09692010772608,0.0,CD8_Tcell
24.053071815420335,276.7693235608087,0.0,CD8_Tcell
-157.8227713950855,-185.65091096179495,0.0,CD8_Tcell
-329.85787409222974,103.17369446315978,0.0,CD8_Tcell
216.09839775959682,-228.52472141417442,0.0,CD8_Tcell
309.6846351943836,80.28202437311286,0.0,CD8_Tcell
218.548481457921,113.23910052190415,0.0,CD8_Tcell
387.9079141558935,95.23008892981692,0.0,CD8_Tcell
100.98189728966094,241.6149417989118,0.0,CD8_Tcell
137.78099281864135,105.64308443030824,0.0,CD8_Tcell
-83.49664891483225,229.73919912341697,0.0,CD8_Tcell
-25.894267454592494,-179.22831168247876,0.0,CD8_Tcell
-152.48392488867026,316.78936157498697,0.0,CD8_Tcell
148.8544164892371,331.56025947183196,0.0,CD8_Tcell
-320.30787547091154,-126.66932367079578,0.0,CD8_Tcell
107.26648226230903,12.272324601337214,0.0,CD8_Tcell
-63.561436886907586,-85.1594692683418,0.0,CD8_Tcell
-278.1077048172147,-82.87429714828143,0.0,CD8_Tcell
-144.58274170408905,-208.55534165431018,0.0,CD8_Tcell
163.61242566564283,-312.92420926592257,0.0,CD8_Tcell
-51.50659024408559,-272.84071130794047,0.0,CD8_Tcell
-329.32408227758253,110.24451047994883,0.0,CD8_Tcell
-176.27572147287486,-308.9653333183589,0.0,CD8_Tcell
-393.719375626021,55.96716345533503,0.0,CD8_Tcell
-72.31885176825402,125.566730545282,0.0,CD8_Tcell
16.3887508411802,214.9995375849227,0.0,CD8_Tcell
-13.509097729797766,-82.29115085905782,0.0,CD8_Tcell
37.289692725373165,142.35496723421187,0.0,CD8_Tcell
106.27155829895106,113.58071990982212,0.0,CD8_Tcell
105.97228608842302,-362.0780619028433,0.0,CD8_Tcell
-262.51917241357654,81.123967700329,0.0,CD8_Tcell
158.80199700470422,321.7801561912592,0.0,CD8_Tcell
203.52929018421753,259.99939467732224,0.0,CD8_Tcell
197.62261505725215,-92.99479595328822,0.0,CD8_Tcell
-385.8761733842694,14.972885835413024,0.0,CD8_Tcell
135.91439746108873,-134.17856311617743,0.0,CD8_Tcell
-141.7159518751877,-73.56675431849837,0.0,CD8_Tcell
99.91392322224767,326.84329302721943,0.0,CD8_Tcell
242.29130501210565,-41.2914045666559,0.0,CD8_Tcell
154.88879005771065,327.3159265334357,0.0,CD8_Tcell
-166.94015308473877,-14.879649471227795,0.0,CD8_Tcell
170.5991311738752,361.5790973558051,0.0,CD8_Tcell
375.86140258394374,-30.079470737380973,0.0,CD8_Tcell
305.18934899080335,-66.2199885601294,0.0,CD8_Tcell
-108.90439556093635,-16.342585120014085,0.0,CD8_Tcell
20.30191850834153,190.71228879764925,0.0,CD8_Tcell
303.1097163646919,220.1685284683365,0.0,CD8_Tcell
-63.07114786316718,362.2582411781402,0.0,CD8_Tcell
50.94100487661562,-265.9061440726733,0.0,CD8_Tcell
-69.94833183082577,55.571182279173634,0.0,CD8_Tcell
-7.68828336555876,-262.0825775675775,0.0,CD8_Tcell
-60.63544799215254,-13.85781132590699,0.0,CD8_Tcell
-58.11162737109083,-221.94360184220892,0.0,CD8_Tcell
170.66548790625447,148.41847474768588,0.0,CD8_Tcell
144.92566541331703,62.962411031953046,0.0,CD8_Tcell
87.88913656927024,-309.995699104659,0.0,CD8_Tcell
257.57280116092664,302.955941106813,0.0,CD8_Tcell
-363.63720460204235,-135.52882493562328,0.0,CD8_Tcell
-99.04917945992355,-115.79000793154559,0.0,CD8_Tcell
-141.78915883893922,-148.459742475089,0.0,CD8_Tcell
165.53653197247615,302.15256890871444,0.0,CD8_Tcell
-93.75643892966261,-360.4545017931769,0.0,CD8_Tcell
93.29648247423792,-197.9281537503561,0.0,CD8_Tcell
-178.1288490631,134.81479412644347,0.0,CD8_Tcell
322.4353795999816,127.8896908303332,0.0,CD8_Tcell
-146.74002469199738,320.97562809070917,0.0,CD8_Tcell
-347.774459108521,-109.41238581343661,0.0,CD8_Tcell
389.1996532318518,-31.305863918134,0.0,CD8_Tcell
286.01972765279953,-259.4707025681414,0.0,CD8_Tcell
-204.364286075962,242.66994404081163,0.0,CD8_Tcell
221.44749677748675,-34.643047160665795,0.0,CD8_Tcell
48.576560862844985,-38.16492687604333,0.0,CD8_Tcell
-3.144066709028799,342.8942625849251,0.0,CD8_Tcell
365.05885463119205,-69.17458906926787,0.0,CD8_Tcell
-70.57207373252459,351.4531806076208,0.0,CD8_Tcell
-44.686405732238946,-255.53898823996332,0.0,CD8_Tcell
290.8191850907091,-95.99671025709654,0.0,CD8_Tcell
-91.46927227399598,221.8126156790037,0.0,CD8_Tcell
213.59060831085793,212.6806595361618,0.0,CD8_Tcell
-65.42462145620205,144.14623826596753,0.0,CD8_Tcell
210.64640741127567,82.23037633728754,0.0,CD8_Tcell
-374.96725601903194,-0.015000947795002148,0.0,CD8_Tcell
-248.10221125075788,-74.30220110859226,0.0,CD8_Tcell
33.50940572937168,391.2988859880843,0.0,CD8_Tcell
-247.98388859324083,67.85824815213383,0.0,CD8_Tcell
69.15373469967994,223.34773432439954,0.0,CD8_Tcell
-125.41498811533964,102.53608232360962,0.0,CD8_Tcell
-68.48148596031756,-115.30286831794693,0.0,CD8_Tcell
-187.49215250427423,142.6291658753925,0.0,CD8_Tcell
23.09878886182852,-159.99965525212647,0.0,CD8_Tcell
16.305320142547195,5.288863716273564,0.0,CD8_Tcell
-371.86325176524815,-130.3071490087047,0.0,CD8_Tcell
-116.58062176402913,-187.28773886201375,0.0,CD8_Tcell
17.385170510516595,-221.4991349647481,0.0,CD8_Tcell
-317.20117898452713,160.06106615521279,0.0,CD8_Tcell
111.15654613915285,-112.80559988062578,0.0,CD8_Tcell
-186.3802168312714,-134.3465845575249,0.0,CD8_Tcell
358.6706658093276,172.56991349854025,0.0,CD8_Tcell
254.77493610784654,154.37417897055673,0.0,CD8_Tcell
223.75527045004074,-41.143478914852274,0.0,CD8_Tcell
248.1597450901461,109.40120946982417,0.0,CD8_Tcell
-126.02964114750039,-19.37499273466247,0.0,CD8_Tcell
-283.77176688549406,-49.30279992007856,0.0,CD8_Tcell
200.06867867489257,-222.2902337455768,0.0,CD8_Tcell
43.77169165464957,-391.094530226622,0.0,CD8_Tcell
-65.13424991997358,-367.76318708325937,0.0,CD8_Tcell
-229.42535558233888,252.15361338487216,0.0,CD8_Tcell
83.72749991472013,-122.74983074237429,0.0,CD8_Tcell
310.7203086330657,41.91952626475829,0.0,CD8_Tcell
349.6671306030792,60.733551320647614,0.0,CD8_Tcell
321.82381752407235,-95.10930410160078,0.0,CD8_Tcell
258.9647320608282,145.38405132533327,0.0,CD8_Tcell
-318.67832892586785,217.55526850684367,0.0,CD8_Tcell
-2.7000196835210977,-54.95610711995039,0.0,CD8_Tcell
-270.62220941353866,-112.05091097514335,0.0,CD8_Tcell
77.5230291671936,207.53168332629915,0.0,CD8_Tcell
87.31564882762717,-78.05462396098066,0.0,CD8_Tcell
157.4043650063649,277.1199742997639,0.0,CD8_Tcell
89.28133430598709,-130.01657944409794,0.0,CD8_Tcell
-162.45892946439207,46.212606709637726,0.0,CD8_Tcell
152.24422316860972,13.481219045365231,0.0,CD8_Tcell
201.98786129395006,-58.19842361702588,0.0,CD8_Tcell
-173.64552921666996,284.9967556210478,0.0,CD8_Tcell
40.48902359965315,46.123657251085625,0.0,CD8_Tcell
-9.441790251049033,216.55941007967152,0.0,CD8_Tcell
100.68181601667897,127.56896617357495,0.0,CD8_Tcell
-1.714183891366185,-85.89889558768745,0.0,CD8_Tcell
-256.4473638530558,-83.19008438056734,0.0,CD8_Tcell
-39.99021051016734,-216.51870835266394,0.0,CD8_Tcell
348.537576008801,33.03091402976387,0.0,CD8_Tcell
351.6791785619921,-26.259328847898892,0.0,CD8_Tcell
-321.82193170725577,-198.24181340640877,0.0,CD8_Tcell
383.7250259707864,104.1241156289054,0.0,CD8_Tcell
145.75121515262208,302.9957534281192,0.0,CD8_Tcell
88.39575083294604,-76.02082248348465,0.0,CD8_Tcell
-139.58248393953022,261.0184980955952,0.0,CD8_Tcell
197.8337909395678,84.80772033002421,0.0,CD8_Tcell
-64.88191857925077,-326.77863068776975,0.0,CD8_Tcell
-228.72787491740826,-91.21231812339482,0.0,CD8_Tcell
44.09049252943557,334.48967958570535,0.0,CD8_Tcell
-113.4643512453556,-329.34162447487023,0.0,CD8_Tcell
236.2751705303447,22.67118476845545,0.0,CD8_Tcell
-163.2251140518346,-28.04461822330933,0.0,CD8_Tcell
323.4428990267099,138.1115029197481,0.0,CD8_Tcell
-91.58383523237835,-237.91950595107278,0.0,CD8_Tcell
302.78686740044986,170.82799279865884,0.0,CD8_Tcell
257.2249527658218,224.40814614011754,0.0,CD8_Tcell
-222.93533566529408,29.61470352072537,0.0,CD8_Tcell
125.51217007369756,-79.27556507362408,0.0,CD8_Tcell
-386.308260682377,-79.06296223727189,0.0,CD8_Tcell
52.25946664222342,-216.5028618653408,0.0,CD8_Tcell
-275.42141781754685,-137.47121014912233,0.0,CD8_Tcell
141.72712442053475,328.2259592407103,0.0,CD8_Tcell
113.97508986765904,187.85337252184308,0.0,CD8_Tcell
-329.91612296318124,-157.32566096018664,0.0,CD8_Tcell
-212.06933188737608,72.52744961402955,0.0,CD8_Tcell
295.87615139440845,159.92174390839926,0.0,CD8_Tcell
-115.73182358811262,-173.2463534292426,0.0,CD8_Tcell
-76.92901669526333,-375.03954924117045,0.0,CD8_Tcell
-149.2754637314276,116.57045782712952,0.0,CD8_Tcell
-277.60300700467207,189.79493196328892,0.0,CD8_Tcell
-295.5365244585317,89.78802334827591,0.0,CD8_Tcell
-235.54483605159942,17.82672781333837,0.0,CD8_Tcell
211.67221893559807,313.11440292256714,0.0,CD8_Tcell
-117.54085006614427,155.02346112466748,0.0,CD8_Tcell
186.0494310122788,28.78812630845575,0.0,CD8_Tcell
368.6894178397801,-96.0363965532664,0.0,CD8_Tcell
-194.96268130724255,51.81838305185477,0.0,CD8_Tcell
-81.58014522093046,22.254335837714343,0.0,CD8_Tcell
-243.94847746409405,16.2893825744869,0.0,CD8_Tcell
35.87760441358778,-374.93653896746923,0.0,CD8_Tcell
-157.8104817411003,126.60924044672622,0.0,CD8_Tcell
-244.22441153595724,-27.778150219686342,0.0,CD8_Tcell
139.48771560505853,295.0946737411932,0.0,CD8_Tcell
32.5097221998671,-165.7296196116265,0.0,CD8_Tcell
79.3741075415526,151.61795620021203,0.0,CD8_Tcell
-209.0374546087508,-50.843986460909754,0.0,CD8_Tcell
-211.6874857035055,-338.8387394205564,0.0,CD8_Tcell
63.812707802905614,56.094762103295366,0.0,CD8_Tcell
-181.46715986052408,-303.8521461160519,0.0,CD8_Tcell
96.20242457840642,-18.3145058251125,0.0,CD8_Tcell
-228.90017506376165,-118.10756730782973,0.0,CD8_Tcell
116.03608933334446,126.78570800905004,0.0,CD8_Tcell
-259.958444578464,92.04835037643475,0.0,CD8_Tcell
239.58608495512232,-191.68686804418647,0.0,CD8_Tcell
103.22999474382011,232.65679378935792,0.0,CD8_Tcell
28.46503599045922,69.1389721611374,0.0,CD8_Tcell
-38.719936336652275,24.002648651568222,0.0,CD8_Tcell
239.82750714066097,-158.64111513301316,0.0,CD8_Tcell
-71.32050513269765,-229.90216632618657,0.0,CD8_Tcell
211.6346363840525,161.9760899165748,0.0,CD8_Tcell
-57.82017449082344,-335.20079268884973,0.0,CD8_Tcell
-347.4962416473309,138.3949056739048,0.0,CD8_Tcell
-0.5068874041842355,-31.63709706582974,0.0,CD8_Tcell
236.48076848403065,171.07219678054915,0.0,CD8_Tcell
-87.8750196147698,-369.2099051142004,0.0,CD8_Tcell
216.25727099007298,238.1076001680682,0.0,CD8_Tcell
-257.02037690338165,268.7734869237853,0.0,CD8_Tcell
56.13343898067512,-45.577105768457976,0.0,CD8_Tcell
352.4445874551301,-27.757198092315555,0.0,CD8_Tcell
-221.5549875348906,-136.97772018786122,0.0,CD8_Tcell
-265.36808287523473,-298.56421036128785,0.0,CD8_Tcell
-67.511941561901,241.02320508686944,0.0,CD8_Tcell
-35.41809623253909,-179.6611711237283,0.0,CD8_Tcell
19.690027839502438,-244.85844017971706,0.0,CD8_Tcell
-392.1106819593917,69.35691405619951,0.0,CD8_Tcell
-287.0364990517635,200.02144061657435,0.0,CD8_Tcell
-153.9356042524476,-221.21216651939466,0.0,CD8_Tcell
-119.38000575545075,-132.9102202214619,0.0,CD8_Tcell
-91.49373397519547,254.73520345811534,0.0,CD8_Tcell
242.33309321902638,-5.139714955097595,0.0,CD8_Tcell
-196.9818301987271,-179.24638187936156,0.0,CD8_Tcell
-380.61786347923004,-12.741736905485517,0.0,CD8_Tcell
-345.4142444092475,-115.75179733293152,0.0,CD8_Tcell
-80.31435267763113,-155.83066402451698,0.0,CD8_Tcell
374.52100758761395,52.70770188579192,0.0,CD8_Tcell
90.81424908652583,-260.04507631277386,0.0,CD8_Tcell
291.6165449844238,-177.223659630919,0.0,CD8_Tcell
142.0090732969921,-2.1237901026360944,0.0,CD8_Tcell
127.04956389754673,291.6757778621804,0.0,CD8_Tcell
229.36421920340825,181.88739878077487,0.0,CD8_Tcell
-348.80429636991414,-38.7721462167644,0.0,CD8_Tcell
259.4943510919524,-153.14520539909458,0.0,CD8_Tcell
21.808517563719487,-351.5707613110725,0.0,CD8_Tcell
113.96197758883375,274.7073810076236,0.0,CD8_Tcell
13.326918390333654,47.9653493457628,0.0,CD8_Tcell
122.48230609078361,-73.77445967525378,0.0,CD8_Tcell
-103.32368305860862,175.81134740588934,0.0,CD8_Tcell
-23.176539493427445,258.1483906902547,0.0,CD8_Tcell
274.52260206216084,-59.900713793228135,0.0,CD8_Tcell
-294.5052038368641,-25.95856357711131,0.0,CD8_Tcell
215.95195120296174,-141.68800929199224,0.0,CD8_Tcell
199.42882600301496,315.33478605502665,0.0,CD8_Tcell
143.20384914481417,-100.260377442201,0.0,CD8_Tcell
250.0958535627218,-298.18701536120597,0.0,CD8_Tcell
-74.69159929271628,-51.68376278224644,0.0,CD8_Tcell
31.60874162790542,271.7747006192493,0.0,CD8_Tcell
227.1273858574106,-22.406473267664996,0.0,CD8_Tcell
-286.25126471403235,229.03016814409395,0.0,CD8_Tcell
41.70140840714137,-21.967573725165558,0.0,CD8_Tcell
192.81077691715447,277.6773558782721,0.0,CD8_Tcell
159.72922845025138,56.57233597067376,0.0,CD8_Tcell
-82.34818507411589,-350.0321602465383,0.0,CD8_Tcell
290.7611335466458,-252.69940510057765,0.0,CD8_Tcell
140.80583857465933,-94.80960814070897,0.0,CD8_Tcell
-76.1111964067461,-71.40511417872624,0.0,CD8_Tcell
-291.347506000195,148.4420896126359,0.0,CD8_Tcell
-116.21122776744592,-181.0314702569612,0.0,CD8_Tcell
-72.51802764890779,-191.85529889851276,0.0,CD8_Tcell
7.997307662232212,228.42073415502745,0.0,CD8_Tcell
96.42638769951633,119.4770063697934,0.0,CD8_Tcell
120.62243387652859,-306.6467299004055,0.0,CD8_Tcell
137.573434848599,159.87199292594238,0.0,CD8_Tcell
284.75586380943065,170.95319050265255,0.0,CD8_Tcell
231.7736075018583,292.5508088269952,0.0,CD8_Tcell
-150.56169034359525,-92.18597205743225,0.0,CD8_Tcell
333.53778400549754,-20.60783628187049,0.0,CD8_Tcell
-101.01113856074319,-60.258900960765786,0.0,CD8_Tcell
-208.95434881232032,176.12532391279638,0.0,CD8_Tcell
-258.6138678269229,-171.86496337078114,0.0,CD8_Tcell
263.76826090572,41.01906034787142,0.0,CD8_Tcell
277.4069241234415,275.7089083989287,0.0,CD8_Tcell
184.99656610236528,-35.65722490838269,0.0,CD8_Tcell
291.67769844258305,-146.25518145670006,0.0,CD8_Tcell
-200.2353500935509,80.91943039427123,0.0,CD8_Tcell
199.87486500862224,102.34414776685658,0.0,CD8_Tcell
-144.40379530881313,353.0860498074934,0.0,CD8_Tcell
189.4482515452837,-303.986051609803,0.0,CD8_Tcell
-159.6340080402665,36.92059321111719,0.0,CD8_Tcell
-85.99964398871789,-77.57985798882696,0.0,CD8_Tcell
-241.18687905612373,176.61966948796575,0.0,CD8_Tcell
-343.4109822253098,-90.43687357396418,0.0,CD8_Tcell
53.68501269698616,-339.4487323617162,0.0,CD8_Tcell
115.75508546624602,-35.84079093496418,0.0,CD8_Tcell
-259.4672153567853,88.80959337672876,0.0,CD8_Tcell
-215.02081954028637,-203.47482350812976,0.0,CD8_Tcell
-182.9508217310198,-354.00123906747456,0.0,CD8_Tcell
-101.40874811993642,-40.985324482621564,0.0,CD8_Tcell
256.16358839325363,-239.15482591023812,0.0,CD8_Tcell
73.047053877688,-153.59121929903625,0.0,CD8_Tcell
335.7328366053266,-70.88533385097612,0.0,CD8_Tcell
-141.40936121315795,-152.57633606348952,0.0,CD8_Tcell
323.7120346556244,119.02762972568955,0.0,CD8_Tcell
-90.42276448457197,138.79312287319553,0.0,CD8_Tcell
-228.6694393367169,15.690330940546975,0.0,CD8_Tcell
-54.1431332729308,-135.41251130919076,0.0,CD8_Tcell
-36.45112327610604,147.68821234650392,0.0,CD8_Tcell
100.88513712659987,-282.1113259031904,0.0,CD8_Tcell
27.324326289815673,-72.05348624770158,0.0,CD8_Tcell
329.73248215961945,14.051261214163098,0.0,CD8_Tcell
-205.90231650982457,77.28706141991178,0.0,CD8_Tcell
82.16464116122731,185.273843516632,0.0,CD8_Tcell
0.8192981624012492,150.58458106670176,0.0,CD8_Tcell
-313.3290812606814,134.67580764175452,0.0,CD8_Tcell
-18.725562204310506,-2.4256519554268343,0.0,CD8_Tcell
295.42929134393466,81.5342786750761,0.0,CD8_Tcell
-147.92688400500572,-143.3194146831228,0.0,CD8_Tcell
-295.3355144429994,-241.73827215728423,0.0,CD8_Tcell
-278.40086122832435,260.40348995745165,0.0,CD8_Tcell
254.31893656858125,-285.1074827467185,0.0,CD8_Tcell
303.7526382091041,-232.90843790119507,0.0,CD8_Tcell
-91.88733969081976,200.58669475477063,0.0,CD8_Tcell
-9.628292135952334,87.44727678533563,0.0,CD8_Tcell
-165.59544576256062,-228.38393429913677,0.0,CD8_Tcell
-291.0412613367286,165.06329483480897,0.0,CD8_Tcell
157.41767921639618,-148.67546779742034,0.0,CD8_Tcell
277.5163202153609,-187.82413832094687,0.0,CD8_Tcell
180.65019675855953,-340.083606945504,0.0,CD8_Tcell
188.88661329580438,-250.28793921014972,0.0,CD8_Tcell
360.3593340883374,27.883565273589873,0.0,CD8_Tcell
-81.58819957907099,-248.6181180446688,0.0,CD8_Tcell
367.4486367220898,118.40464254844984,0.0,CD8_Tcell
-51.37585996150709,-150.24768737354535,0.0,CD8_Tcell
-182.92420719071447,276.88940805611804,0.0,CD8_Tcell
316.4317287953729,-171.49309715765625,0.0,CD8_Tcell
68.22818592596236,80.60165425540579,0.0,CD8_Tcell
-164.31166030919366,297.74603564808507,0.0,CD8_Tcell
231.54837554139667,-280.50248133220055,0.0,CD8_Tcell
8.713578695109144,281.8063672403033,0.0,CD8_Tcell
-50.993433500201924,20.762349299580155,0.0,CD8_Tcell
134.15192128649556,-168.23539538939238,0.0,CD8_Tcell
-183.13713324069877,354.9502019521613,0.0,CD8_Tcell
-77.08476831472099,-392.4156228998005,0.0,CD8_Tcell
7.888866761944931,48.42925135097927,0.0,CD8_Tcell
-300.40352509089666,1.812455555906858,0.0,CD8_Tcell
-277.7600498048826,154.63461076167846,0.0,CD8_Tcell
-174.03908181362905,204.7703795997411,0.0,CD8_Tcell
-312.11040502519273,116.37210701032575,0.0,CD8_Tcell
55.98151913859851,-32.93674581761842,0.0,CD8_Tcell
231.74289630902015,60.070973701579,0.0,CD8_Tcell
41.09806098848472,373.96815825490097,0.0,CD8_Tcell
70.39424534275037,-205.95466358428644,0.0,CD8_Tcell
-33.50348030808704,-112.99465562385386,0.0,CD8_Tcell
-253.9106862023288,111.99998282505749,0.0,CD8_Tcell
-258.5708571596454,-79.69008748815592,0.0,CD8_Tcell
268.63067583392143,244.60135249546693,0.0,CD8_Tcell
71.92445992546222,-198.4825593320867,0.0,CD8_Tcell
50.23208714238817,-238.6049330295845,0.0,CD8_Tcell
97.72662725285186,77.85542120465794,0.0,CD8_Tcell
12.837987631509243,386.0165961400909,0.0,CD8_Tcell
193.1383248031206,325.48317770077324,0.0,CD8_Tcell
-12.884882506907221,309.760176360898,0.0,CD8_Tcell
-137.939240546461,147.75991928898213,0.0,CD8_Tcell
-123.11275650143227,-207.62942131418816,0.0,CD8_Tcell
-58.54185698615714,85.42581388724157,0.0,CD8_Tcell
-77.71156574667131,259.2667605737779,0.0,CD8_Tcell
113.42700942244808,171.61835196473345,0.0,CD8_Tcell
-73.58745533624965,231.6502886067945,0.0,CD8_Tcell
125.04327902615253,238.79360291628592,0.0,CD8_Tcell
-393.86857709183334,39.54412738177696,0.0,CD8_Tcell
-203.4843596490645,-160.44238633877637,0.0,CD8_Tcell
-226.65479122218682,302.9560059287296,0.0,CD8_Tcell
324.3835172584052,112.54231340379165,0.0,CD8_Tcell
-18.672928481557527,-243.2808832552619,0.0,CD8_Tcell
-267.609883812907,174.22610622092387,0.0,CD8_Tcell
138.69241004758993,263.821942037474,0.0,CD8_Tcell
89.73310483220017,-227.3031166301406,0.0,CD8_Tcell
-252.691180281257,-205.7276494200406,0.0,CD8_Tcell
-326.44294541788656,164.09716369905317,0.0,CD8_Tcell
143.80459180487685,5.0972600156425685,0.0,CD8_Tcell
-217.92206428154128,-100.9156182199959,0.0,CD8_Tcell
-65.93646763491162,176.84974463996164,0.0,CD8_Tcell
-71.82532290022723,151.71820948479282,0.0,CD8_Tcell
198.88864913634833,72.53377889805112,0.0,CD8_Tcell
-252.06921374896964,29.40289173883304,0.0,CD8_Tcell
172.47415240412724,-73.37984506323937,0.0,CD8_Tcell
193.36495464487942,-260.2588383364819,0.0,CD8_Tcell
122.2894064811413,-165.4893055736343,0.0,CD8_Tcell
-25.000716804786055,218.69536868392657,0.0,CD8_Tcell
-22.472251061977502,210.56432865803887,0.0,CD8_Tcell
297.6915492769467,41.12847958156193,0.0,CD8_Tcell
-133.8571632339682,-54.72967903827776,0.0,CD8_Tcell
-266.42282566736424,-271.2964491247084,0.0,CD8_Tcell
106.7495754607076,-27.517200446577988,0.0,CD8_Tcell
-132.9934532642569,181.7913375102599,0.0,CD8_Tcell
-34.3162728486123,79.27818646612572,0.0,CD8_Tcell
-21.839656191625856,-74.00156934703833,0.0,CD8_Tcell
-269.49132424778446,22.774275139012207,0.0,CD8_Tcell
-11.957299656679881,-239.02251209889891,0.0,CD8_Tcell
319.26136722204944,-131.76407329290208,0.0,CD8_Tcell
95.34859997430154,-327.8214490191771,0.0,CD8_Tcell
-241.45109758315994,253.7685051964389,0.0,CD8_Tcell
164.33453712422804,125.29030290191301,0.0,CD8_Tcell
-285.01172061384733,-169.04741758860465,0.0,CD8_Tcell
-116.28210091344786,-60.29854356614212,0.0,CD8_Tcell
-186.65573759666776,-311.28725576688345,0.0,CD8_Tcell
-78.31047094236179,58.4496791550679,0.0,CD8_Tcell
16.151365965403414,-51.80403282197999,0.0,CD8_Tcell
91.91417656959565,-240.59100929553756,0.0,CD8_Tcell
-114.16906649771488,-254.912334631978,0.0,CD8_Tcell
-354.817904126207,-174.99205007265178,0.0,CD8_Tcell
32.22936761554282,-235.13962845420238,0.0,CD8_Tcell
-140.10177454451994,-307.6355393270251,0.0,CD8_Tcell
183.07435610322713,48.8854909630659,0.0,CD8_Tcell
-322.458967213713,209.53923047418894,0.0,CD8_Tcell
307.4857420105609,-19.831067043833293,0.0,CD8_Tcell
121.06709324458303,46.47605982428689,0.0,CD8_Tcell
128.96560956813872,-157.69250830130156,0.0,CD8_Tcell
103.96856244811238,341.989547457854,0.0,CD8_Tcell
55.05297164039021,245.88884263954372,0.0,CD8_Tcell
-261.0546474883764,139.09087731799255,0.0,CD8_Tcell
117.00398981919608,-90.16670772980518,0.0,CD8_Tcell
218.49863228262393,227.227514211296,0.0,CD8_Tcell
-211.76583844219473,-68.44102911152534,0.0,CD8_Tcell
361.07817427757294,-3.752959718224998,0.0,CD8_Tcell
247.28038263981472,-307.39728952772083,0.0,CD8_Tcell
-321.33115206158783,-85.32321766964277,0.0,CD8_Tcell
-224.3049591386527,-64.22125129862349,0.0,CD8_Tcell
46.59773523915574,-91.06033104475272,0.0,CD8_Tcell
275.8310805385638,-267.8402986048698,0.0,CD8_Tcell
247.36266210723954,-282.65258206741225,0.0,CD8_Tcell
-51.863272521971155,241.27309368608186,0.0,CD8_Tcell
384.75114091718905,-66.19189125956754,0.0,CD8_Tcell
-309.6193094546648,247.56779544476495,0.0,CD8_Tcell
244.85029187159026,-229.4112767590532,0.0,CD8_Tcell
-125.06438934248526,-85.63429516232935,0.0,CD8_Tcell
-54.235928681758814,-299.7422173032822,0.0,CD8_Tcell
180.23418438929434,-293.71455094360783,0.0,CD8_Tcell
-42.727460680700474,260.8870482029651,0.0,CD8_Tcell
-7.514292094248067,177.13792708618448,0.0,CD8_Tcell
-244.6525994935624,54.866679472550466,0.0,CD8_Tcell
-133.34575944232537,286.66921806603307,0.0,CD8_Tcell
-13.050957565780267,125.79163889541263,0.0,CD8_Tcell
100.56268117134653,333.0510326184866,0.0,CD8_Tcell
236.32416383625338,-242.8712778576861,0.0,CD8_Tcell
301.1247688837622,-226.826375632342,0.0,CD8_Tcell
-30.024645671145908,-278.9555175132703,0.0,CD8_Tcell
-224.64819910025415,99.44730298405399,0.0,CD8_Tcell
-330.8702013616928,-26.761671906661984,0.0,CD8_Tcell
-47.073692614252025,-278.9737764929164,0.0,CD8_Tcell
-360.29179724332596,27.60444995729618,0.0,CD8_Tcell
-60.97509927356785,252.61491828068597,0.0,CD8_Tcell
299.3639416485621,-72.51426822553879,0.0,CD8_Tcell
117.76473200738067,209.3761283148759,0.0,CD8_Tcell
131.393587885495,295.2737718055014,0.0,CD8_Tcell
-83.95373939660863,312.0942057794806,0.0,CD8_Tcell
255.88029088554785,-155.56789367975435,0.0,CD8_Tcell
54.544441359061175,205.1429832540748,0.0,CD8_Tcell
68.49808612157508,234.5213442343141,0.0,CD8_Tcell
185.5499734081678,-278.06015899293504,0.0,CD8_Tcell
-190.62247674674816,-22.086723514235864,0.0,CD8_Tcell
240.04926866931586,147.3879253383491,0.0,CD8_Tcell
73.2588986604454,-166.9534057320466,0.0,CD8_Tcell
-196.31672069804512,-185.34335870985055,0.0,CD8_Tcell
255.72115345437112,274.4145689172007,0.0,CD8_Tcell
153.9074390989079,-238.59023208678255,0.0,CD8_Tcell
-192.36814790787324,-234.39241116664275,0.0,CD8_Tcell
-85.8769750471678,-100.39083738702426,0.0,CD8_Tcell
-123.78353598657114,144.4210395026427,0.0,CD8_Tcell
64.97641255981888,-132.9805048141418,0.0,CD8_Tcell
-47.94951652796969,307.23045395476623,0.0,CD8_Tcell
-136.30000955764552,215.78519401419692,0.0,CD8_Tcell
397.6454817260145,-0.7348906670875375,0.0,CD8_Tcell
-378.048491244727,-32.35125799376266,0.0,CD8_Tcell
-94.58642466212737,-254.6367105130567,0.0,CD8_Tcell
8.389179929095041,302.28608502720607,0.0,CD8_Tcell
-157.23325320168266,-32.731711896211344,0.0,CD8_Tcell
41.93568566406864,142.4102833099446,0.0,CD8_Tcell
118.52394692881812,-57.86156669891877,0.0,CD8_Tcell
117.18253373697057,212.88056125365284,0.0,CD8_Tcell
208.29802333196528,-338.95617388150646,0.0,CD8_Tcell
-196.2896801434379,-87.5785854775489,0.0,CD8_Tcell
58.60605611586405,293.7477192386486,0.0,CD8_Tcell
113.15759933678495,124.60598337133419,0.0,CD8_Tcell
139.4263454063979,-205.44871396335714,0.0,CD8_Tcell
-286.72129481367995,56.77747901083931,0.0,CD8_Tcell
-249.01126146218132,158.78930189726415,0.0,CD8_Tcell
172.375219697246,143.04340043497666,0.0,CD8_Tcell
316.9359816115305,-20.640904639023578,0.0,CD8_Tcell
-132.71332544410933,-199.27443119068832,0.0,CD8_Tcell
333.2201256521775,-181.27945625971344,0.0,CD8_Tcell
-235.4439386564011,-210.48429352128954,0.0,CD8_Tcell
-14.493792183222599,28.782950626858916,0.0,CD8_Tcell
-247.73761537213858,14.33721467725695,0.0,CD8_Tcell
-395.38539128184027,42.05722278871718,0.0,CD8_Tcell
170.0536093175332,-64.77748310465618,0.0,CD8_Tcell
110.71113382727039,380.1792642461367,0.0,CD8_Tcell
74.76635684717736,-248.46860157855454,0.0,CD8_Tcell
311.4950780465544,-206.75667963446415,0.0,CD8_Tcell
-193.08052489161483,334.80123117397824,0.0,CD8_Tcell
86.20311105356231,-23.3778133890949,0.0,CD8_Tcell
104.77409200899206,192.4632515329463,0.0,CD8_Tcell
93.65859348958621,51.35087734328239,0.0,CD8_Tcell
51.04329485353505,-111.53585749024738,0.0,CD8_Tcell
205.76840300612116,245.25181219857274,0.0,CD8_Tcell
-150.75056217443478,-267.72687307637574,0.0,CD8_Tcell
276.2189834084493,-27.86111939018466,0.0,CD8_Tcell
331.46700312324003,148.35781745951556,0.0,CD8_Tcell
181.16599453330517,-197.1539144016328,0.0,CD8_Tcell
-56.17689561936444,-137.7054501968201,0.0,CD8_Tcell
-280.7441121368904,257.29104160088895,0.0,CD8_Tcell
302.0053435413385,-54.9472679726125,0.0,CD8_Tcell
-371.57022740686176,108.80241849280165,0.0,CD8_Tcell
-264.7374578865383,26.676013806869943,0.0,CD8_Tcell
-171.4222051079134,231.3215072244652,0.0,CD8_Tcell
-18.266974499958184,-61.97532543340047,0.0,CD8_Tcell
-206.85688937823298,5.56171045072735,0.0,CD8_Tcell
1.9137407261441728,15.732973426196258,0.0,CD8_Tcell
60.61578227868819,-233.3558533888069,0.0,CD8_Tcell
93.53611217671913,290.2882192472993,0.0,CD8_Tcell
-315.3935140850322,85.12949282011989,0.0,CD8_Tcell
-139.56584675336208,11.036866650917604,0.0,CD8_Tcell
-112.23140671156004,351.94669555664507,0.0,CD8_Tcell
34.13642961796399,-57.99063468157919,0.0,CD8_Tcell
13.287560876663077,-89.40968885059016,0.0,CD8_Tcell
-122.65806260891594,-378.5215873466979,0.0,CD8_Tcell
93.75752267051745,-166.99573734672842,0.0,CD8_Tcell
128.83897679923794,176.11658006657862,0.0,CD8_Tcell
-84.228031511563,-266.46051122162663,0.0,CD8_Tcell
205.17892929064,331.3303365785457,0.0,CD8_Tcell
-211.25987438639825,-81.38697468432498,0.0,CD8_Tcell
225.15050416107627,80.21041518044963,0.0,CD8_Tcell
-106.19318579615572,-213.49677940091996,0.0,CD8_Tcell
243.02866990647712,198.85275184786013,0.0,CD8_Tcell
-60.27592008576212,196.65441615024363,0.0,CD8_Tcell
-312.8610861064588,-218.04503743626833,0.0,CD8_Tcell
-67.12721610836674,-138.0835505102157,0.0,CD8_Tcell
11.953887161526247,304.4719839089551,0.0,CD8_Tcell
205.25012430495227,104.76802712920328,0.0,CD8_Tcell
116.24688685377718,259.76247420133916,0.0,CD8_Tcell
22.096496191511672,322.99261782072637,0.0,CD8_Tcell
-142.177716809847,-76.91623256722798,0.0,CD8_Tcell
-51.00289071036515,68.90677435638032,0.0,CD8_Tcell
-106.09916435675298,-281.93704769302104,0.0,CD8_Tcell
74.85203410676517,-26.935195715522454,0.0,CD8_Tcell
-238.40054072740645,-117.3335042956382,0.0,CD8_Tcell
-297.4618124833003,-127.6248652184037,0.0,CD8_Tcell
86.31978811998997,-124.94253842235379,0.0,CD8_Tcell
217.69042832292808,-181.27041832651202,0.0,CD8_Tcell
-74.8683267690385,83.56739717050144,0.0,CD8_Tcell
158.95022325016896,-92.71908203682868,0.0,CD8_Tcell
-327.7476725870764,-84.26955562493185,0.0,CD8_Tcell
-264.07639846340766,-196.5149992458915,0.0,CD8_Tcell
74.57101365368985,124.55887645028056,0.0,CD8_Tcell
267.05841279109785,-229.28918399124262,0.0,CD8_Tcell
189.62413991260257,158.1338187384539,0.0,CD8_Tcell
-3.0420503310160445,185.97953916537278,0.0,CD8_Tcell
230.9359518665705,-116.38762878222738,0.0,CD8_Tcell
86.8964883724693,-45.02192928878442,0.0,CD8_Tcell
-100.0924088632467,-275.17067323285585,0.0,CD8_Tcell
-180.47440345891917,352.11967541424025,0.0,CD8_Tcell
-128.17863925791045,-217.51340755280094,0.0,CD8_Tcell
-43.95216217793171,-151.77087137299281,0.0,CD8_Tcell
-23.31755821644801,247.36094519133354,0.0,CD8_Tcell
260.67829694461005,127.55579103077433,0.0,CD8_Tcell
-227.08305288660748,-213.7818274019854,0.0,CD8_Tcell
-270.86928711720026,31.653006210815622,0.0,CD8_Tcell
-70.24165140523878,133.0245472662104,0.0,CD8_Tcell
26.447248365379913,-367.29075847997854,0.0,CD8_Tcell
-135.10399417252881,-140.8613694938242,0.0,CD8_Tcell
-235.9730354920153,285.2372084782781,0.0,CD8_Tcell
-290.2755632003371,173.8568999520627,0.0,CD8_Tcell
-212.66443749738994,-202.63269406343832,0.0,CD8_Tcell
274.69689143644143,-136.32303657041828,0.0,CD8_Tcell
41.602870607825345,-323.2771042558576,0.0,CD8_Tcell
-18.076594764377266,-301.1880280092093,0.0,CD8_Tcell
-3.2949890058870177,-86.58163733013885,0.0,CD8_Tcell
-41.9619563645156,-241.30384454175933,0.0,CD8_Tcell
-346.2181860924482,141.69421177263587,0.0,CD8_Tcell
-129.43441428826483,222.73274834043073,0.0,CD8_Tcell
-48.0931627411251,-299.4445520592487,0.0,CD8_Tcell
328.0893238586107,-44.61912404363643,0.0,CD8_Tcell
213.17708955657162,229.0316734138562,0.0,CD8_Tcell
323.85122534183756,-83.70732307444082,0.0,CD8_Tcell
-128.4495199637747,328.49576555553386,0.0,CD8_Tcell
203.6275595069674,-42.543896593915306,0.0,CD8_Tcell
159.63287405389775,-259.37808198854896,0.0,CD8_Tcell
7.132884243601666,24.623821330684475,0.0,CD8_Tcell
-96.28340461909124,16.079166481522616,0.0,CD8_Tcell
-158.28762872590457,61.143482657854506,0.0,CD8_Tcell
317.1377462812637,174.9638900521303,0.0,CD8_Tcell
-350.11877451939864,82.5311717169616,0.0,CD8_Tcell
115.636085905532,-161.64333420645485,0.0,CD8_Tcell
28.694399033361975,258.5476627297953,0.0,CD8_Tcell
308.6723243815424,52.88113673961037,0.0,CD8_Tcell
118.46954156270104,-175.94660705396396,0.0,CD8_Tcell
-319.64354100011633,145.41142833044964,0.0,CD8_Tcell
-17.057986179198295,339.3870367528371,0.0,CD8_Tcell
136.66800620841843,-336.8867847114268,0.0,CD8_Tcell
11.717036533089239,308.1357444248517,0.0,CD8_Tcell
-234.92524181801386,283.61295921789457,0.0,CD8_Tcell
308.49894068519257,-133.4739721338954,0.0,CD8_Tcell
-136.18043316378368,-268.13514363653996,0.0,CD8_Tcell
-232.796444872985,230.5965997567563,0.0,CD8_Tcell
52.25789968975163,-4.030808506146466,0.0,CD8_Tcell
63.978691418785786,233.13280327913304,0.0,CD8_Tcell
-71.3724075335938,-141.08582629616373,0.0,CD8_Tcell
-327.3598375570561,-64.68952252069934,0.0,CD8_Tcell
212.99741843409015,-107.8189989284804,0.0,CD8_Tcell
2.1741940172475087,240.55706630933037,0.0,CD8_Tcell
38.78596898755121,-76.06127181399603,0.0,CD8_Tcell
-144.33555030648623,-369.74472490310797,0.0,CD8_Tcell
-158.38368803250773,53.32302531301503,0.0,CD8_Tcell
134.91859356236805,63.13043378942632,0.0,CD8_Tcell
-179.86378743941648,263.8828869194591,0.0,CD8_Tcell
-314.457755949355,222.07289564784543,0.0,CD8_Tcell
332.4790382119795,13.258438563750492,0.0,CD8_Tcell
-86.44083020879381,260.386881589983,0.0,CD8_Tcell
286.99597223227414,-144.75284878093547,0.0,CD8_Tcell
113.77066431511908,241.49188906893878,0.0,CD8_Tcell
108.55168073914629,-93.01091361079968,0.0,CD8_Tcell
-45.58097689806819,38.53966621430003,0.0,CD8_Tcell
260.88518065864497,132.094812923177,0.0,CD8_Tcell
-253.65002147978595,-176.55691009268762,0.0,CD8_Tcell
180.48537875626394,161.58906850531181,0.0,CD8_Tcell
-275.1299250358994,-92.39754845990649,0.0,CD8_Tcell
96.90910024181977,68.88093506809571,0.0,CD8_Tcell
-195.15522051288528,239.33657862311648,0.0,CD8_Tcell
250.59199949535292,-270.5115571882984,0.0,CD8_Tcell
115.44963771317991,-298.4635314631879,0.0,CD8_Tcell
226.91150854080664,48.218365569394244,0.0,CD8_Tcell
316.31621952967737,6.542035366557806,0.0,CD8_Tcell
79.04708923424067,-369.10220053331466,0.0,CD8_Tcell
-264.2889576580252,-33.02386444843937,0.0,CD8_Tcell
88.73313403372632,-86.21888196842549,0.0,CD8_Tcell
-324.48123809932343,-126.88494539875039,0.0,CD8_Tcell
-153.55380727162947,-326.12402457314806,0.0,CD8_Tcell
-294.62049452557915,207.6971251034201,0.0,CD8_Tcell
-42.30369140266946,-123.12167610563422,0.0,CD8_Tcell
180.33948475536582,133.62696641996484,0.0,CD8_Tcell
-81.43502427012184,-18.73634699588747,0.0,CD8_Tcell
125.21448428913422,-90.45148024334848,0.0,CD8_Tcell
-38.81956899043959,7.298219775222348,0.0,CD8_Tcell
91.20741315890912,-176.79881837515916,0.0,CD8_Tcell
-205.85126437170996,162.42072377282295,0.0,CD8_Tcell
26.692828187085585,-218.25420577413988,0.0,CD8_Tcell
-97.0194002432912,-165.9642551375709,0.0,CD8_Tcell
-164.06617719849226,184.09091737795228,0.0,CD8_Tcell
283.6421007223326,257.2989910149844,0.0,CD8_Tcell
-226.96260794838437,-187.42323320266462,0.0,CD8_Tcell
42.23455086389306,-46.98809267189411,0.0,CD8_Tcell
-347.22632456999213,-6.723646165234971,0.0,CD8_Tcell
-108.76008569619196,101.55151938982578,0.0,CD8_Tcell
-89.216799146732,-17.20935511238237,0.0,CD8_Tcell
-163.56203239999374,-97.99481157480388,0.0,CD8_Tcell
193.02865890278832,233.2848642571004,0.0,CD8_Tcell
-197.50721710089528,218.90033335246696,0.0,CD8_Tcell
-10.618648763132262,76.12553469328279,0.0,CD8_Tcell
351.17610725101423,-26.44952970225918,0.0,CD8_Tcell
169.50312482701247,-131.3725394904395,0.0,CD8_Tcell
58.46513231042194,351.47431747905034,0.0,CD8_Tcell
163.93748633867298,187.87066011520363,0.0,CD8_Tcell
-10.885157848660779,-41.82329792838068,0.0,CD8_Tcell
266.151905681122,-94.98076213345874,0.0,CD8_Tcell
126.89703373008679,-161.28658555472984,0.0,CD8_Tcell
-339.40482608432626,5.297198308734771,0.0,CD8_Tcell
-50.88513881892664,-24.532487318161202,0.0,CD8_Tcell
-123.04937532863885,-360.76952914127634,0.0,CD8_Tcell
-120.12400081727706,299.5727281198859,0.0,CD8_Tcell
-352.83297944163456,-113.4346265427584,0.0,CD8_Tcell
257.3080560467026,238.16672330259655,0.0,CD8_Tcell
-296.18421210302677,124.43381431017802,0.0,CD8_Tcell
-63.853157168056,-321.79554888524433,0.0,CD8_Tcell
307.68965757146844,185.75285545392714,0.0,CD8_Tcell
4.938797768631971,197.02874245834852,0.0,CD8_Tcell
94.13488047350762,-40.37508547045512,0.0,CD8_Tcell
19.722272277257726,-6.601631595599211,0.0,CD8_Tcell
6.562954586229444,386.678775460699,0.0,CD8_Tcell
-79.20667507960239,109.58627551285913,0.0,CD8_Tcell
-199.5660475529804,254.46595109837327,0.0,CD8_Tcell
-238.21937879306944,-287.015978376042,0.0,CD8_Tcell
-327.37157763978394,-28.59723405968079,0.0,CD8_Tcell
-324.55321179246386,8.716519846475654,0.0,CD8_Tcell
-348.35319185837534,60.51201958403005,0.0,CD8_Tcell
225.59156214695795,-66.99624781034389,0.0,CD8_Tcell
231.95016820370856,85.94416932467506,0.0,CD8_Tcell
375.5825003672666,13.217785880564673,0.0,CD8_Tcell
68.28387647407553,93.10535678883414,0.0,CD8_Tcell
122.03112654392788,-265.3367774573027,0.0,CD8_Tcell
18.03616751497711,-153.3591792970548,0.0,CD8_Tcell
227.75163876205332,151.5690042709975,0.0,CD8_Tcell
31.038145328745816,-182.13081126353813,0.0,CD8_Tcell
-83.87686275580566,79.00502615651193,0.0,CD8_Tcell
-22.960827661230745,-62.34563625766944,0.0,CD8_Tcell
53.256690002397754,-10.479990370934294,0.0,CD8_Tcell
233.0332476283448,59.544680780160895,0.0,CD8_Tcell
147.8961504032099,-269.50578163297996,0.0,CD8_Tcell
44.29286074592041,-25.583269861407263,0.0,CD8_Tcell
251.50856732533376,-93.08850747242087,0.0,CD8_Tcell
56.78699595346666,279.54122627114293,0.0,CD8_Tcell
-154.1087716914061,-1.6313982533449387,0.0,CD8_Tcell
-15.94953220111702,-234.48341099922447,0.0,CD8_Tcell
-55.926698090218075,-120.60915550572318,0.0,CD8_Tcell
-183.28066987004297,294.69115372285404,0.0,CD8_Tcell
-126.4396592076561,-85.1939822827162,0.0,CD8_Tcell
9.914441405898597,393.6306710877588,0.0,CD8_Tcell
115.46529320653006,-316.44572553939696,0.0,CD8_Tcell
-335.39935614637125,-87.21373969304419,0.0,CD8_Tcell
84.26635801458866,-191.78199318126494,0.0,CD8_Tcell
-352.07829619200305,156.17229792692456,0.0,CD8_Tcell
-280.46496800745643,58.488717432518705,0.0,CD8_Tcell
53.74436954888684,-393.37064833971345,0.0,CD8_Tcell
101.84586550735105,4.475253545984992,0.0,CD8_Tcell
-47.375669827915026,-358.9479140811276,0.0,CD8_Tcell
175.87237308701347,177.6645944413768,0.0,CD8_Tcell
-91.22121782784929,179.87629654666145,0.0,CD8_Tcell
161.90227393343415,36.54042651312012,0.0,CD8_Tcell
33.733383682972445,43.49161859844173,0.0,CD8_Tcell
-358.7405607359931,68.22720029081603,0.0,CD8_Tcell
195.3527658204391,81.9157888287584,0.0,CD8_Tcell
-27.529459488794,-156.70406930383234,0.0,CD8_Tcell
144.56289468242912,312.84306607749244,0.0,CD8_Tcell
-73.61007759088123,355.7919308699954,0.0,CD8_Tcell
206.7851022348993,-6.787233500444734,0.0,CD8_Tcell
366.45154284222207,84.53541800431617,0.0,CD8_Tcell
-116.16656523430588,131.847245179416,0.0,CD8_Tcell
175.15486437398036,171.20579437768703,0.0,CD8_Tcell
-163.64193020117727,-159.7664806116806,0.0,CD8_Tcell
21.280847867382985,-284.5264316159534,0.0,CD8_Tcell
-116.25774592591453,-64.53007237602932,0.0,CD8_Tcell
85.55362955093408,362.3594942237826,0.0,CD8_Tcell
27.957747966428023,-184.39092425250314,0.0,CD8_Tcell
121.58799957406184,145.07766328348907,0.0,CD8_Tcell
-34.635189426592405,171.4242114793541,0.0,CD8_Tcell
-358.2325874386595,135.9382862768946,0.0,CD8_Tcell
26.303534388799974,-36.93894836665809,0.0,CD8_Tcell
127.03906546849122,98.66971605517955,0.0,CD8_Tcell
135.98380841144686,-93.79140318609603,0.0,CD8_Tcell
-25.385518730945567,-369.7677696932008,0.0,CD8_Tcell
-310.4824241011566,114.93356802531777,0.0,CD8_Tcell
292.98387613042706,-212.53134017685107,0.0,CD8_Tcell
-225.0731854005796,34.807161465653365,0.0,CD8_Tcell
281.75173381354915,-27.927511691168704,0.0,CD8_Tcell
260.38655891000496,-167.01037709454204,0.0,CD8_Tcell
349.51433107897645,-142.1719130965534,0.0,CD8_Tcell
-179.65664594136604,-170.73586497399995,0.0,CD8_Tcell
83.39253005774344,367.1828743890403,0.0,CD8_Tcell
170.75188719955875,249.48004249627297,0.0,CD8_Tcell
-128.3359201111611,83.03069178884613,0.0,CD8_Tcell
-364.7920099645823,25.946749585569865,0.0,CD8_Tcell
98.4502446062598,386.6559024241633,0.0,CD8_Tcell
55.29190550129566,-142.75230326762912,0.0,CD8_Tcell
-96.4174450303833,-269.3016416966267,0.0,CD8_Tcell
-108.76142833165864,-147.5547438274888,0.0,CD8_Tcell
351.6697467864617,-124.04527390691787,0.0,CD8_Tcell
-70.92254744467276,-385.3705100909635,0.0,CD8_Tcell
25.474198819317884,142.6637266170472,0.0,CD8_Tcell
101.37601362230274,251.5479119323805,0.0,CD8_Tcell
185.25056492450375,-223.10443799486433,0.0,CD8_Tcell
-212.19106366115304,9.792283061835395,0.0,CD8_Tcell
-232.08571537120287,95.31909357233609,0.0,CD8_Tcell
184.88292249503982,-17.264374129334097,0.0,CD8_Tcell
-82.27027296298344,-261.665529964248,0.0,CD8_Tcell
-125.60744586977177,-153.82087739609779,0.0,CD8_Tcell
292.65316063055343,123.86024990539357,0.0,CD8_Tcell
-153.60386159983616,-253.8176716889915,0.0,CD8_Tcell
305.25618480330417,-29.80336244628321,0.0,CD8_Tcell
-109.006884478773,-136.81637638814684,0.0,CD8_Tcell
156.89798180523493,-320.33025643351476,0.0,CD8_Tcell
-24.47241537850103,-95.81738288559555,0.0,CD8_Tcell
171.32657977827236,-30.298812529476677,0.0,CD8_Tcell
-95.5973665614607,108.74371155253048,0.0,CD8_Tcell
157.89501309374225,356.39762815429646,0.0,CD8_Tcell
-49.92339895440337,73.20789385160988,0.0,CD8_Tcell
250.80317709065136,-256.90821048003943,0.0,CD8_Tcell
173.0563357786332,-76.78207098682171,0.0,CD8_Tcell
177.25654935704844,52.21472864179709,0.0,CD8_Tcell
218.29077032561145,79.59130971622764,0.0,CD8_Tcell
81.99645224755561,360.3929933544692,0.0,CD8_Tcell
-267.7853854024121,170.48104915138182,0.0,CD8_Tcell
129.29588988321103,214.09672771158236,0.0,CD8_Tcell
-147.41217235113007,254.47887640506275,0.0,CD8_Tcell
95.11714377137078,-97.97424042626292,0.0,CD8_Tcell
266.0124698557762,-22.00534959019115,0.0,CD8_Tcell
31.200511237775494,318.1760022863155,0.0,CD8_Tcell
121.30514261700284,-246.937879945094,0.0,CD8_Tcell
260.7815777718739,-274.06980977757047,0.0,CD8_Tcell
-93.25634739114919,-198.36781703959403,0.0,CD8_Tcell
65.69295719459147,-283.4046875649788,0.0,CD8_Tcell
-52.04373215126125,-72.37677573463127,0.0,CD8_Tcell
301.0351459210328,172.65870847886666,0.0,CD8_Tcell
-59.38967667384745,227.41630086885775,0.0,CD8_Tcell
-83.03037283620324,-27.23142285706998,0.0,CD8_Tcell
-251.5997605934514,82.89577079880131,0.0,CD8_Tcell
-135.34748610502152,270.1950285832942,0.0,CD8_Tcell
-53.432483861564045,-157.23680732686364,0.0,CD8_Tcell
-105.54080276027938,-86.59956853525628,0.0,CD8_Tcell
-90.14372683125939,250.09106155789695,0.0,CD8_Tcell
96.94251537399217,-112.79532879951074,0.0,CD8_Tcell
-160.86907441796473,-108.95394165296102,0.0,CD8_Tcell
-221.01046104119393,147.79771369069468,0.0,CD8_Tcell
-274.97773442586043,113.19576676084215,0.0,CD8_Tcell
-182.07608848726514,-276.8829147098622,0.0,CD8_Tcell
11.197211195169247,341.0725108165881,0.0,CD8_Tcell
-197.76521389388216,-194.1196412035966,0.0,CD8_Tcell
139.19262607384135,179.24815242397392,0.0,CD8_Tcell
-93.45858292701676,62.87864195588019,0.0,CD8_Tcell
-255.53495166008295,34.89033440501329,0.0,CD8_Tcell
1.7963065535183136,-121.48713941629359,0.0,CD8_Tcell
-262.3304794803361,-215.30454466102648,0.0,CD8_Tcell
-310.433778611899,73.80014984065701,0.0,CD8_Tcell
130.05151877166833,-347.2161745400803,0.0,CD8_Tcell
111.83428505447279,256.41188283480926,0.0,CD8_Tcell
-176.40682994484374,96.70524214111126,0.0,CD8_Tcell
-32.047995883921566,68.17495815934917,0.0,CD8_Tcell
332.3275736276421,108.33273144314377,0.0,CD8_Tcell
145.37664217967014,59.524081993055,0.0,CD8_Tcell
373.9957830783703,-66.35052714001344,0.0,CD8_Tcell
176.6086364021915,-234.62090913491207,0.0,CD8_Tcell
-141.4783301780112,318.80605308213643,0.0,CD8_Tcell
78.35760122547477,87.24706337926573,0.0,CD8_Tcell
63.32937722157831,-155.1468215600479,0.0,CD8_Tcell
228.00315109591952,245.72366017792092,0.0,CD8_Tcell
-120.03997988762542,158.9495135163289,0.0,CD8_Tcell
155.55485611767187,200.78253534084348,0.0,CD8_Tcell
132.79300965726324,-363.4469193081245,0.0,CD8_Tcell
-168.13873271502388,147.90356368342486,0.0,CD8_Tcell
128.77849870848837,-182.5698300728686,0.0,CD8_Tcell
-326.0675039956358,158.42505962778657,0.0,CD8_Tcell
-174.10220530044896,-211.78893407139648,0.0,CD8_Tcell
205.9247484970842,161.2766175795253,0.0,CD8_Tcell
-92.60536062439958,-98.59796360706896,0.0,CD8_Tcell
273.1256576965692,-60.45252258017109,0.0,CD8_Tcell
102.34935479433821,-156.14877649530956,0.0,CD8_Tcell
2.3995516729493924,-95.00615603331859,0.0,CD8_Tcell
-261.7961130370023,-173.4485281475798,0.0,CD8_Tcell
215.61384186047096,-131.14412932390186,0.0,CD8_Tcell
273.2861258322214,-70.49916016566458,0.0,CD8_Tcell
-128.5625610491427,-119.11276210417688,0.0,CD8_Tcell
90.56657382260967,-123.65906924099563,0.0,CD8_Tcell
215.89416440912288,80.55117057369,0.0,CD8_Tcell
-51.332049443798915,381.17116822965073,0.0,CD8_Tcell
-240.94838478115764,300.8361693096642,0.0,CD8_Tcell
21.850596816304055,358.24713316833885,0.0,CD8_Tcell
-291.4738112696778,-97.57063660132076,0.0,CD8_Tcell
-315.9184477230593,-40.54027791078777,0.0,CD8_Tcell
203.78070482117616,16.577902932300503,0.0,CD8_Tcell
-327.8041198973239,135.34138261486,0.0,CD8_Tcell
37.625381883521385,368.2351113268203,0.0,CD8_Tcell
-260.00082914802414,92.3444066540172,0.0,CD8_Tcell
335.2143960685038,-96.80179734520792,0.0,CD8_Tcell
346.7404847890502,52.11101021921585,0.0,CD8_Tcell
297.66257584719045,-58.248870270769906,0.0,CD8_Tcell
-48.83340591911683,-184.78065286068286,0.0,CD8_Tcell
39.46956515001445,230.65300921261857,0.0,CD8_Tcell
-70.79046894112139,-26.77726766759879,0.0,CD8_Tcell
145.67869880046135,230.07559563880218,0.0,CD8_Tcell
-223.11845704078118,-331.5573745354345,0.0,CD8_Tcell
297.85668390602325,144.94911284127687,0.0,CD8_Tcell
-24.860803808798853,-312.8023964423254,0.0,CD8_Tcell
50.51754184993362,-113.8667370077956,0.0,CD8_Tcell
-8.32744950262068,369.0588824866253,0.0,CD8_Tcell
-123.31771026958823,270.6795460163886,0.0,CD8_Tcell
-104.88206565415773,168.66962531762465,0.0,CD8_Tcell
138.03000140649846,212.06792901964022,0.0,CD8_Tcell
321.9151915398556,-151.04433628723382,0.0,CD8_Tcell
121.40383547446224,312.04180642719547,0.0,CD8_Tcell
241.06622043547262,281.0311614358944,0.0,CD8_Tcell
-361.1784812195139,163.83335407880713,0.0,CD8_Tcell
373.65016127987917,-53.43882608369053,0.0,CD8_Tcell
26.276974860648192,370.14899013671385,0.0,CD8_Tcell
-81.2594820796091,-310.0750251941195,0.0,CD8_Tcell
69.14508399468279,50.218096023853164,0.0,CD8_Tcell
-158.22202671392805,-211.7894896094351,0.0,CD8_Tcell
116.40312176954693,-47.386226469480995,0.0,CD8_Tcell
-45.79216401218038,-39.444351733439696,0.0,CD8_Tcell
191.68272860761223,-36.905533984204155,0.0,CD8_Tcell
-39.40076499092773,-181.6250219044108,0.0,CD8_Tcell
-209.67478304482606,19.128138469878422,0.0,CD8_Tcell
276.5414480505674,50.07483268075131,0.0,CD8_Tcell
-229.75406435013912,-248.1818203552097,0.0,CD8_Tcell
-244.48875955005207,-308.87760894622727,0.0,CD8_Tcell
-146.9474452262234,161.46533942604472,0.0,CD8_Tcell
347.9341960311853,73.92931383730948,0.0,CD8_Tcell
18.581396208363376,86.05411653279167,0.0,CD8_Tcell
302.60060331858176,109.00106037656992,0.0,CD8_Tcell
165.782584472264,81.3598308381431,0.0,CD8_Tcell
241.0634581919428,-240.70178431787517,0.0,CD8_Tcell
220.8294166892257,311.2626799941438,0.0,CD8_Tcell
156.2892607505933,-175.2556472481366,0.0,CD8_Tcell
-345.20896417649044,-191.6944495491709,0.0,CD8_Tcell
-183.27970796823087,290.87163424396294,0.0,CD8_Tcell
-261.0768909608663,-111.85841427873049,0.0,CD8_Tcell
-35.358388065498886,-375.4684167178518,0.0,CD8_Tcell
127.49266168041976,195.91776751741213,0.0,CD8_Tcell
200.49438686235828,189.07746369300642,0.0,CD8_Tcell
87.7029340943633,-207.92407158783152,0.0,CD8_Tcell
-102.35310195147198,-186.88951837398685,0.0,CD8_Tcell
-0.34246197814610063,-261.62381302922535,0.0,CD8_Tcell
150.29678948526987,176.96301675199106,0.0,CD8_Tcell
42.71127736512906,323.7888173486479,0.0,CD8_Tcell
163.666398134054,83.61067613969946,0.0,CD8_Tcell
-159.50487969461997,-142.21991823413003,0.0,CD8_Tcell
97.33986995991073,-379.6563625112116,0.0,CD8_Tcell
115.44097665995164,-6.64975457717156,0.0,CD8_Tcell
4.725383993987148,-373.67401879009816,0.0,CD8_Tcell
-85.308995607046,211.38030443507617,0.0,CD8_Tcell
40.28998354686803,306.0558550341517,0.0,CD8_Tcell
-112.97268807671365,-101.1014795472827,0.0,CD8_Tcell
56.607017522029835,170.1725916446866,0.0,CD8_Tcell
-230.9282950786883,247.76410159243986,0.0,CD8_Tcell
-204.26073146993997,-200.51667045163836,0.0,CD8_Tcell
312.71898413572234,94.7897368880154,0.0,CD8_Tcell
-89.37676035087415,-150.45057671121842,0.0,CD8_Tcell
386.49107894621795,-30.128195463240083,0.0,CD8_Tcell
325.1116388714199,32.42437396548411,0.0,CD8_Tcell
-105.68649062308941,122.75299142617646,0.0,CD8_Tcell
212.83596073108575,-279.74012401802634,0.0,CD8_Tcell
280.6955136679354,-31.467264272811118,0.0,CD8_Tcell
367.36378880792097,-120.5918515822766,0.0,CD8_Tcell
-114.38106590351687,316.49307230836064,0.0,CD8_Tcell
157.95209785089273,100.62254551106687,0.0,CD8_Tcell
217.8574408577351,225.1000264946473,0.0,CD8_Tcell
-90.93675872980882,-121.79867313503952,0.0,CD8_Tcell
20.75138518212455,124.19167223199054,0.0,CD8_Tcell
0.4492907392389618,144.2816967580139,0.0,CD8_Tcell
64.33477913063865,-116.9419587180852,0.0,CD8_Tcell
-135.94329364643727,66.60839700441264,0.0,CD8_Tcell
-206.1793358409435,-125.01771848866996,0.0,CD8_Tcell
46.064430474806755,244.13383463358886,0.0,CD8_Tcell
-28.563607601134507,114.46628393560142,0.0,CD8_Tcell
-168.84167920802713,-350.93681756658236,0.0,CD8_Tcell
-175.9873764107231,-270.39645953543044,0.0,CD8_Tcell
45.236618882964606,-46.427130006486976,0.0,CD8_Tcell
-293.0854983004086,121.60649564108216,0.0,CD8_Tcell
-60.88675923655964,142.55001520308699,0.0,CD8_Tcell
-25.30845150962941,-247.12301487143844,0.0,CD8_Tcell
-224.75530335870985,142.42413899169375,0.0,CD8_Tcell
-7.256927460501194,363.2926916704558,0.0,CD8_Tcell
26.67232554301039,-2.902297798342981,0.0,CD8_Tcell
-158.88674660300285,140.15498565909812,0.0,CD8_Tcell
157.80111544330123,-321.3272684723019,0.0,CD8_Tcell
-144.08740427586372,337.3760602109201,0.0,CD8_Tcell
188.7131035375692,-295.24006453405616,0.0,CD8_Tcell
-114.63934582579435,318.7487617409707,0.0,CD8_Tcell
-30.851363142727756,91.28264627603552,0.0,CD8_Tcell
-222.93480277339765,-301.27246996454596,0.0,CD8_Tcell
-160.87794518500445,-142.48628316785621,0.0,CD8_Tcell
-203.60717618711735,-303.8986984962137,0.0,CD8_Tcell
-352.61519240072386,-156.52098362203668,0.0,CD8_Tcell
124.30412151745374,-166.66023392783106,0.0,CD8_Tcell
-169.19252660764027,181.9350314298495,0.0,CD8_Tcell
291.2613253694947,200.85605837345338,0.0,CD8_Tcell
-100.35815765573949,20.589188482148675,0.0,CD8_Tcell
108.61040126764132,186.21207487644944,0.0,CD8_Tcell
-204.39281768104075,322.18024767927477,0.0,CD8_Tcell
-258.8798721259148,-256.757737846519,0.0,CD8_Tcell
-200.64829692470985,55.68622557207044,0.0,CD8_Tcell
263.63931465586876,74.80458781085508,0.0,CD8_Tcell
-23.98360295991359,324.5513563559322,0.0,CD8_Tcell
117.89212511988774,289.7425628185933,0.0,CD8_Tcell
-130.4362634089036,-108.05508611291778,0.0,CD8_Tcell
56.59700582784082,165.50460779304223,0.0,CD8_Tcell
-188.75248378442413,-281.64785876429136,0.0,CD8_Tcell
105.76918085066524,232.6371360827325,0.0,CD8_Tcell
127.11093564827229,-336.78385458751694,0.0,CD8_Tcell
150.13646219988442,351.3796112745877,0.0,CD8_Tcell
149.38984476906248,-326.4283160619676,0.0,CD8_Tcell
-87.15288929800434,294.1801904441144,0.0,CD8_Tcell
-370.9600835874677,38.42424381454001,0.0,CD8_Tcell
188.0692211523307,-55.21920675843915,0.0,CD8_Tcell
162.6807755645989,305.8627048457786,0.0,CD8_Tcell
-248.84318642533196,199.58970170599108,0.0,CD8_Tcell
93.54857147257165,-244.11767754389192,0.0,CD8_Tcell
212.52893471625973,90.76854963734482,0.0,CD8_Tcell
292.1750525036766,198.63341469994927,0.0,CD8_Tcell
-346.0258079137406,162.31867695216985,0.0,CD8_Tcell
-176.9781421688668,181.46319881774016,0.0,CD8_Tcell
-106.25998204001596,239.9168540562891,0.0,CD8_Tcell
295.9824739064128,253.01016173053614,0.0,CD8_Tcell
-194.5544154253377,172.9977382985063,0.0,CD8_Tcell
122.63859194786481,-324.7266434819939,0.0,CD8_Tcell
143.85444793976365,49.09864271355073,0.0,CD8_Tcell
-139.18389097772268,22.47928451042262,0.0,CD8_Tcell
-369.37971829321305,-22.510199559396465,0.0,CD8_Tcell
217.50765856343017,137.13337208609389,0.0,CD8_Tcell
-283.77647386433307,148.86525743782613,0.0,CD8_Tcell
341.13938416912885,-173.24133218307927,0.0,CD8_Tcell
261.4551098025894,236.92056087513845,0.0,CD8_Tcell
144.97419251045076,90.84987869334365,0.0,CD8_Tcell
249.96922640400487,-259.8610599083274,0.0,CD8_Tcell
-274.73433228852304,185.1132215860347,0.0,CD8_Tcell
-143.04975856852514,-345.1243981596052,0.0,CD8_Tcell
-295.32008630688483,211.1392943238358,0.0,CD8_Tcell
-69.59092793267243,159.53969926130966,0.0,CD8_Tcell
-218.73542388409788,273.24478957412015,0.0,CD8_Tcell
-148.4232537547925,-79.36775131711137,0.0,CD8_Tcell
278.478128324065,45.40508587214932,0.0,CD8_Tcell
304.2247993952122,-226.988246051459,0.0,CD8_Tcell
-37.83142210527836,-327.40669447020156,0.0,CD8_Tcell
-192.64686143813012,316.5837841572733,0.0,CD8_Tcell
13.186040774586344,136.89019551666195,0.0,CD8_Tcell
-121.01207200151843,298.9833166314933,0.0,CD8_Tcell
5.840320021923743,379.6709025901262,0.0,CD8_Tcell
287.920915672055,155.9524004099506,0.0,CD8_Tcell
-36.861524201362215,-132.92605274659428,0.0,CD8_Tcell
-234.7564093348091,272.598317129485,0.0,CD8_Tcell
-75.58484276381063,214.2798697856391,0.0,CD8_Tcell
-89.61222452674379,116.10035901557987,0.0,CD8_Tcell
219.92289977885554,-317.9719998359723,0.0,CD8_Tcell
172.54146843265485,115.11787061289591,0.0,CD8_Tcell
-54.486534388507025,-78.48433948352223,0.0,CD8_Tcell
-84.76271124619538,-35.99647419784492,0.0,CD8_Tcell
-184.35400078919528,0.5384518077782678,0.0,CD8_Tcell
68.60088264991155,229.04899274410187,0.0,CD8_Tcell
6.998444118589937,-387.9349200651068,0.0,CD8_Tcell
-9.08947839216305,389.7449678132877,0.0,CD8_Tcell
234.2824043373303,214.54992054818715,0.0,CD8_Tcell
-197.30380077797787,5.263900356804688,0.0,CD8_Tcell
175.3664399030558,177.83140395649957,0.0,CD8_Tcell
19.174428061591524,-133.1808933561109,0.0,CD8_Tcell
239.95205741387161,-163.53816669862164,0.0,CD8_Tcell
-216.3797131993237,-166.93969388078236,0.0,CD8_Tcell
-132.08088928792904,28.99419569636397,0.0,CD8_Tcell
167.8257899236073,263.3764618457991,0.0,CD8_Tcell
-54.27806813756463,-69.71152243502885,0.0,CD8_Tcell
127.52877973012012,-338.47053208632525,0.0,CD8_Tcell
-130.21617689671282,-181.2162757418212,0.0,CD8_Tcell
280.5429716032132,-71.52328002419692,0.0,CD8_Tcell
336.57836192099853,204.90373439242586,0.0,CD8_Tcell
-26.272705151831023,-216.75707191737163,0.0,CD8_Tcell
286.4940984088793,34.08285654462824,0.0,CD8_Tcell
245.05082033574186,-14.918089131038272,0.0,CD8_Tcell
-0.6506692171291035,204.63696392443626,0.0,CD8_Tcell
167.16180040696221,-186.08155353752667,0.0,CD8_Tcell
-21.036208405030962,-75.38232866232154,0.0,CD8_Tcell
105.39793217881893,110.18836056715396,0.0,CD8_Tcell
-138.93550456196556,-365.65101475425456,0.0,CD8_Tcell
-202.85508346200592,218.52640955008616,0.0,CD8_Tcell
18.192944657344444,-147.10198534512,0.0,CD8_Tcell
-73.16468448839338,-196.49584405068748,0.0,CD8_Tcell
386.2469076604694,-31.475688320449766,0.0,CD8_Tcell
-63.54626133226242,321.49212802861746,0.0,CD8_Tcell
-218.56854271152142,-224.98798202051506,0.0,CD8_Tcell
334.83667325014716,-178.2572134633473,0.0,CD8_Tcell
-140.97127560633808,328.7134705855327,0.0,CD8_Tcell
333.39308467922945,55.80543622970768,0.0,CD8_Tcell
-227.29181806639903,-246.5077383354351,0.0,CD8_Tcell
-211.40489922530415,-318.2812553089876,0.0,CD8_Tcell
-287.6857672934051,-177.23609157888455,0.0,CD8_Tcell
-124.34811362712637,-318.2559531233216,0.0,CD8_Tcell
-88.42351842842761,257.73236476595326,0.0,CD8_Tcell
64.9357819225066,337.37728524806676,0.0,CD8_Tcell
-45.02527894684735,-52.486407323181034,0.0,CD8_Tcell
291.98147113642466,-191.74449203672378,0.0,CD8_Tcell
304.8450031259041,-198.7713497412514,0.0,CD8_Tcell
-168.24896047926393,-155.83377059238418,0.0,CD8_Tcell
160.9857211374646,-170.68980098710088,0.0,CD8_Tcell
331.6080387777067,-164.60762854418033,0.0,CD8_Tcell
183.39259294138347,249.1070563471229,0.0,CD8_Tcell
-220.90597721095327,264.6694919218763,0.0,CD8_Tcell
-80.19705137997732,41.69338842261608,0.0,CD8_Tcell
334.6847613617385,93.5627082921881,0.0,CD8_Tcell
220.49080442959482,316.14345262922103,0.0,CD8_Tcell
335.8040983052056,16.877047855089984,0.0,CD8_Tcell
-61.708718682577256,60.136526821596526,0.0,CD8_Tcell
-252.8152186801113,109.00576639587106,0.0,CD8_Tcell
-306.33081158628994,-71.06493429683329,0.0,CD8_Tcell
-1.2345655592191402,-353.03979607068595,0.0,CD8_Tcell
281.1383900777909,21.22428769406877,0.0,CD8_Tcell
-95.80009874875961,317.87338239953937,0.0,CD8_Tcell
219.86077463179538,-234.18560649515067,0.0,CD8_Tcell
-126.2650799405334,192.06384808141516,0.0,CD8_Tcell
61.39597802072253,129.36468970574307,0.0,CD8_Tcell
-239.62889449537903,-14.897099655817305,0.0,CD8_Tcell
116.61756802842787,-55.54431809102522,0.0,CD8_Tcell
62.08981751389661,273.87315510311197,0.0,CD8_Tcell
230.9706889995692,244.08120901297735,0.0,CD8_Tcell
-33.106140307269165,44.74159141819507,0.0,CD8_Tcell
62.84648684447095,197.77621674003777,0.0,CD8_Tcell
-9.823679377578681,-31.216759527507374,0.0,CD8_Tcell
-248.20608567347875,-202.8492217018629,0.0,CD8_Tcell
129.71928527834186,-86.31969237136565,0.0,CD8_Tcell
-142.16361565519023,73.09859458888953,0.0,CD8_Tcell
-36.155356073185125,292.446593752855,0.0,CD8_Tcell
281.7641082415632,137.7176255260626,0.0,CD8_Tcell
198.2483365908666,-229.19585005981918,0.0,CD8_Tcell
-213.606257887973,-133.40160113676498,0.0,CD8_Tcell
-183.49014137896762,-113.46169806064285,0.0,CD8_Tcell
-27.8841069118494,-388.5119917552953,0.0,CD8_Tcell
-126.74273863946311,289.40230179759664,0.0,CD8_Tcell
263.6523301514137,143.67138812413344,0.0,CD8_Tcell
4.4660668864785755,57.893302713780834,0.0,CD8_Tcell
394.1105037883396,-36.48558030417493,0.0,CD8_Tcell
351.3908937843342,-50.060613686094555,0.0,CD8_Tcell
171.18928866418034,-137.86419717778182,0.0,CD8_Tcell
-186.55423806698835,168.8396664600978,0.0,CD8_Tcell
-103.64886125639116,299.2117713073736,0.0,CD8_Tcell
-119.57978097257475,263.5658809067374,0.0,CD8_Tcell
-19.051453526979998,372.4740572703119,0.0,CD8_Tcell
23.791114368233572,-42.420166824922276,0.0,CD8_Tcell
67.32987163054013,180.12211718880764,0.0,CD8_Tcell
-319.49751815223465,-56.1652088053032,0.0,CD8_Tcell
142.7927319507324,-183.95117295205276,0.0,CD8_Tcell
-242.93050346323682,-7.280096130474571,0.0,CD8_Tcell
350.44611114908844,-20.436138902177074,0.0,CD8_Tcell
252.3482100688178,36.173117312345454,0.0,CD8_Tcell
-147.01259531112296,-159.64842525665748,0.0,CD8_Tcell
-261.7718600490572,-178.6844271381878,0.0,CD8_Tcell
-226.94527232844234,-61.10398713856281,0.0,CD8_Tcell
60.70725783006948,-88.97354965226475,0.0,CD8_Tcell
66.24044179595602,379.475406030567,0.0,CD8_Tcell
266.916540495532,165.15981512753498,0.0,CD8_Tcell
94.14357708061134,0.1085412910123982,0.0,CD8_Tcell
-22.059484722685244,79.9243254636493,0.0,CD8_Tcell
159.3091319825664,-256.1302598483032,0.0,CD8_Tcell
242.0953265626378,100.42072904504982,0.0,CD8_Tcell
227.32421654017887,175.0126610198821,0.0,CD8_Tcell
-190.08717948984494,-218.90214035605146,0.0,CD8_Tcell
98.401497241332,72.4978157959105,0.0,CD8_Tcell
262.12442409096275,235.71123722207298,0.0,CD8_Tcell
261.54970723777984,-258.71737068116,0.0,CD8_Tcell
-2.429756758190463,293.88544167941103,0.0,CD8_Tcell
-129.22367078373733,-38.74757201294739,0.0,CD8_Tcell
-197.25555743218976,25.05305943772173,0.0,CD8_Tcell
-309.10587772675274,148.02299743225672,0.0,CD8_Tcell
-289.52346598967887,-40.53472923919617,0.0,CD8_Tcell
181.1353074224573,265.4608750234406,0.0,CD8_Tcell
-251.6553323142656,-202.91981791075887,0.0,CD8_Tcell
242.59351183613478,-78.4338300188787,0.0,CD8_Tcell
19.89437829988674,-34.32445024388695,0.0,CD8_Tcell
-101.70948417398587,-216.9544825618547,0.0,CD8_Tcell
-116.72650428592587,-19.439641212161337,0.0,CD8_Tcell
-307.5412179255158,-38.39640625698546,0.0,CD8_Tcell
78.70492782569455,309.21230259827587,0.0,CD8_Tcell
-224.65936225362532,258.9978640255645,0.0,CD8_Tcell
-234.49701064448337,166.36594054936108,0.0,CD8_Tcell
-69.14669827034948,335.46941498201534,0.0,CD8_Tcell
293.79036560909776,115.78999564822175,0.0,CD8_Tcell
19.943397343407526,-36.4632268054446,0.0,CD8_Tcell
86.02529573849726,-18.207392035714857,0.0,CD8_Tcell
-114.48525271899024,311.33587089601826,0.0,CD8_Tcell
142.57284679711765,202.70914724799835,0.0,CD8_Tcell
25.807953961315327,291.8149064731504,0.0,CD8_Tcell
310.64585497196117,85.42554509180182,0.0,CD8_Tcell
256.68697480630516,-202.79245383948958,0.0,CD8_Tcell
-366.00907613012885,123.67131373133395,0.0,CD8_Tcell
126.16160256502141,72.92337491982096,0.0,CD8_Tcell
-78.31664393664703,-357.2759683708435,0.0,CD8_Tcell
118.27301233919147,96.58416612495493,0.0,CD8_Tcell
-141.3206039899908,-258.77870554134535,0.0,CD8_Tcell
-200.43508801286998,177.5491577879298,0.0,CD8_Tcell
-229.93979142610192,-7.192442377482768,0.0,CD8_Tcell
182.7847423284474,-86.41190111840977,0.0,CD8_Tcell
352.7882404774425,-65.09545631072316,0.0,CD8_Tcell
30.11248980460226,-312.9067585124366,0.0,CD8_Tcell
28.62906827368211,-358.9140955567401,0.0,CD8_Tcell
93.00782878797497,-377.4119791792271,0.0,CD8_Tcell
237.85468300914616,274.5430852600983,0.0,CD8_Tcell
57.86543708071409,-288.2921007854418,0.0,CD8_Tcell
177.6196560704952,84.08763395206456,0.0,CD8_Tcell
-64.68950498432147,-345.90046781300623,0.0,CD8_Tcell
92.70046416244362,-133.17634589065395,0.0,CD8_Tcell
-79.7518317019868,-38.31993301338907,0.0,CD8_Tcell
-200.66965881855324,310.48048231229785,0.0,CD8_Tcell
-38.53688158236629,113.88987637139226,0.0,CD8_Tcell
293.7138786960851,-146.67300416940128,0.0,CD8_Tcell
355.1058244934761,-153.77113066594742,0.0,CD8_Tcell
-248.46248320613307,3.6837115504561213,0.0,CD8_Tcell
-217.4134674379524,107.41720301491175,0.0,CD8_Tcell
-290.05749423732607,36.30447468606823,0.0,CD8_Tcell
122.44956672761634,347.6399786624272,0.0,CD8_Tcell
-129.49158743770735,377.4838796879325,0.0,CD8_Tcell
211.38687347162104,53.72945516839219,0.0,CD8_Tcell
185.93889610586731,-124.65278800950378,0.0,CD8_Tcell
-1.3602702569381053,188.21739863504288,0.0,CD8_Tcell
91.36741162267256,380.673085142153,0.0,CD8_Tcell
-312.82470233038816,-18.25296604741979,0.0,CD8_Tcell
133.52497734840603,61.43109241760058,0.0,CD8_Tcell
-36.90263711534528,-364.15038825757057,0.0,CD8_Tcell
48.000595655183865,177.7764582455078,0.0,CD8_Tcell
-184.85977612893635,-207.6525637553809,0.0,CD8_Tcell
154.80346820939104,-120.6286193832942,0.0,CD8_Tcell
361.4992852931133,30.59981398660096,0.0,CD8_Tcell
-2.8050461182015187,-381.4173589357523,0.0,CD8_Tcell
-10.235732728172017,367.23356780531174,0.0,CD8_Tcell
141.44589876281344,131.3164507650058,0.0,CD8_Tcell
217.53991177706754,-167.95962875152568,0.0,CD8_Tcell
260.4585094666623,289.7930589350094,0.0,CD8_Tcell
-131.89289135814667,197.3966124753254,0.0,CD8_Tcell
4.175711361668141,205.0391085557615,0.0,CD8_Tcell
242.93649719872045,307.22087398475026,0.0,CD8_Tcell
383.68490775402677,-57.79604092343095,0.0,CD8_Tcell
247.2583498646474,194.02303350665596,0.0,CD8_Tcell
234.94666622227837,-103.09462458310405,0.0,CD8_Tcell
-81.46157818206832,36.54571065244026,0.0,CD8_Tcell
-122.91984684302008,215.0219686937864,0.0,CD8_Tcell
-286.6303782079529,-233.08118128200826,0.0,CD8_Tcell
58.035581544561275,131.97719857357782,0.0,CD8_Tcell
97.30700843630969,-114.69886261754996,0.0,CD8_Tcell
-140.30541205119633,-247.57245513095745,0.0,CD8_Tcell
-35.462257928858826,100.49833622802647,0.0,CD8_Tcell
-149.2279926215882,317.6794700792889,0.0,CD8_Tcell
-122.33334309838295,-28.194642807316033,0.0,CD8_Tcell
-79.33374262992054,-196.0719912000489,0.0,CD8_Tcell
52.39091816869897,-128.02977788694008,0.0,CD8_Tcell
-215.46617992829735,-204.5643471511578,0.0,CD8_Tcell
14.582708401332331,147.91403113931196,0.0,CD8_Tcell
-228.4561780849148,-272.97499259519867,0.0,CD8_Tcell
-65.45937741525893,285.35955065631464,0.0,CD8_Tcell
82.624410219086,100.79586929434235,0.0,CD8_Tcell
171.60043061956915,-143.7826774416625,0.0,CD8_Tcell
-78.95878972649518,9.508941852323463,0.0,CD8_Tcell
-159.61128655307252,162.76874628837132,0.0,CD8_Tcell
284.4013053633107,-201.39071722820765,0.0,CD8_Tcell
88.59273119923138,-117.16140615025361,0.0,CD8_Tcell
-212.3154921014147,-149.16390308450033,0.0,CD8_Tcell
-104.14575724549545,-129.95501559151106,0.0,CD8_Tcell
-275.1937067983876,-160.2772592768851,0.0,CD8_Tcell
329.0953140876528,0.4627424730546454,0.0,CD8_Tcell
103.31177839749874,-347.7109905162218,0.0,CD8_Tcell
50.011645469853725,105.46848880007181,0.0,CD8_Tcell
67.29770401977405,351.2094179652799,0.0,CD8_Tcell
162.44275153604698,-307.3553730889158,0.0,CD8_Tcell
-93.00467556122973,339.5970381597192,0.0,CD8_Tcell
-15.282178762446504,-178.21554319657673,0.0,CD8_Tcell
-121.5638245172716,-267.2770898182683,0.0,CD8_Tcell
277.8068192353968,99.06807705010213,0.0,CD8_Tcell
-56.71895729643528,-268.74286871188866,0.0,CD8_Tcell
-266.8684655017266,84.44725568367959,0.0,CD8_Tcell
-73.20572571722238,-11.484618870870486,0.0,CD8_Tcell
-318.8053856642086,187.0128501156429,0.0,CD8_Tcell
-42.52509192455133,-203.3143111735683,0.0,CD8_Tcell
322.39552781980586,146.44845400532594,0.0,CD8_Tcell
129.42527753843152,-289.35092467573315,0.0,CD8_Tcell
214.49063084540765,-118.54623398144156,0.0,CD8_Tcell
154.15183494213238,-355.975707508448,0.0,CD8_Tcell
159.95470871819532,-59.21209936858344,0.0,CD8_Tcell
-129.7394042248312,-310.24474934623515,0.0,CD8_Tcell
326.519661777439,3.3807974049361404,0.0,CD8_Tcell
174.23757181061768,-351.89920019804356,0.0,CD8_Tcell
-396.77278607702243,-43.91614649501921,0.0,CD8_Tcell
50.2868018930569,248.10147193463231,0.0,CD8_Tcell
-320.8842779415175,48.15620331815159,0.0,CD8_Tcell
294.32444891447585,37.594654364855046,0.0,CD8_Tcell
-177.12786513631633,30.75701876203886,0.0,CD8_Tcell
14.433798274237308,307.79783180051373,0.0,CD8_Tcell
-360.49526316477545,35.7367870676144,0.0,CD8_Tcell
0.6623431312101529,158.98374475849016,0.0,CD8_Tcell
209.97356434160008,187.47169643054383,0.0,CD8_Tcell
-165.82591262893084,77.51941667848936,0.0,CD8_Tcell
-105.75781725801764,-350.0412769663181,0.0,CD8_Tcell
55.12555741616793,-115.69128210773103,0.0,CD8_Tcell
137.95732540844102,-87.96458744881657,0.0,CD8_Tcell
-123.41394433998272,-176.80897911435972,0.0,CD8_Tcell
-279.81407941065277,173.6427769832698,0.0,CD8_Tcell
-326.70426904084565,-106.95901321101059,0.0,CD8_Tcell
358.26023808090275,-150.4964038557306,0.0,CD8_Tcell
152.61077656308262,-66.27832668195992,0.0,CD8_Tcell
390.5918830890166,-76.438256610254,0.0,CD8_Tcell
61.490291963014265,95.24842588371008,0.0,CD8_Tcell
-14.315531940316362,112.82336064135033,0.0,CD8_Tcell
93.02620279530933,-132.83204419048133,0.0,CD8_Tcell
-35.929998770653356,244.49551517416143,0.0,CD8_Tcell
-366.548699156076,140.8121142733916,0.0,CD8_Tcell
-77.79078839490364,-14.769585135765182,0.0,CD8_Tcell
248.13439969622914,-241.15161920700837,0.0,CD8_Tcell
-90.84760221856537,59.02766126062672,0.0,CD8_Tcell
84.37123089132946,-136.37241139418725,0.0,CD8_Tcell
-138.71948794565608,301.46410148828016,0.0,CD8_Tcell
-286.64293189655103,-34.762735809019176,0.0,CD8_Tcell
94.68955539033102,190.00033119371665,0.0,CD8_Tcell
-140.75629571728118,-148.99196073699653,0.0,CD8_Tcell
-235.89588613232087,-219.43175294997332,0.0,CD8_Tcell
1.981371832809166,-68.13622379377482,0.0,CD8_Tcell
-252.25189023013206,-299.3993229593445,0.0,CD8_Tcell
-357.17590090844436,122.80471746967197,0.0,CD8_Tcell
131.29391005574746,209.39195851691088,0.0,CD8_Tcell
278.9095651238977,-244.85103629646417,0.0,CD8_Tcell
185.694567490469,-318.5698865838832,0.0,CD8_Tcell
217.98340458558982,-252.94137731838356,0.0,CD8_Tcell
248.35369066111178,-5.023833031521789,0.0,CD8_Tcell
-216.85167533232737,-208.5280777011217,0.0,CD8_Tcell
117.7317807036228,-264.3523978057132,0.0,CD8_Tcell
-48.48886951865619,-144.16362424369646,0.0,CD8_Tcell
107.33626318400037,-81.23849363162249,0.0,CD8_Tcell
-136.51328596483322,128.91393770243576,0.0,CD8_Tcell
112.45719371975291,159.48912090539145,0.0,CD8_Tcell
158.58624256257482,-194.943235039059,0.0,CD8_Tcell
231.11002848677936,59.35860709629702,0.0,CD8_Tcell
120.58780550442944,82.79089738343454,0.0,CD8_Tcell
-115.95778486714735,169.42250285630038,0.0,CD8_Tcell
196.2632614625845,-166.53432640556403,0.0,CD8_Tcell
178.7862716231138,313.12680868741,0.0,CD8_Tcell
-169.45315491639897,149.55267607721572,0.0,CD8_Tcell
346.8506432387698,122.79965075866669,0.0,CD8_Tcell
13.934301786699363,81.78325433192454,0.0,CD8_Tcell
-334.3369479301558,6.744759853892644,0.0,CD8_Tcell
-94.48218833599176,-141.6580933388766,0.0,CD8_Tcell
-41.613093594005456,69.64404494874591,0.0,CD8_Tcell
384.87717991170723,69.40105719200454,0.0,CD8_Tcell
-268.5729482960531,-148.8246183969477,0.0,CD8_Tcell
-53.08041478665488,51.894126507301365,0.0,CD8_Tcell
195.64775673303296,133.26695829573964,0.0,CD8_Tcell
6.380739148209601,131.11562222509153,0.0,CD8_Tcell
-62.656701866331204,249.7225562270988,0.0,CD8_Tcell
-139.76401279422814,215.02049581547888,0.0,CD8_Tcell
245.07558317762948,-266.5257295840064,0.0,CD8_Tcell
133.0349355268887,-307.67478765829475,0.0,CD8_Tcell
-137.56934834026683,133.63154340769557,0.0,CD8_Tcell
278.97192500904043,-74.93582902788106,0.0,CD8_Tcell
100.25386686784768,38.16057839623011,0.0,CD8_Tcell
-373.0587584648923,-125.99701396753579,0.0,CD8_Tcell
-118.38469286933575,-254.56976708668952,0.0,CD8_Tcell
90.21371983625434,171.86824823567486,0.0,CD8_Tcell
156.8173150530805,-81.06207337761205,0.0,CD8_Tcell
-157.92322037347856,39.84465787109762,0.0,CD8_Tcell
-210.9551824836828,-35.921579807986866,0.0,CD8_Tcell
-318.9160907525264,78.35050517906262,0.0,CD8_Tcell
167.78196419661458,-209.70653623545894,0.0,CD8_Tcell
363.47735396077854,26.254427871600516,0.0,CD8_Tcell
-66.90651555958092,375.3847652161992,0.0,CD8_Tcell
-174.56338000981424,-262.34014706730306,0.0,CD8_Tcell
-160.40960342945135,-271.3406006851884,0.0,CD8_Tcell
99.6084664659167,-333.5350012792408,0.0,CD8_Tcell
-298.3286123968862,-240.14329250671915,0.0,CD8_Tcell
-48.51793074803737,-63.17874429956504,0.0,CD8_Tcell
244.57788323311158,309.5866078773118,0.0,CD8_Tcell
21.334598754320705,-335.90200389591104,0.0,CD8_Tcell
326.3755933956204,28.268467914101617,0.0,CD8_Tcell
-115.61535574836357,-125.46772288318495,0.0,CD8_Tcell
128.34502768310156,-175.87613605133794,0.0,CD8_Tcell
-34.4269954581732,-10.23446102264264,0.0,CD8_Tcell
-222.42417951218454,217.1722106190127,0.0,CD8_Tcell
-160.24529826868638,256.5569920651462,0.0,CD8_Tcell
-327.5617995743971,-112.32956058713921,0.0,CD8_Tcell
-104.00942168621137,256.22529787473144,0.0,CD8_Tcell
-186.63515564601312,-298.7768496105529,0.0,CD8_Tcell
-251.26414721729958,180.041128289498,0.0,CD8_Tcell
353.9538448137029,-62.66829522442674,0.0,CD8_Tcell
169.48788523126348,279.53051228173086,0.0,CD8_Tcell
-221.0953277849377,68.75709055184619,0.0,CD8_Tcell
188.56025105177153,-91.55732430690301,0.0,CD8_Tcell
212.55917065228496,-283.67630135909155,0.0,CD8_Tcell
193.81426818700973,5.246881162830416,0.0,CD8_Tcell
-49.092058651712016,210.6963534702626,0.0,CD8_Tcell
-145.30580041027528,206.09900868148532,0.0,CD8_Tcell
148.6456102487771,66.47136770345696,0.0,CD8_Tcell
-50.42856187018126,-121.54805501658142,0.0,CD8_Tcell
108.57294883752999,190.4835925894335,0.0,CD8_Tcell
-108.64881707779956,327.38983689968734,0.0,CD8_Tcell
-167.8841698699691,278.1038576984541,0.0,CD8_Tcell
-277.5844667516999,-284.846119240467,0.0,CD8_Tcell
-277.7541805302234,277.64195434889194,0.0,CD8_Tcell
-143.25897480190682,163.44744070353394,0.0,CD8_Tcell
-288.3777047552957,199.65456162371686,0.0,CD8_Tcell
-254.17335919576726,245.64360572127535,0.0,CD8_Tcell
21.125017182233325,-299.48579381405506,0.0,CD8_Tcell
-215.5506213649689,-297.94056292275513,0.0,CD8_Tcell
-133.9905914825576,353.7754720022429,0.0,CD8_Tcell
290.48014423380704,182.09725120725864,0.0,CD8_Tcell
-10.510678518313084,-211.544120940929,0.0,CD8_Tcell
-183.3308118467453,64.88892362240414,0.0,CD8_Tcell
355.48466582865325,15.558723726753398,0.0,CD8_Tcell
-186.06448920124717,-45.32903664360827,0.0,CD8_Tcell
-138.63601865292577,123.43418513844769,0.0,CD8_Tcell
134.56571155303564,-287.59497653385483,0.0,CD8_Tcell
79.81483503082406,48.62627222445917,0.0,CD8_Tcell
-345.07589600000904,-129.497463072922,0.0,CD8_Tcell
-91.95480543882447,254.41170745116298,0.0,CD8_Tcell
-315.3890527155662,-164.62956797641885,0.0,CD8_Tcell
-43.624924934344975,-247.08323332094776,0.0,CD8_Tcell
-70.47325677267304,-138.9679503311047,0.0,CD8_Tcell
166.53368396549527,234.73176110209673,0.0,CD8_Tcell
299.75333747687927,128.7473506118043,0.0,CD8_Tcell
-42.0634564169596,216.0371938882676,0.0,CD8_Tcell
-229.0934407612685,-112.14007210767191,0.0,CD8_Tcell
94.39215563566783,-160.6057533228481,0.0,CD8_Tcell
149.08010162042942,139.5867954348044,0.0,CD8_Tcell
-142.1983894709918,172.74476969337414,0.0,CD8_Tcell
0.891152711353654,156.46426045134885,0.0,CD8_Tcell
-162.26673220373283,-122.12280128998215,0.0,CD8_Tcell
214.1237080372264,-75.62617733605131,0.0,CD8_Tcell
-57.44480377938955,54.42312996082804,0.0,CD8_Tcell
-182.1370360176972,63.70036222976067,0.0,CD8_Tcell
105.33097264752568,23.978024312186776,0.0,CD8_Tcell
-55.04388259576961,168.15957392708518,0.0,CD8_Tcell
-273.38318217817977,150.42426763189943,0.0,CD8_Tcell
281.1470013901136,-150.97538499668056,0.0,CD8_Tcell
-242.49508343226935,-132.75127606696606,0.0,CD8_Tcell
52.86445508203696,77.00471260118218,0.0,CD8_Tcell
258.46636848404967,79.95808447580862,0.0,CD8_Tcell
-114.38391675466329,-173.08022036716937,0.0,CD8_Tcell
-162.63610386195458,-219.18352521540947,0.0,CD8_Tcell
-361.87463874134914,-77.79386914160528,0.0,CD8_Tcell
266.09380342907394,-17.370371102443368,0.0,CD8_Tcell
-231.36291116540582,-279.4203610617503,0.0,CD8_Tcell
-232.90511272237524,-59.51462920296761,0.0,CD8_Tcell
-9.20283346450192,-346.31433094215566,0.0,CD8_Tcell
116.8400169603456,336.80699397937553,0.0,CD8_Tcell
200.40361513509578,-344.40723900537677,0.0,CD8_Tcell
-61.1679701116844,-241.98045352828302,0.0,CD8_Tcell
3.0660468810336305,-325.2753404501833,0.0,CD8_Tcell
-100.78573505606334,-218.10109626452825,0.0,CD8_Tcell
-252.4109676794172,-279.0917129140214,0.0,CD8_Tcell
356.4564622000641,-1.7014512875321948,0.0,CD8_Tcell
-48.18550652180184,-188.82196393277877,0.0,CD8_Tcell
89.38756845236583,-217.51713658117853,0.0,CD8_Tcell
-68.48626780063785,176.53885337249378,0.0,CD8_Tcell
-30.50468990750006,136.14605214975353,0.0,CD8_Tcell
-51.07031184693282,-162.7318296841843,0.0,CD8_Tcell
6.1074958523989835,-343.30440279697035,0.0,CD8_Tcell
300.89701601421007,-210.4410378466794,0.0,CD8_Tcell
144.46734996376566,224.80956125110106,0.0,CD8_Tcell
-72.80035041840041,362.08343794203336,0.0,CD8_Tcell
95.8432489936982,-31.438033895427836,0.0,CD8_Tcell
-147.53835931246374,-223.5511265191089,0.0,CD8_Tcell
-208.37554933834738,-118.74184441379384,0.0,CD8_Tcell
233.8461630858304,-139.97556796351353,0.0,CD8_Tcell
14.178409686079744,91.86455730814995,0.0,CD8_Tcell
-237.65044395307098,-149.82296490928397,0.0,CD8_Tcell
257.86000354537947,88.03630905081441,0.0,CD8_Tcell
-213.51155585825552,12.736307699470172,0.0,CD8_Tcell
169.74526852477607,39.329336606927995,0.0,CD8_Tcell
-77.96102819527164,-212.37634548960685,0.0,CD8_Tcell
-345.26136072486895,85.41404602663926,0.0,CD8_Tcell
-375.1431050654219,-82.1671843811043,0.0,CD8_Tcell
16.596381899613412,152.11675425254677,0.0,CD8_Tcell
-181.19246673574827,18.10240326298549,0.0,CD8_Tcell
-188.1476134401346,273.63176167066894,0.0,CD8_Tcell
246.02168871121447,-3.0776576691922934,0.0,CD8_Tcell
61.89041586169793,195.4957352983968,0.0,CD8_Tcell
-358.3152967478419,9.6493917945329,0.0,CD8_Tcell
216.86158553370458,51.85222502684533,0.0,CD8_Tcell
241.2252388710273,105.7474456278524,0.0,CD8_Tcell
312.1106131201233,185.76450962753697,0.0,CD8_Tcell
327.9794046233179,-95.71190298701772,0.0,CD8_Tcell
-149.88840341050098,-351.4561259031149,0.0,CD8_Tcell
240.4745374481598,116.03569109658561,0.0,CD8_Tcell
253.8229611886421,64.50047108476863,0.0,CD8_Tcell
182.56185908643056,-334.2268985243088,0.0,CD8_Tcell
-77.44293228300995,389.4404093561785,0.0,CD8_Tcell
156.69228919185747,-234.41498341093273,0.0,CD8_Tcell
377.81609554293726,98.42951176362975,0.0,CD8_Tcell
-125.60474309385798,-282.4488823947306,0.0,CD8_Tcell
226.90213640976106,-234.92620618908714,0.0,CD8_Tcell
332.5515799918696,-107.24733425123146,0.0,CD8_Tcell
25.836644644829104,267.0322558833216,0.0,CD8_Tcell
-211.5897949796327,-286.9762470700324,0.0,CD8_Tcell
327.04646881527333,-27.248856862500308,0.0,CD8_Tcell
-192.9366903260473,-123.24560310375034,0.0,CD8_Tcell
136.7058877291581,-166.83526588090078,0.0,CD8_Tcell
-102.47365433975118,151.7143396386123,0.0,CD8_Tcell
229.49737051613477,-199.17247551119726,0.0,CD8_Tcell
-363.38072611260475,30.232423436471667,0.0,CD8_Tcell
67.01848407164933,-289.21046876874715,0.0,CD8_Tcell
280.8489355506011,-79.48335887797795,0.0,CD8_Tcell
-332.09690373980516,-182.74334894314774,0.0,CD8_Tcell
-367.45286175472324,107.99590531770424,0.0,CD8_Tcell
41.97632487723,-375.6840215863111,0.0,CD8_Tcell
-316.4423850817046,-36.49453978354706,0.0,CD8_Tcell
-95.42138153081257,-197.22658769484366,0.0,CD8_Tcell
-75.484076107763,37.24995227113842,0.0,CD8_Tcell
-201.81898659042727,109.4315932324005,0.0,CD8_Tcell
-302.8013344638145,29.469484743362592,0.0,CD8_Tcell
-157.5709529205834,351.24427176266204,0.0,CD8_Tcell
162.0092015655524,31.30568676051393,0.0,CD8_Tcell
-136.195285296958,-78.1330707491774,0.0,CD8_Tcell
-97.48990874538161,70.79620142272174,0.0,CD8_Tcell
316.1847557011221,-29.24447993066556,0.0,CD8_Tcell
90.84258099513998,-357.65622735578535,0.0,CD8_Tcell
-21.91733084074353,9.483845311612228,0.0,CD8_Tcell
-54.812629037702706,-86.69173802536542,0.0,CD8_Tcell
-34.72566347412617,68.38127420488094,0.0,CD8_Tcell
26.680078269529726,-57.32724913236516,0.0,CD8_Tcell
-334.91468956171974,32.22552670287193,0.0,CD8_Tcell
346.1485204467772,84.58746767068627,0.0,CD8_Tcell
-95.85336471652133,-264.15783345749406,0.0,CD8_Tcell
336.53870165558317,209.43058322931677,0.0,CD8_Tcell
154.04067756341033,180.45058001948857,0.0,CD8_Tcell
-297.33452353580947,68.78865824074846,0.0,CD8_Tcell
49.28155660420444,-134.53794298185963,0.0,CD8_Tcell
113.19278826293564,114.95260043083022,0.0,CD8_Tcell
-113.74859660516132,358.07413596373596,0.0,CD8_Tcell
-284.7236046747371,33.16845371515325,0.0,CD8_Tcell
31.23270752734789,113.73536655758204,0.0,CD8_Tcell
96.74308866821185,121.25290978672781,0.0,CD8_Tcell
-26.66249509145961,-355.70383644412215,0.0,CD8_Tcell
326.61157578274447,-18.844051238941475,0.0,CD8_Tcell
-57.226082534352614,10.711889947058944,0.0,CD8_Tcell
-121.2226328202505,-167.65164062831596,0.0,CD8_Tcell
-69.75848803832292,-74.18327432925706,0.0,CD8_Tcell
380.1497509102436,-90.32829671490262,0.0,CD8_Tcell
379.16183993354866,113.13485219620776,0.0,CD8_Tcell
-236.1302574640593,303.65994591505023,0.0,CD8_Tcell
27.296757015201532,152.30907281419957,0.0,CD8_Tcell
-267.95478132112197,-82.63834796275128,0.0,CD8_Tcell
-386.7571298556409,63.86666593485411,0.0,CD8_Tcell
-137.9838677902178,140.34539877379558,0.0,CD8_Tcell
-154.23119333829982,-10.12988756472184,0.0,CD8_Tcell
186.08251952855392,-90.4235458144413,0.0,CD8_Tcell
160.02390189301028,-180.88216217130724,0.0,CD8_Tcell
121.5066331896312,-148.6866989816659,0.0,CD8_Tcell
-170.85988493291603,273.01307971008725,0.0,CD8_Tcell
273.6458593816296,-271.80485420229166,0.0,CD8_Tcell
150.74371106030918,300.62659825212916,0.0,CD8_Tcell
172.901339702186,339.0952666942579,0.0,CD8_Tcell
388.3438659573015,69.53463291316822,0.0,CD8_Tcell
13.61868926618022,58.266516493979005,0.0,CD8_Tcell
138.0163328101757,75.01679610134433,0.0,CD8_Tcell
248.28835172021954,188.4451486513984,0.0,CD8_Tcell
-346.93319298305227,-181.5035220743143,0.0,CD8_Tcell
159.93354658821443,-216.65252661276838,0.0,CD8_Tcell
-262.5710093417042,183.86237070613467,0.0,CD8_Tcell
-348.5360956659146,-110.60942838176803,0.0,CD8_Tcell
-125.3699687791437,-271.5522560701158,0.0,CD8_Tcell
-250.59795988131106,-200.75603946723228,0.0,CD8_Tcell
153.45467065627287,-24.07863829930613,0.0,CD8_Tcell
6.2234416010540885,141.0736051697277,0.0,CD8_Tcell
390.4583539808565,-18.301174419280375,0.0,CD8_Tcell
-114.98665441109178,76.44372453835955,0.0,CD8_Tcell
-386.9950997659685,50.89430017394022,0.0,CD8_Tcell
255.3307350404688,-111.46703801290678,0.0,CD8_Tcell
38.38687639712837,-319.1334973676357,0.0,CD8_Tcell
210.6601496821574,-124.84901712681167,0.0,CD8_Tcell
250.79019269887337,-145.7514541936539,0.0,CD8_Tcell
265.95250072585947,191.45595508203894,0.0,CD8_Tcell
133.7030014256735,-104.17283826583845,0.0,CD8_Tcell
-310.7037317154733,-233.4197026905568,0.0,CD8_Tcell
-157.95110108239427,-356.37837593730853,0.0,CD8_Tcell
59.37637757774293,-311.2836262178877,0.0,CD8_Tcell
-56.01344000808961,367.24833959844017,0.0,CD8_Tcell
-208.42402995244547,-33.95093551182542,0.0,CD8_Tcell
-128.36017400518443,358.2464556707267,0.0,CD8_Tcell
-44.192189272977124,-327.4682629644658,0.0,CD8_Tcell
-50.17859559119265,-217.0608998462463,0.0,CD8_Tcell
-160.65284308086558,-291.32875842867253,0.0,CD8_Tcell
226.0604877639546,-64.86437894795155,0.0,CD8_Tcell
149.08266056056965,55.57995233705517,0.0,CD8_Tcell
220.68454344593712,74.83930093358775,0.0,CD8_Tcell
40.031140733945165,165.60661167829883,0.0,CD8_Tcell
-32.779181793386776,28.205599262117445,0.0,CD8_Tcell
17.76694685512823,123.14412036605646,0.0,CD8_Tcell
-29.84044977255336,-49.72794818766199,0.0,CD8_Tcell
56.813584408433925,-350.70543701113945,0.0,CD8_Tcell
344.71898389739283,-74.9549944575459,0.0,CD8_Tcell
348.66065394564805,-17.96540882647492,0.0,CD8_Tcell
-301.40107413291173,-63.11604240622692,0.0,CD8_Tcell
130.31679558040761,-351.2908117708576,0.0,CD8_Tcell
246.88796263117524,-219.9846611870132,0.0,CD8_Tcell
-48.849110317022216,221.49326632012713,0.0,CD8_Tcell
-224.0288178261689,276.4739261875497,0.0,CD8_Tcell
36.463570103476705,-152.500654174514,0.0,CD8_Tcell
-322.7020196926907,-118.04552364315569,0.0,CD8_Tcell
121.67429166465206,61.91161668111534,0.0,CD8_Tcell
41.98518793725574,316.88290885843173,0.0,CD8_Tcell
90.99054585428155,252.79402265955824,0.0,CD8_Tcell
313.39104480214326,37.55030856595186,0.0,CD8_Tcell
333.20488973999136,173.3001494273783,0.0,CD8_Tcell
-262.47295222773306,-239.46538139849787,0.0,CD8_Tcell
-215.91110458844207,59.00544802199585,0.0,CD8_Tcell
260.3750725204816,267.63105074851853,0.0,CD8_Tcell
319.90451668760625,234.16671642960142,0.0,CD8_Tcell
34.533603545519455,-202.06272619405897,0.0,CD8_Tcell
-301.6243418133129,-198.0804838598417,0.0,CD8_Tcell
-29.87382062190606,-45.38354249434889,0.0,CD8_Tcell
-308.8091204868707,125.98953727201808,0.0,CD8_Tcell
-215.51342925975595,-96.17080689225891,0.0,CD8_Tcell
-382.52559651787845,4.223087775595674,0.0,CD8_Tcell
-28.66214919191904,163.52506267180166,0.0,CD8_Tcell
-154.8240343190658,209.60885781214228,0.0,CD8_Tcell
228.58449903785456,-24.463868957610067,0.0,CD8_Tcell
-80.53892273143866,210.61114588550387,0.0,CD8_Tcell
-2.1265280801745847,-202.39165430725322,0.0,CD8_Tcell
-32.16867648325007,205.81803876505754,0.0,CD8_Tcell
300.2680499281335,6.810846559125275,0.0,CD8_Tcell
-295.98245010660526,151.39202087416544,0.0,CD8_Tcell
67.83682333436258,-22.67246040044786,0.0,CD8_Tcell
18.761073004403215,95.11859997604712,0.0,CD8_Tcell
137.6753446803852,225.20507507494116,0.0,CD8_Tcell
255.62274288725257,85.40075701036214,0.0,CD8_Tcell
-299.3722873828478,-23.3022933031591,0.0,CD8_Tcell
-31.76430846072818,359.6924279252953,0.0,CD8_Tcell
142.39982826066628,309.51243116196736,0.0,CD8_Tcell
-30.750827644004662,154.20084593621252,0.0,CD8_Tcell
-179.75280236495252,305.77947926625586,0.0,CD8_Tcell
136.386392124525,323.63142815146057,0.0,CD8_Tcell
-103.80557916007967,-185.06960382279075,0.0,CD8_Tcell
116.84517890474989,14.565295398221629,0.0,CD8_Tcell
122.40589927390155,-17.28439598807076,0.0,CD8_Tcell
169.13283698026012,251.21700870005733,0.0,CD8_Tcell
-305.2450199216089,101.1835992480715,0.0,CD8_Tcell
-78.74342953313837,-175.22251106007207,0.0,CD8_Tcell
150.4938147531978,25.952912847709804,0.0,CD8_Tcell
244.90383260163009,-177.9650030037612,0.0,CD8_Tcell
87.63590216761989,363.3033094125374,0.0,CD8_Tcell
211.1146696247226,-72.25570432535439,0.0,CD8_Tcell
-138.3014341555963,235.80087250942896,0.0,CD8_Tcell
-120.49499249865406,377.6948340690032,0.0,CD8_Tcell
182.37736990972977,-252.63246891202206,0.0,CD8_Tcell
-122.527203632561,-3.1099722272544397,0.0,CD8_Tcell
17.2118768976867,-335.59894471674437,0.0,CD8_Tcell
-128.67360882872217,176.87252089420338,0.0,CD8_Tcell
380.90053819236016,-68.11862576863562,0.0,CD8_Tcell
-165.49580574303576,-291.6532858403397,0.0,CD8_Tcell
-207.62177061934986,-266.7033933397312,0.0,CD8_Tcell
366.53586593676977,-83.18884048426457,0.0,CD8_Tcell
-232.6435263391523,73.11857559818577,0.0,CD8_Tcell
338.38256592404286,121.335202933009,0.0,CD8_Tcell
-341.3897893119436,-185.11591787132966,0.0,CD8_Tcell
-188.80253631766448,25.482714567415524,0.0,CD8_Tcell
217.58785738304596,283.75026827987614,0.0,CD8_Tcell
-295.3130920128012,230.2506391591748,0.0,Treg
-68.71167493783577,90.64292972322063,0.0,Treg
-135.9651259093264,-183.5853168017315,0.0,Treg
-63.07946937457286,-125.76086157578501,0.0,Treg
366.4130822565096,-2.9168125893121175,0.0,Treg
120.10825430358314,-162.1600786952609,0.0,Treg
386.3886223767956,-102.65703841428402,0.0,Treg
13.179317803667706,-389.55707508837,0.0,Treg
-340.3720139874196,86.7696054061467,0.0,Treg
-244.4320127150715,248.85287566555732,0.0,Treg
-244.089847034277,-265.2775648131482,0.0,Treg
-10.252680174022846,-116.09554011400047,0.0,Treg
11.200543706219154,-132.5990757958101,0.0,Treg
-215.18913906007202,93.82467677082909,0.0,Treg
-339.7187115330329,-43.64935195674527,0.0,Treg
-361.9920052560368,-5.781318524173753,0.0,Treg
310.87766023541593,137.01620837294814,0.0,Treg
151.0361256592465,300.86845008344295,0.0,Treg
341.2621508427193,189.32516938165503,0.0,Treg
174.18476444267364,-108.50727999004727,0.0,Treg
100.61473880639774,275.2451567982466,0.0,Treg
-20.249994878697663,369.2760952121656,0.0,Treg
-280.3394401357455,223.46896084250417,0.0,Treg
-304.4838245404585,-211.39372392037453,0.0,Treg
-5.8056643055339725,235.57754600554802,0.0,Treg
21.547255373193238,84.09219614796726,0.0,Treg
-65.58053437968974,-144.27672585313064,0.0,Treg
-278.30515178917653,-269.8473487089545,0.0,Treg
69.3277514514771,-227.93554440657138,0.0,Treg
-38.022466389760226,-68.21106402639914,0.0,Treg
-288.3852322615441,-107.23555984737695,0.0,Treg
-28.91768692906406,394.2071847596104,0.0,Treg
-217.3987862718621,120.59774010537923,0.0,Treg
-103.48541742670542,-44.89970123779146,0.0,Treg
223.29482403894352,61.65896544277194,0.0,Treg
-120.71785053088972,216.97509221225198,0.0,Treg
144.33889380066444,-299.29929898119775,0.0,Treg
211.8643728630454,-151.74930821919975,0.0,Treg
-202.94336030655043,257.68509127076675,0.0,Treg
253.2319157067763,171.26123083841074,0.0,Treg
-149.00827790660455,164.86332420992542,0.0,Treg
112.45685478397495,-367.2459838027128,0.0,Treg
364.2900111444427,-21.96815638445441,0.0,Treg
103.20819196753449,10.401613827168813,0.0,Treg
152.42435083054795,-75.09172300660387,0.0,Treg
159.3174445848783,-17.99326641049459,0.0,Treg
214.23312241345485,-285.0883384082027,0.0,Treg
99.42959645872641,48.003022622876124,0.0,Treg
238.59664481872534,219.60643746478203,0.0,Treg
244.48070533628436,-163.01710554393875,0.0,Treg
-60.26343014343781,132.65747955405013,0.0,Treg
58.877773621353036,-123.43974882060759,0.0,Treg
224.28247413603316,-268.4669215832705,0.0,Treg
-59.58351213988549,-322.9592114316172,0.0,Treg
-315.5792789388511,-52.8981747194999,0.0,Treg
336.28973680644924,-10.5295169862093,0.0,Treg
-199.08524445628183,-201.9604615621203,0.0,Treg
-16.039174626380596,-18.638919158501434,0.0,Treg
297.03282517773397,-5.7415135973182,0.0,Treg
-224.98428041674384,63.437231761700865,0.0,Treg
370.48255703430044,-145.03922393727967,0.0,Treg
113.34754385588907,70.83976857414912,0.0,Treg
309.85433603901345,-61.3682380412681,0.0,Treg
46.62801087098937,-66.26208737890927,0.0,Treg
94.8205839461367,-23.93418623904869,0.0,Treg
-214.61983191347073,-291.5194002845405,0.0,Treg
-85.00391864224876,350.9304657860736,0.0,Treg
223.02316166976237,331.1155108772709,0.0,Treg
178.05728112142654,122.64245358847657,0.0,Treg
-111.68183139690348,369.21975153074504,0.0,Treg
296.09012283735507,132.02262674541947,0.0,Treg
-113.60670515767526,378.29966033326457,0.0,Treg
-192.19385605320593,184.5234689538627,0.0,Treg
113.75891322685425,-208.11193887128948,0.0,Treg
-85.72334796266946,110.62045747182484,0.0,Treg
-123.76428888611352,-345.727629046144,0.0,Treg
-112.83066852579526,24.242688118386663,0.0,Treg
199.37731756188762,-205.16855347505572,0.0,Treg
-77.2296572928325,-2.588893036872976,0.0,Treg
31.689663229444328,154.35485859179911,0.0,Treg
231.19100149392318,3.294323556437607,0.0,Treg
100.73612931943946,90.55853385511982,0.0,Treg
-375.0827345438228,7.630001768821768,0.0,Treg
195.7929557053939,15.507278181314609,0.0,Treg
-144.6785259648178,-339.17967404423,0.0,Treg
229.72142939479937,2.682374023762479,0.0,Treg
-143.60325047692962,-309.0512554383168,0.0,Treg
104.51973397099009,-284.2583749582129,0.0,Treg
-38.45180198256006,81.63135216843725,0.0,Treg
149.39064876552712,-88.19417003145844,0.0,Treg
-240.1039654033416,138.26807122187873,0.0,Treg
276.28395272135714,-96.14232776324458,0.0,Treg
207.25599239452166,216.55802633244735,0.0,Treg
288.3401298592695,105.5931388402758,0.0,Treg
198.49909073528116,-237.6966740809133,0.0,Treg
-79.10650605173106,-166.800201166975,0.0,Treg
89.71700891959233,83.94608966371305,0.0,Treg
263.2842457413822,-108.42057852641244,0.0,Treg
201.63181949696585,222.82105979492138,0.0,Treg
10.578352685020153,-43.94859133356995,0.0,Treg
-9.697047984473379,-393.02797165320254,0.0,Treg
-155.14902653142676,40.028073128407435,0.0,Treg
-269.4534717998285,99.63929401348494,0.0,Treg
-348.9703231302818,136.10939285089736,0.0,Treg
1.292776181352541,-393.0818606677528,0.0,Treg
196.52870343184247,141.83863389031015,0.0,Treg
-342.47386456782255,58.88385239687472,0.0,Treg
91.21326685522554,-147.862684092139,0.0,Treg
-92.9828711777575,-51.64143909689598,0.0,Treg
-140.67576523986517,120.1104736077304,0.0,Treg
368.8949206409111,-131.9927859475549,0.0,Treg
-219.90662524805802,214.025312723279,0.0,Treg
-190.14300199969557,160.9889182336086,0.0,Treg
-379.6107760421595,-96.65673086244715,0.0,Treg
-209.64185861421944,300.88431312224725,0.0,Treg
1.8601827940862345,85.64337058916158,0.0,Treg
153.48726531576338,56.77838365289304,0.0,Treg
131.8032372671691,-157.11761213986742,0.0,Treg
235.30815635063846,-264.48430980518174,0.0,Treg
47.190648041434024,257.0301158851001,0.0,Treg
-204.75273008731662,88.75934047806165,0.0,Treg
111.93329669598421,-369.62854483836725,0.0,Treg
-187.21472237158574,-323.90072828969727,0.0,Treg
329.55127706461656,198.24140168288233,0.0,Treg
338.5232710310025,177.73389210486383,0.0,Treg
-0.8962314104321027,217.77658306980064,0.0,Treg
94.51592324631703,-142.41838709791537,0.0,Treg
332.28609256554205,13.267152199684164,0.0,Treg
35.62975131621899,-158.06166335587537,0.0,Treg
-24.474296025388174,-95.81666377415405,0.0,Treg
-95.46977223520759,-62.34219316322407,0.0,Treg
-44.320627123956015,193.9846300182274,0.0,Treg
47.14176179953305,-43.316807885988936,0.0,Treg
-74.50894943269047,-134.2821664464443,0.0,Treg
2.1257006927088913,-257.6439893788689,0.0,Treg
372.0554138780719,-129.42467081492052,0.0,Treg
263.3951967351201,201.16088939494966,0.0,Treg
111.46034049747021,2.4149002605767595,0.0,Treg
129.68137847949674,-146.2763843661362,0.0,Treg
226.15905735803912,-71.03214417714679,0.0,Treg
-63.8266652100492,376.62833725437633,0.0,Treg
149.2434563561924,-159.36657021924373,0.0,Treg
-202.23138265689153,-243.43506411994719,0.0,Treg
-38.26955198249912,-384.7945485121219,0.0,Treg
294.24802897826464,-138.70358503821623,0.0,Treg
159.09555933922178,348.3427773470488,0.0,Treg
125.15603782363819,-343.00411311910756,0.0,Treg
-217.77364483115826,-83.64936435395717,0.0,Treg
275.760163056976,-102.54068943889789,0.0,Treg
2.182328877377278,-69.77216697157228,0.0,Treg
-143.3948881787508,-160.16737228730017,0.0,Treg
-53.91395303730122,383.29209473737535,0.0,Treg
177.8081546047827,-177.50542234003055,0.0,Treg
-316.6318808683892,208.73180070033587,0.0,Treg
155.22190484057785,-357.2540629781763,0.0,Treg
205.66770859917554,-217.28228743796788,0.0,Treg
32.987404081776496,-24.708020235737656,0.0,Treg
-174.32033649724045,-176.90646341267353,0.0,Treg
-255.40107002622975,224.55403976096306,0.0,Treg
227.13614458349176,293.8405550269341,0.0,Treg
288.7162426303522,-226.30298669780532,0.0,Treg
-45.53125778851949,-195.4316895823894,0.0,Treg
73.79220923683305,389.2331397542062,0.0,Treg
-30.23187232702352,391.9589201353457,0.0,Treg
224.31607369830408,-272.5175173939522,0.0,Treg
286.10053686312057,-196.1036695059641,0.0,Treg
-68.46733018372944,-245.3078657226099,0.0,Treg
97.99894515672823,124.55668006993363,0.0,Treg
39.04324947186726,-359.42727389399636,0.0,Treg
-271.77131728908876,183.01848353804863,0.0,Treg
63.32989424662361,221.8090063350662,0.0,Treg
101.06017565658343,105.55299279597867,0.0,Treg
108.74014075327385,-349.41736513589217,0.0,Treg
-178.37344685390892,-308.1703238396444,0.0,Treg
-215.321459915854,46.36258748605335,0.0,Treg
-91.08900786148993,118.57543463485644,0.0,Treg
-291.0420356773742,-85.66285048060236,0.0,Treg
301.718848972131,-42.428860769790134,0.0,Treg
124.78370892975425,152.49000928043958,0.0,Treg
-209.07448588199136,-231.49223523783664,0.0,Treg
385.6799066120706,-57.108704094645006,0.0,Treg
-93.93870275222345,20.213569749599458,0.0,Treg
-45.226585186293306,268.643122549659,0.0,Treg
-118.05057377154262,74.75893549222738,0.0,Treg
-226.25264474536345,-36.315536924107384,0.0,Treg
103.41749334158459,-97.05075007117384,0.0,Treg
-275.3760213596196,70.47648177922993,0.0,Treg
227.4926811400411,14.461424480563974,0.0,Treg
23.99721475936899,-221.20375567817192,0.0,Treg
56.3833904353649,351.0035286526597,0.0,Treg
-263.73829119014437,203.78965056508778,0.0,Treg
170.18965953179284,326.8964737434889,0.0,Treg
-260.4378330101815,-288.7098134504176,0.0,Treg
210.99228627015418,38.613792320581,0.0,Treg
-227.38908109873572,-307.3657103493827,0.0,Treg
-336.09656291506747,178.8913695556096,0.0,Treg
-187.5126497354508,-285.1578968976355,0.0,Treg
147.3336770937062,-120.21525011407348,0.0,Treg
60.61292131883537,-183.98105662020777,0.0,Treg
-41.66043444788777,27.567426263891072,0.0,Treg
-24.80360377374998,-17.491524338417907,0.0,Treg
164.7780118274697,334.7818746014608,0.0,Treg
202.6130716942292,-224.75447494289736,0.0,Treg
142.09929833678746,-171.37745038941495,0.0,Treg
-279.4355756889698,5.776473638694738,0.0,Treg
137.86582199763015,49.18693856113179,0.0,Treg
81.84278888935467,19.912388214163563,0.0,Treg
-35.10343256679506,288.56254075811165,0.0,Treg
-171.36578831578805,-74.83014275849779,0.0,Treg
69.93739782877552,387.0908209634513,0.0,Treg
221.66685191180028,-114.26232257588379,0.0,Treg
-181.9281353113755,-281.80688744778365,0.0,Treg
-94.71830817454764,182.98645593486725,0.0,Treg
139.22231677552188,-256.10115694493464,0.0,Treg
-32.30902252423867,-354.3685442062524,0.0,Treg
15.618615901832507,-348.7579246639942,0.0,Treg
23.50317273189866,116.57610034643669,0.0,Treg
196.46752126706494,28.180265099157445,0.0,Treg
121.30576224239888,182.61936076135632,0.0,Treg
-43.769891673347146,374.99740122876455,0.0,Treg
166.5564732119028,156.76993572618593,0.0,Treg
-72.01562158180612,-302.99601331335526,0.0,Treg
126.69770569514844,46.163618905054236,0.0,Treg
-105.25372043906111,29.567240851013537,0.0,Treg
15.323096667559865,318.2747921960992,0.0,Treg
-85.14867064608316,-222.82605341859698,0.0,Treg
105.36619614602344,-113.51669008438718,0.0,Treg
-202.01919811818217,-157.5944800697335,0.0,Treg
18.8954766494415,-185.99848755691772,0.0,Treg
-174.69014217394917,24.669221897572882,0.0,Treg
-260.0048062746456,183.5731633787196,0.0,Treg
-297.89421041866035,224.97466655579808,0.0,Treg
70.17009132657195,152.47004362968778,0.0,Treg
295.3623034696321,-55.039607495419126,0.0,Treg
-68.90236809190252,-64.24595421668936,0.0,Treg
-172.60296603026345,-58.00434029173965,0.0,Treg
331.746432451215,-181.20510476611685,0.0,Treg
-318.9304012533643,15.907545674345466,0.0,Treg
307.21087273683816,81.80591089549628,0.0,Treg
91.02478319605808,-95.8503243218204,0.0,Treg
-350.68337051077776,191.46265340393168,0.0,Treg
-56.45760301723287,-54.75169734135148,0.0,Treg
274.1070688111938,-224.34504770432832,0.0,Treg
190.05929589061844,-205.69999608245917,0.0,Treg
-218.2897896479034,-126.34466767516328,0.0,Treg
-178.26162918973836,-226.94162718946384,0.0,Treg
281.13241060529066,-281.2830394380554,0.0,Treg
223.61917759302028,-180.66784823711927,0.0,Treg
70.57192410709318,-24.053699150566967,0.0,Treg
273.387051751447,-91.15343111368821,0.0,Treg
-148.337909850044,-123.51088723222281,0.0,Treg
51.01350516465294,210.15545963008734,0.0,Treg
-270.19525833140654,-89.17302690332252,0.0,Treg
-57.52939966951403,144.06722791009523,0.0,Treg
302.78860299604503,198.93967614235328,0.0,Treg
-52.99429874505089,-239.66353786605157,0.0,Treg
114.83954999678735,39.27866363424895,0.0,Treg
-1.6935478130305155,-357.41483966347926,0.0,Treg
-283.54584416590586,140.609021149076,0.0,Treg
129.19714929278112,231.5934301164673,0.0,Treg
-254.56873720400472,-195.66040699548753,0.0,Treg
278.690343542691,-156.81125854388395,0.0,Treg
292.54940493919196,69.1873395932929,0.0,Treg
-0.21968478612341114,279.4196366738227,0.0,Treg
330.19790912700165,168.2091298800812,0.0,Treg
314.3126810568958,239.4790982589435,0.0,Treg
-353.20346242606104,31.52871854282775,0.0,Treg
-135.43586206427025,-33.28966703425685,0.0,Treg
153.62649768693075,-136.16278114400913,0.0,Treg
231.65425971869703,235.58668745114144,0.0,Treg
63.607201489127775,-216.82776919583094,0.0,Treg
0.7993555352247466,360.68069797265974,0.0,Treg
-39.16796915807173,384.651887954021,0.0,Treg
296.487292017521,182.2709575447895,0.0,Treg
217.00011017634696,-65.47154373858919,0.0,Treg
-59.45427649042145,-357.2583932792446,0.0,Treg
57.529901428946076,-89.33334166943118,0.0,Treg
46.19390605593185,216.482967203936,0.0,Treg
-101.18291566576805,223.88418396427264,0.0,Treg
28.969138370968533,259.4599827056964,0.0,Treg
87.18321864713364,140.41580538505914,0.0,Treg
-18.33503445886755,228.15707208160148,0.0,Treg
46.959943992716525,-201.2471323957076,0.0,Treg
-196.74536399982233,-340.35001307965683,0.0,Treg
114.22700309628661,-330.8090747899005,0.0,Treg
102.22010430832363,-58.18497126967364,0.0,Treg
-208.76838418263884,280.09136744570606,0.0,Treg
-153.80948884750413,291.4202451595126,0.0,Treg
30.2475459411876,-303.1497194258168,0.0,Treg
7.220357566747102,260.9284190792931,0.0,Treg
-77.06717141452269,177.88150234720652,0.0,Treg
83.49699045887027,-28.054040210448015,0.0,Treg
-109.08280755534302,65.53675477878987,0.0,Treg
181.4414718732388,203.20124189765787,0.0,Treg
-141.20294813575646,299.7592473857444,0.0,Treg
-131.93902639239656,262.63595557496836,0.0,Treg
-43.11745095812847,34.40490265834953,0.0,Treg
122.24678235555331,-263.5984161263515,0.0,Treg
241.7103195175887,250.40844357992864,0.0,Treg
5.678467748742846,-40.26499229575944,0.0,Treg
231.3315894437303,223.45417973458865,0.0,Treg
-182.48661441198644,-10.148818084382356,0.0,Treg
7.168570571203918,82.05821828592998,0.0,Treg
319.92988137865,202.00171765553858,0.0,Treg
49.969427778653255,36.18801964170138,0.0,Treg
175.45313450959924,192.05227641510933,0.0,Treg
288.3785753712732,245.4367316025417,0.0,apCAF
208.3452677002853,-23.42849610390942,0.0,apCAF
44.42716864746609,-322.22486926907385,0.0,apCAF
-152.01626605830904,19.161170712357002,0.0,apCAF
86.64937749068459,-240.3382541766956,0.0,apCAF
-85.54338451785395,-257.8993501611202,0.0,apCAF
-63.75392172379994,45.9025946017267,0.0,apCAF
-82.3393730562761,-239.11006819500727,0.0,apCAF
-207.15639026047472,-305.1523276520941,0.0,apCAF
-246.92669385432123,66.42898236577932,0.0,apCAF
-289.9100614135181,220.43475005665348,0.0,apCAF
222.32242109504645,-326.7044650112024,0.0,apCAF
-340.5945435831842,73.87097463450098,0.0,apCAF
370.3948375896022,94.04049281361756,0.0,apCAF
-112.04729649019464,-294.0769665415828,0.0,apCAF
-222.099888937792,293.96021055905794,0.0,apCAF
-389.7798730991837,0.16012527423290188,0.0,apCAF
-16.496396591783466,227.58243714627682,0.0,apCAF
36.86314853755834,-356.01738156506735,0.0,apCAF
-280.56679024119717,79.05175158325281,0.0,apCAF
-297.47560745143085,193.72908333540536,0.0,apCAF
-288.40507096664044,-258.18001846223933,0.0,apCAF
-73.42960982462637,-120.30525614658916,0.0,apCAF
-391.78025418242726,-66.72798239102755,0.0,apCAF
73.48377885618258,179.20813645347852,0.0,apCAF
-248.21301283560024,57.84194798867517,0.0,apCAF
337.08264506009294,209.70257163176788,0.0,apCAF
-61.68496386501525,380.03564098969804,0.0,apCAF
161.23279397258798,44.70737676773332,0.0,apCAF
-163.13194171397896,60.50235144998406,0.0,apCAF
-42.45865961280706,-45.090974594580466,0.0,apCAF
206.04996268653517,157.8113223314971,0.0,apCAF
-294.08831159583633,-260.47488037503695,0.0,apCAF
61.2442179428911,330.19099703239607,0.0,apCAF
369.311399514583,-102.4481500482464,0.0,apCAF
126.56247439494436,-375.15526951540573,0.0,apCAF
-77.8316564703746,354.02797239749884,0.0,apCAF
33.4435653651107,-195.0508607468981,0.0,apCAF
333.30565854115054,88.25648771722403,0.0,apCAF
-194.22090993272724,-45.521033956688754,0.0,apCAF
-223.38959046824158,35.022413099890926,0.0,apCAF
-256.6835334878956,-142.1296140524957,0.0,apCAF
244.38809629512764,-280.9310633796397,0.0,apCAF
-193.0099038214809,178.74168386053708,0.0,apCAF
-290.9775629411257,159.12241046710145,0.0,apCAF
95.20867728211213,223.13909293345583,0.0,apCAF
179.0354548141039,-112.16805421788388,0.0,apCAF
23.605695912345542,212.16857617535922,0.0,apCAF
-331.36531312826656,140.63658811581558,0.0,apCAF
-224.77733535813974,-91.85140358065479,0.0,apCAF
110.68415862556216,-209.21443292654112,0.0,apCAF
-215.79623986309392,-230.15611146014186,0.0,apCAF
-334.90091915894857,-20.460328840269234,0.0,apCAF
-13.334963704894234,228.8549840633539,0.0,apCAF
68.9025657983023,-236.02772162588604,0.0,apCAF
274.84056176522853,-29.12267979120251,0.0,apCAF
-80.59407797270893,227.4832093507413,0.0,apCAF
365.15626049374043,118.37005128550886,0.0,apCAF
-281.3582218520029,61.96293213521658,0.0,apCAF
260.55542695897464,293.2902707634041,0.0,apCAF
-334.2267806212153,201.94311312440226,0.0,apCAF
-297.5906786342204,-84.70137161020249,0.0,apCAF
-299.0105922402288,-242.23416357048498,0.0,apCAF
58.58873407191319,207.93436274378288,0.0,apCAF
-54.38919056872094,391.3527371965828,0.0,apCAF
-372.9458893936772,-80.94978380084444,0.0,apCAF
7.071046948034184,255.12374575806797,0.0,apCAF
110.17771512821544,-38.445048131510816,0.0,apCAF
-294.2356183829002,227.8795049868907,0.0,apCAF
176.2701423101158,-165.8693288574037,0.0,apCAF
-212.24616609328038,-260.16557478850154,0.0,apCAF
5.446081633497687,-80.01138526352412,0.0,apCAF
70.48068097444896,359.1419372631244,0.0,apCAF
-274.14755676477563,-15.584718977618516,0.0,epithelial_tumor
-185.96154164863168,162.29573451325922,0.0,epithelial_tumor_class1_class2
6.917005354008915,299.0054003495236,0.0,epithelial_tumor_class1_class2
-246.21751585460268,-95.17300923188562,0.0,epithelial_tumor_class2
123.45899258537517,365.2765572731413,0.0,epithelial_tumor_class2
250.10061550566357,-204.47890162416076,0.0,epithelial_tumor_class2
226.3362227022316,-296.4668655823293,0.0,mesenchymal_tumor
10.410068308412592,384.3762748664083,0.0,mesenchymal_tumor
-125.89090980054881,343.1627130354329,0.0,mesenchymal_tumor
-245.04799505520924,25.617159106352897,0.0,mesenchymal_tumor
-15.571236226742002,187.81121954494088,0.0,mesenchymal_tumor
-30.033718088036526,188.61822932641988,0.0,mesenchymal_tumor
354.425710881224,101.40746889738871,0.0,mesenchymal_tumor
121.01448931704222,216.04244014632135,0.0,mesenchymal_tumor
-278.7892310207945,-71.57315294738092,0.0,mesenchymal_tumor
-210.87344171795678,253.56672640933903,0.0,mesenchymal_tumor
-267.7382814893838,-70.77175690177533,0.0,mesenchymal_tumor
6.681754003944593,-348.0658747658012,0.0,mesenchymal_tumor_class1
23.33864887874273,-142.52838457688068,0.0,mesenchymal_tumor_class1_class2
-256.2944269623427,-60.90504492895249,0.0,mesenchymal_tumor_class1_class2
66.22248851460196,207.64995179812544,0.0,mesenchymal_tumor_class1_class2
159.14565284891208,-254.37363675587045,0.0,mesenchymal_tumor_class1_class2
-47.377595432699444,187.84039977374542,0.0,mesenchymal_tumor_class1_class2
321.9172736456165,199.22736055422706,0.0,mesenchymal_tumor_class1_class2
-20.744060353268598,-325.99193817053026,0.0,mesenchymal_tumor_class1_class2
200.43273893253786,-277.5548816531425,0.0,mesenchymal_tumor_class1_class2
-153.3262576481943,-255.41303378143328,0.0,mesenchymal_tumor_class1_class2
201.14791362437936,268.29475202134086,0.0,mesenchymal_tumor_class1_class2
82.20373533408932,262.81810324702434,0.0,mesenchymal_tumor_class1_class2
-150.1013585299031,-84.4237093119412,0.0,mesenchymal_tumor_class1_class2
128.32359260027243,-84.55954693328628,0.0,mesenchymal_tumor_class1_class2
-50.87792464725579,156.41352677965065,0.0,mesenchymal_tumor_class1_class2
-191.2885114180883,315.7118169056324,0.0,mesenchymal_tumor_class1_class2
24.62187343274437,304.05097066633107,0.0,mesenchymal_tumor_class1_class2
-380.61595907434173,5.6862363701319,0.0,mesenchymal_tumor_class1_class2
-141.84405267966153,78.46748617044122,0.0,mesenchymal_tumor_class2
135.81346447206377,-5.048707271352416,0.0,mesenchymal_tumor_class2
-146.01379622606385,105.05273154688793,0.0,mesenchymal_tumor_class2
171.98684599897996,-102.00848307068134,0.0,mesenchymal_tumor_class2
29.464392185137484,222.14356457034248,0.0,mesenchymal_tumor_class2
-67.52111750986815,89.01457860347142,0.0,mesenchymal_tumor_class2
-193.2567831511405,83.43717764574026,0.0,PDAC_unclassified
-122.33704770257745,-122.08314855211272,0.0,PDAC_unclassified
-390.74075530964154,79.0587946198278,0.0,PDAC_unclassified
-103.50112719035552,-226.2589668198467,0.0,PDAC_unclassified
40.48487437773499,379.4958605623186,0.0,PDAC_unclassified
-323.36315364923695,17.77286520665635,0.0,PDAC_unclassified
207.65181385145638,-317.5585322140712,0.0,PDAC_unclassified
-184.74301032955495,203.82891086604968,0.0,PDAC_unclassified
182.1566692657366,-315.81829359082104,0.0,PDAC_unclassified
88.95139696447201,-273.86658896567695,0.0,PDAC_unclassified
93.78534247177369,318.45615601355627,0.0,PDAC_unclassified
363.87165692631754,-56.92252932733362,0.0,PDAC_unclassified
-165.6566300401745,-140.48965359628673,0.0,PDAC_unclassified
32.2220711386326,227.82212499953505,0.0,PDAC_unclassified
277.8929736519544,-202.90135017610083,0.0,PDAC_unclassified
249.90883860785723,-263.9442435138685,0.0,PDAC_unclassified
46.41697138608656,142.7504929352387,0.0,PDAC_unclassified
-199.57467744080907,-160.38104884801334,0.0,PDAC_unclassified
-192.87711551700022,24.080463943457342,0.0,PDAC_unclassified
-229.43701439870122,-265.60120873923165,0.0,PDAC_unclassified
-128.66140235431754,288.82987191019134,0.0,PDAC_unclassified
-128.518491295638,105.74495441585445,0.0,PDAC_unclassified
-301.6324789819251,56.56620554135604,0.0,PDAC_unclassified
-171.7291883790092,-201.72248422511257,0.0,PDAC_unclassified
-182.66321522034445,112.35176825503365,0.0,PDAC_unclassified
-78.15620852056077,263.8047148844773,0.0,PDAC_unclassified
262.7972088485466,-145.51026932016433,0.0,PDAC_unclassified
139.75694765280574,338.9971725146366,0.0,PDAC_unclassified
-341.313143393107,131.64591938523938,0.0,PDAC_unclassified
-1.5571329809205707,392.174099740187,0.0,PDAC_unclassified
-36.07818998962668,249.3241639398986,0.0,PDAC_unclassified
342.61791334295145,-162.96082180391872,0.0,PDAC_unclassified
-346.30063408630826,181.61433957325764,0.0,PDAC_unclassified
-106.44171865130666,-352.76583886435367,0.0,PDAC_unclassified
-160.35928548037444,-173.92331061300445,0.0,PDAC_unclassified
-110.78132132602143,326.65066647802314,0.0,PDAC_unclassified
-285.21913883958337,-55.43391522548292,0.0,PDAC_unclassified
-19.624142424414487,100.99947411582144,0.0,PDAC_unclassified
299.24650397489467,-191.1002546055099,0.0,PDAC_unclassified
-155.3535125656704,47.61875595519058,0.0,PDAC_unclassified
-224.91165795860883,326.2620699928906,0.0,PDAC_unclassified
-207.7226660024909,-46.88289886188165,0.0,PDAC_unclassified
-129.12135820350255,-114.23603935762631,0.0,PDAC_unclassified
-192.49291176929052,20.6665778568991,0.0,PDAC_unclassified
89.65121778338649,-323.8618374959063,0.0,PDAC_unclassified
-65.8143656762133,366.31439572926035,0.0,PDAC_unclassified
-239.4935865923976,106.05331323417644,0.0,PDAC_unclassified
147.5827647202327,-255.4178149125649,0.0,PDAC_unclassified
182.75754997439145,306.46004632035306,0.0,PDAC_unclassified
-200.48139265408972,290.4896889489436,0.0,PDAC_unclassified
72.1666647777888,-354.73836146364016,0.0,PDAC_unclassified
-193.83285332312508,105.91665250298013,0.0,PDAC_unclassified
-287.196369606807,-125.8612005456853,0.0,PDAC_unclassified
-187.6731946594701,168.44228506001895,0.0,PDAC_unclassified
-256.1735654845374,216.43797752146008,0.0,PDAC_unclassified
-65.54589457035487,132.1801560052606,0.0,PDAC_unclassified
168.5283542851073,-68.12803593160218,0.0,PDAC_unclassified
38.3774197564106,259.9770287473221,0.0,PDAC_unclassified
-102.72835039348232,-321.28640457418805,0.0,PDAC_unclassified
279.3709770157637,192.49089984238282,0.0,PDAC_unclassified
-142.70982276417098,-180.36962497171413,0.0,PDAC_unclassified
282.45931521216244,-70.4426685693712,0.0,PDAC_unclassified
-362.2868390482272,24.101455506703758,0.0,PDAC_unclassified
128.0493434191153,196.57805920205652,0.0,PDAC_unclassified
-99.65735139412335,-162.48656496817026,0.0,PDAC_unclassified
252.19523490119835,19.802752437995608,0.0,PDAC_unclassified
-52.22878596318726,130.36446207357227,0.0,PDAC_unclassified
124.93312373105776,-137.87681316566776,0.0,PDAC_unclassified
315.5255877771378,-11.960252512322572,0.0,PDAC_unclassified
293.791338062551,159.06542854253718,0.0,PDAC_unclassified
-141.66294190581505,-143.3294824247051,0.0,PDAC_unclassified
353.84324859770106,17.882278222967933,0.0,PDAC_unclassified
-197.1878211025529,60.99728804325307,0.0,PDAC_unclassified
-9.431413721796947,-349.1694751435855,0.0,PDAC_unclassified
-174.82368644013386,97.87821312574502,0.0,PDAC_unclassified
318.89284820424876,-58.92711100126792,0.0,PDAC_unclassified
-337.62423881874423,131.35669433541062,0.0,PDAC_unclassified
107.89531639903988,-349.9761501983868,0.0,PDAC_unclassified
-363.74022816975327,-30.266411863343446,0.0,PDAC_unclassified
-143.68743538429277,186.9797571562557,0.0,PDAC_unclassified
-243.68881382542043,247.93641701412088,0.0,PDAC_unclassified
-43.23456965188452,115.98778465107009,0.0,PDAC_unclassified
-40.5646472323421,10.92063487104715,0.0,PDAC_unclassified
76.85408434714465,198.7392329704262,0.0,PDAC_unclassified
302.1127303461491,-217.26247084871832,0.0,PDAC_unclassified
218.7337123507024,-190.7278246879331,0.0,PDAC_unclassified
191.3537603042686,-151.78305781916882,0.0,PDAC_unclassified
210.56233192556257,203.1769895157757,0.0,PDAC_unclassified
-152.71020647104535,128.22221875397895,0.0,PDAC_unclassified
126.96132636652568,-98.58807179107471,0.0,PDAC_unclassified
189.79570640913983,-192.48573277359915,0.0,PDAC_unclassified
126.47026326362993,-236.10530421650617,0.0,PDAC_unclassified
104.4047721227318,124.38935898553923,0.0,PDAC_unclassified
-103.53450827552012,64.61591615626,0.0,PDAC_unclassified
213.09739404918494,-246.02031117329628,0.0,PDAC_unclassified
202.38249461465375,224.20927665718537,0.0,PDAC_unclassified
-13.916492097829549,178.93922222565826,0.0,PDAC_unclassified
115.07703741394376,167.47830122435147,0.0,PDAC_unclassified
82.4622581429041,-304.9597379016253,0.0,PDAC_unclassified
188.5447701762826,-13.925638675816451,0.0,PDAC_unclassified
-25.057946287269083,-8.164833779424038,0.0,PDAC_unclassified
294.64917850932505,18.141971027878956,0.0,PDAC_unclassified
143.65370293131477,-64.17919370539187,0.0,PDAC_unclassified
131.22116968534093,-60.66927292792005,0.0,PDAC_unclassified
149.89154440266324,-360.09204217938117,0.0,PDAC_unclassified
-8.87620783834451,-168.41642290707534,0.0,PDAC_unclassified
177.5759014472342,274.85302275558905,0.0,PDAC_unclassified
-272.0220328893122,-58.26196653472504,0.0,PDAC_unclassified
167.00068514878603,-212.43730397494397,0.0,PDAC_unclassified
-153.52065442378375,-53.856188637213435,0.0,PDAC_unclassified
-157.9789703001825,-217.5574783925248,0.0,PDAC_unclassified
86.12323198024517,-149.4772427097282,0.0,PDAC_unclassified
250.50961725688867,-8.529734910530001,0.0,PDAC_unclassified
-299.7780751185398,-81.01431196031943,0.0,PDAC_unclassified
271.7301187871239,125.50191733227287,0.0,PDAC_unclassified
-127.22466315123485,-60.15133777798274,0.0,PDAC_unclassified
-372.33937655916225,-31.534885083568696,0.0,PDAC_unclassified
-235.06550819204728,68.63563539490161,0.0,PDAC_unclassified
143.41103615384517,-117.92595054759433,0.0,PDAC_unclassified
-89.56932571827831,-113.44388961031306,0.0,PDAC_unclassified
83.61681610117098,376.6409100740646,0.0,PDAC_unclassified
-350.7146920097002,-84.18440632840203,0.0,PDAC_unclassified
-233.85739258974016,-73.93235500055981,0.0,PDAC_unclassified
181.83101575078427,157.24874796779812,0.0,PDAC_unclassified
269.97747609835824,153.0445825674746,0.0,PDAC_unclassified
-354.5997128510165,96.24283252784399,0.0,PDAC_unclassified
114.83803450083796,-248.78531948353015,0.0,PDAC_unclassified
-331.24787743616656,128.71797075460213,0.0,PDAC_unclassified
55.92799551238341,-393.5270193418202,0.0,PDAC_unclassified
246.59627894282306,-197.6304704356013,0.0,PDAC_unclassified
-37.28941968237097,152.06954488120462,0.0,PDAC_unclassified
-343.59535689541684,184.34984072074243,0.0,PDAC_unclassified
-328.5472937543028,133.77002315637708,0.0,PDAC_unclassified
330.7424943250843,-116.60327548255066,0.0,PDAC_unclassified
-126.4716725137821,-220.23464617385068,0.0,PDAC_unclassified
-61.93001138552256,-58.07149252320969,0.0,PDAC_unclassified
92.69457742923774,-303.97463075352607,0.0,PDAC_unclassified
-373.4449227182599,-84.62655814038112,0.0,PDAC_unclassified
171.88315625841258,-104.95370809744145,0.0,PDAC_unclassified
-68.82972488288269,50.810812739418374,0.0,PDAC_unclassified
-113.88722100935695,302.2689288261949,0.0,PDAC_unclassified
-182.97044242903291,252.6638671713572,0.0,PDAC_unclassified
-307.62951447917226,164.03729421530105,0.0,PDAC_unclassified
-323.5846863607004,-68.22145971470316,0.0,PDAC_unclassified
328.3744041059184,139.26926574567725,0.0,PDAC_unclassified
36.59346995671032,289.7743809713894,0.0,PDAC_unclassified
180.05398489774316,273.7945481521361,0.0,PDAC_unclassified
28.303110965170347,-75.7293081365337,0.0,PDAC_unclassified
35.91814046097041,56.37773215849342,0.0,PDAC_unclassified
-137.92159558832748,62.50702743618597,0.0,PDAC_unclassified
284.72953065744935,181.50770231026527,0.0,PDAC_unclassified
120.3673758562128,-360.0740698675699,0.0,PDAC_unclassified
-354.4041827953258,178.5635131616567,0.0,PDAC_unclassified
-104.60013617062766,-224.43544081805737,0.0,PDAC_unclassified
-85.47122166371155,-20.041592194454402,0.0,PDAC_unclassified
-230.8735296083945,98.1451410693114,0.0,PDAC_unclassified
135.0313702456916,208.71142776804672,0.0,PDAC_unclassified
-294.98944270862097,98.93606745994546,0.0,PDAC_unclassified
40.14784375520818,61.92158716723466,0.0,PDAC_unclassified
176.38029618451245,-124.64151408109517,0.0,PDAC_unclassified
-117.69153447923878,-289.7691756075944,0.0,PDAC_unclassified
-269.4759483177306,53.827478696576385,0.0,PDAC_unclassified
-314.1417034026491,-41.28872661563438,0.0,PDAC_unclassified
