x,y,z,type
-75.06555049862274,-69.27793336324602,0.0,CAF
98.06424553340119,89.25239784317212,0.0,CAF
133.61415111361234,104.15761864894853,0.0,CAF
157.63896354516768,-97.03298421098745,0.0,CAF
-112.53396953661039,37.2708132367141,0.0,CAF
-79.063650228066,-159.69217343685676,0.0,CAF
-135.61148720530514,-8.177018708493298,0.0,CAF
44.394852336939834,-170.9147008906688,0.0,CAF
-35.515015311844834,34.784684237599954,0.0,CAF
17.12954868302725,-14.204474788759486,0.0,CAF
-140.07250212721297,64.88214799852095,0.0,CAF
17.474511655177142,-64.48458020888793,0.0,CAF
48.98105139587153,43.34896985883093,0.0,CAF
11.393905866887003,-73.16771273079489,0.0,CAF
159.35412686356568,-45.21421391743777,0.0,CAF
18.705785805613022,39.99171274449988,0.0,CAF
-148.0909115953567,101.2076657625069,0.0,CAF
-80.71480356369514,9.043498364657088,0.0,CAF
-44.43711221485907,-163.6983209662415,0.0,CAF
-165.41971197075586,-62.009596752629996,0.0,CAF
3.8557392410688647,-132.63720506593322,0.0,CAF
-12.931088214612926,-178.0899413380541,0.0,CAF
-33.680325345470635,-34.372788153661745,0.0,CAF
6.871654581443497,170.18174827818976,0.0,CAF
-80.40037536351689,-128.00448201521905,0.0,CAF
-129.63909710495227,-57.309373624998585,0.0,CAF
-160.3764669168592,1.7046737738509363,0.0,CAF
-116.26258370991549,-75.32513277084607,0.0,CAF
-53.79197753417608,-147.72882803847267,0.0,CAF
81.66125361359457,93.0672848358635,0.0,CAF
12.376704299737543,151.91983257372073,0.0,CAF
68.93121491034071,-44.499526123029334,0.0,CAF
-140.74352517521444,-54.00708120935625,0.0,CAF
-50.356017441457084,126.29521893958999,0.0,CAF
-16.632433315175838,-154.24925246957122,0.0,CAF
-22.81252330577556,31.07780750689548,0.0,CAF
-134.3785421678375,-69.44651239169751,0.0,CAF
-77.07401462956383,32.12148855325914,0.0,CAF
-169.36031500312788,-66.75186955754239,0.0,CAF
1.876125729778139,75.68484611226167,0.0,CAF
-148.49093670811018,67.58451413772642,0.0,CAF
38.474107394007376,76.8288759821407,0.0,CAF
184.25869797619256,49.16992413853111,0.0,CAF
99.71047678265904,22.04148793105888,0.0,CAF
-192.2279831501309,-16.462123425799287,0.0,CAF
-144.60270516774855,-33.73885482672922,0.0,CAF
91.66343595987455,-48.82040971620611,0.0,CAF
-28.65753059311709,-153.54304068505647,0.0,CAF
-23.702374410907343,-32.851297187097785,0.0,CAF
-41.65066801692949,169.54896619425753,0.0,CAF
-153.42391685859477,93.22853305450278,0.0,CAF
-57.878791821347946,55.34476678678633,0.0,CAF
47.351840073037195,-64.68620215785438,0.0,CAF
-159.7097332625907,64.18970875145854,0.0,CAF
-8.283597349426174,104.16680569123459,0.0,CAF
-43.88961973975112,108.33891639068472,0.0,CAF
-28.940344064787975,-51.97414236292704,0.0,CAF
-35.62538893559909,-65.60496629166546,0.0,CAF
62.65351703920872,-175.66348692035407,0.0,CAF
78.39430118883428,181.72310935637353,0.0,CAF
-53.56283877675322,54.517780162235745,0.0,CAF
-33.32977487814288,109.53701870389601,0.0,CAF
5.782322109748928,-117.58207715628919,0.0,CAF
-70.09224545087274,-102.46806141360351,0.0,CAF
32.69404539753693,77.7326725371355,0.0,CAF
-15.195562494727909,168.49878970430825,0.0,CAF
-191.03803423227293,-6.827072486355606,0.0,CAF
101.26328673418026,68.57806301188776,0.0,CAF
-19.1836936183998,-72.87068322167228,0.0,CAF
102.76629310240449,156.60802605954495,0.0,CAF
-131.9407653366361,113.36209081044146,0.0,CAF
-146.56221243004012,-68.79807182133614,0.0,CAF
-144.83004531875235,-135.16640976301062,0.0,CAF
-119.01500391804481,-27.228630560856807,0.0,CAF
193.49953941795414,17.31864847248992,0.0,CAF
-119.69689875012756,-0.12662615497982238,0.0,CAF
-88.85394073569917,6.075445058246089,0.0,CAF
79.85851054070538,-85.15759370669015,0.0,CAF
-144.72380025815377,90.70736079512453,0.0,CAF
109.45260078915368,164.07378943445468,0.0,CAF
103.04781377772568,44.564275781095056,0.0,CAF
-98.91066655965822,117.0012228584034,0.0,CAF
96.97428641710849,148.7646934306044,0.0,CAF
49.09156259015622,113.72004169869206,0.0,CAF
-29.400792985253304,107.42976096159786,0.0,CAF
-50.55186796321639,-27.133952627616175,0.0,CAF
-11.830414512438612,155.61438243028186,0.0,CAF
-110.69775259109223,54.24016045905213,0.0,CAF
-134.57253967792042,106.69905749320374,0.0,CAF
-73.2302083690388,-56.224305772062515,0.0,CAF
-27.29108582022904,-51.77742739992216,0.0,CAF
-80.6833561340132,173.6518593382657,0.0,CAF
36.83901371761591,-86.04763323391798,0.0,CAF
48.84375916769184,-46.45931127044813,0.0,CAF
-170.39467282874074,-53.132463784608824,0.0,CAF
-147.8285421791318,-45.664641740670874,0.0,CAF
-67.86367664879326,62.736253370008235,0.0,CAF
164.34752852543502,-17.526838462406534,0.0,CAF
-83.2003111602458,-150.0250422307383,0.0,CAF
193.76058907583786,11.135035368523486,0.0,CAF
-50.54541279941031,-161.07773544691443,0.0,CAF
-155.43049378324685,56.52779417831966,0.0,CAF
-66.1924871464809,-87.25450655002399,0.0,CAF
-121.74625390806085,99.2812470999527,0.0,CAF
192.7168899636929,27.558440469443322,0.0,CAF
27.614560203151314,23.903848056915717,0.0,CAF
176.66430088046874,4.826995855521306,0.0,CAF
55.790901731591134,-60.527894561212975,0.0,CAF
58.79924732783334,70.18206994796431,0.0,CAF
-112.54257078372682,150.1628947160124,0.0,CAF
-48.47931205183921,102.60569581032125,0.0,CAF
30.736524118667727,181.84228833078592,0.0,CAF
-57.77118997053107,187.2748960779606,0.0,CAF
145.97401333268004,-26.236004725997116,0.0,CAF
-108.53774022785505,75.36221738712152,0.0,CAF
140.2150270321844,-132.78949791637191,0.0,CAF
-45.442032892846896,-183.32824014884872,0.0,CAF
-122.4596442583511,94.02228351942519,0.0,CAF
-9.434039850439786,36.22563212187412,0.0,CAF
-111.98358190191365,-100.76959380934552,0.0,CAF
13.252905255461581,36.14984351759042,0.0,CAF
85.87132012727963,135.10842816982066,0.0,CAF
86.23917849709599,-110.08683282018194,0.0,CAF
-15.155586589075696,162.2227779556022,0.0,CAF
43.60962140883795,-49.03918872761003,0.0,CAF
4.989152366127733,158.3965543748085,0.0,CAF
102.67671727448766,-109.05212450211654,0.0,CAF
162.33615850980362,5.790715562956596,0.0,CAF
182.05728035966536,-48.472391707030674,0.0,CAF
4.9113198551609445,126.41411230678726,0.0,CAF
76.16760343167694,-58.830144853594376,0.0,CAF
71.18870184028006,-103.77040744688097,0.0,CAF
165.79576328516646,-0.5729198679391926,0.0,CAF
-26.209579522677164,-121.48856878867213,0.0,CAF
-101.10742925372713,-106.21047584472561,0.0,CAF
130.09604327409798,112.6413952405171,0.0,CAF
-6.867584225056039,-166.0928081089723,0.0,CAF
-128.8838072544225,-56.24415063865283,0.0,CAF
-76.59351111930735,-16.52387947560162,0.0,CAF
126.2562464753014,119.88704742170952,0.0,CAF
73.53110435433081,80.69262766487586,0.0,CAF
80.8732173729726,-99.13727240257307,0.0,CAF
160.13999670453742,91.96929044865328,0.0,CAF
41.7477788418261,-34.99359601838394,0.0,CAF
145.33341429825822,12.923237256662906,0.0,CAF
90.81704530103744,62.61134374139589,0.0,CAF
119.29434785480905,143.43741715768053,0.0,CAF
13.331979033695086,113.17021799500625,0.0,CAF
-120.29872715977987,-13.599842133726998,0.0,CAF
-30.9725470240154,92.3650322320338,0.0,CAF
-41.259857948950966,153.21974533018465,0.0,CAF
-12.856734226374448,110.36067366201732,0.0,CAF
33.137007842902214,-144.45984756396354,0.0,CAF
127.89636608357554,-57.48823558381046,0.0,CAF
17.739889392339723,100.84265554548183,0.0,CAF
51.62336073811336,-175.14808034096632,0.0,CAF
-24.209232460307863,-47.01762210433373,0.0,CAF
-115.99068496812409,31.390327089735578,0.0,CAF
-89.17017741150555,-153.20561573729114,0.0,CAF
-149.225247801006,11.384991972511306,0.0,CAF
26.34014009476195,-88.55585028335459,0.0,CAF
-71.95628906961771,105.5748721869987,0.0,CAF
-104.67005322020373,158.80785558453573,0.0,CAF
66.94737629506267,-20.038816544444447,0.0,CAF
-53.9671758364582,80.94683582454137,0.0,CAF
133.18340501487904,-18.18606357070604,0.0,CAF
142.02940521632058,75.38105287513179,0.0,CAF
134.2014071589476,117.56418827901571,0.0,CAF
46.904005061502886,-149.14948358430624,0.0,CAF
-90.43774835379838,122.49963588426732,0.0,CAF
-112.79166407230139,-12.820739535265728,0.0,CAF
-57.29321938272029,-6.623792573701433,0.0,CAF
-124.15843793805823,14.010298969626758,0.0,CAF
-22.735321817352798,-156.40576721419396,0.0,CAF
-6.68136125507878,27.979879072720518,0.0,CAF
118.52851340793508,87.92883411719923,0.0,CAF
-0.3036462618603229,13.750262838201868,0.0,CAF
69.34622415852037,142.77909850598317,0.0,CAF
-52.99652480027434,53.541880114310096,0.0,CAF
-38.91439638197805,-41.88803335288129,0.0,CAF
65.04891835866681,178.4288488929632,0.0,CAF
132.76453885409546,68.26305978123168,0.0,CAF
-60.20238894215922,55.66544842875303,0.0,CAF
-125.44775761394202,61.38911219537815,0.0,CAF
-130.82368320750652,-9.350163381367537,0.0,CAF
67.07873186325322,-182.23040494692796,0.0,CAF
45.544091641474466,-48.372986937212644,0.0,CAF
54.07243101980738,98.23603678467029,0.0,CAF
-56.822447674325524,-126.33662521764495,0.0,CAF
60.536862244474854,168.32894135151625,0.0,CAF
-13.211344903060622,-83.63352781398102,0.0,CAF
98.94654910639014,-40.349013345909455,0.0,CAF
134.01401206912644,-129.74331371532833,0.0,CAF
11.548964946768974,52.77023887921982,0.0,CAF
-79.74207593049984,148.42034740241633,0.0,CAF
-145.33852506642367,-126.06959256831205,0.0,CAF
157.84757464333802,73.88801708043874,0.0,CAF
34.44588893910024,72.41155168407606,0.0,CAF
88.70147931840859,-27.811996579392048,0.0,CAF
-28.567164966507026,39.17651354357548,0.0,CAF
-128.9360981955008,-33.41062063034778,0.0,CAF
-84.62298814746225,-36.89339015790048,0.0,CAF
191.55335095941825,-25.596957267335814,0.0,CAF
-56.301961545828554,68.8958060896491,0.0,CAF
65.49082197734275,-114.04228588762754,0.0,CAF
55.942138373774995,148.9627268123724,0.0,CAF
50.03346771808901,178.22330033756324,0.0,CAF
21.329097122777437,177.07090711697444,0.0,CAF
142.2346636803824,-7.013244540020957,0.0,CAF
-45.884660395831254,-23.31928468326484,0.0,CAF
-80.75212770854823,-154.07064263851495,0.0,CAF
133.1506296317963,73.9909117259695,0.0,CAF
153.89177964475832,87.97016703247445,0.0,CAF
92.68127385146022,-107.68384371403435,0.0,CAF
-194.37749909334588,6.249015599297407,0.0,CAF
178.4114113309446,49.4101804363088,0.0,CAF
-1.6075312386136282,152.77884251004082,0.0,CAF
-48.67962982792897,78.30985462372274,0.0,CAF
-4.485401131665704,116.94938079372972,0.0,CAF
50.93945559130199,151.17349601572323,0.0,CAF
48.407292445730725,-80.42513878593503,0.0,CAF
-188.8262127856849,23.94713781955471,0.0,CAF
64.73135660235643,145.88985790953282,0.0,CAF
-15.01748200502963,-100.09820399721364,0.0,CAF
-52.954625812326775,-86.9509528416778,0.0,CAF
109.66946856445448,99.6786020889714,0.0,CAF
48.77807511461897,6.131919360503682,0.0,CAF
-56.43389296068381,-88.30664934453758,0.0,CAF
-79.00831296451963,162.27092964576852,0.0,CAF
-41.744192854553376,-124.95550388962963,0.0,CAF
16.935576352671784,12.703853969087348,0.0,CAF
25.85171591296797,-12.066613642973497,0.0,CAF
173.20212621572375,38.924816948051365,0.0,CAF
143.90569957563827,28.718487918215626,0.0,CAF
-34.56277803596783,192.33788753087177,0.0,CAF
90.16666735280367,0.6504691033589005,0.0,CAF
-150.34786357835546,33.55506050587654,0.0,CAF
18.83784715346373,-57.26729410145741,0.0,CAF
32.586823060749495,-55.34912614021845,0.0,CAF
-69.66304476657116,-146.5231130086731,0.0,CAF
-156.03833455414795,81.3597502985509,0.0,CAF
40.94718609781467,187.7386789845954,0.0,CAF
-1.061354934728689,27.342148226465376,0.0,CAF
32.686986483445885,177.86456201627786,0.0,CAF
43.331740206908016,21.17932942899214,0.0,CAF
-29.410930706123697,-124.3799942139651,0.0,CAF
0.6006979384003243,-63.08706922036951,0.0,CAF
-100.30067383790143,120.8855526408207,0.0,CAF
-86.53528681133783,167.55183615520252,0.0,CAF
159.8614350441512,109.5680518264536,0.0,CAF
55.746446211462185,0.1503016335142285,0.0,CAF
126.97700397451435,-24.6718189548643,0.0,CAF
-152.57252805111543,77.26670534619768,0.0,CAF
-137.14421447916718,30.303505472863414,0.0,CAF
-40.43506612059176,182.32097393240988,0.0,CAF
176.534230623514,-31.144399623152474,0.0,CAF
174.07622364393865,68.18329621049521,0.0,CAF
-29.506264528452718,190.30099531469654,0.0,CAF
-136.5219689440677,-123.78798000186391,0.0,CAF
79.12355677798982,-170.64796165626328,0.0,CAF
-195.92336747447317,38.918747312961855,0.0,CAF
-108.43318922143139,-61.28170082032582,0.0,CAF
-129.85814838854412,34.38260574483014,0.0,CAF
-88.90718096263981,3.2614474051075324,0.0,CAF
31.214460237024824,64.98811121054702,0.0,CAF
-28.751288877722473,25.162605268299043,0.0,CAF
31.52965206372616,184.2904600153064,0.0,CAF
-73.51229680403323,32.836088768014704,0.0,CAF
22.370562435866894,-49.57266751088256,0.0,CAF
96.70613271945778,49.71811563898576,0.0,CAF
-186.98352770139104,30.194342294695847,0.0,CAF
-177.97645102793882,-14.705759486142888,0.0,CAF
-8.57752680970693,15.24465281573602,0.0,CAF
-165.22134166071314,-101.07431114356966,0.0,CAF
-31.13290549197607,-179.91815837430016,0.0,CAF
96.5920798898232,111.22452383765776,0.0,CAF
-133.90210302190224,-7.073994896468904,0.0,CAF
-140.5806059443624,33.95147251852293,0.0,CAF
20.29876603546652,49.016599657045575,0.0,CAF
118.2362174389128,-71.9774392204785,0.0,CAF
-24.655012618722882,41.799501891504256,0.0,CAF
-4.606431524178326,155.19617889154853,0.0,CAF
-8.197717928112036,-134.47392748032962,0.0,CAF
-134.76027220748472,-75.55549096725582,0.0,CAF
-107.40462436028984,-167.63927322092098,0.0,CAF
-69.03274596117058,35.863426184540764,0.0,CAF
8.993443269704047,-88.75331757378524,0.0,CAF
22.084567098497114,96.71399900305117,0.0,CAF
150.18669450065087,-1.046015920346927,0.0,CAF
-88.53483996092177,69.19108279685823,0.0,CAF
31.804564599979066,-59.27151898667071,0.0,CAF
60.17245834109824,80.29376417213574,0.0,CAF
-28.582242869715717,-112.12918922598674,0.0,CAF
-111.27026870269191,-78.52451513199355,0.0,CAF
-109.25027466910657,58.33907937467012,0.0,CAF
56.96710393154965,2.3216836401756002,0.0,CAF
136.54652944282256,-64.01493789450946,0.0,CAF
-20.067606190087062,-31.951502152924515,0.0,CAF
110.39254709149091,-127.15333300415111,0.0,CAF
-160.75723167964978,33.86703428454454,0.0,CAF
-117.94947640922999,-51.94935760873866,0.0,CAF
-103.3502199780951,-63.72072562951453,0.0,CAF
-14.579616953942377,-184.7347782520216,0.0,CAF
-89.3344374708211,-159.65505977084663,0.0,CAF
5.952981531524427,117.6304612283461,0.0,CAF
92.36467313520481,-130.06901899904867,0.0,CAF
25.124254830414163,192.32089401884997,0.0,CAF
-110.7554877538206,11.657921477830543,0.0,CAF
-46.06643178164182,-154.28737906168035,0.0,CAF
-94.84579182604702,-5.941508780983,0.0,CAF
158.85188978494566,-86.19561947523883,0.0,CAF
-83.8509262417131,159.80448039853727,0.0,CAF
146.9568773899227,20.06136393674035,0.0,CAF
72.34176272990844,145.75183086790165,0.0,CAF
19.297607714897904,-135.8314826961733,0.0,CAF
59.39781038805645,-188.6543024131059,0.0,CAF
11.288475002711227,176.9939596343997,0.0,CAF
109.26784020290765,33.4420543836005,0.0,CAF
-29.64264681279636,-157.8827178162182,0.0,CAF
53.90225289981658,-82.2791677581662,0.0,CAF
-197.31807688124312,21.129682820295347,0.0,CAF
-117.3439822996097,3.9050651022767253,0.0,CAF
150.1801194353946,62.78592167799919,0.0,CAF
-165.15450248460164,-74.26680377351929,0.0,CAF
47.375915300702395,132.30487303361627,0.0,CAF
-72.63598271688264,129.29481773318838,0.0,CAF
-140.06470272553506,-10.893247257806,0.0,CAF
53.19743599737911,78.46790931212479,0.0,CAF
-31.419095351422882,193.1589679889043,0.0,CAF
-78.30525407091514,-156.61005858363475,0.0,CAF
13.204922642573639,55.86186562722749,0.0,CAF
-149.84694703724458,13.456246360029272,0.0,CAF
74.02623677302894,-67.67048930276431,0.0,CAF
126.76950522545862,-56.215439777412456,0.0,CAF
181.97462126851687,11.722742063598282,0.0,CAF
-190.07482071934018,22.716719569931872,0.0,CAF
75.47511264759818,80.81516532164169,0.0,CAF
3.0961101433454443,-72.93691849876603,0.0,CAF
-60.89633723621869,-18.969998552594458,0.0,CAF
13.74113029674786,131.80458504061176,0.0,CAF
20.824404377609618,-193.3418522136996,0.0,CAF
181.69345031536423,-75.24726946918048,0.0,CAF
96.90279238833845,-82.22430726212143,0.0,CAF
-85.51330288423898,-113.97132546873056,0.0,CAF
97.37410931274505,-48.06903081046864,0.0,CAF
-67.51716004184593,-46.30347033614489,0.0,CAF
-20.583010707867032,-93.98068601238563,0.0,CAF
-23.859002100740692,104.7408256358041,0.0,CAF
-21.274931917406445,106.79692544699601,0.0,CAF
6.494606072158885,-34.0073800293783,0.0,CAF
-169.30446988107147,47.73380709498858,0.0,CAF
-53.970836227889535,-97.60477727259511,0.0,CAF
88.06017987874439,-152.64751634407216,0.0,CAF
-83.26678859235489,-126.79967953684888,0.0,CAF
-111.91298826410744,-27.004750839760995,0.0,CAF
159.93610666730467,53.01527076453605,0.0,CAF
0.34437416703313023,-143.18535526353764,0.0,CAF
68.94045886423098,68.28709503801761,0.0,CAF
14.108974091436393,-166.51972421196314,0.0,CAF
-155.5911455987397,-42.9008022618428,0.0,CAF
29.40790810081575,-103.62417904746795,0.0,CAF
178.62356725723757,87.63488954107629,0.0,CAF
82.94226749834276,27.908039787545665,0.0,CAF
159.9602061971595,115.82349942286085,0.0,CAF
57.90270320418571,-25.63632417340921,0.0,CAF
-22.37125446822565,-46.59695320551507,0.0,CAF
36.5702370393571,149.5171615964977,0.0,CAF
-138.22250626905318,-20.27399539272945,0.0,CAF
-148.85403080136066,-35.10133575118112,0.0,CAF
-18.46208688475011,-81.72387148418393,0.0,CAF
136.7375506621961,61.849840792763125,0.0,CAF
2.4403771479692415,81.79537514083565,0.0,CAF
-64.1807180746245,12.793127927754092,0.0,CAF
-150.41958181415254,-77.72644973133238,0.0,CAF
9.488179751368476,-38.418338668006896,0.0,CAF
-114.11093398414438,-29.283859911993808,0.0,CAF
88.00467942161276,105.19567453576664,0.0,CAF
189.16717369628017,-46.84962125055756,0.0,CAF
34.78466203756314,-54.49417646514586,0.0,CAF
-86.42267763290957,160.57546093508626,0.0,CAF
153.2928187765561,114.9295240777935,0.0,CAF
14.43640834330965,-169.62379080904037,0.0,CAF
-19.868018798052347,-134.0529763623131,0.0,CAF
-134.16868726521201,32.03487220834039,0.0,CAF
-176.8580549685452,8.249878338664011,0.0,CAF
-137.47239544010492,-48.127335243017846,0.0,CAF
70.32412989699026,-125.80765669184126,0.0,CAF
74.89617111662609,113.45706923998134,0.0,CAF
187.1596973557352,49.172762632150366,0.0,CAF
-28.267176794161813,97.48410968240081,0.0,CAF
-131.30780018323756,54.5674357952394,0.0,CAF
88.99757925284032,7.52041275161892,0.0,CAF
-128.8600834648789,-140.98851891085107,0.0,CAF
-53.1388159953526,35.68838942309522,0.0,CAF
-104.14978354235353,-78.9409116317103,0.0,CAF
-87.899229480575,-9.690702344547587,0.0,CAF
-123.75507339396619,-105.3153461287666,0.0,CAF
8.849840590091466,2.389817668318369,0.0,CAF
-7.034067323273083,90.57465057199764,0.0,CAF
129.8939274904698,121.28943654727041,0.0,CAF
-37.56137544143413,-10.281174338649029,0.0,CAF
79.94113940072327,7.207246490044812,0.0,CAF
139.24066588033926,-63.101601097491624,0.0,CAF
5.15271941494726,-124.25373283021737,0.0,CAF
-116.86218039524972,158.85985594335642,0.0,CAF
114.29895450682098,-20.258770692629316,0.0,CAF
-125.94418643280714,74.50616704791406,0.0,CAF
158.12337093736127,41.76183515090266,0.0,CAF
55.27146673810461,-105.42100950333398,0.0,CAF
-15.045356602190976,-16.576595729077454,0.0,CAF
166.61631251792076,-109.84060551411997,0.0,CAF
-43.43410051723029,-9.375060874189865,0.0,CAF
-91.61437799512697,-31.286629863809306,0.0,CAF
7.427452152378305,-90.463662848716,0.0,CAF
-7.408755099461412,121.55421942882606,0.0,CAF
-136.21460974070513,8.709064040064643,0.0,CAF
90.73202385468853,166.0476984367974,0.0,CAF
104.60269962494803,-126.32032625559235,0.0,CAF
-137.79071362078383,-125.87133643524992,0.0,CAF
-76.34158048280972,-13.052561107280512,0.0,CAF
161.1514322694038,-34.708342008972465,0.0,CAF
85.58080922105135,-72.32791229706056,0.0,CAF
57.107139178663346,-159.49226191313963,0.0,CAF
-52.57964219113056,71.67541110314518,0.0,CAF
-157.74698909998202,39.72201952063272,0.0,CAF
-41.24510587630816,-87.73974490955364,0.0,CAF
-147.72622216852406,69.33194941421668,0.0,CAF
-44.06596048488228,-46.77351605840213,0.0,CAF
-148.69408516677004,107.16350112379368,0.0,CAF
0.7746670362433927,-65.16714239432488,0.0,CAF
33.11972835048778,-166.45717416490774,0.0,CAF
60.78563901578619,-17.964415328347588,0.0,CAF
-46.40384569213048,139.95416997468504,0.0,CAF
116.26017528551002,161.63470872788426,0.0,CAF
-67.49021877981997,-19.367226576422908,0.0,CAF
-143.36504784374839,-92.8959050919175,0.0,CAF
135.898204370467,-84.90410475898257,0.0,CAF
87.64881156377665,97.10397217629826,0.0,CAF
-134.19068750270716,39.90042129647583,0.0,CAF
-131.4090744434344,39.01580192566502,0.0,CAF
-132.55930935934828,-93.46896635436431,0.0,CAF
-161.3610381566122,-80.72538777998541,0.0,CAF
18.20420799886535,-148.97187375068899,0.0,CAF
131.63965113939167,-99.69934077826025,0.0,CAF
195.2831793089969,-13.871578214260262,0.0,CAF
154.38227120619294,-9.448346460072543,0.0,CAF
-8.820851797540588,17.86542974608572,0.0,CAF
31.701605567778056,71.61178210463267,0.0,CAF
-120.37384241475213,-76.55309332924587,0.0,CAF
66.93482058599977,5.556018473193211,0.0,CAF
-9.349331126529847,-12.613198420417591,0.0,CAF
-57.61990007239865,142.6359966061567,0.0,CAF
-54.54325947773764,-27.15726178888499,0.0,CAF
168.43833674129675,78.77422228462979,0.0,CAF
-37.712650310469314,-91.17996111552245,0.0,CAF
37.46535326860074,-7.583853310643515,0.0,CAF
-121.77004731530776,-114.75690896386119,0.0,CAF
135.0526243113527,-1.9974577827133084,0.0,CAF
-53.5739978834043,23.25556657804797,0.0,CAF
-56.54884262554212,61.207513544445455,0.0,CAF
36.288067162840555,184.0037575304405,0.0,CAF
142.7290517960556,-27.962233029983125,0.0,CAF
148.2615950472856,36.54986142362882,0.0,CAF
309.77409125025576,-111.08438704307461,0.0,CD4_Tcell
185.6887674062813,-317.13433673135376,0.0,CD4_Tcell
146.3048116549285,-248.37692177449162,0.0,CD4_Tcell
-85.63444040339526,-211.63001684751006,0.0,CD4_Tcell
-192.00565855171598,-155.90024506981288,0.0,CD4_Tcell
107.7857264647522,-200.95488773943876,0.0,CD4_Tcell
-383.7621008149289,106.12593498577306,0.0,CD4_Tcell
-264.75233269173236,-15.460050718120845,0.0,CD4_Tcell
207.88447520255394,-39.88925228288627,0.0,CD4_Tcell
164.35561253100985,139.00950030923266,0.0,CD4_Tcell
121.92985823992824,314.6354212207064,0.0,CD4_Tcell
-191.26128278778384,-183.36564688176338,0.0,CD4_Tcell
205.02876948081678,-9.389225874295548,0.0,CD4_Tcell
378.57637788980503,70.01084687838038,0.0,CD4_Tcell
249.48745757764746,-29.786959352017597,0.0,CD4_Tcell
85.24465036003804,230.54094350009396,0.0,CD4_Tcell
347.4901242872018,96.78302445017222,0.0,CD4_Tcell
-79.70147990830769,345.89198241026503,0.0,CD4_Tcell
291.3130888088979,110.54153210144442,0.0,CD4_Tcell
341.81248348973236,-38.23710241198752,0.0,CD4_Tcell
145.9734341905978,368.79175088350746,0.0,CD4_Tcell
-340.6211779339701,-161.0396210799321,0.0,CD4_Tcell
208.1088784905665,312.6231082187612,0.0,CD4_Tcell
-310.16265866165526,-212.96253335718555,0.0,CD4_Tcell
-184.74020196102975,-288.0257566792291,0.0,CD4_Tcell
377.271848644626,111.91577115312182,0.0,CD4_Tcell
120.8950638533252,161.39527165422967,0.0,CD4_Tcell
223.07271675806757,-49.76308569765582,0.0,CD4_Tcell
279.46599143916455,52.25038230939701,0.0,CD4_Tcell
272.5746735859953,149.92214245089556,0.0,CD4_Tcell
82.27195551478823,-283.6471519315978,0.0,CD4_Tcell
-208.5150277491628,-78.06232197388114,0.0,CD4_Tcell
-319.18706379019574,-96.16906392777376,0.0,CD4_Tcell
90.25739110428566,180.76378814460293,0.0,CD4_Tcell
-94.21910353797269,285.5980487368053,0.0,CD4_Tcell
233.42148962615315,62.46264088814936,0.0,CD4_Tcell
-297.4861235956786,189.7839564206554,0.0,CD4_Tcell
352.76794829928565,181.94922945916824,0.0,CD4_Tcell
219.01217258832008,-298.4351374288622,0.0,CD4_Tcell
-38.00000259473059,-338.2871913943207,0.0,CD4_Tcell
341.52954251556616,-41.35734788235003,0.0,CD4_Tcell
170.85968365012596,328.8619374065076,0.0,CD4_Tcell
192.69316930046128,-71.4041109139629,0.0,CD4_Tcell
-49.567181922083726,262.09361700047475,0.0,CD4_Tcell
83.61792124087673,324.86893202907083,0.0,CD4_Tcell
-208.75698737676424,163.15429246937973,0.0,CD4_Tcell
-98.99400069764145,328.9017287423131,0.0,CD4_Tcell
-358.450601371438,99.52100481954652,0.0,CD4_Tcell
117.15483528618454,-238.76916862098375,0.0,CD4_Tcell
237.9735996611411,162.99732678108904,0.0,CD4_Tcell
-174.3689459454939,-355.934506984244,0.0,CD4_Tcell
-199.07750270676055,278.9455753600635,0.0,CD4_Tcell
221.85066578582354,151.19305266406192,0.0,CD4_Tcell
-328.2960229354711,-202.41559109435775,0.0,CD4_Tcell
-258.9171990436357,-153.08427115144588,0.0,CD4_Tcell
-159.5284659115263,328.795369550862,0.0,CD4_Tcell
-199.14346216540034,140.46836012169663,0.0,CD4_Tcell
50.544526942527646,200.22372931437945,0.0,CD4_Tcell
217.40248110300448,197.09672317479695,0.0,CD4_Tcell
-384.26998025494464,4.268924509940176,0.0,CD4_Tcell
38.300070021201265,243.2184510589688,0.0,CD4_Tcell
-11.260776734925907,-223.8553189890177,0.0,CD4_Tcell
-275.9181858531251,-36.14983340821786,0.0,CD4_Tcell
164.11195194781894,264.63704548744965,0.0,CD4_Tcell
-242.0333128979382,-280.465984565823,0.0,CD4_Tcell
242.91543746060304,17.99436361884689,0.0,CD4_Tcell
-320.5539838038608,235.52122967134972,0.0,CD4_Tcell
72.68730779687971,192.30530391966306,0.0,CD4_Tcell
40.00672945429439,-281.30085160294874,0.0,CD4_Tcell
-367.179884754344,15.448611347281936,0.0,CD4_Tcell
144.04526613407336,-177.80905975045323,0.0,CD4_Tcell
357.2892142913618,-125.53543741365648,0.0,CD4_Tcell
-53.178187578905266,-332.9734449704903,0.0,CD4_Tcell
-52.89142560934065,322.5045337706851,0.0,CD4_Tcell
166.90524568822366,134.3875798461978,0.0,CD4_Tcell
-40.453869350339986,314.932771866721,0.0,CD4_Tcell
-208.11771384835677,341.58455081737384,0.0,CD4_Tcell
-254.40888717153612,-98.875062347786,0.0,CD4_Tcell
-258.1938717824354,-61.63457649863936,0.0,CD4_Tcell
-231.97106877352843,-285.823648202218,0.0,CD4_Tcell
237.12952496450535,-88.3275391277459,0.0,CD4_Tcell
-217.6211732323086,51.35620091517803,0.0,CD4_Tcell
177.8066374928361,297.42660543808176,0.0,CD4_Tcell
225.22185523622468,-155.60256900768505,0.0,CD4_Tcell
179.98492581493167,-104.23941616648332,0.0,CD4_Tcell
109.27985216876252,-248.42819867297814,0.0,CD4_Tcell
-178.84361736776117,217.9357819403603,0.0,CD4_Tcell
170.13400487962832,335.4248650892112,0.0,CD4_Tcell
306.4647763587523,139.87054558886928,0.0,CD4_Tcell
-270.99579424828676,205.42570226960092,0.0,CD4_Tcell
137.87970862550105,-324.6861360773403,0.0,CD4_Tcell
-240.3624039943304,-103.02626219749814,0.0,CD4_Tcell
251.1207458603114,156.0753108781313,0.0,CD4_Tcell
27.66189672224951,335.0507816374981,0.0,CD4_Tcell
-209.5026670032131,-322.5954867221429,0.0,CD4_Tcell
386.9863406607586,67.97637538595639,0.0,CD4_Tcell
103.19937893309381,-372.90948590032957,0.0,CD4_Tcell
197.70786508200442,337.2776796784517,0.0,CD4_Tcell
283.4359893385698,70.60636724942674,0.0,CD4_Tcell
-324.46666462177615,64.8465552324232,0.0,CD4_Tcell
255.42633768271432,-159.34514499397537,0.0,CD4_Tcell
266.32902022813886,-24.292264011898673,0.0,CD4_Tcell
192.30537905070793,215.9944774970868,0.0,CD4_Tcell
-37.630912098009944,203.28076742720557,0.0,CD4_Tcell
148.02844423746376,256.3129044420381,0.0,CD4_Tcell
-309.1971724825969,69.71126399815692,0.0,CD4_Tcell
339.6239672766928,-104.27365928358495,0.0,CD4_Tcell
281.56084072915536,-239.70021867745902,0.0,CD4_Tcell
-338.502784875452,-30.789114445370753,0.0,CD4_Tcell
-260.12845596512557,-65.11647476460125,0.0,CD4_Tcell
193.29455774558647,178.48774670555727,0.0,CD4_Tcell
335.7456332526256,133.321520920359,0.0,CD4_Tcell
189.90824499577124,102.13625142622632,0.0,CD4_Tcell
-88.82778361705954,-222.06814556164875,0.0,CD4_Tcell
-270.15443454639234,179.89199943523354,0.0,CD4_Tcell
-224.13685780441605,-104.8900062451213,0.0,CD4_Tcell
-18.477893932373714,208.17134418688482,0.0,CD4_Tcell
344.33776972536026,-92.97006944459658,0.0,CD4_Tcell
-200.77377537561202,-202.6452445680927,0.0,CD4_Tcell
180.73816049661886,304.9010170444876,0.0,CD4_Tcell
-313.9393108011255,-88.99617322092416,0.0,CD4_Tcell
-85.303263972534,342.13991366493707,0.0,CD8_Tcell
-29.941600188083658,-286.96784684601215,0.0,CD8_Tcell
62.49437874221285,251.43688952398745,0.0,CD8_Tcell
-86.44025563106939,265.1576400736961,0.0,CD8_Tcell
-230.33583962633563,-111.2952077008472,0.0,CD8_Tcell
-177.2985554073459,-271.8794875024289,0.0,CD8_Tcell
292.6252703183374,133.64394682082127,0.0,CD8_Tcell
-134.62142105422387,-215.08542217350174,0.0,CD8_Tcell
-174.07792338467138,-231.72218330168724,0.0,CD8_Tcell
-365.5661350668394,58.89846172455042,0.0,CD8_Tcell
198.73922463165118,272.21939966752615,0.0,CD8_Tcell
-172.74802290272532,283.7602376097587,0.0,CD8_Tcell
299.22594824623326,-142.69682636506803,0.0,CD8_Tcell
234.22337239937613,174.5149583051413,0.0,CD8_Tcell
111.92289808004443,-167.19941168353418,0.0,CD8_Tcell
-228.63282994546825,134.01432103215805,0.0,CD8_Tcell
-291.4709879173669,136.80225512254492,0.0,CD8_Tcell
-259.7496393829283,296.3751144901383,0.0,CD8_Tcell
-246.68825657361057,-216.07233952562777,0.0,CD8_Tcell
-35.84644073322806,-388.1658455596138,0.0,CD8_Tcell
32.21134714265876,-299.7050144205157,0.0,CD8_Tcell
-28.065812258771743,215.20246374708702,0.0,CD8_Tcell
-228.19730723422265,212.312431286556,0.0,CD8_Tcell
-218.2296285011762,62.7262306651685,0.0,CD8_Tcell
150.22138615331187,-137.8988820702905,0.0,CD8_Tcell
-100.51747470617909,230.39529256972236,0.0,CD8_Tcell
166.5924546152464,-272.3094081622147,0.0,CD8_Tcell
300.8041834850271,-58.02902046296976,0.0,CD8_Tcell
-222.6724960955485,-100.80040788600658,0.0,CD8_Tcell
-249.38600945990862,-237.50456843295154,0.0,CD8_Tcell
-175.01384058872588,127.93486138861138,0.0,CD8_Tcell
81.82859085149951,-199.93765632752223,0.0,CD8_Tcell
-252.4079013742111,-32.1684271420472,0.0,CD8_Tcell
54.56397843042727,-235.3155388314461,0.0,CD8_Tcell
93.61496147043738,195.3153558449741,0.0,CD8_Tcell
-95.44898057577907,276.59902994705755,0.0,CD8_Tcell
-42.99031562056043,-290.1386411578854,0.0,CD8_Tcell
301.4558820951745,113.08436561398658,0.0,CD8_Tcell
-237.3532801520883,-283.53887348636977,0.0,CD8_Tcell
-247.24848734972417,259.85373715436464,0.0,CD8_Tcell
269.6526106679763,-21.316266190426127,0.0,CD8_Tcell
226.72554035736644,110.73055130157795,0.0,CD8_Tcell
395.0635118306463,-51.19386710354009,0.0,CD8_Tcell
-300.4775568014025,65.9228732763875,0.0,CD8_Tcell
-70.7012903188464,377.9409452649321,0.0,CD8_Tcell
312.1043006993052,205.72550689237102,0.0,CD8_Tcell
-269.438099374556,289.77209184939363,0.0,CD8_Tcell
151.1696950978451,289.12943996728353,0.0,CD8_Tcell
255.14501859050426,95.16352095810794,0.0,CD8_Tcell
291.5760954974342,-141.5781616212564,0.0,CD8_Tcell
-276.64380494123577,186.84204896288588,0.0,CD8_Tcell
-25.50409521765198,362.57202578163304,0.0,CD8_Tcell
-22.815846911670842,-286.04939688836987,0.0,CD8_Tcell
-158.89049234663662,361.40916712826544,0.0,CD8_Tcell
-106.58032982718662,377.48010109642865,0.0,CD8_Tcell
-69.60884506955111,-301.40989832463714,0.0,CD8_Tcell
-133.27023865143994,-330.8502240576005,0.0,CD8_Tcell
-264.38995199192277,65.16713944891576,0.0,CD8_Tcell
101.8481943855942,-352.47024611524506,0.0,CD8_Tcell
129.49523736612392,-349.16600680411756,0.0,CD8_Tcell
-314.1277310545565,5.852624110104594,0.0,CD8_Tcell
300.9548054162082,135.8476455223309,0.0,CD8_Tcell
367.68286511670317,-138.43012554500842,0.0,CD8_Tcell
-332.4205948452459,37.439675512228156,0.0,CD8_Tcell
-187.65492621894222,122.5658183124764,0.0,CD8_Tcell
-116.2842534021827,367.9513407584215,0.0,CD8_Tcell
356.1094965704536,37.54875397907822,0.0,CD8_Tcell
384.24309810908494,23.09664389193284,0.0,CD8_Tcell
24.644492094678355,314.2596177202298,0.0,CD8_Tcell
-373.4507532035261,-26.957609798685265,0.0,CD8_Tcell
189.64438207148373,-263.7335762692679,0.0,CD8_Tcell
-251.2089569103233,-153.9475998238997,0.0,CD8_Tcell
222.11365498945543,-312.96209745467627,0.0,CD8_Tcell
161.3717848393048,-322.55361163950863,0.0,CD8_Tcell
-309.66839279466745,124.6562878651778,0.0,CD8_Tcell
-234.47070783120216,-168.2408330283515,0.0,CD8_Tcell
334.0512305515646,-134.70824209233905,0.0,CD8_Tcell
331.4118735373955,116.23357111694848,0.0,CD8_Tcell
-109.0313161665975,-219.78982169604237,0.0,CD8_Tcell
-13.384387081028683,-231.88361237626802,0.0,CD8_Tcell
396.97793349667495,-40.656618829263785,0.0,CD8_Tcell
224.6784500759347,158.39151245977914,0.0,CD8_Tcell
202.1170228811349,-281.56392753972665,0.0,CD8_Tcell
240.22804550272673,-72.94769750777583,0.0,CD8_Tcell
274.50429591887,268.9359791997988,0.0,CD8_Tcell
150.30650697280242,208.45308638913906,0.0,CD8_Tcell
-43.76502856093278,-332.3470276821101,0.0,CD8_Tcell
-305.4971618886211,177.5937768868784,0.0,CD8_Tcell
182.18911972064717,-126.8345787336076,0.0,CD8_Tcell
-176.25244243920483,176.3946840692128,0.0,CD8_Tcell
-117.48842781050324,-237.90041944968434,0.0,CD8_Tcell
-176.68204133552345,273.2630772200013,0.0,CD8_Tcell
-145.8351387934149,247.36956348752966,0.0,CD8_Tcell
266.9125702099657,-14.238667796243261,0.0,CD8_Tcell
-12.55943120750631,368.0436554398161,0.0,CD8_Tcell
155.13135666918168,366.1057688859033,0.0,CD8_Tcell
-227.6084337305823,126.48314284357782,0.0,CD8_Tcell
303.69306402574546,-253.3927735934715,0.0,CD8_Tcell
-222.30686832143044,279.190471096993,0.0,CD8_Tcell
-159.81563852980867,159.43465428302156,0.0,CD8_Tcell
-218.20320464565808,117.4672105001805,0.0,CD8_Tcell
141.49791907446073,-262.93033294560854,0.0,CD8_Tcell
-236.27779846927112,-320.64698747918044,0.0,CD8_Tcell
21.625474562598427,250.2189798051939,0.0,CD8_Tcell
330.26198411838135,-161.4280853891537,0.0,CD8_Tcell
-219.4804410724397,312.3886668779752,0.0,CD8_Tcell
102.60757535252989,325.97468271247277,0.0,CD8_Tcell
283.8846338744131,266.1092292614501,0.0,CD8_Tcell
230.25930830675634,-275.46443019609393,0.0,CD8_Tcell
193.8811828740885,231.09552917924137,0.0,CD8_Tcell
-292.9963733266621,106.23873833789686,0.0,CD8_Tcell
-191.8080302096128,-288.049946707508,0.0,CD8_Tcell
-74.01659677585525,-219.91062612995935,0.0,CD8_Tcell
143.41996227860028,-232.25864094463236,0.0,CD8_Tcell
314.3637314566914,239.31324690506585,0.0,CD8_Tcell
88.1727866591306,-222.90355977719787,0.0,CD8_Tcell
246.43222730856704,-259.9907021930263,0.0,CD8_Tcell
239.95098529342522,59.14273199333899,0.0,CD8_Tcell
340.2354422416992,-175.5253477162427,0.0,CD8_Tcell
152.19751549899476,362.28576714502896,0.0,CD8_Tcell
-361.7185211657096,137.64724431062712,0.0,CD8_Tcell
-222.23497695422043,-219.85401608516577,0.0,CD8_Tcell
147.0949192860425,-158.95337545714338,0.0,CD8_Tcell
147.45709296458622,294.8749776576569,0.0,CD8_Tcell
268.70732765119243,211.49116908500693,0.0,CD8_Tcell
148.36004054347595,-320.893279965417,0.0,CD8_Tcell
166.11226292216512,-344.88818492365806,0.0,CD8_Tcell
-300.12879326903305,256.5007849496973,0.0,CD8_Tcell
387.43182809918505,56.47109044085941,0.0,CD8_Tcell
-288.82628822829014,-101.47461562247707,0.0,CD8_Tcell
191.12221223131104,-231.8234523461818,0.0,CD8_Tcell
300.9011586685371,227.23917681209696,0.0,CD8_Tcell
338.16070492661646,-31.900985059474475,0.0,CD8_Tcell
206.10506344696336,311.8251008893277,0.0,CD8_Tcell
261.6112830886705,-58.22410979816318,0.0,CD8_Tcell
196.57686966653236,-278.10605997626857,0.0,CD8_Tcell
-78.39868429433324,192.6189864470434,0.0,CD8_Tcell
-224.96427536353195,-60.647093554535594,0.0,CD8_Tcell
4.848370100151498,-306.7747679831899,0.0,CD8_Tcell
375.0395933584828,-84.06482978994582,0.0,CD8_Tcell
-374.6098618843238,53.81420403310343,0.0,CD8_Tcell
-131.02776702764018,164.15669706261667,0.0,CD8_Tcell
197.72169656499713,54.45282344012747,0.0,CD8_Tcell
-2.834960067448648,-380.2596388283154,0.0,CD8_Tcell
283.76933301506006,-75.53775627812847,0.0,CD8_Tcell
173.37939253914172,-256.8884786816435,0.0,CD8_Tcell
-83.45103575004023,-279.0154467353455,0.0,CD8_Tcell
-63.38873537405871,369.50205034822983,0.0,CD8_Tcell
-150.61020044484331,185.53763230026186,0.0,CD8_Tcell
-233.57361187946842,-264.60937548295635,0.0,CD8_Tcell
202.524390150935,-288.017470296518,0.0,CD8_Tcell
161.76057990732014,-361.02218862948496,0.0,CD8_Tcell
-329.8947779767986,-36.46171088574295,0.0,CD8_Tcell
-9.943126578134994,284.45680587774655,0.0,CD8_Tcell
195.32540294566266,-250.72922489034792,0.0,CD8_Tcell
311.7653437148226,152.3636184969159,0.0,CD8_Tcell
-137.88400666758722,-152.06012702126012,0.0,CD8_Tcell
119.21913353558024,-217.30855745680634,0.0,CD8_Tcell
146.1738481929699,232.7688200668617,0.0,CD8_Tcell
-383.20889379393816,-109.57074122172327,0.0,CD8_Tcell
-69.64910060489076,364.0643324214102,0.0,CD8_Tcell
36.271468398375156,-284.94202032240145,0.0,CD8_Tcell
285.6971534169949,-262.4730720470204,0.0,CD8_Tcell
-189.9899160713811,297.5087263137785,0.0,CD8_Tcell
-300.7475018580917,-73.2873337651166,0.0,CD8_Tcell
92.78477114541198,295.6755725092649,0.0,CD8_Tcell
-289.25097258382857,-35.00469821616331,0.0,CD8_Tcell
-216.24311588812853,210.22196039167616,0.0,CD8_Tcell
38.68128261401131,330.66486973645846,0.0,CD8_Tcell
372.0716145318735,22.37768041360699,0.0,CD8_Tcell
104.59528588813578,-248.39685172857145,0.0,CD8_Tcell
-189.17571082706553,-106.89236030224173,0.0,CD8_Tcell
-226.15331967749597,134.76099722012066,0.0,CD8_Tcell
326.4045721445907,176.51549852926857,0.0,CD8_Tcell
-295.8875863429594,-202.1917913717844,0.0,CD8_Tcell
179.76112028079976,-112.22378831850837,0.0,CD8_Tcell
172.4278998703331,-169.02258394282714,0.0,CD8_Tcell
-392.50445853240967,-34.21435647424022,0.0,CD8_Tcell
330.8085609125655,166.6612834711426,0.0,CD8_Tcell
-367.77106097693877,40.76295660088044,0.0,CD8_Tcell
-245.84253276896516,-194.98390374303415,0.0,CD8_Tcell
-333.18125392260487,-132.0727074761469,0.0,CD8_Tcell
-325.22093971845743,-181.6563083861458,0.0,CD8_Tcell
-391.2254167071669,-57.64094149095894,0.0,CD8_Tcell
338.7945058454896,-77.3580346974058,0.0,CD8_Tcell
-324.4079225718975,21.3068985397904,0.0,CD8_Tcell
136.4319647879005,-363.11512839368686,0.0,CD8_Tcell
234.66532764808977,-299.1712938847829,0.0,CD8_Tcell
354.58507075433863,132.8941228945471,0.0,CD8_Tcell
312.6278471907667,17.904746759824135,0.0,CD8_Tcell
206.88297884620218,330.04178429299765,0.0,CD8_Tcell
67.71262024406428,-197.02422675564878,0.0,CD8_Tcell
331.47480386771105,82.066851336761,0.0,CD8_Tcell
-311.9407813275186,-93.04111085437879,0.0,CD8_Tcell
-64.93377922617641,-263.5914081928841,0.0,CD8_Tcell
-231.75300019581064,63.974517867486796,0.0,CD8_Tcell
346.4185654552121,57.47487885075136,0.0,CD8_Tcell
153.30890727075482,-304.1497021718128,0.0,CD8_Tcell
-179.4240144905686,103.33938756617454,0.0,CD8_Tcell
220.09413505394454,-206.53911183734184,0.0,CD8_Tcell
1.7196403104552944,371.62501807049307,0.0,CD8_Tcell
220.2477616681827,158.97392629444414,0.0,CD8_Tcell
-296.9460580793984,-219.96471805135343,0.0,CD8_Tcell
-314.5359234845746,-52.48069447529201,0.0,CD8_Tcell
133.58801900124385,-342.909103236392,0.0,CD8_Tcell
-202.78303704905593,278.46932570011774,0.0,CD8_Tcell
-114.95271469178246,281.2347107957288,0.0,CD8_Tcell
-316.84723953017266,-188.53173159870266,0.0,CD8_Tcell
70.66482238724188,233.2537412427756,0.0,CD8_Tcell
291.2215145246992,-262.9355602872016,0.0,CD8_Tcell
-16.62759671678508,-373.7296581176629,0.0,CD8_Tcell
345.143618592901,-44.11171757529183,0.0,CD8_Tcell
76.5464349652548,278.6915761836853,0.0,CD8_Tcell
260.67226835230844,150.29585045675788,0.0,CD8_Tcell
163.7342363785032,-171.00852772660804,0.0,CD8_Tcell
-318.45715569542193,-184.29365354611068,0.0,CD8_Tcell
-243.92241140527327,177.21626532633098,0.0,CD8_Tcell
15.285378542624322,-251.55403022158944,0.0,CD8_Tcell
170.17996302366373,-229.54011753769572,0.0,CD8_Tcell
-119.054732127126,-185.91201117568545,0.0,CD8_Tcell
158.53487279287313,-350.66627238956306,0.0,CD8_Tcell
-2.797219542048005,292.9553583017592,0.0,CD8_Tcell
237.89209226829684,275.11867227834676,0.0,CD8_Tcell
-185.0871975548469,-92.33565310978142,0.0,CD8_Tcell
-34.78659452767434,216.227780850987,0.0,CD8_Tcell
-347.6546117164737,-150.24866750939742,0.0,CD8_Tcell
7.885795521561512,334.81000332340676,0.0,CD8_Tcell
331.86208827146544,-44.474832729305625,0.0,CD8_Tcell
-27.508328846654074,207.76090076760227,0.0,CD8_Tcell
152.99192244704477,266.85722583186674,0.0,CD8_Tcell
-141.37742752297416,-180.77672877730325,0.0,CD8_Tcell
-323.38813447254097,-108.16295304393014,0.0,CD8_Tcell
-14.210929427085173,-287.45621226727457,0.0,CD8_Tcell
-50.98122288066028,273.3658797607465,0.0,CD8_Tcell
252.31762791830025,-10.319916254331696,0.0,CD8_Tcell
-210.13028871124857,87.21504278066762,0.0,CD8_Tcell
-147.9056439346646,-366.0114568724562,0.0,CD8_Tcell
39.14746593654531,-384.3641854291046,0.0,CD8_Tcell
-286.18065554567426,-227.47673783407458,0.0,CD8_Tcell
163.98730203214012,298.8829194480039,0.0,CD8_Tcell
-139.95964279091615,-346.36305136177816,0.0,CD8_Tcell
-219.1619860652388,-306.8254130626454,0.0,CD8_Tcell
300.18487614027623,-154.6111588296121,0.0,CD8_Tcell
86.56068351731278,372.6718987892644,0.0,CD8_Tcell
-171.17680894669115,185.54403864120601,0.0,CD8_Tcell
-265.2371300486057,-68.13836088431027,0.0,CD8_Tcell
162.470717063384,-222.54179073357733,0.0,CD8_Tcell
-207.95101656064577,331.36911481828776,0.0,CD8_Tcell
288.51661007244496,26.62087189768457,0.0,CD8_Tcell
-329.28495249049354,-193.21687740148204,0.0,CD8_Tcell
256.3697467588972,148.27461321602271,0.0,CD8_Tcell
-291.9974213645341,-195.87554451315145,0.0,CD8_Tcell
-200.37878192523573,55.4892905218768,0.0,CD8_Tcell
-270.65364078638333,227.15866822464878,0.0,CD8_Tcell
-252.62563789929564,-64.74453582805205,0.0,CD8_Tcell
-294.03584118635604,-29.971073754545426,0.0,CD8_Tcell
-260.43777947224424,-138.28246719841553,0.0,CD8_Tcell
80.91354620591362,-223.00647468637493,0.0,CD8_Tcell
259.7264484852251,252.93012990435756,0.0,CD8_Tcell
163.1362277148657,256.42725106084134,0.0,CD8_Tcell
-139.04474274057,236.32991047081615,0.0,CD8_Tcell
238.4368949765018,100.9224132612317,0.0,CD8_Tcell
-279.4187845478919,-41.57496780086361,0.0,CD8_Tcell
-368.63899942737436,-154.53649843460215,0.0,CD8_Tcell
257.87406852438573,-2.665304647003027,0.0,CD8_Tcell
-173.48295903305979,-167.22455612160658,0.0,CD8_Tcell
332.08921506587666,-135.81036781269714,0.0,CD8_Tcell
51.240743255959,292.2059627658221,0.0,CD8_Tcell
165.739463402302,-233.80082471390517,0.0,CD8_Tcell
-339.4165394723496,127.24838609363985,0.0,CD8_Tcell
167.71476523474263,-263.94837412225957,0.0,CD8_Tcell
328.1071673091946,224.76681331044264,0.0,CD8_Tcell
-193.07296431198608,-349.99876769520466,0.0,CD8_Tcell
-14.219842238733422,-202.74822072026663,0.0,CD8_Tcell
222.78765377841125,317.00941256834216,0.0,CD8_Tcell
-338.3450455422939,-32.84342354167943,0.0,CD8_Tcell
-249.5395766745605,-63.749772825759486,0.0,CD8_Tcell
357.4556504087003,-19.576924975437464,0.0,CD8_Tcell
307.65784080165184,86.60003363747984,0.0,CD8_Tcell
-160.28319412717462,234.63630445297065,0.0,CD8_Tcell
-341.96212355871535,-59.92896544556819,0.0,CD8_Tcell
-148.8422313612966,139.38269722563794,0.0,CD8_Tcell
287.67122182399703,68.3804301445211,0.0,CD8_Tcell
-319.0004036509864,-134.08064950689985,0.0,CD8_Tcell
-273.65682732140476,-123.53082989093774,0.0,CD8_Tcell
309.8369534221513,116.79888587577123,0.0,CD8_Tcell
-326.56800875826343,99.47706751914524,0.0,CD8_Tcell
116.39704871289526,-379.85650067843903,0.0,CD8_Tcell
-101.18389637884154,334.3653362543542,0.0,CD8_Tcell
225.8123742397714,-89.1554674972817,0.0,CD8_Tcell
340.86916312610595,-12.859129136856046,0.0,CD8_Tcell
268.7976909254783,-278.6649636426274,0.0,CD8_Tcell
77.61822468011549,-318.60131577245517,0.0,CD8_Tcell
343.54811492180244,154.4596761086604,0.0,CD8_Tcell
314.28101439496936,117.54622372084941,0.0,CD8_Tcell
-329.8168119345457,54.68436062051336,0.0,CD8_Tcell
247.43106895900752,-8.45672178342471,0.0,CD8_Tcell
-263.39846599452426,-214.06544595854896,0.0,CD8_Tcell
-369.19761452971784,59.18546619765521,0.0,CD8_Tcell
95.75740184576087,359.93247316856116,0.0,CD8_Tcell
206.77941083802855,-307.3288152863949,0.0,CD8_Tcell
128.24668173058308,-219.26413603606167,0.0,CD8_Tcell
64.64919770109303,-387.37879846912176,0.0,CD8_Tcell
-261.0483610131353,288.10511901315226,0.0,CD8_Tcell
279.76532157929375,98.80895453132943,0.0,CD8_Tcell
31.35293124612343,261.4583224411616,0.0,CD8_Tcell
198.45607740723563,-312.1220656527523,0.0,CD8_Tcell
246.57687869720831,-40.1336845051353,0.0,CD8_Tcell
-302.6281149007945,-87.74760572648256,0.0,CD8_Tcell
290.7994578210643,142.48833881560637,0.0,CD8_Tcell
65.8554140786838,-225.77630631571228,0.0,CD8_Tcell
-238.96627451089515,210.88260336897906,0.0,CD8_Tcell
-399.5550056940074,8.494566404789522,0.0,CD8_Tcell
19.063668737252048,-310.8087216460955,0.0,CD8_Tcell
243.95307292381185,-175.06010514988117,0.0,CD8_Tcell
-307.54376429127865,110.36327220816908,0.0,CD8_Tcell
258.7460573023633,165.23249399918848,0.0,CD8_Tcell
353.9312739144958,52.54098137675597,0.0,CD8_Tcell
-129.2315480876178,182.23777871491657,0.0,CD8_Tcell
-135.14972461640284,233.752357493881,0.0,CD8_Tcell
125.40844320034402,250.92956487012648,0.0,CD8_Tcell
227.29837443656493,-311.3460870940787,0.0,CD8_Tcell
-62.380663773110314,-239.8952896296036,0.0,CD8_Tcell
94.22459795885659,-213.14776742066886,0.0,CD8_Tcell
-230.26030399719303,231.6637610865556,0.0,CD8_Tcell
-150.59112450100338,-244.9785790699921,0.0,CD8_Tcell
58.27477931040514,323.23670883829527,0.0,CD8_Tcell
-123.67662963180418,344.78146428664,0.0,CD8_Tcell
95.620051434576,261.91075965123605,0.0,CD8_Tcell
368.25972153009377,-109.05021384172339,0.0,CD8_Tcell
-234.06091689862302,310.39494449398995,0.0,CD8_Tcell
-262.90412837501475,171.18004335473722,0.0,CD8_Tcell
-13.439840271347872,248.48128408960275,0.0,CD8_Tcell
13.728152129710546,-330.7782406280769,0.0,CD8_Tcell
-158.8289036367184,219.20873118268324,0.0,CD8_Tcell
-344.6624611002196,92.20740737274302,0.0,CD8_Tcell
52.464676733549474,213.19078358964308,0.0,CD8_Tcell
206.33810071993182,115.8084016143406,0.0,CD8_Tcell
67.09637932718871,-242.65912748579586,0.0,CD8_Tcell
-120.29681633386727,274.76279858862654,0.0,CD8_Tcell
-262.9181294256346,126.73562883372557,0.0,CD8_Tcell
195.88600829762015,-329.4303381440073,0.0,CD8_Tcell
73.6756003649588,-341.66734490589766,0.0,CD8_Tcell
166.03341988137916,219.05196359776778,0.0,CD8_Tcell
289.4587575509358,-164.282401724222,0.0,CD8_Tcell
-200.39716612836924,-314.65181231205804,0.0,CD8_Tcell
294.05178104449993,-9.190896128021194,0.0,CD8_Tcell
273.0975874357516,156.24677241714141,0.0,CD8_Tcell
-57.92872479125438,223.45256118190238,0.0,CD8_Tcell
116.02628142054125,300.7578178181763,0.0,CD8_Tcell
-90.85800685936894,-337.33912751378597,0.0,CD8_Tcell
-46.173116613423076,224.08732015169457,0.0,CD8_Tcell
335.91929107460334,-171.14982756178338,0.0,CD8_Tcell
-285.36295841066215,-277.00972123400857,0.0,CD8_Tcell
333.7032081052706,-88.82578632317396,0.0,CD8_Tcell
393.0911941438704,43.81042620457748,0.0,CD8_Tcell
279.2770854768564,227.8407079819514,0.0,CD8_Tcell
-141.88294452209445,151.68743628553065,0.0,CD8_Tcell
346.508324068072,150.14803572447818,0.0,CD8_Tcell
198.5203813107674,-133.1280019602906,0.0,CD8_Tcell
-195.03059809191907,-227.29485423013531,0.0,CD8_Tcell
105.15969717312328,-385.8536720753249,0.0,CD8_Tcell
-214.31547149184473,29.646367766690492,0.0,CD8_Tcell
199.91290094760168,-19.825279555912786,0.0,CD8_Tcell
65.01786170861398,278.0199532949653,0.0,CD8_Tcell
-334.3586804424011,-201.35044259843193,0.0,CD8_Tcell
117.94553054196477,189.99979762994982,0.0,CD8_Tcell
126.48052292570547,193.68978565974697,0.0,CD8_Tcell
-33.44103778978985,216.4159451188701,0.0,CD8_Tcell
-242.85885401722464,255.03352788656898,0.0,CD8_Tcell
-363.5414139824282,-5.226710179419189,0.0,CD8_Tcell
73.2517730314025,-197.23280041100355,0.0,CD8_Tcell
233.23241448295937,-5.156159732568174,0.0,CD8_Tcell
-6.156900548477122,326.8858803553915,0.0,CD8_Tcell
-147.004148580074,321.5297967061562,0.0,CD8_Tcell
222.14360220997156,-332.06521731539397,0.0,CD8_Tcell
42.447628289317116,301.92774776127516,0.0,CD8_Tcell
44.82626212149414,-348.495409061848,0.0,CD8_Tcell
-310.0688191547465,165.98419948313114,0.0,CD8_Tcell
-3.4322351832135847,-328.7471803906352,0.0,CD8_Tcell
-111.62793676124403,-302.1451592971928,0.0,CD8_Tcell
-87.97948091006333,-207.06162396441755,0.0,CD8_Tcell
-229.88153013021355,-263.9230694216165,0.0,CD8_Tcell
319.93973515658115,-159.66924792283373,0.0,CD8_Tcell
-7.016918580325297,-310.06938508153365,0.0,CD8_Tcell
150.62854527411503,-208.64981656320188,0.0,CD8_Tcell
-59.28734953235648,-221.03644523805474,0.0,CD8_Tcell
45.13414026096716,233.62263724834008,0.0,CD8_Tcell
-167.59789532053867,240.59266473044167,0.0,CD8_Tcell
226.49073786987378,-45.56134358928325,0.0,CD8_Tcell
-285.1830806192621,-149.65027767024284,0.0,CD8_Tcell
125.54281202120868,358.6694273533811,0.0,CD8_Tcell
-6.96254094507838,256.15461781789594,0.0,CD8_Tcell
-150.67342427804323,233.18207489669032,0.0,CD8_Tcell
184.51868553125908,-251.90655094974147,0.0,CD8_Tcell
-70.56434711641081,272.04236178551383,0.0,CD8_Tcell
-113.12811235885249,-171.8557443889198,0.0,CD8_Tcell
-160.26246523233866,-218.8888625592335,0.0,CD8_Tcell
358.87913352456405,-56.49078007357972,0.0,CD8_Tcell
-153.2064269788483,225.60754412074172,0.0,CD8_Tcell
-247.59121599936904,-154.0944572482339,0.0,CD8_Tcell
-118.17121499583094,-239.24772521448003,0.0,CD8_Tcell
-224.67758939143158,83.37548361070705,0.0,CD8_Tcell
350.4694037866671,-106.97446606377221,0.0,CD8_Tcell
21.80661075163327,-212.55727913556197,0.0,CD8_Tcell
-260.23740578121897,16.53150811575629,0.0,CD8_Tcell
-32.16723421078706,-245.77003383244076,0.0,CD8_Tcell
-368.38321012062767,38.645924541360934,0.0,CD8_Tcell
-143.410283509039,-323.0741790680841,0.0,CD8_Tcell
239.99995340919637,-305.54357373865156,0.0,CD8_Tcell
-45.740367053860886,306.78123387499346,0.0,CD8_Tcell
-74.80543634449162,224.7922215975834,0.0,CD8_Tcell
-37.206890983153535,379.50306445946137,0.0,CD8_Tcell
137.14408773194597,155.00886275836328,0.0,CD8_Tcell
383.34316379373354,64.8735790608172,0.0,CD8_Tcell
175.72015990604413,331.96526085911074,0.0,CD8_Tcell
-200.68947601181483,-51.631449327353046,0.0,CD8_Tcell
-324.51553045234965,194.09171185367924,0.0,CD8_Tcell
166.90210184786056,-146.96203526493238,0.0,CD8_Tcell
-275.7507754666224,-260.70042599372306,0.0,CD8_Tcell
202.015776832364,81.40154277109104,0.0,CD8_Tcell
240.93893344041555,-7.169418814699923,0.0,CD8_Tcell
-95.08823571289209,272.2499372082685,0.0,CD8_Tcell
215.00829235582603,-202.0142489051954,0.0,CD8_Tcell
-301.93811526465305,-117.56888911639628,0.0,CD8_Tcell
-181.4824464171003,183.0631591622662,0.0,CD8_Tcell
139.93934808006352,234.22722941403933,0.0,CD8_Tcell
327.70207752409806,39.91883803732032,0.0,CD8_Tcell
-271.0549860752748,22.003443594774506,0.0,CD8_Tcell
-144.93112766878102,225.9184909310095,0.0,CD8_Tcell
89.48348354528827,-326.1370373527859,0.0,CD8_Tcell
31.101211456473948,258.0684747279685,0.0,CD8_Tcell
291.67128221530925,10.555307353292019,0.0,CD8_Tcell
312.06346185505856,2.265638320420155,0.0,CD8_Tcell
150.41696727639143,-357.4046577787861,0.0,CD8_Tcell
-25.253055140889217,206.6903906463043,0.0,CD8_Tcell
284.40375067700046,-206.45495001540922,0.0,CD8_Tcell
-167.62066205214452,-146.69920022182632,0.0,CD8_Tcell
324.3419115641398,100.04102684470537,0.0,CD8_Tcell
148.41140995020956,-255.64598555405445,0.0,CD8_Tcell
-288.53094863076535,-194.64242825873112,0.0,CD8_Tcell
200.46471500464907,285.11912363783534,0.0,CD8_Tcell
-148.74338412450552,338.52808420963197,0.0,CD8_Tcell
-371.6330356498096,-128.40104138160564,0.0,CD8_Tcell
10.209027110458885,349.11063582632335,0.0,CD8_Tcell
-286.0738121922037,-69.64497547568278,0.0,CD8_Tcell
-210.1529724397422,88.3794986507038,0.0,CD8_Tcell
180.5041688070505,89.80833242128746,0.0,CD8_Tcell
89.79779608879333,-300.3829249428973,0.0,CD8_Tcell
-17.272240144373914,-383.60883720631983,0.0,CD8_Tcell
296.36027146629857,-133.75701617201324,0.0,CD8_Tcell
332.20164119985475,117.82715531988443,0.0,CD8_Tcell
-199.41140253277595,142.54782541341143,0.0,CD8_Tcell
310.23067282743807,150.28168779250672,0.0,CD8_Tcell
-233.53152777825247,185.60795348834975,0.0,CD8_Tcell
-100.17792636926464,274.3223933796433,0.0,CD8_Tcell
301.4786686329504,228.75004900907095,0.0,CD8_Tcell
-274.3890298756226,-76.01560102917252,0.0,CD8_Tcell
-332.7944865259437,-193.38023085033606,0.0,CD8_Tcell
253.67672233770614,-136.7194381715939,0.0,CD8_Tcell
-95.76667080090715,-270.17700109511554,0.0,CD8_Tcell
4.625080393410365,-359.46200216281096,0.0,CD8_Tcell
130.13326433807177,-174.74663080531568,0.0,CD8_Tcell
-260.5543089659699,49.91310873163795,0.0,CD8_Tcell
-359.2873191527518,80.41574830885705,0.0,CD8_Tcell
-24.76087555613555,-202.47831177133918,0.0,CD8_Tcell
-31.50294338822947,384.58469758187294,0.0,CD8_Tcell
-382.5726653273025,-68.46794432318525,0.0,CD8_Tcell
-305.48462060341325,-86.70706457125067,0.0,CD8_Tcell
-46.099372312043954,235.73420096972617,0.0,CD8_Tcell
-163.44617714817346,-119.43769686360851,0.0,CD8_Tcell
-392.1636908798773,-30.051592708182824,0.0,CD8_Tcell
-25.696397535392077,-392.1176848166095,0.0,CD8_Tcell
24.442598311142675,375.7288422532689,0.0,CD8_Tcell
341.6665799830216,-30.738810041012453,0.0,CD8_Tcell
-217.6450300743479,139.7421915393905,0.0,CD8_Tcell
242.18751811915726,204.83793876917804,0.0,CD8_Tcell
81.17230050577834,-254.25020322411112,0.0,CD8_Tcell
-318.7100379634189,-176.8596217799986,0.0,CD8_Tcell
140.55053143963548,-324.727186929065,0.0,CD8_Tcell
-263.3971146877408,95.73721873761586,0.0,CD8_Tcell
99.87035599956492,-218.69464275233642,0.0,CD8_Tcell
269.208091119302,111.98927518346375,0.0,CD8_Tcell
-114.26883518464408,-304.3250017922985,0.0,CD8_Tcell
306.54829055979457,-60.22003618979409,0.0,CD8_Tcell
274.9042725414316,286.50898233535537,0.0,CD8_Tcell
-6.934799487602791,-391.1186731941137,0.0,CD8_Tcell
-48.23400174842411,-221.6391191640052,0.0,CD8_Tcell
-171.93214497250634,-158.864239022555,0.0,CD8_Tcell
290.8294372598638,140.84721261934365,0.0,CD8_Tcell
199.69714785074274,-246.33435492249748,0.0,CD8_Tcell
215.4832637120507,-78.37560617658744,0.0,CD8_Tcell
-355.87380514450535,126.22676175479462,0.0,CD8_Tcell
-14.92080749825932,-229.00963287063612,0.0,CD8_Tcell
-182.22582902023825,-280.5732319186875,0.0,CD8_Tcell
-31.002348760928264,-286.3447405600333,0.0,CD8_Tcell
139.22315821251902,189.85503479889832,0.0,CD8_Tcell
-212.11010380428772,-329.1805245378138,0.0,CD8_Tcell
-20.36284112396759,-352.25321125745137,0.0,CD8_Tcell
-387.6905874427134,-82.96345057649437,0.0,CD8_Tcell
354.2742564472799,-119.36206244984368,0.0,CD8_Tcell
-255.14460767382167,-227.19837974874238,0.0,CD8_Tcell
354.7652207068659,-118.65286019629109,0.0,CD8_Tcell
221.78371473488275,41.00759248399866,0.0,CD8_Tcell
-186.4118785600791,220.93907504909498,0.0,CD8_Tcell
-180.13185468826353,296.4861661771881,0.0,CD8_Tcell
-81.81811725201445,243.67279800301932,0.0,CD8_Tcell
162.11245580972286,212.25914652290604,0.0,CD8_Tcell
298.80447767205595,70.05540953683644,0.0,CD8_Tcell
-67.17411914385424,-254.8560932912818,0.0,CD8_Tcell
276.9125364555653,87.21368260702211,0.0,CD8_Tcell
-101.27559990979138,-302.02934465850717,0.0,CD8_Tcell
157.35778914002833,-142.6580167526808,0.0,CD8_Tcell
-140.35068999725732,-280.7745175376683,0.0,CD8_Tcell
-178.21150507139936,344.60655804152384,0.0,CD8_Tcell
-352.0027813997367,129.26401031763845,0.0,CD8_Tcell
210.57864503190683,-202.98356598126222,0.0,CD8_Tcell
-256.9735297774194,-79.80597889174453,0.0,CD8_Tcell
285.4240142707766,-124.57898175056066,0.0,CD8_Tcell
191.6698570477157,151.5707193821163,0.0,CD8_Tcell
178.5076702656863,354.5048587919815,0.0,CD8_Tcell
327.2373676598277,13.068922283488474,0.0,CD8_Tcell
278.8504039359885,-163.7951725897964,0.0,CD8_Tcell
-54.08343664866718,-370.20955356507915,0.0,CD8_Tcell
-67.30524525810581,-266.6534544672248,0.0,CD8_Tcell
-370.1195076417289,109.3548392878694,0.0,CD8_Tcell
-161.7979333116333,-285.8612544234138,0.0,CD8_Tcell
-199.5873797382842,131.61538194212483,0.0,CD8_Tcell
-260.3039579781939,-140.25621839879713,0.0,CD8_Tcell
281.3871441184407,218.1307100785601,0.0,CD8_Tcell
196.3859318324494,-312.4299921283895,0.0,CD8_Tcell
-114.13073748333203,-189.3038411227215,0.0,CD8_Tcell
339.64279332816096,-34.32458516522337,0.0,CD8_Tcell
-170.08925267547315,312.4221145244852,0.0,CD8_Tcell
-184.52707474766194,154.74575617710173,0.0,Treg
180.88136972800677,188.9587939333602,0.0,Treg
267.64926718905576,-225.91462375524662,0.0,Treg
90.2398177454809,328.44338576387275,0.0,Treg
-337.67859609581535,49.195665051913586,0.0,Treg
317.6038196983279,-226.93274263138528,0.0,Treg
-223.84997622595898,-308.3694354051656,0.0,Treg
133.7619862078486,-297.8667899325967,0.0,Treg
56.51945129629186,324.2247541291138,0.0,Treg
-70.30879511928168,236.93870386569552,0.0,Treg
63.96541892982,231.16281700013275,0.0,Treg
13.579177993773945,310.2726512515893,0.0,Treg
-199.7484099787641,-153.1295207752436,0.0,Treg
-335.9791715701491,32.691252113917805,0.0,Treg
-227.07866441234995,167.2688028816037,0.0,Treg
246.70321633215917,173.5271095265325,0.0,Treg
81.46243622221105,341.10617564354817,0.0,Treg
290.89292266622726,5.858287229324245,0.0,Treg
-27.017512173551303,198.8380537441639,0.0,Treg
350.65391600142476,163.90906312193422,0.0,Treg
-202.4973318375983,-4.856126727926988,0.0,Treg
311.5073480570415,78.22659502604901,0.0,Treg
-377.0750741467812,-51.25098640266312,0.0,Treg
-275.8738140871831,153.26307211077645,0.0,Treg
-310.1150873255342,-120.93998034870006,0.0,Treg
-104.91013412117111,-247.98714336810218,0.0,Treg
-233.41015961608795,-144.48289731856056,0.0,Treg
-18.710403181655433,-364.5844111367418,0.0,Treg
-343.35641319778586,-136.36221250954023,0.0,Treg
200.80370430134172,-50.91265610920812,0.0,Treg
-286.29668961738156,-35.229018483828476,0.0,Treg
-270.712291087088,-205.90181681292654,0.0,Treg
-144.04597252991266,-213.9998993713269,0.0,Treg
-47.43555708629652,-228.59785037491014,0.0,Treg
251.23378268121246,-217.25616074863362,0.0,Treg
-257.36331013366663,160.75752497288477,0.0,Treg
-164.76493836274955,-122.52865842624935,0.0,Treg
-30.629573339654744,-346.5774555950242,0.0,Treg
397.6868528976211,-17.993486051388874,0.0,Treg
257.03658579425144,-163.2704798596021,0.0,Treg
201.00486340754955,108.24744807585607,0.0,Treg
152.93515627482904,-255.12666997846293,0.0,Treg
-82.07962540375462,190.94911205442057,0.0,Treg
-150.03314331099114,-238.62921972347854,0.0,Treg
-188.6351570329425,136.60792379988234,0.0,Treg
-275.23228196867336,286.200893446941,0.0,Treg
58.450341419848876,-277.2356803171722,0.0,Treg
129.3416872571447,-20.79558816781429,0.0,epithelial_tumor
-175.3968516359751,-25.316467378667255,0.0,epithelial_tumor
-109.86273257540668,-90.70617334865553,0.0,epithelial_tumor
-190.45165854282908,-13.055873355445458,0.0,epithelial_tumor
84.32765229592607,-75.96921713139828,0.0,epithelial_tumor
152.37236548261703,92.25683906651773,0.0,epithelial_tumor
-157.41067696873725,-28.49919877249363,0.0,epithelial_tumor
55.247751054356996,-2.458169190204671,0.0,epithelial_tumor
-137.2370369744314,127.09431835576328,0.0,epithelial_tumor
-94.89336776402105,-118.07232115604104,0.0,epithelial_tumor
21.579740619905536,54.98174891528949,0.0,epithelial_tumor
-127.49770138639303,-141.62789058697177,0.0,epithelial_tumor
155.06930273567696,23.648839423994392,0.0,epithelial_tumor
-100.23498525687893,-73.27449804858604,0.0,epithelial_tumor
-13.713551718216797,110.26316500843339,0.0,epithelial_tumor
108.73244769034612,-144.89080838845703,0.0,epithelial_tumor
-89.13449753603837,0.5485835248436587,0.0,epithelial_tumor
-105.29072938202539,-166.39631809549158,0.0,epithelial_tumor
-71.64896700801155,89.87434862152915,0.0,epithelial_tumor
-170.23610936252527,85.81823397581654,0.0,epithelial_tumor
143.78679928690502,31.6677402283725,0.0,epithelial_tumor
140.5530632482662,99.01192113999818,0.0,epithelial_tumor
-154.9927316860971,-12.199754099760886,0.0,epithelial_tumor
43.26478272278701,-148.92624225186816,0.0,epithelial_tumor
-10.757315203183714,-111.20956571674004,0.0,epithelial_tumor
-36.77684598703046,-39.903428340933004,0.0,epithelial_tumor
81.41939785350809,53.421803678781494,0.0,epithelial_tumor
-127.0583795803143,28.549849590122907,0.0,epithelial_tumor
117.2738717488561,97.28615804714782,0.0,epithelial_tumor
44.97098952417105,88.95733706931767,0.0,epithelial_tumor
59.264633452989806,-114.0325436708376,0.0,epithelial_tumor
79.64988905147439,131.90391412546245,0.0,epithelial_tumor
-42.17617104304766,177.60152504968684,0.0,epithelial_tumor
-0.34449123117971625,187.4660901551297,0.0,epithelial_tumor
-59.815243994711565,127.38127854144598,0.0,epithelial_tumor
32.49311424694752,-13.653625878306876,0.0,epithelial_tumor
-66.51103142526316,-85.5966102575782,0.0,epithelial_tumor
118.2426479668887,-78.47018267764504,0.0,epithelial_tumor
50.21512639317967,-115.89437466722241,0.0,epithelial_tumor
-64.97768497141683,-99.6581985941386,0.0,epithelial_tumor
98.05234172688307,-119.79463951511178,0.0,epithelial_tumor
37.740854737191704,62.77843066423713,0.0,epithelial_tumor
43.188825160170055,-139.90627074447985,0.0,epithelial_tumor
-51.31590742996889,-58.56443828324148,0.0,epithelial_tumor
-72.74758240802875,159.60001682981877,0.0,epithelial_tumor
6.283377873758827,-35.78672133792489,0.0,epithelial_tumor
-191.9075932490409,52.489350586461974,0.0,epithelial_tumor
-99.1308994610424,30.34736223074509,0.0,epithelial_tumor
-58.56289793532956,175.88735607286785,0.0,epithelial_tumor
94.02716972538249,-70.23941561139736,0.0,epithelial_tumor
166.83765711493186,55.51753602132943,0.0,epithelial_tumor
-92.60803073353797,17.703352305219493,0.0,epithelial_tumor
63.35482922336832,-16.514245634890756,0.0,epithelial_tumor
-176.8036987464105,-17.63218261080768,0.0,epithelial_tumor
-54.07576833606883,-83.06833574996583,0.0,epithelial_tumor
109.81869511457454,-154.23153493753688,0.0,epithelial_tumor
-150.40946001779943,-35.45503854202183,0.0,epithelial_tumor
124.57468992946188,29.94018187927689,0.0,epithelial_tumor
-90.77804382552466,120.94189654951049,0.0,epithelial_tumor
-102.72472406643911,158.16308692217282,0.0,epithelial_tumor
156.89283398037927,116.95911890221917,0.0,epithelial_tumor
-61.361090784500504,139.60753877126945,0.0,epithelial_tumor
-33.480833407932465,77.02858251714424,0.0,epithelial_tumor
67.87160773708202,68.84331165696454,0.0,epithelial_tumor
61.742314159460896,169.0208051351897,0.0,epithelial_tumor
36.55880846610928,167.21038389848837,0.0,epithelial_tumor
-78.05273209358715,111.06172279857552,0.0,epithelial_tumor
-48.30608313352186,44.303299509078705,0.0,epithelial_tumor
25.947020472726017,-35.41070690713464,0.0,epithelial_tumor
45.137399190233204,-97.34210062668319,0.0,epithelial_tumor
-93.9774265706192,5.460331499963724,0.0,epithelial_tumor
-7.420067466561923,-55.38608215152945,0.0,epithelial_tumor
-117.50619320235606,123.10143390325098,0.0,epithelial_tumor
60.43257883770527,-0.7790748319268296,0.0,epithelial_tumor
-192.54742286902314,-8.437155912491395,0.0,epithelial_tumor
-38.19744518159923,-112.06509590727893,0.0,epithelial_tumor
104.16305004742783,-60.992123898568025,0.0,epithelial_tumor
-105.66219991200607,-80.44370710060191,0.0,epithelial_tumor
81.32109246917366,137.91077897136924,0.0,epithelial_tumor
-71.75954256193084,-52.27111123299911,0.0,epithelial_tumor
-38.3296230339273,-123.43711352633024,0.0,epithelial_tumor
14.345526398593446,-122.6878095430315,0.0,epithelial_tumor
-14.119998076792893,-142.50821866955192,0.0,epithelial_tumor
59.4520295904661,-14.84796450607037,0.0,epithelial_tumor
39.0193816179523,-120.23277262567936,0.0,epithelial_tumor
-90.16560576059422,77.26652640420569,0.0,epithelial_tumor
-166.44355254119668,83.84944196121162,0.0,epithelial_tumor
-85.4866163063863,127.22771575312271,0.0,epithelial_tumor
72.0110470324813,44.79749298461303,0.0,epithelial_tumor
62.5405869035496,39.48540468504862,0.0,epithelial_tumor
86.69589666003124,77.09971727869042,0.0,epithelial_tumor
-116.03739738772467,-129.4507219453208,0.0,epithelial_tumor
-41.45749559082547,-6.032925677885068,0.0,epithelial_tumor
-35.02232094629953,106.2187424158168,0.0,epithelial_tumor
65.59618271137995,-9.841525209213938,0.0,epithelial_tumor
-89.04120736199276,31.071060984842642,0.0,epithelial_tumor
-34.96321191442714,-52.34187412800886,0.0,epithelial_tumor
113.00352135369599,-66.96892179761012,0.0,epithelial_tumor
-158.74577346703452,10.898895574957955,0.0,epithelial_tumor
-87.31951404704465,31.473744789123355,0.0,epithelial_tumor
97.30493637456873,-52.9357982743577,0.0,epithelial_tumor
165.13133675338545,-94.34843715427208,0.0,epithelial_tumor
-56.2181951719068,-100.40223288339789,0.0,epithelial_tumor
-17.130619423123914,-150.59846660088337,0.0,epithelial_tumor
41.81355646929884,-180.88869278766748,0.0,epithelial_tumor
33.71673320689728,38.731326855066804,0.0,epithelial_tumor
9.884922029652804,24.237843599153155,0.0,epithelial_tumor
46.86492205628445,108.32329556817062,0.0,epithelial_tumor
180.59430616888852,67.83015451201678,0.0,epithelial_tumor
-22.47835007390695,175.60880748979744,0.0,epithelial_tumor
123.19492114236364,57.353050253493656,0.0,epithelial_tumor
-48.57356351874652,125.11325120642599,0.0,epithelial_tumor
84.81385693222707,-141.5049826654856,0.0,epithelial_tumor
-10.96372848170932,-27.906957944525036,0.0,epithelial_tumor
83.04053540765399,-29.412715305510932,0.0,epithelial_tumor
105.16060857586395,17.06158062072114,0.0,epithelial_tumor
64.47307508117603,144.2046563704787,0.0,epithelial_tumor
-117.45211329378101,-30.313043345525205,0.0,epithelial_tumor
122.94748056005147,-141.50440687121946,0.0,epithelial_tumor
16.246922937117937,64.71566998646576,0.0,epithelial_tumor
-48.76515251726057,28.405224619989145,0.0,epithelial_tumor
98.6561063423903,-63.32643819672038,0.0,epithelial_tumor
115.25584861124517,10.57534752199321,0.0,epithelial_tumor
-102.63329740639577,82.0106156443544,0.0,epithelial_tumor
83.99528420601732,-31.241848933124405,0.0,epithelial_tumor
-45.15819305181436,1.0774933423586972,0.0,epithelial_tumor
-53.513677677766346,-122.83064728183837,0.0,epithelial_tumor
141.6119684346509,126.9272674254625,0.0,epithelial_tumor
132.80514378727102,-145.47268067655995,0.0,epithelial_tumor
149.85037044977003,130.089176141093,0.0,epithelial_tumor
102.52829646383411,-52.99767606665301,0.0,epithelial_tumor
-106.20325010090465,120.41431567630478,0.0,epithelial_tumor
18.356717918869407,-145.47697452652602,0.0,epithelial_tumor
174.56459665799022,46.521888626135734,0.0,epithelial_tumor
197.10735346107774,-33.46734069860313,0.0,epithelial_tumor
-10.945658928851124,-19.06703213008238,0.0,epithelial_tumor
3.5131885031657113,152.0020646734036,0.0,epithelial_tumor
-162.02082689122244,-116.2340841012419,0.0,epithelial_tumor
75.0011985765825,87.07911406954202,0.0,epithelial_tumor
-141.28495570828164,73.51968004146322,0.0,epithelial_tumor
65.02108158527244,58.32253019076985,0.0,epithelial_tumor
29.022281001095557,-38.45284134639251,0.0,epithelial_tumor
157.06608493040224,-83.4841114695374,0.0,epithelial_tumor
-25.553019799727753,31.858114783383336,0.0,epithelial_tumor
146.0302908652543,68.93896833946162,0.0,epithelial_tumor
57.71746328226491,-121.34651956180285,0.0,epithelial_tumor
128.98090027187894,2.2209104294743827,0.0,epithelial_tumor
169.1378314554302,-102.51732232616956,0.0,epithelial_tumor_class1
53.2602557592672,161.3731485630763,0.0,epithelial_tumor_class1
-40.083662719839985,-97.00422996689684,0.0,epithelial_tumor_class1
-8.52932018490272,17.618688140762423,0.0,epithelial_tumor_class1
-20.937464585077716,-71.59587319458826,0.0,epithelial_tumor_class1
44.53176874793922,-91.61929169894508,0.0,epithelial_tumor_class1
80.47316121846806,150.3346355949939,0.0,epithelial_tumor_class1
188.22471247424892,-44.67963829682705,0.0,epithelial_tumor_class1
181.84157479173723,68.92753685343573,0.0,epithelial_tumor_class1
-15.159470453674425,2.380625313152463,0.0,epithelial_tumor_class1
64.50748266430722,3.1464684311753435,0.0,epithelial_tumor_class1
-44.43674483150542,81.7982085324212,0.0,epithelial_tumor_class1
67.45852052349419,-35.34310710557618,0.0,epithelial_tumor_class1
-137.9947386896034,-120.6567472111942,0.0,epithelial_tumor_class1
-81.7654561939225,60.339810434448765,0.0,epithelial_tumor_class1
-115.37737044626928,-133.33535085967856,0.0,epithelial_tumor_class1
-38.87991681804581,-41.08807227212761,0.0,epithelial_tumor_class1
39.085810077100476,-37.633667156387645,0.0,epithelial_tumor_class1
-91.13211011305621,-85.47037760998055,0.0,epithelial_tumor_class1
130.09171634523537,149.5688231241899,0.0,epithelial_tumor_class1
180.41684797600007,-24.491221315114586,0.0,epithelial_tumor_class1
90.61893800861381,-154.73999763620907,0.0,epithelial_tumor_class1
13.015943134265367,-165.6287240792043,0.0,epithelial_tumor_class1
-112.7566188645548,121.0276720281988,0.0,epithelial_tumor_class1
161.9322448629496,-105.70071090252985,0.0,epithelial_tumor_class1
-161.80608562603385,-26.14821372688729,0.0,epithelial_tumor_class1
-85.70529309884402,-4.210002691462348,0.0,epithelial_tumor_class1
-64.0808143226043,-162.80775926227784,0.0,epithelial_tumor_class1
54.34839418169437,-2.0330061579193432,0.0,epithelial_tumor_class1
44.21419682958698,63.611122613768686,0.0,epithelial_tumor_class1
-4.092851866578981,-84.23019305871387,0.0,epithelial_tumor_class1
-103.24960451527689,-125.74946458912478,0.0,epithelial_tumor_class1
-75.03680967005366,-49.87192785436683,0.0,epithelial_tumor_class1
125.55455854597223,19.423991117787683,0.0,epithelial_tumor_class1
160.67889066845586,-67.62210520088095,0.0,epithelial_tumor_class1
-157.04028718988948,-40.08456412406842,0.0,epithelial_tumor_class1
-49.893770872458795,120.82065458295158,0.0,epithelial_tumor_class1
28.93182566874945,82.48539140842878,0.0,epithelial_tumor_class1
-176.4091964882038,72.33731725456153,0.0,epithelial_tumor_class1
33.4792800050064,122.37902882179105,0.0,epithelial_tumor_class1
-84.24597877883717,-9.366872286446103,0.0,epithelial_tumor_class1
-28.243348421796288,55.09528112833176,0.0,epithelial_tumor_class1
192.63735722938287,-21.425882167188846,0.0,epithelial_tumor_class1
97.0916074048599,-160.92849090506888,0.0,epithelial_tumor_class1
125.46212881183705,-111.22224017751861,0.0,epithelial_tumor_class1
76.28688753822186,-49.722291213605644,0.0,epithelial_tumor_class1
95.3430328379045,116.13645374766587,0.0,epithelial_tumor_class1
11.536082273290782,-14.781763192391624,0.0,epithelial_tumor_class1
-68.91849059799773,-143.9352651786115,0.0,epithelial_tumor_class1
-66.66324594075586,-93.23872110562428,0.0,epithelial_tumor_class1
-80.97831483203339,-61.67042204120086,0.0,epithelial_tumor_class1
-149.19253680760312,-61.19380428635062,0.0,epithelial_tumor_class1
-174.3972633919793,31.267603570822327,0.0,epithelial_tumor_class1
-43.8665534698949,-122.71942229114393,0.0,epithelial_tumor_class1
-77.06418073048667,-28.56372323528189,0.0,epithelial_tumor_class1
35.37716491178262,76.30530742884963,0.0,epithelial_tumor_class1
-131.91871700429343,-104.77770357814455,0.0,epithelial_tumor_class1
-29.52805179925244,15.794526159354415,0.0,epithelial_tumor_class1
-76.28076993924401,0.9345637492664859,0.0,epithelial_tumor_class1
-44.20519341676969,-79.97417153296269,0.0,epithelial_tumor_class1
-69.26744551183405,-44.69134784686856,0.0,epithelial_tumor_class1
95.29499121755971,49.985204961079056,0.0,epithelial_tumor_class1
50.7421271961206,87.88524019970123,0.0,epithelial_tumor_class1
-57.115499609365905,167.52196230164796,0.0,epithelial_tumor_class1
-120.8640768548615,-81.03981883127219,0.0,epithelial_tumor_class1
5.677475760621107,56.362593253630024,0.0,epithelial_tumor_class1
165.29400475161248,-97.22932127006578,0.0,epithelial_tumor_class1
186.58328625119066,-12.916203283514866,0.0,epithelial_tumor_class1
-189.54149617484492,-11.15518510784367,0.0,epithelial_tumor_class1
13.39825155197093,-36.33127752191631,0.0,epithelial_tumor_class1
77.959725085079,78.39862610908636,0.0,epithelial_tumor_class1
-110.06967725329619,-26.297775884508955,0.0,epithelial_tumor_class1
-40.24745170308227,-37.10601318546542,0.0,epithelial_tumor_class1
-90.54622493346966,35.6666641214499,0.0,epithelial_tumor_class1
125.1700442424155,-56.49406313505634,0.0,epithelial_tumor_class1
-149.01688536186083,97.21858355202829,0.0,epithelial_tumor_class1_class2
-58.488874064680715,145.07569503585327,0.0,epithelial_tumor_class1_class2
80.63468635538935,94.87328499110677,0.0,epithelial_tumor_class1_class2
-170.02884006519784,-17.231361908936286,0.0,epithelial_tumor_class1_class2
93.93727560175674,-157.37329664140734,0.0,epithelial_tumor_class1_class2
-102.74831301342583,-70.076486125796,0.0,epithelial_tumor_class1_class2
171.5146856580251,11.633918401037175,0.0,epithelial_tumor_class1_class2
-97.7684014273786,-43.917102704304895,0.0,epithelial_tumor_class1_class2
-83.54759395768662,-69.65229635255216,0.0,epithelial_tumor_class1_class2
168.8275488906547,-20.00014360824168,0.0,epithelial_tumor_class1_class2
66.18127781068631,52.496230916337275,0.0,epithelial_tumor_class1_class2
-149.63650965406788,-111.81831340962998,0.0,epithelial_tumor_class1_class2
38.961658502348726,-61.010319197720925,0.0,epithelial_tumor_class1_class2
-29.683104406284283,179.69749202875826,0.0,epithelial_tumor_class1_class2
11.95254202725099,-28.110042597243016,0.0,epithelial_tumor_class1_class2
-56.71580389128165,191.39294564403167,0.0,epithelial_tumor_class1_class2
-167.33249671097562,-95.04282747900841,0.0,epithelial_tumor_class1_class2
18.94098138131652,4.429657180983837,0.0,epithelial_tumor_class1_class2
-179.41505481288382,43.50806079318028,0.0,epithelial_tumor_class1_class2
28.114290082102446,-32.8269876571897,0.0,epithelial_tumor_class1_class2
133.53800732000414,-111.7577766170218,0.0,epithelial_tumor_class1_class2
180.0390499217501,64.67593027739335,0.0,epithelial_tumor_class1_class2
-55.35202693649094,165.16602808136628,0.0,epithelial_tumor_class1_class2
-119.24730832976633,114.19789775253848,0.0,epithelial_tumor_class1_class2
139.3127910002541,68.72963399860582,0.0,epithelial_tumor_class1_class2
-58.11525949693712,-179.94288313368853,0.0,epithelial_tumor_class1_class2
128.6729894938912,-122.04742944539231,0.0,epithelial_tumor_class1_class2
-67.12571700543799,5.3755372838178275,0.0,epithelial_tumor_class1_class2
-85.6383581315884,25.624388000677143,0.0,epithelial_tumor_class1_class2
177.0281897930826,-75.5615492875727,0.0,epithelial_tumor_class1_class2
5.68251220309191,52.8653319194503,0.0,epithelial_tumor_class1_class2
-83.26538104222423,10.414194281867728,0.0,epithelial_tumor_class1_class2
13.55878714487364,121.48630001863773,0.0,epithelial_tumor_class1_class2
15.08520942745819,-79.57088317879224,0.0,epithelial_tumor_class1_class2
-80.67868900854435,86.80343497937316,0.0,epithelial_tumor_class1_class2
-171.4558123701775,-100.42040878185213,0.0,epithelial_tumor_class1_class2
-11.840556607341652,155.0276767649809,0.0,epithelial_tumor_class1_class2
52.28297879445635,-43.674233685799685,0.0,epithelial_tumor_class1_class2
-46.113387893424466,97.45054168735426,0.0,epithelial_tumor_class1_class2
12.489882997767472,-146.76793408893866,0.0,epithelial_tumor_class1_class2
-152.65447949369562,-36.999155518399704,0.0,epithelial_tumor_class1_class2
-75.35231131606618,-156.0053825556998,0.0,epithelial_tumor_class1_class2
-175.14376256034546,-35.448884996813575,0.0,epithelial_tumor_class1_class2
131.54122286811887,-144.6079180668932,0.0,epithelial_tumor_class1_class2
116.29541593916599,-149.8308186847011,0.0,epithelial_tumor_class1_class2
-27.320968304392316,6.9824614659253355,0.0,epithelial_tumor_class1_class2
5.839201558111324,-154.18108128603336,0.0,epithelial_tumor_class1_class2
-58.39180844974445,-109.27559814534662,0.0,epithelial_tumor_class1_class2
154.25738508680595,82.48979714499414,0.0,epithelial_tumor_class1_class2
159.97234755664212,-8.960546761107747,0.0,epithelial_tumor_class1_class2
-101.4641844456767,137.20384965961566,0.0,epithelial_tumor_class1_class2
-16.21730499066007,-92.97070234967698,0.0,epithelial_tumor_class1_class2
147.59458213522845,14.927942577149503,0.0,epithelial_tumor_class1_class2
-110.62207653180602,70.22783355794259,0.0,epithelial_tumor_class1_class2
-74.23364260659059,-105.18195777464322,0.0,epithelial_tumor_class1_class2
92.74253755423359,96.41213518584468,0.0,epithelial_tumor_class1_class2
10.227532226035937,-46.87835488480629,0.0,epithelial_tumor_class1_class2
34.61666647046789,-32.191842917481154,0.0,epithelial_tumor_class1_class2
134.55995572350412,-29.543209936901395,0.0,epithelial_tumor_class1_class2
0.23524538418887708,-67.25300949912055,0.0,epithelial_tumor_class1_class2
-105.1358939906582,-152.57802230175685,0.0,epithelial_tumor_class1_class2
-41.70503573490551,193.21245102879763,0.0,epithelial_tumor_class1_class2
-146.43845468967376,-6.703911458659332,0.0,epithelial_tumor_class1_class2
-59.5906274449622,-57.988294306847806,0.0,epithelial_tumor_class1_class2
104.12816293108936,104.93859619515462,0.0,epithelial_tumor_class1_class2
198.644659599718,-23.043409207841087,0.0,epithelial_tumor_class1_class2
180.61522867736497,70.45878581780006,0.0,epithelial_tumor_class1_class2
92.48688250425145,142.18157548966064,0.0,epithelial_tumor_class1_class2
140.972377634472,-114.93933018291024,0.0,epithelial_tumor_class1_class2
-124.27415980018172,75.61733617757521,0.0,epithelial_tumor_class1_class2
-105.05488097397144,-43.6731656843783,0.0,epithelial_tumor_class1_class2
-104.309124201255,-37.42067359984818,0.0,epithelial_tumor_class1_class2
15.639351093303796,-15.784311894931227,0.0,epithelial_tumor_class1_class2
-29.482176973114836,58.07445829384941,0.0,epithelial_tumor_class1_class2
-178.77621598387594,-28.841423079955185,0.0,epithelial_tumor_class1_class2
117.15873453366474,68.4655572876182,0.0,epithelial_tumor_class1_class2
193.58630246317736,-0.91710519536847,0.0,epithelial_tumor_class1_class2
-0.12149782972472616,92.6052522865475,0.0,epithelial_tumor_class1_class2
22.16099111995313,104.79751284644536,0.0,epithelial_tumor_class1_class2
-53.88198618917047,-161.4500428174014,0.0,epithelial_tumor_class1_class2
-36.76365122664954,-29.392455424264085,0.0,epithelial_tumor_class1_class2
-14.959033350625306,3.703609023507663,0.0,epithelial_tumor_class1_class2
-5.287991882191342,83.14378249625416,0.0,epithelial_tumor_class1_class2
-64.86716581126151,-117.74137207898468,0.0,epithelial_tumor_class1_class2
-75.59131554889544,-90.11009823796253,0.0,epithelial_tumor_class1_class2
178.4088951243457,22.515423081642357,0.0,epithelial_tumor_class1_class2
-152.7051179822248,-43.86558178421486,0.0,epithelial_tumor_class1_class2
-5.224866719281081,175.40657185513894,0.0,epithelial_tumor_class1_class2
121.07493955547845,147.1319506417771,0.0,epithelial_tumor_class1_class2
-50.06627084349182,-73.01228117692573,0.0,epithelial_tumor_class1_class2
0.20337979179673618,-134.49557697319665,0.0,epithelial_tumor_class1_class2
138.04641273861031,11.169430063495897,0.0,epithelial_tumor_class1_class2
-16.339573969817263,143.37732158532864,0.0,epithelial_tumor_class1_class2
-3.5758247119414097,33.31107717580681,0.0,epithelial_tumor_class1_class2
151.21016135758396,-76.58588449619538,0.0,epithelial_tumor_class1_class2
-48.968818779816594,-164.14242334499622,0.0,epithelial_tumor_class1_class2
-166.20598542828714,-90.5322680991934,0.0,epithelial_tumor_class1_class2
109.36713255311135,-84.76815785814985,0.0,epithelial_tumor_class1_class2
-67.82330318704616,99.3801312644174,0.0,epithelial_tumor_class1_class2
120.68678871590764,112.84764190462657,0.0,epithelial_tumor_class1_class2
-39.34773635680428,113.36564759829932,0.0,epithelial_tumor_class1_class2
-161.8952740564677,24.92264703616851,0.0,epithelial_tumor_class1_class2
-9.753559390562662,36.62599278055058,0.0,epithelial_tumor_class1_class2
96.09554368680162,66.80725888654023,0.0,epithelial_tumor_class1_class2
26.118490706350695,42.37162300253129,0.0,epithelial_tumor_class1_class2
-96.30141947098525,20.247720979759105,0.0,epithelial_tumor_class1_class2
103.6653368779869,-116.14210924597009,0.0,epithelial_tumor_class1_class2
107.23884307036276,-92.15625156028248,0.0,epithelial_tumor_class1_class2
23.65521892650619,76.47859300469193,0.0,epithelial_tumor_class1_class2
-32.55991609020206,159.72736796139705,0.0,epithelial_tumor_class1_class2
170.23093133002234,-18.368225562358248,0.0,epithelial_tumor_class1_class2
-133.57355266704593,20.72297687642335,0.0,epithelial_tumor_class1_class2
105.77160896245428,29.816439846742448,0.0,epithelial_tumor_class1_class2
51.414933219307294,12.743924634320393,0.0,epithelial_tumor_class1_class2
-10.682036711946195,-56.76762938876487,0.0,epithelial_tumor_class1_class2
97.56186165154851,-80.36444782380245,0.0,epithelial_tumor_class1_class2
-69.8945278650057,94.34701702278923,0.0,epithelial_tumor_class1_class2
-190.86493433908748,32.850844368924754,0.0,epithelial_tumor_class1_class2
-72.20293948568361,-158.0171326080573,0.0,epithelial_tumor_class1_class2
-183.8640592140901,-36.686563681464534,0.0,epithelial_tumor_class1_class2
42.91547108937478,-144.60692822197507,0.0,epithelial_tumor_class1_class2
83.33420371564253,-22.146607755241323,0.0,epithelial_tumor_class1_class2
-4.765173726204265,61.88770181004185,0.0,epithelial_tumor_class1_class2
-96.56546212930809,-2.61874496530835,0.0,epithelial_tumor_class1_class2
-107.27075661847121,13.186988202023157,0.0,epithelial_tumor_class1_class2
77.9047000986218,29.54244910586585,0.0,epithelial_tumor_class1_class2
-30.135667074802182,91.95687433612375,0.0,epithelial_tumor_class1_class2
-158.1516411323818,-110.4297839933327,0.0,epithelial_tumor_class1_class2
-2.434913231557949,-127.3550644152124,0.0,epithelial_tumor_class1_class2
22.413282270651205,122.72393432380774,0.0,epithelial_tumor_class1_class2
152.16055666475515,-6.3135558202929,0.0,epithelial_tumor_class1_class2
68.08796130247403,116.66869795565636,0.0,epithelial_tumor_class1_class2
-165.35354706873605,20.864966122155444,0.0,epithelial_tumor_class1_class2
-12.235253563405243,165.22552866999962,0.0,epithelial_tumor_class1_class2
-136.45519684500755,-110.13334676111191,0.0,epithelial_tumor_class1_class2
-186.0304356461339,44.81869831169542,0.0,epithelial_tumor_class1_class2
117.7303673118975,-139.54772353905463,0.0,epithelial_tumor_class1_class2
65.65824056848034,-106.71247771716585,0.0,epithelial_tumor_class1_class2
132.96164991337903,95.80924966627322,0.0,epithelial_tumor_class1_class2
100.994203793015,92.80276403845099,0.0,epithelial_tumor_class1_class2
38.06325975830121,193.336492194653,0.0,epithelial_tumor_class1_class2
-88.96181311644119,50.96035990518225,0.0,epithelial_tumor_class1_class2
45.418820177132126,-106.78082601707065,0.0,epithelial_tumor_class1_class2
-103.16870868007618,32.90606421315193,0.0,epithelial_tumor_class1_class2
-44.73315635675982,31.469443566166497,0.0,epithelial_tumor_class1_class2
6.861473411687302,185.80935078995012,0.0,epithelial_tumor_class1_class2
151.3546088398383,-77.08190078422466,0.0,epithelial_tumor_class1_class2
-129.29310181787616,150.36569983627288,0.0,epithelial_tumor_class1_class2
-89.09469661056393,61.45175306459518,0.0,epithelial_tumor_class1_class2
96.58735986050993,-90.71486985170729,0.0,epithelial_tumor_class1_class2
-22.683516231446706,129.91671598917543,0.0,epithelial_tumor_class1_class2
79.23485298197514,-119.46873310141935,0.0,epithelial_tumor_class1_class2
-23.898168041369978,-176.1345296022572,0.0,epithelial_tumor_class1_class2
-65.40105727988285,-138.94138722220836,0.0,epithelial_tumor_class1_class2
73.52096457976367,-71.3858681560295,0.0,epithelial_tumor_class1_class2
-38.147962119687776,103.41829949454778,0.0,epithelial_tumor_class1_class2
-9.950526531987979,-34.806163384687096,0.0,epithelial_tumor_class1_class2
-175.8325629335417,-66.00263090868374,0.0,epithelial_tumor_class1_class2
-122.17476394911203,-31.387705007029492,0.0,epithelial_tumor_class1_class2
142.23057485723646,10.200898981304872,0.0,epithelial_tumor_class1_class2
-91.07161778689483,-103.64058193584053,0.0,epithelial_tumor_class1_class2
144.0814724574152,-0.946403385675598,0.0,epithelial_tumor_class1_class2
-105.69374824382342,6.374873207115963,0.0,epithelial_tumor_class1_class2
-91.44262623467199,38.60725238676922,0.0,epithelial_tumor_class1_class2
50.989078543904434,-52.04129891268205,0.0,epithelial_tumor_class1_class2
-77.46991218268724,-79.5933093372574,0.0,epithelial_tumor_class1_class2
58.05930890947747,-48.36186205074068,0.0,epithelial_tumor_class1_class2
50.77999963796709,-134.32658268153259,0.0,epithelial_tumor_class1_class2
-37.18436420039682,124.26771849495942,0.0,epithelial_tumor_class1_class2
-52.86069094870324,-188.03551126389956,0.0,epithelial_tumor_class1_class2
-123.00024250993515,30.789593939442966,0.0,epithelial_tumor_class1_class2
93.62865761046903,-154.78052049149045,0.0,epithelial_tumor_class2
-92.43578338475322,-25.314710394479036,0.0,epithelial_tumor_class2
65.15994134047796,-28.92064272116392,0.0,epithelial_tumor_class2
156.13659495181747,109.45301351993248,0.0,epithelial_tumor_class2
-114.7489933695123,57.553123336466,0.0,epithelial_tumor_class2
-90.15049465933144,56.082404808175966,0.0,epithelial_tumor_class2
-192.01808083336712,-47.775336114584064,0.0,epithelial_tumor_class2
85.5226744209701,151.80282388778943,0.0,epithelial_tumor_class2
104.30341308385799,-84.44682269853912,0.0,epithelial_tumor_class2
-101.52551190421495,59.84819698504481,0.0,epithelial_tumor_class2
-102.40137561506141,-152.4715209918233,0.0,epithelial_tumor_class2
-35.56648045623916,-112.98882071922475,0.0,epithelial_tumor_class2
-83.88807428287508,-78.1456618833925,0.0,epithelial_tumor_class2
-58.30598096892194,107.18516293833781,0.0,epithelial_tumor_class2
153.44820845812444,76.05509431025764,0.0,epithelial_tumor_class2
-52.81269804916618,-165.9678140347873,0.0,epithelial_tumor_class2
-95.40104767824897,-82.20418027541288,0.0,epithelial_tumor_class2
139.94404399698155,-131.38073627773954,0.0,epithelial_tumor_class2
0.008474189788063996,-33.6157771955503,0.0,epithelial_tumor_class2
44.13117126734462,-35.97808946485407,0.0,epithelial_tumor_class2
111.51043729503225,-119.4278231559187,0.0,epithelial_tumor_class2
61.019896291084606,107.63309016965066,0.0,epithelial_tumor_class2
-20.153165689119042,184.95035710867282,0.0,epithelial_tumor_class2
125.82837207358216,-140.31876486812,0.0,epithelial_tumor_class2
-39.754809002095186,171.3687718875119,0.0,epithelial_tumor_class2
26.85545465088831,-109.93669232483009,0.0,epithelial_tumor_class2
47.71592130594972,-154.88603383754193,0.0,epithelial_tumor_class2
29.4745249281799,166.71327746785576,0.0,epithelial_tumor_class2
43.61822731928777,85.91827117446579,0.0,epithelial_tumor_class2
5.811985366154362,2.4597533983545685,0.0,epithelial_tumor_class2
-137.74413016396545,96.81980308285807,0.0,epithelial_tumor_class2
-17.21034963179112,181.7591863059683,0.0,epithelial_tumor_class2
-21.038946213347582,-81.01085834301665,0.0,epithelial_tumor_class2
-161.02012223971445,77.40411966371495,0.0,epithelial_tumor_class2
6.8421709971363205,-109.01000219356416,0.0,epithelial_tumor_class2
92.83157330499219,6.101622922586586,0.0,epithelial_tumor_class2
1.0866284003558044,-105.22420149114788,0.0,epithelial_tumor_class2
-42.570112199487575,151.75191609740608,0.0,epithelial_tumor_class2
-59.45224112952219,170.4258263273634,0.0,epithelial_tumor_class2
86.61451660666081,-73.35335428211519,0.0,mesenchymal_tumor
71.5738805857985,20.76350988303866,0.0,mesenchymal_tumor
-15.149838854641661,115.17562090243237,0.0,mesenchymal_tumor
-20.40742787473762,5.786716408803007,0.0,mesenchymal_tumor
-153.69356094900823,-80.38737897129725,0.0,mesenchymal_tumor
56.426931974945404,-50.76670952048056,0.0,mesenchymal_tumor
135.11478719026806,56.57892260899579,0.0,mesenchymal_tumor
18.10776333992401,154.9265182851421,0.0,mesenchymal_tumor
68.17367709702376,150.69536828620315,0.0,mesenchymal_tumor
-45.45029398290736,-181.15960102480656,0.0,mesenchymal_tumor
51.696549242297074,61.171480197669595,0.0,mesenchymal_tumor
-11.833123811726479,91.0144129858663,0.0,mesenchymal_tumor
19.72905221910292,98.33215947135902,0.0,mesenchymal_tumor
35.87767785664013,51.51568759491135,0.0,mesenchymal_tumor
-3.364193881294786,55.77241377507316,0.0,mesenchymal_tumor
-152.4586959743082,-0.2388059187385021,0.0,mesenchymal_tumor
-94.13289922313206,78.23483472020443,0.0,mesenchymal_tumor
-72.45637746035975,-76.91796442909704,0.0,mesenchymal_tumor
60.5017505593231,84.67142015488653,0.0,mesenchymal_tumor
31.09362258513508,-123.46581055084054,0.0,mesenchymal_tumor
-161.46419454140002,86.4100054661861,0.0,mesenchymal_tumor
21.602612955899787,157.29234451085435,0.0,mesenchymal_tumor
-115.00088854535322,-73.7390153418926,0.0,mesenchymal_tumor
-144.2676955796629,-7.6862456987359735,0.0,mesenchymal_tumor
-113.52277238354023,-150.59098317861284,0.0,mesenchymal_tumor
82.95313802809558,181.2133473897382,0.0,mesenchymal_tumor
123.03837939469332,-155.05848387675607,0.0,mesenchymal_tumor
-7.999302852523363,44.19982282879546,0.0,mesenchymal_tumor
-177.9002516245579,-40.41542903806026,0.0,mesenchymal_tumor
44.08235150590578,63.11848039382549,0.0,mesenchymal_tumor
99.8604481271074,-119.516481445897,0.0,mesenchymal_tumor
48.041615786504266,-190.78696763696732,0.0,mesenchymal_tumor
24.421168583145707,-159.33383651577665,0.0,mesenchymal_tumor
9.849533369244499,-63.443434481024795,0.0,mesenchymal_tumor
91.23822513644986,124.46000531758065,0.0,mesenchymal_tumor
-17.762779709999087,-50.1823515442813,0.0,mesenchymal_tumor
159.1677984717085,-63.10793467165861,0.0,mesenchymal_tumor
35.848151779907965,13.876469672043694,0.0,mesenchymal_tumor
-31.300477275031785,71.3986393362584,0.0,mesenchymal_tumor
-121.3877924232144,89.89093051869521,0.0,mesenchymal_tumor
-7.3819934994632375,-120.78212923478164,0.0,mesenchymal_tumor
156.34560484041592,101.19147955517802,0.0,mesenchymal_tumor
28.977250831296057,-152.0121869695612,0.0,mesenchymal_tumor
141.86995870211402,-126.32610286837117,0.0,mesenchymal_tumor
59.978249714509474,91.53760395794626,0.0,mesenchymal_tumor
21.333918942760253,100.65179181669085,0.0,mesenchymal_tumor
74.91271942454169,-42.98253429373824,0.0,mesenchymal_tumor
-80.28504074188514,-151.42028214884724,0.0,mesenchymal_tumor
-43.42910765183614,115.93392497632496,0.0,mesenchymal_tumor
-122.70553093727354,-39.53730416844278,0.0,mesenchymal_tumor
49.27666938334641,-115.18029925796198,0.0,mesenchymal_tumor
88.09662709329618,-86.62614604848315,0.0,mesenchymal_tumor
33.35365668046965,130.0120291206101,0.0,mesenchymal_tumor
-100.03306539708841,-113.19909092831307,0.0,mesenchymal_tumor
77.13364744540758,144.23753459274909,0.0,mesenchymal_tumor
-0.07631533544970279,95.59511400084479,0.0,mesenchymal_tumor
-114.06014910249209,150.52823050503704,0.0,mesenchymal_tumor
-4.773310343864718,-145.4025195833511,0.0,mesenchymal_tumor
-177.98008228056196,-44.27135451966453,0.0,mesenchymal_tumor
36.349237990712936,65.66688083035271,0.0,mesenchymal_tumor
-143.75952049139832,107.04775100555274,0.0,mesenchymal_tumor
11.577837071042739,-94.54291687755381,0.0,mesenchymal_tumor
3.520029848005543,-195.85759305904693,0.0,mesenchymal_tumor
5.282583642179361,-10.826809281674352,0.0,mesenchymal_tumor
-83.69700495929733,-89.86061594432311,0.0,mesenchymal_tumor
-124.64896624534437,-134.47718077009108,0.0,mesenchymal_tumor
-148.6707557270013,25.27288136354828,0.0,mesenchymal_tumor
34.31203309711254,-2.5789896503371015,0.0,mesenchymal_tumor
15.330762463688457,-122.046603220807,0.0,mesenchymal_tumor_class1
69.2607052668695,139.73637322444563,0.0,mesenchymal_tumor_class1
-11.15784183948731,194.0313662414815,0.0,mesenchymal_tumor_class1
-131.21222776094186,-94.73975839119275,0.0,mesenchymal_tumor_class1
22.784276140246803,53.143936502870915,0.0,mesenchymal_tumor_class1
-140.15055587509636,24.28246874968954,0.0,mesenchymal_tumor_class1
123.49469120335765,153.74500735384564,0.0,mesenchymal_tumor_class1
-134.42157176443288,-50.29316781809754,0.0,mesenchymal_tumor_class1
-136.49398293525488,92.42717549245423,0.0,mesenchymal_tumor_class1
-20.51016276277027,191.1523647422354,0.0,mesenchymal_tumor_class1
102.18747746786514,-50.772072110915516,0.0,mesenchymal_tumor_class1
-194.91948163117672,-43.258090179383856,0.0,mesenchymal_tumor_class1
137.68818741522574,3.224799187336287,0.0,mesenchymal_tumor_class1
-57.9562581225321,92.71701639067162,0.0,mesenchymal_tumor_class1
106.35607754052808,-73.1028645258194,0.0,mesenchymal_tumor_class1
111.27800895951586,-115.30521727064712,0.0,mesenchymal_tumor_class1
22.771511859063683,37.884893745270666,0.0,mesenchymal_tumor_class1
-29.5732924504045,134.73838671150563,0.0,mesenchymal_tumor_class1
-90.75683806562824,-121.68070408237287,0.0,mesenchymal_tumor_class1_class2
120.7660524967368,111.91754059208989,0.0,mesenchymal_tumor_class1_class2
104.20045139186163,-2.8440616950226034,0.0,mesenchymal_tumor_class1_class2
114.64440483365216,-116.7436003482133,0.0,mesenchymal_tumor_class1_class2
-110.67845672179712,64.2250622323058,0.0,mesenchymal_tumor_class1_class2
16.383306746154098,28.507526483777262,0.0,mesenchymal_tumor_class1_class2
-97.01842066170981,74.28054009279619,0.0,mesenchymal_tumor_class1_class2
18.074531298702105,24.085849551954915,0.0,mesenchymal_tumor_class1_class2
-59.8629241172138,-50.15312298399977,0.0,mesenchymal_tumor_class1_class2
144.1908052507014,94.05978944770598,0.0,mesenchymal_tumor_class1_class2
-81.95319133810655,117.58563444457093,0.0,mesenchymal_tumor_class1_class2
27.00105879274973,-1.5944340908525465,0.0,mesenchymal_tumor_class1_class2
-30.213441540725402,24.22669317027456,0.0,mesenchymal_tumor_class1_class2
-136.63556361891526,-66.1703366128252,0.0,mesenchymal_tumor_class1_class2
64.3927876945714,166.404001841111,0.0,mesenchymal_tumor_class1_class2
-71.14393691235084,86.22346462056076,0.0,mesenchymal_tumor_class1_class2
-175.49175392957795,64.09909288119354,0.0,mesenchymal_tumor_class1_class2
-12.215680966950785,101.74022161229252,0.0,mesenchymal_tumor_class1_class2
-32.53895550295169,42.44603607397296,0.0,mesenchymal_tumor_class1_class2
-165.3317304402549,-37.90837682658886,0.0,mesenchymal_tumor_class1_class2
65.25503666228036,-111.74949139144506,0.0,mesenchymal_tumor_class1_class2
102.30280953054773,95.49823003476422,0.0,mesenchymal_tumor_class1_class2
64.8354212350764,-166.7892950192939,0.0,mesenchymal_tumor_class1_class2
-102.05831160483041,154.54885020495078,0.0,mesenchymal_tumor_class1_class2
-167.36133813640984,-82.36191054099636,0.0,mesenchymal_tumor_class1_class2
-67.29370368253987,154.2422338168403,0.0,mesenchymal_tumor_class1_class2
-39.06720910570449,-66.65384140250111,0.0,mesenchymal_tumor_class1_class2
-117.41790555691088,-126.3814285808542,0.0,mesenchymal_tumor_class1_class2
-116.37510428269225,86.49385976643059,0.0,mesenchymal_tumor_class1_class2
14.004950800497946,197.32954539796685,0.0,mesenchymal_tumor_class1_class2
-146.31187786833175,58.24410130256316,0.0,mesenchymal_tumor_class1_class2
79.32868924118172,-113.44408005743982,0.0,mesenchymal_tumor_class1_class2
-17.155594073331038,-73.63756650994328,0.0,mesenchymal_tumor_class1_class2
186.35477137929715,-50.79658882941585,0.0,mesenchymal_tumor_class1_class2
8.124502737744969,32.814013511941056,0.0,mesenchymal_tumor_class1_class2
-65.18553444985717,147.3400537298932,0.0,mesenchymal_tumor_class2
89.74344322259233,109.21180566029,0.0,mesenchymal_tumor_class2
-75.12643940040132,-110.05290429342502,0.0,mesenchymal_tumor_class2
186.43398476967712,18.351361435880207,0.0,mesenchymal_tumor_class2
-147.91546684634005,56.82511154977641,0.0,mesenchymal_tumor_class2
-9.200895776065737,-51.54446817822523,0.0,mesenchymal_tumor_class2
66.84142569571081,-42.36744491060124,0.0,mesenchymal_tumor_class2
76.5472897625968,-161.65988440252158,0.0,mesenchymal_tumor_class2
-38.06615434566965,-80.98036234208031,0.0,mesenchymal_tumor_class2
-47.64686626349152,-22.429168266467194,0.0,mesenchymal_tumor_class2
145.54658532588928,0.2558689893103969,0.0,mesenchymal_tumor_class2
9.909340804976706,174.00072937122368,0.0,mesenchymal_tumor_class2
-163.3423286908343,-110.33421893001179,0.0,mesenchymal_tumor_class2
-110.62619484407013,53.74288734493651,0.0,mesenchymal_tumor_class2
-53.73380921539288,129.65103050874077,0.0,mesenchymal_tumor_class2
-11.34399897548949,152.41238413385614,0.0,mesenchymal_tumor_class2
73.33059758344247,68.68785500310818,0.0,mesenchymal_tumor_class2
58.63878588909396,134.27893773224145,0.0,mesenchymal_tumor_class2
-9.418956099279454,151.29495513530713,0.0,mesenchymal_tumor_class2
-20.74057901422671,186.3629358963573,0.0,mesenchymal_tumor_class2
-13.125994663491971,-77.43636729667305,0.0,PDAC_unclassified
-88.2775536414719,115.20991319262033,0.0,PDAC_unclassified
16.999614418324263,-93.16988994136626,0.0,PDAC_unclassified
-146.8200367425353,130.55478523577608,0.0,PDAC_unclassified
50.893752449462795,-102.58362349330167,0.0,PDAC_unclassified
-163.1497242130732,-3.5187516228960587,0.0,PDAC_unclassified
-43.50517448471908,145.24738899408447,0.0,PDAC_unclassified
59.27477742370179,175.04950653580224,0.0,PDAC_unclassified
16.609302357085753,-25.63270619382392,0.0,PDAC_unclassified
23.613316642087966,152.1429197122306,0.0,PDAC_unclassified
-119.07702916623853,138.06454647201232,0.0,PDAC_unclassified
132.28091878735054,2.5591843333043234,0.0,PDAC_unclassified
-20.200157811058908,167.4348331810787,0.0,PDAC_unclassified
-138.80744905514297,113.82553926312568,0.0,PDAC_unclassified
-133.50357662636776,22.220367457701666,0.0,PDAC_unclassified
-46.78402217048035,-78.96255404817371,0.0,PDAC_unclassified
91.87046974884002,90.12459541345412,0.0,PDAC_unclassified
-25.60930919200031,188.87622441247186,0.0,PDAC_unclassified
-8.945411584955822,-185.50318063232294,0.0,PDAC_unclassified
89.75667273327309,127.868303554855,0.0,PDAC_unclassified
-43.06443012045259,111.26845553903742,0.0,PDAC_unclassified
-56.020478180468416,-35.28856529766882,0.0,PDAC_unclassified
-153.30443630649657,-38.1363882279484,0.0,PDAC_unclassified
161.79967966156886,-85.30499151368012,0.0,PDAC_unclassified
-154.8735045848821,44.819185688331196,0.0,PDAC_unclassified
-11.817156007934539,-0.27596792707404016,0.0,PDAC_unclassified
-171.59574669566828,-9.668493700189252,0.0,PDAC_unclassified
193.60129010213197,16.478256434849936,0.0,PDAC_unclassified
8.933768041466008,-135.04027032663623,0.0,PDAC_unclassified
-81.029248789983,46.273527396175965,0.0,PDAC_unclassified
-3.837405074106087,-169.7074304366087,0.0,PDAC_unclassified
95.83016485245962,-5.813135580267937,0.0,PDAC_unclassified
54.166388934347054,-67.05157699110144,0.0,PDAC_unclassified
-161.49996694610388,116.6918089095005,0.0,PDAC_unclassified
119.23297561186192,128.91263015832462,0.0,PDAC_unclassified
-95.15180311197739,-71.86227332732594,0.0,PDAC_unclassified
95.40920591299091,-101.75001100208554,0.0,PDAC_unclassified
126.51385533832043,37.43361458412888,0.0,PDAC_unclassified
25.135481065682928,90.68933111098576,0.0,PDAC_unclassified
-158.79243560483593,-5.28243962189725,0.0,PDAC_unclassified
-60.71742468369166,-128.3960592044905,0.0,PDAC_unclassified
-44.15127926993185,63.79976596578288,0.0,PDAC_unclassified
118.72694599385615,154.34872219668213,0.0,PDAC_unclassified
-27.134801285781965,54.64733165235803,0.0,PDAC_unclassified
59.225874029400565,113.74054480301518,0.0,PDAC_unclassified
8.266100789856141,104.41656309814425,0.0,PDAC_unclassified
-98.34846423446682,74.70796462773606,0.0,PDAC_unclassified
-22.767866607101073,141.37486532060467,0.0,PDAC_unclassified
24.280113893042962,-145.50482091931326,0.0,PDAC_unclassified
181.14971598091287,4.128384239765379,0.0,PDAC_unclassified
-76.71631277286917,74.08191292607628,0.0,PDAC_unclassified
99.542880265406,90.34244172846219,0.0,PDAC_unclassified
-34.11068185680753,169.53874084020927,0.0,PDAC_unclassified
-82.65235080893805,2.689148493321583,0.0,PDAC_unclassified
150.93776806771217,-87.79262281326126,0.0,PDAC_unclassified
-103.28997373426142,-58.652280902681994,0.0,PDAC_unclassified
-154.69293808332083,39.89770323470789,0.0,PDAC_unclassified
-146.40343858070094,-119.62857892377885,0.0,PDAC_unclassified
-18.153584106975842,74.80473648360304,0.0,PDAC_unclassified
14.505265488249432,26.810670525446938,0.0,PDAC_unclassified
-129.33924995974388,64.97009994049795,0.0,PDAC_unclassified
92.95133405888609,-61.495244366593646,0.0,PDAC_unclassified
-153.76879277916458,-27.41018364692632,0.0,PDAC_unclassified
190.4957008770542,19.35881024940074,0.0,PDAC_unclassified
92.15356574895125,163.65695251837397,0.0,PDAC_unclassified
169.9978094959614,-23.282488863517372,0.0,PDAC_unclassified
101.27897076773097,-107.75582753213189,0.0,PDAC_unclassified
133.71536868139685,-17.431858016424492,0.0,PDAC_unclassified
-46.643576878261854,-41.33260607821059,0.0,PDAC_unclassified
-36.442813266176245,68.61820363459279,0.0,PDAC_unclassified
-16.81913337694478,126.30099475526185,0.0,PDAC_unclassified
-79.59557971696057,105.88707627120968,0.0,PDAC_unclassified
29.433410232734637,-189.33476889874177,0.0,PDAC_unclassified
-37.36988985423088,-16.699519782910208,0.0,PDAC_unclassified
-120.52433826238519,-134.19200947552963,0.0,PDAC_unclassified
-123.07386158238191,-135.1546360518317,0.0,PDAC_unclassified
-3.817621703666684,65.69804396000885,0.0,PDAC_unclassified
-4.6089791701490395,92.46421636472412,0.0,PDAC_unclassified
-43.444956828596446,155.73101226157993,0.0,PDAC_unclassified
-162.5032490151125,-89.32054355975367,0.0,PDAC_unclassified
-130.92627811575713,-92.20381058662309,0.0,PDAC_unclassified
37.17301867757834,28.87367419415422,0.0,PDAC_unclassified
-18.599133461490688,-110.49228455933215,0.0,PDAC_unclassified
132.44740419204666,101.31793934342633,0.0,PDAC_unclassified
-87.47801027391544,-70.00788742837436,0.0,PDAC_unclassified
-64.8278371440717,3.6036762865054506,0.0,PDAC_unclassified
54.83500936506812,-21.740288648898613,0.0,PDAC_unclassified
-53.28561290099371,-92.10985031617355,0.0,PDAC_unclassified
10.144902740798601,64.8522809168428,0.0,PDAC_unclassified
16.233883410151137,58.622867845653914,0.0,PDAC_unclassified
-53.72803034447703,-64.15849922313926,0.0,PDAC_unclassified
-114.7500241237587,146.8180209958826,0.0,PDAC_unclassified
-128.19004850394765,-117.53449842654909,0.0,PDAC_unclassified
-6.123801954455895,-147.60721505141456,0.0,PDAC_unclassified
105.32675100282762,-151.31166718142833,0.0,PDAC_unclassified
87.68169220407057,-161.12856307186462,0.0,PDAC_unclassified
46.14498871816917,-37.46289894458659,0.0,PDAC_unclassified
83.24175564924712,19.35776084114325,0.0,PDAC_unclassified
-140.67545810766853,83.68097565669083,0.0,PDAC_unclassified
-71.35659314513548,32.626710650844494,0.0,PDAC_unclassified
-29.99154611296249,-155.48674914594173,0.0,PDAC_unclassified
146.7434523518905,-116.825658582928,0.0,PDAC_unclassified
127.10650519260771,-89.41550972154532,0.0,PDAC_unclassified
-32.56161370230442,-43.18339329370054,0.0,PDAC_unclassified
47.070589870027206,21.634940482450826,0.0,PDAC_unclassified
59.84884537683509,29.59019855484236,0.0,PDAC_unclassified
-37.958782323944284,93.39405314896464,0.0,PDAC_unclassified
92.75942054710784,-171.01412577504135,0.0,PDAC_unclassified
-164.0723842622611,-30.10406549891444,0.0,PDAC_unclassified
108.28172558978635,140.73910804969418,0.0,PDAC_unclassified
168.41821804475595,24.82301195994034,0.0,PDAC_unclassified
-85.54985630655895,-149.06029452704837,0.0,PDAC_unclassified
31.23449974836763,136.06869579275255,0.0,PDAC_unclassified
-157.5082132273424,-87.27738749375601,0.0,PDAC_unclassified
-44.868774850168975,153.2395078637994,0.0,PDAC_unclassified
-78.34697431848222,-105.91320933104473,0.0,PDAC_unclassified
-84.6308378687658,41.50595901079604,0.0,PDAC_unclassified
-100.64447946313788,-68.6655884429584,0.0,PDAC_unclassified
126.87904072356572,-84.79511486203285,0.0,PDAC_unclassified
-172.84467694512367,-65.25634731042953,0.0,PDAC_unclassified
34.72051256507708,194.4823991686342,0.0,PDAC_unclassified
-62.23610669020735,132.2434563893688,0.0,PDAC_unclassified
10.459959618084286,146.53884493725252,0.0,PDAC_unclassified
102.58082028045277,-139.55420214912652,0.0,PDAC_unclassified
169.102731591805,50.80515365677805,0.0,PDAC_unclassified
59.710877534705126,-68.80037707974778,0.0,PDAC_unclassified
-30.005838246243975,-109.22393559488488,0.0,PDAC_unclassified
-157.4190201575738,95.45467267580784,0.0,PDAC_unclassified
-36.96965405716753,192.2084556273878,0.0,PDAC_unclassified
77.50457946148148,80.93263753938795,0.0,PDAC_unclassified
-144.11533088229552,76.2294304818317,0.0,PDAC_unclassified
71.2225671824305,148.35472257079192,0.0,PDAC_unclassified
-82.08623506566634,10.96707723835685,0.0,PDAC_unclassified
57.202804762989295,-178.97177673845752,0.0,PDAC_unclassified
56.06905535124694,124.75878467291905,0.0,PDAC_unclassified
-85.56310084119407,126.30310404330645,0.0,PDAC_unclassified
108.66415306794082,164.83945257208597,0.0,PDAC_unclassified
36.51541397281599,-131.7179658168041,0.0,PDAC_unclassified
-162.70261602255655,-41.049755543343984,0.0,PDAC_unclassified
137.0284999237246,63.50745485598955,0.0,PDAC_unclassified
-73.55546822656419,-106.40449043677906,0.0,PDAC_unclassified
-90.35159901335679,1.543699379070701,0.0,PDAC_unclassified
171.52732403636819,10.731859498126092,0.0,PDAC_unclassified
-112.16726240057375,5.641482792900859,0.0,PDAC_unclassified
123.607411048572,52.70763112470539,0.0,PDAC_unclassified
-39.28883594686852,176.04997382774897,0.0,PDAC_unclassified
46.83928086539255,15.26628834612872,0.0,PDAC_unclassified
-150.30728614756833,-60.67964705578127,0.0,PDAC_unclassified
168.77418289385827,-30.83474290665453,0.0,PDAC_unclassified
-90.75639701837346,114.36935477848377,0.0,PDAC_unclassified
15.769333625518877,47.66278315719114,0.0,PDAC_unclassified
-90.08949587442012,-71.4882223041606,0.0,PDAC_unclassified
22.068438043685138,22.814350883842284,0.0,PDAC_unclassified
-130.37591364507304,-126.96711014279569,0.0,PDAC_unclassified
-150.692218588068,4.216669668994617,0.0,PDAC_unclassified
147.9354452380376,41.00003960633818,0.0,PDAC_unclassified
65.09823551913792,-188.56717794049848,0.0,PDAC_unclassified
-92.36772543982919,-176.52968188754303,0.0,PDAC_unclassified
-107.39826319658458,155.2194130500118,0.0,PDAC_unclassified
45.689370515301476,-110.81906246465721,0.0,PDAC_unclassified
19.312766986860087,-153.22871578276897,0.0,PDAC_unclassified
-39.14055793739486,7.198832347512626,0.0,PDAC_unclassified
-152.45552498560582,-46.555542313386205,0.0,PDAC_unclassified
179.13383658977457,5.352342523576064,0.0,PDAC_unclassified
156.9817999297033,-76.91644677407132,0.0,PDAC_unclassified
-83.36269735098232,58.04680587849682,0.0,PDAC_unclassified
50.99830708605742,-129.55310214736744,0.0,PDAC_unclassified
13.767352898129177,-51.68791006914435,0.0,PDAC_unclassified
100.00385365647685,-141.95280272861257,0.0,PDAC_unclassified
93.74899334942911,-103.51311283473174,0.0,PDAC_unclassified
-135.41133142167803,138.71185534612317,0.0,PDAC_unclassified
53.65678664202831,163.74666808731453,0.0,PDAC_unclassified
-103.92263137010806,120.20828856317934,0.0,PDAC_unclassified
-54.03267378618009,71.69360809539718,0.0,PDAC_unclassified
132.5200865946612,77.60050782558149,0.0,PDAC_unclassified
-139.97904112175706,-14.693300945859214,0.0,PDAC_unclassified
178.14788498050942,36.931194112090594,0.0,PDAC_unclassified
106.8782588285077,-112.1914070284702,0.0,PDAC_unclassified
75.51940261934612,68.42479761924209,0.0,PDAC_unclassified
-127.48244929354077,-102.80192673613665,0.0,PDAC_unclassified
-35.17139097773225,-56.68317073155703,0.0,PDAC_unclassified
-157.32851608622698,-119.91153546601777,0.0,PDAC_unclassified
-136.5602721999651,10.521125351659903,0.0,PDAC_unclassified
103.42164986039411,-93.24436839223449,0.0,PDAC_unclassified
143.7985343252156,-93.09484096351125,0.0,PDAC_unclassified
187.67541428802724,32.28417916555645,0.0,PDAC_unclassified
-132.6965849118359,29.68034292659013,0.0,PDAC_unclassified
13.06487863608704,44.76378289795881,0.0,PDAC_unclassified
84.57952591707266,152.80733187793132,0.0,PDAC_unclassified
-186.99454859152277,-42.72552259527838,0.0,PDAC_unclassified
95.20187618307301,-129.50492123385828,0.0,PDAC_unclassified
168.4356673603248,-28.602606039173246,0.0,PDAC_unclassified
-162.72922390377374,35.38477361504429,0.0,PDAC_unclassified
61.55748442163058,-115.25442464007614,0.0,PDAC_unclassified
31.991679709416584,2.400656858732154,0.0,PDAC_unclassified
-71.57788480993591,-114.59916512385222,0.0,PDAC_unclassified
18.283896305117405,-166.45244966569712,0.0,PDAC_unclassified
27.470373223654423,-104.30198937433434,0.0,PDAC_unclassified
12.436855268700887,-158.70219758553355,0.0,PDAC_unclassified
86.85523551848954,49.036767099428936,0.0,PDAC_unclassified
-3.111067995758994,-40.03317537159479,0.0,PDAC_unclassified
-36.804029399662745,-159.47036012497242,0.0,PDAC_unclassified
74.36795969392622,167.68766712589004,0.0,PDAC_unclassified
-9.211723833295006,136.6176481802239,0.0,PDAC_unclassified
15.039222784717632,35.04166922208189,0.0,PDAC_unclassified
-149.3803777137087,-65.91124572875118,0.0,PDAC_unclassified
-177.48016893138575,20.878446870446147,0.0,PDAC_unclassified
-96.2062847164412,42.46977824950231,0.0,PDAC_unclassified
17.470604370473335,84.16167780285986,0.0,PDAC_unclassified
-69.8196624793718,131.96994603948258,0.0,PDAC_unclassified
38.85257444428804,-136.66556854233133,0.0,PDAC_unclassified
194.74284545464226,16.092499688352145,0.0,PDAC_unclassified
-13.112372768081961,140.1279032004878,0.0,PDAC_unclassified
-78.44300344475788,63.55331042075924,0.0,PDAC_unclassified
38.572654531247345,68.59873761352996,0.0,PDAC_unclassified
12.951467403674645,144.56004786734366,0.0,PDAC_unclassified
-76.12358773889859,-178.18462378082813,0.0,PDAC_unclassified
-13.46060845778617,177.35571765816044,0.0,PDAC_unclassified
59.460410871796995,159.1401770742352,0.0,PDAC_unclassified
-105.78055009238645,132.31287894735618,0.0,PDAC_unclassified
22.514662857588775,-142.38905859055086,0.0,PDAC_unclassified
-103.01807214164393,73.95339928220736,0.0,PDAC_unclassified
73.05130185754255,14.473864692424671,0.0,PDAC_unclassified
-133.21476015035813,44.68728006060901,0.0,PDAC_unclassified
-68.83842786620676,-96.25404235928814,0.0,PDAC_unclassified
71.09153073875734,75.14030683540265,0.0,PDAC_unclassified
-159.65953475878896,-39.396699412287155,0.0,PDAC_unclassified
-183.05496212578166,-14.846590036655659,0.0,PDAC_unclassified
47.00127355118624,16.765156149483992,0.0,PDAC_unclassified
78.38872730518827,-0.32471155871326496,0.0,PDAC_unclassified
166.101769976652,-84.79687079797723,0.0,PDAC_unclassified
21.694303690625652,152.24550229929864,0.0,PDAC_unclassified
-103.8049205696797,-26.32174785534915,0.0,PDAC_unclassified
134.3862068648329,-74.69793522054327,0.0,PDAC_unclassified
-60.04700745896087,78.98850357555266,0.0,PDAC_unclassified
109.64128883941015,-28.891055865510893,0.0,PDAC_unclassified
-57.86769261446814,-183.30413770053852,0.0,PDAC_unclassified
-53.009748444868045,-12.38818132982828,0.0,PDAC_unclassified
-23.607769902976795,-110.01249989486992,0.0,PDAC_unclassified
45.05339951511304,-177.50780284540346,0.0,PDAC_unclassified
6.1658080948559295,-1.348039866854524,0.0,PDAC_unclassified
106.89024041607412,-145.5701611290411,0.0,PDAC_unclassified
59.89588911320872,-25.25764314952674,0.0,PDAC_unclassified
-125.10749277124853,-80.72413808540395,0.0,PDAC_unclassified
60.606472142804115,-21.741452346967904,0.0,PDAC_unclassified
-52.450062330776284,30.992062751955366,0.0,PDAC_unclassified
186.54310268228903,-61.448806103257816,0.0,PDAC_unclassified
-72.03158420163862,-109.5284607388268,0.0,PDAC_unclassified
122.37525891138154,-129.73499968441465,0.0,PDAC_unclassified
-157.04189654675673,-37.01335827111025,0.0,PDAC_unclassified
186.4699024648802,45.957532164130555,0.0,PDAC_unclassified
12.816300546859317,154.6523013331663,0.0,PDAC_unclassified
-96.773142688825,44.666608193635554,0.0,PDAC_unclassified
37.90579021033095,-68.02687375929256,0.0,PDAC_unclassified
69.09361352491783,-16.63791697789528,0.0,PDAC_unclassified
-60.59372585649039,-16.41981423607051,0.0,PDAC_unclassified
161.3226875931032,-83.1222822913934,0.0,PDAC_unclassified
-101.29944163892615,103.19626331417015,0.0,PDAC_unclassified
-24.581982653317816,-29.834573467734394,0.0,PDAC_unclassified
-22.622320732591326,-119.00173002480327,0.0,PDAC_unclassified
26.873809179292987,108.16051400179326,0.0,PDAC_unclassified
93.43910593162384,-27.516037184334124,0.0,PDAC_unclassified
-23.774686712089114,-119.34457948554372,0.0,PDAC_unclassified
-20.261372119742216,-138.78451837924678,0.0,PDAC_unclassified
-24.891299709730728,-28.54487684084554,0.0,PDAC_unclassified
-122.9766764141214,-79.02605943804821,0.0,PDAC_unclassified
27.800619930293347,-153.91424841367893,0.0,PDAC_unclassified
168.06020200811471,-102.58294798370328,0.0,PDAC_unclassified
22.31567152246586,123.06319598813917,0.0,PDAC_unclassified
28.594912732092062,-127.39572377727572,0.0,PDAC_unclassified
28.818649315293655,-113.86202841398797,0.0,PDAC_unclassified
-89.11431993032005,22.925517346035043,0.0,PDAC_unclassified
16.5702408376645,-115.57492274663933,0.0,PDAC_unclassified
44.129238005529196,-179.91822903252827,0.0,PDAC_unclassified
152.95767968266733,15.48673985242245,0.0,PDAC_unclassified
176.15983156594598,75.1995486283783,0.0,PDAC_unclassified
-91.73679790202603,101.47160118932584,0.0,PDAC_unclassified
0.44738829701612604,-44.04232323581868,0.0,PDAC_unclassified
93.74861415238342,-34.11163082966306,0.0,PDAC_unclassified
-86.29955080736026,103.53769673576393,0.0,PDAC_unclassified
-79.33427887949306,107.38867786147773,0.0,PDAC_unclassified
-34.1741498450376,136.43316713379528,0.0,PDAC_unclassified
25.864117164186187,198.1030900196812,0.0,PDAC_unclassified
81.19594394435047,-41.04924555679082,0.0,PDAC_unclassified
-86.41052602508228,98.79625919660904,0.0,PDAC_unclassified
143.0638308604113,42.03320955675669,0.0,PDAC_unclassified
-119.7049955361588,55.92031713282807,0.0,PDAC_unclassified
-37.956599654424764,102.24694466621537,0.0,PDAC_unclassified
179.5637740011178,-74.38795193402716,0.0,PDAC_unclassified
-74.49948159088359,-160.43905124991431,0.0,PDAC_unclassified
-95.71278090533887,158.53824531715517,0.0,PDAC_unclassified
-171.7620269687533,95.56323374834196,0.0,PDAC_unclassified
-65.49664475132718,6.690739233302744,0.0,PDAC_unclassified
108.73988488089242,20.622963091652373,0.0,PDAC_unclassified
3.412215627088595,-176.94330898931398,0.0,PDAC_unclassified
-24.47238675108106,111.00347391778872,0.0,PDAC_unclassified
-9.6912272085083,-57.736943798461226,0.0,PDAC_unclassified
29.325397595652763,-116.23226876927347,0.0,PDAC_unclassified
65.3844084717358,-142.83838321280757,0.0,PDAC_unclassified
29.95097407936387,79.42496239316579,0.0,PDAC_unclassified
112.68417210895808,96.99065611832212,0.0,PDAC_unclassified
-72.96250666725798,-8.018083063990199,0.0,PDAC_unclassified
17.263346709896556,-195.7289843836645,0.0,PDAC_unclassified
62.67131381430333,-29.620955963942237,0.0,PDAC_unclassified
7.568633792892562,65.92620814844149,0.0,PDAC_unclassified
-29.374266425977204,-104.45438870458223,0.0,PDAC_unclassified
116.11536719863683,-91.90944938176756,0.0,PDAC_unclassified
44.908274074982906,-83.56229980040948,0.0,PDAC_unclassified
-81.28500328605777,-150.06216628078343,0.0,PDAC_unclassified
55.968695465441364,185.59428566846339,0.0,PDAC_unclassified
-57.472404696472715,-9.698346283238852,0.0,PDAC_unclassified
-111.2118654243876,23.783711908452876,0.0,PDAC_unclassified
-45.44208354413497,76.76425221437349,0.0,PDAC_unclassified
30.61258879881012,-169.4020650376967,0.0,PDAC_unclassified
140.7177296034156,27.97002525764377,0.0,PDAC_unclassified
-41.66773054724897,126.77256751810219,0.0,PDAC_unclassified
110.01079685513461,29.22475594434451,0.0,PDAC_unclassified
-141.2205256218766,131.71998862909723,0.0,PDAC_unclassified
-25.086690029659646,23.8567158352769,0.0,PDAC_unclassified
-170.01402403378458,52.52671370073301,0.0,PDAC_unclassified
59.168454114788595,-83.46586937254015,0.0,PDAC_unclassified
182.91683361947068,-51.157756889678225,0.0,PDAC_unclassified
29.25137668274075,132.6869165226056,0.0,PDAC_unclassified
54.86114097567858,19.339420311113503,0.0,PDAC_unclassified
-44.208633481264144,-14.883516135258269,0.0,PDAC_unclassified
-139.11015684471593,40.41049760880941,0.0,PDAC_unclassified
-14.091780941937193,-24.49698465243467,0.0,PDAC_unclassified
110.06107444524841,90.38767291879742,0.0,PDAC_unclassified
71.75285571769524,71.91425293209122,0.0,PDAC_unclassified
-138.5314336226938,-41.23866093688679,0.0,PDAC_unclassified
-175.17445871464355,6.4482396834733064,0.0,PDAC_unclassified
156.7856353702696,-85.96389979536423,0.0,PDAC_unclassified
-94.55067406174926,-148.82381237090095,0.0,PDAC_unclassified
126.72260662221578,-138.85561380014659,0.0,PDAC_unclassified
45.29112130282722,-76.22913470847034,0.0,PDAC_unclassified
114.05305006505463,-18.346833194227536,0.0,PDAC_unclassified
-87.76903786126387,109.82768447926466,0.0,PDAC_unclassified
127.19995063450838,63.90493986175129,0.0,PDAC_unclassified
-155.3231121950353,-54.824908415439104,0.0,PDAC_unclassified
-45.54492934875096,-181.08513844295717,0.0,PDAC_unclassified
75.58026516914035,-110.59701292589536,0.0,PDAC_unclassified
-138.81687370323345,-121.22773106898502,0.0,PDAC_unclassified
-190.8194428385157,-20.93377543688816,0.0,PDAC_unclassified
124.78075213640457,-46.01539792865486,0.0,PDAC_unclassified
14.11053996583203,-11.09070092785101,0.0,PDAC_unclassified
-45.5827473471952,-62.22394434929396,0.0,PDAC_unclassified
153.98573323522263,25.250106248680865,0.0,PDAC_unclassified
-73.77113038053706,-143.45098918427573,0.0,PDAC_unclassified
194.99083619836267,37.49798310497108,0.0,PDAC_unclassified
-73.57770091319978,14.621210266060398,0.0,PDAC_unclassified
83.8718449195798,-24.490595577637315,0.0,PDAC_unclassified
129.42693173969246,-47.37777283790776,0.0,PDAC_unclassified
48.51155796333724,159.49770931420653,0.0,PDAC_unclassified
139.837093529597,-104.7851294751694,0.0,PDAC_unclassified
-7.174104805567373,-114.76692488875527,0.0,PDAC_unclassified
24.399283721450168,-5.546771042428993,0.0,PDAC_unclassified
28.39161865610499,185.19248283487184,0.0,PDAC_unclassified
189.16744880370476,-13.962851145087898,0.0,PDAC_unclassified
-19.094015260652682,58.073236311521896,0.0,PDAC_unclassified
43.65721857761965,166.5097907539987,0.0,PDAC_unclassified
-127.39014449598814,-116.74965992246749,0.0,PDAC_unclassified
112.0087104450627,40.32744564064532,0.0,PDAC_unclassified
-177.87610138258978,-70.23293497209404,0.0,PDAC_unclassified
94.87742650504059,155.81104755282692,0.0,PDAC_unclassified
99.94200281729468,50.21231337839998,0.0,PDAC_unclassified
-90.21016554778134,50.29429190396965,0.0,PDAC_unclassified
3.9529632194686557,135.86027522035243,0.0,PDAC_unclassified
-145.39358854092157,78.70917465354835,0.0,PDAC_unclassified
-19.042207086458678,138.0956790608917,0.0,PDAC_unclassified
-155.1247920377082,-91.71266437658132,0.0,PDAC_unclassified
186.3040592573968,10.099671393030714,0.0,PDAC_unclassified
-152.5852248152599,-2.0409993093851604,0.0,PDAC_unclassified
66.5376059781668,-83.22339937891542,0.0,PDAC_unclassified
-189.75404946812117,-1.386769673739403,0.0,PDAC_unclassified
23.960271288416344,56.755302410109294,0.0,PDAC_unclassified
-88.0469674616599,-86.67169695773615,0.0,PDAC_unclassified
-115.86388872379952,-105.29310175456234,0.0,PDAC_unclassified
-111.93603356603363,58.68949703277415,0.0,PDAC_unclassified
117.06310667391163,43.55564159119972,0.0,PDAC_unclassified
-63.46650519100911,91.80102036846306,0.0,PDAC_unclassified
-131.10196118995393,5.720889226328403,0.0,PDAC_unclassified
-132.93991576048867,77.12720334300424,0.0,PDAC_unclassified
-93.15003109801503,-12.44044681819564,0.0,PDAC_unclassified
-27.396137629544572,156.69736917287662,0.0,PDAC_unclassified
142.56127300479847,132.9179124256596,0.0,PDAC_unclassified
38.35289000407485,-79.80927080584242,0.0,PDAC_unclassified
44.92796088128908,-58.90565920993495,0.0,PDAC_unclassified
86.41563470943063,172.68057760810126,0.0,PDAC_unclassified
33.7304992618248,121.35574212876442,0.0,PDAC_unclassified
-133.205216668185,68.4242337916035,0.0,PDAC_unclassified
135.17334394684082,-24.111395019820787,0.0,PDAC_unclassified
-125.3623977936826,86.7236614362896,0.0,PDAC_unclassified
-89.16504938585402,47.60258702052084,0.0,PDAC_unclassified
-59.849289064780734,-164.45458235119716,0.0,PDAC_unclassified
-26.884655369523106,-177.69014467056394,0.0,PDAC_unclassified
-176.2228033465054,7.279842451752311,0.0,PDAC_unclassified
155.52272693327444,-54.68843606446962,0.0,PDAC_unclassified
-39.95046754512426,188.67759357429833,0.0,PDAC_unclassified
-67.12382651622434,-127.14202234198852,0.0,PDAC_unclassified
48.398416084651394,-69.38586820864505,0.0,PDAC_unclassified
154.97238176484493,-28.291826405067514,0.0,PDAC_unclassified
-58.48522031563832,143.1182359214625,0.0,PDAC_unclassified
-173.61309302361434,29.842414766829762,0.0,PDAC_unclassified
188.7247672906415,48.169336451268954,0.0,PDAC_unclassified
62.227299322554266,-128.31832742303865,0.0,PDAC_unclassified
158.10962574295482,107.60533530536941,0.0,PDAC_unclassified
-135.87708674579136,-47.079218228079895,0.0,PDAC_unclassified
67.72097408967461,28.74498760210299,0.0,PDAC_unclassified
-173.79350293109715,-75.77712781444028,0.0,PDAC_unclassified
74.80515641573268,-98.86940293141008,0.0,PDAC_unclassified
172.50265000905668,29.824408402369503,0.0,PDAC_unclassified
113.56494455057512,131.15203274656793,0.0,PDAC_unclassified
-130.84657977036616,11.718532505397043,0.0,PDAC_unclassified
-177.48712378147033,60.27585626273755,0.0,PDAC_unclassified
-112.82373714914101,-38.777477299610105,0.0,PDAC_unclassified
-121.76438260913223,-46.7544958223469,0.0,PDAC_unclassified
156.75138018570482,85.86272883734625,0.0,PDAC_unclassified
-147.7415828578527,103.67671081502172,0.0,PDAC_unclassified
-77.78885148166009,-13.094515906602727,0.0,PDAC_unclassified
-90.14233284678747,153.33280789523545,0.0,PDAC_unclassified
117.25432039960326,-39.99912844607898,0.0,PDAC_unclassified
6.264563966991103,-188.0307941126294,0.0,PDAC_unclassified
156.24470529089214,87.57599664334553,0.0,PDAC_unclassified
-90.97387830470572,-98.29368823426486,0.0,PDAC_unclassified
-36.04928778945545,53.24478164137131,0.0,PDAC_unclassified
-44.839843058284785,-5.928476603571164,0.0,PDAC_unclassified
131.89448888155005,-115.42487006544319,0.0,PDAC_unclassified
-138.43260347961646,-43.41784862805934,0.0,PDAC_unclassified
-127.46718782485662,22.87901323263893,0.0,PDAC_unclassified
-158.6630994726287,-91.51093387798666,0.0,PDAC_unclassified
-18.186855914574764,-141.5751713619157,0.0,PDAC_unclassified
-121.95938171927776,-4.647523635292579,0.0,PDAC_unclassified
-24.808410422022583,-10.44150814228633,0.0,PDAC_unclassified
-114.85383787834195,-101.99903340255689,0.0,PDAC_unclassified
156.18391031841387,-17.51027967922417,0.0,PDAC_unclassified
-97.68243908868007,154.30301204387018,0.0,PDAC_unclassified
75.98744261289735,1.5079589628185328,0.0,PDAC_unclassified
54.6998427195491,22.743010482088675,0.0,PDAC_unclassified
185.51688622750058,70.01164697180707,0.0,PDAC_unclassified
167.1094960233951,-108.98427469398041,0.0,PDAC_unclassified
9.979221494414547,-198.0146809197369,0.0,PDAC_unclassified
164.95323953848452,52.902615098771584,0.0,PDAC_unclassified
-105.64069524567668,77.66372631438676,0.0,PDAC_unclassified
-2.110870469056251,74.12822422991768,0.0,PDAC_unclassified
-21.436609092395923,-70.38099391704691,0.0,PDAC_unclassified
-63.58977968843532,-1.7586667324037037,0.0,PDAC_unclassified
170.61069357690187,-13.129650231230954,0.0,PDAC_unclassified
75.85245088913373,128.7932699669616,0.0,PDAC_unclassified
-195.98999919518576,-10.636704383831315,0.0,PDAC_unclassified
-75.57173855844152,17.030754488446075,0.0,PDAC_unclassified
-13.408992109366645,94.84807049460711,0.0,PDAC_unclassified
-78.18299047109282,70.96983283515758,0.0,PDAC_unclassified
-125.22347480206939,49.7535603864521,0.0,PDAC_unclassified
-122.61152283072497,29.082633485415194,0.0,PDAC_unclassified
34.634169539232644,-7.647542936783797,0.0,PDAC_unclassified
-122.43585482513981,21.354950307202703,0.0,PDAC_unclassified
170.05114879939708,-72.70373754387371,0.0,PDAC_unclassified
127.596843678973,7.156180301064784,0.0,PDAC_unclassified
-173.98557774492187,48.274748057623164,0.0,PDAC_unclassified
-119.27821751745893,-44.41315206781344,0.0,PDAC_unclassified
34.764186915916724,-82.12000550675197,0.0,PDAC_unclassified
-72.9647141489418,170.01977536235427,0.0,PDAC_unclassified
-67.57862667360989,39.418627760281026,0.0,PDAC_unclassified
146.53447582240324,-50.78961745270167,0.0,PDAC_unclassified
-80.65751725035526,116.55792171147368,0.0,PDAC_unclassified
34.46277104170964,95.55581381111742,0.0,PDAC_unclassified
22.81415965869465,-86.65943448749636,0.0,PDAC_unclassified
60.34337301440347,25.6299401989746,0.0,PDAC_unclassified
-22.36222494355437,-113.44325279803425,0.0,PDAC_unclassified
45.43878111815649,13.272396155318205,0.0,PDAC_unclassified
98.27009470650005,138.23426595100014,0.0,PDAC_unclassified
57.21269866551963,-179.2803880002916,0.0,PDAC_unclassified
115.07789956229297,-111.46324452724005,0.0,PDAC_unclassified
-93.1790269844567,114.88834971091552,0.0,PDAC_unclassified
30.29710418905679,73.93687403963304,0.0,PDAC_unclassified
-179.0177214640681,68.32095599649851,0.0,PDAC_unclassified
180.22667599121868,8.583877477444668,0.0,PDAC_unclassified
161.61779644197858,51.35080362157606,0.0,PDAC_unclassified
29.098237515307787,-91.23677205501646,0.0,PDAC_unclassified
-0.047726217954167566,-98.61242458105353,0.0,PDAC_unclassified
-35.93750942917044,188.56351436831258,0.0,PDAC_unclassified
-40.131815745720075,191.5132740461915,0.0,PDAC_unclassified
159.64091880757942,-11.844208806831686,0.0,PDAC_unclassified
-29.38245814505814,-31.036230983624904,0.0,PDAC_unclassified
-174.26994009526612,-0.9517854238829866,0.0,PDAC_unclassified
-63.04593714108022,184.9101785349459,0.0,PDAC_unclassified
-142.76887052785113,127.77986224315399,0.0,PDAC_unclassified
128.3649916947459,37.62178503737363,0.0,PDAC_unclassified
-29.672075595389042,18.532615903047688,0.0,PDAC_unclassified
65.7741808649127,-22.61633651731629,0.0,PDAC_unclassified
15.445843278162739,-149.1151543214198,0.0,PDAC_unclassified
-9.898097498188283,-162.08705345770235,0.0,PDAC_unclassified
-154.93064160557813,-26.219630245389368,0.0,PDAC_unclassified
-122.29044823845378,-3.1138080298013975,0.0,PDAC_unclassified
-23.955482208595747,48.9671331105002,0.0,PDAC_unclassified
-123.99306275593723,35.56190092896391,0.0,PDAC_unclassified
-86.34855747077222,-72.44018700068018,0.0,PDAC_unclassified
90.62648694252209,-119.6688657471379,0.0,PDAC_unclassified
18.203332201092696,28.6101181018481,0.0,PDAC_unclassified
-120.90638570087955,-101.99704150473929,0.0,PDAC_unclassified
-141.9111391168253,-114.94101772730023,0.0,PDAC_unclassified
-59.50913373360373,33.952012963928425,0.0,PDAC_unclassified
137.93366804954837,-53.456053596120995,0.0,PDAC_unclassified
-16.99532370468396,151.46942154710112,0.0,PDAC_unclassified
31.228631657071706,125.74614716583736,0.0,PDAC_unclassified
-30.906958883736454,103.8514610719731,0.0,PDAC_unclassified
-17.359053400633456,63.553412914429515,0.0,PDAC_unclassified
6.92773534143737,-1.1906367815492371,0.0,PDAC_unclassified
-115.13867179066365,-17.946350800044613,0.0,PDAC_unclassified
-46.3962857401138,68.14864555189122,0.0,PDAC_unclassified
-154.93859270804384,97.68047736761879,0.0,PDAC_unclassified
-6.828536773504378,-154.5595240814189,0.0,PDAC_unclassified
-137.50073991918234,-103.92524222882767,0.0,PDAC_unclassified
1.7222566672515538,38.44818276478453,0.0,PDAC_unclassified
-28.758125906718675,75.1612724537848,0.0,PDAC_unclassified
2.4531548486385537,166.6149567211397,0.0,PDAC_unclassified
58.899623551366744,124.92603773862393,0.0,PDAC_unclassified
-54.81981415117026,-28.23754056123535,0.0,PDAC_unclassified
-117.63901176119013,-58.06584022878602,0.0,PDAC_unclassified
43.351901746964366,-93.12782833327799,0.0,PDAC_unclassified
-149.38991675649154,92.46302009094839,0.0,PDAC_unclassified
61.62897350849997,34.144618756165144,0.0,PDAC_unclassified
12.54955792048901,-50.49541861916699,0.0,PDAC_unclassified
31.855438231871716,44.31757694035568,0.0,PDAC_unclassified
47.97960894879101,18.027703656897412,0.0,PDAC_unclassified
-62.933311808200656,-124.23139961663453,0.0,PDAC_unclassified
157.05199253112508,115.24962714956166,0.0,PDAC_unclassified
152.7776037608689,-63.96995680684358,0.0,PDAC_unclassified
-172.77793652682496,100.104309110039,0.0,PDAC_unclassified
-170.34532589780756,-90.19502695841497,0.0,PDAC_unclassified
-37.65452006441371,-168.8648043550135,0.0,PDAC_unclassified
2.428079662302433,44.6480445771935,0.0,PDAC_unclassified
-7.326855143771107,18.89944401129107,0.0,PDAC_unclassified
-83.25689180933344,126.80008916554324,0.0,PDAC_unclassified
82.15094411544105,-135.2075631674082,0.0,PDAC_unclassified
41.36518952702145,97.99976806927135,0.0,PDAC_unclassified
-91.73565341167105,170.88515385199372,0.0,PDAC_unclassified
134.1078116562594,14.657511997699599,0.0,PDAC_unclassified
-73.19681289235776,-92.08055572105437,0.0,PDAC_unclassified
-79.57596532739956,174.60049632558923,0.0,PDAC_unclassified
53.690274733993206,27.05520760605928,0.0,PDAC_unclassified
-38.517430798591185,70.5098623085787,0.0,PDAC_unclassified
-56.681450737954876,-54.264045282110565,0.0,PDAC_unclassified
121.8949509831454,57.457923179238946,0.0,PDAC_unclassified
-12.945431014711126,-31.437791938599453,0.0,PDAC_unclassified
134.9375388140339,-121.87704690776104,0.0,PDAC_unclassified
5.807932364978068,-100.2668040600753,0.0,PDAC_unclassified
133.30550510106863,-21.747478101158002,0.0,PDAC_unclassified
-102.80307992297959,124.39790041117358,0.0,PDAC_unclassified
20.398703634649706,83.20540850885838,0.0,PDAC_unclassified
-0.24188024401285857,33.562233822143355,0.0,PDAC_unclassified
-14.952551545956203,-79.62525839355045,0.0,PDAC_unclassified
26.352701247194155,-172.68606310260364,0.0,PDAC_unclassified
-112.20471376024841,-56.734892769433095,0.0,PDAC_unclassified
145.22174498933924,-106.92400880232832,0.0,PDAC_unclassified
-19.20880645801782,-80.90035250898224,0.0,PDAC_unclassified
54.3090190886067,-139.30491929805746,0.0,PDAC_unclassified
-49.62405170975912,-150.09142500462758,0.0,PDAC_unclassified
164.03922139899956,31.450003699821085,0.0,PDAC_unclassified
60.944945023925314,-85.03087559587415,0.0,PDAC_unclassified
64.40341625682107,-74.99797033753555,0.0,PDAC_unclassified
-73.59415658874941,-151.6991860161047,0.0,PDAC_unclassified
-77.45620522811092,173.79577606098565,0.0,PDAC_unclassified
-73.78597039885899,44.85127627485318,0.0,PDAC_unclassified
-106.86139594254988,-149.73487761054193,0.0,PDAC_unclassified
-121.49392123998804,94.82596100803596,0.0,PDAC_unclassified
26.823663452737005,41.079132112729745,0.0,PDAC_unclassified
-145.8059155008938,109.49255470253001,0.0,PDAC_unclassified
193.8194603660436,5.358108508354251,0.0,PDAC_unclassified
-153.82236822112736,8.766919784816071,0.0,PDAC_unclassified
25.871366578853657,131.6578721758336,0.0,PDAC_unclassified
-8.763261330649357,132.3854168451316,0.0,PDAC_unclassified
-74.70686737267819,166.48453775342907,0.0,PDAC_unclassified
65.02117847548622,-27.091303458403537,0.0,PDAC_unclassified
114.78631702653536,11.957941590550968,0.0,PDAC_unclassified
-102.97505553747665,-101.0044113233212,0.0,PDAC_unclassified
-118.53530140884929,136.56687044104814,0.0,PDAC_unclassified
48.12100831796813,104.6904925689383,0.0,PDAC_unclassified
-184.0053236680796,-38.99563881165701,0.0,PDAC_unclassified
35.55179532462149,-145.72424557553038,0.0,PDAC_unclassified
-35.50366198117795,183.16493420465363,0.0,PDAC_unclassified
-80.08898096037306,140.8210524286597,0.0,PDAC_unclassified
-187.2926012870875,-65.87494142926465,0.0,PDAC_unclassified
-83.45253919158624,-9.829340432318288,0.0,PDAC_unclassified
61.00024612508719,-182.5404633150059,0.0,PDAC_unclassified
23.968648246770208,-39.962833502193355,0.0,PDAC_unclassified
-51.8613017260432,-81.34570180509562,0.0,PDAC_unclassified
-83.13964590852267,-86.36093207422604,0.0,PDAC_unclassified
142.41670106004054,-107.0881916195435,0.0,PDAC_unclassified
54.19939244850564,0.9443296506566516,0.0,PDAC_unclassified
4.335314152766766,-103.59479481302591,0.0,PDAC_unclassified
-132.2445551926885,24.489524557180083,0.0,PDAC_unclassified
158.4654324305646,-78.50427736342431,0.0,PDAC_unclassified
-81.56482307435654,94.38241412210664,0.0,PDAC_unclassified
88.48049425323319,5.322465430372154,0.0,PDAC_unclassified
-47.215940934720194,-159.04827180334004,0.0,PDAC_unclassified
120.71680810658853,-124.32926167785526,0.0,PDAC_unclassified
-77.02365383631401,-162.7115795773219,0.0,PDAC_unclassified
-108.3725048189081,135.3874123717549,0.0,PDAC_unclassified
131.16530139897702,-60.21330066509799,0.0,PDAC_unclassified
61.490244007044396,-141.46916558587944,0.0,PDAC_unclassified
18.54467278138689,-91.09354318107441,0.0,PDAC_unclassified
146.34224663388625,-102.19967616551781,0.0,PDAC_unclassified
-25.0597170678729,87.4442576080829,0.0,PDAC_unclassified
108.3903523008794,-63.42748954641584,0.0,PDAC_unclassified
-167.8492479287249,0.3586312684436925,0.0,PDAC_unclassified
31.237897525938614,180.7173221148575,0.0,PDAC_unclassified
-44.32596560440495,132.13689886858734,0.0,PDAC_unclassified
122.11564153330629,131.31538705936944,0.0,PDAC_unclassified
36.885617598147604,-75.02402161060735,0.0,PDAC_unclassified
87.34046737507165,-82.15483241486105,0.0,PDAC_unclassified
-186.2371100959117,72.35325503143558,0.0,PDAC_unclassified
-32.9316986200089,-168.09249310855932,0.0,PDAC_unclassified
-150.72835485576203,-0.9946091325605697,0.0,PDAC_unclassified
0.4907254708615134,-171.32815064148042,0.0,PDAC_unclassified
13.700256539439062,126.25268629982061,0.0,PDAC_unclassified
148.7117791327362,119.80935727931781,0.0,PDAC_unclassified
90.9443203868349,33.290062541073155,0.0,PDAC_unclassified
162.23732055221421,-95.89866748116289,0.0,PDAC_unclassified
-40.47065038117796,138.39988526804652,0.0,PDAC_unclassified
-153.51942108952738,-83.57279174625464,0.0,PDAC_unclassified
-113.2899376937297,57.47583078038377,0.0,PDAC_unclassified
-2.0404271811251626,160.14479990639953,0.0,PDAC_unclassified
-114.40526529019752,-105.15749987494632,0.0,PDAC_unclassified
71.83752210777823,-124.60168964920925,0.0,PDAC_unclassified
-4.352269866763747,-102.47771628338586,0.0,PDAC_unclassified
-34.02608826548526,120.01506382891198,0.0,PDAC_unclassified
150.19088097456319,102.80354294681071,0.0,PDAC_unclassified
121.70294807030389,110.48424255012056,0.0,PDAC_unclassified
148.06451362947243,123.22197778335743,0.0,PDAC_unclassified
66.88401473750278,-168.72848595672912,0.0,PDAC_unclassified
-112.25343281777754,131.62390098886064,0.0,PDAC_unclassified
-109.30125305410019,-130.84297996509926,0.0,PDAC_unclassified
-89.06872682762518,170.1477968762984,0.0,PDAC_unclassified
-137.18545957132162,-4.541097942881236,0.0,PDAC_unclassified
90.81735544708646,-4.5124729878877705,0.0,PDAC_unclassified
-32.12430689578597,95.0389926071051,0.0,PDAC_unclassified
-108.24116242837971,-126.94529513198725,0.0,PDAC_unclassified
-37.712801458650205,91.6617943648105,0.0,PDAC_unclassified
-6.143817016862318,-47.13264365302811,0.0,PDAC_unclassified
-13.294403841149801,-159.5497008341992,0.0,PDAC_unclassified
29.539639579756688,60.69133841434524,0.0,PDAC_unclassified
-71.84130823487149,-97.9775481578081,0.0,PDAC_unclassified
59.726087911458755,-81.76911435805208,0.0,PDAC_unclassified
-0.08769628297540567,-17.070395805034543,0.0,PDAC_unclassified
-5.54917777984966,108.5052185760938,0.0,PDAC_unclassified
60.542110773986664,-53.74738301210102,0.0,PDAC_unclassified
129.76841837641072,84.46273866618299,0.0,PDAC_unclassified
46.72878783440629,80.38033663355893,0.0,PDAC_unclassified
110.04369306110877,75.6377820940283,0.0,PDAC_unclassified
45.032090126352884,-95.3614094036896,0.0,PDAC_unclassified
103.83264929504658,163.31910207350057,0.0,PDAC_unclassified
-74.01480214514686,-39.920206241664324,0.0,PDAC_unclassified
104.1319982743287,-161.43071747223715,0.0,PDAC_unclassified
-41.741364529049825,-101.1630217356996,0.0,PDAC_unclassified
85.43626349458465,-156.7039704827999,0.0,PDAC_unclassified
-131.03668885120823,-79.41602586484538,0.0,PDAC_unclassified
22.222955671548032,110.32473601512898,0.0,PDAC_unclassified
90.79181575353572,-30.872450402977968,0.0,PDAC_unclassified
3.619048120987297,-17.680590614959563,0.0,PDAC_unclassified
-117.1760885877666,1.3041410167542844,0.0,PDAC_unclassified
-57.93744251366596,81.45121705407088,0.0,PDAC_unclassified
-30.40539429585058,141.35008088900966,0.0,PDAC_unclassified
-24.106400292680256,-185.68009756321464,0.0,PDAC_unclassified
-2.5531047786113956,-24.2438714006864,0.0,PDAC_unclassified
157.4649628478761,110.48545110741664,0.0,PDAC_unclassified
59.32966774706687,52.545908684427744,0.0,PDAC_unclassified
-160.84888988599155,-23.94054254808834,0.0,PDAC_unclassified
44.242945048812416,-67.1945886616814,0.0,PDAC_unclassified
-7.315240381718795,-162.38988772810126,0.0,PDAC_unclassified
-196.35927864342756,-32.62629730847607,0.0,PDAC_unclassified
-67.9430421605755,-145.24953136253552,0.0,PDAC_unclassified
-27.555554107309042,54.747163542621074,0.0,PDAC_unclassified
-41.378403095211034,172.30864127439636,0.0,PDAC_unclassified
102.17096396885681,115.03951298678776,0.0,PDAC_unclassified
-107.3625991958469,56.13076632262029,0.0,PDAC_unclassified
33.11949146328707,69.00252032493646,0.0,PDAC_unclassified
52.28411385537108,149.80529257075577,0.0,PDAC_unclassified
-77.69875122585618,20.465526905520505,0.0,PDAC_unclassified
89.49719237839463,-21.358634909237352,0.0,PDAC_unclassified
-1.4843568988749463,-114.88954987023423,0.0,PDAC_unclassified
61.60952494888082,-126.11623865586037,0.0,PDAC_unclassified
37.632818263455945,-3.485204265557398,0.0,PDAC_unclassified
-75.64247959342245,61.5411902990286,0.0,PDAC_unclassified
-88.11514929909129,159.72626140359668,0.0,PDAC_unclassified
-75.92323090196325,-105.9641810026193,0.0,PDAC_unclassified
79.4432195412618,-58.17394670835356,0.0,PDAC_unclassified
-116.59149502510468,-30.44786471026233,0.0,PDAC_unclassified
64.67791617841334,-15.90571830852575,0.0,PDAC_unclassified
69.24669673719539,-134.8004642574273,0.0,PDAC_unclassified
14.68470273056524,102.49173045942322,0.0,PDAC_unclassified
-97.07644646596547,43.73737222236918,0.0,PDAC_unclassified
17.14215088241664,59.34709321813687,0.0,PDAC_unclassified
91.3033858552637,32.7172218934346,0.0,PDAC_unclassified
131.41727174681236,130.59652951048986,0.0,PDAC_unclassified
-55.788706638116885,-96.27572866010972,0.0,PDAC_unclassified
184.37896047869853,-53.70183281692944,0.0,PDAC_unclassified
167.77304877795962,45.153279592953744,0.0,PDAC_unclassified
-144.21258045159468,-101.92414694504681,0.0,PDAC_unclassified
129.280017802381,7.010952874210334,0.0,PDAC_unclassified
21.260532167926435,-64.60329181254144,0.0,PDAC_unclassified
9.726734430446005,-159.74641116544566,0.0,PDAC_unclassified
14.895651359460656,148.01427040759046,0.0,PDAC_unclassified
-124.91196993396397,103.00407315860639,0.0,PDAC_unclassified
160.78748954461736,-53.89839315709287,0.0,PDAC_unclassified
-181.31354803996027,-22.58004231493179,0.0,PDAC_unclassified
-75.34733124169112,87.99260953769922,0.0,PDAC_unclassified
174.01784911506036,-16.547462733875502,0.0,PDAC_unclassified
76.3096809635568,-3.740080455943357,0.0,PDAC_unclassified
173.2823762248047,-31.09418428579794,0.0,PDAC_unclassified
-64.91672860746839,-111.70101781276459,0.0,PDAC_unclassified
-137.6967071761615,79.21910007927892,0.0,PDAC_unclassified
114.99642276775268,121.52794335323027,0.0,PDAC_unclassified
192.76111309569208,4.018080245411483,0.0,PDAC_unclassified
10.148388165792484,-165.40382053704155,0.0,PDAC_unclassified
71.37250737305833,-184.99043524765798,0.0,PDAC_unclassified
71.23302216501448,-42.42605332212858,0.0,PDAC_unclassified
-172.04851864355197,-14.481067566251118,0.0,PDAC_unclassified
-110.24083259326864,-109.43493478916977,0.0,PDAC_unclassified
159.10469296228487,-77.57449728893607,0.0,PDAC_unclassified
40.5919135876216,-141.5110337108694,0.0,PDAC_unclassified
24.39927331418756,82.90458350896601,0.0,PDAC_unclassified
183.19996352601535,14.135785536664843,0.0,PDAC_unclassified
29.926800888606934,-49.1463078316398,0.0,PDAC_unclassified
-103.64604863713689,79.8062366152822,0.0,PDAC_unclassified
111.97408862970843,83.66347386152275,0.0,PDAC_unclassified
92.30764789768173,15.921458708206492,0.0,PDAC_unclassified
-113.68756911841322,6.468176509421498,0.0,PDAC_unclassified
-41.00159375173238,70.29223147275049,0.0,PDAC_unclassified
133.63808869324166,84.83941956927107,0.0,PDAC_unclassified
13.83306721802716,-16.507524100184554,0.0,PDAC_unclassified
-17.153029802026065,-151.26130460175133,0.0,PDAC_unclassified
43.47438889808972,133.72452518986833,0.0,PDAC_unclassified
-184.8037657161107,70.3315051650635,0.0,PDAC_unclassified
31.50346396564584,83.91711673931509,0.0,PDAC_unclassified
-156.2476432870642,-113.13048605517041,0.0,PDAC_unclassified
113.33430880073922,-86.64140876188901,0.0,PDAC_unclassified
164.82707406946466,-101.2879747455516,0.0,PDAC_unclassified
-183.29759675973094,73.92947265695352,0.0,PDAC_unclassified
176.52241382072475,27.914108446646235,0.0,PDAC_unclassified
124.7669962316367,-70.64662593648134,0.0,PDAC_unclassified
-148.04628853124493,90.01350379566874,0.0,PDAC_unclassified
-135.55338251977076,129.94809544374448,0.0,PDAC_unclassified
-50.098295586382186,185.97876053292526,0.0,PDAC_unclassified
9.176132543181117,45.41948739602737,0.0,PDAC_unclassified
119.43493037002841,122.70372615941572,0.0,PDAC_unclassified
3.491388550716371,133.46008861014704,0.0,PDAC_unclassified
108.10873897959632,-117.80248875639153,0.0,PDAC_unclassified
-14.333444233632077,-46.70854181842505,0.0,PDAC_unclassified
-106.32173311677674,-94.54496779744473,0.0,PDAC_unclassified
-146.0476424269286,6.5188586860258555,0.0,PDAC_unclassified
-104.16385112935451,-151.52110310875915,0.0,PDAC_unclassified
-44.63609483815502,-168.64740668171157,0.0,PDAC_unclassified
105.40738282407209,9.61120176503983,0.0,PDAC_unclassified
69.24701701182097,-176.85659934312076,0.0,PDAC_unclassified
82.50643620386329,-88.72279032264747,0.0,PDAC_unclassified
42.601121025962264,-101.5338886320512,0.0,PDAC_unclassified
152.0781819382481,103.62290825109957,0.0,PDAC_unclassified
-6.763467107082022,100.73183543346993,0.0,PDAC_unclassified
-43.08336993556271,-47.334871200926244,0.0,PDAC_unclassified
-28.607801452787196,135.83242060319512,0.0,PDAC_unclassified
31.25216739215597,-77.56167220076027,0.0,PDAC_unclassified
105.36619879561424,143.76751576642545,0.0,PDAC_unclassified
94.51936926546068,-154.40254991606926,0.0,PDAC_unclassified
-30.601396627653287,93.04422832603936,0.0,PDAC_unclassified
110.36318978375898,-163.83810683095936,0.0,PDAC_unclassified
40.24739382445574,130.16297020271767,0.0,PDAC_unclassified
-64.1677096461391,-101.3502647137787,0.0,PDAC_unclassified
138.21719000482545,-36.76373333306948,0.0,PDAC_unclassified
-103.77978997467103,-39.77427144445631,0.0,PDAC_unclassified
46.01831241323786,87.13094651441476,0.0,PDAC_unclassified
-63.8836711579231,-108.08400828265516,0.0,PDAC_unclassified
-20.851900882585074,-155.18900900922418,0.0,PDAC_unclassified
-73.17855258745149,-16.052625581424245,0.0,PDAC_unclassified
50.498864384577146,86.21248957742415,0.0,PDAC_unclassified
24.205642130661506,136.8402404944367,0.0,PDAC_unclassified
36.219512229373095,60.47954988658522,0.0,PDAC_unclassified
-91.2931689399252,-153.3984319864618,0.0,PDAC_unclassified
195.64142586685816,-40.209028191099286,0.0,PDAC_unclassified
186.56122869549378,-3.5748095849382517,0.0,PDAC_unclassified
-2.7500001950763693,-147.91356378834504,0.0,PDAC_unclassified
139.03226259080247,-70.25897826375925,0.0,PDAC_unclassified
22.178255103446176,89.15546347694253,0.0,PDAC_unclassified
107.00191310052797,130.4920312220769,0.0,PDAC_unclassified
57.59570410192827,132.64685842926576,0.0,PDAC_unclassified
80.10058775135865,-179.97071057285993,0.0,PDAC_unclassified
-24.01675784982745,-115.86983067236088,0.0,PDAC_unclassified
97.59744850062734,-53.81871927229304,0.0,PDAC_unclassified
-68.1536479263108,-146.4272399202051,0.0,PDAC_unclassified
150.357381806797,-98.94072021827184,0.0,PDAC_unclassified
-162.89211845317124,44.69192174047597,0.0,PDAC_unclassified
2.9709216974409967,-81.29201380238983,0.0,PDAC_unclassified
-73.69070664966715,-55.94566301042753,0.0,PDAC_unclassified
-79.34991120392708,-60.863441014454985,0.0,PDAC_unclassified
-12.637297653156763,133.68467433202233,0.0,PDAC_unclassified
107.05013398166558,-55.4337322269149,0.0,PDAC_unclassified
122.4606335338345,-0.8658612171841249,0.0,PDAC_unclassified
-77.85677804610687,72.14326866914331,0.0,PDAC_unclassified
-11.588036063818105,-182.02350562446952,0.0,PDAC_unclassified
-5.220619320240379,182.13074179769208,0.0,PDAC_unclassified
-40.01352595307022,195.93718166027153,0.0,PDAC_unclassified
121.95794373207832,70.0722130581342,0.0,PDAC_unclassified
80.00457880216368,-13.180704036438156,0.0,PDAC_unclassified
-60.152961304168265,-103.24557515504382,0.0,PDAC_unclassified
55.01435905962321,146.03837974416777,0.0,PDAC_unclassified
-131.15211245411203,144.6030553901956,0.0,PDAC_unclassified
-115.09465193053572,-129.90241040039342,0.0,PDAC_unclassified
-6.505450859610524,-46.220614003922165,0.0,PDAC_unclassified
-5.238565617335785,166.012872495199,0.0,PDAC_unclassified
119.845397493299,86.76995377502061,0.0,PDAC_unclassified
-20.14153881596991,-157.8511140219517,0.0,PDAC_unclassified
7.271125888332896,90.20442876341474,0.0,PDAC_unclassified
-92.01150695965174,-112.5046892493842,0.0,PDAC_unclassified
-2.6425866467530166,164.2254875844163,0.0,PDAC_unclassified
97.0492860346883,104.36842549827048,0.0,PDAC_unclassified
86.328797692142,-71.11037483363104,0.0,PDAC_unclassified
32.96981834368549,78.1738675807726,0.0,PDAC_unclassified
-44.1904651935891,27.220445008410174,0.0,PDAC_unclassified
-40.71155711637536,147.79140462747262,0.0,PDAC_unclassified
46.80904128513737,-49.658238504176566,0.0,PDAC_unclassified
3.8036118428984285,37.30514134127767,0.0,PDAC_unclassified
68.20648333327222,65.57884267959332,0.0,PDAC_unclassified
-87.34446014172883,-34.56614322524424,0.0,PDAC_unclassified
-26.485751539142257,104.47811119201383,0.0,PDAC_unclassified
182.4239600629926,-58.482588999102035,0.0,PDAC_unclassified
-86.42871183743675,176.52603373275832,0.0,PDAC_unclassified
153.90229336281106,81.56923049102963,0.0,PDAC_unclassified
18.261119805998746,-79.57980097335484,0.0,PDAC_unclassified
24.30214508018429,-33.01752488421432,0.0,PDAC_unclassified
33.458399874357816,-153.36008104554514,0.0,PDAC_unclassified
59.31768606066497,-82.17369466918495,0.0,PDAC_unclassified
-151.24907848580733,115.8964628628647,0.0,PDAC_unclassified
136.5099650232897,65.39087500709526,0.0,PDAC_unclassified
-35.41294911037808,-110.6008418386956,0.0,PDAC_unclassified
-42.81471387297635,-120.97091844902995,0.0,PDAC_unclassified
-16.24555721209625,143.97262610484216,0.0,PDAC_unclassified
164.70873215861863,-102.8444046974633,0.0,PDAC_unclassified
87.40470479027567,21.303257142719,0.0,PDAC_unclassified
16.838705823618902,-109.46470466752129,0.0,PDAC_unclassified
163.5889727217064,104.98260796973261,0.0,PDAC_unclassified
119.20102171290728,11.562228595804026,0.0,PDAC_unclassified
-58.89076824647221,103.32876044782707,0.0,PDAC_unclassified
-69.19428248575265,151.98906290520026,0.0,PDAC_unclassified
36.9869727789247,-188.74204436734863,0.0,PDAC_unclassified
-15.692599589920796,167.99934672555386,0.0,PDAC_unclassified
71.7151625051405,130.85694175822053,0.0,PDAC_unclassified
145.54062071074273,-73.1782066620259,0.0,PDAC_unclassified
17.121659613509504,123.27121654845466,0.0,PDAC_unclassified
-186.34083369502457,-60.46876877457828,0.0,PDAC_unclassified
-81.07584782460087,-94.97944068997683,0.0,PDAC_unclassified
166.45761887889938,-16.209130926331596,0.0,PDAC_unclassified
73.85741184048746,-80.14288177229012,0.0,PDAC_unclassified
-61.92612478690428,75.44067348440372,0.0,PDAC_unclassified
10.718353680729248,-78.14758849505084,0.0,PDAC_unclassified
68.97651263612235,178.993362514586,0.0,PDAC_unclassified
123.80495135264886,-81.7773042774249,0.0,PDAC_unclassified
-186.02545989805174,-41.87278329019745,0.0,PDAC_unclassified
-7.898667371668095,42.40990305469916,0.0,PDAC_unclassified
185.4202598441886,34.120132767633706,0.0,PDAC_unclassified
-97.18094407387281,18.037797430079927,0.0,PDAC_unclassified
76.54392554468363,-60.41240274597253,0.0,PDAC_unclassified
14.144069362637154,3.092200120133125,0.0,PDAC_unclassified
-27.82401061095849,-42.5392574159224,0.0,PDAC_unclassified
-165.98828873276756,-71.75747240562355,0.0,PDAC_unclassified
114.85686057623877,-86.9042635405388,0.0,PDAC_unclassified
160.86347407296998,-24.54150434592051,0.0,PDAC_unclassified
95.44414183205792,26.065121446068556,0.0,PDAC_unclassified
53.3718853707785,-168.43948136601344,0.0,PDAC_unclassified
181.17230772197382,-13.454148086077453,0.0,PDAC_unclassified
-12.341979986675367,-48.37173643209206,0.0,PDAC_unclassified
-155.40024598076585,-124.67022128114802,0.0,PDAC_unclassified
62.01665173775869,119.17596175453149,0.0,PDAC_unclassified
-9.130421139115587,-56.7551070776292,0.0,PDAC_unclassified
-4.655993326485694,-196.0660526116403,0.0,PDAC_unclassified
131.0046999261442,67.08483367815784,0.0,PDAC_unclassified
-88.22903054427486,72.89483866010208,0.0,PDAC_unclassified
126.23451463127965,-56.06588084239562,0.0,PDAC_unclassified
-13.159257831836522,-166.06751166686067,0.0,PDAC_unclassified
16.668194032463347,134.54625352737048,0.0,PDAC_unclassified
-97.1218290082729,157.65888674700446,0.0,PDAC_unclassified
78.74716490716308,82.3239018838824,0.0,PDAC_unclassified
10.723658201990299,-55.54497915946659,0.0,PDAC_unclassified
-118.40953914280655,-78.80722385970542,0.0,PDAC_unclassified
93.43546759349299,-167.94545854794447,0.0,PDAC_unclassified
-134.79031159755027,-76.28814724276997,0.0,PDAC_unclassified
0.5821515686504232,-27.738040250601227,0.0,PDAC_unclassified
151.1109667079757,33.504284745485684,0.0,PDAC_unclassified
78.12305309281454,133.22428299029207,0.0,PDAC_unclassified
62.4804892356749,0.9886782201431058,0.0,PDAC_unclassified
-28.39391603107061,-16.839693246619422,0.0,PDAC_unclassified
16.354642145463348,-15.339897384469463,0.0,PDAC_unclassified
-159.31782925925572,42.59573622568995,0.0,PDAC_unclassified
-30.368620146337612,-40.18961681367133,0.0,PDAC_unclassified
95.19384381770054,-111.33538514353195,0.0,PDAC_unclassified
-166.02701423436582,50.31756103658609,0.0,PDAC_unclassified
64.75383375637925,107.9620514459431,0.0,PDAC_unclassified
-100.99962409572915,-135.77151453038746,0.0,PDAC_unclassified
70.53529838349996,-31.082686730797324,0.0,PDAC_unclassified
56.30824228119004,-183.4164526706389,0.0,PDAC_unclassified
26.863675628746428,-101.88275133363713,0.0,PDAC_unclassified
15.045928990768106,-58.45320377534855,0.0,PDAC_unclassified
-140.54710451523127,126.4351429563054,0.0,PDAC_unclassified
104.43218338675993,131.3049922066376,0.0,PDAC_unclassified
50.43175211586807,-153.2172792041127,0.0,PDAC_unclassified
120.89796242121318,2.8652460117829275,0.0,PDAC_unclassified
32.97256104087208,-187.19406303102085,0.0,PDAC_unclassified
155.0072140988155,-60.164604632491695,0.0,PDAC_unclassified
99.38594541288201,94.43516676208327,0.0,PDAC_unclassified
-174.7280365130119,-41.81791472736307,0.0,PDAC_unclassified
-152.94532814795264,-82.99990619031477,0.0,PDAC_unclassified
-152.73729064878572,85.64574713640985,0.0,PDAC_unclassified
-80.4333443028501,-40.468262595634265,0.0,PDAC_unclassified
28.8892050066831,-110.28349897015337,0.0,PDAC_unclassified
-16.192076507345828,-155.19143267814138,0.0,PDAC_unclassified
-161.89304009659082,-84.42886076598215,0.0,PDAC_unclassified
177.95548942155358,-67.42752848736986,0.0,PDAC_unclassified
-112.22625157585824,-104.62450593420081,0.0,PDAC_unclassified
4.394158893425483,-65.21830768478794,0.0,PDAC_unclassified
-65.87989421949074,114.24695176695889,0.0,PDAC_unclassified
-157.82634494514932,-18.508218549944406,0.0,PDAC_unclassified
105.99691265205291,-107.92911021242503,0.0,PDAC_unclassified
128.6925669990568,145.3755748882747,0.0,PDAC_unclassified
61.0496378955199,152.02359267504823,0.0,PDAC_unclassified
86.5560539902953,36.920399323030615,0.0,PDAC_unclassified
-59.07284364542148,138.24754346004588,0.0,PDAC_unclassified
-102.75722048591825,51.92133883953262,0.0,PDAC_unclassified
-76.4311293589924,-20.877891955030424,0.0,PDAC_unclassified
2.626975699605004,55.694610408468854,0.0,PDAC_unclassified
-158.96605503531484,-120.55369467886786,0.0,PDAC_unclassified
-125.44552995490594,93.67947831044184,0.0,PDAC_unclassified
182.53965151878768,75.70821075733394,0.0,PDAC_unclassified
-108.13262391448603,-7.408422394511185,0.0,PDAC_unclassified
44.38951163480489,17.398004092612712,0.0,PDAC_unclassified
34.065222270360294,98.90598140049693,0.0,PDAC_unclassified
-30.890994195162747,55.06622068943839,0.0,PDAC_unclassified
-2.7479113575945915,-70.66436532427208,0.0,PDAC_unclassified
-68.98763045041751,142.4969733043648,0.0,PDAC_unclassified
152.00687622387636,55.702617632595384,0.0,PDAC_unclassified
-45.13387733472323,147.44957424319506,0.0,PDAC_unclassified
-165.07282272437175,-32.309037654067545,0.0,PDAC_unclassified
-21.83848164347932,-49.25033709830077,0.0,PDAC_unclassified
-150.00273392962364,-111.39656280274171,0.0,PDAC_unclassified
133.3210408924647,90.14846151067903,0.0,PDAC_unclassified
174.68285140329405,2.3031997638663246,0.0,PDAC_unclassified
-73.59269806151785,131.88703954040986,0.0,PDAC_unclassified
135.40765117857038,42.538071512291495,0.0,PDAC_unclassified
63.60548788486457,-109.75332360782681,0.0,PDAC_unclassified
-63.92120046497706,-167.20878815508738,0.0,PDAC_unclassified
21.674607284640757,-180.61380301064384,0.0,PDAC_unclassified
65.19561454379594,185.66058934215133,0.0,PDAC_unclassified
-44.974031999456344,-92.27223266924518,0.0,PDAC_unclassified
60.53719713268472,-57.696679456166926,0.0,PDAC_unclassified
-153.1076930393074,-91.1249575833723,0.0,PDAC_unclassified
-142.22476999693703,-38.79984041517018,0.0,PDAC_unclassified
-125.01763355475121,138.73558041914362,0.0,PDAC_unclassified
95.19082453828992,-152.3820216498206,0.0,PDAC_unclassified
-90.67585937144686,-99.37462763337442,0.0,PDAC_unclassified
16.151021433905672,60.943032585753755,0.0,PDAC_unclassified
82.66162486093683,-114.98801176704039,0.0,PDAC_unclassified
46.89656015773835,-178.63347613108988,0.0,PDAC_unclassified
89.79520408380043,94.53676485477202,0.0,PDAC_unclassified
-32.154576442283016,-7.742847741532783,0.0,PDAC_unclassified
11.727663903392083,-78.09357186894384,0.0,PDAC_unclassified
132.80610496176422,-28.435820071593454,0.0,PDAC_unclassified
-21.665480293017485,90.16296477681833,0.0,PDAC_unclassified
-108.04259105716594,136.5702099540623,0.0,PDAC_unclassified
64.63988133026872,-114.8036588617536,0.0,PDAC_unclassified
4.809030377892636,121.07651172814192,0.0,PDAC_unclassified
-151.7574420208815,-26.17407770984538,0.0,PDAC_unclassified
1.0797802811291166,-176.72464898134757,0.0,PDAC_unclassified
-65.6337223515929,-89.7647723363062,0.0,PDAC_unclassified
48.58496098355917,121.39794765479495,0.0,PDAC_unclassified
182.2644975061116,39.594311806482914,0.0,PDAC_unclassified
17.83731649671942,40.07101111373128,0.0,PDAC_unclassified
98.79615311170912,17.660962342183637,0.0,PDAC_unclassified
-53.954034221125774,103.44760472127264,0.0,PDAC_unclassified
97.28054284812359,-71.53227687518908,0.0,PDAC_unclassified
-125.1121336036868,-49.96280152969709,0.0,PDAC_unclassified
-162.58310576965707,46.330953472495636,0.0,PDAC_unclassified
-84.99489007686532,-136.14851588145044,0.0,PDAC_unclassified
152.50620047012157,-13.233701714064336,0.0,PDAC_unclassified
99.10471619180525,1.3037712978592855,0.0,PDAC_unclassified
-132.17291532359937,-81.53349745108085,0.0,PDAC_unclassified
28.718934270026516,29.845630390398668,0.0,PDAC_unclassified
-44.54045962926088,-82.93893437237976,0.0,PDAC_unclassified
-48.2112107342268,77.51505315755962,0.0,PDAC_unclassified
-47.512441315424304,33.02922682775428,0.0,PDAC_unclassified
84.49843114474278,-49.73985694478553,0.0,PDAC_unclassified
43.153068615711575,-47.975095714303656,0.0,PDAC_unclassified
0.6462443333364545,-92.1137979463274,0.0,PDAC_unclassified
4.425860934667613,-79.25947645066297,0.0,PDAC_unclassified
102.24788541001764,-169.04267845343517,0.0,PDAC_unclassified
-71.25990105279365,-118.7014264239131,0.0,PDAC_unclassified
71.74394091317687,-145.61812848320068,0.0,PDAC_unclassified
-7.440600300237231,-107.38208267526973,0.0,PDAC_unclassified
44.082235210721684,-56.51939399158093,0.0,PDAC_unclassified
-187.75486141754826,-51.546412042147416,0.0,PDAC_unclassified
-47.423244862952664,-157.46946675712735,0.0,PDAC_unclassified
152.52727499455352,68.80582986204377,0.0,PDAC_unclassified
47.978697214212296,-8.890098823631691,0.0,PDAC_unclassified
-9.698821172656043,165.66087788886406,0.0,PDAC_unclassified
152.8044385360178,-67.55602964146392,0.0,PDAC_unclassified
-141.19455350411232,-31.447852230993522,0.0,PDAC_unclassified
8.851565820328004,87.52968545031491,0.0,PDAC_unclassified
-27.329796381042105,-154.19202292583074,0.0,PDAC_unclassified
60.444463531044796,-144.8769380186653,0.0,PDAC_unclassified
-12.112690381984383,83.38693776369742,0.0,PDAC_unclassified
140.28250716865944,101.27419874215681,0.0,PDAC_unclassified
128.4292491440013,11.42659879861994,0.0,PDAC_unclassified
-84.61475420132888,116.69682593093653,0.0,PDAC_unclassified
-117.16524114069036,12.48413371178348,0.0,PDAC_unclassified
-35.203386610614544,-28.837810319684007,0.0,PDAC_unclassified
-79.27061624809525,134.96705603566366,0.0,PDAC_unclassified
-52.55645398315336,129.62617248380863,0.0,PDAC_unclassified
25.594229176273974,-150.17329545255853,0.0,PDAC_unclassified
-110.55091478829476,-100.22843748025106,0.0,PDAC_unclassified
27.229853923921347,188.20715916794236,0.0,PDAC_unclassified
111.34214334077389,45.17805268385831,0.0,PDAC_unclassified
127.00923824697017,-124.57248882910528,0.0,PDAC_unclassified
81.99743248370977,-51.279511984394496,0.0,PDAC_unclassified
18.27066881984832,-8.828327345190067,0.0,PDAC_unclassified
20.074003819549006,159.32370680048203,0.0,PDAC_unclassified
-21.69425696695244,163.9937080188324,0.0,PDAC_unclassified
72.23552700867542,-77.49277357792602,0.0,PDAC_unclassified
-14.786594191571236,165.81458496743923,0.0,PDAC_unclassified
-175.80707225519848,-9.947295760074782,0.0,PDAC_unclassified
167.30134327978584,-31.83631267761724,0.0,PDAC_unclassified
36.05855653123581,-10.797410062914695,0.0,PDAC_unclassified
29.65493097924374,21.021672123868825,0.0,PDAC_unclassified
-53.89209747735484,99.54191769628883,0.0,PDAC_unclassified
55.52465576513162,-151.25477373979768,0.0,PDAC_unclassified
-49.66638967868748,-140.7328301340504,0.0,PDAC_unclassified
133.94054125947105,74.14933535233097,0.0,PDAC_unclassified
118.86040643714502,158.23961927416437,0.0,PDAC_unclassified
17.18753002218615,-182.99364769605987,0.0,PDAC_unclassified
-169.5018603818118,-36.370257974545936,0.0,PDAC_unclassified
55.55576386246904,-70.19478216687719,0.0,PDAC_unclassified
150.6053721496052,-5.968705571778627,0.0,PDAC_unclassified
188.45976810922187,28.958049715882193,0.0,PDAC_unclassified
-128.29542007756632,87.89821848691089,0.0,PDAC_unclassified
64.51755806769357,-104.70196639551463,0.0,PDAC_unclassified
-63.45240548177241,-40.31695202227055,0.0,PDAC_unclassified
-42.66960262694249,22.943497608117006,0.0,PDAC_unclassified
-120.5415190999408,18.60446022020419,0.0,PDAC_unclassified
-124.74186226672585,83.27182088498172,0.0,PDAC_unclassified
74.87506828670182,-26.209861934264886,0.0,PDAC_unclassified
-55.83266099883226,-73.37465525084056,0.0,PDAC_unclassified
81.30689371247865,4.540254177023595,0.0,PDAC_unclassified
19.807991878869377,-87.41617654545713,0.0,PDAC_unclassified
19.50215872025451,192.97892818216997,0.0,PDAC_unclassified
-111.93023890999703,-117.05744229000602,0.0,PDAC_unclassified
-191.66562437361497,17.88859166700004,0.0,PDAC_unclassified
-129.28954892236965,123.14192068688233,0.0,PDAC_unclassified
-180.09851368050275,56.77965187412286,0.0,PDAC_unclassified
60.32838914100671,113.04278935050037,0.0,PDAC_unclassified
27.417471826714618,-88.81032758256028,0.0,PDAC_unclassified
176.7201088982296,31.990828833157316,0.0,PDAC_unclassified
-46.2004607976243,1.0368753984927421,0.0,PDAC_unclassified
128.5867811767261,-75.3097724077208,0.0,PDAC_unclassified
19.513685541933295,83.32174043448723,0.0,PDAC_unclassified
87.20347797798023,75.09434688485472,0.0,PDAC_unclassified
-69.85639090156471,-157.097692246163,0.0,PDAC_unclassified
-89.15725867604228,22.555528865881847,0.0,PDAC_unclassified
31.565972213721654,-171.68944262827654,0.0,PDAC_unclassified
-102.98426310429596,84.52067040005696,0.0,PDAC_unclassified
-28.906547884058345,104.26263595248456,0.0,PDAC_unclassified
13.666819726284531,-48.99186826049101,0.0,PDAC_unclassified
-89.88271758581517,-43.93244921623036,0.0,PDAC_unclassified
-96.11420370091854,-135.4192543850022,0.0,PDAC_unclassified
156.24428985569736,-94.80676904270692,0.0,PDAC_unclassified
3.020126014386532,-111.43634306061958,0.0,PDAC_unclassified
58.79565862856505,69.94116950356081,0.0,PDAC_unclassified
-55.43521485634368,-161.2547910843623,0.0,PDAC_unclassified
-45.834217869684814,39.80914739035258,0.0,PDAC_unclassified
4.172399948214866,53.89613535294348,0.0,PDAC_unclassified
63.76760674057139,-111.81684225201886,0.0,PDAC_unclassified
-55.25783812665138,11.578589972821037,0.0,PDAC_unclassified
147.10017187069388,133.35549209908456,0.0,PDAC_unclassified
-123.89592284686783,-86.9288387558248,0.0,PDAC_unclassified
92.00145725507,133.83782484937439,0.0,PDAC_unclassified
-117.17637692969829,93.34469826382127,0.0,PDAC_unclassified
129.06973478917976,142.56055584746355,0.0,PDAC_unclassified
-171.0392621914073,-69.30968321977979,0.0,PDAC_unclassified
74.58225741336474,113.27075679129256,0.0,PDAC_unclassified
-157.55026979489082,-94.73768029216107,0.0,PDAC_unclassified
59.80882596218663,131.27180315116996,0.0,PDAC_unclassified
1.243345560396943,-105.55958249742082,0.0,PDAC_unclassified
164.7637923666154,90.58644942506093,0.0,PDAC_unclassified
-46.549639921186206,188.22038495816312,0.0,PDAC_unclassified
-62.868596171321954,66.56253737412766,0.0,PDAC_unclassified
62.73074621853123,-183.54056648885933,0.0,PDAC_unclassified
30.933761341541878,183.69573704170142,0.0,PDAC_unclassified
22.61017168432394,-132.97704278325511,0.0,PDAC_unclassified
165.80786705841072,111.4614738495146,0.0,PDAC_unclassified
55.545426221260406,129.87915664821537,0.0,PDAC_unclassified
164.28276061040077,-100.6057411374334,0.0,PDAC_unclassified
-6.790032587371334,12.699109529968599,0.0,PDAC_unclassified
64.39408849050544,-146.07284743245745,0.0,PDAC_unclassified
58.146477481047064,34.13551462007628,0.0,PDAC_unclassified
161.90979917980513,-94.6334745163129,0.0,PDAC_unclassified
123.87652357929811,-142.60089454993582,0.0,PDAC_unclassified
6.962050179931817,-22.464533120025393,0.0,PDAC_unclassified
124.59929626265739,-135.30331082332916,0.0,PDAC_unclassified
-47.16467815259698,-105.77385062537522,0.0,PDAC_unclassified
