x,y,z,type
67.22601919952311,23.181326205764798,0.0,CAF
-63.273496099909785,-131.10228648059152,0.0,CAF
-83.28384963919795,47.52110733618085,0.0,CAF
-165.1263325633367,58.9732608259883,0.0,CAF
10.676161243088579,-122.7109196521677,0.0,CAF
-122.65018638066489,17.975351290111433,0.0,CAF
95.64998875098897,147.5507075320299,0.0,CAF
78.73986031357535,-183.61615301265437,0.0,CAF
147.15847667709014,-19.618998279161715,0.0,CAF
-3.3826086644266966,23.227158180103164,0.0,CAF
85.02114569079448,39.91625488871791,0.0,CAF
83.66135110907156,-150.0627853441891,0.0,CAF
-88.23639628813511,-85.05296131788195,0.0,CAF
-168.064749116899,22.031675046651113,0.0,CAF
-51.37996536446611,141.9898135634064,0.0,CAF
-163.1512391050484,19.658333243750455,0.0,CAF
176.53244915434502,-61.78520974789405,0.0,CAF
1.0309223805282706,-153.91930973020467,0.0,CAF
-4.904055866605145,-8.744355788377717,0.0,CAF
-1.589489588597771,-149.65815189494205,0.0,CAF
179.49422086251548,-32.3676718848075,0.0,CAF
90.23793233094426,58.730057048134476,0.0,CAF
-61.897118198255185,156.38117773733927,0.0,CAF
158.3737666172317,48.531810856245656,0.0,CAF
58.349308450667806,144.13714883329453,0.0,CAF
-35.044493926073656,80.65693657419965,0.0,CAF
-13.875680177659387,-68.05218907420716,0.0,CAF
-103.84878474476768,-60.501940646064774,0.0,CAF
77.11826232713261,-92.20745002015664,0.0,CAF
-84.44872355506664,124.35930434506297,0.0,CAF
-27.124325859502623,-168.3284470712088,0.0,CAF
40.22182459898739,-52.477692884517076,0.0,CAF
-70.01733256352426,-74.01114285730988,0.0,CAF
-118.34639757549412,-115.96966303399078,0.0,CAF
23.320158507082844,-72.26493809961363,0.0,CAF
143.36304232398095,57.61286712315664,0.0,CAF
-62.34923849297124,171.3962823436223,0.0,CAF
-136.15361766051194,41.81201700749974,0.0,CAF
-89.31904614664151,-66.81995787041674,0.0,CAF
-14.191942586713294,8.354597988418687,0.0,CAF
109.6134910074725,150.87732243543564,0.0,CAF
-132.42946343567294,-97.85549958200986,0.0,CAF
-82.56556923492549,155.50942027178456,0.0,CAF
81.89799964276581,43.29609810697729,0.0,CAF
-45.96551516237844,91.80772514788323,0.0,CAF
-113.48936508677713,-127.46790763999212,0.0,CAF
-46.57194093852868,-72.39245651379801,0.0,CAF
-65.15429711007184,93.31916939602773,0.0,CAF
-63.385790300672554,22.00860930604272,0.0,CAF
-87.78326051246235,109.650299702017,0.0,CAF
-170.25225378858482,-75.88531183504064,0.0,CAF
-99.75392163969728,-107.42879961034009,0.0,CAF
18.17343156102459,-135.03092957952862,0.0,CAF
-82.82848264212166,1.326168172869359,0.0,CAF
-108.56566007816969,-124.9460274301487,0.0,CAF
-166.16912258794144,-7.22973425829034,0.0,CAF
-130.64458772938988,-12.048326391258644,0.0,CAF
-2.4736573118817504,-196.86200607787632,0.0,CAF
16.47596411713639,-184.53149225592333,0.0,CAF
26.96737002275442,-90.66991357388244,0.0,CAF
168.1200175079826,40.17662756053175,0.0,CAF
-119.32873278850178,1.0564896719232835,0.0,CAF
10.789248261734128,153.9666234270627,0.0,CAF
-169.27256576791768,-77.47915883949466,0.0,CAF
26.910672518691307,61.82898553744812,0.0,CAF
142.08011809268058,-119.85650646001771,0.0,CAF
34.72845490994083,124.90419388493514,0.0,CAF
179.59457104963312,-23.991189447950656,0.0,CAF
105.85594121946538,-161.5784078731119,0.0,CAF
-67.38188403292382,-138.68669915680186,0.0,CAF
-166.394989084456,83.84833316739333,0.0,CAF
109.19743297217158,44.25362453046417,0.0,CAF
130.88101266517748,137.34539177121138,0.0,CAF
-15.298105717730545,-108.97549490445907,0.0,CAF
166.48489880758513,71.68031927299455,0.0,CAF
27.691379923503288,104.22378276145103,0.0,CAF
-57.501562291462484,32.658201341738234,0.0,CAF
80.16388557091155,146.6157717397834,0.0,CAF
-59.67756941403754,56.10200088234455,0.0,CAF
-19.183898246732785,78.4306676246861,0.0,CAF
-169.90864893978707,-57.62651055605549,0.0,CAF
59.3942981010234,68.32738745709175,0.0,CAF
-48.87118197452601,80.37164024900757,0.0,CAF
20.446453924000703,29.603899271124654,0.0,CAF
-24.25334326341497,-150.98772605724145,0.0,CAF
160.20409146400917,41.37212414455948,0.0,CAF
71.74826641376637,-0.09745546452030379,0.0,CAF
137.6057550273962,106.40970717969938,0.0,CAF
-115.65457533802707,19.32385282997923,0.0,CAF
49.74018342952247,0.3825996351833491,0.0,CAF
83.33653147687929,-156.30991912040466,0.0,CAF
32.20396717850161,-156.7583299229126,0.0,CAF
54.585505848622695,-22.783530755359305,0.0,CAF
-160.34406456155807,-13.891397924117513,0.0,CAF
129.89281403196668,-140.19791753470227,0.0,CAF
13.142194576936289,-16.605846283569647,0.0,CAF
163.47960386882647,-4.979655195534436,0.0,CAF
42.21339532522683,86.94280024835038,0.0,CAF
-37.796801440597555,178.1240040482479,0.0,CAF
-6.582906646640856,95.62381527788607,0.0,CAF
138.27408098564155,67.76701654478035,0.0,CAF
115.78378914229432,-10.486960905711593,0.0,CAF
-148.3475215333819,-23.18464163715801,0.0,CAF
-145.37239140597666,46.52471233895618,0.0,CAF
-53.414497486518364,87.12141209929108,0.0,CAF
-36.76350523989536,-59.49521269359823,0.0,CAF
-103.62735770923595,-3.372311553504991,0.0,CAF
68.44541844282574,91.6549017821072,0.0,CAF
-69.21406144963467,38.90884786499887,0.0,CAF
-64.53426387488946,-179.25973997121378,0.0,CAF
59.52918720650342,-91.2334353237619,0.0,CAF
-46.74363458990262,20.834143715154006,0.0,CAF
-134.0856837668947,143.17926282574538,0.0,CAF
-105.91599342006059,-112.48086680266852,0.0,CAF
-160.67410808802924,-81.52925913254543,0.0,CAF
40.5614446992667,-40.96661240402303,0.0,CAF
88.89824985872134,-138.5027035825714,0.0,CAF
-159.36784174601613,-21.303760215892268,0.0,CAF
166.6410888891524,-30.87124234694194,0.0,CAF
22.929253498547002,-2.40425913463,0.0,CAF
127.57780486965258,4.544565333739065,0.0,CAF
-35.61123025878671,150.7510859342692,0.0,CAF
72.05106154405392,-39.906240312288794,0.0,CAF
-33.33118015594141,-24.70292841958022,0.0,CAF
48.97812677020863,-89.04879179927276,0.0,CAF
41.14984285599069,70.78920359632103,0.0,CAF
-44.500131644659405,51.98176838635791,0.0,CAF
-109.21690986251889,125.37515838526798,0.0,CAF
-52.25238526110791,-81.46943464517904,0.0,CAF
-8.271710118565844,157.47803575575043,0.0,CAF
-113.69848258708365,-46.222657778441345,0.0,CAF
-41.2802415631505,0.2485671536307935,0.0,CAF
11.078896923217167,-0.030288407812972117,0.0,CAF
19.778697905883398,-131.84188330898252,0.0,CAF
-106.15555090581704,-20.29391588090759,0.0,CAF
154.26809780375774,66.86145361171516,0.0,CAF
27.592498166000542,16.535876639153706,0.0,CAF
-173.72152774343013,-88.90239504413042,0.0,CAF
5.018864445009536,-46.50302397794237,0.0,CAF
45.29105346682466,24.264105611613335,0.0,CAF
-53.12741938282679,-89.55675303483254,0.0,CAF
138.16606549949535,-108.48419466245015,0.0,CAF
65.1456121649633,-137.46086623526872,0.0,CAF
-176.0586744606786,-56.57113432760975,0.0,CAF
182.83805302756616,79.56513843602002,0.0,CAF
41.2644542270876,29.11504551530988,0.0,CAF
-8.07409134198963,-86.01526015685816,0.0,CAF
-5.06167205812886,101.87505830831758,0.0,CAF
-16.93880273560348,-46.692501183093135,0.0,CAF
177.80642867375096,-42.30898119554411,0.0,CAF
-91.0196206082911,-164.33509609586767,0.0,CAF
18.86548982455822,20.141984455187757,0.0,CAF
4.001917141948785,-136.06150362563844,0.0,CAF
-134.11703347863843,105.54587796596932,0.0,CAF
-33.816309761735496,162.15962113386388,0.0,CAF
-54.16236924781806,54.08493596627174,0.0,CAF
-140.76308101745073,-43.499779458208906,0.0,CAF
37.04183086929466,158.93843903375156,0.0,CAF
28.069068563233806,-116.21157348303542,0.0,CAF
-72.53730316083848,0.20118976766203428,0.0,CAF
-138.09659322969657,34.616694831295575,0.0,CAF
-77.89616812398192,-150.2757819334496,0.0,CAF
-42.56504751160667,-106.0575570569656,0.0,CAF
108.28384126565045,-61.88162319475815,0.0,CAF
-111.96665798274262,97.98689024717342,0.0,CAF
3.636780230991668,-104.21860759849869,0.0,CAF
-56.253740513630135,-165.6649834692568,0.0,CAF
147.7685456354964,119.47026170073867,0.0,CAF
116.82216748814123,-37.600660385719586,0.0,CAF
115.18005774237076,121.01934192449416,0.0,CAF
-114.9518006677348,70.32620159117789,0.0,CAF
73.88426871105891,-150.15908990085344,0.0,CAF
138.55060757805592,70.40500159203526,0.0,CAF
-42.32547218778878,-171.1897771919615,0.0,CAF
51.0579709322968,-157.45282469323072,0.0,CAF
169.05180452490592,98.34886751099913,0.0,CAF
-188.09149177614802,-58.968178521379706,0.0,CAF
-7.43217684575848,117.10451108990318,0.0,CAF
24.109019862571575,-131.40947939190005,0.0,CAF
74.69156058412882,-164.23340225652032,0.0,CAF
109.7267525892084,-21.99200305451181,0.0,CAF
91.54662795927693,-70.51904702399823,0.0,CAF
152.44912527064528,87.27677451557409,0.0,CAF
70.50885803636997,124.1453227247702,0.0,CAF
37.4617895769505,108.44684623834917,0.0,CAF
122.20737612652138,-122.22612657281488,0.0,CAF
-48.441841129069225,-180.04041297315652,0.0,CAF
78.77047875824645,-6.898199622661166,0.0,CAF
26.062792482591792,-154.4592168535577,0.0,CAF
34.009472246528006,-1.2443030354741986,0.0,CAF
175.5282286693545,18.983034242816284,0.0,CAF
73.4297010460486,122.47571534331584,0.0,CAF
9.14396655269219,119.6040140899499,0.0,CAF
-159.2380829812728,68.28560900563058,0.0,CAF
138.91572435665498,22.122878254479737,0.0,CAF
7.413741115521197,-74.22796739315022,0.0,CAF
-73.74973458674846,-111.65184484446374,0.0,CAF
70.96270074052396,159.50440361165184,0.0,CAF
-189.36147858474718,30.63139420845097,0.0,CAF
118.04696136257223,45.472679835657964,0.0,CAF
119.43781691436845,9.335408940554089,0.0,CAF
-83.32850823609739,-159.08501885036787,0.0,CAF
52.261713886039054,146.38175383158153,0.0,CAF
-139.77081207854388,92.87370076264202,0.0,CAF
-153.5541882138557,-60.80314074770592,0.0,CAF
-149.217875352411,-23.755265903162346,0.0,CAF
-101.9606838250315,-55.48019664563751,0.0,CAF
-138.56054492496492,131.23139714832607,0.0,CAF
-95.6571704202212,156.42194339401874,0.0,CAF
87.14758884363147,45.43091650801943,0.0,CAF
-119.52912772792568,22.682547613573327,0.0,CAF
24.23481642730319,68.5111584058708,0.0,CAF
63.12292615766576,-148.3172418599452,0.0,CAF
-5.5048760080342864,-196.1665237300858,0.0,CAF
-4.694121805808408,-5.635892184612987,0.0,CAF
-90.6925080479748,91.76075539447567,0.0,CAF
7.43903777843055,-10.155288299687589,0.0,CAF
-119.21095761481351,-109.17640802388362,0.0,CAF
132.09274341806932,58.015309975365675,0.0,CAF
157.45911673128464,-85.29236857335653,0.0,CAF
-31.482103795365305,149.2841859511565,0.0,CAF
135.22328158808912,-129.93829038327308,0.0,CAF
1.688062540952608,-34.5324498481468,0.0,CAF
-169.8024943515309,101.53168604535065,0.0,CAF
57.048637165302765,42.790100828096946,0.0,CAF
-31.197873427504863,-141.26868201134204,0.0,CAF
-49.36944529311635,77.37382260997514,0.0,CAF
-71.53679637908657,172.18584457033228,0.0,CAF
62.18959053534592,150.91019470526246,0.0,CAF
136.4523260267171,40.39712902963407,0.0,CAF
89.91634396625976,38.82450847937848,0.0,CAF
-33.2209675175061,-187.83312351799066,0.0,CAF
171.46367237878349,45.68709489335671,0.0,CAF
-21.237347431569052,-105.53824306494815,0.0,CAF
-188.54918310106137,46.86930063928585,0.0,CAF
-70.30214989208717,45.54027703527805,0.0,CAF
-120.41796534347385,90.4922047582125,0.0,CAF
-69.3246775813315,4.04407875346883,0.0,CAF
-25.39089718654933,109.57964753845022,0.0,CAF
58.606998127419835,11.15915823532154,0.0,CAF
-48.45380080071132,-148.74853005146878,0.0,CAF
123.3954957302862,-154.47726474385834,0.0,CAF
80.4060155458505,58.88581910568001,0.0,CAF
-50.717513778418834,-86.84648919110768,0.0,CAF
110.44152843045866,-12.804977296925502,0.0,CAF
-39.2679607007296,-118.51199833495755,0.0,CAF
-135.47232692378086,117.28117224876847,0.0,CAF
87.90626253133121,139.93101556437009,0.0,CAF
103.27150577637175,-52.76016099712524,0.0,CAF
-2.9458230908860976,23.132180411897814,0.0,CAF
-168.02334607526237,-10.937986347901601,0.0,CAF
68.5329668001096,-29.832652294795743,0.0,CAF
0.19920339372654172,124.11155949504047,0.0,CAF
-43.430614014889585,48.83925402430059,0.0,CAF
-43.26835973567924,30.296636885968258,0.0,CAF
39.68400952195777,75.3758452427827,0.0,CAF
-102.93122834612322,-149.39898789273792,0.0,CAF
-132.22306028345528,103.01523094034404,0.0,CAF
-12.989182741778015,143.9191850599596,0.0,CAF
-122.77353746929153,11.843592864298245,0.0,CAF
70.16156598419336,32.78311507367357,0.0,CAF
-196.73974231951317,-33.867584912119625,0.0,CAF
-127.22235504809966,-138.32542279627089,0.0,CAF
140.03386725867156,105.49331853487098,0.0,CAF
-71.71098722705392,-181.721445320824,0.0,CAF
-50.014439767798684,-153.24700470947104,0.0,CAF
-18.75086434068289,118.35134497600194,0.0,CAF
81.6006367554066,-113.6715409601268,0.0,CAF
116.19343759941488,56.86589360117453,0.0,CAF
18.768688322737766,-91.93708747664367,0.0,CAF
-139.54180941803327,62.65391287335244,0.0,CAF
-112.49962546808942,-105.88213226452085,0.0,CAF
-25.748468685359345,-157.43133910271862,0.0,CAF
-43.344051467151345,-49.45235220642161,0.0,CAF
-120.46655917121524,115.72862273518054,0.0,CAF
46.59273907387691,-136.12477078698913,0.0,CAF
-16.374114345243576,-97.59662849235731,0.0,CAF
84.88328260553226,158.3046543745296,0.0,CAF
22.910313161612937,8.877320418450546,0.0,CAF
86.35924058474131,-68.75990154936488,0.0,CAF
-17.916116681618035,-77.23039965769952,0.0,CAF
88.23974542747959,-163.51795138270342,0.0,CAF
34.169106277015246,-66.58908429924819,0.0,CAF
-131.58343165257207,35.337097386647976,0.0,CAF
107.20264978696363,81.2833633880995,0.0,CAF
-38.2540649097292,-184.53616018948472,0.0,CAF
16.15723048012944,23.98847253122951,0.0,CAF
28.862564033170838,105.42976517344432,0.0,CAF
-128.91905543892713,-59.2255278707287,0.0,CAF
-1.7163754555028117,46.227382455705374,0.0,CAF
9.438535519897377,-2.7637725242022517,0.0,CAF
-197.35976013258616,-29.672917698392425,0.0,CAF
77.14511720876192,46.89707447699078,0.0,CAF
25.341256056408564,15.69339579711415,0.0,CAF
-163.52865119547573,-47.33292280386036,0.0,CAF
114.45040260862264,-113.48728698768204,0.0,CAF
-132.75374336386662,96.17751148819025,0.0,CAF
-148.69079145413596,70.11946057849802,0.0,CAF
26.74511572217898,-175.19366748997683,0.0,CAF
68.53699876790706,-187.7934208028857,0.0,CAF
73.3216198698162,-156.9584027663433,0.0,CAF
121.52170266428176,112.06842243495679,0.0,CAF
-151.25474836208835,-98.25857458816444,0.0,CAF
-90.68372306241861,91.8818622033522,0.0,CAF
-186.85674184427316,35.41062105591556,0.0,CAF
40.1830835545006,54.55815407388919,0.0,CAF
-118.988278258114,-24.878254354026,0.0,CAF
89.42848755363947,167.76439995493803,0.0,CAF
-93.95637292771123,108.64289888134651,0.0,CAF
151.29859230027935,37.97255180766264,0.0,CAF
113.70654103323419,-141.38622774683475,0.0,CAF
33.33326440040132,1.2937030745037574,0.0,CAF
-45.589205103243195,121.80101850348007,0.0,CAF
-0.5435745751044365,147.27580345749612,0.0,CAF
17.006157937401145,140.24995421687203,0.0,CAF
-153.86604848993287,-55.98987740525734,0.0,CAF
52.01114052663191,-135.45446180264432,0.0,CAF
154.50346541207844,11.247979297512662,0.0,CAF
194.94383199555932,31.282704502599206,0.0,CAF
94.468002768074,12.52617906134785,0.0,CAF
128.57308958255754,70.65196698383798,0.0,CAF
57.08925623435914,-59.50324928592632,0.0,CAF
40.631585443154464,56.2734169061948,0.0,CAF
62.664958455157766,103.69397205796756,0.0,CAF
82.37140350586579,-151.88465821056485,0.0,CAF
121.96889860035833,66.31197149644352,0.0,CAF
1.5036642246919336,-47.30212552092003,0.0,CAF
47.292944026306394,101.13748749551074,0.0,CAF
27.91553682649785,-115.32266679778701,0.0,CAF
106.72417537718918,156.3993162086261,0.0,CAF
59.72510373269817,39.48427090585793,0.0,CAF
115.75403237098197,-93.91317173899893,0.0,CAF
-107.07593174511541,-115.25779565372206,0.0,CAF
127.6764608211216,65.82390524723479,0.0,CAF
-41.17620594751533,-127.90830377263077,0.0,CAF
168.9027406880335,-105.45265359770687,0.0,CAF
10.459357010659485,158.8063375172544,0.0,CAF
21.341515953920283,112.22583638415705,0.0,CAF
-144.90922408280392,70.04812426099288,0.0,CAF
98.2650848911434,141.02182611526544,0.0,CAF
175.60000424149993,84.13319319740049,0.0,CAF
-29.104623585692124,192.8333797274621,0.0,CAF
101.26917089720094,69.91947966090451,0.0,CAF
74.80190102234003,-184.31256948817622,0.0,CAF
-91.15888531302836,162.85144341244933,0.0,CAF
121.26688964850479,128.05619787014848,0.0,CAF
13.143709403140917,144.45140727965546,0.0,CAF
-92.81882878464869,-16.63823212119373,0.0,CAF
-61.13124692562018,154.16684433457564,0.0,CAF
38.44044097345228,-74.19340878272799,0.0,CAF
150.559945967093,1.8886911034155889,0.0,CAF
16.510739124808662,-141.84699803690654,0.0,CAF
74.18468107021145,-109.71200114414765,0.0,CAF
26.985035645985466,51.72761957960534,0.0,CAF
-52.79639710404511,-23.291932980492486,0.0,CAF
-70.89370406239205,170.35367685758337,0.0,CAF
27.201418116445314,-31.773986509126733,0.0,CAF
166.87138441278006,18.76223278758638,0.0,CAF
-138.2766270848604,114.51480106973139,0.0,CAF
-41.52370304314509,124.83819360892362,0.0,CAF
-65.75243728905784,120.37304424368705,0.0,CAF
95.71112989296975,-147.8461799027407,0.0,CAF
-114.44797010418196,116.08316565720293,0.0,CAF
34.94327502222392,113.71780357603181,0.0,CAF
-149.64161503615577,98.31694776114375,0.0,CAF
-113.5064436766417,-79.25089204141098,0.0,CAF
138.92588883039136,122.57200295139482,0.0,CAF
-24.06334616845456,10.007119891158808,0.0,CAF
126.03243098195078,-61.104040556196466,0.0,CAF
-58.00823471641081,64.651426804565,0.0,CAF
-100.38397928209763,-153.6875210416815,0.0,CAF
3.6803366888346902,105.4352198571571,0.0,CAF
116.65486780247097,-134.8931510503736,0.0,CAF
-21.6551067649096,-141.80928321191797,0.0,CAF
30.806403284376547,11.19796550649893,0.0,CAF
-12.640475344690485,-14.997409129900248,0.0,CAF
-7.488098338633726,-160.19960681601484,0.0,CAF
-111.59747519015524,-80.47484997769357,0.0,CAF
26.069817294077424,120.78774172880402,0.0,CAF
-47.281078152442824,-107.25264670887206,0.0,CAF
-36.91688501139821,-109.9677974628408,0.0,CAF
138.2590785009281,63.71316316017958,0.0,CAF
-106.91700862644818,-52.127204462460035,0.0,CAF
-12.885413084343513,-60.54190476115617,0.0,CAF
119.99569453047357,118.94254255125884,0.0,CAF
15.573101782405885,187.59151855457495,0.0,CAF
-25.992400777862724,-115.66060509167406,0.0,CAF
-73.33754312328374,31.72334889009783,0.0,CAF
6.4030579813112505,38.62219341297186,0.0,CAF
-79.96588832249978,-99.44537383836838,0.0,CAF
-78.79779148107679,59.40100599200185,0.0,CAF
-135.332606906071,84.78564320098573,0.0,CAF
110.99835537833678,-65.3957275593534,0.0,CAF
7.9756851596125635,36.952695813798435,0.0,CAF
133.141863989355,-123.98193474601105,0.0,CAF
-6.716354263093572,106.39449788710517,0.0,CAF
-118.05998298997376,-79.24864331377715,0.0,CAF
-84.64883628339145,131.4106163823709,0.0,CAF
56.38499988596062,-50.6538235850268,0.0,CAF
-8.380851119018539,86.4391504439849,0.0,CAF
-63.05710810280935,-38.11734572846423,0.0,CAF
-85.0063030149943,-81.3018860759878,0.0,CAF
-24.596485908708523,-108.84602347952197,0.0,CAF
-15.703777646411105,170.38477325988006,0.0,CAF
134.45636244079552,123.37036923434974,0.0,CAF
159.68482676751745,-112.8830352417708,0.0,CAF
2.3335110822495735,-43.67488544676378,0.0,CAF
13.812917605623294,46.34230526678409,0.0,CAF
81.42159533263417,-58.948363302522374,0.0,CAF
107.56082897991199,-15.874575466258186,0.0,CAF
46.47384712201072,-121.37045571479301,0.0,CAF
44.210047672073834,-12.31927889360358,0.0,CAF
98.50425864931915,59.509501790562815,0.0,CAF
-152.963516109049,-11.938452028902509,0.0,CAF
55.5272771092502,103.94063091153703,0.0,CAF
-73.20027153410267,178.3532829247591,0.0,CAF
56.32771456029272,24.41872317724141,0.0,CAF
50.03286960045709,-82.11846751903137,0.0,CAF
28.22588345234851,-170.81690744330805,0.0,CAF
-41.77484575319305,-127.86017613887918,0.0,CAF
20.43524913493444,140.97399354661368,0.0,CAF
-74.96116184174997,-82.43490921211578,0.0,CAF
-47.98706583960997,-82.20609670982755,0.0,CAF
150.2960927829721,30.2868365929914,0.0,CAF
13.433989314526613,-107.49006206268346,0.0,CAF
182.94755099848499,54.001545109684734,0.0,CAF
45.2967578876173,-41.94854949173196,0.0,CAF
-42.34491193559539,4.3832948354355485,0.0,CAF
-55.851795420926614,-43.407447235125034,0.0,CAF
167.60052067237586,-40.22533227664688,0.0,CAF
-32.562664788985636,-121.37179073115911,0.0,CAF
-160.6321901280858,118.3962412102782,0.0,CAF
-69.47878764570457,166.57418511927793,0.0,CAF
-128.73788120226666,-36.518742164088465,0.0,CAF
-41.66082917030226,-88.88929010798228,0.0,CAF
65.6191214441273,41.487895973288964,0.0,CAF
-77.48662085740189,-46.42409018313549,0.0,CAF
97.84384370855061,-116.42886572364918,0.0,CAF
-7.0029676132806635,-153.33525683416465,0.0,CAF
-0.39661451033937545,-94.06451525495443,0.0,CAF
-166.09859448856918,36.10651205981383,0.0,CAF
67.70627881876823,65.03934567537134,0.0,CAF
20.18826263227601,-100.7191099392782,0.0,CAF
141.77954370207783,-82.3111885759142,0.0,CAF
-77.87249161088971,-121.22089875286251,0.0,CAF
64.27642370218906,-111.61317554741309,0.0,CAF
23.626953431367077,-59.340459568506034,0.0,CAF
7.951055600813786,67.47427135690116,0.0,CAF
-175.87485644437632,-18.29403149572933,0.0,CAF
64.61359138304032,21.261314936208542,0.0,CAF
-76.62308686968262,-63.802102656253524,0.0,CAF
-33.30088122559938,181.58977469403717,0.0,CAF
17.484184697745658,187.92899531743038,0.0,CAF
-120.95836134442237,35.29042690287195,0.0,CAF
47.960452367752524,-24.63546271407988,0.0,CAF
68.50517188170286,133.44947536424343,0.0,CAF
-14.195180101945981,-119.6543849754518,0.0,CAF
165.72809534504825,-6.889211927427812,0.0,CAF
-116.5945615244382,12.211152352266097,0.0,CAF
198.11457738292754,20.298804304430803,0.0,CAF
-106.75947572568295,-154.49321871277627,0.0,CAF
117.80393079949559,158.95397365121565,0.0,CAF
193.9369872791837,-27.8056501204808,0.0,CAF
-2.7234561110690354,163.8478494729508,0.0,CAF
83.9884410087288,83.3232804256845,0.0,CAF
94.13810616919717,34.43994333380691,0.0,CAF
34.24933473602295,61.75791948843778,0.0,CAF
130.43209159265243,66.32220051045326,0.0,CAF
27.64618714975774,-48.04438493389731,0.0,CAF
-164.82303778169128,75.09701146738306,0.0,CAF
183.26329731483762,-20.927245690851827,0.0,CAF
47.959294353849074,87.65841862051299,0.0,CAF
-69.85465260789701,-85.3488856578657,0.0,CAF
45.15878640220152,-155.2996932772876,0.0,CAF
-174.2240471442333,-73.58008008269488,0.0,CAF
-153.56716763168814,-102.93623563301587,0.0,CAF
-170.68709785439898,-59.76313293021825,0.0,CAF
-78.37601040194258,-52.674184212266184,0.0,CAF
-44.32672244390503,156.60823889661003,0.0,CAF
39.34651717921283,117.74103093368478,0.0,CAF
30.350383029711416,62.557727803922944,0.0,CAF
63.20713361421202,-115.09490679495754,0.0,CAF
-84.34376791575833,130.27459194239808,0.0,CAF
-167.97851497637197,-64.5762767077703,0.0,CAF
66.26623675176346,-5.865041462094933,0.0,CAF
-89.93179910786421,154.96118449726586,0.0,CAF
-56.415218649632884,26.716236312662712,0.0,CAF
104.46531766593152,9.117404248668311,0.0,CAF
-125.73150476755623,-58.9845754663125,0.0,CAF
66.91931784050763,40.4868105241436,0.0,CAF
23.470658929988627,-141.9454055383422,0.0,CAF
59.8260830468128,57.608296216776445,0.0,CAF
-2.0927094495442122,-196.16874528944052,0.0,CAF
73.80513260676032,159.3980644374373,0.0,CAF
90.60079635865583,146.49161942208434,0.0,CAF
22.731475320464355,-21.854672578719573,0.0,CAF
35.78977473437972,141.2553215354531,0.0,CAF
-59.38072903448269,150.64945661353988,0.0,CAF
-12.195401192157851,-74.61631599103987,0.0,CAF
-20.148195990558225,37.195457040977125,0.0,CAF
-171.31151546801712,59.00400861210452,0.0,CAF
-121.88098473613199,117.32457088573811,0.0,CAF
-62.27842130707405,115.42264561265318,0.0,CAF
75.55342641166574,-75.42362103317228,0.0,CAF
11.488588916864598,-61.68202817294598,0.0,CAF
-39.2332775987356,153.63470976893905,0.0,CAF
-148.86426171327636,-12.639114246951875,0.0,CAF
-154.0568814144812,0.231189775557457,0.0,CAF
-14.568050380662239,148.28165524183464,0.0,CAF
-157.37507747455965,-73.10774867557741,0.0,CAF
-7.244320184451466,168.3725285058339,0.0,CAF
4.639169773105116,-147.9308749935636,0.0,CAF
-51.53133738932398,-13.243909364824159,0.0,CAF
99.92532184209989,-12.465538875764327,0.0,CAF
20.87783368238202,153.76359182025055,0.0,CAF
61.76550674716844,66.57481394029637,0.0,CAF
-119.59815012024157,39.33560191701557,0.0,CAF
58.813499778094354,-48.659762947670586,0.0,CAF
6.507922978603782,192.11814971632612,0.0,CAF
-25.14501631500749,-6.553222787261863,0.0,CAF
88.16438126500228,-152.64733741357895,0.0,CAF
121.5535347710372,-137.16647891679912,0.0,CAF
128.5831770943947,51.1759317505053,0.0,CAF
-72.73235520698032,174.75412073769382,0.0,CAF
-144.73556176361507,112.26177162562591,0.0,CAF
-28.23811345179282,98.31959879046452,0.0,CAF
21.66680601963604,-188.61194907890206,0.0,CAF
67.3165152763656,-91.84304104523797,0.0,CAF
57.289347615112376,-176.8226009442481,0.0,CAF
-114.10819241391782,85.33967144147795,0.0,CAF
-158.28660539182738,51.04117501878959,0.0,CAF
138.83710433030433,-96.73179913350445,0.0,CAF
-194.24115542962554,3.477641552526539,0.0,CAF
112.13563433364838,74.63328676916461,0.0,CAF
43.20180931087385,-125.93316605483035,0.0,CAF
-100.30896581649795,153.24663447255068,0.0,CAF
33.191665484663204,-139.81677669503617,0.0,CAF
111.96976050021101,35.472502801710014,0.0,CAF
-104.75937932428766,-94.63350737894253,0.0,CAF
-117.90209234491238,-24.19863317444139,0.0,CAF
-78.11430803438753,48.878981358496766,0.0,CAF
-73.86084790979224,154.5940566795833,0.0,CAF
191.7355655356582,-11.305970544051492,0.0,CAF
-45.625515822025235,12.510721094355963,0.0,CAF
176.43960352921218,-29.081600793425665,0.0,CAF
3.8922529119750995,89.00007242288143,0.0,CAF
-14.781565344625827,-149.39877766600281,0.0,CAF
121.82840916327532,129.8492507166853,0.0,CAF
171.97155329026387,-35.186073040509676,0.0,CAF
22.993234448324497,124.01977183328533,0.0,CAF
98.22555791903505,121.5317635245206,0.0,CAF
-92.70810594473534,2.9558410154308623,0.0,CAF
-126.7158958699432,11.30350887744545,0.0,CAF
-128.33239736209538,135.44887069589626,0.0,CAF
-29.311987866349575,-112.04389353705129,0.0,CAF
167.19695093100106,96.2487432264128,0.0,CAF
-88.29954012921887,36.8259909823648,0.0,CAF
19.745082237240073,-129.79470213468102,0.0,CAF
174.4795720282516,68.35735739893903,0.0,CAF
-140.99297942341866,-128.22198347967074,0.0,CAF
103.66678510139414,140.87470675527666,0.0,CAF
146.60865752960143,102.39084204311057,0.0,CAF
-135.10338149902415,-59.04702005466009,0.0,CAF
110.82399504150861,-81.62148357795527,0.0,CAF
-97.90296954162761,-127.96359911405797,0.0,CAF
-68.37058661783915,166.70787067886693,0.0,CAF
-155.4807114981261,90.23042589090777,0.0,CAF
-174.86694637087956,-24.258843790182063,0.0,CAF
14.16753497871991,-135.3249174571575,0.0,CAF
-58.535391261277105,-68.432594522425,0.0,CAF
28.56653912987577,-16.2333992036327,0.0,CAF
194.45256729865454,-13.507738599847736,0.0,CAF
-88.83011749110958,-1.9168172713285732,0.0,CAF
103.52148171265614,138.5487914619015,0.0,CAF
120.99227184745862,-36.84906370650996,0.0,CAF
125.57404033977123,56.147173560283015,0.0,CAF
67.68077089497537,-153.22348493583814,0.0,CAF
135.18934929147957,28.274666325581553,0.0,CAF
-43.71726737626653,16.314887131392073,0.0,CAF
136.85716811745914,-106.6030325510614,0.0,CAF
-72.67463384912834,-107.50158515267024,0.0,CAF
64.30582456593586,-133.77570647863556,0.0,CAF
163.64068546785413,112.31143565808797,0.0,CAF
-127.92935596015744,-5.40554118081015,0.0,CAF
-79.11883708518398,-151.34041828045974,0.0,CAF
69.01866733269179,-134.21732210771822,0.0,CAF
-36.15008958811219,16.195731115045405,0.0,CAF
60.96618457094352,72.39071515174274,0.0,CAF
-37.40201054751599,-42.00577217766107,0.0,CAF
-29.182969393167877,-163.79153570875513,0.0,CAF
-45.09493619009317,-39.72614524773412,0.0,CAF
-110.68408499152052,76.1685790549687,0.0,CAF
-94.4783879871568,98.73942364016916,0.0,CAF
-103.78056084241338,-16.68550582930635,0.0,CAF
135.75848744019706,-17.150336525568765,0.0,CAF
65.4207367525385,-38.640780909306315,0.0,CAF
-27.835725415865394,31.331161944637095,0.0,CAF
92.8774928983752,64.19004900907453,0.0,CAF
-56.03119432542278,31.143424656009124,0.0,CAF
74.535739062231,-128.47475040487484,0.0,CAF
80.31050208839787,86.9442998502013,0.0,CAF
-17.414364115358936,-35.5505118145447,0.0,CAF
170.5070629641277,60.93065728208232,0.0,CAF
-17.160521146950053,-123.39283421612578,0.0,CAF
15.505716037685007,-118.038448908552,0.0,CAF
45.92745291266933,-110.8895948332084,0.0,CAF
-154.20913671509024,-65.14452587019166,0.0,CAF
95.04911843892866,-62.86280772177926,0.0,CAF
-185.46278826816953,69.12933111792358,0.0,CAF
-33.33334733258475,-37.165060897938716,0.0,CAF
-112.21478148304419,-164.66624773314084,0.0,CAF
12.0844949754796,-138.7515864062245,0.0,CAF
68.92385677162243,-103.15744678644842,0.0,CAF
-109.4504221325177,-120.63160403363479,0.0,CAF
63.85995857614009,-156.01391052462023,0.0,CAF
-70.91298307275763,-54.346725487691785,0.0,CAF
56.56485830217217,17.568241316744658,0.0,CAF
-88.76595455961838,-56.35266770060525,0.0,CAF
-101.5355927003174,103.9152523537563,0.0,CAF
-144.31704499911902,-114.647259593643,0.0,CAF
-163.22290342193966,67.08628301587453,0.0,CAF
-77.28949345113224,132.4714839587302,0.0,CAF
-2.6536018316797936,7.6884825195177,0.0,CAF
-116.70229582203834,-5.978508732176165,0.0,CAF
58.903311830674305,128.65308066803982,0.0,CAF
106.5258285963642,-4.232988074499655,0.0,CAF
-75.01754562352323,-19.986568707636216,0.0,CAF
128.79278070966825,132.77059322459428,0.0,CAF
159.5173182406397,25.575931310237465,0.0,CAF
-155.09816408569202,83.2253653666689,0.0,CAF
-73.55922470779188,131.91575154522062,0.0,CAF
-74.63339936767149,-71.65580721891183,0.0,CAF
-46.3420541869175,0.9056558333936346,0.0,CAF
-79.79167112961026,-119.22157883446378,0.0,CAF
-126.70929214875734,94.32679343756082,0.0,CAF
-99.24505156129472,-110.23430819813034,0.0,CAF
148.54789653500168,52.708238479729,0.0,CAF
-56.16155278683428,-7.856474527428946,0.0,CAF
74.48701681911757,-51.06122296380262,0.0,CAF
173.08337472575917,92.67865079536317,0.0,CAF
-55.26950669874397,164.26901282093618,0.0,CAF
18.309760542012665,116.66038489537755,0.0,CAF
-149.39081255448437,104.1325068251441,0.0,CAF
188.6226685027772,51.93996055961703,0.0,CAF
100.96793845208694,-114.8401081490246,0.0,CAF
44.12358893397373,-151.90055156791234,0.0,CAF
-40.10524988245489,155.18254758029258,0.0,CAF
-152.51208787353426,-48.02871057673398,0.0,CAF
-145.0491715580505,74.82105313316723,0.0,CAF
51.66381988682339,43.02700494528848,0.0,CAF
117.1084516707189,1.5634138906140873,0.0,CAF
-172.22934318654285,-12.037241558211734,0.0,CAF
36.94819761097696,-109.44109343160524,0.0,CAF
91.45511760731401,-38.0119467882703,0.0,CAF
41.61753512829524,-47.71248569316685,0.0,CAF
-75.76244440470448,-71.7547260268442,0.0,CAF
123.737271791047,-143.8447469788368,0.0,CAF
-88.86444808545167,-128.05075621502777,0.0,CAF
2.688467114715369,177.1244791745337,0.0,CAF
47.492969259579525,-37.8518747140154,0.0,CAF
7.863692675894572,152.75970387403945,0.0,CAF
62.85102372451043,163.09381634575982,0.0,CAF
149.00888475064426,121.8930762074364,0.0,CAF
82.89055943853577,-165.26654252878015,0.0,CAF
-27.857613327818537,112.07337112720414,0.0,CAF
-10.337491013079257,104.6890251921271,0.0,CAF
-29.6467900867703,-153.06458481775653,0.0,CAF
-114.60385093281522,95.81039518963819,0.0,CAF
-16.891506494799195,-178.02722587129364,0.0,CAF
2.523791482679877,165.79203717903772,0.0,CAF
132.45576548285152,-124.25744135526233,0.0,CAF
-68.7861030874464,-105.57866154008475,0.0,CAF
42.307945409030694,-74.86784841150498,0.0,CAF
23.22937255440016,146.63887429325902,0.0,CAF
-58.42449723831227,-64.95278292955358,0.0,CAF
-127.77612210582058,114.9212606187508,0.0,CAF
-27.236007900285706,-152.70654648683586,0.0,CAF
-135.95014026945827,-69.41058696311724,0.0,CAF
182.26530551534265,53.78436970257546,0.0,CAF
-166.5772849376353,68.30750533188262,0.0,CAF
104.06185208713836,-96.13396973332317,0.0,CAF
177.47361836513684,-39.44297940380201,0.0,CAF
-4.862213160431264,140.48953257887777,0.0,CAF
119.97049613183276,26.153833035840904,0.0,CAF
99.40769626641243,48.29921077675266,0.0,CAF
124.76397491828641,28.642307630210365,0.0,CAF
163.537704180171,7.046230004824341,0.0,CAF
-66.01422293499819,124.01352691800501,0.0,CAF
-56.43859649710347,41.94726196081238,0.0,CAF
-10.159335740761012,-68.01371846105121,0.0,CAF
-120.43321163528259,152.5386095405827,0.0,CAF
-177.5651213332441,-1.680952569642445,0.0,CAF
60.89214513916209,169.0765692398336,0.0,CAF
-14.28107065162068,107.98711237039895,0.0,CAF
105.45030657226893,29.042174899721676,0.0,CAF
35.71354220079655,-122.21554467922569,0.0,CAF
-129.31738229479492,-23.35492220092078,0.0,CAF
82.64540290863671,155.79562897160264,0.0,CAF
-120.71220342681434,-69.79338302021796,0.0,CAF
-173.16499952987508,-38.609497777436765,0.0,CAF
148.8354928094714,20.251857757070287,0.0,CAF
90.77940642186692,126.8547805486974,0.0,CAF
-54.53138468529624,-7.120115546153531,0.0,CAF
-176.52058292030884,-31.07109353415213,0.0,CAF
87.30504715484092,-23.262963188213607,0.0,CAF
-83.29313196698547,-78.75708272962675,0.0,CAF
86.59248782957572,10.421233981543155,0.0,CAF
-8.263927761548732,-77.67936158514861,0.0,CAF
-56.24171627811833,-130.11987560002848,0.0,CAF
15.388044962232327,146.87738082014496,0.0,CAF
107.58204463551196,-87.46916952041079,0.0,CAF
-64.50365291838696,154.75658315235722,0.0,CAF
192.5717208178036,-52.64781743535571,0.0,CAF
186.6701348104325,-3.7889609292910724,0.0,CAF
72.54422587102154,147.20427533510156,0.0,CAF
-181.27054831994053,-54.25616695699714,0.0,CAF
-122.75492585267965,-142.82364961397408,0.0,CAF
110.42854628936513,85.00680623624011,0.0,CAF
-143.52851011323443,-55.78818353968164,0.0,CAF
135.8964728362527,62.363165337132465,0.0,CAF
-137.45067824531537,28.944575367980917,0.0,CAF
-179.82485261162736,-63.07341527022688,0.0,CAF
61.639381896722526,-72.6087986134317,0.0,CAF
-7.688679813273313,30.525884641262696,0.0,CAF
32.89133411710129,-1.73829271882029,0.0,CAF
-30.521937347466,-121.44684463983201,0.0,CAF
14.905179167502217,-47.578970053674304,0.0,CAF
-24.973385399720037,22.521409454765724,0.0,CAF
-59.16706708349454,-153.54835503966925,0.0,CAF
-59.154868161797864,-31.505524870884965,0.0,CAF
-44.53004565970789,99.44678033157797,0.0,CAF
-52.061932583345616,90.09579626019018,0.0,CAF
11.5855853670769,102.55587049888544,0.0,CAF
0.9626943338987876,178.7062393597945,0.0,CAF
173.54409424335248,-81.90058564999696,0.0,CAF
13.752591200055607,54.505108849909846,0.0,CAF
105.68362464290175,125.26719799829972,0.0,CAF
-173.73309209174835,-62.49007416944409,0.0,CAF
54.39845638162771,88.20596570000428,0.0,CAF
106.30531010910342,2.7591682042822594,0.0,CAF
-149.0350342508948,16.76257306568159,0.0,CAF
-61.25514847949571,-134.48390740995356,0.0,CAF
-78.86093683864583,-108.78696268044716,0.0,CAF
-115.45979409779402,-79.55395685475426,0.0,CAF
-141.96997415811853,-41.80785403695664,0.0,CAF
-7.602115801089962,74.92156378826189,0.0,CAF
-33.74014681134459,81.71975162744586,0.0,CAF
-9.878020895628616,98.3503975678836,0.0,CAF
30.417768464157874,-35.47168780764642,0.0,CAF
-149.55120392273201,80.27120936996108,0.0,CAF
140.91025046899009,123.25710192635245,0.0,CAF
85.5380833452653,82.30598696828207,0.0,CAF
78.21996572493262,-104.48441276856792,0.0,CAF
57.456206657999466,26.59878124238324,0.0,CAF
-96.66359426723417,152.67413750142123,0.0,CAF
48.84137320776755,-100.15914795650019,0.0,CAF
-76.10997881501994,-71.14423626056832,0.0,CAF
99.15729752815292,125.62191162693644,0.0,CAF
93.65394691975123,48.39618349690298,0.0,CAF
36.005755194310474,37.42685869567014,0.0,CAF
44.94734603996724,-81.98522507509672,0.0,CAF
82.7421220974267,173.16123387072946,0.0,CAF
-70.8527383073736,-160.1705282198693,0.0,CAF
158.36826654582438,-4.387925424900534,0.0,CAF
-15.18877343465643,95.8785146052014,0.0,CAF
64.95696192402366,-96.84882896477976,0.0,CAF
128.37119073547024,70.56177086320035,0.0,CAF
-27.12011292331787,48.30550904148611,0.0,CAF
15.292845606983706,102.1074275442656,0.0,CAF
118.85530503879131,132.23898376859898,0.0,CAF
13.530528673686083,30.84080692608459,0.0,CAF
134.37093869240158,79.84360428945097,0.0,CAF
52.17407960556879,182.0959776352548,0.0,CAF
-44.79528552793543,-74.14554411328115,0.0,CAF
-121.84705768296803,11.956650245496414,0.0,CAF
82.46920689452143,60.357604245350515,0.0,CAF
-30.119200275648048,-94.06229086735193,0.0,CAF
-108.70436873267425,49.287143337943746,0.0,CAF
-155.24321383179293,-35.165323002158814,0.0,CAF
-29.372251843100766,144.4982756989153,0.0,CAF
-121.79692165970484,45.042985162107186,0.0,CAF
153.36833374784152,-13.893183879962125,0.0,CAF
-92.76639819877153,65.77501239290439,0.0,CAF
-38.72335626205397,-163.0736254270919,0.0,CAF
56.088458807950786,31.40464528990065,0.0,CAF
171.70605089903995,12.625631223856937,0.0,CAF
-60.14674321902672,-111.91995705753091,0.0,CAF
-10.966062513440384,-51.26929791857112,0.0,CAF
0.12566414655934838,190.14713980210652,0.0,CAF
15.229356973189628,-14.805561744118013,0.0,CAF
38.37537574529016,-25.07538075901495,0.0,CAF
30.037766393248745,-7.943955677588653,0.0,CAF
122.04566717359774,110.1347187951283,0.0,CAF
-146.10000196169963,-87.70205041072852,0.0,CAF
47.804554853289936,-50.21080173918136,0.0,CAF
117.79923202840612,72.28515566734494,0.0,CAF
-187.8992872506454,0.7596468596009307,0.0,CAF
-89.7938157380719,168.39755210692383,0.0,CAF
84.50357552615043,-179.8099141622595,0.0,CAF
149.7539887654112,-128.05261255350354,0.0,CAF
124.61752470930692,-110.56545350424538,0.0,CAF
-105.8267748177566,-44.35267370514213,0.0,CAF
116.2923866468314,23.715501605133213,0.0,CAF
59.17951407174566,72.9329475021405,0.0,CAF
42.5592215598681,-47.91781120195255,0.0,CAF
9.431519256512514,82.48983572445816,0.0,CAF
-19.778704467699786,-89.62765712908995,0.0,CAF
-81.00018349279625,57.30167712479775,0.0,CAF
-39.847479787810705,17.171464421274838,0.0,CAF
-74.33684308232495,-7.175419366104126,0.0,CAF
143.90812287583967,55.856662497100295,0.0,CAF
37.88685385782444,-78.9390458408082,0.0,CAF
-154.05055034026898,-112.43330046792761,0.0,CAF
-38.50653468002285,-193.0122759176986,0.0,CAF
-84.24826364628095,42.346534750220755,0.0,CAF
-186.59391994181328,-42.58890459675414,0.0,CAF
-41.40652241701259,-194.89458531926527,0.0,CAF
30.361044471801094,114.36360793206805,0.0,CAF
132.42530612014215,-102.55365637391745,0.0,CAF
36.59139983697764,22.126533177370135,0.0,CAF
86.38681002346064,-38.04865200489232,0.0,CAF
-117.18983721647774,48.51448901305612,0.0,CAF
111.77815350101672,-161.58668870804647,0.0,CAF
-49.913756237801074,188.06722906928022,0.0,CAF
86.54277282291474,-172.30338212325924,0.0,CAF
3.093113849450397,163.17404235862966,0.0,CAF
-43.12346227100605,25.95605717223206,0.0,CAF
-14.698650907182019,64.59682865099266,0.0,CAF
169.5146497999173,-17.759315442263006,0.0,CAF
18.358588644855686,105.48614977742969,0.0,CAF
22.90713032101827,198.49435943788268,0.0,CAF
5.968146004375579,-139.68182966016212,0.0,CAF
-35.59391260856684,-114.93620639808181,0.0,CAF
-139.31126301670406,-5.808350088950082,0.0,CAF
175.74023267314976,59.582339285131035,0.0,CAF
-25.42738919965381,145.13042770840912,0.0,CAF
-122.95222397309148,61.88086208108549,0.0,CAF
-127.20651628198546,107.31791149330908,0.0,CAF
-43.76310239213774,136.9329200574831,0.0,CAF
-178.2480012420064,61.042120486285725,0.0,CAF
-7.5528735286942865,2.072916841030532,0.0,CAF
5.648243204701094,-90.8842656039575,0.0,CAF
61.23554829478406,127.35049294102896,0.0,CAF
-60.62505339063905,175.39787397509127,0.0,CAF
-191.65323583477203,53.00036701107726,0.0,CAF
114.94702387599823,41.74382854426421,0.0,CAF
70.864296805694,147.20267255434297,0.0,CAF
-61.226363960706266,164.8075010196426,0.0,CAF
114.69602857309816,-135.88508557390003,0.0,CAF
-55.71769050550934,-44.28667697075968,0.0,CAF
-55.99461433395616,44.23196762433054,0.0,CAF
168.68950943806206,-105.59624860575495,0.0,CAF
-98.48762519844904,-25.61605362230124,0.0,CAF
-44.26192337961865,125.32143903475226,0.0,CAF
-86.85619127004107,-48.53509352649437,0.0,CAF
-145.3536289766344,15.409546786660687,0.0,CAF
168.77956068494362,-83.70644993592175,0.0,CAF
-10.437232838878938,96.97265373431156,0.0,CAF
113.71510718361307,-120.95600758194368,0.0,CAF
-58.33513705053541,114.41346245105001,0.0,CAF
42.23470636299743,162.421264170713,0.0,CAF
-1.5967042303307324,-118.2050656357425,0.0,CAF
-58.21110506459015,43.29513645825981,0.0,CAF
-2.551596397718323,-127.13254349746008,0.0,CAF
-121.62468411939717,-148.79536922720123,0.0,CAF
-51.83804271662086,182.65212660242065,0.0,CAF
-92.34489585692332,124.37080799556804,0.0,CAF
-14.539572655551336,87.73356482540372,0.0,CAF
143.28404630580462,45.45762870468046,0.0,CAF
-181.32747128301878,-22.490586779977047,0.0,CAF
-25.450418474673892,66.00026606301647,0.0,CAF
-122.21836666505376,-148.00111514996473,0.0,CAF
65.91186637618812,-12.296723003810584,0.0,CAF
-79.25086884989179,-63.76508035338175,0.0,CAF
-95.10375957941736,38.13476095312785,0.0,CAF
-129.81942406330802,-79.51587392491828,0.0,CAF
82.0383376555223,-84.71507930806575,0.0,CAF
-30.17558222397152,76.74182262500365,0.0,CAF
35.24998222763938,161.58544991767653,0.0,CAF
26.544695345497477,120.46884799369282,0.0,CAF
108.48823075981579,-55.74067339736974,0.0,CAF
3.635602485258947,198.70047054901764,0.0,CAF
61.687099877449015,149.17565953941462,0.0,CAF
-8.550921886955564,-88.13372744687328,0.0,CAF
162.19688183608818,-16.544835852119185,0.0,CAF
62.95675775681576,-6.783096830705005,0.0,CAF
139.09167960985485,-3.6791922575806026,0.0,CAF
-77.51670764687357,-132.69361568997473,0.0,CAF
-118.06854957101605,87.23192081057861,0.0,CAF
-37.65424634660978,-160.39043796315698,0.0,CAF
41.04274023330408,-108.9442855986154,0.0,CAF
173.63823001888912,-66.52364499038588,0.0,CAF
-55.94947389625436,-175.9098395468288,0.0,CAF
109.23201213931529,-33.408451120890376,0.0,CAF
24.77632427578891,-142.2686449758019,0.0,CAF
-119.05399072601519,-110.11367290933103,0.0,CAF
-84.16800903302446,-23.753554841969738,0.0,CAF
43.37752126258626,-141.12393135074828,0.0,CAF
138.4091513473929,88.77708287985844,0.0,CAF
48.19517857736728,108.89209440142027,0.0,CAF
10.638032848353076,92.90142513186629,0.0,CAF
-182.44711017142023,-33.043696694148736,0.0,CAF
-41.191049036881765,-177.9437995915451,0.0,CAF
-12.505268981542066,-125.04321293099672,0.0,CAF
-32.73733360949983,54.41450357281426,0.0,CAF
-25.493295836157117,191.78217751741013,0.0,CAF
31.037309112149952,-81.25401305254672,0.0,CAF
-158.4457657992138,6.584654173766947,0.0,CAF
-133.66282444795027,-63.536773011177935,0.0,CAF
-83.13842424383851,13.760173783957375,0.0,CAF
-76.39436554692608,-119.29210170599292,0.0,CAF
-100.95871213263747,-34.03626526495436,0.0,CAF
128.83808815126451,-62.502991334707474,0.0,CAF
162.61531714864535,69.50700889484891,0.0,CAF
-111.81590090943635,-66.8712836799403,0.0,CAF
135.90039267297914,139.34369069843223,0.0,CAF
29.276844712412448,-66.43732668871195,0.0,CAF
175.01719714929447,-27.953612862002522,0.0,CAF
-16.37976098706103,-105.99706009746225,0.0,CAF
-23.513767362463366,71.70213827097082,0.0,CAF
58.0093878456095,51.22578816307125,0.0,CAF
-37.06562911860461,183.30278399362848,0.0,CAF
2.6581517339018212,-31.328553565209088,0.0,CAF
20.577613652799243,-191.6325247120526,0.0,CAF
-182.33453652099786,49.736747076345644,0.0,CAF
22.52919106564349,-145.94472770889803,0.0,CAF
105.05942868651465,40.17973583219371,0.0,CAF
-36.76129735652477,184.73541861740708,0.0,CAF
-54.874572439378404,52.22934904081488,0.0,CAF
141.3200851810627,-132.79640501454605,0.0,CAF
-47.38399998020125,-86.8732677528516,0.0,CAF
-3.5272401289959383,-51.854107796325636,0.0,CAF
0.22241273315555568,-143.6024862212863,0.0,CAF
152.87975285928414,47.27160581393391,0.0,CAF
116.25479314892236,108.54383194598921,0.0,CAF
188.42705782010867,38.14717620294705,0.0,CAF
107.97854944642262,20.84385900738377,0.0,CAF
-7.4569076586304375,-185.3194735556782,0.0,CAF
-4.238473285754409,11.903715471938513,0.0,CAF
-29.249263658688225,-9.303268896281821,0.0,CAF
-91.46810712827099,113.54942643107077,0.0,CAF
44.15417879459527,118.78601645088678,0.0,CAF
7.4729224805980605,52.65487178350692,0.0,CAF
-35.64126314493564,83.83969432291451,0.0,CAF
44.36967270839366,-86.92202859585205,0.0,CAF
-34.99062475274716,191.96787091768687,0.0,CAF
45.260298270316184,82.17497412791347,0.0,CAF
-41.84835489986672,-153.3891266017628,0.0,CAF
3.456130031742278,6.936524857889039,0.0,CAF
-62.261960789538314,182.162236805902,0.0,CAF
51.820637595860674,60.41047526000504,0.0,CAF
-47.700532309096424,42.633213520281494,0.0,CAF
27.638127439861176,-40.05764464539592,0.0,CAF
59.01470984342124,51.07706321232547,0.0,CAF
-110.3496033304571,114.5663825136657,0.0,CAF
60.48679454064735,101.52409901559838,0.0,CAF
123.3899427887347,61.55334984234364,0.0,CAF
-9.009315778139761,144.20603404173195,0.0,CAF
105.11229230033229,29.968667556146244,0.0,CAF
193.82815893235795,-7.7542398514089985,0.0,CAF
188.77515809774346,-43.716529967192926,0.0,CAF
68.28295356588644,16.778398970870352,0.0,CAF
-43.935036552045574,3.672349057963194,0.0,CAF
-6.683274428084298,-15.818696107112508,0.0,CAF
-134.25916910698334,-63.04628280217659,0.0,CAF
-103.1940534285061,-102.86592908818763,0.0,CAF
-23.42427939158907,47.31789833353754,0.0,CAF
-145.0642537390011,13.050727451631964,0.0,CAF
-70.26703046802761,158.1353164824003,0.0,CAF
-182.54524996760168,-30.959622393626656,0.0,CAF
-4.3094064240199454,-9.378200057393043,0.0,CAF
170.14627864913143,-8.543057687697583,0.0,CAF
57.7826486830639,154.11867698461782,0.0,CAF
66.74536697701141,63.101901948122254,0.0,CAF
-132.48654554686806,77.6981167914045,0.0,CAF
-68.65677164713689,-151.2373256629754,0.0,CAF
-87.36745656284252,-31.245090447391625,0.0,CAF
23.975214338487543,-174.32418536768887,0.0,CAF
-119.55775125433551,25.84606543199842,0.0,CAF
-177.3429807222983,28.601755785587926,0.0,CAF
-11.861068537444165,-85.2404401825602,0.0,CAF
-167.78026958113,62.35472755680522,0.0,CAF
85.4628143880586,-75.85649928037435,0.0,CAF
-45.057099769232714,-185.9274757647786,0.0,CAF
137.86334610821078,-32.68356775081431,0.0,CAF
-45.52139503146129,150.15815083510998,0.0,CAF
-53.27674156014771,-145.63680787470688,0.0,CAF
-112.4495614659285,144.84775973295956,0.0,CAF
-174.36527395641232,12.713415364341888,0.0,CAF
56.11671077031719,-152.62285755696576,0.0,CAF
2.0393529159114236,-159.9564479564984,0.0,CAF
-40.39645392526413,-14.930082745233001,0.0,CAF
-131.02227350085823,6.771434596333531,0.0,CAF
-97.96343186011465,56.48458556407559,0.0,CAF
39.74456243104618,7.955647697561311,0.0,CAF
188.251303518124,-67.11612943995956,0.0,CAF
-134.73102084508247,28.55661287982471,0.0,CAF
97.31065254153279,-48.04411399792944,0.0,CAF
-126.06755434736573,-47.23775807953804,0.0,CAF
-65.47428811588922,-13.092125281716205,0.0,CAF
-143.42201801654383,-11.121709757427068,0.0,CAF
61.32886764231342,20.25570662910754,0.0,CAF
108.26279831091412,-7.297941804199946,0.0,CAF
-138.3354560267364,-55.58889195081098,0.0,CAF
-0.19383166834549492,157.74561916889675,0.0,CAF
-24.116606958628747,-36.80834101285815,0.0,CAF
56.42555302790183,-52.784868474731034,0.0,CAF
128.6735973890495,-38.613362617805045,0.0,CAF
-179.12554792636266,26.599050393941475,0.0,CAF
-79.31575021639738,-32.842322516886355,0.0,CAF
-142.2832577244938,10.845523593186996,0.0,CAF
-139.21841735582598,78.2049732205351,0.0,CAF
-172.62844139690213,-23.138031622478326,0.0,CAF
122.92021430359779,-29.935243298936115,0.0,CAF
-165.74734528232727,-18.648829073269756,0.0,CAF
-100.77757354483231,-154.37113555131305,0.0,CAF
-99.08207512557328,-89.89640083890961,0.0,CAF
144.0988643542195,-12.593978720514762,0.0,CAF
151.7469005662309,72.97352791378131,0.0,CAF
-117.09713590817125,141.33340284509094,0.0,CAF
149.11125904499994,108.94486127205028,0.0,CAF
28.29198717973051,-192.90440555379283,0.0,CAF
98.49716207138671,-142.54967268264198,0.0,CAF
-70.31421246822909,82.78760713064666,0.0,CAF
26.543636598403996,-110.89956976153877,0.0,CAF
115.51244538116079,-150.60057273342707,0.0,CAF
-106.66013365960909,135.1382588518654,0.0,CAF
-42.54039596201246,143.1405718312689,0.0,CAF
29.529241756683927,64.6954920526306,0.0,CAF
98.70060939471935,72.62792686535876,0.0,CAF
-179.4502107126131,-56.07007149047743,0.0,CAF
-14.88845952614875,109.50408232760869,0.0,CAF
68.40823172910653,-69.96584173789957,0.0,CAF
-141.66022076826664,23.728936279567836,0.0,CAF
115.52666409233164,-107.12855139630281,0.0,CAF
-33.86304049610719,-184.95091918223446,0.0,CAF
52.347623488298375,-85.46807474582927,0.0,CAF
-88.37038103463355,-97.7500959670338,0.0,CAF
-27.207743341838924,14.886500042663796,0.0,CAF
141.17388254747476,68.30455878898533,0.0,CAF
-42.38000591229299,-161.15642258608378,0.0,CAF
-75.81417716617584,-106.68061683587756,0.0,CAF
4.233687087719302,-182.89925465061506,0.0,CAF
-138.28415161083092,-107.8810594496151,0.0,CAF
-148.09485704776034,-83.11683141956095,0.0,CAF
-41.202460151576986,-62.925744707464524,0.0,CAF
123.91554454149271,11.080076571607746,0.0,CAF
-75.77490243813934,29.677002159515713,0.0,CAF
23.367409834133838,-128.1445475918111,0.0,CAF
90.96141848856331,58.580194482537664,0.0,CAF
9.851586896323406,-70.88798567504988,0.0,CAF
185.43310912872775,6.176067421347377,0.0,CAF
-147.88062760528072,-20.284042162449804,0.0,CAF
-61.86770089558899,147.94334315167762,0.0,CAF
159.41774453602997,-32.18706589850043,0.0,CAF
126.12029046070784,-115.03198164569952,0.0,CAF
168.78690912870948,62.860293880238,0.0,CAF
-54.53748739836996,130.1511497680901,0.0,CAF
46.24775723001004,-186.1438757051977,0.0,CAF
-86.44977892434275,59.9286593150089,0.0,CAF
165.56739483255177,6.770001842063339,0.0,CAF
44.80810874656858,66.50994907111486,0.0,CAF
-25.916593014468067,143.17907291636277,0.0,CAF
-154.3422712113392,97.42519854735387,0.0,CAF
-65.80147340859433,87.2293243369121,0.0,CAF
151.3455964973414,-88.74997262491236,0.0,CAF
-86.39120563292883,-45.94374501619501,0.0,CAF
132.1827097875821,76.73318381446192,0.0,CAF
-18.272287046019873,79.20310901626871,0.0,CAF
-4.543824539246158,75.33437708180422,0.0,CAF
-101.79841198252684,114.76676169800452,0.0,CAF
173.7095920791177,-88.50845560691151,0.0,CAF
160.54586467392963,-3.9080124270378622,0.0,CAF
160.1694152754463,-94.8194724208786,0.0,CAF
-105.77971314465805,55.59352284716927,0.0,CAF
5.948366934274438,61.297938744288054,0.0,CAF
58.35408337108919,-88.13018200611735,0.0,CAF
-68.66656010853598,-92.37292572676739,0.0,CAF
138.13343323204222,-35.887515269653626,0.0,CAF
77.2795589384358,86.50236216540536,0.0,CAF
-28.63755967471192,48.0206283879842,0.0,CAF
106.14108401554921,-69.76857638249946,0.0,CAF
36.22797226817693,49.706629819101636,0.0,CAF
-115.45352289073855,-104.20559897441692,0.0,CAF
-177.93979395644442,-64.03419999706435,0.0,CAF
-1.3795154440813757,-163.32599511879016,0.0,CAF
123.30108152736278,22.341019375918734,0.0,CAF
5.895194304319331,31.32292674211624,0.0,CAF
181.3640631899705,-27.82465478798626,0.0,CAF
-157.1448085885508,78.14736040053312,0.0,CAF
-131.9188427904051,74.24294454605447,0.0,CAF
-157.53036221021765,89.64191741938482,0.0,CAF
-14.675108851324241,184.1145796290176,0.0,CAF
-3.426701094722167,120.19077885408744,0.0,CAF
48.095391370122336,43.436418364423375,0.0,CAF
117.40551173218202,89.46382916666079,0.0,CAF
93.35781878241306,-56.869842432368685,0.0,CAF
93.066347814508,-164.0958454875457,0.0,CAF
-9.221185939684966,149.63576329330922,0.0,CAF
-69.50917648624646,118.3829779074361,0.0,CAF
-57.07280447314596,82.50724499060998,0.0,CAF
-84.32310339150308,89.06205544335592,0.0,CAF
15.707194800781588,35.71685668427019,0.0,CAF
-35.647908957630776,-158.35421858277317,0.0,CAF
126.01476435456495,-80.35895573002905,0.0,CAF
61.25429980323298,-125.97116995165369,0.0,CAF
71.34276641533177,158.6697565859777,0.0,CAF
95.6276714694097,-170.65828452283037,0.0,CAF
-131.0903088574611,-78.57447924065546,0.0,CAF
154.34345474209894,12.560525930209495,0.0,CAF
32.36125059860933,74.7032427861217,0.0,CAF
8.829847372745226,179.8989198684171,0.0,CAF
-123.78188132639893,128.74406184760753,0.0,CAF
-155.93201855095688,36.2698999049892,0.0,CAF
37.96759177610295,-57.30459515314748,0.0,CAF
-124.46562280165699,46.10100159580897,0.0,CAF
79.83628418767978,-68.65127514449888,0.0,CAF
-67.67112431385121,-82.85572892430973,0.0,CAF
-71.71569611481738,89.36347554976484,0.0,CAF
160.50117251703267,110.49876354627119,0.0,CAF
-131.36691737184285,-100.32331304625018,0.0,CAF
134.37572316014334,79.13815651094072,0.0,CAF
80.96863606795935,-12.24300172957627,0.0,CAF
-78.17629680512167,181.0776424268674,0.0,CAF
108.66703101829054,-26.27944207581728,0.0,CAF
59.889010161466445,-140.64967404633276,0.0,CAF
108.26105702063846,3.0773250471991687,0.0,CAF
138.96443519247285,127.48199469587989,0.0,CAF
89.56299361075335,-122.89147048400356,0.0,CAF
-60.219213039025924,-36.42313114814616,0.0,CAF
-184.6937205832885,59.83164412324313,0.0,CAF
35.497245429543185,-133.9012960974005,0.0,CAF
-104.56082146542539,-17.834876524944377,0.0,CAF
50.41105059774925,41.766581324925205,0.0,CAF
-166.03325658435543,-73.50694416627022,0.0,CAF
18.11890047439168,44.005825579811784,0.0,CAF
85.04785461175894,-24.607170860275946,0.0,CAF
-34.89726467716423,-37.97016511442559,0.0,CAF
44.01951331636809,-84.28901640267429,0.0,CAF
137.6709557203069,-122.19620852072964,0.0,CAF
20.210189260221497,140.39026891953102,0.0,CAF
130.66697151379316,7.251190341945382,0.0,CAF
44.512973541234665,-93.25136857619161,0.0,CAF
-18.59236556811581,-179.3868198662896,0.0,CAF
-90.59739681377965,-75.70914680802721,0.0,CAF
-22.813443264724174,-178.94511624643707,0.0,CAF
-112.71537542547206,-11.464693586578141,0.0,CAF
14.347792909931673,174.7983310539572,0.0,CAF
152.62763519772395,-50.79084217553903,0.0,CAF
90.64159320891727,22.706377543858363,0.0,CAF
-73.48403490477322,-36.37564355590435,0.0,CAF
-21.24027972396538,-104.30423646777913,0.0,CAF
23.629212919721276,26.681049004646574,0.0,CAF
-45.48439044191311,-153.78168988390414,0.0,CAF
37.80942268124483,26.26656507010726,0.0,CAF
-34.70725100059196,116.04789608330002,0.0,CAF
-177.3286313592131,0.4286113811175899,0.0,CAF
-164.6950946101608,-50.75311979661122,0.0,CAF
-2.837422458411625,-42.69713628893983,0.0,CAF
-70.31331889164055,-16.81967919392498,0.0,CAF
47.90846178343228,17.845580241516938,0.0,CAF
106.71138506119696,151.7052991532224,0.0,CAF
73.69285943422423,119.82087937411106,0.0,CAF
-97.45237459583987,88.06507426714317,0.0,CAF
61.57176279766317,-105.14037227515824,0.0,CAF
5.5122518325436305,-133.536838267624,0.0,CAF
-47.18443976635062,-117.15202827086377,0.0,CAF
64.22917727601182,117.81826842029662,0.0,CAF
-18.24546360858637,-138.12222190326432,0.0,CAF
-20.52309478651003,-134.9683265068029,0.0,CAF
-123.2695737497672,135.02424322038684,0.0,CAF
-104.27552220344698,80.93288497206473,0.0,CAF
48.97585223839829,7.214237175478181,0.0,CAF
-100.42907452938125,62.087769361550606,0.0,CAF
90.80903698004767,120.71732845711804,0.0,CAF
81.07005702038894,85.88936801929725,0.0,CAF
-123.72367711914659,33.12196079849656,0.0,CAF
189.84118357493773,-22.706321093112436,0.0,CAF
-156.65278074357573,5.444063899416663,0.0,CAF
3.551554886155823,129.0895858952386,0.0,CAF
-176.53146059977905,92.73740468890624,0.0,CAF
150.97904307965305,-113.65984945504903,0.0,CAF
110.53835871371025,39.16827047440282,0.0,CAF
-21.105685935955083,3.426133351223182,0.0,CAF
-129.18183071242674,131.61952858952836,0.0,CAF
-65.90365257193406,27.653801344576408,0.0,CAF
-127.46643938798178,-54.30503732787934,0.0,CAF
-101.29472834736595,-62.42185330166743,0.0,CAF
58.6833126969962,163.94789011170732,0.0,CAF
12.626710657936293,74.02933255510175,0.0,CAF
80.06586960242552,111.17515553845168,0.0,CAF
1.1226847006204286,-2.573706596828866,0.0,CAF
55.67667405746225,106.93140960557648,0.0,CAF
47.19079768708233,138.43198324798914,0.0,CAF
-74.02110317345786,147.84008519317908,0.0,CAF
-101.02478663703313,22.63164776128456,0.0,CAF
92.15550072116609,163.78710693610947,0.0,CAF
105.01294546294258,89.75318271557781,0.0,CAF
-154.87217913672472,96.81593589511475,0.0,CAF
24.356109694613863,90.0421014621296,0.0,CAF
18.979471438169213,62.08758419183799,0.0,CAF
120.5615222094703,53.517593907702775,0.0,CAF
-28.877303424814556,106.74474328468486,0.0,CAF
-144.1610852508993,-66.61379397885956,0.0,CAF
179.43267211107852,71.2360204925369,0.0,CAF
-97.87695135469858,-69.20278642928812,0.0,CAF
-74.74867882552914,-152.57641261606378,0.0,CAF
-101.47765276049782,-5.325497661525395,0.0,CAF
83.91793049996349,-119.63106035852856,0.0,CAF
72.90194383824736,-57.85452801732059,0.0,CAF
91.93309510689552,44.07769499376801,0.0,CAF
-92.88284208022608,-144.83882780976197,0.0,CAF
-145.37737012867598,130.95561835000856,0.0,CAF
8.631844036023796,-14.059081250232556,0.0,CAF
-148.183522938202,-13.260220014669141,0.0,CAF
-2.7400979459589783,87.125845504263,0.0,CAF
-34.96167549295742,-191.78301084126412,0.0,CAF
-177.19234037375864,10.568377026793355,0.0,CAF
16.804093436358272,29.537514593677926,0.0,CAF
-48.48231837524369,-184.3270754061843,0.0,CAF
-83.30053441858963,-157.38296887091354,0.0,CAF
-50.81477678046088,-39.778089448403676,0.0,CAF
-119.12952577493844,137.40698460824754,0.0,CAF
-122.9457731392192,15.452528761527436,0.0,CAF
-2.9951972771996735,-89.45889072297403,0.0,CAF
-158.46138480990513,-66.97356314222343,0.0,CAF
-56.94706490440588,-30.32020923172725,0.0,CAF
87.95588283508242,-0.07498242547533993,0.0,CAF
-33.881423825361146,-104.31349321285535,0.0,CAF
-45.786696759242744,120.50803169697252,0.0,CAF
-38.29524900821922,87.50413190136067,0.0,CAF
64.60420820500899,138.03596731682038,0.0,CAF
20.87336243085121,189.27928347028205,0.0,CAF
-148.92373057715616,-100.85132547015577,0.0,CAF
-152.53708833793482,18.144711063125147,0.0,CAF
-34.358095635026544,-158.30863544684925,0.0,CAF
39.28766274150604,161.04784905416258,0.0,CAF
52.17834383429035,52.024302856887886,0.0,CAF
145.72631066321628,83.27604069785623,0.0,CAF
-90.49068223009715,157.70813096915344,0.0,CAF
-79.21003619086736,118.17161050519536,0.0,CAF
-16.346639237341634,-190.19240890289643,0.0,CAF
182.21577441467466,-46.95755483851568,0.0,CAF
-21.80693958453167,-87.07565757008923,0.0,CAF
-46.50192535597795,-155.68881826726837,0.0,CAF
-79.37633104569686,58.91584035886744,0.0,CAF
121.02525991648098,-126.21113173041128,0.0,CAF
-160.877342915689,-12.102578666989135,0.0,CAF
178.16693758738742,4.925708485222819,0.0,CAF
63.94380402980014,23.607979253696794,0.0,CAF
127.8445134859799,-98.03125954132551,0.0,CAF
17.671729568309605,182.78852956700544,0.0,CAF
-120.2051333196791,-124.39584025166002,0.0,CAF
-76.29756532051098,39.69320556767917,0.0,CAF
26.312501928920188,124.26958092865888,0.0,CAF
144.31015476595016,-71.77251677117222,0.0,CAF
-52.65903810877685,-100.53447664670485,0.0,CAF
-109.63321077118118,90.04962796550389,0.0,CAF
-24.26886179461989,-136.28034661140555,0.0,CAF
86.08306130095045,-82.18340769899304,0.0,CAF
87.00771978865846,10.907569600759224,0.0,CAF
178.36933537959598,-74.19212356369984,0.0,CAF
-72.6481586073495,-97.4529639666165,0.0,CAF
54.53852214969529,-154.15131326255562,0.0,CAF
-159.59400787096223,74.11508635851504,0.0,CAF
14.223559744124529,40.29794458074949,0.0,CAF
-168.45231838968564,54.365023407168145,0.0,CAF
-66.13379593132335,-111.71125296171425,0.0,CAF
-112.2541554869131,82.45197195586049,0.0,CAF
12.89011302028027,-148.0706985764365,0.0,CAF
-82.36528948922873,85.57056581775086,0.0,CAF
-29.099326919419987,-81.5297891284201,0.0,CAF
-6.658677216203115,-115.87236597857942,0.0,CAF
33.80915193287446,-62.284730440115375,0.0,CAF
168.16877566062402,-82.04237293223783,0.0,CAF
-104.48626145424271,-100.76541303944155,0.0,CAF
-15.641722415315567,-130.12963649660128,0.0,CAF
-43.941369456938105,-37.893471184455244,0.0,CAF
-121.3929694282298,-15.906146864295149,0.0,CAF
-70.87253076714322,-102.94628429812127,0.0,CAF
0.5306375546918848,116.9275177420529,0.0,CAF
14.853110427548668,-52.49451296955744,0.0,CAF
28.22142427739938,-94.49193226131676,0.0,CAF
-106.53830400966393,125.1311704786979,0.0,CAF
-19.764789044155435,-37.681502777289445,0.0,CAF
-38.862512900877476,-14.673753471483531,0.0,CAF
78.05558759587754,48.626599587301335,0.0,CAF
166.23539913944052,-67.27397538431117,0.0,CAF
47.517056311889036,-8.256480787021383,0.0,CAF
-144.14461207642753,-122.0351644065428,0.0,CAF
-87.67385484007416,-165.18660078660378,0.0,CAF
168.02964589173337,1.1293151765170424,0.0,CAF
20.43769890755847,190.7132563013586,0.0,CAF
-91.89451934559759,-25.703583183522046,0.0,CAF
176.0964592981655,77.89820886327666,0.0,CAF
-110.42321110753716,15.174976834152867,0.0,CAF
-123.35440492223697,-128.94680155067047,0.0,CAF
4.765690764314292,-97.30524189817865,0.0,CAF
-104.28658601721823,-155.5190747166041,0.0,CAF
-38.54505954899491,126.20221603559783,0.0,CAF
6.35721256498573,-19.84990727714822,0.0,CAF
-104.99244927003836,-136.56329323931473,0.0,CAF
62.06103273703786,-136.9807430953341,0.0,CAF
-118.10369375568068,110.79159001951315,0.0,CAF
57.873853820677155,34.337695429092385,0.0,CAF
-20.35542619748136,156.21098385341733,0.0,CAF
156.10204822675533,43.39540198463865,0.0,CAF
-1.8818556527863248,-101.5767974661628,0.0,CAF
78.6599409668669,-43.9679786169305,0.0,CAF
9.948858775155045,-82.32375277742067,0.0,CAF
47.25664996646394,-70.37303054236118,0.0,CAF
177.17870035946245,-31.36493871361709,0.0,CAF
-48.51126678696437,8.24402586123326,0.0,CAF
55.71171674361739,28.365018577997017,0.0,CAF
-28.009977951162195,-177.2833580969336,0.0,CAF
133.41813625603436,-58.45454850562098,0.0,CAF
105.95341119407928,-55.138521970955885,0.0,CAF
-22.189596734726145,-15.066205193051607,0.0,CAF
17.637785547228432,103.41884647329104,0.0,CAF
86.92648956440425,175.89365281793417,0.0,CAF
-177.53926239556614,29.641998129725234,0.0,CAF
-86.09158040411756,-127.76995827129743,0.0,CAF
38.99678900894046,-56.22153078997847,0.0,CAF
-67.01874847227784,-34.535238284392555,0.0,CAF
187.53787110763025,-7.909777221813526,0.0,CAF
-75.2588388001978,-148.30227468642823,0.0,CAF
-35.51117015944783,164.00195709928252,0.0,CAF
-163.06222056484663,-73.41732383896921,0.0,CAF
169.64344794857413,4.371907519571716,0.0,CAF
162.1247726384913,-12.09657198149591,0.0,CAF
-7.968250578746155,-90.80960489133197,0.0,CAF
79.49258668826577,-113.69787949284948,0.0,CAF
-46.81903299182987,82.4870510125164,0.0,CAF
90.53455037332098,-103.91936573625985,0.0,CAF
96.39097286875624,-44.524035007980906,0.0,CAF
-174.4135653401174,-21.40418349742121,0.0,CAF
-128.8773426009934,-30.424271403895624,0.0,CAF
131.88157868430392,-92.2709960230642,0.0,CAF
-38.64998704083266,148.6506641986438,0.0,CAF
1.311766948471625,103.55792959720259,0.0,CAF
91.4383275410364,160.06570824367415,0.0,CAF
-55.322896543386356,-132.98512568231138,0.0,CAF
-105.80453699562793,61.613147716982056,0.0,CAF
-51.35630614212465,156.68095908721588,0.0,CAF
-115.6096857917827,-137.28663209359007,0.0,CAF
-154.31013448226838,-115.0765800321934,0.0,CAF
-1.3903751613958333,3.9316388740315578,0.0,CAF
-54.72563940852298,131.11009256965264,0.0,CAF
-163.66913259066212,-13.33559146500988,0.0,CAF
-61.90733822363481,-29.97092929706679,0.0,CAF
-41.3825409440688,69.34600342560626,0.0,CAF
-89.82809887410559,-19.791424848612838,0.0,CAF
66.95452221840007,47.804100241443074,0.0,CAF
-169.19401954356374,-50.40428357871044,0.0,CAF
85.1879108448005,46.400128703989616,0.0,CAF
177.2375258899146,-76.21260973132966,0.0,CAF
13.115656724376299,-151.85503644953556,0.0,CAF
-69.54515651356564,37.170266067526946,0.0,CAF
60.35088965298297,81.54032154522702,0.0,CAF
-110.9381525838266,-11.789507924927499,0.0,CAF
-119.98230139204982,80.45362920276962,0.0,CAF
90.28604407521614,177.90961661348723,0.0,CAF
29.036974025026915,122.18659573836628,0.0,CAF
153.48073602290435,32.30720354272014,0.0,CAF
-36.2394053247436,-44.20873229592723,0.0,CAF
-17.131619240318496,116.71634912723763,0.0,CAF
-124.96120219603442,73.22638187324266,0.0,CAF
-43.4698189083697,28.691996678092735,0.0,CAF
-144.0774856871526,-123.2406104037769,0.0,CAF
5.89999889910381,133.11818761490122,0.0,CAF
-55.18803859024899,94.44437931286076,0.0,CAF
-74.97402428987685,-173.21161548142163,0.0,CAF
89.76861265305985,135.3683404555056,0.0,CAF
-69.27689761349016,-66.67647501019798,0.0,CAF
-138.57781873565892,33.69286750544518,0.0,CAF
-168.30554529965926,71.33205725028157,0.0,CAF
196.860585657661,30.960681843486856,0.0,CAF
-144.86237344721914,65.40346503460592,0.0,CAF
-54.494522065223826,-164.29605943920606,0.0,CAF
-71.71287270049646,-145.11751732276196,0.0,CAF
177.2266564321288,-59.88712899480919,0.0,CAF
-43.6627957459571,-174.28766285929598,0.0,CAF
-1.3622698949938872,71.29336326689744,0.0,CAF
-181.42682414296232,-57.04032157958513,0.0,CAF
-91.45465342965835,33.34205179406586,0.0,CAF
93.792109387077,-171.97404928079467,0.0,CAF
0.10528254478579767,-128.7637271149465,0.0,CAF
97.5422480036026,155.6162901173538,0.0,CAF
-24.271612653735946,40.05624318622742,0.0,CAF
101.42037624825728,-62.05007769522284,0.0,CAF
-135.4823331251164,-63.55531068683481,0.0,CAF
181.39956250075477,18.78416931838619,0.0,CAF
78.44090927179832,-127.96222496470067,0.0,CAF
39.0046543580377,187.9252605207809,0.0,CAF
74.24822927154412,154.49315478242403,0.0,CAF
-51.397131238535984,126.61189653024536,0.0,CAF
-160.33220754481684,-2.4662542476957348,0.0,CAF
84.81885099800537,-87.20667210875986,0.0,CAF
-115.03742045196887,84.67416089600219,0.0,CAF
-80.99493210883219,-47.15958442954204,0.0,CAF
62.95475515746017,-178.22436399181888,0.0,CAF
98.05701943924393,-162.96812454013534,0.0,CAF
7.211736399318832,69.49667069947486,0.0,CAF
110.56693066570537,-66.48341485702046,0.0,CAF
-23.64381493567513,11.351135692106125,0.0,CAF
134.30651041247916,146.97264336582765,0.0,CAF
-15.355159986156586,116.21847020013567,0.0,CAF
-152.93123487404148,-1.5038351070933873,0.0,CAF
52.57103610520813,137.42041521410943,0.0,CAF
-112.89619641208485,-100.79846441044569,0.0,CAF
120.32675679647907,-37.85154396385721,0.0,CAF
130.32539466602643,6.186700447179569,0.0,CAF
68.4947050032232,-176.86921190128655,0.0,CAF
-39.40365924072777,-63.43848722676379,0.0,CAF
13.394411392566788,-66.86859154505035,0.0,CAF
-68.71815420183968,-106.10028139017645,0.0,CAF
-141.58986588277597,98.02173877654042,0.0,CAF
41.7887521601551,-144.52086754944628,0.0,CAF
97.32979343455061,-94.54525197572246,0.0,CAF
27.96595199615562,97.03771837627161,0.0,CAF
11.893933174660889,-131.4706203485825,0.0,CAF
45.699514179547876,-117.66607135957187,0.0,CAF
30.52369422279372,84.88314792010412,0.0,CAF
-118.14721188674967,-41.950096950957196,0.0,CAF
174.54374320823905,25.502260327276307,0.0,CAF
-21.678654903638293,-174.0015685521802,0.0,CAF
38.70820674679311,-43.505303201047504,0.0,CAF
129.7773493041228,59.15463109499718,0.0,CAF
-54.756335659024614,143.59405753390544,0.0,CAF
57.335263645350494,-82.96512517139588,0.0,CAF
-46.892671775336716,61.407406281221455,0.0,CAF
65.73022524491546,-160.05031820371562,0.0,CAF
-41.52992473464728,-86.27957890895458,0.0,CAF
-78.88131410658576,95.24838969351426,0.0,CAF
-47.11406464838502,36.81931169617984,0.0,CAF
51.54382200348483,134.84025702371085,0.0,CAF
82.3505594863564,40.720103052985664,0.0,CAF
-60.90735620357674,172.7722397083949,0.0,CAF
21.663092189463015,89.21968320456241,0.0,CAF
-14.787942250804015,-133.96074268595135,0.0,CAF
176.34556284229888,85.82099789514083,0.0,CAF
-22.406987912728358,-105.9082352808974,0.0,CAF
-194.55006660800447,14.268543377961223,0.0,CAF
132.3961511780052,84.35052655060653,0.0,CAF
2.698401569514231,162.40376188372645,0.0,CAF
41.61399964940671,-48.36603016435661,0.0,CAF
-16.370548030891502,177.1269228380928,0.0,CAF
182.5586937158229,-11.564435218359511,0.0,CAF
-155.5203013292566,84.54102371238734,0.0,CAF
-73.89518743810552,160.21164556310387,0.0,CAF
4.73639880959996,60.66289478182389,0.0,CAF
27.555874460557625,-147.65038271918337,0.0,CAF
15.239051107678828,15.668595740793167,0.0,CAF
-11.352013434093331,-56.62705240422952,0.0,CAF
-83.98105200040163,180.61864319698623,0.0,CAF
94.8636429009182,-148.5313142692811,0.0,CAF
-102.55123205918099,-73.87219491210935,0.0,CAF
7.671386188016413,81.61874852995545,0.0,CAF
-54.360754485871055,161.89205253651323,0.0,CAF
38.77867345477795,62.59685124884463,0.0,CAF
191.7418456121063,13.87764787153244,0.0,CAF
34.91889879235793,-13.098602079478445,0.0,CAF
-13.308841201392685,98.25468832282287,0.0,CAF
-48.86777928314566,192.45865335685446,0.0,CAF
-21.127359779050433,-49.8051424808505,0.0,CAF
-92.36815390596202,170.02661768780047,0.0,CAF
19.846740088191947,-44.42204747868274,0.0,CAF
94.93008179676751,-30.27803358218839,0.0,CAF
-14.865284139780583,-122.35461507945367,0.0,CAF
-83.27939710334937,7.124610540932493,0.0,CAF
196.8790173331343,-13.76286546871921,0.0,CAF
-57.36856970499445,-151.27705768106162,0.0,CAF
-109.28372323891375,112.56345994450614,0.0,CAF
133.72101992609865,-141.5213479674458,0.0,CAF
22.69925534208258,-89.04963940919544,0.0,CAF
192.58244102102788,10.089107555788624,0.0,CAF
136.83554223836913,-5.25269293585368,0.0,CAF
-47.051333817412825,-120.47456644825478,0.0,CAF
-109.36660788640323,-29.36888169333469,0.0,CAF
-58.70527178262305,-111.36561012526175,0.0,CAF
13.567338466064236,117.26880999984057,0.0,CAF
86.26969839715524,113.36177967862459,0.0,CAF
50.75246803874289,-174.27218992645882,0.0,CAF
-79.1858925673465,76.30573755379466,0.0,CAF
30.341590954301818,135.86856589057496,0.0,CAF
-7.480745077804373,-90.57817041798184,0.0,CAF
-92.1808580586508,-34.189463633421035,0.0,CAF
158.3257567922764,-15.019688370019322,0.0,CAF
-17.036065330077044,-6.133598283819795,0.0,CAF
91.1306886168532,4.7203106847179495,0.0,CAF
169.7943609452046,-84.5546480806508,0.0,CAF
-22.671855597056496,-138.98444875706664,0.0,CAF
121.48501940885497,-153.68523470566305,0.0,CAF
-92.42446949847655,103.83250184222649,0.0,CAF
27.870898899954966,-6.333861499764064,0.0,CAF
31.562696360063896,23.325812653519094,0.0,CAF
-34.110094473442864,-186.3792523580447,0.0,CAF
34.08109469374507,-196.25305385168576,0.0,CAF
119.96537826295071,-156.9984714776447,0.0,CAF
-134.70904075926128,-78.75313123891782,0.0,CAF
168.3339228247766,50.257886374292255,0.0,CAF
-70.0352665405162,-80.2424637597471,0.0,CAF
15.134701144408549,114.80252959597814,0.0,CAF
-140.04621438862878,-70.40180060117295,0.0,CAF
40.24196297122601,190.61949520986195,0.0,CAF
68.49482479837722,-5.895499771307745,0.0,CAF
-17.36282781092492,144.4579870555531,0.0,CAF
-89.93316024006592,171.58712333151558,0.0,CAF
-133.17558453164602,-28.884402624608576,0.0,CAF
-143.85497413394958,56.102783861304296,0.0,CAF
-24.94637009642177,-116.88048800766163,0.0,CAF
-139.0588788594984,56.18892025167533,0.0,CAF
1.004383224143068,192.14026628303648,0.0,CAF
-98.78579683519767,67.96689391771628,0.0,CAF
30.352412707859646,-118.01170335804365,0.0,CAF
158.27793433667523,-20.213333940638144,0.0,CAF
-119.70122520873672,-126.95111118607315,0.0,CAF
-142.33337960961128,-89.30184335848304,0.0,CAF
49.568037468330026,30.834936387128046,0.0,CAF
54.970598562030126,-129.7876837928114,0.0,CAF
165.06037341685808,-70.14937314451507,0.0,CAF
-1.4338923130470274,123.32877990479615,0.0,CAF
-76.61172405835904,-183.44259811148723,0.0,CAF
8.745461122940036,-112.2430073593373,0.0,CAF
-8.998094372963049,184.2360956554235,0.0,CAF
-159.28256396376673,97.3682173048008,0.0,CAF
-168.02441214065627,-71.07570795688372,0.0,CAF
-195.62736116786328,-15.824185809685003,0.0,CAF
117.68348227233885,158.85358090012252,0.0,CAF
137.35393349913903,-16.97362035323567,0.0,CAF
-47.234638108886,120.66596270619088,0.0,CAF
83.37053373550742,173.90652673846148,0.0,CAF
112.07019984691694,-60.104207161844656,0.0,CAF
104.68803965190246,16.688767550422465,0.0,CAF
-32.283369926558535,-185.42555531155068,0.0,CAF
91.22132363956322,159.24694452818983,0.0,CAF
-190.586130221909,25.548973239814053,0.0,CAF
4.209916827542094,78.18879765269969,0.0,CAF
-66.98017407816836,-17.000795649137405,0.0,CAF
-86.27756368279407,148.71898562842796,0.0,CAF
115.9062586705807,-31.802017122751447,0.0,CAF
30.037823449668803,148.53018751469523,0.0,CAF
-124.78795610635471,-128.2678949885872,0.0,CAF
-71.96064657510635,75.31715976402711,0.0,CAF
30.51382988226848,-120.12233918342052,0.0,CAF
-84.46115974215718,164.7728722415917,0.0,CAF
183.11424255267218,-6.5981206278673,0.0,CAF
-0.3050156252822022,176.76306836107216,0.0,CAF
-30.980372306667476,-177.52839985046813,0.0,CAF
109.24312022906425,-4.573919290012391,0.0,CAF
-2.3873404098452142,67.94009044471247,0.0,CAF
-164.2331914547557,-9.960212668423278,0.0,CAF
-8.713076263539685,155.47389293960492,0.0,CAF
34.04633064974536,153.5426488043058,0.0,CAF
-97.25565463213064,-97.4137760892458,0.0,CAF
48.12768107402617,-36.65148116519887,0.0,CAF
1.2617410841233314,-144.4099262263569,0.0,CAF
145.8002814461201,53.7690088772396,0.0,CAF
-137.42453760560434,15.094300729825147,0.0,CAF
33.85411732255215,-94.43597461481428,0.0,CAF
113.38173312898584,71.64638696763447,0.0,CAF
-111.92777494417777,80.34660573668482,0.0,CAF
27.412409772213625,129.07020116485552,0.0,CAF
75.79249604191118,-107.67078925876942,0.0,CAF
56.40039231827302,75.99093328032578,0.0,CAF
3.06920424249476,-21.48437331312742,0.0,CAF
-64.53364565796323,-148.38488597977127,0.0,CAF
28.38762411374599,-33.80577159629548,0.0,CAF
-5.0201968263090135,-86.90464400640796,0.0,CAF
94.04851658199067,-4.869272070984966,0.0,CAF
47.80397989987217,-103.58560212375941,0.0,CAF
-1.8061662922915358,164.90805431245477,0.0,CAF
-84.94058118904756,4.0629082705777275,0.0,CAF
-110.89602517439381,-137.91914182371175,0.0,CAF
172.08181305141702,-60.730627743979205,0.0,CAF
-87.75005977969361,-73.2394218178998,0.0,CAF
-82.55853927960963,-135.10277635368533,0.0,CAF
21.40248273047529,-123.66084453964793,0.0,CAF
-93.8211716952611,84.49572454658552,0.0,CAF
-34.024888174839354,-142.73078685845167,0.0,CAF
116.90563534643994,46.64199074300883,0.0,CAF
62.49529639691407,-131.2130918354968,0.0,CAF
-114.98528343761772,140.73610967209822,0.0,CAF
-20.446385052309136,187.71837659679719,0.0,CAF
52.58338524245435,-10.341719664812894,0.0,CAF
61.92704038134975,-146.24962927904198,0.0,CAF
-67.38920608747243,-54.59741645467743,0.0,CAF
37.068790580132024,-165.50330540855379,0.0,CAF
88.86005671870244,-63.4972914140137,0.0,CAF
144.90210027110535,79.42451159589241,0.0,CAF
136.3090272388588,127.56867545906294,0.0,CAF
80.272861251377,-52.47870122440034,0.0,CAF
100.45050277457075,152.90633623022214,0.0,CAF
-133.74323271984824,133.32994260855946,0.0,CAF
35.307016084581896,7.180772336024566,0.0,CAF
-180.7149891967948,-6.018063744413544,0.0,CAF
-89.42827112636765,-0.8436185372827729,0.0,CAF
19.1262400966166,171.2811454605692,0.0,CAF
-123.00608808304548,53.686859848490215,0.0,CAF
12.210323819541156,-53.87857558701466,0.0,CAF
121.51644973570511,-109.60263401837655,0.0,CAF
-183.03619281767152,80.29309271586112,0.0,CAF
-18.84902316927738,-78.10835054921584,0.0,CAF
17.397886792437912,153.2734773377849,0.0,CAF
26.583005680143913,192.3182957778978,0.0,CAF
-28.77239295190154,-116.3583470400509,0.0,CAF
121.45971387844277,-102.47188214794598,0.0,CAF
19.346168605912094,-22.597614434016677,0.0,CAF
-163.5960637333552,63.95548147908441,0.0,CAF
-102.1507130779978,80.54283167963068,0.0,CAF
152.23477815615306,14.774539259739885,0.0,CAF
89.24809429226903,-79.27391351048581,0.0,CAF
46.56174388067376,-109.63400780293311,0.0,CAF
143.853134374492,-73.17538023708374,0.0,CAF
128.60845247524173,13.495522006437588,0.0,CAF
-23.804881452718057,157.65717594076455,0.0,CAF
56.0549164427492,-35.832692525577976,0.0,CAF
-132.8612827686713,-123.87914051731327,0.0,CAF
120.9620384815942,51.73548800527181,0.0,CAF
-141.34640103695168,54.47862459651412,0.0,CAF
-151.0771091107841,-16.829029708803958,0.0,CAF
66.28347825302436,-42.27011833909585,0.0,CAF
29.340341271344734,89.44994383011945,0.0,CAF
-143.4955112821809,-11.01783709698055,0.0,CAF
-45.46853977275516,-156.6061517141735,0.0,CAF
-103.27313150053878,-43.33715445035014,0.0,CAF
19.850826048078517,142.2623592421911,0.0,CAF
38.26934425676359,34.45325282189388,0.0,CAF
199.06722380168264,19.11036212157727,0.0,CAF
48.1274483813249,181.59622296629271,0.0,CAF
141.76190168215578,-37.66399660284189,0.0,CAF
-31.04611417536711,-54.03757944055127,0.0,CAF
7.623613069675501,122.6501036692884,0.0,CAF
-111.96080286361374,72.30783059495225,0.0,CAF
96.93639193185972,157.16747353783634,0.0,CAF
-99.5269533676493,108.33458294662371,0.0,CAF
-297.131286719,-82.9505132538523,0.0,CD4_Tcell
162.0436570922364,-223.17279266077804,0.0,CD4_Tcell
-263.9038053489624,-161.6722688322993,0.0,CD4_Tcell
-190.811446534491,229.69106119941196,0.0,CD4_Tcell
-238.627031838059,-154.80884804446583,0.0,CD4_Tcell
-283.6159889280702,106.10908607704933,0.0,CD4_Tcell
23.92795598459979,230.03433832834028,0.0,CD4_Tcell
-193.33243468237274,58.88310019480522,0.0,CD4_Tcell
-386.75756679729835,-36.68372839431465,0.0,CD4_Tcell
97.90850959212574,-217.82023048261777,0.0,CD4_Tcell
211.78143237848198,226.25635148297428,0.0,CD4_Tcell
-136.383529955408,-276.59583578106316,0.0,CD4_Tcell
-265.8583391064607,-105.58077812576671,0.0,CD4_Tcell
-143.72982849948025,298.5359005406109,0.0,CD4_Tcell
209.26195640877714,284.2894321441642,0.0,CD4_Tcell
353.95073985613817,124.93750818741475,0.0,CD4_Tcell
-186.4508701378583,179.65921786078516,0.0,CD4_Tcell
-41.87041470498653,223.15190000519613,0.0,CD4_Tcell
-249.96425635469234,277.4894699292549,0.0,CD4_Tcell
228.85511906069016,49.287030162666404,0.0,CD4_Tcell
178.02335271264204,210.87111204344828,0.0,CD4_Tcell
368.5956674894318,-112.64811597679493,0.0,CD4_Tcell
-291.1931775623176,-134.8884187153005,0.0,CD4_Tcell
30.284595133129592,-383.6178585191133,0.0,CD4_Tcell
-161.11371053906595,338.73661702594546,0.0,CD4_Tcell
-383.99478320257236,74.52717194650467,0.0,CD4_Tcell
54.055530065304325,-196.32953683356968,0.0,CD4_Tcell
54.47692503284621,-255.42552779058195,0.0,CD4_Tcell
-245.10434257929495,280.668391314974,0.0,CD4_Tcell
-366.5222254871838,-118.51995109047253,0.0,CD4_Tcell
192.79191387421514,-156.23984273958163,0.0,CD4_Tcell
-210.63793910336645,129.35826094349645,0.0,CD4_Tcell
143.44963804832818,-318.1479909379488,0.0,CD4_Tcell
166.03879746950744,242.98610378951685,0.0,CD4_Tcell
124.67279364615574,-197.80635660299515,0.0,CD4_Tcell
367.8874497499954,-154.5923326777275,0.0,CD4_Tcell
117.41760368294052,-322.3680701872466,0.0,CD4_Tcell
302.77579903996457,32.29509627112631,0.0,CD4_Tcell
-292.8499006593069,224.1231610831768,0.0,CD4_Tcell
292.63419087216056,-232.87034370059976,0.0,CD4_Tcell
-112.67055391525336,-280.0153461605731,0.0,CD4_Tcell
116.50817396374762,-180.83524511819468,0.0,CD4_Tcell
-278.160999827081,-79.15561175425533,0.0,CD4_Tcell
-234.7085158567706,144.50670946624285,0.0,CD4_Tcell
154.43976485877445,165.2120759669684,0.0,CD4_Tcell
-101.50108293504906,-196.0415377139209,0.0,CD4_Tcell
-58.73445770984901,248.37662539692496,0.0,CD4_Tcell
254.33301609180606,-104.88824901539961,0.0,CD4_Tcell
-250.0425305638595,310.33179335337024,0.0,CD4_Tcell
388.2360984612463,-81.27527947203296,0.0,CD4_Tcell
-290.5482420893433,250.06201196074954,0.0,CD4_Tcell
-333.4185760454598,-204.33623596369432,0.0,CD4_Tcell
272.2622791724317,85.38463403800908,0.0,CD4_Tcell
-99.11675020984434,-332.2367918809599,0.0,CD4_Tcell
-138.92793280891806,-351.5715914961977,0.0,CD4_Tcell
-366.1560653210844,-144.7751867654872,0.0,CD4_Tcell
-250.16574442520476,81.57048448745942,0.0,CD4_Tcell
290.26303898369457,45.853466434254464,0.0,CD4_Tcell
183.68768788495274,209.22935375983974,0.0,CD4_Tcell
-393.11822205630943,27.973234161347676,0.0,CD4_Tcell
217.20533597781025,53.02314605476816,0.0,CD4_Tcell
-281.4800097064645,-47.54235956920196,0.0,CD4_Tcell
-235.2111139009462,45.14847287130972,0.0,CD4_Tcell
326.30965607302704,-5.7726230316479565,0.0,CD4_Tcell
74.15515475051112,252.21686343112364,0.0,CD4_Tcell
-102.65918475011561,-298.59936564124763,0.0,CD4_Tcell
-211.7172457424854,-55.54198315031507,0.0,CD4_Tcell
-100.80005394400756,380.72820408618963,0.0,CD4_Tcell
-365.3602910825995,-142.77573495864945,0.0,CD4_Tcell
-226.9841039307036,285.8422570085613,0.0,CD4_Tcell
140.3235233874707,186.79939875858028,0.0,CD4_Tcell
273.0085246060823,-182.6566403022896,0.0,CD4_Tcell
-131.20844230796308,-191.10085278760877,0.0,CD4_Tcell
-50.72832784078355,-239.07267207147342,0.0,CD4_Tcell
3.717575544998127,-206.27516592598099,0.0,CD4_Tcell
-356.2320159391344,75.47441581599907,0.0,CD4_Tcell
279.32463165309446,174.34909301830214,0.0,CD4_Tcell
96.31343403731711,-315.05284188460087,0.0,CD4_Tcell
-16.45522302267143,222.23358361690438,0.0,CD4_Tcell
177.4333735216476,143.95754647364728,0.0,CD4_Tcell
-251.61355148440632,-256.4202662038763,0.0,CD4_Tcell
-263.26906655987,163.06978473007868,0.0,CD4_Tcell
-178.6388329537144,-149.80264621942948,0.0,CD4_Tcell
267.3926754619475,-148.60196149395162,0.0,CD4_Tcell
21.90133688904906,-369.3462634130738,0.0,CD4_Tcell
-309.7236519939135,-152.89578680536272,0.0,CD4_Tcell
319.18592394737135,-202.29415793595018,0.0,CD4_Tcell
-104.62204116661063,212.05106185261832,0.0,CD4_Tcell
-128.53301027470025,-317.80979462476586,0.0,CD4_Tcell
-231.660416301348,-43.601965837095605,0.0,CD4_Tcell
198.67325218847557,292.8731689414829,0.0,CD4_Tcell
337.54578913707064,30.751039988322987,0.0,CD4_Tcell
-123.95103744548925,-303.84939132837764,0.0,CD4_Tcell
338.84616242508673,102.78848993686297,0.0,CD4_Tcell
-58.840731338979644,-203.27850844658187,0.0,CD4_Tcell
209.05157319412362,322.05610061468155,0.0,CD4_Tcell
75.54418969810108,253.4388927301055,0.0,CD4_Tcell
-334.35313518175116,83.94578960453822,0.0,CD4_Tcell
-145.062970648838,-173.9367817070189,0.0,CD4_Tcell
-269.7676616214616,5.027743162605895,0.0,CD4_Tcell
-199.58078944775244,296.74092410350295,0.0,CD4_Tcell
-312.52337913871224,176.05311831205847,0.0,CD4_Tcell
231.44052160278207,170.14503347515927,0.0,CD4_Tcell
-307.5151348487682,-97.77209017935007,0.0,CD4_Tcell
-377.49351389407997,80.11493897918064,0.0,CD4_Tcell
286.11178375177957,-71.47457206332959,0.0,CD4_Tcell
338.11653826970576,135.61018315418005,0.0,CD4_Tcell
-34.985805503134195,264.5371232485187,0.0,CD4_Tcell
272.29327410618225,-242.0204469150424,0.0,CD4_Tcell
-18.148140081304796,-353.9460982787972,0.0,CD4_Tcell
-93.15202841560188,312.0449425207345,0.0,CD4_Tcell
-278.5842337306134,90.3106272609786,0.0,CD4_Tcell
-338.38958856956896,-81.18276853121873,0.0,CD4_Tcell
7.734428357572944,-272.10685593019144,0.0,CD4_Tcell
-343.1346981814877,16.671501948443616,0.0,CD4_Tcell
-213.18483647933996,106.00870761146993,0.0,CD4_Tcell
242.92749321619502,-56.48226996893346,0.0,CD4_Tcell
303.8168525705687,-213.15625096567481,0.0,CD4_Tcell
51.254035428560286,230.1947784340408,0.0,CD4_Tcell
293.05249559597326,8.191833190640224,0.0,CD4_Tcell
-32.57737537157797,-322.2067448756178,0.0,CD4_Tcell
-310.0914445775467,-58.17303353889629,0.0,CD4_Tcell
-284.00857344976157,78.08091077841196,0.0,CD4_Tcell
239.85068181868255,256.43506587769497,0.0,CD4_Tcell
110.26330352714281,-378.9135776506148,0.0,CD4_Tcell
-175.73870906273248,-322.34817578056175,0.0,CD4_Tcell
-114.0549969199975,-220.86763542223244,0.0,CD4_Tcell
-272.4760186680618,-54.126327115426754,0.0,CD4_Tcell
-238.95937036738485,252.26748512415801,0.0,CD4_Tcell
205.36062022364203,-26.909736331682584,0.0,CD4_Tcell
224.11253802324015,239.71524649146963,0.0,CD4_Tcell
210.6831455095592,284.7908021299438,0.0,CD4_Tcell
-90.47985441902593,-338.64080951440866,0.0,CD4_Tcell
233.50031299027302,0.8710254292061712,0.0,CD4_Tcell
-113.96011565518316,167.3209071509619,0.0,CD4_Tcell
-314.98508805869164,-65.56322665572667,0.0,CD4_Tcell
-176.7473354389337,-171.2098578111051,0.0,CD4_Tcell
3.6101002214102604,396.4778290840667,0.0,CD4_Tcell
3.6647502703273553,-305.89443778475356,0.0,CD4_Tcell
-201.71746083844124,-24.496169820161008,0.0,CD4_Tcell
43.47236356715952,-392.8852257573989,0.0,CD4_Tcell
-185.5608547124335,-137.82060569844964,0.0,CD4_Tcell
-247.0280859522259,281.3670146476164,0.0,CD4_Tcell
-137.2862460816299,241.48549507582527,0.0,CD4_Tcell
32.095296482627184,-325.4879801939766,0.0,CD4_Tcell
348.4186214741718,-148.15350549917179,0.0,CD4_Tcell
-26.008042086561893,314.9788782983474,0.0,CD4_Tcell
350.34360082527473,97.37934475923497,0.0,CD4_Tcell
302.27700308266805,-194.68593084407607,0.0,CD4_Tcell
48.70765511687978,-277.2631495008912,0.0,CD4_Tcell
-11.445935223874338,-278.03897562034365,0.0,CD4_Tcell
187.54004708528836,252.39492317422113,0.0,CD4_Tcell
-223.33577966594183,-315.2109145607718,0.0,CD4_Tcell
-370.2458197535206,118.652249110431,0.0,CD4_Tcell
-220.1735387626773,-193.69541550575042,0.0,CD4_Tcell
-44.04970984886714,378.57903791193564,0.0,CD4_Tcell
-61.219572943340324,-277.769157288178,0.0,CD4_Tcell
287.1525552224026,1.94771497469985,0.0,CD4_Tcell
133.8145316906787,-313.527269989289,0.0,CD4_Tcell
380.71447238385986,-35.225201532948056,0.0,CD4_Tcell
-99.04834865506814,186.96617637121557,0.0,CD4_Tcell
-86.11155082459929,-238.18928920427757,0.0,CD4_Tcell
356.95023983606296,13.089503067046149,0.0,CD4_Tcell
-31.0825134292932,359.26485176847234,0.0,CD4_Tcell
89.34353849245669,-321.0258839119517,0.0,CD4_Tcell
-221.88790652019603,-314.33842659644404,0.0,CD4_Tcell
-316.0192177462267,-110.5139829649292,0.0,CD4_Tcell
-312.977324772369,182.4951347943797,0.0,CD4_Tcell
90.04577134973754,-325.9252323089637,0.0,CD4_Tcell
197.06366560272798,305.3389535503536,0.0,CD4_Tcell
110.55989235034468,177.3594383491819,0.0,CD4_Tcell
189.1430656371511,68.00074597107489,0.0,CD4_Tcell
-124.80618430865685,-370.93589279215416,0.0,CD4_Tcell
152.15899578340336,283.53626036598456,0.0,CD4_Tcell
-292.56596775579175,66.92962591893239,0.0,CD4_Tcell
-314.6089360887733,180.01205471064938,0.0,CD4_Tcell
20.91183515839588,-241.22795480712574,0.0,CD4_Tcell
135.58346387203756,-340.95372673920656,0.0,CD4_Tcell
152.16960884854794,-203.79365959503053,0.0,CD4_Tcell
281.17460710007754,-221.07320903221108,0.0,CD4_Tcell
224.86589028874272,325.6650347201186,0.0,CD4_Tcell
-37.90075005255295,-339.51233500523546,0.0,CD4_Tcell
113.81727764182952,260.1635327422706,0.0,CD4_Tcell
309.34195381228994,-226.94296817153636,0.0,CD4_Tcell
278.974699037838,45.87221375922111,0.0,CD4_Tcell
231.50548031275764,0.9918764114111125,0.0,CD4_Tcell
287.56080474200843,157.42276899583,0.0,CD4_Tcell
-23.72046858061839,-326.1816969405012,0.0,CD4_Tcell
-203.8864837315505,-127.15572745353593,0.0,CD4_Tcell
297.2732196600554,63.87832825066208,0.0,CD4_Tcell
-32.01951131559414,-292.2216025033362,0.0,CD4_Tcell
-88.10476883884326,305.42457169293095,0.0,CD4_Tcell
-166.39230477582856,147.37692429829744,0.0,CD4_Tcell
14.595517754064689,256.09584096585263,0.0,CD4_Tcell
-81.03836722968764,335.6862905926957,0.0,CD4_Tcell
-224.2778874903227,261.7819977093597,0.0,CD4_Tcell
111.55472605231196,-289.3663873994331,0.0,CD4_Tcell
120.44758315591382,177.18285851466527,0.0,CD4_Tcell
-239.08566209792573,-68.16609862922793,0.0,CD4_Tcell
44.54682870204092,270.5929191235814,0.0,CD4_Tcell
268.0072762029376,-128.39130123415273,0.0,CD4_Tcell
227.0168588154891,-292.1588133105983,0.0,CD4_Tcell
-50.316582571194175,294.91382495820073,0.0,CD4_Tcell
-226.0256482919966,-117.83586627510007,0.0,CD4_Tcell
-24.205620898871977,-271.1993662154619,0.0,CD4_Tcell
349.1804242587138,56.25933013879386,0.0,CD4_Tcell
-148.19708372981492,-311.35022197066456,0.0,CD4_Tcell
203.90142924844395,-235.32761430544602,0.0,CD4_Tcell
357.1318869521282,-10.011720652847512,0.0,CD4_Tcell
-311.42413689186185,136.8673916318671,0.0,CD4_Tcell
-1.525665854897763,369.6773677907151,0.0,CD4_Tcell
342.7812720755563,17.819668858652893,0.0,CD4_Tcell
-10.13138205690982,-301.6262812306033,0.0,CD4_Tcell
179.23797346005912,-146.63557968513436,0.0,CD4_Tcell
394.6864320206703,-15.473107006488304,0.0,CD4_Tcell
-147.18712322870476,182.1171781771542,0.0,CD4_Tcell
259.1058552794383,-103.3478681255806,0.0,CD4_Tcell
-263.42970929042457,-278.6042018392269,0.0,CD4_Tcell
-214.20499711897358,-204.31840563218157,0.0,CD4_Tcell
331.13543253969397,158.46471489120424,0.0,CD4_Tcell
-226.7941856845979,4.29435100627665,0.0,CD4_Tcell
-244.93907559182153,-254.37718902718132,0.0,CD4_Tcell
-310.8308628614316,113.69948253749864,0.0,CD4_Tcell
156.7354146909423,306.534584525213,0.0,CD4_Tcell
115.09254282285922,-221.7579353189006,0.0,CD4_Tcell
73.21947784277147,-204.94379185781457,0.0,CD4_Tcell
-339.4701242076984,-138.54123496302688,0.0,CD4_Tcell
-112.50977182770109,344.5704335209822,0.0,CD4_Tcell
221.1349118881162,-298.8420237112228,0.0,CD4_Tcell
313.70663760226563,-153.10852216631628,0.0,CD4_Tcell
-210.56816388898355,-234.25560031824435,0.0,CD4_Tcell
211.55764776350054,79.2459136940621,0.0,CD4_Tcell
-199.23860736501987,198.81462594539542,0.0,CD4_Tcell
226.61309050221797,320.26262957406533,0.0,CD4_Tcell
338.9389271468956,-84.9412240902603,0.0,CD4_Tcell
264.37208723334027,-224.0373637773767,0.0,CD4_Tcell
354.4035614586579,181.30786178843002,0.0,CD4_Tcell
67.82232884719761,235.132636843883,0.0,CD4_Tcell
193.69455795488332,315.37085769706476,0.0,CD4_Tcell
171.37029488798066,-309.75182776586513,0.0,CD4_Tcell
372.24445655894266,27.793869290168463,0.0,CD4_Tcell
180.72293851472259,285.94667081993526,0.0,CD4_Tcell
11.399018064539254,284.47018468086463,0.0,CD4_Tcell
-243.06858763433254,107.34368268293252,0.0,CD4_Tcell
-238.158943581789,-31.554888477602688,0.0,CD4_Tcell
-14.25111288944818,-284.3146369983121,0.0,CD4_Tcell
210.03468151454157,-318.02903140318796,0.0,CD4_Tcell
156.5677954687837,-290.2612704074332,0.0,CD4_Tcell
-21.526353759065437,-377.65695916241697,0.0,CD4_Tcell
258.19205994490477,65.07548159332669,0.0,CD4_Tcell
-44.23755814867252,-352.7311226517314,0.0,CD4_Tcell
-269.24109784167786,-290.2557019168487,0.0,CD4_Tcell
-51.944968911036135,-293.48209985465735,0.0,CD4_Tcell
-48.057633732672834,261.39272369655504,0.0,CD4_Tcell
142.11919562643342,-194.18859378448062,0.0,CD4_Tcell
200.41041085665213,193.34240063005296,0.0,CD4_Tcell
79.4684359304923,-205.78349682679467,0.0,CD4_Tcell
-65.08155881580842,-305.14055321825725,0.0,CD4_Tcell
-365.1055845105394,-19.154621858051357,0.0,CD4_Tcell
-220.74842484158432,17.229321491946,0.0,CD4_Tcell
93.80730448352374,189.2046968295236,0.0,CD4_Tcell
-10.905274278974408,-334.0640520958645,0.0,CD4_Tcell
232.4807606274662,131.63019206685823,0.0,CD4_Tcell
171.79824677201205,-158.46588885452914,0.0,CD4_Tcell
-305.46044047913296,222.01340284222823,0.0,CD4_Tcell
252.40623740777244,109.5848349174258,0.0,CD4_Tcell
-242.29695672687728,-172.7411919565559,0.0,CD4_Tcell
-344.5192581990558,1.681124135265111,0.0,CD4_Tcell
298.81287236014504,63.11724022870228,0.0,CD4_Tcell
-323.49789596536186,184.9652294782216,0.0,CD4_Tcell
-349.3779782303061,-184.24411669636913,0.0,CD4_Tcell
329.45260429922257,6.3187569252309785,0.0,CD4_Tcell
-167.2365125082332,235.39256660930275,0.0,CD4_Tcell
-375.2622454866044,-6.697375946954633,0.0,CD4_Tcell
-100.82550961393035,-312.79983065675714,0.0,CD4_Tcell
-162.58528127446175,-281.5147497332841,0.0,CD4_Tcell
52.01942095291396,367.4673632959653,0.0,CD4_Tcell
-311.3035187067849,-200.76834754619534,0.0,CD4_Tcell
200.43852646492354,228.04725720055188,0.0,CD4_Tcell
-312.9801428708959,-212.72199720015968,0.0,CD4_Tcell
311.63881021330633,-216.26692124684016,0.0,CD4_Tcell
218.7896811004152,-252.10538974782042,0.0,CD4_Tcell
-284.45055765218547,-262.3832775549649,0.0,CD4_Tcell
12.472576237721515,-285.0701326447687,0.0,CD4_Tcell
136.41110324766495,-210.97070678076338,0.0,CD4_Tcell
-165.82433723454648,196.397196590078,0.0,CD4_Tcell
190.6639065124387,-237.7177946596767,0.0,CD4_Tcell
-284.04256397358284,101.12766633750691,0.0,CD4_Tcell
98.12381435130352,-192.01135355260473,0.0,CD4_Tcell
-76.21990857841129,-244.80429944919956,0.0,CD4_Tcell
301.6420627318528,25.65493758223038,0.0,CD4_Tcell
189.6806179588153,-118.92608355203684,0.0,CD4_Tcell
13.679527173426898,253.36913624337333,0.0,CD4_Tcell
-262.41655495973913,-131.29079509748024,0.0,CD4_Tcell
-161.6446254122701,-215.55033345307422,0.0,CD4_Tcell
353.23684886381807,158.91052486057296,0.0,CD4_Tcell
129.07268001853572,303.67244469887294,0.0,CD4_Tcell
258.2566713515241,-285.0492599800299,0.0,CD4_Tcell
279.9304219964778,-197.7316631101415,0.0,CD4_Tcell
82.28470113458702,-362.94827727483226,0.0,CD4_Tcell
-253.7677788838347,-21.813878639582153,0.0,CD4_Tcell
120.45932989014477,310.9565011120648,0.0,CD4_Tcell
143.13614026422493,-317.862434067014,0.0,CD4_Tcell
-242.04806148688706,-284.06787702374703,0.0,CD4_Tcell
213.80097940155267,-298.5026693733697,0.0,CD4_Tcell
348.90304922487763,117.5007068542589,0.0,CD4_Tcell
-184.37693081821382,105.17805008623338,0.0,CD4_Tcell
214.82409375973876,-148.14906547608035,0.0,CD4_Tcell
113.78718474781977,271.0404745677255,0.0,CD4_Tcell
-280.11621294829695,272.01835410373354,0.0,CD4_Tcell
98.09708148734443,218.36283869747803,0.0,CD4_Tcell
-189.73526346119655,341.78601156671266,0.0,CD4_Tcell
-175.81398501234028,-132.75362811785246,0.0,CD4_Tcell
-66.33083024088106,345.89675300826167,0.0,CD4_Tcell
-311.05876025528727,159.79104512658927,0.0,CD4_Tcell
350.0229064373072,71.78779923137951,0.0,CD4_Tcell
-184.91822607438124,92.75415234472295,0.0,CD4_Tcell
-256.9654246941263,88.64949933991718,0.0,CD4_Tcell
24.033060834796075,-248.5990215836631,0.0,CD4_Tcell
48.10347238466063,214.6412843789206,0.0,CD4_Tcell
-348.11933549825005,-89.69648878751602,0.0,CD4_Tcell
-118.40644408313695,310.0995634565956,0.0,CD4_Tcell
115.66356697793104,-259.26976887209827,0.0,CD4_Tcell
-219.71239599504418,218.155251471739,0.0,CD4_Tcell
96.55673117713485,210.9001598875435,0.0,CD4_Tcell
389.085732287534,26.14000659418757,0.0,CD4_Tcell
-223.5757972465563,-61.65306101986255,0.0,CD4_Tcell
47.192037186506326,210.43034011658528,0.0,CD4_Tcell
-69.46574744512654,-369.37238451925356,0.0,CD4_Tcell
104.58374041400069,384.46720736275677,0.0,CD4_Tcell
97.94419882880011,324.4969925686637,0.0,CD4_Tcell
282.75163751636876,104.58915409024492,0.0,CD4_Tcell
-221.42921236594015,261.8755014602408,0.0,CD4_Tcell
112.07605941582787,-209.03130614458144,0.0,CD4_Tcell
124.38737251533254,-228.62686812950685,0.0,CD4_Tcell
-249.42228813938564,187.38366511707298,0.0,CD4_Tcell
207.6091109774209,-172.86681947474102,0.0,CD4_Tcell
223.0018953323688,88.42063819146152,0.0,CD4_Tcell
290.2686646079328,230.3475456861344,0.0,CD4_Tcell
-87.90914445908061,-317.39947696703763,0.0,CD4_Tcell
-31.114677731074423,201.68560464652853,0.0,CD4_Tcell
-195.5201391031858,101.25088728762243,0.0,CD4_Tcell
218.44790142821097,-201.57408580343912,0.0,CD4_Tcell
-223.46415421536992,-47.01642584608576,0.0,CD4_Tcell
271.7134002425736,-180.92860042471114,0.0,CD4_Tcell
7.6542526317387605,-254.21065852843563,0.0,CD4_Tcell
-84.07570882150726,-192.54991360575204,0.0,CD4_Tcell
-225.17124962384455,-159.24256332354022,0.0,CD4_Tcell
-222.91889718012314,-258.6992184432362,0.0,CD4_Tcell
231.82759691141334,-41.625304456636904,0.0,CD4_Tcell
263.8993086316075,-56.54941761019775,0.0,CD4_Tcell
119.75551821342906,-166.01999102387038,0.0,CD4_Tcell
180.63646086588372,105.16511629044855,0.0,CD4_Tcell
-346.1510289698923,136.75311061004246,0.0,CD4_Tcell
-360.0264927724347,130.90665895647714,0.0,CD4_Tcell
177.65641994619332,-221.30527804478933,0.0,CD4_Tcell
-122.51718016867409,371.46759672298776,0.0,CD4_Tcell
206.16977714386084,-123.35170205787496,0.0,CD4_Tcell
-277.67425803124627,-88.70270881268144,0.0,CD4_Tcell
312.7972281626452,136.93210487442886,0.0,CD4_Tcell
101.77185108655512,240.54899664015645,0.0,CD4_Tcell
-159.4776236916202,-156.0340705142097,0.0,CD4_Tcell
179.37425054263772,151.89342625178836,0.0,CD4_Tcell
-256.7670595251943,-221.20940184236417,0.0,CD4_Tcell
246.34390006332873,-254.31246047308713,0.0,CD4_Tcell
-189.26236758437759,-188.9957746147465,0.0,CD4_Tcell
46.68545961965019,214.8635355372388,0.0,CD4_Tcell
4.676119689848379,-358.84729203520857,0.0,CD4_Tcell
299.5668937282081,63.96293304860671,0.0,CD4_Tcell
246.92904812414625,254.31294244221252,0.0,CD4_Tcell
-151.38990692442894,-239.6904548210626,0.0,CD4_Tcell
-350.7155389253287,-171.79461983747117,0.0,CD4_Tcell
-296.20146526783196,60.959162822599005,0.0,CD4_Tcell
-231.54156595755148,17.447366654184417,0.0,CD4_Tcell
151.41457907980939,219.18329505657735,0.0,CD4_Tcell
214.558923746199,80.0578261909965,0.0,CD4_Tcell
228.21629563681054,-239.63607060102945,0.0,CD4_Tcell
-55.4893369101471,204.47584393986776,0.0,CD4_Tcell
-360.1831332303678,-127.0356195464374,0.0,CD4_Tcell
-176.28022061823702,241.04205420887828,0.0,CD4_Tcell
178.45711942136595,-225.7279050038772,0.0,CD4_Tcell
322.6166480154655,-139.50661278099832,0.0,CD4_Tcell
-101.36677089540078,298.8531125907014,0.0,CD4_Tcell
186.105835095573,-114.90461912509045,0.0,CD4_Tcell
271.46746383807795,47.667877564339335,0.0,CD4_Tcell
-323.8118536876244,-218.1623003605716,0.0,CD4_Tcell
72.14279653185305,-355.94645580922133,0.0,CD4_Tcell
-380.78064911993124,-19.220479221663982,0.0,CD4_Tcell
128.51515519598138,-155.81368114850832,0.0,CD4_Tcell
-212.3632519355321,13.080580244975504,0.0,CD4_Tcell
-71.99257229870692,-340.05282968792415,0.0,CD4_Tcell
-161.28466784766604,269.136239548613,0.0,CD4_Tcell
258.48629385518797,14.523211588390524,0.0,CD4_Tcell
-297.93556553088484,-95.25141421604992,0.0,CD4_Tcell
96.57690759663363,369.6277293635614,0.0,CD4_Tcell
251.70112909759794,-205.15286473112977,0.0,CD4_Tcell
-229.95556082185112,215.04900592261913,0.0,CD4_Tcell
-210.57545683984432,133.57115966528454,0.0,CD4_Tcell
-258.82187260446653,296.2294041776211,0.0,CD4_Tcell
137.4892650752587,188.7000029636998,0.0,CD4_Tcell
37.274579727786836,292.8883488804077,0.0,CD4_Tcell
-177.03139202265712,-100.79909206793067,0.0,CD4_Tcell
-229.69251810220118,274.9874611753745,0.0,CD4_Tcell
217.08700887819123,-324.3544744074877,0.0,CD4_Tcell
-138.3406853128665,258.1833447591956,0.0,CD4_Tcell
206.88915145406568,-215.91466331664978,0.0,CD4_Tcell
-184.57019154304066,-310.48418689070104,0.0,CD4_Tcell
-282.44156943517135,-49.71844923537025,0.0,CD4_Tcell
-178.43972052802502,-204.8222706274166,0.0,CD4_Tcell
267.5860268850518,128.1558005754099,0.0,CD4_Tcell
227.83787659085107,149.09430706209463,0.0,CD4_Tcell
-162.829743187111,322.31903990274947,0.0,CD4_Tcell
308.98624329408204,50.40475106582501,0.0,CD4_Tcell
-91.8290265127179,-326.9733053247214,0.0,CD4_Tcell
269.28286258371315,-231.24453654480448,0.0,CD4_Tcell
202.6595703612754,-337.52044315594435,0.0,CD4_Tcell
378.01942385426196,-82.05604223529807,0.0,CD4_Tcell
-318.7420332302507,-104.5388132762878,0.0,CD4_Tcell
245.95540141907443,286.2448368006913,0.0,CD4_Tcell
-305.24152624035816,-172.16034329296875,0.0,CD4_Tcell
377.34728080485644,-43.45943171186371,0.0,CD4_Tcell
101.6230564831046,-183.5680205551989,0.0,CD4_Tcell
309.9463872734504,147.19571932708965,0.0,CD4_Tcell
326.69822682756256,-37.26030922893064,0.0,CD4_Tcell
280.2348337358124,-109.95878046357781,0.0,CD4_Tcell
76.62238833009434,280.61101257607214,0.0,CD4_Tcell
304.2706117889517,-193.36914605663898,0.0,CD4_Tcell
315.16477759387266,-35.81235814040806,0.0,CD4_Tcell
73.95751995446126,-318.987739856073,0.0,CD4_Tcell
-259.1507018022571,211.04990711860367,0.0,CD4_Tcell
-196.52534638573263,196.94993787892724,0.0,CD4_Tcell
-257.9076008289808,217.75759501195822,0.0,CD4_Tcell
-141.56938677251688,-347.42660267300215,0.0,CD4_Tcell
334.0530695414699,-144.91804251152172,0.0,CD4_Tcell
-11.616028772297371,228.0324194312305,0.0,CD4_Tcell
199.9367240734191,96.16990622021362,0.0,CD4_Tcell
150.946937703713,302.4626729741465,0.0,CD4_Tcell
-244.36933554632336,131.77310083330084,0.0,CD4_Tcell
-224.48296932409494,109.87389573274116,0.0,CD4_Tcell
237.32774751699677,-105.95980961402485,0.0,CD4_Tcell
216.5700100124493,93.55546356336836,0.0,CD4_Tcell
-275.9376706947802,10.333449225687168,0.0,CD4_Tcell
-20.485646698299327,323.852830051552,0.0,CD4_Tcell
92.99697255452294,246.70177470982063,0.0,CD4_Tcell
29.545467536584113,346.55446087774476,0.0,CD4_Tcell
169.13264447448526,-157.88890302767294,0.0,CD4_Tcell
114.04429451729659,-277.9571766246183,0.0,CD4_Tcell
-281.802286281622,-45.59227097252128,0.0,CD4_Tcell
-180.29512326622356,-102.48338776485181,0.0,CD4_Tcell
185.27845489632185,340.90241973584,0.0,CD4_Tcell
-279.29979802720965,-89.74977954523426,0.0,CD4_Tcell
347.69810841035104,148.36533347371696,0.0,CD4_Tcell
182.00727473077515,-176.15395927696062,0.0,CD4_Tcell
299.02165221998973,-136.33998435410314,0.0,CD4_Tcell
-111.52106969433683,-334.01062996123085,0.0,CD4_Tcell
-75.67517600209595,-234.29001208555195,0.0,CD4_Tcell
-286.10254154291175,-81.44238442370008,0.0,CD4_Tcell
251.05922530034823,-27.44751718643598,0.0,CD4_Tcell
257.21348150672435,-249.24843726022945,0.0,CD4_Tcell
-217.36361851919338,-196.67970482101342,0.0,CD4_Tcell
-178.7883464809691,-351.9660269971919,0.0,CD4_Tcell
110.55413485932966,376.4262294731213,0.0,CD4_Tcell
299.33010782813227,138.0540249454685,0.0,CD4_Tcell
90.06005241235468,306.4607907540298,0.0,CD4_Tcell
-211.3099368656401,309.3630410114786,0.0,CD4_Tcell
227.18836567289347,191.4191307855219,0.0,CD4_Tcell
359.721390296314,11.881101352325254,0.0,CD4_Tcell
347.5211958829562,-129.81728791370531,0.0,CD4_Tcell
-0.23463770882692567,253.49499103398745,0.0,CD4_Tcell
12.13991764542184,217.92743888642994,0.0,CD4_Tcell
-318.7394723334549,178.062160690469,0.0,CD4_Tcell
201.47762612040745,22.799571482529846,0.0,CD4_Tcell
-169.51373493253453,-202.1395889961101,0.0,CD4_Tcell
-91.9548488283611,257.1245095741467,0.0,CD4_Tcell
-178.55063967557723,-176.83891255439153,0.0,CD4_Tcell
-135.79119587454716,289.1254973132854,0.0,CD4_Tcell
71.2053140979803,228.48340439875088,0.0,CD4_Tcell
-99.06550631029253,-214.8080667849997,0.0,CD4_Tcell
101.43303304640797,327.6684576686468,0.0,CD4_Tcell
186.40833979770673,-212.2005046717306,0.0,CD4_Tcell
-202.3163146140015,-87.67744502886931,0.0,CD4_Tcell
134.60155511520736,-272.35302090448687,0.0,CD4_Tcell
-183.72684410752044,305.39311872346997,0.0,CD4_Tcell
-168.7552755765679,120.67832436693942,0.0,CD4_Tcell
69.47877229265038,-374.60038424170983,0.0,CD4_Tcell
59.6769737910352,-374.94878560770485,0.0,CD4_Tcell
156.3050009158786,-294.16873281076766,0.0,CD4_Tcell
289.8725698244309,125.13515945937344,0.0,CD4_Tcell
197.41849693241488,323.29581235029553,0.0,CD4_Tcell
98.35584170914152,-295.09719541868316,0.0,CD4_Tcell
-215.94003679792735,172.60526013663687,0.0,CD4_Tcell
325.23760347775504,18.431989973535703,0.0,CD4_Tcell
-145.67566950135702,-304.7911410361897,0.0,CD4_Tcell
-113.72461251524606,-282.59036545210375,0.0,CD4_Tcell
56.034300524193114,249.54199320106565,0.0,CD4_Tcell
-232.66006091505244,125.83138829307063,0.0,CD4_Tcell
183.9006752582571,282.0827627150742,0.0,CD4_Tcell
385.80262128657773,-86.89330448330995,0.0,CD4_Tcell
203.28116181414015,85.2842824230383,0.0,CD4_Tcell
181.5447929391002,91.17390497790183,0.0,CD4_Tcell
148.5698233340475,-221.65891881290136,0.0,CD4_Tcell
34.32132764175845,-199.4703488160697,0.0,CD4_Tcell
-344.5606465146031,-160.70799811924388,0.0,CD4_Tcell
-63.35869871686861,-259.6973997727714,0.0,CD4_Tcell
-295.6730692736797,237.24412643279058,0.0,CD4_Tcell
-263.7454533694675,-38.17362681538483,0.0,CD4_Tcell
234.30387022293553,309.31725308241704,0.0,CD4_Tcell
235.9950709001766,71.63336256323682,0.0,CD4_Tcell
207.93234099580403,118.01739739471405,0.0,CD4_Tcell
-176.89309360398866,315.9691279448741,0.0,CD4_Tcell
278.4265096874536,207.00307439400066,0.0,CD4_Tcell
-29.760695149934595,347.9371597940335,0.0,CD4_Tcell
-311.50738162151634,-187.85498798078453,0.0,CD4_Tcell
307.15940372533316,-41.81152995250347,0.0,CD4_Tcell
-336.80061494317505,142.20655344757267,0.0,CD4_Tcell
250.2769220952151,-209.2607626177144,0.0,CD4_Tcell
163.20288887199456,211.45636384784927,0.0,CD4_Tcell
-163.68061327057913,-124.83834327252501,0.0,CD4_Tcell
114.87452857517532,342.67813678529603,0.0,CD4_Tcell
204.32153297735792,199.4076843317357,0.0,CD4_Tcell
-334.26865154368187,195.89075191985597,0.0,CD4_Tcell
253.48373920216085,151.1718838616857,0.0,CD4_Tcell
-88.57267779079035,-268.0488636878967,0.0,CD4_Tcell
297.78117860010883,145.39863672716004,0.0,CD4_Tcell
-84.6804762523899,-301.0261959572194,0.0,CD4_Tcell
190.70755862905645,-190.06329558849933,0.0,CD4_Tcell
165.961471304508,195.23114138966105,0.0,CD4_Tcell
142.6202406724382,-175.36466520128212,0.0,CD4_Tcell
159.45319849934526,-121.55358728881785,0.0,CD4_Tcell
-76.83189448979988,184.65804523619502,0.0,CD4_Tcell
226.84159729938466,191.44732996822887,0.0,CD4_Tcell
-392.8137470777429,-53.020552526114315,0.0,CD4_Tcell
64.822839288587,-365.1245006678536,0.0,CD4_Tcell
315.1987973263373,-240.7783328939638,0.0,CD4_Tcell
17.990329497380813,228.91318372048383,0.0,CD4_Tcell
174.11798670954533,351.39720472968236,0.0,CD4_Tcell
176.5660698558963,218.4262474554802,0.0,CD4_Tcell
-92.93819920489022,200.88967167574035,0.0,CD4_Tcell
-71.01631949416905,-231.86381442696316,0.0,CD4_Tcell
254.6278959269136,-131.18321936697242,0.0,CD4_Tcell
-323.2989194520549,-169.22190707448678,0.0,CD4_Tcell
230.52599464625362,250.94119938567252,0.0,CD4_Tcell
-146.22606528468185,-297.3485042249828,0.0,CD4_Tcell
242.62014087853248,-172.94879529966818,0.0,CD4_Tcell
-352.35171499682474,-150.61688574677137,0.0,CD4_Tcell
78.61310464460003,323.5379937127435,0.0,CD4_Tcell
-185.48894456033386,-160.6931460355781,0.0,CD4_Tcell
224.5585899201043,130.30869339597606,0.0,CD4_Tcell
-241.64892429591418,-79.66857817840074,0.0,CD4_Tcell
-322.4839243900843,96.31432129962577,0.0,CD4_Tcell
-303.15164828751773,52.79015556342038,0.0,CD4_Tcell
-280.59376569779886,259.40829424485486,0.0,CD4_Tcell
-386.30861480857476,5.2579601777656535,0.0,CD4_Tcell
385.21103161987327,19.5423053311531,0.0,CD4_Tcell
235.45214492678312,209.11800971187375,0.0,CD4_Tcell
251.79338661940793,262.61284872948454,0.0,CD4_Tcell
-196.07646931136628,85.86533992511019,0.0,CD4_Tcell
-123.02170541246043,-228.00573133344685,0.0,CD4_Tcell
-228.5186271967499,70.30290696358415,0.0,CD4_Tcell
35.097121723373995,377.6445912634508,0.0,CD4_Tcell
-218.27313472513566,-6.196581794011417,0.0,CD4_Tcell
-73.11285503484585,309.0974881421171,0.0,CD4_Tcell
383.98159953470673,-52.24219535647103,0.0,CD4_Tcell
-137.70065566053304,179.00614431417384,0.0,CD4_Tcell
-158.51897693557743,269.4208520511405,0.0,CD4_Tcell
347.6432194344233,157.07076714821275,0.0,CD4_Tcell
348.9730161541564,-166.96884360086906,0.0,CD4_Tcell
385.39881672493846,23.24070692350106,0.0,CD4_Tcell
60.60577231163188,-308.8962859179632,0.0,CD4_Tcell
322.42617027486295,-103.41090278633604,0.0,CD4_Tcell
313.1748440094291,-18.262587249301806,0.0,CD4_Tcell
233.88409008555018,-258.2846828098804,0.0,CD4_Tcell
-205.1281236890041,-189.48893172211487,0.0,CD4_Tcell
312.08831977765055,-211.94179543239028,0.0,CD4_Tcell
-140.3709657620309,-192.03472246678325,0.0,CD4_Tcell
-290.3927532956846,271.83858336254815,0.0,CD4_Tcell
-142.71621615982096,203.53976668890382,0.0,CD4_Tcell
-323.9622614134787,3.6228135254877425,0.0,CD4_Tcell
-281.08680404256546,-4.177271037489496,0.0,CD4_Tcell
-345.9070982032869,61.48729872190237,0.0,CD4_Tcell
130.38632309470194,-165.23817419890003,0.0,CD4_Tcell
-14.440950063950746,200.3627125325542,0.0,CD4_Tcell
226.41161927508662,-138.05757470149584,0.0,CD4_Tcell
-343.5388808602806,98.10709026903123,0.0,CD4_Tcell
211.3179943998895,-144.9986438136959,0.0,CD4_Tcell
-35.742541898759306,256.0137512987432,0.0,CD4_Tcell
-291.52070110726913,-90.81602158246938,0.0,CD4_Tcell
297.05897103603456,120.96471926289588,0.0,CD4_Tcell
-204.3100530608452,-9.606777483038842,0.0,CD4_Tcell
115.24038937266869,205.86073269696485,0.0,CD4_Tcell
52.11513855428871,262.9493171370128,0.0,CD4_Tcell
-107.810585208908,-286.28999667958675,0.0,CD4_Tcell
199.0926833547162,276.23028911970573,0.0,CD4_Tcell
-60.51893947779049,283.2476888454826,0.0,CD4_Tcell
-258.083956343382,-122.38298680373575,0.0,CD4_Tcell
363.83355271509726,-72.72386962210774,0.0,CD4_Tcell
120.52994254925538,-168.99071253534865,0.0,CD4_Tcell
-252.37336240439816,-11.062194425801524,0.0,CD4_Tcell
154.25916167705304,-150.34759766887927,0.0,CD4_Tcell
-103.87921549286229,-199.25883149408804,0.0,CD4_Tcell
61.247124644080955,392.40759390930464,0.0,CD4_Tcell
358.0079666751399,35.56772937954285,0.0,CD4_Tcell
333.0427872494402,-13.547883568004464,0.0,CD4_Tcell
276.8205226609925,-20.30511514451575,0.0,CD4_Tcell
251.99981979783072,-30.532800893962126,0.0,CD4_Tcell
-356.0663753958627,132.3890169783704,0.0,CD4_Tcell
-345.92930902321837,-132.92711676102346,0.0,CD4_Tcell
-321.3950530107256,156.36677313408416,0.0,CD4_Tcell
261.248935256586,-95.10050991424846,0.0,CD4_Tcell
-231.12862865048152,202.40227385794148,0.0,CD4_Tcell
26.143976841555553,-340.80536797275465,0.0,CD4_Tcell
108.5098457548988,270.00259014486903,0.0,CD4_Tcell
302.7009672898145,146.05651433289594,0.0,CD4_Tcell
-194.00338890644224,213.64085631545947,0.0,CD4_Tcell
266.34982306341357,229.6329264965796,0.0,CD4_Tcell
-129.66449434791144,-217.2743822040439,0.0,CD4_Tcell
367.85392772696497,-147.39638647609016,0.0,CD4_Tcell
-158.29870069296274,207.13816682898005,0.0,CD4_Tcell
308.0095745673122,211.12736067667697,0.0,CD4_Tcell
77.96392521678706,240.55105301534832,0.0,CD4_Tcell
51.36006096639758,-329.54424603947353,0.0,CD4_Tcell
-161.67381585460126,200.8409842026375,0.0,CD4_Tcell
262.2812062185366,171.53938395055565,0.0,CD4_Tcell
268.20727346214113,243.0490599594316,0.0,CD4_Tcell
-192.73196346748904,-191.5932436737773,0.0,CD4_Tcell
69.68613110750057,318.67164043572194,0.0,CD4_Tcell
330.20334293211846,-85.27968617933463,0.0,CD4_Tcell
126.72778610909555,209.80998424242344,0.0,CD4_Tcell
-352.76080424440727,-10.06278183865842,0.0,CD4_Tcell
168.368753480839,182.32539274502957,0.0,CD4_Tcell
-271.71771093229853,-65.82776577527058,0.0,CD4_Tcell
249.6735003019303,-151.4735717229281,0.0,CD4_Tcell
222.03268169636652,-56.299767547589646,0.0,CD4_Tcell
225.57595252667514,-32.87767746312639,0.0,CD4_Tcell
268.43243458813225,-10.470406780108885,0.0,CD4_Tcell
-223.2123073860266,-23.747550202727258,0.0,CD4_Tcell
-152.95715351940626,198.78280296964502,0.0,CD4_Tcell
34.05497513092723,-272.0050464039015,0.0,CD4_Tcell
-142.31927321594685,296.5481026319137,0.0,CD4_Tcell
90.93861011310176,-252.00852419834507,0.0,CD4_Tcell
-21.067315072599815,212.01204717385568,0.0,CD4_Tcell
310.871584552885,95.51337191454158,0.0,CD4_Tcell
328.148480377998,-227.8581522047201,0.0,CD4_Tcell
44.84699894085478,375.23986335860815,0.0,CD4_Tcell
225.79539392479435,139.77889572373945,0.0,CD4_Tcell
-47.3262892043968,-270.3976034977674,0.0,CD4_Tcell
-315.71157087375,-117.2250974074198,0.0,CD4_Tcell
-104.00736666751656,-355.6086871758521,0.0,CD4_Tcell
133.92364182969942,-350.0183314048043,0.0,CD4_Tcell
225.1220664272561,47.2368887823826,0.0,CD4_Tcell
194.09109636136222,89.69780251886858,0.0,CD4_Tcell
176.87979549978883,172.66638901263664,0.0,CD4_Tcell
230.1159997759668,46.352806155775,0.0,CD4_Tcell
-55.82521689566997,-229.55707582555996,0.0,CD4_Tcell
298.2272342413267,-186.23456975428667,0.0,CD4_Tcell
306.64315795467076,-159.19380668805368,0.0,CD4_Tcell
-274.67061210956643,-173.40039159688104,0.0,CD4_Tcell
197.3326173397045,-337.3031911542575,0.0,CD4_Tcell
285.0737278990898,-65.93538381773246,0.0,CD4_Tcell
-15.749455630908672,262.6098009470791,0.0,CD4_Tcell
-149.17988971845608,176.66234023983043,0.0,CD4_Tcell
-204.04413129006875,290.1201822799861,0.0,CD4_Tcell
-323.7354382156561,109.52367678811999,0.0,CD4_Tcell
235.7806171380488,126.44448655371146,0.0,CD4_Tcell
54.68586687045732,234.68889551516412,0.0,CD4_Tcell
240.1727669998997,-6.115996695163117,0.0,CD4_Tcell
-279.7186113696017,-82.84043074360459,0.0,CD4_Tcell
-228.14323461526732,261.1695132903416,0.0,CD4_Tcell
147.2586631161091,-334.02987137399276,0.0,CD4_Tcell
-222.94019702760625,4.08974938245966,0.0,CD4_Tcell
239.50449247937726,13.472160943638428,0.0,CD4_Tcell
28.243138608550826,375.53408666693326,0.0,CD4_Tcell
135.68695236947363,-315.0334160791501,0.0,CD4_Tcell
19.306197250330655,312.2483805387648,0.0,CD4_Tcell
-87.1042589421153,236.50867135267225,0.0,CD4_Tcell
-169.40678336017174,-318.63106678381484,0.0,CD4_Tcell
-18.2205831736607,-368.60466185313516,0.0,CD4_Tcell
-131.60444235529727,284.03619457575223,0.0,CD4_Tcell
188.90782030818633,347.89714501933094,0.0,CD4_Tcell
-233.40344261574313,107.33771395874159,0.0,CD4_Tcell
267.8727574770965,-182.34157602534893,0.0,CD4_Tcell
102.04690228675076,-239.02498304740578,0.0,CD4_Tcell
-255.23935971003405,-296.8435904490793,0.0,CD4_Tcell
-13.458375739830025,386.6117132483664,0.0,CD4_Tcell
-312.92261947298095,-71.86684061639953,0.0,CD4_Tcell
45.0208374437605,223.01973073208663,0.0,CD4_Tcell
270.4921648829533,-189.72551195539262,0.0,CD4_Tcell
-114.33885573910997,-344.8039637110457,0.0,CD4_Tcell
-66.59185977749593,-217.93414791877356,0.0,CD4_Tcell
282.38994840457696,62.4421817075109,0.0,CD4_Tcell
-201.2860315069541,149.92084826699315,0.0,CD4_Tcell
-162.84417702139942,230.23495769337373,0.0,CD4_Tcell
-241.9515941314786,-172.00016742310953,0.0,CD4_Tcell
-220.32498394427205,-85.72306688954767,0.0,CD4_Tcell
228.51002582606472,-51.402921677411946,0.0,CD4_Tcell
-313.7833277680206,-183.16023346377668,0.0,CD4_Tcell
-0.3755073775885716,-222.33151226487973,0.0,CD4_Tcell
312.3288356535882,-115.41985769988113,0.0,CD4_Tcell
-206.6528573319586,-301.8646726183131,0.0,CD4_Tcell
-369.49805005201824,84.64341847462802,0.0,CD4_Tcell
284.52205529143964,190.06788553561307,0.0,CD4_Tcell
84.37072150715349,358.5027138213483,0.0,CD4_Tcell
-121.41693229371138,-233.78955082903764,0.0,CD4_Tcell
134.9888900263826,373.2329904254729,0.0,CD4_Tcell
300.01323700882443,-169.51986815393792,0.0,CD4_Tcell
84.76752158326775,-343.13442927203886,0.0,CD4_Tcell
203.68188071970215,191.8817490283128,0.0,CD4_Tcell
-107.5058105487308,308.2231000888298,0.0,CD4_Tcell
-68.16705401236543,306.9942246221972,0.0,CD4_Tcell
143.56478053353064,295.30685418684203,0.0,CD4_Tcell
210.6289056370327,-149.09522846331043,0.0,CD4_Tcell
222.34333696576527,-281.50721168173294,0.0,CD4_Tcell
198.01711569664852,191.36140846348553,0.0,CD4_Tcell
-296.48366682902713,37.20977602841779,0.0,CD4_Tcell
-250.14279714611456,121.86024730215654,0.0,CD4_Tcell
1.2997633211156694,-260.02298326583286,0.0,CD4_Tcell
-151.6106732582586,-300.8180411681826,0.0,CD4_Tcell
-44.90482922031653,-233.06951878403757,0.0,CD4_Tcell
20.109111763671493,300.7098797417495,0.0,CD4_Tcell
-381.80204012281274,-72.36776725680535,0.0,CD4_Tcell
-174.50980916487995,165.06005176455113,0.0,CD4_Tcell
119.62458155492,231.61590044891344,0.0,CD4_Tcell
194.5443255424981,98.5551355143478,0.0,CD4_Tcell
-233.6846087036631,142.46520996238667,0.0,CD4_Tcell
8.456452078362098,217.34208965944268,0.0,CD4_Tcell
25.9608247242568,-237.26243507646916,0.0,CD4_Tcell
-210.4451418268242,-283.84198730056704,0.0,CD4_Tcell
-338.34926830374843,27.245344772737667,0.0,CD4_Tcell
195.46136877019157,-188.1760778357533,0.0,CD4_Tcell
-190.21462045872246,-101.44854753922921,0.0,CD4_Tcell
-62.664265105409775,-377.3686248413451,0.0,CD4_Tcell
323.8638469125229,-20.376917001643495,0.0,CD4_Tcell
259.04641262751824,139.50785516403343,0.0,CD4_Tcell
-343.81821913156693,-19.018408351171843,0.0,CD4_Tcell
355.482739139301,113.16261319680731,0.0,CD4_Tcell
-298.7701966343527,103.60477609270379,0.0,CD4_Tcell
212.63814600059317,107.58544804878994,0.0,CD4_Tcell
354.9373645394056,145.29453427680417,0.0,CD4_Tcell
-339.34803026733204,105.44812673920849,0.0,CD4_Tcell
-330.2611375715632,-32.27062469834171,0.0,CD4_Tcell
-331.0778009631986,-67.67421096559247,0.0,CD4_Tcell
-262.06580404911625,-164.08981757682307,0.0,CD4_Tcell
252.0850644574884,262.8590832103891,0.0,CD4_Tcell
-302.3405691617695,196.71493260226987,0.0,CD4_Tcell
293.8424471465236,268.7739392239174,0.0,CD4_Tcell
-187.6777346067817,-281.9547721401551,0.0,CD4_Tcell
-93.35234102719822,192.45042528273834,0.0,CD4_Tcell
-244.8172958786493,45.18422708400886,0.0,CD4_Tcell
204.36725365371447,269.1545042864173,0.0,CD4_Tcell
348.584880040576,174.8134218724073,0.0,CD4_Tcell
-252.94383264029815,-226.32985827316227,0.0,CD4_Tcell
-305.1980337375577,-27.180295520979612,0.0,CD4_Tcell
116.14760467314527,231.21655122719835,0.0,CD4_Tcell
63.1547815882796,-342.2178368892879,0.0,CD4_Tcell
-235.98087376502048,-317.35664133587306,0.0,CD4_Tcell
-248.15321396401413,-297.24285753906054,0.0,CD4_Tcell
-201.0964277929622,238.5371510965979,0.0,CD4_Tcell
-111.25295438432144,176.7847545830983,0.0,CD4_Tcell
93.64020685827904,-266.8413977726882,0.0,CD4_Tcell
-276.465985035936,143.68453635915907,0.0,CD4_Tcell
-126.6212718979242,-314.96258333171835,0.0,CD4_Tcell
295.58749116747026,21.785757174624095,0.0,CD4_Tcell
-361.08846516669337,135.76607005183948,0.0,CD4_Tcell
213.57114325080735,-232.5870943689519,0.0,CD4_Tcell
-109.64913241374174,-343.5636363817138,0.0,CD4_Tcell
-219.38626016056918,-266.25466768766825,0.0,CD4_Tcell
-84.75182817896889,-264.492494262184,0.0,CD4_Tcell
122.44253564653411,357.76915903785095,0.0,CD4_Tcell
-137.95123063663084,-200.6024240267096,0.0,CD4_Tcell
228.37384813149836,-249.50074725583136,0.0,CD4_Tcell
-13.445342919653276,-295.9816036359355,0.0,CD4_Tcell
-90.1981280728062,213.60713142807845,0.0,CD4_Tcell
-68.64315940702652,380.49895361421784,0.0,CD4_Tcell
128.07081862314695,287.6892966285405,0.0,CD4_Tcell
-125.34695408995599,273.42575302450655,0.0,CD4_Tcell
186.4399421685924,-94.8292496493322,0.0,CD4_Tcell
-131.80108577333053,-368.87865053869064,0.0,CD4_Tcell
-32.561449979853634,-330.6306446702856,0.0,CD4_Tcell
294.4700277321391,-1.6735058182890077,0.0,CD4_Tcell
56.32636353619282,222.9751106605636,0.0,CD4_Tcell
-11.020116198792973,-250.01114778826422,0.0,CD4_Tcell
180.9500436517017,336.5312142069872,0.0,CD4_Tcell
-308.52388602200546,205.08738673998332,0.0,CD4_Tcell
178.43248907489786,210.61030096628966,0.0,CD4_Tcell
-285.94796045639555,-61.43004500111829,0.0,CD4_Tcell
-282.8559342257933,-282.73014049522544,0.0,CD4_Tcell
-331.0248764741924,-2.9728755446757718,0.0,CD4_Tcell
-47.750834874048216,-288.4100110982024,0.0,CD4_Tcell
22.78066439292003,-278.6291445780685,0.0,CD4_Tcell
174.68610324797416,-215.85571877443,0.0,CD4_Tcell
321.62586240055174,-166.57871643580052,0.0,CD4_Tcell
86.32433230752414,-239.83534191490187,0.0,CD4_Tcell
-157.87639578389079,198.29399401814692,0.0,CD4_Tcell
-137.1349800313421,-189.77507781976365,0.0,CD4_Tcell
316.6756583906097,-184.50736352996842,0.0,CD4_Tcell
-226.7563837337155,-243.61634661573638,0.0,CD4_Tcell
325.4679585451683,-102.34997799127976,0.0,CD4_Tcell
161.0606586354091,322.14275441676966,0.0,CD4_Tcell
242.87902950121023,-156.4372856719979,0.0,CD4_Tcell
-312.8756007698436,-50.85140058680331,0.0,CD4_Tcell
-13.594451797122817,312.87280658351335,0.0,CD4_Tcell
169.9051189511085,-306.46464326119764,0.0,CD4_Tcell
78.47848141118133,-291.7668338920681,0.0,CD4_Tcell
-35.40177717114099,-217.23237325868197,0.0,CD4_Tcell
-128.71140025780505,-203.87077567361504,0.0,CD4_Tcell
-181.39872582449348,279.93753196569776,0.0,CD4_Tcell
301.75477456652135,217.4234242884611,0.0,CD4_Tcell
-352.814418751769,-7.584715247080992,0.0,CD4_Tcell
102.46538018431325,-348.20807334342925,0.0,CD4_Tcell
152.0430238380534,151.8322032920475,0.0,CD4_Tcell
-17.582631066840523,305.95707582203477,0.0,CD4_Tcell
-341.43919860114823,-172.23110827178067,0.0,CD4_Tcell
149.30500153270748,138.16244686363726,0.0,CD4_Tcell
196.67802574958912,-119.6670830073262,0.0,CD4_Tcell
232.74467624093444,-17.260408043040446,0.0,CD4_Tcell
-267.2161328992077,58.15203959987977,0.0,CD4_Tcell
187.29747859295702,-281.085335154795,0.0,CD4_Tcell
317.5243117482052,-11.778710577541545,0.0,CD4_Tcell
-69.64142487898948,336.16329705351615,0.0,CD4_Tcell
-82.69246974392243,-216.16998681953564,0.0,CD4_Tcell
132.14934604754262,-368.3922326679595,0.0,CD4_Tcell
267.5002514212418,105.77802130967066,0.0,CD4_Tcell
5.507358127708608,288.77588045074197,0.0,CD4_Tcell
-23.120288259611225,-395.75612646701364,0.0,CD4_Tcell
334.4880712860039,53.800186774889234,0.0,CD4_Tcell
-203.87525407355795,-93.60957741483053,0.0,CD4_Tcell
322.2442604012685,215.87639884628285,0.0,CD4_Tcell
362.7307579571796,-45.05257543905206,0.0,CD4_Tcell
132.17877494807604,-151.72681626956003,0.0,CD4_Tcell
-78.76774984589188,-366.7885369455661,0.0,CD4_Tcell
-21.2971392238821,380.1104274822956,0.0,CD4_Tcell
231.2881031975803,202.14101930742024,0.0,CD4_Tcell
-189.7551975395889,-285.87491696158634,0.0,CD4_Tcell
225.66059927357784,276.4064965309681,0.0,CD4_Tcell
174.38267126202612,194.40907557964337,0.0,CD4_Tcell
192.54038901379542,-90.10497549105078,0.0,CD4_Tcell
-261.2458405170383,192.2365479197578,0.0,CD4_Tcell
42.606264055459256,256.0275060952666,0.0,CD4_Tcell
-270.69221406007773,19.391200889955744,0.0,CD4_Tcell
266.48134240235413,147.9294805645239,0.0,CD4_Tcell
-232.48850332641197,-145.12866180758368,0.0,CD4_Tcell
-102.20222233982767,-334.235559561453,0.0,CD4_Tcell
-233.15195537548837,-301.5617333476363,0.0,CD4_Tcell
246.40482682526513,-41.9155850925355,0.0,CD4_Tcell
-105.70415167218307,-203.33574242459798,0.0,CD4_Tcell
-211.86699767931054,139.49841213003666,0.0,CD4_Tcell
264.4340773547356,-51.942467773517556,0.0,CD4_Tcell
232.95530684879336,-106.81886032121008,0.0,CD4_Tcell
-302.54478260111995,-160.23125949417317,0.0,CD4_Tcell
328.38106142132943,-178.94014874480112,0.0,CD4_Tcell
-128.67615389104077,373.23599288935196,0.0,CD4_Tcell
161.96597910000685,236.3622728561258,0.0,CD4_Tcell
141.9749585197401,-215.01311202437745,0.0,CD4_Tcell
-359.66620828141794,-58.644040716728014,0.0,CD4_Tcell
-79.2754751281476,-196.33639134174396,0.0,CD4_Tcell
-92.4779261970866,-353.05283809726177,0.0,CD4_Tcell
38.310279551261594,225.65667252671693,0.0,CD4_Tcell
-133.09595108468181,-283.51709051572584,0.0,CD4_Tcell
-198.52680858851804,-266.9872370436875,0.0,CD4_Tcell
-279.78997174078097,186.8037589223711,0.0,CD4_Tcell
-146.81276777429477,-258.98836059143247,0.0,CD4_Tcell
302.628617008266,-161.29919865513168,0.0,CD4_Tcell
-324.0937652299733,44.11553411333857,0.0,CD4_Tcell
13.920109112130836,386.77267882328545,0.0,CD4_Tcell
167.66824656172258,-246.82815076091669,0.0,CD4_Tcell
-5.149966723506384,-379.6361538663624,0.0,CD4_Tcell
249.33828210844493,-122.51689194457978,0.0,CD4_Tcell
-98.0583697989552,362.909108637364,0.0,CD4_Tcell
279.02448502993275,-190.7666259129589,0.0,CD4_Tcell
305.50731975813125,-177.19081077792927,0.0,CD4_Tcell
209.0773210182907,-256.7210794557562,0.0,CD4_Tcell
65.12780360796549,280.85360301670545,0.0,CD4_Tcell
256.10899247470235,185.51605100043977,0.0,CD4_Tcell
-171.8427313990873,202.27217453408218,0.0,CD4_Tcell
192.67852590897095,-139.75579269150754,0.0,CD4_Tcell
8.486285161895387,-359.73101229352295,0.0,CD4_Tcell
-301.76372665100786,-164.99315840781418,0.0,CD4_Tcell
166.74096809716602,145.34408286303008,0.0,CD4_Tcell
80.32015658748547,214.84331415873558,0.0,CD4_Tcell
92.30360727019401,-195.5121277588512,0.0,CD4_Tcell
219.17244005212694,316.8902224553681,0.0,CD4_Tcell
-262.7995178061306,-247.22017127439852,0.0,CD4_Tcell
261.3521703852964,176.9998307992879,0.0,CD4_Tcell
-257.9036823993877,-288.5220426847834,0.0,CD4_Tcell
-4.964498191690378,269.2301592919446,0.0,CD4_Tcell
113.44128785735954,-178.45761167226993,0.0,CD4_Tcell
12.15286249164081,-314.0328500001626,0.0,CD4_Tcell
184.1604341040864,205.56211791540838,0.0,CD4_Tcell
197.61906579696495,102.78742456358296,0.0,CD4_Tcell
23.07046749844172,-299.3110068411761,0.0,CD4_Tcell
177.34851688513677,-209.4588173066701,0.0,CD4_Tcell
227.52993132583853,-239.83012991199732,0.0,CD4_Tcell
52.0030362377467,229.0172099138033,0.0,CD4_Tcell
-164.30408426279763,-318.9561994862537,0.0,CD4_Tcell
239.57663862882416,265.5741166349689,0.0,CD4_Tcell
211.8712580593071,87.71598083113133,0.0,CD4_Tcell
-257.82374474782836,-300.6734743478198,0.0,CD4_Tcell
218.33321397380627,-145.11756825021524,0.0,CD4_Tcell
-356.76970086631934,-18.61087513860344,0.0,CD4_Tcell
-178.40738075754123,174.501576194487,0.0,CD4_Tcell
182.87180010673706,148.39745642356326,0.0,CD4_Tcell
127.54297995703116,169.07607241207066,0.0,CD4_Tcell
-143.95203316741308,-294.66040933323586,0.0,CD4_Tcell
-273.306438893143,246.93108124535695,0.0,CD4_Tcell
0.8358174403927147,357.23616778612933,0.0,CD4_Tcell
-318.20503824327676,225.01043548908876,0.0,CD4_Tcell
287.9597199895294,-73.25505546985377,0.0,CD4_Tcell
-54.89044135473844,308.8316270128636,0.0,CD4_Tcell
78.05921533031002,229.4543930740349,0.0,CD4_Tcell
-90.36598496382967,389.2984852693894,0.0,CD4_Tcell
-328.2386541742661,-152.4352829793512,0.0,CD4_Tcell
-311.7000542670354,-203.76636211825254,0.0,CD4_Tcell
138.48380719367054,286.78427113482445,0.0,CD4_Tcell
-60.78322786409728,243.93231523074152,0.0,CD4_Tcell
-375.796434065966,108.67136836598779,0.0,CD4_Tcell
289.79514498424766,-230.43720223110043,0.0,CD4_Tcell
214.33192080685814,332.0869624821274,0.0,CD4_Tcell
45.505315761088916,375.6273641415059,0.0,CD4_Tcell
149.05300494202123,279.8046505978834,0.0,CD4_Tcell
40.30730942539427,-224.3052280615982,0.0,CD4_Tcell
102.40375091796817,350.00761150035555,0.0,CD4_Tcell
-157.3991574598356,-224.3709888286778,0.0,CD4_Tcell
-35.12288959540826,262.2442007173914,0.0,CD4_Tcell
253.29589372573477,-251.81287192244437,0.0,CD4_Tcell
217.5269674321409,-325.1719913793292,0.0,CD4_Tcell
361.3845089693252,6.553024624756727,0.0,CD4_Tcell
298.251402278015,-129.44985061133616,0.0,CD4_Tcell
-22.546905282786643,-255.4472559733652,0.0,CD4_Tcell
-341.8483048593871,154.2552263296916,0.0,CD4_Tcell
-392.7819030338272,23.06167323430199,0.0,CD4_Tcell
100.5156803257517,-206.2584655361658,0.0,CD4_Tcell
-58.12758811575081,318.27217223784834,0.0,CD4_Tcell
115.76873815862746,169.23987067067878,0.0,CD4_Tcell
-93.96782253065594,-262.30247054958176,0.0,CD4_Tcell
-123.59906562416698,-185.31747964166578,0.0,CD4_Tcell
260.5281876621619,-14.801797296505088,0.0,CD4_Tcell
238.67649717978657,99.67210698291188,0.0,CD4_Tcell
258.05122843583814,-289.06082355860906,0.0,CD4_Tcell
-164.1757617209388,284.97199980548913,0.0,CD4_Tcell
-348.9287291439061,133.9200762594278,0.0,CD4_Tcell
112.8084350461133,317.30985858529937,0.0,CD4_Tcell
-118.63215670597825,-323.0719305404304,0.0,CD4_Tcell
245.73541530920446,45.45209394585577,0.0,CD4_Tcell
310.12154031032526,-109.83162165725483,0.0,CD4_Tcell
-359.15734879666564,-93.89638459941312,0.0,CD4_Tcell
-188.31992158918163,339.26450601533,0.0,CD4_Tcell
37.57856485049531,-208.8724719818964,0.0,CD4_Tcell
29.94484688955814,-310.25975303655747,0.0,CD4_Tcell
107.44474725970213,182.64363560996966,0.0,CD4_Tcell
-305.4229767656417,-182.52691920043998,0.0,CD4_Tcell
-68.28137786107719,224.20935684177869,0.0,CD4_Tcell
265.30885994877787,-36.08217012067762,0.0,CD4_Tcell
-186.60979887400555,-150.5443037450046,0.0,CD4_Tcell
355.5517136094035,87.55626953564526,0.0,CD4_Tcell
-231.898138115945,-284.0963548208279,0.0,CD4_Tcell
239.49141741137433,85.45468014581954,0.0,CD4_Tcell
251.00840043198082,-135.69944334031024,0.0,CD4_Tcell
365.7814264396235,113.33583112984056,0.0,CD4_Tcell
-257.7901640068581,-188.82357328559337,0.0,CD4_Tcell
180.8279147669459,339.4877398424437,0.0,CD4_Tcell
123.24802577025388,374.4294090099039,0.0,CD4_Tcell
-254.9602291196841,-24.555402117987047,0.0,CD4_Tcell
234.93303527287682,256.209719085985,0.0,CD4_Tcell
-42.538138454688614,257.6730837707658,0.0,CD4_Tcell
137.86520656671848,278.33281113256817,0.0,CD4_Tcell
-149.9420405967601,253.39208683491938,0.0,CD4_Tcell
-80.70621092387483,389.4842361492252,0.0,CD4_Tcell
-3.611698792507118,-364.13992779851577,0.0,CD4_Tcell
-179.41186754779346,-281.0835417850017,0.0,CD4_Tcell
211.9166521202136,233.9680768402787,0.0,CD4_Tcell
-247.85602632852846,90.44385141487633,0.0,CD4_Tcell
-254.93732936513973,-181.34875247131865,0.0,CD4_Tcell
-116.34844521481413,-170.21315075384646,0.0,CD4_Tcell
-249.1832333520015,-64.51176411965177,0.0,CD4_Tcell
269.66042506399134,50.37629775873887,0.0,CD4_Tcell
-33.6047971326785,-307.88681564373564,0.0,CD4_Tcell
-94.57703800257488,-210.64764319265345,0.0,CD4_Tcell
-91.620051060291,367.5057359246166,0.0,CD4_Tcell
-222.8493728331925,0.23808324576681744,0.0,CD4_Tcell
-88.39487043050266,-274.0461340956273,0.0,CD4_Tcell
-220.28868931037044,-321.89753776645824,0.0,CD4_Tcell
84.50097968020927,339.6889869404059,0.0,CD4_Tcell
-324.7595191260085,-129.17049142160428,0.0,CD4_Tcell
-259.081425114273,175.2334384112969,0.0,CD4_Tcell
-229.72964207855475,298.98741614515285,0.0,CD4_Tcell
154.48890257940047,187.3831445668359,0.0,CD8_Tcell
138.0309256493765,-307.17367826078305,0.0,CD8_Tcell
-205.0558637632118,-178.0000298797062,0.0,CD8_Tcell
307.3646382737084,88.0823893218544,0.0,CD8_Tcell
-164.55876334253773,213.77783523224016,0.0,CD8_Tcell
79.73951163279786,-322.5565872091598,0.0,CD8_Tcell
-372.8451861754136,44.11399799104496,0.0,CD8_Tcell
34.32907051759298,302.0701223559723,0.0,CD8_Tcell
271.59967111486947,242.31344244353224,0.0,CD8_Tcell
188.69886557989003,303.39480751071187,0.0,CD8_Tcell
209.88462444027806,-333.5695014682558,0.0,CD8_Tcell
143.80321279066138,188.03880348113768,0.0,CD8_Tcell
-246.52741879809494,-281.3752933260234,0.0,CD8_Tcell
181.52534286833574,-227.5850621344777,0.0,CD8_Tcell
353.77151760993274,-165.8218433464046,0.0,CD8_Tcell
-151.37145365790585,354.4156963454161,0.0,CD8_Tcell
132.68367713170082,332.74641384855886,0.0,CD8_Tcell
243.8549536058894,200.3858367655433,0.0,CD8_Tcell
260.580723494006,-28.790708702079215,0.0,CD8_Tcell
-77.76696102180686,-389.3708349489885,0.0,CD8_Tcell
294.4280726998934,-256.28718922926504,0.0,CD8_Tcell
81.4968230126295,382.56611871231826,0.0,CD8_Tcell
-142.80289155995305,170.05669347174765,0.0,CD8_Tcell
-112.27651894642584,261.14538246859917,0.0,CD8_Tcell
-318.6541865824869,33.2145289493564,0.0,CD8_Tcell
354.9335877318418,-27.138349641772166,0.0,CD8_Tcell
279.3447903035489,15.204916280431267,0.0,CD8_Tcell
299.1600844348151,12.21471685587001,0.0,CD8_Tcell
379.77451574844594,-12.151344387040105,0.0,CD8_Tcell
-238.74148993510852,241.30688644758973,0.0,CD8_Tcell
-66.67298760755482,-226.75620346076747,0.0,CD8_Tcell
31.792769558031583,-201.67184756436816,0.0,CD8_Tcell
-338.7171443614734,150.08171316107104,0.0,CD8_Tcell
-196.54699630593083,-208.88614538290287,0.0,CD8_Tcell
-389.99741346591134,-10.367763015656902,0.0,CD8_Tcell
237.45092673094462,-24.439492160510277,0.0,CD8_Tcell
-284.7300360760608,-149.55261481041714,0.0,CD8_Tcell
-348.57705631990996,17.169977037844582,0.0,CD8_Tcell
-76.90466415559563,281.80824488615474,0.0,CD8_Tcell
-165.86010635617146,-227.35149720668974,0.0,CD8_Tcell
-174.9644356974971,-338.14185481291,0.0,CD8_Tcell
-341.07979237928765,58.49366184578088,0.0,CD8_Tcell
-46.176575083562824,-329.3640628632338,0.0,CD8_Tcell
-274.14007669997187,-75.4786643859014,0.0,CD8_Tcell
-41.814872827693534,-342.8747634406743,0.0,CD8_Tcell
234.09773577516575,-100.32211104995577,0.0,CD8_Tcell
27.525087075789255,367.2653129190965,0.0,CD8_Tcell
74.94629430348826,271.4478898606914,0.0,CD8_Tcell
-296.48690614663366,48.33638421837483,0.0,CD8_Tcell
-213.3796481188209,-161.5200619736379,0.0,CD8_Tcell
7.268846290987878,-361.5825239692311,0.0,CD8_Tcell
47.26550734439477,331.27472490956535,0.0,CD8_Tcell
-231.91885637801025,103.46778734992901,0.0,CD8_Tcell
53.723759044203945,-265.0822267158596,0.0,CD8_Tcell
129.5728971331086,-219.28525586435663,0.0,CD8_Tcell
-298.94429044289313,222.90494140483938,0.0,CD8_Tcell
134.98687052847743,-330.45045120173427,0.0,CD8_Tcell
175.65021820356785,186.9987112834473,0.0,CD8_Tcell
-59.5120907667819,-366.2762649174599,0.0,CD8_Tcell
226.8691513232587,315.21713725387593,0.0,CD8_Tcell
-285.7001766337308,107.18487007607808,0.0,CD8_Tcell
6.520840631694202,347.4642756083409,0.0,CD8_Tcell
-198.74516540422013,64.66602672108613,0.0,CD8_Tcell
14.472071507095249,328.2220422998806,0.0,CD8_Tcell
249.84025625994298,-284.65450708238524,0.0,CD8_Tcell
-82.68070611442205,194.87464197454165,0.0,CD8_Tcell
-26.536861734768912,-261.8829703931377,0.0,CD8_Tcell
207.90870917313356,-41.34825100864751,0.0,CD8_Tcell
289.3954948166519,-153.12533057362853,0.0,CD8_Tcell
215.9476395369562,-60.49615388401804,0.0,CD8_Tcell
138.17992264265126,-229.38443256242996,0.0,CD8_Tcell
-295.2057335904443,-169.5531357165618,0.0,CD8_Tcell
-246.82141197681804,64.27100452435202,0.0,CD8_Tcell
-242.462262675395,-35.66733833151235,0.0,CD8_Tcell
-147.2094806734352,-221.46108047633248,0.0,CD8_Tcell
215.86316199355082,36.68124920214519,0.0,CD8_Tcell
311.39208074708165,-184.00089892008296,0.0,CD8_Tcell
346.3634681791028,-189.6460754486581,0.0,CD8_Tcell
97.80347268760704,-283.22965760511755,0.0,CD8_Tcell
-226.8573324627503,-130.18109269311628,0.0,CD8_Tcell
333.9016037963815,-29.934466991589595,0.0,CD8_Tcell
384.56332613175704,14.020953124797595,0.0,CD8_Tcell
278.96969764842555,-135.18097400974875,0.0,CD8_Tcell
-246.90938286265003,-264.67566118040844,0.0,CD8_Tcell
127.44253284111757,-176.1806371380579,0.0,CD8_Tcell
324.8103621877172,17.662454546634503,0.0,CD8_Tcell
120.31331890554074,-351.5037633839476,0.0,CD8_Tcell
-173.13527293258866,-134.01307558418836,0.0,CD8_Tcell
324.5856397344636,15.352049976530958,0.0,CD8_Tcell
61.87951476946904,289.05047569523094,0.0,CD8_Tcell
-286.4560685862741,-231.5134101316583,0.0,CD8_Tcell
-139.25048888592198,211.8043765987272,0.0,CD8_Tcell
-52.69686802450429,-220.3417693030882,0.0,CD8_Tcell
158.73246211988408,-327.7155478276338,0.0,CD8_Tcell
129.05338101315647,244.49088318877517,0.0,CD8_Tcell
-59.079906294022486,-331.6041972241976,0.0,CD8_Tcell
-65.12015010520452,-218.61332706465086,0.0,CD8_Tcell
-195.75571427738132,275.94847299702724,0.0,CD8_Tcell
319.6714247032161,-236.42400155458552,0.0,CD8_Tcell
211.75913946380743,237.1840048057726,0.0,CD8_Tcell
7.918429777996687,-318.12913805763486,0.0,CD8_Tcell
-309.0902639163141,113.37254207843723,0.0,CD8_Tcell
242.56846949959106,-257.66270652867655,0.0,CD8_Tcell
24.85359048435959,336.9269796667283,0.0,CD8_Tcell
-255.56279217309174,-272.02306688686014,0.0,CD8_Tcell
268.5739145670715,-171.99596649583728,0.0,CD8_Tcell
334.12432762854627,35.33339624397444,0.0,CD8_Tcell
-118.93800066973029,276.6743228133964,0.0,CD8_Tcell
-287.34678150307184,-14.093174734894594,0.0,CD8_Tcell
-321.4991546520095,104.89407155258785,0.0,CD8_Tcell
-26.91478994651714,336.2671674209464,0.0,CD8_Tcell
21.944847197596438,278.1667883370863,0.0,CD8_Tcell
-199.40628205752012,98.83519005930114,0.0,CD8_Tcell
375.60322223853893,-88.2110757747587,0.0,CD8_Tcell
-129.47677207521534,-318.45296709818535,0.0,CD8_Tcell
91.2664354073998,331.83322330160047,0.0,CD8_Tcell
186.52067742504428,285.4293169413587,0.0,CD8_Tcell
121.0363717962121,278.22957351314915,0.0,CD8_Tcell
-306.78058776361416,82.12008387768056,0.0,CD8_Tcell
-251.87781507972036,244.51458258928471,0.0,CD8_Tcell
-234.1250875677345,175.85692405636988,0.0,CD8_Tcell
-124.36733093217195,-321.26477631536227,0.0,CD8_Tcell
-338.70304774256624,73.19717653652789,0.0,CD8_Tcell
-219.87077123989457,-327.59356207927783,0.0,CD8_Tcell
278.48932313312935,-249.92496531478446,0.0,CD8_Tcell
57.360923848085804,261.5169585930065,0.0,CD8_Tcell
361.7443194967713,84.73608617260462,0.0,CD8_Tcell
-297.3982498058673,11.415872703235728,0.0,CD8_Tcell
344.5241918928909,-114.33455502751067,0.0,CD8_Tcell
-194.49759980376106,86.39727510545892,0.0,CD8_Tcell
-186.14569629236686,153.76055759154565,0.0,CD8_Tcell
117.31425900567959,-377.3699010566499,0.0,CD8_Tcell
-279.6191080300511,192.2299170473198,0.0,CD8_Tcell
-109.51553592609632,365.33676231530166,0.0,CD8_Tcell
-361.44060121318284,-130.01427169157202,0.0,CD8_Tcell
386.6477160258263,81.14996372738221,0.0,CD8_Tcell
74.48518315856278,-206.78980281316174,0.0,CD8_Tcell
-323.0475228342236,-123.82312185168007,0.0,CD8_Tcell
-233.4982114497154,-177.60226785014123,0.0,CD8_Tcell
-66.77854958586992,199.60476742109935,0.0,CD8_Tcell
-218.81070327966103,28.23808875347759,0.0,CD8_Tcell
316.31333285564995,200.31956465692917,0.0,CD8_Tcell
280.96404864566875,157.63738767192297,0.0,CD8_Tcell
298.5699734498437,10.027378571580469,0.0,CD8_Tcell
194.05743994271018,137.3950072074847,0.0,CD8_Tcell
233.62687942072034,305.64191574302356,0.0,CD8_Tcell
233.6509705414574,-214.6265635109521,0.0,CD8_Tcell
-240.89833512760734,206.08714866577404,0.0,CD8_Tcell
-130.79438999869797,370.99180084794045,0.0,CD8_Tcell
-347.07443784604004,-14.861997088716242,0.0,CD8_Tcell
-304.733036552997,-138.46818807435253,0.0,CD8_Tcell
-208.74457585166402,79.51963602032683,0.0,CD8_Tcell
277.96593247293833,-7.2050652829236785,0.0,CD8_Tcell
-176.4783633444155,-183.9893923906758,0.0,CD8_Tcell
73.59196462152931,274.854450413121,0.0,CD8_Tcell
-0.14772311348881445,-223.08208080856411,0.0,CD8_Tcell
53.04736739357176,342.1872018261172,0.0,CD8_Tcell
-250.74270803511243,90.66872196753427,0.0,CD8_Tcell
327.0154336015025,-145.96926159004542,0.0,CD8_Tcell
-25.64627569755509,368.42942507616846,0.0,CD8_Tcell
35.12655884106677,-385.5014345860376,0.0,CD8_Tcell
-367.96693196572636,13.029401382958469,0.0,CD8_Tcell
326.36375086606114,-228.87780284589073,0.0,CD8_Tcell
82.57639665644902,218.10728406292358,0.0,CD8_Tcell
-204.898380345462,271.3244632774231,0.0,CD8_Tcell
109.02557317993868,-378.41360371991334,0.0,CD8_Tcell
-38.84868733445814,-201.0405375093623,0.0,CD8_Tcell
-110.60379234900296,204.7502886778475,0.0,CD8_Tcell
277.88402037331707,-138.32183599882967,0.0,CD8_Tcell
-214.73324047588906,-49.7903913572403,0.0,CD8_Tcell
-238.46656469636648,275.4766536363926,0.0,CD8_Tcell
306.0307308306872,89.02618306472412,0.0,CD8_Tcell
328.2465913250712,151.5756886887985,0.0,CD8_Tcell
64.26429883290731,-317.7437418605067,0.0,CD8_Tcell
-53.28201344460527,-260.0357852976767,0.0,CD8_Tcell
-59.147617255487305,389.9325040559733,0.0,CD8_Tcell
-59.91556316921275,363.26130006632843,0.0,CD8_Tcell
243.94567491852894,-102.27120875265264,0.0,CD8_Tcell
77.4065030416,232.24974590398836,0.0,CD8_Tcell
290.8607691276686,-47.98476232413184,0.0,CD8_Tcell
-264.6279531637792,-193.535355136632,0.0,CD8_Tcell
302.76954273537933,260.1765132961924,0.0,CD8_Tcell
-375.76290328585475,34.03443379936616,0.0,CD8_Tcell
-277.1652674945368,-102.64902851301481,0.0,CD8_Tcell
322.5347584295532,-107.16714205453259,0.0,CD8_Tcell
-274.5403418743971,160.47482516441434,0.0,CD8_Tcell
-299.3305295416098,-184.10108220951105,0.0,CD8_Tcell
-114.73737195261111,-366.0669538982836,0.0,CD8_Tcell
-146.19854005916162,-196.73658435504987,0.0,CD8_Tcell
280.61567306624244,52.18494201075137,0.0,CD8_Tcell
22.813705730253094,333.73172625095,0.0,CD8_Tcell
-60.060989290647136,305.742492550688,0.0,CD8_Tcell
-83.1843632625691,-344.9427875200795,0.0,CD8_Tcell
255.33016928223188,-164.64289488612164,0.0,CD8_Tcell
-160.27325098153747,360.04408741414426,0.0,CD8_Tcell
-273.12190739770944,-135.72367813513182,0.0,CD8_Tcell
-105.68460739034316,-243.17010400032018,0.0,CD8_Tcell
316.336350600229,-192.4322574434211,0.0,CD8_Tcell
179.8403470060447,101.59507287253633,0.0,CD8_Tcell
294.33179862540993,105.2260587110744,0.0,CD8_Tcell
-180.87068256387727,-244.42953760348,0.0,CD8_Tcell
120.34196618115033,-290.5769880215472,0.0,CD8_Tcell
35.51493823823949,272.64238797569396,0.0,CD8_Tcell
169.49955304890196,-194.66577466667758,0.0,CD8_Tcell
-192.98225149883305,-227.90261572375692,0.0,CD8_Tcell
16.02984863013241,-346.4878881353979,0.0,CD8_Tcell
390.1865184341233,-62.322161667784144,0.0,CD8_Tcell
-320.77089096039117,-55.188156543979396,0.0,CD8_Tcell
-155.80725380136712,-208.28817039752042,0.0,CD8_Tcell
-12.65065441088236,271.8901025951349,0.0,CD8_Tcell
372.03167472166245,-143.84979576035425,0.0,CD8_Tcell
326.80918058657176,-186.93263513605666,0.0,CD8_Tcell
303.9573775713219,215.36228666155264,0.0,CD8_Tcell
359.703786572777,99.07247595364399,0.0,CD8_Tcell
-129.00240155717066,353.3023001700036,0.0,CD8_Tcell
280.5672906894915,-252.98320021146694,0.0,CD8_Tcell
-104.44135865037545,-266.89752836846276,0.0,CD8_Tcell
93.70710610110005,364.75432504885276,0.0,CD8_Tcell
226.35987079638858,-97.1630492945522,0.0,CD8_Tcell
-196.34154193661183,326.94901556663655,0.0,CD8_Tcell
138.39287050104272,222.76941499255867,0.0,CD8_Tcell
335.44082185827983,83.19557038430953,0.0,CD8_Tcell
88.26134582338807,185.4087322436093,0.0,CD8_Tcell
315.7425272835168,-177.7487934727044,0.0,CD8_Tcell
-379.0600292441053,-54.06237419814819,0.0,CD8_Tcell
-361.03718823186784,-168.72743682090294,0.0,CD8_Tcell
-274.4689552737352,-113.63789337363788,0.0,CD8_Tcell
-165.69980459199243,-180.46816962608315,0.0,CD8_Tcell
272.76405803153943,-292.2416826031421,0.0,CD8_Tcell
-185.41422327433767,-129.9786516638655,0.0,CD8_Tcell
-128.93926986422272,236.02291968334626,0.0,CD8_Tcell
-321.42160317361873,74.6302419729294,0.0,CD8_Tcell
309.04378394728707,-22.785594015590533,0.0,CD8_Tcell
319.35561727855605,-235.51536004372738,0.0,CD8_Tcell
-7.024498590197246,352.9626407143603,0.0,CD8_Tcell
146.9014519504662,358.81945415732383,0.0,CD8_Tcell
124.00969631493528,-317.55064769260605,0.0,CD8_Tcell
106.9535291699085,249.08377525374243,0.0,CD8_Tcell
-110.75633621143335,174.36921683522095,0.0,CD8_Tcell
-181.24686045613137,121.67961921601285,0.0,CD8_Tcell
-322.7049368621374,188.28027512215914,0.0,CD8_Tcell
-269.2360568582811,-151.84320031566813,0.0,CD8_Tcell
286.0117982018601,-275.85323913157293,0.0,CD8_Tcell
89.91248407048425,-271.3072059782009,0.0,CD8_Tcell
54.40667011198093,382.7911114532416,0.0,CD8_Tcell
318.1976191004016,-229.1279306032892,0.0,CD8_Tcell
112.83898227450454,321.42549949785587,0.0,CD8_Tcell
-195.35012545527223,293.6207107610555,0.0,CD8_Tcell
98.8618232327147,-385.97280233050475,0.0,CD8_Tcell
274.0211527368137,-131.67443351544026,0.0,CD8_Tcell
369.6437427964721,35.20078610813161,0.0,CD8_Tcell
-321.07637874602085,-67.78830378067455,0.0,CD8_Tcell
-358.33935144786636,33.79734369156395,0.0,CD8_Tcell
217.59768938787184,-188.52767780515566,0.0,CD8_Tcell
-338.96054111336593,186.45228729087196,0.0,CD8_Tcell
368.21573785508184,-25.28741725773786,0.0,CD8_Tcell
-153.49711780209824,338.0114215656234,0.0,CD8_Tcell
384.85280525302824,-24.525650121871394,0.0,CD8_Tcell
-368.53406392896204,-44.644976918183076,0.0,CD8_Tcell
109.77860347168298,174.5710311062694,0.0,CD8_Tcell
113.55523339339652,-254.29190743769206,0.0,CD8_Tcell
188.31910685663598,320.3496126120708,0.0,CD8_Tcell
155.88204175835105,-208.57060704040293,0.0,CD8_Tcell
307.6920466950208,-206.5083915162869,0.0,CD8_Tcell
-270.2005827806,-210.4980386877391,0.0,CD8_Tcell
-124.60477486697017,-158.90699596834077,0.0,CD8_Tcell
-7.411631222746943,-345.8338549343237,0.0,CD8_Tcell
243.57916100537136,306.65006912352965,0.0,CD8_Tcell
-322.8416173320243,-28.426232206986565,0.0,CD8_Tcell
-121.79898872348102,202.1316823856,0.0,CD8_Tcell
-165.46938293747434,209.18203929437195,0.0,CD8_Tcell
-168.11893205945407,325.5191194225575,0.0,CD8_Tcell
355.61799795716723,-25.592287239084925,0.0,CD8_Tcell
-220.81802058029746,-137.06016387774955,0.0,CD8_Tcell
-217.85415716143018,-139.42003544863647,0.0,CD8_Tcell
205.60919163480386,-23.483245506517743,0.0,CD8_Tcell
-173.51939952907824,169.4581138374123,0.0,CD8_Tcell
-381.56934299647077,81.6622727746644,0.0,CD8_Tcell
337.8695082839086,-142.6677190894357,0.0,CD8_Tcell
-226.0359128833394,159.08658758848253,0.0,CD8_Tcell
-374.765227266412,0.647628794567157,0.0,CD8_Tcell
213.93310483392847,-42.40462567921472,0.0,CD8_Tcell
313.6108912157785,-48.15746855214056,0.0,CD8_Tcell
-98.33008363123234,371.70330005679,0.0,CD8_Tcell
-279.06070063174474,201.75372952838163,0.0,CD8_Tcell
-267.87074096824665,212.6364991741629,0.0,CD8_Tcell
-218.31894134304451,56.89343390269714,0.0,CD8_Tcell
-36.65145368471827,-198.5688689542549,0.0,CD8_Tcell
-267.37332373916814,270.31123977242197,0.0,CD8_Tcell
-310.45057043909674,71.80002919633156,0.0,CD8_Tcell
29.02794204838843,213.1946868392415,0.0,CD8_Tcell
326.42289484902466,159.03984893225888,0.0,CD8_Tcell
336.3891692119437,-19.69880685501672,0.0,CD8_Tcell
176.95427354273608,-224.52092880679461,0.0,CD8_Tcell
-58.82123285314924,279.608213277485,0.0,CD8_Tcell
237.98588270047046,230.07623060578206,0.0,CD8_Tcell
-124.54449621382336,-315.7872094870253,0.0,CD8_Tcell
-371.92246865012277,-66.3987334096037,0.0,CD8_Tcell
295.83465155426217,61.73290198949736,0.0,CD8_Tcell
-313.88763184726145,128.80429018433517,0.0,CD8_Tcell
-201.98214964330197,-330.3760233786919,0.0,CD8_Tcell
-42.84495818240905,-259.9054512651166,0.0,CD8_Tcell
-122.71155806327408,-302.86831245167775,0.0,CD8_Tcell
359.0664013980176,-90.76562039476998,0.0,CD8_Tcell
-331.56588733596357,22.19130743642952,0.0,CD8_Tcell
100.13367126587586,220.07745144324,0.0,CD8_Tcell
-40.28090549648592,-209.76459126643266,0.0,CD8_Tcell
-364.7516973856136,-4.952465905790819,0.0,CD8_Tcell
-164.68285955120732,339.5862926394648,0.0,CD8_Tcell
-220.630215544299,-34.74676079647005,0.0,CD8_Tcell
219.3284521243748,-332.03365084806245,0.0,CD8_Tcell
221.05739939237796,-56.27181060723371,0.0,CD8_Tcell
-153.5349235581409,-348.98481866813836,0.0,CD8_Tcell
84.29316561167423,303.4989583974082,0.0,CD8_Tcell
-220.23081367233078,10.14381137575378,0.0,CD8_Tcell
-99.01693334655715,250.77129320785295,0.0,CD8_Tcell
297.0083867434456,3.2775586012949587,0.0,CD8_Tcell
-59.693546118478395,195.9314957489977,0.0,CD8_Tcell
240.60804375706604,221.87275728937624,0.0,CD8_Tcell
88.25205840556353,-363.6248716654436,0.0,CD8_Tcell
98.00401803307965,316.3780971810485,0.0,CD8_Tcell
227.41245659106974,270.65482608174443,0.0,CD8_Tcell
44.51347684817606,360.10055255792497,0.0,CD8_Tcell
-243.95242961527848,17.085990597590854,0.0,CD8_Tcell
-268.9292069143263,-88.90579811655117,0.0,CD8_Tcell
13.688382166261258,318.840151751785,0.0,CD8_Tcell
-184.7006559189588,-311.5664799531823,0.0,CD8_Tcell
253.22287714161777,-243.92426146873285,0.0,CD8_Tcell
-378.1338355459743,-32.792328486084635,0.0,CD8_Tcell
-132.67118524161623,-304.7138616272548,0.0,CD8_Tcell
263.92609155439385,-165.27417949923444,0.0,CD8_Tcell
-267.59330248457474,219.2631037747537,0.0,CD8_Tcell
148.4160066033598,243.43519878361514,0.0,CD8_Tcell
278.82324884775494,262.06483858101615,0.0,CD8_Tcell
299.393673096155,181.10142758241335,0.0,CD8_Tcell
-317.8499774467973,183.54023777269256,0.0,CD8_Tcell
-249.9062475512611,-70.46517918284614,0.0,CD8_Tcell
150.39527410441443,-284.41270483425956,0.0,CD8_Tcell
-386.1669407695365,68.31831356595963,0.0,CD8_Tcell
59.82163884760246,192.69729145501037,0.0,CD8_Tcell
337.20248852206964,192.68114575046988,0.0,CD8_Tcell
340.3129008062083,-146.96172982709533,0.0,CD8_Tcell
-47.95699716189956,-219.31636769165965,0.0,CD8_Tcell
91.33577923761979,-275.57648728225655,0.0,CD8_Tcell
-109.5120281400141,-249.49866935899152,0.0,CD8_Tcell
-325.98599967201534,186.54154089953428,0.0,CD8_Tcell
-212.51053156995619,134.32112474501767,0.0,CD8_Tcell
-238.13522127250025,-257.5352605580683,0.0,CD8_Tcell
-365.78142708510194,133.28561877980843,0.0,CD8_Tcell
111.17448788371158,-266.437241617517,0.0,CD8_Tcell
299.70036636005506,-0.37055970386947057,0.0,CD8_Tcell
7.655399853791257,-305.2341082786085,0.0,CD8_Tcell
213.78079151868295,-106.21418655516331,0.0,CD8_Tcell
-114.0043465105403,-213.8846858733016,0.0,CD8_Tcell
152.51836655718583,199.39317518313135,0.0,CD8_Tcell
-54.060563878040185,-291.1265552906632,0.0,CD8_Tcell
57.5708527065494,-277.5130432398515,0.0,CD8_Tcell
-298.9317889345417,-155.24234646980693,0.0,CD8_Tcell
-54.42958477875053,330.8377396867787,0.0,CD8_Tcell
-217.07402863981073,292.24753674626305,0.0,CD8_Tcell
226.72279085959573,74.42707493917698,0.0,CD8_Tcell
142.87313629969006,-218.56805130071388,0.0,CD8_Tcell
-167.513810280229,192.29645585041033,0.0,CD8_Tcell
207.12583368864753,-17.725910239547403,0.0,CD8_Tcell
-289.6027627922056,254.93948448275358,0.0,CD8_Tcell
99.38530593968224,359.06933116868436,0.0,CD8_Tcell
214.6371406736828,308.04860976185284,0.0,CD8_Tcell
243.0858755621831,253.6332470771534,0.0,CD8_Tcell
96.09662106062038,-186.09027470928203,0.0,CD8_Tcell
385.3654480617943,86.11718344720143,0.0,CD8_Tcell
184.21624143567956,304.6566871511168,0.0,CD8_Tcell
341.17119400559676,-18.160289857396325,0.0,CD8_Tcell
241.54814797632943,-20.686991861593917,0.0,CD8_Tcell
223.61661918350873,-0.14463614941174693,0.0,CD8_Tcell
-308.3507786796882,-229.92178749389822,0.0,CD8_Tcell
271.4800184953952,48.8314459889282,0.0,CD8_Tcell
205.11932431389124,-234.7344270934094,0.0,CD8_Tcell
-234.41396441011597,-317.9856684808921,0.0,CD8_Tcell
70.97328748004382,-247.565131312354,0.0,CD8_Tcell
-210.77076712138603,98.37560199563988,0.0,CD8_Tcell
373.9067711498639,-60.65016841986806,0.0,CD8_Tcell
88.01441867676877,272.59471247771916,0.0,CD8_Tcell
360.49898648525465,126.06508478751074,0.0,CD8_Tcell
-135.4894306796244,355.91834835183977,0.0,CD8_Tcell
-125.71290902427818,-299.4698746023043,0.0,CD8_Tcell
-263.3737952838704,-152.307483061785,0.0,CD8_Tcell
-177.83968269947962,-146.82995294871702,0.0,CD8_Tcell
218.135259180624,-319.46134665869135,0.0,CD8_Tcell
2.7731953259128765,-221.38428408897343,0.0,CD8_Tcell
59.193252539491134,201.05362631555317,0.0,CD8_Tcell
208.9487864901282,22.595999689456693,0.0,CD8_Tcell
-283.06518118445877,162.3033367949642,0.0,CD8_Tcell
166.69644238605815,-248.34169203896857,0.0,CD8_Tcell
-22.80356470362913,302.46498572260225,0.0,CD8_Tcell
106.59356144102608,-203.40799592744486,0.0,CD8_Tcell
-248.82817186067277,55.31995905875677,0.0,CD8_Tcell
-276.83566590390916,231.79472110495078,0.0,CD8_Tcell
163.62362768602918,222.7144767886047,0.0,CD8_Tcell
-334.7434568865463,-4.403049254328046,0.0,CD8_Tcell
307.6018354028881,37.477109286277674,0.0,CD8_Tcell
-263.74145715962857,190.06558888654598,0.0,CD8_Tcell
-257.7960532291154,180.63486423358634,0.0,CD8_Tcell
8.168456820634958,-359.3831304354237,0.0,CD8_Tcell
-277.731162774312,95.68562098825127,0.0,CD8_Tcell
335.951510642532,-117.91908191242187,0.0,CD8_Tcell
-292.46263388394857,-243.8119363952326,0.0,CD8_Tcell
-335.78680992200447,-193.66879247703616,0.0,CD8_Tcell
294.97986568148406,22.651001305542316,0.0,CD8_Tcell
66.10725180399332,-347.49364172549923,0.0,CD8_Tcell
141.62212134645273,146.8530172465805,0.0,CD8_Tcell
-4.7818212352664595,-210.89169269839908,0.0,CD8_Tcell
220.64083516642185,57.84519760715884,0.0,CD8_Tcell
88.84897018675993,311.49864322414254,0.0,CD8_Tcell
100.11511675877378,375.2175829744592,0.0,CD8_Tcell
-207.42019668605906,279.6781818711851,0.0,CD8_Tcell
-371.79210640601804,-110.99370721775333,0.0,CD8_Tcell
289.91387181051556,-205.28611099455833,0.0,CD8_Tcell
114.35098078948134,-322.03398569077893,0.0,CD8_Tcell
254.8721206834363,204.02953731506662,0.0,CD8_Tcell
130.86673663686423,160.8505602143107,0.0,CD8_Tcell
-196.89107765939747,39.45143257452941,0.0,CD8_Tcell
281.5958284737103,89.08274833185487,0.0,CD8_Tcell
303.73162562196285,130.65352187638265,0.0,CD8_Tcell
183.93754951925877,-344.215925445388,0.0,CD8_Tcell
-286.8071085988679,59.60560978272048,0.0,CD8_Tcell
-37.294334909426595,377.07479237785805,0.0,CD8_Tcell
-265.91920520786795,245.78491821362962,0.0,CD8_Tcell
272.58459232351373,288.43877576569173,0.0,CD8_Tcell
-177.9958133924624,129.25900081873283,0.0,CD8_Tcell
14.26935986743534,-211.13989435452413,0.0,CD8_Tcell
237.25673463051146,-192.11041972534295,0.0,CD8_Tcell
-47.108818304882845,371.150061820256,0.0,CD8_Tcell
253.71623928285248,127.83082828219543,0.0,CD8_Tcell
318.9783968469746,-133.3018677999325,0.0,CD8_Tcell
203.1579855619488,30.90036278982456,0.0,CD8_Tcell
-285.10964776194743,-51.858206647332295,0.0,CD8_Tcell
216.4626165320151,-73.51076867863551,0.0,CD8_Tcell
-73.18779981142441,-216.92670023789643,0.0,CD8_Tcell
79.07900404829499,211.48428453533356,0.0,CD8_Tcell
77.82531382739883,-316.9421837766455,0.0,CD8_Tcell
-224.32124793615912,67.32635464335708,0.0,CD8_Tcell
-147.3051171153172,177.27307446913704,0.0,CD8_Tcell
-150.6299557098658,-195.24350155431324,0.0,CD8_Tcell
193.74979900915383,116.75281695968704,0.0,CD8_Tcell
180.6414214265249,327.37203924689317,0.0,CD8_Tcell
-17.629375032453705,-275.4155725745099,0.0,CD8_Tcell
-247.39166922289348,-22.833507707827195,0.0,CD8_Tcell
381.90508899285237,49.72461231873713,0.0,CD8_Tcell
-274.70265483504204,0.9572641736340884,0.0,CD8_Tcell
-207.66308298442297,1.3302422756517647,0.0,CD8_Tcell
-215.18068794577476,-80.67414985776432,0.0,CD8_Tcell
-279.67380444742275,101.55766218287378,0.0,CD8_Tcell
-344.20780465269155,-50.35554626963422,0.0,CD8_Tcell
234.48355939101128,166.56927948272354,0.0,CD8_Tcell
-220.30700917309906,-284.50136362620873,0.0,CD8_Tcell
224.01400646841117,240.1328963583706,0.0,CD8_Tcell
104.36876689193038,331.59192851123925,0.0,CD8_Tcell
-313.64804633563966,-80.41827582687954,0.0,CD8_Tcell
244.70443477091712,-136.02060640198067,0.0,CD8_Tcell
-156.8937840909719,347.7204866713696,0.0,CD8_Tcell
343.29576144662724,-75.99526956155397,0.0,CD8_Tcell
-43.41478812833325,311.15405774282635,0.0,CD8_Tcell
104.25495669832131,198.31236831980516,0.0,CD8_Tcell
-329.9943056533714,112.77195433629377,0.0,CD8_Tcell
248.19145224773902,194.72707309985486,0.0,CD8_Tcell
-203.9510504923938,107.04041925422749,0.0,CD8_Tcell
197.726805409983,273.1212514476515,0.0,CD8_Tcell
-175.97179586218542,-223.40358091478112,0.0,CD8_Tcell
13.888452423979592,-319.99367104411016,0.0,CD8_Tcell
11.143905792015076,247.84034525963406,0.0,CD8_Tcell
-231.43343104249666,135.07493385498645,0.0,CD8_Tcell
-355.6863290811531,-144.53294772684083,0.0,CD8_Tcell
-11.62694888311703,-223.21707437820368,0.0,CD8_Tcell
-332.7944735598292,-74.35375811930811,0.0,CD8_Tcell
297.6792372845568,-89.48558586977676,0.0,CD8_Tcell
97.16755594209194,-290.87975315810115,0.0,CD8_Tcell
278.0381385725687,-53.81583686051651,0.0,CD8_Tcell
69.0470649443866,-308.54267010180257,0.0,CD8_Tcell
120.73376547312684,-360.9289506693812,0.0,CD8_Tcell
202.12625055525743,-340.87970388275994,0.0,CD8_Tcell
-42.27425137793093,204.43564659031256,0.0,CD8_Tcell
126.07177459415874,-187.28842887211746,0.0,CD8_Tcell
-52.97805444507924,-358.1737613472836,0.0,CD8_Tcell
334.4575385746415,33.856865297167296,0.0,CD8_Tcell
189.38540067620582,172.30005052459526,0.0,CD8_Tcell
225.69683097582922,-121.11821459844573,0.0,CD8_Tcell
-63.52516351016312,194.94787222843613,0.0,CD8_Tcell
-194.82033978607222,210.30133059819988,0.0,CD8_Tcell
334.6856915018313,-140.5779439899811,0.0,CD8_Tcell
86.33510597707493,255.16397690592845,0.0,CD8_Tcell
-283.3340856972046,-204.11827639850537,0.0,CD8_Tcell
393.3203005387457,60.87501291092374,0.0,CD8_Tcell
-157.50103529313333,-313.74270432608773,0.0,CD8_Tcell
-323.9777507285272,104.84254289410843,0.0,CD8_Tcell
15.315287488294551,-349.40225168226726,0.0,CD8_Tcell
-333.71935022545034,32.36090520150047,0.0,CD8_Tcell
320.7460842734266,-155.00205990095117,0.0,CD8_Tcell
394.46287639143577,-51.05480752684082,0.0,CD8_Tcell
346.820388155586,-117.37270999803577,0.0,CD8_Tcell
35.17633526829889,226.95276387136113,0.0,CD8_Tcell
-316.7412002721122,211.25738672579817,0.0,CD8_Tcell
-150.05765193533617,222.77383218885646,0.0,CD8_Tcell
-68.98939029763294,319.207067549226,0.0,CD8_Tcell
123.78358356035096,375.249562979553,0.0,CD8_Tcell
-98.15760653947198,368.9633437859692,0.0,CD8_Tcell
0.8678980443779758,354.3042647854961,0.0,CD8_Tcell
-32.18962923509173,-213.23541894743641,0.0,CD8_Tcell
260.4440134620007,257.34198935896444,0.0,CD8_Tcell
-119.23572632320945,283.32012149791103,0.0,CD8_Tcell
124.31946868421272,289.19975282147254,0.0,CD8_Tcell
-152.77983496170754,-235.30995230109434,0.0,CD8_Tcell
-224.55158037376583,188.55758193981384,0.0,CD8_Tcell
-228.76824970080747,-255.68332553037254,0.0,CD8_Tcell
-295.27425786667874,-204.27749624083737,0.0,CD8_Tcell
-303.56266686012776,9.378132829651962,0.0,CD8_Tcell
264.7183694481131,-252.4691193810859,0.0,CD8_Tcell
390.49190859252315,-5.428342916567004,0.0,CD8_Tcell
278.58030416190275,-219.9315794984346,0.0,CD8_Tcell
244.11684902403704,-199.3466254283164,0.0,CD8_Tcell
319.4576085492327,-188.3787802196097,0.0,CD8_Tcell
109.09081472074524,-278.7143956085235,0.0,CD8_Tcell
-11.619951323325623,277.15219139218175,0.0,CD8_Tcell
305.89679462647956,-125.95803355699992,0.0,CD8_Tcell
276.2091612475896,-147.08233651213894,0.0,CD8_Tcell
283.2652914852065,-13.5765153015817,0.0,CD8_Tcell
124.62336464999366,-216.5233205510459,0.0,CD8_Tcell
-11.136886862796736,-389.09354428362315,0.0,CD8_Tcell
-143.53935431765203,262.16213259447113,0.0,CD8_Tcell
-247.4955481816156,-200.80505810615873,0.0,CD8_Tcell
-158.85560744039452,-366.53970989491836,0.0,CD8_Tcell
-243.07692166939304,-168.9652030761546,0.0,CD8_Tcell
5.241776317093273,-347.3692216521297,0.0,CD8_Tcell
-288.8799456066745,-227.87069845580447,0.0,CD8_Tcell
-297.0696081433129,-109.14040378072399,0.0,CD8_Tcell
143.44116300158703,-331.4372165725669,0.0,CD8_Tcell
-358.44378292908965,78.46779228918783,0.0,CD8_Tcell
213.1569986095299,206.10131479750882,0.0,CD8_Tcell
253.64939203249241,-161.3263362466764,0.0,CD8_Tcell
348.4915056652029,-123.56868001503481,0.0,CD8_Tcell
247.36749510763033,-296.9387926871976,0.0,CD8_Tcell
-62.11113357271885,355.6248379389907,0.0,CD8_Tcell
79.00557036656828,202.12508674103486,0.0,CD8_Tcell
-203.7934787936379,-213.90702446984903,0.0,CD8_Tcell
333.6805269448107,183.9464650948226,0.0,CD8_Tcell
359.7983305413317,97.79546226061785,0.0,CD8_Tcell
-250.79517191577733,-199.94435098150566,0.0,CD8_Tcell
19.308790260106928,292.209931171949,0.0,CD8_Tcell
232.60413943694013,207.01378874171056,0.0,CD8_Tcell
371.31642655688415,17.286484837483805,0.0,CD8_Tcell
269.38065548608495,-258.3938542774092,0.0,CD8_Tcell
310.38509956487087,85.8467181918367,0.0,CD8_Tcell
-63.74684469939199,312.67938752080204,0.0,CD8_Tcell
176.98750441002733,105.84501434738101,0.0,CD8_Tcell
-200.36627543263495,253.4899257551903,0.0,CD8_Tcell
143.8797149727452,-250.69164442980903,0.0,CD8_Tcell
-117.97886211763495,165.3584263347355,0.0,CD8_Tcell
-47.95292088601993,-319.36551434640967,0.0,CD8_Tcell
116.38308333945427,-267.51425240928114,0.0,CD8_Tcell
-304.1959866859803,192.25318711349462,0.0,CD8_Tcell
217.31978442753166,190.32171747881088,0.0,CD8_Tcell
-237.18011072410982,-254.61468294069434,0.0,CD8_Tcell
-2.8624700025101264,-248.96704081698732,0.0,CD8_Tcell
-185.15693850671727,-169.87282508417252,0.0,CD8_Tcell
89.12349276208963,-377.31131130471874,0.0,CD8_Tcell
-18.855050479683182,-284.5677582013744,0.0,CD8_Tcell
165.69043445471047,-219.8370951599575,0.0,CD8_Tcell
268.5913695233434,-63.41869628408242,0.0,CD8_Tcell
-280.9119065918679,280.457426483634,0.0,CD8_Tcell
-303.6809122888317,23.85258792638012,0.0,CD8_Tcell
95.1445200516558,214.33471701662026,0.0,CD8_Tcell
237.94009944769059,-14.326548915698686,0.0,CD8_Tcell
116.08179759269522,354.13657759342567,0.0,CD8_Tcell
-251.83369326942287,39.211331918450384,0.0,CD8_Tcell
-340.1385740621822,178.8305430276241,0.0,CD8_Tcell
-93.86759893759641,333.04844901509307,0.0,CD8_Tcell
45.32334725482885,194.9709365082021,0.0,CD8_Tcell
-363.84509172902096,-136.48649721587847,0.0,CD8_Tcell
-218.03837951152406,173.30037844782504,0.0,CD8_Tcell
195.7226436354749,131.96649845201372,0.0,CD8_Tcell
100.71945663594887,-197.356295867332,0.0,CD8_Tcell
-13.189241150227302,-384.48935017672625,0.0,CD8_Tcell
-232.77779526026782,189.46895461480167,0.0,CD8_Tcell
-216.86183605302315,-94.19781611768026,0.0,CD8_Tcell
-78.23916759029058,317.86469436877763,0.0,CD8_Tcell
-40.83585003385033,-363.18818020329826,0.0,CD8_Tcell
-216.48760983015734,144.841760286632,0.0,CD8_Tcell
-301.1887797414194,253.61001924886807,0.0,CD8_Tcell
-88.94478083389659,-349.1842918279689,0.0,CD8_Tcell
190.44533213390926,84.55250376400419,0.0,CD8_Tcell
115.11641315144794,177.86863959788627,0.0,CD8_Tcell
160.9280064736631,260.5450011060589,0.0,CD8_Tcell
327.88307966413646,86.39243703881229,0.0,CD8_Tcell
-247.70558644832286,-28.07091216097472,0.0,CD8_Tcell
37.48420101456555,245.51244113088188,0.0,CD8_Tcell
196.128247981656,-175.51346565474594,0.0,CD8_Tcell
160.3929129207376,-306.2384360513532,0.0,CD8_Tcell
283.97551341480306,-136.2296301730115,0.0,CD8_Tcell
-244.75858766638652,-143.65049578240337,0.0,CD8_Tcell
-364.49859337076566,155.37893310893915,0.0,CD8_Tcell
-162.7541058895809,142.27177619982996,0.0,CD8_Tcell
-102.61294602970668,-182.27498055889055,0.0,CD8_Tcell
6.836566398832155,248.7722191273826,0.0,CD8_Tcell
171.35937959737183,118.47549575855109,0.0,CD8_Tcell
113.4057462186152,-238.8241350321953,0.0,CD8_Tcell
16.35447661798582,285.95729322370136,0.0,CD8_Tcell
-363.0967006227707,-137.56890247595672,0.0,CD8_Tcell
-208.3230371764245,102.82243054492935,0.0,CD8_Tcell
-302.1253294367545,123.92133201441646,0.0,CD8_Tcell
-48.96641287355773,-197.53605470028694,0.0,CD8_Tcell
-290.2859404860018,193.20290230236327,0.0,CD8_Tcell
-183.64536531221484,-135.40941880050875,0.0,CD8_Tcell
-48.06019642546454,-350.08479439367284,0.0,CD8_Tcell
207.82501833319355,-124.30663343965492,0.0,CD8_Tcell
-69.10055346436143,370.17260824444696,0.0,CD8_Tcell
341.5906567688914,-18.428599534322913,0.0,CD8_Tcell
296.2026481414113,226.5643133399878,0.0,CD8_Tcell
-99.76865729571978,358.13381322941643,0.0,CD8_Tcell
-119.88284850078614,-280.602165051939,0.0,CD8_Tcell
281.67270867130463,236.1563646159611,0.0,CD8_Tcell
339.5593789130854,88.04830198068059,0.0,CD8_Tcell
-318.1694433731627,115.99536564805967,0.0,CD8_Tcell
278.759065380469,-239.95201352563,0.0,CD8_Tcell
108.02288111897876,263.928155963074,0.0,CD8_Tcell
-110.91788022169236,-322.0598865583678,0.0,CD8_Tcell
-250.41546075720132,-266.36962023072357,0.0,CD8_Tcell
-97.41144795732649,-251.9439394896744,0.0,CD8_Tcell
-379.94651005799466,-51.02956347454288,0.0,CD8_Tcell
-221.1566779801311,-201.42911239700624,0.0,CD8_Tcell
-352.0860060083984,63.9955292505394,0.0,CD8_Tcell
225.500378615971,24.556944955057965,0.0,CD8_Tcell
29.892036401420896,-288.9601807216865,0.0,CD8_Tcell
28.66792970654842,-368.3406924239065,0.0,CD8_Tcell
-320.810760969072,30.8494854750909,0.0,CD8_Tcell
135.40579960480477,309.5315897891987,0.0,CD8_Tcell
222.5746987998635,153.23007230933837,0.0,CD8_Tcell
-330.18045377354247,205.25960061392186,0.0,CD8_Tcell
381.1914663243415,-88.1531224727425,0.0,CD8_Tcell
-167.84397401387056,201.25876352492293,0.0,CD8_Tcell
122.39500338750838,306.09865037549406,0.0,CD8_Tcell
-35.82160082237303,360.09103461537563,0.0,CD8_Tcell
-151.55852483573287,-184.2121028322335,0.0,CD8_Tcell
159.43729393709427,-214.53776025813198,0.0,CD8_Tcell
99.2016793700724,176.61135558896598,0.0,CD8_Tcell
282.9006374622188,34.30950012463677,0.0,CD8_Tcell
81.28703769561459,-265.45030930446126,0.0,CD8_Tcell
24.876256496115104,-298.93352847430197,0.0,CD8_Tcell
266.39678694471803,-157.25101095175634,0.0,CD8_Tcell
-134.88375656290566,350.77235931618117,0.0,CD8_Tcell
69.40315295891746,293.616534342775,0.0,CD8_Tcell
-77.7620440493321,-346.62007115421335,0.0,CD8_Tcell
-76.69147170866376,270.20398036053894,0.0,CD8_Tcell
-70.90539796365015,282.1481176895134,0.0,CD8_Tcell
-298.1158818139422,-185.2998508043991,0.0,CD8_Tcell
225.15772477070533,178.100493172495,0.0,CD8_Tcell
53.801648155257574,-196.52583666110652,0.0,CD8_Tcell
-190.0574885586948,223.27510537228173,0.0,CD8_Tcell
275.9396643008399,-235.29192450902272,0.0,CD8_Tcell
-9.924920837953009,346.8285108924322,0.0,CD8_Tcell
-171.21996246980774,183.29394221000126,0.0,CD8_Tcell
40.91121809600961,-217.18344125100344,0.0,CD8_Tcell
83.20905290504908,-302.03132325288607,0.0,CD8_Tcell
-155.87153644008617,-260.7474688013035,0.0,CD8_Tcell
195.39655584061398,-188.2604470514788,0.0,CD8_Tcell
-217.80724498537566,39.57097535682347,0.0,CD8_Tcell
-57.57792818478876,307.06903230661294,0.0,CD8_Tcell
-208.20336167826537,83.49668286648026,0.0,CD8_Tcell
87.41638147872666,241.05889874058107,0.0,CD8_Tcell
13.943474978784133,280.891144972375,0.0,CD8_Tcell
-63.20418331090585,214.05315588370223,0.0,CD8_Tcell
134.4833555823985,173.3688169366952,0.0,CD8_Tcell
-339.18824365360405,130.62873216099183,0.0,CD8_Tcell
138.62617247867374,324.73703420666556,0.0,CD8_Tcell
190.37836847781864,-141.33933576760637,0.0,CD8_Tcell
-123.36025869236185,-328.54527348687543,0.0,CD8_Tcell
-48.787104458044375,-228.56071305742768,0.0,CD8_Tcell
-212.2741653551278,313.77258858104994,0.0,CD8_Tcell
203.58141348414432,-252.4545011446989,0.0,CD8_Tcell
286.3335854732802,-210.2346137414181,0.0,CD8_Tcell
-226.88027257223533,140.84117568895317,0.0,CD8_Tcell
292.8936569965011,231.79329468857722,0.0,CD8_Tcell
-11.329618318609198,280.7141370702215,0.0,CD8_Tcell
101.62621074466036,-293.4497285352565,0.0,CD8_Tcell
-232.26187904861308,32.93399554051138,0.0,CD8_Tcell
-90.625034167481,294.334193606926,0.0,CD8_Tcell
-19.327009312575115,-201.73407396709658,0.0,CD8_Tcell
213.62874073494837,293.3895950997309,0.0,CD8_Tcell
286.86921760977316,136.89303892492075,0.0,CD8_Tcell
-331.09722941496693,149.91709251775725,0.0,CD8_Tcell
-215.4187076215005,164.92694777893496,0.0,CD8_Tcell
156.55427821814496,358.80109347040036,0.0,CD8_Tcell
-122.52088408232811,224.012806571257,0.0,CD8_Tcell
-155.5571451823233,-235.5775729645751,0.0,CD8_Tcell
-293.1090073417067,-69.13662318498908,0.0,CD8_Tcell
-278.13400231210767,99.81540215066401,0.0,CD8_Tcell
301.9160633382476,133.57546306725834,0.0,CD8_Tcell
228.48311790250895,119.9858466048266,0.0,CD8_Tcell
-330.32516141276693,164.3881553171643,0.0,CD8_Tcell
153.07830464154037,-160.19763206892608,0.0,CD8_Tcell
-97.11397733240972,-294.55792746143993,0.0,CD8_Tcell
-330.12037749975775,68.41239780649863,0.0,CD8_Tcell
51.00260003440398,238.23521920786172,0.0,CD8_Tcell
118.52853219449733,236.42601885727254,0.0,CD8_Tcell
-42.793836406945196,-222.56829654759778,0.0,CD8_Tcell
-288.71387378483206,74.94228071829276,0.0,CD8_Tcell
56.72810919972723,208.8386066966309,0.0,CD8_Tcell
84.45622631712263,209.2872900307086,0.0,CD8_Tcell
295.05938532722837,98.97311873493217,0.0,CD8_Tcell
-94.59625181410388,335.85475283891554,0.0,CD8_Tcell
-307.36747692570515,22.100041998452973,0.0,CD8_Tcell
6.235120703563736,206.24552178598108,0.0,CD8_Tcell
-267.3482048544694,52.5779027405866,0.0,CD8_Tcell
-87.86187108064749,216.31034396469835,0.0,CD8_Tcell
263.065678567114,146.0395490308166,0.0,CD8_Tcell
-16.127240892960558,-315.8655898543723,0.0,CD8_Tcell
-195.01941558072363,341.7989028402177,0.0,CD8_Tcell
317.4088388785688,-77.97727191431792,0.0,CD8_Tcell
-147.00928110907296,-254.13383767518428,0.0,CD8_Tcell
4.9989630057125645,217.53669618935862,0.0,CD8_Tcell
-51.32119037107068,-278.1846184846861,0.0,CD8_Tcell
-208.4800404313584,-47.999560880221324,0.0,CD8_Tcell
205.5254767577281,84.320028913651,0.0,CD8_Tcell
-20.319525812139855,208.5313614030486,0.0,CD8_Tcell
79.48316272606152,376.21736092474896,0.0,CD8_Tcell
168.70400285818357,-203.88486416064515,0.0,CD8_Tcell
-213.91793801997875,-137.94411731069184,0.0,CD8_Tcell
235.5353411601873,315.5291666472807,0.0,CD8_Tcell
19.34822093292226,225.89662392604052,0.0,CD8_Tcell
-79.60064317043286,-294.8370143799436,0.0,CD8_Tcell
-72.99920353846703,369.88421544370084,0.0,CD8_Tcell
172.7497916033642,244.6007314441436,0.0,CD8_Tcell
188.82188039084383,325.14343379715694,0.0,CD8_Tcell
270.12979858526876,251.92379322959567,0.0,CD8_Tcell
-381.543083460779,33.0727392736225,0.0,CD8_Tcell
-109.13379565465902,-306.97579553001026,0.0,CD8_Tcell
-160.61662091175793,305.4659027081092,0.0,CD8_Tcell
-391.99292305967214,17.532683798150302,0.0,CD8_Tcell
-319.4440670712953,-104.13882904142511,0.0,CD8_Tcell
260.32617604821445,-17.299026881830823,0.0,CD8_Tcell
50.54843254291925,294.33442631622046,0.0,CD8_Tcell
47.52526387286818,-248.5119181645983,0.0,CD8_Tcell
335.9413203176727,-16.700859889925308,0.0,CD8_Tcell
-294.5529261224532,-228.29574876162235,0.0,CD8_Tcell
118.61331093556488,-237.44142266001498,0.0,CD8_Tcell
334.9775673630992,85.67644628500062,0.0,CD8_Tcell
69.41942886776927,-278.8511130456565,0.0,CD8_Tcell
-197.40742921399496,-110.0745317379583,0.0,CD8_Tcell
188.13020537288017,-259.16604394676745,0.0,CD8_Tcell
43.63078815705691,-285.8299171887897,0.0,CD8_Tcell
-299.23289933352027,-17.867978229652106,0.0,CD8_Tcell
271.57867817138066,85.45573519815774,0.0,CD8_Tcell
-104.65257262877289,-257.925839734634,0.0,CD8_Tcell
2.7267900360640347,-362.201467287222,0.0,CD8_Tcell
-86.38610494300164,200.37008704348463,0.0,CD8_Tcell
197.87422966243508,-89.23799496606931,0.0,CD8_Tcell
-254.26579098606175,-297.9341273356444,0.0,CD8_Tcell
187.9016768776451,142.3161843000699,0.0,CD8_Tcell
253.79670825235982,65.22880817255746,0.0,CD8_Tcell
33.23803607622189,267.7000022738464,0.0,CD8_Tcell
244.29960936417461,-296.04843622878894,0.0,CD8_Tcell
-121.32524978935005,302.036537365896,0.0,CD8_Tcell
217.4181346599247,-222.61328662016157,0.0,CD8_Tcell
-308.77435805383215,-178.0847509689832,0.0,CD8_Tcell
351.03671303311353,37.52304406440824,0.0,CD8_Tcell
-164.56840932381843,-288.285747694339,0.0,CD8_Tcell
-52.77336788316047,-294.7715519840684,0.0,CD8_Tcell
133.97217499609792,302.9603825733918,0.0,CD8_Tcell
-138.93956972854915,-319.1492448095299,0.0,CD8_Tcell
-247.9031001387388,199.4942702217799,0.0,CD8_Tcell
-179.84823688566544,263.1013353045994,0.0,CD8_Tcell
273.58821333073433,19.593769211765395,0.0,CD8_Tcell
241.05438065036998,-293.4107284984785,0.0,CD8_Tcell
163.42622970991215,-214.09642870044513,0.0,CD8_Tcell
-252.46634017051792,-290.04057849588185,0.0,CD8_Tcell
381.4807732195391,-91.19737293447236,0.0,CD8_Tcell
-150.52668644019454,-355.62934540130465,0.0,CD8_Tcell
-291.13751693568,11.194095718356216,0.0,CD8_Tcell
165.23147119555728,-183.3716280187629,0.0,CD8_Tcell
-117.39578536350697,-288.95519426749416,0.0,CD8_Tcell
388.84476681609414,17.089261347205543,0.0,CD8_Tcell
77.51895811326591,-366.7068475709788,0.0,CD8_Tcell
270.9654064773639,-68.4582503870083,0.0,CD8_Tcell
-151.92017943316165,-170.76547499946017,0.0,CD8_Tcell
268.68834823449373,-73.78778055952733,0.0,CD8_Tcell
153.87940484716745,-365.9468843794014,0.0,CD8_Tcell
67.55007944582447,392.76184317343564,0.0,CD8_Tcell
48.77766423428066,329.9850362571285,0.0,CD8_Tcell
110.24726445322662,235.35855798264168,0.0,CD8_Tcell
195.02341138527228,-254.06059381295347,0.0,CD8_Tcell
-32.559554322913776,298.261906184838,0.0,CD8_Tcell
194.5709341760741,164.51040673903307,0.0,CD8_Tcell
265.49668906095553,-157.3107286288651,0.0,CD8_Tcell
-363.26600526205675,40.20869794307291,0.0,CD8_Tcell
-204.37817678826926,-236.9031836142018,0.0,CD8_Tcell
298.0776064166232,-79.6036145698311,0.0,CD8_Tcell
308.28030423273736,143.52264842620903,0.0,CD8_Tcell
187.5561590376823,82.43784296104535,0.0,CD8_Tcell
341.3221186734839,-85.11499931056801,0.0,CD8_Tcell
41.47870675281099,-197.77719045899312,0.0,CD8_Tcell
96.49391906798897,-290.234858466878,0.0,CD8_Tcell
-75.08530609907648,-248.581334333256,0.0,CD8_Tcell
231.6469101325478,189.1426357131421,0.0,CD8_Tcell
150.7285823984235,-331.7652032311892,0.0,CD8_Tcell
-241.02113844826397,232.8656362933137,0.0,CD8_Tcell
-294.2912744620197,-177.89160521660187,0.0,CD8_Tcell
87.71792586039801,349.7466956864153,0.0,CD8_Tcell
-120.6784745805363,-181.49027803342685,0.0,CD8_Tcell
-147.36755160458893,-356.09282618252405,0.0,CD8_Tcell
254.60036337564267,-64.40037273101501,0.0,CD8_Tcell
-2.0840862939456333,336.99656678882553,0.0,CD8_Tcell
33.042965924173956,-201.58439189803335,0.0,CD8_Tcell
-60.38509198796918,391.67267736793855,0.0,CD8_Tcell
49.30733042510453,-357.1259341423857,0.0,CD8_Tcell
-321.0938442530558,-144.34988114406784,0.0,CD8_Tcell
60.19165777178523,241.74125698706095,0.0,CD8_Tcell
114.21108236029772,372.3328095319432,0.0,CD8_Tcell
-172.23301918527594,-327.0250995178409,0.0,CD8_Tcell
-55.79706695374098,306.874870976098,0.0,CD8_Tcell
76.6108656091495,-244.31253354770956,0.0,CD8_Tcell
-132.1155915002277,160.29617503761088,0.0,CD8_Tcell
322.22922294790027,-157.7640132133243,0.0,CD8_Tcell
-266.301708454128,-102.61157435833047,0.0,CD8_Tcell
139.68296901483467,222.65519733725856,0.0,CD8_Tcell
203.64689223663518,282.07975498788005,0.0,CD8_Tcell
256.3021211513206,51.9158050118754,0.0,CD8_Tcell
276.0885506415773,243.5467905005654,0.0,CD8_Tcell
235.95959274343713,-319.60817867644386,0.0,CD8_Tcell
-324.1358219085485,64.78907652058975,0.0,CD8_Tcell
176.7093185461102,162.30852993345653,0.0,CD8_Tcell
-196.88793576922197,-53.301914655331316,0.0,CD8_Tcell
-71.40842458686026,319.02791584822563,0.0,CD8_Tcell
43.91469358707423,-219.45287039670336,0.0,CD8_Tcell
-54.009060111306226,-361.1379001566441,0.0,CD8_Tcell
-367.94748980128236,-72.53431209637472,0.0,CD8_Tcell
288.4734050050711,28.6673973951823,0.0,CD8_Tcell
105.52980341183861,190.73435521058863,0.0,CD8_Tcell
-59.33398919274703,-299.5744258891594,0.0,CD8_Tcell
-218.61723964139958,319.94513066143276,0.0,CD8_Tcell
-190.65028756048235,236.31469243267162,0.0,CD8_Tcell
-374.3796717662376,83.83320945370413,0.0,CD8_Tcell
-367.15102789581186,130.13890267777285,0.0,CD8_Tcell
-159.25409467331852,-335.8472399484279,0.0,CD8_Tcell
-341.5323858955565,-9.172082066259778,0.0,CD8_Tcell
-276.52514468790355,-177.36831932016077,0.0,CD8_Tcell
-37.54324387833848,260.56997055517184,0.0,CD8_Tcell
-74.88128514071049,-379.637825168533,0.0,CD8_Tcell
143.03792770921987,-244.09923899738433,0.0,CD8_Tcell
146.3398789711703,-312.3501219191527,0.0,CD8_Tcell
-281.1633515525335,169.89289102141782,0.0,CD8_Tcell
284.520354082632,223.4413824720054,0.0,CD8_Tcell
85.25004815859478,254.70720086527677,0.0,CD8_Tcell
139.1650927686142,348.43271007492405,0.0,CD8_Tcell
166.39152214005742,342.58242876413095,0.0,CD8_Tcell
-192.0039344651686,-148.8669751235128,0.0,CD8_Tcell
383.7497742900462,-1.648580847129734,0.0,CD8_Tcell
292.2866790459719,-253.76578599348932,0.0,CD8_Tcell
102.76105099116297,179.32660654306585,0.0,CD8_Tcell
390.07318752979563,-21.46831504447541,0.0,CD8_Tcell
-313.7320707607426,-110.70176088280421,0.0,CD8_Tcell
316.5964123013786,135.45898303082615,0.0,CD8_Tcell
-379.96808202365764,64.95704094311291,0.0,CD8_Tcell
-37.7742582154317,228.4743369797713,0.0,CD8_Tcell
215.55584069880692,179.38070885756198,0.0,CD8_Tcell
-252.41091536184297,-72.11644581509003,0.0,CD8_Tcell
-197.6288768568417,119.94404539819071,0.0,CD8_Tcell
-136.87726400799008,-322.588237390278,0.0,CD8_Tcell
-258.0902693140932,-28.822386774514598,0.0,CD8_Tcell
-248.76120855159724,10.29727754023198,0.0,CD8_Tcell
167.70945846961686,-247.4075313765942,0.0,CD8_Tcell
-232.86785382544204,45.67623164094098,0.0,CD8_Tcell
-172.15843907397544,-333.15104114432523,0.0,CD8_Tcell
120.52312209796662,355.93632544471177,0.0,CD8_Tcell
186.84794681035126,-91.39599676385657,0.0,CD8_Tcell
0.3879336167520333,-385.18827510141455,0.0,CD8_Tcell
-216.33235153320757,-108.49781189725284,0.0,CD8_Tcell
-138.4867589793079,331.0882713769918,0.0,CD8_Tcell
-268.34016774717134,270.3876835466547,0.0,CD8_Tcell
79.36922168775116,328.799225094616,0.0,CD8_Tcell
188.038814324212,-281.4100695159012,0.0,CD8_Tcell
108.18334237178047,-372.5183800328947,0.0,CD8_Tcell
-26.448230241412162,261.50803355768227,0.0,CD8_Tcell
-233.3846108338287,-117.31068834768776,0.0,CD8_Tcell
-15.293667345240758,336.76221805890816,0.0,CD8_Tcell
-223.26352908532735,223.17152013234667,0.0,CD8_Tcell
51.239252001202324,380.188009931636,0.0,CD8_Tcell
159.46694200456847,-233.08792128792683,0.0,CD8_Tcell
347.95990598323937,19.50609772593234,0.0,CD8_Tcell
-176.49811699016087,212.42040093786568,0.0,CD8_Tcell
8.845041597051095,-320.2498199026829,0.0,CD8_Tcell
381.1762112616149,-48.91547637793119,0.0,CD8_Tcell
-125.88317715234929,-335.0920666000395,0.0,CD8_Tcell
155.2970609709383,-298.0616683175921,0.0,CD8_Tcell
-86.98283733093271,256.3428579167206,0.0,CD8_Tcell
69.79338910587481,-219.71713328727677,0.0,CD8_Tcell
233.4653492067779,191.6519113890458,0.0,CD8_Tcell
-209.90242660573833,-72.33213228495143,0.0,CD8_Tcell
-104.03267656154668,192.3269299883702,0.0,CD8_Tcell
291.28915840146686,-30.914476518241955,0.0,CD8_Tcell
-1.2697949830962283,-306.50570420788466,0.0,CD8_Tcell
-139.73589923855704,-359.95018126436224,0.0,CD8_Tcell
141.14737704974942,-176.6142677753614,0.0,CD8_Tcell
179.9725519937963,120.82955757017952,0.0,CD8_Tcell
-124.0744958543454,-215.2581915049854,0.0,CD8_Tcell
-174.87384910170798,-310.5139253909937,0.0,CD8_Tcell
-292.2893135645538,122.92471564257517,0.0,CD8_Tcell
26.926358568917188,-384.4216283240573,0.0,CD8_Tcell
5.534854242071212,-362.6174111953804,0.0,CD8_Tcell
4.438704084827767,-327.7921127652016,0.0,CD8_Tcell
249.43269319774993,-93.67116225396079,0.0,CD8_Tcell
-46.58778911879138,198.216016584129,0.0,CD8_Tcell
-77.80823999914595,312.52328413730964,0.0,CD8_Tcell
-170.35699515917173,299.7641345348072,0.0,CD8_Tcell
161.10410977062946,168.75759397898526,0.0,CD8_Tcell
208.04391852843796,70.20062718074765,0.0,CD8_Tcell
-382.2397932570434,-100.32274694286997,0.0,CD8_Tcell
133.84746862805164,-181.83061037808977,0.0,CD8_Tcell
-368.56076393531583,69.34254697825554,0.0,CD8_Tcell
278.6493917253047,238.48648413229182,0.0,CD8_Tcell
246.4322261011867,-230.3082304754032,0.0,CD8_Tcell
-62.80780448965422,233.88693488197,0.0,CD8_Tcell
-74.11289472281493,-202.87922077060014,0.0,CD8_Tcell
220.91324945044505,129.14956944877795,0.0,CD8_Tcell
-197.72518804278636,-32.63598776294888,0.0,CD8_Tcell
287.7464368058333,276.29753015123185,0.0,CD8_Tcell
206.24696353035074,-160.73799030727739,0.0,CD8_Tcell
-117.85708434402483,340.69914344918277,0.0,CD8_Tcell
205.9095539788635,-177.9170071823565,0.0,CD8_Tcell
-353.62371442446533,-41.1362171885401,0.0,CD8_Tcell
231.6793353997099,179.12072384512277,0.0,CD8_Tcell
134.84373313155555,-211.23945446992124,0.0,CD8_Tcell
368.8041530009138,-28.95953095133118,0.0,CD8_Tcell
375.5424308369772,33.70930191262721,0.0,CD8_Tcell
-155.9514969108477,221.34978795067715,0.0,CD8_Tcell
-36.27057326796762,257.1929711139038,0.0,CD8_Tcell
2.999460223740301,-248.60551850580924,0.0,CD8_Tcell
186.50819319803318,301.43571368621934,0.0,CD8_Tcell
-74.12956097744306,376.42598293202917,0.0,CD8_Tcell
306.8006968732107,116.90836444487945,0.0,CD8_Tcell
197.80570481580745,-176.2249879059171,0.0,CD8_Tcell
-248.29366721940693,175.76747648638357,0.0,CD8_Tcell
353.6564876122054,116.9975907993466,0.0,CD8_Tcell
-289.32525751908327,-22.68036605690828,0.0,CD8_Tcell
308.91126558695896,-168.2466156837295,0.0,CD8_Tcell
291.16662914756944,-69.96208692545872,0.0,CD8_Tcell
-350.097097620458,-73.25230100850307,0.0,CD8_Tcell
154.34964977745045,-304.88193938961126,0.0,CD8_Tcell
-111.3244715858134,-255.42820489976617,0.0,CD8_Tcell
-124.46475774490895,-176.52526816152601,0.0,CD8_Tcell
-280.0484546641907,-216.04352117399782,0.0,CD8_Tcell
363.9707100062252,-128.1046978729969,0.0,CD8_Tcell
6.70670224882246,-221.21648796794526,0.0,CD8_Tcell
-67.1444000629031,-380.9339654965213,0.0,CD8_Tcell
-45.673183882139405,-325.5615469545363,0.0,CD8_Tcell
278.42522512904577,143.35745143506747,0.0,CD8_Tcell
289.3479028571727,104.29021334483177,0.0,CD8_Tcell
66.35598654630323,-219.64643214105573,0.0,CD8_Tcell
-297.3019706599875,-196.56009958543325,0.0,CD8_Tcell
238.4512370679754,-101.62218156980391,0.0,CD8_Tcell
-294.4384418345667,60.11357949646333,0.0,CD8_Tcell
-210.9603032138776,259.5886841702481,0.0,CD8_Tcell
-305.5298583227173,172.16606529113776,0.0,CD8_Tcell
-195.37054950689276,-65.2461749375865,0.0,CD8_Tcell
109.84950374217378,280.85756446244943,0.0,CD8_Tcell
69.49048660775917,-380.0607078759173,0.0,CD8_Tcell
159.6262561482335,-212.79742319395186,0.0,CD8_Tcell
246.31657743866396,54.42151028238411,0.0,CD8_Tcell
-143.9479401756686,355.4376511963388,0.0,CD8_Tcell
202.89314016490798,36.193425438288436,0.0,CD8_Tcell
-93.56838204125295,196.58240953664793,0.0,CD8_Tcell
-90.10064856130454,330.55003180527,0.0,CD8_Tcell
-66.58683383535481,-386.53686180988507,0.0,CD8_Tcell
-356.5529645552926,-17.973249573868383,0.0,CD8_Tcell
346.66613015819973,-2.5691518254639902,0.0,CD8_Tcell
48.246266100147075,363.36968790209556,0.0,CD8_Tcell
-27.376207030314404,-383.94376032558375,0.0,CD8_Tcell
-159.4438085167739,194.90518288588655,0.0,CD8_Tcell
-98.13957106779942,238.4921123836521,0.0,CD8_Tcell
-125.57953251353057,247.70232678531994,0.0,CD8_Tcell
324.15087114694546,-76.06044048227896,0.0,CD8_Tcell
-124.01722549824093,268.09908487278364,0.0,CD8_Tcell
-281.2448824948239,144.9410972002877,0.0,CD8_Tcell
216.39265476985133,-230.02183098874013,0.0,CD8_Tcell
269.7255937467377,208.0816394464493,0.0,CD8_Tcell
15.514176910478236,-348.81796752255684,0.0,CD8_Tcell
267.23439523845906,254.82233769617127,0.0,CD8_Tcell
293.8014807677561,112.2280388036328,0.0,CD8_Tcell
157.54193982279094,135.12491760116993,0.0,CD8_Tcell
-263.9772838166319,252.59149195914526,0.0,CD8_Tcell
32.281305033605115,326.6905465007145,0.0,CD8_Tcell
191.1415202405907,-95.40074888927285,0.0,CD8_Tcell
281.1562613476246,198.03925871504165,0.0,CD8_Tcell
206.3671621787656,138.89057005659188,0.0,CD8_Tcell
-210.30135920741236,-321.3225223870954,0.0,CD8_Tcell
-299.08986343172427,25.58636945505065,0.0,CD8_Tcell
-239.52356412744626,-120.96620676846571,0.0,CD8_Tcell
128.18625614503938,209.61085342113512,0.0,CD8_Tcell
370.49770802934574,87.76466080160444,0.0,CD8_Tcell
281.89840021840934,-106.2584558371634,0.0,CD8_Tcell
54.87494132684404,-330.9496594518649,0.0,CD8_Tcell
-212.2459407559073,142.3310732406351,0.0,CD8_Tcell
-233.24056238090014,-208.61976355286023,0.0,CD8_Tcell
-254.33312536223906,-53.395320497712724,0.0,CD8_Tcell
140.87286534169561,330.4583492242259,0.0,CD8_Tcell
165.46336646218182,230.0217244105584,0.0,CD8_Tcell
247.95104688033263,-197.42251540828605,0.0,CD8_Tcell
136.37571508283455,300.3650983782549,0.0,CD8_Tcell
271.7026787194131,85.86565651494439,0.0,CD8_Tcell
62.85146414997548,-324.97107553301475,0.0,CD8_Tcell
-288.64798471653273,-193.36834665474154,0.0,CD8_Tcell
-32.23909603009694,397.473136105876,0.0,CD8_Tcell
-161.28220417245603,-265.62986034682586,0.0,CD8_Tcell
238.5986845548076,111.12768048450536,0.0,CD8_Tcell
250.49417924644158,-249.9554702525052,0.0,CD8_Tcell
-324.36004093334896,-227.1417461266139,0.0,CD8_Tcell
392.2442912417667,-2.086117067380289,0.0,CD8_Tcell
-162.1475714501336,-205.85470009850397,0.0,CD8_Tcell
97.45701133195266,297.1394020641691,0.0,CD8_Tcell
209.09661066292105,272.4772682225724,0.0,CD8_Tcell
-377.198806685119,125.91322765324816,0.0,CD8_Tcell
-393.43566462701904,29.152418867840748,0.0,CD8_Tcell
351.57102377846456,144.4479766325204,0.0,CD8_Tcell
-192.22933364272905,163.48882448758584,0.0,CD8_Tcell
-354.6069894008382,-56.996986669601185,0.0,CD8_Tcell
12.340857120820367,-203.48360123404822,0.0,CD8_Tcell
-242.06490494299788,241.50763237979655,0.0,CD8_Tcell
259.6651639702565,-3.4116295073432927,0.0,CD8_Tcell
201.96192288013168,257.49120669534756,0.0,CD8_Tcell
200.53728149884927,-98.59951044553496,0.0,CD8_Tcell
-28.067969354946683,331.45968742085665,0.0,CD8_Tcell
192.1178655163325,272.0527659877002,0.0,CD8_Tcell
-206.7858138726562,263.3498414333763,0.0,CD8_Tcell
-317.51578929541694,190.17520308024024,0.0,CD8_Tcell
84.39227928423554,343.1819807828092,0.0,CD8_Tcell
336.78400822253815,151.476030723042,0.0,CD8_Tcell
-336.6883883916543,2.005179531917995,0.0,CD8_Tcell
206.06791766754836,183.27718299712012,0.0,CD8_Tcell
-7.147609641655941,-319.49450130483876,0.0,CD8_Tcell
-180.56775854996158,196.32143335252033,0.0,CD8_Tcell
236.47348642902833,-122.74442045790208,0.0,CD8_Tcell
-126.81639437306225,-265.9865829372385,0.0,CD8_Tcell
174.05483959153798,242.0288489237171,0.0,CD8_Tcell
239.71853678945592,-226.89184955070544,0.0,CD8_Tcell
-38.79221680972164,-352.8156554143316,0.0,CD8_Tcell
196.1362587584923,246.8812775578657,0.0,CD8_Tcell
165.90888985418488,-315.53069505850164,0.0,CD8_Tcell
59.00018054126424,-338.66155494824204,0.0,CD8_Tcell
-130.37943772137655,293.0392785988181,0.0,CD8_Tcell
350.6955721705963,-57.53750029087564,0.0,CD8_Tcell
217.93091998345565,315.95838167348865,0.0,CD8_Tcell
-373.34320206891147,-71.55189422880021,0.0,CD8_Tcell
-311.6272772339301,147.9037759319982,0.0,CD8_Tcell
364.34812093662975,99.95963089641613,0.0,CD8_Tcell
225.64467573561,313.1580739487452,0.0,CD8_Tcell
-345.4956330491502,-196.3315951541527,0.0,CD8_Tcell
-367.5117881621366,-31.347595279663643,0.0,CD8_Tcell
181.46805979662201,135.79239486806674,0.0,CD8_Tcell
-319.7492437269024,8.16591044231358,0.0,CD8_Tcell
-207.9373032758138,-65.92598958287665,0.0,CD8_Tcell
-352.97006372133546,-126.54362876784404,0.0,CD8_Tcell
-206.76898159805214,154.60425893357424,0.0,CD8_Tcell
336.10696204737593,203.66938068242834,0.0,CD8_Tcell
-273.44157502834486,225.26221216671493,0.0,CD8_Tcell
202.7796456699845,-320.2666252408671,0.0,CD8_Tcell
27.09661474931818,213.76590204915297,0.0,CD8_Tcell
-171.7445466195681,-186.94806623043587,0.0,CD8_Tcell
-295.6183233003166,-156.8882144968595,0.0,CD8_Tcell
-4.877262197046626,-299.0125630727242,0.0,CD8_Tcell
-41.342432294152076,-272.95110396312117,0.0,CD8_Tcell
-169.5983934735775,136.22662619930702,0.0,CD8_Tcell
-121.55632589202469,-270.5821213964743,0.0,CD8_Tcell
243.17076250669277,235.27498687571583,0.0,CD8_Tcell
-329.7904387258285,-31.67005949831652,0.0,CD8_Tcell
-195.46506762409155,146.17433703167916,0.0,CD8_Tcell
-276.8215773357128,-219.5105466980322,0.0,CD8_Tcell
-125.82108798345553,-288.84650296465486,0.0,CD8_Tcell
-278.76529674593877,72.67454743221637,0.0,CD8_Tcell
-334.75901115058184,-161.08788761552108,0.0,CD8_Tcell
116.61266327200264,344.01901752585985,0.0,CD8_Tcell
131.9290741711599,310.62375404830266,0.0,CD8_Tcell
293.41795461417433,39.782721797862195,0.0,CD8_Tcell
-53.58081908828825,-267.9891721072607,0.0,CD8_Tcell
-248.3362905854048,-255.177341850311,0.0,CD8_Tcell
-136.6608540406741,285.2145949015333,0.0,CD8_Tcell
303.37482734841296,-58.644726621833435,0.0,CD8_Tcell
285.159907470253,-104.49442926458045,0.0,CD8_Tcell
260.3829332289008,216.7862149081659,0.0,CD8_Tcell
228.07098491311413,32.82757095508236,0.0,CD8_Tcell
-82.94365730110218,-319.72476618191524,0.0,CD8_Tcell
-46.85628512677847,215.97941548324374,0.0,CD8_Tcell
-297.93102456391864,39.879500416011524,0.0,CD8_Tcell
375.55884439463733,-3.106058805012893,0.0,CD8_Tcell
203.2819574136557,-137.0147999081421,0.0,CD8_Tcell
246.6586282604696,-221.94721320817115,0.0,CD8_Tcell
220.62065661061376,-285.48752680393045,0.0,CD8_Tcell
-250.33516207304132,221.90258219474265,0.0,CD8_Tcell
-40.72561138982702,358.3315422827461,0.0,CD8_Tcell
-214.8633219234641,77.74054477627284,0.0,CD8_Tcell
141.7408118228954,-218.56555538831836,0.0,CD8_Tcell
229.47527448035558,-36.101980266004944,0.0,CD8_Tcell
-180.239269479222,-332.89805248592097,0.0,CD8_Tcell
266.70952187907176,-269.93104333595903,0.0,CD8_Tcell
-134.04111412285314,-347.1719951520694,0.0,CD8_Tcell
29.669648231423928,-286.1713242021054,0.0,CD8_Tcell
-352.3280939151884,-157.63954368147023,0.0,CD8_Tcell
262.78157625466974,-210.95559284178668,0.0,CD8_Tcell
-278.33368985637844,165.35237131067694,0.0,CD8_Tcell
229.75301672274276,209.52682012766365,0.0,CD8_Tcell
341.68956730627247,190.33672975877647,0.0,CD8_Tcell
353.2099685069727,-77.38954724722399,0.0,CD8_Tcell
122.20245043435888,280.9510002489529,0.0,CD8_Tcell
-302.4770012679212,16.360456762363118,0.0,CD8_Tcell
-151.5435361829612,-251.03678216093124,0.0,CD8_Tcell
-204.68435163408623,-317.08793772923326,0.0,CD8_Tcell
-311.53052817184306,-123.22819910124812,0.0,CD8_Tcell
-11.239475839509515,202.57170152138426,0.0,CD8_Tcell
228.58466568818346,-236.7384944118023,0.0,CD8_Tcell
193.87141958838907,-218.32042201554012,0.0,CD8_Tcell
-286.936093120495,-48.072144921920774,0.0,CD8_Tcell
-173.4553789408971,278.5725465673656,0.0,CD8_Tcell
303.89102233103375,140.8742855981863,0.0,CD8_Tcell
346.7829984137627,-156.85238521900965,0.0,CD8_Tcell
213.40125825546923,-194.46780831715662,0.0,CD8_Tcell
-135.99886768715075,-305.4113685267632,0.0,CD8_Tcell
-221.5910097859835,50.22376848898557,0.0,CD8_Tcell
-241.03949573204113,29.22100219945922,0.0,CD8_Tcell
-228.38465603149558,-155.6017477546636,0.0,CD8_Tcell
151.58477627712116,286.4130917730645,0.0,CD8_Tcell
-323.55701693294606,194.92084029548266,0.0,CD8_Tcell
-231.0483320002071,-266.2760151564637,0.0,CD8_Tcell
271.7077537337915,144.51726921199494,0.0,CD8_Tcell
-361.51578097757147,124.054944819309,0.0,CD8_Tcell
113.65908439719652,-243.8444063645334,0.0,CD8_Tcell
-327.62139546624127,11.592649892665108,0.0,CD8_Tcell
-139.16685800975495,205.7931388010298,0.0,CD8_Tcell
-313.50910582697054,31.20038565364816,0.0,CD8_Tcell
-164.48298742813,-261.44694334715075,0.0,CD8_Tcell
197.47234591463751,-286.3169649608426,0.0,CD8_Tcell
-199.07507443813753,249.97878103716823,0.0,CD8_Tcell
-344.81599197904455,-0.5737051372541235,0.0,CD8_Tcell
-64.21075180964316,250.14745902562674,0.0,CD8_Tcell
198.88855283597934,118.24121650203377,0.0,CD8_Tcell
-111.59646688513855,169.7074575935248,0.0,CD8_Tcell
-62.89449459585546,241.4226465101324,0.0,CD8_Tcell
-19.83393620626802,398.2006131668758,0.0,CD8_Tcell
55.74799936449369,376.97265644460697,0.0,CD8_Tcell
-258.1409562368818,217.0078406375057,0.0,CD8_Tcell
-6.847362993816359,-213.76491398056157,0.0,CD8_Tcell
-330.8180631353105,-186.2518757109841,0.0,CD8_Tcell
-94.7577110952406,-209.83705397285823,0.0,CD8_Tcell
178.55844173495046,-313.45458111268715,0.0,CD8_Tcell
44.54194392968645,-241.48868656505917,0.0,CD8_Tcell
216.5185897298861,-99.32987601399374,0.0,CD8_Tcell
190.23996462487938,86.3336606853599,0.0,CD8_Tcell
-12.868506910719649,338.55779375585746,0.0,CD8_Tcell
120.07933899384824,-314.9533833996662,0.0,CD8_Tcell
176.7046516327449,-117.30851270058082,0.0,CD8_Tcell
-247.65960657653508,-112.26158269613813,0.0,CD8_Tcell
-106.05386432597659,-206.9194633942638,0.0,CD8_Tcell
218.26010946696013,-304.81467443261585,0.0,CD8_Tcell
-297.53628606619316,-101.66994945599743,0.0,CD8_Tcell
-171.26947609191222,-103.77367988770568,0.0,CD8_Tcell
-305.1883096066367,-114.77752742977364,0.0,CD8_Tcell
308.5395790706959,12.996863196663458,0.0,CD8_Tcell
-267.10033420460564,-260.4188173903747,0.0,CD8_Tcell
-332.85979061969346,49.60727245886737,0.0,CD8_Tcell
-230.65610649769587,-7.7409353749250345,0.0,CD8_Tcell
266.2346711869328,46.112518122112185,0.0,CD8_Tcell
45.96890949187311,202.99038668777052,0.0,CD8_Tcell
-386.70109031320357,100.34280353666384,0.0,CD8_Tcell
88.78047272576187,228.1937058083521,0.0,CD8_Tcell
-223.9850845315055,100.64409837827252,0.0,CD8_Tcell
328.63301559056237,-36.660931455365564,0.0,CD8_Tcell
-74.17830286944941,-221.33370918027893,0.0,CD8_Tcell
-206.05733105205812,-284.2425824167291,0.0,CD8_Tcell
259.6034890508146,-157.21521122856524,0.0,CD8_Tcell
-111.76119276682095,172.99939932361528,0.0,CD8_Tcell
237.7564927258861,-37.734695465542295,0.0,CD8_Tcell
353.97569063854314,57.1714431378023,0.0,CD8_Tcell
-317.63919101508844,-154.80346968359058,0.0,CD8_Tcell
-184.19942004151596,-102.63125585408491,0.0,CD8_Tcell
-219.99482904724152,-111.72689048076474,0.0,CD8_Tcell
139.27384193888787,-333.7642203469037,0.0,CD8_Tcell
255.64582437992192,85.16022434884829,0.0,CD8_Tcell
-223.69924305568426,-105.1058478990399,0.0,CD8_Tcell
-280.8920652607483,-245.45208209233977,0.0,CD8_Tcell
156.17319820340228,336.65450224425757,0.0,CD8_Tcell
-74.00153918577922,300.66207143014157,0.0,CD8_Tcell
304.67143719795143,-169.19182518688856,0.0,CD8_Tcell
261.23362676383414,76.55080476211596,0.0,CD8_Tcell
24.972262425854733,276.86428667352806,0.0,CD8_Tcell
-246.45639064345315,209.9671550213212,0.0,CD8_Tcell
-198.69834982485037,-339.28481126379967,0.0,CD8_Tcell
-264.9798836463531,-216.8115687922847,0.0,CD8_Tcell
-227.7895151318856,297.28001319588583,0.0,CD8_Tcell
283.8562233018722,-130.51176160869554,0.0,CD8_Tcell
351.5646704318983,176.70333272742369,0.0,CD8_Tcell
-103.35141941631784,-226.39537682686645,0.0,CD8_Tcell
233.52441730956798,225.79147608119692,0.0,CD8_Tcell
-128.63808122717182,-335.2590289287303,0.0,CD8_Tcell
-275.7312358000785,-119.60300107070117,0.0,CD8_Tcell
-211.0516229548568,305.77131928302754,0.0,CD8_Tcell
-182.94254073765003,329.006822948989,0.0,CD8_Tcell
165.5331602992725,220.09123309421634,0.0,CD8_Tcell
-327.58241937880325,-103.08782316972466,0.0,CD8_Tcell
4.99969404732513,-342.0335293443607,0.0,CD8_Tcell
-250.80727321374823,-145.358519059793,0.0,CD8_Tcell
357.9335562018848,149.15353239820098,0.0,CD8_Tcell
-180.59743924931024,128.98839491986678,0.0,CD8_Tcell
-104.05146543302853,-279.1174672332525,0.0,CD8_Tcell
331.80983056549326,-20.786468733093127,0.0,CD8_Tcell
81.87773932335689,298.43278174218176,0.0,CD8_Tcell
252.32093466973768,-11.546578854557021,0.0,CD8_Tcell
-25.404476225652136,356.11037105918564,0.0,CD8_Tcell
231.25257686977645,-139.7218410477746,0.0,CD8_Tcell
28.088609937257146,324.0804675758943,0.0,CD8_Tcell
196.97247939806175,176.9466878705572,0.0,CD8_Tcell
52.33381769930229,301.29228231338243,0.0,CD8_Tcell
-121.89977031198475,277.73906146399474,0.0,CD8_Tcell
-286.4017998987423,-197.95288427556207,0.0,CD8_Tcell
-393.0959622248858,71.592302173139,0.0,CD8_Tcell
-45.97867885544554,197.70714128116455,0.0,CD8_Tcell
-201.67769969509342,-316.51950474770814,0.0,CD8_Tcell
-53.114645900717356,300.59578993316006,0.0,CD8_Tcell
380.1994404738906,-16.880807223590633,0.0,CD8_Tcell
-1.3775005712995925,303.9717783984685,0.0,CD8_Tcell
0.45416030595898843,-292.35473898142425,0.0,CD8_Tcell
312.7983231523456,103.71260459111501,0.0,CD8_Tcell
-9.268530401526782,374.8030468973762,0.0,CD8_Tcell
-86.18024617774914,279.1229154792499,0.0,CD8_Tcell
-175.06521231362586,-330.9452252444361,0.0,CD8_Tcell
83.83005275634764,-229.7046006330522,0.0,CD8_Tcell
230.5702173586398,163.26234493635562,0.0,CD8_Tcell
-220.53265607059197,47.53811961313166,0.0,CD8_Tcell
215.90090448270578,206.6440201496927,0.0,CD8_Tcell
-43.22896428144503,341.42687755228826,0.0,CD8_Tcell
-206.91526887109688,142.89707903941658,0.0,CD8_Tcell
-234.58259704150663,-110.78329790576464,0.0,CD8_Tcell
239.48037971812096,-61.95985004732169,0.0,CD8_Tcell
-219.41475461518857,-144.68598957974808,0.0,CD8_Tcell
202.33369702884602,-9.294800712640322,0.0,CD8_Tcell
-78.50956045874794,-215.71653328221865,0.0,CD8_Tcell
101.02122823927853,254.37733474285264,0.0,CD8_Tcell
-244.0217818165179,-42.60726227981947,0.0,CD8_Tcell
87.79989122489222,-302.83173735786573,0.0,CD8_Tcell
-241.68746206067436,-44.386334910983905,0.0,CD8_Tcell
83.32495062901955,213.38041543181558,0.0,CD8_Tcell
251.5307049653046,76.6552803638223,0.0,CD8_Tcell
396.1599038880915,-7.067860536899145,0.0,CD8_Tcell
-189.77198207458596,338.6297999087586,0.0,CD8_Tcell
217.11046157363526,-80.40910864874837,0.0,CD8_Tcell
222.65836370512318,-79.88357540789528,0.0,CD8_Tcell
350.88264454387615,67.94936135431519,0.0,CD8_Tcell
364.03967226161734,-26.873194728699875,0.0,CD8_Tcell
194.65948767419152,215.83948423875063,0.0,CD8_Tcell
-195.92184991906373,-77.81488753339256,0.0,CD8_Tcell
-228.24134053806108,-139.08019786776055,0.0,CD8_Tcell
216.73203518743844,235.35900376897362,0.0,CD8_Tcell
-53.38520859092431,265.6025168440934,0.0,CD8_Tcell
172.95754349663292,-180.64545761885228,0.0,CD8_Tcell
84.68875519990507,-188.70918136339486,0.0,CD8_Tcell
350.8600663607258,182.94025077656977,0.0,CD8_Tcell
193.735499274667,-167.72345072793905,0.0,CD8_Tcell
21.757303179477265,271.60712871059155,0.0,CD8_Tcell
-164.3614956448231,294.9422066989211,0.0,CD8_Tcell
-257.8166912711279,56.80741057925653,0.0,CD8_Tcell
-45.41551343914195,347.27408100092214,0.0,CD8_Tcell
-133.1861898792081,-223.53698251657002,0.0,CD8_Tcell
271.48243001970695,49.22308885928193,0.0,CD8_Tcell
320.87139130037144,-209.51786857581027,0.0,CD8_Tcell
225.04958244512085,-293.2354211959035,0.0,CD8_Tcell
-296.3332242704154,-41.25798306355831,0.0,CD8_Tcell
-323.0298084609209,-44.08924634950324,0.0,CD8_Tcell
259.11791071542547,-216.69699213222293,0.0,CD8_Tcell
-331.6481055419247,-26.82403821695144,0.0,CD8_Tcell
316.4616799453687,-30.7205995351515,0.0,CD8_Tcell
80.36350648050389,315.8069482266718,0.0,CD8_Tcell
33.42078237113293,-228.04267914715697,0.0,CD8_Tcell
18.427438466887306,-343.8757815928223,0.0,CD8_Tcell
-128.22531370021179,295.32739597967503,0.0,CD8_Tcell
-160.64291492222534,-263.1430864036685,0.0,CD8_Tcell
-20.355199535863843,220.81045207057036,0.0,CD8_Tcell
144.19777118885614,-228.884176596362,0.0,CD8_Tcell
-217.51749393327054,-196.36379963971075,0.0,CD8_Tcell
-347.2179351171281,-60.753212126522364,0.0,CD8_Tcell
-282.3969026931109,36.76496048943386,0.0,CD8_Tcell
385.60430135887987,64.92835498602088,0.0,CD8_Tcell
-129.59448018317892,-274.6106919631195,0.0,CD8_Tcell
-204.6672586519202,-51.259414311473996,0.0,CD8_Tcell
-144.54689551925023,140.02518539081643,0.0,CD8_Tcell
347.6642544090534,88.67146513150195,0.0,CD8_Tcell
226.41943902213188,151.16435021790008,0.0,CD8_Tcell
297.07265026191146,-23.61894149114408,0.0,CD8_Tcell
-199.34606832956678,237.0856769597227,0.0,CD8_Tcell
-184.66775395802753,276.88069044582016,0.0,CD8_Tcell
-116.6908661221019,218.53399155289353,0.0,CD8_Tcell
-147.55918846213822,239.73465962078916,0.0,CD8_Tcell
-107.945855778064,208.53760871720732,0.0,CD8_Tcell
-211.81269921924763,158.89229237370975,0.0,CD8_Tcell
257.61658613619625,266.3318263548953,0.0,CD8_Tcell
40.20292414345491,-331.34246487281945,0.0,CD8_Tcell
-277.633286006921,77.78207817085197,0.0,CD8_Tcell
213.84249008490423,13.885136511983989,0.0,CD8_Tcell
135.02247653379223,286.3480930598959,0.0,CD8_Tcell
332.0180522101456,173.7386279350416,0.0,CD8_Tcell
2.974545335341662,-353.6276795676429,0.0,CD8_Tcell
225.66740381097154,-91.01581098205041,0.0,CD8_Tcell
258.7843419992179,-269.76341059032546,0.0,CD8_Tcell
277.2038849592868,259.9749227995756,0.0,CD8_Tcell
-192.98460514361932,78.7415994839665,0.0,CD8_Tcell
251.9658330024312,182.969726847579,0.0,CD8_Tcell
224.4387291459421,-293.201532506281,0.0,CD8_Tcell
24.848572992269677,-229.64726079609295,0.0,CD8_Tcell
77.68858592155586,-194.0508395911612,0.0,CD8_Tcell
348.5482398063808,-55.12023495321733,0.0,CD8_Tcell
-128.48607409358956,179.24403985955882,0.0,CD8_Tcell
350.70337103304286,35.538414945188464,0.0,CD8_Tcell
-8.869965819497494,242.49722328580864,0.0,CD8_Tcell
85.8849772655145,-210.9124229804782,0.0,CD8_Tcell
70.04581451109448,228.84275270947126,0.0,CD8_Tcell
-87.54559449789588,305.21441542359514,0.0,CD8_Tcell
-49.99289012696912,357.5530489200623,0.0,CD8_Tcell
277.87390018685215,17.59344596070247,0.0,CD8_Tcell
-127.19541830737474,-324.8103115077752,0.0,CD8_Tcell
191.27025066566574,-203.74756270949635,0.0,CD8_Tcell
-70.34757577999228,-292.97075558042616,0.0,CD8_Tcell
-205.3024018873502,142.1538618629791,0.0,CD8_Tcell
306.6038875123047,-93.83223999120085,0.0,CD8_Tcell
270.46485951561164,179.4614909322286,0.0,CD8_Tcell
90.19400182443366,318.10833622323787,0.0,CD8_Tcell
320.8566089640091,-15.559471187208207,0.0,CD8_Tcell
-223.1325712260553,207.75987845020384,0.0,CD8_Tcell
152.91284719765883,-349.88169071408504,0.0,CD8_Tcell
-136.58135086017498,268.37642801337876,0.0,CD8_Tcell
199.74688718218135,-114.88551920961189,0.0,CD8_Tcell
161.32797532657023,-162.20769517765197,0.0,CD8_Tcell
-151.2975803255289,276.47807079712527,0.0,CD8_Tcell
-278.4698185284312,-95.80300138190924,0.0,CD8_Tcell
240.54412406274153,-136.9456559915514,0.0,CD8_Tcell
-284.3047427790451,-246.23922365670236,0.0,CD8_Tcell
-93.17531711385179,-263.1267475081265,0.0,CD8_Tcell
253.32536411275203,-17.469679719579336,0.0,CD8_Tcell
-333.3553861017688,-54.37793042785791,0.0,CD8_Tcell
-237.00351494542394,-321.3630077928516,0.0,CD8_Tcell
178.83116332564305,-254.52732731406,0.0,CD8_Tcell
-195.7819690964085,137.7028314870989,0.0,CD8_Tcell
-10.242940051916449,342.4591799562154,0.0,CD8_Tcell
7.984684685595938,-260.7381921600932,0.0,CD8_Tcell
-95.34120972113301,-227.8040783851018,0.0,CD8_Tcell
-376.88629935622413,44.89757968206216,0.0,CD8_Tcell
-84.77958991894813,-219.0840091068013,0.0,CD8_Tcell
-306.9767747563188,-181.0831545961553,0.0,CD8_Tcell
262.04323338892493,-242.2476374896371,0.0,CD8_Tcell
278.5119055828815,-182.88206466105984,0.0,CD8_Tcell
19.826894251056277,-392.08461603404555,0.0,CD8_Tcell
148.4182575196892,-134.60085926489535,0.0,CD8_Tcell
142.2574465070739,-200.9378978048934,0.0,CD8_Tcell
-200.37990770327167,-300.52422975555027,0.0,CD8_Tcell
344.0421682083887,-121.36877042093066,0.0,CD8_Tcell
124.38748916395518,268.6704922127314,0.0,CD8_Tcell
294.5333900150796,144.03188790132245,0.0,CD8_Tcell
-251.40882452068095,113.5264668416453,0.0,CD8_Tcell
-182.73219656560192,-261.7800059312754,0.0,CD8_Tcell
1.4549865251660656,324.0063771786433,0.0,CD8_Tcell
230.45981732019902,-39.39053610059899,0.0,CD8_Tcell
202.07051203669042,85.0349844998356,0.0,CD8_Tcell
304.7521213094653,-91.72312072425603,0.0,CD8_Tcell
-312.6259134698309,153.0212079715771,0.0,CD8_Tcell
-85.98747281591497,370.6493539958089,0.0,CD8_Tcell
-144.4427613179491,183.81795852643498,0.0,CD8_Tcell
-50.76639596487327,326.77825453598683,0.0,CD8_Tcell
46.825040460870234,211.78123197079142,0.0,CD8_Tcell
-270.9910374722271,236.42237804400608,0.0,CD8_Tcell
189.76227851445034,328.71668882389775,0.0,CD8_Tcell
-242.47634425974888,169.90758793172654,0.0,CD8_Tcell
-46.048938771437896,-240.41835879548205,0.0,CD8_Tcell
-38.057981936558136,-361.0636545206926,0.0,CD8_Tcell
216.40945507066533,121.51187022328773,0.0,CD8_Tcell
18.59821972400197,-348.94412981056973,0.0,CD8_Tcell
-340.04688275327646,173.98119174221446,0.0,CD8_Tcell
-47.37186114876635,275.6664045605714,0.0,CD8_Tcell
-70.1147496760658,-337.5188617128038,0.0,CD8_Tcell
289.75251751857536,56.94373028360768,0.0,CD8_Tcell
110.02571583581135,-215.51808053524036,0.0,CD8_Tcell
-295.83875650377934,116.92753318586273,0.0,CD8_Tcell
-295.8750454727417,268.802968890233,0.0,CD8_Tcell
-239.0765723932723,-133.92909598889125,0.0,CD8_Tcell
-176.52252012606542,-237.77164575358017,0.0,CD8_Tcell
-244.99547090879986,34.40923820424498,0.0,CD8_Tcell
173.24640494564903,-338.57893700991787,0.0,CD8_Tcell
81.95851001667921,375.8833582249783,0.0,CD8_Tcell
-83.23919151223598,-381.6423799957928,0.0,CD8_Tcell
-250.6495175911757,-303.7243786125852,0.0,CD8_Tcell
194.1336243153998,190.0011114091571,0.0,CD8_Tcell
339.40543088828366,133.3225216914768,0.0,CD8_Tcell
-363.1277246704753,-56.40154811784531,0.0,CD8_Tcell
82.53094064532122,-218.21728727752952,0.0,CD8_Tcell
-67.73402392969271,-334.62933141151217,0.0,CD8_Tcell
-198.4039426187716,324.30684408729087,0.0,CD8_Tcell
291.0190781321905,-258.2158128618468,0.0,CD8_Tcell
178.86234286878386,236.69302078581705,0.0,CD8_Tcell
199.0612149591067,337.1547697804616,0.0,CD8_Tcell
195.11920300603046,-103.986406585406,0.0,CD8_Tcell
268.7664595710679,-125.8787885288289,0.0,CD8_Tcell
-209.20599693897896,64.08230647820652,0.0,CD8_Tcell
278.7771800109304,249.86984491777267,0.0,CD8_Tcell
301.7687887672268,-103.18478864710572,0.0,CD8_Tcell
-271.41214397586225,-246.25839542810314,0.0,CD8_Tcell
-191.69556948432094,314.5538507749298,0.0,CD8_Tcell
194.0388975750419,-331.23169664191335,0.0,CD8_Tcell
243.60602329665338,193.18731702545546,0.0,CD8_Tcell
-94.60545808527033,-377.84363862896464,0.0,CD8_Tcell
-389.27011126255815,19.630319167743792,0.0,CD8_Tcell
-219.61819455397261,-328.36724989412534,0.0,CD8_Tcell
-17.454974006493412,-304.6765125273631,0.0,CD8_Tcell
-302.47917311838944,-119.54613849067826,0.0,CD8_Tcell
-81.71953550280136,-197.0302968785495,0.0,CD8_Tcell
-203.49090328293505,184.56810300557498,0.0,CD8_Tcell
100.94624396563856,187.71362141346347,0.0,CD8_Tcell
230.47127932053178,28.059841819324003,0.0,CD8_Tcell
-56.96196434667402,-328.8215395561318,0.0,CD8_Tcell
160.5939569010701,168.02713785114221,0.0,CD8_Tcell
-349.3324056537127,176.92739434503412,0.0,CD8_Tcell
138.09666505316818,239.46172628451978,0.0,CD8_Tcell
281.7296984629356,-238.1404634639876,0.0,CD8_Tcell
-275.52735778890974,135.33966966057164,0.0,CD8_Tcell
285.697875750695,-79.07427784496461,0.0,CD8_Tcell
-292.556457639372,-77.945014221077,0.0,CD8_Tcell
-295.99178446433825,-78.40051285787841,0.0,CD8_Tcell
-354.7615991105857,79.60005653793762,0.0,CD8_Tcell
252.29106347185063,-220.72832070858854,0.0,CD8_Tcell
-116.15751868238615,199.0305003515188,0.0,CD8_Tcell
-76.08243678138702,-354.18262522154066,0.0,CD8_Tcell
224.23591664191966,-241.7855636786638,0.0,CD8_Tcell
-334.483489425375,70.80928253112891,0.0,CD8_Tcell
-375.9463599435072,90.82965118101932,0.0,CD8_Tcell
116.62369656142182,270.0784252277582,0.0,CD8_Tcell
-42.4585673630499,-226.39242950322821,0.0,CD8_Tcell
190.4226370273787,194.90799826272792,0.0,CD8_Tcell
-256.4272928341647,-260.8539409130027,0.0,CD8_Tcell
258.5299388481859,-261.8786208092856,0.0,CD8_Tcell
107.93218538010532,-367.97563098370847,0.0,CD8_Tcell
-236.79502299512015,229.57964412224948,0.0,CD8_Tcell
-308.53013841410257,-162.3858506098552,0.0,CD8_Tcell
-203.29889657801,44.45312732982233,0.0,CD8_Tcell
-275.88604836018266,-86.48634684574976,0.0,CD8_Tcell
-200.20302352358024,-26.032022846673815,0.0,CD8_Tcell
-67.54887203334805,-281.0591921706735,0.0,CD8_Tcell
202.78081550021312,-179.62257175536425,0.0,CD8_Tcell
55.80619045599388,-334.28591988660304,0.0,CD8_Tcell
282.39078424120345,-106.60504190980048,0.0,CD8_Tcell
13.225685801437914,232.10522311644309,0.0,CD8_Tcell
-68.98342537772626,196.52240487831142,0.0,CD8_Tcell
75.83505787900089,307.5179432627579,0.0,CD8_Tcell
-11.212326733928318,-339.7975252249834,0.0,CD8_Tcell
136.33034904537217,-293.47711636599973,0.0,CD8_Tcell
-264.9057345042146,255.19595018109538,0.0,CD8_Tcell
-84.13800154101371,225.992524991757,0.0,CD8_Tcell
157.69233328213048,-288.19533716403083,0.0,CD8_Tcell
-170.43904857826885,230.77209285985694,0.0,CD8_Tcell
331.27753225966023,-60.96421932401882,0.0,CD8_Tcell
369.660357939175,110.41847079130306,0.0,CD8_Tcell
-61.19258078984718,363.1102572349311,0.0,CD8_Tcell
-7.709420544839683,216.09885626570477,0.0,CD8_Tcell
141.5169932984139,233.37052129852046,0.0,CD8_Tcell
345.343604320323,178.02710897260022,0.0,CD8_Tcell
-101.71692910808356,200.35469629797882,0.0,CD8_Tcell
345.5261710499354,129.10568692549785,0.0,CD8_Tcell
156.1813478830397,-159.45499002278063,0.0,CD8_Tcell
272.77459431412,259.21056478235874,0.0,CD8_Tcell
-226.91587641255842,-302.74350188051204,0.0,CD8_Tcell
-129.50966169722287,268.2982901830669,0.0,CD8_Tcell
-131.8342110224161,289.77663839797503,0.0,CD8_Tcell
-289.2120649359345,-237.03978856907264,0.0,CD8_Tcell
-77.61127915240934,307.2480025688657,0.0,CD8_Tcell
240.93896348292054,-16.320452556277832,0.0,CD8_Tcell
-294.3346964327563,126.28976927882074,0.0,CD8_Tcell
122.12547027759179,-269.75270473381454,0.0,CD8_Tcell
101.54709162181152,-308.6155978753853,0.0,CD8_Tcell
-208.71179194983566,71.64290787717894,0.0,CD8_Tcell
-7.213842219123839,274.9139569907759,0.0,CD8_Tcell
35.25195510128116,-203.1978694645346,0.0,CD8_Tcell
-238.348665615567,185.38719753153583,0.0,CD8_Tcell
253.56967848107828,-270.2024611668551,0.0,CD8_Tcell
-156.37236535593314,174.33588431522767,0.0,CD8_Tcell
-183.1575628451914,-108.71934829970405,0.0,CD8_Tcell
112.59458287160076,368.5767548034071,0.0,CD8_Tcell
318.39531287263463,-240.11580293959997,0.0,CD8_Tcell
-329.7743118493888,70.26178203764603,0.0,CD8_Tcell
-215.60507720338111,292.5193995149284,0.0,CD8_Tcell
210.22287957766264,54.45526974977522,0.0,CD8_Tcell
150.0684951858578,236.1237893070762,0.0,CD8_Tcell
-351.97234871988314,134.5931359951963,0.0,CD8_Tcell
265.626033763305,64.38235138086063,0.0,CD8_Tcell
309.73060374620275,145.03555906613764,0.0,CD8_Tcell
-27.55618567553686,-238.6493491434503,0.0,CD8_Tcell
-203.73883041983927,-187.95410140108635,0.0,CD8_Tcell
-325.76705950285117,-89.37419994686125,0.0,CD8_Tcell
-334.58102871230244,-48.84124520536857,0.0,CD8_Tcell
-371.55916144524804,28.99597909978442,0.0,CD8_Tcell
-217.26630656003712,-198.10740991758283,0.0,CD8_Tcell
331.69630550163254,65.84486150867399,0.0,CD8_Tcell
-259.8709662611055,255.3786737203226,0.0,CD8_Tcell
145.60097390456156,308.3280452785278,0.0,CD8_Tcell
-298.5315749590716,196.28122148293625,0.0,CD8_Tcell
-120.43368158102682,-335.1303239906649,0.0,CD8_Tcell
-144.9864176996254,-315.8546776277262,0.0,CD8_Tcell
-24.943484401125144,-232.7523647374882,0.0,CD8_Tcell
-57.36481965395166,-199.31098088816867,0.0,CD8_Tcell
329.2834979552877,26.900279163853664,0.0,CD8_Tcell
-215.9886967556592,58.77938128175285,0.0,CD8_Tcell
-126.03185139950602,259.00490998694704,0.0,CD8_Tcell
369.89396831506815,-121.07365393912733,0.0,CD8_Tcell
-197.29603679935852,277.2025315800731,0.0,CD8_Tcell
-44.010866732937515,-283.9271194902023,0.0,CD8_Tcell
-203.87346808510398,-119.90748982244875,0.0,CD8_Tcell
105.80849987687428,-319.63135372760223,0.0,CD8_Tcell
62.27424113328496,274.2967490793101,0.0,CD8_Tcell
325.51678170559256,172.76872056032775,0.0,CD8_Tcell
-277.4942036250327,-221.04407452741276,0.0,CD8_Tcell
-234.15726774833252,-247.38152143543888,0.0,CD8_Tcell
46.96024659655768,-235.63004550689064,0.0,CD8_Tcell
-68.53124159451986,391.46440447522264,0.0,CD8_Tcell
-295.9039803294232,-183.49508051553747,0.0,CD8_Tcell
295.4842172057601,164.14367397448873,0.0,CD8_Tcell
129.48959232576297,-152.66433429928043,0.0,CD8_Tcell
-316.40395875590093,-60.06509250685468,0.0,CD8_Tcell
168.6557431098071,266.3150186552802,0.0,CD8_Tcell
264.57253869629005,-147.11972210899887,0.0,CD8_Tcell
-220.0162075990482,-291.53665055839303,0.0,CD8_Tcell
-336.3368665579498,-12.034978151344292,0.0,CD8_Tcell
212.31210774528333,-250.6194254797046,0.0,CD8_Tcell
-311.7016155582908,-65.23877869075908,0.0,CD8_Tcell
-209.64534575864627,-138.72533529554337,0.0,CD8_Tcell
-228.03183809692476,67.23136577941483,0.0,CD8_Tcell
23.5565323641867,217.5557020782735,0.0,CD8_Tcell
-360.0610841685214,143.56636736811612,0.0,CD8_Tcell
-381.63841269358585,-42.790724611862174,0.0,CD8_Tcell
-282.7214759131969,-205.43095619886796,0.0,CD8_Tcell
190.3062804922261,311.65969984940114,0.0,CD8_Tcell
217.84999240395294,-45.46364394307228,0.0,CD8_Tcell
-324.6893085557419,-103.3588669849453,0.0,CD8_Tcell
7.893215958214089,-245.5941392232484,0.0,CD8_Tcell
277.49230462867166,162.44319677263908,0.0,CD8_Tcell
139.05424160915402,306.4153598566096,0.0,CD8_Tcell
233.13052810489077,-303.5389849723733,0.0,CD8_Tcell
213.05187491178077,-80.17715049952669,0.0,CD8_Tcell
309.1110260464172,249.44811694668653,0.0,CD8_Tcell
-216.88977277622845,-307.36909096103557,0.0,CD8_Tcell
299.8309025730657,-30.975838891608593,0.0,CD8_Tcell
-326.48277795561864,145.0966930443551,0.0,CD8_Tcell
-284.0436950558872,143.60123358220335,0.0,CD8_Tcell
-255.8156511823089,294.39360014095297,0.0,CD8_Tcell
112.3066429079242,268.20723700259055,0.0,CD8_Tcell
-158.78717545575202,-213.58082662958367,0.0,CD8_Tcell
-244.3999373444058,193.04883113927804,0.0,CD8_Tcell
-264.0959948796189,-157.61459404843518,0.0,CD8_Tcell
49.29048041963233,-354.1080920020007,0.0,CD8_Tcell
209.80457428601144,78.54692417497392,0.0,CD8_Tcell
-280.1070158171057,139.40426828540961,0.0,CD8_Tcell
364.56494252937205,-118.74402715782055,0.0,CD8_Tcell
-264.4474245199306,16.578279606605662,0.0,CD8_Tcell
387.2293711413729,-34.09982260916037,0.0,CD8_Tcell
176.59134268195092,-179.93159546318537,0.0,CD8_Tcell
-145.30479499326688,-282.02010281521115,0.0,CD8_Tcell
315.1946540703908,41.85992225634448,0.0,CD8_Tcell
378.224232673041,-64.77670708001293,0.0,CD8_Tcell
-88.36261445945017,-233.18348201544072,0.0,CD8_Tcell
329.2586001753761,-117.58332011198296,0.0,CD8_Tcell
-106.44488441833758,-239.24793484630294,0.0,CD8_Tcell
-44.301899118754875,-197.8040546013546,0.0,CD8_Tcell
-138.31683816512933,-327.68066695916593,0.0,CD8_Tcell
-125.94237648675184,167.32986208068837,0.0,CD8_Tcell
-183.65767311443713,-107.95754011331543,0.0,CD8_Tcell
204.9701681412229,-213.64459922794745,0.0,CD8_Tcell
134.16429090304328,-328.8982729834505,0.0,CD8_Tcell
230.43945025871616,251.24553371707492,0.0,CD8_Tcell
-226.6686587060274,135.64831343136714,0.0,CD8_Tcell
-121.34605305148301,165.38115145122595,0.0,CD8_Tcell
4.2608651977381236,321.5427789367399,0.0,CD8_Tcell
-208.1796635501961,97.50186990016874,0.0,CD8_Tcell
-241.2028828476236,261.29820463885426,0.0,CD8_Tcell
262.71687002494707,-134.48407612906314,0.0,CD8_Tcell
-213.79364971385323,74.52571031532874,0.0,CD8_Tcell
74.42010626241593,334.88613678123164,0.0,CD8_Tcell
-111.61456460713946,-319.92863526803944,0.0,CD8_Tcell
-199.65488592932167,285.13262930320906,0.0,CD8_Tcell
135.24361191274735,-227.06442243060468,0.0,CD8_Tcell
-233.07632434808747,177.7481140094477,0.0,CD8_Tcell
125.7328504410822,304.29610185650387,0.0,CD8_Tcell
111.39024431672533,-315.7105192130615,0.0,CD8_Tcell
-243.96805372462632,-207.45775250106112,0.0,CD8_Tcell
333.28740432004,-168.16048187299228,0.0,CD8_Tcell
318.91659147222987,125.8254025734269,0.0,CD8_Tcell
-141.94201244928556,168.5315352910086,0.0,CD8_Tcell
-312.56373652116827,-52.688600328590475,0.0,CD8_Tcell
-326.4049226556711,-188.5816831449836,0.0,CD8_Tcell
-293.2408926782428,28.564459314308774,0.0,CD8_Tcell
-214.049137914619,-336.9508906723446,0.0,CD8_Tcell
-200.18976788212953,-202.22688513977144,0.0,CD8_Tcell
12.939483618208465,-275.6403999964367,0.0,CD8_Tcell
-201.5616615535503,-143.9510448272403,0.0,CD8_Tcell
-155.14900847195935,-328.82446737674184,0.0,CD8_Tcell
-245.01455473971703,57.03494069507657,0.0,CD8_Tcell
283.8979374583486,-7.9780592393352165,0.0,CD8_Tcell
215.33066902036842,158.09780943782616,0.0,CD8_Tcell
-236.08073826515607,318.87674079809574,0.0,CD8_Tcell
-41.50851719731111,-234.19282375379737,0.0,CD8_Tcell
-36.87786524808829,200.98592151982555,0.0,CD8_Tcell
105.42109354601833,281.95619982433925,0.0,CD8_Tcell
130.81407509963873,221.31026356888626,0.0,CD8_Tcell
-295.53989919036826,-29.12302710548516,0.0,CD8_Tcell
311.8622802276903,-184.84170425573382,0.0,CD8_Tcell
203.45838204307879,272.9418451601864,0.0,CD8_Tcell
-165.16314837482741,249.39451142773376,0.0,CD8_Tcell
-224.19907339900845,146.71495557111797,0.0,CD8_Tcell
86.6846543562866,-315.5989764466773,0.0,CD8_Tcell
98.40429386143694,224.70542822921715,0.0,CD8_Tcell
219.05976890522447,-182.52834857588385,0.0,CD8_Tcell
-316.5291394462146,-14.022150562008934,0.0,CD8_Tcell
-207.59726058956633,229.80414251280618,0.0,CD8_Tcell
273.1239559741674,227.5219019873605,0.0,CD8_Tcell
-334.91022410313434,52.868756899445366,0.0,CD8_Tcell
91.13411979085011,238.40485748808706,0.0,CD8_Tcell
-286.5978054333856,-176.26772610427392,0.0,CD8_Tcell
-89.66955344083391,274.0350771855429,0.0,CD8_Tcell
312.84463084555756,178.2247668521126,0.0,CD8_Tcell
-194.24345457063322,-319.1666983467425,0.0,CD8_Tcell
37.621056918907456,-196.548186869655,0.0,CD8_Tcell
311.08152845177284,-7.712609473383975,0.0,CD8_Tcell
-22.58439731516214,-331.7689218139191,0.0,CD8_Tcell
251.933595609054,-8.831882612863925,0.0,CD8_Tcell
-142.43084508201557,-281.3398674494905,0.0,CD8_Tcell
-203.7593043427145,-222.69038110168736,0.0,CD8_Tcell
-219.09990326800823,-279.14013031977123,0.0,CD8_Tcell
294.3521278216345,159.6289202461064,0.0,CD8_Tcell
310.099642375637,-235.63431321996543,0.0,CD8_Tcell
-318.6220407526929,-37.90190310970761,0.0,CD8_Tcell
-79.31954356858878,-378.2841255463999,0.0,CD8_Tcell
-83.59306919172131,295.3605716334274,0.0,CD8_Tcell
-10.038478209918864,-220.56965601867765,0.0,CD8_Tcell
-211.2592585257367,122.04377069512684,0.0,CD8_Tcell
-180.57829478827946,245.10504975847468,0.0,CD8_Tcell
193.443605752192,71.36268436324686,0.0,CD8_Tcell
-292.9986324270901,250.99928834097125,0.0,CD8_Tcell
319.36792285452646,200.1502235228446,0.0,CD8_Tcell
-220.12383848398437,-279.60615645193786,0.0,CD8_Tcell
98.58780640592623,336.21844604115,0.0,CD8_Tcell
210.87127229062799,153.66155753021323,0.0,CD8_Tcell
-10.302537872586965,380.86265292241893,0.0,CD8_Tcell
72.75890168573562,338.64306216809837,0.0,CD8_Tcell
-44.40414151198974,-357.60415090970827,0.0,CD8_Tcell
209.00264073821526,253.690689630628,0.0,CD8_Tcell
-366.89465860148175,128.66499053305628,0.0,CD8_Tcell
-145.95233917873315,-214.17940212336129,0.0,CD8_Tcell
-280.5813142052374,-48.295969151081145,0.0,CD8_Tcell
-251.99874363781535,-174.1411524770379,0.0,CD8_Tcell
98.82963186016201,-206.47143782221457,0.0,CD8_Tcell
286.40902885801364,110.60350900535556,0.0,CD8_Tcell
188.6282704877906,-191.59481726428527,0.0,CD8_Tcell
218.33354769692508,-100.3212150851917,0.0,CD8_Tcell
250.20890276355362,-299.11915868497357,0.0,CD8_Tcell
308.73361978335015,46.029728525216406,0.0,CD8_Tcell
167.173232879954,357.8966674218282,0.0,CD8_Tcell
-330.952749228747,-23.54667766589803,0.0,CD8_Tcell
87.47072207491588,-221.7525530712118,0.0,CD8_Tcell
127.4940000506542,-254.5502889765935,0.0,CD8_Tcell
-228.9434347336283,124.20159667532468,0.0,CD8_Tcell
95.4187828892811,-387.6794923419374,0.0,CD8_Tcell
13.268000618492156,-382.23202461666483,0.0,CD8_Tcell
-348.69456272520813,-65.39519310738865,0.0,CD8_Tcell
302.0973970760786,-194.7673251165574,0.0,CD8_Tcell
-261.0807549817525,-132.51032022907148,0.0,CD8_Tcell
255.16730564674546,-206.55107300657443,0.0,CD8_Tcell
332.9001718724046,-102.6118301514719,0.0,CD8_Tcell
163.31557764248055,273.92288186105446,0.0,CD8_Tcell
-3.3572279965733878,374.01058520405184,0.0,CD8_Tcell
20.41849405620104,314.7303123220059,0.0,CD8_Tcell
295.4298433150753,174.2138215962079,0.0,CD8_Tcell
-29.107912803541723,-299.0657515704909,0.0,CD8_Tcell
-234.42879983796772,-170.0959095834257,0.0,CD8_Tcell
77.93006144141944,318.53901253504824,0.0,CD8_Tcell
-238.54091633035938,168.7515889079981,0.0,CD8_Tcell
269.5495305640006,49.74250953802051,0.0,CD8_Tcell
-80.93244024459064,-333.8730473727511,0.0,CD8_Tcell
-385.3399130669364,29.07900267159511,0.0,CD8_Tcell
-46.77681163096192,391.7321820316159,0.0,CD8_Tcell
271.96373285104636,117.98200142962754,0.0,CD8_Tcell
107.98940521141205,-297.6680741098242,0.0,CD8_Tcell
222.75792961160684,-3.992014115048934,0.0,CD8_Tcell
-71.29163770288214,356.321627150432,0.0,CD8_Tcell
334.1660789141854,-138.2729289509075,0.0,CD8_Tcell
-171.976951965865,351.4364566013115,0.0,CD8_Tcell
-330.45305009999095,-103.6573574946811,0.0,CD8_Tcell
345.8649157060731,-46.119116434837096,0.0,CD8_Tcell
-55.581004427620535,229.06801475444647,0.0,CD8_Tcell
188.95957503503325,-246.97123705392565,0.0,CD8_Tcell
73.93269082783556,-324.6508576172793,0.0,CD8_Tcell
-362.28356203829884,12.470140079101279,0.0,CD8_Tcell
-11.180825821439772,232.38169796269574,0.0,CD8_Tcell
289.6547376312454,73.6619969693923,0.0,CD8_Tcell
117.6467562818596,213.51839146463752,0.0,CD8_Tcell
294.77830153031647,-198.57415527445434,0.0,CD8_Tcell
-49.64142550560741,-240.14805130157077,0.0,CD8_Tcell
-159.7518096952162,-135.28706051843116,0.0,CD8_Tcell
-300.49127845710746,-246.11193313408552,0.0,CD8_Tcell
318.96972427765996,-206.5123957382586,0.0,CD8_Tcell
-344.3707123320664,90.49648189932749,0.0,CD8_Tcell
347.2255230549429,-54.90291991216276,0.0,CD8_Tcell
39.50338004735546,281.8386373293167,0.0,CD8_Tcell
-79.28697758633044,347.70035445241723,0.0,CD8_Tcell
40.45111992815917,216.00524395694566,0.0,CD8_Tcell
332.04560062326897,174.69966829413303,0.0,CD8_Tcell
-74.24601646453003,234.2379378682673,0.0,CD8_Tcell
368.0967511718519,107.28126568218364,0.0,CD8_Tcell
-304.9088249551934,-184.0156109083195,0.0,CD8_Tcell
-28.623159996625404,199.99586634328318,0.0,CD8_Tcell
-121.91200092141179,-168.52793017773237,0.0,CD8_Tcell
255.0871447212006,272.61308258722863,0.0,CD8_Tcell
-20.13208310438434,319.9370504065006,0.0,CD8_Tcell
101.99031493136266,-300.16385562722013,0.0,CD8_Tcell
-279.50963184676493,42.57374601349988,0.0,CD8_Tcell
330.92248101631714,-34.2747578756386,0.0,CD8_Tcell
-124.88931154456596,234.60511318827653,0.0,CD8_Tcell
341.4806654957041,32.6837029952954,0.0,CD8_Tcell
-2.521772624384159,-244.98179756034435,0.0,CD8_Tcell
-186.13019446400557,-99.6849252816371,0.0,CD8_Tcell
26.806970210638703,242.12206775221645,0.0,CD8_Tcell
347.19457545343727,-106.98101602205473,0.0,CD8_Tcell
-172.86996891544837,-116.5455133394278,0.0,CD8_Tcell
172.7023782754564,-323.26080037205037,0.0,CD8_Tcell
145.09503604244588,165.01600395957004,0.0,CD8_Tcell
-103.79177757701375,-344.92293888716694,0.0,CD8_Tcell
-181.31168382751852,-244.03737001125756,0.0,CD8_Tcell
86.37791692166553,214.29305541099998,0.0,CD8_Tcell
-75.90800397271532,295.71745293762604,0.0,CD8_Tcell
-124.3197909836446,-224.69399437284574,0.0,CD8_Tcell
-118.16474476586343,207.2055774425797,0.0,CD8_Tcell
-146.24341402023222,250.16574521138764,0.0,CD8_Tcell
-46.20052233226514,-264.98816773252736,0.0,CD8_Tcell
93.68668994006477,-386.08867291863066,0.0,CD8_Tcell
-93.62279051732159,-237.5227250706702,0.0,CD8_Tcell
-282.0709096953675,-46.04479343446489,0.0,CD8_Tcell
230.4137777131959,270.9230237703938,0.0,CD8_Tcell
188.67939268157232,-156.79299594726567,0.0,CD8_Tcell
115.8965372614445,-359.4593589932831,0.0,CD8_Tcell
324.2605324322741,-173.2920856672887,0.0,CD8_Tcell
-194.00028739634357,290.3913368292255,0.0,CD8_Tcell
212.47365679899636,-313.82795572805065,0.0,CD8_Tcell
9.911782522296013,-289.04139826136975,0.0,CD8_Tcell
49.781214203159315,278.3103580405512,0.0,CD8_Tcell
211.01281389062942,-278.7485060309229,0.0,CD8_Tcell
-357.93590712965346,-101.88537906029244,0.0,CD8_Tcell
-169.84556361404535,153.06557004641706,0.0,CD8_Tcell
-26.24060714273587,-244.89862474923717,0.0,CD8_Tcell
190.45847179848366,347.9818834668041,0.0,CD8_Tcell
236.05507880711033,129.28043029256182,0.0,CD8_Tcell
-187.6168082702773,-310.2658148282528,0.0,CD8_Tcell
-235.1051122698527,272.49419143046646,0.0,CD8_Tcell
140.15141120873795,230.62756216714186,0.0,CD8_Tcell
271.9947403167639,166.65769279824002,0.0,CD8_Tcell
38.4420189503092,-221.3001601601174,0.0,CD8_Tcell
-56.26942831169208,300.72203229311134,0.0,CD8_Tcell
-186.58425286575886,-106.29809628921926,0.0,CD8_Tcell
-137.1154151401009,277.2246688541228,0.0,CD8_Tcell
5.02890203237007,276.57251944121316,0.0,CD8_Tcell
338.36989227970565,-107.02214810494115,0.0,CD8_Tcell
228.70997945062507,205.7789673134291,0.0,CD8_Tcell
290.26037273901414,76.28069248493317,0.0,CD8_Tcell
-254.06708086163303,-16.99953905272386,0.0,CD8_Tcell
374.31499146134206,-41.240841607940595,0.0,CD8_Tcell
61.88238292360353,-297.83073818628435,0.0,CD8_Tcell
-158.8617008018614,-141.43732303931642,0.0,CD8_Tcell
285.58412263937174,-64.59745597854871,0.0,CD8_Tcell
-243.35938266591285,161.66347809745685,0.0,CD8_Tcell
-266.4829480376534,-159.4878930872157,0.0,CD8_Tcell
218.20206164426324,171.9623355528612,0.0,CD8_Tcell
-315.99769691296785,-180.4217763249462,0.0,CD8_Tcell
-335.7186311690063,-70.83609017788375,0.0,CD8_Tcell
-4.939004092826743,-332.4176066098834,0.0,CD8_Tcell
-220.0507956589415,3.3640809310445086,0.0,CD8_Tcell
385.0448872533109,-43.70249174984309,0.0,CD8_Tcell
103.68742603707061,-344.84844806539616,0.0,CD8_Tcell
281.95231813440165,-95.77026370671483,0.0,CD8_Tcell
-22.927536389972385,-275.17523405013117,0.0,CD8_Tcell
-152.90217797961262,-147.6490054372837,0.0,CD8_Tcell
181.20951212215198,307.32950702376775,0.0,CD8_Tcell
-121.9619546330828,180.42200220973714,0.0,CD8_Tcell
-6.258098396252123,331.49350577478333,0.0,CD8_Tcell
244.6913545807195,-163.672221347812,0.0,CD8_Tcell
331.2579910009382,-178.87450664207233,0.0,CD8_Tcell
-175.09192514579436,-121.21666953118822,0.0,CD8_Tcell
-98.87324400568,-287.44785274909566,0.0,CD8_Tcell
-276.4818209267426,177.2116692454604,0.0,CD8_Tcell
-310.4146724284147,33.84162687446474,0.0,CD8_Tcell
266.63324528381867,294.5030027124489,0.0,CD8_Tcell
-214.4447331283854,258.43041542294327,0.0,CD8_Tcell
-145.02378954137225,311.33869291936446,0.0,CD8_Tcell
79.19321727992309,-250.97490789408178,0.0,CD8_Tcell
232.36207084630072,318.46760607760916,0.0,CD8_Tcell
383.53934545266293,13.378913351549556,0.0,CD8_Tcell
236.23107551426807,232.30701332321328,0.0,CD8_Tcell
-229.0074248173597,-109.24601170838255,0.0,CD8_Tcell
37.919035653731875,201.7842376383199,0.0,CD8_Tcell
155.60500208164717,292.38020445980686,0.0,CD8_Tcell
201.88634155226023,101.37507861574747,0.0,CD8_Tcell
-271.3462759828985,179.91209365506577,0.0,CD8_Tcell
31.500885808216434,228.1503311928041,0.0,CD8_Tcell
351.3788260901374,3.40685200620449,0.0,CD8_Tcell
-36.40018588842769,-391.46683288863466,0.0,CD8_Tcell
-115.67559148414627,327.3251621673907,0.0,CD8_Tcell
-161.96151314093686,-167.538554571197,0.0,CD8_Tcell
283.99189655252684,153.50860291502542,0.0,CD8_Tcell
-246.8625188381102,60.20126025425893,0.0,CD8_Tcell
173.86931140400972,-168.00887176335766,0.0,CD8_Tcell
2.205576256536581,300.8304570986781,0.0,CD8_Tcell
255.93209472666268,105.78656608986999,0.0,CD8_Tcell
73.69269892961027,-256.97112812975575,0.0,CD8_Tcell
2.124067238952807,319.4835621959376,0.0,CD8_Tcell
339.7296706327858,-157.1882281614234,0.0,CD8_Tcell
217.98578326062528,70.33599620497131,0.0,CD8_Tcell
271.0666344938878,-7.354413061622769,0.0,CD8_Tcell
-379.74312856407323,69.01554377339068,0.0,CD8_Tcell
-284.1119001499788,150.73910757869766,0.0,CD8_Tcell
-292.2054227711561,-110.173319746722,0.0,CD8_Tcell
78.99455127144456,349.30496533742286,0.0,CD8_Tcell
-156.5773271304583,-339.3642037676742,0.0,CD8_Tcell
241.16218349745563,105.54375844287516,0.0,CD8_Tcell
-12.049232084329248,-249.1305785262113,0.0,CD8_Tcell
77.67530442571578,384.3100055650388,0.0,CD8_Tcell
164.58259286393877,-292.5628497031252,0.0,CD8_Tcell
-195.77938892473347,-279.22009207663245,0.0,CD8_Tcell
-255.55601651347666,-210.99216830096526,0.0,CD8_Tcell
292.8228528206227,-36.759021957949344,0.0,CD8_Tcell
-142.92355067627977,-211.62933305545823,0.0,CD8_Tcell
-357.7872595005383,110.40309417849313,0.0,CD8_Tcell
292.86831703820815,138.75671601201864,0.0,CD8_Tcell
-237.10726475247006,232.5345305256454,0.0,CD8_Tcell
-295.217310994481,35.538876344442734,0.0,CD8_Tcell
227.20946541400437,-83.518615436517,0.0,CD8_Tcell
219.27712986491207,144.96339882618554,0.0,CD8_Tcell
-289.80720567545814,-42.84025843246361,0.0,CD8_Tcell
61.097740244081464,-322.4044109474487,0.0,CD8_Tcell
-280.8852605974822,261.35571562074455,0.0,CD8_Tcell
294.1610023199914,206.33881829883148,0.0,CD8_Tcell
110.88666645358241,-323.0760668288801,0.0,CD8_Tcell
-217.510034863627,178.69594428808085,0.0,CD8_Tcell
-279.8416594793326,247.85133017820564,0.0,CD8_Tcell
103.80005246070766,339.8234416260236,0.0,CD8_Tcell
-183.4896120730475,164.45119842913064,0.0,CD8_Tcell
172.2895190793888,-271.2383771790242,0.0,CD8_Tcell
41.57869956672602,278.5750482957214,0.0,CD8_Tcell
-76.19642593588866,265.44961787981464,0.0,CD8_Tcell
-257.1451989600863,36.35978786488071,0.0,CD8_Tcell
-87.72474692941533,277.83555917154155,0.0,CD8_Tcell
-345.7552610401825,22.19780174104504,0.0,CD8_Tcell
-170.89905945288166,-232.26119969992925,0.0,CD8_Tcell
389.4413439746235,5.407110801400321,0.0,CD8_Tcell
208.11642791050068,313.2274655253963,0.0,CD8_Tcell
379.33220999977874,-57.26769878007151,0.0,CD8_Tcell
41.18277488104794,-393.0194005837856,0.0,CD8_Tcell
142.42174373010965,-316.425740833775,0.0,CD8_Tcell
-84.90224638042602,187.4375082975521,0.0,CD8_Tcell
-80.30763221861696,-265.54635480617225,0.0,CD8_Tcell
280.2138880589735,22.80517957237433,0.0,CD8_Tcell
207.25183115981613,-103.97619866800264,0.0,CD8_Tcell
190.91720797039858,334.3318035113912,0.0,CD8_Tcell
-200.80514666987398,102.7192124839692,0.0,CD8_Tcell
91.07662154928687,-378.0799948150968,0.0,CD8_Tcell
203.41469377277093,157.62446925937738,0.0,CD8_Tcell
-136.58969251056195,179.30553095856303,0.0,CD8_Tcell
-324.70646216919437,158.8402071663531,0.0,CD8_Tcell
37.128996988485646,295.121240526285,0.0,CD8_Tcell
-38.356130210962974,-264.0474828119631,0.0,CD8_Tcell
231.54507892206044,26.703585839816615,0.0,CD8_Tcell
360.923436898045,-20.96139800761055,0.0,CD8_Tcell
-67.8513085098047,371.99496740228597,0.0,CD8_Tcell
341.8118815515627,20.223876205853067,0.0,CD8_Tcell
190.5990484977203,127.66130491338437,0.0,CD8_Tcell
379.99616615500736,58.48879616689233,0.0,CD8_Tcell
-310.3424736473491,-3.482326044583204,0.0,CD8_Tcell
-137.77014215119036,210.67349977975607,0.0,CD8_Tcell
174.58158594196112,243.58415579994025,0.0,CD8_Tcell
-248.61858655746806,-85.91791804099101,0.0,CD8_Tcell
-144.73029102548904,-153.79896643956778,0.0,CD8_Tcell
88.4703038084931,-367.17206367251873,0.0,CD8_Tcell
349.67594569563647,-127.35038628391847,0.0,CD8_Tcell
-271.80632721069804,69.28529876713812,0.0,CD8_Tcell
-55.73774652374051,-211.42022524110703,0.0,CD8_Tcell
-195.8746473727557,282.994728676676,0.0,CD8_Tcell
305.2735619431585,242.90037756276934,0.0,CD8_Tcell
331.72730117875415,158.5130514407208,0.0,CD8_Tcell
324.9984924583583,51.478065574826864,0.0,CD8_Tcell
-10.121520292133189,260.1980644441843,0.0,CD8_Tcell
130.65666126063297,-262.9847655868937,0.0,CD8_Tcell
-309.91781744985315,-58.1098621162645,0.0,CD8_Tcell
-281.472953222983,-245.9828098468599,0.0,CD8_Tcell
312.34102121764465,-5.896226855514928,0.0,CD8_Tcell
323.99854826683094,-172.5622202021575,0.0,CD8_Tcell
171.5943006527364,-173.99897912096856,0.0,CD8_Tcell
215.81307273276812,129.14980833774737,0.0,CD8_Tcell
340.6508251368102,92.02122247408252,0.0,CD8_Tcell
-146.41810225567585,161.1318670093229,0.0,CD8_Tcell
215.98717797209102,-18.24007810934247,0.0,CD8_Tcell
-307.67095185607246,-5.528356825598284,0.0,CD8_Tcell
-306.9460810831721,128.9487952121619,0.0,CD8_Tcell
240.74815131827341,-144.66072364626402,0.0,CD8_Tcell
308.7842160515176,-141.9228302471123,0.0,CD8_Tcell
-396.33280836655877,-22.65541015537902,0.0,CD8_Tcell
64.25164918182315,-300.9544387713437,0.0,CD8_Tcell
-244.14223855106172,-83.26324891804721,0.0,CD8_Tcell
-69.48669035161242,301.7236567830284,0.0,CD8_Tcell
383.40076620490044,69.04437789577898,0.0,CD8_Tcell
-95.14807970672824,-343.4882137442772,0.0,CD8_Tcell
-88.80400627736189,344.5232037787853,0.0,CD8_Tcell
-119.12650527412707,300.3760677355775,0.0,CD8_Tcell
-236.44743153592484,-7.0380304608286615,0.0,CD8_Tcell
-91.5703408990061,-200.27547152275864,0.0,CD8_Tcell
-274.049193879374,-188.95455471329254,0.0,CD8_Tcell
131.92062197005987,187.22066572515934,0.0,CD8_Tcell
-202.57105526934413,-148.12005691033286,0.0,CD8_Tcell
-95.59738644313985,-250.67239255054477,0.0,CD8_Tcell
-295.6360965062025,218.0831885223103,0.0,CD8_Tcell
283.290620314379,67.65097275982856,0.0,CD8_Tcell
-338.84702675811076,56.81657700902347,0.0,CD8_Tcell
210.64269537516148,40.86096627930857,0.0,CD8_Tcell
-203.4367874457347,-11.127626155354617,0.0,CD8_Tcell
-363.43840423890543,31.425764575113536,0.0,CD8_Tcell
368.9425206687327,-133.11679390692595,0.0,CD8_Tcell
-73.93609562273986,229.02280580484282,0.0,CD8_Tcell
-179.60946697031324,205.56783037296333,0.0,CD8_Tcell
-290.0234900599297,-41.14728054711812,0.0,CD8_Tcell
-285.73612739289405,-205.8362006798079,0.0,CD8_Tcell
265.49317444086387,-111.73095905590327,0.0,CD8_Tcell
115.42781371341407,-370.7273902217528,0.0,CD8_Tcell
-204.8764660466373,-184.48814443156374,0.0,CD8_Tcell
-378.7141742838763,119.73172146801564,0.0,CD8_Tcell
102.26145606043187,280.9719269194888,0.0,CD8_Tcell
-209.19134161963623,324.4708734869017,0.0,CD8_Tcell
317.92456507450083,-62.91346061661017,0.0,CD8_Tcell
-123.26179596809914,-347.0038651188323,0.0,CD8_Tcell
208.32935565307153,100.15823376164663,0.0,CD8_Tcell
-5.223218604194298,-236.13558473498048,0.0,CD8_Tcell
-68.47761488450026,-328.4129812032989,0.0,CD8_Tcell
217.93077131301135,76.41269928154877,0.0,CD8_Tcell
387.24795146080396,33.175788025435914,0.0,CD8_Tcell
289.6716670825808,174.02041269412067,0.0,CD8_Tcell
177.66556009893756,-214.36272095419963,0.0,CD8_Tcell
-383.0489533656001,-71.52844412356944,0.0,CD8_Tcell
-357.76780830472734,-29.179889882462184,0.0,CD8_Tcell
-119.86733872473353,-286.099472460138,0.0,CD8_Tcell
-81.43125435448383,-209.6908969689226,0.0,CD8_Tcell
-181.13603779717116,-106.16933481327905,0.0,CD8_Tcell
-245.96657071963662,-250.4868742551186,0.0,CD8_Tcell
-328.24519406689524,-105.46286289097591,0.0,CD8_Tcell
-74.44751854719904,-264.497227798947,0.0,CD8_Tcell
-174.49492050032364,142.82006489533416,0.0,CD8_Tcell
-158.01184833471424,-280.770360564462,0.0,CD8_Tcell
-200.65637563426512,281.3382183781427,0.0,CD8_Tcell
-302.75980054350475,-47.2848574560411,0.0,CD8_Tcell
280.7626289124712,-170.38389500073052,0.0,CD8_Tcell
77.10964241695312,-280.32532038717414,0.0,CD8_Tcell
136.5074729742936,-271.96573844593337,0.0,CD8_Tcell
-145.56615318992678,215.5150818288569,0.0,CD8_Tcell
243.41134119893573,18.983682578060627,0.0,CD8_Tcell
225.6918312588619,39.25676931242581,0.0,CD8_Tcell
357.65265925731603,41.87109735988412,0.0,CD8_Tcell
235.36797787527883,16.22045062710584,0.0,CD8_Tcell
85.27968009579706,261.4172769427416,0.0,CD8_Tcell
-185.28289027043647,111.0768432479126,0.0,CD8_Tcell
-129.3022932379471,-340.72267151753016,0.0,CD8_Tcell
97.08488008651544,-337.34342680198057,0.0,CD8_Tcell
201.754836112528,-143.50474247709658,0.0,CD8_Tcell
48.89494187744439,256.39675309293875,0.0,CD8_Tcell
353.67096501599593,-63.019204601944544,0.0,CD8_Tcell
-41.33176998373203,378.29318885869003,0.0,CD8_Tcell
180.3783912620256,340.14113115081835,0.0,CD8_Tcell
-109.16621446971472,-292.32244905072304,0.0,CD8_Tcell
-130.30943033342248,376.83468321026317,0.0,CD8_Tcell
-258.74190415144244,249.9833063791957,0.0,CD8_Tcell
-45.75651892394333,322.99432003470565,0.0,CD8_Tcell
98.74217261208302,183.35170985544474,0.0,CD8_Tcell
-217.03951365588014,-164.06537222692117,0.0,CD8_Tcell
-85.07709792220906,-347.2877768590663,0.0,CD8_Tcell
306.305551647608,197.70595280989102,0.0,CD8_Tcell
357.69450991276784,150.4935582157322,0.0,CD8_Tcell
107.83490606524987,226.14537171869742,0.0,CD8_Tcell
-191.2358431060464,-183.38101816757995,0.0,CD8_Tcell
227.51393598092258,-243.24421069891312,0.0,CD8_Tcell
-180.69673006824817,-109.16863566095397,0.0,CD8_Tcell
186.4149318178681,-243.28729290419494,0.0,CD8_Tcell
-125.95570330942341,-255.84018572876332,0.0,CD8_Tcell
61.00669458615821,-392.4739009388664,0.0,CD8_Tcell
239.84085867106674,204.80959964089794,0.0,CD8_Tcell
-55.81636457477502,-354.0680587411549,0.0,CD8_Tcell
195.66400962654848,-210.43921763786622,0.0,CD8_Tcell
194.83274148127916,-197.53035372977934,0.0,CD8_Tcell
221.19288810492012,141.63940442973114,0.0,CD8_Tcell
-64.63500639655916,-252.1887969065809,0.0,CD8_Tcell
-168.22339964892612,-302.4287798215681,0.0,CD8_Tcell
195.5721384154778,-73.37764905832195,0.0,CD8_Tcell
188.75995943446998,-306.60086725224255,0.0,CD8_Tcell
-219.06122219986935,316.58490780028706,0.0,CD8_Tcell
-73.87433472209288,227.53132855418644,0.0,CD8_Tcell
211.13935834105516,186.89055699052935,0.0,CD8_Tcell
-273.9103344983981,-0.8304135308193482,0.0,CD8_Tcell
199.62017268233797,284.3765175058876,0.0,CD8_Tcell
312.53281338452,-190.65353404153169,0.0,CD8_Tcell
-230.4010081445917,-83.82870446415848,0.0,CD8_Tcell
201.57849000559526,234.30772830617462,0.0,CD8_Tcell
-8.118423429493095,280.52099177939965,0.0,CD8_Tcell
-345.4050050101491,-186.73338993854642,0.0,CD8_Tcell
347.2410154537798,31.474563305208353,0.0,CD8_Tcell
336.5465997166345,-115.02345672202692,0.0,CD8_Tcell
346.67818344414053,56.8180174172665,0.0,CD8_Tcell
-328.62416341927377,-189.69266258207585,0.0,CD8_Tcell
-397.03551972800585,9.062476658804723,0.0,CD8_Tcell
264.395125593478,-284.2624002857029,0.0,CD8_Tcell
61.37362035453506,215.99876362197344,0.0,CD8_Tcell
248.7783347949305,230.02679435341093,0.0,CD8_Tcell
-337.20319255927734,97.25458754873378,0.0,CD8_Tcell
188.77477259474767,297.550762212729,0.0,CD8_Tcell
65.79831244693369,-333.14513269468443,0.0,CD8_Tcell
-217.95306737107532,-269.6683936358258,0.0,CD8_Tcell
306.1815748338184,-128.76626976027725,0.0,CD8_Tcell
-174.93493456085173,-191.03345450491148,0.0,CD8_Tcell
-313.425872142839,-174.746627506012,0.0,CD8_Tcell
-387.1407292907632,-4.472945703590528,0.0,CD8_Tcell
-342.19434750453695,-28.947011421833334,0.0,CD8_Tcell
131.7732911725092,233.868567202516,0.0,CD8_Tcell
-307.7961572924284,63.389381216037506,0.0,CD8_Tcell
382.48282968786356,7.5225612692749095,0.0,CD8_Tcell
-145.1422989724899,-352.2694344031182,0.0,CD8_Tcell
333.26444815029527,217.44475158337696,0.0,CD8_Tcell
365.87012324113897,-7.899868137645028,0.0,CD8_Tcell
-145.35675449409078,184.8144021333818,0.0,CD8_Tcell
-154.5675418502904,-285.8350762089737,0.0,CD8_Tcell
-274.579805794085,98.35634230840417,0.0,CD8_Tcell
-212.5435992934964,314.94941207920596,0.0,CD8_Tcell
-56.758361999876016,-278.18343351890536,0.0,CD8_Tcell
375.3701546476901,-58.112910742670635,0.0,CD8_Tcell
-295.3013295542922,131.98547576665368,0.0,CD8_Tcell
189.67904105927508,-253.15944501565502,0.0,CD8_Tcell
-97.95656092140716,317.44904456610345,0.0,CD8_Tcell
-125.93497245737967,-368.4171719012291,0.0,CD8_Tcell
64.3466438714512,-353.74697986732133,0.0,CD8_Tcell
-185.460806316614,277.9970177899841,0.0,CD8_Tcell
-216.49481656067877,-100.44871866457024,0.0,CD8_Tcell
310.27598512521337,93.34217572262659,0.0,CD8_Tcell
-321.4403229015458,166.19137804457236,0.0,CD8_Tcell
384.835142065523,-108.64738425493127,0.0,CD8_Tcell
-162.1373801307882,-131.16663616366495,0.0,CD8_Tcell
289.61959803371275,26.120914984092824,0.0,CD8_Tcell
271.53274521777655,23.682721968450664,0.0,CD8_Tcell
145.84805329498585,161.0863712406008,0.0,CD8_Tcell
-349.124972466611,95.23955737605586,0.0,CD8_Tcell
-128.3659806679394,259.91246899619244,0.0,CD8_Tcell
-348.16017321212496,117.27121158530096,0.0,CD8_Tcell
238.71910164507355,148.54455955911837,0.0,CD8_Tcell
-211.97386999501583,-58.91320555466348,0.0,CD8_Tcell
-247.66444859917428,-195.92738505752723,0.0,CD8_Tcell
-187.79548207161866,69.70386782859437,0.0,CD8_Tcell
-29.81943456737046,-344.32808655542055,0.0,CD8_Tcell
58.9939449619105,373.7512108936069,0.0,CD8_Tcell
88.03789622492299,-198.06712401323747,0.0,CD8_Tcell
-285.01144417906875,-79.83989568069916,0.0,CD8_Tcell
-59.3383013884885,296.7589032575844,0.0,CD8_Tcell
-212.8036658232961,-228.9583049668495,0.0,CD8_Tcell
175.33085351420442,187.3647779967412,0.0,CD8_Tcell
206.12814979595677,206.28890410218835,0.0,CD8_Tcell
128.9324106249251,298.27936746388883,0.0,CD8_Tcell
239.0501181589352,188.6471381477172,0.0,CD8_Tcell
101.35114099648695,172.5052819723354,0.0,CD8_Tcell
-146.5284085211988,-276.1987409177574,0.0,CD8_Tcell
-147.26275461907485,-342.91601708916875,0.0,CD8_Tcell
-171.67748880954449,-343.76247373482437,0.0,CD8_Tcell
235.98852546645966,-29.72628996463941,0.0,CD8_Tcell
376.4274172390017,5.182180752288686,0.0,CD8_Tcell
-318.7112804195815,-171.62316598458366,0.0,CD8_Tcell
-351.73585628809934,60.875302339407874,0.0,CD8_Tcell
-52.18080492760346,-348.08130694969435,0.0,CD8_Tcell
-272.3823035297617,98.22504100398648,0.0,CD8_Tcell
-223.30945829082762,-243.20299073573207,0.0,CD8_Tcell
215.39229746036193,-80.6895505188022,0.0,CD8_Tcell
340.71604914103176,-168.98955330197913,0.0,CD8_Tcell
310.57541237187485,-184.72769421759963,0.0,CD8_Tcell
183.93329524701684,238.88331021184862,0.0,CD8_Tcell
-108.26036010080071,-367.53494837693194,0.0,CD8_Tcell
-31.497901654643346,-251.8876172661487,0.0,CD8_Tcell
-232.1870058426569,-80.6647042197641,0.0,CD8_Tcell
-233.67582803438202,-240.84487000510225,0.0,CD8_Tcell
119.60692629696543,-271.58252287327326,0.0,CD8_Tcell
-154.27415052396293,335.5665614563056,0.0,CD8_Tcell
-195.43545867938425,326.489801052573,0.0,CD8_Tcell
-228.2209799964005,308.27033210419313,0.0,CD8_Tcell
257.84309321662715,-26.02898693876071,0.0,CD8_Tcell
203.63475464560628,-88.58405374294261,0.0,CD8_Tcell
-181.96037607142725,284.65244662775694,0.0,CD8_Tcell
111.97311083964273,173.4525286455676,0.0,CD8_Tcell
304.0205476202327,228.25184903354298,0.0,CD8_Tcell
-108.68315077052667,221.9469037234953,0.0,CD8_Tcell
-396.95728498596856,-11.358158966871674,0.0,CD8_Tcell
-36.77154972194114,261.4080752558454,0.0,CD8_Tcell
113.11338601851907,186.58852934991526,0.0,CD8_Tcell
73.55620110377596,271.507898801372,0.0,CD8_Tcell
-183.68609896024319,-152.72976106579,0.0,CD8_Tcell
44.080392807112936,234.541928748705,0.0,CD8_Tcell
192.19787701385525,102.986303841546,0.0,CD8_Tcell
-306.1983631228024,-180.9039593633217,0.0,CD8_Tcell
160.00629369966774,310.5939403793455,0.0,CD8_Tcell
204.129320300895,222.9942151939815,0.0,CD8_Tcell
305.5632878785782,-85.04133599824847,0.0,CD8_Tcell
-190.49126962693458,168.7001152357042,0.0,CD8_Tcell
264.5788282491054,106.62934316945748,0.0,CD8_Tcell
20.490433510052636,398.234125106856,0.0,CD8_Tcell
-118.83205648553289,-195.51525463696507,0.0,CD8_Tcell
-252.45497667716404,-172.82285962534914,0.0,CD8_Tcell
-148.05443992819372,249.35241188404365,0.0,CD8_Tcell
142.42013327966677,170.73815119186125,0.0,CD8_Tcell
-297.3668494336817,219.29915521392041,0.0,CD8_Tcell
241.01940031368173,159.38008498407612,0.0,CD8_Tcell
-221.96530232300273,50.815128829034464,0.0,CD8_Tcell
159.55548470303557,-251.8627680194199,0.0,CD8_Tcell
72.75390883505382,-294.6566790999599,0.0,CD8_Tcell
-318.0718235896817,-103.69811579854124,0.0,CD8_Tcell
94.91450003859072,-260.7795055727666,0.0,CD8_Tcell
162.1288897998555,257.7182100781779,0.0,CD8_Tcell
-339.32536568822724,62.93117446162934,0.0,CD8_Tcell
-214.50213493365163,-86.43676749814821,0.0,CD8_Tcell
150.5962924073791,-312.0194135999319,0.0,CD8_Tcell
329.39762430578213,-12.717927803752225,0.0,CD8_Tcell
-335.65914157788546,-197.27486523333457,0.0,CD8_Tcell
-227.4699590468874,-171.24034396441607,0.0,CD8_Tcell
97.27614028455476,-327.82106561848485,0.0,CD8_Tcell
-180.1645832142544,-126.50459811005257,0.0,CD8_Tcell
182.43899298355436,322.77062612838307,0.0,CD8_Tcell
-293.9996024053292,-104.03898447565547,0.0,CD8_Tcell
64.56626319065751,-286.34063086018364,0.0,CD8_Tcell
-183.1698071399946,263.00780439661065,0.0,CD8_Tcell
49.69403098370788,-317.5665896893747,0.0,CD8_Tcell
244.44879082422378,-224.21250983257048,0.0,CD8_Tcell
338.1522796521481,-67.94698729211575,0.0,CD8_Tcell
278.23689654368644,243.01070123220825,0.0,CD8_Tcell
137.70909485719665,-330.0527648080924,0.0,CD8_Tcell
-37.630079366753,-380.58179917540724,0.0,CD8_Tcell
256.0214289889412,-25.064885215903598,0.0,CD8_Tcell
314.78958720443785,-116.33716850923007,0.0,CD8_Tcell
284.0268472493184,41.68419777563761,0.0,CD8_Tcell
46.596244083052895,-359.89690368186547,0.0,CD8_Tcell
-53.21333044993083,-323.2657726180217,0.0,CD8_Tcell
47.73584667212031,-362.9435519147762,0.0,CD8_Tcell
-53.931138063243466,295.22238947657553,0.0,CD8_Tcell
-380.98855602549133,35.35080606111653,0.0,CD8_Tcell
-140.75525156641723,357.0449460204524,0.0,CD8_Tcell
-222.00169762735422,-17.9720728536742,0.0,CD8_Tcell
-89.27213894092343,-363.1112275139358,0.0,CD8_Tcell
258.16360887825607,-18.058350590479247,0.0,CD8_Tcell
-259.3771974135196,262.89269125757033,0.0,CD8_Tcell
180.69631050434822,132.37986321466718,0.0,CD8_Tcell
285.6023559444928,113.79836306427836,0.0,CD8_Tcell
-365.55096910276603,115.68228452880577,0.0,CD8_Tcell
-251.78767874265895,196.83032282254524,0.0,CD8_Tcell
-201.3662874273346,224.68898751740866,0.0,CD8_Tcell
193.3332709225855,191.26781813788878,0.0,CD8_Tcell
95.51856903513784,373.13897357360867,0.0,CD8_Tcell
288.5512646159376,53.00676569610134,0.0,CD8_Tcell
23.227314504125232,-239.09841699215585,0.0,CD8_Tcell
82.56830876384147,-246.63904361957287,0.0,CD8_Tcell
1.5069004889516682,222.76944103294056,0.0,CD8_Tcell
223.25841949901,-142.57003299372806,0.0,CD8_Tcell
-104.96592368374675,183.55582534556262,0.0,CD8_Tcell
-96.09107583798013,-365.6166962713351,0.0,CD8_Tcell
378.85898149392506,94.59768969502848,0.0,CD8_Tcell
-213.87355196037527,-181.37214065396483,0.0,CD8_Tcell
-321.83222495460825,97.68428515346764,0.0,CD8_Tcell
90.575099665348,270.3850266370489,0.0,CD8_Tcell
15.235456476311871,-316.38955043766975,0.0,CD8_Tcell
-241.87899202662064,-290.4893946365256,0.0,CD8_Tcell
-99.9523743970844,236.5280161762291,0.0,CD8_Tcell
-92.46676056738886,364.6287741108079,0.0,CD8_Tcell
-162.4726622348273,-274.66469081822805,0.0,CD8_Tcell
-154.46182272072556,-300.05799966807075,0.0,CD8_Tcell
-207.34841626156407,-58.8125401915734,0.0,CD8_Tcell
47.84925376628466,-271.97804282751224,0.0,CD8_Tcell
-216.2726934810554,-241.2229408481658,0.0,CD8_Tcell
-267.0762307690154,-200.3967017668939,0.0,CD8_Tcell
-8.264024596031176,-328.73291704294786,0.0,CD8_Tcell
-252.3486793983551,35.893291760551286,0.0,CD8_Tcell
325.13064772994966,119.3462942621489,0.0,CD8_Tcell
-246.00559601728747,-307.92805972630873,0.0,CD8_Tcell
24.25643485327555,228.6485596496167,0.0,CD8_Tcell
-392.99007820715525,-46.92365295706047,0.0,CD8_Tcell
-161.12315416487868,286.549114335258,0.0,CD8_Tcell
185.66894992779822,-298.18117045918746,0.0,CD8_Tcell
-188.0096992011501,170.0554057434154,0.0,CD8_Tcell
340.6753943150946,-130.95841366616773,0.0,CD8_Tcell
-340.469295967113,131.21740713126235,0.0,CD8_Tcell
-301.8151887989383,220.6565048452047,0.0,CD8_Tcell
58.97686861514985,316.9119832374626,0.0,CD8_Tcell
-287.5852966437569,62.80770318799328,0.0,CD8_Tcell
-88.76472045945162,273.55237546758804,0.0,CD8_Tcell
-222.13008770455176,1.1393243013461007,0.0,CD8_Tcell
-316.0130754422587,-36.8969533552947,0.0,CD8_Tcell
-172.96296899777406,122.7791359605305,0.0,CD8_Tcell
62.09094973407961,-228.2983541100459,0.0,CD8_Tcell
-315.137580354311,-74.50992445941054,0.0,CD8_Tcell
-360.92867453908434,-56.05351361180352,0.0,CD8_Tcell
71.8579848862622,-187.49490191030773,0.0,CD8_Tcell
308.9653820203106,15.893191685564942,0.0,CD8_Tcell
-302.2767743320457,-119.69999587407122,0.0,CD8_Tcell
133.2741676025236,250.0829701109123,0.0,CD8_Tcell
195.88738418150555,218.98567980034312,0.0,CD8_Tcell
43.55252881067951,248.23599278483886,0.0,CD8_Tcell
-5.227401761425326,-358.02913747610046,0.0,CD8_Tcell
319.28953512340246,184.51333201242863,0.0,CD8_Tcell
-263.9174615486883,10.996485449317497,0.0,CD8_Tcell
-244.68879960581614,-21.503750924588278,0.0,CD8_Tcell
-33.496771622138574,205.71537523124005,0.0,CD8_Tcell
-19.142057799733816,-233.02034443245574,0.0,CD8_Tcell
261.55943304455275,-161.21149167131816,0.0,CD8_Tcell
279.0456110853042,-204.71017703797702,0.0,CD8_Tcell
236.77543038169512,107.8383246214407,0.0,CD8_Tcell
-209.67010171702202,-155.10347540033013,0.0,CD8_Tcell
80.15275593380449,276.78869080426796,0.0,CD8_Tcell
315.11215874812746,105.00199193836018,0.0,CD8_Tcell
138.5005515069162,-326.9480776223294,0.0,CD8_Tcell
-0.66066609998219,328.079374860849,0.0,CD8_Tcell
110.25669040926917,-261.1210787752401,0.0,CD8_Tcell
-16.81621699543884,-230.16519267119256,0.0,CD8_Tcell
78.06840344662231,222.1240204862371,0.0,CD8_Tcell
98.36168849245259,233.5289527963136,0.0,CD8_Tcell
-183.23126403810872,330.06489400987346,0.0,CD8_Tcell
-323.96484407357656,139.65083086090524,0.0,CD8_Tcell
98.85239562703578,-343.0153393609597,0.0,CD8_Tcell
111.77550019003833,-239.73022904911426,0.0,CD8_Tcell
-25.804388971720925,-356.2279587606073,0.0,CD8_Tcell
217.1648948256444,184.51860372242436,0.0,CD8_Tcell
-350.20742623480663,-189.13307407793727,0.0,CD8_Tcell
328.8193082409468,-34.35593072526334,0.0,CD8_Tcell
128.03204614132477,202.5247302984153,0.0,CD8_Tcell
275.9133261627972,-47.65283700676987,0.0,CD8_Tcell
164.9530313768893,294.0647910042674,0.0,CD8_Tcell
107.83470965687253,203.74561185425043,0.0,CD8_Tcell
-153.91949815309192,189.80878046021996,0.0,CD8_Tcell
-282.1663917521466,54.167799800554484,0.0,CD8_Tcell
-356.3581687607009,27.1285494249366,0.0,CD8_Tcell
-15.706378820857902,-249.6008465016093,0.0,CD8_Tcell
-78.50141339574837,387.63548625354116,0.0,CD8_Tcell
-295.67053474573936,181.16232201564827,0.0,CD8_Tcell
242.72371855798718,-55.88617188831258,0.0,CD8_Tcell
-287.08797440213016,240.13815935308307,0.0,CD8_Tcell
-125.3868086436794,-266.415377885936,0.0,CD8_Tcell
-254.96729671906368,267.38884253954814,0.0,CD8_Tcell
85.95266956748475,-375.60288428939924,0.0,CD8_Tcell
-193.328633461967,-274.96462349817926,0.0,CD8_Tcell
71.8607272949898,317.3779743043468,0.0,CD8_Tcell
-259.6406760095838,-166.62940891606743,0.0,CD8_Tcell
-69.51198051983887,-213.44775526763857,0.0,CD8_Tcell
-164.05825989328076,240.1777987123406,0.0,CD8_Tcell
264.18997098682433,-260.06301198252146,0.0,CD8_Tcell
202.73791185878616,87.14799606097948,0.0,CD8_Tcell
-214.66555544868163,-79.20617332818476,0.0,CD8_Tcell
-118.96033245813304,308.9647255972498,0.0,CD8_Tcell
-230.55858289535814,169.9615239735554,0.0,CD8_Tcell
296.1669059990014,-68.41675371187792,0.0,CD8_Tcell
-306.1070711583498,-225.905408458645,0.0,CD8_Tcell
-101.37761464354269,-250.57108341973594,0.0,CD8_Tcell
177.6089388362639,-124.5426930153352,0.0,CD8_Tcell
-47.03278901850094,-375.2664089134863,0.0,CD8_Tcell
-97.3504340579705,328.273955702904,0.0,CD8_Tcell
-10.195920438149436,-226.04092673260558,0.0,CD8_Tcell
213.72742794147732,191.48152772168976,0.0,CD8_Tcell
9.431034401700291,-355.8099852220702,0.0,CD8_Tcell
-27.30060636995779,210.47283890105714,0.0,CD8_Tcell
-162.53612906492688,124.76066476078009,0.0,CD8_Tcell
174.57933496290926,260.1271185608935,0.0,CD8_Tcell
133.6004055393399,-245.4036185101563,0.0,CD8_Tcell
-165.8926332517447,-333.3171344920456,0.0,CD8_Tcell
-197.2181017421624,233.3830729690503,0.0,CD8_Tcell
-31.221778269768222,-321.88565941858144,0.0,CD8_Tcell
125.75610878921462,-364.48784532782986,0.0,CD8_Tcell
-241.63492939236957,-39.92973414021576,0.0,CD8_Tcell
254.15947427888761,73.78237638913158,0.0,CD8_Tcell
-58.595810040566754,353.2518210462492,0.0,CD8_Tcell
-240.27945214646022,183.2183592635296,0.0,CD8_Tcell
186.6836358732645,-330.73070439947617,0.0,CD8_Tcell
-0.5856990989486958,-276.91661620401135,0.0,CD8_Tcell
-201.6009529191415,238.8137399098776,0.0,CD8_Tcell
-335.2828057644883,-210.97160686515934,0.0,CD8_Tcell
139.09127836847773,275.29125233101234,0.0,CD8_Tcell
-336.6854405703953,198.72523940222445,0.0,CD8_Tcell
390.62524828787576,-83.53058230210065,0.0,CD8_Tcell
354.16764283158216,67.85135745696962,0.0,CD8_Tcell
-336.9755897165854,-108.26824433100367,0.0,CD8_Tcell
277.80736982553793,-280.8531483207009,0.0,CD8_Tcell
6.582783239393728,395.6166780219762,0.0,CD8_Tcell
-17.732392912156907,390.3705009326001,0.0,CD8_Tcell
390.30884841820887,38.348748497651954,0.0,CD8_Tcell
246.33619603116858,-309.86848004576683,0.0,CD8_Tcell
-173.68165129512818,335.48374735811916,0.0,CD8_Tcell
315.3922934216738,47.11292376568876,0.0,CD8_Tcell
171.48159492826315,276.3993729481571,0.0,CD8_Tcell
360.35296555084517,-61.01978601282015,0.0,CD8_Tcell
-310.75876555903494,155.42629455185823,0.0,CD8_Tcell
-28.416155137205767,254.84526543333092,0.0,CD8_Tcell
-123.27892777730669,227.60957005999566,0.0,CD8_Tcell
-214.90012023642942,-251.24749307545494,0.0,CD8_Tcell
-290.70662840649544,221.5386618696103,0.0,CD8_Tcell
385.7814369228444,-57.02851859318285,0.0,CD8_Tcell
223.38811829921607,273.21195887003415,0.0,CD8_Tcell
-184.95616680673584,-252.59905182827265,0.0,CD8_Tcell
235.60523699252028,82.52833219486115,0.0,CD8_Tcell
-178.66396894949796,351.73873680839034,0.0,CD8_Tcell
97.32073545285684,264.3323396487242,0.0,CD8_Tcell
-235.97574844564332,142.48975114791244,0.0,CD8_Tcell
-273.38825925378285,238.1491328604708,0.0,CD8_Tcell
78.08013608830679,311.3244197186586,0.0,CD8_Tcell
311.3508395421775,76.74388630325387,0.0,CD8_Tcell
-160.10539315505758,-325.63311330960886,0.0,CD8_Tcell
331.0505794611667,5.612694900903111,0.0,CD8_Tcell
-188.2585272771105,207.32221865998176,0.0,CD8_Tcell
197.3682182106639,208.14216642533134,0.0,CD8_Tcell
-328.0253708194409,-183.85110978066515,0.0,CD8_Tcell
-81.0041106669094,-296.2427768659915,0.0,CD8_Tcell
254.18799659173158,77.24041272050324,0.0,CD8_Tcell
280.26529368957074,-200.01281740287942,0.0,CD8_Tcell
-117.69818311742907,-214.08141430716702,0.0,CD8_Tcell
-120.55510302738656,-338.0817391060915,0.0,CD8_Tcell
-51.204516232475385,237.27452475583647,0.0,CD8_Tcell
-180.66344410447456,-278.1847343712028,0.0,CD8_Tcell
-15.769918615841124,-229.1594533488281,0.0,CD8_Tcell
-325.57794080855274,-148.0957780969937,0.0,CD8_Tcell
-168.19949834097727,-350.07069531536746,0.0,CD8_Tcell
368.6713044438924,55.46406233896908,0.0,CD8_Tcell
-230.19738184355276,-258.96875148267253,0.0,CD8_Tcell
305.1299104019077,-180.1499179835939,0.0,CD8_Tcell
-103.37190023782051,-234.4298593703372,0.0,CD8_Tcell
-286.4513355925677,33.36214899581006,0.0,CD8_Tcell
147.79306922126185,-338.87393210699946,0.0,CD8_Tcell
-334.70680948801106,10.082391779089095,0.0,CD8_Tcell
-210.85893506074805,171.57601757890606,0.0,CD8_Tcell
-166.8368256606809,255.16505486008654,0.0,CD8_Tcell
-244.57011458443736,-233.06580075171695,0.0,CD8_Tcell
-47.621847629041476,-236.06764359694017,0.0,CD8_Tcell
128.92861237886473,-204.53239016670992,0.0,CD8_Tcell
-287.98636366707126,64.05157670272641,0.0,CD8_Tcell
112.74617528191271,380.95844958575674,0.0,CD8_Tcell
-328.23626341795995,144.99167667982846,0.0,CD8_Tcell
204.10617113764246,-272.506812311992,0.0,CD8_Tcell
-232.01743737616206,54.08581342068165,0.0,CD8_Tcell
173.4769460688044,-259.4511988344777,0.0,CD8_Tcell
389.57638970949563,42.98630153669141,0.0,CD8_Tcell
-225.01026230601113,-238.10031651804712,0.0,CD8_Tcell
-337.77781252532156,-65.81198461598034,0.0,CD8_Tcell
-237.14233121309005,186.6404445183261,0.0,CD8_Tcell
-151.16698751557584,196.63837578232489,0.0,CD8_Tcell
386.74113137451593,32.40422504110346,0.0,CD8_Tcell
319.93584547763373,19.167356003249346,0.0,CD8_Tcell
-50.8888576700271,-373.4468777003187,0.0,CD8_Tcell
-254.51064316943888,194.26126821903998,0.0,CD8_Tcell
282.2363743118266,146.88562259062684,0.0,CD8_Tcell
-71.05781661149607,-241.47604244329978,0.0,CD8_Tcell
-280.31631883887115,273.3207209589977,0.0,CD8_Tcell
-194.6888848270646,167.0829034742885,0.0,CD8_Tcell
-245.73068096247343,77.22075165642022,0.0,CD8_Tcell
-267.07331325405625,-50.18887064728805,0.0,CD8_Tcell
-198.29648947683705,108.79580414591128,0.0,CD8_Tcell
289.77981341002913,208.57852131084357,0.0,CD8_Tcell
187.37788043750209,118.62474836888592,0.0,CD8_Tcell
-229.65684437996248,113.61470853732843,0.0,CD8_Tcell
-135.94502170029415,204.54306418665143,0.0,CD8_Tcell
-270.96177684271345,252.68005189069984,0.0,CD8_Tcell
-140.67426912619837,-339.77955776433583,0.0,CD8_Tcell
205.29938960097232,-247.35228377632487,0.0,CD8_Tcell
-174.7182697897673,166.48628580434922,0.0,CD8_Tcell
204.1079237500928,323.00825295439705,0.0,CD8_Tcell
94.0198026933435,295.6439233013058,0.0,CD8_Tcell
84.5657577799954,-311.01383500496655,0.0,CD8_Tcell
-159.11418261332136,206.27377124298036,0.0,CD8_Tcell
312.69716589777414,203.1553039361971,0.0,CD8_Tcell
-131.8745079848746,181.22308828348196,0.0,CD8_Tcell
248.38893760289153,207.5432827836355,0.0,CD8_Tcell
-360.60051897486795,-134.78598311922065,0.0,CD8_Tcell
57.31787036813444,307.82575771231836,0.0,CD8_Tcell
-305.6772125684501,14.60138950859656,0.0,CD8_Tcell
-291.1985209294282,172.20966928943434,0.0,CD8_Tcell
-100.84218753572698,-278.76541574296095,0.0,CD8_Tcell
-82.18359808361865,347.08211342610485,0.0,CD8_Tcell
60.24959745555218,-257.5783167731297,0.0,CD8_Tcell
-94.99379936908662,-270.2818916854683,0.0,CD8_Tcell
-270.7002365456339,-25.66694904843061,0.0,CD8_Tcell
184.9472179454876,219.47926238145297,0.0,CD8_Tcell
-158.55857052801935,336.45015452972996,0.0,CD8_Tcell
25.710325035997812,-250.4822020668421,0.0,CD8_Tcell
-326.76473058575857,226.52801958151568,0.0,CD8_Tcell
-303.4723384100073,245.06923687286485,0.0,CD8_Tcell
272.73877328680106,-282.73148882848255,0.0,CD8_Tcell
-334.30290227122714,-23.87934925718162,0.0,CD8_Tcell
309.4002801727044,-11.680531101900947,0.0,CD8_Tcell
-88.8855469729601,270.6018364079809,0.0,CD8_Tcell
143.19005113701584,174.99929224695288,0.0,CD8_Tcell
-292.0480433336191,-133.30120014592302,0.0,CD8_Tcell
-68.73746361195295,393.60018550142127,0.0,CD8_Tcell
120.50441862815832,379.6589238599734,0.0,CD8_Tcell
-269.98778623578886,20.51960405200598,0.0,CD8_Tcell
222.8490751362797,-303.61016619454483,0.0,CD8_Tcell
311.7120542877315,250.1369944161071,0.0,CD8_Tcell
-334.83293932670364,73.26060431858458,0.0,CD8_Tcell
-222.57022774242552,213.47851332538823,0.0,CD8_Tcell
-226.56314590804323,-207.92321066342114,0.0,CD8_Tcell
383.3201541901237,22.53713246567751,0.0,CD8_Tcell
-237.86617708963934,82.20423318716156,0.0,CD8_Tcell
310.8770105451549,98.26615349375093,0.0,CD8_Tcell
-22.55468416864645,242.72468378313428,0.0,CD8_Tcell
-116.23543730778762,-212.2822398349168,0.0,CD8_Tcell
91.17282165272125,207.12671033686624,0.0,CD8_Tcell
-43.843633433597795,206.33585669025953,0.0,CD8_Tcell
16.075018176215753,-355.44914929448055,0.0,CD8_Tcell
-152.65417298684002,142.32232313424373,0.0,CD8_Tcell
-99.83422502220222,-326.91221976219066,0.0,CD8_Tcell
-210.29169627830478,325.70026411035536,0.0,CD8_Tcell
-222.10391362365075,161.5570269349388,0.0,CD8_Tcell
-226.41459705125413,31.21222257555149,0.0,CD8_Tcell
285.05936163095055,-259.64378049012146,0.0,CD8_Tcell
332.7689843857993,-52.557819422464014,0.0,CD8_Tcell
170.51649095003145,-109.28464391784604,0.0,CD8_Tcell
253.06625856936316,-274.77415667856735,0.0,CD8_Tcell
-265.0558514719464,199.1182910154026,0.0,CD8_Tcell
-363.73141648051416,-85.28671804271842,0.0,CD8_Tcell
17.462612908652243,-314.7475978335136,0.0,CD8_Tcell
107.8074282251203,-188.12243146062974,0.0,CD8_Tcell
-123.09125442528651,195.6154921435798,0.0,CD8_Tcell
95.66798943577476,351.95426322079663,0.0,CD8_Tcell
344.8647435774641,138.9873696839434,0.0,CD8_Tcell
-220.29995547184853,-198.47589201538665,0.0,CD8_Tcell
-162.98609556436503,-311.83507345688423,0.0,CD8_Tcell
303.1762372206676,203.33898924815983,0.0,CD8_Tcell
-329.4643572005639,88.03265590595056,0.0,CD8_Tcell
-61.495016926802016,-237.3322911657817,0.0,CD8_Tcell
124.50866276325266,178.45721268184377,0.0,CD8_Tcell
-253.88190417715646,-122.7125621921989,0.0,CD8_Tcell
34.681978555732634,-297.9095614944439,0.0,CD8_Tcell
244.52135915930242,-168.47108286513208,0.0,CD8_Tcell
-211.39844045691032,329.18787046858034,0.0,CD8_Tcell
99.90531478115453,304.5987985867852,0.0,CD8_Tcell
-119.61836095072472,251.83921970720948,0.0,CD8_Tcell
-287.78993243053617,217.715143213425,0.0,CD8_Tcell
-104.09078414134542,-353.263057235731,0.0,CD8_Tcell
-30.94280766415595,251.67186583063165,0.0,CD8_Tcell
234.90642324886278,-109.0882672059931,0.0,CD8_Tcell
275.13409576309806,182.76613974716778,0.0,CD8_Tcell
142.6728474150844,-176.26849085635718,0.0,CD8_Tcell
-276.9357988002362,128.7652377003814,0.0,CD8_Tcell
313.29229861051704,-35.49934721018478,0.0,CD8_Tcell
-275.7640239122608,-37.536029402133586,0.0,CD8_Tcell
129.3037856196299,162.92126761428742,0.0,CD8_Tcell
177.81200756004293,116.1673884479631,0.0,CD8_Tcell
-259.0554023732358,207.84237068582667,0.0,CD8_Tcell
53.57263060825546,-320.8309884735502,0.0,CD8_Tcell
369.4120678961574,-139.52043955483595,0.0,CD8_Tcell
-383.6424116157128,15.953135842827258,0.0,CD8_Tcell
327.0877401827748,36.146960846601544,0.0,CD8_Tcell
246.12983287449683,182.31524231859441,0.0,CD8_Tcell
225.82973828377763,183.4341538995608,0.0,CD8_Tcell
-201.08524091822252,-13.427904330430314,0.0,CD8_Tcell
-210.6132602270017,123.18014199350925,0.0,CD8_Tcell
-2.412698205666243,-249.54149298076175,0.0,CD8_Tcell
-392.96469529845217,68.39371890792705,0.0,CD8_Tcell
-136.1358371472185,175.60692759526734,0.0,CD8_Tcell
32.607241079031624,-220.35124284506222,0.0,CD8_Tcell
318.94272263286643,62.07220156174379,0.0,CD8_Tcell
-165.9632255303021,362.926628092646,0.0,CD8_Tcell
168.25293921320227,141.83681874662395,0.0,CD8_Tcell
-225.94873933461497,-172.92117806927706,0.0,CD8_Tcell
198.27828242802494,276.6237875505449,0.0,CD8_Tcell
268.0537843841368,-81.19826504739908,0.0,CD8_Tcell
-324.81859763314753,190.6924019853052,0.0,CD8_Tcell
-277.6385654891116,-158.6450249087447,0.0,CD8_Tcell
-318.27107842860306,-195.52815089653353,0.0,CD8_Tcell
203.8175229857921,52.14449159000329,0.0,CD8_Tcell
238.08016810389398,-265.0610417398128,0.0,CD8_Tcell
-250.4879438219419,-105.71080465576523,0.0,CD8_Tcell
89.85886383649286,-297.35148528507983,0.0,CD8_Tcell
-201.2626361774238,31.515616284294378,0.0,CD8_Tcell
395.94254795045447,49.075119437486926,0.0,CD8_Tcell
-122.9985422743961,199.68661686904198,0.0,CD8_Tcell
-242.39933731957322,-89.0404920753107,0.0,CD8_Tcell
346.5664179970892,-61.89284940554069,0.0,CD8_Tcell
-330.4211916227706,-84.09013714655782,0.0,CD8_Tcell
-245.5501860273715,170.94691325319954,0.0,CD8_Tcell
-236.13324346588067,-64.70098479357304,0.0,CD8_Tcell
198.25615877793356,216.42072521754423,0.0,CD8_Tcell
362.7531948969635,76.75452485409001,0.0,CD8_Tcell
-205.7979518367563,-96.53429398805945,0.0,CD8_Tcell
-214.3765944051996,-202.77826004142725,0.0,CD8_Tcell
353.8806972131739,58.876864856575445,0.0,CD8_Tcell
120.03288720747265,-205.31651324947475,0.0,CD8_Tcell
236.31096944673305,-291.48376729906437,0.0,CD8_Tcell
129.79178076746064,-314.2831853760446,0.0,CD8_Tcell
-371.035318589072,-61.39768287012091,0.0,CD8_Tcell
220.00213359878322,245.8430407576687,0.0,CD8_Tcell
219.04820863110095,-85.28204144894454,0.0,CD8_Tcell
-236.9138913125882,-129.0463010902239,0.0,CD8_Tcell
-241.7304944094712,50.816123066460435,0.0,CD8_Tcell
-226.54345674996435,-207.3067497487171,0.0,CD8_Tcell
-51.78828744115437,368.508452917638,0.0,CD8_Tcell
54.30757112256259,-202.73404031212888,0.0,CD8_Tcell
-112.66010136130642,291.800121914495,0.0,CD8_Tcell
229.42455996774785,-90.32715580101167,0.0,CD8_Tcell
-60.84013869173447,-261.1111991614667,0.0,CD8_Tcell
-255.30046082903215,-183.57860657990597,0.0,CD8_Tcell
49.55738740056348,224.87754838109106,0.0,CD8_Tcell
42.434723233564235,-380.129407364868,0.0,CD8_Tcell
373.631304824199,19.698749584745865,0.0,CD8_Tcell
38.85449219626052,-222.4918879481078,0.0,CD8_Tcell
230.76973948573658,272.1003390737787,0.0,CD8_Tcell
-26.87276568418983,-367.87227142045055,0.0,CD8_Tcell
-52.24945563419852,-283.96050235937923,0.0,CD8_Tcell
-34.840066835193035,-280.1078978190308,0.0,CD8_Tcell
-70.37272343357763,228.4169119572059,0.0,CD8_Tcell
191.58245297005956,190.23908708345738,0.0,CD8_Tcell
-163.29604400401666,-258.6412231379202,0.0,CD8_Tcell
-125.72050652392747,322.4911124171952,0.0,CD8_Tcell
-170.54988593411835,178.85750835509185,0.0,CD8_Tcell
232.14490265133614,285.2155221589661,0.0,CD8_Tcell
-239.91375792839392,-178.04496059748456,0.0,CD8_Tcell
-238.7441058648884,258.3389415217541,0.0,CD8_Tcell
291.5661252451932,-244.222850526438,0.0,CD8_Tcell
-202.70742088961936,-340.2458722447271,0.0,CD8_Tcell
272.63712623209227,120.12330966423175,0.0,CD8_Tcell
286.93066763039093,-54.98317252150719,0.0,CD8_Tcell
375.8400588855395,-54.27529384391372,0.0,CD8_Tcell
350.47814185644006,-184.70452093633685,0.0,CD8_Tcell
66.43863682926774,-271.88297156355156,0.0,CD8_Tcell
-79.47160058697368,336.6891969423078,0.0,CD8_Tcell
-121.30641487313214,-367.9269085631889,0.0,CD8_Tcell
33.04394058300875,222.1897021323271,0.0,CD8_Tcell
364.7803121508475,22.70020019068447,0.0,CD8_Tcell
251.99195824177494,276.63755912252026,0.0,CD8_Tcell
-292.9101728774326,97.63906794969238,0.0,CD8_Tcell
-215.9617634028124,-189.01539033238768,0.0,CD8_Tcell
-89.53279232469168,243.40010113408783,0.0,CD8_Tcell
332.4727652210667,-181.1544668591392,0.0,CD8_Tcell
233.72485744285981,102.72529230607306,0.0,CD8_Tcell
-300.7009727553455,81.30168813544385,0.0,CD8_Tcell
279.77403194570167,-170.3324840668801,0.0,CD8_Tcell
-187.92568309829312,333.5253066801793,0.0,CD8_Tcell
251.15902903958553,-209.96613935010015,0.0,CD8_Tcell
270.6891231705692,186.51805793604245,0.0,CD8_Tcell
296.9833509836629,-50.370466965387436,0.0,CD8_Tcell
-190.68243530588126,-217.32939457313083,0.0,CD8_Tcell
216.06848047143905,-156.30676089702615,0.0,CD8_Tcell
124.48177069030645,-207.8066588632052,0.0,CD8_Tcell
271.26193915746774,-293.6748402349467,0.0,CD8_Tcell
316.86925520338076,42.74785733484408,0.0,CD8_Tcell
-138.2455042587157,373.24620270524514,0.0,CD8_Tcell
-206.89121954681707,-70.60070964136123,0.0,CD8_Tcell
263.557216733261,215.4007275670682,0.0,CD8_Tcell
-213.0253635186278,109.25634267554223,0.0,CD8_Tcell
-247.91463665814393,-198.08249724390234,0.0,CD8_Tcell
166.6912051214729,315.3550299364622,0.0,CD8_Tcell
-245.95156450724434,156.99184722500914,0.0,CD8_Tcell
-301.0594438733001,0.9482304279500718,0.0,CD8_Tcell
-219.13973883010257,92.76898134508743,0.0,CD8_Tcell
156.06442055709076,-301.4497270076623,0.0,CD8_Tcell
-245.327224224156,-144.31106719770597,0.0,CD8_Tcell
-213.99430032319745,-197.1138854651809,0.0,CD8_Tcell
-227.08329347747755,-231.56092229233033,0.0,CD8_Tcell
212.19476999881937,51.66810896538415,0.0,CD8_Tcell
-268.57593792492224,-0.3968354589645657,0.0,CD8_Tcell
-353.7827024830437,39.88465809925034,0.0,CD8_Tcell
-256.5785845808201,302.3155125596162,0.0,CD8_Tcell
-375.045600489516,-102.30059219246715,0.0,CD8_Tcell
76.7281655302492,366.4453028939316,0.0,CD8_Tcell
251.46554148950125,55.11555756941963,0.0,CD8_Tcell
-183.71673245814426,-295.56758803858673,0.0,CD8_Tcell
-44.02177435841381,-331.17043185295455,0.0,CD8_Tcell
-13.699355629417278,-250.83429988518773,0.0,CD8_Tcell
-222.4070921428746,-194.54662513918382,0.0,CD8_Tcell
-46.577481636950935,-300.84947714413346,0.0,CD8_Tcell
-32.43549598723875,385.93227024182596,0.0,CD8_Tcell
-177.02066147740567,350.3325895966214,0.0,CD8_Tcell
121.98699796015109,329.7807306731576,0.0,CD8_Tcell
100.0758884963158,338.28511601633323,0.0,CD8_Tcell
-119.60476442141005,-361.610803228681,0.0,CD8_Tcell
164.23777113191224,167.49196044444938,0.0,CD8_Tcell
199.58440924289602,-284.8848157056356,0.0,CD8_Tcell
-260.6006953364364,152.22669758392465,0.0,CD8_Tcell
282.2530553694911,-188.83967156506887,0.0,CD8_Tcell
16.37620207724747,-324.03111118735404,0.0,CD8_Tcell
-17.553335518634608,251.98923767234308,0.0,CD8_Tcell
339.5637867572742,195.92461979228463,0.0,CD8_Tcell
-230.62188676058378,311.7420710773258,0.0,CD8_Tcell
-267.5679465016988,87.5928651423881,0.0,CD8_Tcell
-55.48852546731013,211.21536427809187,0.0,CD8_Tcell
-207.1888894987245,253.95421272640922,0.0,CD8_Tcell
136.9082892488981,151.65456692314467,0.0,CD8_Tcell
30.190457273461153,-220.4926825549388,0.0,CD8_Tcell
162.98284547797803,321.3856637178466,0.0,CD8_Tcell
-257.89175594068803,-231.05306677351697,0.0,CD8_Tcell
166.370318165275,360.58990014291624,0.0,CD8_Tcell
-250.30654732916992,162.06746425448412,0.0,CD8_Tcell
-316.9384157778783,-211.74416709296736,0.0,CD8_Tcell
196.89213858159172,-106.47096013361713,0.0,CD8_Tcell
180.1321016534806,-167.81208148676453,0.0,CD8_Tcell
-207.73551153449068,43.25658136629662,0.0,CD8_Tcell
-55.86427107808026,-334.9735377584205,0.0,CD8_Tcell
-220.9928234497485,282.1800041726474,0.0,CD8_Tcell
-194.36934998693587,105.34064815486819,0.0,CD8_Tcell
-119.19127119888208,312.9402522501241,0.0,CD8_Tcell
-141.4876388416934,351.90460895486916,0.0,CD8_Tcell
-126.26293837345287,-281.85864895022365,0.0,CD8_Tcell
363.4854112047429,112.30292540695028,0.0,CD8_Tcell
-6.602950600755486,257.7271586428388,0.0,CD8_Tcell
106.45038434345297,281.5737657720965,0.0,CD8_Tcell
169.2731080760816,233.6854077407242,0.0,CD8_Tcell
360.6552431554312,-105.9602775578607,0.0,CD8_Tcell
-210.7990691992186,-113.79223366915377,0.0,CD8_Tcell
-150.59400484257137,-359.77065934027877,0.0,CD8_Tcell
333.847311279501,-147.52444687178507,0.0,CD8_Tcell
334.6954351976076,188.93617217501077,0.0,CD8_Tcell
231.50075057385658,-313.82611930499485,0.0,CD8_Tcell
215.46295440683744,-106.47539882690324,0.0,CD8_Tcell
-55.59977015105097,283.30551188651333,0.0,CD8_Tcell
-135.3110985544127,-339.4788022416123,0.0,CD8_Tcell
-201.9522649581253,63.012421735764946,0.0,CD8_Tcell
232.49281923251084,203.5894648860227,0.0,CD8_Tcell
-96.87836400909423,-203.58960716823432,0.0,CD8_Tcell
-111.70501439725486,-166.3280767247479,0.0,CD8_Tcell
-176.05799441242198,337.38993569208486,0.0,CD8_Tcell
149.6284789627772,-361.8282344847935,0.0,CD8_Tcell
-293.27229108846456,-150.2360467634652,0.0,CD8_Tcell
-135.9399831660965,-231.37854230309745,0.0,CD8_Tcell
-107.40090572505372,315.053824314606,0.0,CD8_Tcell
-167.4284277691797,-344.21241840686787,0.0,CD8_Tcell
232.53825665676703,188.0694919714196,0.0,CD8_Tcell
-210.56447793959566,-270.76309041030737,0.0,CD8_Tcell
-117.2873071557861,-184.09251822982563,0.0,CD8_Tcell
206.82438991079093,-264.4285999638011,0.0,CD8_Tcell
-192.30525575817185,143.29362584302,0.0,CD8_Tcell
-36.97605869357461,247.8166253877992,0.0,CD8_Tcell
280.2730763322052,32.29272200843924,0.0,CD8_Tcell
289.1728710879587,-250.1773613325796,0.0,CD8_Tcell
61.96203880008459,291.2964027975381,0.0,CD8_Tcell
349.11810537393353,-122.47642657255567,0.0,CD8_Tcell
87.3305195929842,-359.3553285932355,0.0,CD8_Tcell
110.60565139253836,-256.97556266510185,0.0,CD8_Tcell
-85.65778541954175,-386.317783437434,0.0,CD8_Tcell
-244.19154706948436,-252.92457612893716,0.0,CD8_Tcell
196.39285780936862,-84.22205375091148,0.0,CD8_Tcell
54.96263329066083,-345.2985078741769,0.0,CD8_Tcell
31.70815041591065,323.49925099170224,0.0,CD8_Tcell
-30.028812361953356,322.8063210435207,0.0,CD8_Tcell
-201.13363862929933,170.8906350428706,0.0,CD8_Tcell
386.5607162709761,-61.53539606721414,0.0,CD8_Tcell
260.3325857940696,273.77356375531144,0.0,CD8_Tcell
-326.1451852795311,-126.5949990147002,0.0,CD8_Tcell
-186.15105229671568,-333.13576661430756,0.0,CD8_Tcell
118.74090121203903,-208.59073948917697,0.0,CD8_Tcell
-26.403757063219363,300.72174754680145,0.0,CD8_Tcell
-54.01294610295054,-264.3240285329879,0.0,CD8_Tcell
-287.407301035475,21.849760863592422,0.0,CD8_Tcell
322.50907530312577,-106.52328610249147,0.0,CD8_Tcell
-349.23964856484423,61.82004352765135,0.0,CD8_Tcell
-115.07987529348809,206.3914021422576,0.0,CD8_Tcell
165.9189722839476,269.70144451118995,0.0,CD8_Tcell
-235.4415526692432,88.21079931835781,0.0,CD8_Tcell
223.79043626614785,282.49663986507505,0.0,CD8_Tcell
175.12455102556797,-307.2890389769995,0.0,CD8_Tcell
274.2773039293904,286.30609074248423,0.0,CD8_Tcell
-393.3621017065507,4.248863427100091,0.0,CD8_Tcell
-267.5245954006065,155.71763507001558,0.0,CD8_Tcell
221.3673637922034,-3.177841887087247,0.0,CD8_Tcell
-258.10113664869834,61.63867656059411,0.0,CD8_Tcell
180.92702458200137,119.76069406945767,0.0,CD8_Tcell
-332.75779462825767,139.67139782604633,0.0,CD8_Tcell
229.91490701230035,39.958819895104995,0.0,CD8_Tcell
48.816549219760915,-216.57921707253882,0.0,CD8_Tcell
65.35152047102336,333.89242785573884,0.0,CD8_Tcell
202.53647470862242,328.7430448207647,0.0,CD8_Tcell
137.92756977420177,-146.78657803896098,0.0,CD8_Tcell
38.884805154384864,-281.3727236710088,0.0,CD8_Tcell
-181.9545072934535,-199.0811399673379,0.0,CD8_Tcell
393.7257508989175,57.16193152014986,0.0,CD8_Tcell
-226.79722219763883,-208.89552553170915,0.0,CD8_Tcell
145.2366598903472,-300.97254117233615,0.0,CD8_Tcell
150.6563519437464,172.45680779783163,0.0,CD8_Tcell
7.622219517019295,-390.7514995750421,0.0,CD8_Tcell
371.91142261800275,-136.16387783018018,0.0,CD8_Tcell
167.6168908326445,-138.78770221588,0.0,CD8_Tcell
-45.14631334771774,-209.6224873543563,0.0,CD8_Tcell
273.4792474394386,-18.823752552985372,0.0,CD8_Tcell
170.62190830185108,-317.3686437329632,0.0,CD8_Tcell
225.31391700643172,160.80805353209067,0.0,CD8_Tcell
-236.41000019085743,-261.7917463014485,0.0,CD8_Tcell
-124.55008546848863,-337.3869967113943,0.0,CD8_Tcell
142.13647325836638,-240.3390462107992,0.0,CD8_Tcell
110.80574382516896,-190.7611500580058,0.0,CD8_Tcell
200.12334612182573,50.02957287438996,0.0,CD8_Tcell
10.6382426897796,-290.84563402166486,0.0,CD8_Tcell
-25.936582845371074,361.4064702459957,0.0,CD8_Tcell
174.8230697241171,-291.6662074957775,0.0,CD8_Tcell
275.6170028527914,-281.2915829618177,0.0,CD8_Tcell
262.0634310480596,-184.19305089656993,0.0,CD8_Tcell
-261.71546045940676,-297.5238532861184,0.0,CD8_Tcell
-140.27105167390718,330.1888399146091,0.0,CD8_Tcell
174.76538873660132,-150.67407489066738,0.0,CD8_Tcell
-97.78639303779457,331.6361778705729,0.0,CD8_Tcell
137.39129051411854,-223.6449152515204,0.0,CD8_Tcell
346.04149537744655,-1.9370715059727748,0.0,CD8_Tcell
75.33160047835322,300.06138650084097,0.0,CD8_Tcell
6.344287590285013,-295.4764850010672,0.0,CD8_Tcell
-331.8680431648922,155.71823047430422,0.0,CD8_Tcell
101.05195427576983,229.2532416953302,0.0,CD8_Tcell
136.2726472119979,-362.5203659442016,0.0,CD8_Tcell
-250.45937954480675,-78.67891345912494,0.0,CD8_Tcell
-265.0386289969611,189.44165769240863,0.0,CD8_Tcell
342.7410360103347,-34.9245972186494,0.0,CD8_Tcell
-217.3773834745242,-17.065090271126888,0.0,CD8_Tcell
-7.179838281631424,-255.43089258707226,0.0,CD8_Tcell
-255.24367070376675,214.44965877445742,0.0,CD8_Tcell
-388.30287090913436,-8.536598786578496,0.0,CD8_Tcell
-164.68235006109643,-203.45646884960854,0.0,CD8_Tcell
-240.73840078327933,216.36965247248898,0.0,CD8_Tcell
-1.2974803092654026,-272.9469751803118,0.0,CD8_Tcell
-202.89734240006973,191.79313152154234,0.0,CD8_Tcell
-163.85835728713457,272.42661422095574,0.0,CD8_Tcell
-20.862271824671765,211.53181392905842,0.0,CD8_Tcell
309.4358139796328,-207.9691026142474,0.0,CD8_Tcell
353.4012610722698,48.15375745486334,0.0,CD8_Tcell
187.54423469676766,205.8162225705032,0.0,CD8_Tcell
263.74701082341085,125.77146214300441,0.0,CD8_Tcell
-69.36612751275918,-338.35070580254194,0.0,CD8_Tcell
-158.6093607515717,-182.1931834084297,0.0,CD8_Tcell
-228.69481570017874,294.81387302306536,0.0,CD8_Tcell
-283.29391130739197,-226.14124474986545,0.0,CD8_Tcell
313.88858207056484,-173.74916604032572,0.0,CD8_Tcell
161.90953072820056,-330.1364296742125,0.0,CD8_Tcell
230.8465463980161,-211.909182656884,0.0,CD8_Tcell
261.56233638699706,-214.48964429801998,0.0,CD8_Tcell
-138.9292499627719,-173.4242292666197,0.0,CD8_Tcell
302.91523923472533,27.42299599469034,0.0,CD8_Tcell
-163.98023778897613,310.5302155729821,0.0,CD8_Tcell
81.41316779634731,-255.07102931932351,0.0,CD8_Tcell
74.21802119114076,-318.89534364713836,0.0,CD8_Tcell
-20.214764399876394,371.1610611817572,0.0,CD8_Tcell
140.58893473869924,172.58648074813323,0.0,CD8_Tcell
-212.50550279400338,-8.74377484002078,0.0,CD8_Tcell
176.7564197797091,-268.24470236230144,0.0,CD8_Tcell
-33.43598475268048,-202.66641656701728,0.0,CD8_Tcell
-223.1441447550928,117.85468506002101,0.0,CD8_Tcell
46.018850839768376,-222.62051022686862,0.0,CD8_Tcell
259.1340732755134,37.166865322701156,0.0,CD8_Tcell
51.77021443186154,213.406517049464,0.0,CD8_Tcell
216.00745116117412,310.0780480689901,0.0,CD8_Tcell
212.17873846687547,10.645983648116779,0.0,CD8_Tcell
-135.06513278887815,300.358200819845,0.0,CD8_Tcell
314.72582967710997,15.026759984335369,0.0,CD8_Tcell
-185.02213109982438,226.02172109345366,0.0,CD8_Tcell
-249.28470883770666,-23.907806303378873,0.0,CD8_Tcell
-222.03528293295676,292.72690322217613,0.0,CD8_Tcell
-289.10245358900977,-2.611065722682613,0.0,CD8_Tcell
258.28493139607593,-92.65270702871803,0.0,CD8_Tcell
127.60008067820768,-258.5881234494892,0.0,CD8_Tcell
-369.7628616385249,-92.80115493902214,0.0,CD8_Tcell
24.282921799219583,385.1859626700873,0.0,CD8_Tcell
-93.54856850797299,-247.396258617612,0.0,CD8_Tcell
-132.71323725248672,-368.0019704039236,0.0,CD8_Tcell
-269.118892787919,101.05713089952584,0.0,CD8_Tcell
-311.04647761690813,246.00780030930375,0.0,CD8_Tcell
336.80213738890797,-52.040144696844536,0.0,CD8_Tcell
274.3065276512488,201.8287456153788,0.0,CD8_Tcell
-320.4671147956589,41.80456731014884,0.0,CD8_Tcell
284.0977074777128,18.1279549922691,0.0,CD8_Tcell
336.083585726164,211.46473731308382,0.0,CD8_Tcell
258.31980336883424,223.3058027992972,0.0,CD8_Tcell
143.7559367734503,-337.9930297851279,0.0,CD8_Tcell
240.86262902164256,-3.7479422376799514,0.0,CD8_Tcell
263.41208433078356,-109.21666577768481,0.0,CD8_Tcell
193.82571073937137,143.2586247078302,0.0,CD8_Tcell
-253.4333501379187,116.02771874746041,0.0,CD8_Tcell
89.45352719363866,-236.11922448325575,0.0,CD8_Tcell
294.17831069605216,144.25713646036712,0.0,CD8_Tcell
146.51229726309938,-364.02039984757425,0.0,CD8_Tcell
-82.1989338365372,273.8590313200559,0.0,CD8_Tcell
279.03190025618693,69.57228777657376,0.0,CD8_Tcell
1.398898765700093,212.23416516348274,0.0,CD8_Tcell
250.9397506121361,-53.68766604069152,0.0,CD8_Tcell
-157.48974334985513,148.5603593312404,0.0,CD8_Tcell
105.87415880723259,-239.9685939310214,0.0,CD8_Tcell
275.2753912556781,271.336107632043,0.0,CD8_Tcell
-51.40803194928787,-280.4963742886267,0.0,CD8_Tcell
-57.82628645070003,-391.85545794865317,0.0,CD8_Tcell
234.03382275482593,-209.39940883023098,0.0,CD8_Tcell
-100.4865809220963,246.78994469966707,0.0,CD8_Tcell
-323.46205282489643,150.47070157614044,0.0,CD8_Tcell
196.1014355519027,324.2326618035692,0.0,CD8_Tcell
-235.17289317346606,-184.154285469923,0.0,CD8_Tcell
-248.39595460054724,-243.84921394267334,0.0,CD8_Tcell
-150.495900466108,-220.06131768601438,0.0,CD8_Tcell
355.7724306644685,-169.28926155591373,0.0,CD8_Tcell
-6.990546491887528,226.54026047992974,0.0,CD8_Tcell
229.3104869119348,-233.9379921316864,0.0,CD8_Tcell
-104.96872820715765,266.3284413199754,0.0,CD8_Tcell
-111.49226761188288,174.68572498606383,0.0,CD8_Tcell
-286.5214739077916,-123.70923283637586,0.0,CD8_Tcell
-330.4171572092359,187.43710426475687,0.0,CD8_Tcell
222.22145435188978,-250.14445343478314,0.0,CD8_Tcell
-79.38453808322133,-280.5175596854733,0.0,CD8_Tcell
-244.8444243272254,-128.62853578061112,0.0,CD8_Tcell
-55.09921210890043,-224.12285700193817,0.0,CD8_Tcell
-174.3029712207954,268.7723265422074,0.0,CD8_Tcell
-81.9139186363368,-269.54289616709764,0.0,CD8_Tcell
16.904811745671015,-211.68394588169974,0.0,CD8_Tcell
72.61140576939984,-349.28815661301076,0.0,CD8_Tcell
209.9790779459677,-196.88430003733092,0.0,CD8_Tcell
223.26275803062924,145.21064702692973,0.0,CD8_Tcell
31.667393585225017,240.34470403857546,0.0,CD8_Tcell
25.020839601095048,337.9644948161992,0.0,CD8_Tcell
293.90822106570073,203.3200606315896,0.0,CD8_Tcell
-16.77861219342574,379.79515468729903,0.0,CD8_Tcell
165.38906065247315,318.47975904179367,0.0,CD8_Tcell
173.5273316004125,-165.90853488549428,0.0,CD8_Tcell
-159.4332306835462,135.52163116840717,0.0,CD8_Tcell
245.92283916881613,226.5784979811487,0.0,CD8_Tcell
-265.99428729685565,72.41364079385701,0.0,CD8_Tcell
188.75265423133115,-326.85957621534203,0.0,CD8_Tcell
133.8487139748806,-348.65040714340347,0.0,CD8_Tcell
177.207454440401,183.55920696525232,0.0,CD8_Tcell
209.24947649889197,-225.06233485991714,0.0,CD8_Tcell
-355.90808134985417,30.17213481791848,0.0,CD8_Tcell
278.12470876971855,-1.5818054886861417,0.0,CD8_Tcell
108.7816896424294,-375.67830830169004,0.0,CD8_Tcell
-132.4210126821827,363.4443326352935,0.0,CD8_Tcell
-238.85422677248263,-57.07860426629009,0.0,CD8_Tcell
-185.96416699542038,305.4296126720026,0.0,CD8_Tcell
257.55909957394937,-59.55045425749489,0.0,CD8_Tcell
149.68729892729297,-347.3004874628665,0.0,CD8_Tcell
55.232413278885225,-225.31985612953474,0.0,CD8_Tcell
-199.99100751934304,184.57405907268648,0.0,CD8_Tcell
-208.90931850491998,320.5245892467905,0.0,CD8_Tcell
-78.52572168915023,228.05740218957615,0.0,CD8_Tcell
82.35961306376359,-238.02511694040362,0.0,CD8_Tcell
-358.8964626843512,-137.7775492068666,0.0,CD8_Tcell
126.66838253552807,-169.8114299456299,0.0,CD8_Tcell
-381.0087080246869,34.2991982840827,0.0,CD8_Tcell
-321.21196692899576,-163.67597070322336,0.0,CD8_Tcell
227.1169594663323,-55.809473104733556,0.0,CD8_Tcell
-372.2722998923168,-73.30768623986464,0.0,CD8_Tcell
-292.7363072163355,82.70503719413692,0.0,CD8_Tcell
46.75605342636762,219.5373455629459,0.0,CD8_Tcell
28.569556351829412,289.98284381908024,0.0,CD8_Tcell
-198.60582942994236,263.6806431308974,0.0,CD8_Tcell
-140.16371167082488,-161.67816193878852,0.0,CD8_Tcell
-10.111189448793333,-247.5629622203686,0.0,CD8_Tcell
-147.39100345781358,-303.9928631382452,0.0,CD8_Tcell
-50.97347569531351,-370.21530995536784,0.0,CD8_Tcell
-89.01570562249145,-339.16474399723836,0.0,CD8_Tcell
35.53694157742589,291.8780727273211,0.0,CD8_Tcell
51.31638665427036,210.2348998358811,0.0,CD8_Tcell
264.1515727030362,-69.7805585667109,0.0,CD8_Tcell
28.900189853946905,-316.0160788105688,0.0,CD8_Tcell
-35.17154550280078,200.9982415756431,0.0,CD8_Tcell
168.54051408030583,237.92877124968967,0.0,CD8_Tcell
-117.53119412015259,-342.79019264786274,0.0,CD8_Tcell
-343.8386374180223,120.63073637670868,0.0,CD8_Tcell
302.38784473485975,254.01923621465158,0.0,CD8_Tcell
-353.5541175695747,-24.093819726917012,0.0,CD8_Tcell
288.06161742051125,198.83070665103352,0.0,CD8_Tcell
-113.58196801544878,244.79880348680146,0.0,CD8_Tcell
151.48821566210896,-233.1586694340502,0.0,CD8_Tcell
6.835759906769888,-398.84744353320934,0.0,CD8_Tcell
306.44373035102154,130.31024455643,0.0,CD8_Tcell
-219.4995753762097,225.73986883604917,0.0,CD8_Tcell
143.11981929260375,-155.12697560182096,0.0,CD8_Tcell
-262.84813985897364,32.2197616249229,0.0,CD8_Tcell
-112.39889748252239,-184.7071172553752,0.0,CD8_Tcell
152.63606366929358,368.5429572387918,0.0,CD8_Tcell
138.60900805374362,328.944773866243,0.0,CD8_Tcell
227.2565124809888,-46.406314764354924,0.0,CD8_Tcell
94.69139402125265,299.16216535275197,0.0,CD8_Tcell
181.4648679079621,296.9940419457377,0.0,CD8_Tcell
-242.64485508287927,310.58524236715147,0.0,CD8_Tcell
226.40252122094165,310.6694886205505,0.0,CD8_Tcell
366.53016971126385,-56.60930109982059,0.0,CD8_Tcell
202.42182290258216,251.00469823804795,0.0,CD8_Tcell
-206.44279886240113,215.76346234500554,0.0,CD8_Tcell
-188.32287874117367,75.64575186284456,0.0,CD8_Tcell
-198.06091743911966,-133.06054161913758,0.0,CD8_Tcell
-296.1813025411207,255.79047103716792,0.0,CD8_Tcell
-69.72511439100293,291.01858445164584,0.0,CD8_Tcell
346.26003824381314,-100.30247011521865,0.0,CD8_Tcell
-312.1216185121375,-62.64422074278877,0.0,CD8_Tcell
-207.78793159977437,-199.19392110517856,0.0,CD8_Tcell
-359.1655718582184,-68.63499376222295,0.0,CD8_Tcell
-127.1336863670868,-312.92230487137755,0.0,CD8_Tcell
-386.1419541590881,11.335440865692545,0.0,CD8_Tcell
187.0415950431897,-206.93302046562022,0.0,CD8_Tcell
280.01610618434836,-236.8214746684098,0.0,CD8_Tcell
-209.45018916475829,-199.03479131415605,0.0,CD8_Tcell
-377.8528930834267,58.67120695752245,0.0,CD8_Tcell
264.97431384011344,-99.40016042085529,0.0,CD8_Tcell
-129.70702396126097,232.73353603325057,0.0,CD8_Tcell
-136.79584240900766,370.01179444773584,0.0,CD8_Tcell
-278.98376829985324,136.46277985311946,0.0,CD8_Tcell
128.2052292216138,283.55700932627605,0.0,CD8_Tcell
127.06611740858202,309.4523675921761,0.0,CD8_Tcell
-237.23182154714073,65.87712466086573,0.0,CD8_Tcell
209.54631841134193,215.5248886387725,0.0,CD8_Tcell
234.88604911711954,-164.15983271173835,0.0,CD8_Tcell
66.9959197940021,357.29816482821474,0.0,CD8_Tcell
127.05590273310335,367.95693965858834,0.0,CD8_Tcell
163.00313407106103,268.5981727636857,0.0,CD8_Tcell
-333.9012176335826,214.40202504219255,0.0,CD8_Tcell
6.429908374998913,221.8616822673355,0.0,CD8_Tcell
119.52351796646612,343.0494012340062,0.0,CD8_Tcell
-343.1135328939283,11.280559465975704,0.0,CD8_Tcell
224.55145406871065,-321.7981614413649,0.0,CD8_Tcell
10.9332058714865,-200.48911229557834,0.0,CD8_Tcell
-288.45498953077845,-30.42946346964211,0.0,CD8_Tcell
-294.59342328411606,68.70657165705286,0.0,CD8_Tcell
203.13451768637393,333.69798429188523,0.0,CD8_Tcell
110.00194974880363,328.7395673060618,0.0,CD8_Tcell
226.026231150384,294.1071756372047,0.0,CD8_Tcell
-168.5029590562918,-191.43309817898992,0.0,CD8_Tcell
-11.113480629759355,-226.4019537516131,0.0,CD8_Tcell
-253.57286186643466,-94.1070069925542,0.0,CD8_Tcell
7.589676995082154,-386.4023922869257,0.0,CD8_Tcell
-93.87201848376208,-213.93036361030366,0.0,CD8_Tcell
-128.16283950741789,-157.5758493983687,0.0,CD8_Tcell
377.02851210381215,85.5350245158951,0.0,CD8_Tcell
-283.5752857191957,99.98006750706013,0.0,CD8_Tcell
35.39299751420361,330.04729855851815,0.0,CD8_Tcell
185.68247192659766,-343.2933596822337,0.0,CD8_Tcell
-106.86800675384059,-293.76015083700923,0.0,CD8_Tcell
312.52732274769176,151.7301863818978,0.0,CD8_Tcell
-209.13090128537652,-94.91865636223868,0.0,CD8_Tcell
187.41804015568604,-179.76679902720105,0.0,CD8_Tcell
-57.937030867526644,-213.06278729714327,0.0,CD8_Tcell
272.3783552136245,-191.33558902650077,0.0,CD8_Tcell
315.43934205404423,-29.08329743851015,0.0,CD8_Tcell
229.22456319096656,-81.84686739275905,0.0,CD8_Tcell
-104.00391677051734,-261.9866834926721,0.0,CD8_Tcell
110.98581741293592,-279.7104679344845,0.0,CD8_Tcell
-212.18058475184816,24.692356177518263,0.0,CD8_Tcell
339.6338346283913,-211.09354872142973,0.0,CD8_Tcell
-255.43936895114228,278.3094959441691,0.0,CD8_Tcell
-60.51259781147252,-320.6520174264545,0.0,CD8_Tcell
-226.28605019836502,-122.1303435644724,0.0,CD8_Tcell
-15.875997003942132,319.4612275448494,0.0,CD8_Tcell
189.8431728653712,133.79301457682035,0.0,CD8_Tcell
349.389149516838,-176.70117544195577,0.0,CD8_Tcell
-24.118388639758795,-228.44558730860737,0.0,CD8_Tcell
-93.31238008565302,-339.7719759444871,0.0,CD8_Tcell
123.89887469009888,-241.24555005064062,0.0,CD8_Tcell
308.4159529904688,-44.34451121319633,0.0,CD8_Tcell
-120.83562863700749,-317.171624055256,0.0,CD8_Tcell
302.13329641838794,-11.580762870826314,0.0,CD8_Tcell
208.94179445147003,-290.5006890447649,0.0,CD8_Tcell
-220.23779439434512,-232.3861458714816,0.0,CD8_Tcell
-187.2553508554746,127.98458093874484,0.0,CD8_Tcell
-83.92007074721133,209.5729369377121,0.0,CD8_Tcell
-24.307881918139778,-381.2687219672693,0.0,CD8_Tcell
-68.26372257949588,287.48567385721935,0.0,CD8_Tcell
-221.65991862873227,18.294530490996195,0.0,CD8_Tcell
-14.81898280218443,344.204894225969,0.0,CD8_Tcell
233.72991663839622,-225.7486558140496,0.0,CD8_Tcell
148.38879015082446,-237.4497543282653,0.0,CD8_Tcell
-384.088579749723,100.76352964080127,0.0,CD8_Tcell
-210.7923942631639,-219.0639757008645,0.0,CD8_Tcell
-82.81846322722862,248.77031504678365,0.0,CD8_Tcell
-242.72701199970874,-44.37880835486065,0.0,CD8_Tcell
-61.7386195177502,-343.0568605569835,0.0,CD8_Tcell
-246.56942990671578,-96.11496047225756,0.0,CD8_Tcell
-256.29394677516166,-160.87310542395585,0.0,CD8_Tcell
-163.45508649251772,321.5391454553521,0.0,CD8_Tcell
-50.162734299000675,-345.15246425809084,0.0,CD8_Tcell
-291.6302377590393,150.27525387621185,0.0,CD8_Tcell
216.7380298384693,-281.7646950772444,0.0,CD8_Tcell
26.981674353076052,361.1810973205749,0.0,CD8_Tcell
83.16367575365369,298.78879155063225,0.0,CD8_Tcell
317.4899626102833,-218.98871733903792,0.0,CD8_Tcell
-0.6286421023851516,265.84098909394527,0.0,CD8_Tcell
-91.00137611365834,-287.4144087443384,0.0,CD8_Tcell
67.10578803531021,-286.50483385730524,0.0,CD8_Tcell
322.28691280633996,-28.551633861402735,0.0,CD8_Tcell
-328.5512051636897,-156.99051275051684,0.0,CD8_Tcell
-285.5544714553346,63.26480727191355,0.0,CD8_Tcell
-336.2068461292454,62.7114632085511,0.0,CD8_Tcell
124.6541300664349,-307.9637760878256,0.0,CD8_Tcell
-47.722083786063806,223.47475322811238,0.0,CD8_Tcell
178.81943372737496,-163.46008052806886,0.0,CD8_Tcell
103.53163611565617,251.25358283454088,0.0,CD8_Tcell
-309.35114081355596,-122.06275405841058,0.0,CD8_Tcell
-242.1485990861381,-195.99623129527382,0.0,CD8_Tcell
-309.9029494528641,108.01560121535925,0.0,CD8_Tcell
-268.8000956581638,66.67969915547113,0.0,CD8_Tcell
-353.3258546869295,-122.25448725091809,0.0,CD8_Tcell
296.6341907139119,187.21746727723144,0.0,CD8_Tcell
19.11132571150667,-350.74230661992027,0.0,CD8_Tcell
213.20379385203876,173.98608824371095,0.0,CD8_Tcell
154.85159797098598,332.1418807560966,0.0,CD8_Tcell
-217.5283909287772,-173.4683636897498,0.0,CD8_Tcell
-339.50343850086466,145.160792997143,0.0,CD8_Tcell
364.4825557024355,109.94690652675803,0.0,CD8_Tcell
14.862318967135975,337.41278235544996,0.0,CD8_Tcell
259.1666233670831,70.46496771830765,0.0,CD8_Tcell
178.50566781336917,-129.4893763442412,0.0,CD8_Tcell
271.1369525997326,286.3695831354318,0.0,CD8_Tcell
-186.2919900967878,152.81969210856758,0.0,CD8_Tcell
-304.8516025825316,193.30406363821834,0.0,CD8_Tcell
344.11465006907497,162.76768844243313,0.0,CD8_Tcell
-208.3970670576618,216.74741651584964,0.0,CD8_Tcell
-288.0382052232189,29.933511681127907,0.0,CD8_Tcell
3.111669168078015,-249.31022471121616,0.0,CD8_Tcell
169.74400362581565,348.1507762020405,0.0,CD8_Tcell
-165.68330339476697,183.23564447083942,0.0,CD8_Tcell
320.29969125289176,163.776139912244,0.0,CD8_Tcell
-362.1750574099115,64.68762370788154,0.0,CD8_Tcell
-169.269882007845,191.2826918166005,0.0,CD8_Tcell
-39.84214599345597,-245.87043587016532,0.0,CD8_Tcell
-93.12070070400588,-343.2439663893372,0.0,CD8_Tcell
322.8886182674366,-114.70677113239185,0.0,CD8_Tcell
-243.24009755929325,18.969509649840884,0.0,CD8_Tcell
-323.58958847603947,-184.13272237106858,0.0,CD8_Tcell
47.044470987790056,-355.0720006786555,0.0,CD8_Tcell
383.11180762072433,29.29397422200695,0.0,CD8_Tcell
-241.84861001876914,303.382279855052,0.0,CD8_Tcell
151.39512397247114,182.6660420638263,0.0,CD8_Tcell
-340.92658544204977,7.883801842402354,0.0,CD8_Tcell
-33.982616467903185,341.86639246281254,0.0,CD8_Tcell
69.76818130946461,368.81849604306706,0.0,CD8_Tcell
-359.52063926782427,81.1357711323473,0.0,CD8_Tcell
92.04329567094065,278.77318394899856,0.0,CD8_Tcell
80.43047530295273,-229.20760339341,0.0,CD8_Tcell
-213.8363177695979,-336.71676344111785,0.0,CD8_Tcell
-214.34826359183015,-34.558841654376764,0.0,CD8_Tcell
-195.76297464459716,-253.41362835032385,0.0,CD8_Tcell
-238.5152518845802,144.38708748643813,0.0,CD8_Tcell
-302.1869756304236,69.40055758199703,0.0,CD8_Tcell
223.42230228945934,245.01475345101795,0.0,CD8_Tcell
75.86728305567462,-379.8919316245497,0.0,CD8_Tcell
-258.1926724283338,-252.06253322925954,0.0,CD8_Tcell
-48.83980713223537,361.1616908181074,0.0,CD8_Tcell
154.0116240998569,-202.00169535474652,0.0,CD8_Tcell
-240.1943706003046,217.18813145235026,0.0,CD8_Tcell
290.18292549452474,254.67030987355994,0.0,CD8_Tcell
363.8166838593984,-148.85973279268967,0.0,CD8_Tcell
-301.029738814635,28.426175170360157,0.0,CD8_Tcell
14.808692292546999,-270.030114870839,0.0,CD8_Tcell
-309.3643823255269,238.12050241677701,0.0,CD8_Tcell
310.50782931675536,91.22006761385389,0.0,CD8_Tcell
-175.3691122280122,129.6670647845749,0.0,CD8_Tcell
45.210849102649384,307.17275296215956,0.0,CD8_Tcell
293.7258121005762,154.93247902792766,0.0,CD8_Tcell
250.38566079713976,96.52474928146525,0.0,CD8_Tcell
318.95880060761726,225.74650521277266,0.0,CD8_Tcell
-149.79084620214186,-216.20864295071175,0.0,CD8_Tcell
-45.925071679280805,393.6827270790104,0.0,CD8_Tcell
-169.81932194265264,185.106783801837,0.0,CD8_Tcell
265.3824663157733,297.2512706048422,0.0,CD8_Tcell
-175.82675107502848,-207.0998060563556,0.0,CD8_Tcell
-34.43688352310842,384.3197775884397,0.0,CD8_Tcell
-190.63270098914583,-260.49147102585545,0.0,CD8_Tcell
24.381913379992692,335.2589166835417,0.0,CD8_Tcell
287.98174175246453,-3.092860855095473,0.0,CD8_Tcell
-135.45520841445207,156.9212350897493,0.0,CD8_Tcell
-227.37690246096562,-243.1204402495743,0.0,CD8_Tcell
-187.56774917580157,-100.75193783934347,0.0,CD8_Tcell
29.666714208378945,-205.76416988243662,0.0,CD8_Tcell
-280.61207167261534,-242.69406229944684,0.0,CD8_Tcell
-59.762614729518695,395.42128894656247,0.0,CD8_Tcell
-256.1113870029983,111.2200847900297,0.0,CD8_Tcell
-160.36850807761604,-316.50889588585386,0.0,CD8_Tcell
-217.78539768483822,49.125462720777,0.0,CD8_Tcell
209.7914500577914,-108.42423711437304,0.0,CD8_Tcell
358.2055358483516,-49.532980121235006,0.0,CD8_Tcell
-286.65955389587145,-0.7284007605225324,0.0,CD8_Tcell
120.87086141417231,-322.9577993335919,0.0,Treg
386.26863558735033,-78.12812621126002,0.0,Treg
-189.98689693476064,-240.7089311341257,0.0,Treg
177.92243292992154,202.17286149383318,0.0,Treg
321.4356128612305,-214.1217974046778,0.0,Treg
194.48600547624827,232.70207609200224,0.0,Treg
266.7754585338496,266.77337548594414,0.0,Treg
-363.6311298443015,147.75939544239606,0.0,Treg
-195.1829890235535,157.31740079373498,0.0,Treg
115.61768333870413,-207.52663162945726,0.0,Treg
336.64644280523277,-165.00320516462898,0.0,Treg
-107.5211449303519,-210.97305126422688,0.0,Treg
67.15747837087932,258.6423386566527,0.0,Treg
-271.2342068701764,-216.1066674089294,0.0,Treg
292.63096962664486,-251.0308015573175,0.0,Treg
-236.25836368453378,43.923808473389144,0.0,Treg
177.0179330092019,-162.8881418046524,0.0,Treg
-387.8230384075756,-86.08060286585459,0.0,Treg
-152.32831753251597,-251.94616026545384,0.0,Treg
-54.25065957484559,-240.80827295792997,0.0,Treg
-192.12044429348404,139.96334888904164,0.0,Treg
-162.16461908497394,197.3393996402926,0.0,Treg
-308.2439624436811,-241.22275843153162,0.0,Treg
-108.88412810023578,362.4413207241322,0.0,Treg
-352.21768768705834,88.74915888747174,0.0,Treg
224.0477569456651,187.1087209194734,0.0,Treg
102.5218541957778,334.0841394447587,0.0,Treg
296.63857239826024,-172.21926633165094,0.0,Treg
333.3963653550011,118.81620725240585,0.0,Treg
92.7401249297103,-179.2395218110553,0.0,Treg
170.2067704011633,298.29455285407045,0.0,Treg
-304.44083275570813,257.3090455980678,0.0,Treg
-263.9977676192873,174.1484892491535,0.0,Treg
-106.59326178644199,-314.89628125970773,0.0,Treg
268.74887423014457,33.6782257718759,0.0,Treg
239.77036863792185,-298.4040562414449,0.0,Treg
-254.14517510146237,-293.89894015729845,0.0,Treg
-194.7784468197608,240.84325133079363,0.0,Treg
-304.0474806769365,230.02079306296187,0.0,Treg
-225.36099385664212,-188.51010614307177,0.0,Treg
-161.13510025244562,342.4688918816032,0.0,Treg
164.90999423821478,-229.2584572452795,0.0,Treg
74.14935130941986,208.53782424241834,0.0,Treg
-142.42402079077246,168.70358567853717,0.0,Treg
-248.18389434631098,114.98592397913774,0.0,Treg
316.50903292581796,233.96735404983662,0.0,Treg
-285.8172947994221,-123.21614314204906,0.0,Treg
27.710298632774926,-375.47830007079517,0.0,Treg
-48.196539011442354,-248.8411896018773,0.0,Treg
-241.83248735600372,214.09916091785698,0.0,Treg
-286.74212916845124,257.77916159792915,0.0,Treg
-68.51802870655666,224.41746240862776,0.0,Treg
95.62768025456656,-186.73413928760723,0.0,Treg
-154.737905639148,234.82707039852608,0.0,Treg
256.7812147931965,139.2479316108934,0.0,Treg
-322.91400482293494,36.92476455153791,0.0,Treg
-40.68472774334704,238.6859832836587,0.0,Treg
-194.581533615047,-259.03119551681687,0.0,Treg
-3.8169338266827757,-280.8441310629452,0.0,Treg
-54.302514520315505,323.2823827791301,0.0,Treg
101.59975154747465,335.9685876759619,0.0,Treg
-192.33358949887466,-159.42434715338376,0.0,Treg
121.75852463758211,-213.98567882378416,0.0,Treg
-381.6280920586375,-105.93988709236011,0.0,Treg
-148.10182309651302,-148.24670581164446,0.0,Treg
-347.232461594579,84.24531322296846,0.0,Treg
209.00118030338987,-6.7843574832131175,0.0,Treg
-317.5757845974744,154.77559440586484,0.0,Treg
-39.93715452498341,262.93503180329975,0.0,Treg
-32.64876795504694,109.01623136720228,0.0,apCAF
10.405630700212543,88.09577936333575,0.0,apCAF
129.57324979934995,71.9467595356496,0.0,apCAF
44.1394701690227,133.02012203753696,0.0,apCAF
188.4156067959125,-17.87271131162986,0.0,apCAF
31.74590119436265,88.64282033232999,0.0,apCAF
-13.360311454525993,161.44439352375034,0.0,apCAF
147.93623542215542,-16.361183584001235,0.0,apCAF
-47.52728234669175,127.35039026042853,0.0,apCAF
117.018432537394,-70.95004666226012,0.0,apCAF
54.137411890850764,-105.11933300542316,0.0,apCAF
-177.5230599296062,-23.653753318675232,0.0,apCAF
-2.0787842460301382,-102.05800176945216,0.0,apCAF
-199.05377773926773,7.687052292041489,0.0,apCAF
30.40157366776025,165.0060658634867,0.0,apCAF
-12.880527819155988,97.81049156523434,0.0,apCAF
-150.9799671712748,-74.34874953905967,0.0,apCAF
-117.45445671113077,31.10054042869784,0.0,apCAF
-32.28917361950884,-177.97095551325245,0.0,apCAF
-158.96307514447562,-118.86343056683707,0.0,apCAF
-171.72709755604654,-3.643506515798106,0.0,apCAF
37.710621254240614,117.18951465491322,0.0,apCAF
32.40698139415133,-6.341830944209206,0.0,apCAF
3.462006739770039,60.111680393410566,0.0,apCAF
-132.63845876267243,-68.69848820448742,0.0,apCAF
8.256632123454006,13.1202892750887,0.0,apCAF
15.567801596947984,48.93358189007218,0.0,apCAF
-68.31954110337266,-15.622403592298348,0.0,apCAF
-167.88498595933225,-93.48920628942808,0.0,apCAF
-173.23116394980764,-79.91917316893843,0.0,apCAF
-165.72563171161227,-58.34226748484518,0.0,apCAF
89.89358582767888,-159.13331399839723,0.0,apCAF
-21.43989945970765,195.39728382858755,0.0,apCAF
0.15892608080608675,-96.94122405921813,0.0,apCAF
-91.28808817515625,139.59650528841115,0.0,apCAF
180.34552177253022,-60.22419539051216,0.0,apCAF
120.50511058777218,-61.45657700911374,0.0,apCAF
161.76461603421978,15.611324294466602,0.0,apCAF
45.5277376378261,145.1997591549166,0.0,apCAF
147.0668043714957,-111.27369541751482,0.0,apCAF
77.07029865169062,-44.50975674374689,0.0,apCAF
11.063679522861392,-29.378466554980143,0.0,apCAF
-170.93589889768674,5.6283708364104035,0.0,apCAF
98.75994413973831,84.67127377136848,0.0,apCAF
-102.5965488184848,96.59159136205751,0.0,apCAF
110.09931829199522,-131.82575957321663,0.0,apCAF
-31.357348448776808,36.58027179177176,0.0,apCAF
120.9515310738845,108.40840475256387,0.0,apCAF
116.00855447696007,-13.865215164436274,0.0,epithelial_tumor
-94.05363606700315,3.9075469241053447,0.0,epithelial_tumor
99.98315894754894,-74.22368413790181,0.0,epithelial_tumor
-93.97622200625685,171.5118922930491,0.0,epithelial_tumor
-39.237737493149915,114.85710530229532,0.0,epithelial_tumor_class1
155.50650390144153,17.211891809577246,0.0,epithelial_tumor_class1
-180.03366665143673,17.813814204782293,0.0,epithelial_tumor_class1
24.78858202621782,179.3728057158752,0.0,epithelial_tumor_class1_class2
-81.82144178272421,8.81061801217282,0.0,mesenchymal_tumor_class1
148.3467270954633,63.30112466748753,0.0,mesenchymal_tumor_class1_class2
-25.379832300972886,183.0060193843843,0.0,mesenchymal_tumor_class1_class2
158.12730353226485,-107.13857885881532,0.0,PDAC_unclassified
-107.81697082954769,-133.98123410979855,0.0,PDAC_unclassified
-119.10460676499503,50.42482055120672,0.0,PDAC_unclassified
58.977342623174536,180.24704928139113,0.0,PDAC_unclassified
-28.361144665117845,20.075372253732695,0.0,PDAC_unclassified
5.399468381373855,-79.93006270653994,0.0,PDAC_unclassified
-56.477772356654576,124.5712865219675,0.0,PDAC_unclassified
-20.404690188574964,82.35579523969379,0.0,PDAC_unclassified
1.6394961318607686,3.493233701207757,0.0,PDAC_unclassified
