x,y,z,ecm
-790,-790,0,6.099327394209353
-770,-790,0,6.099327394209353
-750,-790,0,6.099327394209353
-730,-790,0,6.099327394209353
-710,-790,0,6.099327394209353
-690,-790,0,6.099327394209353
-670,-790,0,6.099327394209353
-650,-790,0,6.099327394209353
-630,-790,0,6.099327394209353
-610,-790,0,6.099327394209353
-590,-790,0,6.099327394209353
-570,-790,0,6.099327394209353
-550,-790,0,6.099327394209353
-530,-790,0,6.099327394209353
-510,-790,0,6.099327394209353
-490,-790,0,6.099327394209353
-470,-790,0,6.099327394209353
-450,-790,0,6.099327394209353
-430,-790,0,6.099327394209353
-410,-790,0,6.099327394209353
-390,-790,0,6.099327394209353
-370,-790,0,6.099327394209353
-350,-790,0,6.099327394209353
-330,-790,0,6.099327394209353
-310,-790,0,6.099327394209353
-290,-790,0,6.099327394209353
-270,-790,0,6.099327394209353
-250,-790,0,6.099327394209353
-230,-790,0,6.099327394209353
-210,-790,0,6.099327394209353
-190,-790,0,6.099327394209353
-170,-790,0,6.099327394209353
-150,-790,0,6.099327394209353
-130,-790,0,6.099327394209353
-110,-790,0,6.099327394209353
-90,-790,0,6.099327394209353
-70,-790,0,6.099327394209353
-50,-790,0,6.099327394209353
-30,-790,0,6.099327394209353
-10,-790,0,6.099327394209353
10,-790,0,6.099327394209353
30,-790,0,6.099327394209353
50,-790,0,6.099327394209353
70,-790,0,6.099327394209353
90,-790,0,6.099327394209353
110,-790,0,6.099327394209353
130,-790,0,6.099327394209353
150,-790,0,6.099327394209353
170,-790,0,6.099327394209353
190,-790,0,6.099327394209353
210,-790,0,6.099327394209353
230,-790,0,6.099327394209353
250,-790,0,6.099327394209353
270,-790,0,6.099327394209353
290,-790,0,6.099327394209353
310,-790,0,6.099327394209353
330,-790,0,6.099327394209353
350,-790,0,6.099327394209353
370,-790,0,6.099327394209353
390,-790,0,6.099327394209353
410,-790,0,6.099327394209353
430,-790,0,6.099327394209353
450,-790,0,6.099327394209353
470,-790,0,6.099327394209353
490,-790,0,6.099327394209353
510,-790,0,6.099327394209353
530,-790,0,6.099327394209353
550,-790,0,6.099327394209353
570,-790,0,6.099327394209353
590,-790,0,6.099327394209353
610,-790,0,6.099327394209353
630,-790,0,6.099327394209353
650,-790,0,6.099327394209353
670,-790,0,6.099327394209353
690,-790,0,6.099327394209353
710,-790,0,6.099327394209353
730,-790,0,6.099327394209353
750,-790,0,6.099327394209353
770,-790,0,6.099327394209353
790,-790,0,6.099327394209353
-790,-770,0,6.099327394209353
-770,-770,0,6.099327394209353
-750,-770,0,6.099327394209353
-730,-770,0,6.099327394209353
-710,-770,0,6.099327394209353
-690,-770,0,6.099327394209353
-670,-770,0,6.099327394209353
-650,-770,0,6.099327394209353
-630,-770,0,6.099327394209353
-610,-770,0,6.099327394209353
-590,-770,0,6.099327394209353
-570,-770,0,6.099327394209353
-550,-770,0,6.099327394209353
-530,-770,0,6.099327394209353
-510,-770,0,6.099327394209353
-490,-770,0,6.099327394209353
-470,-770,0,6.099327394209353
-450,-770,0,6.099327394209353
-430,-770,0,6.099327394209353
-410,-770,0,6.099327394209353
-390,-770,0,6.099327394209353
-370,-770,0,6.099327394209353
-350,-770,0,6.099327394209353
-330,-770,0,6.099327394209353
-310,-770,0,6.099327394209353
-290,-770,0,6.099327394209353
-270,-770,0,6.099327394209353
-250,-770,0,6.099327394209353
-230,-770,0,6.099327394209353
-210,-770,0,6.099327394209353
-190,-770,0,6.099327394209353
-170,-770,0,6.099327394209353
-150,-770,0,6.099327394209353
-130,-770,0,6.099327394209353
-110,-770,0,6.099327394209353
-90,-770,0,6.099327394209353
-70,-770,0,6.099327394209353
-50,-770,0,6.099327394209353
-30,-770,0,6.099327394209353
-10,-770,0,6.099327394209353
10,-770,0,6.099327394209353
30,-770,0,6.099327394209353
50,-770,0,6.099327394209353
70,-770,0,6.099327394209353
90,-770,0,6.099327394209353
110,-770,0,6.099327394209353
130,-770,0,6.099327394209353
150,-770,0,6.099327394209353
170,-770,0,6.099327394209353
190,-770,0,6.099327394209353
210,-770,0,6.099327394209353
230,-770,0,6.099327394209353
250,-770,0,6.099327394209353
270,-770,0,6.099327394209353
290,-770,0,6.099327394209353
310,-770,0,6.099327394209353
330,-770,0,6.099327394209353
350,-770,0,6.099327394209353
370,-770,0,6.099327394209353
390,-770,0,6.099327394209353
410,-770,0,6.099327394209353
430,-770,0,6.099327394209353
450,-770,0,6.099327394209353
470,-770,0,6.099327394209353
490,-770,0,6.099327394209353
510,-770,0,6.099327394209353
530,-770,0,6.099327394209353
550,-770,0,6.099327394209353
570,-770,0,6.099327394209353
590,-770,0,6.099327394209353
610,-770,0,6.099327394209353
630,-770,0,6.099327394209353
650,-770,0,6.099327394209353
670,-770,0,6.099327394209353
690,-770,0,6.099327394209353
710,-770,0,6.099327394209353
730,-770,0,6.099327394209353
750,-770,0,6.099327394209353
770,-770,0,6.099327394209353
790,-770,0,6.099327394209353
-790,-750,0,6.099327394209353
-770,-750,0,6.099327394209353
-750,-750,0,6.099327394209353
-730,-750,0,6.099327394209353
-710,-750,0,6.099327394209353
-690,-750,0,6.099327394209353
-670,-750,0,6.099327394209353
-650,-750,0,6.099327394209353
-630,-750,0,6.099327394209353
-610,-750,0,6.099327394209353
-590,-750,0,6.099327394209353
-570,-750,0,6.099327394209353
-550,-750,0,6.099327394209353
-530,-750,0,6.099327394209353
-510,-750,0,6.099327394209353
-490,-750,0,6.099327394209353
-470,-750,0,6.099327394209353
-450,-750,0,6.099327394209353
-430,-750,0,6.099327394209353
-410,-750,0,6.099327394209353
-390,-750,0,6.099327394209353
-370,-750,0,6.099327394209353
-350,-750,0,6.099327394209353
-330,-750,0,6.099327394209353
-310,-750,0,6.099327394209353
-290,-750,0,6.099327394209353
-270,-750,0,6.099327394209353
-250,-750,0,6.099327394209353
-230,-750,0,6.099327394209353
-210,-750,0,6.099327394209353
-190,-750,0,6.099327394209353
-170,-750,0,6.099327394209353
-150,-750,0,6.099327394209353
-130,-750,0,6.099327394209353
-110,-750,0,6.099327394209353
-90,-750,0,6.099327394209353
-70,-750,0,6.099327394209353
-50,-750,0,6.099327394209353
-30,-750,0,6.099327394209353
-10,-750,0,6.099327394209353
10,-750,0,6.099327394209353
30,-750,0,6.099327394209353
50,-750,0,6.099327394209353
70,-750,0,6.099327394209353
90,-750,0,6.099327394209353
110,-750,0,6.099327394209353
130,-750,0,6.099327394209353
150,-750,0,6.099327394209353
170,-750,0,6.099327394209353
190,-750,0,6.099327394209353
210,-750,0,6.099327394209353
230,-750,0,6.099327394209353
250,-750,0,6.099327394209353
270,-750,0,6.099327394209353
290,-750,0,6.099327394209353
310,-750,0,6.099327394209353
330,-750,0,6.099327394209353
350,-750,0,6.099327394209353
370,-750,0,6.099327394209353
390,-750,0,6.099327394209353
410,-750,0,6.099327394209353
430,-750,0,6.099327394209353
450,-750,0,6.099327394209353
470,-750,0,6.099327394209353
490,-750,0,6.099327394209353
510,-750,0,6.099327394209353
530,-750,0,6.099327394209353
550,-750,0,6.099327394209353
570,-750,0,6.099327394209353
590,-750,0,6.099327394209353
610,-750,0,6.099327394209353
630,-750,0,6.099327394209353
650,-750,0,6.099327394209353
670,-750,0,6.099327394209353
690,-750,0,6.099327394209353
710,-750,0,6.099327394209353
730,-750,0,6.099327394209353
750,-750,0,6.099327394209353
770,-750,0,6.099327394209353
790,-750,0,6.099327394209353
-790,-730,0,6.099327394209353
-770,-730,0,6.099327394209353
-750,-730,0,6.099327394209353
-730,-730,0,6.099327394209353
-710,-730,0,6.099327394209353
-690,-730,0,6.099327394209353
-670,-730,0,6.099327394209353
-650,-730,0,6.099327394209353
-630,-730,0,6.099327394209353
-610,-730,0,6.099327394209353
-590,-730,0,6.099327394209353
-570,-730,0,6.099327394209353
-550,-730,0,6.099327394209353
-530,-730,0,6.099327394209353
-510,-730,0,6.099327394209353
-490,-730,0,6.099327394209353
-470,-730,0,6.099327394209353
-450,-730,0,6.099327394209353
-430,-730,0,6.099327394209353
-410,-730,0,6.099327394209353
-390,-730,0,6.099327394209353
-370,-730,0,6.099327394209353
-350,-730,0,6.099327394209353
-330,-730,0,6.099327394209353
-310,-730,0,6.099327394209353
-290,-730,0,6.099327394209353
-270,-730,0,6.099327394209353
-250,-730,0,6.099327394209353
-230,-730,0,6.099327394209353
-210,-730,0,6.099327394209353
-190,-730,0,6.099327394209353
-170,-730,0,6.099327394209353
-150,-730,0,6.099327394209353
-130,-730,0,6.099327394209353
-110,-730,0,6.099327394209353
-90,-730,0,6.099327394209353
-70,-730,0,6.099327394209353
-50,-730,0,6.099327394209353
-30,-730,0,6.099327394209353
-10,-730,0,6.099327394209353
10,-730,0,6.099327394209353
30,-730,0,6.099327394209353
50,-730,0,6.099327394209353
70,-730,0,6.099327394209353
90,-730,0,6.099327394209353
110,-730,0,6.099327394209353
130,-730,0,6.099327394209353
150,-730,0,6.099327394209353
170,-730,0,6.099327394209353
190,-730,0,6.099327394209353
210,-730,0,6.099327394209353
230,-730,0,6.099327394209353
250,-730,0,6.099327394209353
270,-730,0,6.099327394209353
290,-730,0,6.099327394209353
310,-730,0,6.099327394209353
330,-730,0,6.099327394209353
350,-730,0,6.099327394209353
370,-730,0,6.099327394209353
390,-730,0,6.099327394209353
410,-730,0,6.099327394209353
430,-730,0,6.099327394209353
450,-730,0,6.099327394209353
470,-730,0,6.099327394209353
490,-730,0,6.099327394209353
510,-730,0,6.099327394209353
530,-730,0,6.099327394209353
550,-730,0,6.099327394209353
570,-730,0,6.099327394209353
590,-730,0,6.099327394209353
610,-730,0,6.099327394209353
630,-730,0,6.099327394209353
650,-730,0,6.099327394209353
670,-730,0,6.099327394209353
690,-730,0,6.099327394209353
710,-730,0,6.099327394209353
730,-730,0,6.099327394209353
750,-730,0,6.099327394209353
770,-730,0,6.099327394209353
790,-730,0,6.099327394209353
-790,-710,0,6.099327394209353
-770,-710,0,6.099327394209353
-750,-710,0,6.099327394209353
-730,-710,0,6.099327394209353
-710,-710,0,6.099327394209353
-690,-710,0,6.099327394209353
-670,-710,0,6.099327394209353
-650,-710,0,6.099327394209353
-630,-710,0,6.099327394209353
-610,-710,0,6.099327394209353
-590,-710,0,6.099327394209353
-570,-710,0,6.099327394209353
-550,-710,0,6.099327394209353
-530,-710,0,6.099327394209353
-510,-710,0,6.099327394209353
-490,-710,0,6.099327394209353
-470,-710,0,6.099327394209353
-450,-710,0,6.099327394209353
-430,-710,0,6.099327394209353
-410,-710,0,6.099327394209353
-390,-710,0,6.099327394209353
-370,-710,0,6.099327394209353
-350,-710,0,6.099327394209353
-330,-710,0,6.099327394209353
-310,-710,0,6.099327394209353
-290,-710,0,6.099327394209353
-270,-710,0,6.099327394209353
-250,-710,0,6.099327394209353
-230,-710,0,6.099327394209353
-210,-710,0,6.099327394209353
-190,-710,0,6.099327394209353
-170,-710,0,6.099327394209353
-150,-710,0,6.099327394209353
-130,-710,0,6.099327394209353
-110,-710,0,6.099327394209353
-90,-710,0,6.099327394209353
-70,-710,0,6.099327394209353
-50,-710,0,6.099327394209353
-30,-710,0,6.099327394209353
-10,-710,0,6.099327394209353
10,-710,0,6.099327394209353
30,-710,0,6.099327394209353
50,-710,0,6.099327394209353
70,-710,0,6.099327394209353
90,-710,0,6.099327394209353
110,-710,0,6.099327394209353
130,-710,0,6.099327394209353
150,-710,0,6.099327394209353
170,-710,0,6.099327394209353
190,-710,0,6.099327394209353
210,-710,0,6.099327394209353
230,-710,0,6.099327394209353
250,-710,0,6.099327394209353
270,-710,0,6.099327394209353
290,-710,0,6.099327394209353
310,-710,0,6.099327394209353
330,-710,0,6.099327394209353
350,-710,0,6.099327394209353
370,-710,0,6.099327394209353
390,-710,0,6.099327394209353
410,-710,0,6.099327394209353
430,-710,0,6.099327394209353
450,-710,0,6.099327394209353
470,-710,0,6.099327394209353
490,-710,0,6.099327394209353
510,-710,0,6.099327394209353
530,-710,0,6.099327394209353
550,-710,0,6.099327394209353
570,-710,0,6.099327394209353
590,-710,0,6.099327394209353
610,-710,0,6.099327394209353
630,-710,0,6.099327394209353
650,-710,0,6.099327394209353
670,-710,0,6.099327394209353
690,-710,0,6.099327394209353
710,-710,0,6.099327394209353
730,-710,0,6.099327394209353
750,-710,0,6.099327394209353
770,-710,0,6.099327394209353
790,-710,0,6.099327394209353
-790,-690,0,6.099327394209353
-770,-690,0,6.099327394209353
-750,-690,0,6.099327394209353
-730,-690,0,6.099327394209353
-710,-690,0,6.099327394209353
-690,-690,0,6.099327394209353
-670,-690,0,6.099327394209353
-650,-690,0,6.099327394209353
-630,-690,0,6.099327394209353
-610,-690,0,6.099327394209353
-590,-690,0,6.099327394209353
-570,-690,0,6.099327394209353
-550,-690,0,6.099327394209353
-530,-690,0,6.099327394209353
-510,-690,0,6.099327394209353
-490,-690,0,6.099327394209353
-470,-690,0,6.099327394209353
-450,-690,0,6.099327394209353
-430,-690,0,6.099327394209353
-410,-690,0,6.099327394209353
-390,-690,0,6.099327394209353
-370,-690,0,6.099327394209353
-350,-690,0,6.099327394209353
-330,-690,0,6.099327394209353
-310,-690,0,6.099327394209353
-290,-690,0,6.099327394209353
-270,-690,0,6.099327394209353
-250,-690,0,6.099327394209353
-230,-690,0,6.099327394209353
-210,-690,0,6.099327394209353
-190,-690,0,6.099327394209353
-170,-690,0,6.099327394209353
-150,-690,0,6.099327394209353
-130,-690,0,6.099327394209353
-110,-690,0,6.099327394209353
-90,-690,0,6.099327394209353
-70,-690,0,6.099327394209353
-50,-690,0,6.099327394209353
-30,-690,0,6.099327394209353
-10,-690,0,6.099327394209353
10,-690,0,6.099327394209353
30,-690,0,6.099327394209353
50,-690,0,6.099327394209353
70,-690,0,6.099327394209353
90,-690,0,6.099327394209353
110,-690,0,6.099327394209353
130,-690,0,6.099327394209353
150,-690,0,6.099327394209353
170,-690,0,6.099327394209353
190,-690,0,6.099327394209353
210,-690,0,6.099327394209353
230,-690,0,6.099327394209353
250,-690,0,6.099327394209353
270,-690,0,6.099327394209353
290,-690,0,6.099327394209353
310,-690,0,6.099327394209353
330,-690,0,6.099327394209353
350,-690,0,6.099327394209353
370,-690,0,6.099327394209353
390,-690,0,6.099327394209353
410,-690,0,6.099327394209353
430,-690,0,6.099327394209353
450,-690,0,6.099327394209353
470,-690,0,6.099327394209353
490,-690,0,6.099327394209353
510,-690,0,6.099327394209353
530,-690,0,6.099327394209353
550,-690,0,6.099327394209353
570,-690,0,6.099327394209353
590,-690,0,6.099327394209353
610,-690,0,6.099327394209353
630,-690,0,6.099327394209353
650,-690,0,6.099327394209353
670,-690,0,6.099327394209353
690,-690,0,6.099327394209353
710,-690,0,6.099327394209353
730,-690,0,6.099327394209353
750,-690,0,6.099327394209353
770,-690,0,6.099327394209353
790,-690,0,6.099327394209353
-790,-670,0,6.099327394209353
-770,-670,0,6.099327394209353
-750,-670,0,6.099327394209353
-730,-670,0,6.099327394209353
-710,-670,0,6.099327394209353
-690,-670,0,6.099327394209353
-670,-670,0,6.099327394209353
-650,-670,0,6.099327394209353
-630,-670,0,6.099327394209353
-610,-670,0,6.099327394209353
-590,-670,0,6.099327394209353
-570,-670,0,6.099327394209353
-550,-670,0,6.099327394209353
-530,-670,0,6.099327394209353
-510,-670,0,6.099327394209353
-490,-670,0,6.099327394209353
-470,-670,0,6.099327394209353
-450,-670,0,6.099327394209353
-430,-670,0,6.099327394209353
-410,-670,0,6.099327394209353
-390,-670,0,6.099327394209353
-370,-670,0,6.099327394209353
-350,-670,0,6.099327394209353
-330,-670,0,6.099327394209353
-310,-670,0,6.099327394209353
-290,-670,0,6.099327394209353
-270,-670,0,6.099327394209353
-250,-670,0,6.099327394209353
-230,-670,0,6.099327394209353
-210,-670,0,6.099327394209353
-190,-670,0,6.099327394209353
-170,-670,0,6.099327394209353
-150,-670,0,6.099327394209353
-130,-670,0,6.099327394209353
-110,-670,0,6.099327394209353
-90,-670,0,6.099327394209353
-70,-670,0,6.099327394209353
-50,-670,0,6.099327394209353
-30,-670,0,6.099327394209353
-10,-670,0,6.099327394209353
10,-670,0,6.099327394209353
30,-670,0,6.099327394209353
50,-670,0,6.099327394209353
70,-670,0,6.099327394209353
90,-670,0,6.099327394209353
110,-670,0,6.099327394209353
130,-670,0,6.099327394209353
150,-670,0,6.099327394209353
170,-670,0,6.099327394209353
190,-670,0,6.099327394209353
210,-670,0,6.099327394209353
230,-670,0,6.099327394209353
250,-670,0,6.099327394209353
270,-670,0,6.099327394209353
290,-670,0,6.099327394209353
310,-670,0,6.099327394209353
330,-670,0,6.099327394209353
350,-670,0,6.099327394209353
370,-670,0,6.099327394209353
390,-670,0,6.099327394209353
410,-670,0,6.099327394209353
430,-670,0,6.099327394209353
450,-670,0,6.099327394209353
470,-670,0,6.099327394209353
490,-670,0,6.099327394209353
510,-670,0,6.099327394209353
530,-670,0,6.099327394209353
550,-670,0,6.099327394209353
570,-670,0,6.099327394209353
590,-670,0,6.099327394209353
610,-670,0,6.099327394209353
630,-670,0,6.099327394209353
650,-670,0,6.099327394209353
670,-670,0,6.099327394209353
690,-670,0,6.099327394209353
710,-670,0,6.099327394209353
730,-670,0,6.099327394209353
750,-670,0,6.099327394209353
770,-670,0,6.099327394209353
790,-670,0,6.099327394209353
-790,-650,0,6.099327394209353
-770,-650,0,6.099327394209353
-750,-650,0,6.099327394209353
-730,-650,0,6.099327394209353
-710,-650,0,6.099327394209353
-690,-650,0,6.099327394209353
-670,-650,0,6.099327394209353
-650,-650,0,6.099327394209353
-630,-650,0,6.099327394209353
-610,-650,0,6.099327394209353
-590,-650,0,6.099327394209353
-570,-650,0,6.099327394209353
-550,-650,0,6.099327394209353
-530,-650,0,6.099327394209353
-510,-650,0,6.099327394209353
-490,-650,0,6.099327394209353
-470,-650,0,6.099327394209353
-450,-650,0,6.099327394209353
-430,-650,0,6.099327394209353
-410,-650,0,6.099327394209353
-390,-650,0,6.099327394209353
-370,-650,0,6.099327394209353
-350,-650,0,6.099327394209353
-330,-650,0,6.099327394209353
-310,-650,0,6.099327394209353
-290,-650,0,6.099327394209353
-270,-650,0,6.099327394209353
-250,-650,0,6.099327394209353
-230,-650,0,6.099327394209353
-210,-650,0,6.099327394209353
-190,-650,0,6.099327394209353
-170,-650,0,6.099327394209353
-150,-650,0,6.099327394209353
-130,-650,0,6.099327394209353
-110,-650,0,6.099327394209353
-90,-650,0,6.099327394209353
-70,-650,0,6.099327394209353
-50,-650,0,6.099327394209353
-30,-650,0,6.099327394209353
-10,-650,0,6.099327394209353
10,-650,0,6.099327394209353
30,-650,0,6.099327394209353
50,-650,0,6.099327394209353
70,-650,0,6.099327394209353
90,-650,0,6.099327394209353
110,-650,0,6.099327394209353
130,-650,0,6.099327394209353
150,-650,0,6.099327394209353
170,-650,0,6.099327394209353
190,-650,0,6.099327394209353
210,-650,0,6.099327394209353
230,-650,0,6.099327394209353
250,-650,0,6.099327394209353
270,-650,0,6.099327394209353
290,-650,0,6.099327394209353
310,-650,0,6.099327394209353
330,-650,0,6.099327394209353
350,-650,0,6.099327394209353
370,-650,0,6.099327394209353
390,-650,0,6.099327394209353
410,-650,0,6.099327394209353
430,-650,0,6.099327394209353
450,-650,0,6.099327394209353
470,-650,0,6.099327394209353
490,-650,0,6.099327394209353
510,-650,0,6.099327394209353
530,-650,0,6.099327394209353
550,-650,0,6.099327394209353
570,-650,0,6.099327394209353
590,-650,0,6.099327394209353
610,-650,0,6.099327394209353
630,-650,0,6.099327394209353
650,-650,0,6.099327394209353
670,-650,0,6.099327394209353
690,-650,0,6.099327394209353
710,-650,0,6.099327394209353
730,-650,0,6.099327394209353
750,-650,0,6.099327394209353
770,-650,0,6.099327394209353
790,-650,0,6.099327394209353
-790,-630,0,6.099327394209353
-770,-630,0,6.099327394209353
-750,-630,0,6.099327394209353
-730,-630,0,6.099327394209353
-710,-630,0,6.099327394209353
-690,-630,0,6.099327394209353
-670,-630,0,6.099327394209353
-650,-630,0,6.099327394209353
-630,-630,0,6.099327394209353
-610,-630,0,6.099327394209353
-590,-630,0,6.099327394209353
-570,-630,0,6.099327394209353
-550,-630,0,6.099327394209353
-530,-630,0,6.099327394209353
-510,-630,0,6.099327394209353
-490,-630,0,6.099327394209353
-470,-630,0,6.099327394209353
-450,-630,0,6.099327394209353
-430,-630,0,6.099327394209353
-410,-630,0,6.099327394209353
-390,-630,0,6.099327394209353
-370,-630,0,6.099327394209353
-350,-630,0,6.099327394209353
-330,-630,0,6.099327394209353
-310,-630,0,6.099327394209353
-290,-630,0,6.099327394209353
-270,-630,0,6.099327394209353
-250,-630,0,6.099327394209353
-230,-630,0,6.099327394209353
-210,-630,0,6.099327394209353
-190,-630,0,6.099327394209353
-170,-630,0,6.099327394209353
-150,-630,0,6.099327394209353
-130,-630,0,6.099327394209353
-110,-630,0,6.099327394209353
-90,-630,0,6.099327394209353
-70,-630,0,6.099327394209353
-50,-630,0,6.099327394209353
-30,-630,0,6.099327394209353
-10,-630,0,6.099327394209353
10,-630,0,6.099327394209353
30,-630,0,6.099327394209353
50,-630,0,6.099327394209353
70,-630,0,6.099327394209353
90,-630,0,6.099327394209353
110,-630,0,6.099327394209353
130,-630,0,6.099327394209353
150,-630,0,6.099327394209353
170,-630,0,6.099327394209353
190,-630,0,6.099327394209353
210,-630,0,6.099327394209353
230,-630,0,6.099327394209353
250,-630,0,6.099327394209353
270,-630,0,6.099327394209353
290,-630,0,6.099327394209353
310,-630,0,6.099327394209353
330,-630,0,6.099327394209353
350,-630,0,6.099327394209353
370,-630,0,6.099327394209353
390,-630,0,6.099327394209353
410,-630,0,6.099327394209353
430,-630,0,6.099327394209353
450,-630,0,6.099327394209353
470,-630,0,6.099327394209353
490,-630,0,6.099327394209353
510,-630,0,6.099327394209353
530,-630,0,6.099327394209353
550,-630,0,6.099327394209353
570,-630,0,6.099327394209353
590,-630,0,6.099327394209353
610,-630,0,6.099327394209353
630,-630,0,6.099327394209353
650,-630,0,6.099327394209353
670,-630,0,6.099327394209353
690,-630,0,6.099327394209353
710,-630,0,6.099327394209353
730,-630,0,6.099327394209353
750,-630,0,6.099327394209353
770,-630,0,6.099327394209353
790,-630,0,6.099327394209353
-790,-610,0,6.099327394209353
-770,-610,0,6.099327394209353
-750,-610,0,6.099327394209353
-730,-610,0,6.099327394209353
-710,-610,0,6.099327394209353
-690,-610,0,6.099327394209353
-670,-610,0,6.099327394209353
-650,-610,0,6.099327394209353
-630,-610,0,6.099327394209353
-610,-610,0,6.099327394209353
-590,-610,0,6.099327394209353
-570,-610,0,6.099327394209353
-550,-610,0,6.099327394209353
-530,-610,0,6.099327394209353
-510,-610,0,6.099327394209353
-490,-610,0,6.099327394209353
-470,-610,0,6.099327394209353
-450,-610,0,6.099327394209353
-430,-610,0,6.099327394209353
-410,-610,0,6.099327394209353
-390,-610,0,6.099327394209353
-370,-610,0,6.099327394209353
-350,-610,0,6.099327394209353
-330,-610,0,6.099327394209353
-310,-610,0,6.099327394209353
-290,-610,0,6.099327394209353
-270,-610,0,6.099327394209353
-250,-610,0,6.099327394209353
-230,-610,0,6.099327394209353
-210,-610,0,6.099327394209353
-190,-610,0,6.099327394209353
-170,-610,0,6.099327394209353
-150,-610,0,6.099327394209353
-130,-610,0,6.099327394209353
-110,-610,0,6.099327394209353
-90,-610,0,6.099327394209353
-70,-610,0,6.099327394209353
-50,-610,0,6.099327394209353
-30,-610,0,6.099327394209353
-10,-610,0,6.099327394209353
10,-610,0,6.099327394209353
30,-610,0,6.099327394209353
50,-610,0,6.099327394209353
70,-610,0,6.099327394209353
90,-610,0,6.099327394209353
110,-610,0,6.099327394209353
130,-610,0,6.099327394209353
150,-610,0,6.099327394209353
170,-610,0,6.099327394209353
190,-610,0,6.099327394209353
210,-610,0,6.099327394209353
230,-610,0,6.099327394209353
250,-610,0,6.099327394209353
270,-610,0,6.099327394209353
290,-610,0,6.099327394209353
310,-610,0,6.099327394209353
330,-610,0,6.099327394209353
350,-610,0,6.099327394209353
370,-610,0,6.099327394209353
390,-610,0,6.099327394209353
410,-610,0,6.099327394209353
430,-610,0,6.099327394209353
450,-610,0,6.099327394209353
470,-610,0,6.099327394209353
490,-610,0,6.099327394209353
510,-610,0,6.099327394209353
530,-610,0,6.099327394209353
550,-610,0,6.099327394209353
570,-610,0,6.099327394209353
590,-610,0,6.099327394209353
610,-610,0,6.099327394209353
630,-610,0,6.099327394209353
650,-610,0,6.099327394209353
670,-610,0,6.099327394209353
690,-610,0,6.099327394209353
710,-610,0,6.099327394209353
730,-610,0,6.099327394209353
750,-610,0,6.099327394209353
770,-610,0,6.099327394209353
790,-610,0,6.099327394209353
-790,-590,0,6.099327394209353
-770,-590,0,6.099327394209353
-750,-590,0,6.099327394209353
-730,-590,0,6.099327394209353
-710,-590,0,6.099327394209353
-690,-590,0,6.099327394209353
-670,-590,0,6.099327394209353
-650,-590,0,6.099327394209353
-630,-590,0,6.099327394209353
-610,-590,0,6.099327394209353
-590,-590,0,6.099327394209353
-570,-590,0,6.099327394209353
-550,-590,0,6.099327394209353
-530,-590,0,6.099327394209353
-510,-590,0,6.099327394209353
-490,-590,0,6.099327394209353
-470,-590,0,6.099327394209353
-450,-590,0,6.099327394209353
-430,-590,0,6.099327394209353
-410,-590,0,6.099327394209353
-390,-590,0,6.099327394209353
-370,-590,0,6.099327394209353
-350,-590,0,6.099327394209353
-330,-590,0,6.099327394209353
-310,-590,0,6.099327394209353
-290,-590,0,6.099327394209353
-270,-590,0,6.099327394209353
-250,-590,0,6.099327394209353
-230,-590,0,6.099327394209353
-210,-590,0,6.099327394209353
-190,-590,0,6.099327394209353
-170,-590,0,6.099327394209353
-150,-590,0,6.099327394209353
-130,-590,0,6.099327394209353
-110,-590,0,6.099327394209353
-90,-590,0,6.099327394209353
-70,-590,0,6.099327394209353
-50,-590,0,6.099327394209353
-30,-590,0,6.099327394209353
-10,-590,0,6.099327394209353
10,-590,0,6.099327394209353
30,-590,0,6.099327394209353
50,-590,0,6.099327394209353
70,-590,0,6.099327394209353
90,-590,0,6.099327394209353
110,-590,0,6.099327394209353
130,-590,0,6.099327394209353
150,-590,0,6.099327394209353
170,-590,0,6.099327394209353
190,-590,0,6.099327394209353
210,-590,0,6.099327394209353
230,-590,0,6.099327394209353
250,-590,0,6.099327394209353
270,-590,0,6.099327394209353
290,-590,0,6.099327394209353
310,-590,0,6.099327394209353
330,-590,0,6.099327394209353
350,-590,0,6.099327394209353
370,-590,0,6.099327394209353
390,-590,0,6.099327394209353
410,-590,0,6.099327394209353
430,-590,0,6.099327394209353
450,-590,0,6.099327394209353
470,-590,0,6.099327394209353
490,-590,0,6.099327394209353
510,-590,0,6.099327394209353
530,-590,0,6.099327394209353
550,-590,0,6.099327394209353
570,-590,0,6.099327394209353
590,-590,0,6.099327394209353
610,-590,0,6.099327394209353
630,-590,0,6.099327394209353
650,-590,0,6.099327394209353
670,-590,0,6.099327394209353
690,-590,0,6.099327394209353
710,-590,0,6.099327394209353
730,-590,0,6.099327394209353
750,-590,0,6.099327394209353
770,-590,0,6.099327394209353
790,-590,0,6.099327394209353
-790,-570,0,6.099327394209353
-770,-570,0,6.099327394209353
-750,-570,0,6.099327394209353
-730,-570,0,6.099327394209353
-710,-570,0,6.099327394209353
-690,-570,0,6.099327394209353
-670,-570,0,6.099327394209353
-650,-570,0,6.099327394209353
-630,-570,0,6.099327394209353
-610,-570,0,6.099327394209353
-590,-570,0,6.099327394209353
-570,-570,0,6.099327394209353
-550,-570,0,6.099327394209353
-530,-570,0,6.099327394209353
-510,-570,0,6.099327394209353
-490,-570,0,6.099327394209353
-470,-570,0,6.099327394209353
-450,-570,0,6.099327394209353
-430,-570,0,6.099327394209353
-410,-570,0,6.099327394209353
-390,-570,0,6.099327394209353
-370,-570,0,6.099327394209353
-350,-570,0,6.099327394209353
-330,-570,0,6.099327394209353
-310,-570,0,6.099327394209353
-290,-570,0,6.099327394209353
-270,-570,0,6.099327394209353
-250,-570,0,6.099327394209353
-230,-570,0,6.099327394209353
-210,-570,0,6.099327394209353
-190,-570,0,6.099327394209353
-170,-570,0,6.099327394209353
-150,-570,0,6.099327394209353
-130,-570,0,6.099327394209353
-110,-570,0,6.099327394209353
-90,-570,0,6.099327394209353
-70,-570,0,6.099327394209353
-50,-570,0,6.099327394209353
-30,-570,0,6.099327394209353
-10,-570,0,6.099327394209353
10,-570,0,6.099327394209353
30,-570,0,6.099327394209353
50,-570,0,6.099327394209353
70,-570,0,6.099327394209353
90,-570,0,6.099327394209353
110,-570,0,6.099327394209353
130,-570,0,6.099327394209353
150,-570,0,6.099327394209353
170,-570,0,6.099327394209353
190,-570,0,6.099327394209353
210,-570,0,6.099327394209353
230,-570,0,6.099327394209353
250,-570,0,6.099327394209353
270,-570,0,6.099327394209353
290,-570,0,6.099327394209353
310,-570,0,6.099327394209353
330,-570,0,6.099327394209353
350,-570,0,6.099327394209353
370,-570,0,6.099327394209353
390,-570,0,6.099327394209353
410,-570,0,6.099327394209353
430,-570,0,6.099327394209353
450,-570,0,6.099327394209353
470,-570,0,6.099327394209353
490,-570,0,6.099327394209353
510,-570,0,6.099327394209353
530,-570,0,6.099327394209353
550,-570,0,6.099327394209353
570,-570,0,6.099327394209353
590,-570,0,6.099327394209353
610,-570,0,6.099327394209353
630,-570,0,6.099327394209353
650,-570,0,6.099327394209353
670,-570,0,6.099327394209353
690,-570,0,6.099327394209353
710,-570,0,6.099327394209353
730,-570,0,6.099327394209353
750,-570,0,6.099327394209353
770,-570,0,6.099327394209353
790,-570,0,6.099327394209353
-790,-550,0,6.099327394209353
-770,-550,0,6.099327394209353
-750,-550,0,6.099327394209353
-730,-550,0,6.099327394209353
-710,-550,0,6.099327394209353
-690,-550,0,6.099327394209353
-670,-550,0,6.099327394209353
-650,-550,0,6.099327394209353
-630,-550,0,6.099327394209353
-610,-550,0,6.099327394209353
-590,-550,0,6.099327394209353
-570,-550,0,6.099327394209353
-550,-550,0,6.099327394209353
-530,-550,0,6.099327394209353
-510,-550,0,6.099327394209353
-490,-550,0,6.099327394209353
-470,-550,0,6.099327394209353
-450,-550,0,6.099327394209353
-430,-550,0,6.099327394209353
-410,-550,0,6.099327394209353
-390,-550,0,6.099327394209353
-370,-550,0,6.099327394209353
-350,-550,0,6.099327394209353
-330,-550,0,6.099327394209353
-310,-550,0,6.099327394209353
-290,-550,0,6.099327394209353
-270,-550,0,6.099327394209353
-250,-550,0,6.099327394209353
-230,-550,0,6.099327394209353
-210,-550,0,6.099327394209353
-190,-550,0,6.099327394209353
-170,-550,0,6.099327394209353
-150,-550,0,6.099327394209353
-130,-550,0,6.099327394209353
-110,-550,0,6.099327394209353
-90,-550,0,6.099327394209353
-70,-550,0,6.099327394209353
-50,-550,0,6.099327394209353
-30,-550,0,6.099327394209353
-10,-550,0,6.099327394209353
10,-550,0,6.099327394209353
30,-550,0,6.099327394209353
50,-550,0,6.099327394209353
70,-550,0,6.099327394209353
90,-550,0,6.099327394209353
110,-550,0,6.099327394209353
130,-550,0,6.099327394209353
150,-550,0,6.099327394209353
170,-550,0,6.099327394209353
190,-550,0,6.099327394209353
210,-550,0,6.099327394209353
230,-550,0,6.099327394209353
250,-550,0,6.099327394209353
270,-550,0,6.099327394209353
290,-550,0,6.099327394209353
310,-550,0,6.099327394209353
330,-550,0,6.099327394209353
350,-550,0,6.099327394209353
370,-550,0,6.099327394209353
390,-550,0,6.099327394209353
410,-550,0,6.099327394209353
430,-550,0,6.099327394209353
450,-550,0,6.099327394209353
470,-550,0,6.099327394209353
490,-550,0,6.099327394209353
510,-550,0,6.099327394209353
530,-550,0,6.099327394209353
550,-550,0,6.099327394209353
570,-550,0,6.099327394209353
590,-550,0,6.099327394209353
610,-550,0,6.099327394209353
630,-550,0,6.099327394209353
650,-550,0,6.099327394209353
670,-550,0,6.099327394209353
690,-550,0,6.099327394209353
710,-550,0,6.099327394209353
730,-550,0,6.099327394209353
750,-550,0,6.099327394209353
770,-550,0,6.099327394209353
790,-550,0,6.099327394209353
-790,-530,0,6.099327394209353
-770,-530,0,6.099327394209353
-750,-530,0,6.099327394209353
-730,-530,0,6.099327394209353
-710,-530,0,6.099327394209353
-690,-530,0,6.099327394209353
-670,-530,0,6.099327394209353
-650,-530,0,6.099327394209353
-630,-530,0,6.099327394209353
-610,-530,0,6.099327394209353
-590,-530,0,6.099327394209353
-570,-530,0,6.099327394209353
-550,-530,0,6.099327394209353
-530,-530,0,6.099327394209353
-510,-530,0,6.099327394209353
-490,-530,0,6.099327394209353
-470,-530,0,6.099327394209353
-450,-530,0,6.099327394209353
-430,-530,0,6.099327394209353
-410,-530,0,6.099327394209353
-390,-530,0,6.099327394209353
-370,-530,0,6.099327394209353
-350,-530,0,6.099327394209353
-330,-530,0,6.099327394209353
-310,-530,0,6.099327394209353
-290,-530,0,6.099327394209353
-270,-530,0,6.099327394209353
-250,-530,0,6.099327394209353
-230,-530,0,6.099327394209353
-210,-530,0,6.099327394209353
-190,-530,0,6.099327394209353
-170,-530,0,6.099327394209353
-150,-530,0,6.099327394209353
-130,-530,0,6.099327394209353
-110,-530,0,6.099327394209353
-90,-530,0,6.099327394209353
-70,-530,0,6.099327394209353
-50,-530,0,6.099327394209353
-30,-530,0,6.099327394209353
-10,-530,0,6.099327394209353
10,-530,0,6.099327394209353
30,-530,0,6.099327394209353
50,-530,0,6.099327394209353
70,-530,0,6.099327394209353
90,-530,0,6.099327394209353
110,-530,0,6.099327394209353
130,-530,0,6.099327394209353
150,-530,0,6.099327394209353
170,-530,0,6.099327394209353
190,-530,0,6.099327394209353
210,-530,0,6.099327394209353
230,-530,0,6.099327394209353
250,-530,0,6.099327394209353
270,-530,0,6.099327394209353
290,-530,0,6.099327394209353
310,-530,0,6.099327394209353
330,-530,0,6.099327394209353
350,-530,0,6.099327394209353
370,-530,0,6.099327394209353
390,-530,0,6.099327394209353
410,-530,0,6.099327394209353
430,-530,0,6.099327394209353
450,-530,0,6.099327394209353
470,-530,0,6.099327394209353
490,-530,0,6.099327394209353
510,-530,0,6.099327394209353
530,-530,0,6.099327394209353
550,-530,0,6.099327394209353
570,-530,0,6.099327394209353
590,-530,0,6.099327394209353
610,-530,0,6.099327394209353
630,-530,0,6.099327394209353
650,-530,0,6.099327394209353
670,-530,0,6.099327394209353
690,-530,0,6.099327394209353
710,-530,0,6.099327394209353
730,-530,0,6.099327394209353
750,-530,0,6.099327394209353
770,-530,0,6.099327394209353
790,-530,0,6.099327394209353
-790,-510,0,6.099327394209353
-770,-510,0,6.099327394209353
-750,-510,0,6.099327394209353
-730,-510,0,6.099327394209353
-710,-510,0,6.099327394209353
-690,-510,0,6.099327394209353
-670,-510,0,6.099327394209353
-650,-510,0,6.099327394209353
-630,-510,0,6.099327394209353
-610,-510,0,6.099327394209353
-590,-510,0,6.099327394209353
-570,-510,0,6.099327394209353
-550,-510,0,6.099327394209353
-530,-510,0,6.099327394209353
-510,-510,0,6.099327394209353
-490,-510,0,6.099327394209353
-470,-510,0,6.099327394209353
-450,-510,0,6.099327394209353
-430,-510,0,6.099327394209353
-410,-510,0,6.099327394209353
-390,-510,0,6.099327394209353
-370,-510,0,6.099327394209353
-350,-510,0,6.099327394209353
-330,-510,0,6.099327394209353
-310,-510,0,6.099327394209353
-290,-510,0,6.099327394209353
-270,-510,0,6.099327394209353
-250,-510,0,6.099327394209353
-230,-510,0,6.099327394209353
-210,-510,0,6.099327394209353
-190,-510,0,6.099327394209353
-170,-510,0,6.099327394209353
-150,-510,0,6.099327394209353
-130,-510,0,6.099327394209353
-110,-510,0,6.099327394209353
-90,-510,0,6.099327394209353
-70,-510,0,6.099327394209353
-50,-510,0,6.099327394209353
-30,-510,0,6.099327394209353
-10,-510,0,6.099327394209353
10,-510,0,6.099327394209353
30,-510,0,6.099327394209353
50,-510,0,6.099327394209353
70,-510,0,6.099327394209353
90,-510,0,6.099327394209353
110,-510,0,6.099327394209353
130,-510,0,6.099327394209353
150,-510,0,6.099327394209353
170,-510,0,6.099327394209353
190,-510,0,6.099327394209353
210,-510,0,6.099327394209353
230,-510,0,6.099327394209353
250,-510,0,6.099327394209353
270,-510,0,6.099327394209353
290,-510,0,6.099327394209353
310,-510,0,6.099327394209353
330,-510,0,6.099327394209353
350,-510,0,6.099327394209353
370,-510,0,6.099327394209353
390,-510,0,6.099327394209353
410,-510,0,6.099327394209353
430,-510,0,6.099327394209353
450,-510,0,6.099327394209353
470,-510,0,6.099327394209353
490,-510,0,6.099327394209353
510,-510,0,6.099327394209353
530,-510,0,6.099327394209353
550,-510,0,6.099327394209353
570,-510,0,6.099327394209353
590,-510,0,6.099327394209353
610,-510,0,6.099327394209353
630,-510,0,6.099327394209353
650,-510,0,6.099327394209353
670,-510,0,6.099327394209353
690,-510,0,6.099327394209353
710,-510,0,6.099327394209353
730,-510,0,6.099327394209353
750,-510,0,6.099327394209353
770,-510,0,6.099327394209353
790,-510,0,6.099327394209353
-790,-490,0,6.099327394209353
-770,-490,0,6.099327394209353
-750,-490,0,6.099327394209353
-730,-490,0,6.099327394209353
-710,-490,0,6.099327394209353
-690,-490,0,6.099327394209353
-670,-490,0,6.099327394209353
-650,-490,0,6.099327394209353
-630,-490,0,6.099327394209353
-610,-490,0,6.099327394209353
-590,-490,0,6.099327394209353
-570,-490,0,6.099327394209353
-550,-490,0,6.099327394209353
-530,-490,0,6.099327394209353
-510,-490,0,6.099327394209353
-490,-490,0,6.099327394209353
-470,-490,0,6.099327394209353
-450,-490,0,6.099327394209353
-430,-490,0,6.099327394209353
-410,-490,0,6.099327394209353
-390,-490,0,6.099327394209353
-370,-490,0,6.099327394209353
-350,-490,0,6.099327394209353
-330,-490,0,6.099327394209353
-310,-490,0,6.099327394209353
-290,-490,0,6.099327394209353
-270,-490,0,6.099327394209353
-250,-490,0,6.099327394209353
-230,-490,0,6.099327394209353
-210,-490,0,6.099327394209353
-190,-490,0,6.099327394209353
-170,-490,0,6.099327394209353
-150,-490,0,6.099327394209353
-130,-490,0,6.099327394209353
-110,-490,0,6.099327394209353
-90,-490,0,6.099327394209353
-70,-490,0,6.099327394209353
-50,-490,0,6.099327394209353
-30,-490,0,6.099327394209353
-10,-490,0,6.099327394209353
10,-490,0,6.099327394209353
30,-490,0,6.099327394209353
50,-490,0,6.099327394209353
70,-490,0,6.099327394209353
90,-490,0,6.099327394209353
110,-490,0,6.099327394209353
130,-490,0,6.099327394209353
150,-490,0,6.099327394209353
170,-490,0,6.099327394209353
190,-490,0,6.099327394209353
210,-490,0,6.099327394209353
230,-490,0,6.099327394209353
250,-490,0,6.099327394209353
270,-490,0,6.099327394209353
290,-490,0,6.099327394209353
310,-490,0,6.099327394209353
330,-490,0,6.099327394209353
350,-490,0,6.099327394209353
370,-490,0,6.099327394209353
390,-490,0,6.099327394209353
410,-490,0,6.099327394209353
430,-490,0,6.099327394209353
450,-490,0,6.099327394209353
470,-490,0,6.099327394209353
490,-490,0,6.099327394209353
510,-490,0,6.099327394209353
530,-490,0,6.099327394209353
550,-490,0,6.099327394209353
570,-490,0,6.099327394209353
590,-490,0,6.099327394209353
610,-490,0,6.099327394209353
630,-490,0,6.099327394209353
650,-490,0,6.099327394209353
670,-490,0,6.099327394209353
690,-490,0,6.099327394209353
710,-490,0,6.099327394209353
730,-490,0,6.099327394209353
750,-490,0,6.099327394209353
770,-490,0,6.099327394209353
790,-490,0,6.099327394209353
-790,-470,0,6.099327394209353
-770,-470,0,6.099327394209353
-750,-470,0,6.099327394209353
-730,-470,0,6.099327394209353
-710,-470,0,6.099327394209353
-690,-470,0,6.099327394209353
-670,-470,0,6.099327394209353
-650,-470,0,6.099327394209353
-630,-470,0,6.099327394209353
-610,-470,0,6.099327394209353
-590,-470,0,6.099327394209353
-570,-470,0,6.099327394209353
-550,-470,0,6.099327394209353
-530,-470,0,6.099327394209353
-510,-470,0,6.099327394209353
-490,-470,0,6.099327394209353
-470,-470,0,6.099327394209353
-450,-470,0,6.099327394209353
-430,-470,0,6.099327394209353
-410,-470,0,6.099327394209353
-390,-470,0,6.099327394209353
-370,-470,0,6.099327394209353
-350,-470,0,6.099327394209353
-330,-470,0,6.099327394209353
-310,-470,0,6.099327394209353
-290,-470,0,6.099327394209353
-270,-470,0,6.099327394209353
-250,-470,0,6.099327394209353
-230,-470,0,6.099327394209353
-210,-470,0,6.099327394209353
-190,-470,0,6.099327394209353
-170,-470,0,6.099327394209353
-150,-470,0,6.099327394209353
-130,-470,0,6.099327394209353
-110,-470,0,6.099327394209353
-90,-470,0,6.099327394209353
-70,-470,0,6.099327394209353
-50,-470,0,6.099327394209353
-30,-470,0,6.099327394209353
-10,-470,0,6.099327394209353
10,-470,0,6.099327394209353
30,-470,0,6.099327394209353
50,-470,0,6.099327394209353
70,-470,0,6.099327394209353
90,-470,0,6.099327394209353
110,-470,0,6.099327394209353
130,-470,0,6.099327394209353
150,-470,0,6.099327394209353
170,-470,0,6.099327394209353
190,-470,0,6.099327394209353
210,-470,0,6.099327394209353
230,-470,0,6.099327394209353
250,-470,0,6.099327394209353
270,-470,0,6.099327394209353
290,-470,0,6.099327394209353
310,-470,0,6.099327394209353
330,-470,0,6.099327394209353
350,-470,0,6.099327394209353
370,-470,0,6.099327394209353
390,-470,0,6.099327394209353
410,-470,0,6.099327394209353
430,-470,0,6.099327394209353
450,-470,0,6.099327394209353
470,-470,0,6.099327394209353
490,-470,0,6.099327394209353
510,-470,0,6.099327394209353
530,-470,0,6.099327394209353
550,-470,0,6.099327394209353
570,-470,0,6.099327394209353
590,-470,0,6.099327394209353
610,-470,0,6.099327394209353
630,-470,0,6.099327394209353
650,-470,0,6.099327394209353
670,-470,0,6.099327394209353
690,-470,0,6.099327394209353
710,-470,0,6.099327394209353
730,-470,0,6.099327394209353
750,-470,0,6.099327394209353
770,-470,0,6.099327394209353
790,-470,0,6.099327394209353
-790,-450,0,6.099327394209353
-770,-450,0,6.099327394209353
-750,-450,0,6.099327394209353
-730,-450,0,6.099327394209353
-710,-450,0,6.099327394209353
-690,-450,0,6.099327394209353
-670,-450,0,6.099327394209353
-650,-450,0,6.099327394209353
-630,-450,0,6.099327394209353
-610,-450,0,6.099327394209353
-590,-450,0,6.099327394209353
-570,-450,0,6.099327394209353
-550,-450,0,6.099327394209353
-530,-450,0,6.099327394209353
-510,-450,0,6.099327394209353
-490,-450,0,6.099327394209353
-470,-450,0,6.099327394209353
-450,-450,0,6.099327394209353
-430,-450,0,6.099327394209353
-410,-450,0,6.099327394209353
-390,-450,0,6.099327394209353
-370,-450,0,6.099327394209353
-350,-450,0,6.099327394209353
-330,-450,0,6.099327394209353
-310,-450,0,6.099327394209353
-290,-450,0,6.099327394209353
-270,-450,0,6.099327394209353
-250,-450,0,6.099327394209353
-230,-450,0,6.099327394209353
-210,-450,0,6.099327394209353
-190,-450,0,6.099327394209353
-170,-450,0,6.099327394209353
-150,-450,0,6.099327394209353
-130,-450,0,6.099327394209353
-110,-450,0,6.099327394209353
-90,-450,0,6.099327394209353
-70,-450,0,6.099327394209353
-50,-450,0,6.099327394209353
-30,-450,0,6.099327394209353
-10,-450,0,6.099327394209353
10,-450,0,6.099327394209353
30,-450,0,6.099327394209353
50,-450,0,6.099327394209353
70,-450,0,6.099327394209353
90,-450,0,6.099327394209353
110,-450,0,6.099327394209353
130,-450,0,6.099327394209353
150,-450,0,6.099327394209353
170,-450,0,6.099327394209353
190,-450,0,6.099327394209353
210,-450,0,6.099327394209353
230,-450,0,6.099327394209353
250,-450,0,6.099327394209353
270,-450,0,6.099327394209353
290,-450,0,6.099327394209353
310,-450,0,6.099327394209353
330,-450,0,6.099327394209353
350,-450,0,6.099327394209353
370,-450,0,6.099327394209353
390,-450,0,6.099327394209353
410,-450,0,6.099327394209353
430,-450,0,6.099327394209353
450,-450,0,6.099327394209353
470,-450,0,6.099327394209353
490,-450,0,6.099327394209353
510,-450,0,6.099327394209353
530,-450,0,6.099327394209353
550,-450,0,6.099327394209353
570,-450,0,6.099327394209353
590,-450,0,6.099327394209353
610,-450,0,6.099327394209353
630,-450,0,6.099327394209353
650,-450,0,6.099327394209353
670,-450,0,6.099327394209353
690,-450,0,6.099327394209353
710,-450,0,6.099327394209353
730,-450,0,6.099327394209353
750,-450,0,6.099327394209353
770,-450,0,6.099327394209353
790,-450,0,6.099327394209353
-790,-430,0,6.099327394209353
-770,-430,0,6.099327394209353
-750,-430,0,6.099327394209353
-730,-430,0,6.099327394209353
-710,-430,0,6.099327394209353
-690,-430,0,6.099327394209353
-670,-430,0,6.099327394209353
-650,-430,0,6.099327394209353
-630,-430,0,6.099327394209353
-610,-430,0,6.099327394209353
-590,-430,0,6.099327394209353
-570,-430,0,6.099327394209353
-550,-430,0,6.099327394209353
-530,-430,0,6.099327394209353
-510,-430,0,6.099327394209353
-490,-430,0,6.099327394209353
-470,-430,0,6.099327394209353
-450,-430,0,6.099327394209353
-430,-430,0,6.099327394209353
-410,-430,0,6.099327394209353
-390,-430,0,6.099327394209353
-370,-430,0,6.099327394209353
-350,-430,0,6.099327394209353
-330,-430,0,6.099327394209353
-310,-430,0,6.099327394209353
-290,-430,0,6.099327394209353
-270,-430,0,6.099327394209353
-250,-430,0,6.099327394209353
-230,-430,0,6.099327394209353
-210,-430,0,6.099327394209353
-190,-430,0,6.099327394209353
-170,-430,0,6.099327394209353
-150,-430,0,6.099327394209353
-130,-430,0,6.099327394209353
-110,-430,0,6.099327394209353
-90,-430,0,6.099327394209353
-70,-430,0,6.099327394209353
-50,-430,0,6.099327394209353
-30,-430,0,6.099327394209353
-10,-430,0,6.099327394209353
10,-430,0,6.099327394209353
30,-430,0,6.099327394209353
50,-430,0,6.099327394209353
70,-430,0,6.099327394209353
90,-430,0,6.099327394209353
110,-430,0,6.099327394209353
130,-430,0,6.099327394209353
150,-430,0,6.099327394209353
170,-430,0,6.099327394209353
190,-430,0,6.099327394209353
210,-430,0,6.099327394209353
230,-430,0,6.099327394209353
250,-430,0,6.099327394209353
270,-430,0,6.099327394209353
290,-430,0,6.099327394209353
310,-430,0,6.099327394209353
330,-430,0,6.099327394209353
350,-430,0,6.099327394209353
370,-430,0,6.099327394209353
390,-430,0,6.099327394209353
410,-430,0,6.099327394209353
430,-430,0,6.099327394209353
450,-430,0,6.099327394209353
470,-430,0,6.099327394209353
490,-430,0,6.099327394209353
510,-430,0,6.099327394209353
530,-430,0,6.099327394209353
550,-430,0,6.099327394209353
570,-430,0,6.099327394209353
590,-430,0,6.099327394209353
610,-430,0,6.099327394209353
630,-430,0,6.099327394209353
650,-430,0,6.099327394209353
670,-430,0,6.099327394209353
690,-430,0,6.099327394209353
710,-430,0,6.099327394209353
730,-430,0,6.099327394209353
750,-430,0,6.099327394209353
770,-430,0,6.099327394209353
790,-430,0,6.099327394209353
-790,-410,0,6.099327394209353
-770,-410,0,6.099327394209353
-750,-410,0,6.099327394209353
-730,-410,0,6.099327394209353
-710,-410,0,6.099327394209353
-690,-410,0,6.099327394209353
-670,-410,0,6.099327394209353
-650,-410,0,6.099327394209353
-630,-410,0,6.099327394209353
-610,-410,0,6.099327394209353
-590,-410,0,6.099327394209353
-570,-410,0,6.099327394209353
-550,-410,0,6.099327394209353
-530,-410,0,6.099327394209353
-510,-410,0,6.099327394209353
-490,-410,0,6.099327394209353
-470,-410,0,6.099327394209353
-450,-410,0,6.099327394209353
-430,-410,0,6.099327394209353
-410,-410,0,6.099327394209353
-390,-410,0,6.099327394209353
-370,-410,0,6.099327394209353
-350,-410,0,6.099327394209353
-330,-410,0,6.099327394209353
-310,-410,0,6.099327394209353
-290,-410,0,6.099327394209353
-270,-410,0,6.099327394209353
-250,-410,0,6.099327394209353
-230,-410,0,6.099327394209353
-210,-410,0,6.099327394209353
-190,-410,0,6.099327394209353
-170,-410,0,6.099327394209353
-150,-410,0,6.099327394209353
-130,-410,0,6.099327394209353
-110,-410,0,6.099327394209353
-90,-410,0,6.099327394209353
-70,-410,0,6.099327394209353
-50,-410,0,6.099327394209353
-30,-410,0,6.099327394209353
-10,-410,0,6.099327394209353
10,-410,0,6.099327394209353
30,-410,0,6.099327394209353
50,-410,0,6.099327394209353
70,-410,0,6.099327394209353
90,-410,0,6.099327394209353
110,-410,0,6.099327394209353
130,-410,0,6.099327394209353
150,-410,0,6.099327394209353
170,-410,0,6.099327394209353
190,-410,0,6.099327394209353
210,-410,0,6.099327394209353
230,-410,0,6.099327394209353
250,-410,0,6.099327394209353
270,-410,0,6.099327394209353
290,-410,0,6.099327394209353
310,-410,0,6.099327394209353
330,-410,0,6.099327394209353
350,-410,0,6.099327394209353
370,-410,0,6.099327394209353
390,-410,0,6.099327394209353
410,-410,0,6.099327394209353
430,-410,0,6.099327394209353
450,-410,0,6.099327394209353
470,-410,0,6.099327394209353
490,-410,0,6.099327394209353
510,-410,0,6.099327394209353
530,-410,0,6.099327394209353
550,-410,0,6.099327394209353
570,-410,0,6.099327394209353
590,-410,0,6.099327394209353
610,-410,0,6.099327394209353
630,-410,0,6.099327394209353
650,-410,0,6.099327394209353
670,-410,0,6.099327394209353
690,-410,0,6.099327394209353
710,-410,0,6.099327394209353
730,-410,0,6.099327394209353
750,-410,0,6.099327394209353
770,-410,0,6.099327394209353
790,-410,0,6.099327394209353
-790,-390,0,6.099327394209353
-770,-390,0,6.099327394209353
-750,-390,0,6.099327394209353
-730,-390,0,6.099327394209353
-710,-390,0,6.099327394209353
-690,-390,0,6.099327394209353
-670,-390,0,6.099327394209353
-650,-390,0,6.099327394209353
-630,-390,0,6.099327394209353
-610,-390,0,6.099327394209353
-590,-390,0,6.099327394209353
-570,-390,0,6.099327394209353
-550,-390,0,6.099327394209353
-530,-390,0,6.099327394209353
-510,-390,0,6.099327394209353
-490,-390,0,6.099327394209353
-470,-390,0,6.099327394209353
-450,-390,0,6.099327394209353
-430,-390,0,6.099327394209353
-410,-390,0,6.099327394209353
-390,-390,0,6.099327394209353
-370,-390,0,6.099327394209353
-350,-390,0,6.099327394209353
-330,-390,0,6.099327394209353
-310,-390,0,6.099327394209353
-290,-390,0,6.099327394209353
-270,-390,0,6.099327394209353
-250,-390,0,6.099327394209353
-230,-390,0,6.099327394209353
-210,-390,0,6.099327394209353
-190,-390,0,6.099327394209353
-170,-390,0,6.099327394209353
-150,-390,0,6.099327394209353
-130,-390,0,6.099327394209353
-110,-390,0,6.099327394209353
-90,-390,0,6.099327394209353
-70,-390,0,6.099327394209353
-50,-390,0,6.099327394209353
-30,-390,0,6.099327394209353
-10,-390,0,6.099327394209353
10,-390,0,6.099327394209353
30,-390,0,6.099327394209353
50,-390,0,6.099327394209353
70,-390,0,6.099327394209353
90,-390,0,6.099327394209353
110,-390,0,6.099327394209353
130,-390,0,6.099327394209353
150,-390,0,6.099327394209353
170,-390,0,6.099327394209353
190,-390,0,6.099327394209353
210,-390,0,6.099327394209353
230,-390,0,6.099327394209353
250,-390,0,6.099327394209353
270,-390,0,6.099327394209353
290,-390,0,6.099327394209353
310,-390,0,6.099327394209353
330,-390,0,6.099327394209353
350,-390,0,6.099327394209353
370,-390,0,6.099327394209353
390,-390,0,6.099327394209353
410,-390,0,6.099327394209353
430,-390,0,6.099327394209353
450,-390,0,6.099327394209353
470,-390,0,6.099327394209353
490,-390,0,6.099327394209353
510,-390,0,6.099327394209353
530,-390,0,6.099327394209353
550,-390,0,6.099327394209353
570,-390,0,6.099327394209353
590,-390,0,6.099327394209353
610,-390,0,6.099327394209353
630,-390,0,6.099327394209353
650,-390,0,6.099327394209353
670,-390,0,6.099327394209353
690,-390,0,6.099327394209353
710,-390,0,6.099327394209353
730,-390,0,6.099327394209353
750,-390,0,6.099327394209353
770,-390,0,6.099327394209353
790,-390,0,6.099327394209353
-790,-370,0,6.099327394209353
-770,-370,0,6.099327394209353
-750,-370,0,6.099327394209353
-730,-370,0,6.099327394209353
-710,-370,0,6.099327394209353
-690,-370,0,6.099327394209353
-670,-370,0,6.099327394209353
-650,-370,0,6.099327394209353
-630,-370,0,6.099327394209353
-610,-370,0,6.099327394209353
-590,-370,0,6.099327394209353
-570,-370,0,6.099327394209353
-550,-370,0,6.099327394209353
-530,-370,0,6.099327394209353
-510,-370,0,6.099327394209353
-490,-370,0,6.099327394209353
-470,-370,0,6.099327394209353
-450,-370,0,6.099327394209353
-430,-370,0,6.099327394209353
-410,-370,0,6.099327394209353
-390,-370,0,6.099327394209353
-370,-370,0,6.099327394209353
-350,-370,0,6.099327394209353
-330,-370,0,6.099327394209353
-310,-370,0,6.099327394209353
-290,-370,0,6.099327394209353
-270,-370,0,6.099327394209353
-250,-370,0,6.099327394209353
-230,-370,0,6.099327394209353
-210,-370,0,6.099327394209353
-190,-370,0,6.099327394209353
-170,-370,0,6.099327394209353
-150,-370,0,6.099327394209353
-130,-370,0,6.099327394209353
-110,-370,0,6.099327394209353
-90,-370,0,6.099327394209353
-70,-370,0,6.099327394209353
-50,-370,0,6.099327394209353
-30,-370,0,6.099327394209353
-10,-370,0,6.099327394209353
10,-370,0,6.099327394209353
30,-370,0,6.099327394209353
50,-370,0,6.099327394209353
70,-370,0,6.099327394209353
90,-370,0,6.099327394209353
110,-370,0,6.099327394209353
130,-370,0,6.099327394209353
150,-370,0,6.099327394209353
170,-370,0,6.099327394209353
190,-370,0,6.099327394209353
210,-370,0,6.099327394209353
230,-370,0,6.099327394209353
250,-370,0,6.099327394209353
270,-370,0,6.099327394209353
290,-370,0,6.099327394209353
310,-370,0,6.099327394209353
330,-370,0,6.099327394209353
350,-370,0,6.099327394209353
370,-370,0,6.099327394209353
390,-370,0,6.099327394209353
410,-370,0,6.099327394209353
430,-370,0,6.099327394209353
450,-370,0,6.099327394209353
470,-370,0,6.099327394209353
490,-370,0,6.099327394209353
510,-370,0,6.099327394209353
530,-370,0,6.099327394209353
550,-370,0,6.099327394209353
570,-370,0,6.099327394209353
590,-370,0,6.099327394209353
610,-370,0,6.099327394209353
630,-370,0,6.099327394209353
650,-370,0,6.099327394209353
670,-370,0,6.099327394209353
690,-370,0,6.099327394209353
710,-370,0,6.099327394209353
730,-370,0,6.099327394209353
750,-370,0,6.099327394209353
770,-370,0,6.099327394209353
790,-370,0,6.099327394209353
-790,-350,0,6.099327394209353
-770,-350,0,6.099327394209353
-750,-350,0,6.099327394209353
-730,-350,0,6.099327394209353
-710,-350,0,6.099327394209353
-690,-350,0,6.099327394209353
-670,-350,0,6.099327394209353
-650,-350,0,6.099327394209353
-630,-350,0,6.099327394209353
-610,-350,0,6.099327394209353
-590,-350,0,6.099327394209353
-570,-350,0,6.099327394209353
-550,-350,0,6.099327394209353
-530,-350,0,6.099327394209353
-510,-350,0,6.099327394209353
-490,-350,0,6.099327394209353
-470,-350,0,6.099327394209353
-450,-350,0,6.099327394209353
-430,-350,0,6.099327394209353
-410,-350,0,6.099327394209353
-390,-350,0,6.099327394209353
-370,-350,0,6.099327394209353
-350,-350,0,6.099327394209353
-330,-350,0,6.099327394209353
-310,-350,0,6.099327394209353
-290,-350,0,6.099327394209353
-270,-350,0,6.099327394209353
-250,-350,0,6.099327394209353
-230,-350,0,6.099327394209353
-210,-350,0,6.099327394209353
-190,-350,0,6.099327394209353
-170,-350,0,6.099327394209353
-150,-350,0,6.099327394209353
-130,-350,0,6.099327394209353
-110,-350,0,6.099327394209353
-90,-350,0,6.099327394209353
-70,-350,0,6.099327394209353
-50,-350,0,6.099327394209353
-30,-350,0,6.099327394209353
-10,-350,0,6.099327394209353
10,-350,0,6.099327394209353
30,-350,0,6.099327394209353
50,-350,0,6.099327394209353
70,-350,0,6.099327394209353
90,-350,0,6.099327394209353
110,-350,0,6.099327394209353
130,-350,0,6.099327394209353
150,-350,0,6.099327394209353
170,-350,0,6.099327394209353
190,-350,0,6.099327394209353
210,-350,0,6.099327394209353
230,-350,0,6.099327394209353
250,-350,0,6.099327394209353
270,-350,0,6.099327394209353
290,-350,0,6.099327394209353
310,-350,0,6.099327394209353
330,-350,0,6.099327394209353
350,-350,0,6.099327394209353
370,-350,0,6.099327394209353
390,-350,0,6.099327394209353
410,-350,0,6.099327394209353
430,-350,0,6.099327394209353
450,-350,0,6.099327394209353
470,-350,0,6.099327394209353
490,-350,0,6.099327394209353
510,-350,0,6.099327394209353
530,-350,0,6.099327394209353
550,-350,0,6.099327394209353
570,-350,0,6.099327394209353
590,-350,0,6.099327394209353
610,-350,0,6.099327394209353
630,-350,0,6.099327394209353
650,-350,0,6.099327394209353
670,-350,0,6.099327394209353
690,-350,0,6.099327394209353
710,-350,0,6.099327394209353
730,-350,0,6.099327394209353
750,-350,0,6.099327394209353
770,-350,0,6.099327394209353
790,-350,0,6.099327394209353
-790,-330,0,6.099327394209353
-770,-330,0,6.099327394209353
-750,-330,0,6.099327394209353
-730,-330,0,6.099327394209353
-710,-330,0,6.099327394209353
-690,-330,0,6.099327394209353
-670,-330,0,6.099327394209353
-650,-330,0,6.099327394209353
-630,-330,0,6.099327394209353
-610,-330,0,6.099327394209353
-590,-330,0,6.099327394209353
-570,-330,0,6.099327394209353
-550,-330,0,6.099327394209353
-530,-330,0,6.099327394209353
-510,-330,0,6.099327394209353
-490,-330,0,6.099327394209353
-470,-330,0,6.099327394209353
-450,-330,0,6.099327394209353
-430,-330,0,6.099327394209353
-410,-330,0,6.099327394209353
-390,-330,0,6.099327394209353
-370,-330,0,6.099327394209353
-350,-330,0,6.099327394209353
-330,-330,0,6.099327394209353
-310,-330,0,6.099327394209353
-290,-330,0,6.099327394209353
-270,-330,0,6.099327394209353
-250,-330,0,6.099327394209353
-230,-330,0,6.099327394209353
-210,-330,0,6.099327394209353
-190,-330,0,6.099327394209353
-170,-330,0,6.099327394209353
-150,-330,0,6.099327394209353
-130,-330,0,6.099327394209353
-110,-330,0,6.099327394209353
-90,-330,0,6.099327394209353
-70,-330,0,6.099327394209353
-50,-330,0,6.099327394209353
-30,-330,0,6.099327394209353
-10,-330,0,6.099327394209353
10,-330,0,6.099327394209353
30,-330,0,6.099327394209353
50,-330,0,6.099327394209353
70,-330,0,6.099327394209353
90,-330,0,6.099327394209353
110,-330,0,6.099327394209353
130,-330,0,6.099327394209353
150,-330,0,6.099327394209353
170,-330,0,6.099327394209353
190,-330,0,6.099327394209353
210,-330,0,6.099327394209353
230,-330,0,6.099327394209353
250,-330,0,6.099327394209353
270,-330,0,6.099327394209353
290,-330,0,6.099327394209353
310,-330,0,6.099327394209353
330,-330,0,6.099327394209353
350,-330,0,6.099327394209353
370,-330,0,6.099327394209353
390,-330,0,6.099327394209353
410,-330,0,6.099327394209353
430,-330,0,6.099327394209353
450,-330,0,6.099327394209353
470,-330,0,6.099327394209353
490,-330,0,6.099327394209353
510,-330,0,6.099327394209353
530,-330,0,6.099327394209353
550,-330,0,6.099327394209353
570,-330,0,6.099327394209353
590,-330,0,6.099327394209353
610,-330,0,6.099327394209353
630,-330,0,6.099327394209353
650,-330,0,6.099327394209353
670,-330,0,6.099327394209353
690,-330,0,6.099327394209353
710,-330,0,6.099327394209353
730,-330,0,6.099327394209353
750,-330,0,6.099327394209353
770,-330,0,6.099327394209353
790,-330,0,6.099327394209353
-790,-310,0,6.099327394209353
-770,-310,0,6.099327394209353
-750,-310,0,6.099327394209353
-730,-310,0,6.099327394209353
-710,-310,0,6.099327394209353
-690,-310,0,6.099327394209353
-670,-310,0,6.099327394209353
-650,-310,0,6.099327394209353
-630,-310,0,6.099327394209353
-610,-310,0,6.099327394209353
-590,-310,0,6.099327394209353
-570,-310,0,6.099327394209353
-550,-310,0,6.099327394209353
-530,-310,0,6.099327394209353
-510,-310,0,6.099327394209353
-490,-310,0,6.099327394209353
-470,-310,0,6.099327394209353
-450,-310,0,6.099327394209353
-430,-310,0,6.099327394209353
-410,-310,0,6.099327394209353
-390,-310,0,6.099327394209353
-370,-310,0,6.099327394209353
-350,-310,0,6.099327394209353
-330,-310,0,6.099327394209353
-310,-310,0,6.099327394209353
-290,-310,0,6.099327394209353
-270,-310,0,6.099327394209353
-250,-310,0,6.099327394209353
-230,-310,0,6.099327394209353
-210,-310,0,6.099327394209353
-190,-310,0,6.099327394209353
-170,-310,0,6.099327394209353
-150,-310,0,6.099327394209353
-130,-310,0,6.099327394209353
-110,-310,0,6.099327394209353
-90,-310,0,6.099327394209353
-70,-310,0,6.099327394209353
-50,-310,0,6.099327394209353
-30,-310,0,6.099327394209353
-10,-310,0,6.099327394209353
10,-310,0,6.099327394209353
30,-310,0,6.099327394209353
50,-310,0,6.099327394209353
70,-310,0,6.099327394209353
90,-310,0,6.099327394209353
110,-310,0,6.099327394209353
130,-310,0,6.099327394209353
150,-310,0,6.099327394209353
170,-310,0,6.099327394209353
190,-310,0,6.099327394209353
210,-310,0,6.099327394209353
230,-310,0,6.099327394209353
250,-310,0,6.099327394209353
270,-310,0,6.099327394209353
290,-310,0,6.099327394209353
310,-310,0,6.099327394209353
330,-310,0,6.099327394209353
350,-310,0,6.099327394209353
370,-310,0,6.099327394209353
390,-310,0,6.099327394209353
410,-310,0,6.099327394209353
430,-310,0,6.099327394209353
450,-310,0,6.099327394209353
470,-310,0,6.099327394209353
490,-310,0,6.099327394209353
510,-310,0,6.099327394209353
530,-310,0,6.099327394209353
550,-310,0,6.099327394209353
570,-310,0,6.099327394209353
590,-310,0,6.099327394209353
610,-310,0,6.099327394209353
630,-310,0,6.099327394209353
650,-310,0,6.099327394209353
670,-310,0,6.099327394209353
690,-310,0,6.099327394209353
710,-310,0,6.099327394209353
730,-310,0,6.099327394209353
750,-310,0,6.099327394209353
770,-310,0,6.099327394209353
790,-310,0,6.099327394209353
-790,-290,0,6.099327394209353
-770,-290,0,6.099327394209353
-750,-290,0,6.099327394209353
-730,-290,0,6.099327394209353
-710,-290,0,6.099327394209353
-690,-290,0,6.099327394209353
-670,-290,0,6.099327394209353
-650,-290,0,6.099327394209353
-630,-290,0,6.099327394209353
-610,-290,0,6.099327394209353
-590,-290,0,6.099327394209353
-570,-290,0,6.099327394209353
-550,-290,0,6.099327394209353
-530,-290,0,6.099327394209353
-510,-290,0,6.099327394209353
-490,-290,0,6.099327394209353
-470,-290,0,6.099327394209353
-450,-290,0,6.099327394209353
-430,-290,0,6.099327394209353
-410,-290,0,6.099327394209353
-390,-290,0,6.099327394209353
-370,-290,0,6.099327394209353
-350,-290,0,6.099327394209353
-330,-290,0,6.099327394209353
-310,-290,0,6.099327394209353
-290,-290,0,6.099327394209353
-270,-290,0,6.099327394209353
-250,-290,0,6.099327394209353
-230,-290,0,6.099327394209353
-210,-290,0,6.099327394209353
-190,-290,0,6.099327394209353
-170,-290,0,6.099327394209353
-150,-290,0,6.099327394209353
-130,-290,0,6.099327394209353
-110,-290,0,6.099327394209353
-90,-290,0,6.099327394209353
-70,-290,0,6.099327394209353
-50,-290,0,6.099327394209353
-30,-290,0,6.099327394209353
-10,-290,0,6.099327394209353
10,-290,0,6.099327394209353
30,-290,0,6.099327394209353
50,-290,0,6.099327394209353
70,-290,0,6.099327394209353
90,-290,0,6.099327394209353
110,-290,0,6.099327394209353
130,-290,0,6.099327394209353
150,-290,0,6.099327394209353
170,-290,0,6.099327394209353
190,-290,0,6.099327394209353
210,-290,0,6.099327394209353
230,-290,0,6.099327394209353
250,-290,0,6.099327394209353
270,-290,0,6.099327394209353
290,-290,0,6.099327394209353
310,-290,0,6.099327394209353
330,-290,0,6.099327394209353
350,-290,0,6.099327394209353
370,-290,0,6.099327394209353
390,-290,0,6.099327394209353
410,-290,0,6.099327394209353
430,-290,0,6.099327394209353
450,-290,0,6.099327394209353
470,-290,0,6.099327394209353
490,-290,0,6.099327394209353
510,-290,0,6.099327394209353
530,-290,0,6.099327394209353
550,-290,0,6.099327394209353
570,-290,0,6.099327394209353
590,-290,0,6.099327394209353
610,-290,0,6.099327394209353
630,-290,0,6.099327394209353
650,-290,0,6.099327394209353
670,-290,0,6.099327394209353
690,-290,0,6.099327394209353
710,-290,0,6.099327394209353
730,-290,0,6.099327394209353
750,-290,0,6.099327394209353
770,-290,0,6.099327394209353
790,-290,0,6.099327394209353
-790,-270,0,6.099327394209353
-770,-270,0,6.099327394209353
-750,-270,0,6.099327394209353
-730,-270,0,6.099327394209353
-710,-270,0,6.099327394209353
-690,-270,0,6.099327394209353
-670,-270,0,6.099327394209353
-650,-270,0,6.099327394209353
-630,-270,0,6.099327394209353
-610,-270,0,6.099327394209353
-590,-270,0,6.099327394209353
-570,-270,0,6.099327394209353
-550,-270,0,6.099327394209353
-530,-270,0,6.099327394209353
-510,-270,0,6.099327394209353
-490,-270,0,6.099327394209353
-470,-270,0,6.099327394209353
-450,-270,0,6.099327394209353
-430,-270,0,6.099327394209353
-410,-270,0,6.099327394209353
-390,-270,0,6.099327394209353
-370,-270,0,6.099327394209353
-350,-270,0,6.099327394209353
-330,-270,0,6.099327394209353
-310,-270,0,6.099327394209353
-290,-270,0,6.099327394209353
-270,-270,0,6.099327394209353
-250,-270,0,6.099327394209353
-230,-270,0,6.099327394209353
-210,-270,0,6.099327394209353
-190,-270,0,6.099327394209353
-170,-270,0,6.099327394209353
-150,-270,0,6.099327394209353
-130,-270,0,6.099327394209353
-110,-270,0,6.099327394209353
-90,-270,0,6.099327394209353
-70,-270,0,6.099327394209353
-50,-270,0,6.099327394209353
-30,-270,0,6.099327394209353
-10,-270,0,6.099327394209353
10,-270,0,6.099327394209353
30,-270,0,6.099327394209353
50,-270,0,6.099327394209353
70,-270,0,6.099327394209353
90,-270,0,6.099327394209353
110,-270,0,6.099327394209353
130,-270,0,6.099327394209353
150,-270,0,6.099327394209353
170,-270,0,6.099327394209353
190,-270,0,6.099327394209353
210,-270,0,6.099327394209353
230,-270,0,6.099327394209353
250,-270,0,6.099327394209353
270,-270,0,6.099327394209353
290,-270,0,6.099327394209353
310,-270,0,6.099327394209353
330,-270,0,6.099327394209353
350,-270,0,6.099327394209353
370,-270,0,6.099327394209353
390,-270,0,6.099327394209353
410,-270,0,6.099327394209353
430,-270,0,6.099327394209353
450,-270,0,6.099327394209353
470,-270,0,6.099327394209353
490,-270,0,6.099327394209353
510,-270,0,6.099327394209353
530,-270,0,6.099327394209353
550,-270,0,6.099327394209353
570,-270,0,6.099327394209353
590,-270,0,6.099327394209353
610,-270,0,6.099327394209353
630,-270,0,6.099327394209353
650,-270,0,6.099327394209353
670,-270,0,6.099327394209353
690,-270,0,6.099327394209353
710,-270,0,6.099327394209353
730,-270,0,6.099327394209353
750,-270,0,6.099327394209353
770,-270,0,6.099327394209353
790,-270,0,6.099327394209353
-790,-250,0,6.099327394209353
-770,-250,0,6.099327394209353
-750,-250,0,6.099327394209353
-730,-250,0,6.099327394209353
-710,-250,0,6.099327394209353
-690,-250,0,6.099327394209353
-670,-250,0,6.099327394209353
-650,-250,0,6.099327394209353
-630,-250,0,6.099327394209353
-610,-250,0,6.099327394209353
-590,-250,0,6.099327394209353
-570,-250,0,6.099327394209353
-550,-250,0,6.099327394209353
-530,-250,0,6.099327394209353
-510,-250,0,6.099327394209353
-490,-250,0,6.099327394209353
-470,-250,0,6.099327394209353
-450,-250,0,6.099327394209353
-430,-250,0,6.099327394209353
-410,-250,0,6.099327394209353
-390,-250,0,6.099327394209353
-370,-250,0,6.099327394209353
-350,-250,0,6.099327394209353
-330,-250,0,6.099327394209353
-310,-250,0,6.099327394209353
-290,-250,0,6.099327394209353
-270,-250,0,6.099327394209353
-250,-250,0,6.099327394209353
-230,-250,0,6.099327394209353
-210,-250,0,6.099327394209353
-190,-250,0,6.099327394209353
-170,-250,0,6.099327394209353
-150,-250,0,6.099327394209353
-130,-250,0,6.099327394209353
-110,-250,0,6.099327394209353
-90,-250,0,6.099327394209353
-70,-250,0,6.099327394209353
-50,-250,0,6.099327394209353
-30,-250,0,6.099327394209353
-10,-250,0,6.099327394209353
10,-250,0,6.099327394209353
30,-250,0,6.099327394209353
50,-250,0,6.099327394209353
70,-250,0,6.099327394209353
90,-250,0,6.099327394209353
110,-250,0,6.099327394209353
130,-250,0,6.099327394209353
150,-250,0,6.099327394209353
170,-250,0,6.099327394209353
190,-250,0,6.099327394209353
210,-250,0,6.099327394209353
230,-250,0,6.099327394209353
250,-250,0,6.099327394209353
270,-250,0,6.099327394209353
290,-250,0,6.099327394209353
310,-250,0,6.099327394209353
330,-250,0,6.099327394209353
350,-250,0,6.099327394209353
370,-250,0,6.099327394209353
390,-250,0,6.099327394209353
410,-250,0,6.099327394209353
430,-250,0,6.099327394209353
450,-250,0,6.099327394209353
470,-250,0,6.099327394209353
490,-250,0,6.099327394209353
510,-250,0,6.099327394209353
530,-250,0,6.099327394209353
550,-250,0,6.099327394209353
570,-250,0,6.099327394209353
590,-250,0,6.099327394209353
610,-250,0,6.099327394209353
630,-250,0,6.099327394209353
650,-250,0,6.099327394209353
670,-250,0,6.099327394209353
690,-250,0,6.099327394209353
710,-250,0,6.099327394209353
730,-250,0,6.099327394209353
750,-250,0,6.099327394209353
770,-250,0,6.099327394209353
790,-250,0,6.099327394209353
-790,-230,0,6.099327394209353
-770,-230,0,6.099327394209353
-750,-230,0,6.099327394209353
-730,-230,0,6.099327394209353
-710,-230,0,6.099327394209353
-690,-230,0,6.099327394209353
-670,-230,0,6.099327394209353
-650,-230,0,6.099327394209353
-630,-230,0,6.099327394209353
-610,-230,0,6.099327394209353
-590,-230,0,6.099327394209353
-570,-230,0,6.099327394209353
-550,-230,0,6.099327394209353
-530,-230,0,6.099327394209353
-510,-230,0,6.099327394209353
-490,-230,0,6.099327394209353
-470,-230,0,6.099327394209353
-450,-230,0,6.099327394209353
-430,-230,0,6.099327394209353
-410,-230,0,6.099327394209353
-390,-230,0,6.099327394209353
-370,-230,0,6.099327394209353
-350,-230,0,6.099327394209353
-330,-230,0,6.099327394209353
-310,-230,0,6.099327394209353
-290,-230,0,6.099327394209353
-270,-230,0,6.099327394209353
-250,-230,0,6.099327394209353
-230,-230,0,6.099327394209353
-210,-230,0,6.099327394209353
-190,-230,0,6.099327394209353
-170,-230,0,6.099327394209353
-150,-230,0,6.099327394209353
-130,-230,0,6.099327394209353
-110,-230,0,6.099327394209353
-90,-230,0,6.099327394209353
-70,-230,0,6.099327394209353
-50,-230,0,6.099327394209353
-30,-230,0,6.099327394209353
-10,-230,0,6.099327394209353
10,-230,0,6.099327394209353
30,-230,0,6.099327394209353
50,-230,0,6.099327394209353
70,-230,0,6.099327394209353
90,-230,0,6.099327394209353
110,-230,0,6.099327394209353
130,-230,0,6.099327394209353
150,-230,0,6.099327394209353
170,-230,0,6.099327394209353
190,-230,0,6.099327394209353
210,-230,0,6.099327394209353
230,-230,0,6.099327394209353
250,-230,0,6.099327394209353
270,-230,0,6.099327394209353
290,-230,0,6.099327394209353
310,-230,0,6.099327394209353
330,-230,0,6.099327394209353
350,-230,0,6.099327394209353
370,-230,0,6.099327394209353
390,-230,0,6.099327394209353
410,-230,0,6.099327394209353
430,-230,0,6.099327394209353
450,-230,0,6.099327394209353
470,-230,0,6.099327394209353
490,-230,0,6.099327394209353
510,-230,0,6.099327394209353
530,-230,0,6.099327394209353
550,-230,0,6.099327394209353
570,-230,0,6.099327394209353
590,-230,0,6.099327394209353
610,-230,0,6.099327394209353
630,-230,0,6.099327394209353
650,-230,0,6.099327394209353
670,-230,0,6.099327394209353
690,-230,0,6.099327394209353
710,-230,0,6.099327394209353
730,-230,0,6.099327394209353
750,-230,0,6.099327394209353
770,-230,0,6.099327394209353
790,-230,0,6.099327394209353
-790,-210,0,6.099327394209353
-770,-210,0,6.099327394209353
-750,-210,0,6.099327394209353
-730,-210,0,6.099327394209353
-710,-210,0,6.099327394209353
-690,-210,0,6.099327394209353
-670,-210,0,6.099327394209353
-650,-210,0,6.099327394209353
-630,-210,0,6.099327394209353
-610,-210,0,6.099327394209353
-590,-210,0,6.099327394209353
-570,-210,0,6.099327394209353
-550,-210,0,6.099327394209353
-530,-210,0,6.099327394209353
-510,-210,0,6.099327394209353
-490,-210,0,6.099327394209353
-470,-210,0,6.099327394209353
-450,-210,0,6.099327394209353
-430,-210,0,6.099327394209353
-410,-210,0,6.099327394209353
-390,-210,0,6.099327394209353
-370,-210,0,6.099327394209353
-350,-210,0,6.099327394209353
-330,-210,0,6.099327394209353
-310,-210,0,6.099327394209353
-290,-210,0,6.099327394209353
-270,-210,0,6.099327394209353
-250,-210,0,6.099327394209353
-230,-210,0,6.099327394209353
-210,-210,0,6.099327394209353
-190,-210,0,6.099327394209353
-170,-210,0,6.099327394209353
-150,-210,0,6.099327394209353
-130,-210,0,6.099327394209353
-110,-210,0,6.099327394209353
-90,-210,0,6.099327394209353
-70,-210,0,6.099327394209353
-50,-210,0,6.099327394209353
-30,-210,0,6.099327394209353
-10,-210,0,6.099327394209353
10,-210,0,6.099327394209353
30,-210,0,6.099327394209353
50,-210,0,6.099327394209353
70,-210,0,6.099327394209353
90,-210,0,6.099327394209353
110,-210,0,6.099327394209353
130,-210,0,6.099327394209353
150,-210,0,6.099327394209353
170,-210,0,6.099327394209353
190,-210,0,6.099327394209353
210,-210,0,6.099327394209353
230,-210,0,6.099327394209353
250,-210,0,6.099327394209353
270,-210,0,6.099327394209353
290,-210,0,6.099327394209353
310,-210,0,6.099327394209353
330,-210,0,6.099327394209353
350,-210,0,6.099327394209353
370,-210,0,6.099327394209353
390,-210,0,6.099327394209353
410,-210,0,6.099327394209353
430,-210,0,6.099327394209353
450,-210,0,6.099327394209353
470,-210,0,6.099327394209353
490,-210,0,6.099327394209353
510,-210,0,6.099327394209353
530,-210,0,6.099327394209353
550,-210,0,6.099327394209353
570,-210,0,6.099327394209353
590,-210,0,6.099327394209353
610,-210,0,6.099327394209353
630,-210,0,6.099327394209353
650,-210,0,6.099327394209353
670,-210,0,6.099327394209353
690,-210,0,6.099327394209353
710,-210,0,6.099327394209353
730,-210,0,6.099327394209353
750,-210,0,6.099327394209353
770,-210,0,6.099327394209353
790,-210,0,6.099327394209353
-790,-190,0,6.099327394209353
-770,-190,0,6.099327394209353
-750,-190,0,6.099327394209353
-730,-190,0,6.099327394209353
-710,-190,0,6.099327394209353
-690,-190,0,6.099327394209353
-670,-190,0,6.099327394209353
-650,-190,0,6.099327394209353
-630,-190,0,6.099327394209353
-610,-190,0,6.099327394209353
-590,-190,0,6.099327394209353
-570,-190,0,6.099327394209353
-550,-190,0,6.099327394209353
-530,-190,0,6.099327394209353
-510,-190,0,6.099327394209353
-490,-190,0,6.099327394209353
-470,-190,0,6.099327394209353
-450,-190,0,6.099327394209353
-430,-190,0,6.099327394209353
-410,-190,0,6.099327394209353
-390,-190,0,6.099327394209353
-370,-190,0,6.099327394209353
-350,-190,0,6.099327394209353
-330,-190,0,6.099327394209353
-310,-190,0,6.099327394209353
-290,-190,0,6.099327394209353
-270,-190,0,6.099327394209353
-250,-190,0,6.099327394209353
-230,-190,0,6.099327394209353
-210,-190,0,6.099327394209353
-190,-190,0,6.099327394209353
-170,-190,0,6.099327394209353
-150,-190,0,6.099327394209353
-130,-190,0,6.099327394209353
-110,-190,0,6.099327394209353
-90,-190,0,6.099327394209353
-70,-190,0,6.099327394209353
-50,-190,0,6.099327394209353
-30,-190,0,6.099327394209353
-10,-190,0,6.099327394209353
10,-190,0,6.099327394209353
30,-190,0,6.099327394209353
50,-190,0,6.099327394209353
70,-190,0,6.099327394209353
90,-190,0,6.099327394209353
110,-190,0,6.099327394209353
130,-190,0,6.099327394209353
150,-190,0,6.099327394209353
170,-190,0,6.099327394209353
190,-190,0,6.099327394209353
210,-190,0,6.099327394209353
230,-190,0,6.099327394209353
250,-190,0,6.099327394209353
270,-190,0,6.099327394209353
290,-190,0,6.099327394209353
310,-190,0,6.099327394209353
330,-190,0,6.099327394209353
350,-190,0,6.099327394209353
370,-190,0,6.099327394209353
390,-190,0,6.099327394209353
410,-190,0,6.099327394209353
430,-190,0,6.099327394209353
450,-190,0,6.099327394209353
470,-190,0,6.099327394209353
490,-190,0,6.099327394209353
510,-190,0,6.099327394209353
530,-190,0,6.099327394209353
550,-190,0,6.099327394209353
570,-190,0,6.099327394209353
590,-190,0,6.099327394209353
610,-190,0,6.099327394209353
630,-190,0,6.099327394209353
650,-190,0,6.099327394209353
670,-190,0,6.099327394209353
690,-190,0,6.099327394209353
710,-190,0,6.099327394209353
730,-190,0,6.099327394209353
750,-190,0,6.099327394209353
770,-190,0,6.099327394209353
790,-190,0,6.099327394209353
-790,-170,0,6.099327394209353
-770,-170,0,6.099327394209353
-750,-170,0,6.099327394209353
-730,-170,0,6.099327394209353
-710,-170,0,6.099327394209353
-690,-170,0,6.099327394209353
-670,-170,0,6.099327394209353
-650,-170,0,6.099327394209353
-630,-170,0,6.099327394209353
-610,-170,0,6.099327394209353
-590,-170,0,6.099327394209353
-570,-170,0,6.099327394209353
-550,-170,0,6.099327394209353
-530,-170,0,6.099327394209353
-510,-170,0,6.099327394209353
-490,-170,0,6.099327394209353
-470,-170,0,6.099327394209353
-450,-170,0,6.099327394209353
-430,-170,0,6.099327394209353
-410,-170,0,6.099327394209353
-390,-170,0,6.099327394209353
-370,-170,0,6.099327394209353
-350,-170,0,6.099327394209353
-330,-170,0,6.099327394209353
-310,-170,0,6.099327394209353
-290,-170,0,6.099327394209353
-270,-170,0,6.099327394209353
-250,-170,0,6.099327394209353
-230,-170,0,6.099327394209353
-210,-170,0,6.099327394209353
-190,-170,0,6.099327394209353
-170,-170,0,6.099327394209353
-150,-170,0,6.099327394209353
-130,-170,0,6.099327394209353
-110,-170,0,6.099327394209353
-90,-170,0,6.099327394209353
-70,-170,0,6.099327394209353
-50,-170,0,6.099327394209353
-30,-170,0,6.099327394209353
-10,-170,0,6.099327394209353
10,-170,0,6.099327394209353
30,-170,0,6.099327394209353
50,-170,0,6.099327394209353
70,-170,0,6.099327394209353
90,-170,0,6.099327394209353
110,-170,0,6.099327394209353
130,-170,0,6.099327394209353
150,-170,0,6.099327394209353
170,-170,0,6.099327394209353
190,-170,0,6.099327394209353
210,-170,0,6.099327394209353
230,-170,0,6.099327394209353
250,-170,0,6.099327394209353
270,-170,0,6.099327394209353
290,-170,0,6.099327394209353
310,-170,0,6.099327394209353
330,-170,0,6.099327394209353
350,-170,0,6.099327394209353
370,-170,0,6.099327394209353
390,-170,0,6.099327394209353
410,-170,0,6.099327394209353
430,-170,0,6.099327394209353
450,-170,0,6.099327394209353
470,-170,0,6.099327394209353
490,-170,0,6.099327394209353
510,-170,0,6.099327394209353
530,-170,0,6.099327394209353
550,-170,0,6.099327394209353
570,-170,0,6.099327394209353
590,-170,0,6.099327394209353
610,-170,0,6.099327394209353
630,-170,0,6.099327394209353
650,-170,0,6.099327394209353
670,-170,0,6.099327394209353
690,-170,0,6.099327394209353
710,-170,0,6.099327394209353
730,-170,0,6.099327394209353
750,-170,0,6.099327394209353
770,-170,0,6.099327394209353
790,-170,0,6.099327394209353
-790,-150,0,6.099327394209353
-770,-150,0,6.099327394209353
-750,-150,0,6.099327394209353
-730,-150,0,6.099327394209353
-710,-150,0,6.099327394209353
-690,-150,0,6.099327394209353
-670,-150,0,6.099327394209353
-650,-150,0,6.099327394209353
-630,-150,0,6.099327394209353
-610,-150,0,6.099327394209353
-590,-150,0,6.099327394209353
-570,-150,0,6.099327394209353
-550,-150,0,6.099327394209353
-530,-150,0,6.099327394209353
-510,-150,0,6.099327394209353
-490,-150,0,6.099327394209353
-470,-150,0,6.099327394209353
-450,-150,0,6.099327394209353
-430,-150,0,6.099327394209353
-410,-150,0,6.099327394209353
-390,-150,0,6.099327394209353
-370,-150,0,6.099327394209353
-350,-150,0,6.099327394209353
-330,-150,0,6.099327394209353
-310,-150,0,6.099327394209353
-290,-150,0,6.099327394209353
-270,-150,0,6.099327394209353
-250,-150,0,6.099327394209353
-230,-150,0,6.099327394209353
-210,-150,0,6.099327394209353
-190,-150,0,6.099327394209353
-170,-150,0,6.099327394209353
-150,-150,0,6.099327394209353
-130,-150,0,6.099327394209353
-110,-150,0,6.099327394209353
-90,-150,0,6.099327394209353
-70,-150,0,6.099327394209353
-50,-150,0,6.099327394209353
-30,-150,0,6.099327394209353
-10,-150,0,6.099327394209353
10,-150,0,6.099327394209353
30,-150,0,6.099327394209353
50,-150,0,6.099327394209353
70,-150,0,6.099327394209353
90,-150,0,6.099327394209353
110,-150,0,6.099327394209353
130,-150,0,6.099327394209353
150,-150,0,6.099327394209353
170,-150,0,6.099327394209353
190,-150,0,6.099327394209353
210,-150,0,6.099327394209353
230,-150,0,6.099327394209353
250,-150,0,6.099327394209353
270,-150,0,6.099327394209353
290,-150,0,6.099327394209353
310,-150,0,6.099327394209353
330,-150,0,6.099327394209353
350,-150,0,6.099327394209353
370,-150,0,6.099327394209353
390,-150,0,6.099327394209353
410,-150,0,6.099327394209353
430,-150,0,6.099327394209353
450,-150,0,6.099327394209353
470,-150,0,6.099327394209353
490,-150,0,6.099327394209353
510,-150,0,6.099327394209353
530,-150,0,6.099327394209353
550,-150,0,6.099327394209353
570,-150,0,6.099327394209353
590,-150,0,6.099327394209353
610,-150,0,6.099327394209353
630,-150,0,6.099327394209353
650,-150,0,6.099327394209353
670,-150,0,6.099327394209353
690,-150,0,6.099327394209353
710,-150,0,6.099327394209353
730,-150,0,6.099327394209353
750,-150,0,6.099327394209353
770,-150,0,6.099327394209353
790,-150,0,6.099327394209353
-790,-130,0,6.099327394209353
-770,-130,0,6.099327394209353
-750,-130,0,6.099327394209353
-730,-130,0,6.099327394209353
-710,-130,0,6.099327394209353
-690,-130,0,6.099327394209353
-670,-130,0,6.099327394209353
-650,-130,0,6.099327394209353
-630,-130,0,6.099327394209353
-610,-130,0,6.099327394209353
-590,-130,0,6.099327394209353
-570,-130,0,6.099327394209353
-550,-130,0,6.099327394209353
-530,-130,0,6.099327394209353
-510,-130,0,6.099327394209353
-490,-130,0,6.099327394209353
-470,-130,0,6.099327394209353
-450,-130,0,6.099327394209353
-430,-130,0,6.099327394209353
-410,-130,0,6.099327394209353
-390,-130,0,6.099327394209353
-370,-130,0,6.099327394209353
-350,-130,0,6.099327394209353
-330,-130,0,6.099327394209353
-310,-130,0,6.099327394209353
-290,-130,0,6.099327394209353
-270,-130,0,6.099327394209353
-250,-130,0,6.099327394209353
-230,-130,0,6.099327394209353
-210,-130,0,6.099327394209353
-190,-130,0,6.099327394209353
-170,-130,0,6.099327394209353
-150,-130,0,6.099327394209353
-130,-130,0,6.099327394209353
-110,-130,0,6.099327394209353
-90,-130,0,6.099327394209353
-70,-130,0,6.099327394209353
-50,-130,0,6.099327394209353
-30,-130,0,6.099327394209353
-10,-130,0,6.099327394209353
10,-130,0,6.099327394209353
30,-130,0,6.099327394209353
50,-130,0,6.099327394209353
70,-130,0,6.099327394209353
90,-130,0,6.099327394209353
110,-130,0,6.099327394209353
130,-130,0,6.099327394209353
150,-130,0,6.099327394209353
170,-130,0,6.099327394209353
190,-130,0,6.099327394209353
210,-130,0,6.099327394209353
230,-130,0,6.099327394209353
250,-130,0,6.099327394209353
270,-130,0,6.099327394209353
290,-130,0,6.099327394209353
310,-130,0,6.099327394209353
330,-130,0,6.099327394209353
350,-130,0,6.099327394209353
370,-130,0,6.099327394209353
390,-130,0,6.099327394209353
410,-130,0,6.099327394209353
430,-130,0,6.099327394209353
450,-130,0,6.099327394209353
470,-130,0,6.099327394209353
490,-130,0,6.099327394209353
510,-130,0,6.099327394209353
530,-130,0,6.099327394209353
550,-130,0,6.099327394209353
570,-130,0,6.099327394209353
590,-130,0,6.099327394209353
610,-130,0,6.099327394209353
630,-130,0,6.099327394209353
650,-130,0,6.099327394209353
670,-130,0,6.099327394209353
690,-130,0,6.099327394209353
710,-130,0,6.099327394209353
730,-130,0,6.099327394209353
750,-130,0,6.099327394209353
770,-130,0,6.099327394209353
790,-130,0,6.099327394209353
-790,-110,0,6.099327394209353
-770,-110,0,6.099327394209353
-750,-110,0,6.099327394209353
-730,-110,0,6.099327394209353
-710,-110,0,6.099327394209353
-690,-110,0,6.099327394209353
-670,-110,0,6.099327394209353
-650,-110,0,6.099327394209353
-630,-110,0,6.099327394209353
-610,-110,0,6.099327394209353
-590,-110,0,6.099327394209353
-570,-110,0,6.099327394209353
-550,-110,0,6.099327394209353
-530,-110,0,6.099327394209353
-510,-110,0,6.099327394209353
-490,-110,0,6.099327394209353
-470,-110,0,6.099327394209353
-450,-110,0,6.099327394209353
-430,-110,0,6.099327394209353
-410,-110,0,6.099327394209353
-390,-110,0,6.099327394209353
-370,-110,0,6.099327394209353
-350,-110,0,6.099327394209353
-330,-110,0,6.099327394209353
-310,-110,0,6.099327394209353
-290,-110,0,6.099327394209353
-270,-110,0,6.099327394209353
-250,-110,0,6.099327394209353
-230,-110,0,6.099327394209353
-210,-110,0,6.099327394209353
-190,-110,0,6.099327394209353
-170,-110,0,6.099327394209353
-150,-110,0,6.099327394209353
-130,-110,0,6.099327394209353
-110,-110,0,6.099327394209353
-90,-110,0,6.099327394209353
-70,-110,0,6.099327394209353
-50,-110,0,6.099327394209353
-30,-110,0,6.099327394209353
-10,-110,0,6.099327394209353
10,-110,0,6.099327394209353
30,-110,0,6.099327394209353
50,-110,0,6.099327394209353
70,-110,0,6.099327394209353
90,-110,0,6.099327394209353
110,-110,0,6.099327394209353
130,-110,0,6.099327394209353
150,-110,0,6.099327394209353
170,-110,0,6.099327394209353
190,-110,0,6.099327394209353
210,-110,0,6.099327394209353
230,-110,0,6.099327394209353
250,-110,0,6.099327394209353
270,-110,0,6.099327394209353
290,-110,0,6.099327394209353
310,-110,0,6.099327394209353
330,-110,0,6.099327394209353
350,-110,0,6.099327394209353
370,-110,0,6.099327394209353
390,-110,0,6.099327394209353
410,-110,0,6.099327394209353
430,-110,0,6.099327394209353
450,-110,0,6.099327394209353
470,-110,0,6.099327394209353
490,-110,0,6.099327394209353
510,-110,0,6.099327394209353
530,-110,0,6.099327394209353
550,-110,0,6.099327394209353
570,-110,0,6.099327394209353
590,-110,0,6.099327394209353
610,-110,0,6.099327394209353
630,-110,0,6.099327394209353
650,-110,0,6.099327394209353
670,-110,0,6.099327394209353
690,-110,0,6.099327394209353
710,-110,0,6.099327394209353
730,-110,0,6.099327394209353
750,-110,0,6.099327394209353
770,-110,0,6.099327394209353
790,-110,0,6.099327394209353
-790,-90,0,6.099327394209353
-770,-90,0,6.099327394209353
-750,-90,0,6.099327394209353
-730,-90,0,6.099327394209353
-710,-90,0,6.099327394209353
-690,-90,0,6.099327394209353
-670,-90,0,6.099327394209353
-650,-90,0,6.099327394209353
-630,-90,0,6.099327394209353
-610,-90,0,6.099327394209353
-590,-90,0,6.099327394209353
-570,-90,0,6.099327394209353
-550,-90,0,6.099327394209353
-530,-90,0,6.099327394209353
-510,-90,0,6.099327394209353
-490,-90,0,6.099327394209353
-470,-90,0,6.099327394209353
-450,-90,0,6.099327394209353
-430,-90,0,6.099327394209353
-410,-90,0,6.099327394209353
-390,-90,0,6.099327394209353
-370,-90,0,6.099327394209353
-350,-90,0,6.099327394209353
-330,-90,0,6.099327394209353
-310,-90,0,6.099327394209353
-290,-90,0,6.099327394209353
-270,-90,0,6.099327394209353
-250,-90,0,6.099327394209353
-230,-90,0,6.099327394209353
-210,-90,0,6.099327394209353
-190,-90,0,6.099327394209353
-170,-90,0,6.099327394209353
-150,-90,0,6.099327394209353
-130,-90,0,6.099327394209353
-110,-90,0,6.099327394209353
-90,-90,0,6.099327394209353
-70,-90,0,6.099327394209353
-50,-90,0,6.099327394209353
-30,-90,0,6.099327394209353
-10,-90,0,6.099327394209353
10,-90,0,6.099327394209353
30,-90,0,6.099327394209353
50,-90,0,6.099327394209353
70,-90,0,6.099327394209353
90,-90,0,6.099327394209353
110,-90,0,6.099327394209353
130,-90,0,6.099327394209353
150,-90,0,6.099327394209353
170,-90,0,6.099327394209353
190,-90,0,6.099327394209353
210,-90,0,6.099327394209353
230,-90,0,6.099327394209353
250,-90,0,6.099327394209353
270,-90,0,6.099327394209353
290,-90,0,6.099327394209353
310,-90,0,6.099327394209353
330,-90,0,6.099327394209353
350,-90,0,6.099327394209353
370,-90,0,6.099327394209353
390,-90,0,6.099327394209353
410,-90,0,6.099327394209353
430,-90,0,6.099327394209353
450,-90,0,6.099327394209353
470,-90,0,6.099327394209353
490,-90,0,6.099327394209353
510,-90,0,6.099327394209353
530,-90,0,6.099327394209353
550,-90,0,6.099327394209353
570,-90,0,6.099327394209353
590,-90,0,6.099327394209353
610,-90,0,6.099327394209353
630,-90,0,6.099327394209353
650,-90,0,6.099327394209353
670,-90,0,6.099327394209353
690,-90,0,6.099327394209353
710,-90,0,6.099327394209353
730,-90,0,6.099327394209353
750,-90,0,6.099327394209353
770,-90,0,6.099327394209353
790,-90,0,6.099327394209353
-790,-70,0,6.099327394209353
-770,-70,0,6.099327394209353
-750,-70,0,6.099327394209353
-730,-70,0,6.099327394209353
-710,-70,0,6.099327394209353
-690,-70,0,6.099327394209353
-670,-70,0,6.099327394209353
-650,-70,0,6.099327394209353
-630,-70,0,6.099327394209353
-610,-70,0,6.099327394209353
-590,-70,0,6.099327394209353
-570,-70,0,6.099327394209353
-550,-70,0,6.099327394209353
-530,-70,0,6.099327394209353
-510,-70,0,6.099327394209353
-490,-70,0,6.099327394209353
-470,-70,0,6.099327394209353
-450,-70,0,6.099327394209353
-430,-70,0,6.099327394209353
-410,-70,0,6.099327394209353
-390,-70,0,6.099327394209353
-370,-70,0,6.099327394209353
-350,-70,0,6.099327394209353
-330,-70,0,6.099327394209353
-310,-70,0,6.099327394209353
-290,-70,0,6.099327394209353
-270,-70,0,6.099327394209353
-250,-70,0,6.099327394209353
-230,-70,0,6.099327394209353
-210,-70,0,6.099327394209353
-190,-70,0,6.099327394209353
-170,-70,0,6.099327394209353
-150,-70,0,6.099327394209353
-130,-70,0,6.099327394209353
-110,-70,0,6.099327394209353
-90,-70,0,6.099327394209353
-70,-70,0,6.099327394209353
-50,-70,0,6.099327394209353
-30,-70,0,6.099327394209353
-10,-70,0,6.099327394209353
10,-70,0,6.099327394209353
30,-70,0,6.099327394209353
50,-70,0,6.099327394209353
70,-70,0,6.099327394209353
90,-70,0,6.099327394209353
110,-70,0,6.099327394209353
130,-70,0,6.099327394209353
150,-70,0,6.099327394209353
170,-70,0,6.099327394209353
190,-70,0,6.099327394209353
210,-70,0,6.099327394209353
230,-70,0,6.099327394209353
250,-70,0,6.099327394209353
270,-70,0,6.099327394209353
290,-70,0,6.099327394209353
310,-70,0,6.099327394209353
330,-70,0,6.099327394209353
350,-70,0,6.099327394209353
370,-70,0,6.099327394209353
390,-70,0,6.099327394209353
410,-70,0,6.099327394209353
430,-70,0,6.099327394209353
450,-70,0,6.099327394209353
470,-70,0,6.099327394209353
490,-70,0,6.099327394209353
510,-70,0,6.099327394209353
530,-70,0,6.099327394209353
550,-70,0,6.099327394209353
570,-70,0,6.099327394209353
590,-70,0,6.099327394209353
610,-70,0,6.099327394209353
630,-70,0,6.099327394209353
650,-70,0,6.099327394209353
670,-70,0,6.099327394209353
690,-70,0,6.099327394209353
710,-70,0,6.099327394209353
730,-70,0,6.099327394209353
750,-70,0,6.099327394209353
770,-70,0,6.099327394209353
790,-70,0,6.099327394209353
-790,-50,0,6.099327394209353
-770,-50,0,6.099327394209353
-750,-50,0,6.099327394209353
-730,-50,0,6.099327394209353
-710,-50,0,6.099327394209353
-690,-50,0,6.099327394209353
-670,-50,0,6.099327394209353
-650,-50,0,6.099327394209353
-630,-50,0,6.099327394209353
-610,-50,0,6.099327394209353
-590,-50,0,6.099327394209353
-570,-50,0,6.099327394209353
-550,-50,0,6.099327394209353
-530,-50,0,6.099327394209353
-510,-50,0,6.099327394209353
-490,-50,0,6.099327394209353
-470,-50,0,6.099327394209353
-450,-50,0,6.099327394209353
-430,-50,0,6.099327394209353
-410,-50,0,6.099327394209353
-390,-50,0,6.099327394209353
-370,-50,0,6.099327394209353
-350,-50,0,6.099327394209353
-330,-50,0,6.099327394209353
-310,-50,0,6.099327394209353
-290,-50,0,6.099327394209353
-270,-50,0,6.099327394209353
-250,-50,0,6.099327394209353
-230,-50,0,6.099327394209353
-210,-50,0,6.099327394209353
-190,-50,0,6.099327394209353
-170,-50,0,6.099327394209353
-150,-50,0,6.099327394209353
-130,-50,0,6.099327394209353
-110,-50,0,6.099327394209353
-90,-50,0,6.099327394209353
-70,-50,0,6.099327394209353
-50,-50,0,6.099327394209353
-30,-50,0,6.099327394209353
-10,-50,0,6.099327394209353
10,-50,0,6.099327394209353
30,-50,0,6.099327394209353
50,-50,0,6.099327394209353
70,-50,0,6.099327394209353
90,-50,0,6.099327394209353
110,-50,0,6.099327394209353
130,-50,0,6.099327394209353
150,-50,0,6.099327394209353
170,-50,0,6.099327394209353
190,-50,0,6.099327394209353
210,-50,0,6.099327394209353
230,-50,0,6.099327394209353
250,-50,0,6.099327394209353
270,-50,0,6.099327394209353
290,-50,0,6.099327394209353
310,-50,0,6.099327394209353
330,-50,0,6.099327394209353
350,-50,0,6.099327394209353
370,-50,0,6.099327394209353
390,-50,0,6.099327394209353
410,-50,0,6.099327394209353
430,-50,0,6.099327394209353
450,-50,0,6.099327394209353
470,-50,0,6.099327394209353
490,-50,0,6.099327394209353
510,-50,0,6.099327394209353
530,-50,0,6.099327394209353
550,-50,0,6.099327394209353
570,-50,0,6.099327394209353
590,-50,0,6.099327394209353
610,-50,0,6.099327394209353
630,-50,0,6.099327394209353
650,-50,0,6.099327394209353
670,-50,0,6.099327394209353
690,-50,0,6.099327394209353
710,-50,0,6.099327394209353
730,-50,0,6.099327394209353
750,-50,0,6.099327394209353
770,-50,0,6.099327394209353
790,-50,0,6.099327394209353
-790,-30,0,6.099327394209353
-770,-30,0,6.099327394209353
-750,-30,0,6.099327394209353
-730,-30,0,6.099327394209353
-710,-30,0,6.099327394209353
-690,-30,0,6.099327394209353
-670,-30,0,6.099327394209353
-650,-30,0,6.099327394209353
-630,-30,0,6.099327394209353
-610,-30,0,6.099327394209353
-590,-30,0,6.099327394209353
-570,-30,0,6.099327394209353
-550,-30,0,6.099327394209353
-530,-30,0,6.099327394209353
-510,-30,0,6.099327394209353
-490,-30,0,6.099327394209353
-470,-30,0,6.099327394209353
-450,-30,0,6.099327394209353
-430,-30,0,6.099327394209353
-410,-30,0,6.099327394209353
-390,-30,0,6.099327394209353
-370,-30,0,6.099327394209353
-350,-30,0,6.099327394209353
-330,-30,0,6.099327394209353
-310,-30,0,6.099327394209353
-290,-30,0,6.099327394209353
-270,-30,0,6.099327394209353
-250,-30,0,6.099327394209353
-230,-30,0,6.099327394209353
-210,-30,0,6.099327394209353
-190,-30,0,6.099327394209353
-170,-30,0,6.099327394209353
-150,-30,0,6.099327394209353
-130,-30,0,6.099327394209353
-110,-30,0,6.099327394209353
-90,-30,0,6.099327394209353
-70,-30,0,6.099327394209353
-50,-30,0,6.099327394209353
-30,-30,0,6.099327394209353
-10,-30,0,6.099327394209353
10,-30,0,6.099327394209353
30,-30,0,6.099327394209353
50,-30,0,6.099327394209353
70,-30,0,6.099327394209353
90,-30,0,6.099327394209353
110,-30,0,6.099327394209353
130,-30,0,6.099327394209353
150,-30,0,6.099327394209353
170,-30,0,6.099327394209353
190,-30,0,6.099327394209353
210,-30,0,6.099327394209353
230,-30,0,6.099327394209353
250,-30,0,6.099327394209353
270,-30,0,6.099327394209353
290,-30,0,6.099327394209353
310,-30,0,6.099327394209353
330,-30,0,6.099327394209353
350,-30,0,6.099327394209353
370,-30,0,6.099327394209353
390,-30,0,6.099327394209353
410,-30,0,6.099327394209353
430,-30,0,6.099327394209353
450,-30,0,6.099327394209353
470,-30,0,6.099327394209353
490,-30,0,6.099327394209353
510,-30,0,6.099327394209353
530,-30,0,6.099327394209353
550,-30,0,6.099327394209353
570,-30,0,6.099327394209353
590,-30,0,6.099327394209353
610,-30,0,6.099327394209353
630,-30,0,6.099327394209353
650,-30,0,6.099327394209353
670,-30,0,6.099327394209353
690,-30,0,6.099327394209353
710,-30,0,6.099327394209353
730,-30,0,6.099327394209353
750,-30,0,6.099327394209353
770,-30,0,6.099327394209353
790,-30,0,6.099327394209353
-790,-10,0,6.099327394209353
-770,-10,0,6.099327394209353
-750,-10,0,6.099327394209353
-730,-10,0,6.099327394209353
-710,-10,0,6.099327394209353
-690,-10,0,6.099327394209353
-670,-10,0,6.099327394209353
-650,-10,0,6.099327394209353
-630,-10,0,6.099327394209353
-610,-10,0,6.099327394209353
-590,-10,0,6.099327394209353
-570,-10,0,6.099327394209353
-550,-10,0,6.099327394209353
-530,-10,0,6.099327394209353
-510,-10,0,6.099327394209353
-490,-10,0,6.099327394209353
-470,-10,0,6.099327394209353
-450,-10,0,6.099327394209353
-430,-10,0,6.099327394209353
-410,-10,0,6.099327394209353
-390,-10,0,6.099327394209353
-370,-10,0,6.099327394209353
-350,-10,0,6.099327394209353
-330,-10,0,6.099327394209353
-310,-10,0,6.099327394209353
-290,-10,0,6.099327394209353
-270,-10,0,6.099327394209353
-250,-10,0,6.099327394209353
-230,-10,0,6.099327394209353
-210,-10,0,6.099327394209353
-190,-10,0,6.099327394209353
-170,-10,0,6.099327394209353
-150,-10,0,6.099327394209353
-130,-10,0,6.099327394209353
-110,-10,0,6.099327394209353
-90,-10,0,6.099327394209353
-70,-10,0,6.099327394209353
-50,-10,0,6.099327394209353
-30,-10,0,6.099327394209353
-10,-10,0,6.099327394209353
10,-10,0,6.099327394209353
30,-10,0,6.099327394209353
50,-10,0,6.099327394209353
70,-10,0,6.099327394209353
90,-10,0,6.099327394209353
110,-10,0,6.099327394209353
130,-10,0,6.099327394209353
150,-10,0,6.099327394209353
170,-10,0,6.099327394209353
190,-10,0,6.099327394209353
210,-10,0,6.099327394209353
230,-10,0,6.099327394209353
250,-10,0,6.099327394209353
270,-10,0,6.099327394209353
290,-10,0,6.099327394209353
310,-10,0,6.099327394209353
330,-10,0,6.099327394209353
350,-10,0,6.099327394209353
370,-10,0,6.099327394209353
390,-10,0,6.099327394209353
410,-10,0,6.099327394209353
430,-10,0,6.099327394209353
450,-10,0,6.099327394209353
470,-10,0,6.099327394209353
490,-10,0,6.099327394209353
510,-10,0,6.099327394209353
530,-10,0,6.099327394209353
550,-10,0,6.099327394209353
570,-10,0,6.099327394209353
590,-10,0,6.099327394209353
610,-10,0,6.099327394209353
630,-10,0,6.099327394209353
650,-10,0,6.099327394209353
670,-10,0,6.099327394209353
690,-10,0,6.099327394209353
710,-10,0,6.099327394209353
730,-10,0,6.099327394209353
750,-10,0,6.099327394209353
770,-10,0,6.099327394209353
790,-10,0,6.099327394209353
-790,10,0,6.099327394209353
-770,10,0,6.099327394209353
-750,10,0,6.099327394209353
-730,10,0,6.099327394209353
-710,10,0,6.099327394209353
-690,10,0,6.099327394209353
-670,10,0,6.099327394209353
-650,10,0,6.099327394209353
-630,10,0,6.099327394209353
-610,10,0,6.099327394209353
-590,10,0,6.099327394209353
-570,10,0,6.099327394209353
-550,10,0,6.099327394209353
-530,10,0,6.099327394209353
-510,10,0,6.099327394209353
-490,10,0,6.099327394209353
-470,10,0,6.099327394209353
-450,10,0,6.099327394209353
-430,10,0,6.099327394209353
-410,10,0,6.099327394209353
-390,10,0,6.099327394209353
-370,10,0,6.099327394209353
-350,10,0,6.099327394209353
-330,10,0,6.099327394209353
-310,10,0,6.099327394209353
-290,10,0,6.099327394209353
-270,10,0,6.099327394209353
-250,10,0,6.099327394209353
-230,10,0,6.099327394209353
-210,10,0,6.099327394209353
-190,10,0,6.099327394209353
-170,10,0,6.099327394209353
-150,10,0,6.099327394209353
-130,10,0,6.099327394209353
-110,10,0,6.099327394209353
-90,10,0,6.099327394209353
-70,10,0,6.099327394209353
-50,10,0,6.099327394209353
-30,10,0,6.099327394209353
-10,10,0,6.099327394209353
10,10,0,6.099327394209353
30,10,0,6.099327394209353
50,10,0,6.099327394209353
70,10,0,6.099327394209353
90,10,0,6.099327394209353
110,10,0,6.099327394209353
130,10,0,6.099327394209353
150,10,0,6.099327394209353
170,10,0,6.099327394209353
190,10,0,6.099327394209353
210,10,0,6.099327394209353
230,10,0,6.099327394209353
250,10,0,6.099327394209353
270,10,0,6.099327394209353
290,10,0,6.099327394209353
310,10,0,6.099327394209353
330,10,0,6.099327394209353
350,10,0,6.099327394209353
370,10,0,6.099327394209353
390,10,0,6.099327394209353
410,10,0,6.099327394209353
430,10,0,6.099327394209353
450,10,0,6.099327394209353
470,10,0,6.099327394209353
490,10,0,6.099327394209353
510,10,0,6.099327394209353
530,10,0,6.099327394209353
550,10,0,6.099327394209353
570,10,0,6.099327394209353
590,10,0,6.099327394209353
610,10,0,6.099327394209353
630,10,0,6.099327394209353
650,10,0,6.099327394209353
670,10,0,6.099327394209353
690,10,0,6.099327394209353
710,10,0,6.099327394209353
730,10,0,6.099327394209353
750,10,0,6.099327394209353
770,10,0,6.099327394209353
790,10,0,6.099327394209353
-790,30,0,6.099327394209353
-770,30,0,6.099327394209353
-750,30,0,6.099327394209353
-730,30,0,6.099327394209353
-710,30,0,6.099327394209353
-690,30,0,6.099327394209353
-670,30,0,6.099327394209353
-650,30,0,6.099327394209353
-630,30,0,6.099327394209353
-610,30,0,6.099327394209353
-590,30,0,6.099327394209353
-570,30,0,6.099327394209353
-550,30,0,6.099327394209353
-530,30,0,6.099327394209353
-510,30,0,6.099327394209353
-490,30,0,6.099327394209353
-470,30,0,6.099327394209353
-450,30,0,6.099327394209353
-430,30,0,6.099327394209353
-410,30,0,6.099327394209353
-390,30,0,6.099327394209353
-370,30,0,6.099327394209353
-350,30,0,6.099327394209353
-330,30,0,6.099327394209353
-310,30,0,6.099327394209353
-290,30,0,6.099327394209353
-270,30,0,6.099327394209353
-250,30,0,6.099327394209353
-230,30,0,6.099327394209353
-210,30,0,6.099327394209353
-190,30,0,6.099327394209353
-170,30,0,6.099327394209353
-150,30,0,6.099327394209353
-130,30,0,6.099327394209353
-110,30,0,6.099327394209353
-90,30,0,6.099327394209353
-70,30,0,6.099327394209353
-50,30,0,6.099327394209353
-30,30,0,6.099327394209353
-10,30,0,6.099327394209353
10,30,0,6.099327394209353
30,30,0,6.099327394209353
50,30,0,6.099327394209353
70,30,0,6.099327394209353
90,30,0,6.099327394209353
110,30,0,6.099327394209353
130,30,0,6.099327394209353
150,30,0,6.099327394209353
170,30,0,6.099327394209353
190,30,0,6.099327394209353
210,30,0,6.099327394209353
230,30,0,6.099327394209353
250,30,0,6.099327394209353
270,30,0,6.099327394209353
290,30,0,6.099327394209353
310,30,0,6.099327394209353
330,30,0,6.099327394209353
350,30,0,6.099327394209353
370,30,0,6.099327394209353
390,30,0,6.099327394209353
410,30,0,6.099327394209353
430,30,0,6.099327394209353
450,30,0,6.099327394209353
470,30,0,6.099327394209353
490,30,0,6.099327394209353
510,30,0,6.099327394209353
530,30,0,6.099327394209353
550,30,0,6.099327394209353
570,30,0,6.099327394209353
590,30,0,6.099327394209353
610,30,0,6.099327394209353
630,30,0,6.099327394209353
650,30,0,6.099327394209353
670,30,0,6.099327394209353
690,30,0,6.099327394209353
710,30,0,6.099327394209353
730,30,0,6.099327394209353
750,30,0,6.099327394209353
770,30,0,6.099327394209353
790,30,0,6.099327394209353
-790,50,0,6.099327394209353
-770,50,0,6.099327394209353
-750,50,0,6.099327394209353
-730,50,0,6.099327394209353
-710,50,0,6.099327394209353
-690,50,0,6.099327394209353
-670,50,0,6.099327394209353
-650,50,0,6.099327394209353
-630,50,0,6.099327394209353
-610,50,0,6.099327394209353
-590,50,0,6.099327394209353
-570,50,0,6.099327394209353
-550,50,0,6.099327394209353
-530,50,0,6.099327394209353
-510,50,0,6.099327394209353
-490,50,0,6.099327394209353
-470,50,0,6.099327394209353
-450,50,0,6.099327394209353
-430,50,0,6.099327394209353
-410,50,0,6.099327394209353
-390,50,0,6.099327394209353
-370,50,0,6.099327394209353
-350,50,0,6.099327394209353
-330,50,0,6.099327394209353
-310,50,0,6.099327394209353
-290,50,0,6.099327394209353
-270,50,0,6.099327394209353
-250,50,0,6.099327394209353
-230,50,0,6.099327394209353
-210,50,0,6.099327394209353
-190,50,0,6.099327394209353
-170,50,0,6.099327394209353
-150,50,0,6.099327394209353
-130,50,0,6.099327394209353
-110,50,0,6.099327394209353
-90,50,0,6.099327394209353
-70,50,0,6.099327394209353
-50,50,0,6.099327394209353
-30,50,0,6.099327394209353
-10,50,0,6.099327394209353
10,50,0,6.099327394209353
30,50,0,6.099327394209353
50,50,0,6.099327394209353
70,50,0,6.099327394209353
90,50,0,6.099327394209353
110,50,0,6.099327394209353
130,50,0,6.099327394209353
150,50,0,6.099327394209353
170,50,0,6.099327394209353
190,50,0,6.099327394209353
210,50,0,6.099327394209353
230,50,0,6.099327394209353
250,50,0,6.099327394209353
270,50,0,6.099327394209353
290,50,0,6.099327394209353
310,50,0,6.099327394209353
330,50,0,6.099327394209353
350,50,0,6.099327394209353
370,50,0,6.099327394209353
390,50,0,6.099327394209353
410,50,0,6.099327394209353
430,50,0,6.099327394209353
450,50,0,6.099327394209353
470,50,0,6.099327394209353
490,50,0,6.099327394209353
510,50,0,6.099327394209353
530,50,0,6.099327394209353
550,50,0,6.099327394209353
570,50,0,6.099327394209353
590,50,0,6.099327394209353
610,50,0,6.099327394209353
630,50,0,6.099327394209353
650,50,0,6.099327394209353
670,50,0,6.099327394209353
690,50,0,6.099327394209353
710,50,0,6.099327394209353
730,50,0,6.099327394209353
750,50,0,6.099327394209353
770,50,0,6.099327394209353
790,50,0,6.099327394209353
-790,70,0,6.099327394209353
-770,70,0,6.099327394209353
-750,70,0,6.099327394209353
-730,70,0,6.099327394209353
-710,70,0,6.099327394209353
-690,70,0,6.099327394209353
-670,70,0,6.099327394209353
-650,70,0,6.099327394209353
-630,70,0,6.099327394209353
-610,70,0,6.099327394209353
-590,70,0,6.099327394209353
-570,70,0,6.099327394209353
-550,70,0,6.099327394209353
-530,70,0,6.099327394209353
-510,70,0,6.099327394209353
-490,70,0,6.099327394209353
-470,70,0,6.099327394209353
-450,70,0,6.099327394209353
-430,70,0,6.099327394209353
-410,70,0,6.099327394209353
-390,70,0,6.099327394209353
-370,70,0,6.099327394209353
-350,70,0,6.099327394209353
-330,70,0,6.099327394209353
-310,70,0,6.099327394209353
-290,70,0,6.099327394209353
-270,70,0,6.099327394209353
-250,70,0,6.099327394209353
-230,70,0,6.099327394209353
-210,70,0,6.099327394209353
-190,70,0,6.099327394209353
-170,70,0,6.099327394209353
-150,70,0,6.099327394209353
-130,70,0,6.099327394209353
-110,70,0,6.099327394209353
-90,70,0,6.099327394209353
-70,70,0,6.099327394209353
-50,70,0,6.099327394209353
-30,70,0,6.099327394209353
-10,70,0,6.099327394209353
10,70,0,6.099327394209353
30,70,0,6.099327394209353
50,70,0,6.099327394209353
70,70,0,6.099327394209353
90,70,0,6.099327394209353
110,70,0,6.099327394209353
130,70,0,6.099327394209353
150,70,0,6.099327394209353
170,70,0,6.099327394209353
190,70,0,6.099327394209353
210,70,0,6.099327394209353
230,70,0,6.099327394209353
250,70,0,6.099327394209353
270,70,0,6.099327394209353
290,70,0,6.099327394209353
310,70,0,6.099327394209353
330,70,0,6.099327394209353
350,70,0,6.099327394209353
370,70,0,6.099327394209353
390,70,0,6.099327394209353
410,70,0,6.099327394209353
430,70,0,6.099327394209353
450,70,0,6.099327394209353
470,70,0,6.099327394209353
490,70,0,6.099327394209353
510,70,0,6.099327394209353
530,70,0,6.099327394209353
550,70,0,6.099327394209353
570,70,0,6.099327394209353
590,70,0,6.099327394209353
610,70,0,6.099327394209353
630,70,0,6.099327394209353
650,70,0,6.099327394209353
670,70,0,6.099327394209353
690,70,0,6.099327394209353
710,70,0,6.099327394209353
730,70,0,6.099327394209353
750,70,0,6.099327394209353
770,70,0,6.099327394209353
790,70,0,6.099327394209353
-790,90,0,6.099327394209353
-770,90,0,6.099327394209353
-750,90,0,6.099327394209353
-730,90,0,6.099327394209353
-710,90,0,6.099327394209353
-690,90,0,6.099327394209353
-670,90,0,6.099327394209353
-650,90,0,6.099327394209353
-630,90,0,6.099327394209353
-610,90,0,6.099327394209353
-590,90,0,6.099327394209353
-570,90,0,6.099327394209353
-550,90,0,6.099327394209353
-530,90,0,6.099327394209353
-510,90,0,6.099327394209353
-490,90,0,6.099327394209353
-470,90,0,6.099327394209353
-450,90,0,6.099327394209353
-430,90,0,6.099327394209353
-410,90,0,6.099327394209353
-390,90,0,6.099327394209353
-370,90,0,6.099327394209353
-350,90,0,6.099327394209353
-330,90,0,6.099327394209353
-310,90,0,6.099327394209353
-290,90,0,6.099327394209353
-270,90,0,6.099327394209353
-250,90,0,6.099327394209353
-230,90,0,6.099327394209353
-210,90,0,6.099327394209353
-190,90,0,6.099327394209353
-170,90,0,6.099327394209353
-150,90,0,6.099327394209353
-130,90,0,6.099327394209353
-110,90,0,6.099327394209353
-90,90,0,6.099327394209353
-70,90,0,6.099327394209353
-50,90,0,6.099327394209353
-30,90,0,6.099327394209353
-10,90,0,6.099327394209353
10,90,0,6.099327394209353
30,90,0,6.099327394209353
50,90,0,6.099327394209353
70,90,0,6.099327394209353
90,90,0,6.099327394209353
110,90,0,6.099327394209353
130,90,0,6.099327394209353
150,90,0,6.099327394209353
170,90,0,6.099327394209353
190,90,0,6.099327394209353
210,90,0,6.099327394209353
230,90,0,6.099327394209353
250,90,0,6.099327394209353
270,90,0,6.099327394209353
290,90,0,6.099327394209353
310,90,0,6.099327394209353
330,90,0,6.099327394209353
350,90,0,6.099327394209353
370,90,0,6.099327394209353
390,90,0,6.099327394209353
410,90,0,6.099327394209353
430,90,0,6.099327394209353
450,90,0,6.099327394209353
470,90,0,6.099327394209353
490,90,0,6.099327394209353
510,90,0,6.099327394209353
530,90,0,6.099327394209353
550,90,0,6.099327394209353
570,90,0,6.099327394209353
590,90,0,6.099327394209353
610,90,0,6.099327394209353
630,90,0,6.099327394209353
650,90,0,6.099327394209353
670,90,0,6.099327394209353
690,90,0,6.099327394209353
710,90,0,6.099327394209353
730,90,0,6.099327394209353
750,90,0,6.099327394209353
770,90,0,6.099327394209353
790,90,0,6.099327394209353
-790,110,0,6.099327394209353
-770,110,0,6.099327394209353
-750,110,0,6.099327394209353
-730,110,0,6.099327394209353
-710,110,0,6.099327394209353
-690,110,0,6.099327394209353
-670,110,0,6.099327394209353
-650,110,0,6.099327394209353
-630,110,0,6.099327394209353
-610,110,0,6.099327394209353
-590,110,0,6.099327394209353
-570,110,0,6.099327394209353
-550,110,0,6.099327394209353
-530,110,0,6.099327394209353
-510,110,0,6.099327394209353
-490,110,0,6.099327394209353
-470,110,0,6.099327394209353
-450,110,0,6.099327394209353
-430,110,0,6.099327394209353
-410,110,0,6.099327394209353
-390,110,0,6.099327394209353
-370,110,0,6.099327394209353
-350,110,0,6.099327394209353
-330,110,0,6.099327394209353
-310,110,0,6.099327394209353
-290,110,0,6.099327394209353
-270,110,0,6.099327394209353
-250,110,0,6.099327394209353
-230,110,0,6.099327394209353
-210,110,0,6.099327394209353
-190,110,0,6.099327394209353
-170,110,0,6.099327394209353
-150,110,0,6.099327394209353
-130,110,0,6.099327394209353
-110,110,0,6.099327394209353
-90,110,0,6.099327394209353
-70,110,0,6.099327394209353
-50,110,0,6.099327394209353
-30,110,0,6.099327394209353
-10,110,0,6.099327394209353
10,110,0,6.099327394209353
30,110,0,6.099327394209353
50,110,0,6.099327394209353
70,110,0,6.099327394209353
90,110,0,6.099327394209353
110,110,0,6.099327394209353
130,110,0,6.099327394209353
150,110,0,6.099327394209353
170,110,0,6.099327394209353
190,110,0,6.099327394209353
210,110,0,6.099327394209353
230,110,0,6.099327394209353
250,110,0,6.099327394209353
270,110,0,6.099327394209353
290,110,0,6.099327394209353
310,110,0,6.099327394209353
330,110,0,6.099327394209353
350,110,0,6.099327394209353
370,110,0,6.099327394209353
390,110,0,6.099327394209353
410,110,0,6.099327394209353
430,110,0,6.099327394209353
450,110,0,6.099327394209353
470,110,0,6.099327394209353
490,110,0,6.099327394209353
510,110,0,6.099327394209353
530,110,0,6.099327394209353
550,110,0,6.099327394209353
570,110,0,6.099327394209353
590,110,0,6.099327394209353
610,110,0,6.099327394209353
630,110,0,6.099327394209353
650,110,0,6.099327394209353
670,110,0,6.099327394209353
690,110,0,6.099327394209353
710,110,0,6.099327394209353
730,110,0,6.099327394209353
750,110,0,6.099327394209353
770,110,0,6.099327394209353
790,110,0,6.099327394209353
-790,130,0,6.099327394209353
-770,130,0,6.099327394209353
-750,130,0,6.099327394209353
-730,130,0,6.099327394209353
-710,130,0,6.099327394209353
-690,130,0,6.099327394209353
-670,130,0,6.099327394209353
-650,130,0,6.099327394209353
-630,130,0,6.099327394209353
-610,130,0,6.099327394209353
-590,130,0,6.099327394209353
-570,130,0,6.099327394209353
-550,130,0,6.099327394209353
-530,130,0,6.099327394209353
-510,130,0,6.099327394209353
-490,130,0,6.099327394209353
-470,130,0,6.099327394209353
-450,130,0,6.099327394209353
-430,130,0,6.099327394209353
-410,130,0,6.099327394209353
-390,130,0,6.099327394209353
-370,130,0,6.099327394209353
-350,130,0,6.099327394209353
-330,130,0,6.099327394209353
-310,130,0,6.099327394209353
-290,130,0,6.099327394209353
-270,130,0,6.099327394209353
-250,130,0,6.099327394209353
-230,130,0,6.099327394209353
-210,130,0,6.099327394209353
-190,130,0,6.099327394209353
-170,130,0,6.099327394209353
-150,130,0,6.099327394209353
-130,130,0,6.099327394209353
-110,130,0,6.099327394209353
-90,130,0,6.099327394209353
-70,130,0,6.099327394209353
-50,130,0,6.099327394209353
-30,130,0,6.099327394209353
-10,130,0,6.099327394209353
10,130,0,6.099327394209353
30,130,0,6.099327394209353
50,130,0,6.099327394209353
70,130,0,6.099327394209353
90,130,0,6.099327394209353
110,130,0,6.099327394209353
130,130,0,6.099327394209353
150,130,0,6.099327394209353
170,130,0,6.099327394209353
190,130,0,6.099327394209353
210,130,0,6.099327394209353
230,130,0,6.099327394209353
250,130,0,6.099327394209353
270,130,0,6.099327394209353
290,130,0,6.099327394209353
310,130,0,6.099327394209353
330,130,0,6.099327394209353
350,130,0,6.099327394209353
370,130,0,6.099327394209353
390,130,0,6.099327394209353
410,130,0,6.099327394209353
430,130,0,6.099327394209353
450,130,0,6.099327394209353
470,130,0,6.099327394209353
490,130,0,6.099327394209353
510,130,0,6.099327394209353
530,130,0,6.099327394209353
550,130,0,6.099327394209353
570,130,0,6.099327394209353
590,130,0,6.099327394209353
610,130,0,6.099327394209353
630,130,0,6.099327394209353
650,130,0,6.099327394209353
670,130,0,6.099327394209353
690,130,0,6.099327394209353
710,130,0,6.099327394209353
730,130,0,6.099327394209353
750,130,0,6.099327394209353
770,130,0,6.099327394209353
790,130,0,6.099327394209353
-790,150,0,6.099327394209353
-770,150,0,6.099327394209353
-750,150,0,6.099327394209353
-730,150,0,6.099327394209353
-710,150,0,6.099327394209353
-690,150,0,6.099327394209353
-670,150,0,6.099327394209353
-650,150,0,6.099327394209353
-630,150,0,6.099327394209353
-610,150,0,6.099327394209353
-590,150,0,6.099327394209353
-570,150,0,6.099327394209353
-550,150,0,6.099327394209353
-530,150,0,6.099327394209353
-510,150,0,6.099327394209353
-490,150,0,6.099327394209353
-470,150,0,6.099327394209353
-450,150,0,6.099327394209353
-430,150,0,6.099327394209353
-410,150,0,6.099327394209353
-390,150,0,6.099327394209353
-370,150,0,6.099327394209353
-350,150,0,6.099327394209353
-330,150,0,6.099327394209353
-310,150,0,6.099327394209353
-290,150,0,6.099327394209353
-270,150,0,6.099327394209353
-250,150,0,6.099327394209353
-230,150,0,6.099327394209353
-210,150,0,6.099327394209353
-190,150,0,6.099327394209353
-170,150,0,6.099327394209353
-150,150,0,6.099327394209353
-130,150,0,6.099327394209353
-110,150,0,6.099327394209353
-90,150,0,6.099327394209353
-70,150,0,6.099327394209353
-50,150,0,6.099327394209353
-30,150,0,6.099327394209353
-10,150,0,6.099327394209353
10,150,0,6.099327394209353
30,150,0,6.099327394209353
50,150,0,6.099327394209353
70,150,0,6.099327394209353
90,150,0,6.099327394209353
110,150,0,6.099327394209353
130,150,0,6.099327394209353
150,150,0,6.099327394209353
170,150,0,6.099327394209353
190,150,0,6.099327394209353
210,150,0,6.099327394209353
230,150,0,6.099327394209353
250,150,0,6.099327394209353
270,150,0,6.099327394209353
290,150,0,6.099327394209353
310,150,0,6.099327394209353
330,150,0,6.099327394209353
350,150,0,6.099327394209353
370,150,0,6.099327394209353
390,150,0,6.099327394209353
410,150,0,6.099327394209353
430,150,0,6.099327394209353
450,150,0,6.099327394209353
470,150,0,6.099327394209353
490,150,0,6.099327394209353
510,150,0,6.099327394209353
530,150,0,6.099327394209353
550,150,0,6.099327394209353
570,150,0,6.099327394209353
590,150,0,6.099327394209353
610,150,0,6.099327394209353
630,150,0,6.099327394209353
650,150,0,6.099327394209353
670,150,0,6.099327394209353
690,150,0,6.099327394209353
710,150,0,6.099327394209353
730,150,0,6.099327394209353
750,150,0,6.099327394209353
770,150,0,6.099327394209353
790,150,0,6.099327394209353
-790,170,0,6.099327394209353
-770,170,0,6.099327394209353
-750,170,0,6.099327394209353
-730,170,0,6.099327394209353
-710,170,0,6.099327394209353
-690,170,0,6.099327394209353
-670,170,0,6.099327394209353
-650,170,0,6.099327394209353
-630,170,0,6.099327394209353
-610,170,0,6.099327394209353
-590,170,0,6.099327394209353
-570,170,0,6.099327394209353
-550,170,0,6.099327394209353
-530,170,0,6.099327394209353
-510,170,0,6.099327394209353
-490,170,0,6.099327394209353
-470,170,0,6.099327394209353
-450,170,0,6.099327394209353
-430,170,0,6.099327394209353
-410,170,0,6.099327394209353
-390,170,0,6.099327394209353
-370,170,0,6.099327394209353
-350,170,0,6.099327394209353
-330,170,0,6.099327394209353
-310,170,0,6.099327394209353
-290,170,0,6.099327394209353
-270,170,0,6.099327394209353
-250,170,0,6.099327394209353
-230,170,0,6.099327394209353
-210,170,0,6.099327394209353
-190,170,0,6.099327394209353
-170,170,0,6.099327394209353
-150,170,0,6.099327394209353
-130,170,0,6.099327394209353
-110,170,0,6.099327394209353
-90,170,0,6.099327394209353
-70,170,0,6.099327394209353
-50,170,0,6.099327394209353
-30,170,0,6.099327394209353
-10,170,0,6.099327394209353
10,170,0,6.099327394209353
30,170,0,6.099327394209353
50,170,0,6.099327394209353
70,170,0,6.099327394209353
90,170,0,6.099327394209353
110,170,0,6.099327394209353
130,170,0,6.099327394209353
150,170,0,6.099327394209353
170,170,0,6.099327394209353
190,170,0,6.099327394209353
210,170,0,6.099327394209353
230,170,0,6.099327394209353
250,170,0,6.099327394209353
270,170,0,6.099327394209353
290,170,0,6.099327394209353
310,170,0,6.099327394209353
330,170,0,6.099327394209353
350,170,0,6.099327394209353
370,170,0,6.099327394209353
390,170,0,6.099327394209353
410,170,0,6.099327394209353
430,170,0,6.099327394209353
450,170,0,6.099327394209353
470,170,0,6.099327394209353
490,170,0,6.099327394209353
510,170,0,6.099327394209353
530,170,0,6.099327394209353
550,170,0,6.099327394209353
570,170,0,6.099327394209353
590,170,0,6.099327394209353
610,170,0,6.099327394209353
630,170,0,6.099327394209353
650,170,0,6.099327394209353
670,170,0,6.099327394209353
690,170,0,6.099327394209353
710,170,0,6.099327394209353
730,170,0,6.099327394209353
750,170,0,6.099327394209353
770,170,0,6.099327394209353
790,170,0,6.099327394209353
-790,190,0,6.099327394209353
-770,190,0,6.099327394209353
-750,190,0,6.099327394209353
-730,190,0,6.099327394209353
-710,190,0,6.099327394209353
-690,190,0,6.099327394209353
-670,190,0,6.099327394209353
-650,190,0,6.099327394209353
-630,190,0,6.099327394209353
-610,190,0,6.099327394209353
-590,190,0,6.099327394209353
-570,190,0,6.099327394209353
-550,190,0,6.099327394209353
-530,190,0,6.099327394209353
-510,190,0,6.099327394209353
-490,190,0,6.099327394209353
-470,190,0,6.099327394209353
-450,190,0,6.099327394209353
-430,190,0,6.099327394209353
-410,190,0,6.099327394209353
-390,190,0,6.099327394209353
-370,190,0,6.099327394209353
-350,190,0,6.099327394209353
-330,190,0,6.099327394209353
-310,190,0,6.099327394209353
-290,190,0,6.099327394209353
-270,190,0,6.099327394209353
-250,190,0,6.099327394209353
-230,190,0,6.099327394209353
-210,190,0,6.099327394209353
-190,190,0,6.099327394209353
-170,190,0,6.099327394209353
-150,190,0,6.099327394209353
-130,190,0,6.099327394209353
-110,190,0,6.099327394209353
-90,190,0,6.099327394209353
-70,190,0,6.099327394209353
-50,190,0,6.099327394209353
-30,190,0,6.099327394209353
-10,190,0,6.099327394209353
10,190,0,6.099327394209353
30,190,0,6.099327394209353
50,190,0,6.099327394209353
70,190,0,6.099327394209353
90,190,0,6.099327394209353
110,190,0,6.099327394209353
130,190,0,6.099327394209353
150,190,0,6.099327394209353
170,190,0,6.099327394209353
190,190,0,6.099327394209353
210,190,0,6.099327394209353
230,190,0,6.099327394209353
250,190,0,6.099327394209353
270,190,0,6.099327394209353
290,190,0,6.099327394209353
310,190,0,6.099327394209353
330,190,0,6.099327394209353
350,190,0,6.099327394209353
370,190,0,6.099327394209353
390,190,0,6.099327394209353
410,190,0,6.099327394209353
430,190,0,6.099327394209353
450,190,0,6.099327394209353
470,190,0,6.099327394209353
490,190,0,6.099327394209353
510,190,0,6.099327394209353
530,190,0,6.099327394209353
550,190,0,6.099327394209353
570,190,0,6.099327394209353
590,190,0,6.099327394209353
610,190,0,6.099327394209353
630,190,0,6.099327394209353
650,190,0,6.099327394209353
670,190,0,6.099327394209353
690,190,0,6.099327394209353
710,190,0,6.099327394209353
730,190,0,6.099327394209353
750,190,0,6.099327394209353
770,190,0,6.099327394209353
790,190,0,6.099327394209353
-790,210,0,6.099327394209353
-770,210,0,6.099327394209353
-750,210,0,6.099327394209353
-730,210,0,6.099327394209353
-710,210,0,6.099327394209353
-690,210,0,6.099327394209353
-670,210,0,6.099327394209353
-650,210,0,6.099327394209353
-630,210,0,6.099327394209353
-610,210,0,6.099327394209353
-590,210,0,6.099327394209353
-570,210,0,6.099327394209353
-550,210,0,6.099327394209353
-530,210,0,6.099327394209353
-510,210,0,6.099327394209353
-490,210,0,6.099327394209353
-470,210,0,6.099327394209353
-450,210,0,6.099327394209353
-430,210,0,6.099327394209353
-410,210,0,6.099327394209353
-390,210,0,6.099327394209353
-370,210,0,6.099327394209353
-350,210,0,6.099327394209353
-330,210,0,6.099327394209353
-310,210,0,6.099327394209353
-290,210,0,6.099327394209353
-270,210,0,6.099327394209353
-250,210,0,6.099327394209353
-230,210,0,6.099327394209353
-210,210,0,6.099327394209353
-190,210,0,6.099327394209353
-170,210,0,6.099327394209353
-150,210,0,6.099327394209353
-130,210,0,6.099327394209353
-110,210,0,6.099327394209353
-90,210,0,6.099327394209353
-70,210,0,6.099327394209353
-50,210,0,6.099327394209353
-30,210,0,6.099327394209353
-10,210,0,6.099327394209353
10,210,0,6.099327394209353
30,210,0,6.099327394209353
50,210,0,6.099327394209353
70,210,0,6.099327394209353
90,210,0,6.099327394209353
110,210,0,6.099327394209353
130,210,0,6.099327394209353
150,210,0,6.099327394209353
170,210,0,6.099327394209353
190,210,0,6.099327394209353
210,210,0,6.099327394209353
230,210,0,6.099327394209353
250,210,0,6.099327394209353
270,210,0,6.099327394209353
290,210,0,6.099327394209353
310,210,0,6.099327394209353
330,210,0,6.099327394209353
350,210,0,6.099327394209353
370,210,0,6.099327394209353
390,210,0,6.099327394209353
410,210,0,6.099327394209353
430,210,0,6.099327394209353
450,210,0,6.099327394209353
470,210,0,6.099327394209353
490,210,0,6.099327394209353
510,210,0,6.099327394209353
530,210,0,6.099327394209353
550,210,0,6.099327394209353
570,210,0,6.099327394209353
590,210,0,6.099327394209353
610,210,0,6.099327394209353
630,210,0,6.099327394209353
650,210,0,6.099327394209353
670,210,0,6.099327394209353
690,210,0,6.099327394209353
710,210,0,6.099327394209353
730,210,0,6.099327394209353
750,210,0,6.099327394209353
770,210,0,6.099327394209353
790,210,0,6.099327394209353
-790,230,0,6.099327394209353
-770,230,0,6.099327394209353
-750,230,0,6.099327394209353
-730,230,0,6.099327394209353
-710,230,0,6.099327394209353
-690,230,0,6.099327394209353
-670,230,0,6.099327394209353
-650,230,0,6.099327394209353
-630,230,0,6.099327394209353
-610,230,0,6.099327394209353
-590,230,0,6.099327394209353
-570,230,0,6.099327394209353
-550,230,0,6.099327394209353
-530,230,0,6.099327394209353
-510,230,0,6.099327394209353
-490,230,0,6.099327394209353
-470,230,0,6.099327394209353
-450,230,0,6.099327394209353
-430,230,0,6.099327394209353
-410,230,0,6.099327394209353
-390,230,0,6.099327394209353
-370,230,0,6.099327394209353
-350,230,0,6.099327394209353
-330,230,0,6.099327394209353
-310,230,0,6.099327394209353
-290,230,0,6.099327394209353
-270,230,0,6.099327394209353
-250,230,0,6.099327394209353
-230,230,0,6.099327394209353
-210,230,0,6.099327394209353
-190,230,0,6.099327394209353
-170,230,0,6.099327394209353
-150,230,0,6.099327394209353
-130,230,0,6.099327394209353
-110,230,0,6.099327394209353
-90,230,0,6.099327394209353
-70,230,0,6.099327394209353
-50,230,0,6.099327394209353
-30,230,0,6.099327394209353
-10,230,0,6.099327394209353
10,230,0,6.099327394209353
30,230,0,6.099327394209353
50,230,0,6.099327394209353
70,230,0,6.099327394209353
90,230,0,6.099327394209353
110,230,0,6.099327394209353
130,230,0,6.099327394209353
150,230,0,6.099327394209353
170,230,0,6.099327394209353
190,230,0,6.099327394209353
210,230,0,6.099327394209353
230,230,0,6.099327394209353
250,230,0,6.099327394209353
270,230,0,6.099327394209353
290,230,0,6.099327394209353
310,230,0,6.099327394209353
330,230,0,6.099327394209353
350,230,0,6.099327394209353
370,230,0,6.099327394209353
390,230,0,6.099327394209353
410,230,0,6.099327394209353
430,230,0,6.099327394209353
450,230,0,6.099327394209353
470,230,0,6.099327394209353
490,230,0,6.099327394209353
510,230,0,6.099327394209353
530,230,0,6.099327394209353
550,230,0,6.099327394209353
570,230,0,6.099327394209353
590,230,0,6.099327394209353
610,230,0,6.099327394209353
630,230,0,6.099327394209353
650,230,0,6.099327394209353
670,230,0,6.099327394209353
690,230,0,6.099327394209353
710,230,0,6.099327394209353
730,230,0,6.099327394209353
750,230,0,6.099327394209353
770,230,0,6.099327394209353
790,230,0,6.099327394209353
-790,250,0,6.099327394209353
-770,250,0,6.099327394209353
-750,250,0,6.099327394209353
-730,250,0,6.099327394209353
-710,250,0,6.099327394209353
-690,250,0,6.099327394209353
-670,250,0,6.099327394209353
-650,250,0,6.099327394209353
-630,250,0,6.099327394209353
-610,250,0,6.099327394209353
-590,250,0,6.099327394209353
-570,250,0,6.099327394209353
-550,250,0,6.099327394209353
-530,250,0,6.099327394209353
-510,250,0,6.099327394209353
-490,250,0,6.099327394209353
-470,250,0,6.099327394209353
-450,250,0,6.099327394209353
-430,250,0,6.099327394209353
-410,250,0,6.099327394209353
-390,250,0,6.099327394209353
-370,250,0,6.099327394209353
-350,250,0,6.099327394209353
-330,250,0,6.099327394209353
-310,250,0,6.099327394209353
-290,250,0,6.099327394209353
-270,250,0,6.099327394209353
-250,250,0,6.099327394209353
-230,250,0,6.099327394209353
-210,250,0,6.099327394209353
-190,250,0,6.099327394209353
-170,250,0,6.099327394209353
-150,250,0,6.099327394209353
-130,250,0,6.099327394209353
-110,250,0,6.099327394209353
-90,250,0,6.099327394209353
-70,250,0,6.099327394209353
-50,250,0,6.099327394209353
-30,250,0,6.099327394209353
-10,250,0,6.099327394209353
10,250,0,6.099327394209353
30,250,0,6.099327394209353
50,250,0,6.099327394209353
70,250,0,6.099327394209353
90,250,0,6.099327394209353
110,250,0,6.099327394209353
130,250,0,6.099327394209353
150,250,0,6.099327394209353
170,250,0,6.099327394209353
190,250,0,6.099327394209353
210,250,0,6.099327394209353
230,250,0,6.099327394209353
250,250,0,6.099327394209353
270,250,0,6.099327394209353
290,250,0,6.099327394209353
310,250,0,6.099327394209353
330,250,0,6.099327394209353
350,250,0,6.099327394209353
370,250,0,6.099327394209353
390,250,0,6.099327394209353
410,250,0,6.099327394209353
430,250,0,6.099327394209353
450,250,0,6.099327394209353
470,250,0,6.099327394209353
490,250,0,6.099327394209353
510,250,0,6.099327394209353
530,250,0,6.099327394209353
550,250,0,6.099327394209353
570,250,0,6.099327394209353
590,250,0,6.099327394209353
610,250,0,6.099327394209353
630,250,0,6.099327394209353
650,250,0,6.099327394209353
670,250,0,6.099327394209353
690,250,0,6.099327394209353
710,250,0,6.099327394209353
730,250,0,6.099327394209353
750,250,0,6.099327394209353
770,250,0,6.099327394209353
790,250,0,6.099327394209353
-790,270,0,6.099327394209353
-770,270,0,6.099327394209353
-750,270,0,6.099327394209353
-730,270,0,6.099327394209353
-710,270,0,6.099327394209353
-690,270,0,6.099327394209353
-670,270,0,6.099327394209353
-650,270,0,6.099327394209353
-630,270,0,6.099327394209353
-610,270,0,6.099327394209353
-590,270,0,6.099327394209353
-570,270,0,6.099327394209353
-550,270,0,6.099327394209353
-530,270,0,6.099327394209353
-510,270,0,6.099327394209353
-490,270,0,6.099327394209353
-470,270,0,6.099327394209353
-450,270,0,6.099327394209353
-430,270,0,6.099327394209353
-410,270,0,6.099327394209353
-390,270,0,6.099327394209353
-370,270,0,6.099327394209353
-350,270,0,6.099327394209353
-330,270,0,6.099327394209353
-310,270,0,6.099327394209353
-290,270,0,6.099327394209353
-270,270,0,6.099327394209353
-250,270,0,6.099327394209353
-230,270,0,6.099327394209353
-210,270,0,6.099327394209353
-190,270,0,6.099327394209353
-170,270,0,6.099327394209353
-150,270,0,6.099327394209353
-130,270,0,6.099327394209353
-110,270,0,6.099327394209353
-90,270,0,6.099327394209353
-70,270,0,6.099327394209353
-50,270,0,6.099327394209353
-30,270,0,6.099327394209353
-10,270,0,6.099327394209353
10,270,0,6.099327394209353
30,270,0,6.099327394209353
50,270,0,6.099327394209353
70,270,0,6.099327394209353
90,270,0,6.099327394209353
110,270,0,6.099327394209353
130,270,0,6.099327394209353
150,270,0,6.099327394209353
170,270,0,6.099327394209353
190,270,0,6.099327394209353
210,270,0,6.099327394209353
230,270,0,6.099327394209353
250,270,0,6.099327394209353
270,270,0,6.099327394209353
290,270,0,6.099327394209353
310,270,0,6.099327394209353
330,270,0,6.099327394209353
350,270,0,6.099327394209353
370,270,0,6.099327394209353
390,270,0,6.099327394209353
410,270,0,6.099327394209353
430,270,0,6.099327394209353
450,270,0,6.099327394209353
470,270,0,6.099327394209353
490,270,0,6.099327394209353
510,270,0,6.099327394209353
530,270,0,6.099327394209353
550,270,0,6.099327394209353
570,270,0,6.099327394209353
590,270,0,6.099327394209353
610,270,0,6.099327394209353
630,270,0,6.099327394209353
650,270,0,6.099327394209353
670,270,0,6.099327394209353
690,270,0,6.099327394209353
710,270,0,6.099327394209353
730,270,0,6.099327394209353
750,270,0,6.099327394209353
770,270,0,6.099327394209353
790,270,0,6.099327394209353
-790,290,0,6.099327394209353
-770,290,0,6.099327394209353
-750,290,0,6.099327394209353
-730,290,0,6.099327394209353
-710,290,0,6.099327394209353
-690,290,0,6.099327394209353
-670,290,0,6.099327394209353
-650,290,0,6.099327394209353
-630,290,0,6.099327394209353
-610,290,0,6.099327394209353
-590,290,0,6.099327394209353
-570,290,0,6.099327394209353
-550,290,0,6.099327394209353
-530,290,0,6.099327394209353
-510,290,0,6.099327394209353
-490,290,0,6.099327394209353
-470,290,0,6.099327394209353
-450,290,0,6.099327394209353
-430,290,0,6.099327394209353
-410,290,0,6.099327394209353
-390,290,0,6.099327394209353
-370,290,0,6.099327394209353
-350,290,0,6.099327394209353
-330,290,0,6.099327394209353
-310,290,0,6.099327394209353
-290,290,0,6.099327394209353
-270,290,0,6.099327394209353
-250,290,0,6.099327394209353
-230,290,0,6.099327394209353
-210,290,0,6.099327394209353
-190,290,0,6.099327394209353
-170,290,0,6.099327394209353
-150,290,0,6.099327394209353
-130,290,0,6.099327394209353
-110,290,0,6.099327394209353
-90,290,0,6.099327394209353
-70,290,0,6.099327394209353
-50,290,0,6.099327394209353
-30,290,0,6.099327394209353
-10,290,0,6.099327394209353
10,290,0,6.099327394209353
30,290,0,6.099327394209353
50,290,0,6.099327394209353
70,290,0,6.099327394209353
90,290,0,6.099327394209353
110,290,0,6.099327394209353
130,290,0,6.099327394209353
150,290,0,6.099327394209353
170,290,0,6.099327394209353
190,290,0,6.099327394209353
210,290,0,6.099327394209353
230,290,0,6.099327394209353
250,290,0,6.099327394209353
270,290,0,6.099327394209353
290,290,0,6.099327394209353
310,290,0,6.099327394209353
330,290,0,6.099327394209353
350,290,0,6.099327394209353
370,290,0,6.099327394209353
390,290,0,6.099327394209353
410,290,0,6.099327394209353
430,290,0,6.099327394209353
450,290,0,6.099327394209353
470,290,0,6.099327394209353
490,290,0,6.099327394209353
510,290,0,6.099327394209353
530,290,0,6.099327394209353
550,290,0,6.099327394209353
570,290,0,6.099327394209353
590,290,0,6.099327394209353
610,290,0,6.099327394209353
630,290,0,6.099327394209353
650,290,0,6.099327394209353
670,290,0,6.099327394209353
690,290,0,6.099327394209353
710,290,0,6.099327394209353
730,290,0,6.099327394209353
750,290,0,6.099327394209353
770,290,0,6.099327394209353
790,290,0,6.099327394209353
-790,310,0,6.099327394209353
-770,310,0,6.099327394209353
-750,310,0,6.099327394209353
-730,310,0,6.099327394209353
-710,310,0,6.099327394209353
-690,310,0,6.099327394209353
-670,310,0,6.099327394209353
-650,310,0,6.099327394209353
-630,310,0,6.099327394209353
-610,310,0,6.099327394209353
-590,310,0,6.099327394209353
-570,310,0,6.099327394209353
-550,310,0,6.099327394209353
-530,310,0,6.099327394209353
-510,310,0,6.099327394209353
-490,310,0,6.099327394209353
-470,310,0,6.099327394209353
-450,310,0,6.099327394209353
-430,310,0,6.099327394209353
-410,310,0,6.099327394209353
-390,310,0,6.099327394209353
-370,310,0,6.099327394209353
-350,310,0,6.099327394209353
-330,310,0,6.099327394209353
-310,310,0,6.099327394209353
-290,310,0,6.099327394209353
-270,310,0,6.099327394209353
-250,310,0,6.099327394209353
-230,310,0,6.099327394209353
-210,310,0,6.099327394209353
-190,310,0,6.099327394209353
-170,310,0,6.099327394209353
-150,310,0,6.099327394209353
-130,310,0,6.099327394209353
-110,310,0,6.099327394209353
-90,310,0,6.099327394209353
-70,310,0,6.099327394209353
-50,310,0,6.099327394209353
-30,310,0,6.099327394209353
-10,310,0,6.099327394209353
10,310,0,6.099327394209353
30,310,0,6.099327394209353
50,310,0,6.099327394209353
70,310,0,6.099327394209353
90,310,0,6.099327394209353
110,310,0,6.099327394209353
130,310,0,6.099327394209353
150,310,0,6.099327394209353
170,310,0,6.099327394209353
190,310,0,6.099327394209353
210,310,0,6.099327394209353
230,310,0,6.099327394209353
250,310,0,6.099327394209353
270,310,0,6.099327394209353
290,310,0,6.099327394209353
310,310,0,6.099327394209353
330,310,0,6.099327394209353
350,310,0,6.099327394209353
370,310,0,6.099327394209353
390,310,0,6.099327394209353
410,310,0,6.099327394209353
430,310,0,6.099327394209353
450,310,0,6.099327394209353
470,310,0,6.099327394209353
490,310,0,6.099327394209353
510,310,0,6.099327394209353
530,310,0,6.099327394209353
550,310,0,6.099327394209353
570,310,0,6.099327394209353
590,310,0,6.099327394209353
610,310,0,6.099327394209353
630,310,0,6.099327394209353
650,310,0,6.099327394209353
670,310,0,6.099327394209353
690,310,0,6.099327394209353
710,310,0,6.099327394209353
730,310,0,6.099327394209353
750,310,0,6.099327394209353
770,310,0,6.099327394209353
790,310,0,6.099327394209353
-790,330,0,6.099327394209353
-770,330,0,6.099327394209353
-750,330,0,6.099327394209353
-730,330,0,6.099327394209353
-710,330,0,6.099327394209353
-690,330,0,6.099327394209353
-670,330,0,6.099327394209353
-650,330,0,6.099327394209353
-630,330,0,6.099327394209353
-610,330,0,6.099327394209353
-590,330,0,6.099327394209353
-570,330,0,6.099327394209353
-550,330,0,6.099327394209353
-530,330,0,6.099327394209353
-510,330,0,6.099327394209353
-490,330,0,6.099327394209353
-470,330,0,6.099327394209353
-450,330,0,6.099327394209353
-430,330,0,6.099327394209353
-410,330,0,6.099327394209353
-390,330,0,6.099327394209353
-370,330,0,6.099327394209353
-350,330,0,6.099327394209353
-330,330,0,6.099327394209353
-310,330,0,6.099327394209353
-290,330,0,6.099327394209353
-270,330,0,6.099327394209353
-250,330,0,6.099327394209353
-230,330,0,6.099327394209353
-210,330,0,6.099327394209353
-190,330,0,6.099327394209353
-170,330,0,6.099327394209353
-150,330,0,6.099327394209353
-130,330,0,6.099327394209353
-110,330,0,6.099327394209353
-90,330,0,6.099327394209353
-70,330,0,6.099327394209353
-50,330,0,6.099327394209353
-30,330,0,6.099327394209353
-10,330,0,6.099327394209353
10,330,0,6.099327394209353
30,330,0,6.099327394209353
50,330,0,6.099327394209353
70,330,0,6.099327394209353
90,330,0,6.099327394209353
110,330,0,6.099327394209353
130,330,0,6.099327394209353
150,330,0,6.099327394209353
170,330,0,6.099327394209353
190,330,0,6.099327394209353
210,330,0,6.099327394209353
230,330,0,6.099327394209353
250,330,0,6.099327394209353
270,330,0,6.099327394209353
290,330,0,6.099327394209353
310,330,0,6.099327394209353
330,330,0,6.099327394209353
350,330,0,6.099327394209353
370,330,0,6.099327394209353
390,330,0,6.099327394209353
410,330,0,6.099327394209353
430,330,0,6.099327394209353
450,330,0,6.099327394209353
470,330,0,6.099327394209353
490,330,0,6.099327394209353
510,330,0,6.099327394209353
530,330,0,6.099327394209353
550,330,0,6.099327394209353
570,330,0,6.099327394209353
590,330,0,6.099327394209353
610,330,0,6.099327394209353
630,330,0,6.099327394209353
650,330,0,6.099327394209353
670,330,0,6.099327394209353
690,330,0,6.099327394209353
710,330,0,6.099327394209353
730,330,0,6.099327394209353
750,330,0,6.099327394209353
770,330,0,6.099327394209353
790,330,0,6.099327394209353
-790,350,0,6.099327394209353
-770,350,0,6.099327394209353
-750,350,0,6.099327394209353
-730,350,0,6.099327394209353
-710,350,0,6.099327394209353
-690,350,0,6.099327394209353
-670,350,0,6.099327394209353
-650,350,0,6.099327394209353
-630,350,0,6.099327394209353
-610,350,0,6.099327394209353
-590,350,0,6.099327394209353
-570,350,0,6.099327394209353
-550,350,0,6.099327394209353
-530,350,0,6.099327394209353
-510,350,0,6.099327394209353
-490,350,0,6.099327394209353
-470,350,0,6.099327394209353
-450,350,0,6.099327394209353
-430,350,0,6.099327394209353
-410,350,0,6.099327394209353
-390,350,0,6.099327394209353
-370,350,0,6.099327394209353
-350,350,0,6.099327394209353
-330,350,0,6.099327394209353
-310,350,0,6.099327394209353
-290,350,0,6.099327394209353
-270,350,0,6.099327394209353
-250,350,0,6.099327394209353
-230,350,0,6.099327394209353
-210,350,0,6.099327394209353
-190,350,0,6.099327394209353
-170,350,0,6.099327394209353
-150,350,0,6.099327394209353
-130,350,0,6.099327394209353
-110,350,0,6.099327394209353
-90,350,0,6.099327394209353
-70,350,0,6.099327394209353
-50,350,0,6.099327394209353
-30,350,0,6.099327394209353
-10,350,0,6.099327394209353
10,350,0,6.099327394209353
30,350,0,6.099327394209353
50,350,0,6.099327394209353
70,350,0,6.099327394209353
90,350,0,6.099327394209353
110,350,0,6.099327394209353
130,350,0,6.099327394209353
150,350,0,6.099327394209353
170,350,0,6.099327394209353
190,350,0,6.099327394209353
210,350,0,6.099327394209353
230,350,0,6.099327394209353
250,350,0,6.099327394209353
270,350,0,6.099327394209353
290,350,0,6.099327394209353
310,350,0,6.099327394209353
330,350,0,6.099327394209353
350,350,0,6.099327394209353
370,350,0,6.099327394209353
390,350,0,6.099327394209353
410,350,0,6.099327394209353
430,350,0,6.099327394209353
450,350,0,6.099327394209353
470,350,0,6.099327394209353
490,350,0,6.099327394209353
510,350,0,6.099327394209353
530,350,0,6.099327394209353
550,350,0,6.099327394209353
570,350,0,6.099327394209353
590,350,0,6.099327394209353
610,350,0,6.099327394209353
630,350,0,6.099327394209353
650,350,0,6.099327394209353
670,350,0,6.099327394209353
690,350,0,6.099327394209353
710,350,0,6.099327394209353
730,350,0,6.099327394209353
750,350,0,6.099327394209353
770,350,0,6.099327394209353
790,350,0,6.099327394209353
-790,370,0,6.099327394209353
-770,370,0,6.099327394209353
-750,370,0,6.099327394209353
-730,370,0,6.099327394209353
-710,370,0,6.099327394209353
-690,370,0,6.099327394209353
-670,370,0,6.099327394209353
-650,370,0,6.099327394209353
-630,370,0,6.099327394209353
-610,370,0,6.099327394209353
-590,370,0,6.099327394209353
-570,370,0,6.099327394209353
-550,370,0,6.099327394209353
-530,370,0,6.099327394209353
-510,370,0,6.099327394209353
-490,370,0,6.099327394209353
-470,370,0,6.099327394209353
-450,370,0,6.099327394209353
-430,370,0,6.099327394209353
-410,370,0,6.099327394209353
-390,370,0,6.099327394209353
-370,370,0,6.099327394209353
-350,370,0,6.099327394209353
-330,370,0,6.099327394209353
-310,370,0,6.099327394209353
-290,370,0,6.099327394209353
-270,370,0,6.099327394209353
-250,370,0,6.099327394209353
-230,370,0,6.099327394209353
-210,370,0,6.099327394209353
-190,370,0,6.099327394209353
-170,370,0,6.099327394209353
-150,370,0,6.099327394209353
-130,370,0,6.099327394209353
-110,370,0,6.099327394209353
-90,370,0,6.099327394209353
-70,370,0,6.099327394209353
-50,370,0,6.099327394209353
-30,370,0,6.099327394209353
-10,370,0,6.099327394209353
10,370,0,6.099327394209353
30,370,0,6.099327394209353
50,370,0,6.099327394209353
70,370,0,6.099327394209353
90,370,0,6.099327394209353
110,370,0,6.099327394209353
130,370,0,6.099327394209353
150,370,0,6.099327394209353
170,370,0,6.099327394209353
190,370,0,6.099327394209353
210,370,0,6.099327394209353
230,370,0,6.099327394209353
250,370,0,6.099327394209353
270,370,0,6.099327394209353
290,370,0,6.099327394209353
310,370,0,6.099327394209353
330,370,0,6.099327394209353
350,370,0,6.099327394209353
370,370,0,6.099327394209353
390,370,0,6.099327394209353
410,370,0,6.099327394209353
430,370,0,6.099327394209353
450,370,0,6.099327394209353
470,370,0,6.099327394209353
490,370,0,6.099327394209353
510,370,0,6.099327394209353
530,370,0,6.099327394209353
550,370,0,6.099327394209353
570,370,0,6.099327394209353
590,370,0,6.099327394209353
610,370,0,6.099327394209353
630,370,0,6.099327394209353
650,370,0,6.099327394209353
670,370,0,6.099327394209353
690,370,0,6.099327394209353
710,370,0,6.099327394209353
730,370,0,6.099327394209353
750,370,0,6.099327394209353
770,370,0,6.099327394209353
790,370,0,6.099327394209353
-790,390,0,6.099327394209353
-770,390,0,6.099327394209353
-750,390,0,6.099327394209353
-730,390,0,6.099327394209353
-710,390,0,6.099327394209353
-690,390,0,6.099327394209353
-670,390,0,6.099327394209353
-650,390,0,6.099327394209353
-630,390,0,6.099327394209353
-610,390,0,6.099327394209353
-590,390,0,6.099327394209353
-570,390,0,6.099327394209353
-550,390,0,6.099327394209353
-530,390,0,6.099327394209353
-510,390,0,6.099327394209353
-490,390,0,6.099327394209353
-470,390,0,6.099327394209353
-450,390,0,6.099327394209353
-430,390,0,6.099327394209353
-410,390,0,6.099327394209353
-390,390,0,6.099327394209353
-370,390,0,6.099327394209353
-350,390,0,6.099327394209353
-330,390,0,6.099327394209353
-310,390,0,6.099327394209353
-290,390,0,6.099327394209353
-270,390,0,6.099327394209353
-250,390,0,6.099327394209353
-230,390,0,6.099327394209353
-210,390,0,6.099327394209353
-190,390,0,6.099327394209353
-170,390,0,6.099327394209353
-150,390,0,6.099327394209353
-130,390,0,6.099327394209353
-110,390,0,6.099327394209353
-90,390,0,6.099327394209353
-70,390,0,6.099327394209353
-50,390,0,6.099327394209353
-30,390,0,6.099327394209353
-10,390,0,6.099327394209353
10,390,0,6.099327394209353
30,390,0,6.099327394209353
50,390,0,6.099327394209353
70,390,0,6.099327394209353
90,390,0,6.099327394209353
110,390,0,6.099327394209353
130,390,0,6.099327394209353
150,390,0,6.099327394209353
170,390,0,6.099327394209353
190,390,0,6.099327394209353
210,390,0,6.099327394209353
230,390,0,6.099327394209353
250,390,0,6.099327394209353
270,390,0,6.099327394209353
290,390,0,6.099327394209353
310,390,0,6.099327394209353
330,390,0,6.099327394209353
350,390,0,6.099327394209353
370,390,0,6.099327394209353
390,390,0,6.099327394209353
410,390,0,6.099327394209353
430,390,0,6.099327394209353
450,390,0,6.099327394209353
470,390,0,6.099327394209353
490,390,0,6.099327394209353
510,390,0,6.099327394209353
530,390,0,6.099327394209353
550,390,0,6.099327394209353
570,390,0,6.099327394209353
590,390,0,6.099327394209353
610,390,0,6.099327394209353
630,390,0,6.099327394209353
650,390,0,6.099327394209353
670,390,0,6.099327394209353
690,390,0,6.099327394209353
710,390,0,6.099327394209353
730,390,0,6.099327394209353
750,390,0,6.099327394209353
770,390,0,6.099327394209353
790,390,0,6.099327394209353
-790,410,0,6.099327394209353
-770,410,0,6.099327394209353
-750,410,0,6.099327394209353
-730,410,0,6.099327394209353
-710,410,0,6.099327394209353
-690,410,0,6.099327394209353
-670,410,0,6.099327394209353
-650,410,0,6.099327394209353
-630,410,0,6.099327394209353
-610,410,0,6.099327394209353
-590,410,0,6.099327394209353
-570,410,0,6.099327394209353
-550,410,0,6.099327394209353
-530,410,0,6.099327394209353
-510,410,0,6.099327394209353
-490,410,0,6.099327394209353
-470,410,0,6.099327394209353
-450,410,0,6.099327394209353
-430,410,0,6.099327394209353
-410,410,0,6.099327394209353
-390,410,0,6.099327394209353
-370,410,0,6.099327394209353
-350,410,0,6.099327394209353
-330,410,0,6.099327394209353
-310,410,0,6.099327394209353
-290,410,0,6.099327394209353
-270,410,0,6.099327394209353
-250,410,0,6.099327394209353
-230,410,0,6.099327394209353
-210,410,0,6.099327394209353
-190,410,0,6.099327394209353
-170,410,0,6.099327394209353
-150,410,0,6.099327394209353
-130,410,0,6.099327394209353
-110,410,0,6.099327394209353
-90,410,0,6.099327394209353
-70,410,0,6.099327394209353
-50,410,0,6.099327394209353
-30,410,0,6.099327394209353
-10,410,0,6.099327394209353
10,410,0,6.099327394209353
30,410,0,6.099327394209353
50,410,0,6.099327394209353
70,410,0,6.099327394209353
90,410,0,6.099327394209353
110,410,0,6.099327394209353
130,410,0,6.099327394209353
150,410,0,6.099327394209353
170,410,0,6.099327394209353
190,410,0,6.099327394209353
210,410,0,6.099327394209353
230,410,0,6.099327394209353
250,410,0,6.099327394209353
270,410,0,6.099327394209353
290,410,0,6.099327394209353
310,410,0,6.099327394209353
330,410,0,6.099327394209353
350,410,0,6.099327394209353
370,410,0,6.099327394209353
390,410,0,6.099327394209353
410,410,0,6.099327394209353
430,410,0,6.099327394209353
450,410,0,6.099327394209353
470,410,0,6.099327394209353
490,410,0,6.099327394209353
510,410,0,6.099327394209353
530,410,0,6.099327394209353
550,410,0,6.099327394209353
570,410,0,6.099327394209353
590,410,0,6.099327394209353
610,410,0,6.099327394209353
630,410,0,6.099327394209353
650,410,0,6.099327394209353
670,410,0,6.099327394209353
690,410,0,6.099327394209353
710,410,0,6.099327394209353
730,410,0,6.099327394209353
750,410,0,6.099327394209353
770,410,0,6.099327394209353
790,410,0,6.099327394209353
-790,430,0,6.099327394209353
-770,430,0,6.099327394209353
-750,430,0,6.099327394209353
-730,430,0,6.099327394209353
-710,430,0,6.099327394209353
-690,430,0,6.099327394209353
-670,430,0,6.099327394209353
-650,430,0,6.099327394209353
-630,430,0,6.099327394209353
-610,430,0,6.099327394209353
-590,430,0,6.099327394209353
-570,430,0,6.099327394209353
-550,430,0,6.099327394209353
-530,430,0,6.099327394209353
-510,430,0,6.099327394209353
-490,430,0,6.099327394209353
-470,430,0,6.099327394209353
-450,430,0,6.099327394209353
-430,430,0,6.099327394209353
-410,430,0,6.099327394209353
-390,430,0,6.099327394209353
-370,430,0,6.099327394209353
-350,430,0,6.099327394209353
-330,430,0,6.099327394209353
-310,430,0,6.099327394209353
-290,430,0,6.099327394209353
-270,430,0,6.099327394209353
-250,430,0,6.099327394209353
-230,430,0,6.099327394209353
-210,430,0,6.099327394209353
-190,430,0,6.099327394209353
-170,430,0,6.099327394209353
-150,430,0,6.099327394209353
-130,430,0,6.099327394209353
-110,430,0,6.099327394209353
-90,430,0,6.099327394209353
-70,430,0,6.099327394209353
-50,430,0,6.099327394209353
-30,430,0,6.099327394209353
-10,430,0,6.099327394209353
10,430,0,6.099327394209353
30,430,0,6.099327394209353
50,430,0,6.099327394209353
70,430,0,6.099327394209353
90,430,0,6.099327394209353
110,430,0,6.099327394209353
130,430,0,6.099327394209353
150,430,0,6.099327394209353
170,430,0,6.099327394209353
190,430,0,6.099327394209353
210,430,0,6.099327394209353
230,430,0,6.099327394209353
250,430,0,6.099327394209353
270,430,0,6.099327394209353
290,430,0,6.099327394209353
310,430,0,6.099327394209353
330,430,0,6.099327394209353
350,430,0,6.099327394209353
370,430,0,6.099327394209353
390,430,0,6.099327394209353
410,430,0,6.099327394209353
430,430,0,6.099327394209353
450,430,0,6.099327394209353
470,430,0,6.099327394209353
490,430,0,6.099327394209353
510,430,0,6.099327394209353
530,430,0,6.099327394209353
550,430,0,6.099327394209353
570,430,0,6.099327394209353
590,430,0,6.099327394209353
610,430,0,6.099327394209353
630,430,0,6.099327394209353
650,430,0,6.099327394209353
670,430,0,6.099327394209353
690,430,0,6.099327394209353
710,430,0,6.099327394209353
730,430,0,6.099327394209353
750,430,0,6.099327394209353
770,430,0,6.099327394209353
790,430,0,6.099327394209353
-790,450,0,6.099327394209353
-770,450,0,6.099327394209353
-750,450,0,6.099327394209353
-730,450,0,6.099327394209353
-710,450,0,6.099327394209353
-690,450,0,6.099327394209353
-670,450,0,6.099327394209353
-650,450,0,6.099327394209353
-630,450,0,6.099327394209353
-610,450,0,6.099327394209353
-590,450,0,6.099327394209353
-570,450,0,6.099327394209353
-550,450,0,6.099327394209353
-530,450,0,6.099327394209353
-510,450,0,6.099327394209353
-490,450,0,6.099327394209353
-470,450,0,6.099327394209353
-450,450,0,6.099327394209353
-430,450,0,6.099327394209353
-410,450,0,6.099327394209353
-390,450,0,6.099327394209353
-370,450,0,6.099327394209353
-350,450,0,6.099327394209353
-330,450,0,6.099327394209353
-310,450,0,6.099327394209353
-290,450,0,6.099327394209353
-270,450,0,6.099327394209353
-250,450,0,6.099327394209353
-230,450,0,6.099327394209353
-210,450,0,6.099327394209353
-190,450,0,6.099327394209353
-170,450,0,6.099327394209353
-150,450,0,6.099327394209353
-130,450,0,6.099327394209353
-110,450,0,6.099327394209353
-90,450,0,6.099327394209353
-70,450,0,6.099327394209353
-50,450,0,6.099327394209353
-30,450,0,6.099327394209353
-10,450,0,6.099327394209353
10,450,0,6.099327394209353
30,450,0,6.099327394209353
50,450,0,6.099327394209353
70,450,0,6.099327394209353
90,450,0,6.099327394209353
110,450,0,6.099327394209353
130,450,0,6.099327394209353
150,450,0,6.099327394209353
170,450,0,6.099327394209353
190,450,0,6.099327394209353
210,450,0,6.099327394209353
230,450,0,6.099327394209353
250,450,0,6.099327394209353
270,450,0,6.099327394209353
290,450,0,6.099327394209353
310,450,0,6.099327394209353
330,450,0,6.099327394209353
350,450,0,6.099327394209353
370,450,0,6.099327394209353
390,450,0,6.099327394209353
410,450,0,6.099327394209353
430,450,0,6.099327394209353
450,450,0,6.099327394209353
470,450,0,6.099327394209353
490,450,0,6.099327394209353
510,450,0,6.099327394209353
530,450,0,6.099327394209353
550,450,0,6.099327394209353
570,450,0,6.099327394209353
590,450,0,6.099327394209353
610,450,0,6.099327394209353
630,450,0,6.099327394209353
650,450,0,6.099327394209353
670,450,0,6.099327394209353
690,450,0,6.099327394209353
710,450,0,6.099327394209353
730,450,0,6.099327394209353
750,450,0,6.099327394209353
770,450,0,6.099327394209353
790,450,0,6.099327394209353
-790,470,0,6.099327394209353
-770,470,0,6.099327394209353
-750,470,0,6.099327394209353
-730,470,0,6.099327394209353
-710,470,0,6.099327394209353
-690,470,0,6.099327394209353
-670,470,0,6.099327394209353
-650,470,0,6.099327394209353
-630,470,0,6.099327394209353
-610,470,0,6.099327394209353
-590,470,0,6.099327394209353
-570,470,0,6.099327394209353
-550,470,0,6.099327394209353
-530,470,0,6.099327394209353
-510,470,0,6.099327394209353
-490,470,0,6.099327394209353
-470,470,0,6.099327394209353
-450,470,0,6.099327394209353
-430,470,0,6.099327394209353
-410,470,0,6.099327394209353
-390,470,0,6.099327394209353
-370,470,0,6.099327394209353
-350,470,0,6.099327394209353
-330,470,0,6.099327394209353
-310,470,0,6.099327394209353
-290,470,0,6.099327394209353
-270,470,0,6.099327394209353
-250,470,0,6.099327394209353
-230,470,0,6.099327394209353
-210,470,0,6.099327394209353
-190,470,0,6.099327394209353
-170,470,0,6.099327394209353
-150,470,0,6.099327394209353
-130,470,0,6.099327394209353
-110,470,0,6.099327394209353
-90,470,0,6.099327394209353
-70,470,0,6.099327394209353
-50,470,0,6.099327394209353
-30,470,0,6.099327394209353
-10,470,0,6.099327394209353
10,470,0,6.099327394209353
30,470,0,6.099327394209353
50,470,0,6.099327394209353
70,470,0,6.099327394209353
90,470,0,6.099327394209353
110,470,0,6.099327394209353
130,470,0,6.099327394209353
150,470,0,6.099327394209353
170,470,0,6.099327394209353
190,470,0,6.099327394209353
210,470,0,6.099327394209353
230,470,0,6.099327394209353
250,470,0,6.099327394209353
270,470,0,6.099327394209353
290,470,0,6.099327394209353
310,470,0,6.099327394209353
330,470,0,6.099327394209353
350,470,0,6.099327394209353
370,470,0,6.099327394209353
390,470,0,6.099327394209353
410,470,0,6.099327394209353
430,470,0,6.099327394209353
450,470,0,6.099327394209353
470,470,0,6.099327394209353
490,470,0,6.099327394209353
510,470,0,6.099327394209353
530,470,0,6.099327394209353
550,470,0,6.099327394209353
570,470,0,6.099327394209353
590,470,0,6.099327394209353
610,470,0,6.099327394209353
630,470,0,6.099327394209353
650,470,0,6.099327394209353
670,470,0,6.099327394209353
690,470,0,6.099327394209353
710,470,0,6.099327394209353
730,470,0,6.099327394209353
750,470,0,6.099327394209353
770,470,0,6.099327394209353
790,470,0,6.099327394209353
-790,490,0,6.099327394209353
-770,490,0,6.099327394209353
-750,490,0,6.099327394209353
-730,490,0,6.099327394209353
-710,490,0,6.099327394209353
-690,490,0,6.099327394209353
-670,490,0,6.099327394209353
-650,490,0,6.099327394209353
-630,490,0,6.099327394209353
-610,490,0,6.099327394209353
-590,490,0,6.099327394209353
-570,490,0,6.099327394209353
-550,490,0,6.099327394209353
-530,490,0,6.099327394209353
-510,490,0,6.099327394209353
-490,490,0,6.099327394209353
-470,490,0,6.099327394209353
-450,490,0,6.099327394209353
-430,490,0,6.099327394209353
-410,490,0,6.099327394209353
-390,490,0,6.099327394209353
-370,490,0,6.099327394209353
-350,490,0,6.099327394209353
-330,490,0,6.099327394209353
-310,490,0,6.099327394209353
-290,490,0,6.099327394209353
-270,490,0,6.099327394209353
-250,490,0,6.099327394209353
-230,490,0,6.099327394209353
-210,490,0,6.099327394209353
-190,490,0,6.099327394209353
-170,490,0,6.099327394209353
-150,490,0,6.099327394209353
-130,490,0,6.099327394209353
-110,490,0,6.099327394209353
-90,490,0,6.099327394209353
-70,490,0,6.099327394209353
-50,490,0,6.099327394209353
-30,490,0,6.099327394209353
-10,490,0,6.099327394209353
10,490,0,6.099327394209353
30,490,0,6.099327394209353
50,490,0,6.099327394209353
70,490,0,6.099327394209353
90,490,0,6.099327394209353
110,490,0,6.099327394209353
130,490,0,6.099327394209353
150,490,0,6.099327394209353
170,490,0,6.099327394209353
190,490,0,6.099327394209353
210,490,0,6.099327394209353
230,490,0,6.099327394209353
250,490,0,6.099327394209353
270,490,0,6.099327394209353
290,490,0,6.099327394209353
310,490,0,6.099327394209353
330,490,0,6.099327394209353
350,490,0,6.099327394209353
370,490,0,6.099327394209353
390,490,0,6.099327394209353
410,490,0,6.099327394209353
430,490,0,6.099327394209353
450,490,0,6.099327394209353
470,490,0,6.099327394209353
490,490,0,6.099327394209353
510,490,0,6.099327394209353
530,490,0,6.099327394209353
550,490,0,6.099327394209353
570,490,0,6.099327394209353
590,490,0,6.099327394209353
610,490,0,6.099327394209353
630,490,0,6.099327394209353
650,490,0,6.099327394209353
670,490,0,6.099327394209353
690,490,0,6.099327394209353
710,490,0,6.099327394209353
730,490,0,6.099327394209353
750,490,0,6.099327394209353
770,490,0,6.099327394209353
790,490,0,6.099327394209353
-790,510,0,6.099327394209353
-770,510,0,6.099327394209353
-750,510,0,6.099327394209353
-730,510,0,6.099327394209353
-710,510,0,6.099327394209353
-690,510,0,6.099327394209353
-670,510,0,6.099327394209353
-650,510,0,6.099327394209353
-630,510,0,6.099327394209353
-610,510,0,6.099327394209353
-590,510,0,6.099327394209353
-570,510,0,6.099327394209353
-550,510,0,6.099327394209353
-530,510,0,6.099327394209353
-510,510,0,6.099327394209353
-490,510,0,6.099327394209353
-470,510,0,6.099327394209353
-450,510,0,6.099327394209353
-430,510,0,6.099327394209353
-410,510,0,6.099327394209353
-390,510,0,6.099327394209353
-370,510,0,6.099327394209353
-350,510,0,6.099327394209353
-330,510,0,6.099327394209353
-310,510,0,6.099327394209353
-290,510,0,6.099327394209353
-270,510,0,6.099327394209353
-250,510,0,6.099327394209353
-230,510,0,6.099327394209353
-210,510,0,6.099327394209353
-190,510,0,6.099327394209353
-170,510,0,6.099327394209353
-150,510,0,6.099327394209353
-130,510,0,6.099327394209353
-110,510,0,6.099327394209353
-90,510,0,6.099327394209353
-70,510,0,6.099327394209353
-50,510,0,6.099327394209353
-30,510,0,6.099327394209353
-10,510,0,6.099327394209353
10,510,0,6.099327394209353
30,510,0,6.099327394209353
50,510,0,6.099327394209353
70,510,0,6.099327394209353
90,510,0,6.099327394209353
110,510,0,6.099327394209353
130,510,0,6.099327394209353
150,510,0,6.099327394209353
170,510,0,6.099327394209353
190,510,0,6.099327394209353
210,510,0,6.099327394209353
230,510,0,6.099327394209353
250,510,0,6.099327394209353
270,510,0,6.099327394209353
290,510,0,6.099327394209353
310,510,0,6.099327394209353
330,510,0,6.099327394209353
350,510,0,6.099327394209353
370,510,0,6.099327394209353
390,510,0,6.099327394209353
410,510,0,6.099327394209353
430,510,0,6.099327394209353
450,510,0,6.099327394209353
470,510,0,6.099327394209353
490,510,0,6.099327394209353
510,510,0,6.099327394209353
530,510,0,6.099327394209353
550,510,0,6.099327394209353
570,510,0,6.099327394209353
590,510,0,6.099327394209353
610,510,0,6.099327394209353
630,510,0,6.099327394209353
650,510,0,6.099327394209353
670,510,0,6.099327394209353
690,510,0,6.099327394209353
710,510,0,6.099327394209353
730,510,0,6.099327394209353
750,510,0,6.099327394209353
770,510,0,6.099327394209353
790,510,0,6.099327394209353
-790,530,0,6.099327394209353
-770,530,0,6.099327394209353
-750,530,0,6.099327394209353
-730,530,0,6.099327394209353
-710,530,0,6.099327394209353
-690,530,0,6.099327394209353
-670,530,0,6.099327394209353
-650,530,0,6.099327394209353
-630,530,0,6.099327394209353
-610,530,0,6.099327394209353
-590,530,0,6.099327394209353
-570,530,0,6.099327394209353
-550,530,0,6.099327394209353
-530,530,0,6.099327394209353
-510,530,0,6.099327394209353
-490,530,0,6.099327394209353
-470,530,0,6.099327394209353
-450,530,0,6.099327394209353
-430,530,0,6.099327394209353
-410,530,0,6.099327394209353
-390,530,0,6.099327394209353
-370,530,0,6.099327394209353
-350,530,0,6.099327394209353
-330,530,0,6.099327394209353
-310,530,0,6.099327394209353
-290,530,0,6.099327394209353
-270,530,0,6.099327394209353
-250,530,0,6.099327394209353
-230,530,0,6.099327394209353
-210,530,0,6.099327394209353
-190,530,0,6.099327394209353
-170,530,0,6.099327394209353
-150,530,0,6.099327394209353
-130,530,0,6.099327394209353
-110,530,0,6.099327394209353
-90,530,0,6.099327394209353
-70,530,0,6.099327394209353
-50,530,0,6.099327394209353
-30,530,0,6.099327394209353
-10,530,0,6.099327394209353
10,530,0,6.099327394209353
30,530,0,6.099327394209353
50,530,0,6.099327394209353
70,530,0,6.099327394209353
90,530,0,6.099327394209353
110,530,0,6.099327394209353
130,530,0,6.099327394209353
150,530,0,6.099327394209353
170,530,0,6.099327394209353
190,530,0,6.099327394209353
210,530,0,6.099327394209353
230,530,0,6.099327394209353
250,530,0,6.099327394209353
270,530,0,6.099327394209353
290,530,0,6.099327394209353
310,530,0,6.099327394209353
330,530,0,6.099327394209353
350,530,0,6.099327394209353
370,530,0,6.099327394209353
390,530,0,6.099327394209353
410,530,0,6.099327394209353
430,530,0,6.099327394209353
450,530,0,6.099327394209353
470,530,0,6.099327394209353
490,530,0,6.099327394209353
510,530,0,6.099327394209353
530,530,0,6.099327394209353
550,530,0,6.099327394209353
570,530,0,6.099327394209353
590,530,0,6.099327394209353
610,530,0,6.099327394209353
630,530,0,6.099327394209353
650,530,0,6.099327394209353
670,530,0,6.099327394209353
690,530,0,6.099327394209353
710,530,0,6.099327394209353
730,530,0,6.099327394209353
750,530,0,6.099327394209353
770,530,0,6.099327394209353
790,530,0,6.099327394209353
-790,550,0,6.099327394209353
-770,550,0,6.099327394209353
-750,550,0,6.099327394209353
-730,550,0,6.099327394209353
-710,550,0,6.099327394209353
-690,550,0,6.099327394209353
-670,550,0,6.099327394209353
-650,550,0,6.099327394209353
-630,550,0,6.099327394209353
-610,550,0,6.099327394209353
-590,550,0,6.099327394209353
-570,550,0,6.099327394209353
-550,550,0,6.099327394209353
-530,550,0,6.099327394209353
-510,550,0,6.099327394209353
-490,550,0,6.099327394209353
-470,550,0,6.099327394209353
-450,550,0,6.099327394209353
-430,550,0,6.099327394209353
-410,550,0,6.099327394209353
-390,550,0,6.099327394209353
-370,550,0,6.099327394209353
-350,550,0,6.099327394209353
-330,550,0,6.099327394209353
-310,550,0,6.099327394209353
-290,550,0,6.099327394209353
-270,550,0,6.099327394209353
-250,550,0,6.099327394209353
-230,550,0,6.099327394209353
-210,550,0,6.099327394209353
-190,550,0,6.099327394209353
-170,550,0,6.099327394209353
-150,550,0,6.099327394209353
-130,550,0,6.099327394209353
-110,550,0,6.099327394209353
-90,550,0,6.099327394209353
-70,550,0,6.099327394209353
-50,550,0,6.099327394209353
-30,550,0,6.099327394209353
-10,550,0,6.099327394209353
10,550,0,6.099327394209353
30,550,0,6.099327394209353
50,550,0,6.099327394209353
70,550,0,6.099327394209353
90,550,0,6.099327394209353
110,550,0,6.099327394209353
130,550,0,6.099327394209353
150,550,0,6.099327394209353
170,550,0,6.099327394209353
190,550,0,6.099327394209353
210,550,0,6.099327394209353
230,550,0,6.099327394209353
250,550,0,6.099327394209353
270,550,0,6.099327394209353
290,550,0,6.099327394209353
310,550,0,6.099327394209353
330,550,0,6.099327394209353
350,550,0,6.099327394209353
370,550,0,6.099327394209353
390,550,0,6.099327394209353
410,550,0,6.099327394209353
430,550,0,6.099327394209353
450,550,0,6.099327394209353
470,550,0,6.099327394209353
490,550,0,6.099327394209353
510,550,0,6.099327394209353
530,550,0,6.099327394209353
550,550,0,6.099327394209353
570,550,0,6.099327394209353
590,550,0,6.099327394209353
610,550,0,6.099327394209353
630,550,0,6.099327394209353
650,550,0,6.099327394209353
670,550,0,6.099327394209353
690,550,0,6.099327394209353
710,550,0,6.099327394209353
730,550,0,6.099327394209353
750,550,0,6.099327394209353
770,550,0,6.099327394209353
790,550,0,6.099327394209353
-790,570,0,6.099327394209353
-770,570,0,6.099327394209353
-750,570,0,6.099327394209353
-730,570,0,6.099327394209353
-710,570,0,6.099327394209353
-690,570,0,6.099327394209353
-670,570,0,6.099327394209353
-650,570,0,6.099327394209353
-630,570,0,6.099327394209353
-610,570,0,6.099327394209353
-590,570,0,6.099327394209353
-570,570,0,6.099327394209353
-550,570,0,6.099327394209353
-530,570,0,6.099327394209353
-510,570,0,6.099327394209353
-490,570,0,6.099327394209353
-470,570,0,6.099327394209353
-450,570,0,6.099327394209353
-430,570,0,6.099327394209353
-410,570,0,6.099327394209353
-390,570,0,6.099327394209353
-370,570,0,6.099327394209353
-350,570,0,6.099327394209353
-330,570,0,6.099327394209353
-310,570,0,6.099327394209353
-290,570,0,6.099327394209353
-270,570,0,6.099327394209353
-250,570,0,6.099327394209353
-230,570,0,6.099327394209353
-210,570,0,6.099327394209353
-190,570,0,6.099327394209353
-170,570,0,6.099327394209353
-150,570,0,6.099327394209353
-130,570,0,6.099327394209353
-110,570,0,6.099327394209353
-90,570,0,6.099327394209353
-70,570,0,6.099327394209353
-50,570,0,6.099327394209353
-30,570,0,6.099327394209353
-10,570,0,6.099327394209353
10,570,0,6.099327394209353
30,570,0,6.099327394209353
50,570,0,6.099327394209353
70,570,0,6.099327394209353
90,570,0,6.099327394209353
110,570,0,6.099327394209353
130,570,0,6.099327394209353
150,570,0,6.099327394209353
170,570,0,6.099327394209353
190,570,0,6.099327394209353
210,570,0,6.099327394209353
230,570,0,6.099327394209353
250,570,0,6.099327394209353
270,570,0,6.099327394209353
290,570,0,6.099327394209353
310,570,0,6.099327394209353
330,570,0,6.099327394209353
350,570,0,6.099327394209353
370,570,0,6.099327394209353
390,570,0,6.099327394209353
410,570,0,6.099327394209353
430,570,0,6.099327394209353
450,570,0,6.099327394209353
470,570,0,6.099327394209353
490,570,0,6.099327394209353
510,570,0,6.099327394209353
530,570,0,6.099327394209353
550,570,0,6.099327394209353
570,570,0,6.099327394209353
590,570,0,6.099327394209353
610,570,0,6.099327394209353
630,570,0,6.099327394209353
650,570,0,6.099327394209353
670,570,0,6.099327394209353
690,570,0,6.099327394209353
710,570,0,6.099327394209353
730,570,0,6.099327394209353
750,570,0,6.099327394209353
770,570,0,6.099327394209353
790,570,0,6.099327394209353
-790,590,0,6.099327394209353
-770,590,0,6.099327394209353
-750,590,0,6.099327394209353
-730,590,0,6.099327394209353
-710,590,0,6.099327394209353
-690,590,0,6.099327394209353
-670,590,0,6.099327394209353
-650,590,0,6.099327394209353
-630,590,0,6.099327394209353
-610,590,0,6.099327394209353
-590,590,0,6.099327394209353
-570,590,0,6.099327394209353
-550,590,0,6.099327394209353
-530,590,0,6.099327394209353
-510,590,0,6.099327394209353
-490,590,0,6.099327394209353
-470,590,0,6.099327394209353
-450,590,0,6.099327394209353
-430,590,0,6.099327394209353
-410,590,0,6.099327394209353
-390,590,0,6.099327394209353
-370,590,0,6.099327394209353
-350,590,0,6.099327394209353
-330,590,0,6.099327394209353
-310,590,0,6.099327394209353
-290,590,0,6.099327394209353
-270,590,0,6.099327394209353
-250,590,0,6.099327394209353
-230,590,0,6.099327394209353
-210,590,0,6.099327394209353
-190,590,0,6.099327394209353
-170,590,0,6.099327394209353
-150,590,0,6.099327394209353
-130,590,0,6.099327394209353
-110,590,0,6.099327394209353
-90,590,0,6.099327394209353
-70,590,0,6.099327394209353
-50,590,0,6.099327394209353
-30,590,0,6.099327394209353
-10,590,0,6.099327394209353
10,590,0,6.099327394209353
30,590,0,6.099327394209353
50,590,0,6.099327394209353
70,590,0,6.099327394209353
90,590,0,6.099327394209353
110,590,0,6.099327394209353
130,590,0,6.099327394209353
150,590,0,6.099327394209353
170,590,0,6.099327394209353
190,590,0,6.099327394209353
210,590,0,6.099327394209353
230,590,0,6.099327394209353
250,590,0,6.099327394209353
270,590,0,6.099327394209353
290,590,0,6.099327394209353
310,590,0,6.099327394209353
330,590,0,6.099327394209353
350,590,0,6.099327394209353
370,590,0,6.099327394209353
390,590,0,6.099327394209353
410,590,0,6.099327394209353
430,590,0,6.099327394209353
450,590,0,6.099327394209353
470,590,0,6.099327394209353
490,590,0,6.099327394209353
510,590,0,6.099327394209353
530,590,0,6.099327394209353
550,590,0,6.099327394209353
570,590,0,6.099327394209353
590,590,0,6.099327394209353
610,590,0,6.099327394209353
630,590,0,6.099327394209353
650,590,0,6.099327394209353
670,590,0,6.099327394209353
690,590,0,6.099327394209353
710,590,0,6.099327394209353
730,590,0,6.099327394209353
750,590,0,6.099327394209353
770,590,0,6.099327394209353
790,590,0,6.099327394209353
-790,610,0,6.099327394209353
-770,610,0,6.099327394209353
-750,610,0,6.099327394209353
-730,610,0,6.099327394209353
-710,610,0,6.099327394209353
-690,610,0,6.099327394209353
-670,610,0,6.099327394209353
-650,610,0,6.099327394209353
-630,610,0,6.099327394209353
-610,610,0,6.099327394209353
-590,610,0,6.099327394209353
-570,610,0,6.099327394209353
-550,610,0,6.099327394209353
-530,610,0,6.099327394209353
-510,610,0,6.099327394209353
-490,610,0,6.099327394209353
-470,610,0,6.099327394209353
-450,610,0,6.099327394209353
-430,610,0,6.099327394209353
-410,610,0,6.099327394209353
-390,610,0,6.099327394209353
-370,610,0,6.099327394209353
-350,610,0,6.099327394209353
-330,610,0,6.099327394209353
-310,610,0,6.099327394209353
-290,610,0,6.099327394209353
-270,610,0,6.099327394209353
-250,610,0,6.099327394209353
-230,610,0,6.099327394209353
-210,610,0,6.099327394209353
-190,610,0,6.099327394209353
-170,610,0,6.099327394209353
-150,610,0,6.099327394209353
-130,610,0,6.099327394209353
-110,610,0,6.099327394209353
-90,610,0,6.099327394209353
-70,610,0,6.099327394209353
-50,610,0,6.099327394209353
-30,610,0,6.099327394209353
-10,610,0,6.099327394209353
10,610,0,6.099327394209353
30,610,0,6.099327394209353
50,610,0,6.099327394209353
70,610,0,6.099327394209353
90,610,0,6.099327394209353
110,610,0,6.099327394209353
130,610,0,6.099327394209353
150,610,0,6.099327394209353
170,610,0,6.099327394209353
190,610,0,6.099327394209353
210,610,0,6.099327394209353
230,610,0,6.099327394209353
250,610,0,6.099327394209353
270,610,0,6.099327394209353
290,610,0,6.099327394209353
310,610,0,6.099327394209353
330,610,0,6.099327394209353
350,610,0,6.099327394209353
370,610,0,6.099327394209353
390,610,0,6.099327394209353
410,610,0,6.099327394209353
430,610,0,6.099327394209353
450,610,0,6.099327394209353
470,610,0,6.099327394209353
490,610,0,6.099327394209353
510,610,0,6.099327394209353
530,610,0,6.099327394209353
550,610,0,6.099327394209353
570,610,0,6.099327394209353
590,610,0,6.099327394209353
610,610,0,6.099327394209353
630,610,0,6.099327394209353
650,610,0,6.099327394209353
670,610,0,6.099327394209353
690,610,0,6.099327394209353
710,610,0,6.099327394209353
730,610,0,6.099327394209353
750,610,0,6.099327394209353
770,610,0,6.099327394209353
790,610,0,6.099327394209353
-790,630,0,6.099327394209353
-770,630,0,6.099327394209353
-750,630,0,6.099327394209353
-730,630,0,6.099327394209353
-710,630,0,6.099327394209353
-690,630,0,6.099327394209353
-670,630,0,6.099327394209353
-650,630,0,6.099327394209353
-630,630,0,6.099327394209353
-610,630,0,6.099327394209353
-590,630,0,6.099327394209353
-570,630,0,6.099327394209353
-550,630,0,6.099327394209353
-530,630,0,6.099327394209353
-510,630,0,6.099327394209353
-490,630,0,6.099327394209353
-470,630,0,6.099327394209353
-450,630,0,6.099327394209353
-430,630,0,6.099327394209353
-410,630,0,6.099327394209353
-390,630,0,6.099327394209353
-370,630,0,6.099327394209353
-350,630,0,6.099327394209353
-330,630,0,6.099327394209353
-310,630,0,6.099327394209353
-290,630,0,6.099327394209353
-270,630,0,6.099327394209353
-250,630,0,6.099327394209353
-230,630,0,6.099327394209353
-210,630,0,6.099327394209353
-190,630,0,6.099327394209353
-170,630,0,6.099327394209353
-150,630,0,6.099327394209353
-130,630,0,6.099327394209353
-110,630,0,6.099327394209353
-90,630,0,6.099327394209353
-70,630,0,6.099327394209353
-50,630,0,6.099327394209353
-30,630,0,6.099327394209353
-10,630,0,6.099327394209353
10,630,0,6.099327394209353
30,630,0,6.099327394209353
50,630,0,6.099327394209353
70,630,0,6.099327394209353
90,630,0,6.099327394209353
110,630,0,6.099327394209353
130,630,0,6.099327394209353
150,630,0,6.099327394209353
170,630,0,6.099327394209353
190,630,0,6.099327394209353
210,630,0,6.099327394209353
230,630,0,6.099327394209353
250,630,0,6.099327394209353
270,630,0,6.099327394209353
290,630,0,6.099327394209353
310,630,0,6.099327394209353
330,630,0,6.099327394209353
350,630,0,6.099327394209353
370,630,0,6.099327394209353
390,630,0,6.099327394209353
410,630,0,6.099327394209353
430,630,0,6.099327394209353
450,630,0,6.099327394209353
470,630,0,6.099327394209353
490,630,0,6.099327394209353
510,630,0,6.099327394209353
530,630,0,6.099327394209353
550,630,0,6.099327394209353
570,630,0,6.099327394209353
590,630,0,6.099327394209353
610,630,0,6.099327394209353
630,630,0,6.099327394209353
650,630,0,6.099327394209353
670,630,0,6.099327394209353
690,630,0,6.099327394209353
710,630,0,6.099327394209353
730,630,0,6.099327394209353
750,630,0,6.099327394209353
770,630,0,6.099327394209353
790,630,0,6.099327394209353
-790,650,0,6.099327394209353
-770,650,0,6.099327394209353
-750,650,0,6.099327394209353
-730,650,0,6.099327394209353
-710,650,0,6.099327394209353
-690,650,0,6.099327394209353
-670,650,0,6.099327394209353
-650,650,0,6.099327394209353
-630,650,0,6.099327394209353
-610,650,0,6.099327394209353
-590,650,0,6.099327394209353
-570,650,0,6.099327394209353
-550,650,0,6.099327394209353
-530,650,0,6.099327394209353
-510,650,0,6.099327394209353
-490,650,0,6.099327394209353
-470,650,0,6.099327394209353
-450,650,0,6.099327394209353
-430,650,0,6.099327394209353
-410,650,0,6.099327394209353
-390,650,0,6.099327394209353
-370,650,0,6.099327394209353
-350,650,0,6.099327394209353
-330,650,0,6.099327394209353
-310,650,0,6.099327394209353
-290,650,0,6.099327394209353
-270,650,0,6.099327394209353
-250,650,0,6.099327394209353
-230,650,0,6.099327394209353
-210,650,0,6.099327394209353
-190,650,0,6.099327394209353
-170,650,0,6.099327394209353
-150,650,0,6.099327394209353
-130,650,0,6.099327394209353
-110,650,0,6.099327394209353
-90,650,0,6.099327394209353
-70,650,0,6.099327394209353
-50,650,0,6.099327394209353
-30,650,0,6.099327394209353
-10,650,0,6.099327394209353
10,650,0,6.099327394209353
30,650,0,6.099327394209353
50,650,0,6.099327394209353
70,650,0,6.099327394209353
90,650,0,6.099327394209353
110,650,0,6.099327394209353
130,650,0,6.099327394209353
150,650,0,6.099327394209353
170,650,0,6.099327394209353
190,650,0,6.099327394209353
210,650,0,6.099327394209353
230,650,0,6.099327394209353
250,650,0,6.099327394209353
270,650,0,6.099327394209353
290,650,0,6.099327394209353
310,650,0,6.099327394209353
330,650,0,6.099327394209353
350,650,0,6.099327394209353
370,650,0,6.099327394209353
390,650,0,6.099327394209353
410,650,0,6.099327394209353
430,650,0,6.099327394209353
450,650,0,6.099327394209353
470,650,0,6.099327394209353
490,650,0,6.099327394209353
510,650,0,6.099327394209353
530,650,0,6.099327394209353
550,650,0,6.099327394209353
570,650,0,6.099327394209353
590,650,0,6.099327394209353
610,650,0,6.099327394209353
630,650,0,6.099327394209353
650,650,0,6.099327394209353
670,650,0,6.099327394209353
690,650,0,6.099327394209353
710,650,0,6.099327394209353
730,650,0,6.099327394209353
750,650,0,6.099327394209353
770,650,0,6.099327394209353
790,650,0,6.099327394209353
-790,670,0,6.099327394209353
-770,670,0,6.099327394209353
-750,670,0,6.099327394209353
-730,670,0,6.099327394209353
-710,670,0,6.099327394209353
-690,670,0,6.099327394209353
-670,670,0,6.099327394209353
-650,670,0,6.099327394209353
-630,670,0,6.099327394209353
-610,670,0,6.099327394209353
-590,670,0,6.099327394209353
-570,670,0,6.099327394209353
-550,670,0,6.099327394209353
-530,670,0,6.099327394209353
-510,670,0,6.099327394209353
-490,670,0,6.099327394209353
-470,670,0,6.099327394209353
-450,670,0,6.099327394209353
-430,670,0,6.099327394209353
-410,670,0,6.099327394209353
-390,670,0,6.099327394209353
-370,670,0,6.099327394209353
-350,670,0,6.099327394209353
-330,670,0,6.099327394209353
-310,670,0,6.099327394209353
-290,670,0,6.099327394209353
-270,670,0,6.099327394209353
-250,670,0,6.099327394209353
-230,670,0,6.099327394209353
-210,670,0,6.099327394209353
-190,670,0,6.099327394209353
-170,670,0,6.099327394209353
-150,670,0,6.099327394209353
-130,670,0,6.099327394209353
-110,670,0,6.099327394209353
-90,670,0,6.099327394209353
-70,670,0,6.099327394209353
-50,670,0,6.099327394209353
-30,670,0,6.099327394209353
-10,670,0,6.099327394209353
10,670,0,6.099327394209353
30,670,0,6.099327394209353
50,670,0,6.099327394209353
70,670,0,6.099327394209353
90,670,0,6.099327394209353
110,670,0,6.099327394209353
130,670,0,6.099327394209353
150,670,0,6.099327394209353
170,670,0,6.099327394209353
190,670,0,6.099327394209353
210,670,0,6.099327394209353
230,670,0,6.099327394209353
250,670,0,6.099327394209353
270,670,0,6.099327394209353
290,670,0,6.099327394209353
310,670,0,6.099327394209353
330,670,0,6.099327394209353
350,670,0,6.099327394209353
370,670,0,6.099327394209353
390,670,0,6.099327394209353
410,670,0,6.099327394209353
430,670,0,6.099327394209353
450,670,0,6.099327394209353
470,670,0,6.099327394209353
490,670,0,6.099327394209353
510,670,0,6.099327394209353
530,670,0,6.099327394209353
550,670,0,6.099327394209353
570,670,0,6.099327394209353
590,670,0,6.099327394209353
610,670,0,6.099327394209353
630,670,0,6.099327394209353
650,670,0,6.099327394209353
670,670,0,6.099327394209353
690,670,0,6.099327394209353
710,670,0,6.099327394209353
730,670,0,6.099327394209353
750,670,0,6.099327394209353
770,670,0,6.099327394209353
790,670,0,6.099327394209353
-790,690,0,6.099327394209353
-770,690,0,6.099327394209353
-750,690,0,6.099327394209353
-730,690,0,6.099327394209353
-710,690,0,6.099327394209353
-690,690,0,6.099327394209353
-670,690,0,6.099327394209353
-650,690,0,6.099327394209353
-630,690,0,6.099327394209353
-610,690,0,6.099327394209353
-590,690,0,6.099327394209353
-570,690,0,6.099327394209353
-550,690,0,6.099327394209353
-530,690,0,6.099327394209353
-510,690,0,6.099327394209353
-490,690,0,6.099327394209353
-470,690,0,6.099327394209353
-450,690,0,6.099327394209353
-430,690,0,6.099327394209353
-410,690,0,6.099327394209353
-390,690,0,6.099327394209353
-370,690,0,6.099327394209353
-350,690,0,6.099327394209353
-330,690,0,6.099327394209353
-310,690,0,6.099327394209353
-290,690,0,6.099327394209353
-270,690,0,6.099327394209353
-250,690,0,6.099327394209353
-230,690,0,6.099327394209353
-210,690,0,6.099327394209353
-190,690,0,6.099327394209353
-170,690,0,6.099327394209353
-150,690,0,6.099327394209353
-130,690,0,6.099327394209353
-110,690,0,6.099327394209353
-90,690,0,6.099327394209353
-70,690,0,6.099327394209353
-50,690,0,6.099327394209353
-30,690,0,6.099327394209353
-10,690,0,6.099327394209353
10,690,0,6.099327394209353
30,690,0,6.099327394209353
50,690,0,6.099327394209353
70,690,0,6.099327394209353
90,690,0,6.099327394209353
110,690,0,6.099327394209353
130,690,0,6.099327394209353
150,690,0,6.099327394209353
170,690,0,6.099327394209353
190,690,0,6.099327394209353
210,690,0,6.099327394209353
230,690,0,6.099327394209353
250,690,0,6.099327394209353
270,690,0,6.099327394209353
290,690,0,6.099327394209353
310,690,0,6.099327394209353
330,690,0,6.099327394209353
350,690,0,6.099327394209353
370,690,0,6.099327394209353
390,690,0,6.099327394209353
410,690,0,6.099327394209353
430,690,0,6.099327394209353
450,690,0,6.099327394209353
470,690,0,6.099327394209353
490,690,0,6.099327394209353
510,690,0,6.099327394209353
530,690,0,6.099327394209353
550,690,0,6.099327394209353
570,690,0,6.099327394209353
590,690,0,6.099327394209353
610,690,0,6.099327394209353
630,690,0,6.099327394209353
650,690,0,6.099327394209353
670,690,0,6.099327394209353
690,690,0,6.099327394209353
710,690,0,6.099327394209353
730,690,0,6.099327394209353
750,690,0,6.099327394209353
770,690,0,6.099327394209353
790,690,0,6.099327394209353
-790,710,0,6.099327394209353
-770,710,0,6.099327394209353
-750,710,0,6.099327394209353
-730,710,0,6.099327394209353
-710,710,0,6.099327394209353
-690,710,0,6.099327394209353
-670,710,0,6.099327394209353
-650,710,0,6.099327394209353
-630,710,0,6.099327394209353
-610,710,0,6.099327394209353
-590,710,0,6.099327394209353
-570,710,0,6.099327394209353
-550,710,0,6.099327394209353
-530,710,0,6.099327394209353
-510,710,0,6.099327394209353
-490,710,0,6.099327394209353
-470,710,0,6.099327394209353
-450,710,0,6.099327394209353
-430,710,0,6.099327394209353
-410,710,0,6.099327394209353
-390,710,0,6.099327394209353
-370,710,0,6.099327394209353
-350,710,0,6.099327394209353
-330,710,0,6.099327394209353
-310,710,0,6.099327394209353
-290,710,0,6.099327394209353
-270,710,0,6.099327394209353
-250,710,0,6.099327394209353
-230,710,0,6.099327394209353
-210,710,0,6.099327394209353
-190,710,0,6.099327394209353
-170,710,0,6.099327394209353
-150,710,0,6.099327394209353
-130,710,0,6.099327394209353
-110,710,0,6.099327394209353
-90,710,0,6.099327394209353
-70,710,0,6.099327394209353
-50,710,0,6.099327394209353
-30,710,0,6.099327394209353
-10,710,0,6.099327394209353
10,710,0,6.099327394209353
30,710,0,6.099327394209353
50,710,0,6.099327394209353
70,710,0,6.099327394209353
90,710,0,6.099327394209353
110,710,0,6.099327394209353
130,710,0,6.099327394209353
150,710,0,6.099327394209353
170,710,0,6.099327394209353
190,710,0,6.099327394209353
210,710,0,6.099327394209353
230,710,0,6.099327394209353
250,710,0,6.099327394209353
270,710,0,6.099327394209353
290,710,0,6.099327394209353
310,710,0,6.099327394209353
330,710,0,6.099327394209353
350,710,0,6.099327394209353
370,710,0,6.099327394209353
390,710,0,6.099327394209353
410,710,0,6.099327394209353
430,710,0,6.099327394209353
450,710,0,6.099327394209353
470,710,0,6.099327394209353
490,710,0,6.099327394209353
510,710,0,6.099327394209353
530,710,0,6.099327394209353
550,710,0,6.099327394209353
570,710,0,6.099327394209353
590,710,0,6.099327394209353
610,710,0,6.099327394209353
630,710,0,6.099327394209353
650,710,0,6.099327394209353
670,710,0,6.099327394209353
690,710,0,6.099327394209353
710,710,0,6.099327394209353
730,710,0,6.099327394209353
750,710,0,6.099327394209353
770,710,0,6.099327394209353
790,710,0,6.099327394209353
-790,730,0,6.099327394209353
-770,730,0,6.099327394209353
-750,730,0,6.099327394209353
-730,730,0,6.099327394209353
-710,730,0,6.099327394209353
-690,730,0,6.099327394209353
-670,730,0,6.099327394209353
-650,730,0,6.099327394209353
-630,730,0,6.099327394209353
-610,730,0,6.099327394209353
-590,730,0,6.099327394209353
-570,730,0,6.099327394209353
-550,730,0,6.099327394209353
-530,730,0,6.099327394209353
-510,730,0,6.099327394209353
-490,730,0,6.099327394209353
-470,730,0,6.099327394209353
-450,730,0,6.099327394209353
-430,730,0,6.099327394209353
-410,730,0,6.099327394209353
-390,730,0,6.099327394209353
-370,730,0,6.099327394209353
-350,730,0,6.099327394209353
-330,730,0,6.099327394209353
-310,730,0,6.099327394209353
-290,730,0,6.099327394209353
-270,730,0,6.099327394209353
-250,730,0,6.099327394209353
-230,730,0,6.099327394209353
-210,730,0,6.099327394209353
-190,730,0,6.099327394209353
-170,730,0,6.099327394209353
-150,730,0,6.099327394209353
-130,730,0,6.099327394209353
-110,730,0,6.099327394209353
-90,730,0,6.099327394209353
-70,730,0,6.099327394209353
-50,730,0,6.099327394209353
-30,730,0,6.099327394209353
-10,730,0,6.099327394209353
10,730,0,6.099327394209353
30,730,0,6.099327394209353
50,730,0,6.099327394209353
70,730,0,6.099327394209353
90,730,0,6.099327394209353
110,730,0,6.099327394209353
130,730,0,6.099327394209353
150,730,0,6.099327394209353
170,730,0,6.099327394209353
190,730,0,6.099327394209353
210,730,0,6.099327394209353
230,730,0,6.099327394209353
250,730,0,6.099327394209353
270,730,0,6.099327394209353
290,730,0,6.099327394209353
310,730,0,6.099327394209353
330,730,0,6.099327394209353
350,730,0,6.099327394209353
370,730,0,6.099327394209353
390,730,0,6.099327394209353
410,730,0,6.099327394209353
430,730,0,6.099327394209353
450,730,0,6.099327394209353
470,730,0,6.099327394209353
490,730,0,6.099327394209353
510,730,0,6.099327394209353
530,730,0,6.099327394209353
550,730,0,6.099327394209353
570,730,0,6.099327394209353
590,730,0,6.099327394209353
610,730,0,6.099327394209353
630,730,0,6.099327394209353
650,730,0,6.099327394209353
670,730,0,6.099327394209353
690,730,0,6.099327394209353
710,730,0,6.099327394209353
730,730,0,6.099327394209353
750,730,0,6.099327394209353
770,730,0,6.099327394209353
790,730,0,6.099327394209353
-790,750,0,6.099327394209353
-770,750,0,6.099327394209353
-750,750,0,6.099327394209353
-730,750,0,6.099327394209353
-710,750,0,6.099327394209353
-690,750,0,6.099327394209353
-670,750,0,6.099327394209353
-650,750,0,6.099327394209353
-630,750,0,6.099327394209353
-610,750,0,6.099327394209353
-590,750,0,6.099327394209353
-570,750,0,6.099327394209353
-550,750,0,6.099327394209353
-530,750,0,6.099327394209353
-510,750,0,6.099327394209353
-490,750,0,6.099327394209353
-470,750,0,6.099327394209353
-450,750,0,6.099327394209353
-430,750,0,6.099327394209353
-410,750,0,6.099327394209353
-390,750,0,6.099327394209353
-370,750,0,6.099327394209353
-350,750,0,6.099327394209353
-330,750,0,6.099327394209353
-310,750,0,6.099327394209353
-290,750,0,6.099327394209353
-270,750,0,6.099327394209353
-250,750,0,6.099327394209353
-230,750,0,6.099327394209353
-210,750,0,6.099327394209353
-190,750,0,6.099327394209353
-170,750,0,6.099327394209353
-150,750,0,6.099327394209353
-130,750,0,6.099327394209353
-110,750,0,6.099327394209353
-90,750,0,6.099327394209353
-70,750,0,6.099327394209353
-50,750,0,6.099327394209353
-30,750,0,6.099327394209353
-10,750,0,6.099327394209353
10,750,0,6.099327394209353
30,750,0,6.099327394209353
50,750,0,6.099327394209353
70,750,0,6.099327394209353
90,750,0,6.099327394209353
110,750,0,6.099327394209353
130,750,0,6.099327394209353
150,750,0,6.099327394209353
170,750,0,6.099327394209353
190,750,0,6.099327394209353
210,750,0,6.099327394209353
230,750,0,6.099327394209353
250,750,0,6.099327394209353
270,750,0,6.099327394209353
290,750,0,6.099327394209353
310,750,0,6.099327394209353
330,750,0,6.099327394209353
350,750,0,6.099327394209353
370,750,0,6.099327394209353
390,750,0,6.099327394209353
410,750,0,6.099327394209353
430,750,0,6.099327394209353
450,750,0,6.099327394209353
470,750,0,6.099327394209353
490,750,0,6.099327394209353
510,750,0,6.099327394209353
530,750,0,6.099327394209353
550,750,0,6.099327394209353
570,750,0,6.099327394209353
590,750,0,6.099327394209353
610,750,0,6.099327394209353
630,750,0,6.099327394209353
650,750,0,6.099327394209353
670,750,0,6.099327394209353
690,750,0,6.099327394209353
710,750,0,6.099327394209353
730,750,0,6.099327394209353
750,750,0,6.099327394209353
770,750,0,6.099327394209353
790,750,0,6.099327394209353
-790,770,0,6.099327394209353
-770,770,0,6.099327394209353
-750,770,0,6.099327394209353
-730,770,0,6.099327394209353
-710,770,0,6.099327394209353
-690,770,0,6.099327394209353
-670,770,0,6.099327394209353
-650,770,0,6.099327394209353
-630,770,0,6.099327394209353
-610,770,0,6.099327394209353
-590,770,0,6.099327394209353
-570,770,0,6.099327394209353
-550,770,0,6.099327394209353
-530,770,0,6.099327394209353
-510,770,0,6.099327394209353
-490,770,0,6.099327394209353
-470,770,0,6.099327394209353
-450,770,0,6.099327394209353
-430,770,0,6.099327394209353
-410,770,0,6.099327394209353
-390,770,0,6.099327394209353
-370,770,0,6.099327394209353
-350,770,0,6.099327394209353
-330,770,0,6.099327394209353
-310,770,0,6.099327394209353
-290,770,0,6.099327394209353
-270,770,0,6.099327394209353
-250,770,0,6.099327394209353
-230,770,0,6.099327394209353
-210,770,0,6.099327394209353
-190,770,0,6.099327394209353
-170,770,0,6.099327394209353
-150,770,0,6.099327394209353
-130,770,0,6.099327394209353
-110,770,0,6.099327394209353
-90,770,0,6.099327394209353
-70,770,0,6.099327394209353
-50,770,0,6.099327394209353
-30,770,0,6.099327394209353
-10,770,0,6.099327394209353
10,770,0,6.099327394209353
30,770,0,6.099327394209353
50,770,0,6.099327394209353
70,770,0,6.099327394209353
90,770,0,6.099327394209353
110,770,0,6.099327394209353
130,770,0,6.099327394209353
150,770,0,6.099327394209353
170,770,0,6.099327394209353
190,770,0,6.099327394209353
210,770,0,6.099327394209353
230,770,0,6.099327394209353
250,770,0,6.099327394209353
270,770,0,6.099327394209353
290,770,0,6.099327394209353
310,770,0,6.099327394209353
330,770,0,6.099327394209353
350,770,0,6.099327394209353
370,770,0,6.099327394209353
390,770,0,6.099327394209353
410,770,0,6.099327394209353
430,770,0,6.099327394209353
450,770,0,6.099327394209353
470,770,0,6.099327394209353
490,770,0,6.099327394209353
510,770,0,6.099327394209353
530,770,0,6.099327394209353
550,770,0,6.099327394209353
570,770,0,6.099327394209353
590,770,0,6.099327394209353
610,770,0,6.099327394209353
630,770,0,6.099327394209353
650,770,0,6.099327394209353
670,770,0,6.099327394209353
690,770,0,6.099327394209353
710,770,0,6.099327394209353
730,770,0,6.099327394209353
750,770,0,6.099327394209353
770,770,0,6.099327394209353
790,770,0,6.099327394209353
-790,790,0,6.099327394209353
-770,790,0,6.099327394209353
-750,790,0,6.099327394209353
-730,790,0,6.099327394209353
-710,790,0,6.099327394209353
-690,790,0,6.099327394209353
-670,790,0,6.099327394209353
-650,790,0,6.099327394209353
-630,790,0,6.099327394209353
-610,790,0,6.099327394209353
-590,790,0,6.099327394209353
-570,790,0,6.099327394209353
-550,790,0,6.099327394209353
-530,790,0,6.099327394209353
-510,790,0,6.099327394209353
-490,790,0,6.099327394209353
-470,790,0,6.099327394209353
-450,790,0,6.099327394209353
-430,790,0,6.099327394209353
-410,790,0,6.099327394209353
-390,790,0,6.099327394209353
-370,790,0,6.099327394209353
-350,790,0,6.099327394209353
-330,790,0,6.099327394209353
-310,790,0,6.099327394209353
-290,790,0,6.099327394209353
-270,790,0,6.099327394209353
-250,790,0,6.099327394209353
-230,790,0,6.099327394209353
-210,790,0,6.099327394209353
-190,790,0,6.099327394209353
-170,790,0,6.099327394209353
-150,790,0,6.099327394209353
-130,790,0,6.099327394209353
-110,790,0,6.099327394209353
-90,790,0,6.099327394209353
-70,790,0,6.099327394209353
-50,790,0,6.099327394209353
-30,790,0,6.099327394209353
-10,790,0,6.099327394209353
10,790,0,6.099327394209353
30,790,0,6.099327394209353
50,790,0,6.099327394209353
70,790,0,6.099327394209353
90,790,0,6.099327394209353
110,790,0,6.099327394209353
130,790,0,6.099327394209353
150,790,0,6.099327394209353
170,790,0,6.099327394209353
190,790,0,6.099327394209353
210,790,0,6.099327394209353
230,790,0,6.099327394209353
250,790,0,6.099327394209353
270,790,0,6.099327394209353
290,790,0,6.099327394209353
310,790,0,6.099327394209353
330,790,0,6.099327394209353
350,790,0,6.099327394209353
370,790,0,6.099327394209353
390,790,0,6.099327394209353
410,790,0,6.099327394209353
430,790,0,6.099327394209353
450,790,0,6.099327394209353
470,790,0,6.099327394209353
490,790,0,6.099327394209353
510,790,0,6.099327394209353
530,790,0,6.099327394209353
550,790,0,6.099327394209353
570,790,0,6.099327394209353
590,790,0,6.099327394209353
610,790,0,6.099327394209353
630,790,0,6.099327394209353
650,790,0,6.099327394209353
670,790,0,6.099327394209353
690,790,0,6.099327394209353
710,790,0,6.099327394209353
730,790,0,6.099327394209353
750,790,0,6.099327394209353
770,790,0,6.099327394209353
790,790,0,6.099327394209353
