x,y,z,ecm
-790,-790,0,5.628925182528492
-770,-790,0,5.628925182528492
-750,-790,0,5.628925182528492
-730,-790,0,5.628925182528492
-710,-790,0,5.628925182528492
-690,-790,0,5.628925182528492
-670,-790,0,5.628925182528492
-650,-790,0,5.628925182528492
-630,-790,0,5.628925182528492
-610,-790,0,5.628925182528492
-590,-790,0,5.628925182528492
-570,-790,0,5.628925182528492
-550,-790,0,5.628925182528492
-530,-790,0,5.628925182528492
-510,-790,0,5.628925182528492
-490,-790,0,5.628925182528492
-470,-790,0,5.628925182528492
-450,-790,0,5.628925182528492
-430,-790,0,5.628925182528492
-410,-790,0,5.628925182528492
-390,-790,0,5.628925182528492
-370,-790,0,5.628925182528492
-350,-790,0,5.628925182528492
-330,-790,0,5.628925182528492
-310,-790,0,5.628925182528492
-290,-790,0,5.628925182528492
-270,-790,0,5.628925182528492
-250,-790,0,5.628925182528492
-230,-790,0,5.628925182528492
-210,-790,0,5.628925182528492
-190,-790,0,5.628925182528492
-170,-790,0,5.628925182528492
-150,-790,0,5.628925182528492
-130,-790,0,5.628925182528492
-110,-790,0,5.628925182528492
-90,-790,0,5.628925182528492
-70,-790,0,5.628925182528492
-50,-790,0,5.628925182528492
-30,-790,0,5.628925182528492
-10,-790,0,5.628925182528492
10,-790,0,5.628925182528492
30,-790,0,5.628925182528492
50,-790,0,5.628925182528492
70,-790,0,5.628925182528492
90,-790,0,5.628925182528492
110,-790,0,5.628925182528492
130,-790,0,5.628925182528492
150,-790,0,5.628925182528492
170,-790,0,5.628925182528492
190,-790,0,5.628925182528492
210,-790,0,5.628925182528492
230,-790,0,5.628925182528492
250,-790,0,5.628925182528492
270,-790,0,5.628925182528492
290,-790,0,5.628925182528492
310,-790,0,5.628925182528492
330,-790,0,5.628925182528492
350,-790,0,5.628925182528492
370,-790,0,5.628925182528492
390,-790,0,5.628925182528492
410,-790,0,5.628925182528492
430,-790,0,5.628925182528492
450,-790,0,5.628925182528492
470,-790,0,5.628925182528492
490,-790,0,5.628925182528492
510,-790,0,5.628925182528492
530,-790,0,5.628925182528492
550,-790,0,5.628925182528492
570,-790,0,5.628925182528492
590,-790,0,5.628925182528492
610,-790,0,5.628925182528492
630,-790,0,5.628925182528492
650,-790,0,5.628925182528492
670,-790,0,5.628925182528492
690,-790,0,5.628925182528492
710,-790,0,5.628925182528492
730,-790,0,5.628925182528492
750,-790,0,5.628925182528492
770,-790,0,5.628925182528492
790,-790,0,5.628925182528492
-790,-770,0,5.628925182528492
-770,-770,0,5.628925182528492
-750,-770,0,5.628925182528492
-730,-770,0,5.628925182528492
-710,-770,0,5.628925182528492
-690,-770,0,5.628925182528492
-670,-770,0,5.628925182528492
-650,-770,0,5.628925182528492
-630,-770,0,5.628925182528492
-610,-770,0,5.628925182528492
-590,-770,0,5.628925182528492
-570,-770,0,5.628925182528492
-550,-770,0,5.628925182528492
-530,-770,0,5.628925182528492
-510,-770,0,5.628925182528492
-490,-770,0,5.628925182528492
-470,-770,0,5.628925182528492
-450,-770,0,5.628925182528492
-430,-770,0,5.628925182528492
-410,-770,0,5.628925182528492
-390,-770,0,5.628925182528492
-370,-770,0,5.628925182528492
-350,-770,0,5.628925182528492
-330,-770,0,5.628925182528492
-310,-770,0,5.628925182528492
-290,-770,0,5.628925182528492
-270,-770,0,5.628925182528492
-250,-770,0,5.628925182528492
-230,-770,0,5.628925182528492
-210,-770,0,5.628925182528492
-190,-770,0,5.628925182528492
-170,-770,0,5.628925182528492
-150,-770,0,5.628925182528492
-130,-770,0,5.628925182528492
-110,-770,0,5.628925182528492
-90,-770,0,5.628925182528492
-70,-770,0,5.628925182528492
-50,-770,0,5.628925182528492
-30,-770,0,5.628925182528492
-10,-770,0,5.628925182528492
10,-770,0,5.628925182528492
30,-770,0,5.628925182528492
50,-770,0,5.628925182528492
70,-770,0,5.628925182528492
90,-770,0,5.628925182528492
110,-770,0,5.628925182528492
130,-770,0,5.628925182528492
150,-770,0,5.628925182528492
170,-770,0,5.628925182528492
190,-770,0,5.628925182528492
210,-770,0,5.628925182528492
230,-770,0,5.628925182528492
250,-770,0,5.628925182528492
270,-770,0,5.628925182528492
290,-770,0,5.628925182528492
310,-770,0,5.628925182528492
330,-770,0,5.628925182528492
350,-770,0,5.628925182528492
370,-770,0,5.628925182528492
390,-770,0,5.628925182528492
410,-770,0,5.628925182528492
430,-770,0,5.628925182528492
450,-770,0,5.628925182528492
470,-770,0,5.628925182528492
490,-770,0,5.628925182528492
510,-770,0,5.628925182528492
530,-770,0,5.628925182528492
550,-770,0,5.628925182528492
570,-770,0,5.628925182528492
590,-770,0,5.628925182528492
610,-770,0,5.628925182528492
630,-770,0,5.628925182528492
650,-770,0,5.628925182528492
670,-770,0,5.628925182528492
690,-770,0,5.628925182528492
710,-770,0,5.628925182528492
730,-770,0,5.628925182528492
750,-770,0,5.628925182528492
770,-770,0,5.628925182528492
790,-770,0,5.628925182528492
-790,-750,0,5.628925182528492
-770,-750,0,5.628925182528492
-750,-750,0,5.628925182528492
-730,-750,0,5.628925182528492
-710,-750,0,5.628925182528492
-690,-750,0,5.628925182528492
-670,-750,0,5.628925182528492
-650,-750,0,5.628925182528492
-630,-750,0,5.628925182528492
-610,-750,0,5.628925182528492
-590,-750,0,5.628925182528492
-570,-750,0,5.628925182528492
-550,-750,0,5.628925182528492
-530,-750,0,5.628925182528492
-510,-750,0,5.628925182528492
-490,-750,0,5.628925182528492
-470,-750,0,5.628925182528492
-450,-750,0,5.628925182528492
-430,-750,0,5.628925182528492
-410,-750,0,5.628925182528492
-390,-750,0,5.628925182528492
-370,-750,0,5.628925182528492
-350,-750,0,5.628925182528492
-330,-750,0,5.628925182528492
-310,-750,0,5.628925182528492
-290,-750,0,5.628925182528492
-270,-750,0,5.628925182528492
-250,-750,0,5.628925182528492
-230,-750,0,5.628925182528492
-210,-750,0,5.628925182528492
-190,-750,0,5.628925182528492
-170,-750,0,5.628925182528492
-150,-750,0,5.628925182528492
-130,-750,0,5.628925182528492
-110,-750,0,5.628925182528492
-90,-750,0,5.628925182528492
-70,-750,0,5.628925182528492
-50,-750,0,5.628925182528492
-30,-750,0,5.628925182528492
-10,-750,0,5.628925182528492
10,-750,0,5.628925182528492
30,-750,0,5.628925182528492
50,-750,0,5.628925182528492
70,-750,0,5.628925182528492
90,-750,0,5.628925182528492
110,-750,0,5.628925182528492
130,-750,0,5.628925182528492
150,-750,0,5.628925182528492
170,-750,0,5.628925182528492
190,-750,0,5.628925182528492
210,-750,0,5.628925182528492
230,-750,0,5.628925182528492
250,-750,0,5.628925182528492
270,-750,0,5.628925182528492
290,-750,0,5.628925182528492
310,-750,0,5.628925182528492
330,-750,0,5.628925182528492
350,-750,0,5.628925182528492
370,-750,0,5.628925182528492
390,-750,0,5.628925182528492
410,-750,0,5.628925182528492
430,-750,0,5.628925182528492
450,-750,0,5.628925182528492
470,-750,0,5.628925182528492
490,-750,0,5.628925182528492
510,-750,0,5.628925182528492
530,-750,0,5.628925182528492
550,-750,0,5.628925182528492
570,-750,0,5.628925182528492
590,-750,0,5.628925182528492
610,-750,0,5.628925182528492
630,-750,0,5.628925182528492
650,-750,0,5.628925182528492
670,-750,0,5.628925182528492
690,-750,0,5.628925182528492
710,-750,0,5.628925182528492
730,-750,0,5.628925182528492
750,-750,0,5.628925182528492
770,-750,0,5.628925182528492
790,-750,0,5.628925182528492
-790,-730,0,5.628925182528492
-770,-730,0,5.628925182528492
-750,-730,0,5.628925182528492
-730,-730,0,5.628925182528492
-710,-730,0,5.628925182528492
-690,-730,0,5.628925182528492
-670,-730,0,5.628925182528492
-650,-730,0,5.628925182528492
-630,-730,0,5.628925182528492
-610,-730,0,5.628925182528492
-590,-730,0,5.628925182528492
-570,-730,0,5.628925182528492
-550,-730,0,5.628925182528492
-530,-730,0,5.628925182528492
-510,-730,0,5.628925182528492
-490,-730,0,5.628925182528492
-470,-730,0,5.628925182528492
-450,-730,0,5.628925182528492
-430,-730,0,5.628925182528492
-410,-730,0,5.628925182528492
-390,-730,0,5.628925182528492
-370,-730,0,5.628925182528492
-350,-730,0,5.628925182528492
-330,-730,0,5.628925182528492
-310,-730,0,5.628925182528492
-290,-730,0,5.628925182528492
-270,-730,0,5.628925182528492
-250,-730,0,5.628925182528492
-230,-730,0,5.628925182528492
-210,-730,0,5.628925182528492
-190,-730,0,5.628925182528492
-170,-730,0,5.628925182528492
-150,-730,0,5.628925182528492
-130,-730,0,5.628925182528492
-110,-730,0,5.628925182528492
-90,-730,0,5.628925182528492
-70,-730,0,5.628925182528492
-50,-730,0,5.628925182528492
-30,-730,0,5.628925182528492
-10,-730,0,5.628925182528492
10,-730,0,5.628925182528492
30,-730,0,5.628925182528492
50,-730,0,5.628925182528492
70,-730,0,5.628925182528492
90,-730,0,5.628925182528492
110,-730,0,5.628925182528492
130,-730,0,5.628925182528492
150,-730,0,5.628925182528492
170,-730,0,5.628925182528492
190,-730,0,5.628925182528492
210,-730,0,5.628925182528492
230,-730,0,5.628925182528492
250,-730,0,5.628925182528492
270,-730,0,5.628925182528492
290,-730,0,5.628925182528492
310,-730,0,5.628925182528492
330,-730,0,5.628925182528492
350,-730,0,5.628925182528492
370,-730,0,5.628925182528492
390,-730,0,5.628925182528492
410,-730,0,5.628925182528492
430,-730,0,5.628925182528492
450,-730,0,5.628925182528492
470,-730,0,5.628925182528492
490,-730,0,5.628925182528492
510,-730,0,5.628925182528492
530,-730,0,5.628925182528492
550,-730,0,5.628925182528492
570,-730,0,5.628925182528492
590,-730,0,5.628925182528492
610,-730,0,5.628925182528492
630,-730,0,5.628925182528492
650,-730,0,5.628925182528492
670,-730,0,5.628925182528492
690,-730,0,5.628925182528492
710,-730,0,5.628925182528492
730,-730,0,5.628925182528492
750,-730,0,5.628925182528492
770,-730,0,5.628925182528492
790,-730,0,5.628925182528492
-790,-710,0,5.628925182528492
-770,-710,0,5.628925182528492
-750,-710,0,5.628925182528492
-730,-710,0,5.628925182528492
-710,-710,0,5.628925182528492
-690,-710,0,5.628925182528492
-670,-710,0,5.628925182528492
-650,-710,0,5.628925182528492
-630,-710,0,5.628925182528492
-610,-710,0,5.628925182528492
-590,-710,0,5.628925182528492
-570,-710,0,5.628925182528492
-550,-710,0,5.628925182528492
-530,-710,0,5.628925182528492
-510,-710,0,5.628925182528492
-490,-710,0,5.628925182528492
-470,-710,0,5.628925182528492
-450,-710,0,5.628925182528492
-430,-710,0,5.628925182528492
-410,-710,0,5.628925182528492
-390,-710,0,5.628925182528492
-370,-710,0,5.628925182528492
-350,-710,0,5.628925182528492
-330,-710,0,5.628925182528492
-310,-710,0,5.628925182528492
-290,-710,0,5.628925182528492
-270,-710,0,5.628925182528492
-250,-710,0,5.628925182528492
-230,-710,0,5.628925182528492
-210,-710,0,5.628925182528492
-190,-710,0,5.628925182528492
-170,-710,0,5.628925182528492
-150,-710,0,5.628925182528492
-130,-710,0,5.628925182528492
-110,-710,0,5.628925182528492
-90,-710,0,5.628925182528492
-70,-710,0,5.628925182528492
-50,-710,0,5.628925182528492
-30,-710,0,5.628925182528492
-10,-710,0,5.628925182528492
10,-710,0,5.628925182528492
30,-710,0,5.628925182528492
50,-710,0,5.628925182528492
70,-710,0,5.628925182528492
90,-710,0,5.628925182528492
110,-710,0,5.628925182528492
130,-710,0,5.628925182528492
150,-710,0,5.628925182528492
170,-710,0,5.628925182528492
190,-710,0,5.628925182528492
210,-710,0,5.628925182528492
230,-710,0,5.628925182528492
250,-710,0,5.628925182528492
270,-710,0,5.628925182528492
290,-710,0,5.628925182528492
310,-710,0,5.628925182528492
330,-710,0,5.628925182528492
350,-710,0,5.628925182528492
370,-710,0,5.628925182528492
390,-710,0,5.628925182528492
410,-710,0,5.628925182528492
430,-710,0,5.628925182528492
450,-710,0,5.628925182528492
470,-710,0,5.628925182528492
490,-710,0,5.628925182528492
510,-710,0,5.628925182528492
530,-710,0,5.628925182528492
550,-710,0,5.628925182528492
570,-710,0,5.628925182528492
590,-710,0,5.628925182528492
610,-710,0,5.628925182528492
630,-710,0,5.628925182528492
650,-710,0,5.628925182528492
670,-710,0,5.628925182528492
690,-710,0,5.628925182528492
710,-710,0,5.628925182528492
730,-710,0,5.628925182528492
750,-710,0,5.628925182528492
770,-710,0,5.628925182528492
790,-710,0,5.628925182528492
-790,-690,0,5.628925182528492
-770,-690,0,5.628925182528492
-750,-690,0,5.628925182528492
-730,-690,0,5.628925182528492
-710,-690,0,5.628925182528492
-690,-690,0,5.628925182528492
-670,-690,0,5.628925182528492
-650,-690,0,5.628925182528492
-630,-690,0,5.628925182528492
-610,-690,0,5.628925182528492
-590,-690,0,5.628925182528492
-570,-690,0,5.628925182528492
-550,-690,0,5.628925182528492
-530,-690,0,5.628925182528492
-510,-690,0,5.628925182528492
-490,-690,0,5.628925182528492
-470,-690,0,5.628925182528492
-450,-690,0,5.628925182528492
-430,-690,0,5.628925182528492
-410,-690,0,5.628925182528492
-390,-690,0,5.628925182528492
-370,-690,0,5.628925182528492
-350,-690,0,5.628925182528492
-330,-690,0,5.628925182528492
-310,-690,0,5.628925182528492
-290,-690,0,5.628925182528492
-270,-690,0,5.628925182528492
-250,-690,0,5.628925182528492
-230,-690,0,5.628925182528492
-210,-690,0,5.628925182528492
-190,-690,0,5.628925182528492
-170,-690,0,5.628925182528492
-150,-690,0,5.628925182528492
-130,-690,0,5.628925182528492
-110,-690,0,5.628925182528492
-90,-690,0,5.628925182528492
-70,-690,0,5.628925182528492
-50,-690,0,5.628925182528492
-30,-690,0,5.628925182528492
-10,-690,0,5.628925182528492
10,-690,0,5.628925182528492
30,-690,0,5.628925182528492
50,-690,0,5.628925182528492
70,-690,0,5.628925182528492
90,-690,0,5.628925182528492
110,-690,0,5.628925182528492
130,-690,0,5.628925182528492
150,-690,0,5.628925182528492
170,-690,0,5.628925182528492
190,-690,0,5.628925182528492
210,-690,0,5.628925182528492
230,-690,0,5.628925182528492
250,-690,0,5.628925182528492
270,-690,0,5.628925182528492
290,-690,0,5.628925182528492
310,-690,0,5.628925182528492
330,-690,0,5.628925182528492
350,-690,0,5.628925182528492
370,-690,0,5.628925182528492
390,-690,0,5.628925182528492
410,-690,0,5.628925182528492
430,-690,0,5.628925182528492
450,-690,0,5.628925182528492
470,-690,0,5.628925182528492
490,-690,0,5.628925182528492
510,-690,0,5.628925182528492
530,-690,0,5.628925182528492
550,-690,0,5.628925182528492
570,-690,0,5.628925182528492
590,-690,0,5.628925182528492
610,-690,0,5.628925182528492
630,-690,0,5.628925182528492
650,-690,0,5.628925182528492
670,-690,0,5.628925182528492
690,-690,0,5.628925182528492
710,-690,0,5.628925182528492
730,-690,0,5.628925182528492
750,-690,0,5.628925182528492
770,-690,0,5.628925182528492
790,-690,0,5.628925182528492
-790,-670,0,5.628925182528492
-770,-670,0,5.628925182528492
-750,-670,0,5.628925182528492
-730,-670,0,5.628925182528492
-710,-670,0,5.628925182528492
-690,-670,0,5.628925182528492
-670,-670,0,5.628925182528492
-650,-670,0,5.628925182528492
-630,-670,0,5.628925182528492
-610,-670,0,5.628925182528492
-590,-670,0,5.628925182528492
-570,-670,0,5.628925182528492
-550,-670,0,5.628925182528492
-530,-670,0,5.628925182528492
-510,-670,0,5.628925182528492
-490,-670,0,5.628925182528492
-470,-670,0,5.628925182528492
-450,-670,0,5.628925182528492
-430,-670,0,5.628925182528492
-410,-670,0,5.628925182528492
-390,-670,0,5.628925182528492
-370,-670,0,5.628925182528492
-350,-670,0,5.628925182528492
-330,-670,0,5.628925182528492
-310,-670,0,5.628925182528492
-290,-670,0,5.628925182528492
-270,-670,0,5.628925182528492
-250,-670,0,5.628925182528492
-230,-670,0,5.628925182528492
-210,-670,0,5.628925182528492
-190,-670,0,5.628925182528492
-170,-670,0,5.628925182528492
-150,-670,0,5.628925182528492
-130,-670,0,5.628925182528492
-110,-670,0,5.628925182528492
-90,-670,0,5.628925182528492
-70,-670,0,5.628925182528492
-50,-670,0,5.628925182528492
-30,-670,0,5.628925182528492
-10,-670,0,5.628925182528492
10,-670,0,5.628925182528492
30,-670,0,5.628925182528492
50,-670,0,5.628925182528492
70,-670,0,5.628925182528492
90,-670,0,5.628925182528492
110,-670,0,5.628925182528492
130,-670,0,5.628925182528492
150,-670,0,5.628925182528492
170,-670,0,5.628925182528492
190,-670,0,5.628925182528492
210,-670,0,5.628925182528492
230,-670,0,5.628925182528492
250,-670,0,5.628925182528492
270,-670,0,5.628925182528492
290,-670,0,5.628925182528492
310,-670,0,5.628925182528492
330,-670,0,5.628925182528492
350,-670,0,5.628925182528492
370,-670,0,5.628925182528492
390,-670,0,5.628925182528492
410,-670,0,5.628925182528492
430,-670,0,5.628925182528492
450,-670,0,5.628925182528492
470,-670,0,5.628925182528492
490,-670,0,5.628925182528492
510,-670,0,5.628925182528492
530,-670,0,5.628925182528492
550,-670,0,5.628925182528492
570,-670,0,5.628925182528492
590,-670,0,5.628925182528492
610,-670,0,5.628925182528492
630,-670,0,5.628925182528492
650,-670,0,5.628925182528492
670,-670,0,5.628925182528492
690,-670,0,5.628925182528492
710,-670,0,5.628925182528492
730,-670,0,5.628925182528492
750,-670,0,5.628925182528492
770,-670,0,5.628925182528492
790,-670,0,5.628925182528492
-790,-650,0,5.628925182528492
-770,-650,0,5.628925182528492
-750,-650,0,5.628925182528492
-730,-650,0,5.628925182528492
-710,-650,0,5.628925182528492
-690,-650,0,5.628925182528492
-670,-650,0,5.628925182528492
-650,-650,0,5.628925182528492
-630,-650,0,5.628925182528492
-610,-650,0,5.628925182528492
-590,-650,0,5.628925182528492
-570,-650,0,5.628925182528492
-550,-650,0,5.628925182528492
-530,-650,0,5.628925182528492
-510,-650,0,5.628925182528492
-490,-650,0,5.628925182528492
-470,-650,0,5.628925182528492
-450,-650,0,5.628925182528492
-430,-650,0,5.628925182528492
-410,-650,0,5.628925182528492
-390,-650,0,5.628925182528492
-370,-650,0,5.628925182528492
-350,-650,0,5.628925182528492
-330,-650,0,5.628925182528492
-310,-650,0,5.628925182528492
-290,-650,0,5.628925182528492
-270,-650,0,5.628925182528492
-250,-650,0,5.628925182528492
-230,-650,0,5.628925182528492
-210,-650,0,5.628925182528492
-190,-650,0,5.628925182528492
-170,-650,0,5.628925182528492
-150,-650,0,5.628925182528492
-130,-650,0,5.628925182528492
-110,-650,0,5.628925182528492
-90,-650,0,5.628925182528492
-70,-650,0,5.628925182528492
-50,-650,0,5.628925182528492
-30,-650,0,5.628925182528492
-10,-650,0,5.628925182528492
10,-650,0,5.628925182528492
30,-650,0,5.628925182528492
50,-650,0,5.628925182528492
70,-650,0,5.628925182528492
90,-650,0,5.628925182528492
110,-650,0,5.628925182528492
130,-650,0,5.628925182528492
150,-650,0,5.628925182528492
170,-650,0,5.628925182528492
190,-650,0,5.628925182528492
210,-650,0,5.628925182528492
230,-650,0,5.628925182528492
250,-650,0,5.628925182528492
270,-650,0,5.628925182528492
290,-650,0,5.628925182528492
310,-650,0,5.628925182528492
330,-650,0,5.628925182528492
350,-650,0,5.628925182528492
370,-650,0,5.628925182528492
390,-650,0,5.628925182528492
410,-650,0,5.628925182528492
430,-650,0,5.628925182528492
450,-650,0,5.628925182528492
470,-650,0,5.628925182528492
490,-650,0,5.628925182528492
510,-650,0,5.628925182528492
530,-650,0,5.628925182528492
550,-650,0,5.628925182528492
570,-650,0,5.628925182528492
590,-650,0,5.628925182528492
610,-650,0,5.628925182528492
630,-650,0,5.628925182528492
650,-650,0,5.628925182528492
670,-650,0,5.628925182528492
690,-650,0,5.628925182528492
710,-650,0,5.628925182528492
730,-650,0,5.628925182528492
750,-650,0,5.628925182528492
770,-650,0,5.628925182528492
790,-650,0,5.628925182528492
-790,-630,0,5.628925182528492
-770,-630,0,5.628925182528492
-750,-630,0,5.628925182528492
-730,-630,0,5.628925182528492
-710,-630,0,5.628925182528492
-690,-630,0,5.628925182528492
-670,-630,0,5.628925182528492
-650,-630,0,5.628925182528492
-630,-630,0,5.628925182528492
-610,-630,0,5.628925182528492
-590,-630,0,5.628925182528492
-570,-630,0,5.628925182528492
-550,-630,0,5.628925182528492
-530,-630,0,5.628925182528492
-510,-630,0,5.628925182528492
-490,-630,0,5.628925182528492
-470,-630,0,5.628925182528492
-450,-630,0,5.628925182528492
-430,-630,0,5.628925182528492
-410,-630,0,5.628925182528492
-390,-630,0,5.628925182528492
-370,-630,0,5.628925182528492
-350,-630,0,5.628925182528492
-330,-630,0,5.628925182528492
-310,-630,0,5.628925182528492
-290,-630,0,5.628925182528492
-270,-630,0,5.628925182528492
-250,-630,0,5.628925182528492
-230,-630,0,5.628925182528492
-210,-630,0,5.628925182528492
-190,-630,0,5.628925182528492
-170,-630,0,5.628925182528492
-150,-630,0,5.628925182528492
-130,-630,0,5.628925182528492
-110,-630,0,5.628925182528492
-90,-630,0,5.628925182528492
-70,-630,0,5.628925182528492
-50,-630,0,5.628925182528492
-30,-630,0,5.628925182528492
-10,-630,0,5.628925182528492
10,-630,0,5.628925182528492
30,-630,0,5.628925182528492
50,-630,0,5.628925182528492
70,-630,0,5.628925182528492
90,-630,0,5.628925182528492
110,-630,0,5.628925182528492
130,-630,0,5.628925182528492
150,-630,0,5.628925182528492
170,-630,0,5.628925182528492
190,-630,0,5.628925182528492
210,-630,0,5.628925182528492
230,-630,0,5.628925182528492
250,-630,0,5.628925182528492
270,-630,0,5.628925182528492
290,-630,0,5.628925182528492
310,-630,0,5.628925182528492
330,-630,0,5.628925182528492
350,-630,0,5.628925182528492
370,-630,0,5.628925182528492
390,-630,0,5.628925182528492
410,-630,0,5.628925182528492
430,-630,0,5.628925182528492
450,-630,0,5.628925182528492
470,-630,0,5.628925182528492
490,-630,0,5.628925182528492
510,-630,0,5.628925182528492
530,-630,0,5.628925182528492
550,-630,0,5.628925182528492
570,-630,0,5.628925182528492
590,-630,0,5.628925182528492
610,-630,0,5.628925182528492
630,-630,0,5.628925182528492
650,-630,0,5.628925182528492
670,-630,0,5.628925182528492
690,-630,0,5.628925182528492
710,-630,0,5.628925182528492
730,-630,0,5.628925182528492
750,-630,0,5.628925182528492
770,-630,0,5.628925182528492
790,-630,0,5.628925182528492
-790,-610,0,5.628925182528492
-770,-610,0,5.628925182528492
-750,-610,0,5.628925182528492
-730,-610,0,5.628925182528492
-710,-610,0,5.628925182528492
-690,-610,0,5.628925182528492
-670,-610,0,5.628925182528492
-650,-610,0,5.628925182528492
-630,-610,0,5.628925182528492
-610,-610,0,5.628925182528492
-590,-610,0,5.628925182528492
-570,-610,0,5.628925182528492
-550,-610,0,5.628925182528492
-530,-610,0,5.628925182528492
-510,-610,0,5.628925182528492
-490,-610,0,5.628925182528492
-470,-610,0,5.628925182528492
-450,-610,0,5.628925182528492
-430,-610,0,5.628925182528492
-410,-610,0,5.628925182528492
-390,-610,0,5.628925182528492
-370,-610,0,5.628925182528492
-350,-610,0,5.628925182528492
-330,-610,0,5.628925182528492
-310,-610,0,5.628925182528492
-290,-610,0,5.628925182528492
-270,-610,0,5.628925182528492
-250,-610,0,5.628925182528492
-230,-610,0,5.628925182528492
-210,-610,0,5.628925182528492
-190,-610,0,5.628925182528492
-170,-610,0,5.628925182528492
-150,-610,0,5.628925182528492
-130,-610,0,5.628925182528492
-110,-610,0,5.628925182528492
-90,-610,0,5.628925182528492
-70,-610,0,5.628925182528492
-50,-610,0,5.628925182528492
-30,-610,0,5.628925182528492
-10,-610,0,5.628925182528492
10,-610,0,5.628925182528492
30,-610,0,5.628925182528492
50,-610,0,5.628925182528492
70,-610,0,5.628925182528492
90,-610,0,5.628925182528492
110,-610,0,5.628925182528492
130,-610,0,5.628925182528492
150,-610,0,5.628925182528492
170,-610,0,5.628925182528492
190,-610,0,5.628925182528492
210,-610,0,5.628925182528492
230,-610,0,5.628925182528492
250,-610,0,5.628925182528492
270,-610,0,5.628925182528492
290,-610,0,5.628925182528492
310,-610,0,5.628925182528492
330,-610,0,5.628925182528492
350,-610,0,5.628925182528492
370,-610,0,5.628925182528492
390,-610,0,5.628925182528492
410,-610,0,5.628925182528492
430,-610,0,5.628925182528492
450,-610,0,5.628925182528492
470,-610,0,5.628925182528492
490,-610,0,5.628925182528492
510,-610,0,5.628925182528492
530,-610,0,5.628925182528492
550,-610,0,5.628925182528492
570,-610,0,5.628925182528492
590,-610,0,5.628925182528492
610,-610,0,5.628925182528492
630,-610,0,5.628925182528492
650,-610,0,5.628925182528492
670,-610,0,5.628925182528492
690,-610,0,5.628925182528492
710,-610,0,5.628925182528492
730,-610,0,5.628925182528492
750,-610,0,5.628925182528492
770,-610,0,5.628925182528492
790,-610,0,5.628925182528492
-790,-590,0,5.628925182528492
-770,-590,0,5.628925182528492
-750,-590,0,5.628925182528492
-730,-590,0,5.628925182528492
-710,-590,0,5.628925182528492
-690,-590,0,5.628925182528492
-670,-590,0,5.628925182528492
-650,-590,0,5.628925182528492
-630,-590,0,5.628925182528492
-610,-590,0,5.628925182528492
-590,-590,0,5.628925182528492
-570,-590,0,5.628925182528492
-550,-590,0,5.628925182528492
-530,-590,0,5.628925182528492
-510,-590,0,5.628925182528492
-490,-590,0,5.628925182528492
-470,-590,0,5.628925182528492
-450,-590,0,5.628925182528492
-430,-590,0,5.628925182528492
-410,-590,0,5.628925182528492
-390,-590,0,5.628925182528492
-370,-590,0,5.628925182528492
-350,-590,0,5.628925182528492
-330,-590,0,5.628925182528492
-310,-590,0,5.628925182528492
-290,-590,0,5.628925182528492
-270,-590,0,5.628925182528492
-250,-590,0,5.628925182528492
-230,-590,0,5.628925182528492
-210,-590,0,5.628925182528492
-190,-590,0,5.628925182528492
-170,-590,0,5.628925182528492
-150,-590,0,5.628925182528492
-130,-590,0,5.628925182528492
-110,-590,0,5.628925182528492
-90,-590,0,5.628925182528492
-70,-590,0,5.628925182528492
-50,-590,0,5.628925182528492
-30,-590,0,5.628925182528492
-10,-590,0,5.628925182528492
10,-590,0,5.628925182528492
30,-590,0,5.628925182528492
50,-590,0,5.628925182528492
70,-590,0,5.628925182528492
90,-590,0,5.628925182528492
110,-590,0,5.628925182528492
130,-590,0,5.628925182528492
150,-590,0,5.628925182528492
170,-590,0,5.628925182528492
190,-590,0,5.628925182528492
210,-590,0,5.628925182528492
230,-590,0,5.628925182528492
250,-590,0,5.628925182528492
270,-590,0,5.628925182528492
290,-590,0,5.628925182528492
310,-590,0,5.628925182528492
330,-590,0,5.628925182528492
350,-590,0,5.628925182528492
370,-590,0,5.628925182528492
390,-590,0,5.628925182528492
410,-590,0,5.628925182528492
430,-590,0,5.628925182528492
450,-590,0,5.628925182528492
470,-590,0,5.628925182528492
490,-590,0,5.628925182528492
510,-590,0,5.628925182528492
530,-590,0,5.628925182528492
550,-590,0,5.628925182528492
570,-590,0,5.628925182528492
590,-590,0,5.628925182528492
610,-590,0,5.628925182528492
630,-590,0,5.628925182528492
650,-590,0,5.628925182528492
670,-590,0,5.628925182528492
690,-590,0,5.628925182528492
710,-590,0,5.628925182528492
730,-590,0,5.628925182528492
750,-590,0,5.628925182528492
770,-590,0,5.628925182528492
790,-590,0,5.628925182528492
-790,-570,0,5.628925182528492
-770,-570,0,5.628925182528492
-750,-570,0,5.628925182528492
-730,-570,0,5.628925182528492
-710,-570,0,5.628925182528492
-690,-570,0,5.628925182528492
-670,-570,0,5.628925182528492
-650,-570,0,5.628925182528492
-630,-570,0,5.628925182528492
-610,-570,0,5.628925182528492
-590,-570,0,5.628925182528492
-570,-570,0,5.628925182528492
-550,-570,0,5.628925182528492
-530,-570,0,5.628925182528492
-510,-570,0,5.628925182528492
-490,-570,0,5.628925182528492
-470,-570,0,5.628925182528492
-450,-570,0,5.628925182528492
-430,-570,0,5.628925182528492
-410,-570,0,5.628925182528492
-390,-570,0,5.628925182528492
-370,-570,0,5.628925182528492
-350,-570,0,5.628925182528492
-330,-570,0,5.628925182528492
-310,-570,0,5.628925182528492
-290,-570,0,5.628925182528492
-270,-570,0,5.628925182528492
-250,-570,0,5.628925182528492
-230,-570,0,5.628925182528492
-210,-570,0,5.628925182528492
-190,-570,0,5.628925182528492
-170,-570,0,5.628925182528492
-150,-570,0,5.628925182528492
-130,-570,0,5.628925182528492
-110,-570,0,5.628925182528492
-90,-570,0,5.628925182528492
-70,-570,0,5.628925182528492
-50,-570,0,5.628925182528492
-30,-570,0,5.628925182528492
-10,-570,0,5.628925182528492
10,-570,0,5.628925182528492
30,-570,0,5.628925182528492
50,-570,0,5.628925182528492
70,-570,0,5.628925182528492
90,-570,0,5.628925182528492
110,-570,0,5.628925182528492
130,-570,0,5.628925182528492
150,-570,0,5.628925182528492
170,-570,0,5.628925182528492
190,-570,0,5.628925182528492
210,-570,0,5.628925182528492
230,-570,0,5.628925182528492
250,-570,0,5.628925182528492
270,-570,0,5.628925182528492
290,-570,0,5.628925182528492
310,-570,0,5.628925182528492
330,-570,0,5.628925182528492
350,-570,0,5.628925182528492
370,-570,0,5.628925182528492
390,-570,0,5.628925182528492
410,-570,0,5.628925182528492
430,-570,0,5.628925182528492
450,-570,0,5.628925182528492
470,-570,0,5.628925182528492
490,-570,0,5.628925182528492
510,-570,0,5.628925182528492
530,-570,0,5.628925182528492
550,-570,0,5.628925182528492
570,-570,0,5.628925182528492
590,-570,0,5.628925182528492
610,-570,0,5.628925182528492
630,-570,0,5.628925182528492
650,-570,0,5.628925182528492
670,-570,0,5.628925182528492
690,-570,0,5.628925182528492
710,-570,0,5.628925182528492
730,-570,0,5.628925182528492
750,-570,0,5.628925182528492
770,-570,0,5.628925182528492
790,-570,0,5.628925182528492
-790,-550,0,5.628925182528492
-770,-550,0,5.628925182528492
-750,-550,0,5.628925182528492
-730,-550,0,5.628925182528492
-710,-550,0,5.628925182528492
-690,-550,0,5.628925182528492
-670,-550,0,5.628925182528492
-650,-550,0,5.628925182528492
-630,-550,0,5.628925182528492
-610,-550,0,5.628925182528492
-590,-550,0,5.628925182528492
-570,-550,0,5.628925182528492
-550,-550,0,5.628925182528492
-530,-550,0,5.628925182528492
-510,-550,0,5.628925182528492
-490,-550,0,5.628925182528492
-470,-550,0,5.628925182528492
-450,-550,0,5.628925182528492
-430,-550,0,5.628925182528492
-410,-550,0,5.628925182528492
-390,-550,0,5.628925182528492
-370,-550,0,5.628925182528492
-350,-550,0,5.628925182528492
-330,-550,0,5.628925182528492
-310,-550,0,5.628925182528492
-290,-550,0,5.628925182528492
-270,-550,0,5.628925182528492
-250,-550,0,5.628925182528492
-230,-550,0,5.628925182528492
-210,-550,0,5.628925182528492
-190,-550,0,5.628925182528492
-170,-550,0,5.628925182528492
-150,-550,0,5.628925182528492
-130,-550,0,5.628925182528492
-110,-550,0,5.628925182528492
-90,-550,0,5.628925182528492
-70,-550,0,5.628925182528492
-50,-550,0,5.628925182528492
-30,-550,0,5.628925182528492
-10,-550,0,5.628925182528492
10,-550,0,5.628925182528492
30,-550,0,5.628925182528492
50,-550,0,5.628925182528492
70,-550,0,5.628925182528492
90,-550,0,5.628925182528492
110,-550,0,5.628925182528492
130,-550,0,5.628925182528492
150,-550,0,5.628925182528492
170,-550,0,5.628925182528492
190,-550,0,5.628925182528492
210,-550,0,5.628925182528492
230,-550,0,5.628925182528492
250,-550,0,5.628925182528492
270,-550,0,5.628925182528492
290,-550,0,5.628925182528492
310,-550,0,5.628925182528492
330,-550,0,5.628925182528492
350,-550,0,5.628925182528492
370,-550,0,5.628925182528492
390,-550,0,5.628925182528492
410,-550,0,5.628925182528492
430,-550,0,5.628925182528492
450,-550,0,5.628925182528492
470,-550,0,5.628925182528492
490,-550,0,5.628925182528492
510,-550,0,5.628925182528492
530,-550,0,5.628925182528492
550,-550,0,5.628925182528492
570,-550,0,5.628925182528492
590,-550,0,5.628925182528492
610,-550,0,5.628925182528492
630,-550,0,5.628925182528492
650,-550,0,5.628925182528492
670,-550,0,5.628925182528492
690,-550,0,5.628925182528492
710,-550,0,5.628925182528492
730,-550,0,5.628925182528492
750,-550,0,5.628925182528492
770,-550,0,5.628925182528492
790,-550,0,5.628925182528492
-790,-530,0,5.628925182528492
-770,-530,0,5.628925182528492
-750,-530,0,5.628925182528492
-730,-530,0,5.628925182528492
-710,-530,0,5.628925182528492
-690,-530,0,5.628925182528492
-670,-530,0,5.628925182528492
-650,-530,0,5.628925182528492
-630,-530,0,5.628925182528492
-610,-530,0,5.628925182528492
-590,-530,0,5.628925182528492
-570,-530,0,5.628925182528492
-550,-530,0,5.628925182528492
-530,-530,0,5.628925182528492
-510,-530,0,5.628925182528492
-490,-530,0,5.628925182528492
-470,-530,0,5.628925182528492
-450,-530,0,5.628925182528492
-430,-530,0,5.628925182528492
-410,-530,0,5.628925182528492
-390,-530,0,5.628925182528492
-370,-530,0,5.628925182528492
-350,-530,0,5.628925182528492
-330,-530,0,5.628925182528492
-310,-530,0,5.628925182528492
-290,-530,0,5.628925182528492
-270,-530,0,5.628925182528492
-250,-530,0,5.628925182528492
-230,-530,0,5.628925182528492
-210,-530,0,5.628925182528492
-190,-530,0,5.628925182528492
-170,-530,0,5.628925182528492
-150,-530,0,5.628925182528492
-130,-530,0,5.628925182528492
-110,-530,0,5.628925182528492
-90,-530,0,5.628925182528492
-70,-530,0,5.628925182528492
-50,-530,0,5.628925182528492
-30,-530,0,5.628925182528492
-10,-530,0,5.628925182528492
10,-530,0,5.628925182528492
30,-530,0,5.628925182528492
50,-530,0,5.628925182528492
70,-530,0,5.628925182528492
90,-530,0,5.628925182528492
110,-530,0,5.628925182528492
130,-530,0,5.628925182528492
150,-530,0,5.628925182528492
170,-530,0,5.628925182528492
190,-530,0,5.628925182528492
210,-530,0,5.628925182528492
230,-530,0,5.628925182528492
250,-530,0,5.628925182528492
270,-530,0,5.628925182528492
290,-530,0,5.628925182528492
310,-530,0,5.628925182528492
330,-530,0,5.628925182528492
350,-530,0,5.628925182528492
370,-530,0,5.628925182528492
390,-530,0,5.628925182528492
410,-530,0,5.628925182528492
430,-530,0,5.628925182528492
450,-530,0,5.628925182528492
470,-530,0,5.628925182528492
490,-530,0,5.628925182528492
510,-530,0,5.628925182528492
530,-530,0,5.628925182528492
550,-530,0,5.628925182528492
570,-530,0,5.628925182528492
590,-530,0,5.628925182528492
610,-530,0,5.628925182528492
630,-530,0,5.628925182528492
650,-530,0,5.628925182528492
670,-530,0,5.628925182528492
690,-530,0,5.628925182528492
710,-530,0,5.628925182528492
730,-530,0,5.628925182528492
750,-530,0,5.628925182528492
770,-530,0,5.628925182528492
790,-530,0,5.628925182528492
-790,-510,0,5.628925182528492
-770,-510,0,5.628925182528492
-750,-510,0,5.628925182528492
-730,-510,0,5.628925182528492
-710,-510,0,5.628925182528492
-690,-510,0,5.628925182528492
-670,-510,0,5.628925182528492
-650,-510,0,5.628925182528492
-630,-510,0,5.628925182528492
-610,-510,0,5.628925182528492
-590,-510,0,5.628925182528492
-570,-510,0,5.628925182528492
-550,-510,0,5.628925182528492
-530,-510,0,5.628925182528492
-510,-510,0,5.628925182528492
-490,-510,0,5.628925182528492
-470,-510,0,5.628925182528492
-450,-510,0,5.628925182528492
-430,-510,0,5.628925182528492
-410,-510,0,5.628925182528492
-390,-510,0,5.628925182528492
-370,-510,0,5.628925182528492
-350,-510,0,5.628925182528492
-330,-510,0,5.628925182528492
-310,-510,0,5.628925182528492
-290,-510,0,5.628925182528492
-270,-510,0,5.628925182528492
-250,-510,0,5.628925182528492
-230,-510,0,5.628925182528492
-210,-510,0,5.628925182528492
-190,-510,0,5.628925182528492
-170,-510,0,5.628925182528492
-150,-510,0,5.628925182528492
-130,-510,0,5.628925182528492
-110,-510,0,5.628925182528492
-90,-510,0,5.628925182528492
-70,-510,0,5.628925182528492
-50,-510,0,5.628925182528492
-30,-510,0,5.628925182528492
-10,-510,0,5.628925182528492
10,-510,0,5.628925182528492
30,-510,0,5.628925182528492
50,-510,0,5.628925182528492
70,-510,0,5.628925182528492
90,-510,0,5.628925182528492
110,-510,0,5.628925182528492
130,-510,0,5.628925182528492
150,-510,0,5.628925182528492
170,-510,0,5.628925182528492
190,-510,0,5.628925182528492
210,-510,0,5.628925182528492
230,-510,0,5.628925182528492
250,-510,0,5.628925182528492
270,-510,0,5.628925182528492
290,-510,0,5.628925182528492
310,-510,0,5.628925182528492
330,-510,0,5.628925182528492
350,-510,0,5.628925182528492
370,-510,0,5.628925182528492
390,-510,0,5.628925182528492
410,-510,0,5.628925182528492
430,-510,0,5.628925182528492
450,-510,0,5.628925182528492
470,-510,0,5.628925182528492
490,-510,0,5.628925182528492
510,-510,0,5.628925182528492
530,-510,0,5.628925182528492
550,-510,0,5.628925182528492
570,-510,0,5.628925182528492
590,-510,0,5.628925182528492
610,-510,0,5.628925182528492
630,-510,0,5.628925182528492
650,-510,0,5.628925182528492
670,-510,0,5.628925182528492
690,-510,0,5.628925182528492
710,-510,0,5.628925182528492
730,-510,0,5.628925182528492
750,-510,0,5.628925182528492
770,-510,0,5.628925182528492
790,-510,0,5.628925182528492
-790,-490,0,5.628925182528492
-770,-490,0,5.628925182528492
-750,-490,0,5.628925182528492
-730,-490,0,5.628925182528492
-710,-490,0,5.628925182528492
-690,-490,0,5.628925182528492
-670,-490,0,5.628925182528492
-650,-490,0,5.628925182528492
-630,-490,0,5.628925182528492
-610,-490,0,5.628925182528492
-590,-490,0,5.628925182528492
-570,-490,0,5.628925182528492
-550,-490,0,5.628925182528492
-530,-490,0,5.628925182528492
-510,-490,0,5.628925182528492
-490,-490,0,5.628925182528492
-470,-490,0,5.628925182528492
-450,-490,0,5.628925182528492
-430,-490,0,5.628925182528492
-410,-490,0,5.628925182528492
-390,-490,0,5.628925182528492
-370,-490,0,5.628925182528492
-350,-490,0,5.628925182528492
-330,-490,0,5.628925182528492
-310,-490,0,5.628925182528492
-290,-490,0,5.628925182528492
-270,-490,0,5.628925182528492
-250,-490,0,5.628925182528492
-230,-490,0,5.628925182528492
-210,-490,0,5.628925182528492
-190,-490,0,5.628925182528492
-170,-490,0,5.628925182528492
-150,-490,0,5.628925182528492
-130,-490,0,5.628925182528492
-110,-490,0,5.628925182528492
-90,-490,0,5.628925182528492
-70,-490,0,5.628925182528492
-50,-490,0,5.628925182528492
-30,-490,0,5.628925182528492
-10,-490,0,5.628925182528492
10,-490,0,5.628925182528492
30,-490,0,5.628925182528492
50,-490,0,5.628925182528492
70,-490,0,5.628925182528492
90,-490,0,5.628925182528492
110,-490,0,5.628925182528492
130,-490,0,5.628925182528492
150,-490,0,5.628925182528492
170,-490,0,5.628925182528492
190,-490,0,5.628925182528492
210,-490,0,5.628925182528492
230,-490,0,5.628925182528492
250,-490,0,5.628925182528492
270,-490,0,5.628925182528492
290,-490,0,5.628925182528492
310,-490,0,5.628925182528492
330,-490,0,5.628925182528492
350,-490,0,5.628925182528492
370,-490,0,5.628925182528492
390,-490,0,5.628925182528492
410,-490,0,5.628925182528492
430,-490,0,5.628925182528492
450,-490,0,5.628925182528492
470,-490,0,5.628925182528492
490,-490,0,5.628925182528492
510,-490,0,5.628925182528492
530,-490,0,5.628925182528492
550,-490,0,5.628925182528492
570,-490,0,5.628925182528492
590,-490,0,5.628925182528492
610,-490,0,5.628925182528492
630,-490,0,5.628925182528492
650,-490,0,5.628925182528492
670,-490,0,5.628925182528492
690,-490,0,5.628925182528492
710,-490,0,5.628925182528492
730,-490,0,5.628925182528492
750,-490,0,5.628925182528492
770,-490,0,5.628925182528492
790,-490,0,5.628925182528492
-790,-470,0,5.628925182528492
-770,-470,0,5.628925182528492
-750,-470,0,5.628925182528492
-730,-470,0,5.628925182528492
-710,-470,0,5.628925182528492
-690,-470,0,5.628925182528492
-670,-470,0,5.628925182528492
-650,-470,0,5.628925182528492
-630,-470,0,5.628925182528492
-610,-470,0,5.628925182528492
-590,-470,0,5.628925182528492
-570,-470,0,5.628925182528492
-550,-470,0,5.628925182528492
-530,-470,0,5.628925182528492
-510,-470,0,5.628925182528492
-490,-470,0,5.628925182528492
-470,-470,0,5.628925182528492
-450,-470,0,5.628925182528492
-430,-470,0,5.628925182528492
-410,-470,0,5.628925182528492
-390,-470,0,5.628925182528492
-370,-470,0,5.628925182528492
-350,-470,0,5.628925182528492
-330,-470,0,5.628925182528492
-310,-470,0,5.628925182528492
-290,-470,0,5.628925182528492
-270,-470,0,5.628925182528492
-250,-470,0,5.628925182528492
-230,-470,0,5.628925182528492
-210,-470,0,5.628925182528492
-190,-470,0,5.628925182528492
-170,-470,0,5.628925182528492
-150,-470,0,5.628925182528492
-130,-470,0,5.628925182528492
-110,-470,0,5.628925182528492
-90,-470,0,5.628925182528492
-70,-470,0,5.628925182528492
-50,-470,0,5.628925182528492
-30,-470,0,5.628925182528492
-10,-470,0,5.628925182528492
10,-470,0,5.628925182528492
30,-470,0,5.628925182528492
50,-470,0,5.628925182528492
70,-470,0,5.628925182528492
90,-470,0,5.628925182528492
110,-470,0,5.628925182528492
130,-470,0,5.628925182528492
150,-470,0,5.628925182528492
170,-470,0,5.628925182528492
190,-470,0,5.628925182528492
210,-470,0,5.628925182528492
230,-470,0,5.628925182528492
250,-470,0,5.628925182528492
270,-470,0,5.628925182528492
290,-470,0,5.628925182528492
310,-470,0,5.628925182528492
330,-470,0,5.628925182528492
350,-470,0,5.628925182528492
370,-470,0,5.628925182528492
390,-470,0,5.628925182528492
410,-470,0,5.628925182528492
430,-470,0,5.628925182528492
450,-470,0,5.628925182528492
470,-470,0,5.628925182528492
490,-470,0,5.628925182528492
510,-470,0,5.628925182528492
530,-470,0,5.628925182528492
550,-470,0,5.628925182528492
570,-470,0,5.628925182528492
590,-470,0,5.628925182528492
610,-470,0,5.628925182528492
630,-470,0,5.628925182528492
650,-470,0,5.628925182528492
670,-470,0,5.628925182528492
690,-470,0,5.628925182528492
710,-470,0,5.628925182528492
730,-470,0,5.628925182528492
750,-470,0,5.628925182528492
770,-470,0,5.628925182528492
790,-470,0,5.628925182528492
-790,-450,0,5.628925182528492
-770,-450,0,5.628925182528492
-750,-450,0,5.628925182528492
-730,-450,0,5.628925182528492
-710,-450,0,5.628925182528492
-690,-450,0,5.628925182528492
-670,-450,0,5.628925182528492
-650,-450,0,5.628925182528492
-630,-450,0,5.628925182528492
-610,-450,0,5.628925182528492
-590,-450,0,5.628925182528492
-570,-450,0,5.628925182528492
-550,-450,0,5.628925182528492
-530,-450,0,5.628925182528492
-510,-450,0,5.628925182528492
-490,-450,0,5.628925182528492
-470,-450,0,5.628925182528492
-450,-450,0,5.628925182528492
-430,-450,0,5.628925182528492
-410,-450,0,5.628925182528492
-390,-450,0,5.628925182528492
-370,-450,0,5.628925182528492
-350,-450,0,5.628925182528492
-330,-450,0,5.628925182528492
-310,-450,0,5.628925182528492
-290,-450,0,5.628925182528492
-270,-450,0,5.628925182528492
-250,-450,0,5.628925182528492
-230,-450,0,5.628925182528492
-210,-450,0,5.628925182528492
-190,-450,0,5.628925182528492
-170,-450,0,5.628925182528492
-150,-450,0,5.628925182528492
-130,-450,0,5.628925182528492
-110,-450,0,5.628925182528492
-90,-450,0,5.628925182528492
-70,-450,0,5.628925182528492
-50,-450,0,5.628925182528492
-30,-450,0,5.628925182528492
-10,-450,0,5.628925182528492
10,-450,0,5.628925182528492
30,-450,0,5.628925182528492
50,-450,0,5.628925182528492
70,-450,0,5.628925182528492
90,-450,0,5.628925182528492
110,-450,0,5.628925182528492
130,-450,0,5.628925182528492
150,-450,0,5.628925182528492
170,-450,0,5.628925182528492
190,-450,0,5.628925182528492
210,-450,0,5.628925182528492
230,-450,0,5.628925182528492
250,-450,0,5.628925182528492
270,-450,0,5.628925182528492
290,-450,0,5.628925182528492
310,-450,0,5.628925182528492
330,-450,0,5.628925182528492
350,-450,0,5.628925182528492
370,-450,0,5.628925182528492
390,-450,0,5.628925182528492
410,-450,0,5.628925182528492
430,-450,0,5.628925182528492
450,-450,0,5.628925182528492
470,-450,0,5.628925182528492
490,-450,0,5.628925182528492
510,-450,0,5.628925182528492
530,-450,0,5.628925182528492
550,-450,0,5.628925182528492
570,-450,0,5.628925182528492
590,-450,0,5.628925182528492
610,-450,0,5.628925182528492
630,-450,0,5.628925182528492
650,-450,0,5.628925182528492
670,-450,0,5.628925182528492
690,-450,0,5.628925182528492
710,-450,0,5.628925182528492
730,-450,0,5.628925182528492
750,-450,0,5.628925182528492
770,-450,0,5.628925182528492
790,-450,0,5.628925182528492
-790,-430,0,5.628925182528492
-770,-430,0,5.628925182528492
-750,-430,0,5.628925182528492
-730,-430,0,5.628925182528492
-710,-430,0,5.628925182528492
-690,-430,0,5.628925182528492
-670,-430,0,5.628925182528492
-650,-430,0,5.628925182528492
-630,-430,0,5.628925182528492
-610,-430,0,5.628925182528492
-590,-430,0,5.628925182528492
-570,-430,0,5.628925182528492
-550,-430,0,5.628925182528492
-530,-430,0,5.628925182528492
-510,-430,0,5.628925182528492
-490,-430,0,5.628925182528492
-470,-430,0,5.628925182528492
-450,-430,0,5.628925182528492
-430,-430,0,5.628925182528492
-410,-430,0,5.628925182528492
-390,-430,0,5.628925182528492
-370,-430,0,5.628925182528492
-350,-430,0,5.628925182528492
-330,-430,0,5.628925182528492
-310,-430,0,5.628925182528492
-290,-430,0,5.628925182528492
-270,-430,0,5.628925182528492
-250,-430,0,5.628925182528492
-230,-430,0,5.628925182528492
-210,-430,0,5.628925182528492
-190,-430,0,5.628925182528492
-170,-430,0,5.628925182528492
-150,-430,0,5.628925182528492
-130,-430,0,5.628925182528492
-110,-430,0,5.628925182528492
-90,-430,0,5.628925182528492
-70,-430,0,5.628925182528492
-50,-430,0,5.628925182528492
-30,-430,0,5.628925182528492
-10,-430,0,5.628925182528492
10,-430,0,5.628925182528492
30,-430,0,5.628925182528492
50,-430,0,5.628925182528492
70,-430,0,5.628925182528492
90,-430,0,5.628925182528492
110,-430,0,5.628925182528492
130,-430,0,5.628925182528492
150,-430,0,5.628925182528492
170,-430,0,5.628925182528492
190,-430,0,5.628925182528492
210,-430,0,5.628925182528492
230,-430,0,5.628925182528492
250,-430,0,5.628925182528492
270,-430,0,5.628925182528492
290,-430,0,5.628925182528492
310,-430,0,5.628925182528492
330,-430,0,5.628925182528492
350,-430,0,5.628925182528492
370,-430,0,5.628925182528492
390,-430,0,5.628925182528492
410,-430,0,5.628925182528492
430,-430,0,5.628925182528492
450,-430,0,5.628925182528492
470,-430,0,5.628925182528492
490,-430,0,5.628925182528492
510,-430,0,5.628925182528492
530,-430,0,5.628925182528492
550,-430,0,5.628925182528492
570,-430,0,5.628925182528492
590,-430,0,5.628925182528492
610,-430,0,5.628925182528492
630,-430,0,5.628925182528492
650,-430,0,5.628925182528492
670,-430,0,5.628925182528492
690,-430,0,5.628925182528492
710,-430,0,5.628925182528492
730,-430,0,5.628925182528492
750,-430,0,5.628925182528492
770,-430,0,5.628925182528492
790,-430,0,5.628925182528492
-790,-410,0,5.628925182528492
-770,-410,0,5.628925182528492
-750,-410,0,5.628925182528492
-730,-410,0,5.628925182528492
-710,-410,0,5.628925182528492
-690,-410,0,5.628925182528492
-670,-410,0,5.628925182528492
-650,-410,0,5.628925182528492
-630,-410,0,5.628925182528492
-610,-410,0,5.628925182528492
-590,-410,0,5.628925182528492
-570,-410,0,5.628925182528492
-550,-410,0,5.628925182528492
-530,-410,0,5.628925182528492
-510,-410,0,5.628925182528492
-490,-410,0,5.628925182528492
-470,-410,0,5.628925182528492
-450,-410,0,5.628925182528492
-430,-410,0,5.628925182528492
-410,-410,0,5.628925182528492
-390,-410,0,5.628925182528492
-370,-410,0,5.628925182528492
-350,-410,0,5.628925182528492
-330,-410,0,5.628925182528492
-310,-410,0,5.628925182528492
-290,-410,0,5.628925182528492
-270,-410,0,5.628925182528492
-250,-410,0,5.628925182528492
-230,-410,0,5.628925182528492
-210,-410,0,5.628925182528492
-190,-410,0,5.628925182528492
-170,-410,0,5.628925182528492
-150,-410,0,5.628925182528492
-130,-410,0,5.628925182528492
-110,-410,0,5.628925182528492
-90,-410,0,5.628925182528492
-70,-410,0,5.628925182528492
-50,-410,0,5.628925182528492
-30,-410,0,5.628925182528492
-10,-410,0,5.628925182528492
10,-410,0,5.628925182528492
30,-410,0,5.628925182528492
50,-410,0,5.628925182528492
70,-410,0,5.628925182528492
90,-410,0,5.628925182528492
110,-410,0,5.628925182528492
130,-410,0,5.628925182528492
150,-410,0,5.628925182528492
170,-410,0,5.628925182528492
190,-410,0,5.628925182528492
210,-410,0,5.628925182528492
230,-410,0,5.628925182528492
250,-410,0,5.628925182528492
270,-410,0,5.628925182528492
290,-410,0,5.628925182528492
310,-410,0,5.628925182528492
330,-410,0,5.628925182528492
350,-410,0,5.628925182528492
370,-410,0,5.628925182528492
390,-410,0,5.628925182528492
410,-410,0,5.628925182528492
430,-410,0,5.628925182528492
450,-410,0,5.628925182528492
470,-410,0,5.628925182528492
490,-410,0,5.628925182528492
510,-410,0,5.628925182528492
530,-410,0,5.628925182528492
550,-410,0,5.628925182528492
570,-410,0,5.628925182528492
590,-410,0,5.628925182528492
610,-410,0,5.628925182528492
630,-410,0,5.628925182528492
650,-410,0,5.628925182528492
670,-410,0,5.628925182528492
690,-410,0,5.628925182528492
710,-410,0,5.628925182528492
730,-410,0,5.628925182528492
750,-410,0,5.628925182528492
770,-410,0,5.628925182528492
790,-410,0,5.628925182528492
-790,-390,0,5.628925182528492
-770,-390,0,5.628925182528492
-750,-390,0,5.628925182528492
-730,-390,0,5.628925182528492
-710,-390,0,5.628925182528492
-690,-390,0,5.628925182528492
-670,-390,0,5.628925182528492
-650,-390,0,5.628925182528492
-630,-390,0,5.628925182528492
-610,-390,0,5.628925182528492
-590,-390,0,5.628925182528492
-570,-390,0,5.628925182528492
-550,-390,0,5.628925182528492
-530,-390,0,5.628925182528492
-510,-390,0,5.628925182528492
-490,-390,0,5.628925182528492
-470,-390,0,5.628925182528492
-450,-390,0,5.628925182528492
-430,-390,0,5.628925182528492
-410,-390,0,5.628925182528492
-390,-390,0,5.628925182528492
-370,-390,0,5.628925182528492
-350,-390,0,5.628925182528492
-330,-390,0,5.628925182528492
-310,-390,0,5.628925182528492
-290,-390,0,5.628925182528492
-270,-390,0,5.628925182528492
-250,-390,0,5.628925182528492
-230,-390,0,5.628925182528492
-210,-390,0,5.628925182528492
-190,-390,0,5.628925182528492
-170,-390,0,5.628925182528492
-150,-390,0,5.628925182528492
-130,-390,0,5.628925182528492
-110,-390,0,5.628925182528492
-90,-390,0,5.628925182528492
-70,-390,0,5.628925182528492
-50,-390,0,5.628925182528492
-30,-390,0,5.628925182528492
-10,-390,0,5.628925182528492
10,-390,0,5.628925182528492
30,-390,0,5.628925182528492
50,-390,0,5.628925182528492
70,-390,0,5.628925182528492
90,-390,0,5.628925182528492
110,-390,0,5.628925182528492
130,-390,0,5.628925182528492
150,-390,0,5.628925182528492
170,-390,0,5.628925182528492
190,-390,0,5.628925182528492
210,-390,0,5.628925182528492
230,-390,0,5.628925182528492
250,-390,0,5.628925182528492
270,-390,0,5.628925182528492
290,-390,0,5.628925182528492
310,-390,0,5.628925182528492
330,-390,0,5.628925182528492
350,-390,0,5.628925182528492
370,-390,0,5.628925182528492
390,-390,0,5.628925182528492
410,-390,0,5.628925182528492
430,-390,0,5.628925182528492
450,-390,0,5.628925182528492
470,-390,0,5.628925182528492
490,-390,0,5.628925182528492
510,-390,0,5.628925182528492
530,-390,0,5.628925182528492
550,-390,0,5.628925182528492
570,-390,0,5.628925182528492
590,-390,0,5.628925182528492
610,-390,0,5.628925182528492
630,-390,0,5.628925182528492
650,-390,0,5.628925182528492
670,-390,0,5.628925182528492
690,-390,0,5.628925182528492
710,-390,0,5.628925182528492
730,-390,0,5.628925182528492
750,-390,0,5.628925182528492
770,-390,0,5.628925182528492
790,-390,0,5.628925182528492
-790,-370,0,5.628925182528492
-770,-370,0,5.628925182528492
-750,-370,0,5.628925182528492
-730,-370,0,5.628925182528492
-710,-370,0,5.628925182528492
-690,-370,0,5.628925182528492
-670,-370,0,5.628925182528492
-650,-370,0,5.628925182528492
-630,-370,0,5.628925182528492
-610,-370,0,5.628925182528492
-590,-370,0,5.628925182528492
-570,-370,0,5.628925182528492
-550,-370,0,5.628925182528492
-530,-370,0,5.628925182528492
-510,-370,0,5.628925182528492
-490,-370,0,5.628925182528492
-470,-370,0,5.628925182528492
-450,-370,0,5.628925182528492
-430,-370,0,5.628925182528492
-410,-370,0,5.628925182528492
-390,-370,0,5.628925182528492
-370,-370,0,5.628925182528492
-350,-370,0,5.628925182528492
-330,-370,0,5.628925182528492
-310,-370,0,5.628925182528492
-290,-370,0,5.628925182528492
-270,-370,0,5.628925182528492
-250,-370,0,5.628925182528492
-230,-370,0,5.628925182528492
-210,-370,0,5.628925182528492
-190,-370,0,5.628925182528492
-170,-370,0,5.628925182528492
-150,-370,0,5.628925182528492
-130,-370,0,5.628925182528492
-110,-370,0,5.628925182528492
-90,-370,0,5.628925182528492
-70,-370,0,5.628925182528492
-50,-370,0,5.628925182528492
-30,-370,0,5.628925182528492
-10,-370,0,5.628925182528492
10,-370,0,5.628925182528492
30,-370,0,5.628925182528492
50,-370,0,5.628925182528492
70,-370,0,5.628925182528492
90,-370,0,5.628925182528492
110,-370,0,5.628925182528492
130,-370,0,5.628925182528492
150,-370,0,5.628925182528492
170,-370,0,5.628925182528492
190,-370,0,5.628925182528492
210,-370,0,5.628925182528492
230,-370,0,5.628925182528492
250,-370,0,5.628925182528492
270,-370,0,5.628925182528492
290,-370,0,5.628925182528492
310,-370,0,5.628925182528492
330,-370,0,5.628925182528492
350,-370,0,5.628925182528492
370,-370,0,5.628925182528492
390,-370,0,5.628925182528492
410,-370,0,5.628925182528492
430,-370,0,5.628925182528492
450,-370,0,5.628925182528492
470,-370,0,5.628925182528492
490,-370,0,5.628925182528492
510,-370,0,5.628925182528492
530,-370,0,5.628925182528492
550,-370,0,5.628925182528492
570,-370,0,5.628925182528492
590,-370,0,5.628925182528492
610,-370,0,5.628925182528492
630,-370,0,5.628925182528492
650,-370,0,5.628925182528492
670,-370,0,5.628925182528492
690,-370,0,5.628925182528492
710,-370,0,5.628925182528492
730,-370,0,5.628925182528492
750,-370,0,5.628925182528492
770,-370,0,5.628925182528492
790,-370,0,5.628925182528492
-790,-350,0,5.628925182528492
-770,-350,0,5.628925182528492
-750,-350,0,5.628925182528492
-730,-350,0,5.628925182528492
-710,-350,0,5.628925182528492
-690,-350,0,5.628925182528492
-670,-350,0,5.628925182528492
-650,-350,0,5.628925182528492
-630,-350,0,5.628925182528492
-610,-350,0,5.628925182528492
-590,-350,0,5.628925182528492
-570,-350,0,5.628925182528492
-550,-350,0,5.628925182528492
-530,-350,0,5.628925182528492
-510,-350,0,5.628925182528492
-490,-350,0,5.628925182528492
-470,-350,0,5.628925182528492
-450,-350,0,5.628925182528492
-430,-350,0,5.628925182528492
-410,-350,0,5.628925182528492
-390,-350,0,5.628925182528492
-370,-350,0,5.628925182528492
-350,-350,0,5.628925182528492
-330,-350,0,5.628925182528492
-310,-350,0,5.628925182528492
-290,-350,0,5.628925182528492
-270,-350,0,5.628925182528492
-250,-350,0,5.628925182528492
-230,-350,0,5.628925182528492
-210,-350,0,5.628925182528492
-190,-350,0,5.628925182528492
-170,-350,0,5.628925182528492
-150,-350,0,5.628925182528492
-130,-350,0,5.628925182528492
-110,-350,0,5.628925182528492
-90,-350,0,5.628925182528492
-70,-350,0,5.628925182528492
-50,-350,0,5.628925182528492
-30,-350,0,5.628925182528492
-10,-350,0,5.628925182528492
10,-350,0,5.628925182528492
30,-350,0,5.628925182528492
50,-350,0,5.628925182528492
70,-350,0,5.628925182528492
90,-350,0,5.628925182528492
110,-350,0,5.628925182528492
130,-350,0,5.628925182528492
150,-350,0,5.628925182528492
170,-350,0,5.628925182528492
190,-350,0,5.628925182528492
210,-350,0,5.628925182528492
230,-350,0,5.628925182528492
250,-350,0,5.628925182528492
270,-350,0,5.628925182528492
290,-350,0,5.628925182528492
310,-350,0,5.628925182528492
330,-350,0,5.628925182528492
350,-350,0,5.628925182528492
370,-350,0,5.628925182528492
390,-350,0,5.628925182528492
410,-350,0,5.628925182528492
430,-350,0,5.628925182528492
450,-350,0,5.628925182528492
470,-350,0,5.628925182528492
490,-350,0,5.628925182528492
510,-350,0,5.628925182528492
530,-350,0,5.628925182528492
550,-350,0,5.628925182528492
570,-350,0,5.628925182528492
590,-350,0,5.628925182528492
610,-350,0,5.628925182528492
630,-350,0,5.628925182528492
650,-350,0,5.628925182528492
670,-350,0,5.628925182528492
690,-350,0,5.628925182528492
710,-350,0,5.628925182528492
730,-350,0,5.628925182528492
750,-350,0,5.628925182528492
770,-350,0,5.628925182528492
790,-350,0,5.628925182528492
-790,-330,0,5.628925182528492
-770,-330,0,5.628925182528492
-750,-330,0,5.628925182528492
-730,-330,0,5.628925182528492
-710,-330,0,5.628925182528492
-690,-330,0,5.628925182528492
-670,-330,0,5.628925182528492
-650,-330,0,5.628925182528492
-630,-330,0,5.628925182528492
-610,-330,0,5.628925182528492
-590,-330,0,5.628925182528492
-570,-330,0,5.628925182528492
-550,-330,0,5.628925182528492
-530,-330,0,5.628925182528492
-510,-330,0,5.628925182528492
-490,-330,0,5.628925182528492
-470,-330,0,5.628925182528492
-450,-330,0,5.628925182528492
-430,-330,0,5.628925182528492
-410,-330,0,5.628925182528492
-390,-330,0,5.628925182528492
-370,-330,0,5.628925182528492
-350,-330,0,5.628925182528492
-330,-330,0,5.628925182528492
-310,-330,0,5.628925182528492
-290,-330,0,5.628925182528492
-270,-330,0,5.628925182528492
-250,-330,0,5.628925182528492
-230,-330,0,5.628925182528492
-210,-330,0,5.628925182528492
-190,-330,0,5.628925182528492
-170,-330,0,5.628925182528492
-150,-330,0,5.628925182528492
-130,-330,0,5.628925182528492
-110,-330,0,5.628925182528492
-90,-330,0,5.628925182528492
-70,-330,0,5.628925182528492
-50,-330,0,5.628925182528492
-30,-330,0,5.628925182528492
-10,-330,0,5.628925182528492
10,-330,0,5.628925182528492
30,-330,0,5.628925182528492
50,-330,0,5.628925182528492
70,-330,0,5.628925182528492
90,-330,0,5.628925182528492
110,-330,0,5.628925182528492
130,-330,0,5.628925182528492
150,-330,0,5.628925182528492
170,-330,0,5.628925182528492
190,-330,0,5.628925182528492
210,-330,0,5.628925182528492
230,-330,0,5.628925182528492
250,-330,0,5.628925182528492
270,-330,0,5.628925182528492
290,-330,0,5.628925182528492
310,-330,0,5.628925182528492
330,-330,0,5.628925182528492
350,-330,0,5.628925182528492
370,-330,0,5.628925182528492
390,-330,0,5.628925182528492
410,-330,0,5.628925182528492
430,-330,0,5.628925182528492
450,-330,0,5.628925182528492
470,-330,0,5.628925182528492
490,-330,0,5.628925182528492
510,-330,0,5.628925182528492
530,-330,0,5.628925182528492
550,-330,0,5.628925182528492
570,-330,0,5.628925182528492
590,-330,0,5.628925182528492
610,-330,0,5.628925182528492
630,-330,0,5.628925182528492
650,-330,0,5.628925182528492
670,-330,0,5.628925182528492
690,-330,0,5.628925182528492
710,-330,0,5.628925182528492
730,-330,0,5.628925182528492
750,-330,0,5.628925182528492
770,-330,0,5.628925182528492
790,-330,0,5.628925182528492
-790,-310,0,5.628925182528492
-770,-310,0,5.628925182528492
-750,-310,0,5.628925182528492
-730,-310,0,5.628925182528492
-710,-310,0,5.628925182528492
-690,-310,0,5.628925182528492
-670,-310,0,5.628925182528492
-650,-310,0,5.628925182528492
-630,-310,0,5.628925182528492
-610,-310,0,5.628925182528492
-590,-310,0,5.628925182528492
-570,-310,0,5.628925182528492
-550,-310,0,5.628925182528492
-530,-310,0,5.628925182528492
-510,-310,0,5.628925182528492
-490,-310,0,5.628925182528492
-470,-310,0,5.628925182528492
-450,-310,0,5.628925182528492
-430,-310,0,5.628925182528492
-410,-310,0,5.628925182528492
-390,-310,0,5.628925182528492
-370,-310,0,5.628925182528492
-350,-310,0,5.628925182528492
-330,-310,0,5.628925182528492
-310,-310,0,5.628925182528492
-290,-310,0,5.628925182528492
-270,-310,0,5.628925182528492
-250,-310,0,5.628925182528492
-230,-310,0,5.628925182528492
-210,-310,0,5.628925182528492
-190,-310,0,5.628925182528492
-170,-310,0,5.628925182528492
-150,-310,0,5.628925182528492
-130,-310,0,5.628925182528492
-110,-310,0,5.628925182528492
-90,-310,0,5.628925182528492
-70,-310,0,5.628925182528492
-50,-310,0,5.628925182528492
-30,-310,0,5.628925182528492
-10,-310,0,5.628925182528492
10,-310,0,5.628925182528492
30,-310,0,5.628925182528492
50,-310,0,5.628925182528492
70,-310,0,5.628925182528492
90,-310,0,5.628925182528492
110,-310,0,5.628925182528492
130,-310,0,5.628925182528492
150,-310,0,5.628925182528492
170,-310,0,5.628925182528492
190,-310,0,5.628925182528492
210,-310,0,5.628925182528492
230,-310,0,5.628925182528492
250,-310,0,5.628925182528492
270,-310,0,5.628925182528492
290,-310,0,5.628925182528492
310,-310,0,5.628925182528492
330,-310,0,5.628925182528492
350,-310,0,5.628925182528492
370,-310,0,5.628925182528492
390,-310,0,5.628925182528492
410,-310,0,5.628925182528492
430,-310,0,5.628925182528492
450,-310,0,5.628925182528492
470,-310,0,5.628925182528492
490,-310,0,5.628925182528492
510,-310,0,5.628925182528492
530,-310,0,5.628925182528492
550,-310,0,5.628925182528492
570,-310,0,5.628925182528492
590,-310,0,5.628925182528492
610,-310,0,5.628925182528492
630,-310,0,5.628925182528492
650,-310,0,5.628925182528492
670,-310,0,5.628925182528492
690,-310,0,5.628925182528492
710,-310,0,5.628925182528492
730,-310,0,5.628925182528492
750,-310,0,5.628925182528492
770,-310,0,5.628925182528492
790,-310,0,5.628925182528492
-790,-290,0,5.628925182528492
-770,-290,0,5.628925182528492
-750,-290,0,5.628925182528492
-730,-290,0,5.628925182528492
-710,-290,0,5.628925182528492
-690,-290,0,5.628925182528492
-670,-290,0,5.628925182528492
-650,-290,0,5.628925182528492
-630,-290,0,5.628925182528492
-610,-290,0,5.628925182528492
-590,-290,0,5.628925182528492
-570,-290,0,5.628925182528492
-550,-290,0,5.628925182528492
-530,-290,0,5.628925182528492
-510,-290,0,5.628925182528492
-490,-290,0,5.628925182528492
-470,-290,0,5.628925182528492
-450,-290,0,5.628925182528492
-430,-290,0,5.628925182528492
-410,-290,0,5.628925182528492
-390,-290,0,5.628925182528492
-370,-290,0,5.628925182528492
-350,-290,0,5.628925182528492
-330,-290,0,5.628925182528492
-310,-290,0,5.628925182528492
-290,-290,0,5.628925182528492
-270,-290,0,5.628925182528492
-250,-290,0,5.628925182528492
-230,-290,0,5.628925182528492
-210,-290,0,5.628925182528492
-190,-290,0,5.628925182528492
-170,-290,0,5.628925182528492
-150,-290,0,5.628925182528492
-130,-290,0,5.628925182528492
-110,-290,0,5.628925182528492
-90,-290,0,5.628925182528492
-70,-290,0,5.628925182528492
-50,-290,0,5.628925182528492
-30,-290,0,5.628925182528492
-10,-290,0,5.628925182528492
10,-290,0,5.628925182528492
30,-290,0,5.628925182528492
50,-290,0,5.628925182528492
70,-290,0,5.628925182528492
90,-290,0,5.628925182528492
110,-290,0,5.628925182528492
130,-290,0,5.628925182528492
150,-290,0,5.628925182528492
170,-290,0,5.628925182528492
190,-290,0,5.628925182528492
210,-290,0,5.628925182528492
230,-290,0,5.628925182528492
250,-290,0,5.628925182528492
270,-290,0,5.628925182528492
290,-290,0,5.628925182528492
310,-290,0,5.628925182528492
330,-290,0,5.628925182528492
350,-290,0,5.628925182528492
370,-290,0,5.628925182528492
390,-290,0,5.628925182528492
410,-290,0,5.628925182528492
430,-290,0,5.628925182528492
450,-290,0,5.628925182528492
470,-290,0,5.628925182528492
490,-290,0,5.628925182528492
510,-290,0,5.628925182528492
530,-290,0,5.628925182528492
550,-290,0,5.628925182528492
570,-290,0,5.628925182528492
590,-290,0,5.628925182528492
610,-290,0,5.628925182528492
630,-290,0,5.628925182528492
650,-290,0,5.628925182528492
670,-290,0,5.628925182528492
690,-290,0,5.628925182528492
710,-290,0,5.628925182528492
730,-290,0,5.628925182528492
750,-290,0,5.628925182528492
770,-290,0,5.628925182528492
790,-290,0,5.628925182528492
-790,-270,0,5.628925182528492
-770,-270,0,5.628925182528492
-750,-270,0,5.628925182528492
-730,-270,0,5.628925182528492
-710,-270,0,5.628925182528492
-690,-270,0,5.628925182528492
-670,-270,0,5.628925182528492
-650,-270,0,5.628925182528492
-630,-270,0,5.628925182528492
-610,-270,0,5.628925182528492
-590,-270,0,5.628925182528492
-570,-270,0,5.628925182528492
-550,-270,0,5.628925182528492
-530,-270,0,5.628925182528492
-510,-270,0,5.628925182528492
-490,-270,0,5.628925182528492
-470,-270,0,5.628925182528492
-450,-270,0,5.628925182528492
-430,-270,0,5.628925182528492
-410,-270,0,5.628925182528492
-390,-270,0,5.628925182528492
-370,-270,0,5.628925182528492
-350,-270,0,5.628925182528492
-330,-270,0,5.628925182528492
-310,-270,0,5.628925182528492
-290,-270,0,5.628925182528492
-270,-270,0,5.628925182528492
-250,-270,0,5.628925182528492
-230,-270,0,5.628925182528492
-210,-270,0,5.628925182528492
-190,-270,0,5.628925182528492
-170,-270,0,5.628925182528492
-150,-270,0,5.628925182528492
-130,-270,0,5.628925182528492
-110,-270,0,5.628925182528492
-90,-270,0,5.628925182528492
-70,-270,0,5.628925182528492
-50,-270,0,5.628925182528492
-30,-270,0,5.628925182528492
-10,-270,0,5.628925182528492
10,-270,0,5.628925182528492
30,-270,0,5.628925182528492
50,-270,0,5.628925182528492
70,-270,0,5.628925182528492
90,-270,0,5.628925182528492
110,-270,0,5.628925182528492
130,-270,0,5.628925182528492
150,-270,0,5.628925182528492
170,-270,0,5.628925182528492
190,-270,0,5.628925182528492
210,-270,0,5.628925182528492
230,-270,0,5.628925182528492
250,-270,0,5.628925182528492
270,-270,0,5.628925182528492
290,-270,0,5.628925182528492
310,-270,0,5.628925182528492
330,-270,0,5.628925182528492
350,-270,0,5.628925182528492
370,-270,0,5.628925182528492
390,-270,0,5.628925182528492
410,-270,0,5.628925182528492
430,-270,0,5.628925182528492
450,-270,0,5.628925182528492
470,-270,0,5.628925182528492
490,-270,0,5.628925182528492
510,-270,0,5.628925182528492
530,-270,0,5.628925182528492
550,-270,0,5.628925182528492
570,-270,0,5.628925182528492
590,-270,0,5.628925182528492
610,-270,0,5.628925182528492
630,-270,0,5.628925182528492
650,-270,0,5.628925182528492
670,-270,0,5.628925182528492
690,-270,0,5.628925182528492
710,-270,0,5.628925182528492
730,-270,0,5.628925182528492
750,-270,0,5.628925182528492
770,-270,0,5.628925182528492
790,-270,0,5.628925182528492
-790,-250,0,5.628925182528492
-770,-250,0,5.628925182528492
-750,-250,0,5.628925182528492
-730,-250,0,5.628925182528492
-710,-250,0,5.628925182528492
-690,-250,0,5.628925182528492
-670,-250,0,5.628925182528492
-650,-250,0,5.628925182528492
-630,-250,0,5.628925182528492
-610,-250,0,5.628925182528492
-590,-250,0,5.628925182528492
-570,-250,0,5.628925182528492
-550,-250,0,5.628925182528492
-530,-250,0,5.628925182528492
-510,-250,0,5.628925182528492
-490,-250,0,5.628925182528492
-470,-250,0,5.628925182528492
-450,-250,0,5.628925182528492
-430,-250,0,5.628925182528492
-410,-250,0,5.628925182528492
-390,-250,0,5.628925182528492
-370,-250,0,5.628925182528492
-350,-250,0,5.628925182528492
-330,-250,0,5.628925182528492
-310,-250,0,5.628925182528492
-290,-250,0,5.628925182528492
-270,-250,0,5.628925182528492
-250,-250,0,5.628925182528492
-230,-250,0,5.628925182528492
-210,-250,0,5.628925182528492
-190,-250,0,5.628925182528492
-170,-250,0,5.628925182528492
-150,-250,0,5.628925182528492
-130,-250,0,5.628925182528492
-110,-250,0,5.628925182528492
-90,-250,0,5.628925182528492
-70,-250,0,5.628925182528492
-50,-250,0,5.628925182528492
-30,-250,0,5.628925182528492
-10,-250,0,5.628925182528492
10,-250,0,5.628925182528492
30,-250,0,5.628925182528492
50,-250,0,5.628925182528492
70,-250,0,5.628925182528492
90,-250,0,5.628925182528492
110,-250,0,5.628925182528492
130,-250,0,5.628925182528492
150,-250,0,5.628925182528492
170,-250,0,5.628925182528492
190,-250,0,5.628925182528492
210,-250,0,5.628925182528492
230,-250,0,5.628925182528492
250,-250,0,5.628925182528492
270,-250,0,5.628925182528492
290,-250,0,5.628925182528492
310,-250,0,5.628925182528492
330,-250,0,5.628925182528492
350,-250,0,5.628925182528492
370,-250,0,5.628925182528492
390,-250,0,5.628925182528492
410,-250,0,5.628925182528492
430,-250,0,5.628925182528492
450,-250,0,5.628925182528492
470,-250,0,5.628925182528492
490,-250,0,5.628925182528492
510,-250,0,5.628925182528492
530,-250,0,5.628925182528492
550,-250,0,5.628925182528492
570,-250,0,5.628925182528492
590,-250,0,5.628925182528492
610,-250,0,5.628925182528492
630,-250,0,5.628925182528492
650,-250,0,5.628925182528492
670,-250,0,5.628925182528492
690,-250,0,5.628925182528492
710,-250,0,5.628925182528492
730,-250,0,5.628925182528492
750,-250,0,5.628925182528492
770,-250,0,5.628925182528492
790,-250,0,5.628925182528492
-790,-230,0,5.628925182528492
-770,-230,0,5.628925182528492
-750,-230,0,5.628925182528492
-730,-230,0,5.628925182528492
-710,-230,0,5.628925182528492
-690,-230,0,5.628925182528492
-670,-230,0,5.628925182528492
-650,-230,0,5.628925182528492
-630,-230,0,5.628925182528492
-610,-230,0,5.628925182528492
-590,-230,0,5.628925182528492
-570,-230,0,5.628925182528492
-550,-230,0,5.628925182528492
-530,-230,0,5.628925182528492
-510,-230,0,5.628925182528492
-490,-230,0,5.628925182528492
-470,-230,0,5.628925182528492
-450,-230,0,5.628925182528492
-430,-230,0,5.628925182528492
-410,-230,0,5.628925182528492
-390,-230,0,5.628925182528492
-370,-230,0,5.628925182528492
-350,-230,0,5.628925182528492
-330,-230,0,5.628925182528492
-310,-230,0,5.628925182528492
-290,-230,0,5.628925182528492
-270,-230,0,5.628925182528492
-250,-230,0,5.628925182528492
-230,-230,0,5.628925182528492
-210,-230,0,5.628925182528492
-190,-230,0,5.628925182528492
-170,-230,0,5.628925182528492
-150,-230,0,5.628925182528492
-130,-230,0,5.628925182528492
-110,-230,0,5.628925182528492
-90,-230,0,5.628925182528492
-70,-230,0,5.628925182528492
-50,-230,0,5.628925182528492
-30,-230,0,5.628925182528492
-10,-230,0,5.628925182528492
10,-230,0,5.628925182528492
30,-230,0,5.628925182528492
50,-230,0,5.628925182528492
70,-230,0,5.628925182528492
90,-230,0,5.628925182528492
110,-230,0,5.628925182528492
130,-230,0,5.628925182528492
150,-230,0,5.628925182528492
170,-230,0,5.628925182528492
190,-230,0,5.628925182528492
210,-230,0,5.628925182528492
230,-230,0,5.628925182528492
250,-230,0,5.628925182528492
270,-230,0,5.628925182528492
290,-230,0,5.628925182528492
310,-230,0,5.628925182528492
330,-230,0,5.628925182528492
350,-230,0,5.628925182528492
370,-230,0,5.628925182528492
390,-230,0,5.628925182528492
410,-230,0,5.628925182528492
430,-230,0,5.628925182528492
450,-230,0,5.628925182528492
470,-230,0,5.628925182528492
490,-230,0,5.628925182528492
510,-230,0,5.628925182528492
530,-230,0,5.628925182528492
550,-230,0,5.628925182528492
570,-230,0,5.628925182528492
590,-230,0,5.628925182528492
610,-230,0,5.628925182528492
630,-230,0,5.628925182528492
650,-230,0,5.628925182528492
670,-230,0,5.628925182528492
690,-230,0,5.628925182528492
710,-230,0,5.628925182528492
730,-230,0,5.628925182528492
750,-230,0,5.628925182528492
770,-230,0,5.628925182528492
790,-230,0,5.628925182528492
-790,-210,0,5.628925182528492
-770,-210,0,5.628925182528492
-750,-210,0,5.628925182528492
-730,-210,0,5.628925182528492
-710,-210,0,5.628925182528492
-690,-210,0,5.628925182528492
-670,-210,0,5.628925182528492
-650,-210,0,5.628925182528492
-630,-210,0,5.628925182528492
-610,-210,0,5.628925182528492
-590,-210,0,5.628925182528492
-570,-210,0,5.628925182528492
-550,-210,0,5.628925182528492
-530,-210,0,5.628925182528492
-510,-210,0,5.628925182528492
-490,-210,0,5.628925182528492
-470,-210,0,5.628925182528492
-450,-210,0,5.628925182528492
-430,-210,0,5.628925182528492
-410,-210,0,5.628925182528492
-390,-210,0,5.628925182528492
-370,-210,0,5.628925182528492
-350,-210,0,5.628925182528492
-330,-210,0,5.628925182528492
-310,-210,0,5.628925182528492
-290,-210,0,5.628925182528492
-270,-210,0,5.628925182528492
-250,-210,0,5.628925182528492
-230,-210,0,5.628925182528492
-210,-210,0,5.628925182528492
-190,-210,0,5.628925182528492
-170,-210,0,5.628925182528492
-150,-210,0,5.628925182528492
-130,-210,0,5.628925182528492
-110,-210,0,5.628925182528492
-90,-210,0,5.628925182528492
-70,-210,0,5.628925182528492
-50,-210,0,5.628925182528492
-30,-210,0,5.628925182528492
-10,-210,0,5.628925182528492
10,-210,0,5.628925182528492
30,-210,0,5.628925182528492
50,-210,0,5.628925182528492
70,-210,0,5.628925182528492
90,-210,0,5.628925182528492
110,-210,0,5.628925182528492
130,-210,0,5.628925182528492
150,-210,0,5.628925182528492
170,-210,0,5.628925182528492
190,-210,0,5.628925182528492
210,-210,0,5.628925182528492
230,-210,0,5.628925182528492
250,-210,0,5.628925182528492
270,-210,0,5.628925182528492
290,-210,0,5.628925182528492
310,-210,0,5.628925182528492
330,-210,0,5.628925182528492
350,-210,0,5.628925182528492
370,-210,0,5.628925182528492
390,-210,0,5.628925182528492
410,-210,0,5.628925182528492
430,-210,0,5.628925182528492
450,-210,0,5.628925182528492
470,-210,0,5.628925182528492
490,-210,0,5.628925182528492
510,-210,0,5.628925182528492
530,-210,0,5.628925182528492
550,-210,0,5.628925182528492
570,-210,0,5.628925182528492
590,-210,0,5.628925182528492
610,-210,0,5.628925182528492
630,-210,0,5.628925182528492
650,-210,0,5.628925182528492
670,-210,0,5.628925182528492
690,-210,0,5.628925182528492
710,-210,0,5.628925182528492
730,-210,0,5.628925182528492
750,-210,0,5.628925182528492
770,-210,0,5.628925182528492
790,-210,0,5.628925182528492
-790,-190,0,5.628925182528492
-770,-190,0,5.628925182528492
-750,-190,0,5.628925182528492
-730,-190,0,5.628925182528492
-710,-190,0,5.628925182528492
-690,-190,0,5.628925182528492
-670,-190,0,5.628925182528492
-650,-190,0,5.628925182528492
-630,-190,0,5.628925182528492
-610,-190,0,5.628925182528492
-590,-190,0,5.628925182528492
-570,-190,0,5.628925182528492
-550,-190,0,5.628925182528492
-530,-190,0,5.628925182528492
-510,-190,0,5.628925182528492
-490,-190,0,5.628925182528492
-470,-190,0,5.628925182528492
-450,-190,0,5.628925182528492
-430,-190,0,5.628925182528492
-410,-190,0,5.628925182528492
-390,-190,0,5.628925182528492
-370,-190,0,5.628925182528492
-350,-190,0,5.628925182528492
-330,-190,0,5.628925182528492
-310,-190,0,5.628925182528492
-290,-190,0,5.628925182528492
-270,-190,0,5.628925182528492
-250,-190,0,5.628925182528492
-230,-190,0,5.628925182528492
-210,-190,0,5.628925182528492
-190,-190,0,5.628925182528492
-170,-190,0,5.628925182528492
-150,-190,0,5.628925182528492
-130,-190,0,5.628925182528492
-110,-190,0,5.628925182528492
-90,-190,0,5.628925182528492
-70,-190,0,5.628925182528492
-50,-190,0,5.628925182528492
-30,-190,0,5.628925182528492
-10,-190,0,5.628925182528492
10,-190,0,5.628925182528492
30,-190,0,5.628925182528492
50,-190,0,5.628925182528492
70,-190,0,5.628925182528492
90,-190,0,5.628925182528492
110,-190,0,5.628925182528492
130,-190,0,5.628925182528492
150,-190,0,5.628925182528492
170,-190,0,5.628925182528492
190,-190,0,5.628925182528492
210,-190,0,5.628925182528492
230,-190,0,5.628925182528492
250,-190,0,5.628925182528492
270,-190,0,5.628925182528492
290,-190,0,5.628925182528492
310,-190,0,5.628925182528492
330,-190,0,5.628925182528492
350,-190,0,5.628925182528492
370,-190,0,5.628925182528492
390,-190,0,5.628925182528492
410,-190,0,5.628925182528492
430,-190,0,5.628925182528492
450,-190,0,5.628925182528492
470,-190,0,5.628925182528492
490,-190,0,5.628925182528492
510,-190,0,5.628925182528492
530,-190,0,5.628925182528492
550,-190,0,5.628925182528492
570,-190,0,5.628925182528492
590,-190,0,5.628925182528492
610,-190,0,5.628925182528492
630,-190,0,5.628925182528492
650,-190,0,5.628925182528492
670,-190,0,5.628925182528492
690,-190,0,5.628925182528492
710,-190,0,5.628925182528492
730,-190,0,5.628925182528492
750,-190,0,5.628925182528492
770,-190,0,5.628925182528492
790,-190,0,5.628925182528492
-790,-170,0,5.628925182528492
-770,-170,0,5.628925182528492
-750,-170,0,5.628925182528492
-730,-170,0,5.628925182528492
-710,-170,0,5.628925182528492
-690,-170,0,5.628925182528492
-670,-170,0,5.628925182528492
-650,-170,0,5.628925182528492
-630,-170,0,5.628925182528492
-610,-170,0,5.628925182528492
-590,-170,0,5.628925182528492
-570,-170,0,5.628925182528492
-550,-170,0,5.628925182528492
-530,-170,0,5.628925182528492
-510,-170,0,5.628925182528492
-490,-170,0,5.628925182528492
-470,-170,0,5.628925182528492
-450,-170,0,5.628925182528492
-430,-170,0,5.628925182528492
-410,-170,0,5.628925182528492
-390,-170,0,5.628925182528492
-370,-170,0,5.628925182528492
-350,-170,0,5.628925182528492
-330,-170,0,5.628925182528492
-310,-170,0,5.628925182528492
-290,-170,0,5.628925182528492
-270,-170,0,5.628925182528492
-250,-170,0,5.628925182528492
-230,-170,0,5.628925182528492
-210,-170,0,5.628925182528492
-190,-170,0,5.628925182528492
-170,-170,0,5.628925182528492
-150,-170,0,5.628925182528492
-130,-170,0,5.628925182528492
-110,-170,0,5.628925182528492
-90,-170,0,5.628925182528492
-70,-170,0,5.628925182528492
-50,-170,0,5.628925182528492
-30,-170,0,5.628925182528492
-10,-170,0,5.628925182528492
10,-170,0,5.628925182528492
30,-170,0,5.628925182528492
50,-170,0,5.628925182528492
70,-170,0,5.628925182528492
90,-170,0,5.628925182528492
110,-170,0,5.628925182528492
130,-170,0,5.628925182528492
150,-170,0,5.628925182528492
170,-170,0,5.628925182528492
190,-170,0,5.628925182528492
210,-170,0,5.628925182528492
230,-170,0,5.628925182528492
250,-170,0,5.628925182528492
270,-170,0,5.628925182528492
290,-170,0,5.628925182528492
310,-170,0,5.628925182528492
330,-170,0,5.628925182528492
350,-170,0,5.628925182528492
370,-170,0,5.628925182528492
390,-170,0,5.628925182528492
410,-170,0,5.628925182528492
430,-170,0,5.628925182528492
450,-170,0,5.628925182528492
470,-170,0,5.628925182528492
490,-170,0,5.628925182528492
510,-170,0,5.628925182528492
530,-170,0,5.628925182528492
550,-170,0,5.628925182528492
570,-170,0,5.628925182528492
590,-170,0,5.628925182528492
610,-170,0,5.628925182528492
630,-170,0,5.628925182528492
650,-170,0,5.628925182528492
670,-170,0,5.628925182528492
690,-170,0,5.628925182528492
710,-170,0,5.628925182528492
730,-170,0,5.628925182528492
750,-170,0,5.628925182528492
770,-170,0,5.628925182528492
790,-170,0,5.628925182528492
-790,-150,0,5.628925182528492
-770,-150,0,5.628925182528492
-750,-150,0,5.628925182528492
-730,-150,0,5.628925182528492
-710,-150,0,5.628925182528492
-690,-150,0,5.628925182528492
-670,-150,0,5.628925182528492
-650,-150,0,5.628925182528492
-630,-150,0,5.628925182528492
-610,-150,0,5.628925182528492
-590,-150,0,5.628925182528492
-570,-150,0,5.628925182528492
-550,-150,0,5.628925182528492
-530,-150,0,5.628925182528492
-510,-150,0,5.628925182528492
-490,-150,0,5.628925182528492
-470,-150,0,5.628925182528492
-450,-150,0,5.628925182528492
-430,-150,0,5.628925182528492
-410,-150,0,5.628925182528492
-390,-150,0,5.628925182528492
-370,-150,0,5.628925182528492
-350,-150,0,5.628925182528492
-330,-150,0,5.628925182528492
-310,-150,0,5.628925182528492
-290,-150,0,5.628925182528492
-270,-150,0,5.628925182528492
-250,-150,0,5.628925182528492
-230,-150,0,5.628925182528492
-210,-150,0,5.628925182528492
-190,-150,0,5.628925182528492
-170,-150,0,5.628925182528492
-150,-150,0,5.628925182528492
-130,-150,0,5.628925182528492
-110,-150,0,5.628925182528492
-90,-150,0,5.628925182528492
-70,-150,0,5.628925182528492
-50,-150,0,5.628925182528492
-30,-150,0,5.628925182528492
-10,-150,0,5.628925182528492
10,-150,0,5.628925182528492
30,-150,0,5.628925182528492
50,-150,0,5.628925182528492
70,-150,0,5.628925182528492
90,-150,0,5.628925182528492
110,-150,0,5.628925182528492
130,-150,0,5.628925182528492
150,-150,0,5.628925182528492
170,-150,0,5.628925182528492
190,-150,0,5.628925182528492
210,-150,0,5.628925182528492
230,-150,0,5.628925182528492
250,-150,0,5.628925182528492
270,-150,0,5.628925182528492
290,-150,0,5.628925182528492
310,-150,0,5.628925182528492
330,-150,0,5.628925182528492
350,-150,0,5.628925182528492
370,-150,0,5.628925182528492
390,-150,0,5.628925182528492
410,-150,0,5.628925182528492
430,-150,0,5.628925182528492
450,-150,0,5.628925182528492
470,-150,0,5.628925182528492
490,-150,0,5.628925182528492
510,-150,0,5.628925182528492
530,-150,0,5.628925182528492
550,-150,0,5.628925182528492
570,-150,0,5.628925182528492
590,-150,0,5.628925182528492
610,-150,0,5.628925182528492
630,-150,0,5.628925182528492
650,-150,0,5.628925182528492
670,-150,0,5.628925182528492
690,-150,0,5.628925182528492
710,-150,0,5.628925182528492
730,-150,0,5.628925182528492
750,-150,0,5.628925182528492
770,-150,0,5.628925182528492
790,-150,0,5.628925182528492
-790,-130,0,5.628925182528492
-770,-130,0,5.628925182528492
-750,-130,0,5.628925182528492
-730,-130,0,5.628925182528492
-710,-130,0,5.628925182528492
-690,-130,0,5.628925182528492
-670,-130,0,5.628925182528492
-650,-130,0,5.628925182528492
-630,-130,0,5.628925182528492
-610,-130,0,5.628925182528492
-590,-130,0,5.628925182528492
-570,-130,0,5.628925182528492
-550,-130,0,5.628925182528492
-530,-130,0,5.628925182528492
-510,-130,0,5.628925182528492
-490,-130,0,5.628925182528492
-470,-130,0,5.628925182528492
-450,-130,0,5.628925182528492
-430,-130,0,5.628925182528492
-410,-130,0,5.628925182528492
-390,-130,0,5.628925182528492
-370,-130,0,5.628925182528492
-350,-130,0,5.628925182528492
-330,-130,0,5.628925182528492
-310,-130,0,5.628925182528492
-290,-130,0,5.628925182528492
-270,-130,0,5.628925182528492
-250,-130,0,5.628925182528492
-230,-130,0,5.628925182528492
-210,-130,0,5.628925182528492
-190,-130,0,5.628925182528492
-170,-130,0,5.628925182528492
-150,-130,0,5.628925182528492
-130,-130,0,5.628925182528492
-110,-130,0,5.628925182528492
-90,-130,0,5.628925182528492
-70,-130,0,5.628925182528492
-50,-130,0,5.628925182528492
-30,-130,0,5.628925182528492
-10,-130,0,5.628925182528492
10,-130,0,5.628925182528492
30,-130,0,5.628925182528492
50,-130,0,5.628925182528492
70,-130,0,5.628925182528492
90,-130,0,5.628925182528492
110,-130,0,5.628925182528492
130,-130,0,5.628925182528492
150,-130,0,5.628925182528492
170,-130,0,5.628925182528492
190,-130,0,5.628925182528492
210,-130,0,5.628925182528492
230,-130,0,5.628925182528492
250,-130,0,5.628925182528492
270,-130,0,5.628925182528492
290,-130,0,5.628925182528492
310,-130,0,5.628925182528492
330,-130,0,5.628925182528492
350,-130,0,5.628925182528492
370,-130,0,5.628925182528492
390,-130,0,5.628925182528492
410,-130,0,5.628925182528492
430,-130,0,5.628925182528492
450,-130,0,5.628925182528492
470,-130,0,5.628925182528492
490,-130,0,5.628925182528492
510,-130,0,5.628925182528492
530,-130,0,5.628925182528492
550,-130,0,5.628925182528492
570,-130,0,5.628925182528492
590,-130,0,5.628925182528492
610,-130,0,5.628925182528492
630,-130,0,5.628925182528492
650,-130,0,5.628925182528492
670,-130,0,5.628925182528492
690,-130,0,5.628925182528492
710,-130,0,5.628925182528492
730,-130,0,5.628925182528492
750,-130,0,5.628925182528492
770,-130,0,5.628925182528492
790,-130,0,5.628925182528492
-790,-110,0,5.628925182528492
-770,-110,0,5.628925182528492
-750,-110,0,5.628925182528492
-730,-110,0,5.628925182528492
-710,-110,0,5.628925182528492
-690,-110,0,5.628925182528492
-670,-110,0,5.628925182528492
-650,-110,0,5.628925182528492
-630,-110,0,5.628925182528492
-610,-110,0,5.628925182528492
-590,-110,0,5.628925182528492
-570,-110,0,5.628925182528492
-550,-110,0,5.628925182528492
-530,-110,0,5.628925182528492
-510,-110,0,5.628925182528492
-490,-110,0,5.628925182528492
-470,-110,0,5.628925182528492
-450,-110,0,5.628925182528492
-430,-110,0,5.628925182528492
-410,-110,0,5.628925182528492
-390,-110,0,5.628925182528492
-370,-110,0,5.628925182528492
-350,-110,0,5.628925182528492
-330,-110,0,5.628925182528492
-310,-110,0,5.628925182528492
-290,-110,0,5.628925182528492
-270,-110,0,5.628925182528492
-250,-110,0,5.628925182528492
-230,-110,0,5.628925182528492
-210,-110,0,5.628925182528492
-190,-110,0,5.628925182528492
-170,-110,0,5.628925182528492
-150,-110,0,5.628925182528492
-130,-110,0,5.628925182528492
-110,-110,0,5.628925182528492
-90,-110,0,5.628925182528492
-70,-110,0,5.628925182528492
-50,-110,0,5.628925182528492
-30,-110,0,5.628925182528492
-10,-110,0,5.628925182528492
10,-110,0,5.628925182528492
30,-110,0,5.628925182528492
50,-110,0,5.628925182528492
70,-110,0,5.628925182528492
90,-110,0,5.628925182528492
110,-110,0,5.628925182528492
130,-110,0,5.628925182528492
150,-110,0,5.628925182528492
170,-110,0,5.628925182528492
190,-110,0,5.628925182528492
210,-110,0,5.628925182528492
230,-110,0,5.628925182528492
250,-110,0,5.628925182528492
270,-110,0,5.628925182528492
290,-110,0,5.628925182528492
310,-110,0,5.628925182528492
330,-110,0,5.628925182528492
350,-110,0,5.628925182528492
370,-110,0,5.628925182528492
390,-110,0,5.628925182528492
410,-110,0,5.628925182528492
430,-110,0,5.628925182528492
450,-110,0,5.628925182528492
470,-110,0,5.628925182528492
490,-110,0,5.628925182528492
510,-110,0,5.628925182528492
530,-110,0,5.628925182528492
550,-110,0,5.628925182528492
570,-110,0,5.628925182528492
590,-110,0,5.628925182528492
610,-110,0,5.628925182528492
630,-110,0,5.628925182528492
650,-110,0,5.628925182528492
670,-110,0,5.628925182528492
690,-110,0,5.628925182528492
710,-110,0,5.628925182528492
730,-110,0,5.628925182528492
750,-110,0,5.628925182528492
770,-110,0,5.628925182528492
790,-110,0,5.628925182528492
-790,-90,0,5.628925182528492
-770,-90,0,5.628925182528492
-750,-90,0,5.628925182528492
-730,-90,0,5.628925182528492
-710,-90,0,5.628925182528492
-690,-90,0,5.628925182528492
-670,-90,0,5.628925182528492
-650,-90,0,5.628925182528492
-630,-90,0,5.628925182528492
-610,-90,0,5.628925182528492
-590,-90,0,5.628925182528492
-570,-90,0,5.628925182528492
-550,-90,0,5.628925182528492
-530,-90,0,5.628925182528492
-510,-90,0,5.628925182528492
-490,-90,0,5.628925182528492
-470,-90,0,5.628925182528492
-450,-90,0,5.628925182528492
-430,-90,0,5.628925182528492
-410,-90,0,5.628925182528492
-390,-90,0,5.628925182528492
-370,-90,0,5.628925182528492
-350,-90,0,5.628925182528492
-330,-90,0,5.628925182528492
-310,-90,0,5.628925182528492
-290,-90,0,5.628925182528492
-270,-90,0,5.628925182528492
-250,-90,0,5.628925182528492
-230,-90,0,5.628925182528492
-210,-90,0,5.628925182528492
-190,-90,0,5.628925182528492
-170,-90,0,5.628925182528492
-150,-90,0,5.628925182528492
-130,-90,0,5.628925182528492
-110,-90,0,5.628925182528492
-90,-90,0,5.628925182528492
-70,-90,0,5.628925182528492
-50,-90,0,5.628925182528492
-30,-90,0,5.628925182528492
-10,-90,0,5.628925182528492
10,-90,0,5.628925182528492
30,-90,0,5.628925182528492
50,-90,0,5.628925182528492
70,-90,0,5.628925182528492
90,-90,0,5.628925182528492
110,-90,0,5.628925182528492
130,-90,0,5.628925182528492
150,-90,0,5.628925182528492
170,-90,0,5.628925182528492
190,-90,0,5.628925182528492
210,-90,0,5.628925182528492
230,-90,0,5.628925182528492
250,-90,0,5.628925182528492
270,-90,0,5.628925182528492
290,-90,0,5.628925182528492
310,-90,0,5.628925182528492
330,-90,0,5.628925182528492
350,-90,0,5.628925182528492
370,-90,0,5.628925182528492
390,-90,0,5.628925182528492
410,-90,0,5.628925182528492
430,-90,0,5.628925182528492
450,-90,0,5.628925182528492
470,-90,0,5.628925182528492
490,-90,0,5.628925182528492
510,-90,0,5.628925182528492
530,-90,0,5.628925182528492
550,-90,0,5.628925182528492
570,-90,0,5.628925182528492
590,-90,0,5.628925182528492
610,-90,0,5.628925182528492
630,-90,0,5.628925182528492
650,-90,0,5.628925182528492
670,-90,0,5.628925182528492
690,-90,0,5.628925182528492
710,-90,0,5.628925182528492
730,-90,0,5.628925182528492
750,-90,0,5.628925182528492
770,-90,0,5.628925182528492
790,-90,0,5.628925182528492
-790,-70,0,5.628925182528492
-770,-70,0,5.628925182528492
-750,-70,0,5.628925182528492
-730,-70,0,5.628925182528492
-710,-70,0,5.628925182528492
-690,-70,0,5.628925182528492
-670,-70,0,5.628925182528492
-650,-70,0,5.628925182528492
-630,-70,0,5.628925182528492
-610,-70,0,5.628925182528492
-590,-70,0,5.628925182528492
-570,-70,0,5.628925182528492
-550,-70,0,5.628925182528492
-530,-70,0,5.628925182528492
-510,-70,0,5.628925182528492
-490,-70,0,5.628925182528492
-470,-70,0,5.628925182528492
-450,-70,0,5.628925182528492
-430,-70,0,5.628925182528492
-410,-70,0,5.628925182528492
-390,-70,0,5.628925182528492
-370,-70,0,5.628925182528492
-350,-70,0,5.628925182528492
-330,-70,0,5.628925182528492
-310,-70,0,5.628925182528492
-290,-70,0,5.628925182528492
-270,-70,0,5.628925182528492
-250,-70,0,5.628925182528492
-230,-70,0,5.628925182528492
-210,-70,0,5.628925182528492
-190,-70,0,5.628925182528492
-170,-70,0,5.628925182528492
-150,-70,0,5.628925182528492
-130,-70,0,5.628925182528492
-110,-70,0,5.628925182528492
-90,-70,0,5.628925182528492
-70,-70,0,5.628925182528492
-50,-70,0,5.628925182528492
-30,-70,0,5.628925182528492
-10,-70,0,5.628925182528492
10,-70,0,5.628925182528492
30,-70,0,5.628925182528492
50,-70,0,5.628925182528492
70,-70,0,5.628925182528492
90,-70,0,5.628925182528492
110,-70,0,5.628925182528492
130,-70,0,5.628925182528492
150,-70,0,5.628925182528492
170,-70,0,5.628925182528492
190,-70,0,5.628925182528492
210,-70,0,5.628925182528492
230,-70,0,5.628925182528492
250,-70,0,5.628925182528492
270,-70,0,5.628925182528492
290,-70,0,5.628925182528492
310,-70,0,5.628925182528492
330,-70,0,5.628925182528492
350,-70,0,5.628925182528492
370,-70,0,5.628925182528492
390,-70,0,5.628925182528492
410,-70,0,5.628925182528492
430,-70,0,5.628925182528492
450,-70,0,5.628925182528492
470,-70,0,5.628925182528492
490,-70,0,5.628925182528492
510,-70,0,5.628925182528492
530,-70,0,5.628925182528492
550,-70,0,5.628925182528492
570,-70,0,5.628925182528492
590,-70,0,5.628925182528492
610,-70,0,5.628925182528492
630,-70,0,5.628925182528492
650,-70,0,5.628925182528492
670,-70,0,5.628925182528492
690,-70,0,5.628925182528492
710,-70,0,5.628925182528492
730,-70,0,5.628925182528492
750,-70,0,5.628925182528492
770,-70,0,5.628925182528492
790,-70,0,5.628925182528492
-790,-50,0,5.628925182528492
-770,-50,0,5.628925182528492
-750,-50,0,5.628925182528492
-730,-50,0,5.628925182528492
-710,-50,0,5.628925182528492
-690,-50,0,5.628925182528492
-670,-50,0,5.628925182528492
-650,-50,0,5.628925182528492
-630,-50,0,5.628925182528492
-610,-50,0,5.628925182528492
-590,-50,0,5.628925182528492
-570,-50,0,5.628925182528492
-550,-50,0,5.628925182528492
-530,-50,0,5.628925182528492
-510,-50,0,5.628925182528492
-490,-50,0,5.628925182528492
-470,-50,0,5.628925182528492
-450,-50,0,5.628925182528492
-430,-50,0,5.628925182528492
-410,-50,0,5.628925182528492
-390,-50,0,5.628925182528492
-370,-50,0,5.628925182528492
-350,-50,0,5.628925182528492
-330,-50,0,5.628925182528492
-310,-50,0,5.628925182528492
-290,-50,0,5.628925182528492
-270,-50,0,5.628925182528492
-250,-50,0,5.628925182528492
-230,-50,0,5.628925182528492
-210,-50,0,5.628925182528492
-190,-50,0,5.628925182528492
-170,-50,0,5.628925182528492
-150,-50,0,5.628925182528492
-130,-50,0,5.628925182528492
-110,-50,0,5.628925182528492
-90,-50,0,5.628925182528492
-70,-50,0,5.628925182528492
-50,-50,0,5.628925182528492
-30,-50,0,5.628925182528492
-10,-50,0,5.628925182528492
10,-50,0,5.628925182528492
30,-50,0,5.628925182528492
50,-50,0,5.628925182528492
70,-50,0,5.628925182528492
90,-50,0,5.628925182528492
110,-50,0,5.628925182528492
130,-50,0,5.628925182528492
150,-50,0,5.628925182528492
170,-50,0,5.628925182528492
190,-50,0,5.628925182528492
210,-50,0,5.628925182528492
230,-50,0,5.628925182528492
250,-50,0,5.628925182528492
270,-50,0,5.628925182528492
290,-50,0,5.628925182528492
310,-50,0,5.628925182528492
330,-50,0,5.628925182528492
350,-50,0,5.628925182528492
370,-50,0,5.628925182528492
390,-50,0,5.628925182528492
410,-50,0,5.628925182528492
430,-50,0,5.628925182528492
450,-50,0,5.628925182528492
470,-50,0,5.628925182528492
490,-50,0,5.628925182528492
510,-50,0,5.628925182528492
530,-50,0,5.628925182528492
550,-50,0,5.628925182528492
570,-50,0,5.628925182528492
590,-50,0,5.628925182528492
610,-50,0,5.628925182528492
630,-50,0,5.628925182528492
650,-50,0,5.628925182528492
670,-50,0,5.628925182528492
690,-50,0,5.628925182528492
710,-50,0,5.628925182528492
730,-50,0,5.628925182528492
750,-50,0,5.628925182528492
770,-50,0,5.628925182528492
790,-50,0,5.628925182528492
-790,-30,0,5.628925182528492
-770,-30,0,5.628925182528492
-750,-30,0,5.628925182528492
-730,-30,0,5.628925182528492
-710,-30,0,5.628925182528492
-690,-30,0,5.628925182528492
-670,-30,0,5.628925182528492
-650,-30,0,5.628925182528492
-630,-30,0,5.628925182528492
-610,-30,0,5.628925182528492
-590,-30,0,5.628925182528492
-570,-30,0,5.628925182528492
-550,-30,0,5.628925182528492
-530,-30,0,5.628925182528492
-510,-30,0,5.628925182528492
-490,-30,0,5.628925182528492
-470,-30,0,5.628925182528492
-450,-30,0,5.628925182528492
-430,-30,0,5.628925182528492
-410,-30,0,5.628925182528492
-390,-30,0,5.628925182528492
-370,-30,0,5.628925182528492
-350,-30,0,5.628925182528492
-330,-30,0,5.628925182528492
-310,-30,0,5.628925182528492
-290,-30,0,5.628925182528492
-270,-30,0,5.628925182528492
-250,-30,0,5.628925182528492
-230,-30,0,5.628925182528492
-210,-30,0,5.628925182528492
-190,-30,0,5.628925182528492
-170,-30,0,5.628925182528492
-150,-30,0,5.628925182528492
-130,-30,0,5.628925182528492
-110,-30,0,5.628925182528492
-90,-30,0,5.628925182528492
-70,-30,0,5.628925182528492
-50,-30,0,5.628925182528492
-30,-30,0,5.628925182528492
-10,-30,0,5.628925182528492
10,-30,0,5.628925182528492
30,-30,0,5.628925182528492
50,-30,0,5.628925182528492
70,-30,0,5.628925182528492
90,-30,0,5.628925182528492
110,-30,0,5.628925182528492
130,-30,0,5.628925182528492
150,-30,0,5.628925182528492
170,-30,0,5.628925182528492
190,-30,0,5.628925182528492
210,-30,0,5.628925182528492
230,-30,0,5.628925182528492
250,-30,0,5.628925182528492
270,-30,0,5.628925182528492
290,-30,0,5.628925182528492
310,-30,0,5.628925182528492
330,-30,0,5.628925182528492
350,-30,0,5.628925182528492
370,-30,0,5.628925182528492
390,-30,0,5.628925182528492
410,-30,0,5.628925182528492
430,-30,0,5.628925182528492
450,-30,0,5.628925182528492
470,-30,0,5.628925182528492
490,-30,0,5.628925182528492
510,-30,0,5.628925182528492
530,-30,0,5.628925182528492
550,-30,0,5.628925182528492
570,-30,0,5.628925182528492
590,-30,0,5.628925182528492
610,-30,0,5.628925182528492
630,-30,0,5.628925182528492
650,-30,0,5.628925182528492
670,-30,0,5.628925182528492
690,-30,0,5.628925182528492
710,-30,0,5.628925182528492
730,-30,0,5.628925182528492
750,-30,0,5.628925182528492
770,-30,0,5.628925182528492
790,-30,0,5.628925182528492
-790,-10,0,5.628925182528492
-770,-10,0,5.628925182528492
-750,-10,0,5.628925182528492
-730,-10,0,5.628925182528492
-710,-10,0,5.628925182528492
-690,-10,0,5.628925182528492
-670,-10,0,5.628925182528492
-650,-10,0,5.628925182528492
-630,-10,0,5.628925182528492
-610,-10,0,5.628925182528492
-590,-10,0,5.628925182528492
-570,-10,0,5.628925182528492
-550,-10,0,5.628925182528492
-530,-10,0,5.628925182528492
-510,-10,0,5.628925182528492
-490,-10,0,5.628925182528492
-470,-10,0,5.628925182528492
-450,-10,0,5.628925182528492
-430,-10,0,5.628925182528492
-410,-10,0,5.628925182528492
-390,-10,0,5.628925182528492
-370,-10,0,5.628925182528492
-350,-10,0,5.628925182528492
-330,-10,0,5.628925182528492
-310,-10,0,5.628925182528492
-290,-10,0,5.628925182528492
-270,-10,0,5.628925182528492
-250,-10,0,5.628925182528492
-230,-10,0,5.628925182528492
-210,-10,0,5.628925182528492
-190,-10,0,5.628925182528492
-170,-10,0,5.628925182528492
-150,-10,0,5.628925182528492
-130,-10,0,5.628925182528492
-110,-10,0,5.628925182528492
-90,-10,0,5.628925182528492
-70,-10,0,5.628925182528492
-50,-10,0,5.628925182528492
-30,-10,0,5.628925182528492
-10,-10,0,5.628925182528492
10,-10,0,5.628925182528492
30,-10,0,5.628925182528492
50,-10,0,5.628925182528492
70,-10,0,5.628925182528492
90,-10,0,5.628925182528492
110,-10,0,5.628925182528492
130,-10,0,5.628925182528492
150,-10,0,5.628925182528492
170,-10,0,5.628925182528492
190,-10,0,5.628925182528492
210,-10,0,5.628925182528492
230,-10,0,5.628925182528492
250,-10,0,5.628925182528492
270,-10,0,5.628925182528492
290,-10,0,5.628925182528492
310,-10,0,5.628925182528492
330,-10,0,5.628925182528492
350,-10,0,5.628925182528492
370,-10,0,5.628925182528492
390,-10,0,5.628925182528492
410,-10,0,5.628925182528492
430,-10,0,5.628925182528492
450,-10,0,5.628925182528492
470,-10,0,5.628925182528492
490,-10,0,5.628925182528492
510,-10,0,5.628925182528492
530,-10,0,5.628925182528492
550,-10,0,5.628925182528492
570,-10,0,5.628925182528492
590,-10,0,5.628925182528492
610,-10,0,5.628925182528492
630,-10,0,5.628925182528492
650,-10,0,5.628925182528492
670,-10,0,5.628925182528492
690,-10,0,5.628925182528492
710,-10,0,5.628925182528492
730,-10,0,5.628925182528492
750,-10,0,5.628925182528492
770,-10,0,5.628925182528492
790,-10,0,5.628925182528492
-790,10,0,5.628925182528492
-770,10,0,5.628925182528492
-750,10,0,5.628925182528492
-730,10,0,5.628925182528492
-710,10,0,5.628925182528492
-690,10,0,5.628925182528492
-670,10,0,5.628925182528492
-650,10,0,5.628925182528492
-630,10,0,5.628925182528492
-610,10,0,5.628925182528492
-590,10,0,5.628925182528492
-570,10,0,5.628925182528492
-550,10,0,5.628925182528492
-530,10,0,5.628925182528492
-510,10,0,5.628925182528492
-490,10,0,5.628925182528492
-470,10,0,5.628925182528492
-450,10,0,5.628925182528492
-430,10,0,5.628925182528492
-410,10,0,5.628925182528492
-390,10,0,5.628925182528492
-370,10,0,5.628925182528492
-350,10,0,5.628925182528492
-330,10,0,5.628925182528492
-310,10,0,5.628925182528492
-290,10,0,5.628925182528492
-270,10,0,5.628925182528492
-250,10,0,5.628925182528492
-230,10,0,5.628925182528492
-210,10,0,5.628925182528492
-190,10,0,5.628925182528492
-170,10,0,5.628925182528492
-150,10,0,5.628925182528492
-130,10,0,5.628925182528492
-110,10,0,5.628925182528492
-90,10,0,5.628925182528492
-70,10,0,5.628925182528492
-50,10,0,5.628925182528492
-30,10,0,5.628925182528492
-10,10,0,5.628925182528492
10,10,0,5.628925182528492
30,10,0,5.628925182528492
50,10,0,5.628925182528492
70,10,0,5.628925182528492
90,10,0,5.628925182528492
110,10,0,5.628925182528492
130,10,0,5.628925182528492
150,10,0,5.628925182528492
170,10,0,5.628925182528492
190,10,0,5.628925182528492
210,10,0,5.628925182528492
230,10,0,5.628925182528492
250,10,0,5.628925182528492
270,10,0,5.628925182528492
290,10,0,5.628925182528492
310,10,0,5.628925182528492
330,10,0,5.628925182528492
350,10,0,5.628925182528492
370,10,0,5.628925182528492
390,10,0,5.628925182528492
410,10,0,5.628925182528492
430,10,0,5.628925182528492
450,10,0,5.628925182528492
470,10,0,5.628925182528492
490,10,0,5.628925182528492
510,10,0,5.628925182528492
530,10,0,5.628925182528492
550,10,0,5.628925182528492
570,10,0,5.628925182528492
590,10,0,5.628925182528492
610,10,0,5.628925182528492
630,10,0,5.628925182528492
650,10,0,5.628925182528492
670,10,0,5.628925182528492
690,10,0,5.628925182528492
710,10,0,5.628925182528492
730,10,0,5.628925182528492
750,10,0,5.628925182528492
770,10,0,5.628925182528492
790,10,0,5.628925182528492
-790,30,0,5.628925182528492
-770,30,0,5.628925182528492
-750,30,0,5.628925182528492
-730,30,0,5.628925182528492
-710,30,0,5.628925182528492
-690,30,0,5.628925182528492
-670,30,0,5.628925182528492
-650,30,0,5.628925182528492
-630,30,0,5.628925182528492
-610,30,0,5.628925182528492
-590,30,0,5.628925182528492
-570,30,0,5.628925182528492
-550,30,0,5.628925182528492
-530,30,0,5.628925182528492
-510,30,0,5.628925182528492
-490,30,0,5.628925182528492
-470,30,0,5.628925182528492
-450,30,0,5.628925182528492
-430,30,0,5.628925182528492
-410,30,0,5.628925182528492
-390,30,0,5.628925182528492
-370,30,0,5.628925182528492
-350,30,0,5.628925182528492
-330,30,0,5.628925182528492
-310,30,0,5.628925182528492
-290,30,0,5.628925182528492
-270,30,0,5.628925182528492
-250,30,0,5.628925182528492
-230,30,0,5.628925182528492
-210,30,0,5.628925182528492
-190,30,0,5.628925182528492
-170,30,0,5.628925182528492
-150,30,0,5.628925182528492
-130,30,0,5.628925182528492
-110,30,0,5.628925182528492
-90,30,0,5.628925182528492
-70,30,0,5.628925182528492
-50,30,0,5.628925182528492
-30,30,0,5.628925182528492
-10,30,0,5.628925182528492
10,30,0,5.628925182528492
30,30,0,5.628925182528492
50,30,0,5.628925182528492
70,30,0,5.628925182528492
90,30,0,5.628925182528492
110,30,0,5.628925182528492
130,30,0,5.628925182528492
150,30,0,5.628925182528492
170,30,0,5.628925182528492
190,30,0,5.628925182528492
210,30,0,5.628925182528492
230,30,0,5.628925182528492
250,30,0,5.628925182528492
270,30,0,5.628925182528492
290,30,0,5.628925182528492
310,30,0,5.628925182528492
330,30,0,5.628925182528492
350,30,0,5.628925182528492
370,30,0,5.628925182528492
390,30,0,5.628925182528492
410,30,0,5.628925182528492
430,30,0,5.628925182528492
450,30,0,5.628925182528492
470,30,0,5.628925182528492
490,30,0,5.628925182528492
510,30,0,5.628925182528492
530,30,0,5.628925182528492
550,30,0,5.628925182528492
570,30,0,5.628925182528492
590,30,0,5.628925182528492
610,30,0,5.628925182528492
630,30,0,5.628925182528492
650,30,0,5.628925182528492
670,30,0,5.628925182528492
690,30,0,5.628925182528492
710,30,0,5.628925182528492
730,30,0,5.628925182528492
750,30,0,5.628925182528492
770,30,0,5.628925182528492
790,30,0,5.628925182528492
-790,50,0,5.628925182528492
-770,50,0,5.628925182528492
-750,50,0,5.628925182528492
-730,50,0,5.628925182528492
-710,50,0,5.628925182528492
-690,50,0,5.628925182528492
-670,50,0,5.628925182528492
-650,50,0,5.628925182528492
-630,50,0,5.628925182528492
-610,50,0,5.628925182528492
-590,50,0,5.628925182528492
-570,50,0,5.628925182528492
-550,50,0,5.628925182528492
-530,50,0,5.628925182528492
-510,50,0,5.628925182528492
-490,50,0,5.628925182528492
-470,50,0,5.628925182528492
-450,50,0,5.628925182528492
-430,50,0,5.628925182528492
-410,50,0,5.628925182528492
-390,50,0,5.628925182528492
-370,50,0,5.628925182528492
-350,50,0,5.628925182528492
-330,50,0,5.628925182528492
-310,50,0,5.628925182528492
-290,50,0,5.628925182528492
-270,50,0,5.628925182528492
-250,50,0,5.628925182528492
-230,50,0,5.628925182528492
-210,50,0,5.628925182528492
-190,50,0,5.628925182528492
-170,50,0,5.628925182528492
-150,50,0,5.628925182528492
-130,50,0,5.628925182528492
-110,50,0,5.628925182528492
-90,50,0,5.628925182528492
-70,50,0,5.628925182528492
-50,50,0,5.628925182528492
-30,50,0,5.628925182528492
-10,50,0,5.628925182528492
10,50,0,5.628925182528492
30,50,0,5.628925182528492
50,50,0,5.628925182528492
70,50,0,5.628925182528492
90,50,0,5.628925182528492
110,50,0,5.628925182528492
130,50,0,5.628925182528492
150,50,0,5.628925182528492
170,50,0,5.628925182528492
190,50,0,5.628925182528492
210,50,0,5.628925182528492
230,50,0,5.628925182528492
250,50,0,5.628925182528492
270,50,0,5.628925182528492
290,50,0,5.628925182528492
310,50,0,5.628925182528492
330,50,0,5.628925182528492
350,50,0,5.628925182528492
370,50,0,5.628925182528492
390,50,0,5.628925182528492
410,50,0,5.628925182528492
430,50,0,5.628925182528492
450,50,0,5.628925182528492
470,50,0,5.628925182528492
490,50,0,5.628925182528492
510,50,0,5.628925182528492
530,50,0,5.628925182528492
550,50,0,5.628925182528492
570,50,0,5.628925182528492
590,50,0,5.628925182528492
610,50,0,5.628925182528492
630,50,0,5.628925182528492
650,50,0,5.628925182528492
670,50,0,5.628925182528492
690,50,0,5.628925182528492
710,50,0,5.628925182528492
730,50,0,5.628925182528492
750,50,0,5.628925182528492
770,50,0,5.628925182528492
790,50,0,5.628925182528492
-790,70,0,5.628925182528492
-770,70,0,5.628925182528492
-750,70,0,5.628925182528492
-730,70,0,5.628925182528492
-710,70,0,5.628925182528492
-690,70,0,5.628925182528492
-670,70,0,5.628925182528492
-650,70,0,5.628925182528492
-630,70,0,5.628925182528492
-610,70,0,5.628925182528492
-590,70,0,5.628925182528492
-570,70,0,5.628925182528492
-550,70,0,5.628925182528492
-530,70,0,5.628925182528492
-510,70,0,5.628925182528492
-490,70,0,5.628925182528492
-470,70,0,5.628925182528492
-450,70,0,5.628925182528492
-430,70,0,5.628925182528492
-410,70,0,5.628925182528492
-390,70,0,5.628925182528492
-370,70,0,5.628925182528492
-350,70,0,5.628925182528492
-330,70,0,5.628925182528492
-310,70,0,5.628925182528492
-290,70,0,5.628925182528492
-270,70,0,5.628925182528492
-250,70,0,5.628925182528492
-230,70,0,5.628925182528492
-210,70,0,5.628925182528492
-190,70,0,5.628925182528492
-170,70,0,5.628925182528492
-150,70,0,5.628925182528492
-130,70,0,5.628925182528492
-110,70,0,5.628925182528492
-90,70,0,5.628925182528492
-70,70,0,5.628925182528492
-50,70,0,5.628925182528492
-30,70,0,5.628925182528492
-10,70,0,5.628925182528492
10,70,0,5.628925182528492
30,70,0,5.628925182528492
50,70,0,5.628925182528492
70,70,0,5.628925182528492
90,70,0,5.628925182528492
110,70,0,5.628925182528492
130,70,0,5.628925182528492
150,70,0,5.628925182528492
170,70,0,5.628925182528492
190,70,0,5.628925182528492
210,70,0,5.628925182528492
230,70,0,5.628925182528492
250,70,0,5.628925182528492
270,70,0,5.628925182528492
290,70,0,5.628925182528492
310,70,0,5.628925182528492
330,70,0,5.628925182528492
350,70,0,5.628925182528492
370,70,0,5.628925182528492
390,70,0,5.628925182528492
410,70,0,5.628925182528492
430,70,0,5.628925182528492
450,70,0,5.628925182528492
470,70,0,5.628925182528492
490,70,0,5.628925182528492
510,70,0,5.628925182528492
530,70,0,5.628925182528492
550,70,0,5.628925182528492
570,70,0,5.628925182528492
590,70,0,5.628925182528492
610,70,0,5.628925182528492
630,70,0,5.628925182528492
650,70,0,5.628925182528492
670,70,0,5.628925182528492
690,70,0,5.628925182528492
710,70,0,5.628925182528492
730,70,0,5.628925182528492
750,70,0,5.628925182528492
770,70,0,5.628925182528492
790,70,0,5.628925182528492
-790,90,0,5.628925182528492
-770,90,0,5.628925182528492
-750,90,0,5.628925182528492
-730,90,0,5.628925182528492
-710,90,0,5.628925182528492
-690,90,0,5.628925182528492
-670,90,0,5.628925182528492
-650,90,0,5.628925182528492
-630,90,0,5.628925182528492
-610,90,0,5.628925182528492
-590,90,0,5.628925182528492
-570,90,0,5.628925182528492
-550,90,0,5.628925182528492
-530,90,0,5.628925182528492
-510,90,0,5.628925182528492
-490,90,0,5.628925182528492
-470,90,0,5.628925182528492
-450,90,0,5.628925182528492
-430,90,0,5.628925182528492
-410,90,0,5.628925182528492
-390,90,0,5.628925182528492
-370,90,0,5.628925182528492
-350,90,0,5.628925182528492
-330,90,0,5.628925182528492
-310,90,0,5.628925182528492
-290,90,0,5.628925182528492
-270,90,0,5.628925182528492
-250,90,0,5.628925182528492
-230,90,0,5.628925182528492
-210,90,0,5.628925182528492
-190,90,0,5.628925182528492
-170,90,0,5.628925182528492
-150,90,0,5.628925182528492
-130,90,0,5.628925182528492
-110,90,0,5.628925182528492
-90,90,0,5.628925182528492
-70,90,0,5.628925182528492
-50,90,0,5.628925182528492
-30,90,0,5.628925182528492
-10,90,0,5.628925182528492
10,90,0,5.628925182528492
30,90,0,5.628925182528492
50,90,0,5.628925182528492
70,90,0,5.628925182528492
90,90,0,5.628925182528492
110,90,0,5.628925182528492
130,90,0,5.628925182528492
150,90,0,5.628925182528492
170,90,0,5.628925182528492
190,90,0,5.628925182528492
210,90,0,5.628925182528492
230,90,0,5.628925182528492
250,90,0,5.628925182528492
270,90,0,5.628925182528492
290,90,0,5.628925182528492
310,90,0,5.628925182528492
330,90,0,5.628925182528492
350,90,0,5.628925182528492
370,90,0,5.628925182528492
390,90,0,5.628925182528492
410,90,0,5.628925182528492
430,90,0,5.628925182528492
450,90,0,5.628925182528492
470,90,0,5.628925182528492
490,90,0,5.628925182528492
510,90,0,5.628925182528492
530,90,0,5.628925182528492
550,90,0,5.628925182528492
570,90,0,5.628925182528492
590,90,0,5.628925182528492
610,90,0,5.628925182528492
630,90,0,5.628925182528492
650,90,0,5.628925182528492
670,90,0,5.628925182528492
690,90,0,5.628925182528492
710,90,0,5.628925182528492
730,90,0,5.628925182528492
750,90,0,5.628925182528492
770,90,0,5.628925182528492
790,90,0,5.628925182528492
-790,110,0,5.628925182528492
-770,110,0,5.628925182528492
-750,110,0,5.628925182528492
-730,110,0,5.628925182528492
-710,110,0,5.628925182528492
-690,110,0,5.628925182528492
-670,110,0,5.628925182528492
-650,110,0,5.628925182528492
-630,110,0,5.628925182528492
-610,110,0,5.628925182528492
-590,110,0,5.628925182528492
-570,110,0,5.628925182528492
-550,110,0,5.628925182528492
-530,110,0,5.628925182528492
-510,110,0,5.628925182528492
-490,110,0,5.628925182528492
-470,110,0,5.628925182528492
-450,110,0,5.628925182528492
-430,110,0,5.628925182528492
-410,110,0,5.628925182528492
-390,110,0,5.628925182528492
-370,110,0,5.628925182528492
-350,110,0,5.628925182528492
-330,110,0,5.628925182528492
-310,110,0,5.628925182528492
-290,110,0,5.628925182528492
-270,110,0,5.628925182528492
-250,110,0,5.628925182528492
-230,110,0,5.628925182528492
-210,110,0,5.628925182528492
-190,110,0,5.628925182528492
-170,110,0,5.628925182528492
-150,110,0,5.628925182528492
-130,110,0,5.628925182528492
-110,110,0,5.628925182528492
-90,110,0,5.628925182528492
-70,110,0,5.628925182528492
-50,110,0,5.628925182528492
-30,110,0,5.628925182528492
-10,110,0,5.628925182528492
10,110,0,5.628925182528492
30,110,0,5.628925182528492
50,110,0,5.628925182528492
70,110,0,5.628925182528492
90,110,0,5.628925182528492
110,110,0,5.628925182528492
130,110,0,5.628925182528492
150,110,0,5.628925182528492
170,110,0,5.628925182528492
190,110,0,5.628925182528492
210,110,0,5.628925182528492
230,110,0,5.628925182528492
250,110,0,5.628925182528492
270,110,0,5.628925182528492
290,110,0,5.628925182528492
310,110,0,5.628925182528492
330,110,0,5.628925182528492
350,110,0,5.628925182528492
370,110,0,5.628925182528492
390,110,0,5.628925182528492
410,110,0,5.628925182528492
430,110,0,5.628925182528492
450,110,0,5.628925182528492
470,110,0,5.628925182528492
490,110,0,5.628925182528492
510,110,0,5.628925182528492
530,110,0,5.628925182528492
550,110,0,5.628925182528492
570,110,0,5.628925182528492
590,110,0,5.628925182528492
610,110,0,5.628925182528492
630,110,0,5.628925182528492
650,110,0,5.628925182528492
670,110,0,5.628925182528492
690,110,0,5.628925182528492
710,110,0,5.628925182528492
730,110,0,5.628925182528492
750,110,0,5.628925182528492
770,110,0,5.628925182528492
790,110,0,5.628925182528492
-790,130,0,5.628925182528492
-770,130,0,5.628925182528492
-750,130,0,5.628925182528492
-730,130,0,5.628925182528492
-710,130,0,5.628925182528492
-690,130,0,5.628925182528492
-670,130,0,5.628925182528492
-650,130,0,5.628925182528492
-630,130,0,5.628925182528492
-610,130,0,5.628925182528492
-590,130,0,5.628925182528492
-570,130,0,5.628925182528492
-550,130,0,5.628925182528492
-530,130,0,5.628925182528492
-510,130,0,5.628925182528492
-490,130,0,5.628925182528492
-470,130,0,5.628925182528492
-450,130,0,5.628925182528492
-430,130,0,5.628925182528492
-410,130,0,5.628925182528492
-390,130,0,5.628925182528492
-370,130,0,5.628925182528492
-350,130,0,5.628925182528492
-330,130,0,5.628925182528492
-310,130,0,5.628925182528492
-290,130,0,5.628925182528492
-270,130,0,5.628925182528492
-250,130,0,5.628925182528492
-230,130,0,5.628925182528492
-210,130,0,5.628925182528492
-190,130,0,5.628925182528492
-170,130,0,5.628925182528492
-150,130,0,5.628925182528492
-130,130,0,5.628925182528492
-110,130,0,5.628925182528492
-90,130,0,5.628925182528492
-70,130,0,5.628925182528492
-50,130,0,5.628925182528492
-30,130,0,5.628925182528492
-10,130,0,5.628925182528492
10,130,0,5.628925182528492
30,130,0,5.628925182528492
50,130,0,5.628925182528492
70,130,0,5.628925182528492
90,130,0,5.628925182528492
110,130,0,5.628925182528492
130,130,0,5.628925182528492
150,130,0,5.628925182528492
170,130,0,5.628925182528492
190,130,0,5.628925182528492
210,130,0,5.628925182528492
230,130,0,5.628925182528492
250,130,0,5.628925182528492
270,130,0,5.628925182528492
290,130,0,5.628925182528492
310,130,0,5.628925182528492
330,130,0,5.628925182528492
350,130,0,5.628925182528492
370,130,0,5.628925182528492
390,130,0,5.628925182528492
410,130,0,5.628925182528492
430,130,0,5.628925182528492
450,130,0,5.628925182528492
470,130,0,5.628925182528492
490,130,0,5.628925182528492
510,130,0,5.628925182528492
530,130,0,5.628925182528492
550,130,0,5.628925182528492
570,130,0,5.628925182528492
590,130,0,5.628925182528492
610,130,0,5.628925182528492
630,130,0,5.628925182528492
650,130,0,5.628925182528492
670,130,0,5.628925182528492
690,130,0,5.628925182528492
710,130,0,5.628925182528492
730,130,0,5.628925182528492
750,130,0,5.628925182528492
770,130,0,5.628925182528492
790,130,0,5.628925182528492
-790,150,0,5.628925182528492
-770,150,0,5.628925182528492
-750,150,0,5.628925182528492
-730,150,0,5.628925182528492
-710,150,0,5.628925182528492
-690,150,0,5.628925182528492
-670,150,0,5.628925182528492
-650,150,0,5.628925182528492
-630,150,0,5.628925182528492
-610,150,0,5.628925182528492
-590,150,0,5.628925182528492
-570,150,0,5.628925182528492
-550,150,0,5.628925182528492
-530,150,0,5.628925182528492
-510,150,0,5.628925182528492
-490,150,0,5.628925182528492
-470,150,0,5.628925182528492
-450,150,0,5.628925182528492
-430,150,0,5.628925182528492
-410,150,0,5.628925182528492
-390,150,0,5.628925182528492
-370,150,0,5.628925182528492
-350,150,0,5.628925182528492
-330,150,0,5.628925182528492
-310,150,0,5.628925182528492
-290,150,0,5.628925182528492
-270,150,0,5.628925182528492
-250,150,0,5.628925182528492
-230,150,0,5.628925182528492
-210,150,0,5.628925182528492
-190,150,0,5.628925182528492
-170,150,0,5.628925182528492
-150,150,0,5.628925182528492
-130,150,0,5.628925182528492
-110,150,0,5.628925182528492
-90,150,0,5.628925182528492
-70,150,0,5.628925182528492
-50,150,0,5.628925182528492
-30,150,0,5.628925182528492
-10,150,0,5.628925182528492
10,150,0,5.628925182528492
30,150,0,5.628925182528492
50,150,0,5.628925182528492
70,150,0,5.628925182528492
90,150,0,5.628925182528492
110,150,0,5.628925182528492
130,150,0,5.628925182528492
150,150,0,5.628925182528492
170,150,0,5.628925182528492
190,150,0,5.628925182528492
210,150,0,5.628925182528492
230,150,0,5.628925182528492
250,150,0,5.628925182528492
270,150,0,5.628925182528492
290,150,0,5.628925182528492
310,150,0,5.628925182528492
330,150,0,5.628925182528492
350,150,0,5.628925182528492
370,150,0,5.628925182528492
390,150,0,5.628925182528492
410,150,0,5.628925182528492
430,150,0,5.628925182528492
450,150,0,5.628925182528492
470,150,0,5.628925182528492
490,150,0,5.628925182528492
510,150,0,5.628925182528492
530,150,0,5.628925182528492
550,150,0,5.628925182528492
570,150,0,5.628925182528492
590,150,0,5.628925182528492
610,150,0,5.628925182528492
630,150,0,5.628925182528492
650,150,0,5.628925182528492
670,150,0,5.628925182528492
690,150,0,5.628925182528492
710,150,0,5.628925182528492
730,150,0,5.628925182528492
750,150,0,5.628925182528492
770,150,0,5.628925182528492
790,150,0,5.628925182528492
-790,170,0,5.628925182528492
-770,170,0,5.628925182528492
-750,170,0,5.628925182528492
-730,170,0,5.628925182528492
-710,170,0,5.628925182528492
-690,170,0,5.628925182528492
-670,170,0,5.628925182528492
-650,170,0,5.628925182528492
-630,170,0,5.628925182528492
-610,170,0,5.628925182528492
-590,170,0,5.628925182528492
-570,170,0,5.628925182528492
-550,170,0,5.628925182528492
-530,170,0,5.628925182528492
-510,170,0,5.628925182528492
-490,170,0,5.628925182528492
-470,170,0,5.628925182528492
-450,170,0,5.628925182528492
-430,170,0,5.628925182528492
-410,170,0,5.628925182528492
-390,170,0,5.628925182528492
-370,170,0,5.628925182528492
-350,170,0,5.628925182528492
-330,170,0,5.628925182528492
-310,170,0,5.628925182528492
-290,170,0,5.628925182528492
-270,170,0,5.628925182528492
-250,170,0,5.628925182528492
-230,170,0,5.628925182528492
-210,170,0,5.628925182528492
-190,170,0,5.628925182528492
-170,170,0,5.628925182528492
-150,170,0,5.628925182528492
-130,170,0,5.628925182528492
-110,170,0,5.628925182528492
-90,170,0,5.628925182528492
-70,170,0,5.628925182528492
-50,170,0,5.628925182528492
-30,170,0,5.628925182528492
-10,170,0,5.628925182528492
10,170,0,5.628925182528492
30,170,0,5.628925182528492
50,170,0,5.628925182528492
70,170,0,5.628925182528492
90,170,0,5.628925182528492
110,170,0,5.628925182528492
130,170,0,5.628925182528492
150,170,0,5.628925182528492
170,170,0,5.628925182528492
190,170,0,5.628925182528492
210,170,0,5.628925182528492
230,170,0,5.628925182528492
250,170,0,5.628925182528492
270,170,0,5.628925182528492
290,170,0,5.628925182528492
310,170,0,5.628925182528492
330,170,0,5.628925182528492
350,170,0,5.628925182528492
370,170,0,5.628925182528492
390,170,0,5.628925182528492
410,170,0,5.628925182528492
430,170,0,5.628925182528492
450,170,0,5.628925182528492
470,170,0,5.628925182528492
490,170,0,5.628925182528492
510,170,0,5.628925182528492
530,170,0,5.628925182528492
550,170,0,5.628925182528492
570,170,0,5.628925182528492
590,170,0,5.628925182528492
610,170,0,5.628925182528492
630,170,0,5.628925182528492
650,170,0,5.628925182528492
670,170,0,5.628925182528492
690,170,0,5.628925182528492
710,170,0,5.628925182528492
730,170,0,5.628925182528492
750,170,0,5.628925182528492
770,170,0,5.628925182528492
790,170,0,5.628925182528492
-790,190,0,5.628925182528492
-770,190,0,5.628925182528492
-750,190,0,5.628925182528492
-730,190,0,5.628925182528492
-710,190,0,5.628925182528492
-690,190,0,5.628925182528492
-670,190,0,5.628925182528492
-650,190,0,5.628925182528492
-630,190,0,5.628925182528492
-610,190,0,5.628925182528492
-590,190,0,5.628925182528492
-570,190,0,5.628925182528492
-550,190,0,5.628925182528492
-530,190,0,5.628925182528492
-510,190,0,5.628925182528492
-490,190,0,5.628925182528492
-470,190,0,5.628925182528492
-450,190,0,5.628925182528492
-430,190,0,5.628925182528492
-410,190,0,5.628925182528492
-390,190,0,5.628925182528492
-370,190,0,5.628925182528492
-350,190,0,5.628925182528492
-330,190,0,5.628925182528492
-310,190,0,5.628925182528492
-290,190,0,5.628925182528492
-270,190,0,5.628925182528492
-250,190,0,5.628925182528492
-230,190,0,5.628925182528492
-210,190,0,5.628925182528492
-190,190,0,5.628925182528492
-170,190,0,5.628925182528492
-150,190,0,5.628925182528492
-130,190,0,5.628925182528492
-110,190,0,5.628925182528492
-90,190,0,5.628925182528492
-70,190,0,5.628925182528492
-50,190,0,5.628925182528492
-30,190,0,5.628925182528492
-10,190,0,5.628925182528492
10,190,0,5.628925182528492
30,190,0,5.628925182528492
50,190,0,5.628925182528492
70,190,0,5.628925182528492
90,190,0,5.628925182528492
110,190,0,5.628925182528492
130,190,0,5.628925182528492
150,190,0,5.628925182528492
170,190,0,5.628925182528492
190,190,0,5.628925182528492
210,190,0,5.628925182528492
230,190,0,5.628925182528492
250,190,0,5.628925182528492
270,190,0,5.628925182528492
290,190,0,5.628925182528492
310,190,0,5.628925182528492
330,190,0,5.628925182528492
350,190,0,5.628925182528492
370,190,0,5.628925182528492
390,190,0,5.628925182528492
410,190,0,5.628925182528492
430,190,0,5.628925182528492
450,190,0,5.628925182528492
470,190,0,5.628925182528492
490,190,0,5.628925182528492
510,190,0,5.628925182528492
530,190,0,5.628925182528492
550,190,0,5.628925182528492
570,190,0,5.628925182528492
590,190,0,5.628925182528492
610,190,0,5.628925182528492
630,190,0,5.628925182528492
650,190,0,5.628925182528492
670,190,0,5.628925182528492
690,190,0,5.628925182528492
710,190,0,5.628925182528492
730,190,0,5.628925182528492
750,190,0,5.628925182528492
770,190,0,5.628925182528492
790,190,0,5.628925182528492
-790,210,0,5.628925182528492
-770,210,0,5.628925182528492
-750,210,0,5.628925182528492
-730,210,0,5.628925182528492
-710,210,0,5.628925182528492
-690,210,0,5.628925182528492
-670,210,0,5.628925182528492
-650,210,0,5.628925182528492
-630,210,0,5.628925182528492
-610,210,0,5.628925182528492
-590,210,0,5.628925182528492
-570,210,0,5.628925182528492
-550,210,0,5.628925182528492
-530,210,0,5.628925182528492
-510,210,0,5.628925182528492
-490,210,0,5.628925182528492
-470,210,0,5.628925182528492
-450,210,0,5.628925182528492
-430,210,0,5.628925182528492
-410,210,0,5.628925182528492
-390,210,0,5.628925182528492
-370,210,0,5.628925182528492
-350,210,0,5.628925182528492
-330,210,0,5.628925182528492
-310,210,0,5.628925182528492
-290,210,0,5.628925182528492
-270,210,0,5.628925182528492
-250,210,0,5.628925182528492
-230,210,0,5.628925182528492
-210,210,0,5.628925182528492
-190,210,0,5.628925182528492
-170,210,0,5.628925182528492
-150,210,0,5.628925182528492
-130,210,0,5.628925182528492
-110,210,0,5.628925182528492
-90,210,0,5.628925182528492
-70,210,0,5.628925182528492
-50,210,0,5.628925182528492
-30,210,0,5.628925182528492
-10,210,0,5.628925182528492
10,210,0,5.628925182528492
30,210,0,5.628925182528492
50,210,0,5.628925182528492
70,210,0,5.628925182528492
90,210,0,5.628925182528492
110,210,0,5.628925182528492
130,210,0,5.628925182528492
150,210,0,5.628925182528492
170,210,0,5.628925182528492
190,210,0,5.628925182528492
210,210,0,5.628925182528492
230,210,0,5.628925182528492
250,210,0,5.628925182528492
270,210,0,5.628925182528492
290,210,0,5.628925182528492
310,210,0,5.628925182528492
330,210,0,5.628925182528492
350,210,0,5.628925182528492
370,210,0,5.628925182528492
390,210,0,5.628925182528492
410,210,0,5.628925182528492
430,210,0,5.628925182528492
450,210,0,5.628925182528492
470,210,0,5.628925182528492
490,210,0,5.628925182528492
510,210,0,5.628925182528492
530,210,0,5.628925182528492
550,210,0,5.628925182528492
570,210,0,5.628925182528492
590,210,0,5.628925182528492
610,210,0,5.628925182528492
630,210,0,5.628925182528492
650,210,0,5.628925182528492
670,210,0,5.628925182528492
690,210,0,5.628925182528492
710,210,0,5.628925182528492
730,210,0,5.628925182528492
750,210,0,5.628925182528492
770,210,0,5.628925182528492
790,210,0,5.628925182528492
-790,230,0,5.628925182528492
-770,230,0,5.628925182528492
-750,230,0,5.628925182528492
-730,230,0,5.628925182528492
-710,230,0,5.628925182528492
-690,230,0,5.628925182528492
-670,230,0,5.628925182528492
-650,230,0,5.628925182528492
-630,230,0,5.628925182528492
-610,230,0,5.628925182528492
-590,230,0,5.628925182528492
-570,230,0,5.628925182528492
-550,230,0,5.628925182528492
-530,230,0,5.628925182528492
-510,230,0,5.628925182528492
-490,230,0,5.628925182528492
-470,230,0,5.628925182528492
-450,230,0,5.628925182528492
-430,230,0,5.628925182528492
-410,230,0,5.628925182528492
-390,230,0,5.628925182528492
-370,230,0,5.628925182528492
-350,230,0,5.628925182528492
-330,230,0,5.628925182528492
-310,230,0,5.628925182528492
-290,230,0,5.628925182528492
-270,230,0,5.628925182528492
-250,230,0,5.628925182528492
-230,230,0,5.628925182528492
-210,230,0,5.628925182528492
-190,230,0,5.628925182528492
-170,230,0,5.628925182528492
-150,230,0,5.628925182528492
-130,230,0,5.628925182528492
-110,230,0,5.628925182528492
-90,230,0,5.628925182528492
-70,230,0,5.628925182528492
-50,230,0,5.628925182528492
-30,230,0,5.628925182528492
-10,230,0,5.628925182528492
10,230,0,5.628925182528492
30,230,0,5.628925182528492
50,230,0,5.628925182528492
70,230,0,5.628925182528492
90,230,0,5.628925182528492
110,230,0,5.628925182528492
130,230,0,5.628925182528492
150,230,0,5.628925182528492
170,230,0,5.628925182528492
190,230,0,5.628925182528492
210,230,0,5.628925182528492
230,230,0,5.628925182528492
250,230,0,5.628925182528492
270,230,0,5.628925182528492
290,230,0,5.628925182528492
310,230,0,5.628925182528492
330,230,0,5.628925182528492
350,230,0,5.628925182528492
370,230,0,5.628925182528492
390,230,0,5.628925182528492
410,230,0,5.628925182528492
430,230,0,5.628925182528492
450,230,0,5.628925182528492
470,230,0,5.628925182528492
490,230,0,5.628925182528492
510,230,0,5.628925182528492
530,230,0,5.628925182528492
550,230,0,5.628925182528492
570,230,0,5.628925182528492
590,230,0,5.628925182528492
610,230,0,5.628925182528492
630,230,0,5.628925182528492
650,230,0,5.628925182528492
670,230,0,5.628925182528492
690,230,0,5.628925182528492
710,230,0,5.628925182528492
730,230,0,5.628925182528492
750,230,0,5.628925182528492
770,230,0,5.628925182528492
790,230,0,5.628925182528492
-790,250,0,5.628925182528492
-770,250,0,5.628925182528492
-750,250,0,5.628925182528492
-730,250,0,5.628925182528492
-710,250,0,5.628925182528492
-690,250,0,5.628925182528492
-670,250,0,5.628925182528492
-650,250,0,5.628925182528492
-630,250,0,5.628925182528492
-610,250,0,5.628925182528492
-590,250,0,5.628925182528492
-570,250,0,5.628925182528492
-550,250,0,5.628925182528492
-530,250,0,5.628925182528492
-510,250,0,5.628925182528492
-490,250,0,5.628925182528492
-470,250,0,5.628925182528492
-450,250,0,5.628925182528492
-430,250,0,5.628925182528492
-410,250,0,5.628925182528492
-390,250,0,5.628925182528492
-370,250,0,5.628925182528492
-350,250,0,5.628925182528492
-330,250,0,5.628925182528492
-310,250,0,5.628925182528492
-290,250,0,5.628925182528492
-270,250,0,5.628925182528492
-250,250,0,5.628925182528492
-230,250,0,5.628925182528492
-210,250,0,5.628925182528492
-190,250,0,5.628925182528492
-170,250,0,5.628925182528492
-150,250,0,5.628925182528492
-130,250,0,5.628925182528492
-110,250,0,5.628925182528492
-90,250,0,5.628925182528492
-70,250,0,5.628925182528492
-50,250,0,5.628925182528492
-30,250,0,5.628925182528492
-10,250,0,5.628925182528492
10,250,0,5.628925182528492
30,250,0,5.628925182528492
50,250,0,5.628925182528492
70,250,0,5.628925182528492
90,250,0,5.628925182528492
110,250,0,5.628925182528492
130,250,0,5.628925182528492
150,250,0,5.628925182528492
170,250,0,5.628925182528492
190,250,0,5.628925182528492
210,250,0,5.628925182528492
230,250,0,5.628925182528492
250,250,0,5.628925182528492
270,250,0,5.628925182528492
290,250,0,5.628925182528492
310,250,0,5.628925182528492
330,250,0,5.628925182528492
350,250,0,5.628925182528492
370,250,0,5.628925182528492
390,250,0,5.628925182528492
410,250,0,5.628925182528492
430,250,0,5.628925182528492
450,250,0,5.628925182528492
470,250,0,5.628925182528492
490,250,0,5.628925182528492
510,250,0,5.628925182528492
530,250,0,5.628925182528492
550,250,0,5.628925182528492
570,250,0,5.628925182528492
590,250,0,5.628925182528492
610,250,0,5.628925182528492
630,250,0,5.628925182528492
650,250,0,5.628925182528492
670,250,0,5.628925182528492
690,250,0,5.628925182528492
710,250,0,5.628925182528492
730,250,0,5.628925182528492
750,250,0,5.628925182528492
770,250,0,5.628925182528492
790,250,0,5.628925182528492
-790,270,0,5.628925182528492
-770,270,0,5.628925182528492
-750,270,0,5.628925182528492
-730,270,0,5.628925182528492
-710,270,0,5.628925182528492
-690,270,0,5.628925182528492
-670,270,0,5.628925182528492
-650,270,0,5.628925182528492
-630,270,0,5.628925182528492
-610,270,0,5.628925182528492
-590,270,0,5.628925182528492
-570,270,0,5.628925182528492
-550,270,0,5.628925182528492
-530,270,0,5.628925182528492
-510,270,0,5.628925182528492
-490,270,0,5.628925182528492
-470,270,0,5.628925182528492
-450,270,0,5.628925182528492
-430,270,0,5.628925182528492
-410,270,0,5.628925182528492
-390,270,0,5.628925182528492
-370,270,0,5.628925182528492
-350,270,0,5.628925182528492
-330,270,0,5.628925182528492
-310,270,0,5.628925182528492
-290,270,0,5.628925182528492
-270,270,0,5.628925182528492
-250,270,0,5.628925182528492
-230,270,0,5.628925182528492
-210,270,0,5.628925182528492
-190,270,0,5.628925182528492
-170,270,0,5.628925182528492
-150,270,0,5.628925182528492
-130,270,0,5.628925182528492
-110,270,0,5.628925182528492
-90,270,0,5.628925182528492
-70,270,0,5.628925182528492
-50,270,0,5.628925182528492
-30,270,0,5.628925182528492
-10,270,0,5.628925182528492
10,270,0,5.628925182528492
30,270,0,5.628925182528492
50,270,0,5.628925182528492
70,270,0,5.628925182528492
90,270,0,5.628925182528492
110,270,0,5.628925182528492
130,270,0,5.628925182528492
150,270,0,5.628925182528492
170,270,0,5.628925182528492
190,270,0,5.628925182528492
210,270,0,5.628925182528492
230,270,0,5.628925182528492
250,270,0,5.628925182528492
270,270,0,5.628925182528492
290,270,0,5.628925182528492
310,270,0,5.628925182528492
330,270,0,5.628925182528492
350,270,0,5.628925182528492
370,270,0,5.628925182528492
390,270,0,5.628925182528492
410,270,0,5.628925182528492
430,270,0,5.628925182528492
450,270,0,5.628925182528492
470,270,0,5.628925182528492
490,270,0,5.628925182528492
510,270,0,5.628925182528492
530,270,0,5.628925182528492
550,270,0,5.628925182528492
570,270,0,5.628925182528492
590,270,0,5.628925182528492
610,270,0,5.628925182528492
630,270,0,5.628925182528492
650,270,0,5.628925182528492
670,270,0,5.628925182528492
690,270,0,5.628925182528492
710,270,0,5.628925182528492
730,270,0,5.628925182528492
750,270,0,5.628925182528492
770,270,0,5.628925182528492
790,270,0,5.628925182528492
-790,290,0,5.628925182528492
-770,290,0,5.628925182528492
-750,290,0,5.628925182528492
-730,290,0,5.628925182528492
-710,290,0,5.628925182528492
-690,290,0,5.628925182528492
-670,290,0,5.628925182528492
-650,290,0,5.628925182528492
-630,290,0,5.628925182528492
-610,290,0,5.628925182528492
-590,290,0,5.628925182528492
-570,290,0,5.628925182528492
-550,290,0,5.628925182528492
-530,290,0,5.628925182528492
-510,290,0,5.628925182528492
-490,290,0,5.628925182528492
-470,290,0,5.628925182528492
-450,290,0,5.628925182528492
-430,290,0,5.628925182528492
-410,290,0,5.628925182528492
-390,290,0,5.628925182528492
-370,290,0,5.628925182528492
-350,290,0,5.628925182528492
-330,290,0,5.628925182528492
-310,290,0,5.628925182528492
-290,290,0,5.628925182528492
-270,290,0,5.628925182528492
-250,290,0,5.628925182528492
-230,290,0,5.628925182528492
-210,290,0,5.628925182528492
-190,290,0,5.628925182528492
-170,290,0,5.628925182528492
-150,290,0,5.628925182528492
-130,290,0,5.628925182528492
-110,290,0,5.628925182528492
-90,290,0,5.628925182528492
-70,290,0,5.628925182528492
-50,290,0,5.628925182528492
-30,290,0,5.628925182528492
-10,290,0,5.628925182528492
10,290,0,5.628925182528492
30,290,0,5.628925182528492
50,290,0,5.628925182528492
70,290,0,5.628925182528492
90,290,0,5.628925182528492
110,290,0,5.628925182528492
130,290,0,5.628925182528492
150,290,0,5.628925182528492
170,290,0,5.628925182528492
190,290,0,5.628925182528492
210,290,0,5.628925182528492
230,290,0,5.628925182528492
250,290,0,5.628925182528492
270,290,0,5.628925182528492
290,290,0,5.628925182528492
310,290,0,5.628925182528492
330,290,0,5.628925182528492
350,290,0,5.628925182528492
370,290,0,5.628925182528492
390,290,0,5.628925182528492
410,290,0,5.628925182528492
430,290,0,5.628925182528492
450,290,0,5.628925182528492
470,290,0,5.628925182528492
490,290,0,5.628925182528492
510,290,0,5.628925182528492
530,290,0,5.628925182528492
550,290,0,5.628925182528492
570,290,0,5.628925182528492
590,290,0,5.628925182528492
610,290,0,5.628925182528492
630,290,0,5.628925182528492
650,290,0,5.628925182528492
670,290,0,5.628925182528492
690,290,0,5.628925182528492
710,290,0,5.628925182528492
730,290,0,5.628925182528492
750,290,0,5.628925182528492
770,290,0,5.628925182528492
790,290,0,5.628925182528492
-790,310,0,5.628925182528492
-770,310,0,5.628925182528492
-750,310,0,5.628925182528492
-730,310,0,5.628925182528492
-710,310,0,5.628925182528492
-690,310,0,5.628925182528492
-670,310,0,5.628925182528492
-650,310,0,5.628925182528492
-630,310,0,5.628925182528492
-610,310,0,5.628925182528492
-590,310,0,5.628925182528492
-570,310,0,5.628925182528492
-550,310,0,5.628925182528492
-530,310,0,5.628925182528492
-510,310,0,5.628925182528492
-490,310,0,5.628925182528492
-470,310,0,5.628925182528492
-450,310,0,5.628925182528492
-430,310,0,5.628925182528492
-410,310,0,5.628925182528492
-390,310,0,5.628925182528492
-370,310,0,5.628925182528492
-350,310,0,5.628925182528492
-330,310,0,5.628925182528492
-310,310,0,5.628925182528492
-290,310,0,5.628925182528492
-270,310,0,5.628925182528492
-250,310,0,5.628925182528492
-230,310,0,5.628925182528492
-210,310,0,5.628925182528492
-190,310,0,5.628925182528492
-170,310,0,5.628925182528492
-150,310,0,5.628925182528492
-130,310,0,5.628925182528492
-110,310,0,5.628925182528492
-90,310,0,5.628925182528492
-70,310,0,5.628925182528492
-50,310,0,5.628925182528492
-30,310,0,5.628925182528492
-10,310,0,5.628925182528492
10,310,0,5.628925182528492
30,310,0,5.628925182528492
50,310,0,5.628925182528492
70,310,0,5.628925182528492
90,310,0,5.628925182528492
110,310,0,5.628925182528492
130,310,0,5.628925182528492
150,310,0,5.628925182528492
170,310,0,5.628925182528492
190,310,0,5.628925182528492
210,310,0,5.628925182528492
230,310,0,5.628925182528492
250,310,0,5.628925182528492
270,310,0,5.628925182528492
290,310,0,5.628925182528492
310,310,0,5.628925182528492
330,310,0,5.628925182528492
350,310,0,5.628925182528492
370,310,0,5.628925182528492
390,310,0,5.628925182528492
410,310,0,5.628925182528492
430,310,0,5.628925182528492
450,310,0,5.628925182528492
470,310,0,5.628925182528492
490,310,0,5.628925182528492
510,310,0,5.628925182528492
530,310,0,5.628925182528492
550,310,0,5.628925182528492
570,310,0,5.628925182528492
590,310,0,5.628925182528492
610,310,0,5.628925182528492
630,310,0,5.628925182528492
650,310,0,5.628925182528492
670,310,0,5.628925182528492
690,310,0,5.628925182528492
710,310,0,5.628925182528492
730,310,0,5.628925182528492
750,310,0,5.628925182528492
770,310,0,5.628925182528492
790,310,0,5.628925182528492
-790,330,0,5.628925182528492
-770,330,0,5.628925182528492
-750,330,0,5.628925182528492
-730,330,0,5.628925182528492
-710,330,0,5.628925182528492
-690,330,0,5.628925182528492
-670,330,0,5.628925182528492
-650,330,0,5.628925182528492
-630,330,0,5.628925182528492
-610,330,0,5.628925182528492
-590,330,0,5.628925182528492
-570,330,0,5.628925182528492
-550,330,0,5.628925182528492
-530,330,0,5.628925182528492
-510,330,0,5.628925182528492
-490,330,0,5.628925182528492
-470,330,0,5.628925182528492
-450,330,0,5.628925182528492
-430,330,0,5.628925182528492
-410,330,0,5.628925182528492
-390,330,0,5.628925182528492
-370,330,0,5.628925182528492
-350,330,0,5.628925182528492
-330,330,0,5.628925182528492
-310,330,0,5.628925182528492
-290,330,0,5.628925182528492
-270,330,0,5.628925182528492
-250,330,0,5.628925182528492
-230,330,0,5.628925182528492
-210,330,0,5.628925182528492
-190,330,0,5.628925182528492
-170,330,0,5.628925182528492
-150,330,0,5.628925182528492
-130,330,0,5.628925182528492
-110,330,0,5.628925182528492
-90,330,0,5.628925182528492
-70,330,0,5.628925182528492
-50,330,0,5.628925182528492
-30,330,0,5.628925182528492
-10,330,0,5.628925182528492
10,330,0,5.628925182528492
30,330,0,5.628925182528492
50,330,0,5.628925182528492
70,330,0,5.628925182528492
90,330,0,5.628925182528492
110,330,0,5.628925182528492
130,330,0,5.628925182528492
150,330,0,5.628925182528492
170,330,0,5.628925182528492
190,330,0,5.628925182528492
210,330,0,5.628925182528492
230,330,0,5.628925182528492
250,330,0,5.628925182528492
270,330,0,5.628925182528492
290,330,0,5.628925182528492
310,330,0,5.628925182528492
330,330,0,5.628925182528492
350,330,0,5.628925182528492
370,330,0,5.628925182528492
390,330,0,5.628925182528492
410,330,0,5.628925182528492
430,330,0,5.628925182528492
450,330,0,5.628925182528492
470,330,0,5.628925182528492
490,330,0,5.628925182528492
510,330,0,5.628925182528492
530,330,0,5.628925182528492
550,330,0,5.628925182528492
570,330,0,5.628925182528492
590,330,0,5.628925182528492
610,330,0,5.628925182528492
630,330,0,5.628925182528492
650,330,0,5.628925182528492
670,330,0,5.628925182528492
690,330,0,5.628925182528492
710,330,0,5.628925182528492
730,330,0,5.628925182528492
750,330,0,5.628925182528492
770,330,0,5.628925182528492
790,330,0,5.628925182528492
-790,350,0,5.628925182528492
-770,350,0,5.628925182528492
-750,350,0,5.628925182528492
-730,350,0,5.628925182528492
-710,350,0,5.628925182528492
-690,350,0,5.628925182528492
-670,350,0,5.628925182528492
-650,350,0,5.628925182528492
-630,350,0,5.628925182528492
-610,350,0,5.628925182528492
-590,350,0,5.628925182528492
-570,350,0,5.628925182528492
-550,350,0,5.628925182528492
-530,350,0,5.628925182528492
-510,350,0,5.628925182528492
-490,350,0,5.628925182528492
-470,350,0,5.628925182528492
-450,350,0,5.628925182528492
-430,350,0,5.628925182528492
-410,350,0,5.628925182528492
-390,350,0,5.628925182528492
-370,350,0,5.628925182528492
-350,350,0,5.628925182528492
-330,350,0,5.628925182528492
-310,350,0,5.628925182528492
-290,350,0,5.628925182528492
-270,350,0,5.628925182528492
-250,350,0,5.628925182528492
-230,350,0,5.628925182528492
-210,350,0,5.628925182528492
-190,350,0,5.628925182528492
-170,350,0,5.628925182528492
-150,350,0,5.628925182528492
-130,350,0,5.628925182528492
-110,350,0,5.628925182528492
-90,350,0,5.628925182528492
-70,350,0,5.628925182528492
-50,350,0,5.628925182528492
-30,350,0,5.628925182528492
-10,350,0,5.628925182528492
10,350,0,5.628925182528492
30,350,0,5.628925182528492
50,350,0,5.628925182528492
70,350,0,5.628925182528492
90,350,0,5.628925182528492
110,350,0,5.628925182528492
130,350,0,5.628925182528492
150,350,0,5.628925182528492
170,350,0,5.628925182528492
190,350,0,5.628925182528492
210,350,0,5.628925182528492
230,350,0,5.628925182528492
250,350,0,5.628925182528492
270,350,0,5.628925182528492
290,350,0,5.628925182528492
310,350,0,5.628925182528492
330,350,0,5.628925182528492
350,350,0,5.628925182528492
370,350,0,5.628925182528492
390,350,0,5.628925182528492
410,350,0,5.628925182528492
430,350,0,5.628925182528492
450,350,0,5.628925182528492
470,350,0,5.628925182528492
490,350,0,5.628925182528492
510,350,0,5.628925182528492
530,350,0,5.628925182528492
550,350,0,5.628925182528492
570,350,0,5.628925182528492
590,350,0,5.628925182528492
610,350,0,5.628925182528492
630,350,0,5.628925182528492
650,350,0,5.628925182528492
670,350,0,5.628925182528492
690,350,0,5.628925182528492
710,350,0,5.628925182528492
730,350,0,5.628925182528492
750,350,0,5.628925182528492
770,350,0,5.628925182528492
790,350,0,5.628925182528492
-790,370,0,5.628925182528492
-770,370,0,5.628925182528492
-750,370,0,5.628925182528492
-730,370,0,5.628925182528492
-710,370,0,5.628925182528492
-690,370,0,5.628925182528492
-670,370,0,5.628925182528492
-650,370,0,5.628925182528492
-630,370,0,5.628925182528492
-610,370,0,5.628925182528492
-590,370,0,5.628925182528492
-570,370,0,5.628925182528492
-550,370,0,5.628925182528492
-530,370,0,5.628925182528492
-510,370,0,5.628925182528492
-490,370,0,5.628925182528492
-470,370,0,5.628925182528492
-450,370,0,5.628925182528492
-430,370,0,5.628925182528492
-410,370,0,5.628925182528492
-390,370,0,5.628925182528492
-370,370,0,5.628925182528492
-350,370,0,5.628925182528492
-330,370,0,5.628925182528492
-310,370,0,5.628925182528492
-290,370,0,5.628925182528492
-270,370,0,5.628925182528492
-250,370,0,5.628925182528492
-230,370,0,5.628925182528492
-210,370,0,5.628925182528492
-190,370,0,5.628925182528492
-170,370,0,5.628925182528492
-150,370,0,5.628925182528492
-130,370,0,5.628925182528492
-110,370,0,5.628925182528492
-90,370,0,5.628925182528492
-70,370,0,5.628925182528492
-50,370,0,5.628925182528492
-30,370,0,5.628925182528492
-10,370,0,5.628925182528492
10,370,0,5.628925182528492
30,370,0,5.628925182528492
50,370,0,5.628925182528492
70,370,0,5.628925182528492
90,370,0,5.628925182528492
110,370,0,5.628925182528492
130,370,0,5.628925182528492
150,370,0,5.628925182528492
170,370,0,5.628925182528492
190,370,0,5.628925182528492
210,370,0,5.628925182528492
230,370,0,5.628925182528492
250,370,0,5.628925182528492
270,370,0,5.628925182528492
290,370,0,5.628925182528492
310,370,0,5.628925182528492
330,370,0,5.628925182528492
350,370,0,5.628925182528492
370,370,0,5.628925182528492
390,370,0,5.628925182528492
410,370,0,5.628925182528492
430,370,0,5.628925182528492
450,370,0,5.628925182528492
470,370,0,5.628925182528492
490,370,0,5.628925182528492
510,370,0,5.628925182528492
530,370,0,5.628925182528492
550,370,0,5.628925182528492
570,370,0,5.628925182528492
590,370,0,5.628925182528492
610,370,0,5.628925182528492
630,370,0,5.628925182528492
650,370,0,5.628925182528492
670,370,0,5.628925182528492
690,370,0,5.628925182528492
710,370,0,5.628925182528492
730,370,0,5.628925182528492
750,370,0,5.628925182528492
770,370,0,5.628925182528492
790,370,0,5.628925182528492
-790,390,0,5.628925182528492
-770,390,0,5.628925182528492
-750,390,0,5.628925182528492
-730,390,0,5.628925182528492
-710,390,0,5.628925182528492
-690,390,0,5.628925182528492
-670,390,0,5.628925182528492
-650,390,0,5.628925182528492
-630,390,0,5.628925182528492
-610,390,0,5.628925182528492
-590,390,0,5.628925182528492
-570,390,0,5.628925182528492
-550,390,0,5.628925182528492
-530,390,0,5.628925182528492
-510,390,0,5.628925182528492
-490,390,0,5.628925182528492
-470,390,0,5.628925182528492
-450,390,0,5.628925182528492
-430,390,0,5.628925182528492
-410,390,0,5.628925182528492
-390,390,0,5.628925182528492
-370,390,0,5.628925182528492
-350,390,0,5.628925182528492
-330,390,0,5.628925182528492
-310,390,0,5.628925182528492
-290,390,0,5.628925182528492
-270,390,0,5.628925182528492
-250,390,0,5.628925182528492
-230,390,0,5.628925182528492
-210,390,0,5.628925182528492
-190,390,0,5.628925182528492
-170,390,0,5.628925182528492
-150,390,0,5.628925182528492
-130,390,0,5.628925182528492
-110,390,0,5.628925182528492
-90,390,0,5.628925182528492
-70,390,0,5.628925182528492
-50,390,0,5.628925182528492
-30,390,0,5.628925182528492
-10,390,0,5.628925182528492
10,390,0,5.628925182528492
30,390,0,5.628925182528492
50,390,0,5.628925182528492
70,390,0,5.628925182528492
90,390,0,5.628925182528492
110,390,0,5.628925182528492
130,390,0,5.628925182528492
150,390,0,5.628925182528492
170,390,0,5.628925182528492
190,390,0,5.628925182528492
210,390,0,5.628925182528492
230,390,0,5.628925182528492
250,390,0,5.628925182528492
270,390,0,5.628925182528492
290,390,0,5.628925182528492
310,390,0,5.628925182528492
330,390,0,5.628925182528492
350,390,0,5.628925182528492
370,390,0,5.628925182528492
390,390,0,5.628925182528492
410,390,0,5.628925182528492
430,390,0,5.628925182528492
450,390,0,5.628925182528492
470,390,0,5.628925182528492
490,390,0,5.628925182528492
510,390,0,5.628925182528492
530,390,0,5.628925182528492
550,390,0,5.628925182528492
570,390,0,5.628925182528492
590,390,0,5.628925182528492
610,390,0,5.628925182528492
630,390,0,5.628925182528492
650,390,0,5.628925182528492
670,390,0,5.628925182528492
690,390,0,5.628925182528492
710,390,0,5.628925182528492
730,390,0,5.628925182528492
750,390,0,5.628925182528492
770,390,0,5.628925182528492
790,390,0,5.628925182528492
-790,410,0,5.628925182528492
-770,410,0,5.628925182528492
-750,410,0,5.628925182528492
-730,410,0,5.628925182528492
-710,410,0,5.628925182528492
-690,410,0,5.628925182528492
-670,410,0,5.628925182528492
-650,410,0,5.628925182528492
-630,410,0,5.628925182528492
-610,410,0,5.628925182528492
-590,410,0,5.628925182528492
-570,410,0,5.628925182528492
-550,410,0,5.628925182528492
-530,410,0,5.628925182528492
-510,410,0,5.628925182528492
-490,410,0,5.628925182528492
-470,410,0,5.628925182528492
-450,410,0,5.628925182528492
-430,410,0,5.628925182528492
-410,410,0,5.628925182528492
-390,410,0,5.628925182528492
-370,410,0,5.628925182528492
-350,410,0,5.628925182528492
-330,410,0,5.628925182528492
-310,410,0,5.628925182528492
-290,410,0,5.628925182528492
-270,410,0,5.628925182528492
-250,410,0,5.628925182528492
-230,410,0,5.628925182528492
-210,410,0,5.628925182528492
-190,410,0,5.628925182528492
-170,410,0,5.628925182528492
-150,410,0,5.628925182528492
-130,410,0,5.628925182528492
-110,410,0,5.628925182528492
-90,410,0,5.628925182528492
-70,410,0,5.628925182528492
-50,410,0,5.628925182528492
-30,410,0,5.628925182528492
-10,410,0,5.628925182528492
10,410,0,5.628925182528492
30,410,0,5.628925182528492
50,410,0,5.628925182528492
70,410,0,5.628925182528492
90,410,0,5.628925182528492
110,410,0,5.628925182528492
130,410,0,5.628925182528492
150,410,0,5.628925182528492
170,410,0,5.628925182528492
190,410,0,5.628925182528492
210,410,0,5.628925182528492
230,410,0,5.628925182528492
250,410,0,5.628925182528492
270,410,0,5.628925182528492
290,410,0,5.628925182528492
310,410,0,5.628925182528492
330,410,0,5.628925182528492
350,410,0,5.628925182528492
370,410,0,5.628925182528492
390,410,0,5.628925182528492
410,410,0,5.628925182528492
430,410,0,5.628925182528492
450,410,0,5.628925182528492
470,410,0,5.628925182528492
490,410,0,5.628925182528492
510,410,0,5.628925182528492
530,410,0,5.628925182528492
550,410,0,5.628925182528492
570,410,0,5.628925182528492
590,410,0,5.628925182528492
610,410,0,5.628925182528492
630,410,0,5.628925182528492
650,410,0,5.628925182528492
670,410,0,5.628925182528492
690,410,0,5.628925182528492
710,410,0,5.628925182528492
730,410,0,5.628925182528492
750,410,0,5.628925182528492
770,410,0,5.628925182528492
790,410,0,5.628925182528492
-790,430,0,5.628925182528492
-770,430,0,5.628925182528492
-750,430,0,5.628925182528492
-730,430,0,5.628925182528492
-710,430,0,5.628925182528492
-690,430,0,5.628925182528492
-670,430,0,5.628925182528492
-650,430,0,5.628925182528492
-630,430,0,5.628925182528492
-610,430,0,5.628925182528492
-590,430,0,5.628925182528492
-570,430,0,5.628925182528492
-550,430,0,5.628925182528492
-530,430,0,5.628925182528492
-510,430,0,5.628925182528492
-490,430,0,5.628925182528492
-470,430,0,5.628925182528492
-450,430,0,5.628925182528492
-430,430,0,5.628925182528492
-410,430,0,5.628925182528492
-390,430,0,5.628925182528492
-370,430,0,5.628925182528492
-350,430,0,5.628925182528492
-330,430,0,5.628925182528492
-310,430,0,5.628925182528492
-290,430,0,5.628925182528492
-270,430,0,5.628925182528492
-250,430,0,5.628925182528492
-230,430,0,5.628925182528492
-210,430,0,5.628925182528492
-190,430,0,5.628925182528492
-170,430,0,5.628925182528492
-150,430,0,5.628925182528492
-130,430,0,5.628925182528492
-110,430,0,5.628925182528492
-90,430,0,5.628925182528492
-70,430,0,5.628925182528492
-50,430,0,5.628925182528492
-30,430,0,5.628925182528492
-10,430,0,5.628925182528492
10,430,0,5.628925182528492
30,430,0,5.628925182528492
50,430,0,5.628925182528492
70,430,0,5.628925182528492
90,430,0,5.628925182528492
110,430,0,5.628925182528492
130,430,0,5.628925182528492
150,430,0,5.628925182528492
170,430,0,5.628925182528492
190,430,0,5.628925182528492
210,430,0,5.628925182528492
230,430,0,5.628925182528492
250,430,0,5.628925182528492
270,430,0,5.628925182528492
290,430,0,5.628925182528492
310,430,0,5.628925182528492
330,430,0,5.628925182528492
350,430,0,5.628925182528492
370,430,0,5.628925182528492
390,430,0,5.628925182528492
410,430,0,5.628925182528492
430,430,0,5.628925182528492
450,430,0,5.628925182528492
470,430,0,5.628925182528492
490,430,0,5.628925182528492
510,430,0,5.628925182528492
530,430,0,5.628925182528492
550,430,0,5.628925182528492
570,430,0,5.628925182528492
590,430,0,5.628925182528492
610,430,0,5.628925182528492
630,430,0,5.628925182528492
650,430,0,5.628925182528492
670,430,0,5.628925182528492
690,430,0,5.628925182528492
710,430,0,5.628925182528492
730,430,0,5.628925182528492
750,430,0,5.628925182528492
770,430,0,5.628925182528492
790,430,0,5.628925182528492
-790,450,0,5.628925182528492
-770,450,0,5.628925182528492
-750,450,0,5.628925182528492
-730,450,0,5.628925182528492
-710,450,0,5.628925182528492
-690,450,0,5.628925182528492
-670,450,0,5.628925182528492
-650,450,0,5.628925182528492
-630,450,0,5.628925182528492
-610,450,0,5.628925182528492
-590,450,0,5.628925182528492
-570,450,0,5.628925182528492
-550,450,0,5.628925182528492
-530,450,0,5.628925182528492
-510,450,0,5.628925182528492
-490,450,0,5.628925182528492
-470,450,0,5.628925182528492
-450,450,0,5.628925182528492
-430,450,0,5.628925182528492
-410,450,0,5.628925182528492
-390,450,0,5.628925182528492
-370,450,0,5.628925182528492
-350,450,0,5.628925182528492
-330,450,0,5.628925182528492
-310,450,0,5.628925182528492
-290,450,0,5.628925182528492
-270,450,0,5.628925182528492
-250,450,0,5.628925182528492
-230,450,0,5.628925182528492
-210,450,0,5.628925182528492
-190,450,0,5.628925182528492
-170,450,0,5.628925182528492
-150,450,0,5.628925182528492
-130,450,0,5.628925182528492
-110,450,0,5.628925182528492
-90,450,0,5.628925182528492
-70,450,0,5.628925182528492
-50,450,0,5.628925182528492
-30,450,0,5.628925182528492
-10,450,0,5.628925182528492
10,450,0,5.628925182528492
30,450,0,5.628925182528492
50,450,0,5.628925182528492
70,450,0,5.628925182528492
90,450,0,5.628925182528492
110,450,0,5.628925182528492
130,450,0,5.628925182528492
150,450,0,5.628925182528492
170,450,0,5.628925182528492
190,450,0,5.628925182528492
210,450,0,5.628925182528492
230,450,0,5.628925182528492
250,450,0,5.628925182528492
270,450,0,5.628925182528492
290,450,0,5.628925182528492
310,450,0,5.628925182528492
330,450,0,5.628925182528492
350,450,0,5.628925182528492
370,450,0,5.628925182528492
390,450,0,5.628925182528492
410,450,0,5.628925182528492
430,450,0,5.628925182528492
450,450,0,5.628925182528492
470,450,0,5.628925182528492
490,450,0,5.628925182528492
510,450,0,5.628925182528492
530,450,0,5.628925182528492
550,450,0,5.628925182528492
570,450,0,5.628925182528492
590,450,0,5.628925182528492
610,450,0,5.628925182528492
630,450,0,5.628925182528492
650,450,0,5.628925182528492
670,450,0,5.628925182528492
690,450,0,5.628925182528492
710,450,0,5.628925182528492
730,450,0,5.628925182528492
750,450,0,5.628925182528492
770,450,0,5.628925182528492
790,450,0,5.628925182528492
-790,470,0,5.628925182528492
-770,470,0,5.628925182528492
-750,470,0,5.628925182528492
-730,470,0,5.628925182528492
-710,470,0,5.628925182528492
-690,470,0,5.628925182528492
-670,470,0,5.628925182528492
-650,470,0,5.628925182528492
-630,470,0,5.628925182528492
-610,470,0,5.628925182528492
-590,470,0,5.628925182528492
-570,470,0,5.628925182528492
-550,470,0,5.628925182528492
-530,470,0,5.628925182528492
-510,470,0,5.628925182528492
-490,470,0,5.628925182528492
-470,470,0,5.628925182528492
-450,470,0,5.628925182528492
-430,470,0,5.628925182528492
-410,470,0,5.628925182528492
-390,470,0,5.628925182528492
-370,470,0,5.628925182528492
-350,470,0,5.628925182528492
-330,470,0,5.628925182528492
-310,470,0,5.628925182528492
-290,470,0,5.628925182528492
-270,470,0,5.628925182528492
-250,470,0,5.628925182528492
-230,470,0,5.628925182528492
-210,470,0,5.628925182528492
-190,470,0,5.628925182528492
-170,470,0,5.628925182528492
-150,470,0,5.628925182528492
-130,470,0,5.628925182528492
-110,470,0,5.628925182528492
-90,470,0,5.628925182528492
-70,470,0,5.628925182528492
-50,470,0,5.628925182528492
-30,470,0,5.628925182528492
-10,470,0,5.628925182528492
10,470,0,5.628925182528492
30,470,0,5.628925182528492
50,470,0,5.628925182528492
70,470,0,5.628925182528492
90,470,0,5.628925182528492
110,470,0,5.628925182528492
130,470,0,5.628925182528492
150,470,0,5.628925182528492
170,470,0,5.628925182528492
190,470,0,5.628925182528492
210,470,0,5.628925182528492
230,470,0,5.628925182528492
250,470,0,5.628925182528492
270,470,0,5.628925182528492
290,470,0,5.628925182528492
310,470,0,5.628925182528492
330,470,0,5.628925182528492
350,470,0,5.628925182528492
370,470,0,5.628925182528492
390,470,0,5.628925182528492
410,470,0,5.628925182528492
430,470,0,5.628925182528492
450,470,0,5.628925182528492
470,470,0,5.628925182528492
490,470,0,5.628925182528492
510,470,0,5.628925182528492
530,470,0,5.628925182528492
550,470,0,5.628925182528492
570,470,0,5.628925182528492
590,470,0,5.628925182528492
610,470,0,5.628925182528492
630,470,0,5.628925182528492
650,470,0,5.628925182528492
670,470,0,5.628925182528492
690,470,0,5.628925182528492
710,470,0,5.628925182528492
730,470,0,5.628925182528492
750,470,0,5.628925182528492
770,470,0,5.628925182528492
790,470,0,5.628925182528492
-790,490,0,5.628925182528492
-770,490,0,5.628925182528492
-750,490,0,5.628925182528492
-730,490,0,5.628925182528492
-710,490,0,5.628925182528492
-690,490,0,5.628925182528492
-670,490,0,5.628925182528492
-650,490,0,5.628925182528492
-630,490,0,5.628925182528492
-610,490,0,5.628925182528492
-590,490,0,5.628925182528492
-570,490,0,5.628925182528492
-550,490,0,5.628925182528492
-530,490,0,5.628925182528492
-510,490,0,5.628925182528492
-490,490,0,5.628925182528492
-470,490,0,5.628925182528492
-450,490,0,5.628925182528492
-430,490,0,5.628925182528492
-410,490,0,5.628925182528492
-390,490,0,5.628925182528492
-370,490,0,5.628925182528492
-350,490,0,5.628925182528492
-330,490,0,5.628925182528492
-310,490,0,5.628925182528492
-290,490,0,5.628925182528492
-270,490,0,5.628925182528492
-250,490,0,5.628925182528492
-230,490,0,5.628925182528492
-210,490,0,5.628925182528492
-190,490,0,5.628925182528492
-170,490,0,5.628925182528492
-150,490,0,5.628925182528492
-130,490,0,5.628925182528492
-110,490,0,5.628925182528492
-90,490,0,5.628925182528492
-70,490,0,5.628925182528492
-50,490,0,5.628925182528492
-30,490,0,5.628925182528492
-10,490,0,5.628925182528492
10,490,0,5.628925182528492
30,490,0,5.628925182528492
50,490,0,5.628925182528492
70,490,0,5.628925182528492
90,490,0,5.628925182528492
110,490,0,5.628925182528492
130,490,0,5.628925182528492
150,490,0,5.628925182528492
170,490,0,5.628925182528492
190,490,0,5.628925182528492
210,490,0,5.628925182528492
230,490,0,5.628925182528492
250,490,0,5.628925182528492
270,490,0,5.628925182528492
290,490,0,5.628925182528492
310,490,0,5.628925182528492
330,490,0,5.628925182528492
350,490,0,5.628925182528492
370,490,0,5.628925182528492
390,490,0,5.628925182528492
410,490,0,5.628925182528492
430,490,0,5.628925182528492
450,490,0,5.628925182528492
470,490,0,5.628925182528492
490,490,0,5.628925182528492
510,490,0,5.628925182528492
530,490,0,5.628925182528492
550,490,0,5.628925182528492
570,490,0,5.628925182528492
590,490,0,5.628925182528492
610,490,0,5.628925182528492
630,490,0,5.628925182528492
650,490,0,5.628925182528492
670,490,0,5.628925182528492
690,490,0,5.628925182528492
710,490,0,5.628925182528492
730,490,0,5.628925182528492
750,490,0,5.628925182528492
770,490,0,5.628925182528492
790,490,0,5.628925182528492
-790,510,0,5.628925182528492
-770,510,0,5.628925182528492
-750,510,0,5.628925182528492
-730,510,0,5.628925182528492
-710,510,0,5.628925182528492
-690,510,0,5.628925182528492
-670,510,0,5.628925182528492
-650,510,0,5.628925182528492
-630,510,0,5.628925182528492
-610,510,0,5.628925182528492
-590,510,0,5.628925182528492
-570,510,0,5.628925182528492
-550,510,0,5.628925182528492
-530,510,0,5.628925182528492
-510,510,0,5.628925182528492
-490,510,0,5.628925182528492
-470,510,0,5.628925182528492
-450,510,0,5.628925182528492
-430,510,0,5.628925182528492
-410,510,0,5.628925182528492
-390,510,0,5.628925182528492
-370,510,0,5.628925182528492
-350,510,0,5.628925182528492
-330,510,0,5.628925182528492
-310,510,0,5.628925182528492
-290,510,0,5.628925182528492
-270,510,0,5.628925182528492
-250,510,0,5.628925182528492
-230,510,0,5.628925182528492
-210,510,0,5.628925182528492
-190,510,0,5.628925182528492
-170,510,0,5.628925182528492
-150,510,0,5.628925182528492
-130,510,0,5.628925182528492
-110,510,0,5.628925182528492
-90,510,0,5.628925182528492
-70,510,0,5.628925182528492
-50,510,0,5.628925182528492
-30,510,0,5.628925182528492
-10,510,0,5.628925182528492
10,510,0,5.628925182528492
30,510,0,5.628925182528492
50,510,0,5.628925182528492
70,510,0,5.628925182528492
90,510,0,5.628925182528492
110,510,0,5.628925182528492
130,510,0,5.628925182528492
150,510,0,5.628925182528492
170,510,0,5.628925182528492
190,510,0,5.628925182528492
210,510,0,5.628925182528492
230,510,0,5.628925182528492
250,510,0,5.628925182528492
270,510,0,5.628925182528492
290,510,0,5.628925182528492
310,510,0,5.628925182528492
330,510,0,5.628925182528492
350,510,0,5.628925182528492
370,510,0,5.628925182528492
390,510,0,5.628925182528492
410,510,0,5.628925182528492
430,510,0,5.628925182528492
450,510,0,5.628925182528492
470,510,0,5.628925182528492
490,510,0,5.628925182528492
510,510,0,5.628925182528492
530,510,0,5.628925182528492
550,510,0,5.628925182528492
570,510,0,5.628925182528492
590,510,0,5.628925182528492
610,510,0,5.628925182528492
630,510,0,5.628925182528492
650,510,0,5.628925182528492
670,510,0,5.628925182528492
690,510,0,5.628925182528492
710,510,0,5.628925182528492
730,510,0,5.628925182528492
750,510,0,5.628925182528492
770,510,0,5.628925182528492
790,510,0,5.628925182528492
-790,530,0,5.628925182528492
-770,530,0,5.628925182528492
-750,530,0,5.628925182528492
-730,530,0,5.628925182528492
-710,530,0,5.628925182528492
-690,530,0,5.628925182528492
-670,530,0,5.628925182528492
-650,530,0,5.628925182528492
-630,530,0,5.628925182528492
-610,530,0,5.628925182528492
-590,530,0,5.628925182528492
-570,530,0,5.628925182528492
-550,530,0,5.628925182528492
-530,530,0,5.628925182528492
-510,530,0,5.628925182528492
-490,530,0,5.628925182528492
-470,530,0,5.628925182528492
-450,530,0,5.628925182528492
-430,530,0,5.628925182528492
-410,530,0,5.628925182528492
-390,530,0,5.628925182528492
-370,530,0,5.628925182528492
-350,530,0,5.628925182528492
-330,530,0,5.628925182528492
-310,530,0,5.628925182528492
-290,530,0,5.628925182528492
-270,530,0,5.628925182528492
-250,530,0,5.628925182528492
-230,530,0,5.628925182528492
-210,530,0,5.628925182528492
-190,530,0,5.628925182528492
-170,530,0,5.628925182528492
-150,530,0,5.628925182528492
-130,530,0,5.628925182528492
-110,530,0,5.628925182528492
-90,530,0,5.628925182528492
-70,530,0,5.628925182528492
-50,530,0,5.628925182528492
-30,530,0,5.628925182528492
-10,530,0,5.628925182528492
10,530,0,5.628925182528492
30,530,0,5.628925182528492
50,530,0,5.628925182528492
70,530,0,5.628925182528492
90,530,0,5.628925182528492
110,530,0,5.628925182528492
130,530,0,5.628925182528492
150,530,0,5.628925182528492
170,530,0,5.628925182528492
190,530,0,5.628925182528492
210,530,0,5.628925182528492
230,530,0,5.628925182528492
250,530,0,5.628925182528492
270,530,0,5.628925182528492
290,530,0,5.628925182528492
310,530,0,5.628925182528492
330,530,0,5.628925182528492
350,530,0,5.628925182528492
370,530,0,5.628925182528492
390,530,0,5.628925182528492
410,530,0,5.628925182528492
430,530,0,5.628925182528492
450,530,0,5.628925182528492
470,530,0,5.628925182528492
490,530,0,5.628925182528492
510,530,0,5.628925182528492
530,530,0,5.628925182528492
550,530,0,5.628925182528492
570,530,0,5.628925182528492
590,530,0,5.628925182528492
610,530,0,5.628925182528492
630,530,0,5.628925182528492
650,530,0,5.628925182528492
670,530,0,5.628925182528492
690,530,0,5.628925182528492
710,530,0,5.628925182528492
730,530,0,5.628925182528492
750,530,0,5.628925182528492
770,530,0,5.628925182528492
790,530,0,5.628925182528492
-790,550,0,5.628925182528492
-770,550,0,5.628925182528492
-750,550,0,5.628925182528492
-730,550,0,5.628925182528492
-710,550,0,5.628925182528492
-690,550,0,5.628925182528492
-670,550,0,5.628925182528492
-650,550,0,5.628925182528492
-630,550,0,5.628925182528492
-610,550,0,5.628925182528492
-590,550,0,5.628925182528492
-570,550,0,5.628925182528492
-550,550,0,5.628925182528492
-530,550,0,5.628925182528492
-510,550,0,5.628925182528492
-490,550,0,5.628925182528492
-470,550,0,5.628925182528492
-450,550,0,5.628925182528492
-430,550,0,5.628925182528492
-410,550,0,5.628925182528492
-390,550,0,5.628925182528492
-370,550,0,5.628925182528492
-350,550,0,5.628925182528492
-330,550,0,5.628925182528492
-310,550,0,5.628925182528492
-290,550,0,5.628925182528492
-270,550,0,5.628925182528492
-250,550,0,5.628925182528492
-230,550,0,5.628925182528492
-210,550,0,5.628925182528492
-190,550,0,5.628925182528492
-170,550,0,5.628925182528492
-150,550,0,5.628925182528492
-130,550,0,5.628925182528492
-110,550,0,5.628925182528492
-90,550,0,5.628925182528492
-70,550,0,5.628925182528492
-50,550,0,5.628925182528492
-30,550,0,5.628925182528492
-10,550,0,5.628925182528492
10,550,0,5.628925182528492
30,550,0,5.628925182528492
50,550,0,5.628925182528492
70,550,0,5.628925182528492
90,550,0,5.628925182528492
110,550,0,5.628925182528492
130,550,0,5.628925182528492
150,550,0,5.628925182528492
170,550,0,5.628925182528492
190,550,0,5.628925182528492
210,550,0,5.628925182528492
230,550,0,5.628925182528492
250,550,0,5.628925182528492
270,550,0,5.628925182528492
290,550,0,5.628925182528492
310,550,0,5.628925182528492
330,550,0,5.628925182528492
350,550,0,5.628925182528492
370,550,0,5.628925182528492
390,550,0,5.628925182528492
410,550,0,5.628925182528492
430,550,0,5.628925182528492
450,550,0,5.628925182528492
470,550,0,5.628925182528492
490,550,0,5.628925182528492
510,550,0,5.628925182528492
530,550,0,5.628925182528492
550,550,0,5.628925182528492
570,550,0,5.628925182528492
590,550,0,5.628925182528492
610,550,0,5.628925182528492
630,550,0,5.628925182528492
650,550,0,5.628925182528492
670,550,0,5.628925182528492
690,550,0,5.628925182528492
710,550,0,5.628925182528492
730,550,0,5.628925182528492
750,550,0,5.628925182528492
770,550,0,5.628925182528492
790,550,0,5.628925182528492
-790,570,0,5.628925182528492
-770,570,0,5.628925182528492
-750,570,0,5.628925182528492
-730,570,0,5.628925182528492
-710,570,0,5.628925182528492
-690,570,0,5.628925182528492
-670,570,0,5.628925182528492
-650,570,0,5.628925182528492
-630,570,0,5.628925182528492
-610,570,0,5.628925182528492
-590,570,0,5.628925182528492
-570,570,0,5.628925182528492
-550,570,0,5.628925182528492
-530,570,0,5.628925182528492
-510,570,0,5.628925182528492
-490,570,0,5.628925182528492
-470,570,0,5.628925182528492
-450,570,0,5.628925182528492
-430,570,0,5.628925182528492
-410,570,0,5.628925182528492
-390,570,0,5.628925182528492
-370,570,0,5.628925182528492
-350,570,0,5.628925182528492
-330,570,0,5.628925182528492
-310,570,0,5.628925182528492
-290,570,0,5.628925182528492
-270,570,0,5.628925182528492
-250,570,0,5.628925182528492
-230,570,0,5.628925182528492
-210,570,0,5.628925182528492
-190,570,0,5.628925182528492
-170,570,0,5.628925182528492
-150,570,0,5.628925182528492
-130,570,0,5.628925182528492
-110,570,0,5.628925182528492
-90,570,0,5.628925182528492
-70,570,0,5.628925182528492
-50,570,0,5.628925182528492
-30,570,0,5.628925182528492
-10,570,0,5.628925182528492
10,570,0,5.628925182528492
30,570,0,5.628925182528492
50,570,0,5.628925182528492
70,570,0,5.628925182528492
90,570,0,5.628925182528492
110,570,0,5.628925182528492
130,570,0,5.628925182528492
150,570,0,5.628925182528492
170,570,0,5.628925182528492
190,570,0,5.628925182528492
210,570,0,5.628925182528492
230,570,0,5.628925182528492
250,570,0,5.628925182528492
270,570,0,5.628925182528492
290,570,0,5.628925182528492
310,570,0,5.628925182528492
330,570,0,5.628925182528492
350,570,0,5.628925182528492
370,570,0,5.628925182528492
390,570,0,5.628925182528492
410,570,0,5.628925182528492
430,570,0,5.628925182528492
450,570,0,5.628925182528492
470,570,0,5.628925182528492
490,570,0,5.628925182528492
510,570,0,5.628925182528492
530,570,0,5.628925182528492
550,570,0,5.628925182528492
570,570,0,5.628925182528492
590,570,0,5.628925182528492
610,570,0,5.628925182528492
630,570,0,5.628925182528492
650,570,0,5.628925182528492
670,570,0,5.628925182528492
690,570,0,5.628925182528492
710,570,0,5.628925182528492
730,570,0,5.628925182528492
750,570,0,5.628925182528492
770,570,0,5.628925182528492
790,570,0,5.628925182528492
-790,590,0,5.628925182528492
-770,590,0,5.628925182528492
-750,590,0,5.628925182528492
-730,590,0,5.628925182528492
-710,590,0,5.628925182528492
-690,590,0,5.628925182528492
-670,590,0,5.628925182528492
-650,590,0,5.628925182528492
-630,590,0,5.628925182528492
-610,590,0,5.628925182528492
-590,590,0,5.628925182528492
-570,590,0,5.628925182528492
-550,590,0,5.628925182528492
-530,590,0,5.628925182528492
-510,590,0,5.628925182528492
-490,590,0,5.628925182528492
-470,590,0,5.628925182528492
-450,590,0,5.628925182528492
-430,590,0,5.628925182528492
-410,590,0,5.628925182528492
-390,590,0,5.628925182528492
-370,590,0,5.628925182528492
-350,590,0,5.628925182528492
-330,590,0,5.628925182528492
-310,590,0,5.628925182528492
-290,590,0,5.628925182528492
-270,590,0,5.628925182528492
-250,590,0,5.628925182528492
-230,590,0,5.628925182528492
-210,590,0,5.628925182528492
-190,590,0,5.628925182528492
-170,590,0,5.628925182528492
-150,590,0,5.628925182528492
-130,590,0,5.628925182528492
-110,590,0,5.628925182528492
-90,590,0,5.628925182528492
-70,590,0,5.628925182528492
-50,590,0,5.628925182528492
-30,590,0,5.628925182528492
-10,590,0,5.628925182528492
10,590,0,5.628925182528492
30,590,0,5.628925182528492
50,590,0,5.628925182528492
70,590,0,5.628925182528492
90,590,0,5.628925182528492
110,590,0,5.628925182528492
130,590,0,5.628925182528492
150,590,0,5.628925182528492
170,590,0,5.628925182528492
190,590,0,5.628925182528492
210,590,0,5.628925182528492
230,590,0,5.628925182528492
250,590,0,5.628925182528492
270,590,0,5.628925182528492
290,590,0,5.628925182528492
310,590,0,5.628925182528492
330,590,0,5.628925182528492
350,590,0,5.628925182528492
370,590,0,5.628925182528492
390,590,0,5.628925182528492
410,590,0,5.628925182528492
430,590,0,5.628925182528492
450,590,0,5.628925182528492
470,590,0,5.628925182528492
490,590,0,5.628925182528492
510,590,0,5.628925182528492
530,590,0,5.628925182528492
550,590,0,5.628925182528492
570,590,0,5.628925182528492
590,590,0,5.628925182528492
610,590,0,5.628925182528492
630,590,0,5.628925182528492
650,590,0,5.628925182528492
670,590,0,5.628925182528492
690,590,0,5.628925182528492
710,590,0,5.628925182528492
730,590,0,5.628925182528492
750,590,0,5.628925182528492
770,590,0,5.628925182528492
790,590,0,5.628925182528492
-790,610,0,5.628925182528492
-770,610,0,5.628925182528492
-750,610,0,5.628925182528492
-730,610,0,5.628925182528492
-710,610,0,5.628925182528492
-690,610,0,5.628925182528492
-670,610,0,5.628925182528492
-650,610,0,5.628925182528492
-630,610,0,5.628925182528492
-610,610,0,5.628925182528492
-590,610,0,5.628925182528492
-570,610,0,5.628925182528492
-550,610,0,5.628925182528492
-530,610,0,5.628925182528492
-510,610,0,5.628925182528492
-490,610,0,5.628925182528492
-470,610,0,5.628925182528492
-450,610,0,5.628925182528492
-430,610,0,5.628925182528492
-410,610,0,5.628925182528492
-390,610,0,5.628925182528492
-370,610,0,5.628925182528492
-350,610,0,5.628925182528492
-330,610,0,5.628925182528492
-310,610,0,5.628925182528492
-290,610,0,5.628925182528492
-270,610,0,5.628925182528492
-250,610,0,5.628925182528492
-230,610,0,5.628925182528492
-210,610,0,5.628925182528492
-190,610,0,5.628925182528492
-170,610,0,5.628925182528492
-150,610,0,5.628925182528492
-130,610,0,5.628925182528492
-110,610,0,5.628925182528492
-90,610,0,5.628925182528492
-70,610,0,5.628925182528492
-50,610,0,5.628925182528492
-30,610,0,5.628925182528492
-10,610,0,5.628925182528492
10,610,0,5.628925182528492
30,610,0,5.628925182528492
50,610,0,5.628925182528492
70,610,0,5.628925182528492
90,610,0,5.628925182528492
110,610,0,5.628925182528492
130,610,0,5.628925182528492
150,610,0,5.628925182528492
170,610,0,5.628925182528492
190,610,0,5.628925182528492
210,610,0,5.628925182528492
230,610,0,5.628925182528492
250,610,0,5.628925182528492
270,610,0,5.628925182528492
290,610,0,5.628925182528492
310,610,0,5.628925182528492
330,610,0,5.628925182528492
350,610,0,5.628925182528492
370,610,0,5.628925182528492
390,610,0,5.628925182528492
410,610,0,5.628925182528492
430,610,0,5.628925182528492
450,610,0,5.628925182528492
470,610,0,5.628925182528492
490,610,0,5.628925182528492
510,610,0,5.628925182528492
530,610,0,5.628925182528492
550,610,0,5.628925182528492
570,610,0,5.628925182528492
590,610,0,5.628925182528492
610,610,0,5.628925182528492
630,610,0,5.628925182528492
650,610,0,5.628925182528492
670,610,0,5.628925182528492
690,610,0,5.628925182528492
710,610,0,5.628925182528492
730,610,0,5.628925182528492
750,610,0,5.628925182528492
770,610,0,5.628925182528492
790,610,0,5.628925182528492
-790,630,0,5.628925182528492
-770,630,0,5.628925182528492
-750,630,0,5.628925182528492
-730,630,0,5.628925182528492
-710,630,0,5.628925182528492
-690,630,0,5.628925182528492
-670,630,0,5.628925182528492
-650,630,0,5.628925182528492
-630,630,0,5.628925182528492
-610,630,0,5.628925182528492
-590,630,0,5.628925182528492
-570,630,0,5.628925182528492
-550,630,0,5.628925182528492
-530,630,0,5.628925182528492
-510,630,0,5.628925182528492
-490,630,0,5.628925182528492
-470,630,0,5.628925182528492
-450,630,0,5.628925182528492
-430,630,0,5.628925182528492
-410,630,0,5.628925182528492
-390,630,0,5.628925182528492
-370,630,0,5.628925182528492
-350,630,0,5.628925182528492
-330,630,0,5.628925182528492
-310,630,0,5.628925182528492
-290,630,0,5.628925182528492
-270,630,0,5.628925182528492
-250,630,0,5.628925182528492
-230,630,0,5.628925182528492
-210,630,0,5.628925182528492
-190,630,0,5.628925182528492
-170,630,0,5.628925182528492
-150,630,0,5.628925182528492
-130,630,0,5.628925182528492
-110,630,0,5.628925182528492
-90,630,0,5.628925182528492
-70,630,0,5.628925182528492
-50,630,0,5.628925182528492
-30,630,0,5.628925182528492
-10,630,0,5.628925182528492
10,630,0,5.628925182528492
30,630,0,5.628925182528492
50,630,0,5.628925182528492
70,630,0,5.628925182528492
90,630,0,5.628925182528492
110,630,0,5.628925182528492
130,630,0,5.628925182528492
150,630,0,5.628925182528492
170,630,0,5.628925182528492
190,630,0,5.628925182528492
210,630,0,5.628925182528492
230,630,0,5.628925182528492
250,630,0,5.628925182528492
270,630,0,5.628925182528492
290,630,0,5.628925182528492
310,630,0,5.628925182528492
330,630,0,5.628925182528492
350,630,0,5.628925182528492
370,630,0,5.628925182528492
390,630,0,5.628925182528492
410,630,0,5.628925182528492
430,630,0,5.628925182528492
450,630,0,5.628925182528492
470,630,0,5.628925182528492
490,630,0,5.628925182528492
510,630,0,5.628925182528492
530,630,0,5.628925182528492
550,630,0,5.628925182528492
570,630,0,5.628925182528492
590,630,0,5.628925182528492
610,630,0,5.628925182528492
630,630,0,5.628925182528492
650,630,0,5.628925182528492
670,630,0,5.628925182528492
690,630,0,5.628925182528492
710,630,0,5.628925182528492
730,630,0,5.628925182528492
750,630,0,5.628925182528492
770,630,0,5.628925182528492
790,630,0,5.628925182528492
-790,650,0,5.628925182528492
-770,650,0,5.628925182528492
-750,650,0,5.628925182528492
-730,650,0,5.628925182528492
-710,650,0,5.628925182528492
-690,650,0,5.628925182528492
-670,650,0,5.628925182528492
-650,650,0,5.628925182528492
-630,650,0,5.628925182528492
-610,650,0,5.628925182528492
-590,650,0,5.628925182528492
-570,650,0,5.628925182528492
-550,650,0,5.628925182528492
-530,650,0,5.628925182528492
-510,650,0,5.628925182528492
-490,650,0,5.628925182528492
-470,650,0,5.628925182528492
-450,650,0,5.628925182528492
-430,650,0,5.628925182528492
-410,650,0,5.628925182528492
-390,650,0,5.628925182528492
-370,650,0,5.628925182528492
-350,650,0,5.628925182528492
-330,650,0,5.628925182528492
-310,650,0,5.628925182528492
-290,650,0,5.628925182528492
-270,650,0,5.628925182528492
-250,650,0,5.628925182528492
-230,650,0,5.628925182528492
-210,650,0,5.628925182528492
-190,650,0,5.628925182528492
-170,650,0,5.628925182528492
-150,650,0,5.628925182528492
-130,650,0,5.628925182528492
-110,650,0,5.628925182528492
-90,650,0,5.628925182528492
-70,650,0,5.628925182528492
-50,650,0,5.628925182528492
-30,650,0,5.628925182528492
-10,650,0,5.628925182528492
10,650,0,5.628925182528492
30,650,0,5.628925182528492
50,650,0,5.628925182528492
70,650,0,5.628925182528492
90,650,0,5.628925182528492
110,650,0,5.628925182528492
130,650,0,5.628925182528492
150,650,0,5.628925182528492
170,650,0,5.628925182528492
190,650,0,5.628925182528492
210,650,0,5.628925182528492
230,650,0,5.628925182528492
250,650,0,5.628925182528492
270,650,0,5.628925182528492
290,650,0,5.628925182528492
310,650,0,5.628925182528492
330,650,0,5.628925182528492
350,650,0,5.628925182528492
370,650,0,5.628925182528492
390,650,0,5.628925182528492
410,650,0,5.628925182528492
430,650,0,5.628925182528492
450,650,0,5.628925182528492
470,650,0,5.628925182528492
490,650,0,5.628925182528492
510,650,0,5.628925182528492
530,650,0,5.628925182528492
550,650,0,5.628925182528492
570,650,0,5.628925182528492
590,650,0,5.628925182528492
610,650,0,5.628925182528492
630,650,0,5.628925182528492
650,650,0,5.628925182528492
670,650,0,5.628925182528492
690,650,0,5.628925182528492
710,650,0,5.628925182528492
730,650,0,5.628925182528492
750,650,0,5.628925182528492
770,650,0,5.628925182528492
790,650,0,5.628925182528492
-790,670,0,5.628925182528492
-770,670,0,5.628925182528492
-750,670,0,5.628925182528492
-730,670,0,5.628925182528492
-710,670,0,5.628925182528492
-690,670,0,5.628925182528492
-670,670,0,5.628925182528492
-650,670,0,5.628925182528492
-630,670,0,5.628925182528492
-610,670,0,5.628925182528492
-590,670,0,5.628925182528492
-570,670,0,5.628925182528492
-550,670,0,5.628925182528492
-530,670,0,5.628925182528492
-510,670,0,5.628925182528492
-490,670,0,5.628925182528492
-470,670,0,5.628925182528492
-450,670,0,5.628925182528492
-430,670,0,5.628925182528492
-410,670,0,5.628925182528492
-390,670,0,5.628925182528492
-370,670,0,5.628925182528492
-350,670,0,5.628925182528492
-330,670,0,5.628925182528492
-310,670,0,5.628925182528492
-290,670,0,5.628925182528492
-270,670,0,5.628925182528492
-250,670,0,5.628925182528492
-230,670,0,5.628925182528492
-210,670,0,5.628925182528492
-190,670,0,5.628925182528492
-170,670,0,5.628925182528492
-150,670,0,5.628925182528492
-130,670,0,5.628925182528492
-110,670,0,5.628925182528492
-90,670,0,5.628925182528492
-70,670,0,5.628925182528492
-50,670,0,5.628925182528492
-30,670,0,5.628925182528492
-10,670,0,5.628925182528492
10,670,0,5.628925182528492
30,670,0,5.628925182528492
50,670,0,5.628925182528492
70,670,0,5.628925182528492
90,670,0,5.628925182528492
110,670,0,5.628925182528492
130,670,0,5.628925182528492
150,670,0,5.628925182528492
170,670,0,5.628925182528492
190,670,0,5.628925182528492
210,670,0,5.628925182528492
230,670,0,5.628925182528492
250,670,0,5.628925182528492
270,670,0,5.628925182528492
290,670,0,5.628925182528492
310,670,0,5.628925182528492
330,670,0,5.628925182528492
350,670,0,5.628925182528492
370,670,0,5.628925182528492
390,670,0,5.628925182528492
410,670,0,5.628925182528492
430,670,0,5.628925182528492
450,670,0,5.628925182528492
470,670,0,5.628925182528492
490,670,0,5.628925182528492
510,670,0,5.628925182528492
530,670,0,5.628925182528492
550,670,0,5.628925182528492
570,670,0,5.628925182528492
590,670,0,5.628925182528492
610,670,0,5.628925182528492
630,670,0,5.628925182528492
650,670,0,5.628925182528492
670,670,0,5.628925182528492
690,670,0,5.628925182528492
710,670,0,5.628925182528492
730,670,0,5.628925182528492
750,670,0,5.628925182528492
770,670,0,5.628925182528492
790,670,0,5.628925182528492
-790,690,0,5.628925182528492
-770,690,0,5.628925182528492
-750,690,0,5.628925182528492
-730,690,0,5.628925182528492
-710,690,0,5.628925182528492
-690,690,0,5.628925182528492
-670,690,0,5.628925182528492
-650,690,0,5.628925182528492
-630,690,0,5.628925182528492
-610,690,0,5.628925182528492
-590,690,0,5.628925182528492
-570,690,0,5.628925182528492
-550,690,0,5.628925182528492
-530,690,0,5.628925182528492
-510,690,0,5.628925182528492
-490,690,0,5.628925182528492
-470,690,0,5.628925182528492
-450,690,0,5.628925182528492
-430,690,0,5.628925182528492
-410,690,0,5.628925182528492
-390,690,0,5.628925182528492
-370,690,0,5.628925182528492
-350,690,0,5.628925182528492
-330,690,0,5.628925182528492
-310,690,0,5.628925182528492
-290,690,0,5.628925182528492
-270,690,0,5.628925182528492
-250,690,0,5.628925182528492
-230,690,0,5.628925182528492
-210,690,0,5.628925182528492
-190,690,0,5.628925182528492
-170,690,0,5.628925182528492
-150,690,0,5.628925182528492
-130,690,0,5.628925182528492
-110,690,0,5.628925182528492
-90,690,0,5.628925182528492
-70,690,0,5.628925182528492
-50,690,0,5.628925182528492
-30,690,0,5.628925182528492
-10,690,0,5.628925182528492
10,690,0,5.628925182528492
30,690,0,5.628925182528492
50,690,0,5.628925182528492
70,690,0,5.628925182528492
90,690,0,5.628925182528492
110,690,0,5.628925182528492
130,690,0,5.628925182528492
150,690,0,5.628925182528492
170,690,0,5.628925182528492
190,690,0,5.628925182528492
210,690,0,5.628925182528492
230,690,0,5.628925182528492
250,690,0,5.628925182528492
270,690,0,5.628925182528492
290,690,0,5.628925182528492
310,690,0,5.628925182528492
330,690,0,5.628925182528492
350,690,0,5.628925182528492
370,690,0,5.628925182528492
390,690,0,5.628925182528492
410,690,0,5.628925182528492
430,690,0,5.628925182528492
450,690,0,5.628925182528492
470,690,0,5.628925182528492
490,690,0,5.628925182528492
510,690,0,5.628925182528492
530,690,0,5.628925182528492
550,690,0,5.628925182528492
570,690,0,5.628925182528492
590,690,0,5.628925182528492
610,690,0,5.628925182528492
630,690,0,5.628925182528492
650,690,0,5.628925182528492
670,690,0,5.628925182528492
690,690,0,5.628925182528492
710,690,0,5.628925182528492
730,690,0,5.628925182528492
750,690,0,5.628925182528492
770,690,0,5.628925182528492
790,690,0,5.628925182528492
-790,710,0,5.628925182528492
-770,710,0,5.628925182528492
-750,710,0,5.628925182528492
-730,710,0,5.628925182528492
-710,710,0,5.628925182528492
-690,710,0,5.628925182528492
-670,710,0,5.628925182528492
-650,710,0,5.628925182528492
-630,710,0,5.628925182528492
-610,710,0,5.628925182528492
-590,710,0,5.628925182528492
-570,710,0,5.628925182528492
-550,710,0,5.628925182528492
-530,710,0,5.628925182528492
-510,710,0,5.628925182528492
-490,710,0,5.628925182528492
-470,710,0,5.628925182528492
-450,710,0,5.628925182528492
-430,710,0,5.628925182528492
-410,710,0,5.628925182528492
-390,710,0,5.628925182528492
-370,710,0,5.628925182528492
-350,710,0,5.628925182528492
-330,710,0,5.628925182528492
-310,710,0,5.628925182528492
-290,710,0,5.628925182528492
-270,710,0,5.628925182528492
-250,710,0,5.628925182528492
-230,710,0,5.628925182528492
-210,710,0,5.628925182528492
-190,710,0,5.628925182528492
-170,710,0,5.628925182528492
-150,710,0,5.628925182528492
-130,710,0,5.628925182528492
-110,710,0,5.628925182528492
-90,710,0,5.628925182528492
-70,710,0,5.628925182528492
-50,710,0,5.628925182528492
-30,710,0,5.628925182528492
-10,710,0,5.628925182528492
10,710,0,5.628925182528492
30,710,0,5.628925182528492
50,710,0,5.628925182528492
70,710,0,5.628925182528492
90,710,0,5.628925182528492
110,710,0,5.628925182528492
130,710,0,5.628925182528492
150,710,0,5.628925182528492
170,710,0,5.628925182528492
190,710,0,5.628925182528492
210,710,0,5.628925182528492
230,710,0,5.628925182528492
250,710,0,5.628925182528492
270,710,0,5.628925182528492
290,710,0,5.628925182528492
310,710,0,5.628925182528492
330,710,0,5.628925182528492
350,710,0,5.628925182528492
370,710,0,5.628925182528492
390,710,0,5.628925182528492
410,710,0,5.628925182528492
430,710,0,5.628925182528492
450,710,0,5.628925182528492
470,710,0,5.628925182528492
490,710,0,5.628925182528492
510,710,0,5.628925182528492
530,710,0,5.628925182528492
550,710,0,5.628925182528492
570,710,0,5.628925182528492
590,710,0,5.628925182528492
610,710,0,5.628925182528492
630,710,0,5.628925182528492
650,710,0,5.628925182528492
670,710,0,5.628925182528492
690,710,0,5.628925182528492
710,710,0,5.628925182528492
730,710,0,5.628925182528492
750,710,0,5.628925182528492
770,710,0,5.628925182528492
790,710,0,5.628925182528492
-790,730,0,5.628925182528492
-770,730,0,5.628925182528492
-750,730,0,5.628925182528492
-730,730,0,5.628925182528492
-710,730,0,5.628925182528492
-690,730,0,5.628925182528492
-670,730,0,5.628925182528492
-650,730,0,5.628925182528492
-630,730,0,5.628925182528492
-610,730,0,5.628925182528492
-590,730,0,5.628925182528492
-570,730,0,5.628925182528492
-550,730,0,5.628925182528492
-530,730,0,5.628925182528492
-510,730,0,5.628925182528492
-490,730,0,5.628925182528492
-470,730,0,5.628925182528492
-450,730,0,5.628925182528492
-430,730,0,5.628925182528492
-410,730,0,5.628925182528492
-390,730,0,5.628925182528492
-370,730,0,5.628925182528492
-350,730,0,5.628925182528492
-330,730,0,5.628925182528492
-310,730,0,5.628925182528492
-290,730,0,5.628925182528492
-270,730,0,5.628925182528492
-250,730,0,5.628925182528492
-230,730,0,5.628925182528492
-210,730,0,5.628925182528492
-190,730,0,5.628925182528492
-170,730,0,5.628925182528492
-150,730,0,5.628925182528492
-130,730,0,5.628925182528492
-110,730,0,5.628925182528492
-90,730,0,5.628925182528492
-70,730,0,5.628925182528492
-50,730,0,5.628925182528492
-30,730,0,5.628925182528492
-10,730,0,5.628925182528492
10,730,0,5.628925182528492
30,730,0,5.628925182528492
50,730,0,5.628925182528492
70,730,0,5.628925182528492
90,730,0,5.628925182528492
110,730,0,5.628925182528492
130,730,0,5.628925182528492
150,730,0,5.628925182528492
170,730,0,5.628925182528492
190,730,0,5.628925182528492
210,730,0,5.628925182528492
230,730,0,5.628925182528492
250,730,0,5.628925182528492
270,730,0,5.628925182528492
290,730,0,5.628925182528492
310,730,0,5.628925182528492
330,730,0,5.628925182528492
350,730,0,5.628925182528492
370,730,0,5.628925182528492
390,730,0,5.628925182528492
410,730,0,5.628925182528492
430,730,0,5.628925182528492
450,730,0,5.628925182528492
470,730,0,5.628925182528492
490,730,0,5.628925182528492
510,730,0,5.628925182528492
530,730,0,5.628925182528492
550,730,0,5.628925182528492
570,730,0,5.628925182528492
590,730,0,5.628925182528492
610,730,0,5.628925182528492
630,730,0,5.628925182528492
650,730,0,5.628925182528492
670,730,0,5.628925182528492
690,730,0,5.628925182528492
710,730,0,5.628925182528492
730,730,0,5.628925182528492
750,730,0,5.628925182528492
770,730,0,5.628925182528492
790,730,0,5.628925182528492
-790,750,0,5.628925182528492
-770,750,0,5.628925182528492
-750,750,0,5.628925182528492
-730,750,0,5.628925182528492
-710,750,0,5.628925182528492
-690,750,0,5.628925182528492
-670,750,0,5.628925182528492
-650,750,0,5.628925182528492
-630,750,0,5.628925182528492
-610,750,0,5.628925182528492
-590,750,0,5.628925182528492
-570,750,0,5.628925182528492
-550,750,0,5.628925182528492
-530,750,0,5.628925182528492
-510,750,0,5.628925182528492
-490,750,0,5.628925182528492
-470,750,0,5.628925182528492
-450,750,0,5.628925182528492
-430,750,0,5.628925182528492
-410,750,0,5.628925182528492
-390,750,0,5.628925182528492
-370,750,0,5.628925182528492
-350,750,0,5.628925182528492
-330,750,0,5.628925182528492
-310,750,0,5.628925182528492
-290,750,0,5.628925182528492
-270,750,0,5.628925182528492
-250,750,0,5.628925182528492
-230,750,0,5.628925182528492
-210,750,0,5.628925182528492
-190,750,0,5.628925182528492
-170,750,0,5.628925182528492
-150,750,0,5.628925182528492
-130,750,0,5.628925182528492
-110,750,0,5.628925182528492
-90,750,0,5.628925182528492
-70,750,0,5.628925182528492
-50,750,0,5.628925182528492
-30,750,0,5.628925182528492
-10,750,0,5.628925182528492
10,750,0,5.628925182528492
30,750,0,5.628925182528492
50,750,0,5.628925182528492
70,750,0,5.628925182528492
90,750,0,5.628925182528492
110,750,0,5.628925182528492
130,750,0,5.628925182528492
150,750,0,5.628925182528492
170,750,0,5.628925182528492
190,750,0,5.628925182528492
210,750,0,5.628925182528492
230,750,0,5.628925182528492
250,750,0,5.628925182528492
270,750,0,5.628925182528492
290,750,0,5.628925182528492
310,750,0,5.628925182528492
330,750,0,5.628925182528492
350,750,0,5.628925182528492
370,750,0,5.628925182528492
390,750,0,5.628925182528492
410,750,0,5.628925182528492
430,750,0,5.628925182528492
450,750,0,5.628925182528492
470,750,0,5.628925182528492
490,750,0,5.628925182528492
510,750,0,5.628925182528492
530,750,0,5.628925182528492
550,750,0,5.628925182528492
570,750,0,5.628925182528492
590,750,0,5.628925182528492
610,750,0,5.628925182528492
630,750,0,5.628925182528492
650,750,0,5.628925182528492
670,750,0,5.628925182528492
690,750,0,5.628925182528492
710,750,0,5.628925182528492
730,750,0,5.628925182528492
750,750,0,5.628925182528492
770,750,0,5.628925182528492
790,750,0,5.628925182528492
-790,770,0,5.628925182528492
-770,770,0,5.628925182528492
-750,770,0,5.628925182528492
-730,770,0,5.628925182528492
-710,770,0,5.628925182528492
-690,770,0,5.628925182528492
-670,770,0,5.628925182528492
-650,770,0,5.628925182528492
-630,770,0,5.628925182528492
-610,770,0,5.628925182528492
-590,770,0,5.628925182528492
-570,770,0,5.628925182528492
-550,770,0,5.628925182528492
-530,770,0,5.628925182528492
-510,770,0,5.628925182528492
-490,770,0,5.628925182528492
-470,770,0,5.628925182528492
-450,770,0,5.628925182528492
-430,770,0,5.628925182528492
-410,770,0,5.628925182528492
-390,770,0,5.628925182528492
-370,770,0,5.628925182528492
-350,770,0,5.628925182528492
-330,770,0,5.628925182528492
-310,770,0,5.628925182528492
-290,770,0,5.628925182528492
-270,770,0,5.628925182528492
-250,770,0,5.628925182528492
-230,770,0,5.628925182528492
-210,770,0,5.628925182528492
-190,770,0,5.628925182528492
-170,770,0,5.628925182528492
-150,770,0,5.628925182528492
-130,770,0,5.628925182528492
-110,770,0,5.628925182528492
-90,770,0,5.628925182528492
-70,770,0,5.628925182528492
-50,770,0,5.628925182528492
-30,770,0,5.628925182528492
-10,770,0,5.628925182528492
10,770,0,5.628925182528492
30,770,0,5.628925182528492
50,770,0,5.628925182528492
70,770,0,5.628925182528492
90,770,0,5.628925182528492
110,770,0,5.628925182528492
130,770,0,5.628925182528492
150,770,0,5.628925182528492
170,770,0,5.628925182528492
190,770,0,5.628925182528492
210,770,0,5.628925182528492
230,770,0,5.628925182528492
250,770,0,5.628925182528492
270,770,0,5.628925182528492
290,770,0,5.628925182528492
310,770,0,5.628925182528492
330,770,0,5.628925182528492
350,770,0,5.628925182528492
370,770,0,5.628925182528492
390,770,0,5.628925182528492
410,770,0,5.628925182528492
430,770,0,5.628925182528492
450,770,0,5.628925182528492
470,770,0,5.628925182528492
490,770,0,5.628925182528492
510,770,0,5.628925182528492
530,770,0,5.628925182528492
550,770,0,5.628925182528492
570,770,0,5.628925182528492
590,770,0,5.628925182528492
610,770,0,5.628925182528492
630,770,0,5.628925182528492
650,770,0,5.628925182528492
670,770,0,5.628925182528492
690,770,0,5.628925182528492
710,770,0,5.628925182528492
730,770,0,5.628925182528492
750,770,0,5.628925182528492
770,770,0,5.628925182528492
790,770,0,5.628925182528492
-790,790,0,5.628925182528492
-770,790,0,5.628925182528492
-750,790,0,5.628925182528492
-730,790,0,5.628925182528492
-710,790,0,5.628925182528492
-690,790,0,5.628925182528492
-670,790,0,5.628925182528492
-650,790,0,5.628925182528492
-630,790,0,5.628925182528492
-610,790,0,5.628925182528492
-590,790,0,5.628925182528492
-570,790,0,5.628925182528492
-550,790,0,5.628925182528492
-530,790,0,5.628925182528492
-510,790,0,5.628925182528492
-490,790,0,5.628925182528492
-470,790,0,5.628925182528492
-450,790,0,5.628925182528492
-430,790,0,5.628925182528492
-410,790,0,5.628925182528492
-390,790,0,5.628925182528492
-370,790,0,5.628925182528492
-350,790,0,5.628925182528492
-330,790,0,5.628925182528492
-310,790,0,5.628925182528492
-290,790,0,5.628925182528492
-270,790,0,5.628925182528492
-250,790,0,5.628925182528492
-230,790,0,5.628925182528492
-210,790,0,5.628925182528492
-190,790,0,5.628925182528492
-170,790,0,5.628925182528492
-150,790,0,5.628925182528492
-130,790,0,5.628925182528492
-110,790,0,5.628925182528492
-90,790,0,5.628925182528492
-70,790,0,5.628925182528492
-50,790,0,5.628925182528492
-30,790,0,5.628925182528492
-10,790,0,5.628925182528492
10,790,0,5.628925182528492
30,790,0,5.628925182528492
50,790,0,5.628925182528492
70,790,0,5.628925182528492
90,790,0,5.628925182528492
110,790,0,5.628925182528492
130,790,0,5.628925182528492
150,790,0,5.628925182528492
170,790,0,5.628925182528492
190,790,0,5.628925182528492
210,790,0,5.628925182528492
230,790,0,5.628925182528492
250,790,0,5.628925182528492
270,790,0,5.628925182528492
290,790,0,5.628925182528492
310,790,0,5.628925182528492
330,790,0,5.628925182528492
350,790,0,5.628925182528492
370,790,0,5.628925182528492
390,790,0,5.628925182528492
410,790,0,5.628925182528492
430,790,0,5.628925182528492
450,790,0,5.628925182528492
470,790,0,5.628925182528492
490,790,0,5.628925182528492
510,790,0,5.628925182528492
530,790,0,5.628925182528492
550,790,0,5.628925182528492
570,790,0,5.628925182528492
590,790,0,5.628925182528492
610,790,0,5.628925182528492
630,790,0,5.628925182528492
650,790,0,5.628925182528492
670,790,0,5.628925182528492
690,790,0,5.628925182528492
710,790,0,5.628925182528492
730,790,0,5.628925182528492
750,790,0,5.628925182528492
770,790,0,5.628925182528492
790,790,0,5.628925182528492
