x,y,z,ecm
-790,-790,0,5.91904578393149
-770,-790,0,5.91904578393149
-750,-790,0,5.91904578393149
-730,-790,0,5.91904578393149
-710,-790,0,5.91904578393149
-690,-790,0,5.91904578393149
-670,-790,0,5.91904578393149
-650,-790,0,5.91904578393149
-630,-790,0,5.91904578393149
-610,-790,0,5.91904578393149
-590,-790,0,5.91904578393149
-570,-790,0,5.91904578393149
-550,-790,0,5.91904578393149
-530,-790,0,5.91904578393149
-510,-790,0,5.91904578393149
-490,-790,0,5.91904578393149
-470,-790,0,5.91904578393149
-450,-790,0,5.91904578393149
-430,-790,0,5.91904578393149
-410,-790,0,5.91904578393149
-390,-790,0,5.91904578393149
-370,-790,0,5.91904578393149
-350,-790,0,5.91904578393149
-330,-790,0,5.91904578393149
-310,-790,0,5.91904578393149
-290,-790,0,5.91904578393149
-270,-790,0,5.91904578393149
-250,-790,0,5.91904578393149
-230,-790,0,5.91904578393149
-210,-790,0,5.91904578393149
-190,-790,0,5.91904578393149
-170,-790,0,5.91904578393149
-150,-790,0,5.91904578393149
-130,-790,0,5.91904578393149
-110,-790,0,5.91904578393149
-90,-790,0,5.91904578393149
-70,-790,0,5.91904578393149
-50,-790,0,5.91904578393149
-30,-790,0,5.91904578393149
-10,-790,0,5.91904578393149
10,-790,0,5.91904578393149
30,-790,0,5.91904578393149
50,-790,0,5.91904578393149
70,-790,0,5.91904578393149
90,-790,0,5.91904578393149
110,-790,0,5.91904578393149
130,-790,0,5.91904578393149
150,-790,0,5.91904578393149
170,-790,0,5.91904578393149
190,-790,0,5.91904578393149
210,-790,0,5.91904578393149
230,-790,0,5.91904578393149
250,-790,0,5.91904578393149
270,-790,0,5.91904578393149
290,-790,0,5.91904578393149
310,-790,0,5.91904578393149
330,-790,0,5.91904578393149
350,-790,0,5.91904578393149
370,-790,0,5.91904578393149
390,-790,0,5.91904578393149
410,-790,0,5.91904578393149
430,-790,0,5.91904578393149
450,-790,0,5.91904578393149
470,-790,0,5.91904578393149
490,-790,0,5.91904578393149
510,-790,0,5.91904578393149
530,-790,0,5.91904578393149
550,-790,0,5.91904578393149
570,-790,0,5.91904578393149
590,-790,0,5.91904578393149
610,-790,0,5.91904578393149
630,-790,0,5.91904578393149
650,-790,0,5.91904578393149
670,-790,0,5.91904578393149
690,-790,0,5.91904578393149
710,-790,0,5.91904578393149
730,-790,0,5.91904578393149
750,-790,0,5.91904578393149
770,-790,0,5.91904578393149
790,-790,0,5.91904578393149
-790,-770,0,5.91904578393149
-770,-770,0,5.91904578393149
-750,-770,0,5.91904578393149
-730,-770,0,5.91904578393149
-710,-770,0,5.91904578393149
-690,-770,0,5.91904578393149
-670,-770,0,5.91904578393149
-650,-770,0,5.91904578393149
-630,-770,0,5.91904578393149
-610,-770,0,5.91904578393149
-590,-770,0,5.91904578393149
-570,-770,0,5.91904578393149
-550,-770,0,5.91904578393149
-530,-770,0,5.91904578393149
-510,-770,0,5.91904578393149
-490,-770,0,5.91904578393149
-470,-770,0,5.91904578393149
-450,-770,0,5.91904578393149
-430,-770,0,5.91904578393149
-410,-770,0,5.91904578393149
-390,-770,0,5.91904578393149
-370,-770,0,5.91904578393149
-350,-770,0,5.91904578393149
-330,-770,0,5.91904578393149
-310,-770,0,5.91904578393149
-290,-770,0,5.91904578393149
-270,-770,0,5.91904578393149
-250,-770,0,5.91904578393149
-230,-770,0,5.91904578393149
-210,-770,0,5.91904578393149
-190,-770,0,5.91904578393149
-170,-770,0,5.91904578393149
-150,-770,0,5.91904578393149
-130,-770,0,5.91904578393149
-110,-770,0,5.91904578393149
-90,-770,0,5.91904578393149
-70,-770,0,5.91904578393149
-50,-770,0,5.91904578393149
-30,-770,0,5.91904578393149
-10,-770,0,5.91904578393149
10,-770,0,5.91904578393149
30,-770,0,5.91904578393149
50,-770,0,5.91904578393149
70,-770,0,5.91904578393149
90,-770,0,5.91904578393149
110,-770,0,5.91904578393149
130,-770,0,5.91904578393149
150,-770,0,5.91904578393149
170,-770,0,5.91904578393149
190,-770,0,5.91904578393149
210,-770,0,5.91904578393149
230,-770,0,5.91904578393149
250,-770,0,5.91904578393149
270,-770,0,5.91904578393149
290,-770,0,5.91904578393149
310,-770,0,5.91904578393149
330,-770,0,5.91904578393149
350,-770,0,5.91904578393149
370,-770,0,5.91904578393149
390,-770,0,5.91904578393149
410,-770,0,5.91904578393149
430,-770,0,5.91904578393149
450,-770,0,5.91904578393149
470,-770,0,5.91904578393149
490,-770,0,5.91904578393149
510,-770,0,5.91904578393149
530,-770,0,5.91904578393149
550,-770,0,5.91904578393149
570,-770,0,5.91904578393149
590,-770,0,5.91904578393149
610,-770,0,5.91904578393149
630,-770,0,5.91904578393149
650,-770,0,5.91904578393149
670,-770,0,5.91904578393149
690,-770,0,5.91904578393149
710,-770,0,5.91904578393149
730,-770,0,5.91904578393149
750,-770,0,5.91904578393149
770,-770,0,5.91904578393149
790,-770,0,5.91904578393149
-790,-750,0,5.91904578393149
-770,-750,0,5.91904578393149
-750,-750,0,5.91904578393149
-730,-750,0,5.91904578393149
-710,-750,0,5.91904578393149
-690,-750,0,5.91904578393149
-670,-750,0,5.91904578393149
-650,-750,0,5.91904578393149
-630,-750,0,5.91904578393149
-610,-750,0,5.91904578393149
-590,-750,0,5.91904578393149
-570,-750,0,5.91904578393149
-550,-750,0,5.91904578393149
-530,-750,0,5.91904578393149
-510,-750,0,5.91904578393149
-490,-750,0,5.91904578393149
-470,-750,0,5.91904578393149
-450,-750,0,5.91904578393149
-430,-750,0,5.91904578393149
-410,-750,0,5.91904578393149
-390,-750,0,5.91904578393149
-370,-750,0,5.91904578393149
-350,-750,0,5.91904578393149
-330,-750,0,5.91904578393149
-310,-750,0,5.91904578393149
-290,-750,0,5.91904578393149
-270,-750,0,5.91904578393149
-250,-750,0,5.91904578393149
-230,-750,0,5.91904578393149
-210,-750,0,5.91904578393149
-190,-750,0,5.91904578393149
-170,-750,0,5.91904578393149
-150,-750,0,5.91904578393149
-130,-750,0,5.91904578393149
-110,-750,0,5.91904578393149
-90,-750,0,5.91904578393149
-70,-750,0,5.91904578393149
-50,-750,0,5.91904578393149
-30,-750,0,5.91904578393149
-10,-750,0,5.91904578393149
10,-750,0,5.91904578393149
30,-750,0,5.91904578393149
50,-750,0,5.91904578393149
70,-750,0,5.91904578393149
90,-750,0,5.91904578393149
110,-750,0,5.91904578393149
130,-750,0,5.91904578393149
150,-750,0,5.91904578393149
170,-750,0,5.91904578393149
190,-750,0,5.91904578393149
210,-750,0,5.91904578393149
230,-750,0,5.91904578393149
250,-750,0,5.91904578393149
270,-750,0,5.91904578393149
290,-750,0,5.91904578393149
310,-750,0,5.91904578393149
330,-750,0,5.91904578393149
350,-750,0,5.91904578393149
370,-750,0,5.91904578393149
390,-750,0,5.91904578393149
410,-750,0,5.91904578393149
430,-750,0,5.91904578393149
450,-750,0,5.91904578393149
470,-750,0,5.91904578393149
490,-750,0,5.91904578393149
510,-750,0,5.91904578393149
530,-750,0,5.91904578393149
550,-750,0,5.91904578393149
570,-750,0,5.91904578393149
590,-750,0,5.91904578393149
610,-750,0,5.91904578393149
630,-750,0,5.91904578393149
650,-750,0,5.91904578393149
670,-750,0,5.91904578393149
690,-750,0,5.91904578393149
710,-750,0,5.91904578393149
730,-750,0,5.91904578393149
750,-750,0,5.91904578393149
770,-750,0,5.91904578393149
790,-750,0,5.91904578393149
-790,-730,0,5.91904578393149
-770,-730,0,5.91904578393149
-750,-730,0,5.91904578393149
-730,-730,0,5.91904578393149
-710,-730,0,5.91904578393149
-690,-730,0,5.91904578393149
-670,-730,0,5.91904578393149
-650,-730,0,5.91904578393149
-630,-730,0,5.91904578393149
-610,-730,0,5.91904578393149
-590,-730,0,5.91904578393149
-570,-730,0,5.91904578393149
-550,-730,0,5.91904578393149
-530,-730,0,5.91904578393149
-510,-730,0,5.91904578393149
-490,-730,0,5.91904578393149
-470,-730,0,5.91904578393149
-450,-730,0,5.91904578393149
-430,-730,0,5.91904578393149
-410,-730,0,5.91904578393149
-390,-730,0,5.91904578393149
-370,-730,0,5.91904578393149
-350,-730,0,5.91904578393149
-330,-730,0,5.91904578393149
-310,-730,0,5.91904578393149
-290,-730,0,5.91904578393149
-270,-730,0,5.91904578393149
-250,-730,0,5.91904578393149
-230,-730,0,5.91904578393149
-210,-730,0,5.91904578393149
-190,-730,0,5.91904578393149
-170,-730,0,5.91904578393149
-150,-730,0,5.91904578393149
-130,-730,0,5.91904578393149
-110,-730,0,5.91904578393149
-90,-730,0,5.91904578393149
-70,-730,0,5.91904578393149
-50,-730,0,5.91904578393149
-30,-730,0,5.91904578393149
-10,-730,0,5.91904578393149
10,-730,0,5.91904578393149
30,-730,0,5.91904578393149
50,-730,0,5.91904578393149
70,-730,0,5.91904578393149
90,-730,0,5.91904578393149
110,-730,0,5.91904578393149
130,-730,0,5.91904578393149
150,-730,0,5.91904578393149
170,-730,0,5.91904578393149
190,-730,0,5.91904578393149
210,-730,0,5.91904578393149
230,-730,0,5.91904578393149
250,-730,0,5.91904578393149
270,-730,0,5.91904578393149
290,-730,0,5.91904578393149
310,-730,0,5.91904578393149
330,-730,0,5.91904578393149
350,-730,0,5.91904578393149
370,-730,0,5.91904578393149
390,-730,0,5.91904578393149
410,-730,0,5.91904578393149
430,-730,0,5.91904578393149
450,-730,0,5.91904578393149
470,-730,0,5.91904578393149
490,-730,0,5.91904578393149
510,-730,0,5.91904578393149
530,-730,0,5.91904578393149
550,-730,0,5.91904578393149
570,-730,0,5.91904578393149
590,-730,0,5.91904578393149
610,-730,0,5.91904578393149
630,-730,0,5.91904578393149
650,-730,0,5.91904578393149
670,-730,0,5.91904578393149
690,-730,0,5.91904578393149
710,-730,0,5.91904578393149
730,-730,0,5.91904578393149
750,-730,0,5.91904578393149
770,-730,0,5.91904578393149
790,-730,0,5.91904578393149
-790,-710,0,5.91904578393149
-770,-710,0,5.91904578393149
-750,-710,0,5.91904578393149
-730,-710,0,5.91904578393149
-710,-710,0,5.91904578393149
-690,-710,0,5.91904578393149
-670,-710,0,5.91904578393149
-650,-710,0,5.91904578393149
-630,-710,0,5.91904578393149
-610,-710,0,5.91904578393149
-590,-710,0,5.91904578393149
-570,-710,0,5.91904578393149
-550,-710,0,5.91904578393149
-530,-710,0,5.91904578393149
-510,-710,0,5.91904578393149
-490,-710,0,5.91904578393149
-470,-710,0,5.91904578393149
-450,-710,0,5.91904578393149
-430,-710,0,5.91904578393149
-410,-710,0,5.91904578393149
-390,-710,0,5.91904578393149
-370,-710,0,5.91904578393149
-350,-710,0,5.91904578393149
-330,-710,0,5.91904578393149
-310,-710,0,5.91904578393149
-290,-710,0,5.91904578393149
-270,-710,0,5.91904578393149
-250,-710,0,5.91904578393149
-230,-710,0,5.91904578393149
-210,-710,0,5.91904578393149
-190,-710,0,5.91904578393149
-170,-710,0,5.91904578393149
-150,-710,0,5.91904578393149
-130,-710,0,5.91904578393149
-110,-710,0,5.91904578393149
-90,-710,0,5.91904578393149
-70,-710,0,5.91904578393149
-50,-710,0,5.91904578393149
-30,-710,0,5.91904578393149
-10,-710,0,5.91904578393149
10,-710,0,5.91904578393149
30,-710,0,5.91904578393149
50,-710,0,5.91904578393149
70,-710,0,5.91904578393149
90,-710,0,5.91904578393149
110,-710,0,5.91904578393149
130,-710,0,5.91904578393149
150,-710,0,5.91904578393149
170,-710,0,5.91904578393149
190,-710,0,5.91904578393149
210,-710,0,5.91904578393149
230,-710,0,5.91904578393149
250,-710,0,5.91904578393149
270,-710,0,5.91904578393149
290,-710,0,5.91904578393149
310,-710,0,5.91904578393149
330,-710,0,5.91904578393149
350,-710,0,5.91904578393149
370,-710,0,5.91904578393149
390,-710,0,5.91904578393149
410,-710,0,5.91904578393149
430,-710,0,5.91904578393149
450,-710,0,5.91904578393149
470,-710,0,5.91904578393149
490,-710,0,5.91904578393149
510,-710,0,5.91904578393149
530,-710,0,5.91904578393149
550,-710,0,5.91904578393149
570,-710,0,5.91904578393149
590,-710,0,5.91904578393149
610,-710,0,5.91904578393149
630,-710,0,5.91904578393149
650,-710,0,5.91904578393149
670,-710,0,5.91904578393149
690,-710,0,5.91904578393149
710,-710,0,5.91904578393149
730,-710,0,5.91904578393149
750,-710,0,5.91904578393149
770,-710,0,5.91904578393149
790,-710,0,5.91904578393149
-790,-690,0,5.91904578393149
-770,-690,0,5.91904578393149
-750,-690,0,5.91904578393149
-730,-690,0,5.91904578393149
-710,-690,0,5.91904578393149
-690,-690,0,5.91904578393149
-670,-690,0,5.91904578393149
-650,-690,0,5.91904578393149
-630,-690,0,5.91904578393149
-610,-690,0,5.91904578393149
-590,-690,0,5.91904578393149
-570,-690,0,5.91904578393149
-550,-690,0,5.91904578393149
-530,-690,0,5.91904578393149
-510,-690,0,5.91904578393149
-490,-690,0,5.91904578393149
-470,-690,0,5.91904578393149
-450,-690,0,5.91904578393149
-430,-690,0,5.91904578393149
-410,-690,0,5.91904578393149
-390,-690,0,5.91904578393149
-370,-690,0,5.91904578393149
-350,-690,0,5.91904578393149
-330,-690,0,5.91904578393149
-310,-690,0,5.91904578393149
-290,-690,0,5.91904578393149
-270,-690,0,5.91904578393149
-250,-690,0,5.91904578393149
-230,-690,0,5.91904578393149
-210,-690,0,5.91904578393149
-190,-690,0,5.91904578393149
-170,-690,0,5.91904578393149
-150,-690,0,5.91904578393149
-130,-690,0,5.91904578393149
-110,-690,0,5.91904578393149
-90,-690,0,5.91904578393149
-70,-690,0,5.91904578393149
-50,-690,0,5.91904578393149
-30,-690,0,5.91904578393149
-10,-690,0,5.91904578393149
10,-690,0,5.91904578393149
30,-690,0,5.91904578393149
50,-690,0,5.91904578393149
70,-690,0,5.91904578393149
90,-690,0,5.91904578393149
110,-690,0,5.91904578393149
130,-690,0,5.91904578393149
150,-690,0,5.91904578393149
170,-690,0,5.91904578393149
190,-690,0,5.91904578393149
210,-690,0,5.91904578393149
230,-690,0,5.91904578393149
250,-690,0,5.91904578393149
270,-690,0,5.91904578393149
290,-690,0,5.91904578393149
310,-690,0,5.91904578393149
330,-690,0,5.91904578393149
350,-690,0,5.91904578393149
370,-690,0,5.91904578393149
390,-690,0,5.91904578393149
410,-690,0,5.91904578393149
430,-690,0,5.91904578393149
450,-690,0,5.91904578393149
470,-690,0,5.91904578393149
490,-690,0,5.91904578393149
510,-690,0,5.91904578393149
530,-690,0,5.91904578393149
550,-690,0,5.91904578393149
570,-690,0,5.91904578393149
590,-690,0,5.91904578393149
610,-690,0,5.91904578393149
630,-690,0,5.91904578393149
650,-690,0,5.91904578393149
670,-690,0,5.91904578393149
690,-690,0,5.91904578393149
710,-690,0,5.91904578393149
730,-690,0,5.91904578393149
750,-690,0,5.91904578393149
770,-690,0,5.91904578393149
790,-690,0,5.91904578393149
-790,-670,0,5.91904578393149
-770,-670,0,5.91904578393149
-750,-670,0,5.91904578393149
-730,-670,0,5.91904578393149
-710,-670,0,5.91904578393149
-690,-670,0,5.91904578393149
-670,-670,0,5.91904578393149
-650,-670,0,5.91904578393149
-630,-670,0,5.91904578393149
-610,-670,0,5.91904578393149
-590,-670,0,5.91904578393149
-570,-670,0,5.91904578393149
-550,-670,0,5.91904578393149
-530,-670,0,5.91904578393149
-510,-670,0,5.91904578393149
-490,-670,0,5.91904578393149
-470,-670,0,5.91904578393149
-450,-670,0,5.91904578393149
-430,-670,0,5.91904578393149
-410,-670,0,5.91904578393149
-390,-670,0,5.91904578393149
-370,-670,0,5.91904578393149
-350,-670,0,5.91904578393149
-330,-670,0,5.91904578393149
-310,-670,0,5.91904578393149
-290,-670,0,5.91904578393149
-270,-670,0,5.91904578393149
-250,-670,0,5.91904578393149
-230,-670,0,5.91904578393149
-210,-670,0,5.91904578393149
-190,-670,0,5.91904578393149
-170,-670,0,5.91904578393149
-150,-670,0,5.91904578393149
-130,-670,0,5.91904578393149
-110,-670,0,5.91904578393149
-90,-670,0,5.91904578393149
-70,-670,0,5.91904578393149
-50,-670,0,5.91904578393149
-30,-670,0,5.91904578393149
-10,-670,0,5.91904578393149
10,-670,0,5.91904578393149
30,-670,0,5.91904578393149
50,-670,0,5.91904578393149
70,-670,0,5.91904578393149
90,-670,0,5.91904578393149
110,-670,0,5.91904578393149
130,-670,0,5.91904578393149
150,-670,0,5.91904578393149
170,-670,0,5.91904578393149
190,-670,0,5.91904578393149
210,-670,0,5.91904578393149
230,-670,0,5.91904578393149
250,-670,0,5.91904578393149
270,-670,0,5.91904578393149
290,-670,0,5.91904578393149
310,-670,0,5.91904578393149
330,-670,0,5.91904578393149
350,-670,0,5.91904578393149
370,-670,0,5.91904578393149
390,-670,0,5.91904578393149
410,-670,0,5.91904578393149
430,-670,0,5.91904578393149
450,-670,0,5.91904578393149
470,-670,0,5.91904578393149
490,-670,0,5.91904578393149
510,-670,0,5.91904578393149
530,-670,0,5.91904578393149
550,-670,0,5.91904578393149
570,-670,0,5.91904578393149
590,-670,0,5.91904578393149
610,-670,0,5.91904578393149
630,-670,0,5.91904578393149
650,-670,0,5.91904578393149
670,-670,0,5.91904578393149
690,-670,0,5.91904578393149
710,-670,0,5.91904578393149
730,-670,0,5.91904578393149
750,-670,0,5.91904578393149
770,-670,0,5.91904578393149
790,-670,0,5.91904578393149
-790,-650,0,5.91904578393149
-770,-650,0,5.91904578393149
-750,-650,0,5.91904578393149
-730,-650,0,5.91904578393149
-710,-650,0,5.91904578393149
-690,-650,0,5.91904578393149
-670,-650,0,5.91904578393149
-650,-650,0,5.91904578393149
-630,-650,0,5.91904578393149
-610,-650,0,5.91904578393149
-590,-650,0,5.91904578393149
-570,-650,0,5.91904578393149
-550,-650,0,5.91904578393149
-530,-650,0,5.91904578393149
-510,-650,0,5.91904578393149
-490,-650,0,5.91904578393149
-470,-650,0,5.91904578393149
-450,-650,0,5.91904578393149
-430,-650,0,5.91904578393149
-410,-650,0,5.91904578393149
-390,-650,0,5.91904578393149
-370,-650,0,5.91904578393149
-350,-650,0,5.91904578393149
-330,-650,0,5.91904578393149
-310,-650,0,5.91904578393149
-290,-650,0,5.91904578393149
-270,-650,0,5.91904578393149
-250,-650,0,5.91904578393149
-230,-650,0,5.91904578393149
-210,-650,0,5.91904578393149
-190,-650,0,5.91904578393149
-170,-650,0,5.91904578393149
-150,-650,0,5.91904578393149
-130,-650,0,5.91904578393149
-110,-650,0,5.91904578393149
-90,-650,0,5.91904578393149
-70,-650,0,5.91904578393149
-50,-650,0,5.91904578393149
-30,-650,0,5.91904578393149
-10,-650,0,5.91904578393149
10,-650,0,5.91904578393149
30,-650,0,5.91904578393149
50,-650,0,5.91904578393149
70,-650,0,5.91904578393149
90,-650,0,5.91904578393149
110,-650,0,5.91904578393149
130,-650,0,5.91904578393149
150,-650,0,5.91904578393149
170,-650,0,5.91904578393149
190,-650,0,5.91904578393149
210,-650,0,5.91904578393149
230,-650,0,5.91904578393149
250,-650,0,5.91904578393149
270,-650,0,5.91904578393149
290,-650,0,5.91904578393149
310,-650,0,5.91904578393149
330,-650,0,5.91904578393149
350,-650,0,5.91904578393149
370,-650,0,5.91904578393149
390,-650,0,5.91904578393149
410,-650,0,5.91904578393149
430,-650,0,5.91904578393149
450,-650,0,5.91904578393149
470,-650,0,5.91904578393149
490,-650,0,5.91904578393149
510,-650,0,5.91904578393149
530,-650,0,5.91904578393149
550,-650,0,5.91904578393149
570,-650,0,5.91904578393149
590,-650,0,5.91904578393149
610,-650,0,5.91904578393149
630,-650,0,5.91904578393149
650,-650,0,5.91904578393149
670,-650,0,5.91904578393149
690,-650,0,5.91904578393149
710,-650,0,5.91904578393149
730,-650,0,5.91904578393149
750,-650,0,5.91904578393149
770,-650,0,5.91904578393149
790,-650,0,5.91904578393149
-790,-630,0,5.91904578393149
-770,-630,0,5.91904578393149
-750,-630,0,5.91904578393149
-730,-630,0,5.91904578393149
-710,-630,0,5.91904578393149
-690,-630,0,5.91904578393149
-670,-630,0,5.91904578393149
-650,-630,0,5.91904578393149
-630,-630,0,5.91904578393149
-610,-630,0,5.91904578393149
-590,-630,0,5.91904578393149
-570,-630,0,5.91904578393149
-550,-630,0,5.91904578393149
-530,-630,0,5.91904578393149
-510,-630,0,5.91904578393149
-490,-630,0,5.91904578393149
-470,-630,0,5.91904578393149
-450,-630,0,5.91904578393149
-430,-630,0,5.91904578393149
-410,-630,0,5.91904578393149
-390,-630,0,5.91904578393149
-370,-630,0,5.91904578393149
-350,-630,0,5.91904578393149
-330,-630,0,5.91904578393149
-310,-630,0,5.91904578393149
-290,-630,0,5.91904578393149
-270,-630,0,5.91904578393149
-250,-630,0,5.91904578393149
-230,-630,0,5.91904578393149
-210,-630,0,5.91904578393149
-190,-630,0,5.91904578393149
-170,-630,0,5.91904578393149
-150,-630,0,5.91904578393149
-130,-630,0,5.91904578393149
-110,-630,0,5.91904578393149
-90,-630,0,5.91904578393149
-70,-630,0,5.91904578393149
-50,-630,0,5.91904578393149
-30,-630,0,5.91904578393149
-10,-630,0,5.91904578393149
10,-630,0,5.91904578393149
30,-630,0,5.91904578393149
50,-630,0,5.91904578393149
70,-630,0,5.91904578393149
90,-630,0,5.91904578393149
110,-630,0,5.91904578393149
130,-630,0,5.91904578393149
150,-630,0,5.91904578393149
170,-630,0,5.91904578393149
190,-630,0,5.91904578393149
210,-630,0,5.91904578393149
230,-630,0,5.91904578393149
250,-630,0,5.91904578393149
270,-630,0,5.91904578393149
290,-630,0,5.91904578393149
310,-630,0,5.91904578393149
330,-630,0,5.91904578393149
350,-630,0,5.91904578393149
370,-630,0,5.91904578393149
390,-630,0,5.91904578393149
410,-630,0,5.91904578393149
430,-630,0,5.91904578393149
450,-630,0,5.91904578393149
470,-630,0,5.91904578393149
490,-630,0,5.91904578393149
510,-630,0,5.91904578393149
530,-630,0,5.91904578393149
550,-630,0,5.91904578393149
570,-630,0,5.91904578393149
590,-630,0,5.91904578393149
610,-630,0,5.91904578393149
630,-630,0,5.91904578393149
650,-630,0,5.91904578393149
670,-630,0,5.91904578393149
690,-630,0,5.91904578393149
710,-630,0,5.91904578393149
730,-630,0,5.91904578393149
750,-630,0,5.91904578393149
770,-630,0,5.91904578393149
790,-630,0,5.91904578393149
-790,-610,0,5.91904578393149
-770,-610,0,5.91904578393149
-750,-610,0,5.91904578393149
-730,-610,0,5.91904578393149
-710,-610,0,5.91904578393149
-690,-610,0,5.91904578393149
-670,-610,0,5.91904578393149
-650,-610,0,5.91904578393149
-630,-610,0,5.91904578393149
-610,-610,0,5.91904578393149
-590,-610,0,5.91904578393149
-570,-610,0,5.91904578393149
-550,-610,0,5.91904578393149
-530,-610,0,5.91904578393149
-510,-610,0,5.91904578393149
-490,-610,0,5.91904578393149
-470,-610,0,5.91904578393149
-450,-610,0,5.91904578393149
-430,-610,0,5.91904578393149
-410,-610,0,5.91904578393149
-390,-610,0,5.91904578393149
-370,-610,0,5.91904578393149
-350,-610,0,5.91904578393149
-330,-610,0,5.91904578393149
-310,-610,0,5.91904578393149
-290,-610,0,5.91904578393149
-270,-610,0,5.91904578393149
-250,-610,0,5.91904578393149
-230,-610,0,5.91904578393149
-210,-610,0,5.91904578393149
-190,-610,0,5.91904578393149
-170,-610,0,5.91904578393149
-150,-610,0,5.91904578393149
-130,-610,0,5.91904578393149
-110,-610,0,5.91904578393149
-90,-610,0,5.91904578393149
-70,-610,0,5.91904578393149
-50,-610,0,5.91904578393149
-30,-610,0,5.91904578393149
-10,-610,0,5.91904578393149
10,-610,0,5.91904578393149
30,-610,0,5.91904578393149
50,-610,0,5.91904578393149
70,-610,0,5.91904578393149
90,-610,0,5.91904578393149
110,-610,0,5.91904578393149
130,-610,0,5.91904578393149
150,-610,0,5.91904578393149
170,-610,0,5.91904578393149
190,-610,0,5.91904578393149
210,-610,0,5.91904578393149
230,-610,0,5.91904578393149
250,-610,0,5.91904578393149
270,-610,0,5.91904578393149
290,-610,0,5.91904578393149
310,-610,0,5.91904578393149
330,-610,0,5.91904578393149
350,-610,0,5.91904578393149
370,-610,0,5.91904578393149
390,-610,0,5.91904578393149
410,-610,0,5.91904578393149
430,-610,0,5.91904578393149
450,-610,0,5.91904578393149
470,-610,0,5.91904578393149
490,-610,0,5.91904578393149
510,-610,0,5.91904578393149
530,-610,0,5.91904578393149
550,-610,0,5.91904578393149
570,-610,0,5.91904578393149
590,-610,0,5.91904578393149
610,-610,0,5.91904578393149
630,-610,0,5.91904578393149
650,-610,0,5.91904578393149
670,-610,0,5.91904578393149
690,-610,0,5.91904578393149
710,-610,0,5.91904578393149
730,-610,0,5.91904578393149
750,-610,0,5.91904578393149
770,-610,0,5.91904578393149
790,-610,0,5.91904578393149
-790,-590,0,5.91904578393149
-770,-590,0,5.91904578393149
-750,-590,0,5.91904578393149
-730,-590,0,5.91904578393149
-710,-590,0,5.91904578393149
-690,-590,0,5.91904578393149
-670,-590,0,5.91904578393149
-650,-590,0,5.91904578393149
-630,-590,0,5.91904578393149
-610,-590,0,5.91904578393149
-590,-590,0,5.91904578393149
-570,-590,0,5.91904578393149
-550,-590,0,5.91904578393149
-530,-590,0,5.91904578393149
-510,-590,0,5.91904578393149
-490,-590,0,5.91904578393149
-470,-590,0,5.91904578393149
-450,-590,0,5.91904578393149
-430,-590,0,5.91904578393149
-410,-590,0,5.91904578393149
-390,-590,0,5.91904578393149
-370,-590,0,5.91904578393149
-350,-590,0,5.91904578393149
-330,-590,0,5.91904578393149
-310,-590,0,5.91904578393149
-290,-590,0,5.91904578393149
-270,-590,0,5.91904578393149
-250,-590,0,5.91904578393149
-230,-590,0,5.91904578393149
-210,-590,0,5.91904578393149
-190,-590,0,5.91904578393149
-170,-590,0,5.91904578393149
-150,-590,0,5.91904578393149
-130,-590,0,5.91904578393149
-110,-590,0,5.91904578393149
-90,-590,0,5.91904578393149
-70,-590,0,5.91904578393149
-50,-590,0,5.91904578393149
-30,-590,0,5.91904578393149
-10,-590,0,5.91904578393149
10,-590,0,5.91904578393149
30,-590,0,5.91904578393149
50,-590,0,5.91904578393149
70,-590,0,5.91904578393149
90,-590,0,5.91904578393149
110,-590,0,5.91904578393149
130,-590,0,5.91904578393149
150,-590,0,5.91904578393149
170,-590,0,5.91904578393149
190,-590,0,5.91904578393149
210,-590,0,5.91904578393149
230,-590,0,5.91904578393149
250,-590,0,5.91904578393149
270,-590,0,5.91904578393149
290,-590,0,5.91904578393149
310,-590,0,5.91904578393149
330,-590,0,5.91904578393149
350,-590,0,5.91904578393149
370,-590,0,5.91904578393149
390,-590,0,5.91904578393149
410,-590,0,5.91904578393149
430,-590,0,5.91904578393149
450,-590,0,5.91904578393149
470,-590,0,5.91904578393149
490,-590,0,5.91904578393149
510,-590,0,5.91904578393149
530,-590,0,5.91904578393149
550,-590,0,5.91904578393149
570,-590,0,5.91904578393149
590,-590,0,5.91904578393149
610,-590,0,5.91904578393149
630,-590,0,5.91904578393149
650,-590,0,5.91904578393149
670,-590,0,5.91904578393149
690,-590,0,5.91904578393149
710,-590,0,5.91904578393149
730,-590,0,5.91904578393149
750,-590,0,5.91904578393149
770,-590,0,5.91904578393149
790,-590,0,5.91904578393149
-790,-570,0,5.91904578393149
-770,-570,0,5.91904578393149
-750,-570,0,5.91904578393149
-730,-570,0,5.91904578393149
-710,-570,0,5.91904578393149
-690,-570,0,5.91904578393149
-670,-570,0,5.91904578393149
-650,-570,0,5.91904578393149
-630,-570,0,5.91904578393149
-610,-570,0,5.91904578393149
-590,-570,0,5.91904578393149
-570,-570,0,5.91904578393149
-550,-570,0,5.91904578393149
-530,-570,0,5.91904578393149
-510,-570,0,5.91904578393149
-490,-570,0,5.91904578393149
-470,-570,0,5.91904578393149
-450,-570,0,5.91904578393149
-430,-570,0,5.91904578393149
-410,-570,0,5.91904578393149
-390,-570,0,5.91904578393149
-370,-570,0,5.91904578393149
-350,-570,0,5.91904578393149
-330,-570,0,5.91904578393149
-310,-570,0,5.91904578393149
-290,-570,0,5.91904578393149
-270,-570,0,5.91904578393149
-250,-570,0,5.91904578393149
-230,-570,0,5.91904578393149
-210,-570,0,5.91904578393149
-190,-570,0,5.91904578393149
-170,-570,0,5.91904578393149
-150,-570,0,5.91904578393149
-130,-570,0,5.91904578393149
-110,-570,0,5.91904578393149
-90,-570,0,5.91904578393149
-70,-570,0,5.91904578393149
-50,-570,0,5.91904578393149
-30,-570,0,5.91904578393149
-10,-570,0,5.91904578393149
10,-570,0,5.91904578393149
30,-570,0,5.91904578393149
50,-570,0,5.91904578393149
70,-570,0,5.91904578393149
90,-570,0,5.91904578393149
110,-570,0,5.91904578393149
130,-570,0,5.91904578393149
150,-570,0,5.91904578393149
170,-570,0,5.91904578393149
190,-570,0,5.91904578393149
210,-570,0,5.91904578393149
230,-570,0,5.91904578393149
250,-570,0,5.91904578393149
270,-570,0,5.91904578393149
290,-570,0,5.91904578393149
310,-570,0,5.91904578393149
330,-570,0,5.91904578393149
350,-570,0,5.91904578393149
370,-570,0,5.91904578393149
390,-570,0,5.91904578393149
410,-570,0,5.91904578393149
430,-570,0,5.91904578393149
450,-570,0,5.91904578393149
470,-570,0,5.91904578393149
490,-570,0,5.91904578393149
510,-570,0,5.91904578393149
530,-570,0,5.91904578393149
550,-570,0,5.91904578393149
570,-570,0,5.91904578393149
590,-570,0,5.91904578393149
610,-570,0,5.91904578393149
630,-570,0,5.91904578393149
650,-570,0,5.91904578393149
670,-570,0,5.91904578393149
690,-570,0,5.91904578393149
710,-570,0,5.91904578393149
730,-570,0,5.91904578393149
750,-570,0,5.91904578393149
770,-570,0,5.91904578393149
790,-570,0,5.91904578393149
-790,-550,0,5.91904578393149
-770,-550,0,5.91904578393149
-750,-550,0,5.91904578393149
-730,-550,0,5.91904578393149
-710,-550,0,5.91904578393149
-690,-550,0,5.91904578393149
-670,-550,0,5.91904578393149
-650,-550,0,5.91904578393149
-630,-550,0,5.91904578393149
-610,-550,0,5.91904578393149
-590,-550,0,5.91904578393149
-570,-550,0,5.91904578393149
-550,-550,0,5.91904578393149
-530,-550,0,5.91904578393149
-510,-550,0,5.91904578393149
-490,-550,0,5.91904578393149
-470,-550,0,5.91904578393149
-450,-550,0,5.91904578393149
-430,-550,0,5.91904578393149
-410,-550,0,5.91904578393149
-390,-550,0,5.91904578393149
-370,-550,0,5.91904578393149
-350,-550,0,5.91904578393149
-330,-550,0,5.91904578393149
-310,-550,0,5.91904578393149
-290,-550,0,5.91904578393149
-270,-550,0,5.91904578393149
-250,-550,0,5.91904578393149
-230,-550,0,5.91904578393149
-210,-550,0,5.91904578393149
-190,-550,0,5.91904578393149
-170,-550,0,5.91904578393149
-150,-550,0,5.91904578393149
-130,-550,0,5.91904578393149
-110,-550,0,5.91904578393149
-90,-550,0,5.91904578393149
-70,-550,0,5.91904578393149
-50,-550,0,5.91904578393149
-30,-550,0,5.91904578393149
-10,-550,0,5.91904578393149
10,-550,0,5.91904578393149
30,-550,0,5.91904578393149
50,-550,0,5.91904578393149
70,-550,0,5.91904578393149
90,-550,0,5.91904578393149
110,-550,0,5.91904578393149
130,-550,0,5.91904578393149
150,-550,0,5.91904578393149
170,-550,0,5.91904578393149
190,-550,0,5.91904578393149
210,-550,0,5.91904578393149
230,-550,0,5.91904578393149
250,-550,0,5.91904578393149
270,-550,0,5.91904578393149
290,-550,0,5.91904578393149
310,-550,0,5.91904578393149
330,-550,0,5.91904578393149
350,-550,0,5.91904578393149
370,-550,0,5.91904578393149
390,-550,0,5.91904578393149
410,-550,0,5.91904578393149
430,-550,0,5.91904578393149
450,-550,0,5.91904578393149
470,-550,0,5.91904578393149
490,-550,0,5.91904578393149
510,-550,0,5.91904578393149
530,-550,0,5.91904578393149
550,-550,0,5.91904578393149
570,-550,0,5.91904578393149
590,-550,0,5.91904578393149
610,-550,0,5.91904578393149
630,-550,0,5.91904578393149
650,-550,0,5.91904578393149
670,-550,0,5.91904578393149
690,-550,0,5.91904578393149
710,-550,0,5.91904578393149
730,-550,0,5.91904578393149
750,-550,0,5.91904578393149
770,-550,0,5.91904578393149
790,-550,0,5.91904578393149
-790,-530,0,5.91904578393149
-770,-530,0,5.91904578393149
-750,-530,0,5.91904578393149
-730,-530,0,5.91904578393149
-710,-530,0,5.91904578393149
-690,-530,0,5.91904578393149
-670,-530,0,5.91904578393149
-650,-530,0,5.91904578393149
-630,-530,0,5.91904578393149
-610,-530,0,5.91904578393149
-590,-530,0,5.91904578393149
-570,-530,0,5.91904578393149
-550,-530,0,5.91904578393149
-530,-530,0,5.91904578393149
-510,-530,0,5.91904578393149
-490,-530,0,5.91904578393149
-470,-530,0,5.91904578393149
-450,-530,0,5.91904578393149
-430,-530,0,5.91904578393149
-410,-530,0,5.91904578393149
-390,-530,0,5.91904578393149
-370,-530,0,5.91904578393149
-350,-530,0,5.91904578393149
-330,-530,0,5.91904578393149
-310,-530,0,5.91904578393149
-290,-530,0,5.91904578393149
-270,-530,0,5.91904578393149
-250,-530,0,5.91904578393149
-230,-530,0,5.91904578393149
-210,-530,0,5.91904578393149
-190,-530,0,5.91904578393149
-170,-530,0,5.91904578393149
-150,-530,0,5.91904578393149
-130,-530,0,5.91904578393149
-110,-530,0,5.91904578393149
-90,-530,0,5.91904578393149
-70,-530,0,5.91904578393149
-50,-530,0,5.91904578393149
-30,-530,0,5.91904578393149
-10,-530,0,5.91904578393149
10,-530,0,5.91904578393149
30,-530,0,5.91904578393149
50,-530,0,5.91904578393149
70,-530,0,5.91904578393149
90,-530,0,5.91904578393149
110,-530,0,5.91904578393149
130,-530,0,5.91904578393149
150,-530,0,5.91904578393149
170,-530,0,5.91904578393149
190,-530,0,5.91904578393149
210,-530,0,5.91904578393149
230,-530,0,5.91904578393149
250,-530,0,5.91904578393149
270,-530,0,5.91904578393149
290,-530,0,5.91904578393149
310,-530,0,5.91904578393149
330,-530,0,5.91904578393149
350,-530,0,5.91904578393149
370,-530,0,5.91904578393149
390,-530,0,5.91904578393149
410,-530,0,5.91904578393149
430,-530,0,5.91904578393149
450,-530,0,5.91904578393149
470,-530,0,5.91904578393149
490,-530,0,5.91904578393149
510,-530,0,5.91904578393149
530,-530,0,5.91904578393149
550,-530,0,5.91904578393149
570,-530,0,5.91904578393149
590,-530,0,5.91904578393149
610,-530,0,5.91904578393149
630,-530,0,5.91904578393149
650,-530,0,5.91904578393149
670,-530,0,5.91904578393149
690,-530,0,5.91904578393149
710,-530,0,5.91904578393149
730,-530,0,5.91904578393149
750,-530,0,5.91904578393149
770,-530,0,5.91904578393149
790,-530,0,5.91904578393149
-790,-510,0,5.91904578393149
-770,-510,0,5.91904578393149
-750,-510,0,5.91904578393149
-730,-510,0,5.91904578393149
-710,-510,0,5.91904578393149
-690,-510,0,5.91904578393149
-670,-510,0,5.91904578393149
-650,-510,0,5.91904578393149
-630,-510,0,5.91904578393149
-610,-510,0,5.91904578393149
-590,-510,0,5.91904578393149
-570,-510,0,5.91904578393149
-550,-510,0,5.91904578393149
-530,-510,0,5.91904578393149
-510,-510,0,5.91904578393149
-490,-510,0,5.91904578393149
-470,-510,0,5.91904578393149
-450,-510,0,5.91904578393149
-430,-510,0,5.91904578393149
-410,-510,0,5.91904578393149
-390,-510,0,5.91904578393149
-370,-510,0,5.91904578393149
-350,-510,0,5.91904578393149
-330,-510,0,5.91904578393149
-310,-510,0,5.91904578393149
-290,-510,0,5.91904578393149
-270,-510,0,5.91904578393149
-250,-510,0,5.91904578393149
-230,-510,0,5.91904578393149
-210,-510,0,5.91904578393149
-190,-510,0,5.91904578393149
-170,-510,0,5.91904578393149
-150,-510,0,5.91904578393149
-130,-510,0,5.91904578393149
-110,-510,0,5.91904578393149
-90,-510,0,5.91904578393149
-70,-510,0,5.91904578393149
-50,-510,0,5.91904578393149
-30,-510,0,5.91904578393149
-10,-510,0,5.91904578393149
10,-510,0,5.91904578393149
30,-510,0,5.91904578393149
50,-510,0,5.91904578393149
70,-510,0,5.91904578393149
90,-510,0,5.91904578393149
110,-510,0,5.91904578393149
130,-510,0,5.91904578393149
150,-510,0,5.91904578393149
170,-510,0,5.91904578393149
190,-510,0,5.91904578393149
210,-510,0,5.91904578393149
230,-510,0,5.91904578393149
250,-510,0,5.91904578393149
270,-510,0,5.91904578393149
290,-510,0,5.91904578393149
310,-510,0,5.91904578393149
330,-510,0,5.91904578393149
350,-510,0,5.91904578393149
370,-510,0,5.91904578393149
390,-510,0,5.91904578393149
410,-510,0,5.91904578393149
430,-510,0,5.91904578393149
450,-510,0,5.91904578393149
470,-510,0,5.91904578393149
490,-510,0,5.91904578393149
510,-510,0,5.91904578393149
530,-510,0,5.91904578393149
550,-510,0,5.91904578393149
570,-510,0,5.91904578393149
590,-510,0,5.91904578393149
610,-510,0,5.91904578393149
630,-510,0,5.91904578393149
650,-510,0,5.91904578393149
670,-510,0,5.91904578393149
690,-510,0,5.91904578393149
710,-510,0,5.91904578393149
730,-510,0,5.91904578393149
750,-510,0,5.91904578393149
770,-510,0,5.91904578393149
790,-510,0,5.91904578393149
-790,-490,0,5.91904578393149
-770,-490,0,5.91904578393149
-750,-490,0,5.91904578393149
-730,-490,0,5.91904578393149
-710,-490,0,5.91904578393149
-690,-490,0,5.91904578393149
-670,-490,0,5.91904578393149
-650,-490,0,5.91904578393149
-630,-490,0,5.91904578393149
-610,-490,0,5.91904578393149
-590,-490,0,5.91904578393149
-570,-490,0,5.91904578393149
-550,-490,0,5.91904578393149
-530,-490,0,5.91904578393149
-510,-490,0,5.91904578393149
-490,-490,0,5.91904578393149
-470,-490,0,5.91904578393149
-450,-490,0,5.91904578393149
-430,-490,0,5.91904578393149
-410,-490,0,5.91904578393149
-390,-490,0,5.91904578393149
-370,-490,0,5.91904578393149
-350,-490,0,5.91904578393149
-330,-490,0,5.91904578393149
-310,-490,0,5.91904578393149
-290,-490,0,5.91904578393149
-270,-490,0,5.91904578393149
-250,-490,0,5.91904578393149
-230,-490,0,5.91904578393149
-210,-490,0,5.91904578393149
-190,-490,0,5.91904578393149
-170,-490,0,5.91904578393149
-150,-490,0,5.91904578393149
-130,-490,0,5.91904578393149
-110,-490,0,5.91904578393149
-90,-490,0,5.91904578393149
-70,-490,0,5.91904578393149
-50,-490,0,5.91904578393149
-30,-490,0,5.91904578393149
-10,-490,0,5.91904578393149
10,-490,0,5.91904578393149
30,-490,0,5.91904578393149
50,-490,0,5.91904578393149
70,-490,0,5.91904578393149
90,-490,0,5.91904578393149
110,-490,0,5.91904578393149
130,-490,0,5.91904578393149
150,-490,0,5.91904578393149
170,-490,0,5.91904578393149
190,-490,0,5.91904578393149
210,-490,0,5.91904578393149
230,-490,0,5.91904578393149
250,-490,0,5.91904578393149
270,-490,0,5.91904578393149
290,-490,0,5.91904578393149
310,-490,0,5.91904578393149
330,-490,0,5.91904578393149
350,-490,0,5.91904578393149
370,-490,0,5.91904578393149
390,-490,0,5.91904578393149
410,-490,0,5.91904578393149
430,-490,0,5.91904578393149
450,-490,0,5.91904578393149
470,-490,0,5.91904578393149
490,-490,0,5.91904578393149
510,-490,0,5.91904578393149
530,-490,0,5.91904578393149
550,-490,0,5.91904578393149
570,-490,0,5.91904578393149
590,-490,0,5.91904578393149
610,-490,0,5.91904578393149
630,-490,0,5.91904578393149
650,-490,0,5.91904578393149
670,-490,0,5.91904578393149
690,-490,0,5.91904578393149
710,-490,0,5.91904578393149
730,-490,0,5.91904578393149
750,-490,0,5.91904578393149
770,-490,0,5.91904578393149
790,-490,0,5.91904578393149
-790,-470,0,5.91904578393149
-770,-470,0,5.91904578393149
-750,-470,0,5.91904578393149
-730,-470,0,5.91904578393149
-710,-470,0,5.91904578393149
-690,-470,0,5.91904578393149
-670,-470,0,5.91904578393149
-650,-470,0,5.91904578393149
-630,-470,0,5.91904578393149
-610,-470,0,5.91904578393149
-590,-470,0,5.91904578393149
-570,-470,0,5.91904578393149
-550,-470,0,5.91904578393149
-530,-470,0,5.91904578393149
-510,-470,0,5.91904578393149
-490,-470,0,5.91904578393149
-470,-470,0,5.91904578393149
-450,-470,0,5.91904578393149
-430,-470,0,5.91904578393149
-410,-470,0,5.91904578393149
-390,-470,0,5.91904578393149
-370,-470,0,5.91904578393149
-350,-470,0,5.91904578393149
-330,-470,0,5.91904578393149
-310,-470,0,5.91904578393149
-290,-470,0,5.91904578393149
-270,-470,0,5.91904578393149
-250,-470,0,5.91904578393149
-230,-470,0,5.91904578393149
-210,-470,0,5.91904578393149
-190,-470,0,5.91904578393149
-170,-470,0,5.91904578393149
-150,-470,0,5.91904578393149
-130,-470,0,5.91904578393149
-110,-470,0,5.91904578393149
-90,-470,0,5.91904578393149
-70,-470,0,5.91904578393149
-50,-470,0,5.91904578393149
-30,-470,0,5.91904578393149
-10,-470,0,5.91904578393149
10,-470,0,5.91904578393149
30,-470,0,5.91904578393149
50,-470,0,5.91904578393149
70,-470,0,5.91904578393149
90,-470,0,5.91904578393149
110,-470,0,5.91904578393149
130,-470,0,5.91904578393149
150,-470,0,5.91904578393149
170,-470,0,5.91904578393149
190,-470,0,5.91904578393149
210,-470,0,5.91904578393149
230,-470,0,5.91904578393149
250,-470,0,5.91904578393149
270,-470,0,5.91904578393149
290,-470,0,5.91904578393149
310,-470,0,5.91904578393149
330,-470,0,5.91904578393149
350,-470,0,5.91904578393149
370,-470,0,5.91904578393149
390,-470,0,5.91904578393149
410,-470,0,5.91904578393149
430,-470,0,5.91904578393149
450,-470,0,5.91904578393149
470,-470,0,5.91904578393149
490,-470,0,5.91904578393149
510,-470,0,5.91904578393149
530,-470,0,5.91904578393149
550,-470,0,5.91904578393149
570,-470,0,5.91904578393149
590,-470,0,5.91904578393149
610,-470,0,5.91904578393149
630,-470,0,5.91904578393149
650,-470,0,5.91904578393149
670,-470,0,5.91904578393149
690,-470,0,5.91904578393149
710,-470,0,5.91904578393149
730,-470,0,5.91904578393149
750,-470,0,5.91904578393149
770,-470,0,5.91904578393149
790,-470,0,5.91904578393149
-790,-450,0,5.91904578393149
-770,-450,0,5.91904578393149
-750,-450,0,5.91904578393149
-730,-450,0,5.91904578393149
-710,-450,0,5.91904578393149
-690,-450,0,5.91904578393149
-670,-450,0,5.91904578393149
-650,-450,0,5.91904578393149
-630,-450,0,5.91904578393149
-610,-450,0,5.91904578393149
-590,-450,0,5.91904578393149
-570,-450,0,5.91904578393149
-550,-450,0,5.91904578393149
-530,-450,0,5.91904578393149
-510,-450,0,5.91904578393149
-490,-450,0,5.91904578393149
-470,-450,0,5.91904578393149
-450,-450,0,5.91904578393149
-430,-450,0,5.91904578393149
-410,-450,0,5.91904578393149
-390,-450,0,5.91904578393149
-370,-450,0,5.91904578393149
-350,-450,0,5.91904578393149
-330,-450,0,5.91904578393149
-310,-450,0,5.91904578393149
-290,-450,0,5.91904578393149
-270,-450,0,5.91904578393149
-250,-450,0,5.91904578393149
-230,-450,0,5.91904578393149
-210,-450,0,5.91904578393149
-190,-450,0,5.91904578393149
-170,-450,0,5.91904578393149
-150,-450,0,5.91904578393149
-130,-450,0,5.91904578393149
-110,-450,0,5.91904578393149
-90,-450,0,5.91904578393149
-70,-450,0,5.91904578393149
-50,-450,0,5.91904578393149
-30,-450,0,5.91904578393149
-10,-450,0,5.91904578393149
10,-450,0,5.91904578393149
30,-450,0,5.91904578393149
50,-450,0,5.91904578393149
70,-450,0,5.91904578393149
90,-450,0,5.91904578393149
110,-450,0,5.91904578393149
130,-450,0,5.91904578393149
150,-450,0,5.91904578393149
170,-450,0,5.91904578393149
190,-450,0,5.91904578393149
210,-450,0,5.91904578393149
230,-450,0,5.91904578393149
250,-450,0,5.91904578393149
270,-450,0,5.91904578393149
290,-450,0,5.91904578393149
310,-450,0,5.91904578393149
330,-450,0,5.91904578393149
350,-450,0,5.91904578393149
370,-450,0,5.91904578393149
390,-450,0,5.91904578393149
410,-450,0,5.91904578393149
430,-450,0,5.91904578393149
450,-450,0,5.91904578393149
470,-450,0,5.91904578393149
490,-450,0,5.91904578393149
510,-450,0,5.91904578393149
530,-450,0,5.91904578393149
550,-450,0,5.91904578393149
570,-450,0,5.91904578393149
590,-450,0,5.91904578393149
610,-450,0,5.91904578393149
630,-450,0,5.91904578393149
650,-450,0,5.91904578393149
670,-450,0,5.91904578393149
690,-450,0,5.91904578393149
710,-450,0,5.91904578393149
730,-450,0,5.91904578393149
750,-450,0,5.91904578393149
770,-450,0,5.91904578393149
790,-450,0,5.91904578393149
-790,-430,0,5.91904578393149
-770,-430,0,5.91904578393149
-750,-430,0,5.91904578393149
-730,-430,0,5.91904578393149
-710,-430,0,5.91904578393149
-690,-430,0,5.91904578393149
-670,-430,0,5.91904578393149
-650,-430,0,5.91904578393149
-630,-430,0,5.91904578393149
-610,-430,0,5.91904578393149
-590,-430,0,5.91904578393149
-570,-430,0,5.91904578393149
-550,-430,0,5.91904578393149
-530,-430,0,5.91904578393149
-510,-430,0,5.91904578393149
-490,-430,0,5.91904578393149
-470,-430,0,5.91904578393149
-450,-430,0,5.91904578393149
-430,-430,0,5.91904578393149
-410,-430,0,5.91904578393149
-390,-430,0,5.91904578393149
-370,-430,0,5.91904578393149
-350,-430,0,5.91904578393149
-330,-430,0,5.91904578393149
-310,-430,0,5.91904578393149
-290,-430,0,5.91904578393149
-270,-430,0,5.91904578393149
-250,-430,0,5.91904578393149
-230,-430,0,5.91904578393149
-210,-430,0,5.91904578393149
-190,-430,0,5.91904578393149
-170,-430,0,5.91904578393149
-150,-430,0,5.91904578393149
-130,-430,0,5.91904578393149
-110,-430,0,5.91904578393149
-90,-430,0,5.91904578393149
-70,-430,0,5.91904578393149
-50,-430,0,5.91904578393149
-30,-430,0,5.91904578393149
-10,-430,0,5.91904578393149
10,-430,0,5.91904578393149
30,-430,0,5.91904578393149
50,-430,0,5.91904578393149
70,-430,0,5.91904578393149
90,-430,0,5.91904578393149
110,-430,0,5.91904578393149
130,-430,0,5.91904578393149
150,-430,0,5.91904578393149
170,-430,0,5.91904578393149
190,-430,0,5.91904578393149
210,-430,0,5.91904578393149
230,-430,0,5.91904578393149
250,-430,0,5.91904578393149
270,-430,0,5.91904578393149
290,-430,0,5.91904578393149
310,-430,0,5.91904578393149
330,-430,0,5.91904578393149
350,-430,0,5.91904578393149
370,-430,0,5.91904578393149
390,-430,0,5.91904578393149
410,-430,0,5.91904578393149
430,-430,0,5.91904578393149
450,-430,0,5.91904578393149
470,-430,0,5.91904578393149
490,-430,0,5.91904578393149
510,-430,0,5.91904578393149
530,-430,0,5.91904578393149
550,-430,0,5.91904578393149
570,-430,0,5.91904578393149
590,-430,0,5.91904578393149
610,-430,0,5.91904578393149
630,-430,0,5.91904578393149
650,-430,0,5.91904578393149
670,-430,0,5.91904578393149
690,-430,0,5.91904578393149
710,-430,0,5.91904578393149
730,-430,0,5.91904578393149
750,-430,0,5.91904578393149
770,-430,0,5.91904578393149
790,-430,0,5.91904578393149
-790,-410,0,5.91904578393149
-770,-410,0,5.91904578393149
-750,-410,0,5.91904578393149
-730,-410,0,5.91904578393149
-710,-410,0,5.91904578393149
-690,-410,0,5.91904578393149
-670,-410,0,5.91904578393149
-650,-410,0,5.91904578393149
-630,-410,0,5.91904578393149
-610,-410,0,5.91904578393149
-590,-410,0,5.91904578393149
-570,-410,0,5.91904578393149
-550,-410,0,5.91904578393149
-530,-410,0,5.91904578393149
-510,-410,0,5.91904578393149
-490,-410,0,5.91904578393149
-470,-410,0,5.91904578393149
-450,-410,0,5.91904578393149
-430,-410,0,5.91904578393149
-410,-410,0,5.91904578393149
-390,-410,0,5.91904578393149
-370,-410,0,5.91904578393149
-350,-410,0,5.91904578393149
-330,-410,0,5.91904578393149
-310,-410,0,5.91904578393149
-290,-410,0,5.91904578393149
-270,-410,0,5.91904578393149
-250,-410,0,5.91904578393149
-230,-410,0,5.91904578393149
-210,-410,0,5.91904578393149
-190,-410,0,5.91904578393149
-170,-410,0,5.91904578393149
-150,-410,0,5.91904578393149
-130,-410,0,5.91904578393149
-110,-410,0,5.91904578393149
-90,-410,0,5.91904578393149
-70,-410,0,5.91904578393149
-50,-410,0,5.91904578393149
-30,-410,0,5.91904578393149
-10,-410,0,5.91904578393149
10,-410,0,5.91904578393149
30,-410,0,5.91904578393149
50,-410,0,5.91904578393149
70,-410,0,5.91904578393149
90,-410,0,5.91904578393149
110,-410,0,5.91904578393149
130,-410,0,5.91904578393149
150,-410,0,5.91904578393149
170,-410,0,5.91904578393149
190,-410,0,5.91904578393149
210,-410,0,5.91904578393149
230,-410,0,5.91904578393149
250,-410,0,5.91904578393149
270,-410,0,5.91904578393149
290,-410,0,5.91904578393149
310,-410,0,5.91904578393149
330,-410,0,5.91904578393149
350,-410,0,5.91904578393149
370,-410,0,5.91904578393149
390,-410,0,5.91904578393149
410,-410,0,5.91904578393149
430,-410,0,5.91904578393149
450,-410,0,5.91904578393149
470,-410,0,5.91904578393149
490,-410,0,5.91904578393149
510,-410,0,5.91904578393149
530,-410,0,5.91904578393149
550,-410,0,5.91904578393149
570,-410,0,5.91904578393149
590,-410,0,5.91904578393149
610,-410,0,5.91904578393149
630,-410,0,5.91904578393149
650,-410,0,5.91904578393149
670,-410,0,5.91904578393149
690,-410,0,5.91904578393149
710,-410,0,5.91904578393149
730,-410,0,5.91904578393149
750,-410,0,5.91904578393149
770,-410,0,5.91904578393149
790,-410,0,5.91904578393149
-790,-390,0,5.91904578393149
-770,-390,0,5.91904578393149
-750,-390,0,5.91904578393149
-730,-390,0,5.91904578393149
-710,-390,0,5.91904578393149
-690,-390,0,5.91904578393149
-670,-390,0,5.91904578393149
-650,-390,0,5.91904578393149
-630,-390,0,5.91904578393149
-610,-390,0,5.91904578393149
-590,-390,0,5.91904578393149
-570,-390,0,5.91904578393149
-550,-390,0,5.91904578393149
-530,-390,0,5.91904578393149
-510,-390,0,5.91904578393149
-490,-390,0,5.91904578393149
-470,-390,0,5.91904578393149
-450,-390,0,5.91904578393149
-430,-390,0,5.91904578393149
-410,-390,0,5.91904578393149
-390,-390,0,5.91904578393149
-370,-390,0,5.91904578393149
-350,-390,0,5.91904578393149
-330,-390,0,5.91904578393149
-310,-390,0,5.91904578393149
-290,-390,0,5.91904578393149
-270,-390,0,5.91904578393149
-250,-390,0,5.91904578393149
-230,-390,0,5.91904578393149
-210,-390,0,5.91904578393149
-190,-390,0,5.91904578393149
-170,-390,0,5.91904578393149
-150,-390,0,5.91904578393149
-130,-390,0,5.91904578393149
-110,-390,0,5.91904578393149
-90,-390,0,5.91904578393149
-70,-390,0,5.91904578393149
-50,-390,0,5.91904578393149
-30,-390,0,5.91904578393149
-10,-390,0,5.91904578393149
10,-390,0,5.91904578393149
30,-390,0,5.91904578393149
50,-390,0,5.91904578393149
70,-390,0,5.91904578393149
90,-390,0,5.91904578393149
110,-390,0,5.91904578393149
130,-390,0,5.91904578393149
150,-390,0,5.91904578393149
170,-390,0,5.91904578393149
190,-390,0,5.91904578393149
210,-390,0,5.91904578393149
230,-390,0,5.91904578393149
250,-390,0,5.91904578393149
270,-390,0,5.91904578393149
290,-390,0,5.91904578393149
310,-390,0,5.91904578393149
330,-390,0,5.91904578393149
350,-390,0,5.91904578393149
370,-390,0,5.91904578393149
390,-390,0,5.91904578393149
410,-390,0,5.91904578393149
430,-390,0,5.91904578393149
450,-390,0,5.91904578393149
470,-390,0,5.91904578393149
490,-390,0,5.91904578393149
510,-390,0,5.91904578393149
530,-390,0,5.91904578393149
550,-390,0,5.91904578393149
570,-390,0,5.91904578393149
590,-390,0,5.91904578393149
610,-390,0,5.91904578393149
630,-390,0,5.91904578393149
650,-390,0,5.91904578393149
670,-390,0,5.91904578393149
690,-390,0,5.91904578393149
710,-390,0,5.91904578393149
730,-390,0,5.91904578393149
750,-390,0,5.91904578393149
770,-390,0,5.91904578393149
790,-390,0,5.91904578393149
-790,-370,0,5.91904578393149
-770,-370,0,5.91904578393149
-750,-370,0,5.91904578393149
-730,-370,0,5.91904578393149
-710,-370,0,5.91904578393149
-690,-370,0,5.91904578393149
-670,-370,0,5.91904578393149
-650,-370,0,5.91904578393149
-630,-370,0,5.91904578393149
-610,-370,0,5.91904578393149
-590,-370,0,5.91904578393149
-570,-370,0,5.91904578393149
-550,-370,0,5.91904578393149
-530,-370,0,5.91904578393149
-510,-370,0,5.91904578393149
-490,-370,0,5.91904578393149
-470,-370,0,5.91904578393149
-450,-370,0,5.91904578393149
-430,-370,0,5.91904578393149
-410,-370,0,5.91904578393149
-390,-370,0,5.91904578393149
-370,-370,0,5.91904578393149
-350,-370,0,5.91904578393149
-330,-370,0,5.91904578393149
-310,-370,0,5.91904578393149
-290,-370,0,5.91904578393149
-270,-370,0,5.91904578393149
-250,-370,0,5.91904578393149
-230,-370,0,5.91904578393149
-210,-370,0,5.91904578393149
-190,-370,0,5.91904578393149
-170,-370,0,5.91904578393149
-150,-370,0,5.91904578393149
-130,-370,0,5.91904578393149
-110,-370,0,5.91904578393149
-90,-370,0,5.91904578393149
-70,-370,0,5.91904578393149
-50,-370,0,5.91904578393149
-30,-370,0,5.91904578393149
-10,-370,0,5.91904578393149
10,-370,0,5.91904578393149
30,-370,0,5.91904578393149
50,-370,0,5.91904578393149
70,-370,0,5.91904578393149
90,-370,0,5.91904578393149
110,-370,0,5.91904578393149
130,-370,0,5.91904578393149
150,-370,0,5.91904578393149
170,-370,0,5.91904578393149
190,-370,0,5.91904578393149
210,-370,0,5.91904578393149
230,-370,0,5.91904578393149
250,-370,0,5.91904578393149
270,-370,0,5.91904578393149
290,-370,0,5.91904578393149
310,-370,0,5.91904578393149
330,-370,0,5.91904578393149
350,-370,0,5.91904578393149
370,-370,0,5.91904578393149
390,-370,0,5.91904578393149
410,-370,0,5.91904578393149
430,-370,0,5.91904578393149
450,-370,0,5.91904578393149
470,-370,0,5.91904578393149
490,-370,0,5.91904578393149
510,-370,0,5.91904578393149
530,-370,0,5.91904578393149
550,-370,0,5.91904578393149
570,-370,0,5.91904578393149
590,-370,0,5.91904578393149
610,-370,0,5.91904578393149
630,-370,0,5.91904578393149
650,-370,0,5.91904578393149
670,-370,0,5.91904578393149
690,-370,0,5.91904578393149
710,-370,0,5.91904578393149
730,-370,0,5.91904578393149
750,-370,0,5.91904578393149
770,-370,0,5.91904578393149
790,-370,0,5.91904578393149
-790,-350,0,5.91904578393149
-770,-350,0,5.91904578393149
-750,-350,0,5.91904578393149
-730,-350,0,5.91904578393149
-710,-350,0,5.91904578393149
-690,-350,0,5.91904578393149
-670,-350,0,5.91904578393149
-650,-350,0,5.91904578393149
-630,-350,0,5.91904578393149
-610,-350,0,5.91904578393149
-590,-350,0,5.91904578393149
-570,-350,0,5.91904578393149
-550,-350,0,5.91904578393149
-530,-350,0,5.91904578393149
-510,-350,0,5.91904578393149
-490,-350,0,5.91904578393149
-470,-350,0,5.91904578393149
-450,-350,0,5.91904578393149
-430,-350,0,5.91904578393149
-410,-350,0,5.91904578393149
-390,-350,0,5.91904578393149
-370,-350,0,5.91904578393149
-350,-350,0,5.91904578393149
-330,-350,0,5.91904578393149
-310,-350,0,5.91904578393149
-290,-350,0,5.91904578393149
-270,-350,0,5.91904578393149
-250,-350,0,5.91904578393149
-230,-350,0,5.91904578393149
-210,-350,0,5.91904578393149
-190,-350,0,5.91904578393149
-170,-350,0,5.91904578393149
-150,-350,0,5.91904578393149
-130,-350,0,5.91904578393149
-110,-350,0,5.91904578393149
-90,-350,0,5.91904578393149
-70,-350,0,5.91904578393149
-50,-350,0,5.91904578393149
-30,-350,0,5.91904578393149
-10,-350,0,5.91904578393149
10,-350,0,5.91904578393149
30,-350,0,5.91904578393149
50,-350,0,5.91904578393149
70,-350,0,5.91904578393149
90,-350,0,5.91904578393149
110,-350,0,5.91904578393149
130,-350,0,5.91904578393149
150,-350,0,5.91904578393149
170,-350,0,5.91904578393149
190,-350,0,5.91904578393149
210,-350,0,5.91904578393149
230,-350,0,5.91904578393149
250,-350,0,5.91904578393149
270,-350,0,5.91904578393149
290,-350,0,5.91904578393149
310,-350,0,5.91904578393149
330,-350,0,5.91904578393149
350,-350,0,5.91904578393149
370,-350,0,5.91904578393149
390,-350,0,5.91904578393149
410,-350,0,5.91904578393149
430,-350,0,5.91904578393149
450,-350,0,5.91904578393149
470,-350,0,5.91904578393149
490,-350,0,5.91904578393149
510,-350,0,5.91904578393149
530,-350,0,5.91904578393149
550,-350,0,5.91904578393149
570,-350,0,5.91904578393149
590,-350,0,5.91904578393149
610,-350,0,5.91904578393149
630,-350,0,5.91904578393149
650,-350,0,5.91904578393149
670,-350,0,5.91904578393149
690,-350,0,5.91904578393149
710,-350,0,5.91904578393149
730,-350,0,5.91904578393149
750,-350,0,5.91904578393149
770,-350,0,5.91904578393149
790,-350,0,5.91904578393149
-790,-330,0,5.91904578393149
-770,-330,0,5.91904578393149
-750,-330,0,5.91904578393149
-730,-330,0,5.91904578393149
-710,-330,0,5.91904578393149
-690,-330,0,5.91904578393149
-670,-330,0,5.91904578393149
-650,-330,0,5.91904578393149
-630,-330,0,5.91904578393149
-610,-330,0,5.91904578393149
-590,-330,0,5.91904578393149
-570,-330,0,5.91904578393149
-550,-330,0,5.91904578393149
-530,-330,0,5.91904578393149
-510,-330,0,5.91904578393149
-490,-330,0,5.91904578393149
-470,-330,0,5.91904578393149
-450,-330,0,5.91904578393149
-430,-330,0,5.91904578393149
-410,-330,0,5.91904578393149
-390,-330,0,5.91904578393149
-370,-330,0,5.91904578393149
-350,-330,0,5.91904578393149
-330,-330,0,5.91904578393149
-310,-330,0,5.91904578393149
-290,-330,0,5.91904578393149
-270,-330,0,5.91904578393149
-250,-330,0,5.91904578393149
-230,-330,0,5.91904578393149
-210,-330,0,5.91904578393149
-190,-330,0,5.91904578393149
-170,-330,0,5.91904578393149
-150,-330,0,5.91904578393149
-130,-330,0,5.91904578393149
-110,-330,0,5.91904578393149
-90,-330,0,5.91904578393149
-70,-330,0,5.91904578393149
-50,-330,0,5.91904578393149
-30,-330,0,5.91904578393149
-10,-330,0,5.91904578393149
10,-330,0,5.91904578393149
30,-330,0,5.91904578393149
50,-330,0,5.91904578393149
70,-330,0,5.91904578393149
90,-330,0,5.91904578393149
110,-330,0,5.91904578393149
130,-330,0,5.91904578393149
150,-330,0,5.91904578393149
170,-330,0,5.91904578393149
190,-330,0,5.91904578393149
210,-330,0,5.91904578393149
230,-330,0,5.91904578393149
250,-330,0,5.91904578393149
270,-330,0,5.91904578393149
290,-330,0,5.91904578393149
310,-330,0,5.91904578393149
330,-330,0,5.91904578393149
350,-330,0,5.91904578393149
370,-330,0,5.91904578393149
390,-330,0,5.91904578393149
410,-330,0,5.91904578393149
430,-330,0,5.91904578393149
450,-330,0,5.91904578393149
470,-330,0,5.91904578393149
490,-330,0,5.91904578393149
510,-330,0,5.91904578393149
530,-330,0,5.91904578393149
550,-330,0,5.91904578393149
570,-330,0,5.91904578393149
590,-330,0,5.91904578393149
610,-330,0,5.91904578393149
630,-330,0,5.91904578393149
650,-330,0,5.91904578393149
670,-330,0,5.91904578393149
690,-330,0,5.91904578393149
710,-330,0,5.91904578393149
730,-330,0,5.91904578393149
750,-330,0,5.91904578393149
770,-330,0,5.91904578393149
790,-330,0,5.91904578393149
-790,-310,0,5.91904578393149
-770,-310,0,5.91904578393149
-750,-310,0,5.91904578393149
-730,-310,0,5.91904578393149
-710,-310,0,5.91904578393149
-690,-310,0,5.91904578393149
-670,-310,0,5.91904578393149
-650,-310,0,5.91904578393149
-630,-310,0,5.91904578393149
-610,-310,0,5.91904578393149
-590,-310,0,5.91904578393149
-570,-310,0,5.91904578393149
-550,-310,0,5.91904578393149
-530,-310,0,5.91904578393149
-510,-310,0,5.91904578393149
-490,-310,0,5.91904578393149
-470,-310,0,5.91904578393149
-450,-310,0,5.91904578393149
-430,-310,0,5.91904578393149
-410,-310,0,5.91904578393149
-390,-310,0,5.91904578393149
-370,-310,0,5.91904578393149
-350,-310,0,5.91904578393149
-330,-310,0,5.91904578393149
-310,-310,0,5.91904578393149
-290,-310,0,5.91904578393149
-270,-310,0,5.91904578393149
-250,-310,0,5.91904578393149
-230,-310,0,5.91904578393149
-210,-310,0,5.91904578393149
-190,-310,0,5.91904578393149
-170,-310,0,5.91904578393149
-150,-310,0,5.91904578393149
-130,-310,0,5.91904578393149
-110,-310,0,5.91904578393149
-90,-310,0,5.91904578393149
-70,-310,0,5.91904578393149
-50,-310,0,5.91904578393149
-30,-310,0,5.91904578393149
-10,-310,0,5.91904578393149
10,-310,0,5.91904578393149
30,-310,0,5.91904578393149
50,-310,0,5.91904578393149
70,-310,0,5.91904578393149
90,-310,0,5.91904578393149
110,-310,0,5.91904578393149
130,-310,0,5.91904578393149
150,-310,0,5.91904578393149
170,-310,0,5.91904578393149
190,-310,0,5.91904578393149
210,-310,0,5.91904578393149
230,-310,0,5.91904578393149
250,-310,0,5.91904578393149
270,-310,0,5.91904578393149
290,-310,0,5.91904578393149
310,-310,0,5.91904578393149
330,-310,0,5.91904578393149
350,-310,0,5.91904578393149
370,-310,0,5.91904578393149
390,-310,0,5.91904578393149
410,-310,0,5.91904578393149
430,-310,0,5.91904578393149
450,-310,0,5.91904578393149
470,-310,0,5.91904578393149
490,-310,0,5.91904578393149
510,-310,0,5.91904578393149
530,-310,0,5.91904578393149
550,-310,0,5.91904578393149
570,-310,0,5.91904578393149
590,-310,0,5.91904578393149
610,-310,0,5.91904578393149
630,-310,0,5.91904578393149
650,-310,0,5.91904578393149
670,-310,0,5.91904578393149
690,-310,0,5.91904578393149
710,-310,0,5.91904578393149
730,-310,0,5.91904578393149
750,-310,0,5.91904578393149
770,-310,0,5.91904578393149
790,-310,0,5.91904578393149
-790,-290,0,5.91904578393149
-770,-290,0,5.91904578393149
-750,-290,0,5.91904578393149
-730,-290,0,5.91904578393149
-710,-290,0,5.91904578393149
-690,-290,0,5.91904578393149
-670,-290,0,5.91904578393149
-650,-290,0,5.91904578393149
-630,-290,0,5.91904578393149
-610,-290,0,5.91904578393149
-590,-290,0,5.91904578393149
-570,-290,0,5.91904578393149
-550,-290,0,5.91904578393149
-530,-290,0,5.91904578393149
-510,-290,0,5.91904578393149
-490,-290,0,5.91904578393149
-470,-290,0,5.91904578393149
-450,-290,0,5.91904578393149
-430,-290,0,5.91904578393149
-410,-290,0,5.91904578393149
-390,-290,0,5.91904578393149
-370,-290,0,5.91904578393149
-350,-290,0,5.91904578393149
-330,-290,0,5.91904578393149
-310,-290,0,5.91904578393149
-290,-290,0,5.91904578393149
-270,-290,0,5.91904578393149
-250,-290,0,5.91904578393149
-230,-290,0,5.91904578393149
-210,-290,0,5.91904578393149
-190,-290,0,5.91904578393149
-170,-290,0,5.91904578393149
-150,-290,0,5.91904578393149
-130,-290,0,5.91904578393149
-110,-290,0,5.91904578393149
-90,-290,0,5.91904578393149
-70,-290,0,5.91904578393149
-50,-290,0,5.91904578393149
-30,-290,0,5.91904578393149
-10,-290,0,5.91904578393149
10,-290,0,5.91904578393149
30,-290,0,5.91904578393149
50,-290,0,5.91904578393149
70,-290,0,5.91904578393149
90,-290,0,5.91904578393149
110,-290,0,5.91904578393149
130,-290,0,5.91904578393149
150,-290,0,5.91904578393149
170,-290,0,5.91904578393149
190,-290,0,5.91904578393149
210,-290,0,5.91904578393149
230,-290,0,5.91904578393149
250,-290,0,5.91904578393149
270,-290,0,5.91904578393149
290,-290,0,5.91904578393149
310,-290,0,5.91904578393149
330,-290,0,5.91904578393149
350,-290,0,5.91904578393149
370,-290,0,5.91904578393149
390,-290,0,5.91904578393149
410,-290,0,5.91904578393149
430,-290,0,5.91904578393149
450,-290,0,5.91904578393149
470,-290,0,5.91904578393149
490,-290,0,5.91904578393149
510,-290,0,5.91904578393149
530,-290,0,5.91904578393149
550,-290,0,5.91904578393149
570,-290,0,5.91904578393149
590,-290,0,5.91904578393149
610,-290,0,5.91904578393149
630,-290,0,5.91904578393149
650,-290,0,5.91904578393149
670,-290,0,5.91904578393149
690,-290,0,5.91904578393149
710,-290,0,5.91904578393149
730,-290,0,5.91904578393149
750,-290,0,5.91904578393149
770,-290,0,5.91904578393149
790,-290,0,5.91904578393149
-790,-270,0,5.91904578393149
-770,-270,0,5.91904578393149
-750,-270,0,5.91904578393149
-730,-270,0,5.91904578393149
-710,-270,0,5.91904578393149
-690,-270,0,5.91904578393149
-670,-270,0,5.91904578393149
-650,-270,0,5.91904578393149
-630,-270,0,5.91904578393149
-610,-270,0,5.91904578393149
-590,-270,0,5.91904578393149
-570,-270,0,5.91904578393149
-550,-270,0,5.91904578393149
-530,-270,0,5.91904578393149
-510,-270,0,5.91904578393149
-490,-270,0,5.91904578393149
-470,-270,0,5.91904578393149
-450,-270,0,5.91904578393149
-430,-270,0,5.91904578393149
-410,-270,0,5.91904578393149
-390,-270,0,5.91904578393149
-370,-270,0,5.91904578393149
-350,-270,0,5.91904578393149
-330,-270,0,5.91904578393149
-310,-270,0,5.91904578393149
-290,-270,0,5.91904578393149
-270,-270,0,5.91904578393149
-250,-270,0,5.91904578393149
-230,-270,0,5.91904578393149
-210,-270,0,5.91904578393149
-190,-270,0,5.91904578393149
-170,-270,0,5.91904578393149
-150,-270,0,5.91904578393149
-130,-270,0,5.91904578393149
-110,-270,0,5.91904578393149
-90,-270,0,5.91904578393149
-70,-270,0,5.91904578393149
-50,-270,0,5.91904578393149
-30,-270,0,5.91904578393149
-10,-270,0,5.91904578393149
10,-270,0,5.91904578393149
30,-270,0,5.91904578393149
50,-270,0,5.91904578393149
70,-270,0,5.91904578393149
90,-270,0,5.91904578393149
110,-270,0,5.91904578393149
130,-270,0,5.91904578393149
150,-270,0,5.91904578393149
170,-270,0,5.91904578393149
190,-270,0,5.91904578393149
210,-270,0,5.91904578393149
230,-270,0,5.91904578393149
250,-270,0,5.91904578393149
270,-270,0,5.91904578393149
290,-270,0,5.91904578393149
310,-270,0,5.91904578393149
330,-270,0,5.91904578393149
350,-270,0,5.91904578393149
370,-270,0,5.91904578393149
390,-270,0,5.91904578393149
410,-270,0,5.91904578393149
430,-270,0,5.91904578393149
450,-270,0,5.91904578393149
470,-270,0,5.91904578393149
490,-270,0,5.91904578393149
510,-270,0,5.91904578393149
530,-270,0,5.91904578393149
550,-270,0,5.91904578393149
570,-270,0,5.91904578393149
590,-270,0,5.91904578393149
610,-270,0,5.91904578393149
630,-270,0,5.91904578393149
650,-270,0,5.91904578393149
670,-270,0,5.91904578393149
690,-270,0,5.91904578393149
710,-270,0,5.91904578393149
730,-270,0,5.91904578393149
750,-270,0,5.91904578393149
770,-270,0,5.91904578393149
790,-270,0,5.91904578393149
-790,-250,0,5.91904578393149
-770,-250,0,5.91904578393149
-750,-250,0,5.91904578393149
-730,-250,0,5.91904578393149
-710,-250,0,5.91904578393149
-690,-250,0,5.91904578393149
-670,-250,0,5.91904578393149
-650,-250,0,5.91904578393149
-630,-250,0,5.91904578393149
-610,-250,0,5.91904578393149
-590,-250,0,5.91904578393149
-570,-250,0,5.91904578393149
-550,-250,0,5.91904578393149
-530,-250,0,5.91904578393149
-510,-250,0,5.91904578393149
-490,-250,0,5.91904578393149
-470,-250,0,5.91904578393149
-450,-250,0,5.91904578393149
-430,-250,0,5.91904578393149
-410,-250,0,5.91904578393149
-390,-250,0,5.91904578393149
-370,-250,0,5.91904578393149
-350,-250,0,5.91904578393149
-330,-250,0,5.91904578393149
-310,-250,0,5.91904578393149
-290,-250,0,5.91904578393149
-270,-250,0,5.91904578393149
-250,-250,0,5.91904578393149
-230,-250,0,5.91904578393149
-210,-250,0,5.91904578393149
-190,-250,0,5.91904578393149
-170,-250,0,5.91904578393149
-150,-250,0,5.91904578393149
-130,-250,0,5.91904578393149
-110,-250,0,5.91904578393149
-90,-250,0,5.91904578393149
-70,-250,0,5.91904578393149
-50,-250,0,5.91904578393149
-30,-250,0,5.91904578393149
-10,-250,0,5.91904578393149
10,-250,0,5.91904578393149
30,-250,0,5.91904578393149
50,-250,0,5.91904578393149
70,-250,0,5.91904578393149
90,-250,0,5.91904578393149
110,-250,0,5.91904578393149
130,-250,0,5.91904578393149
150,-250,0,5.91904578393149
170,-250,0,5.91904578393149
190,-250,0,5.91904578393149
210,-250,0,5.91904578393149
230,-250,0,5.91904578393149
250,-250,0,5.91904578393149
270,-250,0,5.91904578393149
290,-250,0,5.91904578393149
310,-250,0,5.91904578393149
330,-250,0,5.91904578393149
350,-250,0,5.91904578393149
370,-250,0,5.91904578393149
390,-250,0,5.91904578393149
410,-250,0,5.91904578393149
430,-250,0,5.91904578393149
450,-250,0,5.91904578393149
470,-250,0,5.91904578393149
490,-250,0,5.91904578393149
510,-250,0,5.91904578393149
530,-250,0,5.91904578393149
550,-250,0,5.91904578393149
570,-250,0,5.91904578393149
590,-250,0,5.91904578393149
610,-250,0,5.91904578393149
630,-250,0,5.91904578393149
650,-250,0,5.91904578393149
670,-250,0,5.91904578393149
690,-250,0,5.91904578393149
710,-250,0,5.91904578393149
730,-250,0,5.91904578393149
750,-250,0,5.91904578393149
770,-250,0,5.91904578393149
790,-250,0,5.91904578393149
-790,-230,0,5.91904578393149
-770,-230,0,5.91904578393149
-750,-230,0,5.91904578393149
-730,-230,0,5.91904578393149
-710,-230,0,5.91904578393149
-690,-230,0,5.91904578393149
-670,-230,0,5.91904578393149
-650,-230,0,5.91904578393149
-630,-230,0,5.91904578393149
-610,-230,0,5.91904578393149
-590,-230,0,5.91904578393149
-570,-230,0,5.91904578393149
-550,-230,0,5.91904578393149
-530,-230,0,5.91904578393149
-510,-230,0,5.91904578393149
-490,-230,0,5.91904578393149
-470,-230,0,5.91904578393149
-450,-230,0,5.91904578393149
-430,-230,0,5.91904578393149
-410,-230,0,5.91904578393149
-390,-230,0,5.91904578393149
-370,-230,0,5.91904578393149
-350,-230,0,5.91904578393149
-330,-230,0,5.91904578393149
-310,-230,0,5.91904578393149
-290,-230,0,5.91904578393149
-270,-230,0,5.91904578393149
-250,-230,0,5.91904578393149
-230,-230,0,5.91904578393149
-210,-230,0,5.91904578393149
-190,-230,0,5.91904578393149
-170,-230,0,5.91904578393149
-150,-230,0,5.91904578393149
-130,-230,0,5.91904578393149
-110,-230,0,5.91904578393149
-90,-230,0,5.91904578393149
-70,-230,0,5.91904578393149
-50,-230,0,5.91904578393149
-30,-230,0,5.91904578393149
-10,-230,0,5.91904578393149
10,-230,0,5.91904578393149
30,-230,0,5.91904578393149
50,-230,0,5.91904578393149
70,-230,0,5.91904578393149
90,-230,0,5.91904578393149
110,-230,0,5.91904578393149
130,-230,0,5.91904578393149
150,-230,0,5.91904578393149
170,-230,0,5.91904578393149
190,-230,0,5.91904578393149
210,-230,0,5.91904578393149
230,-230,0,5.91904578393149
250,-230,0,5.91904578393149
270,-230,0,5.91904578393149
290,-230,0,5.91904578393149
310,-230,0,5.91904578393149
330,-230,0,5.91904578393149
350,-230,0,5.91904578393149
370,-230,0,5.91904578393149
390,-230,0,5.91904578393149
410,-230,0,5.91904578393149
430,-230,0,5.91904578393149
450,-230,0,5.91904578393149
470,-230,0,5.91904578393149
490,-230,0,5.91904578393149
510,-230,0,5.91904578393149
530,-230,0,5.91904578393149
550,-230,0,5.91904578393149
570,-230,0,5.91904578393149
590,-230,0,5.91904578393149
610,-230,0,5.91904578393149
630,-230,0,5.91904578393149
650,-230,0,5.91904578393149
670,-230,0,5.91904578393149
690,-230,0,5.91904578393149
710,-230,0,5.91904578393149
730,-230,0,5.91904578393149
750,-230,0,5.91904578393149
770,-230,0,5.91904578393149
790,-230,0,5.91904578393149
-790,-210,0,5.91904578393149
-770,-210,0,5.91904578393149
-750,-210,0,5.91904578393149
-730,-210,0,5.91904578393149
-710,-210,0,5.91904578393149
-690,-210,0,5.91904578393149
-670,-210,0,5.91904578393149
-650,-210,0,5.91904578393149
-630,-210,0,5.91904578393149
-610,-210,0,5.91904578393149
-590,-210,0,5.91904578393149
-570,-210,0,5.91904578393149
-550,-210,0,5.91904578393149
-530,-210,0,5.91904578393149
-510,-210,0,5.91904578393149
-490,-210,0,5.91904578393149
-470,-210,0,5.91904578393149
-450,-210,0,5.91904578393149
-430,-210,0,5.91904578393149
-410,-210,0,5.91904578393149
-390,-210,0,5.91904578393149
-370,-210,0,5.91904578393149
-350,-210,0,5.91904578393149
-330,-210,0,5.91904578393149
-310,-210,0,5.91904578393149
-290,-210,0,5.91904578393149
-270,-210,0,5.91904578393149
-250,-210,0,5.91904578393149
-230,-210,0,5.91904578393149
-210,-210,0,5.91904578393149
-190,-210,0,5.91904578393149
-170,-210,0,5.91904578393149
-150,-210,0,5.91904578393149
-130,-210,0,5.91904578393149
-110,-210,0,5.91904578393149
-90,-210,0,5.91904578393149
-70,-210,0,5.91904578393149
-50,-210,0,5.91904578393149
-30,-210,0,5.91904578393149
-10,-210,0,5.91904578393149
10,-210,0,5.91904578393149
30,-210,0,5.91904578393149
50,-210,0,5.91904578393149
70,-210,0,5.91904578393149
90,-210,0,5.91904578393149
110,-210,0,5.91904578393149
130,-210,0,5.91904578393149
150,-210,0,5.91904578393149
170,-210,0,5.91904578393149
190,-210,0,5.91904578393149
210,-210,0,5.91904578393149
230,-210,0,5.91904578393149
250,-210,0,5.91904578393149
270,-210,0,5.91904578393149
290,-210,0,5.91904578393149
310,-210,0,5.91904578393149
330,-210,0,5.91904578393149
350,-210,0,5.91904578393149
370,-210,0,5.91904578393149
390,-210,0,5.91904578393149
410,-210,0,5.91904578393149
430,-210,0,5.91904578393149
450,-210,0,5.91904578393149
470,-210,0,5.91904578393149
490,-210,0,5.91904578393149
510,-210,0,5.91904578393149
530,-210,0,5.91904578393149
550,-210,0,5.91904578393149
570,-210,0,5.91904578393149
590,-210,0,5.91904578393149
610,-210,0,5.91904578393149
630,-210,0,5.91904578393149
650,-210,0,5.91904578393149
670,-210,0,5.91904578393149
690,-210,0,5.91904578393149
710,-210,0,5.91904578393149
730,-210,0,5.91904578393149
750,-210,0,5.91904578393149
770,-210,0,5.91904578393149
790,-210,0,5.91904578393149
-790,-190,0,5.91904578393149
-770,-190,0,5.91904578393149
-750,-190,0,5.91904578393149
-730,-190,0,5.91904578393149
-710,-190,0,5.91904578393149
-690,-190,0,5.91904578393149
-670,-190,0,5.91904578393149
-650,-190,0,5.91904578393149
-630,-190,0,5.91904578393149
-610,-190,0,5.91904578393149
-590,-190,0,5.91904578393149
-570,-190,0,5.91904578393149
-550,-190,0,5.91904578393149
-530,-190,0,5.91904578393149
-510,-190,0,5.91904578393149
-490,-190,0,5.91904578393149
-470,-190,0,5.91904578393149
-450,-190,0,5.91904578393149
-430,-190,0,5.91904578393149
-410,-190,0,5.91904578393149
-390,-190,0,5.91904578393149
-370,-190,0,5.91904578393149
-350,-190,0,5.91904578393149
-330,-190,0,5.91904578393149
-310,-190,0,5.91904578393149
-290,-190,0,5.91904578393149
-270,-190,0,5.91904578393149
-250,-190,0,5.91904578393149
-230,-190,0,5.91904578393149
-210,-190,0,5.91904578393149
-190,-190,0,5.91904578393149
-170,-190,0,5.91904578393149
-150,-190,0,5.91904578393149
-130,-190,0,5.91904578393149
-110,-190,0,5.91904578393149
-90,-190,0,5.91904578393149
-70,-190,0,5.91904578393149
-50,-190,0,5.91904578393149
-30,-190,0,5.91904578393149
-10,-190,0,5.91904578393149
10,-190,0,5.91904578393149
30,-190,0,5.91904578393149
50,-190,0,5.91904578393149
70,-190,0,5.91904578393149
90,-190,0,5.91904578393149
110,-190,0,5.91904578393149
130,-190,0,5.91904578393149
150,-190,0,5.91904578393149
170,-190,0,5.91904578393149
190,-190,0,5.91904578393149
210,-190,0,5.91904578393149
230,-190,0,5.91904578393149
250,-190,0,5.91904578393149
270,-190,0,5.91904578393149
290,-190,0,5.91904578393149
310,-190,0,5.91904578393149
330,-190,0,5.91904578393149
350,-190,0,5.91904578393149
370,-190,0,5.91904578393149
390,-190,0,5.91904578393149
410,-190,0,5.91904578393149
430,-190,0,5.91904578393149
450,-190,0,5.91904578393149
470,-190,0,5.91904578393149
490,-190,0,5.91904578393149
510,-190,0,5.91904578393149
530,-190,0,5.91904578393149
550,-190,0,5.91904578393149
570,-190,0,5.91904578393149
590,-190,0,5.91904578393149
610,-190,0,5.91904578393149
630,-190,0,5.91904578393149
650,-190,0,5.91904578393149
670,-190,0,5.91904578393149
690,-190,0,5.91904578393149
710,-190,0,5.91904578393149
730,-190,0,5.91904578393149
750,-190,0,5.91904578393149
770,-190,0,5.91904578393149
790,-190,0,5.91904578393149
-790,-170,0,5.91904578393149
-770,-170,0,5.91904578393149
-750,-170,0,5.91904578393149
-730,-170,0,5.91904578393149
-710,-170,0,5.91904578393149
-690,-170,0,5.91904578393149
-670,-170,0,5.91904578393149
-650,-170,0,5.91904578393149
-630,-170,0,5.91904578393149
-610,-170,0,5.91904578393149
-590,-170,0,5.91904578393149
-570,-170,0,5.91904578393149
-550,-170,0,5.91904578393149
-530,-170,0,5.91904578393149
-510,-170,0,5.91904578393149
-490,-170,0,5.91904578393149
-470,-170,0,5.91904578393149
-450,-170,0,5.91904578393149
-430,-170,0,5.91904578393149
-410,-170,0,5.91904578393149
-390,-170,0,5.91904578393149
-370,-170,0,5.91904578393149
-350,-170,0,5.91904578393149
-330,-170,0,5.91904578393149
-310,-170,0,5.91904578393149
-290,-170,0,5.91904578393149
-270,-170,0,5.91904578393149
-250,-170,0,5.91904578393149
-230,-170,0,5.91904578393149
-210,-170,0,5.91904578393149
-190,-170,0,5.91904578393149
-170,-170,0,5.91904578393149
-150,-170,0,5.91904578393149
-130,-170,0,5.91904578393149
-110,-170,0,5.91904578393149
-90,-170,0,5.91904578393149
-70,-170,0,5.91904578393149
-50,-170,0,5.91904578393149
-30,-170,0,5.91904578393149
-10,-170,0,5.91904578393149
10,-170,0,5.91904578393149
30,-170,0,5.91904578393149
50,-170,0,5.91904578393149
70,-170,0,5.91904578393149
90,-170,0,5.91904578393149
110,-170,0,5.91904578393149
130,-170,0,5.91904578393149
150,-170,0,5.91904578393149
170,-170,0,5.91904578393149
190,-170,0,5.91904578393149
210,-170,0,5.91904578393149
230,-170,0,5.91904578393149
250,-170,0,5.91904578393149
270,-170,0,5.91904578393149
290,-170,0,5.91904578393149
310,-170,0,5.91904578393149
330,-170,0,5.91904578393149
350,-170,0,5.91904578393149
370,-170,0,5.91904578393149
390,-170,0,5.91904578393149
410,-170,0,5.91904578393149
430,-170,0,5.91904578393149
450,-170,0,5.91904578393149
470,-170,0,5.91904578393149
490,-170,0,5.91904578393149
510,-170,0,5.91904578393149
530,-170,0,5.91904578393149
550,-170,0,5.91904578393149
570,-170,0,5.91904578393149
590,-170,0,5.91904578393149
610,-170,0,5.91904578393149
630,-170,0,5.91904578393149
650,-170,0,5.91904578393149
670,-170,0,5.91904578393149
690,-170,0,5.91904578393149
710,-170,0,5.91904578393149
730,-170,0,5.91904578393149
750,-170,0,5.91904578393149
770,-170,0,5.91904578393149
790,-170,0,5.91904578393149
-790,-150,0,5.91904578393149
-770,-150,0,5.91904578393149
-750,-150,0,5.91904578393149
-730,-150,0,5.91904578393149
-710,-150,0,5.91904578393149
-690,-150,0,5.91904578393149
-670,-150,0,5.91904578393149
-650,-150,0,5.91904578393149
-630,-150,0,5.91904578393149
-610,-150,0,5.91904578393149
-590,-150,0,5.91904578393149
-570,-150,0,5.91904578393149
-550,-150,0,5.91904578393149
-530,-150,0,5.91904578393149
-510,-150,0,5.91904578393149
-490,-150,0,5.91904578393149
-470,-150,0,5.91904578393149
-450,-150,0,5.91904578393149
-430,-150,0,5.91904578393149
-410,-150,0,5.91904578393149
-390,-150,0,5.91904578393149
-370,-150,0,5.91904578393149
-350,-150,0,5.91904578393149
-330,-150,0,5.91904578393149
-310,-150,0,5.91904578393149
-290,-150,0,5.91904578393149
-270,-150,0,5.91904578393149
-250,-150,0,5.91904578393149
-230,-150,0,5.91904578393149
-210,-150,0,5.91904578393149
-190,-150,0,5.91904578393149
-170,-150,0,5.91904578393149
-150,-150,0,5.91904578393149
-130,-150,0,5.91904578393149
-110,-150,0,5.91904578393149
-90,-150,0,5.91904578393149
-70,-150,0,5.91904578393149
-50,-150,0,5.91904578393149
-30,-150,0,5.91904578393149
-10,-150,0,5.91904578393149
10,-150,0,5.91904578393149
30,-150,0,5.91904578393149
50,-150,0,5.91904578393149
70,-150,0,5.91904578393149
90,-150,0,5.91904578393149
110,-150,0,5.91904578393149
130,-150,0,5.91904578393149
150,-150,0,5.91904578393149
170,-150,0,5.91904578393149
190,-150,0,5.91904578393149
210,-150,0,5.91904578393149
230,-150,0,5.91904578393149
250,-150,0,5.91904578393149
270,-150,0,5.91904578393149
290,-150,0,5.91904578393149
310,-150,0,5.91904578393149
330,-150,0,5.91904578393149
350,-150,0,5.91904578393149
370,-150,0,5.91904578393149
390,-150,0,5.91904578393149
410,-150,0,5.91904578393149
430,-150,0,5.91904578393149
450,-150,0,5.91904578393149
470,-150,0,5.91904578393149
490,-150,0,5.91904578393149
510,-150,0,5.91904578393149
530,-150,0,5.91904578393149
550,-150,0,5.91904578393149
570,-150,0,5.91904578393149
590,-150,0,5.91904578393149
610,-150,0,5.91904578393149
630,-150,0,5.91904578393149
650,-150,0,5.91904578393149
670,-150,0,5.91904578393149
690,-150,0,5.91904578393149
710,-150,0,5.91904578393149
730,-150,0,5.91904578393149
750,-150,0,5.91904578393149
770,-150,0,5.91904578393149
790,-150,0,5.91904578393149
-790,-130,0,5.91904578393149
-770,-130,0,5.91904578393149
-750,-130,0,5.91904578393149
-730,-130,0,5.91904578393149
-710,-130,0,5.91904578393149
-690,-130,0,5.91904578393149
-670,-130,0,5.91904578393149
-650,-130,0,5.91904578393149
-630,-130,0,5.91904578393149
-610,-130,0,5.91904578393149
-590,-130,0,5.91904578393149
-570,-130,0,5.91904578393149
-550,-130,0,5.91904578393149
-530,-130,0,5.91904578393149
-510,-130,0,5.91904578393149
-490,-130,0,5.91904578393149
-470,-130,0,5.91904578393149
-450,-130,0,5.91904578393149
-430,-130,0,5.91904578393149
-410,-130,0,5.91904578393149
-390,-130,0,5.91904578393149
-370,-130,0,5.91904578393149
-350,-130,0,5.91904578393149
-330,-130,0,5.91904578393149
-310,-130,0,5.91904578393149
-290,-130,0,5.91904578393149
-270,-130,0,5.91904578393149
-250,-130,0,5.91904578393149
-230,-130,0,5.91904578393149
-210,-130,0,5.91904578393149
-190,-130,0,5.91904578393149
-170,-130,0,5.91904578393149
-150,-130,0,5.91904578393149
-130,-130,0,5.91904578393149
-110,-130,0,5.91904578393149
-90,-130,0,5.91904578393149
-70,-130,0,5.91904578393149
-50,-130,0,5.91904578393149
-30,-130,0,5.91904578393149
-10,-130,0,5.91904578393149
10,-130,0,5.91904578393149
30,-130,0,5.91904578393149
50,-130,0,5.91904578393149
70,-130,0,5.91904578393149
90,-130,0,5.91904578393149
110,-130,0,5.91904578393149
130,-130,0,5.91904578393149
150,-130,0,5.91904578393149
170,-130,0,5.91904578393149
190,-130,0,5.91904578393149
210,-130,0,5.91904578393149
230,-130,0,5.91904578393149
250,-130,0,5.91904578393149
270,-130,0,5.91904578393149
290,-130,0,5.91904578393149
310,-130,0,5.91904578393149
330,-130,0,5.91904578393149
350,-130,0,5.91904578393149
370,-130,0,5.91904578393149
390,-130,0,5.91904578393149
410,-130,0,5.91904578393149
430,-130,0,5.91904578393149
450,-130,0,5.91904578393149
470,-130,0,5.91904578393149
490,-130,0,5.91904578393149
510,-130,0,5.91904578393149
530,-130,0,5.91904578393149
550,-130,0,5.91904578393149
570,-130,0,5.91904578393149
590,-130,0,5.91904578393149
610,-130,0,5.91904578393149
630,-130,0,5.91904578393149
650,-130,0,5.91904578393149
670,-130,0,5.91904578393149
690,-130,0,5.91904578393149
710,-130,0,5.91904578393149
730,-130,0,5.91904578393149
750,-130,0,5.91904578393149
770,-130,0,5.91904578393149
790,-130,0,5.91904578393149
-790,-110,0,5.91904578393149
-770,-110,0,5.91904578393149
-750,-110,0,5.91904578393149
-730,-110,0,5.91904578393149
-710,-110,0,5.91904578393149
-690,-110,0,5.91904578393149
-670,-110,0,5.91904578393149
-650,-110,0,5.91904578393149
-630,-110,0,5.91904578393149
-610,-110,0,5.91904578393149
-590,-110,0,5.91904578393149
-570,-110,0,5.91904578393149
-550,-110,0,5.91904578393149
-530,-110,0,5.91904578393149
-510,-110,0,5.91904578393149
-490,-110,0,5.91904578393149
-470,-110,0,5.91904578393149
-450,-110,0,5.91904578393149
-430,-110,0,5.91904578393149
-410,-110,0,5.91904578393149
-390,-110,0,5.91904578393149
-370,-110,0,5.91904578393149
-350,-110,0,5.91904578393149
-330,-110,0,5.91904578393149
-310,-110,0,5.91904578393149
-290,-110,0,5.91904578393149
-270,-110,0,5.91904578393149
-250,-110,0,5.91904578393149
-230,-110,0,5.91904578393149
-210,-110,0,5.91904578393149
-190,-110,0,5.91904578393149
-170,-110,0,5.91904578393149
-150,-110,0,5.91904578393149
-130,-110,0,5.91904578393149
-110,-110,0,5.91904578393149
-90,-110,0,5.91904578393149
-70,-110,0,5.91904578393149
-50,-110,0,5.91904578393149
-30,-110,0,5.91904578393149
-10,-110,0,5.91904578393149
10,-110,0,5.91904578393149
30,-110,0,5.91904578393149
50,-110,0,5.91904578393149
70,-110,0,5.91904578393149
90,-110,0,5.91904578393149
110,-110,0,5.91904578393149
130,-110,0,5.91904578393149
150,-110,0,5.91904578393149
170,-110,0,5.91904578393149
190,-110,0,5.91904578393149
210,-110,0,5.91904578393149
230,-110,0,5.91904578393149
250,-110,0,5.91904578393149
270,-110,0,5.91904578393149
290,-110,0,5.91904578393149
310,-110,0,5.91904578393149
330,-110,0,5.91904578393149
350,-110,0,5.91904578393149
370,-110,0,5.91904578393149
390,-110,0,5.91904578393149
410,-110,0,5.91904578393149
430,-110,0,5.91904578393149
450,-110,0,5.91904578393149
470,-110,0,5.91904578393149
490,-110,0,5.91904578393149
510,-110,0,5.91904578393149
530,-110,0,5.91904578393149
550,-110,0,5.91904578393149
570,-110,0,5.91904578393149
590,-110,0,5.91904578393149
610,-110,0,5.91904578393149
630,-110,0,5.91904578393149
650,-110,0,5.91904578393149
670,-110,0,5.91904578393149
690,-110,0,5.91904578393149
710,-110,0,5.91904578393149
730,-110,0,5.91904578393149
750,-110,0,5.91904578393149
770,-110,0,5.91904578393149
790,-110,0,5.91904578393149
-790,-90,0,5.91904578393149
-770,-90,0,5.91904578393149
-750,-90,0,5.91904578393149
-730,-90,0,5.91904578393149
-710,-90,0,5.91904578393149
-690,-90,0,5.91904578393149
-670,-90,0,5.91904578393149
-650,-90,0,5.91904578393149
-630,-90,0,5.91904578393149
-610,-90,0,5.91904578393149
-590,-90,0,5.91904578393149
-570,-90,0,5.91904578393149
-550,-90,0,5.91904578393149
-530,-90,0,5.91904578393149
-510,-90,0,5.91904578393149
-490,-90,0,5.91904578393149
-470,-90,0,5.91904578393149
-450,-90,0,5.91904578393149
-430,-90,0,5.91904578393149
-410,-90,0,5.91904578393149
-390,-90,0,5.91904578393149
-370,-90,0,5.91904578393149
-350,-90,0,5.91904578393149
-330,-90,0,5.91904578393149
-310,-90,0,5.91904578393149
-290,-90,0,5.91904578393149
-270,-90,0,5.91904578393149
-250,-90,0,5.91904578393149
-230,-90,0,5.91904578393149
-210,-90,0,5.91904578393149
-190,-90,0,5.91904578393149
-170,-90,0,5.91904578393149
-150,-90,0,5.91904578393149
-130,-90,0,5.91904578393149
-110,-90,0,5.91904578393149
-90,-90,0,5.91904578393149
-70,-90,0,5.91904578393149
-50,-90,0,5.91904578393149
-30,-90,0,5.91904578393149
-10,-90,0,5.91904578393149
10,-90,0,5.91904578393149
30,-90,0,5.91904578393149
50,-90,0,5.91904578393149
70,-90,0,5.91904578393149
90,-90,0,5.91904578393149
110,-90,0,5.91904578393149
130,-90,0,5.91904578393149
150,-90,0,5.91904578393149
170,-90,0,5.91904578393149
190,-90,0,5.91904578393149
210,-90,0,5.91904578393149
230,-90,0,5.91904578393149
250,-90,0,5.91904578393149
270,-90,0,5.91904578393149
290,-90,0,5.91904578393149
310,-90,0,5.91904578393149
330,-90,0,5.91904578393149
350,-90,0,5.91904578393149
370,-90,0,5.91904578393149
390,-90,0,5.91904578393149
410,-90,0,5.91904578393149
430,-90,0,5.91904578393149
450,-90,0,5.91904578393149
470,-90,0,5.91904578393149
490,-90,0,5.91904578393149
510,-90,0,5.91904578393149
530,-90,0,5.91904578393149
550,-90,0,5.91904578393149
570,-90,0,5.91904578393149
590,-90,0,5.91904578393149
610,-90,0,5.91904578393149
630,-90,0,5.91904578393149
650,-90,0,5.91904578393149
670,-90,0,5.91904578393149
690,-90,0,5.91904578393149
710,-90,0,5.91904578393149
730,-90,0,5.91904578393149
750,-90,0,5.91904578393149
770,-90,0,5.91904578393149
790,-90,0,5.91904578393149
-790,-70,0,5.91904578393149
-770,-70,0,5.91904578393149
-750,-70,0,5.91904578393149
-730,-70,0,5.91904578393149
-710,-70,0,5.91904578393149
-690,-70,0,5.91904578393149
-670,-70,0,5.91904578393149
-650,-70,0,5.91904578393149
-630,-70,0,5.91904578393149
-610,-70,0,5.91904578393149
-590,-70,0,5.91904578393149
-570,-70,0,5.91904578393149
-550,-70,0,5.91904578393149
-530,-70,0,5.91904578393149
-510,-70,0,5.91904578393149
-490,-70,0,5.91904578393149
-470,-70,0,5.91904578393149
-450,-70,0,5.91904578393149
-430,-70,0,5.91904578393149
-410,-70,0,5.91904578393149
-390,-70,0,5.91904578393149
-370,-70,0,5.91904578393149
-350,-70,0,5.91904578393149
-330,-70,0,5.91904578393149
-310,-70,0,5.91904578393149
-290,-70,0,5.91904578393149
-270,-70,0,5.91904578393149
-250,-70,0,5.91904578393149
-230,-70,0,5.91904578393149
-210,-70,0,5.91904578393149
-190,-70,0,5.91904578393149
-170,-70,0,5.91904578393149
-150,-70,0,5.91904578393149
-130,-70,0,5.91904578393149
-110,-70,0,5.91904578393149
-90,-70,0,5.91904578393149
-70,-70,0,5.91904578393149
-50,-70,0,5.91904578393149
-30,-70,0,5.91904578393149
-10,-70,0,5.91904578393149
10,-70,0,5.91904578393149
30,-70,0,5.91904578393149
50,-70,0,5.91904578393149
70,-70,0,5.91904578393149
90,-70,0,5.91904578393149
110,-70,0,5.91904578393149
130,-70,0,5.91904578393149
150,-70,0,5.91904578393149
170,-70,0,5.91904578393149
190,-70,0,5.91904578393149
210,-70,0,5.91904578393149
230,-70,0,5.91904578393149
250,-70,0,5.91904578393149
270,-70,0,5.91904578393149
290,-70,0,5.91904578393149
310,-70,0,5.91904578393149
330,-70,0,5.91904578393149
350,-70,0,5.91904578393149
370,-70,0,5.91904578393149
390,-70,0,5.91904578393149
410,-70,0,5.91904578393149
430,-70,0,5.91904578393149
450,-70,0,5.91904578393149
470,-70,0,5.91904578393149
490,-70,0,5.91904578393149
510,-70,0,5.91904578393149
530,-70,0,5.91904578393149
550,-70,0,5.91904578393149
570,-70,0,5.91904578393149
590,-70,0,5.91904578393149
610,-70,0,5.91904578393149
630,-70,0,5.91904578393149
650,-70,0,5.91904578393149
670,-70,0,5.91904578393149
690,-70,0,5.91904578393149
710,-70,0,5.91904578393149
730,-70,0,5.91904578393149
750,-70,0,5.91904578393149
770,-70,0,5.91904578393149
790,-70,0,5.91904578393149
-790,-50,0,5.91904578393149
-770,-50,0,5.91904578393149
-750,-50,0,5.91904578393149
-730,-50,0,5.91904578393149
-710,-50,0,5.91904578393149
-690,-50,0,5.91904578393149
-670,-50,0,5.91904578393149
-650,-50,0,5.91904578393149
-630,-50,0,5.91904578393149
-610,-50,0,5.91904578393149
-590,-50,0,5.91904578393149
-570,-50,0,5.91904578393149
-550,-50,0,5.91904578393149
-530,-50,0,5.91904578393149
-510,-50,0,5.91904578393149
-490,-50,0,5.91904578393149
-470,-50,0,5.91904578393149
-450,-50,0,5.91904578393149
-430,-50,0,5.91904578393149
-410,-50,0,5.91904578393149
-390,-50,0,5.91904578393149
-370,-50,0,5.91904578393149
-350,-50,0,5.91904578393149
-330,-50,0,5.91904578393149
-310,-50,0,5.91904578393149
-290,-50,0,5.91904578393149
-270,-50,0,5.91904578393149
-250,-50,0,5.91904578393149
-230,-50,0,5.91904578393149
-210,-50,0,5.91904578393149
-190,-50,0,5.91904578393149
-170,-50,0,5.91904578393149
-150,-50,0,5.91904578393149
-130,-50,0,5.91904578393149
-110,-50,0,5.91904578393149
-90,-50,0,5.91904578393149
-70,-50,0,5.91904578393149
-50,-50,0,5.91904578393149
-30,-50,0,5.91904578393149
-10,-50,0,5.91904578393149
10,-50,0,5.91904578393149
30,-50,0,5.91904578393149
50,-50,0,5.91904578393149
70,-50,0,5.91904578393149
90,-50,0,5.91904578393149
110,-50,0,5.91904578393149
130,-50,0,5.91904578393149
150,-50,0,5.91904578393149
170,-50,0,5.91904578393149
190,-50,0,5.91904578393149
210,-50,0,5.91904578393149
230,-50,0,5.91904578393149
250,-50,0,5.91904578393149
270,-50,0,5.91904578393149
290,-50,0,5.91904578393149
310,-50,0,5.91904578393149
330,-50,0,5.91904578393149
350,-50,0,5.91904578393149
370,-50,0,5.91904578393149
390,-50,0,5.91904578393149
410,-50,0,5.91904578393149
430,-50,0,5.91904578393149
450,-50,0,5.91904578393149
470,-50,0,5.91904578393149
490,-50,0,5.91904578393149
510,-50,0,5.91904578393149
530,-50,0,5.91904578393149
550,-50,0,5.91904578393149
570,-50,0,5.91904578393149
590,-50,0,5.91904578393149
610,-50,0,5.91904578393149
630,-50,0,5.91904578393149
650,-50,0,5.91904578393149
670,-50,0,5.91904578393149
690,-50,0,5.91904578393149
710,-50,0,5.91904578393149
730,-50,0,5.91904578393149
750,-50,0,5.91904578393149
770,-50,0,5.91904578393149
790,-50,0,5.91904578393149
-790,-30,0,5.91904578393149
-770,-30,0,5.91904578393149
-750,-30,0,5.91904578393149
-730,-30,0,5.91904578393149
-710,-30,0,5.91904578393149
-690,-30,0,5.91904578393149
-670,-30,0,5.91904578393149
-650,-30,0,5.91904578393149
-630,-30,0,5.91904578393149
-610,-30,0,5.91904578393149
-590,-30,0,5.91904578393149
-570,-30,0,5.91904578393149
-550,-30,0,5.91904578393149
-530,-30,0,5.91904578393149
-510,-30,0,5.91904578393149
-490,-30,0,5.91904578393149
-470,-30,0,5.91904578393149
-450,-30,0,5.91904578393149
-430,-30,0,5.91904578393149
-410,-30,0,5.91904578393149
-390,-30,0,5.91904578393149
-370,-30,0,5.91904578393149
-350,-30,0,5.91904578393149
-330,-30,0,5.91904578393149
-310,-30,0,5.91904578393149
-290,-30,0,5.91904578393149
-270,-30,0,5.91904578393149
-250,-30,0,5.91904578393149
-230,-30,0,5.91904578393149
-210,-30,0,5.91904578393149
-190,-30,0,5.91904578393149
-170,-30,0,5.91904578393149
-150,-30,0,5.91904578393149
-130,-30,0,5.91904578393149
-110,-30,0,5.91904578393149
-90,-30,0,5.91904578393149
-70,-30,0,5.91904578393149
-50,-30,0,5.91904578393149
-30,-30,0,5.91904578393149
-10,-30,0,5.91904578393149
10,-30,0,5.91904578393149
30,-30,0,5.91904578393149
50,-30,0,5.91904578393149
70,-30,0,5.91904578393149
90,-30,0,5.91904578393149
110,-30,0,5.91904578393149
130,-30,0,5.91904578393149
150,-30,0,5.91904578393149
170,-30,0,5.91904578393149
190,-30,0,5.91904578393149
210,-30,0,5.91904578393149
230,-30,0,5.91904578393149
250,-30,0,5.91904578393149
270,-30,0,5.91904578393149
290,-30,0,5.91904578393149
310,-30,0,5.91904578393149
330,-30,0,5.91904578393149
350,-30,0,5.91904578393149
370,-30,0,5.91904578393149
390,-30,0,5.91904578393149
410,-30,0,5.91904578393149
430,-30,0,5.91904578393149
450,-30,0,5.91904578393149
470,-30,0,5.91904578393149
490,-30,0,5.91904578393149
510,-30,0,5.91904578393149
530,-30,0,5.91904578393149
550,-30,0,5.91904578393149
570,-30,0,5.91904578393149
590,-30,0,5.91904578393149
610,-30,0,5.91904578393149
630,-30,0,5.91904578393149
650,-30,0,5.91904578393149
670,-30,0,5.91904578393149
690,-30,0,5.91904578393149
710,-30,0,5.91904578393149
730,-30,0,5.91904578393149
750,-30,0,5.91904578393149
770,-30,0,5.91904578393149
790,-30,0,5.91904578393149
-790,-10,0,5.91904578393149
-770,-10,0,5.91904578393149
-750,-10,0,5.91904578393149
-730,-10,0,5.91904578393149
-710,-10,0,5.91904578393149
-690,-10,0,5.91904578393149
-670,-10,0,5.91904578393149
-650,-10,0,5.91904578393149
-630,-10,0,5.91904578393149
-610,-10,0,5.91904578393149
-590,-10,0,5.91904578393149
-570,-10,0,5.91904578393149
-550,-10,0,5.91904578393149
-530,-10,0,5.91904578393149
-510,-10,0,5.91904578393149
-490,-10,0,5.91904578393149
-470,-10,0,5.91904578393149
-450,-10,0,5.91904578393149
-430,-10,0,5.91904578393149
-410,-10,0,5.91904578393149
-390,-10,0,5.91904578393149
-370,-10,0,5.91904578393149
-350,-10,0,5.91904578393149
-330,-10,0,5.91904578393149
-310,-10,0,5.91904578393149
-290,-10,0,5.91904578393149
-270,-10,0,5.91904578393149
-250,-10,0,5.91904578393149
-230,-10,0,5.91904578393149
-210,-10,0,5.91904578393149
-190,-10,0,5.91904578393149
-170,-10,0,5.91904578393149
-150,-10,0,5.91904578393149
-130,-10,0,5.91904578393149
-110,-10,0,5.91904578393149
-90,-10,0,5.91904578393149
-70,-10,0,5.91904578393149
-50,-10,0,5.91904578393149
-30,-10,0,5.91904578393149
-10,-10,0,5.91904578393149
10,-10,0,5.91904578393149
30,-10,0,5.91904578393149
50,-10,0,5.91904578393149
70,-10,0,5.91904578393149
90,-10,0,5.91904578393149
110,-10,0,5.91904578393149
130,-10,0,5.91904578393149
150,-10,0,5.91904578393149
170,-10,0,5.91904578393149
190,-10,0,5.91904578393149
210,-10,0,5.91904578393149
230,-10,0,5.91904578393149
250,-10,0,5.91904578393149
270,-10,0,5.91904578393149
290,-10,0,5.91904578393149
310,-10,0,5.91904578393149
330,-10,0,5.91904578393149
350,-10,0,5.91904578393149
370,-10,0,5.91904578393149
390,-10,0,5.91904578393149
410,-10,0,5.91904578393149
430,-10,0,5.91904578393149
450,-10,0,5.91904578393149
470,-10,0,5.91904578393149
490,-10,0,5.91904578393149
510,-10,0,5.91904578393149
530,-10,0,5.91904578393149
550,-10,0,5.91904578393149
570,-10,0,5.91904578393149
590,-10,0,5.91904578393149
610,-10,0,5.91904578393149
630,-10,0,5.91904578393149
650,-10,0,5.91904578393149
670,-10,0,5.91904578393149
690,-10,0,5.91904578393149
710,-10,0,5.91904578393149
730,-10,0,5.91904578393149
750,-10,0,5.91904578393149
770,-10,0,5.91904578393149
790,-10,0,5.91904578393149
-790,10,0,5.91904578393149
-770,10,0,5.91904578393149
-750,10,0,5.91904578393149
-730,10,0,5.91904578393149
-710,10,0,5.91904578393149
-690,10,0,5.91904578393149
-670,10,0,5.91904578393149
-650,10,0,5.91904578393149
-630,10,0,5.91904578393149
-610,10,0,5.91904578393149
-590,10,0,5.91904578393149
-570,10,0,5.91904578393149
-550,10,0,5.91904578393149
-530,10,0,5.91904578393149
-510,10,0,5.91904578393149
-490,10,0,5.91904578393149
-470,10,0,5.91904578393149
-450,10,0,5.91904578393149
-430,10,0,5.91904578393149
-410,10,0,5.91904578393149
-390,10,0,5.91904578393149
-370,10,0,5.91904578393149
-350,10,0,5.91904578393149
-330,10,0,5.91904578393149
-310,10,0,5.91904578393149
-290,10,0,5.91904578393149
-270,10,0,5.91904578393149
-250,10,0,5.91904578393149
-230,10,0,5.91904578393149
-210,10,0,5.91904578393149
-190,10,0,5.91904578393149
-170,10,0,5.91904578393149
-150,10,0,5.91904578393149
-130,10,0,5.91904578393149
-110,10,0,5.91904578393149
-90,10,0,5.91904578393149
-70,10,0,5.91904578393149
-50,10,0,5.91904578393149
-30,10,0,5.91904578393149
-10,10,0,5.91904578393149
10,10,0,5.91904578393149
30,10,0,5.91904578393149
50,10,0,5.91904578393149
70,10,0,5.91904578393149
90,10,0,5.91904578393149
110,10,0,5.91904578393149
130,10,0,5.91904578393149
150,10,0,5.91904578393149
170,10,0,5.91904578393149
190,10,0,5.91904578393149
210,10,0,5.91904578393149
230,10,0,5.91904578393149
250,10,0,5.91904578393149
270,10,0,5.91904578393149
290,10,0,5.91904578393149
310,10,0,5.91904578393149
330,10,0,5.91904578393149
350,10,0,5.91904578393149
370,10,0,5.91904578393149
390,10,0,5.91904578393149
410,10,0,5.91904578393149
430,10,0,5.91904578393149
450,10,0,5.91904578393149
470,10,0,5.91904578393149
490,10,0,5.91904578393149
510,10,0,5.91904578393149
530,10,0,5.91904578393149
550,10,0,5.91904578393149
570,10,0,5.91904578393149
590,10,0,5.91904578393149
610,10,0,5.91904578393149
630,10,0,5.91904578393149
650,10,0,5.91904578393149
670,10,0,5.91904578393149
690,10,0,5.91904578393149
710,10,0,5.91904578393149
730,10,0,5.91904578393149
750,10,0,5.91904578393149
770,10,0,5.91904578393149
790,10,0,5.91904578393149
-790,30,0,5.91904578393149
-770,30,0,5.91904578393149
-750,30,0,5.91904578393149
-730,30,0,5.91904578393149
-710,30,0,5.91904578393149
-690,30,0,5.91904578393149
-670,30,0,5.91904578393149
-650,30,0,5.91904578393149
-630,30,0,5.91904578393149
-610,30,0,5.91904578393149
-590,30,0,5.91904578393149
-570,30,0,5.91904578393149
-550,30,0,5.91904578393149
-530,30,0,5.91904578393149
-510,30,0,5.91904578393149
-490,30,0,5.91904578393149
-470,30,0,5.91904578393149
-450,30,0,5.91904578393149
-430,30,0,5.91904578393149
-410,30,0,5.91904578393149
-390,30,0,5.91904578393149
-370,30,0,5.91904578393149
-350,30,0,5.91904578393149
-330,30,0,5.91904578393149
-310,30,0,5.91904578393149
-290,30,0,5.91904578393149
-270,30,0,5.91904578393149
-250,30,0,5.91904578393149
-230,30,0,5.91904578393149
-210,30,0,5.91904578393149
-190,30,0,5.91904578393149
-170,30,0,5.91904578393149
-150,30,0,5.91904578393149
-130,30,0,5.91904578393149
-110,30,0,5.91904578393149
-90,30,0,5.91904578393149
-70,30,0,5.91904578393149
-50,30,0,5.91904578393149
-30,30,0,5.91904578393149
-10,30,0,5.91904578393149
10,30,0,5.91904578393149
30,30,0,5.91904578393149
50,30,0,5.91904578393149
70,30,0,5.91904578393149
90,30,0,5.91904578393149
110,30,0,5.91904578393149
130,30,0,5.91904578393149
150,30,0,5.91904578393149
170,30,0,5.91904578393149
190,30,0,5.91904578393149
210,30,0,5.91904578393149
230,30,0,5.91904578393149
250,30,0,5.91904578393149
270,30,0,5.91904578393149
290,30,0,5.91904578393149
310,30,0,5.91904578393149
330,30,0,5.91904578393149
350,30,0,5.91904578393149
370,30,0,5.91904578393149
390,30,0,5.91904578393149
410,30,0,5.91904578393149
430,30,0,5.91904578393149
450,30,0,5.91904578393149
470,30,0,5.91904578393149
490,30,0,5.91904578393149
510,30,0,5.91904578393149
530,30,0,5.91904578393149
550,30,0,5.91904578393149
570,30,0,5.91904578393149
590,30,0,5.91904578393149
610,30,0,5.91904578393149
630,30,0,5.91904578393149
650,30,0,5.91904578393149
670,30,0,5.91904578393149
690,30,0,5.91904578393149
710,30,0,5.91904578393149
730,30,0,5.91904578393149
750,30,0,5.91904578393149
770,30,0,5.91904578393149
790,30,0,5.91904578393149
-790,50,0,5.91904578393149
-770,50,0,5.91904578393149
-750,50,0,5.91904578393149
-730,50,0,5.91904578393149
-710,50,0,5.91904578393149
-690,50,0,5.91904578393149
-670,50,0,5.91904578393149
-650,50,0,5.91904578393149
-630,50,0,5.91904578393149
-610,50,0,5.91904578393149
-590,50,0,5.91904578393149
-570,50,0,5.91904578393149
-550,50,0,5.91904578393149
-530,50,0,5.91904578393149
-510,50,0,5.91904578393149
-490,50,0,5.91904578393149
-470,50,0,5.91904578393149
-450,50,0,5.91904578393149
-430,50,0,5.91904578393149
-410,50,0,5.91904578393149
-390,50,0,5.91904578393149
-370,50,0,5.91904578393149
-350,50,0,5.91904578393149
-330,50,0,5.91904578393149
-310,50,0,5.91904578393149
-290,50,0,5.91904578393149
-270,50,0,5.91904578393149
-250,50,0,5.91904578393149
-230,50,0,5.91904578393149
-210,50,0,5.91904578393149
-190,50,0,5.91904578393149
-170,50,0,5.91904578393149
-150,50,0,5.91904578393149
-130,50,0,5.91904578393149
-110,50,0,5.91904578393149
-90,50,0,5.91904578393149
-70,50,0,5.91904578393149
-50,50,0,5.91904578393149
-30,50,0,5.91904578393149
-10,50,0,5.91904578393149
10,50,0,5.91904578393149
30,50,0,5.91904578393149
50,50,0,5.91904578393149
70,50,0,5.91904578393149
90,50,0,5.91904578393149
110,50,0,5.91904578393149
130,50,0,5.91904578393149
150,50,0,5.91904578393149
170,50,0,5.91904578393149
190,50,0,5.91904578393149
210,50,0,5.91904578393149
230,50,0,5.91904578393149
250,50,0,5.91904578393149
270,50,0,5.91904578393149
290,50,0,5.91904578393149
310,50,0,5.91904578393149
330,50,0,5.91904578393149
350,50,0,5.91904578393149
370,50,0,5.91904578393149
390,50,0,5.91904578393149
410,50,0,5.91904578393149
430,50,0,5.91904578393149
450,50,0,5.91904578393149
470,50,0,5.91904578393149
490,50,0,5.91904578393149
510,50,0,5.91904578393149
530,50,0,5.91904578393149
550,50,0,5.91904578393149
570,50,0,5.91904578393149
590,50,0,5.91904578393149
610,50,0,5.91904578393149
630,50,0,5.91904578393149
650,50,0,5.91904578393149
670,50,0,5.91904578393149
690,50,0,5.91904578393149
710,50,0,5.91904578393149
730,50,0,5.91904578393149
750,50,0,5.91904578393149
770,50,0,5.91904578393149
790,50,0,5.91904578393149
-790,70,0,5.91904578393149
-770,70,0,5.91904578393149
-750,70,0,5.91904578393149
-730,70,0,5.91904578393149
-710,70,0,5.91904578393149
-690,70,0,5.91904578393149
-670,70,0,5.91904578393149
-650,70,0,5.91904578393149
-630,70,0,5.91904578393149
-610,70,0,5.91904578393149
-590,70,0,5.91904578393149
-570,70,0,5.91904578393149
-550,70,0,5.91904578393149
-530,70,0,5.91904578393149
-510,70,0,5.91904578393149
-490,70,0,5.91904578393149
-470,70,0,5.91904578393149
-450,70,0,5.91904578393149
-430,70,0,5.91904578393149
-410,70,0,5.91904578393149
-390,70,0,5.91904578393149
-370,70,0,5.91904578393149
-350,70,0,5.91904578393149
-330,70,0,5.91904578393149
-310,70,0,5.91904578393149
-290,70,0,5.91904578393149
-270,70,0,5.91904578393149
-250,70,0,5.91904578393149
-230,70,0,5.91904578393149
-210,70,0,5.91904578393149
-190,70,0,5.91904578393149
-170,70,0,5.91904578393149
-150,70,0,5.91904578393149
-130,70,0,5.91904578393149
-110,70,0,5.91904578393149
-90,70,0,5.91904578393149
-70,70,0,5.91904578393149
-50,70,0,5.91904578393149
-30,70,0,5.91904578393149
-10,70,0,5.91904578393149
10,70,0,5.91904578393149
30,70,0,5.91904578393149
50,70,0,5.91904578393149
70,70,0,5.91904578393149
90,70,0,5.91904578393149
110,70,0,5.91904578393149
130,70,0,5.91904578393149
150,70,0,5.91904578393149
170,70,0,5.91904578393149
190,70,0,5.91904578393149
210,70,0,5.91904578393149
230,70,0,5.91904578393149
250,70,0,5.91904578393149
270,70,0,5.91904578393149
290,70,0,5.91904578393149
310,70,0,5.91904578393149
330,70,0,5.91904578393149
350,70,0,5.91904578393149
370,70,0,5.91904578393149
390,70,0,5.91904578393149
410,70,0,5.91904578393149
430,70,0,5.91904578393149
450,70,0,5.91904578393149
470,70,0,5.91904578393149
490,70,0,5.91904578393149
510,70,0,5.91904578393149
530,70,0,5.91904578393149
550,70,0,5.91904578393149
570,70,0,5.91904578393149
590,70,0,5.91904578393149
610,70,0,5.91904578393149
630,70,0,5.91904578393149
650,70,0,5.91904578393149
670,70,0,5.91904578393149
690,70,0,5.91904578393149
710,70,0,5.91904578393149
730,70,0,5.91904578393149
750,70,0,5.91904578393149
770,70,0,5.91904578393149
790,70,0,5.91904578393149
-790,90,0,5.91904578393149
-770,90,0,5.91904578393149
-750,90,0,5.91904578393149
-730,90,0,5.91904578393149
-710,90,0,5.91904578393149
-690,90,0,5.91904578393149
-670,90,0,5.91904578393149
-650,90,0,5.91904578393149
-630,90,0,5.91904578393149
-610,90,0,5.91904578393149
-590,90,0,5.91904578393149
-570,90,0,5.91904578393149
-550,90,0,5.91904578393149
-530,90,0,5.91904578393149
-510,90,0,5.91904578393149
-490,90,0,5.91904578393149
-470,90,0,5.91904578393149
-450,90,0,5.91904578393149
-430,90,0,5.91904578393149
-410,90,0,5.91904578393149
-390,90,0,5.91904578393149
-370,90,0,5.91904578393149
-350,90,0,5.91904578393149
-330,90,0,5.91904578393149
-310,90,0,5.91904578393149
-290,90,0,5.91904578393149
-270,90,0,5.91904578393149
-250,90,0,5.91904578393149
-230,90,0,5.91904578393149
-210,90,0,5.91904578393149
-190,90,0,5.91904578393149
-170,90,0,5.91904578393149
-150,90,0,5.91904578393149
-130,90,0,5.91904578393149
-110,90,0,5.91904578393149
-90,90,0,5.91904578393149
-70,90,0,5.91904578393149
-50,90,0,5.91904578393149
-30,90,0,5.91904578393149
-10,90,0,5.91904578393149
10,90,0,5.91904578393149
30,90,0,5.91904578393149
50,90,0,5.91904578393149
70,90,0,5.91904578393149
90,90,0,5.91904578393149
110,90,0,5.91904578393149
130,90,0,5.91904578393149
150,90,0,5.91904578393149
170,90,0,5.91904578393149
190,90,0,5.91904578393149
210,90,0,5.91904578393149
230,90,0,5.91904578393149
250,90,0,5.91904578393149
270,90,0,5.91904578393149
290,90,0,5.91904578393149
310,90,0,5.91904578393149
330,90,0,5.91904578393149
350,90,0,5.91904578393149
370,90,0,5.91904578393149
390,90,0,5.91904578393149
410,90,0,5.91904578393149
430,90,0,5.91904578393149
450,90,0,5.91904578393149
470,90,0,5.91904578393149
490,90,0,5.91904578393149
510,90,0,5.91904578393149
530,90,0,5.91904578393149
550,90,0,5.91904578393149
570,90,0,5.91904578393149
590,90,0,5.91904578393149
610,90,0,5.91904578393149
630,90,0,5.91904578393149
650,90,0,5.91904578393149
670,90,0,5.91904578393149
690,90,0,5.91904578393149
710,90,0,5.91904578393149
730,90,0,5.91904578393149
750,90,0,5.91904578393149
770,90,0,5.91904578393149
790,90,0,5.91904578393149
-790,110,0,5.91904578393149
-770,110,0,5.91904578393149
-750,110,0,5.91904578393149
-730,110,0,5.91904578393149
-710,110,0,5.91904578393149
-690,110,0,5.91904578393149
-670,110,0,5.91904578393149
-650,110,0,5.91904578393149
-630,110,0,5.91904578393149
-610,110,0,5.91904578393149
-590,110,0,5.91904578393149
-570,110,0,5.91904578393149
-550,110,0,5.91904578393149
-530,110,0,5.91904578393149
-510,110,0,5.91904578393149
-490,110,0,5.91904578393149
-470,110,0,5.91904578393149
-450,110,0,5.91904578393149
-430,110,0,5.91904578393149
-410,110,0,5.91904578393149
-390,110,0,5.91904578393149
-370,110,0,5.91904578393149
-350,110,0,5.91904578393149
-330,110,0,5.91904578393149
-310,110,0,5.91904578393149
-290,110,0,5.91904578393149
-270,110,0,5.91904578393149
-250,110,0,5.91904578393149
-230,110,0,5.91904578393149
-210,110,0,5.91904578393149
-190,110,0,5.91904578393149
-170,110,0,5.91904578393149
-150,110,0,5.91904578393149
-130,110,0,5.91904578393149
-110,110,0,5.91904578393149
-90,110,0,5.91904578393149
-70,110,0,5.91904578393149
-50,110,0,5.91904578393149
-30,110,0,5.91904578393149
-10,110,0,5.91904578393149
10,110,0,5.91904578393149
30,110,0,5.91904578393149
50,110,0,5.91904578393149
70,110,0,5.91904578393149
90,110,0,5.91904578393149
110,110,0,5.91904578393149
130,110,0,5.91904578393149
150,110,0,5.91904578393149
170,110,0,5.91904578393149
190,110,0,5.91904578393149
210,110,0,5.91904578393149
230,110,0,5.91904578393149
250,110,0,5.91904578393149
270,110,0,5.91904578393149
290,110,0,5.91904578393149
310,110,0,5.91904578393149
330,110,0,5.91904578393149
350,110,0,5.91904578393149
370,110,0,5.91904578393149
390,110,0,5.91904578393149
410,110,0,5.91904578393149
430,110,0,5.91904578393149
450,110,0,5.91904578393149
470,110,0,5.91904578393149
490,110,0,5.91904578393149
510,110,0,5.91904578393149
530,110,0,5.91904578393149
550,110,0,5.91904578393149
570,110,0,5.91904578393149
590,110,0,5.91904578393149
610,110,0,5.91904578393149
630,110,0,5.91904578393149
650,110,0,5.91904578393149
670,110,0,5.91904578393149
690,110,0,5.91904578393149
710,110,0,5.91904578393149
730,110,0,5.91904578393149
750,110,0,5.91904578393149
770,110,0,5.91904578393149
790,110,0,5.91904578393149
-790,130,0,5.91904578393149
-770,130,0,5.91904578393149
-750,130,0,5.91904578393149
-730,130,0,5.91904578393149
-710,130,0,5.91904578393149
-690,130,0,5.91904578393149
-670,130,0,5.91904578393149
-650,130,0,5.91904578393149
-630,130,0,5.91904578393149
-610,130,0,5.91904578393149
-590,130,0,5.91904578393149
-570,130,0,5.91904578393149
-550,130,0,5.91904578393149
-530,130,0,5.91904578393149
-510,130,0,5.91904578393149
-490,130,0,5.91904578393149
-470,130,0,5.91904578393149
-450,130,0,5.91904578393149
-430,130,0,5.91904578393149
-410,130,0,5.91904578393149
-390,130,0,5.91904578393149
-370,130,0,5.91904578393149
-350,130,0,5.91904578393149
-330,130,0,5.91904578393149
-310,130,0,5.91904578393149
-290,130,0,5.91904578393149
-270,130,0,5.91904578393149
-250,130,0,5.91904578393149
-230,130,0,5.91904578393149
-210,130,0,5.91904578393149
-190,130,0,5.91904578393149
-170,130,0,5.91904578393149
-150,130,0,5.91904578393149
-130,130,0,5.91904578393149
-110,130,0,5.91904578393149
-90,130,0,5.91904578393149
-70,130,0,5.91904578393149
-50,130,0,5.91904578393149
-30,130,0,5.91904578393149
-10,130,0,5.91904578393149
10,130,0,5.91904578393149
30,130,0,5.91904578393149
50,130,0,5.91904578393149
70,130,0,5.91904578393149
90,130,0,5.91904578393149
110,130,0,5.91904578393149
130,130,0,5.91904578393149
150,130,0,5.91904578393149
170,130,0,5.91904578393149
190,130,0,5.91904578393149
210,130,0,5.91904578393149
230,130,0,5.91904578393149
250,130,0,5.91904578393149
270,130,0,5.91904578393149
290,130,0,5.91904578393149
310,130,0,5.91904578393149
330,130,0,5.91904578393149
350,130,0,5.91904578393149
370,130,0,5.91904578393149
390,130,0,5.91904578393149
410,130,0,5.91904578393149
430,130,0,5.91904578393149
450,130,0,5.91904578393149
470,130,0,5.91904578393149
490,130,0,5.91904578393149
510,130,0,5.91904578393149
530,130,0,5.91904578393149
550,130,0,5.91904578393149
570,130,0,5.91904578393149
590,130,0,5.91904578393149
610,130,0,5.91904578393149
630,130,0,5.91904578393149
650,130,0,5.91904578393149
670,130,0,5.91904578393149
690,130,0,5.91904578393149
710,130,0,5.91904578393149
730,130,0,5.91904578393149
750,130,0,5.91904578393149
770,130,0,5.91904578393149
790,130,0,5.91904578393149
-790,150,0,5.91904578393149
-770,150,0,5.91904578393149
-750,150,0,5.91904578393149
-730,150,0,5.91904578393149
-710,150,0,5.91904578393149
-690,150,0,5.91904578393149
-670,150,0,5.91904578393149
-650,150,0,5.91904578393149
-630,150,0,5.91904578393149
-610,150,0,5.91904578393149
-590,150,0,5.91904578393149
-570,150,0,5.91904578393149
-550,150,0,5.91904578393149
-530,150,0,5.91904578393149
-510,150,0,5.91904578393149
-490,150,0,5.91904578393149
-470,150,0,5.91904578393149
-450,150,0,5.91904578393149
-430,150,0,5.91904578393149
-410,150,0,5.91904578393149
-390,150,0,5.91904578393149
-370,150,0,5.91904578393149
-350,150,0,5.91904578393149
-330,150,0,5.91904578393149
-310,150,0,5.91904578393149
-290,150,0,5.91904578393149
-270,150,0,5.91904578393149
-250,150,0,5.91904578393149
-230,150,0,5.91904578393149
-210,150,0,5.91904578393149
-190,150,0,5.91904578393149
-170,150,0,5.91904578393149
-150,150,0,5.91904578393149
-130,150,0,5.91904578393149
-110,150,0,5.91904578393149
-90,150,0,5.91904578393149
-70,150,0,5.91904578393149
-50,150,0,5.91904578393149
-30,150,0,5.91904578393149
-10,150,0,5.91904578393149
10,150,0,5.91904578393149
30,150,0,5.91904578393149
50,150,0,5.91904578393149
70,150,0,5.91904578393149
90,150,0,5.91904578393149
110,150,0,5.91904578393149
130,150,0,5.91904578393149
150,150,0,5.91904578393149
170,150,0,5.91904578393149
190,150,0,5.91904578393149
210,150,0,5.91904578393149
230,150,0,5.91904578393149
250,150,0,5.91904578393149
270,150,0,5.91904578393149
290,150,0,5.91904578393149
310,150,0,5.91904578393149
330,150,0,5.91904578393149
350,150,0,5.91904578393149
370,150,0,5.91904578393149
390,150,0,5.91904578393149
410,150,0,5.91904578393149
430,150,0,5.91904578393149
450,150,0,5.91904578393149
470,150,0,5.91904578393149
490,150,0,5.91904578393149
510,150,0,5.91904578393149
530,150,0,5.91904578393149
550,150,0,5.91904578393149
570,150,0,5.91904578393149
590,150,0,5.91904578393149
610,150,0,5.91904578393149
630,150,0,5.91904578393149
650,150,0,5.91904578393149
670,150,0,5.91904578393149
690,150,0,5.91904578393149
710,150,0,5.91904578393149
730,150,0,5.91904578393149
750,150,0,5.91904578393149
770,150,0,5.91904578393149
790,150,0,5.91904578393149
-790,170,0,5.91904578393149
-770,170,0,5.91904578393149
-750,170,0,5.91904578393149
-730,170,0,5.91904578393149
-710,170,0,5.91904578393149
-690,170,0,5.91904578393149
-670,170,0,5.91904578393149
-650,170,0,5.91904578393149
-630,170,0,5.91904578393149
-610,170,0,5.91904578393149
-590,170,0,5.91904578393149
-570,170,0,5.91904578393149
-550,170,0,5.91904578393149
-530,170,0,5.91904578393149
-510,170,0,5.91904578393149
-490,170,0,5.91904578393149
-470,170,0,5.91904578393149
-450,170,0,5.91904578393149
-430,170,0,5.91904578393149
-410,170,0,5.91904578393149
-390,170,0,5.91904578393149
-370,170,0,5.91904578393149
-350,170,0,5.91904578393149
-330,170,0,5.91904578393149
-310,170,0,5.91904578393149
-290,170,0,5.91904578393149
-270,170,0,5.91904578393149
-250,170,0,5.91904578393149
-230,170,0,5.91904578393149
-210,170,0,5.91904578393149
-190,170,0,5.91904578393149
-170,170,0,5.91904578393149
-150,170,0,5.91904578393149
-130,170,0,5.91904578393149
-110,170,0,5.91904578393149
-90,170,0,5.91904578393149
-70,170,0,5.91904578393149
-50,170,0,5.91904578393149
-30,170,0,5.91904578393149
-10,170,0,5.91904578393149
10,170,0,5.91904578393149
30,170,0,5.91904578393149
50,170,0,5.91904578393149
70,170,0,5.91904578393149
90,170,0,5.91904578393149
110,170,0,5.91904578393149
130,170,0,5.91904578393149
150,170,0,5.91904578393149
170,170,0,5.91904578393149
190,170,0,5.91904578393149
210,170,0,5.91904578393149
230,170,0,5.91904578393149
250,170,0,5.91904578393149
270,170,0,5.91904578393149
290,170,0,5.91904578393149
310,170,0,5.91904578393149
330,170,0,5.91904578393149
350,170,0,5.91904578393149
370,170,0,5.91904578393149
390,170,0,5.91904578393149
410,170,0,5.91904578393149
430,170,0,5.91904578393149
450,170,0,5.91904578393149
470,170,0,5.91904578393149
490,170,0,5.91904578393149
510,170,0,5.91904578393149
530,170,0,5.91904578393149
550,170,0,5.91904578393149
570,170,0,5.91904578393149
590,170,0,5.91904578393149
610,170,0,5.91904578393149
630,170,0,5.91904578393149
650,170,0,5.91904578393149
670,170,0,5.91904578393149
690,170,0,5.91904578393149
710,170,0,5.91904578393149
730,170,0,5.91904578393149
750,170,0,5.91904578393149
770,170,0,5.91904578393149
790,170,0,5.91904578393149
-790,190,0,5.91904578393149
-770,190,0,5.91904578393149
-750,190,0,5.91904578393149
-730,190,0,5.91904578393149
-710,190,0,5.91904578393149
-690,190,0,5.91904578393149
-670,190,0,5.91904578393149
-650,190,0,5.91904578393149
-630,190,0,5.91904578393149
-610,190,0,5.91904578393149
-590,190,0,5.91904578393149
-570,190,0,5.91904578393149
-550,190,0,5.91904578393149
-530,190,0,5.91904578393149
-510,190,0,5.91904578393149
-490,190,0,5.91904578393149
-470,190,0,5.91904578393149
-450,190,0,5.91904578393149
-430,190,0,5.91904578393149
-410,190,0,5.91904578393149
-390,190,0,5.91904578393149
-370,190,0,5.91904578393149
-350,190,0,5.91904578393149
-330,190,0,5.91904578393149
-310,190,0,5.91904578393149
-290,190,0,5.91904578393149
-270,190,0,5.91904578393149
-250,190,0,5.91904578393149
-230,190,0,5.91904578393149
-210,190,0,5.91904578393149
-190,190,0,5.91904578393149
-170,190,0,5.91904578393149
-150,190,0,5.91904578393149
-130,190,0,5.91904578393149
-110,190,0,5.91904578393149
-90,190,0,5.91904578393149
-70,190,0,5.91904578393149
-50,190,0,5.91904578393149
-30,190,0,5.91904578393149
-10,190,0,5.91904578393149
10,190,0,5.91904578393149
30,190,0,5.91904578393149
50,190,0,5.91904578393149
70,190,0,5.91904578393149
90,190,0,5.91904578393149
110,190,0,5.91904578393149
130,190,0,5.91904578393149
150,190,0,5.91904578393149
170,190,0,5.91904578393149
190,190,0,5.91904578393149
210,190,0,5.91904578393149
230,190,0,5.91904578393149
250,190,0,5.91904578393149
270,190,0,5.91904578393149
290,190,0,5.91904578393149
310,190,0,5.91904578393149
330,190,0,5.91904578393149
350,190,0,5.91904578393149
370,190,0,5.91904578393149
390,190,0,5.91904578393149
410,190,0,5.91904578393149
430,190,0,5.91904578393149
450,190,0,5.91904578393149
470,190,0,5.91904578393149
490,190,0,5.91904578393149
510,190,0,5.91904578393149
530,190,0,5.91904578393149
550,190,0,5.91904578393149
570,190,0,5.91904578393149
590,190,0,5.91904578393149
610,190,0,5.91904578393149
630,190,0,5.91904578393149
650,190,0,5.91904578393149
670,190,0,5.91904578393149
690,190,0,5.91904578393149
710,190,0,5.91904578393149
730,190,0,5.91904578393149
750,190,0,5.91904578393149
770,190,0,5.91904578393149
790,190,0,5.91904578393149
-790,210,0,5.91904578393149
-770,210,0,5.91904578393149
-750,210,0,5.91904578393149
-730,210,0,5.91904578393149
-710,210,0,5.91904578393149
-690,210,0,5.91904578393149
-670,210,0,5.91904578393149
-650,210,0,5.91904578393149
-630,210,0,5.91904578393149
-610,210,0,5.91904578393149
-590,210,0,5.91904578393149
-570,210,0,5.91904578393149
-550,210,0,5.91904578393149
-530,210,0,5.91904578393149
-510,210,0,5.91904578393149
-490,210,0,5.91904578393149
-470,210,0,5.91904578393149
-450,210,0,5.91904578393149
-430,210,0,5.91904578393149
-410,210,0,5.91904578393149
-390,210,0,5.91904578393149
-370,210,0,5.91904578393149
-350,210,0,5.91904578393149
-330,210,0,5.91904578393149
-310,210,0,5.91904578393149
-290,210,0,5.91904578393149
-270,210,0,5.91904578393149
-250,210,0,5.91904578393149
-230,210,0,5.91904578393149
-210,210,0,5.91904578393149
-190,210,0,5.91904578393149
-170,210,0,5.91904578393149
-150,210,0,5.91904578393149
-130,210,0,5.91904578393149
-110,210,0,5.91904578393149
-90,210,0,5.91904578393149
-70,210,0,5.91904578393149
-50,210,0,5.91904578393149
-30,210,0,5.91904578393149
-10,210,0,5.91904578393149
10,210,0,5.91904578393149
30,210,0,5.91904578393149
50,210,0,5.91904578393149
70,210,0,5.91904578393149
90,210,0,5.91904578393149
110,210,0,5.91904578393149
130,210,0,5.91904578393149
150,210,0,5.91904578393149
170,210,0,5.91904578393149
190,210,0,5.91904578393149
210,210,0,5.91904578393149
230,210,0,5.91904578393149
250,210,0,5.91904578393149
270,210,0,5.91904578393149
290,210,0,5.91904578393149
310,210,0,5.91904578393149
330,210,0,5.91904578393149
350,210,0,5.91904578393149
370,210,0,5.91904578393149
390,210,0,5.91904578393149
410,210,0,5.91904578393149
430,210,0,5.91904578393149
450,210,0,5.91904578393149
470,210,0,5.91904578393149
490,210,0,5.91904578393149
510,210,0,5.91904578393149
530,210,0,5.91904578393149
550,210,0,5.91904578393149
570,210,0,5.91904578393149
590,210,0,5.91904578393149
610,210,0,5.91904578393149
630,210,0,5.91904578393149
650,210,0,5.91904578393149
670,210,0,5.91904578393149
690,210,0,5.91904578393149
710,210,0,5.91904578393149
730,210,0,5.91904578393149
750,210,0,5.91904578393149
770,210,0,5.91904578393149
790,210,0,5.91904578393149
-790,230,0,5.91904578393149
-770,230,0,5.91904578393149
-750,230,0,5.91904578393149
-730,230,0,5.91904578393149
-710,230,0,5.91904578393149
-690,230,0,5.91904578393149
-670,230,0,5.91904578393149
-650,230,0,5.91904578393149
-630,230,0,5.91904578393149
-610,230,0,5.91904578393149
-590,230,0,5.91904578393149
-570,230,0,5.91904578393149
-550,230,0,5.91904578393149
-530,230,0,5.91904578393149
-510,230,0,5.91904578393149
-490,230,0,5.91904578393149
-470,230,0,5.91904578393149
-450,230,0,5.91904578393149
-430,230,0,5.91904578393149
-410,230,0,5.91904578393149
-390,230,0,5.91904578393149
-370,230,0,5.91904578393149
-350,230,0,5.91904578393149
-330,230,0,5.91904578393149
-310,230,0,5.91904578393149
-290,230,0,5.91904578393149
-270,230,0,5.91904578393149
-250,230,0,5.91904578393149
-230,230,0,5.91904578393149
-210,230,0,5.91904578393149
-190,230,0,5.91904578393149
-170,230,0,5.91904578393149
-150,230,0,5.91904578393149
-130,230,0,5.91904578393149
-110,230,0,5.91904578393149
-90,230,0,5.91904578393149
-70,230,0,5.91904578393149
-50,230,0,5.91904578393149
-30,230,0,5.91904578393149
-10,230,0,5.91904578393149
10,230,0,5.91904578393149
30,230,0,5.91904578393149
50,230,0,5.91904578393149
70,230,0,5.91904578393149
90,230,0,5.91904578393149
110,230,0,5.91904578393149
130,230,0,5.91904578393149
150,230,0,5.91904578393149
170,230,0,5.91904578393149
190,230,0,5.91904578393149
210,230,0,5.91904578393149
230,230,0,5.91904578393149
250,230,0,5.91904578393149
270,230,0,5.91904578393149
290,230,0,5.91904578393149
310,230,0,5.91904578393149
330,230,0,5.91904578393149
350,230,0,5.91904578393149
370,230,0,5.91904578393149
390,230,0,5.91904578393149
410,230,0,5.91904578393149
430,230,0,5.91904578393149
450,230,0,5.91904578393149
470,230,0,5.91904578393149
490,230,0,5.91904578393149
510,230,0,5.91904578393149
530,230,0,5.91904578393149
550,230,0,5.91904578393149
570,230,0,5.91904578393149
590,230,0,5.91904578393149
610,230,0,5.91904578393149
630,230,0,5.91904578393149
650,230,0,5.91904578393149
670,230,0,5.91904578393149
690,230,0,5.91904578393149
710,230,0,5.91904578393149
730,230,0,5.91904578393149
750,230,0,5.91904578393149
770,230,0,5.91904578393149
790,230,0,5.91904578393149
-790,250,0,5.91904578393149
-770,250,0,5.91904578393149
-750,250,0,5.91904578393149
-730,250,0,5.91904578393149
-710,250,0,5.91904578393149
-690,250,0,5.91904578393149
-670,250,0,5.91904578393149
-650,250,0,5.91904578393149
-630,250,0,5.91904578393149
-610,250,0,5.91904578393149
-590,250,0,5.91904578393149
-570,250,0,5.91904578393149
-550,250,0,5.91904578393149
-530,250,0,5.91904578393149
-510,250,0,5.91904578393149
-490,250,0,5.91904578393149
-470,250,0,5.91904578393149
-450,250,0,5.91904578393149
-430,250,0,5.91904578393149
-410,250,0,5.91904578393149
-390,250,0,5.91904578393149
-370,250,0,5.91904578393149
-350,250,0,5.91904578393149
-330,250,0,5.91904578393149
-310,250,0,5.91904578393149
-290,250,0,5.91904578393149
-270,250,0,5.91904578393149
-250,250,0,5.91904578393149
-230,250,0,5.91904578393149
-210,250,0,5.91904578393149
-190,250,0,5.91904578393149
-170,250,0,5.91904578393149
-150,250,0,5.91904578393149
-130,250,0,5.91904578393149
-110,250,0,5.91904578393149
-90,250,0,5.91904578393149
-70,250,0,5.91904578393149
-50,250,0,5.91904578393149
-30,250,0,5.91904578393149
-10,250,0,5.91904578393149
10,250,0,5.91904578393149
30,250,0,5.91904578393149
50,250,0,5.91904578393149
70,250,0,5.91904578393149
90,250,0,5.91904578393149
110,250,0,5.91904578393149
130,250,0,5.91904578393149
150,250,0,5.91904578393149
170,250,0,5.91904578393149
190,250,0,5.91904578393149
210,250,0,5.91904578393149
230,250,0,5.91904578393149
250,250,0,5.91904578393149
270,250,0,5.91904578393149
290,250,0,5.91904578393149
310,250,0,5.91904578393149
330,250,0,5.91904578393149
350,250,0,5.91904578393149
370,250,0,5.91904578393149
390,250,0,5.91904578393149
410,250,0,5.91904578393149
430,250,0,5.91904578393149
450,250,0,5.91904578393149
470,250,0,5.91904578393149
490,250,0,5.91904578393149
510,250,0,5.91904578393149
530,250,0,5.91904578393149
550,250,0,5.91904578393149
570,250,0,5.91904578393149
590,250,0,5.91904578393149
610,250,0,5.91904578393149
630,250,0,5.91904578393149
650,250,0,5.91904578393149
670,250,0,5.91904578393149
690,250,0,5.91904578393149
710,250,0,5.91904578393149
730,250,0,5.91904578393149
750,250,0,5.91904578393149
770,250,0,5.91904578393149
790,250,0,5.91904578393149
-790,270,0,5.91904578393149
-770,270,0,5.91904578393149
-750,270,0,5.91904578393149
-730,270,0,5.91904578393149
-710,270,0,5.91904578393149
-690,270,0,5.91904578393149
-670,270,0,5.91904578393149
-650,270,0,5.91904578393149
-630,270,0,5.91904578393149
-610,270,0,5.91904578393149
-590,270,0,5.91904578393149
-570,270,0,5.91904578393149
-550,270,0,5.91904578393149
-530,270,0,5.91904578393149
-510,270,0,5.91904578393149
-490,270,0,5.91904578393149
-470,270,0,5.91904578393149
-450,270,0,5.91904578393149
-430,270,0,5.91904578393149
-410,270,0,5.91904578393149
-390,270,0,5.91904578393149
-370,270,0,5.91904578393149
-350,270,0,5.91904578393149
-330,270,0,5.91904578393149
-310,270,0,5.91904578393149
-290,270,0,5.91904578393149
-270,270,0,5.91904578393149
-250,270,0,5.91904578393149
-230,270,0,5.91904578393149
-210,270,0,5.91904578393149
-190,270,0,5.91904578393149
-170,270,0,5.91904578393149
-150,270,0,5.91904578393149
-130,270,0,5.91904578393149
-110,270,0,5.91904578393149
-90,270,0,5.91904578393149
-70,270,0,5.91904578393149
-50,270,0,5.91904578393149
-30,270,0,5.91904578393149
-10,270,0,5.91904578393149
10,270,0,5.91904578393149
30,270,0,5.91904578393149
50,270,0,5.91904578393149
70,270,0,5.91904578393149
90,270,0,5.91904578393149
110,270,0,5.91904578393149
130,270,0,5.91904578393149
150,270,0,5.91904578393149
170,270,0,5.91904578393149
190,270,0,5.91904578393149
210,270,0,5.91904578393149
230,270,0,5.91904578393149
250,270,0,5.91904578393149
270,270,0,5.91904578393149
290,270,0,5.91904578393149
310,270,0,5.91904578393149
330,270,0,5.91904578393149
350,270,0,5.91904578393149
370,270,0,5.91904578393149
390,270,0,5.91904578393149
410,270,0,5.91904578393149
430,270,0,5.91904578393149
450,270,0,5.91904578393149
470,270,0,5.91904578393149
490,270,0,5.91904578393149
510,270,0,5.91904578393149
530,270,0,5.91904578393149
550,270,0,5.91904578393149
570,270,0,5.91904578393149
590,270,0,5.91904578393149
610,270,0,5.91904578393149
630,270,0,5.91904578393149
650,270,0,5.91904578393149
670,270,0,5.91904578393149
690,270,0,5.91904578393149
710,270,0,5.91904578393149
730,270,0,5.91904578393149
750,270,0,5.91904578393149
770,270,0,5.91904578393149
790,270,0,5.91904578393149
-790,290,0,5.91904578393149
-770,290,0,5.91904578393149
-750,290,0,5.91904578393149
-730,290,0,5.91904578393149
-710,290,0,5.91904578393149
-690,290,0,5.91904578393149
-670,290,0,5.91904578393149
-650,290,0,5.91904578393149
-630,290,0,5.91904578393149
-610,290,0,5.91904578393149
-590,290,0,5.91904578393149
-570,290,0,5.91904578393149
-550,290,0,5.91904578393149
-530,290,0,5.91904578393149
-510,290,0,5.91904578393149
-490,290,0,5.91904578393149
-470,290,0,5.91904578393149
-450,290,0,5.91904578393149
-430,290,0,5.91904578393149
-410,290,0,5.91904578393149
-390,290,0,5.91904578393149
-370,290,0,5.91904578393149
-350,290,0,5.91904578393149
-330,290,0,5.91904578393149
-310,290,0,5.91904578393149
-290,290,0,5.91904578393149
-270,290,0,5.91904578393149
-250,290,0,5.91904578393149
-230,290,0,5.91904578393149
-210,290,0,5.91904578393149
-190,290,0,5.91904578393149
-170,290,0,5.91904578393149
-150,290,0,5.91904578393149
-130,290,0,5.91904578393149
-110,290,0,5.91904578393149
-90,290,0,5.91904578393149
-70,290,0,5.91904578393149
-50,290,0,5.91904578393149
-30,290,0,5.91904578393149
-10,290,0,5.91904578393149
10,290,0,5.91904578393149
30,290,0,5.91904578393149
50,290,0,5.91904578393149
70,290,0,5.91904578393149
90,290,0,5.91904578393149
110,290,0,5.91904578393149
130,290,0,5.91904578393149
150,290,0,5.91904578393149
170,290,0,5.91904578393149
190,290,0,5.91904578393149
210,290,0,5.91904578393149
230,290,0,5.91904578393149
250,290,0,5.91904578393149
270,290,0,5.91904578393149
290,290,0,5.91904578393149
310,290,0,5.91904578393149
330,290,0,5.91904578393149
350,290,0,5.91904578393149
370,290,0,5.91904578393149
390,290,0,5.91904578393149
410,290,0,5.91904578393149
430,290,0,5.91904578393149
450,290,0,5.91904578393149
470,290,0,5.91904578393149
490,290,0,5.91904578393149
510,290,0,5.91904578393149
530,290,0,5.91904578393149
550,290,0,5.91904578393149
570,290,0,5.91904578393149
590,290,0,5.91904578393149
610,290,0,5.91904578393149
630,290,0,5.91904578393149
650,290,0,5.91904578393149
670,290,0,5.91904578393149
690,290,0,5.91904578393149
710,290,0,5.91904578393149
730,290,0,5.91904578393149
750,290,0,5.91904578393149
770,290,0,5.91904578393149
790,290,0,5.91904578393149
-790,310,0,5.91904578393149
-770,310,0,5.91904578393149
-750,310,0,5.91904578393149
-730,310,0,5.91904578393149
-710,310,0,5.91904578393149
-690,310,0,5.91904578393149
-670,310,0,5.91904578393149
-650,310,0,5.91904578393149
-630,310,0,5.91904578393149
-610,310,0,5.91904578393149
-590,310,0,5.91904578393149
-570,310,0,5.91904578393149
-550,310,0,5.91904578393149
-530,310,0,5.91904578393149
-510,310,0,5.91904578393149
-490,310,0,5.91904578393149
-470,310,0,5.91904578393149
-450,310,0,5.91904578393149
-430,310,0,5.91904578393149
-410,310,0,5.91904578393149
-390,310,0,5.91904578393149
-370,310,0,5.91904578393149
-350,310,0,5.91904578393149
-330,310,0,5.91904578393149
-310,310,0,5.91904578393149
-290,310,0,5.91904578393149
-270,310,0,5.91904578393149
-250,310,0,5.91904578393149
-230,310,0,5.91904578393149
-210,310,0,5.91904578393149
-190,310,0,5.91904578393149
-170,310,0,5.91904578393149
-150,310,0,5.91904578393149
-130,310,0,5.91904578393149
-110,310,0,5.91904578393149
-90,310,0,5.91904578393149
-70,310,0,5.91904578393149
-50,310,0,5.91904578393149
-30,310,0,5.91904578393149
-10,310,0,5.91904578393149
10,310,0,5.91904578393149
30,310,0,5.91904578393149
50,310,0,5.91904578393149
70,310,0,5.91904578393149
90,310,0,5.91904578393149
110,310,0,5.91904578393149
130,310,0,5.91904578393149
150,310,0,5.91904578393149
170,310,0,5.91904578393149
190,310,0,5.91904578393149
210,310,0,5.91904578393149
230,310,0,5.91904578393149
250,310,0,5.91904578393149
270,310,0,5.91904578393149
290,310,0,5.91904578393149
310,310,0,5.91904578393149
330,310,0,5.91904578393149
350,310,0,5.91904578393149
370,310,0,5.91904578393149
390,310,0,5.91904578393149
410,310,0,5.91904578393149
430,310,0,5.91904578393149
450,310,0,5.91904578393149
470,310,0,5.91904578393149
490,310,0,5.91904578393149
510,310,0,5.91904578393149
530,310,0,5.91904578393149
550,310,0,5.91904578393149
570,310,0,5.91904578393149
590,310,0,5.91904578393149
610,310,0,5.91904578393149
630,310,0,5.91904578393149
650,310,0,5.91904578393149
670,310,0,5.91904578393149
690,310,0,5.91904578393149
710,310,0,5.91904578393149
730,310,0,5.91904578393149
750,310,0,5.91904578393149
770,310,0,5.91904578393149
790,310,0,5.91904578393149
-790,330,0,5.91904578393149
-770,330,0,5.91904578393149
-750,330,0,5.91904578393149
-730,330,0,5.91904578393149
-710,330,0,5.91904578393149
-690,330,0,5.91904578393149
-670,330,0,5.91904578393149
-650,330,0,5.91904578393149
-630,330,0,5.91904578393149
-610,330,0,5.91904578393149
-590,330,0,5.91904578393149
-570,330,0,5.91904578393149
-550,330,0,5.91904578393149
-530,330,0,5.91904578393149
-510,330,0,5.91904578393149
-490,330,0,5.91904578393149
-470,330,0,5.91904578393149
-450,330,0,5.91904578393149
-430,330,0,5.91904578393149
-410,330,0,5.91904578393149
-390,330,0,5.91904578393149
-370,330,0,5.91904578393149
-350,330,0,5.91904578393149
-330,330,0,5.91904578393149
-310,330,0,5.91904578393149
-290,330,0,5.91904578393149
-270,330,0,5.91904578393149
-250,330,0,5.91904578393149
-230,330,0,5.91904578393149
-210,330,0,5.91904578393149
-190,330,0,5.91904578393149
-170,330,0,5.91904578393149
-150,330,0,5.91904578393149
-130,330,0,5.91904578393149
-110,330,0,5.91904578393149
-90,330,0,5.91904578393149
-70,330,0,5.91904578393149
-50,330,0,5.91904578393149
-30,330,0,5.91904578393149
-10,330,0,5.91904578393149
10,330,0,5.91904578393149
30,330,0,5.91904578393149
50,330,0,5.91904578393149
70,330,0,5.91904578393149
90,330,0,5.91904578393149
110,330,0,5.91904578393149
130,330,0,5.91904578393149
150,330,0,5.91904578393149
170,330,0,5.91904578393149
190,330,0,5.91904578393149
210,330,0,5.91904578393149
230,330,0,5.91904578393149
250,330,0,5.91904578393149
270,330,0,5.91904578393149
290,330,0,5.91904578393149
310,330,0,5.91904578393149
330,330,0,5.91904578393149
350,330,0,5.91904578393149
370,330,0,5.91904578393149
390,330,0,5.91904578393149
410,330,0,5.91904578393149
430,330,0,5.91904578393149
450,330,0,5.91904578393149
470,330,0,5.91904578393149
490,330,0,5.91904578393149
510,330,0,5.91904578393149
530,330,0,5.91904578393149
550,330,0,5.91904578393149
570,330,0,5.91904578393149
590,330,0,5.91904578393149
610,330,0,5.91904578393149
630,330,0,5.91904578393149
650,330,0,5.91904578393149
670,330,0,5.91904578393149
690,330,0,5.91904578393149
710,330,0,5.91904578393149
730,330,0,5.91904578393149
750,330,0,5.91904578393149
770,330,0,5.91904578393149
790,330,0,5.91904578393149
-790,350,0,5.91904578393149
-770,350,0,5.91904578393149
-750,350,0,5.91904578393149
-730,350,0,5.91904578393149
-710,350,0,5.91904578393149
-690,350,0,5.91904578393149
-670,350,0,5.91904578393149
-650,350,0,5.91904578393149
-630,350,0,5.91904578393149
-610,350,0,5.91904578393149
-590,350,0,5.91904578393149
-570,350,0,5.91904578393149
-550,350,0,5.91904578393149
-530,350,0,5.91904578393149
-510,350,0,5.91904578393149
-490,350,0,5.91904578393149
-470,350,0,5.91904578393149
-450,350,0,5.91904578393149
-430,350,0,5.91904578393149
-410,350,0,5.91904578393149
-390,350,0,5.91904578393149
-370,350,0,5.91904578393149
-350,350,0,5.91904578393149
-330,350,0,5.91904578393149
-310,350,0,5.91904578393149
-290,350,0,5.91904578393149
-270,350,0,5.91904578393149
-250,350,0,5.91904578393149
-230,350,0,5.91904578393149
-210,350,0,5.91904578393149
-190,350,0,5.91904578393149
-170,350,0,5.91904578393149
-150,350,0,5.91904578393149
-130,350,0,5.91904578393149
-110,350,0,5.91904578393149
-90,350,0,5.91904578393149
-70,350,0,5.91904578393149
-50,350,0,5.91904578393149
-30,350,0,5.91904578393149
-10,350,0,5.91904578393149
10,350,0,5.91904578393149
30,350,0,5.91904578393149
50,350,0,5.91904578393149
70,350,0,5.91904578393149
90,350,0,5.91904578393149
110,350,0,5.91904578393149
130,350,0,5.91904578393149
150,350,0,5.91904578393149
170,350,0,5.91904578393149
190,350,0,5.91904578393149
210,350,0,5.91904578393149
230,350,0,5.91904578393149
250,350,0,5.91904578393149
270,350,0,5.91904578393149
290,350,0,5.91904578393149
310,350,0,5.91904578393149
330,350,0,5.91904578393149
350,350,0,5.91904578393149
370,350,0,5.91904578393149
390,350,0,5.91904578393149
410,350,0,5.91904578393149
430,350,0,5.91904578393149
450,350,0,5.91904578393149
470,350,0,5.91904578393149
490,350,0,5.91904578393149
510,350,0,5.91904578393149
530,350,0,5.91904578393149
550,350,0,5.91904578393149
570,350,0,5.91904578393149
590,350,0,5.91904578393149
610,350,0,5.91904578393149
630,350,0,5.91904578393149
650,350,0,5.91904578393149
670,350,0,5.91904578393149
690,350,0,5.91904578393149
710,350,0,5.91904578393149
730,350,0,5.91904578393149
750,350,0,5.91904578393149
770,350,0,5.91904578393149
790,350,0,5.91904578393149
-790,370,0,5.91904578393149
-770,370,0,5.91904578393149
-750,370,0,5.91904578393149
-730,370,0,5.91904578393149
-710,370,0,5.91904578393149
-690,370,0,5.91904578393149
-670,370,0,5.91904578393149
-650,370,0,5.91904578393149
-630,370,0,5.91904578393149
-610,370,0,5.91904578393149
-590,370,0,5.91904578393149
-570,370,0,5.91904578393149
-550,370,0,5.91904578393149
-530,370,0,5.91904578393149
-510,370,0,5.91904578393149
-490,370,0,5.91904578393149
-470,370,0,5.91904578393149
-450,370,0,5.91904578393149
-430,370,0,5.91904578393149
-410,370,0,5.91904578393149
-390,370,0,5.91904578393149
-370,370,0,5.91904578393149
-350,370,0,5.91904578393149
-330,370,0,5.91904578393149
-310,370,0,5.91904578393149
-290,370,0,5.91904578393149
-270,370,0,5.91904578393149
-250,370,0,5.91904578393149
-230,370,0,5.91904578393149
-210,370,0,5.91904578393149
-190,370,0,5.91904578393149
-170,370,0,5.91904578393149
-150,370,0,5.91904578393149
-130,370,0,5.91904578393149
-110,370,0,5.91904578393149
-90,370,0,5.91904578393149
-70,370,0,5.91904578393149
-50,370,0,5.91904578393149
-30,370,0,5.91904578393149
-10,370,0,5.91904578393149
10,370,0,5.91904578393149
30,370,0,5.91904578393149
50,370,0,5.91904578393149
70,370,0,5.91904578393149
90,370,0,5.91904578393149
110,370,0,5.91904578393149
130,370,0,5.91904578393149
150,370,0,5.91904578393149
170,370,0,5.91904578393149
190,370,0,5.91904578393149
210,370,0,5.91904578393149
230,370,0,5.91904578393149
250,370,0,5.91904578393149
270,370,0,5.91904578393149
290,370,0,5.91904578393149
310,370,0,5.91904578393149
330,370,0,5.91904578393149
350,370,0,5.91904578393149
370,370,0,5.91904578393149
390,370,0,5.91904578393149
410,370,0,5.91904578393149
430,370,0,5.91904578393149
450,370,0,5.91904578393149
470,370,0,5.91904578393149
490,370,0,5.91904578393149
510,370,0,5.91904578393149
530,370,0,5.91904578393149
550,370,0,5.91904578393149
570,370,0,5.91904578393149
590,370,0,5.91904578393149
610,370,0,5.91904578393149
630,370,0,5.91904578393149
650,370,0,5.91904578393149
670,370,0,5.91904578393149
690,370,0,5.91904578393149
710,370,0,5.91904578393149
730,370,0,5.91904578393149
750,370,0,5.91904578393149
770,370,0,5.91904578393149
790,370,0,5.91904578393149
-790,390,0,5.91904578393149
-770,390,0,5.91904578393149
-750,390,0,5.91904578393149
-730,390,0,5.91904578393149
-710,390,0,5.91904578393149
-690,390,0,5.91904578393149
-670,390,0,5.91904578393149
-650,390,0,5.91904578393149
-630,390,0,5.91904578393149
-610,390,0,5.91904578393149
-590,390,0,5.91904578393149
-570,390,0,5.91904578393149
-550,390,0,5.91904578393149
-530,390,0,5.91904578393149
-510,390,0,5.91904578393149
-490,390,0,5.91904578393149
-470,390,0,5.91904578393149
-450,390,0,5.91904578393149
-430,390,0,5.91904578393149
-410,390,0,5.91904578393149
-390,390,0,5.91904578393149
-370,390,0,5.91904578393149
-350,390,0,5.91904578393149
-330,390,0,5.91904578393149
-310,390,0,5.91904578393149
-290,390,0,5.91904578393149
-270,390,0,5.91904578393149
-250,390,0,5.91904578393149
-230,390,0,5.91904578393149
-210,390,0,5.91904578393149
-190,390,0,5.91904578393149
-170,390,0,5.91904578393149
-150,390,0,5.91904578393149
-130,390,0,5.91904578393149
-110,390,0,5.91904578393149
-90,390,0,5.91904578393149
-70,390,0,5.91904578393149
-50,390,0,5.91904578393149
-30,390,0,5.91904578393149
-10,390,0,5.91904578393149
10,390,0,5.91904578393149
30,390,0,5.91904578393149
50,390,0,5.91904578393149
70,390,0,5.91904578393149
90,390,0,5.91904578393149
110,390,0,5.91904578393149
130,390,0,5.91904578393149
150,390,0,5.91904578393149
170,390,0,5.91904578393149
190,390,0,5.91904578393149
210,390,0,5.91904578393149
230,390,0,5.91904578393149
250,390,0,5.91904578393149
270,390,0,5.91904578393149
290,390,0,5.91904578393149
310,390,0,5.91904578393149
330,390,0,5.91904578393149
350,390,0,5.91904578393149
370,390,0,5.91904578393149
390,390,0,5.91904578393149
410,390,0,5.91904578393149
430,390,0,5.91904578393149
450,390,0,5.91904578393149
470,390,0,5.91904578393149
490,390,0,5.91904578393149
510,390,0,5.91904578393149
530,390,0,5.91904578393149
550,390,0,5.91904578393149
570,390,0,5.91904578393149
590,390,0,5.91904578393149
610,390,0,5.91904578393149
630,390,0,5.91904578393149
650,390,0,5.91904578393149
670,390,0,5.91904578393149
690,390,0,5.91904578393149
710,390,0,5.91904578393149
730,390,0,5.91904578393149
750,390,0,5.91904578393149
770,390,0,5.91904578393149
790,390,0,5.91904578393149
-790,410,0,5.91904578393149
-770,410,0,5.91904578393149
-750,410,0,5.91904578393149
-730,410,0,5.91904578393149
-710,410,0,5.91904578393149
-690,410,0,5.91904578393149
-670,410,0,5.91904578393149
-650,410,0,5.91904578393149
-630,410,0,5.91904578393149
-610,410,0,5.91904578393149
-590,410,0,5.91904578393149
-570,410,0,5.91904578393149
-550,410,0,5.91904578393149
-530,410,0,5.91904578393149
-510,410,0,5.91904578393149
-490,410,0,5.91904578393149
-470,410,0,5.91904578393149
-450,410,0,5.91904578393149
-430,410,0,5.91904578393149
-410,410,0,5.91904578393149
-390,410,0,5.91904578393149
-370,410,0,5.91904578393149
-350,410,0,5.91904578393149
-330,410,0,5.91904578393149
-310,410,0,5.91904578393149
-290,410,0,5.91904578393149
-270,410,0,5.91904578393149
-250,410,0,5.91904578393149
-230,410,0,5.91904578393149
-210,410,0,5.91904578393149
-190,410,0,5.91904578393149
-170,410,0,5.91904578393149
-150,410,0,5.91904578393149
-130,410,0,5.91904578393149
-110,410,0,5.91904578393149
-90,410,0,5.91904578393149
-70,410,0,5.91904578393149
-50,410,0,5.91904578393149
-30,410,0,5.91904578393149
-10,410,0,5.91904578393149
10,410,0,5.91904578393149
30,410,0,5.91904578393149
50,410,0,5.91904578393149
70,410,0,5.91904578393149
90,410,0,5.91904578393149
110,410,0,5.91904578393149
130,410,0,5.91904578393149
150,410,0,5.91904578393149
170,410,0,5.91904578393149
190,410,0,5.91904578393149
210,410,0,5.91904578393149
230,410,0,5.91904578393149
250,410,0,5.91904578393149
270,410,0,5.91904578393149
290,410,0,5.91904578393149
310,410,0,5.91904578393149
330,410,0,5.91904578393149
350,410,0,5.91904578393149
370,410,0,5.91904578393149
390,410,0,5.91904578393149
410,410,0,5.91904578393149
430,410,0,5.91904578393149
450,410,0,5.91904578393149
470,410,0,5.91904578393149
490,410,0,5.91904578393149
510,410,0,5.91904578393149
530,410,0,5.91904578393149
550,410,0,5.91904578393149
570,410,0,5.91904578393149
590,410,0,5.91904578393149
610,410,0,5.91904578393149
630,410,0,5.91904578393149
650,410,0,5.91904578393149
670,410,0,5.91904578393149
690,410,0,5.91904578393149
710,410,0,5.91904578393149
730,410,0,5.91904578393149
750,410,0,5.91904578393149
770,410,0,5.91904578393149
790,410,0,5.91904578393149
-790,430,0,5.91904578393149
-770,430,0,5.91904578393149
-750,430,0,5.91904578393149
-730,430,0,5.91904578393149
-710,430,0,5.91904578393149
-690,430,0,5.91904578393149
-670,430,0,5.91904578393149
-650,430,0,5.91904578393149
-630,430,0,5.91904578393149
-610,430,0,5.91904578393149
-590,430,0,5.91904578393149
-570,430,0,5.91904578393149
-550,430,0,5.91904578393149
-530,430,0,5.91904578393149
-510,430,0,5.91904578393149
-490,430,0,5.91904578393149
-470,430,0,5.91904578393149
-450,430,0,5.91904578393149
-430,430,0,5.91904578393149
-410,430,0,5.91904578393149
-390,430,0,5.91904578393149
-370,430,0,5.91904578393149
-350,430,0,5.91904578393149
-330,430,0,5.91904578393149
-310,430,0,5.91904578393149
-290,430,0,5.91904578393149
-270,430,0,5.91904578393149
-250,430,0,5.91904578393149
-230,430,0,5.91904578393149
-210,430,0,5.91904578393149
-190,430,0,5.91904578393149
-170,430,0,5.91904578393149
-150,430,0,5.91904578393149
-130,430,0,5.91904578393149
-110,430,0,5.91904578393149
-90,430,0,5.91904578393149
-70,430,0,5.91904578393149
-50,430,0,5.91904578393149
-30,430,0,5.91904578393149
-10,430,0,5.91904578393149
10,430,0,5.91904578393149
30,430,0,5.91904578393149
50,430,0,5.91904578393149
70,430,0,5.91904578393149
90,430,0,5.91904578393149
110,430,0,5.91904578393149
130,430,0,5.91904578393149
150,430,0,5.91904578393149
170,430,0,5.91904578393149
190,430,0,5.91904578393149
210,430,0,5.91904578393149
230,430,0,5.91904578393149
250,430,0,5.91904578393149
270,430,0,5.91904578393149
290,430,0,5.91904578393149
310,430,0,5.91904578393149
330,430,0,5.91904578393149
350,430,0,5.91904578393149
370,430,0,5.91904578393149
390,430,0,5.91904578393149
410,430,0,5.91904578393149
430,430,0,5.91904578393149
450,430,0,5.91904578393149
470,430,0,5.91904578393149
490,430,0,5.91904578393149
510,430,0,5.91904578393149
530,430,0,5.91904578393149
550,430,0,5.91904578393149
570,430,0,5.91904578393149
590,430,0,5.91904578393149
610,430,0,5.91904578393149
630,430,0,5.91904578393149
650,430,0,5.91904578393149
670,430,0,5.91904578393149
690,430,0,5.91904578393149
710,430,0,5.91904578393149
730,430,0,5.91904578393149
750,430,0,5.91904578393149
770,430,0,5.91904578393149
790,430,0,5.91904578393149
-790,450,0,5.91904578393149
-770,450,0,5.91904578393149
-750,450,0,5.91904578393149
-730,450,0,5.91904578393149
-710,450,0,5.91904578393149
-690,450,0,5.91904578393149
-670,450,0,5.91904578393149
-650,450,0,5.91904578393149
-630,450,0,5.91904578393149
-610,450,0,5.91904578393149
-590,450,0,5.91904578393149
-570,450,0,5.91904578393149
-550,450,0,5.91904578393149
-530,450,0,5.91904578393149
-510,450,0,5.91904578393149
-490,450,0,5.91904578393149
-470,450,0,5.91904578393149
-450,450,0,5.91904578393149
-430,450,0,5.91904578393149
-410,450,0,5.91904578393149
-390,450,0,5.91904578393149
-370,450,0,5.91904578393149
-350,450,0,5.91904578393149
-330,450,0,5.91904578393149
-310,450,0,5.91904578393149
-290,450,0,5.91904578393149
-270,450,0,5.91904578393149
-250,450,0,5.91904578393149
-230,450,0,5.91904578393149
-210,450,0,5.91904578393149
-190,450,0,5.91904578393149
-170,450,0,5.91904578393149
-150,450,0,5.91904578393149
-130,450,0,5.91904578393149
-110,450,0,5.91904578393149
-90,450,0,5.91904578393149
-70,450,0,5.91904578393149
-50,450,0,5.91904578393149
-30,450,0,5.91904578393149
-10,450,0,5.91904578393149
10,450,0,5.91904578393149
30,450,0,5.91904578393149
50,450,0,5.91904578393149
70,450,0,5.91904578393149
90,450,0,5.91904578393149
110,450,0,5.91904578393149
130,450,0,5.91904578393149
150,450,0,5.91904578393149
170,450,0,5.91904578393149
190,450,0,5.91904578393149
210,450,0,5.91904578393149
230,450,0,5.91904578393149
250,450,0,5.91904578393149
270,450,0,5.91904578393149
290,450,0,5.91904578393149
310,450,0,5.91904578393149
330,450,0,5.91904578393149
350,450,0,5.91904578393149
370,450,0,5.91904578393149
390,450,0,5.91904578393149
410,450,0,5.91904578393149
430,450,0,5.91904578393149
450,450,0,5.91904578393149
470,450,0,5.91904578393149
490,450,0,5.91904578393149
510,450,0,5.91904578393149
530,450,0,5.91904578393149
550,450,0,5.91904578393149
570,450,0,5.91904578393149
590,450,0,5.91904578393149
610,450,0,5.91904578393149
630,450,0,5.91904578393149
650,450,0,5.91904578393149
670,450,0,5.91904578393149
690,450,0,5.91904578393149
710,450,0,5.91904578393149
730,450,0,5.91904578393149
750,450,0,5.91904578393149
770,450,0,5.91904578393149
790,450,0,5.91904578393149
-790,470,0,5.91904578393149
-770,470,0,5.91904578393149
-750,470,0,5.91904578393149
-730,470,0,5.91904578393149
-710,470,0,5.91904578393149
-690,470,0,5.91904578393149
-670,470,0,5.91904578393149
-650,470,0,5.91904578393149
-630,470,0,5.91904578393149
-610,470,0,5.91904578393149
-590,470,0,5.91904578393149
-570,470,0,5.91904578393149
-550,470,0,5.91904578393149
-530,470,0,5.91904578393149
-510,470,0,5.91904578393149
-490,470,0,5.91904578393149
-470,470,0,5.91904578393149
-450,470,0,5.91904578393149
-430,470,0,5.91904578393149
-410,470,0,5.91904578393149
-390,470,0,5.91904578393149
-370,470,0,5.91904578393149
-350,470,0,5.91904578393149
-330,470,0,5.91904578393149
-310,470,0,5.91904578393149
-290,470,0,5.91904578393149
-270,470,0,5.91904578393149
-250,470,0,5.91904578393149
-230,470,0,5.91904578393149
-210,470,0,5.91904578393149
-190,470,0,5.91904578393149
-170,470,0,5.91904578393149
-150,470,0,5.91904578393149
-130,470,0,5.91904578393149
-110,470,0,5.91904578393149
-90,470,0,5.91904578393149
-70,470,0,5.91904578393149
-50,470,0,5.91904578393149
-30,470,0,5.91904578393149
-10,470,0,5.91904578393149
10,470,0,5.91904578393149
30,470,0,5.91904578393149
50,470,0,5.91904578393149
70,470,0,5.91904578393149
90,470,0,5.91904578393149
110,470,0,5.91904578393149
130,470,0,5.91904578393149
150,470,0,5.91904578393149
170,470,0,5.91904578393149
190,470,0,5.91904578393149
210,470,0,5.91904578393149
230,470,0,5.91904578393149
250,470,0,5.91904578393149
270,470,0,5.91904578393149
290,470,0,5.91904578393149
310,470,0,5.91904578393149
330,470,0,5.91904578393149
350,470,0,5.91904578393149
370,470,0,5.91904578393149
390,470,0,5.91904578393149
410,470,0,5.91904578393149
430,470,0,5.91904578393149
450,470,0,5.91904578393149
470,470,0,5.91904578393149
490,470,0,5.91904578393149
510,470,0,5.91904578393149
530,470,0,5.91904578393149
550,470,0,5.91904578393149
570,470,0,5.91904578393149
590,470,0,5.91904578393149
610,470,0,5.91904578393149
630,470,0,5.91904578393149
650,470,0,5.91904578393149
670,470,0,5.91904578393149
690,470,0,5.91904578393149
710,470,0,5.91904578393149
730,470,0,5.91904578393149
750,470,0,5.91904578393149
770,470,0,5.91904578393149
790,470,0,5.91904578393149
-790,490,0,5.91904578393149
-770,490,0,5.91904578393149
-750,490,0,5.91904578393149
-730,490,0,5.91904578393149
-710,490,0,5.91904578393149
-690,490,0,5.91904578393149
-670,490,0,5.91904578393149
-650,490,0,5.91904578393149
-630,490,0,5.91904578393149
-610,490,0,5.91904578393149
-590,490,0,5.91904578393149
-570,490,0,5.91904578393149
-550,490,0,5.91904578393149
-530,490,0,5.91904578393149
-510,490,0,5.91904578393149
-490,490,0,5.91904578393149
-470,490,0,5.91904578393149
-450,490,0,5.91904578393149
-430,490,0,5.91904578393149
-410,490,0,5.91904578393149
-390,490,0,5.91904578393149
-370,490,0,5.91904578393149
-350,490,0,5.91904578393149
-330,490,0,5.91904578393149
-310,490,0,5.91904578393149
-290,490,0,5.91904578393149
-270,490,0,5.91904578393149
-250,490,0,5.91904578393149
-230,490,0,5.91904578393149
-210,490,0,5.91904578393149
-190,490,0,5.91904578393149
-170,490,0,5.91904578393149
-150,490,0,5.91904578393149
-130,490,0,5.91904578393149
-110,490,0,5.91904578393149
-90,490,0,5.91904578393149
-70,490,0,5.91904578393149
-50,490,0,5.91904578393149
-30,490,0,5.91904578393149
-10,490,0,5.91904578393149
10,490,0,5.91904578393149
30,490,0,5.91904578393149
50,490,0,5.91904578393149
70,490,0,5.91904578393149
90,490,0,5.91904578393149
110,490,0,5.91904578393149
130,490,0,5.91904578393149
150,490,0,5.91904578393149
170,490,0,5.91904578393149
190,490,0,5.91904578393149
210,490,0,5.91904578393149
230,490,0,5.91904578393149
250,490,0,5.91904578393149
270,490,0,5.91904578393149
290,490,0,5.91904578393149
310,490,0,5.91904578393149
330,490,0,5.91904578393149
350,490,0,5.91904578393149
370,490,0,5.91904578393149
390,490,0,5.91904578393149
410,490,0,5.91904578393149
430,490,0,5.91904578393149
450,490,0,5.91904578393149
470,490,0,5.91904578393149
490,490,0,5.91904578393149
510,490,0,5.91904578393149
530,490,0,5.91904578393149
550,490,0,5.91904578393149
570,490,0,5.91904578393149
590,490,0,5.91904578393149
610,490,0,5.91904578393149
630,490,0,5.91904578393149
650,490,0,5.91904578393149
670,490,0,5.91904578393149
690,490,0,5.91904578393149
710,490,0,5.91904578393149
730,490,0,5.91904578393149
750,490,0,5.91904578393149
770,490,0,5.91904578393149
790,490,0,5.91904578393149
-790,510,0,5.91904578393149
-770,510,0,5.91904578393149
-750,510,0,5.91904578393149
-730,510,0,5.91904578393149
-710,510,0,5.91904578393149
-690,510,0,5.91904578393149
-670,510,0,5.91904578393149
-650,510,0,5.91904578393149
-630,510,0,5.91904578393149
-610,510,0,5.91904578393149
-590,510,0,5.91904578393149
-570,510,0,5.91904578393149
-550,510,0,5.91904578393149
-530,510,0,5.91904578393149
-510,510,0,5.91904578393149
-490,510,0,5.91904578393149
-470,510,0,5.91904578393149
-450,510,0,5.91904578393149
-430,510,0,5.91904578393149
-410,510,0,5.91904578393149
-390,510,0,5.91904578393149
-370,510,0,5.91904578393149
-350,510,0,5.91904578393149
-330,510,0,5.91904578393149
-310,510,0,5.91904578393149
-290,510,0,5.91904578393149
-270,510,0,5.91904578393149
-250,510,0,5.91904578393149
-230,510,0,5.91904578393149
-210,510,0,5.91904578393149
-190,510,0,5.91904578393149
-170,510,0,5.91904578393149
-150,510,0,5.91904578393149
-130,510,0,5.91904578393149
-110,510,0,5.91904578393149
-90,510,0,5.91904578393149
-70,510,0,5.91904578393149
-50,510,0,5.91904578393149
-30,510,0,5.91904578393149
-10,510,0,5.91904578393149
10,510,0,5.91904578393149
30,510,0,5.91904578393149
50,510,0,5.91904578393149
70,510,0,5.91904578393149
90,510,0,5.91904578393149
110,510,0,5.91904578393149
130,510,0,5.91904578393149
150,510,0,5.91904578393149
170,510,0,5.91904578393149
190,510,0,5.91904578393149
210,510,0,5.91904578393149
230,510,0,5.91904578393149
250,510,0,5.91904578393149
270,510,0,5.91904578393149
290,510,0,5.91904578393149
310,510,0,5.91904578393149
330,510,0,5.91904578393149
350,510,0,5.91904578393149
370,510,0,5.91904578393149
390,510,0,5.91904578393149
410,510,0,5.91904578393149
430,510,0,5.91904578393149
450,510,0,5.91904578393149
470,510,0,5.91904578393149
490,510,0,5.91904578393149
510,510,0,5.91904578393149
530,510,0,5.91904578393149
550,510,0,5.91904578393149
570,510,0,5.91904578393149
590,510,0,5.91904578393149
610,510,0,5.91904578393149
630,510,0,5.91904578393149
650,510,0,5.91904578393149
670,510,0,5.91904578393149
690,510,0,5.91904578393149
710,510,0,5.91904578393149
730,510,0,5.91904578393149
750,510,0,5.91904578393149
770,510,0,5.91904578393149
790,510,0,5.91904578393149
-790,530,0,5.91904578393149
-770,530,0,5.91904578393149
-750,530,0,5.91904578393149
-730,530,0,5.91904578393149
-710,530,0,5.91904578393149
-690,530,0,5.91904578393149
-670,530,0,5.91904578393149
-650,530,0,5.91904578393149
-630,530,0,5.91904578393149
-610,530,0,5.91904578393149
-590,530,0,5.91904578393149
-570,530,0,5.91904578393149
-550,530,0,5.91904578393149
-530,530,0,5.91904578393149
-510,530,0,5.91904578393149
-490,530,0,5.91904578393149
-470,530,0,5.91904578393149
-450,530,0,5.91904578393149
-430,530,0,5.91904578393149
-410,530,0,5.91904578393149
-390,530,0,5.91904578393149
-370,530,0,5.91904578393149
-350,530,0,5.91904578393149
-330,530,0,5.91904578393149
-310,530,0,5.91904578393149
-290,530,0,5.91904578393149
-270,530,0,5.91904578393149
-250,530,0,5.91904578393149
-230,530,0,5.91904578393149
-210,530,0,5.91904578393149
-190,530,0,5.91904578393149
-170,530,0,5.91904578393149
-150,530,0,5.91904578393149
-130,530,0,5.91904578393149
-110,530,0,5.91904578393149
-90,530,0,5.91904578393149
-70,530,0,5.91904578393149
-50,530,0,5.91904578393149
-30,530,0,5.91904578393149
-10,530,0,5.91904578393149
10,530,0,5.91904578393149
30,530,0,5.91904578393149
50,530,0,5.91904578393149
70,530,0,5.91904578393149
90,530,0,5.91904578393149
110,530,0,5.91904578393149
130,530,0,5.91904578393149
150,530,0,5.91904578393149
170,530,0,5.91904578393149
190,530,0,5.91904578393149
210,530,0,5.91904578393149
230,530,0,5.91904578393149
250,530,0,5.91904578393149
270,530,0,5.91904578393149
290,530,0,5.91904578393149
310,530,0,5.91904578393149
330,530,0,5.91904578393149
350,530,0,5.91904578393149
370,530,0,5.91904578393149
390,530,0,5.91904578393149
410,530,0,5.91904578393149
430,530,0,5.91904578393149
450,530,0,5.91904578393149
470,530,0,5.91904578393149
490,530,0,5.91904578393149
510,530,0,5.91904578393149
530,530,0,5.91904578393149
550,530,0,5.91904578393149
570,530,0,5.91904578393149
590,530,0,5.91904578393149
610,530,0,5.91904578393149
630,530,0,5.91904578393149
650,530,0,5.91904578393149
670,530,0,5.91904578393149
690,530,0,5.91904578393149
710,530,0,5.91904578393149
730,530,0,5.91904578393149
750,530,0,5.91904578393149
770,530,0,5.91904578393149
790,530,0,5.91904578393149
-790,550,0,5.91904578393149
-770,550,0,5.91904578393149
-750,550,0,5.91904578393149
-730,550,0,5.91904578393149
-710,550,0,5.91904578393149
-690,550,0,5.91904578393149
-670,550,0,5.91904578393149
-650,550,0,5.91904578393149
-630,550,0,5.91904578393149
-610,550,0,5.91904578393149
-590,550,0,5.91904578393149
-570,550,0,5.91904578393149
-550,550,0,5.91904578393149
-530,550,0,5.91904578393149
-510,550,0,5.91904578393149
-490,550,0,5.91904578393149
-470,550,0,5.91904578393149
-450,550,0,5.91904578393149
-430,550,0,5.91904578393149
-410,550,0,5.91904578393149
-390,550,0,5.91904578393149
-370,550,0,5.91904578393149
-350,550,0,5.91904578393149
-330,550,0,5.91904578393149
-310,550,0,5.91904578393149
-290,550,0,5.91904578393149
-270,550,0,5.91904578393149
-250,550,0,5.91904578393149
-230,550,0,5.91904578393149
-210,550,0,5.91904578393149
-190,550,0,5.91904578393149
-170,550,0,5.91904578393149
-150,550,0,5.91904578393149
-130,550,0,5.91904578393149
-110,550,0,5.91904578393149
-90,550,0,5.91904578393149
-70,550,0,5.91904578393149
-50,550,0,5.91904578393149
-30,550,0,5.91904578393149
-10,550,0,5.91904578393149
10,550,0,5.91904578393149
30,550,0,5.91904578393149
50,550,0,5.91904578393149
70,550,0,5.91904578393149
90,550,0,5.91904578393149
110,550,0,5.91904578393149
130,550,0,5.91904578393149
150,550,0,5.91904578393149
170,550,0,5.91904578393149
190,550,0,5.91904578393149
210,550,0,5.91904578393149
230,550,0,5.91904578393149
250,550,0,5.91904578393149
270,550,0,5.91904578393149
290,550,0,5.91904578393149
310,550,0,5.91904578393149
330,550,0,5.91904578393149
350,550,0,5.91904578393149
370,550,0,5.91904578393149
390,550,0,5.91904578393149
410,550,0,5.91904578393149
430,550,0,5.91904578393149
450,550,0,5.91904578393149
470,550,0,5.91904578393149
490,550,0,5.91904578393149
510,550,0,5.91904578393149
530,550,0,5.91904578393149
550,550,0,5.91904578393149
570,550,0,5.91904578393149
590,550,0,5.91904578393149
610,550,0,5.91904578393149
630,550,0,5.91904578393149
650,550,0,5.91904578393149
670,550,0,5.91904578393149
690,550,0,5.91904578393149
710,550,0,5.91904578393149
730,550,0,5.91904578393149
750,550,0,5.91904578393149
770,550,0,5.91904578393149
790,550,0,5.91904578393149
-790,570,0,5.91904578393149
-770,570,0,5.91904578393149
-750,570,0,5.91904578393149
-730,570,0,5.91904578393149
-710,570,0,5.91904578393149
-690,570,0,5.91904578393149
-670,570,0,5.91904578393149
-650,570,0,5.91904578393149
-630,570,0,5.91904578393149
-610,570,0,5.91904578393149
-590,570,0,5.91904578393149
-570,570,0,5.91904578393149
-550,570,0,5.91904578393149
-530,570,0,5.91904578393149
-510,570,0,5.91904578393149
-490,570,0,5.91904578393149
-470,570,0,5.91904578393149
-450,570,0,5.91904578393149
-430,570,0,5.91904578393149
-410,570,0,5.91904578393149
-390,570,0,5.91904578393149
-370,570,0,5.91904578393149
-350,570,0,5.91904578393149
-330,570,0,5.91904578393149
-310,570,0,5.91904578393149
-290,570,0,5.91904578393149
-270,570,0,5.91904578393149
-250,570,0,5.91904578393149
-230,570,0,5.91904578393149
-210,570,0,5.91904578393149
-190,570,0,5.91904578393149
-170,570,0,5.91904578393149
-150,570,0,5.91904578393149
-130,570,0,5.91904578393149
-110,570,0,5.91904578393149
-90,570,0,5.91904578393149
-70,570,0,5.91904578393149
-50,570,0,5.91904578393149
-30,570,0,5.91904578393149
-10,570,0,5.91904578393149
10,570,0,5.91904578393149
30,570,0,5.91904578393149
50,570,0,5.91904578393149
70,570,0,5.91904578393149
90,570,0,5.91904578393149
110,570,0,5.91904578393149
130,570,0,5.91904578393149
150,570,0,5.91904578393149
170,570,0,5.91904578393149
190,570,0,5.91904578393149
210,570,0,5.91904578393149
230,570,0,5.91904578393149
250,570,0,5.91904578393149
270,570,0,5.91904578393149
290,570,0,5.91904578393149
310,570,0,5.91904578393149
330,570,0,5.91904578393149
350,570,0,5.91904578393149
370,570,0,5.91904578393149
390,570,0,5.91904578393149
410,570,0,5.91904578393149
430,570,0,5.91904578393149
450,570,0,5.91904578393149
470,570,0,5.91904578393149
490,570,0,5.91904578393149
510,570,0,5.91904578393149
530,570,0,5.91904578393149
550,570,0,5.91904578393149
570,570,0,5.91904578393149
590,570,0,5.91904578393149
610,570,0,5.91904578393149
630,570,0,5.91904578393149
650,570,0,5.91904578393149
670,570,0,5.91904578393149
690,570,0,5.91904578393149
710,570,0,5.91904578393149
730,570,0,5.91904578393149
750,570,0,5.91904578393149
770,570,0,5.91904578393149
790,570,0,5.91904578393149
-790,590,0,5.91904578393149
-770,590,0,5.91904578393149
-750,590,0,5.91904578393149
-730,590,0,5.91904578393149
-710,590,0,5.91904578393149
-690,590,0,5.91904578393149
-670,590,0,5.91904578393149
-650,590,0,5.91904578393149
-630,590,0,5.91904578393149
-610,590,0,5.91904578393149
-590,590,0,5.91904578393149
-570,590,0,5.91904578393149
-550,590,0,5.91904578393149
-530,590,0,5.91904578393149
-510,590,0,5.91904578393149
-490,590,0,5.91904578393149
-470,590,0,5.91904578393149
-450,590,0,5.91904578393149
-430,590,0,5.91904578393149
-410,590,0,5.91904578393149
-390,590,0,5.91904578393149
-370,590,0,5.91904578393149
-350,590,0,5.91904578393149
-330,590,0,5.91904578393149
-310,590,0,5.91904578393149
-290,590,0,5.91904578393149
-270,590,0,5.91904578393149
-250,590,0,5.91904578393149
-230,590,0,5.91904578393149
-210,590,0,5.91904578393149
-190,590,0,5.91904578393149
-170,590,0,5.91904578393149
-150,590,0,5.91904578393149
-130,590,0,5.91904578393149
-110,590,0,5.91904578393149
-90,590,0,5.91904578393149
-70,590,0,5.91904578393149
-50,590,0,5.91904578393149
-30,590,0,5.91904578393149
-10,590,0,5.91904578393149
10,590,0,5.91904578393149
30,590,0,5.91904578393149
50,590,0,5.91904578393149
70,590,0,5.91904578393149
90,590,0,5.91904578393149
110,590,0,5.91904578393149
130,590,0,5.91904578393149
150,590,0,5.91904578393149
170,590,0,5.91904578393149
190,590,0,5.91904578393149
210,590,0,5.91904578393149
230,590,0,5.91904578393149
250,590,0,5.91904578393149
270,590,0,5.91904578393149
290,590,0,5.91904578393149
310,590,0,5.91904578393149
330,590,0,5.91904578393149
350,590,0,5.91904578393149
370,590,0,5.91904578393149
390,590,0,5.91904578393149
410,590,0,5.91904578393149
430,590,0,5.91904578393149
450,590,0,5.91904578393149
470,590,0,5.91904578393149
490,590,0,5.91904578393149
510,590,0,5.91904578393149
530,590,0,5.91904578393149
550,590,0,5.91904578393149
570,590,0,5.91904578393149
590,590,0,5.91904578393149
610,590,0,5.91904578393149
630,590,0,5.91904578393149
650,590,0,5.91904578393149
670,590,0,5.91904578393149
690,590,0,5.91904578393149
710,590,0,5.91904578393149
730,590,0,5.91904578393149
750,590,0,5.91904578393149
770,590,0,5.91904578393149
790,590,0,5.91904578393149
-790,610,0,5.91904578393149
-770,610,0,5.91904578393149
-750,610,0,5.91904578393149
-730,610,0,5.91904578393149
-710,610,0,5.91904578393149
-690,610,0,5.91904578393149
-670,610,0,5.91904578393149
-650,610,0,5.91904578393149
-630,610,0,5.91904578393149
-610,610,0,5.91904578393149
-590,610,0,5.91904578393149
-570,610,0,5.91904578393149
-550,610,0,5.91904578393149
-530,610,0,5.91904578393149
-510,610,0,5.91904578393149
-490,610,0,5.91904578393149
-470,610,0,5.91904578393149
-450,610,0,5.91904578393149
-430,610,0,5.91904578393149
-410,610,0,5.91904578393149
-390,610,0,5.91904578393149
-370,610,0,5.91904578393149
-350,610,0,5.91904578393149
-330,610,0,5.91904578393149
-310,610,0,5.91904578393149
-290,610,0,5.91904578393149
-270,610,0,5.91904578393149
-250,610,0,5.91904578393149
-230,610,0,5.91904578393149
-210,610,0,5.91904578393149
-190,610,0,5.91904578393149
-170,610,0,5.91904578393149
-150,610,0,5.91904578393149
-130,610,0,5.91904578393149
-110,610,0,5.91904578393149
-90,610,0,5.91904578393149
-70,610,0,5.91904578393149
-50,610,0,5.91904578393149
-30,610,0,5.91904578393149
-10,610,0,5.91904578393149
10,610,0,5.91904578393149
30,610,0,5.91904578393149
50,610,0,5.91904578393149
70,610,0,5.91904578393149
90,610,0,5.91904578393149
110,610,0,5.91904578393149
130,610,0,5.91904578393149
150,610,0,5.91904578393149
170,610,0,5.91904578393149
190,610,0,5.91904578393149
210,610,0,5.91904578393149
230,610,0,5.91904578393149
250,610,0,5.91904578393149
270,610,0,5.91904578393149
290,610,0,5.91904578393149
310,610,0,5.91904578393149
330,610,0,5.91904578393149
350,610,0,5.91904578393149
370,610,0,5.91904578393149
390,610,0,5.91904578393149
410,610,0,5.91904578393149
430,610,0,5.91904578393149
450,610,0,5.91904578393149
470,610,0,5.91904578393149
490,610,0,5.91904578393149
510,610,0,5.91904578393149
530,610,0,5.91904578393149
550,610,0,5.91904578393149
570,610,0,5.91904578393149
590,610,0,5.91904578393149
610,610,0,5.91904578393149
630,610,0,5.91904578393149
650,610,0,5.91904578393149
670,610,0,5.91904578393149
690,610,0,5.91904578393149
710,610,0,5.91904578393149
730,610,0,5.91904578393149
750,610,0,5.91904578393149
770,610,0,5.91904578393149
790,610,0,5.91904578393149
-790,630,0,5.91904578393149
-770,630,0,5.91904578393149
-750,630,0,5.91904578393149
-730,630,0,5.91904578393149
-710,630,0,5.91904578393149
-690,630,0,5.91904578393149
-670,630,0,5.91904578393149
-650,630,0,5.91904578393149
-630,630,0,5.91904578393149
-610,630,0,5.91904578393149
-590,630,0,5.91904578393149
-570,630,0,5.91904578393149
-550,630,0,5.91904578393149
-530,630,0,5.91904578393149
-510,630,0,5.91904578393149
-490,630,0,5.91904578393149
-470,630,0,5.91904578393149
-450,630,0,5.91904578393149
-430,630,0,5.91904578393149
-410,630,0,5.91904578393149
-390,630,0,5.91904578393149
-370,630,0,5.91904578393149
-350,630,0,5.91904578393149
-330,630,0,5.91904578393149
-310,630,0,5.91904578393149
-290,630,0,5.91904578393149
-270,630,0,5.91904578393149
-250,630,0,5.91904578393149
-230,630,0,5.91904578393149
-210,630,0,5.91904578393149
-190,630,0,5.91904578393149
-170,630,0,5.91904578393149
-150,630,0,5.91904578393149
-130,630,0,5.91904578393149
-110,630,0,5.91904578393149
-90,630,0,5.91904578393149
-70,630,0,5.91904578393149
-50,630,0,5.91904578393149
-30,630,0,5.91904578393149
-10,630,0,5.91904578393149
10,630,0,5.91904578393149
30,630,0,5.91904578393149
50,630,0,5.91904578393149
70,630,0,5.91904578393149
90,630,0,5.91904578393149
110,630,0,5.91904578393149
130,630,0,5.91904578393149
150,630,0,5.91904578393149
170,630,0,5.91904578393149
190,630,0,5.91904578393149
210,630,0,5.91904578393149
230,630,0,5.91904578393149
250,630,0,5.91904578393149
270,630,0,5.91904578393149
290,630,0,5.91904578393149
310,630,0,5.91904578393149
330,630,0,5.91904578393149
350,630,0,5.91904578393149
370,630,0,5.91904578393149
390,630,0,5.91904578393149
410,630,0,5.91904578393149
430,630,0,5.91904578393149
450,630,0,5.91904578393149
470,630,0,5.91904578393149
490,630,0,5.91904578393149
510,630,0,5.91904578393149
530,630,0,5.91904578393149
550,630,0,5.91904578393149
570,630,0,5.91904578393149
590,630,0,5.91904578393149
610,630,0,5.91904578393149
630,630,0,5.91904578393149
650,630,0,5.91904578393149
670,630,0,5.91904578393149
690,630,0,5.91904578393149
710,630,0,5.91904578393149
730,630,0,5.91904578393149
750,630,0,5.91904578393149
770,630,0,5.91904578393149
790,630,0,5.91904578393149
-790,650,0,5.91904578393149
-770,650,0,5.91904578393149
-750,650,0,5.91904578393149
-730,650,0,5.91904578393149
-710,650,0,5.91904578393149
-690,650,0,5.91904578393149
-670,650,0,5.91904578393149
-650,650,0,5.91904578393149
-630,650,0,5.91904578393149
-610,650,0,5.91904578393149
-590,650,0,5.91904578393149
-570,650,0,5.91904578393149
-550,650,0,5.91904578393149
-530,650,0,5.91904578393149
-510,650,0,5.91904578393149
-490,650,0,5.91904578393149
-470,650,0,5.91904578393149
-450,650,0,5.91904578393149
-430,650,0,5.91904578393149
-410,650,0,5.91904578393149
-390,650,0,5.91904578393149
-370,650,0,5.91904578393149
-350,650,0,5.91904578393149
-330,650,0,5.91904578393149
-310,650,0,5.91904578393149
-290,650,0,5.91904578393149
-270,650,0,5.91904578393149
-250,650,0,5.91904578393149
-230,650,0,5.91904578393149
-210,650,0,5.91904578393149
-190,650,0,5.91904578393149
-170,650,0,5.91904578393149
-150,650,0,5.91904578393149
-130,650,0,5.91904578393149
-110,650,0,5.91904578393149
-90,650,0,5.91904578393149
-70,650,0,5.91904578393149
-50,650,0,5.91904578393149
-30,650,0,5.91904578393149
-10,650,0,5.91904578393149
10,650,0,5.91904578393149
30,650,0,5.91904578393149
50,650,0,5.91904578393149
70,650,0,5.91904578393149
90,650,0,5.91904578393149
110,650,0,5.91904578393149
130,650,0,5.91904578393149
150,650,0,5.91904578393149
170,650,0,5.91904578393149
190,650,0,5.91904578393149
210,650,0,5.91904578393149
230,650,0,5.91904578393149
250,650,0,5.91904578393149
270,650,0,5.91904578393149
290,650,0,5.91904578393149
310,650,0,5.91904578393149
330,650,0,5.91904578393149
350,650,0,5.91904578393149
370,650,0,5.91904578393149
390,650,0,5.91904578393149
410,650,0,5.91904578393149
430,650,0,5.91904578393149
450,650,0,5.91904578393149
470,650,0,5.91904578393149
490,650,0,5.91904578393149
510,650,0,5.91904578393149
530,650,0,5.91904578393149
550,650,0,5.91904578393149
570,650,0,5.91904578393149
590,650,0,5.91904578393149
610,650,0,5.91904578393149
630,650,0,5.91904578393149
650,650,0,5.91904578393149
670,650,0,5.91904578393149
690,650,0,5.91904578393149
710,650,0,5.91904578393149
730,650,0,5.91904578393149
750,650,0,5.91904578393149
770,650,0,5.91904578393149
790,650,0,5.91904578393149
-790,670,0,5.91904578393149
-770,670,0,5.91904578393149
-750,670,0,5.91904578393149
-730,670,0,5.91904578393149
-710,670,0,5.91904578393149
-690,670,0,5.91904578393149
-670,670,0,5.91904578393149
-650,670,0,5.91904578393149
-630,670,0,5.91904578393149
-610,670,0,5.91904578393149
-590,670,0,5.91904578393149
-570,670,0,5.91904578393149
-550,670,0,5.91904578393149
-530,670,0,5.91904578393149
-510,670,0,5.91904578393149
-490,670,0,5.91904578393149
-470,670,0,5.91904578393149
-450,670,0,5.91904578393149
-430,670,0,5.91904578393149
-410,670,0,5.91904578393149
-390,670,0,5.91904578393149
-370,670,0,5.91904578393149
-350,670,0,5.91904578393149
-330,670,0,5.91904578393149
-310,670,0,5.91904578393149
-290,670,0,5.91904578393149
-270,670,0,5.91904578393149
-250,670,0,5.91904578393149
-230,670,0,5.91904578393149
-210,670,0,5.91904578393149
-190,670,0,5.91904578393149
-170,670,0,5.91904578393149
-150,670,0,5.91904578393149
-130,670,0,5.91904578393149
-110,670,0,5.91904578393149
-90,670,0,5.91904578393149
-70,670,0,5.91904578393149
-50,670,0,5.91904578393149
-30,670,0,5.91904578393149
-10,670,0,5.91904578393149
10,670,0,5.91904578393149
30,670,0,5.91904578393149
50,670,0,5.91904578393149
70,670,0,5.91904578393149
90,670,0,5.91904578393149
110,670,0,5.91904578393149
130,670,0,5.91904578393149
150,670,0,5.91904578393149
170,670,0,5.91904578393149
190,670,0,5.91904578393149
210,670,0,5.91904578393149
230,670,0,5.91904578393149
250,670,0,5.91904578393149
270,670,0,5.91904578393149
290,670,0,5.91904578393149
310,670,0,5.91904578393149
330,670,0,5.91904578393149
350,670,0,5.91904578393149
370,670,0,5.91904578393149
390,670,0,5.91904578393149
410,670,0,5.91904578393149
430,670,0,5.91904578393149
450,670,0,5.91904578393149
470,670,0,5.91904578393149
490,670,0,5.91904578393149
510,670,0,5.91904578393149
530,670,0,5.91904578393149
550,670,0,5.91904578393149
570,670,0,5.91904578393149
590,670,0,5.91904578393149
610,670,0,5.91904578393149
630,670,0,5.91904578393149
650,670,0,5.91904578393149
670,670,0,5.91904578393149
690,670,0,5.91904578393149
710,670,0,5.91904578393149
730,670,0,5.91904578393149
750,670,0,5.91904578393149
770,670,0,5.91904578393149
790,670,0,5.91904578393149
-790,690,0,5.91904578393149
-770,690,0,5.91904578393149
-750,690,0,5.91904578393149
-730,690,0,5.91904578393149
-710,690,0,5.91904578393149
-690,690,0,5.91904578393149
-670,690,0,5.91904578393149
-650,690,0,5.91904578393149
-630,690,0,5.91904578393149
-610,690,0,5.91904578393149
-590,690,0,5.91904578393149
-570,690,0,5.91904578393149
-550,690,0,5.91904578393149
-530,690,0,5.91904578393149
-510,690,0,5.91904578393149
-490,690,0,5.91904578393149
-470,690,0,5.91904578393149
-450,690,0,5.91904578393149
-430,690,0,5.91904578393149
-410,690,0,5.91904578393149
-390,690,0,5.91904578393149
-370,690,0,5.91904578393149
-350,690,0,5.91904578393149
-330,690,0,5.91904578393149
-310,690,0,5.91904578393149
-290,690,0,5.91904578393149
-270,690,0,5.91904578393149
-250,690,0,5.91904578393149
-230,690,0,5.91904578393149
-210,690,0,5.91904578393149
-190,690,0,5.91904578393149
-170,690,0,5.91904578393149
-150,690,0,5.91904578393149
-130,690,0,5.91904578393149
-110,690,0,5.91904578393149
-90,690,0,5.91904578393149
-70,690,0,5.91904578393149
-50,690,0,5.91904578393149
-30,690,0,5.91904578393149
-10,690,0,5.91904578393149
10,690,0,5.91904578393149
30,690,0,5.91904578393149
50,690,0,5.91904578393149
70,690,0,5.91904578393149
90,690,0,5.91904578393149
110,690,0,5.91904578393149
130,690,0,5.91904578393149
150,690,0,5.91904578393149
170,690,0,5.91904578393149
190,690,0,5.91904578393149
210,690,0,5.91904578393149
230,690,0,5.91904578393149
250,690,0,5.91904578393149
270,690,0,5.91904578393149
290,690,0,5.91904578393149
310,690,0,5.91904578393149
330,690,0,5.91904578393149
350,690,0,5.91904578393149
370,690,0,5.91904578393149
390,690,0,5.91904578393149
410,690,0,5.91904578393149
430,690,0,5.91904578393149
450,690,0,5.91904578393149
470,690,0,5.91904578393149
490,690,0,5.91904578393149
510,690,0,5.91904578393149
530,690,0,5.91904578393149
550,690,0,5.91904578393149
570,690,0,5.91904578393149
590,690,0,5.91904578393149
610,690,0,5.91904578393149
630,690,0,5.91904578393149
650,690,0,5.91904578393149
670,690,0,5.91904578393149
690,690,0,5.91904578393149
710,690,0,5.91904578393149
730,690,0,5.91904578393149
750,690,0,5.91904578393149
770,690,0,5.91904578393149
790,690,0,5.91904578393149
-790,710,0,5.91904578393149
-770,710,0,5.91904578393149
-750,710,0,5.91904578393149
-730,710,0,5.91904578393149
-710,710,0,5.91904578393149
-690,710,0,5.91904578393149
-670,710,0,5.91904578393149
-650,710,0,5.91904578393149
-630,710,0,5.91904578393149
-610,710,0,5.91904578393149
-590,710,0,5.91904578393149
-570,710,0,5.91904578393149
-550,710,0,5.91904578393149
-530,710,0,5.91904578393149
-510,710,0,5.91904578393149
-490,710,0,5.91904578393149
-470,710,0,5.91904578393149
-450,710,0,5.91904578393149
-430,710,0,5.91904578393149
-410,710,0,5.91904578393149
-390,710,0,5.91904578393149
-370,710,0,5.91904578393149
-350,710,0,5.91904578393149
-330,710,0,5.91904578393149
-310,710,0,5.91904578393149
-290,710,0,5.91904578393149
-270,710,0,5.91904578393149
-250,710,0,5.91904578393149
-230,710,0,5.91904578393149
-210,710,0,5.91904578393149
-190,710,0,5.91904578393149
-170,710,0,5.91904578393149
-150,710,0,5.91904578393149
-130,710,0,5.91904578393149
-110,710,0,5.91904578393149
-90,710,0,5.91904578393149
-70,710,0,5.91904578393149
-50,710,0,5.91904578393149
-30,710,0,5.91904578393149
-10,710,0,5.91904578393149
10,710,0,5.91904578393149
30,710,0,5.91904578393149
50,710,0,5.91904578393149
70,710,0,5.91904578393149
90,710,0,5.91904578393149
110,710,0,5.91904578393149
130,710,0,5.91904578393149
150,710,0,5.91904578393149
170,710,0,5.91904578393149
190,710,0,5.91904578393149
210,710,0,5.91904578393149
230,710,0,5.91904578393149
250,710,0,5.91904578393149
270,710,0,5.91904578393149
290,710,0,5.91904578393149
310,710,0,5.91904578393149
330,710,0,5.91904578393149
350,710,0,5.91904578393149
370,710,0,5.91904578393149
390,710,0,5.91904578393149
410,710,0,5.91904578393149
430,710,0,5.91904578393149
450,710,0,5.91904578393149
470,710,0,5.91904578393149
490,710,0,5.91904578393149
510,710,0,5.91904578393149
530,710,0,5.91904578393149
550,710,0,5.91904578393149
570,710,0,5.91904578393149
590,710,0,5.91904578393149
610,710,0,5.91904578393149
630,710,0,5.91904578393149
650,710,0,5.91904578393149
670,710,0,5.91904578393149
690,710,0,5.91904578393149
710,710,0,5.91904578393149
730,710,0,5.91904578393149
750,710,0,5.91904578393149
770,710,0,5.91904578393149
790,710,0,5.91904578393149
-790,730,0,5.91904578393149
-770,730,0,5.91904578393149
-750,730,0,5.91904578393149
-730,730,0,5.91904578393149
-710,730,0,5.91904578393149
-690,730,0,5.91904578393149
-670,730,0,5.91904578393149
-650,730,0,5.91904578393149
-630,730,0,5.91904578393149
-610,730,0,5.91904578393149
-590,730,0,5.91904578393149
-570,730,0,5.91904578393149
-550,730,0,5.91904578393149
-530,730,0,5.91904578393149
-510,730,0,5.91904578393149
-490,730,0,5.91904578393149
-470,730,0,5.91904578393149
-450,730,0,5.91904578393149
-430,730,0,5.91904578393149
-410,730,0,5.91904578393149
-390,730,0,5.91904578393149
-370,730,0,5.91904578393149
-350,730,0,5.91904578393149
-330,730,0,5.91904578393149
-310,730,0,5.91904578393149
-290,730,0,5.91904578393149
-270,730,0,5.91904578393149
-250,730,0,5.91904578393149
-230,730,0,5.91904578393149
-210,730,0,5.91904578393149
-190,730,0,5.91904578393149
-170,730,0,5.91904578393149
-150,730,0,5.91904578393149
-130,730,0,5.91904578393149
-110,730,0,5.91904578393149
-90,730,0,5.91904578393149
-70,730,0,5.91904578393149
-50,730,0,5.91904578393149
-30,730,0,5.91904578393149
-10,730,0,5.91904578393149
10,730,0,5.91904578393149
30,730,0,5.91904578393149
50,730,0,5.91904578393149
70,730,0,5.91904578393149
90,730,0,5.91904578393149
110,730,0,5.91904578393149
130,730,0,5.91904578393149
150,730,0,5.91904578393149
170,730,0,5.91904578393149
190,730,0,5.91904578393149
210,730,0,5.91904578393149
230,730,0,5.91904578393149
250,730,0,5.91904578393149
270,730,0,5.91904578393149
290,730,0,5.91904578393149
310,730,0,5.91904578393149
330,730,0,5.91904578393149
350,730,0,5.91904578393149
370,730,0,5.91904578393149
390,730,0,5.91904578393149
410,730,0,5.91904578393149
430,730,0,5.91904578393149
450,730,0,5.91904578393149
470,730,0,5.91904578393149
490,730,0,5.91904578393149
510,730,0,5.91904578393149
530,730,0,5.91904578393149
550,730,0,5.91904578393149
570,730,0,5.91904578393149
590,730,0,5.91904578393149
610,730,0,5.91904578393149
630,730,0,5.91904578393149
650,730,0,5.91904578393149
670,730,0,5.91904578393149
690,730,0,5.91904578393149
710,730,0,5.91904578393149
730,730,0,5.91904578393149
750,730,0,5.91904578393149
770,730,0,5.91904578393149
790,730,0,5.91904578393149
-790,750,0,5.91904578393149
-770,750,0,5.91904578393149
-750,750,0,5.91904578393149
-730,750,0,5.91904578393149
-710,750,0,5.91904578393149
-690,750,0,5.91904578393149
-670,750,0,5.91904578393149
-650,750,0,5.91904578393149
-630,750,0,5.91904578393149
-610,750,0,5.91904578393149
-590,750,0,5.91904578393149
-570,750,0,5.91904578393149
-550,750,0,5.91904578393149
-530,750,0,5.91904578393149
-510,750,0,5.91904578393149
-490,750,0,5.91904578393149
-470,750,0,5.91904578393149
-450,750,0,5.91904578393149
-430,750,0,5.91904578393149
-410,750,0,5.91904578393149
-390,750,0,5.91904578393149
-370,750,0,5.91904578393149
-350,750,0,5.91904578393149
-330,750,0,5.91904578393149
-310,750,0,5.91904578393149
-290,750,0,5.91904578393149
-270,750,0,5.91904578393149
-250,750,0,5.91904578393149
-230,750,0,5.91904578393149
-210,750,0,5.91904578393149
-190,750,0,5.91904578393149
-170,750,0,5.91904578393149
-150,750,0,5.91904578393149
-130,750,0,5.91904578393149
-110,750,0,5.91904578393149
-90,750,0,5.91904578393149
-70,750,0,5.91904578393149
-50,750,0,5.91904578393149
-30,750,0,5.91904578393149
-10,750,0,5.91904578393149
10,750,0,5.91904578393149
30,750,0,5.91904578393149
50,750,0,5.91904578393149
70,750,0,5.91904578393149
90,750,0,5.91904578393149
110,750,0,5.91904578393149
130,750,0,5.91904578393149
150,750,0,5.91904578393149
170,750,0,5.91904578393149
190,750,0,5.91904578393149
210,750,0,5.91904578393149
230,750,0,5.91904578393149
250,750,0,5.91904578393149
270,750,0,5.91904578393149
290,750,0,5.91904578393149
310,750,0,5.91904578393149
330,750,0,5.91904578393149
350,750,0,5.91904578393149
370,750,0,5.91904578393149
390,750,0,5.91904578393149
410,750,0,5.91904578393149
430,750,0,5.91904578393149
450,750,0,5.91904578393149
470,750,0,5.91904578393149
490,750,0,5.91904578393149
510,750,0,5.91904578393149
530,750,0,5.91904578393149
550,750,0,5.91904578393149
570,750,0,5.91904578393149
590,750,0,5.91904578393149
610,750,0,5.91904578393149
630,750,0,5.91904578393149
650,750,0,5.91904578393149
670,750,0,5.91904578393149
690,750,0,5.91904578393149
710,750,0,5.91904578393149
730,750,0,5.91904578393149
750,750,0,5.91904578393149
770,750,0,5.91904578393149
790,750,0,5.91904578393149
-790,770,0,5.91904578393149
-770,770,0,5.91904578393149
-750,770,0,5.91904578393149
-730,770,0,5.91904578393149
-710,770,0,5.91904578393149
-690,770,0,5.91904578393149
-670,770,0,5.91904578393149
-650,770,0,5.91904578393149
-630,770,0,5.91904578393149
-610,770,0,5.91904578393149
-590,770,0,5.91904578393149
-570,770,0,5.91904578393149
-550,770,0,5.91904578393149
-530,770,0,5.91904578393149
-510,770,0,5.91904578393149
-490,770,0,5.91904578393149
-470,770,0,5.91904578393149
-450,770,0,5.91904578393149
-430,770,0,5.91904578393149
-410,770,0,5.91904578393149
-390,770,0,5.91904578393149
-370,770,0,5.91904578393149
-350,770,0,5.91904578393149
-330,770,0,5.91904578393149
-310,770,0,5.91904578393149
-290,770,0,5.91904578393149
-270,770,0,5.91904578393149
-250,770,0,5.91904578393149
-230,770,0,5.91904578393149
-210,770,0,5.91904578393149
-190,770,0,5.91904578393149
-170,770,0,5.91904578393149
-150,770,0,5.91904578393149
-130,770,0,5.91904578393149
-110,770,0,5.91904578393149
-90,770,0,5.91904578393149
-70,770,0,5.91904578393149
-50,770,0,5.91904578393149
-30,770,0,5.91904578393149
-10,770,0,5.91904578393149
10,770,0,5.91904578393149
30,770,0,5.91904578393149
50,770,0,5.91904578393149
70,770,0,5.91904578393149
90,770,0,5.91904578393149
110,770,0,5.91904578393149
130,770,0,5.91904578393149
150,770,0,5.91904578393149
170,770,0,5.91904578393149
190,770,0,5.91904578393149
210,770,0,5.91904578393149
230,770,0,5.91904578393149
250,770,0,5.91904578393149
270,770,0,5.91904578393149
290,770,0,5.91904578393149
310,770,0,5.91904578393149
330,770,0,5.91904578393149
350,770,0,5.91904578393149
370,770,0,5.91904578393149
390,770,0,5.91904578393149
410,770,0,5.91904578393149
430,770,0,5.91904578393149
450,770,0,5.91904578393149
470,770,0,5.91904578393149
490,770,0,5.91904578393149
510,770,0,5.91904578393149
530,770,0,5.91904578393149
550,770,0,5.91904578393149
570,770,0,5.91904578393149
590,770,0,5.91904578393149
610,770,0,5.91904578393149
630,770,0,5.91904578393149
650,770,0,5.91904578393149
670,770,0,5.91904578393149
690,770,0,5.91904578393149
710,770,0,5.91904578393149
730,770,0,5.91904578393149
750,770,0,5.91904578393149
770,770,0,5.91904578393149
790,770,0,5.91904578393149
-790,790,0,5.91904578393149
-770,790,0,5.91904578393149
-750,790,0,5.91904578393149
-730,790,0,5.91904578393149
-710,790,0,5.91904578393149
-690,790,0,5.91904578393149
-670,790,0,5.91904578393149
-650,790,0,5.91904578393149
-630,790,0,5.91904578393149
-610,790,0,5.91904578393149
-590,790,0,5.91904578393149
-570,790,0,5.91904578393149
-550,790,0,5.91904578393149
-530,790,0,5.91904578393149
-510,790,0,5.91904578393149
-490,790,0,5.91904578393149
-470,790,0,5.91904578393149
-450,790,0,5.91904578393149
-430,790,0,5.91904578393149
-410,790,0,5.91904578393149
-390,790,0,5.91904578393149
-370,790,0,5.91904578393149
-350,790,0,5.91904578393149
-330,790,0,5.91904578393149
-310,790,0,5.91904578393149
-290,790,0,5.91904578393149
-270,790,0,5.91904578393149
-250,790,0,5.91904578393149
-230,790,0,5.91904578393149
-210,790,0,5.91904578393149
-190,790,0,5.91904578393149
-170,790,0,5.91904578393149
-150,790,0,5.91904578393149
-130,790,0,5.91904578393149
-110,790,0,5.91904578393149
-90,790,0,5.91904578393149
-70,790,0,5.91904578393149
-50,790,0,5.91904578393149
-30,790,0,5.91904578393149
-10,790,0,5.91904578393149
10,790,0,5.91904578393149
30,790,0,5.91904578393149
50,790,0,5.91904578393149
70,790,0,5.91904578393149
90,790,0,5.91904578393149
110,790,0,5.91904578393149
130,790,0,5.91904578393149
150,790,0,5.91904578393149
170,790,0,5.91904578393149
190,790,0,5.91904578393149
210,790,0,5.91904578393149
230,790,0,5.91904578393149
250,790,0,5.91904578393149
270,790,0,5.91904578393149
290,790,0,5.91904578393149
310,790,0,5.91904578393149
330,790,0,5.91904578393149
350,790,0,5.91904578393149
370,790,0,5.91904578393149
390,790,0,5.91904578393149
410,790,0,5.91904578393149
430,790,0,5.91904578393149
450,790,0,5.91904578393149
470,790,0,5.91904578393149
490,790,0,5.91904578393149
510,790,0,5.91904578393149
530,790,0,5.91904578393149
550,790,0,5.91904578393149
570,790,0,5.91904578393149
590,790,0,5.91904578393149
610,790,0,5.91904578393149
630,790,0,5.91904578393149
650,790,0,5.91904578393149
670,790,0,5.91904578393149
690,790,0,5.91904578393149
710,790,0,5.91904578393149
730,790,0,5.91904578393149
750,790,0,5.91904578393149
770,790,0,5.91904578393149
790,790,0,5.91904578393149
